rank,rank_score,probability_score,code,name,current_stage,latest_date,latest_close,current_low_date,current_low_price,current_low_to_latest_pct,current_low_to_high_pct,current_drawdown_pct,current_is_bottom_confirmed,latest_pct_chg,latest_turn,historical_valid_event_count,history_sample_count,history_success_count,history_success_rate_pct,history_avg_rebound_pct,history_max_rebound_pct,upside_to_20pct_target_pct,risk_back_to_low_pct,reason
1,91.64466612814768,81.89533808765832,605133,嵘泰股份,bottom_area,2024-02-05,16.67,2024-02-05,16.43,1.4607425441266098,9.86001217285454,27.171985815602834,False,-8.3562,5.7175,2,2,2,100.0,48.8485542379945,60.01483679525222,13.539257455873392,1.4607425441266098,历史2/2次成功; 当前距低点1.46%; 最新日涨幅-8.36%; 状态bottom_area; 底部未确认
2,89.41861343342894,80.56346022100188,300382,斯莱克,bottom_area,2024-02-05,5.9,2024-02-05,5.79,1.8998272884283303,13.298791018998266,29.56204379562044,False,-11.2782,1.8865,3,3,3,100.0,30.403583003325068,49.70059880239522,13.10017271157167,1.8998272884283303,历史3/3次成功; 当前距低点1.90%; 最新日涨幅-11.28%; 状态bottom_area; 底部未确认
3,86.74259481143619,77.34400816384269,603171,税友股份,bottom_area,2024-02-05,21.89,2024-02-05,21.6,1.3425925925925886,11.0648148148148,28.07192807192807,False,-8.7917,4.3171,2,2,2,100.0,22.930748790074055,25.396825396825395,13.65740740740741,1.3425925925925886,历史2/2次成功; 当前距低点1.34%; 最新日涨幅-8.79%; 状态bottom_area; 底部未确认
4,86.20641117953639,77.0191293244103,002026,山东威达,bottom_area,2024-02-05,6.3,2024-02-05,6.21,1.4492753623188384,9.82286634460548,29.028571428571432,False,-8.6957,2.4756,2,2,2,100.0,22.49181263708199,29.397590361445776,13.55072463768116,1.4492753623188384,历史2/2次成功; 当前距低点1.45%; 最新日涨幅-8.70%; 状态bottom_area; 底部未确认
5,85.69651158562401,74.51870572662958,000619,海螺新材,bottom_area,2024-02-05,4.46,2024-02-05,4.46,0.0,11.659192825112118,31.278890600924502,False,-9.899,4.2322,3,3,3,100.0,26.71347164854606,32.01692524682651,15.0,0.0,历史3/3次成功; 当前距低点0.00%; 最新日涨幅-9.90%; 状态bottom_area; 底部未确认
6,85.61548779686473,74.44825025814325,600135,乐凯胶片,bottom_area,2024-02-05,5.24,2024-02-05,5.24,0.0,10.305343511450381,29.093369418132603,False,-9.9656,1.9822,2,2,2,100.0,43.00134547388843,56.981132075471706,15.0,0.0,历史2/2次成功; 当前距低点0.00%; 最新日涨幅-9.97%; 状态bottom_area; 底部未确认
7,85.52487151615806,74.36945349231137,605208,永茂泰,bottom_area,2024-02-05,5.9,2024-02-05,5.9,0.0,11.016949152542363,31.949250288350626,False,-10.061,3.1923,3,3,3,100.0,25.911040281243864,46.887631366208595,15.0,0.0,历史3/3次成功; 当前距低点0.00%; 最新日涨幅-10.06%; 状态bottom_area; 底部未确认
8,85.50649672131146,74.35347540983607,002636,金安国纪,bottom_area,2024-02-05,5.4,2024-02-05,5.4,0.0,11.296296296296285,29.961089494163417,False,-10.0,1.3756,2,2,2,100.0,42.49180327868853,69.0,15.0,0.0,历史2/2次成功; 当前距低点0.00%; 最新日涨幅-10.00%; 状态bottom_area; 底部未确认
9,85.30940809195158,76.47189078366874,300667,必创科技,confirmed_rebound,2024-02-05,9.99,2024-02-05,9.83,1.6276703967446606,17.395727365208536,31.21063680895731,False,-13.9535,4.3377,2,2,2,100.0,31.951501549712724,36.615811373092924,13.37232960325534,1.6276703967446606,历史2/2次成功; 当前距低点1.63%; 最新日涨幅-13.95%; 状态confirmed_rebound; 底部未确认
10,85.06407153776281,76.60982426433671,603200,上海洗霸,bottom_area,2024-02-05,14.1,2024-02-05,13.84,1.8786127167630042,10.549132947976885,31.349206349206348,False,-8.3225,3.4164,2,2,2,100.0,25.55409278793739,32.93196869355809,13.121387283236995,1.8786127167630042,历史2/2次成功; 当前距低点1.88%; 最新日涨幅-8.32%; 状态bottom_area; 底部未确认
11,85.06230923133053,75.13901836181073,300545,联得装备,bottom_area,2024-02-05,20.38,2024-02-05,20.21,0.8411677387431873,13.458683819891137,28.001425008906306,False,-11.6219,5.3576,3,3,3,100.0,28.101509710458018,41.33891213389123,14.158832261256812,0.8411677387431873,历史3/3次成功; 当前距低点0.84%; 最新日涨幅-11.62%; 状态bottom_area; 底部未确认
12,84.94851523578492,76.66378041227992,603198,迎驾贡酒,bottom_area,2024-02-05,49.22,2024-02-05,48.26,1.9892250310816428,6.299212598425195,28.51429417864021,False,-1.9912,0.7624,1,1,1,100.0,33.65168539325842,33.65168539325842,13.010774968918357,1.9892250310816428,历史1/1次成功; 当前距低点1.99%; 最新日涨幅-1.99%; 状态bottom_area; 底部未确认
13,84.9296396311646,76.26095917225952,600215,派斯林,bottom_area,2024-02-05,6.51,2024-02-05,6.4,1.7187499999999911,9.374999999999995,30.810810810810807,False,-8.4388,2.1253,2,2,2,100.0,21.718866517524237,23.993288590604024,13.281250000000009,1.7187499999999911,历史2/2次成功; 当前距低点1.72%; 最新日涨幅-8.44%; 状态bottom_area; 底部未确认
14,84.6558542108988,73.61378627034678,002631,德尔未来,bottom_area,2024-02-05,4.12,2024-02-05,4.12,0.0,10.436893203883487,27.845884413309978,False,-10.0437,1.2575,2,2,2,100.0,38.51497994810097,47.77070063694268,15.0,0.0,历史2/2次成功; 当前距低点0.00%; 最新日涨幅-10.04%; 状态bottom_area; 底部未确认
15,84.3510736680688,73.34875971136418,605155,西大门,bottom_area,2024-02-05,10.67,2024-02-05,10.67,0.0,12.089971883786326,31.027795733678087,False,-10.0337,1.7885,2,2,2,100.0,37.09010597507621,57.16054477919933,15.0,0.0,历史2/2次成功; 当前距低点0.00%; 最新日涨幅-10.03%; 状态bottom_area; 底部未确认
16,84.2923978572623,73.29773726718462,600203,福日电子,bottom_area,2024-02-05,4.46,2024-02-05,4.46,0.0,10.538116591928246,31.172839506172846,False,-10.0806,2.6602,3,3,3,100.0,20.149125092390385,24.045801526717554,15.0,0.0,历史3/3次成功; 当前距低点0.00%; 最新日涨幅-10.08%; 状态bottom_area; 底部未确认
17,84.24700086058519,73.25826161790017,002657,中科金财,bottom_area,2024-02-05,11.42,2024-02-05,11.42,0.0,11.208406304728541,32.86302175191065,False,-10.0079,4.5352,2,2,2,100.0,36.60355708548481,56.540447504302946,15.0,0.0,历史2/2次成功; 当前距低点0.00%; 最新日涨幅-10.01%; 状态bottom_area; 底部未确认
18,84.21216416358953,73.22796883790394,002350,北京科锐,bottom_area,2024-02-05,4.17,2024-02-05,4.17,0.0,12.230215827338125,30.383973288814698,False,-9.9352,1.8896,3,3,3,100.0,19.774026010236266,23.07692307692308,15.0,0.0,历史3/3次成功; 当前距低点0.00%; 最新日涨幅-9.94%; 状态bottom_area; 底部未确认
19,84.15574147809102,76.07319005056955,002779,中坚科技,bottom_area,2024-02-05,21.13,2024-02-05,20.7,2.0772946859903367,12.657004830917879,29.782903663500683,False,-8.1304,1.7416,2,2,2,100.0,25.1044190033737,29.818594104308378,12.922705314009663,2.0772946859903367,历史2/2次成功; 当前距低点2.08%; 最新日涨幅-8.13%; 状态bottom_area; 底部未确认
20,84.09898755006654,73.68428287051579,002755,奥赛康,bottom_area,2024-02-05,7.45,2024-02-05,7.42,0.4043126684636152,10.916442048517528,27.397260273972606,False,-9.5874,0.8473,2,2,2,100.0,31.59202018609052,32.35294117647059,14.595687331536384,0.4043126684636152,历史2/2次成功; 当前距低点0.40%; 最新日涨幅-9.59%; 状态bottom_area; 底部未确认
21,84.0824330952337,73.1151592132467,605228,神通科技,bottom_area,2024-02-05,7.51,2024-02-05,7.51,0.0,11.051930758988018,27.649325626204245,False,-9.952,1.2252,3,3,3,100.0,19.167522651864033,20.32967032967033,15.0,0.0,历史3/3次成功; 当前距低点0.00%; 最新日涨幅-9.95%; 状态bottom_area; 底部未确认
22,84.04078321515995,73.07894192622605,001210,金房能源,bottom_area,2024-02-05,13.82,2024-02-05,13.82,0.0,10.926193921852386,28.02083333333333,False,-9.9674,4.2981,2,2,2,100.0,35.639472721645426,38.131313131313135,15.0,0.0,历史2/2次成功; 当前距低点0.00%; 最新日涨幅-9.97%; 状态bottom_area; 底部未确认
23,84.02537666371951,76.083984633655,300510,金冠股份,bottom_area,2024-02-05,3.77,2024-02-05,3.69,2.168021680216804,13.008130081300811,29.445506692160617,False,-10.6635,2.5608,2,2,2,100.0,26.274591744888774,30.519480519480524,12.831978319783193,2.168021680216804,历史2/2次成功; 当前距低点2.17%; 最新日涨幅-10.66%; 状态bottom_area; 底部未确认
24,83.85481399834151,72.91722956377524,002169,智光电气,bottom_area,2024-02-05,4.45,2024-02-05,4.45,0.0,10.561797752808982,28.2258064516129,False,-9.919,2.0102,3,3,3,100.0,18.103384751479755,20.402298850574724,15.0,0.0,历史3/3次成功; 当前距低点0.00%; 最新日涨幅-9.92%; 状态bottom_area; 底部未确认
25,83.8242089256407,72.89061645707888,002802,洪汇新材,bottom_area,2024-02-05,7.88,2024-02-05,7.88,0.0,9.51776649746194,30.017761989342805,False,-9.9429,1.7411,3,3,3,100.0,17.96030353268211,20.65637065637066,15.0,0.0,历史3/3次成功; 当前距低点0.00%; 最新日涨幅-9.94%; 状态bottom_area; 底部未确认
26,83.6213647005536,75.7331660607505,002054,德美化工,bottom_area,2024-02-05,4.69,2024-02-05,4.59,2.1786492374727784,10.239651416122,28.39313572542902,False,-8.0392,2.6264,1,1,1,100.0,41.18541033434649,41.18541033434649,12.82135076252722,2.1786492374727784,历史1/1次成功; 当前距低点2.18%; 最新日涨幅-8.04%; 状态bottom_area; 底部未确认
27,83.62079167898315,72.71373189476796,000663,永安林业,bottom_area,2024-02-05,5.54,2024-02-05,5.54,0.0,10.108303249097466,31.604938271604933,False,-10.0649,4.9165,2,2,2,100.0,33.67597792885999,50.39215686274511,15.0,0.0,历史2/2次成功; 当前距低点0.00%; 最新日涨幅-10.06%; 状态bottom_area; 底部未确认
28,83.60874200555995,76.58196349414219,300542,新晨科技,bottom_area,2024-02-05,8.49,2024-02-05,8.26,2.784503631961264,11.380145278450357,28.04878048780488,False,-7.1116,4.0475,3,3,3,100.0,19.842106317278887,22.574955908289247,12.215496368038735,2.784503631961264,历史3/3次成功; 当前距低点2.78%; 最新日涨幅-7.11%; 状态bottom_area; 底部未确认
29,83.5475,72.65,000151,中成股份,bottom_area,2024-02-05,9.67,2024-02-05,9.67,0.0,7.032057911065147,31.46704464918497,False,-9.9628,9.5604,1,1,1,100.0,191.97080291970806,191.97080291970806,15.0,0.0,历史1/1次成功; 当前距低点0.00%; 最新日涨幅-9.96%; 状态bottom_area; 底部未确认
30,83.5475,72.65,000565,渝三峡A,bottom_area,2024-02-05,4.0,2024-02-05,4.0,0.0,11.00000000000001,32.088285229202036,False,-9.9099,2.3096,1,1,1,100.0,57.568807339449535,57.568807339449535,15.0,0.0,历史1/1次成功; 当前距低点0.00%; 最新日涨幅-9.91%; 状态bottom_area; 底部未确认
31,83.5475,72.65,002388,新亚制程,bottom_area,2024-02-05,3.52,2024-02-05,3.52,0.0,10.51136363636364,30.297029702970296,False,-9.9744,2.151,1,1,1,100.0,50.505050505050505,50.505050505050505,15.0,0.0,历史1/1次成功; 当前距低点0.00%; 最新日涨幅-9.97%; 状态bottom_area; 底部未确认
32,83.5475,72.65,002686,亿利达,bottom_area,2024-02-05,4.34,2024-02-05,4.34,0.0,10.829493087557598,29.200652528548126,False,-9.9585,2.8135,1,1,1,100.0,75.68181818181817,75.68181818181817,15.0,0.0,历史1/1次成功; 当前距低点0.00%; 最新日涨幅-9.96%; 状态bottom_area; 底部未确认
33,83.5475,72.65,002836,新宏泽,bottom_area,2024-02-05,5.49,2024-02-05,5.49,0.0,10.01821493624772,32.967032967032964,False,-10.0,0.8989,1,1,1,100.0,59.30851063829788,59.30851063829788,15.0,0.0,历史1/1次成功; 当前距低点0.00%; 最新日涨幅-10.00%; 状态bottom_area; 底部未确认
34,83.5475,72.65,600172,黄河旋风,bottom_area,2024-02-05,2.34,2024-02-05,2.34,0.0,10.256410256410266,29.305135951661637,False,-10.0,2.8605,1,1,1,100.0,51.074589127686465,51.074589127686465,15.0,0.0,历史1/1次成功; 当前距低点0.00%; 最新日涨幅-10.00%; 状态bottom_area; 底部未确认
35,83.54137807670293,72.64467658843733,605258,协和电子,bottom_area,2024-02-05,16.75,2024-02-05,16.75,0.0,8.89552238805969,31.098313451254622,False,-9.9946,1.4172,1,1,1,100.0,49.971379507727534,49.971379507727534,15.0,0.0,历史1/1次成功; 当前距低点0.00%; 最新日涨幅-9.99%; 状态bottom_area; 底部未确认
36,83.44326023391812,72.5593567251462,002790,瑞尔特,bottom_area,2024-02-05,7.88,2024-02-05,7.88,0.0,11.040609137055839,29.893238434163706,False,-9.9429,2.335,1,1,1,100.0,49.512670565302145,49.512670565302145,15.0,0.0,历史1/1次成功; 当前距低点0.00%; 最新日涨幅-9.94%; 状态bottom_area; 底部未确认
37,83.4167149900806,73.43223947447,000628,高新发展,bottom_area,2024-02-05,33.71,2024-02-05,33.49,0.6569125111973689,9.495371752762019,30.403158769742305,False,-7.4155,13.5339,1,1,1,100.0,99.77973568281939,99.77973568281939,14.343087488802631,0.6569125111973689,历史1/1次成功; 当前距低点0.66%; 最新日涨幅-7.42%; 状态bottom_area; 底部未确认
38,83.11190754043861,72.27122394820749,002722,物产金轮,bottom_area,2024-02-05,10.22,2024-02-05,10.22,0.0,10.567514677103718,28.17990161630358,False,-10.0352,2.3918,2,2,2,100.0,31.296902947352045,44.886363636363626,15.0,0.0,历史2/2次成功; 当前距低点0.00%; 最新日涨幅-10.04%; 状态bottom_area; 底部未确认
39,82.98328335906984,73.65796797265006,605128,上海沿浦,bottom_area,2024-02-05,34.0,2024-02-05,33.63,1.1002081474873546,10.793933987511137,31.029532403609505,False,-9.0179,2.1255,1,1,1,100.0,16.80883090817863,16.80883090817863,13.899791852512644,1.1002081474873546,历史1/1次成功; 当前距低点1.10%; 最新日涨幅-9.02%; 状态bottom_area; 底部未确认
40,82.83449999999999,72.03,002480,新筑股份,bottom_area,2024-02-05,3.38,2024-02-05,3.38,0.0,11.242603550295856,27.467811158798288,False,-10.1064,1.8587,1,1,1,100.0,46.666666666666664,46.666666666666664,15.0,0.0,历史1/1次成功; 当前距低点0.00%; 最新日涨幅-10.11%; 状态bottom_area; 底部未确认
41,82.65654451803852,71.8752561026422,601086,国芳集团,bottom_area,2024-02-05,3.75,2024-02-05,3.75,0.0,10.399999999999991,28.842504743833015,False,-10.0719,2.9397,2,2,2,100.0,29.168043562592505,33.48946135831383,15.0,0.0,历史2/2次成功; 当前距低点0.00%; 最新日涨幅-10.07%; 状态bottom_area; 底部未确认
42,82.65625,71.875,000957,中通客车,bottom_area,2024-02-05,6.02,2024-02-05,6.02,0.0,11.129568106312307,29.009433962264158,False,-10.0149,2.7516,3,4,3,75.0,132.3344468028054,354.54545454545456,15.0,0.0,历史3/4次成功; 当前距低点0.00%; 最新日涨幅-10.01%; 状态bottom_area; 底部未确认
43,82.51443004626455,71.75167830109962,600148,长春一东,bottom_area,2024-02-05,11.45,2024-02-05,11.45,0.0,9.08296943231442,28.837787445618403,False,-9.9843,2.1956,2,2,2,100.0,28.503646780105495,40.489130434782616,15.0,0.0,历史2/2次成功; 当前距低点0.00%; 最新日涨幅-9.98%; 状态bottom_area; 底部未确认
44,82.37794455062212,71.63299526141054,001234,泰慕士,bottom_area,2024-02-05,15.53,2024-02-05,15.53,0.0,10.753380553766902,29.151459854014604,False,-9.971,7.7964,2,2,2,100.0,27.86556592156205,31.93277310924369,15.0,0.0,历史2/2次成功; 当前距低点0.00%; 最新日涨幅-9.97%; 状态bottom_area; 底部未确认
45,82.187023965224,73.46774563250924,603005,晶方科技,bottom_area,2024-02-05,13.73,2024-02-05,13.53,1.4781966001478277,11.01256467110126,28.639240506329124,False,-8.6494,5.0207,3,4,3,75.0,24.586203660463905,31.53503893214682,13.521803399852173,1.4781966001478277,历史3/4次成功; 当前距低点1.48%; 最新日涨幅-8.65%; 状态bottom_area; 底部未确认
46,81.99272026431717,71.29801762114538,002358,森源电气,bottom_area,2024-02-05,2.93,2024-02-05,2.93,0.0,10.921501706484635,29.904306220095684,False,-10.1227,2.645,1,1,1,100.0,42.73127753303966,42.73127753303966,15.0,0.0,历史1/1次成功; 当前距低点0.00%; 最新日涨幅-10.12%; 状态bottom_area; 底部未确认
47,81.97914802518821,71.28621567407671,002436,兴森科技,bottom_area,2024-02-05,8.72,2024-02-05,8.72,0.0,11.009174311926593,29.22077922077922,False,-10.0103,4.4192,2,2,2,100.0,26.001159538046814,30.59360730593607,15.0,0.0,历史2/2次成功; 当前距低点0.00%; 最新日涨幅-10.01%; 状态bottom_area; 底部未确认
48,81.87049440891818,74.73894698421067,000811,冰轮环境,bottom_area,2024-02-05,9.06,2024-02-05,8.83,2.6047565118912845,11.438278595696486,29.190056134723342,False,-7.4566,2.5258,2,2,2,100.0,24.396730275929013,27.994791666666675,12.395243488108715,2.6047565118912845,历史2/2次成功; 当前距低点2.60%; 最新日涨幅-7.46%; 状态bottom_area; 底部未确认
49,81.86630584741891,71.18809204123384,601020,华钰矿业,bottom_area,2024-02-05,6.64,2024-02-05,6.64,0.0,10.692771084337348,30.688935281837164,False,-10.0271,3.7224,2,2,2,100.0,25.473613124913108,26.324110671936758,15.0,0.0,历史2/2次成功; 当前距低点0.00%; 最新日涨幅-10.03%; 状态bottom_area; 底部未确认
50,81.80502286902286,71.1348024948025,001218,丽臣实业,bottom_area,2024-02-05,14.44,2024-02-05,14.44,0.0,10.595567867036019,28.26626924987581,False,-9.9751,3.3951,2,2,2,100.0,25.18711018711019,29.999999999999993,15.0,0.0,历史2/2次成功; 当前距低点0.00%; 最新日涨幅-9.98%; 状态bottom_area; 底部未确认
51,81.75568379790941,71.09189895470384,000042,中洲控股,bottom_area,2024-02-05,4.01,2024-02-05,4.01,0.0,13.216957605985044,32.83082077051927,False,-10.0897,1.7271,2,2,2,100.0,24.956445993031362,28.57142857142858,15.0,0.0,历史2/2次成功; 当前距低点0.00%; 最新日涨幅-10.09%; 状态bottom_area; 底部未确认
52,81.66554721030043,71.01351931330473,603011,合锻智能,bottom_area,2024-02-05,4.77,2024-02-05,4.77,0.0,9.853249475891,29.33333333333334,False,-10.0,3.1054,1,1,1,100.0,41.201716738197426,41.201716738197426,15.0,0.0,历史1/1次成功; 当前距低点0.00%; 最新日涨幅-10.00%; 状态bottom_area; 底部未确认
53,81.63197761194031,70.98432835820897,600212,绿能慧充,bottom_area,2024-02-05,4.7,2024-02-05,4.7,0.0,10.425531914893622,28.244274809160302,False,-9.9617,3.0782,1,1,1,100.0,41.044776119403,41.044776119403,15.0,0.0,历史1/1次成功; 当前距低点0.00%; 最新日涨幅-9.96%; 状态bottom_area; 底部未确认
54,81.52557578155917,75.17428571428572,301381,赛维时代,bottom_area,2024-02-05,21.66,2024-02-05,21.0,3.1428571428571437,12.142857142857148,29.26911417985854,False,-7.1979,8.2611,1,1,1,100.0,66.46875000000001,66.46875000000001,11.857142857142854,3.1428571428571437,历史1/1次成功; 当前距低点3.14%; 最新日涨幅-7.20%; 状态bottom_area; 底部未确认
55,81.46606091525248,74.57138315405072,300351,永贵电器,bottom_area,2024-02-05,12.33,2024-02-05,12.0,2.750000000000001,14.916666666666659,30.354033662217066,False,-9.7365,6.4698,2,2,2,100.0,25.27625351640169,33.447979363714516,12.249999999999998,2.750000000000001,历史2/2次成功; 当前距低点2.75%; 最新日涨幅-9.74%; 状态bottom_area; 底部未确认
56,81.41966700819674,75.1137704918033,300660,江苏雷利,bottom_area,2024-02-05,18.88,2024-02-05,18.3,3.169398907103816,14.371584699453546,27.639383155397386,False,-8.6599,2.1992,1,1,1,100.0,68.44876468205752,68.44876468205752,11.830601092896185,3.169398907103816,历史1/1次成功; 当前距低点3.17%; 最新日涨幅-8.66%; 状态bottom_area; 底部未确认
57,81.37163513513514,70.75794359576969,603311,金海高科,bottom_area,2024-02-05,7.09,2024-02-05,7.09,0.0,11.283497884344145,29.38247011952191,False,-10.0254,1.0797,2,2,2,100.0,23.16098707403056,26.75675675675676,15.0,0.0,历史2/2次成功; 当前距低点0.00%; 最新日涨幅-10.03%; 状态bottom_area; 底部未确认
58,81.33523816384067,74.40740108174425,688300,联瑞新材,bottom_area,2024-02-05,30.61,2024-02-05,29.8,2.7181208053691233,12.416107382550333,30.357560177611585,False,-9.8114,1.4368,2,2,2,100.0,24.003852247235756,26.809910956252438,12.281879194630877,2.7181208053691233,历史2/2次成功; 当前距低点2.72%; 最新日涨幅-9.81%; 状态bottom_area; 底部未确认
59,81.31151763224182,70.70566750629723,601226,华电科工,bottom_area,2024-02-05,5.54,2024-02-05,5.54,0.0,9.927797833935015,27.770534550195563,False,-9.9187,2.5423,1,1,1,100.0,39.54659949622166,39.54659949622166,15.0,0.0,历史1/1次成功; 当前距低点0.00%; 最新日涨幅-9.92%; 状态bottom_area; 底部未确认
60,81.30051016858442,70.69609579876906,600281,华阳新材,bottom_area,2024-02-05,3.03,2024-02-05,3.03,0.0,9.90099009900991,31.447963800904983,False,-10.089,2.0583,2,2,2,100.0,22.828472036392824,24.86486486486486,15.0,0.0,历史2/2次成功; 当前距低点0.00%; 最新日涨幅-10.09%; 状态bottom_area; 底部未确认
61,81.27544494227692,70.86547979994704,002197,证通电子,bottom_area,2024-02-05,6.93,2024-02-05,6.92,0.14450867052022812,9.68208092485549,30.38229376257545,False,-9.883,4.7782,1,1,1,100.0,29.919137466307287,29.919137466307287,14.855491329479772,0.14450867052022812,历史1/1次成功; 当前距低点0.14%; 最新日涨幅-9.88%; 状态bottom_area; 底部未确认
62,81.20796875,70.61562500000001,002446,盛路通信,bottom_area,2024-02-05,4.84,2024-02-05,4.84,0.0,11.36363636363636,29.956584659913172,False,-10.0372,5.8076,1,1,1,100.0,39.0625,39.0625,15.0,0.0,历史1/1次成功; 当前距低点0.00%; 最新日涨幅-10.04%; 状态bottom_area; 底部未确认
63,81.10998125457311,72.83229283601906,300439,美康生物,bottom_area,2024-02-05,7.69,2024-02-05,7.56,1.71957671957673,12.830687830687829,28.54442344045369,False,-10.6852,3.2884,1,1,1,100.0,19.961977186311785,19.961977186311785,13.280423280423271,1.71957671957673,历史1/1次成功; 当前距低点1.72%; 最新日涨幅-10.69%; 状态bottom_area; 底部未确认
64,80.76694168113028,71.08798834606364,002855,捷荣技术,bottom_area,2024-02-05,21.74,2024-02-05,21.6,0.6481481481481343,11.111111111111104,32.394366197183096,False,-9.4167,4.7162,2,2,2,100.0,20.62239851527635,21.093749999999993,14.351851851851865,0.6481481481481343,历史2/2次成功; 当前距低点0.65%; 最新日涨幅-9.42%; 状态bottom_area; 底部未确认
65,80.76598470223847,70.42693405624061,600343,航天动力,bottom_area,2024-02-05,6.73,2024-02-05,6.72,0.14880952380953386,11.160714285714286,29.48583420776495,False,-9.9063,2.2504,3,4,3,75.0,31.78075145444273,55.72413793103447,14.851190476190466,0.14880952380953386,历史3/4次成功; 当前距低点0.15%; 最新日涨幅-9.91%; 状态bottom_area; 底部未确认
66,80.75316457972674,70.22014311280587,000856,冀东装备,bottom_area,2024-02-05,6.19,2024-02-05,6.19,0.0,10.177705977382873,30.056497175141235,False,-10.0291,5.2276,2,2,2,100.0,20.269586627988584,25.237449118046136,15.0,0.0,历史2/2次成功; 当前距低点0.00%; 最新日涨幅-10.03%; 状态bottom_area; 底部未确认
67,80.73989926739927,70.20860805860806,603017,中衡设计,bottom_area,2024-02-05,6.86,2024-02-05,6.86,0.0,9.03790087463557,30.14256619144603,False,-9.9738,1.8752,1,1,1,100.0,36.87423687423689,36.87423687423689,15.0,0.0,历史1/1次成功; 当前距低点0.00%; 最新日涨幅-9.97%; 状态bottom_area; 底部未确认
68,80.66853888404961,72.27015100234314,600185,珠免集团,bottom_area,2024-02-05,5.09,2024-02-05,5.01,1.5968063872255505,10.379241516966077,27.809798270893378,False,-8.6176,1.6735,1,1,1,100.0,15.434782608695652,15.434782608695652,13.40319361277445,1.5968063872255505,历史1/1次成功; 当前距低点1.60%; 最新日涨幅-8.62%; 状态bottom_area; 底部未确认
69,80.51064814814815,70.00925925925927,603009,北特科技,bottom_area,2024-02-05,8.82,2024-02-05,8.82,0.0,11.111111111111116,29.099678456591633,False,-10.0,4.6554,1,1,1,100.0,35.802469135802454,35.802469135802454,15.0,0.0,历史1/1次成功; 当前距低点0.00%; 最新日涨幅-10.00%; 状态bottom_area; 底部未确认
70,80.42956452426859,73.50137898646985,688102,斯瑞新材,bottom_area,2024-02-05,8.1,2024-02-05,7.89,2.6615969581749046,14.321926489226868,30.361871138570173,False,-11.1842,2.4695,2,2,2,100.0,18.439892747895804,20.52704576976421,12.338403041825096,2.6615969581749046,历史2/2次成功; 当前距低点2.66%; 最新日涨幅-11.18%; 状态bottom_area; 底部未确认
71,80.41227457191445,70.1112385253439,002809,红墙股份,bottom_area,2024-02-05,6.99,2024-02-05,6.98,0.14326647564469608,10.458452722063031,30.959446092977245,False,-9.9227,5.5113,1,1,1,100.0,25.84884994523548,25.84884994523548,14.856733524355302,0.14326647564469608,历史1/1次成功; 当前距低点0.14%; 最新日涨幅-9.92%; 状态bottom_area; 底部未确认
72,80.33404506080292,69.85569135721994,000524,岭南控股,bottom_area,2024-02-05,6.48,2024-02-05,6.48,0.0,11.111111111111107,27.999999999999996,False,-10.0,1.9073,2,2,2,100.0,18.31016858720398,21.550094517958406,15.0,0.0,历史2/2次成功; 当前距低点0.00%; 最新日涨幅-10.00%; 状态bottom_area; 底部未确认
73,80.32346330739422,70.8110499490316,002300,太阳电缆,bottom_area,2024-02-05,5.49,2024-02-05,5.45,0.733944954128441,11.192660550458704,27.13903743315508,False,-9.4059,2.678,1,1,1,100.0,36.85185185185183,36.85185185185183,14.266055045871559,0.733944954128441,历史1/1次成功; 当前距低点0.73%; 最新日涨幅-9.41%; 状态bottom_area; 底部未确认
74,80.26243071593532,69.79341801385681,002823,凯中精密,bottom_area,2024-02-05,7.97,2024-02-05,7.97,0.0,11.919698870765373,30.271216097987754,False,-10.0451,3.1961,1,1,1,100.0,34.64203233256351,34.64203233256351,15.0,0.0,历史1/1次成功; 当前距低点0.00%; 最新日涨幅-10.05%; 状态bottom_area; 底部未确认
75,80.16152475117845,69.70567369667691,000815,美利云,bottom_area,2024-02-05,6.8,2024-02-05,6.8,0.0,0.0,27.65957446808511,False,-10.0529,0.464,3,4,3,75.0,38.336955358478036,55.703211517165016,15.0,0.0,历史3/4次成功; 当前距低点0.00%; 最新日涨幅-10.05%; 状态bottom_area; 底部未确认
76,80.13638489208634,69.6838129496403,000702,正虹科技,bottom_area,2024-02-05,4.02,2024-02-05,4.02,0.0,10.945273631840807,32.88814691151921,False,-10.0671,3.4405,1,1,1,100.0,34.05275779376499,34.05275779376499,15.0,0.0,历史1/1次成功; 当前距低点0.00%; 最新日涨幅-10.07%; 状态bottom_area; 底部未确认
77,80.10299437221803,69.94602192362096,002412,汉森制药,bottom_area,2024-02-05,4.49,2024-02-05,4.48,0.22321428571428092,10.937499999999984,27.62520193861066,False,-9.8394,3.1578,1,1,1,100.0,25.940594059405953,25.940594059405953,14.776785714285717,0.22321428571428092,历史1/1次成功; 当前距低点0.22%; 最新日涨幅-9.84%; 状态bottom_area; 底部未确认
78,79.964675,69.53450000000001,000823,超声电子,bottom_area,2024-02-05,6.07,2024-02-05,6.07,0.0,11.367380560131787,27.565632458233896,False,-9.9407,3.3719,1,1,1,100.0,33.25,33.25,15.0,0.0,历史1/1次成功; 当前距低点0.00%; 最新日涨幅-9.94%; 状态bottom_area; 底部未确认
79,79.83280123211705,69.41982715836265,000691,亚太实业,bottom_area,2024-02-05,3.32,2024-02-05,3.32,0.0,10.843373493975914,32.520325203252035,False,-10.0271,2.5211,2,2,2,100.0,15.966812679369058,16.528925619834727,15.0,0.0,历史2/2次成功; 当前距低点0.00%; 最新日涨幅-10.03%; 状态bottom_area; 底部未确认
80,79.7967440072516,71.45228162379821,300703,创源股份,confirmed_rebound,2024-02-05,7.12,2024-02-05,7.01,1.569186875891588,18.116975748930095,32.79002876318312,False,-14.8325,5.3904,1,1,1,100.0,20.914127423822727,20.914127423822727,13.430813124108413,1.569186875891588,历史1/1次成功; 当前距低点1.57%; 最新日涨幅-14.83%; 状态confirmed_rebound; 底部未确认
81,79.7201923076923,69.32190635451505,002297,博云新材,bottom_area,2024-02-05,4.91,2024-02-05,4.91,0.0,11.405295315682274,30.05698005698005,False,-10.0733,3.3071,1,1,1,100.0,32.10702341137123,32.10702341137123,15.0,0.0,历史1/1次成功; 当前距低点0.00%; 最新日涨幅-10.07%; 状态bottom_area; 底部未确认
82,79.68191644507348,72.42079852751459,002254,泰和新材,bottom_area,2024-02-05,9.51,2024-02-05,9.29,2.368137782561902,11.194833153928966,27.984496124031015,False,-5.9347,2.8988,1,1,1,100.0,25.699745547073803,25.699745547073803,12.631862217438098,2.368137782561902,历史1/1次成功; 当前距低点2.37%; 最新日涨幅-5.93%; 状态bottom_area; 底部未确认
83,79.64766574585634,69.25883977900553,000973,佛塑科技,bottom_area,2024-02-05,3.32,2024-02-05,3.32,0.0,10.240963855421697,27.982646420824302,False,-10.0271,3.2046,1,1,1,100.0,31.767955801104957,31.767955801104957,15.0,0.0,历史1/1次成功; 当前距低点0.00%; 最新日涨幅-10.03%; 状态bottom_area; 底部未确认
84,79.60371875,69.220625,600099,林海股份,bottom_area,2024-02-05,6.87,2024-02-05,6.87,0.0,10.043668122270736,29.96941896024465,False,-9.9607,2.6122,1,1,1,100.0,31.562499999999993,31.562499999999993,15.0,0.0,历史1/1次成功; 当前距低点0.00%; 最新日涨幅-9.96%; 状态bottom_area; 底部未确认
85,79.55458196134573,71.27641558441559,300471,厚普股份,confirmed_rebound,2024-02-05,7.62,2024-02-05,7.5,1.6000000000000014,15.99999999999999,32.675044883303414,False,-13.3106,3.1031,1,1,1,100.0,20.346320346320343,20.346320346320343,13.399999999999999,1.6000000000000014,历史1/1次成功; 当前距低点1.60%; 最新日涨幅-13.31%; 状态confirmed_rebound; 底部未确认
86,79.518683558442,69.14668135516696,603327,福蓉科技,bottom_area,2024-02-05,8.2,2024-02-05,8.2,0.0,10.975609756097567,27.30496453900709,False,-9.989,0.8471,3,4,3,75.0,35.33162018906968,52.609776304888165,15.0,0.0,历史3/4次成功; 当前距低点0.00%; 最新日涨幅-9.99%; 状态bottom_area; 底部未确认
87,79.45306836194611,73.09587050379818,688055,龙腾光电,confirmed_rebound,2024-02-05,3.07,2024-02-05,2.98,3.020134228187915,16.10738255033557,29.383886255924168,False,-11.2717,0.4381,2,2,2,100.0,30.869766365949573,45.45454545454546,11.979865771812085,3.020134228187915,历史2/2次成功; 当前距低点3.02%; 最新日涨幅-11.27%; 状态confirmed_rebound; 底部未确认
88,79.43729389043966,71.77872772483424,688322,奥比中光,confirmed_rebound,2024-02-05,19.86,2024-02-05,19.46,2.055498458376149,15.00513874614593,32.757429163787144,False,-11.9681,2.5824,4,5,4,80.0,21.963786074902533,28.749462827675128,12.94450154162385,2.055498458376149,历史4/5次成功; 当前距低点2.06%; 最新日涨幅-11.97%; 状态confirmed_rebound; 底部未确认
89,79.26544117647059,68.9264705882353,000953,中哲精化,bottom_area,2024-02-05,3.45,2024-02-05,3.45,0.0,10.434782608695647,30.722891566265066,False,-9.9217,2.5999,1,1,1,100.0,29.981024667931695,29.981024667931695,15.0,0.0,历史1/1次成功; 当前距低点0.00%; 最新日涨幅-9.92%; 状态bottom_area; 底部未确认
90,79.1094387755102,68.79081632653062,002248,华东数控,bottom_area,2024-02-05,5.11,2024-02-05,5.11,0.0,9.980430528375729,29.22437673130193,False,-10.0352,3.7091,1,1,1,100.0,29.251700680272112,29.251700680272112,15.0,0.0,历史1/1次成功; 当前距低点0.00%; 最新日涨幅-10.04%; 状态bottom_area; 底部未确认
91,79.03302763819096,68.7243718592965,002413,雷科防务,bottom_area,2024-02-05,3.27,2024-02-05,3.27,0.0,10.397553516819567,32.298136645962735,False,-9.9174,3.2241,1,1,1,100.0,28.894472361809044,28.894472361809044,15.0,0.0,历史1/1次成功; 当前距低点0.00%; 最新日涨幅-9.92%; 状态bottom_area; 底部未确认
92,78.98600655896935,71.15746247653738,688167,炬光科技,confirmed_rebound,2024-02-05,63.99,2024-02-05,62.8,1.894904458598734,17.484076433121025,31.70943888647238,False,-13.6204,7.1056,3,4,3,75.0,27.488412054529558,39.13715105373497,13.105095541401266,1.894904458598734,历史3/4次成功; 当前距低点1.89%; 最新日涨幅-13.62%; 状态confirmed_rebound; 底部未确认
93,78.93276013640721,71.27752963232874,002466,天齐锂业,bottom_area,2024-02-05,41.89,2024-02-05,41.06,2.02143205065757,7.890891378470519,32.66644801574286,False,-5.1833,2.4066,1,1,1,100.0,15.303197353913998,15.303197353913998,12.978567949342429,2.02143205065757,历史1/1次成功; 当前距低点2.02%; 最新日涨幅-5.18%; 状态bottom_area; 底部未确认
94,78.62336055426705,68.6196866307456,002383,合众思壮,bottom_area,2024-02-05,5.1,2024-02-05,5.09,0.1964636542239644,11.198428290766214,28.811188811188813,False,-9.7345,2.6266,1,1,1,100.0,18.48184818481848,18.48184818481848,14.803536345776036,0.1964636542239644,历史1/1次成功; 当前距低点0.20%; 最新日涨幅-9.73%; 状态bottom_area; 底部未确认
95,78.61275728987994,68.3589193825043,002682,龙洲股份,bottom_area,2024-02-05,3.98,2024-02-05,3.98,0.0,12.060301507537687,31.497418244406195,False,-9.9548,4.8816,1,1,1,100.0,26.929674099485425,26.929674099485425,15.0,0.0,历史1/1次成功; 当前距低点0.00%; 最新日涨幅-9.95%; 状态bottom_area; 底部未确认
96,78.49603066170596,71.32803264432404,603016,新宏泰,bottom_area,2024-02-05,15.2,2024-02-05,14.85,2.3569023569023546,7.609427609427614,27.170181461500743,False,-7.8788,1.0985,1,1,1,100.0,19.686935580975316,19.686935580975316,12.643097643097645,2.3569023569023546,历史1/1次成功; 当前距低点2.36%; 最新日涨幅-7.88%; 状态bottom_area; 底部未确认
97,78.47554871822337,68.39478781936225,688210,统联精密,bottom_area,2024-02-05,16.48,2024-02-05,16.46,0.12150668286755513,13.061968408262445,28.528006947459833,False,-11.9188,2.2989,1,1,1,100.0,16.353887399463808,16.353887399463808,14.878493317132444,0.12150668286755513,历史1/1次成功; 当前距低点0.12%; 最新日涨幅-11.92%; 状态bottom_area; 底部未确认
98,78.3903640776699,68.16553398058252,603048,浙江黎明,bottom_area,2024-02-05,12.34,2024-02-05,12.34,0.0,11.021069692058342,28.752886836027713,False,-9.9927,5.6644,1,1,1,100.0,25.889967637540458,25.889967637540458,15.0,0.0,历史1/1次成功; 当前距低点0.00%; 最新日涨幅-9.99%; 状态bottom_area; 底部未确认
99,78.31574675324676,68.10064935064936,002486,嘉麟杰,bottom_area,2024-02-05,2.04,2024-02-05,2.04,0.0,11.274509803921568,30.37542662116041,False,-10.1322,3.5027,1,1,1,100.0,25.54112554112554,25.54112554112554,15.0,0.0,历史1/1次成功; 当前距低点0.00%; 最新日涨幅-10.13%; 状态bottom_area; 底部未确认
100,78.30403696498055,68.09046692607005,002301,齐心集团,bottom_area,2024-02-05,4.81,2024-02-05,4.81,0.0,10.187110187110191,27.341389728096683,False,-9.9251,1.8146,1,1,1,100.0,25.486381322957207,25.486381322957207,15.0,0.0,历史1/1次成功; 当前距低点0.00%; 最新日涨幅-9.93%; 状态bottom_area; 底部未确认
101,78.25551038062285,68.04826989619379,002632,道明光学,bottom_area,2024-02-05,5.27,2024-02-05,5.27,0.0,9.677419354838722,27.808219178082194,False,-10.0683,3.1963,1,1,1,100.0,25.259515570934255,25.259515570934255,15.0,0.0,历史1/1次成功; 当前距低点0.00%; 最新日涨幅-10.07%; 状态bottom_area; 底部未确认
102,78.226342364532,68.02290640394088,000790,华神科技,bottom_area,2024-02-05,3.32,2024-02-05,3.32,0.0,9.939759036144581,29.059829059829056,False,-10.0271,2.501,1,1,1,100.0,25.12315270935962,25.12315270935962,15.0,0.0,历史1/1次成功; 当前距低点0.00%; 最新日涨幅-10.03%; 状态bottom_area; 底部未确认
103,78.1431405454386,69.69965843322568,300589,江龙船艇,bottom_area,2024-02-05,8.94,2024-02-05,8.82,1.360544217687066,12.925170068027217,28.17589576547231,False,-11.1332,3.2876,2,3,2,66.66666666666666,37.60770205852422,44.07616361071933,13.639455782312934,1.360544217687066,历史2/3次成功; 当前距低点1.36%; 最新日涨幅-11.13%; 状态bottom_area; 底部未确认
104,78.02934978137137,67.85160850554033,002355,兴民智通,bottom_area,2024-02-05,3.39,2024-02-05,3.39,0.0,11.504424778761052,28.329809725158565,False,-10.0796,3.11,4,5,4,80.0,17.535529599679155,21.138211382113823,15.0,0.0,历史4/5次成功; 当前距低点0.00%; 最新日涨幅-10.08%; 状态bottom_area; 底部未确认
105,78.00639513108615,67.83164794007492,002760,凤形股份,bottom_area,2024-02-05,13.56,2024-02-05,13.56,0.0,13.20058997050147,31.722054380664648,False,-10.0199,2.645,1,1,1,100.0,24.094881398252184,24.094881398252184,15.0,0.0,历史1/1次成功; 当前距低点0.00%; 最新日涨幅-10.02%; 状态bottom_area; 底部未确认
106,77.93326009501187,67.76805225653207,002264,新华都,bottom_area,2024-02-05,3.66,2024-02-05,3.66,0.0,11.475409836065571,27.810650887573967,False,-10.0737,3.0757,1,1,1,100.0,23.752969121140143,23.752969121140143,15.0,0.0,历史1/1次成功; 当前距低点0.00%; 最新日涨幅-10.07%; 状态bottom_area; 底部未确认
107,77.92015111561865,67.75665314401623,001367,海森药业,bottom_area,2024-02-05,29.48,2024-02-05,29.48,0.0,10.651289009497955,30.992509363295877,False,-9.9847,4.9848,1,1,1,100.0,23.691683569979716,23.691683569979716,15.0,0.0,历史1/1次成功; 当前距低点0.00%; 最新日涨幅-9.98%; 状态bottom_area; 底部未确认
108,77.89626936316695,67.73588640275388,002696,百洋股份,bottom_area,2024-02-05,4.46,2024-02-05,4.46,0.0,10.313901345291479,30.42121684867395,False,-10.0806,3.434,1,1,1,100.0,23.58003442340792,23.58003442340792,15.0,0.0,历史1/1次成功; 当前距低点0.00%; 最新日涨幅-10.08%; 状态bottom_area; 底部未确认
109,77.85383333333333,67.69898550724638,002862,实丰文化,bottom_area,2024-02-05,10.4,2024-02-05,10.4,0.0,11.05769230769231,32.90322580645161,False,-9.9567,4.7022,1,1,1,100.0,23.381642512077295,23.381642512077295,15.0,0.0,历史1/1次成功; 当前距低点0.00%; 最新日涨幅-9.96%; 状态bottom_area; 底部未确认
110,77.84790123456791,67.69382716049384,001331,胜通能源,bottom_area,2024-02-05,11.7,2024-02-05,11.7,0.0,10.256410256410266,29.390464695232353,False,-10.0,5.4694,1,1,1,100.0,23.35390946502057,23.35390946502057,15.0,0.0,历史1/1次成功; 当前距低点0.00%; 最新日涨幅-10.00%; 状态bottom_area; 底部未确认
111,77.8291393017815,68.86689959675361,002537,海联金汇,bottom_area,2024-02-05,4.33,2024-02-05,4.29,0.9324009324009332,10.256410256410266,27.411167512690355,False,-9.2243,2.2785,1,1,1,100.0,28.832116788321155,28.832116788321155,14.067599067599065,0.9324009324009332,历史1/1次成功; 当前距低点0.93%; 最新日涨幅-9.22%; 状态bottom_area; 底部未确认
112,77.67542825768666,67.54385065885798,002208,合肥城建,bottom_area,2024-02-05,4.84,2024-02-05,4.84,0.0,10.743801652892571,27.653213751868467,False,-10.0372,2.7102,1,1,1,100.0,22.54758418740848,22.54758418740848,15.0,0.0,历史1/1次成功; 当前距低点0.00%; 最新日涨幅-10.04%; 状态bottom_area; 底部未确认
113,77.66669137466307,67.53625336927225,600241,时代万恒,bottom_area,2024-02-05,5.41,2024-02-05,5.41,0.0,10.905730129390015,31.518987341772153,False,-9.9834,1.7027,1,1,1,100.0,22.50673854447439,22.50673854447439,15.0,0.0,历史1/1次成功; 当前距低点0.00%; 最新日涨幅-9.98%; 状态bottom_area; 底部未确认
114,77.63404934204372,69.87222522741463,300342,天银机电,confirmed_rebound,2024-02-05,8.84,2024-02-05,8.68,1.8433179723502322,16.244239631336406,31.974921630094045,False,-12.6482,6.5637,3,4,3,75.0,19.9461838944793,26.68539325842696,13.156682027649769,1.8433179723502322,历史3/4次成功; 当前距低点1.84%; 最新日涨幅-12.65%; 状态confirmed_rebound; 底部未确认
115,77.56555084745763,67.44830508474577,002090,金智科技,bottom_area,2024-02-05,6.66,2024-02-05,6.66,0.0,10.960960960960954,29.894736842105264,False,-10.0,3.552,1,1,1,100.0,22.033898305084744,22.033898305084744,15.0,0.0,历史1/1次成功; 当前距低点0.00%; 最新日涨幅-10.00%; 状态bottom_area; 底部未确认
116,77.56555084745763,67.44830508474577,002427,尤夫股份,bottom_area,2024-02-05,3.41,2024-02-05,3.41,0.0,10.263929618768318,28.059071729957807,False,-10.0264,1.0373,1,1,1,100.0,22.033898305084747,22.033898305084747,15.0,0.0,历史1/1次成功; 当前距低点0.00%; 最新日涨幅-10.03%; 状态bottom_area; 底部未确认
117,77.51121194379392,67.40105386416863,002574,明牌珠宝,bottom_area,2024-02-05,4.15,2024-02-05,4.15,0.0,8.674698795180708,29.89864864864864,False,-9.9783,2.3294,1,1,1,100.0,21.779859484777532,21.779859484777532,15.0,0.0,历史1/1次成功; 当前距低点0.00%; 最新日涨幅-9.98%; 状态bottom_area; 底部未确认
118,77.49325173784044,67.8606041784303,002562,兄弟科技,bottom_area,2024-02-05,2.67,2024-02-05,2.66,0.3759398496240521,10.902255639097746,27.717391304347828,False,-8.8737,1.4616,1,1,1,100.0,16.600790513834006,16.600790513834006,14.624060150375948,0.3759398496240521,历史1/1次成功; 当前距低点0.38%; 最新日涨幅-8.87%; 状态bottom_area; 底部未确认
119,77.4611944485791,67.3575603900688,002534,西子洁能,bottom_area,2024-02-05,7.87,2024-02-05,7.87,0.0,10.419313850063524,30.292294065544723,False,-9.9542,0.9211,3,4,3,75.0,25.712690269187092,33.11594202898551,15.0,0.0,历史3/4次成功; 当前距低点0.00%; 最新日涨幅-9.95%; 状态bottom_area; 底部未确认
120,77.40181454196028,67.30592568866112,600980,北矿科技,bottom_area,2024-02-05,11.24,2024-02-05,11.24,0.0,9.786476868327398,27.623953638119765,False,-10.008,3.4236,1,1,1,100.0,21.268417680973737,21.268417680973737,15.0,0.0,历史1/1次成功; 当前距低点0.00%; 最新日涨幅-10.01%; 状态bottom_area; 底部未确认
121,77.32095890410957,67.23561643835616,002629,仁智股份,bottom_area,2024-02-05,2.79,2024-02-05,2.79,0.0,12.186379928315407,27.72020725388601,False,-10.0,6.6765,1,1,1,100.0,20.890410958904106,20.890410958904106,15.0,0.0,历史1/1次成功; 当前距低点0.00%; 最新日涨幅-10.00%; 状态bottom_area; 底部未确认
122,77.3066229116945,67.22315035799522,605287,德才股份,bottom_area,2024-02-05,11.04,2024-02-05,11.04,0.0,9.601449275362324,30.82706766917294,False,-10.0244,4.7781,1,1,1,100.0,20.823389021479702,20.823389021479702,15.0,0.0,历史1/1次成功; 当前距低点0.00%; 最新日涨幅-10.02%; 状态bottom_area; 底部未确认
123,77.29174886835824,72.93555662346128,002304,洋河股份,bottom_area,2024-02-05,92.17,2024-02-02,88.3,4.382785956964898,5.232163080407706,30.84273182957394,False,1.5647,0.5742,1,1,1,100.0,20.474777448071226,20.474777448071226,10.617214043035101,4.382785956964898,历史1/1次成功; 当前距低点4.38%; 最新日涨幅1.56%; 状态bottom_area; 底部未确认
124,77.26849999999999,67.19,601616,广电电气,bottom_area,2024-02-05,2.38,2024-02-05,2.38,0.0,9.663865546218489,28.096676737160127,False,-9.8485,2.3361,1,1,1,100.0,20.645161290322584,20.645161290322584,15.0,0.0,历史1/1次成功; 当前距低点0.00%; 最新日涨幅-9.85%; 状态bottom_area; 底部未确认
125,77.26357142857144,67.1857142857143,603153,上海建科,bottom_area,2024-02-05,16.12,2024-02-05,16.12,0.0,11.104218362282872,32.83333333333333,False,-9.9944,12.0043,1,1,1,100.0,20.622119815668214,20.622119815668214,15.0,0.0,历史1/1次成功; 当前距低点0.00%; 最新日涨幅-9.99%; 状态bottom_area; 底部未确认
126,77.26009886379919,70.49514232673269,300634,彩讯股份,bottom_area,2024-02-05,13.13,2024-02-05,12.8,2.5781250000000004,12.812499999999991,27.846674182638097,False,-9.3232,3.7642,1,1,1,100.0,17.920792079207924,17.920792079207924,12.421874999999998,2.5781250000000004,历史1/1次成功; 当前距低点2.58%; 最新日涨幅-9.32%; 状态bottom_area; 底部未确认
127,77.18484442506382,71.36643448018269,300441,鲍斯股份,confirmed_rebound,2024-02-05,4.71,2024-02-05,4.56,3.2894736842105345,15.789473684210542,32.74336283185841,False,-11.6323,3.0375,2,2,2,100.0,24.873303656896304,29.15291529152916,11.710526315789465,3.2894736842105345,历史2/2次成功; 当前距低点3.29%; 最新日涨幅-11.63%; 状态confirmed_rebound; 底部未确认
128,77.17593333855801,67.86529937710488,601059,信达证券,bottom_area,2024-02-05,13.43,2024-02-05,13.35,0.5992509363295886,5.992509363295886,32.6097930338213,False,-6.0839,5.5343,1,1,1,100.0,19.363395225464192,19.363395225464192,14.400749063670412,0.5992509363295886,历史1/1次成功; 当前距低点0.60%; 最新日涨幅-6.08%; 状态bottom_area; 底部未确认
129,77.1305,67.07000000000001,600173,卧龙新能,bottom_area,2024-02-05,3.57,2024-02-05,3.57,0.0,10.644257703081243,28.0241935483871,False,-10.0756,1.7775,1,1,1,100.0,20.000000000000004,20.000000000000004,15.0,0.0,历史1/1次成功; 当前距低点0.00%; 最新日涨幅-10.08%; 状态bottom_area; 底部未确认
130,77.10523622047245,67.048031496063,600232,金鹰股份,bottom_area,2024-02-05,4.07,2024-02-05,4.07,0.0,9.582309582309573,29.340277777777768,False,-9.9558,2.3278,1,1,1,100.0,19.881889763779522,19.881889763779522,15.0,0.0,历史1/1次成功; 当前距低点0.00%; 最新日涨幅-9.96%; 状态bottom_area; 底部未确认
131,77.10105209581204,67.04439312679308,002357,富临运业,bottom_area,2024-02-05,5.02,2024-02-05,5.02,0.0,10.756972111553786,29.691876750700285,False,-10.0358,5.6968,3,4,3,75.0,24.02899530533914,31.941031941031934,15.0,0.0,历史3/4次成功; 当前距低点0.00%; 最新日涨幅-10.04%; 状态bottom_area; 底部未确认
132,77.07221484925337,67.01931726022033,002494,华斯股份,bottom_area,2024-02-05,3.45,2024-02-05,3.45,0.0,11.014492753623186,32.35294117647058,False,-9.9217,3.1595,3,4,3,75.0,23.894178818388866,35.67251461988303,15.0,0.0,历史3/4次成功; 当前距低点0.00%; 最新日涨幅-9.92%; 状态bottom_area; 底部未确认
133,77.05334168336674,67.00290581162325,002492,恒基达鑫,bottom_area,2024-02-05,4.15,2024-02-05,4.15,0.0,10.120481927710841,28.694158075601372,False,-9.9783,2.7066,1,1,1,100.0,19.639278557114217,19.639278557114217,15.0,0.0,历史1/1次成功; 当前距低点0.00%; 最新日涨幅-9.98%; 状态bottom_area; 底部未确认
134,76.98548305084745,66.94389830508474,002376,新北洋,bottom_area,2024-02-05,4.73,2024-02-05,4.73,0.0,11.416490486257908,28.441754916792732,False,-9.9048,3.2065,1,1,1,100.0,19.322033898305076,19.322033898305076,15.0,0.0,历史1/1次成功; 当前距低点0.00%; 最新日涨幅-9.90%; 状态bottom_area; 底部未确认
135,76.9639598540146,66.92518248175183,603023,威帝股份,bottom_area,2024-02-05,2.93,2024-02-05,2.93,0.0,12.627986348122855,27.29528535980149,False,-10.1227,3.0382,1,1,1,100.0,19.22141119221411,19.22141119221411,15.0,0.0,历史1/1次成功; 当前距低点0.00%; 最新日涨幅-10.12%; 状态bottom_area; 底部未确认
136,76.9446719038817,66.90841035120148,000788,北大医药,bottom_area,2024-02-05,4.47,2024-02-05,4.47,0.0,9.619686800894868,28.135048231511256,False,-10.0604,2.4512,1,1,1,100.0,19.13123844731978,19.13123844731978,15.0,0.0,历史1/1次成功; 当前距低点0.00%; 最新日涨幅-10.06%; 状态bottom_area; 底部未确认
137,76.93381034482758,66.89896551724138,600249,两面针,bottom_area,2024-02-05,4.06,2024-02-05,4.06,0.0,10.591133004926125,29.020979020979027,False,-9.9778,3.8571,1,1,1,100.0,19.080459770114945,19.080459770114945,15.0,0.0,历史1/1次成功; 当前距低点0.00%; 最新日涨幅-9.98%; 状态bottom_area; 底部未确认
138,76.91540502793295,66.88296089385474,600246,万通发展,bottom_area,2024-02-05,4.34,2024-02-05,4.34,0.0,11.290322580645167,32.81733746130031,False,-9.9585,1.3705,1,1,1,100.0,18.99441340782122,18.99441340782122,15.0,0.0,历史1/1次成功; 当前距低点0.00%; 最新日涨幅-9.96%; 状态bottom_area; 底部未确认
139,76.9020631067961,66.87135922330097,002285,世联行,bottom_area,2024-02-05,1.73,2024-02-05,1.73,0.0,10.404624277456644,29.387755102040824,False,-9.8958,1.8196,1,1,1,100.0,18.932038834951463,18.932038834951463,15.0,0.0,历史1/1次成功; 当前距低点0.00%; 最新日涨幅-9.90%; 状态bottom_area; 底部未确认
140,76.90163580246913,66.87098765432098,002310,东方新能,bottom_area,2024-02-05,1.34,2024-02-05,1.34,0.0,11.194029850746261,27.956989247311824,False,-10.0671,2.4708,1,1,1,100.0,18.93004115226337,18.93004115226337,15.0,0.0,历史1/1次成功; 当前距低点0.00%; 最新日涨幅-10.07%; 状态bottom_area; 底部未确认
141,76.82309880239522,66.80269461077846,002725,跃岭股份,bottom_area,2024-02-05,7.05,2024-02-05,7.05,0.0,11.063829787234045,31.619786614936963,False,-9.9617,3.3028,1,1,1,100.0,18.562874251497018,18.562874251497018,15.0,0.0,历史1/1次成功; 当前距低点0.00%; 最新日涨幅-9.96%; 状态bottom_area; 底部未确认
142,76.77718303571429,66.76276785714286,603280,南方路机,bottom_area,2024-02-05,16.9,2024-02-05,16.9,0.0,10.710059171597647,27.21791559000862,False,-10.0106,9.2946,1,1,1,100.0,18.348214285714302,18.348214285714302,15.0,0.0,历史1/1次成功; 当前距低点0.00%; 最新日涨幅-10.01%; 状态bottom_area; 底部未确认
143,76.74159090909092,66.7318181818182,600358,国旅联合,bottom_area,2024-02-05,3.56,2024-02-05,3.56,0.0,10.674157303370784,29.365079365079367,False,-10.101,2.1985,1,1,1,100.0,18.181818181818198,18.181818181818198,15.0,0.0,历史1/1次成功; 当前距低点0.00%; 最新日涨幅-10.10%; 状态bottom_area; 底部未确认
144,76.71335062240664,66.70726141078839,000554,泰山石油,bottom_area,2024-02-05,4.66,2024-02-05,4.66,0.0,8.798283261802577,29.286798179059176,False,-10.0386,9.778,1,1,1,100.0,18.049792531120335,18.049792531120335,15.0,0.0,历史1/1次成功; 当前距低点0.00%; 最新日涨幅-10.04%; 状态bottom_area; 底部未确认
145,76.66741752577319,66.66731958762887,002637,赞宇科技,bottom_area,2024-02-05,7.38,2024-02-05,7.38,0.0,10.569105691056913,28.83317261330761,False,-10.0,1.2502,1,1,1,100.0,17.83505154639176,17.83505154639176,15.0,0.0,历史1/1次成功; 当前距低点0.00%; 最新日涨幅-10.00%; 状态bottom_area; 底部未确认
146,76.59575,66.605,001313,粤海饲料,bottom_area,2024-02-05,5.97,2024-02-05,5.97,0.0,12.73031825795646,28.33133253301321,False,-9.9548,3.183,1,1,1,100.0,17.5,17.5,15.0,0.0,历史1/1次成功; 当前距低点0.00%; 最新日涨幅-9.95%; 状态bottom_area; 底部未确认
147,76.5861541598695,66.59665579119087,002664,信质集团,bottom_area,2024-02-05,10.2,2024-02-05,10.2,0.0,10.588235294117649,27.1948608137045,False,-9.9735,2.8985,1,1,1,100.0,17.45513866231648,17.45513866231648,15.0,0.0,历史1/1次成功; 当前距低点0.00%; 最新日涨幅-9.97%; 状态bottom_area; 底部未确认
148,76.57731034482758,66.58896551724138,603216,梦天家居,bottom_area,2024-02-05,8.89,2024-02-05,8.89,0.0,7.874015748031487,29.27605409705648,False,-10.0202,5.2642,1,1,1,100.0,17.41379310344827,17.41379310344827,15.0,0.0,历史1/1次成功; 当前距低点0.00%; 最新日涨幅-10.02%; 状态bottom_area; 底部未确认
149,76.5712843137255,66.58372549019609,002449,国星光电,bottom_area,2024-02-05,5.58,2024-02-05,5.58,0.0,10.931899641577067,27.532467532467532,False,-10.0,3.3858,1,1,1,100.0,17.38562091503268,17.38562091503268,15.0,0.0,历史1/1次成功; 当前距低点0.00%; 最新日涨幅-10.00%; 状态bottom_area; 底部未确认
150,76.5617485549133,66.57543352601157,000850,华茂股份,bottom_area,2024-02-05,3.0,2024-02-05,3.0,0.0,9.666666666666668,29.411764705882355,False,-9.9099,3.415,1,1,1,100.0,17.341040462427735,17.341040462427735,15.0,0.0,历史1/1次成功; 当前距低点0.00%; 最新日涨幅-9.91%; 状态bottom_area; 底部未确认
151,76.55520386266095,66.5697424892704,002295,精艺股份,bottom_area,2024-02-05,5.02,2024-02-05,5.02,0.0,11.553784860557771,31.23287671232877,False,-10.0358,3.2475,1,1,1,100.0,17.31044349070099,17.31044349070099,15.0,0.0,历史1/1次成功; 当前距低点0.00%; 最新日涨幅-10.04%; 状态bottom_area; 底部未确认
152,76.54947980446022,67.81385293609175,002219,新里程,bottom_area,2024-02-05,2.03,2024-02-05,2.01,0.9950248756218916,11.9402985074627,27.173913043478265,False,-8.9686,1.4939,1,1,1,100.0,23.938223938223942,23.938223938223942,14.004975124378108,0.9950248756218916,历史1/1次成功; 当前距低点1.00%; 最新日涨幅-8.97%; 状态bottom_area; 底部未确认
153,76.50319711538461,66.52451923076923,000599,青岛双星,bottom_area,2024-02-05,3.22,2024-02-05,3.22,0.0,9.627329192546572,28.125,False,-10.0559,2.3845,1,1,1,100.0,17.06730769230769,17.06730769230769,15.0,0.0,历史1/1次成功; 当前距低点0.00%; 最新日涨幅-10.06%; 状态bottom_area; 底部未确认
154,76.49509923175415,66.5174775928297,002290,禾盛新材,bottom_area,2024-02-05,8.37,2024-02-05,8.37,0.0,13.500597371565123,31.895850284784377,False,-10.0,1.4991,1,1,1,100.0,17.029449423815635,17.029449423815635,15.0,0.0,历史1/1次成功; 当前距低点0.00%; 最新日涨幅-10.00%; 状态bottom_area; 底部未确认
155,76.42925551400717,67.26376205787781,000601,韶能股份,bottom_area,2024-02-05,3.13,2024-02-05,3.11,0.6430868167202578,12.218649517684899,27.166276346604214,False,-9.2754,2.0479,1,1,1,100.0,16.666666666666664,16.666666666666664,14.35691318327974,0.6430868167202578,历史1/1次成功; 当前距低点0.64%; 最新日涨幅-9.28%; 状态bottom_area; 底部未确认
156,76.41410799238821,66.44705042816366,603081,大丰实业,bottom_area,2024-02-05,8.45,2024-02-05,8.45,0.0,10.295857988165693,30.964052287581705,False,-10.0106,1.5667,1,1,1,100.0,16.65080875356803,16.65080875356803,15.0,0.0,历史1/1次成功; 当前距低点0.00%; 最新日涨幅-10.01%; 状态bottom_area; 底部未确认
157,76.41176848874598,66.44501607717042,002778,中晟高科,bottom_area,2024-02-05,10.1,2024-02-05,10.1,0.0,9.900990099009901,30.3448275862069,False,-9.9822,1.2962,1,1,1,100.0,16.63987138263666,16.63987138263666,15.0,0.0,历史1/1次成功; 当前距低点0.00%; 最新日涨幅-9.98%; 状态bottom_area; 底部未确认
158,76.41052348336595,66.44393346379648,002743,富煌钢构,bottom_area,2024-02-05,3.91,2024-02-05,3.91,0.0,10.48593350383632,29.549549549549546,False,-9.9078,3.8747,1,1,1,100.0,16.634050880626212,16.634050880626212,15.0,0.0,历史1/1次成功; 当前距低点0.00%; 最新日涨幅-9.91%; 状态bottom_area; 底部未确认
159,76.37659016393444,66.41442622950821,603219,富佳股份,bottom_area,2024-02-05,9.86,2024-02-05,9.86,0.0,10.344827586206911,30.61224489795919,False,-10.0365,4.0439,1,1,1,100.0,16.475409836065587,16.475409836065587,15.0,0.0,历史1/1次成功; 当前距低点0.00%; 最新日涨幅-10.04%; 状态bottom_area; 底部未确认
160,76.34088179519594,66.38337547408344,603058,永吉股份,bottom_area,2024-02-05,6.31,2024-02-05,6.31,0.0,12.044374009508727,27.47126436781609,False,-9.9857,1.9296,1,1,1,100.0,16.308470290771165,16.308470290771165,15.0,0.0,历史1/1次成功; 当前距低点0.00%; 最新日涨幅-9.99%; 状态bottom_area; 底部未确认
161,76.31148047520024,67.18415888925824,601908,京运通,bottom_area,2024-02-05,3.04,2024-02-05,3.02,0.6622516556291397,10.596026490066219,29.76744186046511,False,-9.2537,1.5366,1,1,1,100.0,16.473616473616488,16.473616473616488,14.33774834437086,0.6622516556291397,历史1/1次成功; 当前距低点0.66%; 最新日涨幅-9.25%; 状态bottom_area; 底部未确认
162,76.23755459355075,66.2935257335224,600984,建设机械,bottom_area,2024-02-05,2.39,2024-02-05,2.39,0.0,11.71548117154811,29.70588235294117,False,-10.1504,1.7672,3,4,3,75.0,19.992073836141934,20.705882352941174,15.0,0.0,历史3/4次成功; 当前距低点0.00%; 最新日涨幅-10.15%; 状态bottom_area; 底部未确认
163,76.1843330464716,66.24724612736661,000803,山高环能,bottom_area,2024-02-05,3.92,2024-02-05,3.92,0.0,10.204081632653072,29.874776386404296,False,-10.0917,1.789,1,1,1,100.0,15.576592082616184,15.576592082616184,15.0,0.0,历史1/1次成功; 当前距低点0.00%; 最新日涨幅-10.09%; 状态bottom_area; 底部未确认
164,76.178098540146,66.24182481751826,001366,播恩集团,bottom_area,2024-02-05,10.35,2024-02-05,10.35,0.0,10.338164251207733,27.41935483870968,False,-10.0,8.2531,1,1,1,100.0,15.547445255474459,15.547445255474459,15.0,0.0,历史1/1次成功; 当前距低点0.00%; 最新日涨幅-10.00%; 状态bottom_area; 底部未确认
165,76.14488235294117,66.21294117647058,002066,瑞泰科技,bottom_area,2024-02-05,7.88,2024-02-05,7.88,0.0,9.010152284263958,30.75571177504394,False,-9.9429,3.2179,1,1,1,100.0,15.392156862745102,15.392156862745102,15.0,0.0,历史1/1次成功; 当前距低点0.00%; 最新日涨幅-9.94%; 状态bottom_area; 底部未确认
166,76.13041466346155,66.20036057692309,605378,野马电池,bottom_area,2024-02-05,15.5,2024-02-05,15.5,0.0,9.806451612903224,31.019136626613257,False,-9.9884,9.8674,1,1,1,100.0,15.324519230769235,15.324519230769235,15.0,0.0,历史1/1次成功; 当前距低点0.00%; 最新日涨幅-9.99%; 状态bottom_area; 底部未确认
167,76.13,66.2,000593,德龙汇能,bottom_area,2024-02-05,4.74,2024-02-05,4.74,0.0,10.759493670886071,32.18884120171674,False,-10.0569,2.862,1,1,1,100.0,15.322580645161285,15.322580645161285,15.0,0.0,历史1/1次成功; 当前距低点0.00%; 最新日涨幅-10.06%; 状态bottom_area; 底部未确认
168,76.11863772455091,66.19011976047905,000717,中南股份,bottom_area,2024-02-05,2.03,2024-02-05,2.03,0.0,11.330049261083744,28.771929824561415,False,-9.7778,3.0828,1,1,1,100.0,15.269461077844317,15.269461077844317,15.0,0.0,历史1/1次成功; 当前距低点0.00%; 最新日涨幅-9.78%; 状态bottom_area; 底部未确认
169,76.11728947368421,66.18894736842105,603007,顺景科技,bottom_area,2024-02-05,5.19,2024-02-05,5.19,0.0,1.156069364161842,29.674796747967473,False,-4.9451,1.1667,1,1,1,100.0,15.263157894736846,15.263157894736846,15.0,0.0,历史1/1次成功; 当前距低点0.00%; 最新日涨幅-4.95%; 状态bottom_area; 底部未确认
170,76.114475,66.18650000000001,002292,奥飞娱乐,bottom_area,2024-02-05,5.45,2024-02-05,5.45,0.0,10.825688073394492,27.43009320905459,False,-9.9174,6.3901,1,1,1,100.0,15.250000000000007,15.250000000000007,15.0,0.0,历史1/1次成功; 当前距低点0.00%; 最新日涨幅-9.92%; 状态bottom_area; 底部未确认
171,76.08549236641221,66.16129770992367,603138,海量数据,bottom_area,2024-02-05,10.04,2024-02-05,10.04,0.0,9.26294820717133,28.844790928419563,False,-10.0358,2.8604,1,1,1,100.0,15.114503816793897,15.114503816793897,15.0,0.0,历史1/1次成功; 当前距低点0.00%; 最新日涨幅-10.04%; 状态bottom_area; 底部未确认
172,75.93444447080996,66.95413223140496,300479,神思电子,confirmed_rebound,2024-02-05,12.19,2024-02-05,12.1,0.7438016528925608,16.942148760330586,32.21288515406163,False,-14.0944,3.3004,1,1,1,100.0,26.451612903225797,26.451612903225797,14.256198347107437,0.7438016528925608,历史1/1次成功; 当前距低点0.74%; 最新日涨幅-14.09%; 状态confirmed_rebound; 底部未确认
173,75.86174802748658,71.287681040568,301386,未来电器,bottom_area,2024-02-05,15.78,2024-02-05,15.15,4.1584158415841515,14.257425742574245,32.87549844926894,False,-10.2899,5.6796,2,2,2,100.0,24.88639332999926,27.880184331797242,10.841584158415849,4.1584158415841515,历史2/2次成功; 当前距低点4.16%; 最新日涨幅-10.29%; 状态bottom_area; 底部未确认
174,75.671594850876,70.06885336740164,300541,先进数通,confirmed_rebound,2024-02-05,10.13,2024-02-05,9.8,3.367346938775511,17.346938775510196,28.675400291120813,False,-11.3736,5.4733,2,2,2,100.0,18.851636493601116,19.05920519059205,11.632653061224488,3.367346938775511,历史2/2次成功; 当前距低点3.37%; 最新日涨幅-11.37%; 状态confirmed_rebound; 底部未确认
175,75.5464240749981,67.88385122777645,300409,道氏技术,confirmed_rebound,2024-02-05,6.95,2024-02-05,6.83,1.756954612005858,17.276720351390917,31.356783919597987,False,-13.5572,3.2784,2,3,2,66.66666666666666,42.9195756800168,50.03460207612457,13.24304538799414,1.756954612005858,历史2/3次成功; 当前距低点1.76%; 最新日涨幅-13.56%; 状态confirmed_rebound; 底部未确认
176,75.39822453427671,69.38534244061782,605286,同力天启,bottom_area,2024-02-05,17.99,2024-02-05,17.46,3.0355097365406505,10.080183276059552,30.271565495207664,False,-7.268,9.3004,3,4,3,75.0,21.727444300701578,30.46080191502094,11.964490263459348,3.0355097365406505,历史3/4次成功; 当前距低点3.04%; 最新日涨幅-7.27%; 状态bottom_area; 底部未确认
177,75.26493831488357,67.24372280844733,688101,三达膜,bottom_area,2024-02-05,9.1,2024-02-05,8.97,1.4492753623188293,14.827201783723524,29.09090909090909,False,-11.6505,0.9961,2,3,2,66.66666666666666,25.491419182083742,33.755274261603375,13.550724637681169,1.4492753623188293,历史2/3次成功; 当前距低点1.45%; 最新日涨幅-11.65%; 状态bottom_area; 底部未确认
178,75.22916666666669,65.41666666666669,002137,实益达,bottom_area,2024-02-05,4.28,2024-02-05,4.28,0.0,9.345794392523352,30.519480519480517,False,-10.084,4.4945,2,3,2,66.66666666666666,55.55040286140998,89.3034825870647,15.0,0.0,历史2/3次成功; 当前距低点0.00%; 最新日涨幅-10.08%; 状态bottom_area; 底部未确认
179,75.18794928167826,66.29668239409571,300489,光智科技,confirmed_rebound,2024-02-05,12.18,2024-02-05,12.09,0.7444168734491304,17.45244003308519,32.57110987172337,False,-14.0438,2.6977,1,1,1,100.0,22.924477771826446,22.924477771826446,14.255583126550869,0.7444168734491304,历史1/1次成功; 当前距低点0.74%; 最新日涨幅-14.04%; 状态confirmed_rebound; 底部未确认
180,75.00682046336642,66.42075216161736,603275,众辰科技,bottom_area,2024-02-05,28.0,2024-02-05,27.73,0.9736747205192917,10.890732059141722,27.654578659013822,False,-9.0614,4.8771,1,1,1,100.0,16.186723249469523,16.186723249469523,14.026325279480709,0.9736747205192917,历史1/1次成功; 当前距低点0.97%; 最新日涨幅-9.06%; 状态bottom_area; 底部未确认
181,74.97754438990428,69.73245131289116,300738,奥飞数据,bottom_area,2024-02-05,6.9,2024-02-05,6.66,3.603603603603607,13.063063063063066,31.97139938712972,False,-8.971,3.9047,1,1,1,100.0,26.39068564036221,26.39068564036221,11.396396396396392,3.603603603603607,历史1/1次成功; 当前距低点3.60%; 最新日涨幅-8.97%; 状态bottom_area; 底部未确认
182,74.90266638186385,70.19939437982805,601238,广汽集团,bottom_area,2024-02-05,8.03,2024-02-05,7.72,4.015544041450772,5.440414507772032,27.306967984934083,False,-1.1084,0.433,1,1,1,100.0,23.73567093728929,23.73567093728929,10.984455958549228,4.015544041450772,历史1/1次成功; 当前距低点4.02%; 最新日涨幅-1.11%; 状态bottom_area; 底部未确认
183,74.79819807378863,65.57235664488245,300475,香农芯创,confirmed_rebound,2024-02-05,20.8,2024-02-05,20.71,0.43457267020762846,15.789473684210522,32.40861618798955,False,-12.3472,3.6172,1,1,1,100.0,15.232163080407707,15.232163080407707,14.56542732979237,0.43457267020762846,历史1/1次成功; 当前距低点0.43%; 最新日涨幅-12.35%; 状态confirmed_rebound; 底部未确认
184,74.5314245134692,69.8395820231613,688151,华强科技,bottom_area,2024-02-05,12.98,2024-02-05,12.48,4.006410256410256,13.060897435897429,28.726442033123934,False,-9.547,1.4992,1,1,1,100.0,31.90428713858426,31.90428713858426,10.993589743589743,4.006410256410256,历史1/1次成功; 当前距低点4.01%; 最新日涨幅-9.55%; 状态bottom_area; 底部未确认
185,74.35182535861794,65.4734501438051,002006,精工科技,bottom_area,2024-02-05,8.96,2024-02-05,8.9,0.674157303370792,11.011235955056184,30.086410054988217,False,-9.4034,2.27,2,3,2,66.66666666666666,46.311086714106686,61.48648648648647,14.325842696629207,0.674157303370792,历史2/3次成功; 当前距低点0.67%; 最新日涨幅-9.40%; 状态bottom_area; 底部未确认
186,74.12776966290687,70.52067753606228,688266,泽璟制药,bottom_area,2024-02-05,34.8,2024-02-05,33.2,4.819277108433717,13.765060240963855,28.18516115076789,False,-8.0095,1.5693,2,2,2,100.0,28.86359861984492,39.990774907749085,10.180722891566282,4.819277108433717,历史2/2次成功; 当前距低点4.82%; 最新日涨幅-8.01%; 状态bottom_area; 底部未确认
187,74.04525558200802,66.21426146647376,688025,杰普特,bottom_area,2024-02-05,44.04,2024-02-05,43.39,1.4980410232772496,12.860106015210873,32.07576706324358,False,-9.6801,4.6914,2,3,2,66.66666666666666,20.554453402576446,23.866292660121555,13.50195897672275,1.4980410232772496,历史2/3次成功; 当前距低点1.50%; 最新日涨幅-9.68%; 状态bottom_area; 底部未确认
188,73.7859991632588,67.88281766281621,301323,新莱福,confirmed_rebound,2024-02-05,22.51,2024-02-05,21.85,3.0205949656750577,18.855835240274587,32.31102850061958,False,-12.4465,7.5432,1,1,1,100.0,19.514914970727627,19.514914970727627,11.979405034324941,3.0205949656750577,历史1/1次成功; 当前距低点3.02%; 最新日涨幅-12.45%; 状态confirmed_rebound; 底部未确认
189,73.15422641308581,65.02000347981675,300473,德尔股份,confirmed_rebound,2024-02-05,12.09,2024-02-05,11.95,1.1715481171548165,17.489539748953973,29.038004750593828,False,-13.766,3.8472,2,3,2,66.66666666666666,20.34659419496271,21.37137137137137,13.828451882845183,1.1715481171548165,历史2/3次成功; 当前距低点1.17%; 最新日涨幅-13.77%; 状态confirmed_rebound; 底部未确认
190,73.06812568188923,69.68369001176154,300765,新诺威,bottom_area,2024-02-05,24.8,2024-02-05,23.63,4.951333051206102,14.261531950909864,31.626157407407412,False,-4.5787,3.1939,2,2,2,100.0,25.982415959739026,28.947368421052634,10.048666948793898,4.951333051206102,历史2/2次成功; 当前距低点4.95%; 最新日涨幅-4.58%; 状态bottom_area; 底部未确认
191,72.87170938766704,65.47353770081892,688248,南网科技,bottom_area,2024-02-05,17.43,2024-02-05,17.13,1.7513134851138394,13.076474022183316,29.73748974569319,False,-9.1714,1.9405,2,4,2,50.0,39.12114218751869,49.406593406593416,13.24868651488616,1.7513134851138394,历史2/4次成功; 当前距低点1.75%; 最新日涨幅-9.17%; 状态bottom_area; 底部未确认
192,72.41312891372193,62.96793818584516,002363,隆基机械,bottom_area,2024-02-05,5.19,2024-02-05,5.19,0.0,10.789980732177256,27.51396648044692,False,-10.052,2.9091,2,3,2,66.66666666666666,36.83479311386288,54.96828752642705,15.0,0.0,历史2/3次成功; 当前距低点0.00%; 最新日涨幅-10.05%; 状态bottom_area; 底部未确认
193,72.17305750812612,64.95037992138015,300533,冰川网络,confirmed_rebound,2024-02-05,19.95,2024-02-05,19.59,1.8376722817764135,15.109749872383874,31.263157894736842,False,-9.9323,6.9461,2,3,2,66.66666666666666,28.13766697399834,40.564081294068856,13.162327718223585,1.8376722817764135,历史2/3次成功; 当前距低点1.84%; 最新日涨幅-9.93%; 状态confirmed_rebound; 底部未确认
194,72.15970871810981,67.51521954393257,300567,精测电子,bottom_area,2024-02-05,47.92,2024-02-05,46.11,3.925395792669708,9.39058772500542,28.211116300794025,False,-4.9772,3.8667,1,1,1,100.0,18.414634146341452,18.414634146341452,11.07460420733029,3.925395792669708,历史1/1次成功; 当前距低点3.93%; 最新日涨幅-4.98%; 状态bottom_area; 底部未确认
195,72.13245259179749,62.723871818954336,603028,赛福天,bottom_area,2024-02-05,6.53,2024-02-05,6.53,0.0,11.179173047473192,31.190727081138036,False,-10.0551,1.9376,2,3,2,66.66666666666666,35.522608345632634,43.67816091954023,15.0,0.0,历史2/3次成功; 当前距低点0.00%; 最新日涨幅-10.06%; 状态bottom_area; 底部未确认
196,72.06807008473832,62.66788703020725,002235,安妮股份,bottom_area,2024-02-05,4.55,2024-02-05,4.55,0.0,9.890109890109894,29.237947122861584,False,-9.901,5.0044,2,3,2,66.66666666666666,35.221614857744996,46.16438356164384,15.0,0.0,历史2/3次成功; 当前距低点0.00%; 最新日涨幅-9.90%; 状态bottom_area; 底部未确认
197,71.98992203493745,63.21201459050675,603178,圣龙股份,bottom_area,2024-02-05,25.1,2024-02-05,24.97,0.5206247496996499,11.81417701241491,27.602203537257186,False,-9.058,5.6705,3,5,3,60.0,30.048596880763135,44.66270354096666,14.47937525030035,0.5206247496996499,历史3/5次成功; 当前距低点0.52%; 最新日涨幅-9.06%; 状态bottom_area; 底部未确认
198,71.40054992197442,62.08743471476037,603333,尚纬股份,bottom_area,2024-02-05,3.86,2024-02-05,3.86,0.0,10.62176165803108,32.39929947460596,False,-10.0233,4.6567,2,3,2,66.66666666666666,32.10090348437472,47.19626168224298,15.0,0.0,历史2/3次成功; 当前距低点0.00%; 最新日涨幅-10.02%; 状态bottom_area; 底部未确认
199,71.39293037547735,64.89765283391739,002240,盛新锂能,bottom_area,2024-02-05,17.66,2024-02-05,17.25,2.3768115942028993,8.927536231884053,28.363787375415278,False,-7.3938,2.6604,2,3,2,66.66666666666666,24.247938720609284,33.42198581560282,12.6231884057971,2.3768115942028993,历史2/3次成功; 当前距低点2.38%; 最新日涨幅-7.39%; 状态bottom_area; 底部未确认
200,71.32793920480813,62.02429496070273,002796,世嘉科技,bottom_area,2024-02-05,7.24,2024-02-05,7.24,0.0,11.049723756906062,29.57198443579766,False,-9.9502,2.2811,2,3,2,66.66666666666666,31.7614424410541,36.33841886269071,15.0,0.0,历史2/3次成功; 当前距低点0.00%; 最新日涨幅-9.95%; 状态bottom_area; 底部未确认
201,71.29348282407797,62.06360570153869,001296,长江材料,bottom_area,2024-02-05,16.75,2024-02-05,16.74,0.0597371565113594,10.095579450418168,29.899497487437188,False,-9.9462,7.9538,2,3,2,66.66666666666666,20.446987912461964,20.884413309982484,14.940262843488641,0.0597371565113594,历史2/3次成功; 当前距低点0.06%; 最新日涨幅-9.95%; 状态bottom_area; 底部未确认
202,71.26648519994048,66.86308626634072,300393,中来股份,bottom_area,2024-02-05,7.41,2024-02-05,7.12,4.073033707865169,13.904494382022461,30.73929961089494,False,-8.6313,2.7812,3,4,3,75.0,20.884963012222048,23.89610389610389,10.92696629213483,4.073033707865169,历史3/4次成功; 当前距低点4.07%; 最新日涨幅-8.63%; 状态bottom_area; 底部未确认
203,71.23104577114428,61.94003980099503,002676,顺威股份,bottom_area,2024-02-05,3.19,2024-02-05,3.19,0.0,10.344827586206899,27.002288329519452,False,-9.887,2.3283,2,3,2,66.66666666666666,31.308457711442777,39.33333333333333,15.0,0.0,历史2/3次成功; 当前距低点0.00%; 最新日涨幅-9.89%; 状态bottom_area; 底部未确认
204,71.19141230874558,62.4546181546644,000153,丰原药业,bottom_area,2024-02-05,6.38,2024-02-05,6.35,0.47244094488189375,10.866141732283472,27.262313860252014,False,-9.6317,3.8375,2,3,2,66.66666666666666,27.608155066281913,39.18305597579423,14.527559055118106,0.47244094488189375,历史2/3次成功; 当前距低点0.47%; 最新日涨幅-9.63%; 状态bottom_area; 底部未确认
205,71.1361833999334,61.85755078255079,002375,亚厦股份,bottom_area,2024-02-05,3.2,2024-02-05,3.2,0.0,9.999999999999995,28.089887640449433,False,-9.8592,1.9475,2,3,2,66.66666666666666,30.864968364968366,36.9047619047619,15.0,0.0,历史2/3次成功; 当前距低点0.00%; 最新日涨幅-9.86%; 状态bottom_area; 底部未确认
206,71.06088075939911,61.792070225564444,600338,西藏珠峰,bottom_area,2024-02-05,7.74,2024-02-05,7.74,0.0,8.785529715762271,27.595884003741812,False,-10.0,3.8148,2,3,2,66.66666666666666,30.512922359665453,31.213191990577155,15.0,0.0,历史2/3次成功; 当前距低点0.00%; 最新日涨幅-10.00%; 状态bottom_area; 底部未确认
207,70.99347415707516,61.733455788761006,002761,浙江建投,bottom_area,2024-02-05,7.72,2024-02-05,7.72,0.0,9.974093264248712,27.032136105860115,False,-10.0233,3.5807,3,5,3,60.0,27.975568756779584,43.73730534867976,15.0,0.0,历史3/5次成功; 当前距低点0.00%; 最新日涨幅-10.02%; 状态bottom_area; 底部未确认
208,70.90878676715802,61.65981458013741,002584,西陇科学,bottom_area,2024-02-05,6.16,2024-02-05,6.16,0.0,11.038961038961034,31.40311804008909,False,-9.9415,9.4307,2,4,2,50.0,49.24631494697527,68.08510638297875,15.0,0.0,历史2/4次成功; 当前距低点0.00%; 最新日涨幅-9.94%; 状态bottom_area; 底部未确认
209,70.81365952380953,61.57709523809525,603109,神驰机电,bottom_area,2024-02-05,11.26,2024-02-05,11.26,0.0,10.923623445825935,28.643852978453737,False,-9.992,2.5044,2,3,2,66.66666666666666,29.35714285714286,33.71428571428571,15.0,0.0,历史2/3次成功; 当前距低点0.00%; 最新日涨幅-9.99%; 状态bottom_area; 底部未确认
210,70.65618971965579,61.44016497361373,001332,锡装股份,bottom_area,2024-02-05,21.95,2024-02-05,21.95,0.0,12.072892938496594,28.91839378238342,False,-10.0041,5.7404,2,3,2,66.66666666666666,28.620958639500337,31.086142322097377,15.0,0.0,历史2/3次成功; 当前距低点0.00%; 最新日涨幅-10.00%; 状态bottom_area; 底部未确认
211,70.59116867315736,61.383624933180315,000566,海南海药,bottom_area,2024-02-05,3.1,2024-02-05,3.1,0.0,10.645161290322584,30.957683741648108,False,-9.8837,1.9532,2,3,2,66.66666666666666,28.31697992749272,37.53581661891116,15.0,0.0,历史2/3次成功; 当前距低点0.00%; 最新日涨幅-9.88%; 状态bottom_area; 底部未确认
212,70.58011781352398,61.37401549002086,002658,雪迪龙,bottom_area,2024-02-05,5.18,2024-02-05,5.18,0.0,12.934362934362934,28.55172413793104,False,-9.913,2.8819,2,3,2,66.66666666666666,28.265316254592392,34.81481481481481,15.0,0.0,历史2/3次成功; 当前距低点0.00%; 最新日涨幅-9.91%; 状态bottom_area; 底部未确认
213,70.55444048473068,61.351687378026675,002125,湘潭电化,bottom_area,2024-02-05,6.7,2024-02-05,6.7,0.0,10.746268656716413,29.84293193717278,False,-9.9462,2.139,2,3,2,66.66666666666666,28.145272641720464,32.067510548523195,15.0,0.0,历史2/3次成功; 当前距低点0.00%; 最新日涨幅-9.95%; 状态bottom_area; 底部未确认
214,70.48421130952381,61.290618530020716,002642,荣联科技,bottom_area,2024-02-05,4.73,2024-02-05,4.73,0.0,10.14799154334037,31.84438040345821,False,-10.076,3.9758,2,3,2,66.66666666666666,27.816945501903422,35.253456221198164,15.0,0.0,历史2/3次成功; 当前距低点0.00%; 最新日涨幅-10.08%; 状态bottom_area; 底部未确认
215,70.47605282685247,64.52643773465203,600110,诺德股份,bottom_area,2024-02-05,3.72,2024-02-05,3.62,2.7624309392265216,9.944751381215466,27.016129032258064,False,-7.0,1.6978,2,3,2,66.66666666666666,26.979105426999105,34.251968503937015,12.237569060773478,2.7624309392265216,历史2/3次成功; 当前距低点2.76%; 最新日涨幅-7.00%; 状态bottom_area; 底部未确认
216,70.33800207651315,61.16348006653318,002326,永太科技,bottom_area,2024-02-05,8.16,2024-02-05,8.16,0.0,10.294117647058822,31.139240506329113,False,-10.0331,2.797,2,3,2,66.66666666666666,27.133405375626396,29.837587006960554,15.0,0.0,历史2/3次成功; 当前距低点0.00%; 最新日涨幅-10.03%; 状态bottom_area; 底部未确认
217,70.20732347694522,64.98998982891504,688317,之江生物,bottom_area,2024-02-05,13.26,2024-02-05,12.83,3.351519875292282,14.341387373343725,31.646244006393175,False,-9.6115,1.5354,2,3,2,66.66666666666666,36.69241117158478,38.96296296296296,11.648480124707717,3.351519875292282,历史2/3次成功; 当前距低点3.35%; 最新日涨幅-9.61%; 状态bottom_area; 底部未确认
218,70.02502047373022,63.10990136671111,688302,海创药业,confirmed_rebound,2024-02-05,29.25,2024-02-05,28.7,1.9163763066202117,19.721254355400696,31.909845788849346,False,-13.8693,1.3354,2,4,2,50.0,38.6518244398128,40.24920312952768,13.083623693379787,1.9163763066202117,历史2/4次成功; 当前距低点1.92%; 最新日涨幅-13.87%; 状态confirmed_rebound; 底部未确认
219,69.9837756307849,60.85545707024775,002172,澳洋健康,bottom_area,2024-02-05,2.76,2024-02-05,2.76,0.0,10.869565217391315,29.41176470588236,False,-10.0977,5.5689,3,5,3,60.0,23.255145538966428,29.824561403508774,15.0,0.0,历史3/5次成功; 当前距低点0.00%; 最新日涨幅-10.10%; 状态bottom_area; 底部未确认
220,69.87329666666666,60.7593884057971,000605,渤海股份,bottom_area,2024-02-05,4.55,2024-02-05,4.55,0.0,12.307692307692319,30.000000000000004,False,-10.0791,3.2488,2,3,2,66.66666666666666,24.960869565217386,29.39999999999999,15.0,0.0,历史2/3次成功; 当前距低点0.00%; 最新日涨幅-10.08%; 状态bottom_area; 底部未确认
221,69.79452118026246,61.03251753948859,600379,宝光股份,bottom_area,2024-02-05,6.68,2024-02-05,6.66,0.30030030030029387,10.360360360360353,29.374337221633084,False,-9.7297,4.0972,2,3,2,66.66666666666666,17.85234170702464,19.462365591397834,14.699699699699705,0.30030030030029387,历史2/3次成功; 当前距低点0.30%; 最新日涨幅-9.73%; 状态bottom_area; 底部未确认
222,69.74228369597493,61.06287183945304,000561,烽火电子,bottom_area,2024-02-05,5.47,2024-02-05,5.45,0.3669724770642124,11.0091743119266,28.851174934725847,False,-9.736,2.2138,2,3,2,66.66666666666666,18.832808712326777,22.65060240963854,14.633027522935787,0.3669724770642124,历史2/3次成功; 当前距低点0.37%; 最新日涨幅-9.74%; 状态bottom_area; 底部未确认
223,69.65819025633625,60.57233935333588,000159,国际实业,bottom_area,2024-02-05,4.32,2024-02-05,4.32,0.0,9.953703703703697,28.712871287128706,False,-10.0,2.7851,2,3,2,66.66666666666666,23.9552294982216,28.035982008995493,15.0,0.0,历史2/3次成功; 当前距低点0.00%; 最新日涨幅-10.00%; 状态bottom_area; 底部未确认
224,69.53749251292395,65.96412180052955,300666,江丰电子,bottom_area,2024-02-05,35.0,2024-02-05,33.44,4.665071770334936,13.06818181818183,29.122509537939813,False,-7.5541,3.521,1,1,1,100.0,19.14239482200647,19.14239482200647,10.334928229665064,4.665071770334936,历史1/1次成功; 当前距低点4.67%; 最新日涨幅-7.55%; 状态bottom_area; 底部未确认
225,69.45800005369615,61.07479136414731,603155,新亚强,bottom_area,2024-02-05,15.19,2024-02-05,15.1,0.5960264900662242,11.854304635761597,29.570895522388064,False,-9.4756,0.4769,2,3,2,66.66666666666666,21.70465104748192,25.624375624375624,14.403973509933776,0.5960264900662242,历史2/3次成功; 当前距低点0.60%; 最新日涨幅-9.48%; 状态bottom_area; 底部未确认
226,69.45209592764425,65.78718462744894,688239,航宇科技,bottom_area,2024-02-05,27.59,2024-02-05,26.38,4.586808188021232,12.774829416224417,30.211640211640212,False,-7.4782,3.836,1,1,1,100.0,17.23175965665236,17.23175965665236,10.413191811978766,4.586808188021232,历史1/1次成功; 当前距低点4.59%; 最新日涨幅-7.48%; 状态bottom_area; 底部未确认
227,69.41454226870327,60.360471538002855,002347,泰尔股份,bottom_area,2024-02-05,3.44,2024-02-05,3.44,0.0,9.883720930232553,30.50505050505051,False,-9.9476,5.1077,2,3,2,66.66666666666666,22.816155222237516,29.585798816568047,15.0,0.0,历史2/3次成功; 当前距低点0.00%; 最新日涨幅-9.95%; 状态bottom_area; 底部未确认
228,69.37217346570033,65.89451231218925,300438,鹏辉能源,bottom_area,2024-02-05,17.47,2024-02-05,16.68,4.7362110311750545,13.788968824940055,31.611316113161138,False,-8.8205,5.2119,1,1,1,100.0,19.640179910044974,19.640179910044974,10.263788968824944,4.7362110311750545,历史1/1次成功; 当前距低点4.74%; 最新日涨幅-8.82%; 状态bottom_area; 底部未确认
229,69.33158953564914,60.28833872665144,605162,新中港,bottom_area,2024-02-05,6.27,2024-02-05,6.27,0.0,11.483253588516758,28.34285714285715,False,-10.043,5.078,2,3,2,66.66666666666666,22.428344408520275,26.46502835538753,15.0,0.0,历史2/3次成功; 当前距低点0.00%; 最新日涨幅-10.04%; 状态bottom_area; 底部未确认
230,69.25324587217898,60.220213801894765,605169,洪通燃气,bottom_area,2024-02-05,7.61,2024-02-05,7.61,0.0,9.067017082785812,28.07183364839319,False,-9.9408,3.1012,2,3,2,66.66666666666666,22.06208137219406,26.09375,15.0,0.0,历史2/3次成功; 当前距低点0.00%; 最新日涨幅-9.94%; 状态bottom_area; 底部未确认
231,69.20470670124975,63.519986265075055,301371,敷尔佳,bottom_area,2024-02-05,25.94,2024-02-05,25.21,2.8956763189210646,11.463704879016264,28.278805120910377,False,-7.6868,6.7315,2,3,2,66.66666666666666,23.201406481443037,25.879396984924636,12.104323681078935,2.8956763189210646,历史2/3次成功; 当前距低点2.90%; 最新日涨幅-7.69%; 状态bottom_area; 底部未确认
232,69.09768535825545,60.084943789787346,000510,新金路,bottom_area,2024-02-05,3.66,2024-02-05,3.66,0.0,9.836065573770476,27.95275590551181,False,-10.0737,2.306,2,3,2,66.66666666666666,21.334823242584328,23.043478260869577,15.0,0.0,历史2/3次成功; 当前距低点0.00%; 最新日涨幅-10.07%; 状态bottom_area; 底部未确认
233,69.05513953949914,60.04794742565143,002786,银宝山新,bottom_area,2024-02-05,9.58,2024-02-05,9.58,0.0,11.064718162839252,28.878990348923537,False,-9.9624,4.7576,3,5,3,60.0,18.91369583683563,22.074688796680498,15.0,0.0,历史3/5次成功; 当前距低点0.00%; 最新日涨幅-9.96%; 状态bottom_area; 底部未确认
234,69.03509950979706,60.030521312867016,000695,滨海能源,bottom_area,2024-02-05,6.98,2024-02-05,6.98,0.0,12.60744985673352,32.23300970873787,False,-10.0515,2.0377,2,3,2,66.66666666666666,21.042229280647017,21.910112359550556,15.0,0.0,历史2/3次成功; 当前距低点0.00%; 最新日涨幅-10.05%; 状态bottom_area; 底部未确认
235,68.97002063189534,63.75225668425062,300722,新余国科,bottom_area,2024-02-05,17.35,2024-02-05,16.8,3.273809523809528,11.785714285714288,27.14657415437987,False,-8.5398,1.1144,3,5,3,60.0,26.863131174926565,45.90377113133938,11.726190476190471,3.273809523809528,历史3/5次成功; 当前距低点3.27%; 最新日涨幅-8.54%; 状态bottom_area; 底部未确认
236,68.85841643437863,59.87688385598142,002660,茂硕电源,bottom_area,2024-02-05,6.39,2024-02-05,6.39,0.0,10.641627543036005,29.702970297029708,False,-10.0,5.0598,2,3,2,66.66666666666666,20.21622144792876,24.71428571428572,15.0,0.0,历史2/3次成功; 当前距低点0.00%; 最新日涨幅-10.00%; 状态bottom_area; 底部未确认
237,68.75830063768448,59.78982664146477,002186,全聚德,bottom_area,2024-02-05,8.65,2024-02-05,8.65,0.0,10.982658959537565,32.47462919594067,False,-9.9896,4.3119,2,3,2,66.66666666666666,19.74817190751665,23.20675105485231,15.0,0.0,历史2/3次成功; 当前距低点0.00%; 最新日涨幅-9.99%; 状态bottom_area; 底部未确认
238,68.73330952380951,59.76809523809523,002079,苏州固锝,bottom_area,2024-02-05,7.08,2024-02-05,7.08,0.0,10.59322033898305,27.97558494404883,False,-10.0381,2.4124,2,3,2,66.66666666666666,19.631336405529957,22.488479262672804,15.0,0.0,历史2/3次成功; 当前距低点0.00%; 最新日涨幅-10.04%; 状态bottom_area; 底部未确认
239,68.63067711033989,59.678849661165124,002112,三变科技,bottom_area,2024-02-05,6.77,2024-02-05,6.77,0.0,10.782865583456433,27.593582887700535,False,-9.9734,4.7373,2,3,2,66.66666666666666,19.151521475798162,21.8550106609808,15.0,0.0,历史2/3次成功; 当前距低点0.00%; 最新日涨幅-9.97%; 状态bottom_area; 底部未确认
240,68.55112148036322,59.60967085248976,600408,安泰集团,bottom_area,2024-02-05,1.69,2024-02-05,1.69,0.0,10.059171597633146,28.99159663865546,False,-10.1064,2.165,2,3,2,66.66666666666666,18.779592396898376,21.457489878542503,15.0,0.0,历史2/3次成功; 当前距低点0.00%; 最新日涨幅-10.11%; 状态bottom_area; 底部未确认
241,68.52041390982305,59.582968617237434,002213,大为股份,bottom_area,2024-02-05,8.27,2024-02-05,8.27,0.0,9.915356711003632,30.852842809364557,False,-10.0109,2.4067,2,3,2,66.66666666666666,18.636031992315928,20.248254460822338,15.0,0.0,历史2/3次成功; 当前距低点0.00%; 最新日涨幅-10.01%; 状态bottom_area; 底部未确认
242,68.39437534397365,65.05518987341776,002340,格林美,bottom_area,2024-02-05,4.14,2024-02-05,3.95,4.8101265822784685,10.886075949367081,28.18181818181818,False,-3.7209,1.7355,1,1,1,100.0,16.033755274261598,16.033755274261598,10.189873417721532,4.8101265822784685,历史1/1次成功; 当前距低点4.81%; 最新日涨幅-3.72%; 状态bottom_area; 底部未确认
243,68.37487971046123,59.4564171395315,002774,快意电梯,bottom_area,2024-02-05,5.45,2024-02-05,5.45,0.0,10.458715596330263,30.30690537084399,False,-9.9174,2.5639,2,3,2,66.66666666666666,17.955647703574368,20.862068965517242,15.0,0.0,历史2/3次成功; 当前距低点0.00%; 最新日涨幅-9.92%; 状态bottom_area; 底部未确认
244,68.35355562519032,59.43787445668725,002313,日海智能,bottom_area,2024-02-05,6.35,2024-02-05,6.35,0.0,10.866141732283472,30.752453653217017,False,-9.9291,2.358,2,3,2,66.66666666666666,17.855955860325707,20.08238928939237,15.0,0.0,历史2/3次成功; 当前距低点0.00%; 最新日涨幅-9.93%; 状态bottom_area; 底部未确认
245,68.2259338885914,59.32689903355774,605188,国光连锁,bottom_area,2024-02-05,6.03,2024-02-05,6.03,0.0,9.784411276948587,28.214285714285715,False,-10.0,1.2084,2,3,2,66.66666666666666,17.259313800489593,19.218749999999993,15.0,0.0,历史2/3次成功; 当前距低点0.00%; 最新日涨幅-10.00%; 状态bottom_area; 底部未确认
246,68.07901275611995,59.19914152706083,000868,安凯客车,bottom_area,2024-02-05,3.4,2024-02-05,3.4,0.0,12.05882352941177,27.966101694915253,False,-10.0529,3.0058,3,6,3,50.0,36.016889930434594,69.53846153846153,15.0,0.0,历史3/6次成功; 当前距低点0.00%; 最新日涨幅-10.05%; 状态bottom_area; 底部未确认
247,67.98659594435786,63.31604312246508,603185,弘元绿能,bottom_area,2024-02-05,22.28,2024-02-05,21.49,3.676128431828771,10.516519311307594,29.77124183006537,False,-6.7002,1.772,3,5,3,60.0,29.449548102336955,43.51028702057404,11.323871568171228,3.676128431828771,历史3/5次成功; 当前距低点3.68%; 最新日涨幅-6.70%; 状态bottom_area; 底部未确认
248,67.9583483021947,59.09421591495192,605288,凯迪股份,bottom_area,2024-02-05,30.06,2024-02-05,30.06,0.0,11.11111111111111,30.33603707995365,False,-10.0,1.8938,2,3,2,66.66666666666666,16.00832929185622,16.670746634026916,15.0,0.0,历史2/3次成功; 当前距低点0.00%; 最新日涨幅-10.00%; 状态bottom_area; 底部未确认
249,67.95168601190475,59.08842261904762,603286,日盈电子,bottom_area,2024-02-05,15.49,2024-02-05,15.49,0.0,7.811491284699801,27.413308341143388,False,-9.9942,2.0472,2,3,2,66.66666666666666,15.97718253968253,16.874999999999986,15.0,0.0,历史2/3次成功; 当前距低点0.00%; 最新日涨幅-9.99%; 状态bottom_area; 底部未确认
250,67.92995786126436,62.860558020871494,300339,润和软件,bottom_area,2024-02-05,17.67,2024-02-05,17.1,3.333333333333335,12.163742690058468,28.361960620025133,False,-7.9208,6.5198,2,3,2,66.66666666666666,25.020921259165775,25.615763546798025,11.666666666666664,3.333333333333335,历史2/3次成功; 当前距低点3.33%; 最新日涨幅-7.92%; 状态bottom_area; 底部未确认
251,67.90698299022282,59.04955042628072,603222,济民健康,bottom_area,2024-02-05,5.22,2024-02-05,5.22,0.0,9.578544061302683,27.70083102493075,False,-10.0,2.1968,4,8,4,50.0,35.21263670043394,68.46504559270518,15.0,0.0,历史4/8次成功; 当前距低点0.00%; 最新日涨幅-10.00%; 状态bottom_area; 底部未确认
252,67.70668703190013,58.875380027739254,600202,哈空调,bottom_area,2024-02-05,4.14,2024-02-05,4.14,0.0,9.66183574879228,30.067567567567572,False,-10.0,2.9462,2,4,2,50.0,34.27623670827554,41.50485436893204,15.0,0.0,历史2/4次成功; 当前距低点0.00%; 最新日涨幅-10.00%; 状态bottom_area; 底部未确认
253,67.64601485784188,59.92366535453618,603169,兰石重装,bottom_area,2024-02-05,4.07,2024-02-05,4.03,0.9925558312655095,10.421836228287837,27.51798561151078,False,-9.1518,1.5751,2,3,2,66.66666666666666,20.37648378040259,22.055137844611526,14.007444168734489,0.9925558312655095,历史2/3次成功; 当前距低点0.99%; 最新日涨幅-9.15%; 状态bottom_area; 底部未确认
254,67.17255408641854,61.54742835244325,688115,思林杰,confirmed_rebound,2024-02-05,18.71,2024-02-05,18.2,2.802197802197811,16.42857142857144,32.492581602373896,False,-11.9529,4.3123,3,5,3,60.0,19.44322226588305,23.658728081654015,12.197802197802188,2.802197802197811,历史3/5次成功; 当前距低点2.80%; 最新日涨幅-11.95%; 状态confirmed_rebound; 底部未确认
255,66.82564247051972,61.07506789590528,688318,财富趋势,bottom_area,2024-02-05,90.86,2024-02-05,88.5,2.666666666666666,8.47457627118644,27.45306992376424,False,-7.2857,2.5608,2,4,2,50.0,26.693913418845582,31.374999999999996,12.333333333333334,2.666666666666666,历史2/4次成功; 当前距低点2.67%; 最新日涨幅-7.29%; 状态bottom_area; 底部未确认
256,66.64432477027971,60.28578020167146,300511,雪榕生物,confirmed_rebound,2024-02-05,3.38,2024-02-05,3.31,2.1148036253776388,20.845921450151057,32.31083844580777,False,-14.6465,5.4808,2,4,2,50.0,25.900712191034756,29.220779220779214,12.88519637462236,2.1148036253776388,历史2/4次成功; 当前距低点2.11%; 最新日涨幅-14.65%; 状态confirmed_rebound; 底部未确认
257,66.25894290097028,57.616472087800254,002806,华锋股份,bottom_area,2024-02-05,7.56,2024-02-05,7.56,0.0,11.50793650793651,32.800000000000004,False,-10.0,3.5619,2,4,2,50.0,27.507914450538966,34.66407010710809,15.0,0.0,历史2/4次成功; 当前距低点0.00%; 最新日涨幅-10.00%; 状态bottom_area; 底部未确认
258,66.18290263080434,60.425311224461545,300603,立昂技术,bottom_area,2024-02-05,6.68,2024-02-05,6.51,2.6113671274961585,13.978494623655916,28.303964757709256,False,-10.5756,4.0858,3,6,3,50.0,22.522732662111743,35.36723163841809,12.388632872503841,2.6113671274961585,历史3/6次成功; 当前距低点2.61%; 最新日涨幅-10.58%; 状态bottom_area; 底部未确认
259,66.09086953155247,57.47032133178476,000715,中兴商业,bottom_area,2024-02-05,5.52,2024-02-05,5.52,0.0,10.507246376811597,29.59183673469388,False,-9.9511,4.7208,2,4,2,50.0,26.722157697767457,29.105691056910565,15.0,0.0,历史2/4次成功; 当前距低点0.00%; 最新日涨幅-9.95%; 状态bottom_area; 底部未确认
260,66.08354098808115,57.46394868528797,000428,华天酒店,bottom_area,2024-02-05,2.76,2024-02-05,2.76,0.0,10.869565217391315,32.01970443349754,False,-10.0977,2.8209,2,4,2,50.0,26.687896157462177,28.045977011494273,15.0,0.0,历史2/4次成功; 当前距低点0.00%; 最新日涨幅-10.10%; 状态bottom_area; 底部未确认
261,65.93148796726067,60.39247897677068,300534,陇神戎发,bottom_area,2024-02-05,6.64,2024-02-05,6.46,2.786377708978324,14.70588235294118,28.93289328932893,False,-10.3914,3.91,2,4,2,50.0,24.491506200221796,26.86762778505898,12.213622291021675,2.786377708978324,历史2/4次成功; 当前距低点2.79%; 最新日涨幅-10.39%; 状态bottom_area; 底部未确认
262,65.86720276582193,57.27582849201907,002095,生意宝,bottom_area,2024-02-05,12.27,2024-02-05,12.27,0.0,10.10594947025265,27.22419928825623,False,-9.978,2.4919,2,4,2,50.0,25.67649726891973,33.84030418250951,15.0,0.0,历史2/4次成功; 当前距低点0.00%; 最新日涨幅-9.98%; 状态bottom_area; 底部未确认
263,65.81917997653825,61.09377881186578,002459,晶澳科技,bottom_area,2024-02-05,15.98,2024-02-05,15.44,3.4974093264248767,7.8367875647668335,28.385899814471244,False,-4.483,1.9653,2,3,2,66.66666666666666,17.533362416386222,19.211267605633804,11.502590673575122,3.4974093264248767,历史2/3次成功; 当前距低点3.50%; 最新日涨幅-4.48%; 状态bottom_area; 底部未确认
264,65.7351204933325,57.390729613733924,000430,张家界,bottom_area,2024-02-05,4.67,2024-02-05,4.66,0.214592274678107,10.515021459227473,30.75780089153046,False,-9.8456,4.0754,1,2,1,50.0,53.99999999999999,53.99999999999999,14.785407725321893,0.214592274678107,历史1/2次成功; 当前距低点0.21%; 最新日涨幅-9.85%; 状态bottom_area; 底部未确认
265,65.66638839639398,59.9953801311319,688357,建龙微纳,bottom_area,2024-02-05,34.88,2024-02-05,33.98,2.6486168334314475,12.095350206003552,27.88624787775892,False,-6.6631,0.8831,2,4,2,50.0,20.66788446965378,26.291618828932272,12.351383166568553,2.6486168334314475,历史2/4次成功; 当前距低点2.65%; 最新日涨幅-6.66%; 状态bottom_area; 底部未确认
266,65.64406596591861,57.08179649210315,002845,同兴达,bottom_area,2024-02-05,11.04,2024-02-05,11.04,0.0,10.507246376811597,29.09441233140656,False,-10.0244,4.8466,2,4,2,50.0,24.63331447367287,25.83258325832584,15.0,0.0,历史2/4次成功; 当前距低点0.00%; 最新日涨幅-10.02%; 状态bottom_area; 底部未确认
267,65.52524354287216,56.9784726459758,002759,天际股份,bottom_area,2024-02-05,6.92,2024-02-05,6.92,0.0,10.549132947976885,28.06652806652806,False,-10.013,2.0623,2,4,2,50.0,24.07780992460108,27.166666666666668,15.0,0.0,历史2/4次成功; 当前距低点0.00%; 最新日涨幅-10.01%; 状态bottom_area; 底部未确认
268,65.50458470132239,56.96050843593251,002068,黑猫股份,bottom_area,2024-02-05,6.44,2024-02-05,6.44,0.0,10.403726708074533,32.42392444910807,False,-10.0559,3.1778,2,4,2,50.0,23.9812281501748,32.77777777777777,15.0,0.0,历史2/4次成功; 当前距低点0.00%; 最新日涨幅-10.06%; 状态bottom_area; 底部未确认
269,65.4421802233279,56.90624367245904,600152,维科技术,bottom_area,2024-02-05,4.46,2024-02-05,4.46,0.0,10.313901345291479,29.318541996830422,False,-10.0806,2.3004,2,4,2,50.0,23.6894821099949,24.87644151565074,15.0,0.0,历史2/4次成功; 当前距低点0.00%; 最新日涨幅-10.08%; 状态bottom_area; 底部未确认
270,65.40989492928433,60.21547554112483,605266,健之佳,bottom_area,2024-02-05,44.19,2024-02-05,42.88,3.0550373134328246,8.302238805970138,32.333911945715634,False,-3.452,0.852,2,4,2,50.0,26.833121590062774,33.154615273148806,11.944962686567175,3.0550373134328246,历史2/4次成功; 当前距低点3.06%; 最新日涨幅-3.45%; 状态bottom_area; 底部未确认
271,65.33810738199396,57.70180124223603,000678,襄阳轴承,bottom_area,2024-02-05,4.87,2024-02-01,4.83,0.828157349896481,12.836438923395447,27.368421052631582,True,-9.9815,6.1566,1,2,1,50.0,121.62162162162164,121.62162162162164,14.17184265010352,0.828157349896481,历史1/2次成功; 当前距低点0.83%; 最新日涨幅-9.98%; 状态bottom_area; 底部已确认
272,65.1845710837229,60.24895684569932,300577,开润股份,confirmed_rebound,2024-02-05,9.79,2024-02-05,9.48,3.2700421940928135,15.92827004219409,31.30434782608696,False,-11.2421,3.7478,2,3,2,66.66666666666666,20.419281621313225,23.626373626373624,11.729957805907185,3.2700421940928135,历史2/3次成功; 当前距低点3.27%; 最新日涨幅-11.24%; 状态confirmed_rebound; 底部未确认
273,65.15274126751726,56.65455762392805,603196,璞源材料,bottom_area,2024-02-05,9.01,2024-02-05,9.01,0.0,9.43396226415094,28.83096366508689,False,-9.99,1.3573,2,4,2,50.0,22.33633131144113,22.85714285714286,15.0,0.0,历史2/4次成功; 当前距低点0.00%; 最新日涨幅-9.99%; 状态bottom_area; 底部未确认
274,64.92098267045455,56.45302840909092,000545,金浦钛业,bottom_area,2024-02-05,1.97,2024-02-05,1.97,0.0,11.67512690355331,32.302405498281786,False,-10.0457,1.7996,2,4,2,50.0,21.252840909090914,24.6875,15.0,0.0,历史2/4次成功; 当前距低点0.00%; 最新日涨幅-10.05%; 状态bottom_area; 底部未确认
275,64.69836898344244,56.25945128994994,002724,海洋王,bottom_area,2024-02-05,4.9,2024-02-05,4.9,0.0,10.20408163265306,29.1907514450867,False,-9.9265,1.8609,2,4,2,50.0,20.212103709408286,25.204081632653047,15.0,0.0,历史2/4次成功; 当前距低点0.00%; 最新日涨幅-9.93%; 状态bottom_area; 底部未确认
276,64.68310498231048,56.246178245487386,002316,亚联发展,bottom_area,2024-02-05,3.31,2024-02-05,3.31,0.0,11.178247734138976,32.31083844580777,False,-10.0543,3.136,3,6,3,50.0,20.14074325530848,24.890829694323134,15.0,0.0,历史3/6次成功; 当前距低点0.00%; 最新日涨幅-10.05%; 状态bottom_area; 底部未确认
277,64.53919642943553,56.43694621660288,000712,锦龙股份,bottom_area,2024-02-05,10.02,2024-02-05,9.99,0.30030030030029387,10.210210210210207,30.480167014613773,False,-9.5668,3.1488,1,2,1,50.0,45.922746781115876,45.922746781115876,14.699699699699705,0.30030030030029387,历史1/2次成功; 当前距低点0.30%; 最新日涨幅-9.57%; 状态bottom_area; 底部未确认
278,64.36082981100718,60.4296118724391,300434,金石亚药,bottom_area,2024-02-05,7.34,2024-02-05,7.05,4.113475177304965,14.042553191489352,29.500000000000004,False,-9.2707,1.9561,2,3,2,66.66666666666666,21.514347365740548,26.7379679144385,10.886524822695035,4.113475177304965,历史2/3次成功; 当前距低点4.11%; 最新日涨幅-9.27%; 状态bottom_area; 底部未确认
279,64.23988842699856,56.49742006615216,000762,西藏矿业,bottom_area,2024-02-05,18.25,2024-02-05,18.14,0.6063947078280013,10.363836824696797,30.84254670224933,False,-9.4742,4.5895,1,2,1,50.0,71.15671641791043,71.15671641791043,14.393605292172,0.6063947078280013,历史1/2次成功; 当前距低点0.61%; 最新日涨幅-9.47%; 状态bottom_area; 底部未确认
280,64.21734223683131,57.57018259935553,600935,华塑股份,bottom_area,2024-02-05,2.49,2024-02-05,2.45,1.632653061224491,10.20408163265306,28.3625730994152,False,-8.1181,0.9446,1,2,1,50.0,28.50877192982458,28.50877192982458,13.36734693877551,1.632653061224491,历史1/2次成功; 当前距低点1.63%; 最新日涨幅-8.12%; 状态bottom_area; 底部未确认
281,63.940000000000005,55.60000000000001,000757,浩物股份,bottom_area,2024-02-05,3.13,2024-02-05,3.13,0.0,8.945686900958474,31.208791208791208,False,-10.0575,2.5983,1,2,1,50.0,52.941176470588246,52.941176470588246,15.0,0.0,历史1/2次成功; 当前距低点0.00%; 最新日涨幅-10.06%; 状态bottom_area; 底部未确认
282,63.940000000000005,55.60000000000001,002426,胜利精密,bottom_area,2024-02-05,1.45,2024-02-05,1.45,0.0,11.0344827586207,31.603773584905664,False,-9.9379,2.2375,1,2,1,50.0,51.31578947368419,51.31578947368419,15.0,0.0,历史1/2次成功; 当前距低点0.00%; 最新日涨幅-9.94%; 状态bottom_area; 底部未确认
283,63.940000000000005,55.60000000000001,002577,雷柏科技,bottom_area,2024-02-05,10.77,2024-02-05,10.77,0.0,10.956360259981428,30.872913992297825,False,-10.0251,2.4085,1,2,1,50.0,50.0,50.0,15.0,0.0,历史1/2次成功; 当前距低点0.00%; 最新日涨幅-10.03%; 状态bottom_area; 底部未确认
284,63.940000000000005,55.60000000000001,002685,华东重机,bottom_area,2024-02-05,2.25,2024-02-05,2.25,0.0,9.333333333333332,30.124223602484477,False,-10.0,2.8498,1,2,1,50.0,109.52380952380952,109.52380952380952,15.0,0.0,历史1/2次成功; 当前距低点0.00%; 最新日涨幅-10.00%; 状态bottom_area; 底部未确认
285,63.940000000000005,55.60000000000001,605299,舒华体育,bottom_area,2024-02-05,6.53,2024-02-05,6.53,0.0,11.33231240428789,31.335436382754988,False,-10.0551,1.6452,1,2,1,50.0,56.12903225806454,56.12903225806454,15.0,0.0,历史1/2次成功; 当前距低点0.00%; 最新日涨幅-10.06%; 状态bottom_area; 底部未确认
286,63.81359006570302,55.49007831800263,603211,晋拓股份,bottom_area,2024-02-05,12.55,2024-02-05,12.55,0.0,9.88047808764939,29.49438202247191,False,-9.9713,9.8857,2,4,2,50.0,16.07568988173456,16.951379763469117,15.0,0.0,历史2/4次成功; 当前距低点0.00%; 最新日涨幅-9.97%; 状态bottom_area; 底部未确认
287,63.79453739886464,55.708259597092805,603050,科林电气,bottom_area,2024-02-05,13.31,2024-02-05,13.28,0.2259036144578399,8.734939759036147,27.153044432254532,False,-9.7627,3.5452,1,2,1,50.0,41.09311740890686,41.09311740890686,14.77409638554216,0.2259036144578399,历史1/2次成功; 当前距低点0.23%; 最新日涨幅-9.76%; 状态bottom_area; 底部未确认
288,63.789960546438614,56.487034822325114,688056,莱伯泰科,confirmed_rebound,2024-02-05,19.72,2024-02-05,19.53,0.9728622631848322,15.616999487967215,32.37534626038781,False,-12.8205,1.3693,2,4,2,50.0,31.318068722508198,33.63914373088685,14.027137736815169,0.9728622631848322,历史2/4次成功; 当前距低点0.97%; 最新日涨幅-12.82%; 状态confirmed_rebound; 底部未确认
289,63.55201558322512,57.28327935222672,002106,莱宝高科,bottom_area,2024-02-05,6.89,2024-02-05,6.76,1.9230769230769214,10.94674556213018,27.467811158798288,False,-8.2557,3.1518,1,2,1,50.0,30.526315789473674,30.526315789473674,13.076923076923078,1.9230769230769214,历史1/2次成功; 当前距低点1.92%; 最新日涨幅-8.26%; 状态bottom_area; 底部未确认
290,63.190388863094405,56.355249701424846,603236,移远通信,bottom_area,2024-02-05,30.7,2024-02-05,30.29,1.3535820402773198,10.927698910531536,30.046189376443415,False,-8.7938,3.0424,1,4,1,25.0,39.389337383102855,39.389337383102855,13.64641795972268,1.3535820402773198,历史1/4次成功; 当前距低点1.35%; 最新日涨幅-8.79%; 状态bottom_area; 底部未确认
291,63.115256755031034,56.51411302997409,603229,奥翔药业,bottom_area,2024-02-05,8.42,2024-02-05,8.29,1.5681544028950638,11.09770808202656,27.280701754385973,False,-8.5776,1.7635,1,3,1,33.33333333333333,41.48479427549196,41.48479427549196,13.431845597104935,1.5681544028950638,历史1/3次成功; 当前距低点1.57%; 最新日涨幅-8.58%; 状态bottom_area; 底部未确认
292,63.011861033438315,58.71776651576332,300607,拓斯达,confirmed_rebound,2024-02-05,9.23,2024-02-05,8.9,3.707865168539327,15.168539325842692,29.477020602218694,False,-10.3883,4.3051,2,4,2,50.0,36.99838225824183,45.9265890778872,11.292134831460674,3.707865168539327,历史2/4次成功; 当前距低点3.71%; 最新日涨幅-10.39%; 状态confirmed_rebound; 底部未确认
293,62.91088462039837,54.70511706121598,000980,众泰汽车,bottom_area,2024-02-05,1.95,2024-02-05,1.95,0.0,10.256410256410255,28.044280442804432,False,-9.7222,2.4724,2,5,2,40.0,33.52213473772031,43.49775784753364,15.0,0.0,历史2/5次成功; 当前距低点0.00%; 最新日涨幅-9.72%; 状态bottom_area; 底部未确认
294,62.58938888888889,54.42555555555556,000889,中嘉博创,bottom_area,2024-02-05,1.62,2024-02-05,1.62,0.0,0.0,31.93277310924369,False,-4.7059,0.1943,2,5,2,40.0,32.019115890083626,34.408602150537625,15.0,0.0,历史2/5次成功; 当前距低点0.00%; 最新日涨幅-4.71%; 状态bottom_area; 底部未确认
295,62.46295559007997,57.34353902164292,688225,亚信安全,confirmed_rebound,2024-02-05,11.33,2024-02-05,11.01,2.906448683015443,15.349682107175292,31.401869158878508,False,-11.8288,0.8181,2,4,2,50.0,19.78624741353829,21.557788944723633,12.093551316984556,2.906448683015443,历史2/4次成功; 当前距低点2.91%; 最新日涨幅-11.83%; 状态confirmed_rebound; 底部未确认
296,62.30736365420045,58.734983261983984,300402,宝色股份,confirmed_rebound,2024-02-05,13.26,2024-02-05,12.71,4.327301337529495,15.814319433516912,30.546448087431692,False,-10.3448,2.0754,2,4,2,50.0,44.68403393307115,61.64021164021163,10.672698662470504,4.327301337529495,历史2/4次成功; 当前距低点4.33%; 最新日涨幅-10.34%; 状态confirmed_rebound; 底部未确认
297,62.30726248787916,59.21155238867477,688235,百济神州,bottom_area,2024-02-05,103.19,2024-02-05,98.5,4.761421319796952,7.380710659898473,28.37926270631862,False,1.1567,2.7992,1,2,1,50.0,42.997811816192545,42.997811816192545,10.238578680203048,4.761421319796952,历史1/2次成功; 当前距低点4.76%; 最新日涨幅1.16%; 状态bottom_area; 底部未确认
298,62.2853421738185,56.11187643020597,300337,银邦股份,confirmed_rebound,2024-02-05,4.84,2024-02-05,4.75,1.8947368421052602,16.84210526315789,30.35190615835777,False,-12.9496,4.9459,1,2,1,50.0,34.09610983981694,34.09610983981694,13.10526315789474,1.8947368421052602,历史1/2次成功; 当前距低点1.89%; 最新日涨幅-12.95%; 状态confirmed_rebound; 底部未确认
299,62.21551038954565,54.22498576700055,000503,国新健康,bottom_area,2024-02-05,8.14,2024-02-05,8.13,0.12300123001229749,11.070110701106993,30.094582975064487,False,-9.856,3.4627,1,2,1,50.0,31.85714285714286,31.85714285714286,14.8769987699877,0.12300123001229749,历史1/2次成功; 当前距低点0.12%; 最新日涨幅-9.86%; 状态bottom_area; 底部未确认
300,61.61427178603232,57.81651998321339,300359,全通教育,confirmed_rebound,2024-02-05,3.57,2024-02-05,3.43,4.081632653061215,17.78425655976676,31.262525050100198,False,-12.5,3.0376,2,3,2,66.66666666666666,17.290192287775735,18.19484240687678,10.918367346938783,4.081632653061215,历史2/3次成功; 当前距低点4.08%; 最新日涨幅-12.50%; 状态confirmed_rebound; 底部未确认
301,61.59230094466934,56.25526315789473,002497,雅化集团,bottom_area,2024-02-05,8.58,2024-02-05,8.36,2.631578947368429,12.20095693779906,29.924559932942163,False,-7.2432,2.5289,1,2,1,50.0,33.68421052631579,33.68421052631579,12.36842105263157,2.631578947368429,历史1/2次成功; 当前距低点2.63%; 最新日涨幅-7.24%; 状态bottom_area; 底部未确认
302,61.388899082568805,53.38165137614679,002495,佳隆股份,bottom_area,2024-02-05,2.09,2024-02-05,2.09,0.0,11.004784688995215,27.430555555555557,False,-9.9138,2.7301,1,2,1,50.0,38.07339449541283,38.07339449541283,15.0,0.0,历史1/2次成功; 当前距低点0.00%; 最新日涨幅-9.91%; 状态bottom_area; 底部未确认
303,61.333443256147355,55.01751561360335,688108,赛诺医疗,bottom_area,2024-02-05,7.94,2024-02-05,7.81,1.6645326504481535,13.572343149807933,30.454140694568128,False,-10.5856,3.8251,1,2,1,50.0,15.175537938844846,15.175537938844846,13.335467349551847,1.6645326504481535,历史1/2次成功; 当前距低点1.66%; 最新日涨幅-10.59%; 状态bottom_area; 底部未确认
304,61.150460183106034,56.79409494578712,688320,禾川科技,bottom_area,2024-02-05,22.88,2024-02-05,22.1,3.529411764705871,13.936651583710399,30.04115226337448,False,-11.7965,2.9164,2,5,2,40.0,35.920181555465064,38.29133374308544,11.470588235294128,3.529411764705871,历史2/5次成功; 当前距低点3.53%; 最新日涨幅-11.80%; 状态bottom_area; 底部未确认
305,60.64506160506164,54.887619047619076,300446,航天智造,confirmed_rebound,2024-02-05,10.01,2024-02-05,9.8,2.142857142857133,17.14285714285714,31.707317073170728,False,-12.8049,7.9002,1,3,1,33.33333333333333,51.92697768762679,51.92697768762679,12.857142857142867,2.142857142857133,历史1/3次成功; 当前距低点2.14%; 最新日涨幅-12.80%; 状态confirmed_rebound; 底部未确认
306,60.46302469135802,52.57654320987655,002278,神开股份,bottom_area,2024-02-05,3.92,2024-02-05,3.92,0.0,10.459183673469392,29.749103942652333,False,-10.0917,4.4413,1,2,1,50.0,33.74485596707818,33.74485596707818,15.0,0.0,历史1/2次成功; 当前距低点0.00%; 最新日涨幅-10.09%; 状态bottom_area; 底部未确认
307,60.4506532217431,53.83612711806269,603033,三维股份,bottom_area,2024-02-05,10.3,2024-02-05,10.17,1.2782694198623479,11.799410029498517,29.619377162629757,False,-8.8496,1.265,1,4,1,25.0,24.922480620155024,24.922480620155024,13.72173058013765,1.2782694198623479,历史1/4次成功; 当前距低点1.28%; 最新日涨幅-8.85%; 状态bottom_area; 底部未确认
308,60.412684989429174,52.53276955602537,002679,福建金森,bottom_area,2024-02-05,8.66,2024-02-05,8.66,0.0,12.240184757505778,29.478827361563514,False,-9.9792,2.3096,1,2,1,50.0,33.50951374207188,33.50951374207188,15.0,0.0,历史1/2次成功; 当前距低点0.00%; 最新日涨幅-9.98%; 状态bottom_area; 底部未确认
309,60.20013449367089,52.34794303797469,600301,华锡有色,bottom_area,2024-02-05,9.54,2024-02-05,9.54,0.0,8.490566037735855,27.50759878419454,False,-10.0,5.3059,1,2,1,50.0,32.51582278481012,32.51582278481012,15.0,0.0,历史1/2次成功; 当前距低点0.00%; 最新日涨幅-10.00%; 状态bottom_area; 底部未确认
310,60.18459380446727,54.23786538933921,300657,弘信电子,bottom_area,2024-02-05,11.72,2024-02-05,11.5,1.913043478260875,12.78260869565218,29.620563035495717,False,-10.8067,4.4947,1,3,1,33.33333333333333,33.47457627118643,33.47457627118643,13.086956521739124,1.913043478260875,历史1/3次成功; 当前距低点1.91%; 最新日涨幅-10.81%; 状态bottom_area; 底部未确认
311,60.03662711793636,54.70269681320985,600416,湘电股份,bottom_area,2024-02-05,9.83,2024-02-05,9.59,2.5026068821689282,10.531803962460895,27.840481565086527,False,-7.6995,2.3327,1,2,1,50.0,23.756131744919415,23.756131744919415,12.497393117831072,2.5026068821689282,历史1/2次成功; 当前距低点2.50%; 最新日涨幅-7.70%; 状态bottom_area; 底部未确认
312,59.979554621848735,52.15613445378151,688068,热景生物,bottom_area,2024-02-05,24.56,2024-02-05,24.56,0.0,12.540716612377858,29.078833381461173,False,-11.1754,1.9663,1,2,1,50.0,31.484593837534998,31.484593837534998,15.0,0.0,历史1/2次成功; 当前距低点0.00%; 最新日涨幅-11.18%; 状态bottom_area; 底部未确认
313,59.9313028670865,52.11417640616218,600367,红星发展,bottom_area,2024-02-05,8.16,2024-02-05,8.16,0.0,10.906862745098046,29.776247848537,False,-10.0331,2.0181,2,5,2,40.0,19.59234626968914,24.161490683229793,15.0,0.0,历史2/5次成功; 当前距低点0.00%; 最新日涨幅-10.03%; 状态bottom_area; 底部未确认
314,59.918008932335574,52.10261646290051,002331,皖通科技,bottom_area,2024-02-05,5.4,2024-02-05,5.4,0.0,11.111111111111104,30.680359435173294,False,-10.0,3.4621,2,5,2,40.0,19.530196037099497,21.247892074199,15.0,0.0,历史2/5次成功; 当前距低点0.00%; 最新日涨幅-10.00%; 状态bottom_area; 底部未确认
315,59.90070436184783,54.134470838794236,002651,利君股份,bottom_area,2024-02-05,4.45,2024-02-05,4.36,2.0642201834862353,10.779816513761462,29.105691056910565,False,-8.0579,2.6677,1,2,1,50.0,15.327380952380956,15.327380952380956,12.935779816513765,2.0642201834862353,历史1/2次成功; 当前距低点2.06%; 最新日涨幅-8.06%; 状态bottom_area; 底部未确认
316,59.88866410134975,52.077099218565,002707,众信旅游,bottom_area,2024-02-05,5.3,2024-02-05,5.3,0.0,9.24528301886793,27.69440654843111,False,-10.017,3.0492,2,5,2,40.0,19.393006551424737,23.252032520325198,15.0,0.0,历史2/5次成功; 当前距低点0.00%; 最新日涨幅-10.02%; 状态bottom_area; 底部未确认
317,59.8640459263767,52.843951797905,002255,海陆重工,bottom_area,2024-02-05,3.76,2024-02-05,3.73,0.8042895442359197,10.455764075067027,28.131021194605015,False,-9.1787,4.8411,1,2,1,50.0,32.783505154639194,32.783505154639194,14.195710455764079,0.8042895442359197,历史1/2次成功; 当前距低点0.80%; 最新日涨幅-9.18%; 状态bottom_area; 底部未确认
318,59.86205035971223,52.05395683453238,000688,国城矿业,bottom_area,2024-02-05,7.49,2024-02-05,7.49,0.0,11.214953271028035,27.42248062015504,False,-9.976,0.9118,1,2,1,50.0,30.935251798561143,30.935251798561143,15.0,0.0,历史1/2次成功; 当前距低点0.00%; 最新日涨幅-9.98%; 状态bottom_area; 底部未确认
319,59.85833333333334,52.05072463768117,002860,星帅尔,bottom_area,2024-02-05,7.88,2024-02-05,7.88,0.0,10.406091370558368,29.45389435989257,False,-9.9429,3.9622,1,2,1,50.0,30.917874396135282,30.917874396135282,15.0,0.0,历史1/2次成功; 当前距低点0.00%; 最新日涨幅-9.94%; 状态bottom_area; 底部未确认
320,59.78083333333333,51.983333333333334,002551,尚荣医疗,bottom_area,2024-02-05,2.63,2024-02-05,2.63,0.0,11.02661596958175,31.510416666666668,False,-9.9315,3.4291,1,3,1,33.33333333333333,52.61780104712043,52.61780104712043,15.0,0.0,历史1/3次成功; 当前距低点0.00%; 最新日涨幅-9.93%; 状态bottom_area; 底部未确认
321,59.78083333333333,51.983333333333334,002585,双星新材,bottom_area,2024-02-05,5.04,2024-02-05,5.04,0.0,12.896825396825404,29.411764705882348,False,-10.0,2.7785,1,3,1,33.33333333333333,56.338028169014066,56.338028169014066,15.0,0.0,历史1/3次成功; 当前距低点0.00%; 最新日涨幅-10.00%; 状态bottom_area; 底部未确认
322,59.78083333333333,51.983333333333334,002753,永东股份,bottom_area,2024-02-05,5.19,2024-02-05,5.19,0.0,11.56069364161849,31.53034300791556,False,-10.052,3.616,1,3,1,33.33333333333333,69.36936936936937,69.36936936936937,15.0,0.0,历史1/3次成功; 当前距低点0.00%; 最新日涨幅-10.05%; 状态bottom_area; 底部未确认
323,59.78083333333333,51.983333333333334,603273,天元智能,bottom_area,2024-02-05,15.23,2024-02-05,15.23,0.0,11.030860144451736,29.81566820276497,False,-9.9882,9.5077,1,3,1,33.33333333333333,201.34228187919464,201.34228187919464,15.0,0.0,历史1/3次成功; 当前距低点0.00%; 最新日涨幅-9.99%; 状态bottom_area; 底部未确认
324,59.568057432432425,51.79831081081081,600105,永鼎股份,bottom_area,2024-02-05,3.56,2024-02-05,3.56,0.0,10.674157303370784,28.94211576846307,False,-10.101,2.6683,1,2,1,50.0,29.56081081081081,29.56081081081081,15.0,0.0,历史1/2次成功; 当前距低点0.00%; 最新日涨幅-10.10%; 状态bottom_area; 底部未确认
325,59.51284849443746,53.247284559436146,300507,苏奥传感,confirmed_rebound,2024-02-05,3.99,2024-02-05,3.93,1.5267175572519098,16.28498727735369,31.53310104529617,False,-12.6915,3.7275,1,3,1,33.33333333333333,33.6283185840708,33.6283185840708,13.473282442748088,1.5267175572519098,历史1/3次成功; 当前距低点1.53%; 最新日涨幅-12.69%; 状态confirmed_rebound; 底部未确认
326,59.508605577689245,51.746613545816736,600319,亚星化学,bottom_area,2024-02-05,3.58,2024-02-05,3.58,0.0,10.614525139664801,30.620155038759687,False,-10.0503,2.425,1,2,1,50.0,29.282868525896426,29.282868525896426,15.0,0.0,历史1/2次成功; 当前距低点0.00%; 最新日涨幅-10.05%; 状态bottom_area; 底部未确认
327,59.4207216211786,52.51511904761905,002566,益盛药业,bottom_area,2024-02-05,5.81,2024-02-05,5.76,0.8680555555555525,10.763888888888891,29.841656516443372,False,-9.2188,4.641,1,2,1,50.0,31.79723502304148,31.79723502304148,14.131944444444446,0.8680555555555525,历史1/2次成功; 当前距低点0.87%; 最新日涨幅-9.22%; 状态bottom_area; 底部未确认
328,59.39182193439865,52.60455172413793,300420,五洋自控,bottom_area,2024-02-05,2.05,2024-02-05,2.03,0.9852216748768483,12.315270935960593,27.240143369175634,False,-10.8696,2.2445,2,5,2,40.0,22.047619047619047,22.666666666666657,14.014778325123151,0.9852216748768483,历史2/5次成功; 当前距低点0.99%; 最新日涨幅-10.87%; 状态bottom_area; 底部未确认
329,59.341150000000006,51.601000000000006,600287,苏豪时尚,bottom_area,2024-02-05,4.36,2024-02-05,4.36,0.0,12.155963302752278,28.171334431630967,False,-9.9174,2.0021,1,2,1,50.0,28.499999999999993,28.499999999999993,15.0,0.0,历史1/2次成功; 当前距低点0.00%; 最新日涨幅-9.92%; 状态bottom_area; 底部未确认
330,59.31900688863375,51.58174512055109,001319,铭科精技,bottom_area,2024-02-05,15.75,2024-02-05,15.75,0.0,10.920634920634914,28.37653478854024,False,-10.0,2.7701,1,2,1,50.0,28.396479142747793,28.396479142747793,15.0,0.0,历史1/2次成功; 当前距低点0.00%; 最新日涨幅-10.00%; 状态bottom_area; 底部未确认
331,59.30143490966028,52.91707150458493,002342,巨力索具,bottom_area,2024-02-05,2.93,2024-02-05,2.89,1.3840830449827002,10.03460207612457,27.204030226700255,False,-8.7227,3.0259,1,3,1,33.33333333333333,19.889502762430933,19.889502762430933,13.6159169550173,1.3840830449827002,历史1/3次成功; 当前距低点1.38%; 最新日涨幅-8.72%; 状态bottom_area; 底部未确认
332,59.27323925206934,53.51330917576197,688327,云从科技,confirmed_rebound,2024-02-05,10.15,2024-02-05,9.95,2.0100502512562923,16.78391959798995,31.708991077556632,False,-12.5754,5.0213,2,6,2,33.33333333333333,24.31661513598373,25.853071055800886,12.989949748743706,2.0100502512562923,历史2/6次成功; 当前距低点2.01%; 最新日涨幅-12.58%; 状态confirmed_rebound; 底部未确认
333,59.158100961538466,51.44182692307693,002329,皇氏集团,bottom_area,2024-02-05,3.63,2024-02-05,3.63,0.0,10.468319559228648,31.76691729323309,False,-9.9256,4.4699,1,2,1,50.0,27.644230769230756,27.644230769230756,15.0,0.0,历史1/2次成功; 当前距低点0.00%; 最新日涨幅-9.93%; 状态bottom_area; 底部未确认
334,59.1390380761523,51.425250501002004,603269,海鸥股份,bottom_area,2024-02-05,8.55,2024-02-05,8.55,0.0,11.461988304093552,31.545236188951158,False,-10.0,2.6087,1,2,1,50.0,27.55511022044088,27.55511022044088,15.0,0.0,历史1/2次成功; 当前距低点0.00%; 最新日涨幅-10.00%; 状态bottom_area; 底部未确认
335,59.12816176470587,51.41579283887467,002272,川润股份,bottom_area,2024-02-05,4.1,2024-02-05,4.1,0.0,9.512195121951233,30.27210884353742,False,-9.8901,3.6677,1,4,1,25.0,48.337595907928375,48.337595907928375,15.0,0.0,历史1/4次成功; 当前距低点0.00%; 最新日涨幅-9.89%; 状态bottom_area; 底部未确认
336,59.08145957731728,51.37518224114547,002370,亚太药业,bottom_area,2024-02-05,2.89,2024-02-05,2.89,0.0,10.726643598615919,27.204030226700255,False,-9.9688,3.3544,2,5,2,40.0,15.619259360997129,15.633423180592995,15.0,0.0,历史2/5次成功; 当前距低点0.00%; 最新日涨幅-9.97%; 状态bottom_area; 底部未确认
337,58.99828324567994,51.30285499624343,001322,箭牌家居,bottom_area,2024-02-05,8.35,2024-02-05,8.35,0.0,10.658682634730546,28.01724137931035,False,-10.0216,4.3268,1,2,1,50.0,26.897069872276486,26.897069872276486,15.0,0.0,历史1/2次成功; 当前距低点0.00%; 最新日涨幅-10.02%; 状态bottom_area; 底部未确认
338,58.82772727272727,51.154545454545456,603022,新通联,bottom_area,2024-02-05,6.7,2024-02-05,6.7,0.0,10.0,31.910569105691057,False,-9.9462,2.6286,1,2,1,50.0,26.099706744868023,26.099706744868023,15.0,0.0,历史1/2次成功; 当前距低点0.00%; 最新日涨幅-9.95%; 状态bottom_area; 底部未确认
339,58.811547619047616,51.14047619047619,002164,宁波东力,bottom_area,2024-02-05,3.77,2024-02-05,3.77,0.0,10.610079575596815,29.135338345864664,False,-10.0239,3.2986,1,3,1,33.33333333333333,45.468509984639034,45.468509984639034,15.0,0.0,历史1/3次成功; 当前距低点0.00%; 最新日涨幅-10.02%; 状态bottom_area; 底部未确认
340,58.80754691689007,51.13699731903485,603188,亚邦股份,bottom_area,2024-02-05,2.52,2024-02-05,2.52,0.0,9.920634920634921,30.76923076923077,False,-10.0,1.0184,1,2,1,50.0,26.005361930294914,26.005361930294914,15.0,0.0,历史1/2次成功; 当前距低点0.00%; 最新日涨幅-10.00%; 状态bottom_area; 底部未确认
341,58.78730917348169,53.63624568437464,300455,航天智装,bottom_area,2024-02-05,7.57,2024-02-05,7.38,2.574525745257458,14.769647696476977,30.76923076923077,False,-11.2544,2.4859,1,2,1,50.0,18.904109589041095,18.904109589041095,12.425474254742541,2.574525745257458,历史1/2次成功; 当前距低点2.57%; 最新日涨幅-11.25%; 状态bottom_area; 底部未确认
342,58.76979108066391,53.461246862709174,301510,固高科技,bottom_area,2024-02-05,22.05,2024-02-05,21.53,2.4152345564328823,12.122619600557359,30.72715572715572,False,-9.5199,8.0457,1,2,1,50.0,16.010654039656714,16.010654039656714,12.584765443567116,2.4152345564328823,历史1/2次成功; 当前距低点2.42%; 最新日涨幅-9.52%; 状态bottom_area; 底部未确认
343,58.67802292638549,53.35174080289633,002218,拓日新能,bottom_area,2024-02-05,3.0,2024-02-05,2.93,2.3890784982935096,10.921501706484635,28.186274509803923,False,-7.6923,1.457,1,2,1,50.0,15.10128913443831,15.10128913443831,12.61092150170649,2.3890784982935096,历史1/2次成功; 当前距低点2.39%; 最新日涨幅-7.69%; 状态bottom_area; 底部未确认
344,58.66598351001177,51.01389870435806,002009,天奇股份,bottom_area,2024-02-05,8.1,2024-02-05,8.1,0.0,9.876543209876552,29.195804195804197,False,-10.0,3.4205,1,3,1,33.33333333333333,44.78798586572438,44.78798586572438,15.0,0.0,历史1/3次成功; 当前距低点0.00%; 最新日涨幅-10.00%; 状态bottom_area; 底部未确认
345,58.57209167646245,53.2854988747187,002602,世纪华通,bottom_area,2024-02-05,3.81,2024-02-05,3.72,2.4193548387096735,9.677419354838705,27.485380116959057,False,-7.5243,2.1147,1,2,1,50.0,15.116279069767447,15.116279069767447,12.580645161290327,2.4193548387096735,历史1/2次成功; 当前距低点2.42%; 最新日涨幅-7.52%; 状态bottom_area; 底部未确认
346,58.56991861868488,51.17195316712457,002641,公元股份,bottom_area,2024-02-05,3.96,2024-02-05,3.95,0.2531645569620199,11.392405063291143,27.389705882352942,False,-9.795,3.9951,1,2,1,50.0,17.038539553752532,17.038539553752532,14.746835443037979,0.2531645569620199,历史1/2次成功; 当前距低点0.25%; 最新日涨幅-9.79%; 状态bottom_area; 底部未确认
347,58.5644693068255,51.12147575660646,002338,奥普光电,bottom_area,2024-02-05,19.52,2024-02-05,19.48,0.20533880903490323,12.88501026694044,28.38235294117647,False,-9.7967,3.8047,1,2,1,50.0,16.18090452261308,16.18090452261308,14.794661190965098,0.20533880903490323,历史1/2次成功; 当前距低点0.21%; 最新日涨幅-9.80%; 状态bottom_area; 底部未确认
348,58.558147751606,50.92012847965739,000514,渝开发,bottom_area,2024-02-05,3.16,2024-02-05,3.16,0.0,10.759493670886071,29.621380846325167,False,-9.9715,2.6163,1,2,1,50.0,24.839400428265527,24.839400428265527,15.0,0.0,历史1/2次成功; 当前距低点0.00%; 最新日涨幅-9.97%; 状态bottom_area; 底部未确认
349,58.55487444665286,51.07054008156901,000829,天音控股,bottom_area,2024-02-05,6.23,2024-02-05,6.22,0.16077170418007516,12.700964630225082,29.717514124293785,False,-9.8408,3.9461,1,3,1,33.33333333333333,34.80519480519481,34.80519480519481,14.839228295819925,0.16077170418007516,历史1/3次成功; 当前距低点0.16%; 最新日涨幅-9.84%; 状态bottom_area; 底部未确认
350,58.4991412911084,50.86881851400731,603078,江化微,bottom_area,2024-02-05,9.95,2024-02-05,9.95,0.0,10.452261306532673,27.793904208998548,False,-9.9548,3.0168,1,2,1,50.0,24.563540397888758,24.563540397888758,15.0,0.0,历史1/2次成功; 当前距低点0.00%; 最新日涨幅-9.95%; 状态bottom_area; 底部未确认
351,58.45833333333332,50.83333333333333,002084,海鸥住工,bottom_area,2024-02-05,2.62,2024-02-05,2.62,0.0,9.923664122137396,32.12435233160622,False,-9.9656,1.7561,1,3,1,33.33333333333333,43.81720430107525,43.81720430107525,15.0,0.0,历史1/3次成功; 当前距低点0.00%; 最新日涨幅-9.97%; 状态bottom_area; 底部未确认
352,58.39921686746988,50.78192771084338,002114,罗平锌电,bottom_area,2024-02-05,4.91,2024-02-05,4.91,0.0,10.590631364562109,29.656160458452725,False,-10.0733,3.3053,1,2,1,50.0,24.096385542168683,24.096385542168683,15.0,0.0,历史1/2次成功; 当前距低点0.00%; 最新日涨幅-10.07%; 状态bottom_area; 底部未确认
353,58.378600000000006,50.76400000000001,002580,圣阳股份,bottom_area,2024-02-05,5.42,2024-02-05,5.42,0.0,11.070110701107003,30.42362002567394,False,-9.9668,3.6669,1,2,1,50.0,24.0,24.0,15.0,0.0,历史1/2次成功; 当前距低点0.00%; 最新日涨幅-9.97%; 状态bottom_area; 底部未确认
354,58.35726678043232,50.745449374288974,000753,漳州发展,bottom_area,2024-02-05,2.84,2024-02-05,2.84,0.0,10.915492957746482,29.353233830845767,False,-10.1266,2.046,1,3,1,33.33333333333333,43.344709897610926,43.344709897610926,15.0,0.0,历史1/3次成功; 当前距低点0.00%; 最新日涨幅-10.13%; 状态bottom_area; 底部未确认
355,58.321858638743464,50.714659685863886,002298,中电鑫龙,bottom_area,2024-02-05,3.5,2024-02-05,3.5,0.0,9.71428571428571,29.57746478873239,False,-10.0257,2.8029,1,2,1,50.0,23.734729493891784,23.734729493891784,15.0,0.0,历史1/2次成功; 当前距低点0.00%; 最新日涨幅-10.03%; 状态bottom_area; 底部未确认
356,58.26407086614173,50.6644094488189,002451,摩恩电气,bottom_area,2024-02-05,4.73,2024-02-05,4.73,0.0,9.725158562367863,31.249999999999993,False,-9.9048,3.958,1,2,1,50.0,23.464566929133863,23.464566929133863,15.0,0.0,历史1/2次成功; 当前距低点0.00%; 最新日涨幅-9.90%; 状态bottom_area; 底部未确认
357,58.24682519859673,51.20483421834123,002864,盘龙药业,bottom_area,2024-02-05,24.13,2024-02-05,23.99,0.5835764902042542,9.629012088370164,29.00266350991418,False,-9.4899,5.557,1,2,1,50.0,21.26553019358567,21.26553019358567,14.416423509795745,0.5835764902042542,历史1/2次成功; 当前距低点0.58%; 最新日涨幅-9.49%; 状态bottom_area; 底部未确认
358,58.06242116134043,51.9157358838627,688070,纵横股份,confirmed_rebound,2024-02-05,21.09,2024-02-05,20.78,1.4918190567853644,18.76804619826756,32.81603621079857,False,-12.125,1.7436,1,3,1,33.33333333333333,26.04166666666665,26.04166666666665,13.508180943214635,1.4918190567853644,历史1/3次成功; 当前距低点1.49%; 最新日涨幅-12.12%; 状态confirmed_rebound; 底部未确认
359,58.03322018348625,50.463669724770654,603080,新疆火炬,bottom_area,2024-02-05,11.54,2024-02-05,11.54,0.0,9.185441941074528,29.805352798053537,False,-9.9844,4.1036,1,2,1,50.0,22.385321100917427,22.385321100917427,15.0,0.0,历史1/2次成功; 当前距低点0.00%; 最新日涨幅-9.98%; 状态bottom_area; 底部未确认
360,58.031997167138805,50.46260623229462,002712,思美传媒,bottom_area,2024-02-05,3.77,2024-02-05,3.77,0.0,8.753315649867364,29.001883239171367,False,-10.0239,2.614,1,2,1,50.0,22.379603399433442,22.379603399433442,15.0,0.0,历史1/2次成功; 当前距低点0.00%; 最新日涨幅-10.02%; 状态bottom_area; 底部未确认
361,58.01889273356401,50.45121107266436,603256,宏和科技,bottom_area,2024-02-05,5.45,2024-02-05,5.45,0.0,9.357798165137611,27.333333333333332,False,-9.9174,0.4561,1,2,1,50.0,22.318339100346023,22.318339100346023,15.0,0.0,历史1/2次成功; 当前距低点0.00%; 最新日涨幅-9.92%; 状态bottom_area; 底部未确认
362,57.97389460154242,50.4120822622108,002599,盛通股份,bottom_area,2024-02-05,4.33,2024-02-05,4.33,0.0,10.161662817551951,27.712854757929883,False,-9.9792,4.3976,1,2,1,50.0,22.107969151670947,22.107969151670947,15.0,0.0,历史1/2次成功; 当前距低点0.00%; 最新日涨幅-9.98%; 状态bottom_area; 底部未确认
363,57.891037216828465,50.34003236245954,002167,东方锆业,bottom_area,2024-02-05,4.14,2024-02-05,4.14,0.0,9.66183574879228,28.98799313893654,False,-10.0,2.5869,1,3,1,33.33333333333333,41.1650485436893,41.1650485436893,15.0,0.0,历史1/3次成功; 当前距低点0.00%; 最新日涨幅-10.00%; 状态bottom_area; 底部未确认
364,57.83369273743017,50.29016759776537,605177,东亚药业,bottom_area,2024-02-05,16.55,2024-02-05,16.55,0.0,11.419939577039278,29.514480408858603,False,-10.0054,2.6001,1,2,1,50.0,21.452513966480446,21.452513966480446,15.0,0.0,历史1/2次成功; 当前距低点0.00%; 最新日涨幅-10.01%; 状态bottom_area; 底部未确认
365,57.76572340425532,50.23106382978724,603038,华立股份,bottom_area,2024-02-05,8.89,2024-02-05,8.89,0.0,12.260967379077613,31.615384615384613,False,-10.0202,5.135,1,2,1,50.0,21.134751773049636,21.134751773049636,15.0,0.0,历史1/2次成功; 当前距低点0.00%; 最新日涨幅-10.02%; 状态bottom_area; 底部未确认
366,57.75805494505493,50.224395604395596,002474,榕基软件,bottom_area,2024-02-05,4.18,2024-02-05,4.18,0.0,10.765550239234454,30.217028380634396,False,-9.9138,3.2237,1,2,1,50.0,21.0989010989011,21.0989010989011,15.0,0.0,历史1/2次成功; 当前距低点0.00%; 最新日涨幅-9.91%; 状态bottom_area; 底部未确认
367,57.75395833333334,50.22083333333334,600292,电投水电,bottom_area,2024-02-05,4.49,2024-02-05,4.49,0.0,10.244988864142538,27.346278317152095,False,-10.02,2.4241,1,3,1,33.33333333333333,40.524193548387096,40.524193548387096,15.0,0.0,历史1/3次成功; 当前距低点0.00%; 最新日涨幅-10.02%; 状态bottom_area; 底部未确认
368,57.73312595741087,52.671390644753494,300451,创业慧康,confirmed_rebound,2024-02-05,3.59,2024-02-05,3.5,2.571428571428567,15.714285714285708,31.10236220472441,False,-12.2249,5.3624,1,2,1,50.0,23.89380530973452,23.89380530973452,12.428571428571432,2.571428571428567,历史1/2次成功; 当前距低点2.57%; 最新日涨幅-12.22%; 状态confirmed_rebound; 底部未确认
369,57.72825757575758,50.19848484848486,002519,银河电子,bottom_area,2024-02-05,3.8,2024-02-05,3.8,0.0,10.789473684210531,27.48091603053436,False,-9.9526,2.2194,1,2,1,50.0,20.959595959595962,20.959595959595962,15.0,0.0,历史1/2次成功; 当前距低点0.00%; 最新日涨幅-9.95%; 状态bottom_area; 底部未确认
370,57.713486085343234,50.18564007421151,605398,新炬网络,bottom_area,2024-02-05,18.15,2024-02-05,18.15,0.0,9.531680440771353,30.725190839694662,False,-10.0149,0.9547,1,2,1,50.0,20.890538033395174,20.890538033395174,15.0,0.0,历史1/2次成功; 当前距低点0.00%; 最新日涨幅-10.01%; 状态bottom_area; 底部未确认
371,57.652201342281884,50.1323489932886,603045,福达合金,bottom_area,2024-02-05,9.92,2024-02-05,9.92,0.0,9.576612903225799,30.483531885073578,False,-9.9819,3.3584,1,2,1,50.0,20.604026845637573,20.604026845637573,15.0,0.0,历史1/2次成功; 当前距低点0.00%; 最新日涨幅-9.98%; 状态bottom_area; 底部未确认
372,57.561512800597235,52.8360363134118,688236,春立医疗,confirmed_rebound,2024-02-05,15.62,2024-02-05,15.18,2.898550724637678,17.127799736495398,29.91689750692521,False,-11.6516,2.2048,1,2,1,50.0,28.788881535407025,28.788881535407025,12.101449275362322,2.898550724637678,历史1/2次成功; 当前距低点2.90%; 最新日涨幅-11.65%; 状态confirmed_rebound; 底部未确认
373,57.55123762376238,50.04455445544556,600130,波导股份,bottom_area,2024-02-05,2.97,2024-02-05,2.97,0.0,10.437710437710424,29.787234042553195,False,-10.0,3.3948,1,2,1,50.0,20.13201320132014,20.13201320132014,15.0,0.0,历史1/2次成功; 当前距低点0.00%; 最新日涨幅-10.00%; 状态bottom_area; 底部未确认
374,57.464603698811096,49.969220607661825,001278,一彬科技,bottom_area,2024-02-05,15.53,2024-02-05,15.53,0.0,10.560206052801044,27.123416236508678,False,-9.971,7.27,1,2,1,50.0,19.72699251431088,19.72699251431088,15.0,0.0,历史1/2次成功; 当前距低点0.00%; 最新日涨幅-9.97%; 状态bottom_area; 底部未确认
375,57.452653486773244,52.663237194296265,301382,蜂助手,bottom_area,2024-02-05,23.3,2024-02-05,22.66,2.8243601059135064,14.077669902912627,28.268439379550493,False,-11.2043,8.3385,1,2,1,50.0,16.735366859027195,16.735366859027195,12.175639894086492,2.8243601059135064,历史1/2次成功; 当前距低点2.82%; 最新日涨幅-11.20%; 状态bottom_area; 底部未确认
376,57.417225274725276,49.92802197802198,600159,大龙地产,bottom_area,2024-02-05,2.57,2024-02-05,2.57,0.0,8.171206225680933,30.352303523035236,False,-9.8246,3.4473,1,2,1,50.0,19.505494505494493,19.505494505494493,15.0,0.0,历史1/2次成功; 当前距低点0.00%; 最新日涨幅-9.82%; 状态bottom_area; 底部未确认
377,57.37611587982832,49.89227467811158,000573,粤宏远A,bottom_area,2024-02-05,2.54,2024-02-05,2.54,0.0,10.236220472440936,30.978260869565222,False,-9.9291,3.617,1,2,1,50.0,19.31330472103003,19.31330472103003,15.0,0.0,历史1/2次成功; 当前距低点0.00%; 最新日涨幅-9.93%; 状态bottom_area; 底部未确认
378,57.315761245674736,49.839792387543255,002251,步步高,bottom_area,2024-02-05,2.82,2024-02-05,2.82,0.0,0.0,32.21153846153847,False,-5.0505,0.0578,1,2,1,50.0,19.0311418685121,19.0311418685121,15.0,0.0,历史1/2次成功; 当前距低点0.00%; 最新日涨幅-5.05%; 状态bottom_area; 底部未确认
379,57.299313725490194,49.825490196078434,603117,万林物流,bottom_area,2024-02-05,2.61,2024-02-05,2.61,0.0,3.065134099616861,28.68852459016394,False,-5.0909,0.0849,1,2,1,50.0,18.954248366013076,18.954248366013076,15.0,0.0,历史1/2次成功; 当前距低点0.00%; 最新日涨幅-5.09%; 状态bottom_area; 底部未确认
380,57.236795774647895,49.77112676056339,002196,方正电机,bottom_area,2024-02-05,4.37,2024-02-05,4.37,0.0,10.068649885583513,29.629629629629626,False,-9.8969,4.5425,1,2,1,50.0,18.661971830985923,18.661971830985923,15.0,0.0,历史1/2次成功; 当前距低点0.00%; 最新日涨幅-9.90%; 状态bottom_area; 底部未确认
381,57.155,49.7,603121,华培动力,bottom_area,2024-02-05,5.97,2024-02-05,5.97,0.0,9.212730318257954,29.265402843601894,False,-9.9548,2.3411,1,2,1,50.0,18.279569892473123,18.279569892473123,15.0,0.0,历史1/2次成功; 当前距低点0.00%; 最新日涨幅-9.95%; 状态bottom_area; 底部未确认
382,57.10904514869372,52.9186959274414,688105,诺唯赞,bottom_area,2024-02-05,18.52,2024-02-05,17.91,3.405918481295363,13.735343383584594,32.996632996633,False,-9.1712,2.0375,1,2,1,50.0,25.237580993520524,25.237580993520524,11.594081518704638,3.405918481295363,历史1/2次成功; 当前距低点3.41%; 最新日涨幅-9.17%; 状态bottom_area; 底部未确认
383,57.03065764023211,49.59187620889749,000779,甘咨询,bottom_area,2024-02-05,7.16,2024-02-05,7.16,0.0,9.776536312849164,27.08757637474542,False,-10.0503,1.7333,1,2,1,50.0,17.69825918762089,17.69825918762089,15.0,0.0,历史1/2次成功; 当前距低点0.00%; 最新日涨幅-10.05%; 状态bottom_area; 底部未确认
384,57.00616028708134,49.570574162679435,603366,日出东方,bottom_area,2024-02-05,4.11,2024-02-05,4.11,0.0,10.705596107055948,28.397212543554005,False,-10.0656,2.058,1,2,1,50.0,17.583732057416277,17.583732057416277,15.0,0.0,历史1/2次成功; 当前距低点0.00%; 最新日涨幅-10.07%; 状态bottom_area; 底部未确认
385,57.00010041551247,49.56530470914128,603070,万控智造,bottom_area,2024-02-05,10.62,2024-02-05,10.62,0.0,10.640301318267428,27.705922396187887,False,-10.0,3.5901,1,2,1,50.0,17.555401662049874,17.555401662049874,15.0,0.0,历史1/2次成功; 当前距低点0.00%; 最新日涨幅-10.00%; 状态bottom_area; 底部未确认
386,56.95551020408163,49.5265306122449,000710,贝瑞基因,bottom_area,2024-02-05,7.0,2024-02-05,7.0,0.0,11.285714285714286,31.37254901960784,False,-10.0257,2.8829,1,2,1,50.0,17.3469387755102,17.3469387755102,15.0,0.0,历史1/2次成功; 当前距低点0.00%; 最新日涨幅-10.03%; 状态bottom_area; 底部未确认
387,56.95512389380531,49.52619469026549,002369,卓翼科技,bottom_area,2024-02-05,3.38,2024-02-05,3.38,0.0,10.35502958579882,31.300813008130085,False,-9.8667,3.0928,1,2,1,50.0,17.345132743362825,17.345132743362825,15.0,0.0,历史1/2次成功; 当前距低点0.00%; 最新日涨幅-9.87%; 状态bottom_area; 底部未确认
388,56.938972696245735,49.51215017064847,600262,北方股份,bottom_area,2024-02-05,13.14,2024-02-05,13.14,0.0,10.273972602739722,27.682993946064943,False,-10.0,2.5884,1,2,1,50.0,17.269624573378834,17.269624573378834,15.0,0.0,历史1/2次成功; 当前距低点0.00%; 最新日涨幅-10.00%; 状态bottom_area; 底部未确认
389,56.92871680360098,52.82325155457318,300346,南大光电,bottom_area,2024-02-05,17.55,2024-02-05,16.96,3.47877358490566,13.679245283018867,29.538845035313667,False,-9.0202,3.1696,1,2,1,50.0,25.61750176429076,25.61750176429076,11.52122641509434,3.47877358490566,历史1/2次成功; 当前距低点3.48%; 最新日涨幅-9.02%; 状态bottom_area; 底部未确认
390,56.92374149308962,50.28587630191592,603306,华懋科技,bottom_area,2024-02-05,15.53,2024-02-05,15.4,0.8441558441558377,12.207792207792213,28.60454334724154,False,-9.2344,4.0252,1,2,1,50.0,19.519094766619503,19.519094766619503,14.15584415584416,0.8441558441558377,历史1/2次成功; 当前距低点0.84%; 最新日涨幅-9.23%; 状态bottom_area; 底部未确认
391,56.90710116731517,49.48443579766537,605138,盛泰集团,bottom_area,2024-02-05,5.27,2024-02-05,5.27,0.0,13.472485768500967,27.609890109890117,False,-9.9145,1.2708,1,2,1,50.0,17.120622568093385,17.120622568093385,15.0,0.0,历史1/2次成功; 当前距低点0.00%; 最新日涨幅-9.91%; 状态bottom_area; 底部未确认
392,56.8217333282698,51.48464023494862,000767,晋控电力,bottom_area,2024-02-05,2.32,2024-02-05,2.27,2.2026431718061596,11.453744493392062,27.243589743589748,False,-7.2,1.1792,1,3,1,33.33333333333333,22.22222222222223,22.22222222222223,12.79735682819384,2.2026431718061596,历史1/3次成功; 当前距低点2.20%; 最新日涨幅-7.20%; 状态bottom_area; 底部未确认
393,56.81,49.400000000000006,000965,天保基建,bottom_area,2024-02-05,2.47,2024-02-05,2.47,0.0,10.121457489878543,28.405797101449277,False,-9.854,2.126,1,2,1,50.0,16.666666666666664,16.666666666666664,15.0,0.0,历史1/2次成功; 当前距低点0.00%; 最新日涨幅-9.85%; 状态bottom_area; 底部未确认
394,56.737452127659566,49.33691489361702,688160,步科股份,confirmed_rebound,2024-02-05,30.74,2024-02-05,30.74,0.0,16.460637605725438,32.380114386273654,False,-14.9889,2.8624,1,2,1,50.0,26.542553191489354,26.542553191489354,15.0,0.0,历史1/2次成功; 当前距低点0.00%; 最新日涨幅-14.99%; 状态confirmed_rebound; 底部未确认
395,56.69928571428572,49.30372670807454,002094,青岛金王,bottom_area,2024-02-05,2.48,2024-02-05,2.48,0.0,8.467741935483868,31.68044077134986,False,-9.8182,3.4898,1,2,1,50.0,16.149068322981368,16.149068322981368,15.0,0.0,历史1/2次成功; 当前距低点0.00%; 最新日涨幅-9.82%; 状态bottom_area; 底部未确认
396,56.69928571428571,49.303726708074535,002296,辉煌科技,bottom_area,2024-02-05,5.35,2024-02-05,5.35,0.0,10.093457943925236,30.789133247089275,False,-9.9327,5.5252,1,2,1,50.0,16.149068322981353,16.149068322981353,15.0,0.0,历史1/2次成功; 当前距低点0.00%; 最新日涨幅-9.93%; 状态bottom_area; 底部未确认
397,56.55781860248956,51.68107400379505,300503,昊志机电,confirmed_rebound,2024-02-05,10.82,2024-02-05,10.54,2.6565464895635786,18.59582542694498,31.06605624591236,False,-11.4566,8.2788,1,2,1,50.0,19.61290322580645,19.61290322580645,12.34345351043642,2.6565464895635786,历史1/2次成功; 当前距低点2.66%; 最新日涨幅-11.46%; 状态confirmed_rebound; 底部未确认
398,56.545825057295644,49.170282658517955,002346,柘中股份,bottom_area,2024-02-05,7.7,2024-02-05,7.7,0.0,10.000000000000005,27.289896128423035,False,-10.0467,0.9632,1,2,1,50.0,15.431627196333075,15.431627196333075,15.0,0.0,历史1/2次成功; 当前距低点0.00%; 最新日涨幅-10.05%; 状态bottom_area; 底部未确认
399,56.540552325581395,49.16569767441861,600280,中央商场,bottom_area,2024-02-05,2.48,2024-02-05,2.48,0.0,10.080645161290324,29.745042492917843,False,-10.1449,2.3542,1,2,1,50.0,15.406976744186055,15.406976744186055,15.0,0.0,历史1/2次成功; 当前距低点0.00%; 最新日涨幅-10.14%; 状态bottom_area; 底部未确认
400,56.52765082358863,52.106493775933636,002487,大金重工,bottom_area,2024-02-05,16.83,2024-02-05,16.32,3.124999999999988,10.355392156862752,28.515111695137968,False,-6.6038,2.9808,1,2,1,50.0,17.427385892116188,17.427385892116188,11.875000000000012,3.124999999999988,历史1/2次成功; 当前距低点3.12%; 最新日涨幅-6.60%; 状态bottom_area; 底部未确认
401,56.50640234574197,49.136002039775626,001299,美能能源,bottom_area,2024-02-05,10.63,2024-02-05,10.63,0.0,11.006585136406395,27.241615331964397,False,-9.9915,4.5411,1,2,1,50.0,15.247322794492616,15.247322794492616,15.0,0.0,历史1/2次成功; 当前距低点0.00%; 最新日涨幅-9.99%; 状态bottom_area; 底部未确认
402,56.490064102564105,49.121794871794876,002693,双成药业,bottom_area,2024-02-05,4.52,2024-02-05,4.52,0.0,11.061946902654867,31.306990881458972,False,-9.9602,2.4912,1,3,1,33.33333333333333,34.61538461538462,34.61538461538462,15.0,0.0,历史1/3次成功; 当前距低点0.00%; 最新日涨幅-9.96%; 状态bottom_area; 底部未确认
403,56.467493457943924,49.10216822429907,603258,电魂网络,bottom_area,2024-02-05,15.51,2024-02-05,15.51,0.0,11.99226305609285,29.819004524886882,False,-9.9826,2.3217,1,2,1,50.0,15.065420560747667,15.065420560747667,15.0,0.0,历史1/2次成功; 当前距低点0.00%; 最新日涨幅-9.98%; 状态bottom_area; 底部未确认
404,56.45686320754717,49.09292452830189,002654,万润科技,bottom_area,2024-02-05,7.85,2024-02-05,7.85,0.0,10.573248407643314,27.112349117920147,False,-9.9771,3.958,1,4,1,25.0,35.84905660377357,35.84905660377357,15.0,0.0,历史1/4次成功; 当前距低点0.00%; 最新日涨幅-9.98%; 状态bottom_area; 底部未确认
405,56.40378594651477,51.260789267528416,002108,沧州明珠,bottom_area,2024-02-05,3.03,2024-02-05,2.96,2.3648648648648596,8.783783783783791,31.639722863741344,False,-6.4815,1.3656,1,4,1,25.0,24.3961352657005,24.3961352657005,12.635135135135139,2.3648648648648596,历史1/4次成功; 当前距低点2.36%; 最新日涨幅-6.48%; 状态bottom_area; 底部未确认
406,56.211554635624985,51.325266176539174,301486,致尚科技,confirmed_rebound,2024-02-05,26.68,2024-02-05,26.0,2.615384615384614,15.230769230769234,32.74702534919813,False,-11.7433,5.4107,1,2,1,50.0,17.19539300868862,17.19539300868862,12.384615384615385,2.615384615384614,历史1/2次成功; 当前距低点2.62%; 最新日涨幅-11.74%; 状态confirmed_rebound; 底部未确认
407,56.134810606060604,48.81287878787879,000890,法尔胜,bottom_area,2024-02-05,3.06,2024-02-05,3.06,0.0,11.111111111111107,30.769230769230766,False,-10.0,1.9323,1,3,1,33.33333333333333,32.954545454545446,32.954545454545446,15.0,0.0,历史1/3次成功; 当前距低点0.00%; 最新日涨幅-10.00%; 状态bottom_area; 底部未确认
408,56.09198717948717,48.77564102564102,002442,龙星科技,bottom_area,2024-02-05,3.75,2024-02-05,3.75,0.0,10.133333333333331,31.444241316270567,False,-10.0719,4.59,1,3,1,33.33333333333333,32.75434243176177,32.75434243176177,15.0,0.0,历史1/3次成功; 当前距低点0.00%; 最新日涨幅-10.07%; 状态bottom_area; 底部未确认
409,55.9613972252109,51.90506323463768,002793,罗欣药业,bottom_area,2024-02-05,3.89,2024-02-05,3.76,3.4574468085106473,13.563829787234038,27.6923076923077,False,-6.2651,2.3507,1,2,1,50.0,20.419580419580406,20.419580419580406,11.542553191489352,3.4574468085106473,历史1/2次成功; 当前距低点3.46%; 最新日涨幅-6.27%; 状态bottom_area; 底部未确认
410,55.8934195097632,50.994977250568766,603313,梦百合,bottom_area,2024-02-05,8.37,2024-02-05,8.16,2.5735294117646945,10.294117647058822,28.421052631578945,False,-7.7178,1.4855,1,4,1,25.0,25.52486187845302,25.52486187845302,12.426470588235306,2.5735294117646945,历史1/4次成功; 当前距低点2.57%; 最新日涨幅-7.72%; 状态bottom_area; 底部未确认
411,55.64459449774939,51.84854063018245,300370,安控科技,bottom_area,2024-02-05,1.68,2024-02-05,1.62,3.703703703703693,14.814814814814813,30.172413793103438,False,-9.6774,2.207,1,2,1,50.0,23.13432835820894,23.13432835820894,11.296296296296306,3.703703703703693,历史1/2次成功; 当前距低点3.70%; 最新日涨幅-9.68%; 状态bottom_area; 底部未确认
412,55.366648230088494,48.14491150442478,002520,日发精机,bottom_area,2024-02-05,3.73,2024-02-05,3.73,0.0,11.26005361930296,31.433823529411768,False,-9.9034,3.4284,1,4,1,25.0,30.752212389380546,30.752212389380546,15.0,0.0,历史1/4次成功; 当前距低点0.00%; 最新日涨幅-9.90%; 状态bottom_area; 底部未确认
413,55.330716381777414,48.31788670611912,300629,新劲刚,bottom_area,2024-02-05,13.27,2024-02-05,13.24,0.2265861027190284,14.803625377643497,27.5711159737418,False,-13.268,6.2407,1,3,1,33.33333333333333,20.812740252608453,20.812740252608453,14.773413897280971,0.2265861027190284,历史1/3次成功; 当前距低点0.23%; 最新日涨幅-13.27%; 状态bottom_area; 底部未确认
414,55.07004643584729,51.04053084298042,300593,新雷能,confirmed_rebound,2024-02-05,8.17,2024-02-05,7.9,3.4177215189873364,15.822784810126581,32.47863247863248,False,-10.121,3.6498,1,2,1,50.0,25.499655410062033,25.499655410062033,11.582278481012663,3.4177215189873364,历史1/2次成功; 当前距低点3.42%; 最新日涨幅-10.12%; 状态confirmed_rebound; 底部未确认
415,54.914769889224566,47.75197381671702,001317,三羊马,bottom_area,2024-02-05,23.67,2024-02-05,23.67,0.0,11.068863540346419,28.01094890510949,False,-10.0,4.9327,1,3,1,33.33333333333333,27.25075528700905,27.25075528700905,15.0,0.0,历史1/3次成功; 当前距低点0.00%; 最新日涨幅-10.00%; 状态bottom_area; 底部未确认
416,54.748863610687266,51.80779197228195,002472,双环传动,bottom_area,2024-02-05,18.91,2024-02-05,18.09,4.532891100055281,8.347153123272536,29.142185663924796,False,-2.7263,2.4184,1,2,1,50.0,22.86442838929026,22.86442838929026,10.46710889994472,4.532891100055281,历史1/2次成功; 当前距低点4.53%; 最新日涨幅-2.73%; 状态bottom_area; 底部未确认
417,54.738189801232885,50.37597214545134,300598,诚迈科技,confirmed_rebound,2024-02-05,29.5,2024-02-05,28.63,3.0387705204331157,17.84841075794622,31.817099309359374,False,-13.4897,3.7952,1,2,1,50.0,17.281553398058243,17.281553398058243,11.961229479566885,3.0387705204331157,历史1/2次成功; 当前距低点3.04%; 最新日涨幅-13.49%; 状态confirmed_rebound; 底部未确认
418,54.62915727699531,47.50361502347418,002279,久其软件,bottom_area,2024-02-05,4.31,2024-02-05,4.31,0.0,13.689095127610226,27.441077441077454,False,-10.0209,3.6529,1,3,1,33.33333333333333,25.915492957746476,25.915492957746476,15.0,0.0,历史1/3次成功; 当前距低点0.00%; 最新日涨幅-10.02%; 状态bottom_area; 底部未确认
419,54.59061274509804,47.47009803921569,002380,科远智慧,bottom_area,2024-02-05,10.94,2024-02-05,10.94,0.0,10.05484460694698,30.40712468193385,False,-10.0329,4.694,1,3,1,33.33333333333333,25.735294117647072,25.735294117647072,15.0,0.0,历史1/3次成功; 当前距低点0.00%; 最新日涨幅-10.03%; 状态bottom_area; 底部未确认
420,54.5150993883792,47.404434250764524,000530,冰山冷热,bottom_area,2024-02-05,3.4,2024-02-05,3.4,0.0,10.588235294117645,30.327868852459016,False,-10.0529,4.109,1,3,1,33.33333333333333,25.382262996941883,25.382262996941883,15.0,0.0,历史1/3次成功; 当前距低点0.00%; 最新日涨幅-10.05%; 状态bottom_area; 底部未确认
421,54.395407801418436,47.30035460992908,000419,通程控股,bottom_area,2024-02-05,4.02,2024-02-05,4.02,0.0,10.69651741293534,28.342245989304825,False,-10.0671,2.8223,1,3,1,33.33333333333333,24.82269503546099,24.82269503546099,15.0,0.0,历史1/3次成功; 当前距低点0.00%; 最新日涨幅-10.07%; 状态bottom_area; 底部未确认
422,54.37155004075885,50.033419726399586,301408,华人健康,confirmed_rebound,2024-02-05,10.53,2024-02-05,10.22,3.03326810176124,15.75342465753424,31.86666666666666,False,-10.989,7.3415,1,2,1,50.0,15.372424722662442,15.372424722662442,11.96673189823876,3.03326810176124,历史1/2次成功; 当前距低点3.03%; 最新日涨幅-10.99%; 状态confirmed_rebound; 底部未确认
423,54.3033560306917,51.65503507079017,300763,锦浪科技,bottom_area,2024-02-05,53.57,2024-02-05,51.11,4.813148111915478,11.504597926041876,30.25382096069869,False,-6.4443,3.1188,1,2,1,50.0,35.693617021276594,35.693617021276594,10.186851888084522,4.813148111915478,历史1/2次成功; 当前距低点4.81%; 最新日涨幅-6.44%; 状态bottom_area; 底部未确认
424,54.22264383989993,47.15012507817386,000576,甘化科工,bottom_area,2024-02-05,5.65,2024-02-05,5.65,0.0,11.327433628318579,31.097560975609746,False,-10.0318,1.3584,1,3,1,33.33333333333333,24.015009380863045,24.015009380863045,15.0,0.0,历史1/3次成功; 当前距低点0.00%; 最新日涨幅-10.03%; 状态bottom_area; 底部未确认
425,54.129609561986975,47.701718426501024,002405,四维图新,bottom_area,2024-02-05,5.64,2024-02-05,5.6,0.714285714285715,11.607142857142865,27.648578811369518,False,-9.3248,2.4042,1,3,1,33.33333333333333,23.478260869565215,23.478260869565215,14.285714285714285,0.714285714285715,历史1/3次成功; 当前距低点0.71%; 最新日涨幅-9.32%; 状态bottom_area; 底部未确认
426,54.07363602391629,47.02055306427504,603015,弘讯科技,bottom_area,2024-02-05,5.85,2024-02-05,5.85,0.0,10.085470085470098,29.51807228915664,False,-10.0,2.3966,1,3,1,33.33333333333333,23.318385650224208,23.318385650224208,15.0,0.0,历史1/3次成功; 当前距低点0.00%; 最新日涨幅-10.00%; 状态bottom_area; 底部未确认
427,53.988830814441634,46.9468094038623,000572,海马汽车,bottom_area,2024-02-05,3.08,2024-02-05,3.08,0.0,12.012987012987015,32.89760348583878,False,-9.9415,3.7805,1,3,1,33.33333333333333,22.92191435768261,22.92191435768261,15.0,0.0,历史1/3次成功; 当前距低点0.00%; 最新日涨幅-9.94%; 状态bottom_area; 底部未确认
428,53.782671182860625,47.275497781347546,000810,创维数字,bottom_area,2024-02-05,8.7,2024-02-05,8.65,0.5780346820809125,11.32947976878613,30.689102564102566,False,-9.4693,2.2429,1,5,1,20.0,31.738800303720588,31.738800303720588,14.421965317919087,0.5780346820809125,历史1/5次成功; 当前距低点0.58%; 最新日涨幅-9.47%; 状态bottom_area; 底部未确认
429,53.77357683982684,46.759632034632034,000837,秦川机床,bottom_area,2024-02-05,6.24,2024-02-05,6.24,0.0,11.0576923076923,27.01754385964913,False,-9.9567,3.446,1,3,1,33.33333333333333,21.915584415584412,21.915584415584412,15.0,0.0,历史1/3次成功; 当前距低点0.00%; 最新日涨幅-9.96%; 状态bottom_area; 底部未确认
430,53.769453971119134,46.756046931407944,000670,盈方微,bottom_area,2024-02-05,4.17,2024-02-05,4.17,0.0,10.551558752997611,32.52427184466019,False,-9.9352,3.4991,1,4,1,25.0,23.28519855595668,23.28519855595668,15.0,0.0,历史1/4次成功; 当前距低点0.00%; 最新日涨幅-9.94%; 状态bottom_area; 底部未确认
431,53.76101708575113,46.74871050934881,600405,动力源,bottom_area,2024-02-05,3.54,2024-02-05,3.54,0.0,10.169491525423725,28.048780487804876,False,-9.9237,2.8116,1,3,1,33.33333333333333,21.8568665377176,21.8568665377176,15.0,0.0,历史1/3次成功; 当前距低点0.00%; 最新日涨幅-9.92%; 状态bottom_area; 底部未确认
432,53.714399274434484,46.708173282116945,002403,爱仕达,bottom_area,2024-02-05,5.98,2024-02-05,5.98,0.0,10.367892976588616,29.230769230769223,False,-9.9398,3.1922,1,3,1,33.33333333333333,21.63892445582587,21.63892445582587,15.0,0.0,历史1/3次成功; 当前距低点0.00%; 最新日涨幅-9.94%; 状态bottom_area; 底部未确认
433,53.62731894150418,46.6324512534819,002813,路畅科技,bottom_area,2024-02-05,21.92,2024-02-05,21.92,0.0,9.990875912408747,30.302066772655,False,-9.9795,1.3223,1,3,1,33.33333333333333,21.23181677499226,21.23181677499226,15.0,0.0,历史1/3次成功; 当前距低点0.00%; 最新日涨幅-9.98%; 状态bottom_area; 底部未确认
434,53.62723460721868,46.6323779193206,002425,凯撒文化,bottom_area,2024-02-05,2.92,2024-02-05,2.92,0.0,11.3013698630137,32.40740740740741,False,-9.8765,3.1208,1,3,1,33.33333333333333,21.231422505307858,21.231422505307858,15.0,0.0,历史1/3次成功; 当前距低点0.00%; 最新日涨幅-9.88%; 状态bottom_area; 底部未确认
435,53.5179954954955,46.53738738738739,002115,三维通信,bottom_area,2024-02-05,4.62,2024-02-05,4.62,0.0,10.173160173160166,31.656804733727807,False,-9.9415,3.8235,1,3,1,33.33333333333333,20.720720720720706,20.720720720720706,15.0,0.0,历史1/3次成功; 当前距低点0.00%; 最新日涨幅-9.94%; 状态bottom_area; 底部未确认
436,53.50942471741604,49.453791160296035,300389,艾比森,confirmed_rebound,2024-02-05,11.7,2024-02-05,11.33,3.265666372462482,15.35745807590468,29.40809968847352,False,-10.8911,3.3325,1,2,1,50.0,15.104895104895105,15.104895104895105,11.734333627537517,3.265666372462482,历史1/2次成功; 当前距低点3.27%; 最新日涨幅-10.89%; 状态confirmed_rebound; 底部未确认
437,53.48490880503145,46.508616352201265,002858,力盛体育,bottom_area,2024-02-05,11.17,2024-02-05,11.17,0.0,10.653536257833478,30.878712871287128,False,-9.9919,4.485,1,3,1,33.33333333333333,20.566037735849065,20.566037735849065,15.0,0.0,历史1/3次成功; 当前距低点0.00%; 最新日涨幅-9.99%; 状态bottom_area; 底部未确认
438,53.39417375886525,46.42971631205674,603326,我乐家居,bottom_area,2024-02-05,6.49,2024-02-05,6.49,0.0,8.936825885978429,28.207964601769902,False,-9.9861,2.0573,1,3,1,33.33333333333333,20.141843971631218,20.141843971631218,15.0,0.0,历史1/3次成功; 当前距低点0.00%; 最新日涨幅-9.99%; 状态bottom_area; 底部未确认
439,53.272812056737585,46.32418439716312,002177,御银股份,bottom_area,2024-02-05,2.88,2024-02-05,2.88,0.0,10.763888888888891,30.769230769230777,False,-10.0,4.7006,1,3,1,33.33333333333333,19.574468085106382,19.574468085106382,15.0,0.0,历史1/3次成功; 当前距低点0.00%; 最新日涨幅-10.00%; 状态bottom_area; 底部未确认
440,53.224333333333334,46.28202898550725,002671,龙泉股份,bottom_area,2024-02-05,3.5,2024-02-05,3.5,0.0,10.571428571428575,27.536231884057973,False,-10.0257,3.8494,1,3,1,33.33333333333333,19.347826086956534,19.347826086956534,15.0,0.0,历史1/3次成功; 当前距低点0.00%; 最新日涨幅-10.03%; 状态bottom_area; 底部未确认
441,53.1509012066365,46.21817496229261,600250,南京商旅,bottom_area,2024-02-05,7.54,2024-02-05,7.54,0.0,11.140583554376668,27.290260366441654,False,-10.0239,2.47,1,3,1,33.33333333333333,19.004524886877824,19.004524886877824,15.0,0.0,历史1/3次成功; 当前距低点0.00%; 最新日涨幅-10.02%; 状态bottom_area; 底部未确认
442,53.093553730620926,49.305305761753246,603000,人民网,bottom_area,2024-02-05,19.1,2024-02-05,18.45,3.523035230352315,11.219512195121952,27.075098814229253,False,-6.8293,4.1172,1,3,1,33.33333333333333,26.69082125603866,26.69082125603866,11.476964769647685,3.523035230352315,历史1/3次成功; 当前距低点3.52%; 最新日涨幅-6.83%; 状态bottom_area; 底部未确认
443,53.08410496957404,46.16009127789047,603335,迪生力,bottom_area,2024-02-05,4.25,2024-02-05,4.25,0.0,10.117647058823524,30.78175895765472,False,-9.9576,0.7315,1,4,1,25.0,20.081135902636923,20.081135902636923,15.0,0.0,历史1/4次成功; 当前距低点0.00%; 最新日涨幅-9.96%; 状态bottom_area; 底部未确认
444,53.07936274509804,46.15596760443308,601068,中铝国际,bottom_area,2024-02-05,3.93,2024-02-05,3.93,0.0,10.687022900763345,30.687830687830687,False,-10.0686,1.6905,1,3,1,33.33333333333333,18.6700767263427,18.6700767263427,15.0,0.0,历史1/3次成功; 当前距低点0.00%; 最新日涨幅-10.07%; 状态bottom_area; 底部未确认
445,53.015122723876935,49.68420421011217,601515,衢州东峰,bottom_area,2024-02-05,3.11,2024-02-05,2.99,4.013377926421393,9.030100334448147,27.427184466019416,False,-5.4711,1.3252,1,2,1,50.0,15.294117647058833,15.294117647058833,10.986622073578605,4.013377926421393,历史1/2次成功; 当前距低点4.01%; 最新日涨幅-5.47%; 状态bottom_area; 底部未确认
446,52.900610403397025,46.00053078556263,000518,四环生物,bottom_area,2024-02-05,2.21,2024-02-05,2.21,0.0,11.312217194570136,29.166666666666668,False,-9.7959,2.7162,1,3,1,33.33333333333333,17.834394904458602,17.834394904458602,15.0,0.0,历史1/3次成功; 当前距低点0.00%; 最新日涨幅-9.80%; 状态bottom_area; 底部未确认
447,52.891647902869764,45.992737306843274,605086,龙高股份,bottom_area,2024-02-05,17.32,2024-02-05,17.32,0.0,9.122401847575047,27.226890756302524,False,-9.9792,3.9201,1,3,1,33.33333333333333,17.79249448123621,17.79249448123621,15.0,0.0,历史1/3次成功; 当前距低点0.00%; 最新日涨幅-9.98%; 状态bottom_area; 底部未确认
448,52.82793676774638,45.93733631977946,002777,久远银海,bottom_area,2024-02-05,15.3,2024-02-05,15.3,0.0,11.111111111111107,27.488151658767773,False,-10.0,3.5895,1,4,1,25.0,18.88352860096485,18.88352860096485,15.0,0.0,历史1/4次成功; 当前距低点0.00%; 最新日涨幅-10.00%; 状态bottom_area; 底部未确认
449,52.75762329427078,49.242932288555465,688277,天智航,confirmed_rebound,2024-02-05,7.93,2024-02-05,7.64,3.7958115183246077,16.492146596858646,32.568402471315096,False,-11.8889,1.8489,1,2,1,50.0,20.469798657718112,20.469798657718112,11.204188481675391,3.7958115183246077,历史1/2次成功; 当前距低点3.80%; 最新日涨幅-11.89%; 状态confirmed_rebound; 底部未确认
450,52.72599899598393,45.848694779116464,601007,金陵饭店,bottom_area,2024-02-05,5.86,2024-02-05,5.86,0.0,11.604095563139927,27.29528535980149,False,-9.9846,2.944,1,3,1,33.33333333333333,17.018072289156624,17.018072289156624,15.0,0.0,历史1/3次成功; 当前距低点0.00%; 最新日涨幅-9.98%; 状态bottom_area; 底部未确认
451,52.70453553495559,45.830030899961386,603192,汇得科技,bottom_area,2024-02-05,12.82,2024-02-05,12.82,0.0,10.530421216848671,29.983615510649912,False,-9.9719,1.1155,1,3,1,33.33333333333333,16.917728852838945,16.917728852838945,15.0,0.0,历史1/3次成功; 当前距低点0.00%; 最新日涨幅-9.97%; 状态bottom_area; 底部未确认
452,52.65972360764755,45.791064006650046,600386,北巴传媒,bottom_area,2024-02-05,3.1,2024-02-05,3.1,0.0,10.000000000000002,27.400468384074934,False,-9.8837,2.0443,1,3,1,33.33333333333333,16.708229426433917,16.708229426433917,15.0,0.0,历史1/3次成功; 当前距低点0.00%; 最新日涨幅-9.88%; 状态bottom_area; 底部未确认
453,52.53143141945774,45.67950558213717,603123,翠微股份,bottom_area,2024-02-05,6.62,2024-02-05,6.62,0.0,11.027190332326278,27.965179542981495,False,-9.932,3.1818,1,3,1,33.33333333333333,16.108452950558224,16.108452950558224,15.0,0.0,历史1/3次成功; 当前距低点0.00%; 最新日涨幅-9.93%; 状态bottom_area; 底部未确认
454,52.385562589795256,49.93210837577566,601208,东材科技,bottom_area,2024-02-05,8.1,2024-02-05,7.72,4.922279792746113,10.880829015544052,27.511737089201883,False,-5.5944,2.3743,1,2,1,50.0,27.76831345826235,27.76831345826235,10.077720207253888,4.922279792746113,历史1/2次成功; 当前距低点4.92%; 最新日涨幅-5.59%; 状态bottom_area; 底部未确认
455,52.226954101867555,49.44641036483195,603208,江山欧派,bottom_area,2024-02-05,22.7,2024-02-05,21.71,4.560110548134492,13.403961308152926,27.82579787234042,False,-5.8872,1.305,1,2,1,50.0,20.717539863325737,20.717539863325737,10.439889451865508,4.560110548134492,历史1/2次成功; 当前距低点4.56%; 最新日涨幅-5.89%; 状态bottom_area; 底部未确认
456,52.14847674205671,48.179011051638675,605319,无锡振华,bottom_area,2024-02-05,15.9,2024-02-05,15.4,3.2467532467532463,14.025974025974014,31.646693297825124,False,-7.0175,5.0955,1,3,1,33.33333333333333,17.248790972595383,17.248790972595383,11.753246753246753,3.2467532467532463,历史1/3次成功; 当前距低点3.25%; 最新日涨幅-7.02%; 状态bottom_area; 底部未确认
457,52.139447586726995,45.33865007541478,301512,智信精密,confirmed_rebound,2024-02-05,35.7,2024-02-05,35.7,0.0,15.826330532212879,30.679611650485434,False,-13.7681,11.371,1,3,1,33.33333333333333,24.490950226244347,24.490950226244347,15.0,0.0,历史1/3次成功; 当前距低点0.00%; 最新日涨幅-13.77%; 状态confirmed_rebound; 底部未确认
458,51.82568163825074,48.371546290645014,688027,国盾量子,bottom_area,2024-02-05,74.41,2024-02-05,71.69,3.7941135444273946,13.390988980331997,30.37101787101787,False,-8.7106,1.5499,1,4,1,25.0,26.382393397524062,26.382393397524062,11.205886455572605,3.7941135444273946,历史1/4次成功; 当前距低点3.79%; 最新日涨幅-8.71%; 状态bottom_area; 底部未确认
459,51.32747014498849,48.067754999439,600196,复星医药,bottom_area,2024-02-05,21.19,2024-02-05,20.38,3.9744847890088435,6.280667320902852,29.820936639118457,False,-1.4877,0.8602,1,3,1,33.33333333333333,15.356166586267886,15.356166586267886,11.025515210991156,3.9744847890088435,历史1/3次成功; 当前距低点3.97%; 最新日涨幅-1.49%; 状态bottom_area; 底部未确认
460,51.0552088855224,48.01589277311923,300516,久之洋,confirmed_rebound,2024-02-05,20.83,2024-02-05,19.99,4.202101050525262,15.557778889444737,30.56616880861411,False,-9.3165,1.6388,1,2,1,50.0,18.853135313531354,18.853135313531354,10.797898949474739,4.202101050525262,历史1/2次成功; 当前距低点4.20%; 最新日涨幅-9.32%; 状态confirmed_rebound; 底部未确认
461,50.22770381882295,47.89135869470958,688097,博众精工,bottom_area,2024-02-05,19.33,2024-02-05,18.42,4.940282301845801,12.214983713355048,32.154696132596676,False,-5.7073,5.1431,1,3,1,33.33333333333333,36.461661341853045,36.461661341853045,10.0597176981542,4.940282301845801,历史1/3次成功; 当前距低点4.94%; 最新日涨幅-5.71%; 状态bottom_area; 底部未确认
462,49.782147969816805,46.17027857208746,300485,赛升药业,confirmed_rebound,2024-02-05,6.89,2024-02-05,6.66,3.4534534534534465,15.91591591591591,30.188679245283012,False,-10.8668,2.6356,1,3,1,33.33333333333333,19.197952218430032,19.197952218430032,11.546546546546553,3.4534534534534465,历史1/3次成功; 当前距低点3.45%; 最新日涨幅-10.87%; 状态confirmed_rebound; 底部未确认
463,49.325701769276776,46.76413196988429,688185,康希诺,bottom_area,2024-02-05,46.06,2024-02-05,44.02,4.634257155838253,13.38028169014083,27.119205298013238,False,-7.7139,1.7962,2,7,2,28.57142857142857,20.30082027370856,21.36554317951687,10.365742844161746,4.634257155838253,历史2/7次成功; 当前距低点4.63%; 最新日涨幅-7.71%; 状态bottom_area; 底部未确认
464,48.446150988322636,45.86968816953287,300726,宏达电子,bottom_area,2024-02-05,18.56,2024-02-05,17.75,4.563380281690134,12.676056338028168,28.943154523618897,False,-8.2097,2.9736,1,3,1,33.33333333333333,20.972375690607738,20.972375690607738,10.436619718309865,4.563380281690134,历史1/3次成功; 当前距低点4.56%; 最新日涨幅-8.21%; 状态bottom_area; 底部未确认
465,48.34766603267996,45.56590667768196,688047,龙芯中科,bottom_area,2024-02-05,70.82,2024-02-05,67.89,4.31580497864191,12.50552364118426,29.126213592233015,False,-6.5946,1.4789,1,3,1,33.33333333333333,16.304347826086957,16.304347826086957,10.68419502135809,4.31580497864191,历史1/3次成功; 当前距低点4.32%; 最新日涨幅-6.59%; 状态bottom_area; 底部未确认
466,47.7930698986995,45.18864171301414,002812,恩捷股份,bottom_area,2024-02-05,38.64,2024-02-05,36.98,4.488912925905905,8.923742563547876,32.41959064327486,False,-4.3564,2.493,1,3,1,33.33333333333333,16.39800995024876,16.39800995024876,10.511087074094094,4.488912925905905,历史1/3次成功; 当前距低点4.49%; 最新日涨幅-4.36%; 状态bottom_area; 底部未确认
467,47.51124572889733,44.53033596837946,300540,蜀道装备,confirmed_rebound,2024-02-05,15.79,2024-02-05,15.18,4.018445322793145,16.600790513833992,30.87431693989072,False,-10.0797,2.7891,1,4,1,25.0,18.695652173913043,18.695652173913043,10.981554677206855,4.018445322793145,历史1/4次成功; 当前距低点4.02%; 最新日涨幅-10.08%; 状态confirmed_rebound; 底部未确认
468,47.21998680027235,44.740700920177886,300639,凯普生物,bottom_area,2024-02-05,5.91,2024-02-05,5.65,4.60176991150442,14.159292035398227,28.299492385786795,False,-8.2298,1.5468,1,3,1,33.33333333333333,15.373134328358212,15.373134328358212,10.398230088495579,4.60176991150442,历史1/3次成功; 当前距低点4.60%; 最新日涨幅-8.23%; 状态bottom_area; 底部未确认
469,46.411157824274575,43.999577905485374,688165,埃夫特,confirmed_rebound,2024-02-05,6.55,2024-02-05,6.26,4.632587859424921,18.530351437699682,32.76047261009668,False,-11.7251,1.7547,1,3,1,33.33333333333333,21.98142414860681,21.98142414860681,10.367412140575079,4.632587859424921,历史1/3次成功; 当前距低点4.63%; 最新日涨幅-11.73%; 状态confirmed_rebound; 底部未确认
470,46.17523911134281,43.530296789143144,688321,微芯生物,confirmed_rebound,2024-02-05,13.01,2024-02-05,12.47,4.330392943063345,19.887730553327977,31.4458493677845,False,-13.6695,2.9695,1,3,1,33.33333333333333,15.754082612872244,15.754082612872244,10.669607056936654,4.330392943063345,历史1/3次成功; 当前距低点4.33%; 最新日涨幅-13.67%; 状态confirmed_rebound; 底部未确认
471,45.361955951295734,42.46044080361277,300458,全志科技,confirmed_rebound,2024-02-05,13.69,2024-02-05,13.17,3.9483675018982507,15.337889141989367,29.421221864951768,False,-9.3377,3.9734,1,5,1,20.0,17.541498429789147,17.541498429789147,11.05163249810175,3.9483675018982507,历史1/5次成功; 当前距低点3.95%; 最新日涨幅-9.34%; 状态confirmed_rebound; 底部未确认
