rank,rank_score,probability_score,code,name,current_stage,latest_date,latest_close,current_top_date,current_top_price,current_low_date,current_low_price,current_low_to_latest_pct,current_low_to_high_pct,current_drawdown_pct,close_drawdown_pct,current_is_bottom_confirmed,latest_pct_chg,latest_turn,historical_valid_event_count,history_sample_count,history_success_count,history_success_rate_pct,history_avg_rebound_pct,history_max_rebound_pct,history_success_dates,upside_to_20pct_target_pct,risk_back_to_low_pct,reason
1,101.19574046399323,87.26243399871217,605005,合兴股份,bottom_area,2026-06-11,15.82,2026-04-10,21.78,2026-06-10,15.53,1.8673535093367735,2.44687701223439,28.69605142332416,27.364554637281913,False,0.957243139757491,0.3211471321695761,2,2,2,100.0,63.943952110840584,96.96521095484826,2021-03-26; 2025-04-09,18.13264649066323,1.8673535093367735,历史2/2次成功; 当前距低点1.87%; 最新日涨幅0.96%; 状态bottom_area; 底部未确认
2,97.75003881537339,83.04147879338993,603086,先达股份,bottom_area,2026-06-11,5.77,2026-04-21,7.9,2026-06-11,5.71,1.0507880910682945,2.977232924693519,27.721518987341774,26.96202531645571,False,-1.1986301369863117,1.0242332036529704,2,2,2,100.0,39.770299145299134,56.97115384615385,2020-06-23; 2025-01-24,18.94921190893171,1.0507880910682945,历史2/2次成功; 当前距低点1.05%; 最新日涨幅-1.20%; 状态bottom_area; 底部未确认
3,96.96024027801295,83.23634265725704,001206,依依股份,bottom_area,2026-06-11,15.66,2026-04-16,21.94,2026-06-11,15.41,1.6223231667748215,2.530824140168725,29.762989972652694,28.62351868732908,False,0.0,1.8525328465652464,1,1,1,100.0,42.01741654571844,42.01741654571844,2025-04-09,18.37767683322518,1.6223231667748215,历史1/1次成功; 当前距低点1.62%; 最新日涨幅0.00%; 状态bottom_area; 底部未确认
4,95.29105569190904,82.38865992813939,688155,先惠技术,bottom_area,2026-06-11,75.03,2026-05-21,102.04,2026-06-11,73.55,2.0122365737593526,4.09245411284841,27.920423363386917,26.470011760094085,False,-0.6225165562913859,1.6515866244701687,3,3,3,100.0,31.379351162960756,38.11460912628228,2021-01-13; 2022-04-27; 2024-01-24,17.98776342624065,2.0122365737593526,历史3/3次成功; 当前距低点2.01%; 最新日涨幅-0.62%; 状态bottom_area; 底部未确认
5,93.02442019411401,79.03675298057503,301439,泓淋电力,bottom_area,2026-06-11,17.2,2026-06-02,25.35,2026-06-11,17.02,1.057579318448882,3.995299647473559,32.859960552268255,32.14990138067062,False,-1.6018306636155666,6.962300797858421,1,1,1,100.0,34.98942917547567,34.98942917547567,2024-02-06,18.94242068155112,1.057579318448882,历史1/1次成功; 当前距低点1.06%; 最新日涨幅-1.60%; 状态bottom_area; 底部未确认
6,91.97225277103954,79.88314786195365,301088,戎美股份,bottom_area,2026-06-11,13.11,2026-05-21,17.88,2026-06-11,12.82,2.262090483619338,3.354134165366612,28.299776286353463,26.677852348993287,False,-1.4285714285714346,0.7047340425531915,2,2,2,100.0,37.638248196805016,40.26888604353394,2023-04-25; 2026-03-23,17.73790951638066,2.262090483619338,历史2/2次成功; 当前距低点2.26%; 最新日涨幅-1.43%; 状态bottom_area; 底部未确认
7,91.75468145014669,78.27004664272319,605158,华达新材,bottom_area,2026-06-11,6.35,2026-05-14,9.04,2026-06-11,6.27,1.2759170653907508,3.3492822966507316,30.641592920353983,29.75663716814159,False,-0.7812500000000111,0.6301865394392085,3,4,3,75.0,37.710416945237164,50.9433962264151,2022-04-27; 2024-02-07; 2025-04-09,18.72408293460925,1.2759170653907508,历史3/4次成功; 当前距低点1.28%; 最新日涨幅-0.78%; 状态bottom_area; 底部未确认
8,90.88657194901398,77.15617455351816,603613,国联股份,bottom_area,2026-06-11,19.96,2026-05-11,29.09,2026-06-11,19.76,1.0121457489878507,5.971659919028339,32.07287727741491,31.385355792368507,False,-4.360325826545286,1.8922948613470583,4,5,4,80.0,27.870251941991754,31.835457187569872,2022-05-26; 2022-11-30; 2023-06-01; 2025-04-09,18.987854251012152,1.0121457489878507,历史4/5次成功; 当前距低点1.01%; 最新日涨幅-4.36%; 状态bottom_area; 底部未确认
9,90.78641074671856,76.55655240236024,301171,易点天下,bottom_area,2026-06-11,35.82,2026-06-01,49.71,2026-06-11,35.59,0.6462489463332308,5.3104804720426895,28.4047475357071,27.94206397103199,False,-5.313243457573346,10.94954875552663,2,2,2,100.0,52.77628442185404,64.71471471471472,2024-02-06; 2025-12-16,19.35375105366677,0.6462489463332308,历史2/2次成功; 当前距低点0.65%; 最新日涨幅-5.31%; 状态bottom_area; 底部未确认
10,90.7367333980275,76.02680729468402,002959,小熊电器,bottom_area,2026-06-11,33.76,2026-03-26,47.25,2026-06-11,33.66,0.29708853238265426,3.6838978015448665,28.761904761904773,28.550264550264554,False,-2.708933717579265,0.678454825487991,4,5,4,80.0,42.6568233791208,54.51934124856377,2020-02-04; 2020-06-12; 2021-07-30; 2024-09-18,19.702911467617344,0.29708853238265426,历史4/5次成功; 当前距低点0.30%; 最新日涨幅-2.71%; 状态bottom_area; 底部未确认
11,90.10839631068472,76.84632653478671,300579,数字认证,bottom_area,2026-06-11,20.86,2026-05-08,28.44,2026-06-11,20.6,1.2621359223300872,4.1262135922329986,27.566807313642755,26.65260196905767,False,-3.111936832326989,1.3308849657920645,4,5,4,80.0,29.268798052146806,41.75654853620954,2020-02-04; 2022-02-08; 2022-10-11; 2025-04-07,18.737864077669915,1.2621359223300872,历史4/5次成功; 当前距低点1.26%; 最新日涨幅-3.11%; 状态bottom_area; 底部未确认
12,89.77071136512745,77.24031151079993,688317,之江生物,bottom_area,2026-06-11,16.89,2026-05-27,24.5,2026-06-11,16.6,1.7469879518072235,3.614457831325288,32.24489795918367,31.06122448979591,False,-1.9733023795705185,1.2351814150342177,3,4,3,75.0,37.948623875916084,40.461049284578706,2021-01-20; 2022-04-28; 2024-02-06,18.253012048192776,1.7469879518072235,历史3/4次成功; 当前距低点1.75%; 最新日涨幅-1.97%; 状态bottom_area; 底部未确认
13,88.69930411387281,75.36671469086873,603105,芯能科技,bottom_area,2026-06-11,7.62,2026-05-14,10.68,2026-06-11,7.54,1.0610079575596827,3.4482758620689626,29.40074906367041,28.651685393258425,False,-2.3076923076922995,1.538565502476624,4,6,4,66.66666666666666,37.52229122278574,51.81159420289858,2018-08-08; 2020-02-04; 2020-03-17; 2026-04-07,18.93899204244032,1.0610079575596827,历史4/6次成功; 当前距低点1.06%; 最新日涨幅-2.31%; 状态bottom_area; 底部未确认
14,88.5628877265124,75.35465590496754,002519,银河电子,bottom_area,2026-06-11,6.23,2026-05-08,9.11,2026-06-11,6.16,1.136363636363641,2.5974025974025996,32.381997804610315,31.613611416026338,False,-1.111111111111096,2.5347069744175217,5,7,5,71.42857142857143,28.063713495496533,43.16109422492401,2015-07-29; 2015-09-07; 2020-02-04; 2022-06-14; 2025-04-09,18.86363636363636,1.136363636363641,历史5/7次成功; 当前距低点1.14%; 最新日涨幅-1.11%; 状态bottom_area; 底部未确认
15,88.05734251323423,75.8197662123014,603890,春秋电子,bottom_area,2026-06-11,22.8,2026-06-03,32.58,2026-06-11,22.4,1.7857142857142954,5.625000000000007,31.24616329036219,30.018416206261506,False,-3.3898305084745783,14.00924875604275,4,5,4,80.0,30.167713891021446,36.76748582230624,2018-02-07; 2020-12-28; 2022-04-28; 2025-01-13,18.214285714285705,1.7857142857142954,历史4/5次成功; 当前距低点1.79%; 最新日涨幅-3.39%; 状态bottom_area; 底部未确认
16,87.5745006781612,78.32042691497088,688349,三一重能,bottom_area,2026-06-11,18.01,2026-04-23,25.88,2026-06-10,17.34,3.863898500576711,5.247981545559401,32.9984544049459,30.409582689335384,False,1.4076576576576683,0.7402368069458677,2,2,2,100.0,26.398470410138575,28.790581519800213,2022-10-28; 2024-10-16,16.13610149942329,3.863898500576711,历史2/2次成功; 当前距低点3.86%; 最新日涨幅1.41%; 状态bottom_area; 底部未确认
17,86.90214414191638,73.77229945426107,603758,秦安股份,bottom_area,2026-06-11,9.99,2026-05-11,13.77,2026-06-11,9.89,1.0111223458038385,3.6400404448938257,28.17719680464778,27.45098039215686,False,-2.536585365853661,0.9167565119227348,4,6,4,66.66666666666666,28.33866524745786,46.304675716440414,2018-06-22; 2022-07-06; 2024-02-06; 2025-04-09,18.988877654196163,1.0111223458038385,历史4/6次成功; 当前距低点1.01%; 最新日涨幅-2.54%; 状态bottom_area; 底部未确认
18,86.40824110459346,73.82668503336173,603122,合富中国,bottom_area,2026-06-11,11.9,2026-05-11,16.4,2026-06-11,11.74,1.3628620102214664,4.599659284497437,28.414634146341456,27.439024390243894,False,-1.1627906976744096,2.1823747979298043,2,3,2,66.66666666666666,49.609375,72.1590909090909,2022-03-16; 2022-04-13,18.637137989778534,1.3628620102214664,历史2/3次成功; 当前距低点1.36%; 最新日涨幅-1.16%; 状态bottom_area; 底部未确认
19,85.92518948766573,74.69609579205408,301616,浙江华业,bottom_area,2026-06-11,36.32,2026-04-20,52.37,2026-06-11,35.5,2.3098591549295784,2.8732394366197274,32.213099102539616,30.64731716631659,False,-0.05503577325262077,1.806927773422971,1,1,1,100.0,27.003089598352215,27.003089598352215,2025-04-01,17.690140845070424,2.3098591549295784,历史1/1次成功; 当前距低点2.31%; 最新日涨幅-0.06%; 状态bottom_area; 底部未确认
20,85.83327565892537,76.29624503015589,300128,锦富技术,bottom_area,2026-06-11,6.16,2026-06-01,8.54,2026-06-11,5.95,3.529411764705882,12.10084033613445,30.327868852459005,27.868852459016384,False,-8.196721311475407,6.336231432019945,3,3,3,100.0,27.43711749293164,32.834165280088726,2011-01-25; 2016-03-01; 2023-08-29,16.47058823529412,3.529411764705882,历史3/3次成功; 当前距低点3.53%; 最新日涨幅-8.20%; 状态bottom_area; 底部未确认
21,85.51062512840826,75.86594782056906,688566,吉贝尔,bottom_area,2026-06-11,23.85,2026-04-03,33.6,2026-06-10,23.06,3.4258456201214345,4.032957502168256,31.369047619047624,29.01785714285714,False,0.9737510584250764,0.39111291485478894,1,1,1,100.0,24.499332443257664,24.499332443257664,2022-04-27,16.574154379878568,3.4258456201214345,历史1/1次成功; 当前距低点3.43%; 最新日涨幅0.97%; 状态bottom_area; 底部未确认
22,83.3937275815704,72.86155939158752,301602,超研股份,bottom_area,2026-06-11,14.68,2026-03-31,20.79,2026-06-10,14.31,2.5856044723969194,4.612159329140462,31.16883116883116,29.389129389129387,False,-1.41034251175286,1.2620660150673024,1,1,1,100.0,20.520094562647756,20.520094562647756,2025-12-17,17.414395527603084,2.5856044723969194,历史1/1次成功; 当前距低点2.59%; 最新日涨幅-1.41%; 状态bottom_area; 底部未确认
23,82.91339098241187,72.89468957203711,002242,九阳股份,bottom_area,2026-06-11,8.44,2026-05-11,11.44,2026-06-10,8.2,2.926829268292686,3.292682926829285,28.321678321678323,26.223776223776223,False,0.9569377990430672,0.9786319960342895,2,3,2,66.66666666666666,41.296739984289076,58.526315789473685,2013-06-25; 2015-07-09,17.073170731707314,2.926829268292686,历史2/3次成功; 当前距低点2.93%; 最新日涨幅0.96%; 状态bottom_area; 底部未确认
24,82.60773076566294,71.09883748774986,002537,海联金汇,bottom_area,2026-06-11,5.77,2026-04-10,8.2,2026-06-11,5.67,1.7636684303350907,4.05643738977073,30.85365853658536,29.634146341463413,False,-2.2033898305084842,1.5225712939211828,7,11,7,63.63636363636363,29.755628835802867,39.33649289099527,2016-03-01; 2019-06-06; 2019-10-24; 2020-02-04; 2022-03-09; 2024-02-06; 2025-01-13,18.23633156966491,1.7636684303350907,历史7/11次成功; 当前距低点1.76%; 最新日涨幅-2.20%; 状态bottom_area; 底部未确认
25,82.0847919107372,70.95205938102158,300141,和顺电气,bottom_area,2026-06-11,10.21,2026-05-20,13.85,2026-06-11,10.01,1.9980019980020087,3.1968031968031996,27.72563176895307,26.28158844765342,False,-0.6809338521400643,1.586528513863747,9,14,9,64.28571428571429,30.432048813566137,45.07299270072992,2012-12-04; 2015-06-30; 2018-10-19; 2020-02-04; 2021-01-14; 2022-04-27; 2024-06-06; 2025-04-07; 2025-10-23,18.001998001997993,1.9980019980020087,历史9/14次成功; 当前距低点2.00%; 最新日涨幅-0.68%; 状态bottom_area; 底部未确认
26,81.80116389795131,70.0204103256378,000930,中粮科技,bottom_area,2026-06-11,4.85,2026-04-13,7.03,2026-06-11,4.78,1.464435146443502,2.510460251046027,32.005689900426745,31.009957325746807,False,0.0,0.6783102711405491,5,10,5,50.0,27.36194870714509,40.599769319492495,2004-09-13; 2008-04-03; 2015-05-08; 2015-06-23; 2015-08-04,18.5355648535565,1.464435146443502,历史5/10次成功; 当前距低点1.46%; 最新日涨幅0.00%; 状态bottom_area; 底部未确认
27,81.60295509159367,71.18014774344618,301062,上海艾录,bottom_area,2026-06-11,6.16,2026-05-11,8.45,2026-06-10,6.01,2.495840266222968,5.32445923460899,28.87573964497041,27.100591715976325,False,0.32573289902280145,2.727942565629189,3,6,3,50.0,46.24012661523953,91.6354556803995,2021-09-17; 2021-09-29; 2024-09-10,17.504159733777033,2.495840266222968,历史3/6次成功; 当前距低点2.50%; 最新日涨幅0.33%; 状态bottom_area; 底部未确认
28,80.92383809557994,69.38957634691603,002879,长缆科技,bottom_area,2026-06-11,14.33,2026-05-13,19.89,2026-06-11,14.11,1.5591778880226834,3.118355776045367,29.059829059829063,27.953745600804424,False,-0.7617728531855938,2.5298998725064803,2,3,2,66.66666666666666,28.160404650220833,28.340444644060174,2017-08-11; 2018-01-16,18.44082211197732,1.5591778880226834,历史2/3次成功; 当前距低点1.56%; 最新日涨幅-0.76%; 状态bottom_area; 底部未确认
29,80.76136205653802,69.70586237826484,688670,金迪克,bottom_area,2026-06-11,14.88,2026-05-19,21.2,2026-06-10,14.6,1.9178082191780899,4.863013698630143,31.132075471698112,29.811320754716974,False,-0.9980039920159611,0.9258116883116884,3,5,3,60.0,32.034758698875706,48.272552783109404,2022-08-02; 2022-10-12; 2025-11-21,18.08219178082191,1.9178082191780899,历史3/5次成功; 当前距低点1.92%; 最新日涨幅-1.00%; 状态bottom_area; 底部未确认
30,80.76076329631795,69.45896551724138,300933,中辰股份,bottom_area,2026-06-11,6.49,2026-05-18,9.16,2026-06-11,6.38,1.724137931034488,4.075235109717865,30.34934497816594,29.148471615720524,False,-2.259036144578308,2.0469921960039033,2,4,2,50.0,60.565909290545484,99.89795918367346,2021-01-27; 2024-01-24,18.275862068965512,1.724137931034488,历史2/4次成功; 当前距低点1.72%; 最新日涨幅-2.26%; 状态bottom_area; 底部未确认
31,80.68151708564484,68.95588672564163,601177,杭齿前进,bottom_area,2026-06-11,13.22,2026-05-28,18.68,2026-06-11,13.04,1.3803680981595208,3.220858895705535,30.192719486081376,29.229122055674512,False,-2.1465581051073213,2.1083837424386345,5,9,5,55.55555555555556,31.044285486862684,40.789473684210535,2011-01-20; 2015-06-30; 2016-01-08; 2024-02-06; 2025-04-09,18.61963190184048,1.3803680981595208,历史5/9次成功; 当前距低点1.38%; 最新日涨幅-2.15%; 状态bottom_area; 底部未确认
32,80.64600737273703,69.5008293352004,600871,石化油服,bottom_area,2026-06-11,2.22,2026-03-30,3.07,2026-06-10,2.18,1.8348623853211024,4.587155963302736,28.990228013029306,27.6872964169381,False,0.9090909090909038,0.9617633408103817,7,16,7,43.75,42.650890181357546,106.80851063829789,1996-08-27; 1997-07-08; 1997-09-23; 1998-08-18; 2001-07-31; 2014-04-29; 2015-07-16,18.1651376146789,1.8348623853211024,历史7/16次成功; 当前距低点1.83%; 最新日涨幅0.91%; 状态bottom_area; 底部未确认
33,80.53231224202143,68.38304099861303,002015,协鑫能科,bottom_area,2026-06-11,17.73,2026-06-03,25.57,2026-06-11,17.55,1.025641025641024,3.9316239316239185,31.36488071959327,30.660930778255768,False,-4.058441558441562,5.916228634944604,5,9,5,55.55555555555556,33.831256173041226,65.95380667236954,2006-08-07; 2009-08-19; 2013-06-25; 2017-05-24; 2022-04-27,18.974358974358978,1.025641025641024,历史5/9次成功; 当前距低点1.03%; 最新日涨幅-4.06%; 状态bottom_area; 底部未确认
34,80.52440619427412,71.70919893647782,601800,中国交建,bottom_area,2026-06-11,6.28,2026-03-13,8.55,2026-06-09,6.06,3.630363036303641,3.7953795379538025,29.122807017543874,26.549707602339183,False,1.2903225806451646,0.3506317237165435,2,3,2,66.66666666666666,43.54709673431968,49.64925954793452,2015-07-03; 2024-01-23,16.36963696369636,3.630363036303641,历史2/3次成功; 当前距低点3.63%; 最新日涨幅1.29%; 状态bottom_area; 底部未确认
35,80.5079118821248,68.46274728216832,600821,金开新能,bottom_area,2026-06-11,6.4,2026-06-05,8.8,2026-06-11,6.33,1.10584518167457,4.58135860979463,28.068181818181827,27.272727272727277,False,-2.7355623100303927,4.775718297688485,11,21,11,52.38095238095239,31.90618541323943,53.57917570498915,1994-03-11; 1994-08-10; 1997-07-08; 2003-11-06; 2007-10-29; 2008-03-18; 2008-04-22; 2014-01-10; 2020-02-04; 2021-10-14; 2021-12-23,18.894154818325433,1.10584518167457,历史11/21次成功; 当前距低点1.11%; 最新日涨幅-2.74%; 状态bottom_area; 底部未确认
36,80.4492794578079,70.46788651392559,603863,松炀资源,bottom_area,2026-06-11,15.08,2026-05-08,20.58,2026-06-11,14.68,2.724795640326978,4.019073569482288,28.66861030126336,26.724975704567534,False,-1.308900523560208,2.5654532128023453,7,10,7,70.0,24.357099859522055,37.58127438231469,2020-02-04; 2021-02-08; 2021-05-18; 2023-12-28; 2024-05-31; 2025-10-20; 2026-04-01,17.275204359673026,2.724795640326978,历史7/10次成功; 当前距低点2.72%; 最新日涨幅-1.31%; 状态bottom_area; 底部未确认
37,80.31803215612152,68.06875698173232,002427,尤夫股份,bottom_area,2026-06-11,4.39,2026-05-11,5.96,2026-06-11,4.35,0.9195402298850583,3.6781609195402334,27.013422818791955,26.342281879194633,False,-2.444444444444449,1.0932761352914617,5,7,5,71.42857142857143,26.073088280408385,28.964059196617313,2013-06-25; 2015-08-04; 2019-05-21; 2021-05-24; 2025-06-23,19.080459770114942,0.9195402298850583,历史5/7次成功; 当前距低点0.92%; 最新日涨幅-2.44%; 状态bottom_area; 底部未确认
38,80.12328745371897,68.83952386926579,000901,航天科技,bottom_area,2026-06-11,17.68,2026-05-11,25.09,2026-06-11,17.39,1.667625071880386,2.702702702702696,30.689517736149856,29.533678756476682,False,-0.7299270072992692,1.8069554724947237,12,21,12,57.14285714285714,30.500739809578704,49.78354978354978,2005-11-01; 2006-05-24; 2008-04-03; 2008-09-18; 2009-09-02; 2010-07-02; 2013-06-25; 2014-10-27; 2015-06-30; 2018-02-09; 2022-04-27; 2024-02-06,18.332374928119616,1.667625071880386,历史12/21次成功; 当前距低点1.67%; 最新日涨幅-0.73%; 状态bottom_area; 底部未确认
39,80.04836574791578,68.19411408673515,301329,信音电子,bottom_area,2026-06-11,24.38,2026-06-03,33.28,2026-06-11,24.09,1.2038190120381866,4.192611041926117,27.614182692307693,26.74278846153847,False,-3.369005152596116,14.080808984231782,2,3,2,66.66666666666666,27.592229932879352,28.5628382441371,2025-03-26; 2025-04-09,18.796180987961815,1.2038190120381866,历史2/3次成功; 当前距低点1.20%; 最新日涨幅-3.37%; 状态bottom_area; 底部未确认
40,79.95209194781806,67.68028928854247,301325,曼恩斯特,bottom_area,2026-06-11,36.51,2026-05-29,52.31,2026-06-11,36.2,0.8563535911602076,7.071823204419876,30.797170713056776,30.20454979927357,False,-5.634530886533984,2.803338968138421,1,1,1,100.0,21.520298260149133,21.520298260149133,2024-11-19,19.143646408839793,0.8563535911602076,历史1/1次成功; 当前距低点0.86%; 最新日涨幅-5.63%; 状态bottom_area; 底部未确认
41,79.65424426410874,67.84937065374442,300441,鲍斯股份,bottom_area,2026-06-11,5.92,2026-03-11,8.05,2026-06-11,5.85,1.1965811965812014,4.615384615384623,27.329192546583865,26.459627329192553,False,-1.4975041597337757,0.7851465494102471,6,11,6,54.54545454545454,25.030954839415937,29.15291529152916,2015-06-30; 2015-07-29; 2016-03-01; 2020-02-04; 2021-11-05; 2022-04-27,18.8034188034188,1.1965811965812014,历史6/11次成功; 当前距低点1.20%; 最新日涨幅-1.50%; 状态bottom_area; 底部未确认
42,79.6243428571428,67.97199999999998,600615,鑫源智造,bottom_area,2026-06-11,9.24,2026-05-21,12.98,2026-06-11,9.12,1.3157894736842215,3.070175438596504,29.73805855161788,28.8135593220339,False,-1.0706638115631661,0.8728344187395046,11,25,11,44.0,66.65194781298148,272.25130890052355,1993-02-24; 1993-03-05; 1994-07-29; 1994-08-10; 1997-05-23; 2005-07-20; 2012-04-10; 2016-01-14; 2019-11-11; 2023-04-25; 2025-04-09,18.68421052631578,1.3157894736842215,历史11/25次成功; 当前距低点1.32%; 最新日涨幅-1.07%; 状态bottom_area; 底部未确认
43,79.61930589776952,68.16445135118057,301063,海锅股份,bottom_area,2026-06-11,18.59,2026-04-20,26.24,2026-06-11,18.32,1.4737991266375523,3.820960698689952,30.182926829268286,29.15396341463414,False,-2.2607781282860118,1.235833739866808,2,3,2,66.66666666666666,20.52713275939531,20.8467556373677,2021-09-28; 2025-03-31,18.52620087336245,1.4737991266375523,历史2/3次成功; 当前距低点1.47%; 最新日涨幅-2.26%; 状态bottom_area; 底部未确认
44,79.29017225380578,68.02374027136153,002096,易普力,bottom_area,2026-06-11,8.96,2026-06-05,12.45,2026-06-11,8.82,1.5873015873015939,6.349206349206354,29.156626506024093,28.032128514056215,False,-4.782146652497332,1.37872193021433,5,8,5,62.5,23.738106937683693,30.36963036963038,2008-08-11; 2008-09-18; 2015-06-30; 2015-07-29; 2025-01-24,18.412698412698408,1.5873015873015939,历史5/8次成功; 当前距低点1.59%; 最新日涨幅-4.78%; 状态bottom_area; 底部未确认
45,78.95872734963098,68.82517189039233,688171,纬德信息,bottom_area,2026-06-11,43.78,2026-06-01,59.7,2026-06-10,42.73,2.4572899602153155,8.822841095249247,28.425460636515922,26.666666666666668,True,1.0152284263959421,3.163056590066488,2,4,2,50.0,23.91286558969486,27.317073170731714,2022-10-10; 2025-11-21,17.542710039784687,2.4572899602153155,历史2/4次成功; 当前距低点2.46%; 最新日涨幅1.02%; 状态bottom_area; 底部已确认
46,78.70982438501383,67.26399765865037,002788,鹭燕医药,bottom_area,2026-06-11,11.06,2026-05-12,15.64,2026-06-11,10.91,1.3748854262144854,3.3913840513290485,30.24296675191816,29.283887468030688,False,-1.7761989342806372,2.9067120925002667,3,6,3,50.0,33.91793779795371,37.636080870917574,2021-02-04; 2024-02-06; 2026-03-23,18.625114573785513,1.3748854262144854,历史3/6次成功; 当前距低点1.37%; 最新日涨幅-1.78%; 状态bottom_area; 底部未确认
47,78.59054763266894,67.10126609914609,002579,中京电子,bottom_area,2026-06-11,15.29,2026-06-03,21.88,2026-06-11,15.09,1.3253810470510223,6.030483764082175,31.03290676416819,30.118829981718463,False,-3.3501896333754777,19.80136113360622,2,4,2,50.0,42.65126283022806,58.76494023904383,2012-12-04; 2019-05-10,18.67461895294898,1.3253810470510223,历史2/4次成功; 当前距低点1.33%; 最新日涨幅-3.35%; 状态bottom_area; 底部未确认
48,78.3464218512452,68.05663089954001,002686,亿利达,bottom_area,2026-06-11,5.86,2026-05-13,8.25,2026-06-11,5.73,2.2687609075043613,3.315881326352522,30.545454545454543,28.96969696969697,False,-1.0135135135135087,1.5836124425154652,2,4,2,50.0,49.136590154032014,75.68181818181817,2018-02-09; 2022-04-28,17.731239092495642,2.2687609075043613,历史2/4次成功; 当前距低点2.27%; 最新日涨幅-1.01%; 状态bottom_area; 底部未确认
49,78.14538164698135,68.15570290666201,603043,广州酒家,bottom_area,2026-06-11,14.0,2026-02-05,18.88,2026-05-29,13.66,2.4890190336749622,8.565153733528549,27.648305084745754,25.847457627118644,True,-2.6425591098748313,0.5612851406512644,2,3,2,66.66666666666666,23.731180842872412,24.877783813145022,2017-12-25; 2020-10-26,17.51098096632504,2.4890190336749622,历史2/3次成功; 当前距低点2.49%; 最新日涨幅-2.64%; 状态bottom_area; 底部已确认
50,77.45079801645596,65.94344798694588,000919,金陵药业,bottom_area,2026-06-11,6.04,2026-04-16,8.83,2026-06-11,5.97,1.1725293132328356,2.1775544388609696,32.389580973952434,31.596828992072478,False,-1.1456628477905073,1.3051679601498452,7,14,7,50.0,24.33771409202549,31.2267657992565,2008-03-18; 2013-06-25; 2015-06-30; 2015-08-25; 2022-04-27; 2022-12-29; 2024-02-06,18.827470686767164,1.1725293132328356,历史7/14次成功; 当前距低点1.17%; 最新日涨幅-1.15%; 状态bottom_area; 底部未确认
51,77.05103423788776,66.73766845129835,300436,广生堂,bottom_area,2026-06-11,85.65,2026-05-29,119.78,2026-06-11,83.88,2.1101573676681094,2.9566046733428757,29.971614626815835,28.49390549340457,False,0.6226503759398483,2.8741533504953063,5,13,5,38.46153846153847,42.62810349237441,95.87945879458793,2015-07-08; 2015-08-26; 2025-04-09; 2025-06-20; 2025-08-22,17.88984263233189,2.1101573676681094,历史5/13次成功; 当前距低点2.11%; 最新日涨幅0.62%; 状态bottom_area; 底部未确认
52,77.00503825570208,65.10241192023642,600452,涪陵电力,bottom_area,2026-06-11,10.25,2026-05-28,14.08,2026-06-10,10.17,0.7866273352999024,6.1946902654867335,27.769886363636363,27.201704545454547,False,-1.5369836695485084,1.9148389946701534,7,12,7,58.333333333333336,36.8687575881014,79.2298716452742,2005-04-01; 2005-07-18; 2008-04-22; 2008-08-18; 2014-05-09; 2015-06-30; 2016-03-14,19.2133726647001,0.7866273352999024,历史7/12次成功; 当前距低点0.79%; 最新日涨幅-1.54%; 状态bottom_area; 底部未确认
53,76.98994635307955,64.65319828738623,600517,国网英大,bottom_area,2026-06-11,4.79,2026-04-15,6.59,2026-06-11,4.77,0.4192872117400517,3.144654088050322,27.617602427921096,27.31411229135053,False,-1.8442622950819665,0.41553322548769617,6,11,6,54.54545454545454,38.157822302878344,88.35616438356165,2003-11-19; 2005-07-18; 2008-03-18; 2015-06-30; 2020-02-04; 2022-04-26,19.580712788259948,0.4192872117400517,历史6/11次成功; 当前距低点0.42%; 最新日涨幅-1.84%; 状态bottom_area; 底部未确认
54,76.95409092414125,65.62482934133385,300032,金龙机电,bottom_area,2026-06-11,4.02,2026-05-11,5.49,2026-06-11,3.97,1.2594458438286997,3.022670025188908,27.686703096539162,26.77595628415302,False,-2.1897810218978297,2.5910218411020165,5,11,5,45.45454545454545,33.538623909040105,52.14007782101169,2015-06-30; 2015-09-16; 2019-01-31; 2020-09-10; 2024-08-28,18.740554156171303,1.2594458438286997,历史5/11次成功; 当前距低点1.26%; 最新日涨幅-2.19%; 状态bottom_area; 底部未确认
55,76.73066438351049,65.14213955689904,603239,浙江仙通,bottom_area,2026-06-11,16.92,2026-05-19,24.35,2026-06-11,16.75,1.0149253731343386,4.119402985074635,31.211498973305957,30.51334702258727,False,-2.870264064293915,1.6146202718676124,2,5,2,40.0,39.76435165400716,40.42081949058694,2022-04-27; 2024-02-06,18.98507462686566,1.0149253731343386,历史2/5次成功; 当前距低点1.01%; 最新日涨幅-2.87%; 状态bottom_area; 底部未确认
56,76.66419698125422,65.25565656565658,600429,三元股份,bottom_area,2026-06-11,4.37,2026-04-30,6.11,2026-06-09,4.32,1.1574074074074032,3.009259259259257,29.296235679214398,28.477905073649758,False,-1.1312217194570096,0.6604888293103938,4,11,4,36.36363636363637,66.24257752712204,150.82508250825083,2006-06-14; 2008-04-23; 2008-09-16; 2021-02-08,18.842592592592595,1.1574074074074032,历史4/11次成功; 当前距低点1.16%; 最新日涨幅-1.13%; 状态bottom_area; 底部未确认
57,76.63834169022094,65.8506004161029,603079,圣达生物,bottom_area,2026-06-11,12.77,2026-04-24,18.25,2026-06-11,12.56,1.6719745222929863,3.105095541401264,31.17808219178082,30.027397260273975,False,-0.6998444790046632,0.890654117927127,4,8,4,50.0,29.960765198553307,39.7635135135135,2019-04-22; 2020-02-04; 2022-04-27; 2024-09-18,18.328025477707016,1.6719745222929863,历史4/8次成功; 当前距低点1.67%; 最新日涨幅-0.70%; 状态bottom_area; 底部未确认
58,76.51969805895591,67.37583476889199,603978,深圳新星,bottom_area,2026-06-11,24.64,2026-05-26,33.8,2026-06-11,23.92,3.0100334448160484,6.229096989966548,29.230769230769223,27.100591715976325,False,0.7770961145194377,4.438253490831075,4,8,4,50.0,32.0898442100676,38.88888888888889,2020-02-04; 2021-01-14; 2024-08-23; 2025-12-16,16.98996655518395,3.0100334448160484,历史4/8次成功; 当前距低点3.01%; 最新日涨幅0.78%; 状态bottom_area; 底部未确认
59,76.35042729524665,64.91664559389822,603680,今创集团,bottom_area,2026-06-11,11.06,2026-05-15,15.3,2026-06-11,10.94,1.0968921389396802,2.833638025594155,28.496732026143796,27.712418300653596,False,-0.8071748878923701,0.31173169666536776,3,7,3,42.857142857142854,33.36629623253827,39.99999999999999,2021-01-13; 2021-10-29; 2025-04-09,18.90310786106032,1.0968921389396802,历史3/7次成功; 当前距低点1.10%; 最新日涨幅-0.81%; 状态bottom_area; 底部未确认
60,76.33624886379278,64.72703074833986,603759,海天股份,bottom_area,2026-06-11,7.46,2026-03-31,10.36,2026-06-11,7.39,0.9472259810554842,3.112313937753727,28.667953667953665,27.992277992277987,False,-1.7127799736495364,0.6697418572418573,2,3,2,66.66666666666666,35.430318916557454,39.90825688073395,2024-02-06; 2025-01-13,19.05277401894452,0.9472259810554842,历史2/3次成功; 当前距低点0.95%; 最新日涨幅-1.71%; 状态bottom_area; 底部未确认
61,76.20259600490857,65.70093979766118,688517,金冠电气,bottom_area,2026-06-11,17.53,2026-05-29,24.5,2026-06-11,17.21,1.859384079023825,6.333527019174897,29.755102040816322,28.448979591836732,False,-3.3627342888643885,2.1927602394763044,2,3,2,66.66666666666666,22.22402597402597,22.85714285714285,2021-06-21; 2021-07-28,18.140615920976177,1.859384079023825,历史2/3次成功; 当前距低点1.86%; 最新日涨幅-3.36%; 状态bottom_area; 底部未确认
62,76.16252585706357,65.00656116654655,002172,澳洋健康,bottom_area,2026-06-11,3.1,2026-03-27,4.2,2026-06-11,3.06,1.3071895424836613,2.9411764705882306,27.142857142857146,26.190476190476193,False,-1.5873015873015817,1.3251811018010269,10,21,10,47.61904761904761,26.110092112543636,35.395189003436414,2008-09-18; 2009-03-04; 2009-09-02; 2009-09-29; 2011-08-09; 2012-01-06; 2019-05-08; 2020-02-04; 2022-01-28; 2022-04-27,18.69281045751634,1.3071895424836613,历史10/21次成功; 当前距低点1.31%; 最新日涨幅-1.59%; 状态bottom_area; 底部未确认
63,76.12567184602943,64.66661384807956,000516,国际医学,bottom_area,2026-06-11,3.86,2026-03-27,5.28,2026-06-11,3.82,1.0471204188481684,2.879581151832469,27.65151515151516,26.893939393939398,False,-1.7811704834605702,0.8710150157814247,7,16,7,43.75,29.477410769104228,43.67816091954024,1997-05-26; 2001-10-22; 2008-09-18; 2012-12-04; 2015-07-08; 2022-03-16; 2026-03-04,18.952879581151834,1.0471204188481684,历史7/16次成功; 当前距低点1.05%; 最新日涨幅-1.78%; 状态bottom_area; 底部未确认
64,76.05093355616296,64.37168304575222,300261,雅本化学,bottom_area,2026-06-11,4.74,2026-04-02,6.58,2026-06-09,4.7,0.8510638297872347,5.319148936170213,28.57142857142857,27.96352583586626,False,-2.868852459016391,0.8340099583783206,9,16,9,56.25,38.24386332079092,81.5282392026578,2015-08-26; 2016-03-01; 2016-06-15; 2020-02-04; 2020-09-11; 2022-01-07; 2022-04-27; 2022-06-02; 2024-02-05,19.148936170212767,0.8510638297872347,历史9/16次成功; 当前距低点0.85%; 最新日涨幅-2.87%; 状态bottom_area; 底部未确认
65,76.02800610502015,64.78521164439492,300423,昇辉科技,bottom_area,2026-06-11,5.82,2026-05-13,8.31,2026-06-11,5.75,1.217391304347831,3.304347826086963,30.80625752105897,29.96389891696751,False,-1.8549747048903775,2.458990247435594,5,11,5,45.45454545454545,28.509043011430897,45.50084889643465,2015-06-30; 2016-01-14; 2017-08-11; 2023-04-25; 2025-04-09,18.78260869565217,1.217391304347831,历史5/11次成功; 当前距低点1.22%; 最新日涨幅-1.85%; 状态bottom_area; 底部未确认
66,75.9662413169533,64.6094979260661,688293,奥浦迈,bottom_area,2026-06-11,34.51,2026-06-01,46.83,2026-06-11,34.13,1.1133899794901712,3.252270729563432,27.119367926542807,26.307922272047833,False,-2.182539682539686,1.0267070767112465,1,2,1,50.0,49.77433913604127,49.77433913604127,2024-02-05,18.88661002050983,1.1133899794901712,历史1/2次成功; 当前距低点1.11%; 最新日涨幅-2.18%; 状态bottom_area; 底部未确认
67,75.9452206007546,67.66607705517967,605055,迎丰股份,bottom_area,2026-06-11,11.05,2026-05-28,15.38,2026-06-10,10.66,3.658536585365859,4.971857410881795,30.689206762028608,28.15344603381014,False,1.5625,1.205909090909091,2,3,2,66.66666666666666,22.1552355007912,24.200278164116817,2021-03-09; 2022-02-07,16.34146341463414,3.658536585365859,历史2/3次成功; 当前距低点3.66%; 最新日涨幅1.56%; 状态bottom_area; 底部未确认
68,75.90960341287139,64.55456323625718,300153,科泰电源,bottom_area,2026-06-11,22.82,2026-05-25,31.0,2026-06-11,22.57,1.1076650420912717,3.8546743464776294,27.193548387096772,26.387096774193548,False,-2.6034997865983733,2.51622452886925,9,20,9,45.0,26.90881468938318,34.24657534246575,2016-09-29; 2018-02-07; 2019-05-08; 2019-08-06; 2020-02-04; 2021-02-09; 2022-04-27; 2025-04-22; 2025-09-04,18.89233495790873,1.1076650420912717,历史9/20次成功; 当前距低点1.11%; 最新日涨幅-2.60%; 状态bottom_area; 底部未确认
69,75.54102191882734,65.38737294873866,603028,赛福天,bottom_area,2026-06-11,7.38,2026-05-19,10.08,2026-06-10,7.23,2.0746887966804906,5.809128630705393,28.27380952380952,26.785714285714285,False,-1.6000000000000014,1.1440233646504099,3,6,3,50.0,32.40679250091491,43.67816091954023,2017-01-17; 2022-04-27; 2022-10-11,17.92531120331951,2.0746887966804906,历史3/6次成功; 当前距低点2.07%; 最新日涨幅-1.60%; 状态bottom_area; 底部未确认
70,75.51191379335515,65.11064267352187,688651,盛邦安全,bottom_area,2026-06-11,31.7,2026-05-20,44.1,2026-06-11,31.12,1.8637532133676038,3.663239074550119,29.43310657596372,28.117913832199548,False,-1.8271910808299818,2.609199416067707,2,5,2,40.0,62.18217806259432,94.06392694063929,2023-08-25; 2024-04-16,18.136246786632398,1.8637532133676038,历史2/5次成功; 当前距低点1.86%; 最新日涨幅-1.83%; 状态bottom_area; 底部未确认
71,75.45743908430441,68.492137014984,001367,海森药业,bottom_area,2026-06-11,19.47,2026-04-23,27.22,2026-06-08,18.6,4.677419354838695,9.892473118279568,31.667891256429087,28.471711976487878,True,-4.183070866141736,1.4520252650428171,1,1,1,100.0,23.691683569979716,23.691683569979716,2023-04-24,15.322580645161308,4.677419354838695,历史1/1次成功; 当前距低点4.68%; 最新日涨幅-4.18%; 状态bottom_area; 底部已确认
72,75.21035197400315,65.09433972018986,605369,拱东医疗,bottom_area,2026-06-11,16.28,2026-05-08,22.68,2026-06-10,15.95,2.068965517241391,3.1347962382445145,29.67372134038801,28.218694885361543,False,0.12300123001229846,0.46432336076595443,2,5,2,40.0,29.954737094087246,39.201877934272304,2022-09-23; 2024-02-06,17.93103448275861,2.068965517241391,历史2/5次成功; 当前距低点2.07%; 最新日涨幅0.12%; 状态bottom_area; 底部未确认
73,75.15125647956607,63.85840219641125,600708,光明地产,bottom_area,2026-06-11,2.85,2026-05-11,4.16,2026-06-11,2.82,1.0638297872340514,4.609929078014197,32.21153846153847,31.490384615384613,False,-3.716216216216217,1.154404176220132,9,20,9,45.0,32.843731781209016,48.909657320872284,1997-05-23; 1997-07-08; 2004-08-30; 2005-07-18; 2007-05-21; 2015-06-30; 2025-01-06; 2025-04-09; 2025-12-17,18.936170212765948,1.0638297872340514,历史9/20次成功; 当前距低点1.06%; 最新日涨幅-3.72%; 状态bottom_area; 底部未确认
74,75.05919782753611,65.28003314547585,002755,奥赛康,bottom_area,2026-06-11,12.71,2026-05-21,17.77,2026-06-09,12.42,2.334943639291473,4.750402576489532,30.106921778277997,28.474957794034882,False,-2.155504234026173,0.7212408144355635,7,14,7,50.0,35.01991743580865,57.03937007874016,2015-06-29; 2015-07-29; 2015-09-02; 2016-01-14; 2016-12-13; 2022-10-12; 2023-08-24,17.66505636070853,2.334943639291473,历史7/14次成功; 当前距低点2.33%; 最新日涨幅-2.16%; 状态bottom_area; 底部未确认
75,75.0066939258582,63.48361719187145,603230,内蒙新华,bottom_area,2026-06-11,9.52,2026-04-10,13.4,2026-06-11,9.44,0.8474576271186449,2.5423728813559343,29.552238805970156,28.95522388059702,False,-1.855670103092777,0.3851517355051922,2,3,2,66.66666666666666,27.522332876533863,31.521142229544196,2022-01-07; 2022-04-27,19.152542372881356,0.8474576271186449,历史2/3次成功; 当前距低点0.85%; 最新日涨幅-1.86%; 状态bottom_area; 底部未确认
76,74.80288760710089,63.047778235822314,002408,齐翔腾达,bottom_area,2026-06-11,4.87,2026-04-30,6.79,2026-06-10,4.84,0.6198347107438068,3.7190082644628046,28.71870397643594,28.276877761413843,False,-1.0162601626016232,0.7729353405630255,5,9,5,55.55555555555556,29.7963036958565,50.143678160919535,2012-06-26; 2015-06-30; 2020-09-28; 2021-02-08; 2022-04-27,19.380165289256194,0.6198347107438068,历史5/9次成功; 当前距低点0.62%; 最新日涨幅-1.02%; 状态bottom_area; 底部未确认
77,74.61863710874499,64.26485492619186,300101,振芯科技,bottom_area,2026-06-11,15.84,2026-05-11,22.01,2026-06-11,15.56,1.7994858611825153,3.277634961439587,29.304861426624264,28.03271240345298,False,-1.492537313432829,1.3784257393611816,7,15,7,46.666666666666664,30.220516252802838,44.650929181315924,2012-01-19; 2012-12-04; 2015-08-03; 2015-09-08; 2016-01-12; 2022-03-09; 2023-10-26,18.200514138817486,1.7994858611825153,历史7/15次成功; 当前距低点1.80%; 最新日涨幅-1.49%; 状态bottom_area; 底部未确认
78,74.61054470367237,63.5902863423935,000572,海马汽车,bottom_area,2026-06-11,4.12,2026-04-15,5.92,2026-06-11,4.07,1.228501228501224,2.948402948402951,31.249999999999993,30.4054054054054,False,-1.4354066985645786,1.9742815225271684,9,24,9,37.5,39.45574808266819,95.5116696588869,1995-04-27; 1999-01-18; 2000-07-03; 2001-10-22; 2015-06-30; 2018-02-09; 2023-05-26; 2025-04-09; 2025-10-23,18.771498771498777,1.228501228501224,历史9/24次成功; 当前距低点1.23%; 最新日涨幅-1.44%; 状态bottom_area; 底部未确认
79,74.49047243245631,64.11979288721913,601019,山东出版,bottom_area,2026-06-11,6.9,2026-04-10,9.43,2026-06-08,6.78,1.7699115044247802,3.982300884955746,28.101802757158,26.829268292682922,False,-1.4285714285714235,0.3007523120417845,2,4,2,50.0,21.855866222084103,22.896281800391385,2023-05-25; 2024-11-25,18.23008849557522,1.7699115044247802,历史2/4次成功; 当前距低点1.77%; 最新日涨幅-1.43%; 状态bottom_area; 底部未确认
80,74.45631823912251,63.703524707016214,002019,亿帆医药,bottom_area,2026-06-11,9.87,2026-04-02,13.57,2026-06-10,9.73,1.4388489208632969,5.858170606372048,28.297715549005158,27.266028002947685,False,-2.083333333333337,0.7297527112264071,7,17,7,41.17647058823529,34.67732580390166,54.60251046025103,2005-06-02; 2006-04-26; 2008-11-04; 2012-12-04; 2014-02-28; 2014-12-11; 2015-06-30,18.561151079136703,1.4388489208632969,历史7/17次成功; 当前距低点1.44%; 最新日涨幅-2.08%; 状态bottom_area; 底部未确认
81,74.41708070337994,65.58793553518231,300018,中元股份,bottom_area,2026-06-11,11.44,2026-05-25,15.5,2026-06-11,11.1,3.063063063063062,5.0450450450450495,28.387096774193548,26.193548387096776,False,-1.038062283737029,3.0987695850620938,9,17,9,52.94117647058824,39.22809248020988,96.93251533742333,2010-02-03; 2015-06-30; 2015-09-02; 2016-03-01; 2018-02-07; 2018-10-19; 2020-02-04; 2022-04-27; 2025-04-07,16.936936936936938,3.063063063063062,历史9/17次成功; 当前距低点3.06%; 最新日涨幅-1.04%; 状态bottom_area; 底部未确认
82,74.31330938952163,63.68797833124378,002548,金新农,bottom_area,2026-06-11,3.98,2026-04-30,5.48,2026-06-08,3.92,1.5306122448979604,8.92857142857142,28.467153284671536,27.372262773722632,False,-0.995024875621886,2.3490329200023115,3,8,3,37.5,43.684270159199585,59.57142857142858,2012-12-04; 2013-06-25; 2020-06-15,18.46938775510204,1.5306122448979604,历史3/8次成功; 当前距低点1.53%; 最新日涨幅-1.00%; 状态bottom_area; 底部未确认
83,74.15229513289025,63.14560189710319,601226,华电科工,bottom_area,2026-06-11,6.85,2026-05-13,9.45,2026-06-11,6.77,1.1816838995568697,2.3633677991137394,28.359788359788357,27.513227513227513,False,-0.868306801736618,0.8808287292483434,2,5,2,40.0,31.07441498974651,39.54659949622166,2015-06-30; 2022-04-26,18.81831610044313,1.1816838995568697,历史2/5次成功; 当前距低点1.18%; 最新日涨幅-0.87%; 状态bottom_area; 底部未确认
84,74.14572598886085,65.34658224149166,688089,嘉必优,bottom_area,2026-06-11,12.12,2026-05-12,17.33,2026-06-11,11.76,3.0612244897959133,6.122448979591842,32.140796306982104,30.063473744950947,False,-1.06122448979592,1.1807442268723862,3,6,3,50.0,44.28050579691581,58.830478440637926,2020-02-04; 2021-10-28; 2025-01-13,16.93877551020409,3.0612244897959133,历史3/6次成功; 当前距低点3.06%; 最新日涨幅-1.06%; 状态bottom_area; 底部未确认
85,73.98672581458109,62.21197207542708,600604,市北高新,bottom_area,2026-06-11,4.1,2026-05-21,5.94,2026-06-08,4.08,0.49019607843136215,7.107843137254903,31.313131313131315,30.976430976430986,True,-2.147971360381884,0.6701174138468696,12,27,12,44.44444444444444,38.594129156663875,125.68218298555377,1992-09-08; 1993-02-24; 1993-03-10; 1993-07-26; 1994-03-10; 1994-08-10; 1994-10-14; 2007-10-26; 2008-04-23; 2019-02-01; 2020-02-04; 2024-02-06,19.50980392156864,0.49019607843136215,历史12/27次成功; 当前距低点0.49%; 最新日涨幅-2.15%; 状态bottom_area; 底部已确认
86,73.9121140304506,63.86955729021766,002652,扬子新材,bottom_area,2026-06-11,4.63,2026-05-25,6.71,2026-06-11,4.54,1.9823788546255476,4.625550660792951,32.3397913561848,30.998509687034275,False,-1.698513800424628,3.7605261427443075,4,8,4,50.0,23.114952036365093,25.60483870967742,2015-06-23; 2015-06-30; 2022-06-14; 2023-10-24,18.017621145374456,1.9823788546255476,历史4/8次成功; 当前距低点1.98%; 最新日涨幅-1.70%; 状态bottom_area; 底部未确认
87,73.74859034272696,62.89043510969884,300759,康龙化成,bottom_area,2026-06-11,21.72,2026-04-28,31.45,2026-06-11,21.45,1.2587412587412568,3.1235431235431315,31.79650238473768,30.93799682034976,False,-2.513464991023351,2.0862064621121554,2,5,2,40.0,30.647124621660748,32.829977628635355,2024-04-23; 2024-10-16,18.741258741258747,1.2587412587412568,历史2/5次成功; 当前距低点1.26%; 最新日涨幅-2.51%; 状态bottom_area; 底部未确认
88,73.69467623160932,63.17372832109926,002131,利欧股份,bottom_area,2026-06-11,5.26,2026-05-19,7.59,2026-06-11,5.18,1.5444015444015458,3.281853281853281,31.752305665349144,30.698287220026355,False,-2.0484171322160183,3.9216907327514887,4,11,4,36.36363636363637,43.550636493491076,90.33101045296168,2015-09-02; 2017-12-29; 2019-01-04; 2026-01-23,18.455598455598455,1.5444015444015458,历史4/11次成功; 当前距低点1.54%; 最新日涨幅-2.05%; 状态bottom_area; 底部未确认
89,73.65744668055174,64.59947659304825,002162,悦心健康,bottom_area,2026-06-11,3.68,2026-03-26,4.95,2026-06-11,3.58,2.793296089385477,3.0726256983240186,27.67676767676768,25.656565656565654,False,0.8219178082191858,1.2750327387119065,7,16,7,43.75,28.04807353143622,43.23432343234324,2009-08-18; 2010-07-02; 2012-07-31; 2015-08-26; 2018-02-06; 2024-02-06; 2025-04-09,17.206703910614525,2.793296089385477,历史7/16次成功; 当前距低点2.79%; 最新日涨幅0.82%; 状态bottom_area; 底部未确认
90,73.61104540702921,62.75863000336961,600594,益佰制药,bottom_area,2026-06-11,3.25,2026-04-28,4.45,2026-06-11,3.21,1.2461059190031165,3.738317757009349,27.865168539325847,26.966292134831466,False,-1.812688821752273,1.8125650916361,6,15,6,40.0,29.78361020804689,37.32057416267944,2005-06-16; 2008-01-23; 2008-03-19; 2015-07-06; 2018-02-09; 2024-02-06,18.753894080996886,1.2461059190031165,历史6/15次成功; 当前距低点1.25%; 最新日涨幅-1.81%; 状态bottom_area; 底部未确认
91,73.573713968332,63.453508504327374,000576,甘化科工,bottom_area,2026-06-11,7.06,2026-04-15,9.95,2026-06-08,6.93,1.8759018759018746,6.493506493506496,30.351758793969847,29.04522613065327,False,-0.14144271570014633,1.4669145640173777,11,26,11,42.30769230769231,36.2395955988368,90.05145797598628,1995-05-03; 1996-12-25; 1997-07-08; 1997-09-23; 2006-11-14; 2015-08-26; 2017-01-17; 2018-10-19; 2020-02-04; 2021-10-28; 2025-04-09,18.124098124098126,1.8759018759018746,历史11/26次成功; 当前距低点1.88%; 最新日涨幅-0.14%; 状态bottom_area; 底部未确认
92,73.50025915792054,66.30207004375539,688251,井松智能,bottom_area,2026-06-11,23.58,2026-05-08,32.99,2026-06-11,22.6,4.336283185840694,5.707964601769907,31.49439224007275,28.523795089421043,False,0.7261853908586025,3.067165925487713,2,4,2,50.0,42.57417047028053,45.35104364326376,2025-01-06; 2025-04-07,15.663716814159306,4.336283185840694,历史2/4次成功; 当前距低点4.34%; 最新日涨幅0.73%; 状态bottom_area; 底部未确认
93,73.49942724088154,63.008647373601676,002107,沃华医药,bottom_area,2026-06-11,5.91,2026-04-21,8.33,2026-06-10,5.82,1.546391752577317,3.2646048109965546,30.132052821128447,29.051620648259302,False,-0.16891891891891442,1.2679517457511735,4,11,4,36.36363636363637,42.68750061791668,80.27777777777779,2008-09-18; 2008-11-06; 2015-05-29; 2025-04-09,18.453608247422686,1.546391752577317,历史4/11次成功; 当前距低点1.55%; 最新日涨幅-0.17%; 状态bottom_area; 底部未确认
94,73.49496260350952,63.60816814425512,600583,海油工程,bottom_area,2026-06-11,5.43,2026-04-16,7.33,2026-06-10,5.32,2.06766917293232,4.135338345864657,27.421555252387446,25.92087312414734,False,0.5555555555555536,0.7183318743866328,2,5,2,40.0,21.948676658821576,22.909698996655504,2011-08-09; 2017-05-11,17.93233082706768,2.06766917293232,历史2/5次成功; 当前距低点2.07%; 最新日涨幅0.56%; 状态bottom_area; 底部未确认
95,73.47661177458643,61.93960129290977,000582,北部湾港,bottom_area,2026-06-11,11.21,2026-06-03,15.46,2026-06-11,11.14,0.6283662477558374,3.2315978456014314,27.943078913324708,27.490297542043983,False,-2.69097222222221,2.1013207277488006,8,15,8,53.333333333333336,28.7577580884933,37.39279588336192,1997-06-11; 2001-10-22; 2003-05-13; 2003-11-13; 2007-05-25; 2013-06-25; 2015-06-30; 2018-07-06,19.371633752244165,0.6283662477558374,历史8/15次成功; 当前距低点0.63%; 最新日涨幅-2.69%; 状态bottom_area; 底部未确认
96,73.43064813508097,64.691296031453,000565,渝三峡A,bottom_area,2026-06-11,6.44,2026-05-13,8.78,2026-06-08,6.25,3.0400000000000063,5.760000000000005,28.81548974943052,26.6514806378132,False,0.31152647975078995,2.2812680406055517,11,27,11,40.74074074074074,38.085900607174686,57.568807339449535,1994-08-15; 1995-03-20; 1996-05-02; 1996-08-27; 2007-06-26; 2008-04-03; 2009-09-29; 2018-02-09; 2018-07-06; 2022-04-27; 2025-05-26,16.959999999999994,3.0400000000000063,历史11/27次成功; 当前距低点3.04%; 最新日涨幅0.31%; 状态bottom_area; 底部未确认
97,73.38417390524641,61.493048300206475,600126,杭钢股份,bottom_area,2026-06-11,6.64,2026-05-14,9.78,2026-06-11,6.62,0.3021148036253712,6.042296072507545,32.31083844580777,32.10633946830266,False,-5.278174037089878,1.7085451519639343,6,11,6,54.54545454545454,29.946515433624405,55.84045584045584,2006-01-25; 2008-03-18; 2008-09-18; 2009-09-02; 2024-02-06; 2025-03-26,19.697885196374628,0.3021148036253712,历史6/11次成功; 当前距低点0.30%; 最新日涨幅-5.28%; 状态bottom_area; 底部未确认
98,73.37195360827036,62.968467648888705,002540,亚太科技,bottom_area,2026-06-11,5.06,2026-04-20,6.95,2026-06-11,4.98,1.6064257028112285,2.610441767068271,28.34532374100719,27.19424460431655,False,-0.3937007874015852,1.0889754414552606,3,7,3,42.857142857142854,29.138116558439492,37.79527559055118,2015-06-30; 2022-04-27; 2024-02-06,18.39357429718877,1.6064257028112285,历史3/7次成功; 当前距低点1.61%; 最新日涨幅-0.39%; 状态bottom_area; 底部未确认
99,73.3278046958086,63.07889917461837,002104,恒宝股份,bottom_area,2026-06-11,11.14,2026-05-06,15.65,2026-06-11,10.95,1.73515981735161,3.3789954337899637,30.031948881789145,28.817891373801913,False,-1.7636684303350858,3.5388266338968974,8,18,8,44.44444444444444,27.870712081015792,43.85245901639344,2009-08-19; 2016-01-14; 2018-10-19; 2019-05-08; 2020-02-04; 2021-02-04; 2022-04-27; 2024-02-06,18.26484018264839,1.73515981735161,历史8/18次成功; 当前距低点1.74%; 最新日涨幅-1.76%; 状态bottom_area; 底部未确认
100,73.19531933215784,61.84291108908302,688580,伟思医疗,bottom_area,2026-06-11,48.2,2026-05-11,66.5,2026-06-11,47.84,0.7525083612040121,3.1772575250836037,28.060150375939845,27.5187969924812,False,-1.4314928425357754,0.7952278076198984,2,4,2,50.0,36.98188254101169,52.645935624659046,2024-02-06; 2024-10-16,19.24749163879599,0.7525083612040121,历史2/4次成功; 当前距低点0.75%; 最新日涨幅-1.43%; 状态bottom_area; 底部未确认
101,73.04018694308925,62.50198225169481,301277,新天地,bottom_area,2026-06-11,9.11,2026-04-02,12.58,2026-06-11,8.98,1.4476614699331738,2.672605790645882,28.61685214626391,27.58346581875994,False,-0.8705114254624613,0.6062307970733293,2,5,2,40.0,30.8744645330239,36.71274961597543,2022-12-29; 2024-02-06,18.552338530066827,1.4476614699331738,历史2/5次成功; 当前距低点1.45%; 最新日涨幅-0.87%; 状态bottom_area; 底部未确认
102,72.98937706796539,62.35904348123189,600620,天宸股份,bottom_area,2026-06-11,4.47,2026-04-09,6.54,2026-06-11,4.41,1.360544217687066,3.6281179138322024,32.56880733944954,31.651376146788994,False,-1.758241758241763,0.9182772971330343,10,27,10,37.03703703703704,35.45784070770147,82.32044198895026,1993-02-24; 1993-12-20; 1995-05-04; 1998-08-18; 2005-07-12; 2009-08-19; 2015-08-26; 2018-02-06; 2024-04-17; 2025-04-09,18.639455782312936,1.360544217687066,历史10/27次成功; 当前距低点1.36%; 最新日涨幅-1.76%; 状态bottom_area; 底部未确认
103,72.98601249708722,63.16370198600507,600316,洪都航空,bottom_area,2026-06-11,26.7,2026-05-08,38.1,2026-06-11,26.16,2.0642201834862353,2.981651376146793,31.338582677165356,29.92125984251969,False,-0.14958863126401933,0.9011391790842337,7,16,7,43.75,33.86491400190153,84.28727670433831,2006-07-04; 2007-10-29; 2015-06-30; 2018-02-09; 2020-02-04; 2022-04-27; 2025-01-08,17.935779816513765,2.0642201834862353,历史7/16次成功; 当前距低点2.06%; 最新日涨幅-0.15%; 状态bottom_area; 底部未确认
104,72.87601619552731,62.0277894039153,002243,力合科创,bottom_area,2026-06-11,7.01,2026-05-29,9.58,2026-06-11,6.93,1.1544011544011554,5.6277056277056365,27.661795407098122,26.826722338204593,False,-3.708791208791218,2.2365380544151594,5,15,5,33.33333333333333,49.38973496030429,131.57894736842107,2012-03-30; 2015-01-19; 2018-07-11; 2019-02-28; 2025-04-09,18.845598845598847,1.1544011544011554,历史5/15次成功; 当前距低点1.15%; 最新日涨幅-3.71%; 状态bottom_area; 底部未确认
105,72.86213372867829,63.6639922601737,300940,南极光,bottom_area,2026-06-11,15.85,2026-05-21,21.99,2026-06-11,15.45,2.588996763754048,3.8834951456310773,29.740791268758528,27.921782628467483,False,-0.9375000000000022,2.712799187344129,2,4,2,50.0,29.445725169531865,35.40630182421225,2021-03-10; 2025-04-09,17.411003236245953,2.588996763754048,历史2/4次成功; 当前距低点2.59%; 最新日涨幅-0.94%; 状态bottom_area; 底部未确认
106,72.78250826936578,61.24568829784608,688326,经纬恒润,bottom_area,2026-06-11,71.88,2026-05-21,98.65,2026-06-11,71.5,0.5314685314685251,2.937062937062929,27.52154080081095,27.13634059807401,False,-2.535593220338994,1.2626373920561291,2,4,2,50.0,31.061486825775873,34.48938586529221,2023-08-29; 2025-04-07,19.468531468531474,0.5314685314685251,历史2/4次成功; 当前距低点0.53%; 最新日涨幅-2.54%; 状态bottom_area; 底部未确认
107,72.63986362259473,62.70688263394104,000715,中兴商业,bottom_area,2026-06-11,4.76,2026-04-27,6.68,2026-06-11,4.67,1.9271948608137013,5.353319057815846,30.089820359281433,28.74251497005988,False,-2.6584867075664653,1.7215688775366782,7,16,7,43.75,29.72923073438855,49.785407725321896,1997-05-23; 1997-07-08; 2015-07-16; 2020-02-04; 2021-02-04; 2023-01-19; 2025-06-23,18.0728051391863,1.9271948608137013,历史7/16次成功; 当前距低点1.93%; 最新日涨幅-2.66%; 状态bottom_area; 底部未确认
108,72.60265961376093,65.02256435426096,300763,锦浪科技,bottom_area,2026-06-11,92.3,2026-06-01,124.8,2026-06-10,88.8,3.9414414414414414,5.506756756756757,28.84615384615385,26.041666666666668,False,1.8538953873317165,3.5460806316767077,3,6,3,50.0,30.855112047029355,36.020348268440614,2021-08-03; 2024-02-05; 2024-06-28,16.058558558558563,3.9414414414414414,历史3/6次成功; 当前距低点3.94%; 最新日涨幅1.85%; 状态bottom_area; 底部未确认
109,72.58588530987598,62.619593835325425,300542,新晨科技,bottom_area,2026-06-11,11.85,2026-05-13,16.52,2026-06-11,11.63,1.891659501289758,4.901117798796204,29.600484261501204,28.268765133171915,False,-2.789171452009842,1.8749344243439554,6,14,6,42.857142857142854,30.758865198051076,61.233480176211465,2017-01-17; 2021-09-29; 2022-12-29; 2024-04-16; 2024-10-10; 2024-10-30,18.108340498710245,1.891659501289758,历史6/14次成功; 当前距低点1.89%; 最新日涨幅-2.79%; 状态bottom_area; 底部未确认
110,72.47133873530201,62.038158391055745,000852,石化机械,bottom_area,2026-06-11,5.53,2026-05-12,7.55,2026-06-11,5.45,1.467889908256882,3.11926605504587,27.81456953642384,26.754966887417215,False,0.5454545454545601,1.0538075396228364,5,16,5,31.25,25.113964418717398,33.53115727002968,2007-06-05; 2007-06-26; 2007-10-30; 2008-04-22; 2017-07-18,18.53211009174312,1.467889908256882,历史5/16次成功; 当前距低点1.47%; 最新日涨幅0.55%; 状态bottom_area; 底部未确认
111,72.45873001303399,62.37859754235,000931,中关村,bottom_area,2026-06-11,4.01,2026-04-09,5.51,2026-06-11,3.94,1.7766497461928894,3.0456852791878086,28.49364791288566,27.223230490018153,False,-1.231527093596052,0.6300684331445855,5,12,5,41.66666666666667,30.63275428496302,45.10582010582012,2003-05-13; 2005-05-11; 2007-06-26; 2014-01-14; 2020-02-04,18.223350253807112,1.7766497461928894,历史5/12次成功; 当前距低点1.78%; 最新日涨幅-1.23%; 状态bottom_area; 底部未确认
112,72.3509054209811,65.58333967657741,601969,海南矿业,bottom_area,2026-06-11,9.09,2026-04-30,12.75,2026-06-10,8.69,4.602991944764101,5.293440736478721,31.843137254901965,28.705882352941174,False,3.1782065834279116,1.1325305671407693,6,11,6,54.54545454545454,32.13087703667406,52.7415143603133,2015-06-30; 2015-07-06; 2015-08-26; 2018-10-19; 2022-04-26; 2024-02-06,15.3970080552359,4.602991944764101,历史6/11次成功; 当前距低点4.60%; 最新日涨幅3.18%; 状态bottom_area; 底部未确认
113,72.10730451381956,63.656795426617876,603030,全筑股份,bottom_area,2026-06-11,2.29,2026-05-08,3.15,2026-06-11,2.22,3.153153153153146,7.657657657657654,29.523809523809515,27.3015873015873,False,-4.583333333333329,5.223885268512614,8,14,8,57.14285714285714,31.061361221696842,51.87969924812029,2015-07-29; 2015-08-26; 2018-02-07; 2022-04-28; 2023-04-11; 2023-05-31; 2024-06-21; 2025-04-09,16.846846846846855,3.153153153153146,历史8/14次成功; 当前距低点3.15%; 最新日涨幅-4.58%; 状态bottom_area; 底部未确认
114,71.84727140972504,62.15903552750673,688687,凯因科技,bottom_area,2026-06-11,15.95,2026-04-15,21.98,2026-06-11,15.63,2.047344849648103,2.687140115163147,28.889899909008186,27.434030937215653,False,-0.6849315068493067,1.1492041054559843,2,5,2,40.0,36.38162249841081,48.75675675675675,2024-02-06; 2024-10-14,17.952655150351898,2.047344849648103,历史2/5次成功; 当前距低点2.05%; 最新日涨幅-0.68%; 状态bottom_area; 底部未确认
115,71.78495454383247,60.99434991176593,600199,金种子酒,bottom_area,2026-06-11,6.67,2026-05-27,9.4,2026-06-11,6.6,1.060606060606065,4.5454545454545565,29.787234042553195,29.042553191489368,False,-3.052325581395343,1.886524844595459,7,17,7,41.17647058823529,25.690398295101822,33.667781493868446,2003-11-07; 2007-07-17; 2013-10-29; 2015-08-26; 2020-12-03; 2022-03-29; 2023-05-17,18.939393939393938,1.060606060606065,历史7/17次成功; 当前距低点1.06%; 最新日涨幅-3.05%; 状态bottom_area; 底部未确认
116,71.77323315402518,61.46113480405595,002226,江南化工,bottom_area,2026-06-11,4.78,2026-05-20,6.63,2026-06-11,4.71,1.486199575371556,7.0063694267515935,28.959276018099544,27.903469079939665,False,-4.970178926441349,1.233473382647491,3,8,3,37.5,41.382633526360735,63.368421052631575,2009-06-15; 2016-03-01; 2018-02-09,18.513800424628446,1.486199575371556,历史3/8次成功; 当前距低点1.49%; 最新日涨幅-4.97%; 状态bottom_area; 底部未确认
117,71.72866912916946,63.611666666666665,688591,泰凌微,bottom_area,2026-06-11,29.78,2026-05-21,42.78,2026-06-10,28.8,3.402777777777779,5.13888888888889,32.678821879382895,30.388031790556337,False,1.2925170068027292,2.3239698042891535,1,2,1,50.0,59.4516129032258,59.4516129032258,2023-08-29,16.59722222222222,3.402777777777779,历史1/2次成功; 当前距低点3.40%; 最新日涨幅1.29%; 状态bottom_area; 底部未确认
118,71.72275805261879,62.22752016562776,688302,海创药业,bottom_area,2026-06-11,33.41,2026-05-08,47.07,2026-06-11,32.69,2.202508412358516,5.720403793208947,30.550244316974723,29.020607605693655,False,-2.5947521865889223,1.0573081872262664,2,5,2,40.0,38.6518244398128,40.24920312952768,2023-04-03; 2023-10-23,17.797491587641485,2.202508412358516,历史2/5次成功; 当前距低点2.20%; 最新日涨幅-2.59%; 状态bottom_area; 底部未确认
119,71.60577250567579,62.532027280350455,002274,华昌化工,bottom_area,2026-06-11,5.21,2026-04-28,7.06,2026-06-10,5.08,2.559055118110234,3.1496062992126013,28.045325779036823,26.20396600566572,False,1.1650485436893065,1.5970586951458408,4,11,4,36.36363636363637,30.065201586539388,43.47014925373134,2009-08-19; 2010-02-05; 2012-12-04; 2021-09-29,17.440944881889767,2.559055118110234,历史4/11次成功; 当前距低点2.56%; 最新日涨幅1.17%; 状态bottom_area; 底部未确认
120,71.52219947268335,60.44583413210173,600877,电科芯片,bottom_area,2026-06-11,13.13,2026-05-11,18.14,2026-06-11,13.03,0.7674597083653218,3.1465848042977758,28.169790518191846,27.618522601984562,False,-2.3065476190476053,1.1073514172178578,8,16,8,50.0,29.653990683734705,55.348837209302324,1996-12-18; 1997-07-08; 2005-07-19; 2008-04-22; 2008-09-18; 2009-08-19; 2015-09-08; 2022-04-27,19.232540291634677,0.7674597083653218,历史8/16次成功; 当前距低点0.77%; 最新日涨幅-2.31%; 状态bottom_area; 底部未确认
121,71.46800607353856,59.95735881602676,688015,交控科技,bottom_area,2026-06-11,16.46,2026-04-27,23.28,2026-06-11,16.4,0.3658536585365993,2.6219512195121935,29.55326460481101,29.295532646048112,False,-2.1984551396315943,0.4972951576178837,2,4,2,50.0,22.104866438119394,23.111997720148185,2019-08-12; 2021-01-08,19.634146341463403,0.3658536585365993,历史2/4次成功; 当前距低点0.37%; 最新日涨幅-2.20%; 状态bottom_area; 底部未确认
122,71.26843228345615,60.18258089419844,002703,浙江世宝,bottom_area,2026-06-11,15.32,2026-05-26,22.58,2026-06-11,15.21,0.723208415516104,3.4845496383957877,32.639503985828156,32.15234720992028,False,-1.1612903225806437,3.820147277537153,4,8,4,50.0,27.696215492339505,34.06504065040649,2015-09-16; 2018-02-07; 2019-11-13; 2023-07-24,19.276791584483895,0.723208415516104,历史4/8次成功; 当前距低点0.72%; 最新日涨幅-1.16%; 状态bottom_area; 底部未确认
123,71.259663517981,60.902154285716314,002110,三钢闽光,bottom_area,2026-06-11,2.94,2026-03-31,3.98,2026-06-11,2.9,1.3793103448275874,2.758620689655175,27.1356783919598,26.13065326633166,False,-0.6756756756756799,0.6360195568171234,6,16,6,37.5,26.85205307485596,29.150326797385624,2008-03-18; 2008-09-18; 2016-01-28; 2021-11-10; 2025-01-13; 2025-04-09,18.620689655172416,1.3793103448275874,历史6/16次成功; 当前距低点1.38%; 最新日涨幅-0.68%; 状态bottom_area; 底部未确认
124,71.1734603752368,60.06220792816745,300384,三联虹普,bottom_area,2026-06-11,11.73,2026-04-16,16.25,2026-06-11,11.65,0.6866952789699576,4.120171673819746,28.307692307692307,27.815384615384612,False,-2.977667493796521,1.5194434050402443,2,5,2,40.0,48.268135291499775,52.20293724966623,2020-02-04; 2025-01-13,19.313304721030043,0.6866952789699576,历史2/5次成功; 当前距低点0.69%; 最新日涨幅-2.98%; 状态bottom_area; 底部未确认
125,71.08087971033252,61.375359402168804,600346,恒力石化,bottom_area,2026-06-11,16.29,2026-05-14,23.23,2026-06-11,15.98,1.9399249061326576,4.192740926157685,31.209642703400775,29.875161429186402,False,-0.5494505494505475,0.4468540012217471,5,13,5,38.46153846153847,34.18488273199603,56.495468277945605,2008-04-22; 2009-03-02; 2009-08-20; 2010-07-02; 2022-03-09,18.060075093867344,1.9399249061326576,历史5/13次成功; 当前距低点1.94%; 最新日涨幅-0.55%; 状态bottom_area; 底部未确认
126,70.9635780575637,60.3089898506207,600835,上海机电,bottom_area,2026-06-11,19.8,2026-05-20,26.9,2026-06-11,19.59,1.071975497702914,3.1648800408371667,27.17472118959107,26.394052044609662,False,-1.9801980198019709,0.7882165072934844,6,20,6,30.0,36.1456665880825,63.124999999999986,1997-04-29; 1998-08-18; 2008-04-02; 2013-05-02; 2015-06-30; 2015-08-26,18.928024502297085,1.071975497702914,历史6/20次成功; 当前距低点1.07%; 最新日涨幅-1.98%; 状态bottom_area; 底部未确认
127,70.92795732856138,61.3514586378252,300288,朗玛信息,bottom_area,2026-06-11,9.52,2026-04-15,12.95,2026-06-11,9.33,2.036441586280809,5.037513397642022,27.95366795366795,26.486486486486488,False,-3.25203252032521,1.9225597850484073,4,11,4,36.36363636363637,69.40710351619818,114.64788732394366,2014-04-02; 2015-07-03; 2015-09-02; 2020-02-04,17.96355841371919,2.036441586280809,历史4/11次成功; 当前距低点2.04%; 最新日涨幅-3.25%; 状态bottom_area; 底部未确认
128,70.90462452994656,62.339103214096305,688079,美迪凯,bottom_area,2026-06-11,24.25,2026-06-04,33.85,2026-06-11,23.56,2.9286926994906675,8.022071307300513,30.398818316100453,28.360413589364846,False,-2.4144869215291798,7.075501403905821,3,6,3,50.0,26.486680478145285,30.064655172413808,2021-10-28; 2023-05-05; 2025-04-09,17.071307300509332,2.9286926994906675,历史3/6次成功; 当前距低点2.93%; 最新日涨幅-2.41%; 状态bottom_area; 底部未确认
129,70.88096673462142,63.536996114159635,603590,康辰药业,bottom_area,2026-06-11,29.45,2026-05-22,39.64,2026-06-11,28.32,3.990112994350279,4.131355932203383,28.557013118062564,25.70635721493441,False,0.06795786612299182,1.802955989741074,2,5,2,40.0,45.13147172730253,46.18369987063388,2022-04-27; 2024-02-06,16.009887005649723,3.990112994350279,历史2/5次成功; 当前距低点3.99%; 最新日涨幅0.07%; 状态bottom_area; 底部未确认
130,70.81629863439498,63.03660820326611,603895,天永智能,bottom_area,2026-06-11,30.45,2026-05-28,41.78,2026-06-11,29.39,3.6066689350119043,5.988431439265049,29.65533748204883,27.118238391574923,False,-1.4563106796116498,2.569855662472243,2,4,2,50.0,38.54738373706048,56.99624530663328,2018-02-06; 2024-03-05,16.393331064988097,3.6066689350119043,历史2/4次成功; 当前距低点3.61%; 最新日涨幅-1.46%; 状态bottom_area; 底部未确认
131,70.79386835618487,60.18944859091191,002123,梦网科技,bottom_area,2026-06-11,7.39,2026-05-25,10.16,2026-06-11,7.31,1.0943912448700421,5.335157318741459,28.05118110236221,27.263779527559056,False,-4.274611398963735,2.231517726159381,2,6,2,33.33333333333333,38.770576859582086,54.50450450450449,2019-05-08; 2024-02-06,18.90560875512996,1.0943912448700421,历史2/6次成功; 当前距低点1.09%; 最新日涨幅-4.27%; 状态bottom_area; 底部未确认
132,70.64970614532396,60.55139006051065,600587,新华医疗,bottom_area,2026-06-11,12.58,2026-01-14,17.27,2026-06-11,12.39,1.5334947538337327,2.5827280064568225,28.257093225246088,27.15691951360741,False,-0.6319115323854652,0.7160206770092065,5,13,5,38.46153846153847,24.77289300672874,30.013736263736256,2008-04-22; 2015-07-16; 2019-06-06; 2021-07-28; 2021-11-08,18.466505246166268,1.5334947538337327,历史5/13次成功; 当前距低点1.53%; 最新日涨幅-0.63%; 状态bottom_area; 底部未确认
133,70.64771936857055,59.97903474082105,603069,海汽集团,bottom_area,2026-06-11,13.92,2026-05-22,19.06,2026-06-11,13.78,1.0159651669085672,2.8301886792452873,27.701993704092338,26.967471143756555,False,-1.9718309859154903,1.073639240506329,3,12,3,25.0,44.518469469745064,76.0375880971026,2017-01-16; 2021-06-25; 2024-02-06,18.984034833091435,1.0159651669085672,历史3/12次成功; 当前距低点1.02%; 最新日涨幅-1.97%; 状态bottom_area; 底部未确认
134,70.56400267667337,60.52954861704731,300043,星辉娱乐,bottom_area,2026-06-11,4.5,2026-04-28,6.21,2026-06-08,4.43,1.5801354401805936,8.126410835214456,28.66344605475041,27.536231884057973,True,-5.063291139240511,3.1812894065920645,5,14,5,35.714285714285715,32.20107676237598,57.267950963222425,2010-02-03; 2014-07-24; 2015-07-03; 2022-01-28; 2022-04-27,18.419864559819406,1.5801354401805936,历史5/14次成功; 当前距低点1.58%; 最新日涨幅-5.06%; 状态bottom_area; 底部已确认
135,70.46036569697007,61.11304904270517,000020,深华发A,bottom_area,2026-06-11,11.69,2026-04-30,16.22,2026-06-11,11.44,2.1853146853146854,2.7972027972028,29.469790382244142,27.928483353884094,False,-0.679694137638065,1.5776744057678649,9,21,9,42.857142857142854,26.25880620319397,42.08242950108458,1992-06-17; 1992-10-26; 1999-01-18; 2010-07-02; 2016-01-05; 2016-02-29; 2022-08-31; 2022-09-30; 2025-04-09,17.814685314685317,2.1853146853146854,历史9/21次成功; 当前距低点2.19%; 最新日涨幅-0.68%; 状态bottom_area; 底部未确认
136,70.38824110126389,60.13335624211712,600192,长城电工,bottom_area,2026-06-11,6.72,2026-05-14,9.88,2026-06-11,6.63,1.3574660633484141,3.318250377073903,32.894736842105274,31.983805668016203,False,-1.17647058823529,1.0727835589948986,3,10,3,30.0,38.70096164812636,60.875706214689274,2009-03-02; 2024-04-17; 2025-06-23,18.64253393665159,1.3574660633484141,历史3/10次成功; 当前距低点1.36%; 最新日涨幅-1.18%; 状态bottom_area; 底部未确认
137,70.36075232976076,61.33942911850533,002318,久立特材,bottom_area,2026-06-11,22.03,2026-04-30,30.98,2026-06-10,21.5,2.4651162790697727,4.511627906976739,30.600387346675273,28.8896061975468,False,-0.6762849413886274,0.6880880771278796,3,7,3,42.857142857142854,30.90572937288087,42.95774647887324,2010-02-03; 2015-09-07; 2018-02-09,17.534883720930228,2.4651162790697727,历史3/7次成功; 当前距低点2.47%; 最新日涨幅-0.68%; 状态bottom_area; 底部未确认
138,70.3542361458247,60.43298963841126,300111,向日葵,bottom_area,2026-06-11,3.07,2026-05-13,4.16,2026-06-11,3.02,1.655629139072842,3.3112582781456985,27.403846153846157,26.201923076923084,False,-1.602564102564108,1.3982093185137414,5,13,5,38.46153846153847,25.63346277149106,32.967032967032964,2015-06-30; 2015-08-26; 2020-02-04; 2022-04-27; 2025-04-07,18.34437086092716,1.655629139072842,历史5/13次成功; 当前距低点1.66%; 最新日涨幅-1.60%; 状态bottom_area; 底部未确认
139,70.34928977680578,60.40274248617502,301085,亚康股份,bottom_area,2026-06-11,59.78,2026-05-29,81.68,2026-06-11,58.82,1.6320979258755541,5.219313158789528,27.987267384916752,26.81194906953967,False,-3.6583400483480966,4.123629147038454,2,5,2,40.0,32.064116974039145,42.41158451684769,2023-04-26; 2024-10-14,18.367902074124448,1.6320979258755541,历史2/5次成功; 当前距低点1.63%; 最新日涨幅-3.66%; 状态bottom_area; 底部未确认
140,70.22441153035668,59.919742447097825,000981,山子高科,bottom_area,2026-06-11,3.14,2026-05-14,4.58,2026-06-11,3.1,1.2903225806451624,3.2258064516129057,32.314410480349345,31.441048034934493,False,-0.9463722397476282,2.077350987460393,7,23,7,30.434782608695656,35.78742225626044,65.60376372190278,2003-05-13; 2007-10-29; 2008-04-07; 2008-04-23; 2015-07-06; 2016-09-26; 2024-11-18,18.70967741935484,1.2903225806451624,历史7/23次成功; 当前距低点1.29%; 最新日涨幅-0.95%; 状态bottom_area; 底部未确认
141,70.20044660039355,60.06966919686523,002402,和而泰,bottom_area,2026-06-11,23.86,2026-05-11,33.92,2026-06-11,23.52,1.4455782312925163,2.2534013605442227,30.66037735849057,29.658018867924536,False,-0.9547530095475265,2.87137625583137,4,12,4,33.33333333333333,32.21642059612279,50.57692307692307,2015-06-30; 2015-09-07; 2016-02-01; 2020-02-04,18.554421768707485,1.4455782312925163,历史4/12次成功; 当前距低点1.45%; 最新日涨幅-0.95%; 状态bottom_area; 底部未确认
142,70.19558370090715,62.76234969942989,600251,冠农股份,bottom_area,2026-06-11,9.71,2026-05-07,13.21,2026-06-08,9.35,3.850267379679157,4.812834224598942,29.220287660862994,26.495079485238453,False,1.4629049111807735,1.1131108505358895,5,12,5,41.66666666666667,35.64135837866504,41.95979899497488,2011-01-25; 2013-06-25; 2015-06-30; 2015-07-07; 2022-04-27,16.149732620320844,3.850267379679157,历史5/12次成功; 当前距低点3.85%; 最新日涨幅1.46%; 状态bottom_area; 底部未确认
143,70.14739027199795,60.91042475908219,002321,华英农业,bottom_area,2026-06-11,1.82,2026-04-14,2.44,2026-06-09,1.78,2.247191011235957,3.9325842696629247,27.04918032786885,25.409836065573764,False,0.5524861878453136,1.1187616804054927,3,9,3,33.33333333333333,24.089714684767927,25.609756097560986,2015-06-30; 2020-02-04; 2024-02-07,17.752808988764045,2.247191011235957,历史3/9次成功; 当前距低点2.25%; 最新日涨幅0.55%; 状态bottom_area; 底部未确认
144,70.13555691302243,62.13693618585797,002108,沧州明珠,bottom_area,2026-06-11,4.63,2026-05-11,6.44,2026-06-08,4.48,3.348214285714274,5.8035714285714235,30.43478260869565,28.10559006211181,False,-1.0683760683760646,1.7085662741112495,6,12,6,50.0,30.542283641325348,43.3497536945813,2009-06-24; 2018-02-07; 2018-06-20; 2020-02-04; 2022-04-27; 2024-02-05,16.651785714285726,3.348214285714274,历史6/12次成功; 当前距低点3.35%; 最新日涨幅-1.07%; 状态bottom_area; 底部未确认
145,70.11286576215177,61.41558447828434,600988,赤峰黄金,bottom_area,2026-06-11,28.26,2026-05-26,38.43,2026-06-11,27.51,2.7262813522355507,4.943656852053796,28.41530054644808,26.463700234192032,False,0.31948881789136685,2.5572395164894313,4,11,4,36.36363636363637,26.112690896967415,34.892086330935264,2013-06-21; 2015-06-30; 2015-07-06; 2020-08-13,17.27371864776445,2.7262813522355507,历史4/11次成功; 当前距低点2.73%; 最新日涨幅0.32%; 状态bottom_area; 底部未确认
146,70.04812021005361,58.78565762688357,600699,均胜电子,bottom_area,2026-06-11,23.53,2026-05-27,33.13,2026-06-11,23.44,0.38395904436860007,4.479522184300329,29.24841533353456,28.976758225173562,False,-2.768595041322308,2.4866691734863346,11,25,11,44.0,29.027334666903105,61.01694915254237,1993-12-20; 1994-08-10; 1995-05-24; 1996-06-25; 1996-12-25; 1997-07-07; 2004-10-22; 2005-05-10; 2014-03-12; 2018-02-07; 2026-03-24,19.6160409556314,0.38395904436860007,历史11/25次成功; 当前距低点0.38%; 最新日涨幅-2.77%; 状态bottom_area; 底部未确认
147,69.95880583242679,59.66635891891412,300617,安靠智电,bottom_area,2026-06-11,53.6,2026-05-28,74.0,2026-06-11,52.93,1.2658227848101298,5.554505951256372,28.472972972972972,27.567567567567565,False,-3.214156735283502,4.142489691431483,3,8,3,37.5,29.031907893985014,34.81727574750829,2017-04-24; 2018-02-07; 2023-04-25,18.73417721518987,1.2658227848101298,历史3/8次成功; 当前距低点1.27%; 最新日涨幅-3.21%; 状态bottom_area; 底部未确认
148,69.8793042273874,61.318439170408354,688558,国盛智科,bottom_area,2026-06-11,32.06,2026-05-15,46.01,2026-06-10,31.18,2.822322001282882,5.420141116100057,32.2321234514236,30.319495761790904,False,0.28151391929935876,0.9301515151515151,1,3,1,33.33333333333333,52.00752823086575,52.00752823086575,2024-02-06,17.17767799871712,2.822322001282882,历史1/3次成功; 当前距低点2.82%; 最新日涨幅0.28%; 状态bottom_area; 底部未确认
149,69.81429205014189,60.48565819861431,300468,四方精创,bottom_area,2026-06-11,22.11,2026-05-08,29.76,2026-06-11,21.65,2.124711316397233,3.7875288683602784,27.25134408602151,25.70564516129033,False,-1.7333333333333312,3.238644113885421,3,10,3,30.0,50.88827128915406,105.06912442396315,2016-01-14; 2017-12-06; 2024-10-10,17.87528868360277,2.124711316397233,历史3/10次成功; 当前距低点2.12%; 最新日涨幅-1.73%; 状态bottom_area; 底部未确认
150,69.69389642609136,62.74282585672506,000830,鲁西化工,bottom_area,2026-06-11,12.33,2026-04-30,17.35,2026-06-09,11.83,4.22654268808115,7.269653423499572,31.815561959654183,28.93371757925073,True,0.0,1.5656691443347222,3,7,3,42.857142857142854,28.375885022158663,36.31813125695217,1998-08-18; 2008-03-18; 2018-02-12,15.77345731191885,4.22654268808115,历史3/7次成功; 当前距低点4.23%; 最新日涨幅0.00%; 状态bottom_area; 底部已确认
151,69.6905236982644,60.046264358795476,603023,威帝股份,bottom_area,2026-06-11,3.91,2026-05-19,5.37,2026-06-11,3.84,1.822916666666674,4.1666666666666705,28.491620111731848,27.188081936685286,False,-1.7587939698492372,1.5616786483298168,5,14,5,35.714285714285715,31.55729685988359,56.01092896174863,2015-07-29; 2018-02-09; 2019-10-09; 2020-02-04; 2024-06-07,18.17708333333333,1.822916666666674,历史5/14次成功; 当前距低点1.82%; 最新日涨幅-1.76%; 状态bottom_area; 底部未确认
152,69.65314296162705,61.93932703532767,002742,三圣股份,bottom_area,2026-06-11,3.79,2026-05-13,5.25,2026-06-11,3.66,3.5519125683060078,5.191256830601091,30.28571428571428,27.809523809523807,False,-1.558441558441559,1.785899287569523,5,10,5,50.0,31.97681554336218,49.6881496881497,2015-06-30; 2019-01-31; 2020-02-04; 2020-03-24; 2024-02-08,16.448087431693992,3.5519125683060078,历史5/10次成功; 当前距低点3.55%; 最新日涨幅-1.56%; 状态bottom_area; 底部未确认
153,69.60840348234954,59.15153569464232,000566,海南海药,bottom_area,2026-06-11,3.79,2026-04-16,5.57,2026-06-11,3.75,1.0666666666666678,2.93333333333333,32.675044883303414,31.956912028725316,False,-1.558441558441559,1.1781430004284796,9,31,9,29.03225806451613,31.95449298194798,38.29787234042554,1995-01-03; 1996-12-25; 1997-05-26; 1997-06-11; 2001-02-23; 2003-11-10; 2014-01-13; 2022-04-27; 2025-04-09,18.933333333333334,1.0666666666666678,历史9/31次成功; 当前距低点1.07%; 最新日涨幅-1.56%; 状态bottom_area; 底部未确认
154,69.54684328391211,62.77053753359899,300631,久吾高科,bottom_area,2026-06-11,24.14,2026-05-07,32.58,2026-06-08,23.13,4.366623432771299,7.4362300043234,29.005524861878452,25.905463474524243,True,-0.4125412541254092,1.925412704834633,4,8,4,50.0,37.23891914149222,50.86505190311419,2018-02-07; 2021-09-06; 2025-04-07; 2026-03-23,15.633376567228702,4.366623432771299,历史4/8次成功; 当前距低点4.37%; 最新日涨幅-0.41%; 状态bottom_area; 底部已确认
155,69.54486528803714,59.757433751743385,002998,优彩资源,bottom_area,2026-06-11,7.29,2026-05-08,10.45,2026-06-11,7.17,1.6736401673640184,3.347280334728037,31.387559808612437,30.23923444976076,False,-1.4864864864864935,2.1593758669337166,1,3,1,33.33333333333333,56.29770992366411,56.29770992366411,2025-04-09,18.326359832635983,1.6736401673640184,历史1/3次成功; 当前距低点1.67%; 最新日涨幅-1.49%; 状态bottom_area; 底部未确认
156,69.51008646522645,58.887781000650506,603191,望变电气,bottom_area,2026-06-11,15.7,2026-05-29,22.72,2026-06-11,15.56,0.8997429305912519,3.14910025706941,31.51408450704225,30.897887323943664,False,-2.5450031036623244,1.9424810473282292,2,5,2,40.0,44.5655638838632,54.24528301886794,2024-02-06; 2025-04-09,19.100257069408748,0.8997429305912519,历史2/5次成功; 当前距低点0.90%; 最新日涨幅-2.55%; 状态bottom_area; 底部未确认
157,69.49325288207584,60.46253199130318,600009,上海机场,bottom_area,2026-06-11,23.46,2025-12-25,34.16,2026-06-08,22.92,2.356020942408373,4.493891797556708,32.90398126463699,31.323185011709594,False,-1.5113350125944613,0.4100563912142685,5,12,5,41.66666666666667,27.433296093159143,39.633347883020505,2006-03-31; 2015-07-09; 2015-08-25; 2021-05-10; 2021-08-02,17.643979057591626,2.356020942408373,历史5/12次成功; 当前距低点2.36%; 最新日涨幅-1.51%; 状态bottom_area; 底部未确认
158,69.47541676320564,59.98351921680942,600992,贵绳股份,bottom_area,2026-06-11,10.01,2026-05-29,13.5,2026-06-11,9.82,1.934826883910382,4.073319755600818,27.259259259259256,25.851851851851855,False,-1.5732546705997996,3.0366396017789383,5,15,5,33.33333333333333,37.750490208557856,61.79906542056074,2008-03-18; 2009-08-19; 2018-10-19; 2022-04-27; 2024-02-06,18.06517311608962,1.934826883910382,历史5/15次成功; 当前距低点1.93%; 最新日涨幅-1.57%; 状态bottom_area; 底部未确认
159,69.44586458257791,59.21094411036749,002957,科瑞技术,bottom_area,2026-06-11,51.87,2026-06-03,72.4,2026-06-11,51.23,1.2492680070271336,4.8604333398399415,29.240331491712716,28.356353591160232,False,-3.0648476920201895,3.8989324208645595,2,6,2,33.33333333333333,35.40828942503236,43.38602329450915,2020-02-04; 2023-08-25,18.75073199297287,1.2492680070271336,历史2/6次成功; 当前距低点1.25%; 最新日涨幅-3.06%; 状态bottom_area; 底部未确认
160,69.42122286143328,60.282628541458294,301169,零点有数,bottom_area,2026-06-11,73.63,2026-05-21,99.5,2026-06-11,72.01,2.2496875433967367,4.652131648382161,27.628140703517584,26.000000000000007,False,-1.2208210356855487,1.8215778830269085,2,5,2,40.0,28.773742690337933,36.13845665290568,2022-04-28; 2022-12-30,17.750312456603265,2.2496875433967367,历史2/5次成功; 当前距低点2.25%; 最新日涨幅-1.22%; 状态bottom_area; 底部未确认
161,69.37025146894099,59.108456232130536,300795,米奥会展,bottom_area,2026-06-11,9.17,2026-05-27,12.99,2026-06-11,9.06,1.214128035320082,3.752759381898453,30.254041570438794,29.407236335642807,False,-2.75715800636267,2.4262983941925733,2,6,2,33.33333333333333,24.211477523263383,26.767850983097624,2020-09-11; 2024-01-09,18.785871964679917,1.214128035320082,历史2/6次成功; 当前距低点1.21%; 最新日涨幅-2.76%; 状态bottom_area; 底部未确认
162,69.36402149009237,60.892612478188866,688390,固德威,bottom_area,2026-06-11,113.47,2026-06-01,152.96,2026-06-11,110.33,2.846007432248709,4.259947430435967,27.87003138075314,25.817207112970713,False,-0.4736426629243118,2.6944542633721675,2,5,2,40.0,39.3629538909459,52.46368555966959,2021-08-04; 2022-06-22,17.153992567751292,2.846007432248709,历史2/5次成功; 当前距低点2.85%; 最新日涨幅-0.47%; 状态bottom_area; 底部未确认
163,69.35190892210804,58.916051203698274,601002,晋亿实业,bottom_area,2026-06-11,4.81,2026-04-20,6.81,2026-06-11,4.76,1.0504201680672232,2.310924369747906,30.102790014684288,29.368575624082233,False,-1.2320328542094527,1.0790193635163132,3,10,3,30.0,28.39252251016957,35.164835164835154,2007-06-05; 2008-04-02; 2025-04-09,18.949579831932777,1.0504201680672232,历史3/10次成功; 当前距低点1.05%; 最新日涨幅-1.23%; 状态bottom_area; 底部未确认
164,69.3327403653528,62.861684597919876,300267,尔康制药,bottom_area,2026-06-11,3.4,2026-05-25,4.52,2026-06-08,3.25,4.615384615384613,7.384615384615391,28.097345132743357,24.778761061946895,False,0.8902077151335286,2.7583158321192887,4,8,4,50.0,27.498717854821514,33.65384615384614,2015-06-30; 2015-07-03; 2015-08-25; 2024-02-06,15.384615384615389,4.615384615384613,历史4/8次成功; 当前距低点4.62%; 最新日涨幅0.89%; 状态bottom_area; 底部未确认
165,69.27662025272167,59.9527144313594,001330,博纳影业,bottom_area,2026-06-11,6.43,2026-06-04,8.7,2026-06-11,6.3,2.0634920634920615,7.142857142857145,27.58620689655172,26.0919540229885,False,-5.022156573116687,7.3353141484281075,2,5,2,40.0,34.93266847377042,35.637149028077765,2024-02-06; 2026-01-06,17.93650793650794,2.0634920634920615,历史2/5次成功; 当前距低点2.06%; 最新日涨幅-5.02%; 状态bottom_area; 底部未确认
166,69.26422032641746,59.13815066522843,300386,飞天诚信,bottom_area,2026-06-11,9.94,2026-05-11,13.57,2026-06-11,9.81,1.3251783893985627,3.669724770642196,27.708179808400885,26.750184229918943,False,-2.7397260273972712,1.9895301692666771,5,15,5,33.33333333333333,25.73238741787002,31.195335276967924,2015-07-17; 2020-02-04; 2024-07-01; 2024-07-09; 2024-10-10,18.674821610601438,1.3251783893985627,历史5/15次成功; 当前距低点1.33%; 最新日涨幅-2.74%; 状态bottom_area; 底部未确认
167,69.2345657645468,58.88173350068933,002819,东方中科,bottom_area,2026-06-11,20.93,2026-05-14,29.06,2026-06-11,20.7,1.1111111111111132,4.685990338164263,28.768066070199588,27.976600137646244,False,-3.8143382352941235,1.221222385680413,3,9,3,33.33333333333333,31.94480376714694,51.677148846960186,2020-02-04; 2021-08-16; 2024-02-06,18.88888888888889,1.1111111111111132,历史3/9次成功; 当前距低点1.11%; 最新日涨幅-3.81%; 状态bottom_area; 底部未确认
168,69.15850540558314,60.77871569950517,002790,瑞尔特,bottom_area,2026-06-11,6.02,2026-04-02,8.16,2026-06-11,5.85,2.905982905982905,3.4188034188034218,28.308823529411768,26.22549019607844,False,0.5008347245408995,1.6139395276134216,1,4,1,25.0,49.512670565302145,49.512670565302145,2022-04-27,17.094017094017097,2.905982905982905,历史1/4次成功; 当前距低点2.91%; 最新日涨幅0.50%; 状态bottom_area; 底部未确认
169,69.1564652463889,59.32410520658744,300986,志特新材,bottom_area,2026-06-11,17.98,2026-05-11,25.4,2026-06-11,17.7,1.5819209039548088,2.9943502824858825,30.314960629921263,29.212598425196845,False,-1.1544804837823053,3.491110174169585,2,8,2,25.0,47.93486487959358,54.76987447698747,2025-04-09; 2026-01-19,18.418079096045194,1.5819209039548088,历史2/8次成功; 当前距低点1.58%; 最新日涨幅-1.15%; 状态bottom_area; 底部未确认
170,69.13646296629709,59.32748579765173,605162,新中港,bottom_area,2026-06-11,9.52,2026-06-05,13.5,2026-06-11,9.37,1.6008537886873038,5.229455709711849,30.5925925925926,29.481481481481488,False,-4.513540621865609,4.4290988734539924,2,5,2,40.0,25.900174386337582,26.46502835538753,2021-08-20; 2025-02-05,18.399146211312697,1.6008537886873038,历史2/5次成功; 当前距低点1.60%; 最新日涨幅-4.51%; 状态bottom_area; 底部未确认
171,69.12099639124045,59.35505469061033,603275,众辰科技,bottom_area,2026-06-11,39.08,2026-05-12,55.6,2026-06-11,38.45,1.6384915474642274,4.811443433029893,30.845323741007192,29.712230215827347,False,-3.6726645304412164,4.083927099667515,1,2,1,50.0,38.17642698295033,38.17642698295033,2024-02-06,18.361508452535773,1.6384915474642274,历史1/2次成功; 当前距低点1.64%; 最新日涨幅-3.67%; 状态bottom_area; 底部未确认
172,69.09516437354763,58.591619585098556,600416,湘电股份,bottom_area,2026-06-11,9.55,2026-05-25,13.38,2026-06-11,9.46,0.9513742071881591,3.2769556025369844,29.297458893871447,28.62481315396114,False,-2.650356778797147,1.5047882971394304,10,21,10,47.61904761904761,27.09826122049123,35.943517329910144,2005-12-08; 2007-11-12; 2009-02-27; 2015-09-08; 2016-02-01; 2018-02-09; 2019-11-15; 2022-02-11; 2024-02-05; 2025-04-09,19.04862579281184,0.9513742071881591,历史10/21次成功; 当前距低点0.95%; 最新日涨幅-2.65%; 状态bottom_area; 底部未确认
173,69.08658378635478,59.53188129174109,600241,时代万恒,bottom_area,2026-06-11,7.24,2026-05-07,10.04,2026-06-11,7.11,1.828410689170181,3.656821378340362,29.183266932270907,27.888446215139435,False,-1.0928961748633892,1.6072599717499054,5,15,5,33.33333333333333,34.01787274040733,54.53639082751746,2011-04-29; 2015-07-09; 2016-01-14; 2018-10-19; 2022-03-16,18.17158931082982,1.828410689170181,历史5/15次成功; 当前距低点1.83%; 最新日涨幅-1.09%; 状态bottom_area; 底部未确认
174,69.06249132301454,59.968384641167205,300030,阳普医疗,bottom_area,2026-06-11,6.37,2026-05-11,8.57,2026-06-11,6.23,2.24719101123595,4.173354735152484,27.30455075845974,25.670945157526255,False,-1.5455950540958163,2.1146276312767642,4,11,4,36.36363636363637,34.93244458193392,48.36016696481813,2012-12-04; 2015-07-29; 2020-03-24; 2021-10-29,17.752808988764052,2.24719101123595,历史4/11次成功; 当前距低点2.25%; 最新日涨幅-1.55%; 状态bottom_area; 底部未确认
175,69.05423915046558,59.55471418796765,600339,中油工程,bottom_area,2026-06-11,3.26,2026-05-20,4.4,2026-06-10,3.2,1.8749999999999878,3.437499999999996,27.272727272727277,25.90909090909092,False,0.9287925696594312,1.0218160992522587,4,16,4,25.0,30.294162300901174,36.60565723793679,2004-09-13; 2007-10-26; 2008-03-18; 2008-04-22,18.125000000000014,1.8749999999999878,历史4/16次成功; 当前距低点1.87%; 最新日涨幅0.93%; 状态bottom_area; 底部未确认
176,69.0306495916031,58.91335118192502,688122,西部超导,bottom_area,2026-06-11,53.7,2026-05-25,73.88,2026-06-11,53.01,1.3016411997736368,2.678739860403701,28.248511099079586,27.3145641580942,False,-0.37105751391465214,1.7302931182447479,1,2,1,50.0,21.457489878542514,21.457489878542514,2024-07-09,18.698358800226362,1.3016411997736368,历史1/2次成功; 当前距低点1.30%; 最新日涨幅-0.37%; 状态bottom_area; 底部未确认
177,69.01788771927524,58.44338305550604,002358,森源电气,bottom_area,2026-06-11,5.77,2026-05-13,8.03,2026-06-11,5.72,0.8741258741258711,2.7972027972028,28.767123287671232,28.144458281444585,False,-1.8707482993197355,1.6375484386733645,4,9,4,44.44444444444444,32.232682459150055,42.73127753303966,2010-05-12; 2020-02-04; 2022-04-27; 2025-02-05,19.12587412587413,0.8741258741258711,历史4/9次成功; 当前距低点0.87%; 最新日涨幅-1.87%; 状态bottom_area; 底部未确认
178,68.95620039203854,58.10224933466959,002074,国轩高科,bottom_area,2026-06-11,28.35,2026-05-06,39.39,2026-06-11,28.18,0.6032647267565711,2.625975869410937,28.45899974612846,28.027418126428028,False,-1.4940931202223728,1.3174406555527107,4,9,4,44.44444444444444,27.078396777222913,34.1,2013-06-25; 2016-01-11; 2016-01-29; 2018-10-19,19.39673527324343,0.6032647267565711,历史4/9次成功; 当前距低点0.60%; 最新日涨幅-1.49%; 状态bottom_area; 底部未确认
179,68.94774215576652,60.08987250381041,300535,达威股份,bottom_area,2026-06-11,15.06,2026-05-06,20.29,2026-06-11,14.7,2.4489795918367427,4.693877551020417,27.550517496303602,25.77624445539674,False,-0.5940594059405946,2.689961895160041,3,7,3,42.857142857142854,23.989878504137753,26.329787234042563,2018-02-06; 2022-04-27; 2024-04-16,17.55102040816326,2.4489795918367427,历史3/7次成功; 当前距低点2.45%; 最新日涨幅-0.59%; 状态bottom_area; 底部未确认
180,68.91407132373185,60.02414754196293,300826,测绘股份,bottom_area,2026-06-11,13.99,2026-06-09,18.88,2026-06-10,13.66,2.415812591508053,13.323572474377748,27.648305084745754,25.900423728813553,True,-4.309165526675784,8.99943103787445,2,5,2,40.0,30.441936831189775,39.71742543171115,2023-06-28; 2025-04-07,17.584187408491946,2.415812591508053,历史2/5次成功; 当前距低点2.42%; 最新日涨幅-4.31%; 状态bottom_area; 底部已确认
181,68.87739390847905,59.29281794849969,601186,中国铁建,bottom_area,2026-06-11,6.31,2025-07-23,8.93,2026-05-28,6.2,1.7741935483870874,4.838709677419352,30.571108622620375,29.339305711086226,False,-0.15822784810127777,0.34415419301249345,3,8,3,37.5,23.040210961409922,24.590163934426215,2012-01-06; 2015-05-08; 2025-04-07,18.225806451612915,1.7741935483870874,历史3/8次成功; 当前距低点1.77%; 最新日涨幅-0.16%; 状态bottom_area; 底部未确认
182,68.72287617702888,60.01997919391171,600279,重庆港,bottom_area,2026-06-11,4.4,2026-06-08,6.0,2026-06-11,4.29,2.564102564102572,5.5944055944055995,28.499999999999996,26.66666666666666,False,-2.4390243902438935,3.715978704162465,6,14,6,42.857142857142854,25.025292842134434,33.836858006042284,2001-10-22; 2005-07-18; 2005-12-09; 2007-06-26; 2015-06-30; 2018-10-19,17.43589743589743,2.564102564102572,历史6/14次成功; 当前距低点2.56%; 最新日涨幅-2.44%; 状态bottom_area; 底部未确认
183,68.70105837676685,58.452254933304104,600121,郑州煤电,bottom_area,2026-06-11,4.46,2026-06-04,6.25,2026-06-11,4.41,1.1337868480725584,9.297052154195013,29.439999999999998,28.64,False,-2.4070021881838155,9.717935884015017,7,23,7,30.434782608695656,25.978879331210734,34.4549125168237,1999-09-08; 2015-06-30; 2016-05-26; 2018-10-19; 2021-01-29; 2022-04-27; 2024-02-06,18.866213151927443,1.1337868480725584,历史7/23次成功; 当前距低点1.13%; 最新日涨幅-2.41%; 状态bottom_area; 底部未确认
184,68.65113570990115,58.362270006218644,600866,星湖科技,bottom_area,2026-06-11,4.64,2026-05-11,6.33,2026-06-08,4.59,1.0893246187363796,5.446623093681917,27.488151658767773,26.698262243285946,False,-1.6949152542372947,1.2847742049554163,6,21,6,28.57142857142857,28.98733560565523,38.64864864864864,1994-10-18; 2000-07-25; 2005-12-06; 2012-12-04; 2018-10-19; 2022-01-10,18.910675381263623,1.0893246187363796,历史6/21次成功; 当前距低点1.09%; 最新日涨幅-1.69%; 状态bottom_area; 底部未确认
185,68.63998503473479,61.088738226216385,600844,金煤科技,bottom_area,2026-06-11,2.88,2026-04-30,3.84,2026-06-11,2.78,3.5971223021582768,11.510791366906487,27.604166666666668,25.0,False,1.7667844522968101,6.197970325949639,10,27,10,37.03703703703704,33.571242737695286,83.48623853211008,1994-08-10; 1995-02-17; 1995-05-10; 1999-12-29; 2010-05-13; 2012-01-05; 2014-01-30; 2015-06-30; 2015-07-07; 2020-02-04,16.402877697841724,3.5971223021582768,历史10/27次成功; 当前距低点3.60%; 最新日涨幅1.77%; 状态bottom_area; 底部未确认
186,68.44921909796976,59.347821705653914,301106,骏成科技,bottom_area,2026-06-11,19.81,2026-06-03,27.27,2026-06-10,19.39,2.166064981949449,8.303249097472921,28.896222955628893,27.356068940227356,True,-3.034752814488506,2.4744545222664702,1,2,1,50.0,35.41102077687444,35.41102077687444,2025-04-09,17.83393501805055,2.166064981949449,历史1/2次成功; 当前距低点2.17%; 最新日涨幅-3.03%; 状态bottom_area; 底部已确认
187,68.42160750202373,60.45556417717426,301239,普瑞眼科,bottom_area,2026-06-11,31.92,2026-05-25,43.44,2026-06-10,30.93,3.2007759456838083,5.39928871645652,28.79834254143646,26.51933701657458,False,1.6560509554140124,2.074848562932562,1,3,1,33.33333333333333,93.1179775280899,93.1179775280899,2024-09-18,16.79922405431619,3.2007759456838083,历史1/3次成功; 当前距低点3.20%; 最新日涨幅1.66%; 状态bottom_area; 底部未确认
188,68.40054705054784,57.27730372720063,300652,雷迪克,bottom_area,2026-06-11,37.93,2026-05-26,52.57,2026-06-11,37.83,0.2643404705260413,4.652392281258274,28.038805402320722,27.84858284192505,False,-4.626602967060611,2.1142201723729928,1,2,1,50.0,54.41115272575945,54.41115272575945,2025-12-17,19.73565952947396,0.2643404705260413,历史1/2次成功; 当前距低点0.26%; 最新日涨幅-4.63%; 状态bottom_area; 底部未确认
189,68.36548186635707,61.777229670872515,003015,日久光电,bottom_area,2026-06-11,12.49,2026-04-15,16.95,2026-06-08,11.96,4.431438127090296,8.695652173913036,29.43952802359881,26.312684365781706,True,-0.47808764940239223,3.072997471779124,2,4,2,50.0,32.69305699267948,37.847866419294995,2022-04-27; 2024-09-24,15.568561872909706,4.431438127090296,历史2/4次成功; 当前距低点4.43%; 最新日涨幅-0.48%; 状态bottom_area; 底部已确认
190,68.25626195577124,58.588566149749035,300753,爱朋医疗,bottom_area,2026-06-11,20.12,2026-05-19,29.2,2026-06-11,19.8,1.6161616161616175,3.58585858585859,32.1917808219178,31.095890410958898,False,-2.092457420924576,3.126265590233975,2,6,2,33.33333333333333,26.344523125076314,28.044496487119456,2022-12-27; 2025-03-31,18.383838383838384,1.6161616161616175,历史2/6次成功; 当前距低点1.62%; 最新日涨幅-2.09%; 状态bottom_area; 底部未确认
191,68.13073310879487,58.18274209973126,300699,光威复材,bottom_area,2026-06-11,27.29,2026-05-11,37.19,2026-06-11,26.93,1.3367991088005922,2.302265131823249,27.588061306802903,26.62005915568701,False,-1.1947863866763275,1.3526725166110902,1,5,1,20.0,49.6271186440678,49.6271186440678,2021-10-13,18.66320089119941,1.3367991088005922,历史1/5次成功; 当前距低点1.34%; 最新日涨幅-1.19%; 状态bottom_area; 底部未确认
192,68.07594687527923,59.161376837232325,002580,圣阳股份,bottom_area,2026-06-11,20.52,2026-06-02,28.49,2026-06-11,20.06,2.2931206380857474,7.676969092721849,29.589329589329587,27.97472797472797,False,-0.8695652173912993,12.330300905372727,4,11,4,36.36363636363637,31.15670127700203,44.10526315789473,2015-09-07; 2018-06-20; 2022-09-02; 2025-04-09,17.706879361914254,2.2931206380857474,历史4/11次成功; 当前距低点2.29%; 最新日涨幅-0.87%; 状态bottom_area; 底部未确认
193,68.0723853379657,58.119837928062225,300650,太龙股份,bottom_area,2026-06-11,12.24,2026-05-11,17.39,2026-06-11,12.08,1.3245033112582794,3.7251655629139013,30.534790109258196,29.614721104082808,False,-1.9230769230769273,3.316557740774454,2,7,2,28.57142857142857,30.5667729217494,39.52308472856417,2018-02-07; 2020-09-29,18.67549668874172,1.3245033112582794,历史2/7次成功; 当前距低点1.32%; 最新日涨幅-1.92%; 状态bottom_area; 底部未确认
194,68.03736121801734,57.5486547819519,603300,海南华铁,bottom_area,2026-06-11,4.96,2026-04-20,7.22,2026-06-11,4.92,0.8130081300813016,3.861788617886187,31.855955678670362,31.301939058171747,False,-3.125,2.0630568475806434,4,9,4,44.44444444444444,36.88818391089332,61.26900198281559,2015-07-09; 2015-08-25; 2016-12-13; 2025-04-09,19.1869918699187,0.8130081300813016,历史4/9次成功; 当前距低点0.81%; 最新日涨幅-3.12%; 状态bottom_area; 底部未确认
195,67.98288219236474,58.053743001013046,300250,初灵信息,bottom_area,2026-06-11,15.19,2026-05-19,20.99,2026-06-11,14.99,1.3342228152101354,4.269513008672452,28.58504049547403,27.632205812291566,False,-3.1867431485022357,3.58622446199506,6,17,6,35.294117647058826,25.979793591007727,32.18725204972228,2011-08-09; 2014-12-10; 2015-06-30; 2022-10-11; 2023-02-28; 2024-06-06,18.665777184789867,1.3342228152101354,历史6/17次成功; 当前距低点1.33%; 最新日涨幅-3.19%; 状态bottom_area; 底部未确认
196,67.96835185511411,57.90870368763284,002045,国光电器,bottom_area,2026-06-11,8.37,2026-04-29,11.93,2026-06-11,8.27,1.2091898428053163,3.9903264812575583,30.67896060352054,29.84073763621124,False,-2.7874564459930307,2.5008683841212584,5,19,5,26.31578947368421,32.90534070609789,40.89958158995815,2014-05-21; 2021-02-08; 2022-04-27; 2022-10-11; 2024-02-06,18.790810157194684,1.2091898428053163,历史5/19次成功; 当前距低点1.21%; 最新日涨幅-2.79%; 状态bottom_area; 底部未确认
197,67.93834846053474,58.446315299166365,300653,正海生物,bottom_area,2026-06-11,14.63,2026-04-01,20.17,2026-06-10,14.38,1.7385257301808066,2.990264255910985,28.705999008428364,27.466534457114527,False,-0.6788866259334614,0.7044444444444444,2,6,2,33.33333333333333,27.079680809920802,29.647513278609367,2019-06-17; 2022-10-12,18.261474269819196,1.7385257301808066,历史2/6次成功; 当前距低点1.74%; 最新日涨幅-0.68%; 状态bottom_area; 底部未确认
198,67.90193449181359,58.41333013353667,002020,京新药业,bottom_area,2026-06-11,12.3,2026-04-02,17.18,2026-06-08,12.09,1.7369727047146473,5.624483043837881,29.627473806752036,28.405122235157155,False,-2.3809523809523725,1.2202051280723132,3,9,3,33.33333333333333,26.883304123401725,32.730732635585156,2008-09-18; 2015-08-25; 2018-10-18,18.263027295285355,1.7369727047146473,历史3/9次成功; 当前距低点1.74%; 最新日涨幅-2.38%; 状态bottom_area; 底部未确认
199,67.8974193772947,59.168019933940656,600692,亚通股份,bottom_area,2026-06-11,6.29,2026-05-11,8.47,2026-06-11,6.14,2.4429967426710157,3.9087947882736196,27.508854781582066,25.7378984651712,False,-1.8720748829953227,1.7805540794964179,11,31,11,35.483870967741936,34.93576616790628,129.8850574712644,1993-12-20; 1994-07-29; 2005-06-23; 2005-12-07; 2008-03-18; 2008-09-08; 2008-09-18; 2009-03-03; 2014-01-13; 2015-01-19; 2015-07-16,17.557003257328986,2.4429967426710157,历史11/31次成功; 当前距低点2.44%; 最新日涨幅-1.87%; 状态bottom_area; 底部未确认
200,67.88995538680554,57.96781105654949,002451,摩恩电气,bottom_area,2026-06-11,7.63,2026-05-13,10.48,2026-06-11,7.53,1.3280212483399687,3.0544488711819326,28.148854961832058,27.194656488549622,False,-1.421188630490955,1.5328966340615824,4,13,4,30.76923076923077,25.030642487981847,35.29411764705884,2020-02-04; 2022-07-07; 2025-04-09; 2025-11-24,18.67197875166003,1.3280212483399687,历史4/13次成功; 当前距低点1.33%; 最新日涨幅-1.42%; 状态bottom_area; 底部未确认
201,67.79438195946562,60.895969632617295,301186,超达装备,bottom_area,2026-06-11,58.35,2026-05-11,80.39,2026-06-10,56.05,4.103479036574495,4.710080285459412,30.277397686279393,27.416345316581666,False,3.1647807637906533,1.9218940340323152,2,6,2,33.33333333333333,46.76649732620321,52.372994652406426,2022-04-27; 2025-04-09,15.896520963425505,4.103479036574495,历史2/6次成功; 当前距低点4.10%; 最新日涨幅3.16%; 状态bottom_area; 底部未确认
202,67.77040615639956,58.35975319501212,002556,辉隆股份,bottom_area,2026-06-11,5.11,2026-04-24,6.89,2026-06-09,5.02,1.7928286852589792,7.171314741035864,27.140783744557336,25.834542815674883,True,0.7889546351084853,1.7053265924421694,1,7,1,14.285714285714285,36.88311688311687,36.88311688311687,2024-02-06,18.20717131474102,1.7928286852589792,历史1/7次成功; 当前距低点1.79%; 最新日涨幅0.79%; 状态bottom_area; 底部已确认
203,67.7564799399277,56.86648524833209,603897,长城科技,bottom_area,2026-06-11,36.24,2026-05-29,51.59,2026-06-11,36.1,0.38781163434903204,4.930747922437676,30.0251986819151,29.75382826129095,False,-2.8157683024939595,3.2868829845249183,2,5,2,40.0,27.42309556262304,31.712857791912754,2020-02-04; 2025-06-23,19.61218836565097,0.38781163434903204,历史2/5次成功; 当前距低点0.39%; 最新日涨幅-2.82%; 状态bottom_area; 底部未确认
204,67.7502409001328,59.9234982690705,600547,山东黄金,bottom_area,2026-06-11,26.95,2026-05-08,36.95,2026-06-10,26.1,3.2567049808429034,5.1724137931034395,29.364005412719894,27.063599458728017,False,1.2777151446824453,1.5012048449022104,4,12,4,33.33333333333333,31.158345656231077,51.09848484848486,2005-07-19; 2008-04-03; 2008-09-11; 2017-05-24,16.7432950191571,3.2567049808429034,历史4/12次成功; 当前距低点3.26%; 最新日涨幅1.28%; 状态bottom_area; 底部未确认
205,67.73479162357665,58.40310690116082,300981,中红医疗,bottom_area,2026-06-11,10.94,2026-05-25,15.8,2026-06-11,10.74,1.862197392923643,2.793296089385465,32.025316455696206,30.759493670886084,False,-0.7259528130671544,0.70865611879373,2,6,2,33.33333333333333,28.3633528155558,31.785714285714278,2021-04-28; 2026-03-30,18.13780260707636,1.862197392923643,历史2/6次成功; 当前距低点1.86%; 最新日涨幅-0.73%; 状态bottom_area; 底部未确认
206,67.72164758386097,56.7250354609929,600845,宝信软件,bottom_area,2026-06-11,17.91,2026-05-20,25.0,2026-06-11,17.86,0.2799552071668573,6.103023516237402,28.560000000000002,28.360000000000003,False,-5.786428195686488,1.0086341673459416,5,15,5,33.33333333333333,50.25800350976688,156.4102564102564,1994-07-29; 1995-04-27; 2010-05-12; 2015-06-30; 2021-06-09,19.720044792833143,0.2799552071668573,历史5/15次成功; 当前距低点0.28%; 最新日涨幅-5.79%; 状态bottom_area; 底部未确认
207,67.64969648209248,57.635269473033276,688298,东方生物,bottom_area,2026-06-11,19.28,2026-05-11,26.88,2026-06-11,19.05,1.2073490813648315,3.4120734908136408,29.129464285714278,28.27380952380952,False,-1.4314928425357754,0.5854166666666666,3,11,3,27.27272727272727,29.339334879763456,43.41065934979629,2020-03-24; 2020-09-10; 2024-10-18,18.79265091863517,1.2073490813648315,历史3/11次成功; 当前距低点1.21%; 最新日涨幅-1.43%; 状态bottom_area; 底部未确认
208,67.49978692040555,58.02273947312799,002021,中捷资源,bottom_area,2026-06-11,2.4,2026-05-11,3.4,2026-06-11,2.36,1.6949152542372898,3.8135593220339112,30.58823529411765,29.411764705882355,False,-2.4390243902439046,2.529340941685529,5,17,5,29.411764705882355,32.76454342106684,50.76923076923077,2012-11-28; 2013-06-25; 2020-12-25; 2022-04-27; 2025-04-09,18.305084745762713,1.6949152542372898,历史5/17次成功; 当前距低点1.69%; 最新日涨幅-2.44%; 状态bottom_area; 底部未确认
209,67.39616725409793,58.25260499846961,300092,科新机电,bottom_area,2026-06-11,12.78,2026-05-13,17.28,2026-06-11,12.53,1.9952114924181963,2.7134876296887462,27.488425925925934,26.041666666666675,False,-0.4672897196261738,1.2891540419845038,4,12,4,33.33333333333333,29.184698214245973,35.53299492385786,2012-12-04; 2015-06-30; 2020-02-04; 2022-04-27,18.004788507581804,1.9952114924181963,历史4/12次成功; 当前距低点2.00%; 最新日涨幅-0.47%; 状态bottom_area; 底部未确认
210,67.38343725807148,57.88792479801555,601515,衢州东峰,bottom_area,2026-06-11,3.67,2026-05-11,5.2,2026-06-11,3.61,1.6620498614958463,3.0470914127423914,30.57692307692308,29.42307692307693,False,-1.8716577540107027,0.7409206362918634,2,7,2,28.57142857142857,33.45759552656104,34.48275862068966,2015-08-26; 2024-02-06,18.337950138504155,1.6620498614958463,历史2/7次成功; 当前距低点1.66%; 最新日涨幅-1.87%; 状态bottom_area; 底部未确认
211,67.37567815224187,60.24875902521132,688429,时创能源,bottom_area,2026-06-11,10.77,2026-05-14,15.25,2026-06-10,10.37,3.857280617164902,5.400192864030863,32.00000000000001,29.377049180327873,False,-0.6457564575645836,1.5858655962894517,3,6,3,50.0,26.63096146423276,34.1723874904653,2024-02-06; 2024-07-10; 2025-04-07,16.1427193828351,3.857280617164902,历史3/6次成功; 当前距低点3.86%; 最新日涨幅-0.65%; 状态bottom_area; 底部未确认
212,67.36003622682865,59.507500127526214,300589,江龙船艇,bottom_area,2026-06-11,12.61,2026-05-11,17.17,2026-06-11,12.22,3.191489361702118,3.9279869067103,28.82935352358766,26.557949912638335,False,-0.3162055335968472,4.121809479565672,5,12,5,41.66666666666667,32.53994196527084,44.07616361071933,2020-09-11; 2021-02-09; 2022-04-27; 2024-02-06; 2025-04-07,16.808510638297882,3.191489361702118,历史5/12次成功; 当前距低点3.19%; 最新日涨幅-0.32%; 状态bottom_area; 底部未确认
213,67.32819359617734,56.90395438746987,002322,理工能科,bottom_area,2026-06-11,10.47,2026-04-20,14.57,2026-06-11,10.39,0.7699711260827725,2.1174205967276114,28.689087165408374,28.14001372683596,False,-0.6641366223908762,0.8903821236323667,4,10,4,40.0,32.30907825235801,40.487804878048784,2012-12-04; 2022-04-27; 2022-10-11; 2024-02-06,19.23002887391723,0.7699711260827725,历史4/10次成功; 当前距低点0.77%; 最新日涨幅-0.66%; 状态bottom_area; 底部未确认
214,67.32739939525398,57.38697695266979,300601,康泰生物,bottom_area,2026-06-11,11.5,2026-05-11,15.89,2026-06-09,11.36,1.2323943661971881,4.137323943661977,28.508495909376975,27.6274386406545,False,-2.4597116200169578,0.9685530847554926,2,7,2,28.57142857142857,25.49758275975091,26.157407407407412,2020-11-30; 2024-10-16,18.767605633802813,1.2323943661971881,历史2/7次成功; 当前距低点1.23%; 最新日涨幅-2.46%; 状态bottom_area; 底部未确认
215,67.3234647841485,57.8005134168236,600550,保变电气,bottom_area,2026-06-11,11.86,2026-05-13,17.32,2026-06-11,11.67,1.6281062553556085,2.3136246786632357,32.621247113163975,31.5242494226328,False,-0.16835016835018424,1.4396465164551662,5,19,5,26.31578947368421,37.45877699537444,56.0234541577825,2007-11-12; 2015-06-30; 2017-04-24; 2024-02-06; 2025-04-09,18.371893744644392,1.6281062553556085,历史5/19次成功; 当前距低点1.63%; 最新日涨幅-0.17%; 状态bottom_area; 底部未确认
216,67.13852887237299,58.20634738957629,603320,迪贝电气,bottom_area,2026-06-11,19.38,2026-05-25,26.2,2026-06-11,18.97,2.1613073273589887,4.7970479704797055,27.595419847328245,26.03053435114504,False,-2.0222446916076997,1.4070086824281256,2,6,2,33.33333333333333,30.972014852803454,38.22861468584406,2024-04-17; 2025-04-09,17.838692672641013,2.1613073273589887,历史2/6次成功; 当前距低点2.16%; 最新日涨幅-2.02%; 状态bottom_area; 底部未确认
217,67.09319840191134,56.65829026649863,300253,卫宁健康,bottom_area,2026-06-11,6.95,2026-05-08,10.13,2026-06-11,6.9,0.7246376811594177,4.202898550724639,31.885488647581443,31.391905231984207,False,-3.3379694019471495,2.282910860569244,5,12,5,41.66666666666667,37.036545768147555,72.9818780889621,2015-07-03; 2015-09-02; 2020-06-22; 2022-04-27; 2025-01-13,19.275362318840582,0.7246376811594177,历史5/12次成功; 当前距低点0.72%; 最新日涨幅-3.34%; 状态bottom_area; 底部未确认
218,67.08506568834096,57.293616877977605,600838,上海九百,bottom_area,2026-06-11,7.56,2026-04-20,10.55,2026-06-11,7.46,1.3404825737265367,3.619302949061668,29.28909952606635,28.34123222748816,False,-1.4341590612777066,1.594010238556994,5,19,5,26.31578947368421,31.207817140749334,41.49484536082475,1996-07-15; 1997-07-08; 2006-11-14; 2008-04-22; 2018-02-07,18.659517426273464,1.3404825737265367,历史5/19次成功; 当前距低点1.34%; 最新日涨幅-1.43%; 状态bottom_area; 底部未确认
219,67.05280246025714,57.34345881791319,300222,科大智能,bottom_area,2026-06-11,12.19,2026-06-01,17.66,2026-06-11,12.02,1.414309484193011,6.405990016638932,31.936579841449607,30.97395243488109,False,-5.2836052836052865,5.991367839377468,4,12,4,33.33333333333333,27.391134992150107,31.02595797280593,2018-06-21; 2020-02-04; 2022-04-27; 2024-04-16,18.58569051580699,1.414309484193011,历史4/12次成功; 当前距低点1.41%; 最新日涨幅-5.28%; 状态bottom_area; 底部未确认
220,67.05151653268113,57.84792326219832,001299,美能能源,bottom_area,2026-06-11,10.22,2026-06-02,13.83,2026-06-10,10.03,1.8943170488534524,6.779661016949168,27.476500361532903,26.102675343456248,False,0.2944062806673253,2.579263789151787,1,4,1,25.0,21.35465663217309,21.35465663217309,2026-05-06,18.105682951146548,1.8943170488534524,历史1/4次成功; 当前距低点1.89%; 最新日涨幅0.29%; 状态bottom_area; 底部未确认
221,66.92340055020085,58.925431825958405,688355,明志科技,bottom_area,2026-06-11,17.8,2026-05-25,24.07,2026-06-11,17.28,3.009259259259257,3.9351851851851833,28.209389281262983,26.049023680930617,False,-0.11223344556677839,1.0307681217479885,2,5,2,40.0,30.787865253061884,35.08474576271185,2021-05-25; 2025-04-07,16.990740740740744,3.009259259259257,历史2/5次成功; 当前距低点3.01%; 最新日涨幅-0.11%; 状态bottom_area; 底部未确认
222,66.9198885738185,56.18465683208223,300409,道氏技术,bottom_area,2026-06-11,19.71,2026-05-08,28.54,2026-06-11,19.63,0.40753948038717197,2.8018339276617463,31.219341275402947,30.93903293622985,False,-2.3290386521308215,2.5632131255962425,5,14,5,35.714285714285715,33.28489088445076,50.03460207612457,2015-07-03; 2020-02-04; 2021-04-26; 2022-04-27; 2024-02-06,19.59246051961283,0.40753948038717197,历史5/14次成功; 当前距低点0.41%; 最新日涨幅-2.33%; 状态bottom_area; 底部未确认
223,66.91950355788859,57.02586032140404,002663,普邦股份,bottom_area,2026-06-11,1.66,2026-05-19,2.34,2026-06-11,1.64,1.2195121951219523,4.268292682926833,29.914529914529915,29.059829059829056,False,-1.7751479289940808,2.2429638286203413,2,11,2,18.181818181818183,45.90900752155568,66.45569620253163,2022-04-27; 2025-04-09,18.78048780487805,1.2195121951219523,历史2/11次成功; 当前距低点1.22%; 最新日涨幅-1.78%; 状态bottom_area; 底部未确认
224,66.86487427467245,56.81720085951595,300324,旋极信息,bottom_area,2026-06-11,3.8,2026-05-20,5.21,2026-06-11,3.76,1.0638297872340436,4.521276595744691,27.83109404990403,27.06333973128599,False,-3.5532994923857864,2.530820661405247,2,6,2,33.33333333333333,20.265588392882993,20.366513952519767,2015-06-09; 2015-07-29,18.93617021276596,1.0638297872340436,历史2/6次成功; 当前距低点1.06%; 最新日涨幅-3.55%; 状态bottom_area; 底部未确认
225,66.84478931854962,56.424866277716866,002423,中粮资本,bottom_area,2026-06-11,8.61,2026-03-19,11.99,2026-06-11,8.55,0.7017543859648973,4.678362573099398,28.6905754795663,28.190158465387828,False,-1.7123287671232945,0.5542367442464796,3,8,3,37.5,34.313797192025966,50.0,2015-06-30; 2016-03-01; 2024-02-06,19.298245614035103,0.7017543859648973,历史3/8次成功; 当前距低点0.70%; 最新日涨幅-1.71%; 状态bottom_area; 底部未确认
226,66.76771812752925,57.668715894958055,688338,赛科希德,bottom_area,2026-06-11,23.97,2026-04-24,32.99,2026-06-08,23.51,1.956614206720533,5.8273075287111755,28.735980600181872,27.34161867232495,False,-0.9504132231405005,0.576395471075396,1,3,1,33.33333333333333,42.23904813412657,42.23904813412657,2024-02-06,18.04338579327947,1.956614206720533,历史1/3次成功; 当前距低点1.96%; 最新日涨幅-0.95%; 状态bottom_area; 底部未确认
227,66.7030305291009,56.483721397623356,002075,沙钢股份,bottom_area,2026-06-11,3.46,2026-05-08,4.82,2026-06-11,3.43,0.8746355685131139,2.6239067055393543,28.838174273858925,28.215767634854778,False,-1.4245014245014231,1.1103955283516351,4,10,4,40.0,31.33274459050137,37.25055432372507,2019-05-20; 2020-02-04; 2021-02-08; 2025-04-09,19.125364431486886,0.8746355685131139,历史4/10次成功; 当前距低点0.87%; 最新日涨幅-1.42%; 状态bottom_area; 底部未确认
228,66.6445160825297,57.51927734572648,002437,誉衡药业,bottom_area,2026-06-11,2.66,2026-04-27,3.79,2026-06-11,2.61,1.9157088122605466,3.8314176245210767,31.13456464379948,29.815303430079155,False,-1.845018450184499,2.1504328737811997,3,10,3,30.0,31.48974966494909,32.934131736526965,2011-01-25; 2015-06-30; 2024-02-06,18.084291187739453,1.9157088122605466,历史3/10次成功; 当前距低点1.92%; 最新日涨幅-1.85%; 状态bottom_area; 底部未确认
229,66.61450214579983,58.411701913946004,301230,泓博医药,bottom_area,2026-06-11,32.5,2026-05-12,45.78,2026-06-08,31.62,2.7830487033523053,7.5268817204301035,30.9305373525557,29.0083005679336,True,-2.51949610077985,3.0174547918543166,2,6,2,33.33333333333333,30.50386894761246,38.748758689175766,2023-03-20; 2024-02-06,17.216951296647697,2.7830487033523053,历史2/6次成功; 当前距低点2.78%; 最新日涨幅-2.52%; 状态bottom_area; 底部已确认
230,66.56544834132198,56.77795652873694,300584,海辰药业,bottom_area,2026-06-11,30.27,2026-04-29,44.31,2026-06-11,29.89,1.2713282034125093,2.6764804282368706,32.543443917851505,31.685849695328372,False,-1.46484375,2.4370994762878544,2,10,2,20.0,41.271961465147655,54.23197492163009,2022-01-24; 2022-03-09,18.72867179658749,1.2713282034125093,历史2/10次成功; 当前距低点1.27%; 最新日涨幅-1.46%; 状态bottom_area; 底部未确认
231,66.53275039488727,58.62668569315932,688639,华恒生物,bottom_area,2026-06-11,20.6,2026-05-18,27.88,2026-06-10,19.99,3.051525762881456,5.652826413206617,28.299856527977045,26.111908177905303,False,0.4878048780487809,2.034818260673732,1,3,1,33.33333333333333,38.33780160857908,38.33780160857908,2025-01-13,16.948474237118543,3.051525762881456,历史1/3次成功; 当前距低点3.05%; 最新日涨幅0.49%; 状态bottom_area; 底部未确认
232,66.52099339760142,57.81457620509825,002988,豪美新材,bottom_area,2026-06-11,24.49,2026-05-20,35.05,2026-06-11,23.94,2.2974101921470225,6.015037593984952,31.69757489300998,30.1283880171184,False,0.20458265139116083,1.618227400757234,1,5,1,20.0,36.949846468782,36.949846468782,2022-04-27,17.702589807852977,2.2974101921470225,历史1/5次成功; 当前距低点2.30%; 最新日涨幅0.20%; 状态bottom_area; 底部未确认
233,66.49208314886664,57.282344740087574,002148,北纬科技,bottom_area,2026-06-11,6.17,2026-05-11,8.35,2026-06-11,6.06,1.8151815181518205,4.125412541254125,27.425149700598805,26.10778443113772,False,-2.5276461295418717,2.476154856700669,5,17,5,29.411764705882355,30.258158198941604,40.94292803970222,2013-10-17; 2018-02-07; 2019-01-31; 2020-02-04; 2025-09-05,18.18481848184818,1.8151815181518205,历史5/17次成功; 当前距低点1.82%; 最新日涨幅-2.53%; 状态bottom_area; 底部未确认
234,66.44615998918556,56.39806755611158,600880,博瑞传播,bottom_area,2026-06-11,4.03,2026-05-07,5.5,2026-06-11,3.99,1.0025062656641612,5.012531328320806,27.45454545454545,26.727272727272723,False,-4.5023696682464305,2.2085482396379845,4,16,4,25.0,35.31603140766592,50.000000000000014,1998-08-18; 2022-04-28; 2024-02-06; 2025-04-09,18.99749373433584,1.0025062656641612,历史4/16次成功; 当前距低点1.00%; 最新日涨幅-4.50%; 状态bottom_area; 底部未确认
235,66.35228051746405,56.93173741975562,601390,中国中铁,bottom_area,2026-06-11,4.46,2026-02-25,6.47,2026-06-11,4.39,1.594533029612763,2.5056947608200533,32.1483771251932,31.066460587326116,False,-0.6681514476614803,0.6840536441713657,1,5,1,20.0,46.06060606060606,46.06060606060606,2024-09-18,18.405466970387238,1.594533029612763,历史1/5次成功; 当前距低点1.59%; 最新日涨幅-0.67%; 状态bottom_area; 底部未确认
236,66.34995991314244,56.319755878941244,002543,万和电气,bottom_area,2026-06-11,7.03,2026-03-25,9.55,2026-06-11,6.96,1.0057471264367857,3.160919540229881,27.120418848167542,26.387434554973826,False,-1.6783216783216814,0.6011927197429786,1,6,1,16.666666666666664,42.775229357798146,42.775229357798146,2025-04-09,18.994252873563216,1.0057471264367857,历史1/6次成功; 当前距低点1.01%; 最新日涨幅-1.68%; 状态bottom_area; 底部未确认
237,66.28730500141765,55.727088273663725,002101,广东鸿图,bottom_area,2026-06-11,8.38,2026-04-14,11.51,2026-06-11,8.34,0.4796163069544475,2.7577937649880147,27.541268462206776,27.193744569939177,False,-2.2170361726954413,0.7130644964156598,5,14,5,35.714285714285715,31.70836726162755,39.710444674250255,2008-09-18; 2008-11-04; 2016-04-22; 2024-02-06; 2025-04-09,19.520383693045552,0.4796163069544475,历史5/14次成功; 当前距低点0.48%; 最新日涨幅-2.22%; 状态bottom_area; 底部未确认
238,66.24991445472622,58.77733142739612,000006,深振业A,bottom_area,2026-06-11,7.85,2026-05-19,11.25,2026-06-09,7.59,3.425559947299075,7.905138339920945,32.53333333333334,30.22222222222223,True,-1.8750000000000044,1.6923078881788371,8,21,8,38.095238095238095,30.028102983102457,52.879581151832454,1994-02-01; 1996-12-18; 1997-05-26; 2003-05-14; 2008-03-18; 2008-04-21; 2015-06-30; 2023-10-23,16.574440052700925,3.425559947299075,历史8/21次成功; 当前距低点3.43%; 最新日涨幅-1.88%; 状态bottom_area; 底部已确认
239,66.24840904594504,58.44952438073461,600273,嘉化能源,bottom_area,2026-06-11,6.94,2026-04-09,9.51,2026-06-11,6.73,3.1203566121842488,4.457652303120354,29.23238696109358,27.024185068349098,False,-0.43041606886655703,1.715423209011796,5,12,5,41.66666666666667,25.979950483053894,40.27777777777777,2009-08-19; 2010-07-02; 2012-01-20; 2012-11-30; 2018-08-07,16.87964338781575,3.1203566121842488,历史5/12次成功; 当前距低点3.12%; 最新日涨幅-0.43%; 状态bottom_area; 底部未确认
240,66.16027330124676,55.51154124761821,300171,东富龙,bottom_area,2026-06-11,10.77,2026-04-15,15.15,2026-06-11,10.73,0.37278657968312345,2.3299161230195713,29.174917491749174,28.910891089108915,False,-1.823154056517784,1.0061897273588838,4,11,4,36.36363636363637,27.833060186829478,32.678485864877814,2015-06-30; 2015-07-06; 2019-08-06; 2022-09-26,19.627213420316878,0.37278657968312345,历史4/11次成功; 当前距低点0.37%; 最新日涨幅-1.82%; 状态bottom_area; 底部未确认
241,66.09034541902189,56.06682330964485,002673,西部证券,bottom_area,2026-06-11,6.22,2025-09-12,9.04,2026-06-11,6.16,0.9740259740259676,3.571428571428567,31.85840707964601,31.194690265486724,False,-2.2012578616352307,0.6395498012572626,2,6,2,33.33333333333333,44.75413546822973,44.83091787439614,2012-12-04; 2015-07-09,19.025974025974033,0.9740259740259676,历史2/6次成功; 当前距低点0.97%; 最新日涨幅-2.20%; 状态bottom_area; 底部未确认
242,66.08799013364933,57.78265684762274,300080,易成新能,bottom_area,2026-06-11,3.91,2026-05-14,5.25,2026-06-10,3.81,2.624671916010501,8.661417322834636,27.42857142857143,25.523809523809522,True,-4.634146341463408,1.0955560601961847,6,17,6,35.294117647058826,31.147201098720352,47.50733137829912,2015-06-30; 2015-08-26; 2018-07-06; 2019-01-31; 2020-09-10; 2025-04-07,17.3753280839895,2.624671916010501,历史6/17次成功; 当前距低点2.62%; 最新日涨幅-4.63%; 状态bottom_area; 底部已确认
243,66.02389073117571,55.877564585115636,688567,孚能科技,bottom_area,2026-06-11,10.75,2026-05-21,15.5,2026-06-11,10.66,0.8442776735459648,4.878048780487801,31.225806451612904,30.64516129032258,False,-3.8461538461538436,1.1541408163304445,2,5,2,40.0,37.91676172473357,52.88270377733598,2021-03-25; 2024-02-05,19.155722326454036,0.8442776735459648,历史2/5次成功; 当前距低点0.84%; 最新日涨幅-3.85%; 状态bottom_area; 底部未确认
244,65.96187841012458,57.55462656357281,300917,特发服务,bottom_area,2026-06-11,26.11,2026-05-29,35.1,2026-06-11,25.47,2.5127601099332573,5.182567726737339,27.435897435897445,25.61253561253562,False,-2.864583333333337,2.588816568047337,3,9,3,33.33333333333333,31.776270327351053,47.40277400054392,2020-12-23; 2022-04-27; 2024-08-28,17.487239890066743,2.5127601099332573,历史3/9次成功; 当前距低点2.51%; 最新日涨幅-2.86%; 状态bottom_area; 底部未确认
245,65.88353362628311,57.99437192149054,603050,科林电气,bottom_area,2026-06-11,19.26,2026-05-29,27.38,2026-06-08,18.7,2.9946524064171247,9.625668449197864,31.70197224251278,29.65668371073776,True,-1.0277492291880796,1.3759076537931532,3,10,3,30.0,38.076233376997756,41.09311740890686,2022-04-27; 2024-02-06; 2024-04-16,17.005347593582876,2.9946524064171247,历史3/10次成功; 当前距低点2.99%; 最新日涨幅-1.03%; 状态bottom_area; 底部已确认
246,65.87804842931938,57.23345482227886,603727,博迈科,bottom_area,2026-06-11,13.93,2026-05-20,19.48,2026-06-10,13.62,2.276064610866377,4.698972099853162,30.082135523613967,28.49075975359343,False,0.28797696184303945,0.9860879360467132,2,9,2,22.22222222222222,28.749067631713114,36.00944510035418,2017-01-16; 2024-02-06,17.723935389133626,2.276064610866377,历史2/9次成功; 当前距低点2.28%; 最新日涨幅0.29%; 状态bottom_area; 底部未确认
247,65.79570732246205,57.99621618089359,300132,青松股份,bottom_area,2026-06-11,6.38,2026-05-26,8.48,2026-06-08,6.19,3.0694668820678435,5.6542810985460354,27.004716981132077,24.76415094339623,False,-0.9316770186335477,1.7704450436657335,2,5,2,40.0,26.530111139829415,27.16981132075473,2011-01-26; 2015-08-26,16.930533117932157,3.0694668820678435,历史2/5次成功; 当前距低点3.07%; 最新日涨幅-0.93%; 状态bottom_area; 底部未确认
248,65.78764537609152,58.62426438779136,601872,招商轮船,bottom_area,2026-06-11,14.42,2026-05-25,19.5,2026-06-09,13.91,3.666427030913011,8.051761322789353,28.666666666666668,26.051282051282055,True,-1.3679890560875485,1.2836733243741012,3,8,3,37.5,33.447408700392614,43.57723577235772,2013-06-25; 2021-02-04; 2024-09-11,16.33357296908699,3.666427030913011,历史3/8次成功; 当前距低点3.67%; 最新日涨幅-1.37%; 状态bottom_area; 底部已确认
249,65.76360577738318,56.12211433956114,605066,天正电气,bottom_area,2026-06-11,6.24,2026-05-28,8.7,2026-06-11,6.16,1.2987012987012998,2.7597402597402585,29.195402298850563,28.27586206896551,False,-1.421800947867291,1.4418238373937697,1,3,1,33.33333333333333,25.859247135842878,25.859247135842878,2025-04-09,18.7012987012987,1.2987012987012998,历史1/3次成功; 当前距低点1.30%; 最新日涨幅-1.42%; 状态bottom_area; 底部未确认
250,65.58804734117052,55.53392481878245,600585,海螺水泥,bottom_area,2026-06-11,18.57,2026-03-13,25.97,2026-06-11,18.41,0.8690928843020106,1.9554589896795187,29.11051212938005,28.494416634578357,False,-1.1182108626198173,0.6874061258306087,4,10,4,40.0,26.158368790274366,30.065359477124165,2006-03-10; 2008-03-18; 2008-09-18; 2015-08-25,19.13090711569799,0.8690928843020106,历史4/10次成功; 当前距低点0.87%; 最新日涨幅-1.12%; 状态bottom_area; 底部未确认
251,65.33204319273646,55.98361896221162,001236,弘业期货,bottom_area,2026-06-11,7.33,2026-05-14,10.15,2026-06-11,7.22,1.5235457063711957,3.1855955678670425,28.866995073891633,27.783251231527096,False,-0.5427408412483015,1.1906957110685785,1,4,1,25.0,29.259694477085784,29.259694477085784,2025-01-13,18.476454293628805,1.5235457063711957,历史1/4次成功; 当前距低点1.52%; 最新日涨幅-0.54%; 状态bottom_area; 底部未确认
252,65.31979417308042,57.75594083376332,002564,天沃科技,bottom_area,2026-06-11,4.78,2026-04-27,6.57,2026-06-11,4.63,3.239740820734349,3.4557235421166337,29.528158295281585,27.24505327245053,False,-0.20876826722338038,1.2624802414558223,4,10,4,40.0,27.32553712385828,29.903536977491967,2011-10-21; 2012-12-04; 2022-08-15; 2024-02-08,16.760259179265653,3.239740820734349,历史4/10次成功; 当前距低点3.24%; 最新日涨幅-0.21%; 状态bottom_area; 底部未确认
253,65.30634603432118,56.55996040472458,300269,联建光电,bottom_area,2026-06-11,4.85,2026-05-21,6.8,2026-06-11,4.75,2.1052631578947296,4.000000000000008,30.14705882352941,28.676470588235297,False,-1.6227180527383367,4.170214403913041,3,10,3,30.0,28.655701100669656,37.731481481481474,2019-02-01; 2021-02-08; 2024-01-16,17.89473684210527,2.1052631578947296,历史3/10次成功; 当前距低点2.11%; 最新日涨幅-1.62%; 状态bottom_area; 底部未确认
254,65.23670917545643,57.74983074874357,002617,露笑科技,bottom_area,2026-06-11,8.13,2026-05-27,10.87,2026-06-09,7.87,3.3036848792884452,9.275730622617528,27.598896044158227,25.206991720331175,True,-0.7326007326007189,6.109680629919163,4,13,4,30.76923076923077,38.88296921247969,43.64820846905539,2012-12-04; 2015-09-02; 2019-01-30; 2022-04-27,16.696315120711557,3.3036848792884452,历史4/13次成功; 当前距低点3.30%; 最新日涨幅-0.73%; 状态bottom_area; 底部已确认
255,65.15154741339953,55.83616681854654,600828,茂业商业,bottom_area,2026-06-11,3.98,2026-06-05,5.45,2026-06-11,3.92,1.5306122448979604,13.520408163265312,28.073394495412845,26.972477064220186,False,-5.910165484633579,2.9119244668998947,7,25,7,28.000000000000004,32.26861686512844,35.7142857142857,1994-06-01; 1997-07-09; 2001-02-23; 2002-06-06; 2007-06-06; 2008-09-18; 2012-12-04,18.46938775510204,1.5306122448979604,历史7/25次成功; 当前距低点1.53%; 最新日涨幅-5.91%; 状态bottom_area; 底部未确认
256,65.11348595848506,58.560751672408706,000712,锦龙股份,bottom_area,2026-06-11,8.49,2026-05-29,11.7,2026-06-09,8.15,4.171779141104293,9.815950920245385,30.341880341880334,27.435897435897427,True,-0.235017626321965,3.845036316233648,7,18,7,38.88888888888889,36.29132199948531,59.41515285777579,1997-05-23; 2007-07-17; 2008-04-22; 2015-06-30; 2018-02-09; 2020-02-04; 2022-04-27,15.828220858895708,4.171779141104293,历史7/18次成功; 当前距低点4.17%; 最新日涨幅-0.24%; 状态bottom_area; 底部已确认
257,65.1088548352842,54.73143079217032,601990,南京证券,bottom_area,2026-06-11,6.35,2025-08-25,9.05,2026-06-11,6.32,0.47468354430378734,2.2151898734177164,30.165745856353592,29.834254143646415,False,-1.3975155279503215,0.4130631877389245,1,3,1,33.33333333333333,48.12030075187968,48.12030075187968,2018-10-19,19.525316455696213,0.47468354430378734,历史1/3次成功; 当前距低点0.47%; 最新日涨幅-1.40%; 状态bottom_area; 底部未确认
258,65.01804883980304,54.70626182965298,000888,峨眉山A,bottom_area,2026-06-11,9.56,2026-04-08,13.3,2026-06-11,9.51,0.5257623554153598,2.6288117770767614,28.496240601503764,28.1203007518797,False,-2.548419979612637,1.3936074460809662,2,8,2,25.0,68.86736133724087,115.66265060240966,2015-08-26; 2024-02-06,19.47423764458464,0.5257623554153598,历史2/8次成功; 当前距低点0.53%; 最新日涨幅-2.55%; 状态bottom_area; 底部未确认
259,64.96650521478493,56.346042328612576,002324,普利特,bottom_area,2026-06-11,11.7,2026-05-11,16.2,2026-06-08,11.45,2.183406113537118,6.375545851528389,29.32098765432099,27.77777777777778,False,-2.1739130434782705,1.898513052905237,2,7,2,28.57142857142857,31.55872340425533,37.16,2015-07-07; 2024-02-06,17.816593886462883,2.183406113537118,历史2/7次成功; 当前距低点2.18%; 最新日涨幅-2.17%; 状态bottom_area; 底部未确认
260,64.94136092777438,55.36789696908105,000856,冀东装备,bottom_area,2026-06-11,8.12,2026-05-25,11.03,2026-06-11,8.02,1.246882793017452,3.366583541147127,27.28921124206709,26.382592928377157,False,-2.1686746987952032,1.9508370044052863,4,19,4,21.052631578947366,31.11064091852178,42.43448858833475,2012-11-30; 2019-01-31; 2020-02-04; 2022-10-12,18.75311720698255,1.246882793017452,历史4/19次成功; 当前距低点1.25%; 最新日涨幅-2.17%; 状态bottom_area; 底部未确认
261,64.92167324430024,56.56394059675813,688244,永信至诚,bottom_area,2026-06-11,15.16,2026-05-08,20.91,2026-06-11,14.8,2.4324324324324285,6.621621621621612,29.220468675274986,27.4988043998087,False,-4.292929292929292,1.3897582799008803,1,2,1,50.0,32.9026158209896,32.9026158209896,2025-04-09,17.567567567567572,2.4324324324324285,历史1/2次成功; 当前距低点2.43%; 最新日涨幅-4.29%; 状态bottom_area; 底部未确认
262,64.9212163304303,56.966717379296774,600328,中盐化工,bottom_area,2026-06-11,6.56,2026-04-22,9.07,2026-06-09,6.38,2.8213166144200583,4.388714733542324,29.65821389195149,27.6736493936053,False,-0.15220700152207556,0.9923484564405474,5,14,5,35.714285714285715,27.239043641491183,37.26315789473683,2008-04-03; 2011-04-28; 2015-06-30; 2020-11-02; 2022-04-27,17.178683385579944,2.8213166144200583,历史5/14次成功; 当前距低点2.82%; 最新日涨幅-0.15%; 状态bottom_area; 底部未确认
263,64.9083570440475,55.7995571543557,300233,金城医药,bottom_area,2026-06-11,11.97,2026-04-21,16.48,2026-06-11,11.77,1.6992353440951662,3.1435853865760492,28.580097087378647,27.366504854368927,False,-1.074380165289246,1.512728538715864,2,7,2,28.57142857142857,22.685634540897702,23.37878787878789,2015-06-30; 2021-09-16,18.300764655904835,1.6992353440951662,历史2/7次成功; 当前距低点1.70%; 最新日涨幅-1.07%; 状态bottom_area; 底部未确认
264,64.90396567015506,56.5656089694754,000017,深中华A,bottom_area,2026-06-11,5.02,2026-03-31,7.11,2026-06-11,4.9,2.4489795918367188,2.8571428571428505,31.082981715893105,29.39521800281295,False,-0.5940594059405946,1.6468325375454926,8,25,8,32.0,28.56603461754367,46.874999999999986,1992-06-04; 1996-06-17; 1997-05-26; 2000-05-16; 2005-10-11; 2016-03-01; 2020-02-04; 2022-04-27,17.551020408163282,2.4489795918367188,历史8/25次成功; 当前距低点2.45%; 最新日涨幅-0.59%; 状态bottom_area; 底部未确认
265,64.88030357422845,55.35982424540145,605108,同庆楼,bottom_area,2026-06-11,12.56,2026-04-23,17.8,2026-06-11,12.4,1.2903225806451624,3.2258064516129057,30.337078651685395,29.438202247191008,False,-1.7982799061766919,1.0320769230769231,1,3,1,33.33333333333333,21.658206429780034,21.658206429780034,2024-10-18,18.70967741935484,1.2903225806451624,历史1/3次成功; 当前距低点1.29%; 最新日涨幅-1.80%; 状态bottom_area; 底部未确认
266,64.85666121599527,55.2057142857143,603081,大丰实业,bottom_area,2026-06-11,9.61,2026-05-15,13.33,2026-06-11,9.5,1.1578947368420993,3.7894736842105203,28.732183045761438,27.906976744186053,False,-2.634245187436679,0.8097295325239691,1,5,1,20.0,31.428571428571434,31.428571428571434,2020-02-04,18.8421052631579,1.1578947368420993,历史1/5次成功; 当前距低点1.16%; 最新日涨幅-2.63%; 状态bottom_area; 底部未确认
267,64.84571009670205,55.27389010321797,301136,招标股份,bottom_area,2026-06-11,12.3,2026-05-11,16.76,2026-06-11,12.15,1.2345679012345707,3.292181069958851,27.505966587112173,26.610978520286398,False,-1.9138755980861122,1.6712059091385119,1,4,1,25.0,21.901639344262293,21.901639344262293,2023-09-11,18.76543209876543,1.2345679012345707,历史1/4次成功; 当前距低点1.23%; 最新日涨幅-1.91%; 状态bottom_area; 底部未确认
268,64.83675328409166,54.92977585339081,600376,首开股份,bottom_area,2026-06-11,3.36,2026-06-02,4.58,2026-06-11,3.33,0.900900900900895,2.702702702702698,27.292576419213972,26.637554585152845,False,-1.7543859649122862,2.129211450233439,7,18,7,38.88888888888889,25.70756820012164,31.975736568457553,2008-06-20; 2008-07-18; 2008-09-18; 2008-12-31; 2019-08-08; 2021-08-06; 2025-04-09,19.099099099099107,0.900900900900895,历史7/18次成功; 当前距低点0.90%; 最新日涨幅-1.75%; 状态bottom_area; 底部未确认
269,64.72956810609436,58.11985868681007,000822,山东海化,bottom_area,2026-06-11,4.59,2026-04-29,6.15,2026-06-10,4.41,4.081632653061218,4.535147392290254,28.292682926829272,25.36585365853659,False,1.3245033112582627,1.6709119819906786,5,15,5,33.33333333333333,31.573375282023164,38.70192307692306,1998-08-18; 2007-06-04; 2008-04-22; 2015-06-30; 2022-08-02,15.918367346938783,4.081632653061218,历史5/15次成功; 当前距低点4.08%; 最新日涨幅1.32%; 状态bottom_area; 底部未确认
270,64.70701603350487,57.82994186569277,003038,鑫铂股份,bottom_area,2026-06-11,12.21,2026-04-16,17.26,2026-06-05,11.76,3.826530612244907,9.183673469387756,31.865585168018544,29.258400926998846,True,-2.863961813842475,2.746279290643371,3,8,3,37.5,31.13941753554385,38.3744855967078,2022-12-23; 2025-04-09; 2025-12-17,16.173469387755095,3.826530612244907,历史3/8次成功; 当前距低点3.83%; 最新日涨幅-2.86%; 状态bottom_area; 底部已确认
271,64.70663192205838,56.050337236431915,300713,英可瑞,bottom_area,2026-06-11,13.52,2026-05-13,18.98,2026-06-11,13.24,2.1148036253776388,5.135951661631418,30.24236037934668,28.767123287671236,False,-2.8037383177570097,4.087497135342206,3,10,3,30.0,26.03273925963939,34.12103746397693,2019-01-31; 2020-10-26; 2023-11-02,17.88519637462236,2.1148036253776388,历史3/10次成功; 当前距低点2.11%; 最新日涨幅-2.80%; 状态bottom_area; 底部未确认
272,64.70335388686485,54.98026958020898,688185,康希诺,bottom_area,2026-06-11,49.41,2026-05-19,68.48,2026-06-11,48.89,1.0636121906320228,3.1703824913070098,28.60689252336449,27.847546728971974,False,-2.0614469772051613,0.9698975860639518,2,10,2,20.0,29.060781585215047,36.75601999091322,2023-08-29; 2024-02-05,18.93638780936798,1.0636121906320228,历史2/10次成功; 当前距低点1.06%; 最新日涨幅-2.06%; 状态bottom_area; 底部未确认
273,64.67542143813414,56.20010638297873,300920,润阳科技,bottom_area,2026-06-11,38.46,2026-06-08,51.88,2026-06-11,37.6,2.28723404255319,13.48404255319149,27.525057825751738,25.86738627602159,False,-6.0576453346360415,10.368152965509118,1,4,1,25.0,60.89860352155435,60.89860352155435,2025-04-09,17.71276595744681,2.28723404255319,历史1/4次成功; 当前距低点2.29%; 最新日涨幅-6.06%; 状态bottom_area; 底部未确认
274,64.6566437726547,55.482390264372626,603958,哈森股份,bottom_area,2026-06-11,19.05,2026-05-25,26.8,2026-06-11,18.75,1.6000000000000039,3.839999999999994,30.037313432835823,28.91791044776119,False,-1.7027863777089647,1.4461615609044491,2,8,2,25.0,27.502098195551827,30.00419639110366,2017-01-17; 2023-10-23,18.4,1.6000000000000039,历史2/8次成功; 当前距低点1.60%; 最新日涨幅-1.70%; 状态bottom_area; 底部未确认
275,64.65161351515249,54.951615674428275,603456,九洲药业,bottom_area,2026-06-11,12.18,2026-04-15,17.79,2026-06-11,12.05,1.0788381742738506,3.651452282157672,32.26531759415401,31.53456998313659,False,-2.7156549520766737,1.002612844775483,1,5,1,20.0,29.09336941813261,29.09336941813261,2015-06-30,18.921161825726152,1.0788381742738506,历史1/5次成功; 当前距低点1.08%; 最新日涨幅-2.72%; 状态bottom_area; 底部未确认
276,64.61213790834815,55.05663533361906,000736,中交地产,bottom_area,2026-06-11,4.16,2026-05-12,5.73,2026-06-10,4.11,1.2165450121654457,6.812652068126504,28.272251308900525,27.399650959860388,False,-1.654846335697402,2.2597289932091447,4,19,4,21.052631578947366,29.065308790540286,34.31952662721894,1997-07-08; 1997-08-19; 2003-11-19; 2025-04-28,18.783454987834556,1.2165450121654457,历史4/19次成功; 当前距低点1.22%; 最新日涨幅-1.65%; 状态bottom_area; 底部未确认
277,64.57238029821502,55.25693181723519,300810,中科海讯,bottom_area,2026-06-11,24.51,2026-05-11,34.32,2026-06-11,24.16,1.4486754966887476,3.145695364238417,29.603729603729604,28.583916083916076,False,-1.1693548387096686,1.6563380986273757,1,6,1,16.666666666666664,42.490566037735846,42.490566037735846,2024-04-16,18.551324503311253,1.4486754966887476,历史1/6次成功; 当前距低点1.45%; 最新日涨幅-1.17%; 状态bottom_area; 底部未确认
278,64.56146795895488,53.80122329912906,002829,星网宇达,bottom_area,2026-06-11,18.91,2026-05-25,27.7,2026-06-11,18.91,0.0,9.994711792702276,31.732851985559563,31.732851985559563,False,-9.995240361732517,8.121737046609951,4,10,4,40.0,28.662490855532578,46.666666666666664,2019-01-31; 2022-04-27; 2024-04-16; 2024-08-07,20.0,0.0,历史4/10次成功; 当前距低点0.00%; 最新日涨幅-10.00%; 状态bottom_area; 底部未确认
279,64.54551731840563,58.14837583068564,300507,苏奥传感,bottom_area,2026-06-11,7.09,2026-05-11,9.58,2026-06-11,6.8,4.264705882352942,4.5588235294117725,29.018789144050107,25.99164926931107,False,0.8534850640113723,1.7800064758769552,4,12,4,33.33333333333333,33.97081671568287,48.92221180880975,2018-02-09; 2019-05-06; 2020-02-04; 2022-04-27,15.735294117647058,4.264705882352942,历史4/12次成功; 当前距低点4.26%; 最新日涨幅0.85%; 状态bottom_area; 底部未确认
280,64.5231146225891,54.45780919834351,600250,南京商旅,bottom_area,2026-06-11,8.7,2026-04-16,11.88,2026-06-11,8.64,0.6944444444444295,3.5879629629629477,27.27272727272727,26.76767676767678,False,-2.684563758389269,2.5560165146001355,7,20,7,35.0,29.065282428369905,53.93258426966293,2007-06-26; 2008-04-22; 2008-09-18; 2009-08-19; 2020-02-04; 2025-04-09; 2025-06-23,19.30555555555557,0.6944444444444295,历史7/20次成功; 当前距低点0.69%; 最新日涨幅-2.68%; 状态bottom_area; 底部未确认
281,64.51630831563486,54.80341354723708,002328,新朋股份,bottom_area,2026-06-11,7.73,2026-06-02,10.66,2026-06-11,7.65,1.0457516339869288,6.405228758169937,28.236397748592868,27.485928705440898,False,-3.495630461922594,7.159412972193547,1,4,1,25.0,27.27272727272727,27.27272727272727,2010-02-03,18.954248366013072,1.0457516339869288,历史1/4次成功; 当前距低点1.05%; 最新日涨幅-3.50%; 状态bottom_area; 底部未确认
282,64.50785293461759,55.04202668877696,300805,电声股份,bottom_area,2026-06-11,7.85,2026-05-08,10.98,2026-06-11,7.75,1.2903225806451568,3.3548387096774164,29.41712204007286,28.50637522768671,False,-2.484472049689457,2.2436173539668918,1,4,1,25.0,21.338506304558674,21.338506304558674,2020-04-28,18.709677419354843,1.2903225806451568,历史1/4次成功; 当前距低点1.29%; 最新日涨幅-2.48%; 状态bottom_area; 底部未确认
283,64.49830485216572,57.236341521068525,300618,寒锐钴业,bottom_area,2026-06-11,34.9,2026-05-07,50.11,2026-06-08,33.74,3.4380557202133866,6.283343212803786,32.66813011374975,30.353222909598887,False,0.8962127782595974,2.808400990522319,2,7,2,28.57142857142857,29.25173574660932,32.46899661781286,2018-02-05; 2024-02-05,16.561944279786616,3.4380557202133866,历史2/7次成功; 当前距低点3.44%; 最新日涨幅0.90%; 状态bottom_area; 底部未确认
284,64.48642816740544,57.18749755802583,600955,维远股份,bottom_area,2026-06-11,15.2,2026-04-28,20.14,2026-06-09,14.7,3.4013605442176873,6.5306122448979655,27.010923535253234,24.52830188679246,False,-1.6817593790427021,0.7881272727272728,2,5,2,40.0,26.250535477646064,26.53198653198653,2021-10-13; 2026-03-24,16.598639455782312,3.4013605442176873,历史2/5次成功; 当前距低点3.40%; 最新日涨幅-1.68%; 状态bottom_area; 底部未确认
285,64.47309029696959,55.070764628661514,600390,五矿资本,bottom_area,2026-06-11,4.51,2026-01-23,6.4,2026-06-09,4.45,1.3483146067415641,4.044943820224713,30.46875,29.531250000000007,False,-2.1691973969631295,0.654863768165883,3,14,3,21.428571428571427,29.941976593107544,38.6578449905482,2009-03-02; 2009-04-28; 2015-09-02,18.65168539325844,1.3483146067415641,历史3/14次成功; 当前距低点1.35%; 最新日涨幅-2.17%; 状态bottom_area; 底部未确认
286,64.40034871713107,54.782905335933805,002383,合众思壮,bottom_area,2026-06-11,7.2,2026-05-11,9.89,2026-06-11,7.12,1.1235955056179785,2.8089887640449462,28.00808897876643,27.19919110212336,False,-1.5047879616962967,1.2223642795547607,2,11,2,18.181818181818183,32.67435678209713,34.530938123752506,2015-06-30; 2019-05-08,18.876404494382022,1.1235955056179785,历史2/11次成功; 当前距低点1.12%; 最新日涨幅-1.50%; 状态bottom_area; 底部未确认
287,64.39657215607883,55.304188605657224,688560,明冠新材,bottom_area,2026-06-11,12.98,2026-05-07,18.48,2026-06-11,12.77,1.6444792482380646,3.993735317149568,30.898268398268403,29.761904761904763,False,-2.1853805576488305,2.051793903687684,2,8,2,25.0,27.089254256129024,30.203498750446258,2021-08-20; 2023-04-26,18.355520751761937,1.6444792482380646,历史2/8次成功; 当前距低点1.64%; 最新日涨幅-2.19%; 状态bottom_area; 底部未确认
288,64.3749840741754,56.17767917597747,002518,科士达,bottom_area,2026-06-11,45.56,2026-05-20,65.58,2026-06-11,44.44,2.5202520252025304,4.455445544554465,32.23543763342482,30.527599878011586,False,-1.831501831501814,2.235584163447265,3,10,3,30.0,31.687385986232485,41.51162790697675,2011-01-25; 2011-06-20; 2024-02-05,17.479747974797473,2.5202520252025304,历史3/10次成功; 当前距低点2.52%; 最新日涨幅-1.83%; 状态bottom_area; 底部未确认
289,64.2855954794374,54.315845833068565,002073,软控股份,bottom_area,2026-06-11,5.35,2026-04-17,7.52,2026-06-11,5.31,0.7532956685499066,3.389830508474588,29.388297872340424,28.856382978723406,False,-2.550091074681249,1.5592435362660968,3,9,3,33.33333333333333,32.63455174209148,42.93628808864266,2015-06-29; 2020-02-04; 2022-10-10,19.246704331450097,0.7532956685499066,历史3/9次成功; 当前距低点0.75%; 最新日涨幅-2.55%; 状态bottom_area; 底部未确认
290,64.24421931260734,54.87466256597082,000932,华菱钢铁,bottom_area,2026-06-11,3.76,2026-03-25,5.29,2026-06-09,3.71,1.3477088948787015,3.7735849056603805,29.867674858223065,28.922495274102083,False,-0.2652519893899252,0.7955728543187244,2,12,2,16.666666666666664,39.197699890470965,55.72289156626506,2008-03-18; 2024-09-12,18.6522911051213,1.3477088948787015,历史2/12次成功; 当前距低点1.35%; 最新日涨幅-0.27%; 状态bottom_area; 底部未确认
291,64.23987181693103,55.787257104176945,002042,华孚时尚,bottom_area,2026-06-11,3.63,2026-05-25,5.02,2026-06-11,3.55,2.2535211267605657,5.633802816901413,29.28286852589641,27.689243027888445,False,-3.7135278514588865,2.4093695532516795,3,10,3,30.0,36.53379179134964,42.41758241758243,2015-06-29; 2019-05-08; 2025-04-09,17.746478873239436,2.2535211267605657,历史3/10次成功; 当前距低点2.25%; 最新日涨幅-3.71%; 状态bottom_area; 底部未确认
292,64.15547651806926,54.13925347341382,600216,浙江医药,bottom_area,2026-06-11,11.74,2026-03-30,16.87,2026-06-11,11.66,0.6861063464837056,3.3447684391080665,30.88322465915827,30.40901007705987,False,-1.3445378151260567,1.196344885679548,3,11,3,27.27272727272727,43.99283254025576,63.98144242935471,2000-10-23; 2010-07-02; 2025-04-09,19.313893653516296,0.6861063464837056,历史3/11次成功; 当前距低点0.69%; 最新日涨幅-1.34%; 状态bottom_area; 底部未确认
293,64.14154036065914,54.00833159217036,300002,神州泰岳,bottom_area,2026-06-11,7.11,2026-05-08,10.23,2026-06-11,7.07,0.5657708628005662,6.0820367751060775,30.889540566959923,30.498533724340177,False,-5.452127659574457,3.3685424579807868,4,11,4,36.36363636363637,32.33195540220536,50.374064837905244,2012-12-04; 2013-06-25; 2018-10-16; 2022-04-27,19.434229137199434,0.5657708628005662,历史4/11次成功; 当前距低点0.57%; 最新日涨幅-5.45%; 状态bottom_area; 底部未确认
294,64.12882767281407,57.85417366946778,002969,嘉美包装,bottom_area,2026-06-11,14.9,2026-05-27,21.1,2026-06-10,14.28,4.341736694677879,9.523809523809533,32.32227488151659,29.383886255924175,False,1.4986376021798309,5.849331167297116,1,3,1,33.33333333333333,52.20588235294118,52.20588235294118,2020-04-28,15.658263305322123,4.341736694677879,历史1/3次成功; 当前距低点4.34%; 最新日涨幅1.50%; 状态bottom_area; 底部未确认
295,63.97486746346143,53.81297537028249,002558,巨人网络,bottom_area,2026-06-11,23.65,2026-05-14,33.15,2026-06-11,23.53,0.5099872503187312,2.847428814279635,29.019607843137248,28.657616892911015,False,-2.2727272727272707,1.8503526547286957,2,6,2,33.33333333333333,26.948456815461654,31.38435081685295,2024-04-22; 2025-04-09,19.49001274968127,0.5099872503187312,历史2/6次成功; 当前距低点0.51%; 最新日涨幅-2.27%; 状态bottom_area; 底部未确认
296,63.92884860504248,54.08345272180735,000927,中国铁物,bottom_area,2026-06-11,2.45,2026-04-10,3.33,2026-06-10,2.43,0.8230452674897125,2.0576131687242727,27.027027027027025,26.426426426426424,False,-0.8097165991902799,0.5954530940923775,3,9,3,33.33333333333333,32.24012149650835,40.51094890510949,2007-06-26; 2008-04-22; 2012-12-04,19.17695473251029,0.8230452674897125,历史3/9次成功; 当前距低点0.82%; 最新日涨幅-0.81%; 状态bottom_area; 底部未确认
297,63.927633847871455,53.69921243221203,600528,中铁工业,bottom_area,2026-06-11,6.93,2026-04-01,9.6,2026-06-11,6.9,0.4347826086956429,2.318840579710134,28.124999999999993,27.8125,False,-1.5625,0.46890651452074955,6,20,6,30.0,32.63718698945215,53.020134228187906,2005-12-06; 2008-04-22; 2008-09-18; 2010-02-03; 2012-07-10; 2015-06-30,19.56521739130436,0.4347826086956429,历史6/20次成功; 当前距低点0.43%; 最新日涨幅-1.56%; 状态bottom_area; 底部未确认
298,63.82958495862022,54.173275174662095,600326,西藏天路,bottom_area,2026-06-11,7.08,2026-05-11,9.79,2026-06-11,7.01,0.9985734664764663,2.4251069900142643,28.396322778345244,27.68130745658835,False,-1.8030513176144236,1.2059471279753644,6,17,6,35.294117647058826,30.62630788421362,51.7747858017136,2003-11-07; 2007-02-01; 2009-08-19; 2015-09-02; 2017-07-05; 2024-06-06,19.001426533523535,0.9985734664764663,历史6/17次成功; 当前距低点1.00%; 最新日涨幅-1.80%; 状态bottom_area; 底部未确认
299,63.77764628570494,54.30150184592575,603390,通达电气,bottom_area,2026-06-11,11.22,2026-05-19,15.68,2026-06-11,11.09,1.1722272317403135,2.6149684400360766,29.272959183673468,28.443877551020403,False,-1.8372703412073421,1.5125790747424877,1,6,1,16.666666666666664,33.96512509476878,33.96512509476878,2020-02-04,18.82777276825969,1.1722272317403135,历史1/6次成功; 当前距低点1.17%; 最新日涨幅-1.84%; 状态bottom_area; 底部未确认
300,63.61370164015553,54.940616426113785,300694,蠡湖股份,bottom_area,2026-06-11,9.92,2026-04-21,13.47,2026-06-11,9.73,1.9527235354573433,3.6998972250770747,27.765404602821086,26.354862657757984,False,-1.9762845849802257,1.8872710944150173,1,4,1,25.0,28.913043478260875,28.913043478260875,2019-01-31,18.04727646454266,1.9527235354573433,历史1/4次成功; 当前距低点1.95%; 最新日涨幅-1.98%; 状态bottom_area; 底部未确认
301,63.577856719781806,54.03037213738705,300950,德固特,bottom_area,2026-06-11,17.0,2026-05-11,23.66,2026-06-11,16.82,1.0701545778834702,3.0321046373364924,28.909551986475062,28.148774302620456,False,-2.073732718894006,1.56840753429774,1,5,1,20.0,24.03400309119012,24.03400309119012,2025-04-09,18.929845422116532,1.0701545778834702,历史1/5次成功; 当前距低点1.07%; 最新日涨幅-2.07%; 状态bottom_area; 底部未确认
302,63.556112746944095,53.71808752251428,000839,国安股份,bottom_area,2026-06-11,2.61,2026-05-19,3.71,2026-06-11,2.59,0.7722007722007729,3.8610038610038644,30.188679245283023,29.649595687331537,False,-3.3333333333333437,1.25729807539301,7,19,7,36.84210526315789,32.26525194666353,51.898734177215175,2001-02-16; 2009-08-20; 2011-08-09; 2017-01-17; 2020-02-04; 2020-05-25; 2021-11-02,19.227799227799228,0.7722007722007729,历史7/19次成功; 当前距低点0.77%; 最新日涨幅-3.33%; 状态bottom_area; 底部未确认
303,63.4937969050383,56.07537256562236,688395,正弦电气,bottom_area,2026-06-11,24.37,2026-05-19,33.28,2026-06-11,23.62,3.175275190516511,4.868755292125311,29.026442307692307,26.772836538461537,False,-1.0556232237109109,1.3702443185329432,1,4,1,25.0,67.22759781236853,67.22759781236853,2021-10-28,16.82472480948349,3.175275190516511,历史1/4次成功; 当前距低点3.18%; 最新日涨幅-1.06%; 状态bottom_area; 底部未确认
304,63.43312692343573,53.76524754785766,300039,上海凯宝,bottom_area,2026-06-11,4.36,2026-04-09,6.16,2026-06-11,4.32,0.9259259259259267,3.47222222222221,29.87012987012987,29.22077922077922,False,-2.2421524663677084,2.1065923627145278,3,9,3,33.33333333333333,31.790458739975485,49.888971132494454,2015-05-04; 2022-01-25; 2024-01-22,19.074074074074073,0.9259259259259267,历史3/9次成功; 当前距低点0.93%; 最新日涨幅-2.24%; 状态bottom_area; 底部未确认
305,63.37459619108524,54.67819779302806,600309,万华化学,bottom_area,2026-06-11,67.15,2026-04-27,90.92,2026-06-11,65.9,1.896813353566009,4.552352048558421,27.518697756269244,26.14386273647162,False,-1.1045655375552244,1.0635586152206102,2,9,2,22.22222222222222,32.83535851399466,42.54437869822486,2006-05-18; 2015-07-09,18.10318664643399,1.896813353566009,历史2/9次成功; 当前距低点1.90%; 最新日涨幅-1.10%; 状态bottom_area; 底部未确认
306,63.34707072184636,53.70368462770701,603421,鼎信通讯,bottom_area,2026-06-11,6.46,2026-05-12,9.07,2026-06-11,6.4,0.9374999999999939,4.218749999999993,29.437706725468576,28.776185226019845,False,-2.4169184290030232,1.1270939874079402,2,6,2,33.33333333333333,31.601351045019722,42.086956521739125,2018-02-07; 2024-02-06,19.062500000000007,0.9374999999999939,历史2/6次成功; 当前距低点0.94%; 最新日涨幅-2.42%; 状态bottom_area; 底部未确认
307,63.315173550837166,53.70667372602729,603599,广信股份,bottom_area,2026-06-11,10.43,2026-04-29,15.35,2026-06-10,10.33,0.9680542110358145,5.711519845111325,32.70358306188925,32.05211726384365,False,-2.7052238805970186,1.2840265003972038,2,7,2,28.57142857142857,42.30941727367327,53.36666666666666,2015-07-09; 2021-10-15,19.031945788964187,0.9680542110358145,历史2/7次成功; 当前距低点0.97%; 最新日涨幅-2.71%; 状态bottom_area; 底部未确认
308,63.21552570648407,55.56256819972894,600354,敦煌种业,bottom_area,2026-06-11,5.3,2026-03-30,7.15,2026-06-11,5.15,2.9126213592232904,3.4951456310679556,27.97202797202797,25.87412587412588,False,1.1450381679389166,2.76933338089693,2,12,2,16.666666666666664,39.60579694672788,52.58620689655174,2005-07-18; 2017-04-24,17.08737864077671,2.9126213592232904,历史2/12次成功; 当前距低点2.91%; 最新日涨幅1.15%; 状态bottom_area; 底部未确认
309,63.187903556993994,54.59326694906797,000526,学大教育,bottom_area,2026-06-11,25.84,2026-05-08,36.26,2026-06-11,25.34,1.973164956590371,4.656669297553274,30.11583011583011,28.73690016547159,False,-3.1847133757961887,1.73087947479586,7,24,7,29.166666666666668,28.483421416275988,40.679442508710785,2001-02-26; 2007-10-25; 2008-03-20; 2010-02-03; 2017-07-12; 2019-05-06; 2020-02-04,18.02683504340963,1.973164956590371,历史7/24次成功; 当前距低点1.97%; 最新日涨幅-3.18%; 状态bottom_area; 底部未确认
310,63.1636575159608,54.746953051501045,002588,史丹利,bottom_area,2026-06-11,8.56,2026-04-23,12.1,2026-06-09,8.38,2.1479713603818578,7.756563245823371,30.743801652892554,29.256198347107432,False,-3.05775764439411,1.4180574787927274,2,7,2,28.57142857142857,32.742161499386924,34.848484848484844,2018-10-19; 2022-04-27,17.852028639618144,2.1479713603818578,历史2/7次成功; 当前距低点2.15%; 最新日涨幅-3.06%; 状态bottom_area; 底部未确认
311,63.109847954901255,54.15800324394776,300231,银信科技,bottom_area,2026-06-11,8.24,2026-05-19,11.63,2026-06-11,8.11,1.602959309494461,4.68557336621456,30.266552020636293,29.14875322441961,False,-3.6257309941520544,1.9556620494966463,2,8,2,25.0,30.63306704083404,37.33451015004414,2015-09-02; 2024-10-14,18.39704069050554,1.602959309494461,历史2/8次成功; 当前距低点1.60%; 最新日涨幅-3.63%; 状态bottom_area; 底部未确认
312,63.084125171886626,54.938681274131795,301025,读客文化,bottom_area,2026-06-11,8.93,2026-05-14,11.98,2026-06-11,8.72,2.4082568807339344,3.555045871559618,27.212020033388978,25.45909849749583,False,-2.4043715846994607,2.459672634106726,2,9,2,22.22222222222222,40.50511508951406,56.01023017902812,2021-08-02; 2025-04-09,17.591743119266066,2.4082568807339344,历史2/9次成功; 当前距低点2.41%; 最新日涨幅-2.40%; 状态bottom_area; 底部未确认
313,63.061480547812344,52.94501006483562,000753,漳州发展,bottom_area,2026-06-11,4.93,2026-05-07,6.93,2026-06-11,4.91,0.4073319755600728,2.851323828920564,29.148629148629148,28.860028860028862,False,-1.7928286852589626,1.4497704586210118,4,14,4,28.57142857142857,31.34108201519824,43.344709897610926,2011-01-21; 2020-02-04; 2022-04-27; 2025-11-28,19.592668024439927,0.4073319755600728,历史4/14次成功; 当前距低点0.41%; 最新日涨幅-1.79%; 状态bottom_area; 底部未确认
314,62.98434908390558,53.77500048405807,300380,安硕信息,bottom_area,2026-06-11,28.32,2026-04-30,40.95,2026-06-11,27.95,1.3237924865831878,5.044722719141324,31.74603174603175,30.842490842490843,False,-4.227257355427794,2.039327792715155,2,13,2,15.384615384615385,45.98520082509536,65.51724137931036,2014-12-11; 2015-09-02,18.676207513416813,1.3237924865831878,历史2/13次成功; 当前距低点1.32%; 最新日涨幅-4.23%; 状态bottom_area; 底部未确认
315,62.9577586257994,54.29806692155188,603999,读者传媒,bottom_area,2026-06-11,5.43,2026-05-19,7.45,2026-06-11,5.33,1.8761726078799181,4.690431519699812,28.456375838926174,27.11409395973155,False,-2.513464991023351,1.2925520833333335,2,8,2,25.0,24.52011004041987,26.27599243856332,2020-02-04; 2025-04-09,18.123827392120084,1.8761726078799181,历史2/8次成功; 当前距低点1.88%; 最新日涨幅-2.51%; 状态bottom_area; 底部未确认
316,62.95516879930694,54.40134967166688,000707,双环科技,bottom_area,2026-06-11,4.63,2026-04-22,6.48,2026-06-11,4.54,1.9823788546255476,3.3039647577092586,29.938271604938276,28.549382716049386,False,-0.43010752688172893,1.393308503354941,4,19,4,21.052631578947366,34.92990824675987,62.17564870259482,2008-04-03; 2008-04-22; 2021-01-14; 2024-02-06,18.017621145374456,1.9823788546255476,历史4/19次成功; 当前距低点1.98%; 最新日涨幅-0.43%; 状态bottom_area; 底部未确认
317,62.9529293545807,54.84157127207998,300195,长荣股份,bottom_area,2026-06-11,5.49,2026-04-08,7.75,2026-06-11,5.36,2.425373134328356,4.104477611940293,30.838709677419352,29.16129032258064,False,-1.08108108108107,2.499259235658643,1,4,1,25.0,34.17431192660549,34.17431192660549,2022-04-27,17.574626865671643,2.425373134328356,历史1/4次成功; 当前距低点2.43%; 最新日涨幅-1.08%; 状态bottom_area; 底部未确认
318,62.94137752460858,53.00806167009748,601567,三星电气,bottom_area,2026-06-11,13.96,2026-05-20,19.29,2026-06-11,13.88,0.5763688760806921,3.602305475504323,28.04561949196474,27.630896837739755,False,-3.055555555555556,1.648217013923637,3,8,3,37.5,24.621950040652994,31.09512390087929,2015-08-26; 2021-07-28; 2022-04-28,19.423631123919307,0.5763688760806921,历史3/8次成功; 当前距低点0.58%; 最新日涨幅-3.06%; 状态bottom_area; 底部未确认
319,62.92407573941667,52.66464185956422,688626,翔宇医疗,bottom_area,2026-06-11,46.6,2026-05-19,66.01,2026-06-11,46.49,0.23661002366100115,3.355560335556023,29.571277079230423,29.404635661263452,False,-2.9975020815986686,0.5436875,1,3,1,33.33333333333333,34.09021172138692,34.09021172138692,2024-02-05,19.763389976339,0.23661002366100115,历史1/3次成功; 当前距低点0.24%; 最新日涨幅-3.00%; 状态bottom_area; 底部未确认
320,62.88170100879003,53.19501400927167,300349,金卡智能,bottom_area,2026-06-11,11.06,2026-05-25,16.15,2026-06-11,10.97,0.8204193254329978,3.646308113035538,32.07430340557275,31.51702786377708,False,-2.811950790861162,2.205103487418992,1,4,1,25.0,45.48693586698337,45.48693586698337,2024-02-06,19.179580674567003,0.8204193254329978,历史1/4次成功; 当前距低点0.82%; 最新日涨幅-2.81%; 状态bottom_area; 底部未确认
321,62.87786652697568,54.2526195538398,300011,鼎汉技术,bottom_area,2026-06-11,5.9,2026-03-31,8.22,2026-06-11,5.79,1.8998272884283303,4.317789291882556,29.56204379562044,28.223844282238442,False,-1.9933554817275656,1.3344740705853506,2,9,2,22.22222222222222,30.584248472585113,40.183486238532105,2019-01-31; 2021-02-10,18.100172711571673,1.8998272884283303,历史2/9次成功; 当前距低点1.90%; 最新日涨幅-1.99%; 状态bottom_area; 底部未确认
322,62.87680759308432,55.690886725303265,002922,伊戈尔,bottom_area,2026-06-11,34.1,2026-05-29,48.77,2026-06-11,33.0,3.3333333333333375,4.787878787878783,32.33545212220628,30.079967192946484,False,0.8577343981070573,5.474933687002652,2,10,2,20.0,38.230573791953134,52.203721841332005,2018-06-22; 2022-04-27,16.666666666666664,3.3333333333333375,历史2/10次成功; 当前距低点3.33%; 最新日涨幅0.86%; 状态bottom_area; 底部未确认
323,62.8390890087943,52.74173610989442,000661,长春高新,bottom_area,2026-06-11,64.32,2026-05-11,90.0,2026-06-11,64.07,0.39019822069611365,3.527391915092876,28.81111111111112,28.53333333333334,False,-2.781136638452242,1.8315146214116063,4,15,4,26.666666666666668,34.165168744166095,44.403632282420155,1997-07-08; 2008-09-18; 2015-07-09; 2024-02-05,19.609801779303886,0.39019822069611365,历史4/15次成功; 当前距低点0.39%; 最新日涨幅-2.78%; 状态bottom_area; 底部未确认
324,62.75092896298591,53.595099470165906,605388,均瑶健康,bottom_area,2026-06-11,5.28,2026-05-07,7.31,2026-06-11,5.21,1.3435700575815794,3.646833013435708,28.727770177838575,27.770177838577286,False,-2.2222222222222254,1.0994797816084552,1,5,1,20.0,25.045372050816695,25.045372050816695,2025-04-09,18.65642994241842,1.3435700575815794,历史1/5次成功; 当前距低点1.34%; 最新日涨幅-2.22%; 状态bottom_area; 底部未确认
325,62.70808482260498,52.767762001104714,002190,成飞集成,bottom_area,2026-06-11,24.61,2026-05-13,36.38,2026-06-11,24.48,0.5310457516339828,2.450980392156854,32.71028037383178,32.352941176470594,False,-2.650316455696211,1.1630496969010624,2,7,2,28.57142857142857,31.904626884647758,39.08241291418863,2015-06-30; 2024-02-06,19.468954248366018,0.5310457516339828,历史2/7次成功; 当前距低点0.53%; 最新日涨幅-2.65%; 状态bottom_area; 底部未确认
326,62.6997781475431,53.18872661991112,600138,中青旅,bottom_area,2026-06-11,7.27,2026-01-15,10.59,2026-06-11,7.2,0.9722222222222138,3.194444444444438,32.01133144475921,31.350330500472147,False,-2.5469168900804307,1.4475298408488064,5,14,5,35.714285714285715,24.099656686670006,26.73160173160174,2005-03-31; 2011-06-20; 2015-06-30; 2015-08-25; 2020-02-04,19.02777777777779,0.9722222222222138,历史5/14次成功; 当前距低点0.97%; 最新日涨幅-2.55%; 状态bottom_area; 底部未确认
327,62.68774205993034,53.68860354486627,600104,上汽集团,bottom_area,2026-06-11,10.87,2026-04-01,14.84,2026-06-11,10.71,1.4939309056955963,3.4547152194210944,27.83018867924528,26.75202156334232,False,-1.9837691614066788,0.8303009648962366,2,10,2,20.0,27.391215106732346,30.357142857142854,2015-08-25; 2025-04-07,18.506069094304404,1.4939309056955963,历史2/10次成功; 当前距低点1.49%; 最新日涨幅-1.98%; 状态bottom_area; 底部未确认
328,62.59799581844065,54.738894511019495,688137,近岸蛋白,bottom_area,2026-06-11,36.65,2026-05-21,49.2,2026-06-11,35.71,2.6323158779053424,6.356762811537372,27.418699186991873,25.508130081300823,False,-2.8109254839565168,1.1636556335332184,1,4,1,25.0,36.159003831417635,36.159003831417635,2022-10-12,17.36768412209466,2.6323158779053424,历史1/4次成功; 当前距低点2.63%; 最新日涨幅-2.81%; 状态bottom_area; 底部未确认
329,62.532500965256645,53.347868017853074,603196,璞源材料,bottom_area,2026-06-11,21.34,2026-05-11,30.09,2026-06-11,21.07,1.2814428096820103,4.413858566682485,29.976736457294784,29.0794283815221,False,-3.0000000000000027,1.122333883669264,2,8,2,25.0,22.33633131144113,22.85714285714286,2021-04-23; 2021-07-28,18.71855719031799,1.2814428096820103,历史2/8次成功; 当前距低点1.28%; 最新日涨幅-3.00%; 状态bottom_area; 底部未确认
330,62.44915910356855,55.832029662130836,600421,退市华嵘,bottom_area,2026-06-11,0.27,2026-06-05,0.36,2026-06-11,0.26,3.8461538461538494,7.692307692307699,27.777777777777775,24.999999999999993,False,0.0,2.2979038854805727,6,22,6,27.27272727272727,29.51801795942214,44.900662251655625,2005-07-21; 2009-08-18; 2019-07-01; 2022-04-28; 2025-03-21; 2025-04-09,16.153846153846153,3.8461538461538494,历史6/22次成功; 当前距低点3.85%; 最新日涨幅0.00%; 状态bottom_area; 底部未确认
331,62.33303476784027,53.822949249142994,300865,大宏立,bottom_area,2026-06-11,24.16,2026-05-11,33.5,2026-06-11,23.7,1.9409282700421977,4.556962025316463,29.253731343283583,27.880597014925375,False,-2.0275750202757514,2.680655824599241,1,3,1,33.33333333333333,21.370604147880982,21.370604147880982,2024-04-16,18.059071729957804,1.9409282700421977,历史1/3次成功; 当前距低点1.94%; 最新日涨幅-2.03%; 状态bottom_area; 底部未确认
332,62.30337617436043,53.0860398100766,002550,千红制药,bottom_area,2026-06-11,5.84,2026-04-15,8.08,2026-06-11,5.77,1.2131715771230553,2.9462738301559934,28.589108910891092,27.722772277227726,False,-1.3513513513513487,0.9067716921033793,1,5,1,20.0,20.71005917159764,20.71005917159764,2021-02-04,18.786828422876944,1.2131715771230553,历史1/5次成功; 当前距低点1.21%; 最新日涨幅-1.35%; 状态bottom_area; 底部未确认
333,62.28891782975224,53.35524577968476,000995,皇台酒业,bottom_area,2026-06-11,10.81,2026-05-27,14.89,2026-06-11,10.65,1.5023474178403768,3.7558685446009425,28.475486903962395,27.40094022834117,False,-2.524797114517574,6.101133840271531,4,20,4,20.0,25.702139206240957,35.25641025641026,2001-10-22; 2008-04-22; 2023-08-29; 2024-04-17,18.497652582159624,1.5023474178403768,历史4/20次成功; 当前距低点1.50%; 最新日涨幅-2.52%; 状态bottom_area; 底部未确认
334,62.28458530473189,53.22763500702494,002724,海洋王,bottom_area,2026-06-11,5.16,2026-04-28,7.32,2026-06-11,5.09,1.3752455795677856,2.5540275049115895,30.464480874316948,29.508196721311474,False,-1.526717557251911,1.5399230673070592,2,10,2,20.0,23.45803724967472,25.204081632653047,2015-06-30; 2022-04-27,18.624754420432215,1.3752455795677856,历史2/10次成功; 当前距低点1.38%; 最新日涨幅-1.53%; 状态bottom_area; 底部未确认
335,62.24615121672608,52.978015479144524,601789,宁波建工,bottom_area,2026-06-11,4.39,2026-05-18,6.45,2026-06-11,4.34,1.15207373271889,3.917050691244238,32.713178294573645,31.937984496124038,False,-2.8761061946902644,3.3417507354959257,1,6,1,16.666666666666664,26.602564102564102,26.602564102564102,2020-02-04,18.84792626728111,1.15207373271889,历史1/6次成功; 当前距低点1.15%; 最新日涨幅-2.88%; 状态bottom_area; 底部未确认
336,62.04631920271632,54.37236061433816,002177,御银股份,bottom_area,2026-06-11,5.98,2026-05-21,8.28,2026-06-11,5.82,2.7491408934707926,3.092783505154634,29.710144927536223,27.777777777777768,False,-0.33333333333332993,3.7550729178953537,4,15,4,26.666666666666668,32.00932895045652,48.84393063583816,2020-02-04; 2024-04-17; 2025-04-09; 2026-01-30,17.25085910652921,2.7491408934707926,历史4/15次成功; 当前距低点2.75%; 最新日涨幅-0.33%; 状态bottom_area; 底部未确认
337,61.97772178570576,51.92084710324368,600963,岳阳林纸,bottom_area,2026-06-11,3.49,2026-05-08,4.81,2026-06-11,3.48,0.2873563218390871,4.02298850574713,27.650727650727646,27.442827442827433,False,-3.32409972299168,1.2772821532312855,4,14,4,28.57142857142857,34.57921399328539,40.707964601769895,2005-12-06; 2015-06-30; 2020-06-12; 2024-02-06,19.712643678160912,0.2873563218390871,历史4/14次成功; 当前距低点0.29%; 最新日涨幅-3.32%; 状态bottom_area; 底部未确认
338,61.96187137389574,52.92676769552644,688515,裕太微,bottom_area,2026-06-11,184.77,2026-06-03,260.0,2026-06-11,182.31,1.3493500082277483,7.1910482145795545,29.88076923076923,28.93461538461538,False,-3.195892492272223,8.426436386977063,1,5,1,20.0,31.738095238095234,31.738095238095234,2025-04-07,18.65064999177225,1.3493500082277483,历史1/5次成功; 当前距低点1.35%; 最新日涨幅-3.20%; 状态bottom_area; 底部未确认
339,61.957737042122446,53.75540386601499,000545,金浦钛业,bottom_area,2026-06-11,2.32,2026-05-08,3.15,2026-06-11,2.27,2.2026431718061596,3.9647577092510953,27.936507936507933,26.34920634920635,False,-0.42918454935623185,2.95336997231463,5,27,5,18.51851851851852,39.64767384284986,94.35975609756099,1995-01-23; 2008-04-23; 2020-02-04; 2022-04-27; 2025-04-09,17.79735682819384,2.2026431718061596,历史5/27次成功; 当前距低点2.20%; 最新日涨幅-0.43%; 状态bottom_area; 底部未确认
340,61.95336834509001,51.990686108552644,601311,骆驼股份,bottom_area,2026-06-11,7.88,2026-04-22,11.28,2026-06-11,7.85,0.3821656050955446,2.9299363057324896,30.407801418439718,30.141843971631204,False,-2.595797280593326,1.0958140736680948,2,7,2,28.57142857142857,25.90181706389658,31.35802469135804,2012-07-31; 2020-02-04,19.617834394904456,0.3821656050955446,历史2/7次成功; 当前距低点0.38%; 最新日涨幅-2.60%; 状态bottom_area; 底部未确认
341,61.923041499502645,52.456624080981015,600468,百利电气,bottom_area,2026-06-11,5.63,2026-05-14,8.07,2026-06-11,5.58,0.8960573476702477,3.5842293906810068,30.855018587360593,30.235439900867412,False,-2.426343154246091,1.8955714467530447,5,16,5,31.25,28.902606632630025,36.741214057507996,2001-10-22; 2005-12-08; 2008-01-23; 2008-04-03; 2020-02-04,19.103942652329753,0.8960573476702477,历史5/16次成功; 当前距低点0.90%; 最新日涨幅-2.43%; 状态bottom_area; 底部未确认
342,61.82889538195695,56.304024208268025,300841,康华生物,bottom_area,2026-06-11,45.35,2026-05-11,62.0,2026-06-10,43.25,4.855491329479772,5.965317919075141,30.241935483870968,26.854838709677413,False,0.9123275478415849,2.183351477879216,1,4,1,25.0,49.35238945958015,49.35238945958015,2024-02-05,15.14450867052023,4.855491329479772,历史1/4次成功; 当前距低点4.86%; 最新日涨幅0.91%; 状态bottom_area; 底部未确认
343,61.82201649831698,56.04243722483987,600983,惠而浦,bottom_area,2026-06-11,8.63,2026-04-13,11.47,2026-06-10,8.25,4.606060606060615,9.090909090909092,28.073234524847436,24.760244115082823,True,2.4940617577197344,1.3993677538135731,3,12,3,25.0,35.69492154117244,48.23874755381604,2010-07-02; 2011-01-25; 2024-02-08,15.393939393939386,4.606060606060615,历史3/12次成功; 当前距低点4.61%; 最新日涨幅2.49%; 状态bottom_area; 底部已确认
344,61.78783395832718,55.72718191586448,600577,精达股份,bottom_area,2026-06-11,10.85,2026-05-26,15.23,2026-06-11,10.4,4.3269230769230695,7.499999999999994,31.713722915298753,28.759028233749184,False,0.5560704355885182,3.575480026059393,2,6,2,33.33333333333333,21.716307515676057,22.57462686567164,2015-06-30; 2025-04-09,15.67307692307693,4.3269230769230695,历史2/6次成功; 当前距低点4.33%; 最新日涨幅0.56%; 状态bottom_area; 底部未确认
345,61.62407458929122,52.654379715861445,000850,华茂股份,bottom_area,2026-06-11,3.71,2026-04-21,5.18,2026-06-11,3.66,1.36612021857923,3.005464480874313,29.343629343629335,28.37837837837838,False,-0.8021390374331583,0.8952533725100319,2,16,2,12.5,36.5141602915166,52.66903914590747,2018-10-19; 2021-02-08,18.63387978142077,1.36612021857923,历史2/16次成功; 当前距低点1.37%; 最新日涨幅-0.80%; 状态bottom_area; 底部未确认
346,61.56551609992024,53.83715840878409,600619,海立股份,bottom_area,2026-06-11,14.42,2026-05-21,19.79,2026-06-08,14.05,2.633451957295368,5.12455516014234,29.004547751389588,27.134916624557853,False,-0.5517241379310311,1.9445249225431986,4,20,4,20.0,42.15821973880395,56.345177664974635,1994-03-10; 1994-10-14; 2008-09-18; 2025-09-11,17.366548042704633,2.633451957295368,历史4/20次成功; 当前距低点2.63%; 最新日涨幅-0.55%; 状态bottom_area; 底部未确认
347,61.53703079799106,51.9590392292295,600850,电科数字,bottom_area,2026-06-11,18.26,2026-06-02,25.8,2026-06-11,18.13,0.7170435741864455,3.41974627688914,29.72868217054264,29.224806201550386,False,-3.8441284886782334,2.2129264823187613,8,24,8,33.33333333333333,29.734221747533645,33.97129186602872,1994-08-10; 1995-01-03; 1996-12-25; 1998-05-12; 2006-04-25; 2008-04-22; 2008-09-18; 2018-08-20,19.282956425813556,0.7170435741864455,历史8/24次成功; 当前距低点0.72%; 最新日涨幅-3.84%; 状态bottom_area; 底部未确认
348,61.49523858173112,51.91393067474339,600654,中安科,bottom_area,2026-06-11,2.85,2026-05-19,4.09,2026-06-11,2.83,0.7067137809187285,6.360424028268541,30.80684596577017,30.317848410757943,False,-6.25,3.663710718572903,5,21,5,23.809523809523807,73.34541849495714,157.57575757575756,1992-09-08; 1992-10-27; 1993-02-24; 1993-12-20; 1994-10-14,19.293286219081274,0.7067137809187285,历史5/21次成功; 当前距低点0.71%; 最新日涨幅-6.25%; 状态bottom_area; 底部未确认
349,61.48851779836217,54.463609876149974,603396,金辰股份,bottom_area,2026-06-11,29.12,2026-05-14,39.14,2026-06-10,28.18,3.335699077359834,3.7260468417317267,28.002043944813494,25.600408788962696,False,0.344589937973816,1.7375611340708523,1,5,1,20.0,31.661310605002114,31.661310605002114,2022-12-23,16.66430092264017,3.335699077359834,历史1/5次成功; 当前距低点3.34%; 最新日涨幅0.34%; 状态bottom_area; 底部未确认
350,61.419744852488954,52.61053841946265,002355,兴民智通,bottom_area,2026-06-11,4.73,2026-05-15,6.77,2026-06-11,4.66,1.5021459227467873,4.5064377682403425,31.166912850812402,30.132939438700134,False,-2.674897119341557,2.5493451053755547,2,13,2,15.384615384615385,31.6958662544372,42.253521126760575,2020-02-04; 2023-07-26,18.497854077253216,1.5021459227467873,历史2/13次成功; 当前距低点1.50%; 最新日涨幅-2.67%; 状态bottom_area; 底部未确认
351,61.372819475303764,52.637272177724036,300067,安诺其,bottom_area,2026-06-11,5.17,2026-05-20,7.37,2026-06-11,5.09,1.5717092337917498,4.518664047151286,30.936227951153327,29.85074626865672,False,-1.7110266159695797,3.9098602772782307,2,10,2,20.0,22.692307692307693,24.444444444444436,2012-07-17; 2024-10-11,18.428290766208253,1.5717092337917498,历史2/10次成功; 当前距低点1.57%; 最新日涨幅-1.71%; 状态bottom_area; 底部未确认
352,61.29023986756064,51.80865576272261,002291,遥望科技,bottom_area,2026-06-11,5.18,2026-05-15,7.05,2026-06-11,5.14,0.7782101167315182,4.474708171206234,27.092198581560282,26.52482269503546,False,-4.074074074074085,3.243445119882123,6,19,6,31.57894736842105,33.47666150213328,61.10375275938191,2015-06-23; 2015-06-30; 2018-02-09; 2020-02-03; 2020-02-28; 2025-01-24,19.221789883268485,0.7782101167315182,历史6/19次成功; 当前距低点0.78%; 最新日涨幅-4.07%; 状态bottom_area; 底部未确认
353,61.141309255723804,51.59387940282294,300207,欣旺达,bottom_area,2026-06-11,19.13,2026-05-06,28.28,2026-06-11,19.0,0.6842105263157842,3.0000000000000018,32.814710042432814,32.35502121640736,False,-2.298263534218592,2.310226545855825,3,10,3,30.0,24.375695714101777,27.828571428571436,2015-07-29; 2015-08-26; 2018-10-16,19.315789473684216,0.6842105263157842,历史3/10次成功; 当前距低点0.68%; 最新日涨幅-2.30%; 状态bottom_area; 底部未确认
354,60.80355243762628,54.450942481456366,600742,富维股份,bottom_area,2026-06-11,7.92,2026-04-17,10.54,2026-06-08,7.62,3.937007874015746,4.330708661417323,27.70398481973434,24.85768500948766,False,1.1494252873563093,0.8871314177762688,4,16,4,25.0,28.130755022646614,32.21153846153846,1998-08-18; 2008-04-03; 2008-04-22; 2020-06-29,16.062992125984255,3.937007874015746,历史4/16次成功; 当前距低点3.94%; 最新日涨幅1.15%; 状态bottom_area; 底部未确认
355,60.75303931412065,52.943137170829324,603709,中源家居,bottom_area,2026-06-11,15.09,2026-05-08,20.19,2026-06-11,14.73,2.443991853360485,3.3944331296673456,27.043090638930167,25.260029717682027,False,-1.178781925343808,1.2691303041902735,1,4,1,25.0,24.19590643274853,24.19590643274853,2025-09-23,17.556008146639517,2.443991853360485,历史1/4次成功; 当前距低点2.44%; 最新日涨幅-1.18%; 状态bottom_area; 底部未确认
356,60.700530793203825,51.389225432250015,300803,指南针,bottom_area,2026-06-11,78.37,2026-05-21,109.3,2026-06-11,77.7,0.8622908622908645,4.105534105534103,28.911253430924056,28.298261665141805,False,-2.4642190416925835,2.370224752598685,2,7,2,28.57142857142857,28.553563892405755,33.696275071633224,2020-03-02; 2020-11-02,19.137709137709138,0.8622908622908645,历史2/7次成功; 当前距低点0.86%; 最新日涨幅-2.46%; 状态bottom_area; 底部未确认
357,60.65240853457558,52.07835865246343,002487,大金重工,bottom_area,2026-06-11,58.48,2026-05-26,79.81,2026-06-11,57.54,1.6336461591936005,3.649635036496353,27.90377145721088,26.725974188698164,False,-1.9450033534540667,2.717443020983732,1,9,1,11.11111111111111,39.70588235294118,39.70588235294118,2024-02-05,18.3663538408064,1.6336461591936005,历史1/9次成功; 当前距低点1.63%; 最新日涨幅-1.95%; 状态bottom_area; 底部未确认
358,60.55676124712913,52.50854834964389,600233,圆通速递,bottom_area,2026-06-11,16.95,2026-04-23,22.86,2026-06-09,16.59,2.169981916817356,3.3755274261603296,27.42782152230971,25.853018372703414,False,-0.644783118405623,0.3739767568230819,3,13,3,23.076923076923077,22.66724258057775,26.027397260273965,2009-08-19; 2015-08-26; 2016-12-26,17.830018083182644,2.169981916817356,历史3/13次成功; 当前距低点2.17%; 最新日涨幅-0.64%; 状态bottom_area; 底部未确认
359,60.50795693420851,53.030864277026545,000858,五粮液,bottom_area,2026-06-11,79.79,2026-01-30,110.78,2026-06-11,77.65,2.7559562137797817,3.000643915003217,29.90612023831016,27.97436360353854,False,0.8213292898660685,0.9743493255651005,1,6,1,16.666666666666664,24.074074074074055,24.074074074074055,2006-03-31,17.24404378622022,2.7559562137797817,历史1/6次成功; 当前距低点2.76%; 最新日涨幅0.82%; 状态bottom_area; 底部未确认
360,60.455163190198874,51.47667360749608,300639,凯普生物,bottom_area,2026-06-11,5.16,2026-05-11,7.55,2026-06-11,5.1,1.176470588235304,3.137254901960787,32.450331125827816,31.655629139072843,False,-1.9011406844106404,1.2835731693239614,1,10,1,10.0,33.27433628318583,33.27433628318583,2024-02-05,18.823529411764696,1.176470588235304,历史1/10次成功; 当前距低点1.18%; 最新日涨幅-1.90%; 状态bottom_area; 底部未确认
361,60.45108198221245,54.441938731129845,605090,九丰能源,bottom_area,2026-06-11,36.33,2026-05-12,48.1,2026-06-11,34.85,4.246771879483491,5.509325681492114,27.546777546777545,24.469854469854475,False,1.4804469273743015,2.4736879107504084,1,3,1,33.33333333333333,30.490566037735846,30.490566037735846,2021-07-28,15.75322812051651,4.246771879483491,历史1/3次成功; 当前距低点4.25%; 最新日涨幅1.48%; 状态bottom_area; 底部未确认
362,60.23709382321027,52.494881912797666,301020,密封科技,bottom_area,2026-06-11,23.46,2026-05-25,32.88,2026-06-11,22.9,2.445414847161582,6.943231441048035,30.35279805352799,28.649635036496353,False,-4.556550040683471,4.107855191256831,1,3,1,33.33333333333333,30.629539951573843,30.629539951573843,2022-04-27,17.55458515283842,2.445414847161582,历史1/3次成功; 当前距低点2.45%; 最新日涨幅-4.56%; 状态bottom_area; 底部未确认
363,60.13523477006542,52.98448335757912,300963,中洲特材,bottom_area,2026-06-11,13.53,2026-05-14,18.4,2026-06-10,13.13,3.0464584920030355,6.397562833206397,28.64130434782608,26.467391304347824,False,1.0455563853622118,2.4544721994691727,1,5,1,20.0,20.163487738419626,20.163487738419626,2025-06-09,16.953541507996967,3.0464584920030355,历史1/5次成功; 当前距低点3.05%; 最新日涨幅1.05%; 状态bottom_area; 底部未确认
364,60.06617721195349,50.05514767662791,600839,四川长虹,bottom_area,2026-06-11,6.67,2026-04-20,9.88,2026-06-11,6.67,0.0,3.4482758620689715,32.48987854251013,32.48987854251013,False,-4.441260744985676,1.4967847762452915,4,16,4,25.0,41.022299336709146,89.25233644859811,1996-12-17; 1999-12-27; 2018-10-19; 2020-02-04,20.0,0.0,历史4/16次成功; 当前距低点0.00%; 最新日涨幅-4.44%; 状态bottom_area; 底部未确认
365,59.945561994619204,50.76391479662157,000601,韶能股份,bottom_area,2026-06-11,6.9,2026-06-03,9.89,2026-06-11,6.84,0.8771929824561476,3.947368421052638,30.839231547017192,30.23255813953488,False,-2.5423728813559254,6.508507518021614,5,18,5,27.77777777777778,27.093926624608244,32.73273273273273,2015-06-30; 2015-11-30; 2017-05-24; 2018-10-19; 2026-04-07,19.122807017543852,0.8771929824561476,历史5/18次成功; 当前距低点0.88%; 最新日涨幅-2.54%; 状态bottom_area; 底部未确认
366,59.897607198416786,52.35400281491906,603289,泰瑞机器,bottom_area,2026-06-11,9.05,2026-05-26,12.7,2026-06-11,8.82,2.6077097505668982,4.6485260770975065,30.551181102362197,28.74015748031495,False,-2.056277056277056,2.135396518375242,2,10,2,20.0,33.86871530221285,40.702947845804985,2022-04-25; 2022-12-23,17.392290249433103,2.6077097505668982,历史2/10次成功; 当前距低点2.61%; 最新日涨幅-2.06%; 状态bottom_area; 底部未确认
367,59.893320899979194,51.01800016177664,000788,北大医药,bottom_area,2026-06-11,5.07,2026-04-16,6.99,2026-06-11,5.01,1.1976047904191716,3.193612774451101,28.326180257510735,27.467811158798284,False,-1.3618677042801397,1.7235767561931268,3,21,3,14.285714285714285,21.78170014402955,23.809523809523807,2001-02-26; 2008-03-18; 2018-02-09,18.80239520958083,1.1976047904191716,历史3/21次成功; 当前距低点1.20%; 最新日涨幅-1.36%; 状态bottom_area; 底部未确认
368,59.879179886341674,50.49271385010432,600059,古越龙山,bottom_area,2026-06-11,7.8,2026-01-29,10.89,2026-06-11,7.75,0.6451612903225784,2.1935483870967736,28.833792470156112,28.374655647382923,False,-1.6393442622950838,0.8830417330926812,1,6,1,16.666666666666664,46.86567164179104,46.86567164179104,2020-12-28,19.35483870967742,0.6451612903225784,历史1/6次成功; 当前距低点0.65%; 最新日涨幅-1.64%; 状态bottom_area; 底部未确认
369,59.87139296755029,50.69968001956626,300369,绿盟科技,bottom_area,2026-06-11,5.76,2026-05-08,8.08,2026-06-11,5.71,0.8756567425569146,4.903677758318743,29.33168316831683,28.712871287128717,False,-4.318936877076407,2.6342978645942,2,6,2,33.33333333333333,24.90776375947682,26.689189189189182,2016-03-01; 2024-06-06,19.124343257443087,0.8756567425569146,历史2/6次成功; 当前距低点0.88%; 最新日涨幅-4.32%; 状态bottom_area; 底部未确认
370,59.64107408230694,50.94848686098923,688333,铂力特,bottom_area,2026-06-11,74.12,2026-06-04,102.95,2026-06-11,73.13,1.3537535894981665,5.27827157117462,28.965517241379317,28.003885381253035,False,-4.779033915724562,5.153064402981297,1,6,1,16.666666666666664,28.378378378378372,28.378378378378372,2020-02-03,18.646246410501835,1.3537535894981665,历史1/6次成功; 当前距低点1.35%; 最新日涨幅-4.78%; 状态bottom_area; 底部未确认
371,59.40643910215156,51.31453211481529,603900,莱绅通灵,bottom_area,2026-06-11,6.24,2026-04-30,8.45,2026-06-11,6.12,1.960784313725492,2.9411764705882306,27.573964497041416,26.153846153846143,False,-0.952380952380949,1.4731396422205427,1,5,1,20.0,20.350109409190363,20.350109409190363,2024-06-06,18.03921568627451,1.960784313725492,历史1/5次成功; 当前距低点1.96%; 最新日涨幅-0.95%; 状态bottom_area; 底部未确认
372,59.3858135376617,50.38945271200599,600686,金龙汽车,bottom_area,2026-06-11,12.3,2026-04-27,17.65,2026-06-10,12.18,0.9852216748768554,4.43349753694582,30.991501416430587,30.311614730878176,False,-2.4583663758921404,1.6621355347509594,5,21,5,23.809523809523807,35.00279588971569,54.365079365079374,1994-03-11; 2000-09-22; 2007-05-24; 2008-09-18; 2024-02-06,19.014778325123146,0.9852216748768554,历史5/21次成功; 当前距低点0.99%; 最新日涨幅-2.46%; 状态bottom_area; 底部未确认
373,59.37110002555249,50.813701250919785,603716,塞力医疗,bottom_area,2026-06-11,15.32,2026-05-19,22.0,2026-06-11,15.1,1.4569536423841103,3.509933774834445,31.363636363636367,30.363636363636363,False,-2.0460358056266004,2.5209618728065917,1,9,1,11.11111111111111,30.740740740740748,30.740740740740748,2025-04-09,18.543046357615893,1.4569536423841103,历史1/9次成功; 当前距低点1.46%; 最新日涨幅-2.05%; 状态bottom_area; 底部未确认
374,59.35540849017834,50.316986789162165,603686,福龙马,bottom_area,2026-06-11,14.04,2026-05-08,20.28,2026-06-11,13.91,0.9345794392523292,3.306973400431338,31.410256410256416,30.769230769230777,False,-2.160278745644606,2.2748456091000504,3,11,3,27.27272727272727,26.488810858862294,29.942693409742116,2015-02-10; 2019-05-24; 2024-02-06,19.065420560747672,0.9345794392523292,历史3/11次成功; 当前距低点0.93%; 最新日涨幅-2.16%; 状态bottom_area; 底部未确认
375,59.35393285011451,50.30383627776733,600120,浙江东方,bottom_area,2026-06-11,4.38,2026-04-24,6.02,2026-06-11,4.34,0.9216589861751161,4.838709677419354,27.906976744186046,27.242524916943516,False,-3.0973451327433565,1.0137608160728016,4,14,4,28.57142857142857,33.660930386886456,44.736842105263165,2009-03-03; 2011-01-25; 2018-02-07; 2020-02-04,19.078341013824883,0.9216589861751161,历史4/14次成功; 当前距低点0.92%; 最新日涨幅-3.10%; 状态bottom_area; 底部未确认
376,59.2438038964422,50.81801845339265,600375,汉马科技,bottom_area,2026-06-11,3.86,2026-05-06,5.42,2026-06-11,3.8,1.578947368421054,4.210526315789478,29.88929889298893,28.782287822878228,False,-2.5252525252525304,1.2262305568234977,2,14,2,14.285714285714285,25.38105159274082,28.688524590163926,2020-02-04; 2022-04-27,18.421052631578945,1.578947368421054,历史2/14次成功; 当前距低点1.58%; 最新日涨幅-2.53%; 状态bottom_area; 底部未确认
377,58.346137956665565,49.98666576673864,300365,恒华科技,bottom_area,2026-06-11,4.7,2026-05-19,6.59,2026-06-11,4.63,1.5118790496760321,5.183585313174951,29.74203338391502,28.679817905918053,False,-2.8925619834710647,2.599132376346836,1,7,1,14.285714285714285,20.0892857142857,20.0892857142857,2024-04-16,18.488120950323967,1.5118790496760321,历史1/7次成功; 当前距低点1.51%; 最新日涨幅-2.89%; 状态bottom_area; 底部未确认
378,58.201490459340334,49.262751701953775,000721,西安饮食,bottom_area,2026-06-11,5.93,2026-04-16,8.38,2026-06-11,5.88,0.8503401360544187,3.571428571428571,29.832935560859198,29.236276849642014,False,-2.1452145214521434,1.8130600230672627,8,33,8,24.242424242424242,26.353926034735903,39.05429071803854,2005-07-18; 2008-04-03; 2009-08-19; 2015-08-04; 2015-08-27; 2015-09-16; 2022-04-28; 2023-10-23,19.14965986394558,0.8503401360544187,历史8/33次成功; 当前距低点0.85%; 最新日涨幅-2.15%; 状态bottom_area; 底部未确认
379,58.19861621230259,48.95287860127011,002121,科陆电子,bottom_area,2026-06-11,5.93,2026-05-28,8.78,2026-06-11,5.9,0.5084745762711755,5.423728813559311,32.8018223234624,32.46013667425968,False,-4.815409309791341,2.813851450332859,2,11,2,18.181818181818183,43.84369842954653,54.0059347181009,2011-08-09; 2025-04-09,19.491525423728824,0.5084745762711755,历史2/11次成功; 当前距低点0.51%; 最新日涨幅-4.82%; 状态bottom_area; 底部未确认
380,58.007089590663284,50.06152251154668,300712,永福股份,bottom_area,2026-06-11,20.25,2026-04-21,29.33,2026-06-11,19.87,1.9124308002013035,3.7242073477604345,32.25366518922604,30.958063416297303,False,-1.4118792599805197,1.1991028617305097,1,7,1,14.285714285714285,25.401730531520393,25.401730531520393,2024-08-09,18.087569199798697,1.9124308002013035,历史1/7次成功; 当前距低点1.91%; 最新日涨幅-1.41%; 状态bottom_area; 底部未确认
381,57.797201918601004,48.86090038609051,600754,锦江酒店,bottom_area,2026-06-11,19.29,2026-04-30,27.42,2026-06-11,19.14,0.783699059561121,2.351097178683382,30.19693654266959,29.649890590809637,False,-1.581632653061238,0.8764805519599109,2,10,2,20.0,32.56846366607461,36.62477558348294,2008-04-22; 2009-09-02,19.21630094043888,0.783699059561121,历史2/10次成功; 当前距低点0.78%; 最新日涨幅-1.58%; 状态bottom_area; 底部未确认
382,57.52735136161892,48.74128519657355,600775,南京熊猫,bottom_area,2026-06-11,10.03,2026-05-19,13.7,2026-06-11,9.94,0.9054325955734392,3.319919517102617,27.44525547445256,26.78832116788321,False,-2.4319066147859947,1.8680530675328533,4,21,4,19.047619047619047,35.48108085102427,44.15584415584415,1997-07-08; 2020-02-04; 2022-04-27; 2025-04-09,19.094567404426563,0.9054325955734392,历史4/21次成功; 当前距低点0.91%; 最新日涨幅-2.43%; 状态bottom_area; 底部未确认
383,57.39219868710144,48.143566227590604,000905,厦门港务,bottom_area,2026-06-11,8.36,2026-05-14,11.86,2026-06-11,8.33,0.3601440576230415,2.761104441776716,29.76391231028667,29.510961214165267,False,-1.992966002344665,1.1074165649216015,1,11,1,9.090909090909092,47.156227501799854,47.156227501799854,2008-03-18,19.63985594237696,0.3601440576230415,历史1/11次成功; 当前距低点0.36%; 最新日涨幅-1.99%; 状态bottom_area; 底部未确认
384,57.34086604338706,49.401361514302685,688408,中信博,bottom_area,2026-06-11,29.12,2026-05-20,40.62,2026-06-10,28.6,1.8181818181818168,5.7342657342657235,29.591334318069904,28.311176760216632,False,-2.281879194630876,1.5630913001171345,1,7,1,14.285714285714285,20.697167755991288,20.697167755991288,2022-04-27,18.181818181818183,1.8181818181818168,历史1/7次成功; 当前距低点1.82%; 最新日涨幅-2.28%; 状态bottom_area; 底部未确认
385,57.31911416009612,48.62346553644587,688161,威高骨科,bottom_area,2026-06-11,21.83,2026-04-23,32.18,2026-06-11,21.62,0.9713228492136785,3.191489361702117,32.81541330018645,32.16283405842139,False,-1.710941017559664,0.288225,1,5,1,20.0,33.591836734693864,33.591836734693864,2024-02-06,19.028677150786322,0.9713228492136785,历史1/5次成功; 当前距低点0.97%; 最新日涨幅-1.71%; 状态bottom_area; 底部未确认
386,57.18813409880633,50.5201898919077,300015,爱尔眼科,bottom_area,2026-06-11,8.41,2026-04-24,11.29,2026-06-09,8.15,3.190184049079752,5.644171779141092,27.81222320637732,25.50930026572187,False,1.9393939393939519,1.4922948550477733,1,7,1,14.285714285714285,21.05734767025089,21.05734767025089,2015-08-26,16.80981595092025,3.190184049079752,历史1/7次成功; 当前距低点3.19%; 最新日涨幅1.94%; 状态bottom_area; 底部未确认
387,57.15276275364057,50.693805774278225,601975,招商南油,bottom_area,2026-06-11,3.94,2026-06-01,5.22,2026-06-11,3.81,3.4120734908136456,6.299212598425191,27.011494252873558,24.521072796934863,False,-1.5000000000000013,4.037933370692583,1,3,1,33.33333333333333,22.580645161290334,22.580645161290334,2020-02-04,16.587926509186357,3.4120734908136456,历史1/3次成功; 当前距低点3.41%; 最新日涨幅-1.50%; 状态bottom_area; 底部未确认
388,57.134171188329866,48.10842406148011,601595,上海电影,bottom_area,2026-06-11,17.76,2026-04-21,25.9,2026-06-11,17.66,0.5662514156285471,3.850509626274064,31.814671814671808,31.428571428571416,False,-3.215258855585834,1.0286479250334672,2,8,2,25.0,25.239125210286,27.67123287671234,2020-02-04; 2020-07-31,19.433748584371454,0.5662514156285471,历史2/8次成功; 当前距低点0.57%; 最新日涨幅-3.22%; 状态bottom_area; 底部未确认
389,57.06433029815313,52.03798821104064,601865,福莱特,bottom_area,2026-06-11,10.85,2026-04-20,15.09,2026-06-09,10.34,4.9323017408123775,7.640232108317225,31.477799867461897,28.09807819748178,True,-0.91324200913242,1.177122674425199,1,3,1,33.33333333333333,39.24894003634159,39.24894003634159,2022-04-26,15.067698259187623,4.9323017408123775,历史1/3次成功; 当前距低点4.93%; 最新日涨幅-0.91%; 状态bottom_area; 底部已确认
390,56.910616073960654,48.10074074074075,002546,新联电子,bottom_area,2026-06-11,6.53,2026-05-14,8.9,2026-06-11,6.48,0.7716049382716021,3.0864197530864086,27.191011235955052,26.62921348314607,False,-1.9519519519519468,1.3991326444398964,1,10,1,10.0,70.3703703703704,70.3703703703704,2025-04-09,19.2283950617284,0.7716049382716021,历史1/10次成功; 当前距低点0.77%; 最新日涨幅-1.95%; 状态bottom_area; 底部未确认
391,56.90692539821722,49.63046668327763,002923,润都股份,bottom_area,2026-06-11,9.89,2026-04-28,13.79,2026-06-10,9.65,2.4870466321243545,4.145077720207258,30.021754894851334,28.281363306744005,False,-0.40281973816715944,1.785769606072132,1,6,1,16.666666666666664,24.969173859432807,24.969173859432807,2022-05-27,17.512953367875646,2.4870466321243545,历史1/6次成功; 当前距低点2.49%; 最新日涨幅-0.40%; 状态bottom_area; 底部未确认
392,56.8969781470514,49.93600747079008,300577,开润股份,bottom_area,2026-06-11,15.61,2026-05-07,22.36,2026-06-11,15.18,2.8326745718050046,3.8208168642951255,32.11091234347048,30.18783542039356,False,-0.19181585677749968,1.1877764005738278,1,5,1,20.0,23.626373626373624,23.626373626373624,2022-04-28,17.167325428194996,2.8326745718050046,历史1/5次成功; 当前距低点2.83%; 最新日涨幅-0.19%; 状态bottom_area; 底部未确认
393,56.6732711538102,50.54573225624951,301315,威士顿,bottom_area,2026-06-11,39.1,2026-05-11,53.5,2026-06-11,37.7,3.7135278514588816,4.668435013262593,29.532710280373824,26.915887850467286,False,-0.9875917953912405,4.001351351351351,1,4,1,25.0,26.868686868686865,26.868686868686865,2024-01-31,16.28647214854112,3.7135278514588816,历史1/4次成功; 当前距低点3.71%; 最新日涨幅-0.99%; 状态bottom_area; 底部未确认
394,56.643268397829814,51.518573718614405,002386,天原股份,bottom_area,2026-06-11,5.69,2026-04-30,7.44,2026-06-10,5.43,4.788213627992646,5.340699815837938,27.016129032258075,23.521505376344084,False,0.8865248226950451,1.4878079440373857,2,12,2,16.666666666666664,40.855022170811644,48.85290148448042,2022-04-27; 2024-02-06,15.211786372007355,4.788213627992646,历史2/12次成功; 当前距低点4.79%; 最新日涨幅0.89%; 状态bottom_area; 底部未确认
395,56.58672917062167,51.433642149929305,603896,寿仙谷,bottom_area,2026-06-11,15.87,2026-03-04,22.35,2026-05-29,15.15,4.752475247524745,5.610561056105609,32.214765100671144,28.99328859060403,False,0.6341154090044432,0.909737925424883,1,4,1,25.0,21.90476190476191,21.90476190476191,2022-04-27,15.247524752475256,4.752475247524745,历史1/4次成功; 当前距低点4.75%; 最新日涨幅0.63%; 状态bottom_area; 底部未确认
396,55.89795496091662,50.135834362825996,603016,新宏泰,bottom_area,2026-06-11,37.24,2026-05-21,51.23,2026-06-10,35.8,4.022346368715097,14.245810055865926,30.119070856919777,27.308217841108718,True,-1.4293276866066629,4.308247840172786,1,6,1,16.666666666666664,37.31245923026745,37.31245923026745,2019-01-31,15.977653631284905,4.022346368715097,历史1/6次成功; 当前距低点4.02%; 最新日涨幅-1.43%; 状态bottom_area; 底部已确认
397,55.73886357381152,47.23632506255213,688176,亚虹医药,bottom_area,2026-06-11,9.9,2026-04-15,14.59,2026-06-10,9.81,0.917431192660549,3.058103975535157,32.76216586703221,32.145305003427,False,-1.7857142857142794,1.245231947936977,1,5,1,20.0,25.473484848484844,25.473484848484844,2022-04-27,19.082568807339452,0.917431192660549,历史1/5次成功; 当前距低点0.92%; 最新日涨幅-1.79%; 状态bottom_area; 底部未确认
398,55.738473693960124,50.57229738058551,300902,国安达,bottom_area,2026-06-11,14.39,2026-05-25,19.0,2026-06-11,13.75,4.654545454545459,6.6909090909090905,27.631578947368425,24.26315789473684,False,1.3380281690140938,3.361662358443105,1,5,1,20.0,26.906779661016937,26.906779661016937,2025-04-09,15.345454545454542,4.654545454545459,历史1/5次成功; 当前距低点4.65%; 最新日涨幅1.34%; 状态bottom_area; 底部未确认
399,55.60410259038569,47.191482634471186,002163,海南发展,bottom_area,2026-06-11,9.11,2026-05-13,13.15,2026-06-11,9.02,0.9977827050997766,3.104212860310434,31.406844106463883,30.722433460076054,False,-1.9375672766415497,2.39605826729977,3,15,3,20.0,26.217350548917622,32.54716981132074,2015-09-08; 2016-03-01; 2024-02-06,19.002217294900227,0.9977827050997766,历史3/15次成功; 当前距低点1.00%; 最新日涨幅-1.94%; 状态bottom_area; 底部未确认
400,55.06611307040415,46.503254237288125,600399,抚顺特钢,bottom_area,2026-06-11,4.16,2026-04-20,6.09,2026-06-11,4.13,0.7263922518159867,2.6634382566586035,32.18390804597701,31.691297208538582,False,-1.654846335697402,1.8358298260737285,1,10,1,10.0,40.85714285714285,40.85714285714285,2014-07-24,19.273607748184016,0.7263922518159867,历史1/10次成功; 当前距低点0.73%; 最新日涨幅-1.65%; 状态bottom_area; 底部未确认
401,54.89510707660252,47.64737251655627,003007,直真科技,bottom_area,2026-06-11,38.59,2026-05-22,54.34,2026-06-11,37.75,2.2251655629139164,3.761589403973514,30.52999631947001,28.98417372101583,False,-2.0060944641950185,2.806260557255599,1,8,1,12.5,20.124999999999993,20.124999999999993,2025-04-09,17.774834437086085,2.2251655629139164,历史1/8次成功; 当前距低点2.23%; 最新日涨幅-2.01%; 状态bottom_area; 底部未确认
402,54.274478176984,45.87068800764454,601007,金陵饭店,bottom_area,2026-06-11,6.55,2026-04-22,9.08,2026-06-11,6.5,0.7692307692307665,2.923076923076929,28.41409691629956,27.863436123348016,False,-2.3845007451564815,1.572051282051282,1,7,1,14.285714285714285,28.69565217391305,28.69565217391305,2020-02-04,19.230769230769234,0.7692307692307665,历史1/7次成功; 当前距低点0.77%; 最新日涨幅-2.38%; 状态bottom_area; 底部未确认
403,53.76882538127081,45.408936654260714,300492,华图山鼎,bottom_area,2026-06-11,35.98,2026-05-25,49.35,2026-06-11,35.72,0.727883538633813,3.5554311310190454,27.61904761904762,27.09219858156029,False,-2.835538752362965,1.095834865927473,1,8,1,12.5,29.575328614762377,29.575328614762377,2020-02-04,19.27211646136619,0.727883538633813,历史1/8次成功; 当前距低点0.73%; 最新日涨幅-2.84%; 状态bottom_area; 底部未确认
404,51.686025370190755,43.68106216977,600513,联环药业,bottom_area,2026-06-11,15.77,2026-05-14,21.88,2026-06-11,15.65,0.7667731629392921,2.811501597444086,28.47349177330895,27.925045703839118,False,-1.9278606965174028,2.301823362170341,2,16,2,12.5,20.76239237242789,20.901639344262303,2005-04-28; 2012-06-28,19.23322683706071,0.7667731629392921,历史2/16次成功; 当前距低点0.77%; 最新日涨幅-1.93%; 状态bottom_area; 底部未确认
405,48.90450495758116,43.992853086841436,301078,孩子王,bottom_area,2026-06-11,7.47,2026-05-26,9.89,2026-06-11,7.17,4.18410041841004,6.276150627615065,27.502527805864514,24.46916076845299,False,-1.3210039630118908,2.512425993275846,1,8,1,12.5,24.489795918367328,24.489795918367328,2024-06-24,15.815899581589962,4.18410041841004,历史1/8次成功; 当前距低点4.18%; 最新日涨幅-1.32%; 状态bottom_area; 底部未确认
