rank,rank_score,probability_score,code,name,current_stage,latest_date,latest_close,current_top_date,current_top_price,current_low_date,current_low_price,current_low_to_latest_pct,current_low_to_high_pct,current_drawdown_pct,close_drawdown_pct,current_is_bottom_confirmed,latest_pct_chg,latest_turn,historical_valid_event_count,history_sample_count,history_success_count,history_success_rate_pct,history_avg_rebound_pct,history_max_rebound_pct,history_success_dates,upside_to_20pct_target_pct,risk_back_to_low_pct,reason
1,87.73118378765207,77.71060568603214,002990,盛视科技,bottom_area,2024-01-24,25.08,2023-12-15,35.66,2024-01-24,24.27,3.3374536464771274,4.202719406674905,31.940549635445876,29.669097027481772,False,0.48076923076922906,3.177615110055434,1,1,1,100.0,33.33333333333333,33.33333333333333,2022-04-27,16.662546353522874,3.3374536464771274,历史1/1次成功; 当前距低点3.34%; 最新日涨幅0.48%; 状态bottom_area; 底部未确认
2,87.7026612392003,77.90753464785216,688136,科兴制药,bottom_area,2024-01-24,17.18,2024-01-08,22.82,2024-01-24,16.6,3.493975903614447,7.289156626506007,27.25679228746713,24.715162138475026,False,-2.552467385138968,1.2895438818233316,2,2,2,100.0,42.117202731683314,60.65012831479899,2021-01-14; 2022-04-27,16.506024096385556,3.493975903614447,历史2/2次成功; 当前距低点3.49%; 最新日涨幅-2.55%; 状态bottom_area; 底部未确认
3,87.48253107268569,79.87535445766954,002666,德联集团,bottom_area,2024-01-24,4.41,2024-01-03,5.86,2024-01-23,4.2,4.999999999999999,5.952380952380952,28.327645051194537,24.74402730375427,False,1.8475750577367167,1.8942297234522196,3,3,3,100.0,32.018034718653496,51.275510204081634,2014-12-10; 2015-06-30; 2022-04-27,15.000000000000002,4.999999999999999,历史3/3次成功; 当前距低点5.00%; 最新日涨幅1.85%; 状态bottom_area; 底部未确认
4,84.60928337525229,76.57934066349912,603566,普莱柯,bottom_area,2024-01-24,16.88,2024-01-02,22.85,2024-01-24,16.15,4.52012383900929,5.139318885448929,29.321663019693666,26.126914660831517,False,0.4761904761904745,0.9951387231006881,2,2,2,100.0,25.081844174410296,29.16368834882059,2018-02-09; 2020-02-04,15.47987616099071,4.52012383900929,历史2/2次成功; 当前距低点4.52%; 最新日涨幅0.48%; 状态bottom_area; 底部未确认
5,84.56111616508171,76.98140827353375,688403,汇成股份,bottom_area,2024-01-24,8.45,2023-11-15,11.65,2024-01-24,8.06,4.83870967741934,4.962779156327548,30.81545064377682,27.467811158798295,False,1.93003618817853,0.8201217769555352,2,2,2,100.0,31.148743752956115,31.53638814016172,2022-10-11; 2023-05-10,15.161290322580662,4.83870967741934,历史2/2次成功; 当前距低点4.84%; 最新日涨幅1.93%; 状态bottom_area; 底部未确认
6,83.78657743561926,74.79083019414881,001332,锡装股份,bottom_area,2024-01-24,28.7,2024-01-12,37.98,2024-01-24,27.66,3.7599421547360774,4.736080983369482,27.172195892575036,24.43391258557135,False,-0.10442046641142566,1.6952632326917652,2,2,2,100.0,28.620958639500337,31.086142322097377,2022-10-11; 2022-12-23,16.240057845263923,3.7599421547360774,历史2/2次成功; 当前距低点3.76%; 最新日涨幅-0.10%; 状态bottom_area; 底部未确认
7,83.44030023290647,75.04904107170002,301130,西点药业,bottom_area,2024-01-24,23.2,2023-11-23,32.16,2024-01-24,22.27,4.176021553659631,5.343511450381685,30.752487562189053,27.86069651741293,False,1.0452961672473782,1.4451669611485756,3,4,3,75.0,33.46973233356975,48.044909020518794,2022-02-24; 2022-05-19; 2022-10-11,15.82397844634037,4.176021553659631,历史3/4次成功; 当前距低点4.18%; 最新日涨幅1.05%; 状态bottom_area; 底部未确认
8,83.35709084553102,74.72290584223121,688337,普源精电,bottom_area,2024-01-24,35.95,2023-11-16,50.68,2024-01-24,34.57,3.9919004917558647,6.7399479317327105,31.787687450670877,29.064719810576157,False,-0.5257332595462016,0.4115815294754148,2,2,2,100.0,31.09913421201392,33.36842105263158,2022-04-12; 2023-10-26,16.008099508244136,3.9919004917558647,历史2/2次成功; 当前距低点3.99%; 最新日涨幅-0.53%; 状态bottom_area; 底部未确认
9,83.32338534819702,72.9220943685035,301263,泰恩康,bottom_area,2024-01-24,14.19,2023-11-17,20.5,2024-01-23,13.82,2.6772793053545527,4.558610709117214,32.58536585365854,30.780487804878053,False,0.0705218617771397,0.6657639732691811,2,3,2,66.66666666666666,38.385078054006485,47.88621098380087,2022-04-01; 2022-10-12,17.32272069464545,2.6772793053545527,历史2/3次成功; 当前距低点2.68%; 最新日涨幅0.07%; 状态bottom_area; 底部未确认
10,83.27393403061392,74.69311755015022,688296,和达科技,bottom_area,2024-01-24,13.44,2024-01-02,18.26,2024-01-24,12.92,4.024767801857582,5.26315789473684,29.244249726177447,26.396495071193876,False,0.07446016381236209,1.8462993395328062,1,1,1,100.0,25.535420098846778,25.535420098846778,2022-10-11,15.97523219814242,4.024767801857582,历史1/1次成功; 当前距低点4.02%; 最新日涨幅0.07%; 状态bottom_area; 底部未确认
11,82.47854539049956,74.26770295259318,688155,先惠技术,bottom_area,2024-01-24,45.75,2023-12-06,62.35,2024-01-24,43.89,4.237867395762131,5.969469127363858,29.607056936647957,26.623897353648758,False,-0.23986044483209623,0.2818026598499766,2,2,2,100.0,31.66688502650995,38.11460912628228,2021-01-13; 2022-04-27,15.76213260423787,4.237867395762131,历史2/2次成功; 当前距低点4.24%; 最新日涨幅-0.24%; 状态bottom_area; 底部未确认
12,82.27127804339919,72.24163491188779,688378,奥来德,bottom_area,2024-01-24,33.81,2024-01-02,48.68,2024-01-24,32.87,2.85975053240038,6.4800730149072185,32.47740345110929,30.546425636811826,False,-2.7330264672036697,0.7327338826051295,1,1,1,100.0,20.547667342799194,20.547667342799194,2023-03-02,17.140249467599624,2.85975053240038,历史1/1次成功; 当前距低点2.86%; 最新日涨幅-2.73%; 状态bottom_area; 底部未确认
13,82.0708043859057,74.03526908299524,688380,中微半导,bottom_area,2024-01-24,18.04,2023-12-29,24.06,2024-01-24,17.29,4.3377674956622325,5.78368999421631,28.13798836242726,25.020781379883623,False,0.0,0.5734017708840683,1,1,1,100.0,25.835370823145887,25.835370823145887,2022-10-11,15.66223250433777,4.3377674956622325,历史1/1次成功; 当前距低点4.34%; 最新日涨幅0.00%; 状态bottom_area; 底部未确认
14,81.93434251758259,74.42163698325409,688009,中国通号,bottom_area,2024-01-24,4.22,2023-08-30,5.77,2024-01-23,4.03,4.7146401985111535,4.962779156327548,30.155979202772954,26.8630849220104,False,4.197530864197518,0.3100190674984806,1,1,1,100.0,32.532347504621065,32.532347504621065,2020-02-03,15.285359801488848,4.7146401985111535,历史1/1次成功; 当前距低点4.71%; 最新日涨幅4.20%; 状态bottom_area; 底部未确认
15,81.85446686192401,72.28662869085198,688037,芯源微,bottom_area,2024-01-24,104.08,2023-12-27,138.38,2024-01-24,100.88,3.172085646312454,7.3354480570975475,27.099291805174158,24.786818904465964,False,-2.4189011813238293,1.3655888542811527,6,8,6,75.0,28.784860023894502,37.324937574639016,2020-03-23; 2020-04-28; 2021-08-04; 2021-09-03; 2022-04-27; 2022-10-12,16.827914353687547,3.172085646312454,历史6/8次成功; 当前距低点3.17%; 最新日涨幅-2.42%; 状态bottom_area; 底部未确认
16,81.40724160996352,72.87059167482171,300395,菲利华,bottom_area,2024-01-24,27.35,2024-01-02,38.05,2024-01-24,26.32,3.913373860182375,5.965045592705168,30.827858081471742,28.1208935611038,False,-0.833937635968085,1.5220951513720558,4,5,4,80.0,30.177871376545944,45.51181102362204,2015-06-30; 2015-08-26; 2016-01-29; 2020-02-04,16.086626139817625,3.913373860182375,历史4/5次成功; 当前距低点3.91%; 最新日涨幅-0.83%; 状态bottom_area; 底部未确认
17,80.86395246878676,71.94257602862253,300719,安达维尔,bottom_area,2024-01-24,11.58,2024-01-16,15.48,2024-01-24,11.18,3.577817531305907,6.529516994633278,27.77777777777778,25.1937984496124,False,-0.8561643835616417,4.541270951399029,1,1,1,100.0,27.741935483870968,27.741935483870968,2020-02-04,16.422182468694093,3.577817531305907,历史1/1次成功; 当前距低点3.58%; 最新日涨幅-0.86%; 状态bottom_area; 底部未确认
18,80.1900238868506,71.45979430017793,688183,生益电子,bottom_area,2024-01-24,8.48,2024-01-02,11.46,2024-01-24,8.18,3.6674816625916957,5.5012224938875445,28.62129144851659,26.003490401396164,False,-0.46948356807510194,0.41601489803387914,1,1,1,100.0,26.24544349939247,26.24544349939247,2022-04-27,16.332518337408306,3.6674816625916957,历史1/1次成功; 当前距低点3.67%; 最新日涨幅-0.47%; 状态bottom_area; 底部未确认
19,79.72938921519521,69.69154361046235,688103,国力电子,bottom_area,2024-01-24,36.95,2023-12-29,49.79,2024-01-23,36.01,2.6103860038878226,7.7478478200499845,27.67624020887729,25.788310905804373,True,-3.0183727034120644,1.308285376386853,2,3,2,66.66666666666666,43.69116684225759,57.609964966913196,2022-04-27; 2023-10-24,17.38961399611218,2.6103860038878226,历史2/3次成功; 当前距低点2.61%; 最新日涨幅-3.02%; 状态bottom_area; 底部已确认
20,79.6791626071659,71.37055882744836,603075,热威股份,bottom_area,2024-01-24,20.53,2024-01-10,28.05,2024-01-24,19.75,3.9493670886076004,5.518987341772151,29.590017825311943,26.809269162210335,False,-0.24295432458696364,7.597508984259019,1,1,1,100.0,29.221052631578953,29.221052631578953,2023-10-23,16.050632911392402,3.9493670886076004,历史1/1次成功; 当前距低点3.95%; 最新日涨幅-0.24%; 状态bottom_area; 底部未确认
21,79.64800684601683,72.33901313167463,300267,尔康制药,bottom_area,2024-01-24,2.89,2023-11-20,3.93,2024-01-23,2.76,4.710144927536245,4.710144927536245,29.770992366412223,26.463104325699742,False,1.760563380281699,1.0173361434874721,3,4,3,75.0,25.447008421813305,32.64653641207817,2015-06-30; 2015-07-03; 2015-08-25,15.289855072463757,4.710144927536245,历史3/4次成功; 当前距低点4.71%; 最新日涨幅1.76%; 状态bottom_area; 底部未确认
22,79.62372057916505,72.61345860082788,605158,华达新材,bottom_area,2024-01-24,7.23,2024-01-09,9.59,2024-01-24,6.89,4.93468795355589,4.93468795355589,28.15432742440042,24.608967674661102,False,2.844950213371278,1.7809041492315512,1,1,1,100.0,25.5083179297597,25.5083179297597,2022-04-27,15.065312046444113,4.93468795355589,历史1/1次成功; 当前距低点4.93%; 最新日涨幅2.84%; 状态bottom_area; 底部未确认
23,78.84498029285793,70.71327852998066,688160,步科股份,bottom_area,2024-01-24,43.48,2024-01-12,58.8,2024-01-24,41.8,4.019138755980861,6.818181818181822,28.91156462585034,26.054421768707485,False,-1.0693970420933008,1.1603814855625882,1,1,1,100.0,26.542553191489354,26.542553191489354,2022-04-27,15.98086124401914,4.019138755980861,历史1/1次成功; 当前距低点4.02%; 最新日涨幅-1.07%; 状态bottom_area; 底部未确认
24,78.6081900512243,71.7118212765824,605398,新炬网络,bottom_area,2024-01-24,24.79,2023-12-07,33.52,2024-01-24,23.62,4.95342929720575,5.292125317527519,29.5346062052506,26.044152744630082,False,0.6904955320877315,0.8181105461783195,1,1,1,100.0,20.890538033395174,20.890538033395174,2022-04-27,15.046570702794252,4.95342929720575,历史1/1次成功; 当前距低点4.95%; 最新日涨幅0.69%; 状态bottom_area; 底部未确认
25,78.35236043276873,69.40096951524238,300294,博雅生物,bottom_area,2024-01-24,27.57,2023-12-01,36.64,2024-01-24,26.68,3.3358320839580227,6.709145427286353,27.183406113537117,24.754366812227076,False,-2.3379383634431483,1.8404407112715393,2,3,2,66.66666666666666,68.25544659170647,95.09594882729212,2012-12-04; 2022-04-25,16.66416791604198,3.3358320839580227,历史2/3次成功; 当前距低点3.34%; 最新日涨幅-2.34%; 状态bottom_area; 底部未确认
26,77.94514868182694,68.46087690957555,688609,九联科技,bottom_area,2024-01-24,10.38,2024-01-15,14.38,2024-01-23,10.09,2.8741328047571946,7.0366699702676,29.833101529902645,27.816411682892905,True,-0.4793863854266389,5.63262,2,3,2,66.66666666666666,30.092650740619796,30.853994490358133,2021-06-16; 2022-04-27,17.125867195242805,2.8741328047571946,历史2/3次成功; 当前距低点2.87%; 最新日涨幅-0.48%; 状态bottom_area; 底部已确认
27,77.91379674962599,70.79896640826873,300607,拓斯达,bottom_area,2024-01-24,12.16,2023-12-13,16.71,2024-01-24,11.61,4.73729543496986,6.201550387596905,30.520646319569128,27.22920406941951,False,0.08230452674897748,2.636004576396834,3,5,3,60.0,54.43447706105011,89.30666666666666,2020-02-04; 2022-04-26; 2022-10-11,15.262704565030141,4.73729543496986,历史3/5次成功; 当前距低点4.74%; 最新日涨幅0.08%; 状态bottom_area; 底部未确认
28,77.85903060722693,67.89649417395422,600305,恒顺醋业,bottom_area,2024-01-24,8.26,2023-08-04,11.43,2024-01-23,8.06,2.4813895781637627,3.1017369727047144,29.4838145231846,27.73403324584427,False,0.7317073170731714,0.3842289507714448,5,10,5,50.0,28.40893769982583,34.796642995480944,2007-06-05; 2012-11-29; 2015-06-30; 2015-08-26; 2020-06-12,17.51861042183624,2.4813895781637627,历史5/10次成功; 当前距低点2.48%; 最新日涨幅0.73%; 状态bottom_area; 底部未确认
29,77.49485654711187,69.6106406202325,002313,日海智能,bottom_area,2024-01-24,8.37,2024-01-02,11.66,2024-01-24,8.04,4.1044776119403,6.218905472636817,31.04631217838766,28.216123499142377,False,0.7220216606498076,2.283413538464813,5,8,5,62.5,30.43736330890526,47.69520225776104,2013-11-01; 2016-02-01; 2016-03-01; 2018-02-08; 2023-12-26,15.895522388059701,4.1044776119403,历史5/8次成功; 当前距低点4.10%; 最新日涨幅0.72%; 状态bottom_area; 底部未确认
30,77.44966443642699,69.53551879242335,301082,久盛电气,bottom_area,2024-01-24,14.55,2024-01-02,19.2,2024-01-24,13.98,4.077253218884122,7.939914163090124,27.187499999999996,24.218749999999993,False,-1.556156968876854,1.2154763811209395,1,1,1,100.0,20.9228824273072,20.9228824273072,2022-10-12,15.92274678111588,4.077253218884122,历史1/1次成功; 当前距低点4.08%; 最新日涨幅-1.56%; 状态bottom_area; 底部未确认
31,77.12476575415329,68.78492781377497,002997,瑞鹄模具,bottom_area,2024-01-24,25.7,2023-12-12,36.1,2024-01-24,24.78,3.712671509281671,5.649717514124288,31.357340720221604,28.80886426592798,False,0.8634222919937207,2.156063341243011,2,3,2,66.66666666666666,28.83415154984148,36.67279411764704,2022-04-27; 2022-08-08,16.28732849071833,3.712671509281671,历史2/3次成功; 当前距低点3.71%; 最新日涨幅0.86%; 状态bottom_area; 底部未确认
32,76.86580726848207,69.49279157679744,300830,金现代,bottom_area,2024-01-24,6.56,2024-01-04,8.7,2024-01-24,6.28,4.458598726114639,4.617834394904459,27.81609195402298,24.597701149425287,False,1.8633540372670732,1.7769712300004255,3,5,3,60.0,39.56127243192911,60.00000000000001,2021-09-27; 2021-10-11; 2022-10-11,15.541401273885363,4.458598726114639,历史3/5次成功; 当前距低点4.46%; 最新日涨幅1.86%; 状态bottom_area; 底部未确认
33,76.766839791721,69.15204285479248,002442,龙星科技,bottom_area,2024-01-24,5.14,2024-01-04,7.07,2024-01-23,4.93,4.259634888438133,5.273833671399608,30.268741159830277,27.298444130127308,False,1.1811023622047223,3.5862656465937266,5,8,5,62.5,29.873711830276534,35.84905660377359,2012-12-04; 2015-06-30; 2015-11-30; 2016-01-14; 2022-04-27,15.740365111561868,4.259634888438133,历史5/8次成功; 当前距低点4.26%; 最新日涨幅1.18%; 状态bottom_area; 底部未确认
34,76.22213416281978,68.33708580114876,300032,金龙机电,bottom_area,2024-01-24,4.68,2024-01-02,6.39,2024-01-23,4.5,3.999999999999994,4.666666666666666,29.57746478873239,26.760563380281692,False,1.7391304347826209,1.773075055850497,4,7,4,57.14285714285714,33.916743938587715,52.14007782101169,2015-06-30; 2015-09-16; 2019-01-31; 2020-09-10,16.000000000000007,3.999999999999994,历史4/7次成功; 当前距低点4.00%; 最新日涨幅1.74%; 状态bottom_area; 底部未确认
35,75.85647324345386,68.19146066626567,300030,阳普医疗,bottom_area,2024-01-24,6.53,2023-11-24,8.63,2024-01-24,6.27,4.1467304625199475,5.741626794258379,27.346465816917743,24.333719582850524,False,0.9273570324574987,2.3186113584156987,4,7,4,57.14285714285714,34.93244458193392,48.36016696481813,2012-12-04; 2015-07-29; 2020-03-24; 2021-10-29,15.853269537480053,4.1467304625199475,历史4/7次成功; 当前距低点4.15%; 最新日涨幅0.93%; 状态bottom_area; 底部未确认
36,75.7202823471839,68.23842631867231,000541,佛山照明,bottom_area,2024-01-24,5.6,2023-11-15,7.88,2024-01-24,5.37,4.283054003724386,4.469273743016763,31.85279187817259,28.934010152284266,False,1.6333938294010864,1.0967377007203594,8,13,8,61.53846153846154,27.33220132883818,46.76616915422888,1994-02-01; 1996-01-25; 2006-04-25; 2007-06-08; 2007-06-26; 2008-04-17; 2015-07-06; 2020-06-12,15.716945996275616,4.283054003724386,历史8/13次成功; 当前距低点4.28%; 最新日涨幅1.63%; 状态bottom_area; 底部未确认
37,75.61905246948528,67.82813691170753,688315,诺禾致源,bottom_area,2024-01-24,17.83,2024-01-02,23.56,2024-01-24,17.14,4.025670945157513,7.176196032672114,27.24957555178268,24.320882852292023,False,-0.4466778336125188,0.2792647765497357,2,3,2,66.66666666666666,54.319731958499396,86.2826357231662,2021-04-21; 2021-07-09,15.974329054842487,4.025670945157513,历史2/3次成功; 当前距低点4.03%; 最新日涨幅-0.45%; 状态bottom_area; 底部未确认
38,74.78750066720855,67.44191616744253,688579,地纬智能,bottom_area,2024-01-24,9.42,2023-12-29,12.9,2024-01-24,9.03,4.3189368770764185,6.201550387596906,30.000000000000004,26.976744186046513,False,1.3993541442411273,1.135721606959826,2,3,2,66.66666666666666,29.04529881994672,36.901408450704245,2020-09-11; 2022-10-11,15.681063122923582,4.3189368770764185,历史2/3次成功; 当前距低点4.32%; 最新日涨幅1.40%; 状态bottom_area; 底部未确认
39,74.59128239001937,65.98780860931166,603158,腾龙股份,bottom_area,2024-01-24,7.9,2023-12-25,10.87,2024-01-22,7.65,3.2679738562091507,7.581699346405229,29.622815087396496,27.32290708371664,True,0.3811944091486774,2.87234231716617,2,5,2,40.0,40.26230645950821,45.253807106598984,2015-06-30; 2022-04-27,16.73202614379085,3.2679738562091507,历史2/5次成功; 当前距低点3.27%; 最新日涨幅0.38%; 状态bottom_area; 底部已确认
40,74.38545813284739,67.11469906723073,301166,优宁维,bottom_area,2024-01-24,31.2,2023-11-08,44.54,2024-01-24,29.9,4.347826086956524,4.782608695652173,32.869330938482264,29.950606196677143,False,1.6949152542372836,1.4328125911408458,2,4,2,50.0,47.08463734135277,61.69565217391303,2022-04-27; 2022-10-11,15.652173913043477,4.347826086956524,历史2/4次成功; 当前距低点4.35%; 最新日涨幅1.69%; 状态bottom_area; 底部未确认
41,74.14310859514467,65.85565533900076,001309,德明利,bottom_area,2024-01-24,68.53,2024-01-02,95.8,2024-01-24,66.22,3.4883720930232593,6.070673512533972,30.8768267223382,28.465553235908136,False,-1.3246940244780459,0.7642734091632066,2,3,2,66.66666666666666,32.809016367887764,45.392,2022-09-02; 2023-05-10,16.51162790697674,3.4883720930232593,历史2/3次成功; 当前距低点3.49%; 最新日涨幅-1.32%; 状态bottom_area; 底部未确认
42,73.61473935808705,67.13790606692487,603188,亚邦股份,bottom_area,2024-01-24,3.4,2023-12-29,4.45,2024-01-24,3.24,4.938271604938262,6.7901234567901145,27.191011235955052,23.595505617977533,False,1.1904761904761862,2.220741182454356,2,3,2,66.66666666666666,35.00268096514746,44.0,2019-08-15; 2022-04-27,15.06172839506174,4.938271604938262,历史2/3次成功; 当前距低点4.94%; 最新日涨幅1.19%; 状态bottom_area; 底部未确认
43,73.58381234346406,66.93836502090659,002676,顺威股份,bottom_area,2024-01-24,4.15,2023-11-21,5.83,2024-01-24,3.96,4.797979797979808,5.303030303030303,32.07547169811321,28.816466552315607,False,1.2195121951219745,2.068609228665129,3,5,3,60.0,29.987951399465256,39.33333333333333,2020-02-04; 2022-03-09; 2022-04-27,15.202020202020194,4.797979797979808,历史3/5次成功; 当前距低点4.80%; 最新日涨幅1.22%; 状态bottom_area; 底部未确认
44,73.37195663458927,65.43659820228734,300421,力星股份,bottom_area,2024-01-24,9.78,2023-12-28,13.1,2024-01-23,9.43,3.7115588547189784,6.7868504772004306,28.015267175572518,25.343511450381683,False,1.5576323987538832,4.832551032722461,3,6,3,50.0,30.26318489810007,43.59974009096816,2018-02-07; 2020-02-04; 2021-10-13,16.288441145281023,3.7115588547189784,历史3/6次成功; 当前距低点3.71%; 最新日涨幅1.56%; 状态bottom_area; 底部未确认
45,73.04161781892404,65.10183340680973,300016,北陆药业,bottom_area,2024-01-24,5.92,2023-11-13,8.32,2024-01-24,5.71,3.6777583187390537,5.253940455341503,31.370192307692314,28.84615384615385,False,0.8517887563884052,1.156922613398161,4,8,4,50.0,28.049045019004154,32.639999999999986,2010-02-03; 2015-08-04; 2017-01-17; 2022-04-27,16.322241681260945,3.6777583187390537,历史4/8次成功; 当前距低点3.68%; 最新日涨幅0.85%; 状态bottom_area; 底部未确认
46,72.9555314454425,64.75125332525407,300863,卡倍亿,bottom_area,2024-01-24,38.72,2023-12-18,51.88,2024-01-24,37.43,3.446433342238844,6.171520170985846,27.85273708558212,25.366229760986897,False,0.0516795865632913,0.4173298731100221,2,4,2,50.0,23.328609384723826,25.900735294117638,2021-01-14; 2022-04-27,16.553566657761156,3.446433342238844,历史2/4次成功; 当前距低点3.45%; 最新日涨幅0.05%; 状态bottom_area; 底部未确认
47,72.92552877641133,65.3662974459997,603893,瑞芯微,bottom_area,2024-01-24,52.16,2023-12-14,68.8,2024-01-23,50.16,3.9872408293460926,8.153907496012765,27.093023255813954,24.18604651162791,True,0.019175455417053122,0.4559616228242148,2,4,2,50.0,24.071002886606408,24.385660595547833,2022-02-11; 2023-05-10,16.012759170653908,3.9872408293460926,历史2/4次成功; 当前距低点3.99%; 最新日涨幅0.02%; 状态bottom_area; 底部已确认
48,72.68825069092053,64.17344332855092,300933,中辰股份,bottom_area,2024-01-24,7.19,2023-12-29,9.64,2024-01-24,6.97,3.1563845050215305,7.173601147776183,27.697095435684655,25.414937759336098,False,0.7002801120448376,1.4841785562075287,1,2,1,50.0,99.89795918367346,99.89795918367346,2021-01-27,16.84361549497847,3.1563845050215305,历史1/2次成功; 当前距低点3.16%; 最新日涨幅0.70%; 状态bottom_area; 底部未确认
49,72.60093290809765,65.9390495513621,688181,八亿时空,bottom_area,2024-01-24,21.34,2024-01-02,28.28,2024-01-24,20.38,4.710500490677139,5.446516192345434,27.93493635077794,24.540311173974544,False,0.0,1.2412859400826641,2,3,2,66.66666666666666,25.76518281418983,28.477257745550418,2021-10-25; 2022-04-27,15.289499509322862,4.710500490677139,历史2/3次成功; 当前距低点4.71%; 最新日涨幅0.00%; 状态bottom_area; 底部未确认
50,72.1445070381709,64.96452027083703,300593,新雷能,bottom_area,2024-01-24,11.31,2023-12-25,15.75,2024-01-24,10.85,4.239631336405538,6.728110599078345,31.11111111111111,28.19047619047619,False,-0.7023705004389869,2.0714281979975233,2,3,2,66.66666666666666,37.22695188803755,48.95424836601306,2020-02-04; 2023-10-24,15.760368663594463,4.239631336405538,历史2/3次成功; 当前距低点4.24%; 最新日涨幅-0.70%; 状态bottom_area; 底部未确认
51,72.08145391220799,64.94783882783882,002330,得利斯,bottom_area,2024-01-24,4.88,2023-12-06,6.61,2024-01-23,4.68,4.273504273504278,4.700854700854714,29.198184568835106,26.172465960665665,False,1.6666666666666607,1.4089445024606668,3,7,3,42.857142857142854,68.35845891996996,148.3574244415243,2015-09-08; 2018-10-19; 2020-02-04,15.726495726495724,4.273504273504278,历史3/7次成功; 当前距低点4.27%; 最新日涨幅1.67%; 状态bottom_area; 底部未确认
52,71.98694787816183,65.08866230096547,688659,元琛科技,bottom_area,2024-01-24,9.36,2024-01-02,12.52,2024-01-24,8.96,4.4642857142856975,7.812499999999992,28.43450479233226,25.23961661341853,False,-0.31948881789138905,1.5703749999999999,3,5,3,60.0,38.42598779320891,53.94088669950741,2022-04-27; 2022-09-06; 2022-11-11,15.535714285714302,4.4642857142856975,历史3/5次成功; 当前距低点4.46%; 最新日涨幅-0.32%; 状态bottom_area; 底部未确认
53,71.75353610825515,64.82289013945596,688302,海创药业,bottom_area,2024-01-24,39.47,2024-01-03,53.28,2024-01-24,37.8,4.417989417989423,8.174603174603185,29.054054054054063,25.919669669669677,False,-2.9505778214900524,0.38943360110273034,2,3,2,66.66666666666666,38.6518244398128,40.24920312952768,2023-04-03; 2023-10-23,15.582010582010577,4.417989417989423,历史2/3次成功; 当前距低点4.42%; 最新日涨幅-2.95%; 状态bottom_area; 底部未确认
54,71.45900321298032,64.36171445849385,300200,高盟新材,bottom_area,2024-01-24,6.62,2024-01-02,8.87,2024-01-24,6.35,4.251968503937015,4.5669291338582685,28.410372040586246,25.36640360766628,False,2.3183925811437467,1.999528168349533,4,8,4,50.0,31.108616384248677,51.32924335378325,2015-06-30; 2016-01-14; 2018-10-12; 2020-02-04,15.748031496062985,4.251968503937015,历史4/8次成功; 当前距低点4.25%; 最新日涨幅2.32%; 状态bottom_area; 底部未确认
55,71.4487290887008,63.076792997893826,603590,康辰药业,bottom_area,2024-01-24,30.74,2023-11-29,41.95,2024-01-24,29.8,3.154362416107375,4.362416107382552,28.963051251489873,26.722288438617408,False,0.1629195177582199,0.8110679081693556,1,2,1,50.0,44.07924358397118,44.07924358397118,2022-04-27,16.845637583892625,3.154362416107375,历史1/2次成功; 当前距低点3.15%; 最新日涨幅0.16%; 状态bottom_area; 底部未确认
56,71.39146887920333,63.80539022564713,300375,鹏翎股份,bottom_area,2024-01-24,4.34,2023-12-22,6.18,2024-01-24,4.18,3.827751196172252,4.545454545454556,32.36245954692557,29.773462783171524,False,1.6393442622950838,3.2517510539896017,3,6,3,50.0,22.917542757633665,24.333925399644762,2015-06-30; 2015-07-03; 2019-08-15,16.17224880382775,3.827751196172252,历史3/6次成功; 当前距低点3.83%; 最新日涨幅1.64%; 状态bottom_area; 底部未确认
57,71.2747902794369,62.152419090366905,603392,万泰生物,bottom_area,2024-01-24,62.0,2024-01-08,88.0,2024-01-24,60.5,2.479338842975207,7.785123966942138,31.25,29.545454545454547,False,-3.666873834679929,1.3046182987535766,2,4,2,50.0,30.189847593281584,34.871138518820196,2021-09-17; 2022-05-31,17.520661157024794,2.479338842975207,历史2/4次成功; 当前距低点2.48%; 最新日涨幅-3.67%; 状态bottom_area; 底部未确认
58,70.88443580391733,61.38272614099601,300538,同益股份,bottom_area,2024-01-24,14.6,2024-01-02,20.45,2024-01-24,14.3,2.0979020979020904,5.45454545454545,30.073349633251826,28.606356968215156,False,-0.747790618626798,4.372601115645283,3,7,3,42.857142857142854,26.637173939700038,30.150753768844226,2019-07-08; 2021-02-08; 2022-04-27,17.90209790209791,2.0979020979020904,历史3/7次成功; 当前距低点2.10%; 最新日涨幅-0.75%; 状态bottom_area; 底部未确认
59,70.79901175285495,63.953305781840974,300319,麦捷科技,bottom_area,2024-01-24,7.81,2023-11-07,11.07,2024-01-24,7.48,4.411764705882342,5.882352941176464,32.429990966576334,29.448961156278237,False,0.0,1.9037878370029169,4,8,4,50.0,30.871662963724255,40.64064064064065,2012-07-18; 2016-03-01; 2018-10-19; 2020-02-04,15.58823529411766,4.411764705882342,历史4/8次成功; 当前距低点4.41%; 最新日涨幅0.00%; 状态bottom_area; 底部未确认
60,70.79160758410843,63.63402112103982,688246,嘉和美康,bottom_area,2024-01-24,25.64,2023-12-29,35.01,2024-01-23,24.62,4.1429731925264,8.2859463850528,29.677235075692654,26.76378177663524,True,1.6653449643140528,0.8782169338476439,1,2,1,50.0,58.0508474576271,58.0508474576271,2023-10-24,15.8570268074736,4.1429731925264,历史1/2次成功; 当前距低点4.14%; 最新日涨幅1.67%; 状态bottom_area; 底部已确认
61,70.79078648153005,64.17846027171679,300735,光弘科技,bottom_area,2024-01-24,18.15,2023-12-29,24.1,2024-01-24,17.35,4.610951008645516,5.475504322766566,28.008298755186722,24.688796680497934,False,0.3316749585406287,2.976933937470036,3,7,3,42.857142857142854,50.43111523258737,93.48973607038124,2021-05-12; 2022-04-27; 2023-10-20,15.389048991354484,4.610951008645516,历史3/7次成功; 当前距低点4.61%; 最新日涨幅0.33%; 状态bottom_area; 底部未确认
62,70.78349187666903,64.14402284531215,688182,灿勤科技,bottom_area,2024-01-24,13.68,2023-12-29,17.94,2024-01-24,13.08,4.58715596330275,7.033639143730887,27.090301003344486,23.745819397993316,False,-0.291545189504383,0.7782250000000001,2,3,2,66.66666666666666,37.0756547041707,49.999999999999986,2022-04-27; 2023-05-11,15.412844036697251,4.58715596330275,历史2/3次成功; 当前距低点4.59%; 最新日涨幅-0.29%; 状态bottom_area; 底部未确认
63,70.47631917997441,63.982566193201706,600812,华北制药,bottom_area,2024-01-24,4.69,2023-11-30,6.66,2024-01-23,4.48,4.687499999999998,5.1339285714285605,32.73273273273273,29.579579579579573,False,1.5151515151515138,0.6851018434751819,7,16,7,43.75,47.95062469463277,93.5275080906149,1994-03-11; 1994-08-10; 1994-08-30; 1998-08-18; 2012-01-06; 2012-12-04; 2020-03-19,15.312500000000004,4.687499999999998,历史7/16次成功; 当前距低点4.69%; 最新日涨幅1.52%; 状态bottom_area; 底部未确认
64,70.18319282457502,63.34899130008327,002698,博实股份,bottom_area,2024-01-24,12.18,2023-12-25,16.25,2024-01-24,11.67,4.370179948586117,5.3984575835475646,28.184615384615384,25.046153846153846,False,0.0,0.9389472376625025,2,4,2,50.0,27.112911735804367,29.758454106280197,2014-05-19; 2015-06-30,15.629820051413883,4.370179948586117,历史2/4次成功; 当前距低点4.37%; 最新日涨幅0.00%; 状态bottom_area; 底部未确认
65,70.15274555335823,62.08131583240881,301308,江波龙,bottom_area,2024-01-24,72.3,2023-12-14,100.0,2024-01-22,70.0,3.2857142857142816,7.900000000000001,30.0,27.700000000000003,False,-0.4132231404958664,0.9927554344289723,2,4,2,50.0,29.477120450738543,32.89363484087102,2022-08-09; 2022-10-12,16.71428571428572,3.2857142857142816,历史2/4次成功; 当前距低点3.29%; 最新日涨幅-0.41%; 状态bottom_area; 底部未确认
66,70.14156805235692,62.61901920997097,300171,东富龙,bottom_area,2024-01-24,15.15,2023-11-09,20.2,2024-01-23,14.6,3.7671232876712377,4.72602739726027,27.72277227722772,24.999999999999993,False,0.5308560053085554,0.6707457574190884,4,9,4,44.44444444444444,27.833060186829478,32.678485864877814,2015-06-30; 2015-07-06; 2019-08-06; 2022-09-26,16.232876712328764,3.7671232876712377,历史4/9次成功; 当前距低点3.77%; 最新日涨幅0.53%; 状态bottom_area; 底部未确认
67,69.9715753209558,63.35068685987262,003028,振邦智能,bottom_area,2024-01-24,35.02,2024-01-09,46.48,2024-01-24,33.5,4.53731343283583,6.149253731343291,27.925989672977618,24.655765920826152,False,-0.1994870333428378,2.1446535886923526,2,3,2,66.66666666666666,32.19943451651424,34.23980222496909,2022-04-27; 2022-07-01,15.462686567164171,4.53731343283583,历史2/3次成功; 当前距低点4.54%; 最新日涨幅-0.20%; 状态bottom_area; 底部未确认
68,69.70426663056764,62.32962310480153,603085,天成自控,bottom_area,2024-01-24,8.08,2024-01-11,10.88,2024-01-24,7.78,3.856041131105396,5.7840616966581,28.492647058823533,25.73529411764706,False,0.0,1.5104004029211784,3,7,3,42.857142857142854,30.80628124888846,38.88888888888889,2015-09-07; 2018-08-06; 2019-05-08,16.143958868894604,3.856041131105396,历史3/7次成功; 当前距低点3.86%; 最新日涨幅0.00%; 状态bottom_area; 底部未确认
69,69.58877067556753,62.75293858562965,002399,海普瑞,bottom_area,2024-01-24,9.18,2023-11-22,12.97,2024-01-24,8.8,4.318181818181807,4.999999999999994,32.15111796453354,29.221279876638402,False,0.0,0.599494042350557,3,6,3,50.0,23.270930812280408,28.307123034227555,2015-06-30; 2015-09-30; 2022-04-27,15.681818181818194,4.318181818181807,历史3/6次成功; 当前距低点4.32%; 最新日涨幅0.00%; 状态bottom_area; 底部未确认
70,69.521271997434,62.10403048164528,688320,禾川科技,bottom_area,2024-01-24,30.31,2023-12-29,41.17,2024-01-24,29.2,3.8013698630136967,6.5410958904109595,29.074568860820992,26.378430896283707,False,-0.9477124183006613,1.3352430834769429,2,4,2,50.0,35.920181555465064,38.29133374308544,2022-10-12; 2023-10-23,16.198630136986303,3.8013698630136967,历史2/4次成功; 当前距低点3.80%; 最新日涨幅-0.95%; 状态bottom_area; 底部未确认
71,69.04787419395944,61.35515738498787,300636,同和药业,bottom_area,2024-01-24,8.55,2023-11-20,12.05,2024-01-24,8.26,3.5108958837772506,5.084745762711863,31.452282157676354,29.045643153526967,False,-0.5813953488371992,1.0028917447519272,2,5,2,40.0,78.42120189867751,122.63187748156552,2021-01-13; 2022-04-27,16.489104116222748,3.5108958837772506,历史2/5次成功; 当前距低点3.51%; 最新日涨幅-0.58%; 状态bottom_area; 底部未确认
72,68.92383981448995,62.08323728644053,301181,标榜股份,bottom_area,2024-01-24,22.78,2023-11-29,31.67,2024-01-24,21.85,4.256292906178488,5.9496567505720686,31.00726239343227,28.07072939690559,False,0.7964601769911539,0.9828073061680934,2,5,2,40.0,40.578414583481106,50.795180722891565,2022-04-27; 2022-08-08,15.743707093821513,4.256292906178488,历史2/5次成功; 当前距低点4.26%; 最新日涨幅0.80%; 状态bottom_area; 底部未确认
73,68.85096450236473,60.15716084807905,300633,开立医疗,bottom_area,2024-01-24,37.67,2023-11-30,52.3,2024-01-24,36.72,2.5871459694989185,6.481481481481488,29.78967495219885,27.973231357552574,False,-2.7117768595041225,1.1997709858608172,1,2,1,50.0,43.90243902439025,43.90243902439025,2018-02-07,17.412854030501084,2.5871459694989185,历史1/2次成功; 当前距低点2.59%; 最新日涨幅-2.71%; 状态bottom_area; 底部未确认
74,68.6826468746751,59.92293043120941,002304,洋河股份,bottom_area,2024-01-24,94.84,2023-11-01,127.68,2024-01-24,92.52,2.5075659316904533,3.166882836143544,27.53759398496241,25.720551378446117,False,0.4980396312387336,0.4250437790769256,2,6,2,33.33333333333333,21.972297968442533,23.46981848881384,2015-08-25; 2021-01-20,17.49243406830955,2.5075659316904533,历史2/6次成功; 当前距低点2.51%; 最新日涨幅0.50%; 状态bottom_area; 底部未确认
75,68.4934964074537,61.42992365875604,601069,西部黄金,bottom_area,2024-01-24,10.61,2023-10-16,14.02,2024-01-24,10.2,4.019607843137257,4.509803921568636,27.246790299572044,24.322396576319548,False,0.37842951750235443,0.6207362232445686,2,5,2,40.0,34.16467495219885,39.579349904397695,2019-11-18; 2022-04-27,15.980392156862743,4.019607843137257,历史2/5次成功; 当前距低点4.02%; 最新日涨幅0.38%; 状态bottom_area; 底部未确认
76,68.2591816499207,62.262580645161314,002255,海陆重工,bottom_area,2024-01-24,4.88,2024-01-04,6.44,2024-01-23,4.65,4.946236559139774,5.376344086021505,27.795031055900623,24.223602484472057,False,2.521008403361358,3.6439676298584724,4,10,4,40.0,68.07758899660088,162.29508196721315,2019-01-31; 2020-02-04; 2020-03-02; 2021-10-13,15.053763440860227,4.946236559139774,历史4/10次成功; 当前距低点4.95%; 最新日涨幅2.52%; 状态bottom_area; 底部未确认
77,68.21259996539571,60.70921396920218,002920,德赛西威,bottom_area,2024-01-24,97.9,2023-12-29,130.26,2024-01-24,94.5,3.597883597883604,5.671957671957671,27.452786734223857,24.842622447412857,False,0.13296512222564782,0.6849397761537322,2,5,2,40.0,25.12036866869243,26.52475247524753,2022-02-14; 2022-10-31,16.402116402116395,3.597883597883604,历史2/5次成功; 当前距低点3.60%; 最新日涨幅0.13%; 状态bottom_area; 底部未确认
78,67.99515859224435,61.62010033907899,300252,金信诺,bottom_area,2024-01-24,7.52,2023-12-04,10.38,2024-01-24,7.19,4.589707927677318,4.867872044506254,30.732177263969174,27.552986512524097,False,0.9395973154362247,1.7073309727158819,5,11,5,45.45454545454545,30.357272021513175,44.2369607211848,2012-12-04; 2013-06-25; 2015-09-02; 2016-01-29; 2022-10-10,15.410292072322685,4.589707927677318,历史5/11次成功; 当前距低点4.59%; 最新日涨幅0.94%; 状态bottom_area; 底部未确认
79,67.77911166215098,59.76559713934713,688176,亚虹医药,bottom_area,2024-01-24,8.01,2023-12-29,10.92,2024-01-24,7.77,3.0888030888030915,4.761904761904775,28.84615384615385,26.64835164835165,False,0.5018820577164407,1.8309061708464536,1,2,1,50.0,25.473484848484844,25.473484848484844,2022-04-27,16.91119691119691,3.0888030888030915,历史1/2次成功; 当前距低点3.09%; 最新日涨幅0.50%; 状态bottom_area; 底部未确认
80,67.57115355801679,61.26114108933996,002806,华锋股份,bottom_area,2024-01-24,10.66,2024-01-02,14.01,2024-01-24,10.19,4.612365063788034,5.39744847890089,27.266238401142047,23.911491791577443,False,1.5238095238095273,2.87257528201413,4,9,4,44.44444444444444,30.89366840680406,46.32152588555858,2017-11-13; 2020-02-04; 2021-02-04; 2023-04-25,15.387634936211967,4.612365063788034,历史4/9次成功; 当前距低点4.61%; 最新日涨幅1.52%; 状态bottom_area; 底部未确认
81,67.49606787000097,61.020611657112525,300400,劲拓股份,bottom_area,2024-01-24,12.42,2024-01-02,16.48,2024-01-24,11.89,4.4575273338940224,6.476030277544151,27.851941747572813,24.63592233009709,False,0.4042037186742231,1.5637638593776517,4,9,4,44.44444444444444,27.70248853376229,36.41404805914972,2015-05-20; 2015-07-29; 2020-02-04; 2022-04-26,15.542472666105978,4.4575273338940224,历史4/9次成功; 当前距低点4.46%; 最新日涨幅0.40%; 状态bottom_area; 底部未确认
82,67.27702354740309,60.317331456292436,000665,湖北广电,bottom_area,2024-01-24,4.16,2023-12-14,5.66,2024-01-24,4.0,4.0000000000000036,4.0000000000000036,29.32862190812721,26.501766784452297,False,1.7114914425427896,1.1893206334837338,7,18,7,38.88888888888889,30.350049645538853,58.752997601918466,1997-01-07; 2008-04-03; 2008-09-18; 2011-06-22; 2012-12-04; 2020-02-04; 2022-04-18,15.999999999999998,4.0000000000000036,历史7/18次成功; 当前距低点4.00%; 最新日涨幅1.71%; 状态bottom_area; 底部未确认
83,67.23919760563771,60.2497797356592,600771,广誉远,bottom_area,2024-01-24,21.74,2023-12-13,31.19,2024-01-24,20.91,3.9693926351028135,5.164992826398844,32.95928182109651,30.298172491183077,False,0.2305209774089212,1.2203490678935363,8,21,8,38.095238095238095,31.33125801781001,64.91228070175441,2007-07-02; 2007-12-03; 2008-03-20; 2008-04-03; 2009-03-03; 2012-05-04; 2016-03-16; 2018-09-18,16.030607364897186,3.9693926351028135,历史8/21次成功; 当前距低点3.97%; 最新日涨幅0.23%; 状态bottom_area; 底部未确认
84,67.22640862760923,59.57724995363449,603226,菲林格尔,bottom_area,2024-01-24,5.53,2024-01-03,7.58,2024-01-24,5.35,3.3644859813084222,5.607476635514033,29.419525065963064,27.044854881266488,False,0.7285974499089187,1.4802873220307695,3,8,3,37.5,21.59020425278332,23.390275952693827,2020-02-04; 2020-03-19; 2022-06-14,16.635514018691577,3.3644859813084222,历史3/8次成功; 当前距低点3.36%; 最新日涨幅0.73%; 状态bottom_area; 底部未确认
85,67.2224454839732,60.28328201285183,002881,美格智能,bottom_area,2024-01-24,21.51,2024-01-05,28.36,2024-01-23,20.68,4.013539651837533,4.9323017408123775,27.08039492242595,24.15373765867418,False,0.8911819887429617,1.3189283106276801,3,8,3,37.5,33.34221730667419,39.64181994191675,2018-02-07; 2020-02-04; 2023-05-15,15.986460348162467,4.013539651837533,历史3/8次成功; 当前距低点4.01%; 最新日涨幅0.89%; 状态bottom_area; 底部未确认
86,67.12081876754884,60.29324560344087,002185,华天科技,bottom_area,2024-01-24,7.1,2023-11-15,9.38,2024-01-24,6.82,4.1055718475073215,4.252199413489737,27.292110874200432,24.307036247334764,False,0.8522727272727293,0.543500722590242,4,10,4,40.0,29.107254923427778,37.14953271028037,2008-03-18; 2008-09-18; 2015-06-30; 2019-05-08,15.89442815249268,4.1055718475073215,历史4/10次成功; 当前距低点4.11%; 最新日涨幅0.85%; 状态bottom_area; 底部未确认
87,66.99842452824265,60.869231117141574,002861,瀛通通讯,bottom_area,2024-01-24,11.52,2024-01-02,15.38,2024-01-23,11.0,4.727272727272724,9.090909090909092,28.478543563068925,25.09752925877764,True,3.5040431266846195,5.533261920357016,2,6,2,33.33333333333333,45.07569678489274,53.23383084577114,2018-02-07; 2020-02-04,15.272727272727277,4.727272727272724,历史2/6次成功; 当前距低点4.73%; 最新日涨幅3.50%; 状态bottom_area; 底部已确认
88,66.99321543290917,59.176878340612774,688286,敏芯股份,bottom_area,2024-01-24,46.97,2024-01-04,67.28,2024-01-24,45.52,3.185413005272398,9.16080843585236,32.34244946492271,30.187277051129612,False,-3.1746031746031744,2.5314039738710243,2,4,2,50.0,22.847419315235673,25.016501650165008,2023-05-10; 2023-08-25,16.814586994727605,3.185413005272398,历史2/4次成功; 当前距低点3.19%; 最新日涨幅-3.17%; 状态bottom_area; 底部未确认
89,66.97837795391794,59.96375053306841,300410,正业科技,bottom_area,2024-01-24,6.89,2024-01-05,9.25,2024-01-24,6.63,3.9215686274509776,5.279034690799405,28.324324324324323,25.51351351351352,False,0.5839416058394109,1.3442388966581575,3,8,3,37.5,30.496919374498056,39.77474807350324,2015-06-30; 2019-02-11; 2023-08-29,16.078431372549023,3.9215686274509776,历史3/8次成功; 当前距低点3.92%; 最新日涨幅0.58%; 状态bottom_area; 底部未确认
90,66.96760310862526,60.963764271449136,300034,钢研高纳,bottom_area,2024-01-24,16.47,2024-01-02,21.69,2024-01-24,15.71,4.837683004455748,5.537873965626973,27.57030889810973,24.066390041493786,False,1.291512915129145,1.5752681261551105,4,9,4,44.44444444444444,32.0568301639631,44.0983606557377,2015-07-29; 2016-01-14; 2016-05-19; 2020-02-04,15.162316995544254,4.837683004455748,历史4/9次成功; 当前距低点4.84%; 最新日涨幅1.29%; 状态bottom_area; 底部未确认
91,66.84068537104915,60.5323937728148,300168,万达信息,bottom_area,2024-01-24,7.12,2023-12-12,9.51,2024-01-23,6.81,4.552129221732754,4.698972099853162,28.391167192429023,25.131440588853838,False,1.4245014245014342,0.8238982894803126,3,8,3,37.5,41.28359353959932,66.82352941176471,2015-08-04; 2015-09-02; 2020-02-04,15.447870778267248,4.552129221732754,历史3/8次成功; 当前距低点4.55%; 最新日涨幅1.42%; 状态bottom_area; 底部未确认
92,66.84041741966068,59.62476138828634,301281,科源制药,bottom_area,2024-01-24,28.69,2023-12-13,38.99,2024-01-23,27.66,3.7237888647867,4.049168474331168,29.05873300846371,26.41703000769428,False,1.5215852795470663,1.457323220679693,1,2,1,50.0,32.500000000000014,32.500000000000014,2023-08-29,16.276211135213302,3.7237888647867,历史1/2次成功; 当前距低点3.72%; 最新日涨幅1.52%; 状态bottom_area; 底部未确认
93,66.75995000402672,60.061074594254805,600867,通化东宝,bottom_area,2024-01-24,9.45,2023-11-20,12.48,2024-01-24,9.07,4.189636163175292,5.071664829106936,27.323717948717952,24.27884615384616,False,0.8537886872998834,0.8597871791480176,6,15,6,40.0,28.88948949620678,38.48768054375532,1994-10-05; 1996-05-31; 1998-08-18; 1999-01-05; 2008-06-20; 2018-10-29,15.81036383682471,4.189636163175292,历史6/15次成功; 当前距低点4.19%; 最新日涨幅0.85%; 状态bottom_area; 底部未确认
94,66.73207614547344,59.94404613270008,603567,珍宝岛,bottom_area,2024-01-24,10.65,2023-11-03,14.37,2024-01-24,10.23,4.10557184750733,5.0830889540566915,28.810020876826712,25.887265135699366,False,1.2357414448669335,0.43792693533345056,2,5,2,40.0,27.229838414068798,28.436018957345976,2015-08-25; 2017-01-16,15.89442815249267,4.10557184750733,历史2/5次成功; 当前距低点4.11%; 最新日涨幅1.24%; 状态bottom_area; 底部未确认
95,66.70923778860448,59.97679934375044,301201,诚达药业,bottom_area,2024-01-24,21.06,2023-11-09,29.17,2024-01-24,20.22,4.154302670623145,5.637982195845701,30.682207747685986,27.802536852931105,False,0.14265335235377208,1.7217855325482756,1,2,1,50.0,39.66994318694201,39.66994318694201,2022-03-08,15.845697329376856,4.154302670623145,历史1/2次成功; 当前距低点4.15%; 最新日涨幅0.14%; 状态bottom_area; 底部未确认
96,66.69064845819118,58.92555158879442,300782,卓胜微,bottom_area,2024-01-24,105.45,2023-12-14,147.95,2024-01-24,102.18,3.2002348796241886,3.474261107848891,30.936127069956054,28.725920919229463,False,1.151079136690658,1.4974093553226733,1,2,1,50.0,22.32304900181489,22.32304900181489,2022-04-14,16.799765120375813,3.2002348796241886,历史1/2次成功; 当前距低点3.20%; 最新日涨幅1.15%; 状态bottom_area; 底部未确认
97,66.61265330258284,59.70152406927416,002735,王子新材,bottom_area,2024-01-24,11.23,2024-01-16,15.13,2024-01-23,10.8,3.9814814814814787,7.870370370370367,28.618638466622603,25.776602775941836,True,0.6272401433691677,3.2422377032848706,3,8,3,37.5,20.62796691963402,21.043478260869563,2015-06-30; 2015-08-26; 2021-05-21,16.01851851851852,3.9814814814814787,历史3/8次成功; 当前距低点3.98%; 最新日涨幅0.63%; 状态bottom_area; 底部已确认
98,66.57196095237629,60.25348716335428,300507,苏奥传感,bottom_area,2024-01-24,5.55,2023-12-13,7.43,2024-01-24,5.31,4.51977401129944,5.461393596986818,28.532974427994617,25.3028263795424,False,0.9090909090909038,1.8928464140537016,4,10,4,40.0,33.97081671568287,48.92221180880975,2018-02-09; 2019-05-06; 2020-02-04; 2022-04-27,15.48022598870056,4.51977401129944,历史4/10次成功; 当前距低点4.52%; 最新日涨幅0.91%; 状态bottom_area; 底部未确认
99,66.48587535540497,59.807555574263525,300063,天龙集团,bottom_area,2024-01-24,5.23,2024-01-02,7.14,2024-01-23,5.02,4.183266932270933,4.780876494023909,29.691876750700285,26.75070028011203,False,1.1605415860735047,6.477749287900275,5,13,5,38.46153846153847,30.781742902372322,43.39536995006808,2015-08-25; 2018-05-03; 2020-02-04; 2020-09-11; 2023-11-16,15.81673306772907,4.183266932270933,历史5/13次成功; 当前距低点4.18%; 最新日涨幅1.16%; 状态bottom_area; 底部未确认
100,66.48458403973116,60.51856907425497,600343,航天动力,bottom_area,2024-01-24,8.46,2024-01-04,11.23,2024-01-23,8.07,4.832713754646846,5.7001239157372865,28.138913624220834,24.666073018699905,False,2.050663449939716,1.1677413336839253,9,21,9,42.857142857142854,33.04154765280218,55.72413793103447,2005-07-19; 2008-04-02; 2008-11-03; 2009-08-19; 2009-09-02; 2015-06-30; 2020-02-04; 2022-02-07; 2022-04-27,15.167286245353154,4.832713754646846,历史9/21次成功; 当前距低点4.83%; 最新日涨幅2.05%; 状态bottom_area; 底部未确认
101,66.42394293098631,59.07541666666667,688319,欧林生物,bottom_area,2024-01-24,11.93,2024-01-02,16.1,2024-01-24,11.52,3.559027777777779,7.465277777777788,28.447204968944106,25.900621118012428,False,-1.8106995884773713,0.7379702495876563,1,2,1,50.0,58.333333333333336,58.333333333333336,2022-04-28,16.44097222222222,3.559027777777779,历史1/2次成功; 当前距低点3.56%; 最新日涨幅-1.81%; 状态bottom_area; 底部未确认
102,66.39764565452687,60.15117724800342,002536,飞龙股份,bottom_area,2024-01-24,11.44,2024-01-10,15.03,2024-01-24,10.94,4.570383912248629,5.66727605118831,27.212242182302067,23.885562208915502,False,0.17513134851137035,2.5834628477911648,4,11,4,36.36363636363637,41.9199307171228,62.3152709359606,2015-06-30; 2020-02-04; 2022-04-27; 2022-08-31,15.429616087751372,4.570383912248629,历史4/11次成功; 当前距低点4.57%; 最新日涨幅0.18%; 状态bottom_area; 底部未确认
103,66.37889259588982,60.413386635253886,002347,泰尔股份,bottom_area,2024-01-24,4.78,2024-01-12,6.76,2024-01-24,4.56,4.8245614035087865,4.8245614035087865,32.544378698224854,29.28994082840236,False,1.7021276595744705,8.313482445254786,4,9,4,44.44444444444444,28.936965183563473,33.1444759206799,2017-04-27; 2018-02-07; 2020-02-04; 2022-04-26,15.175438596491214,4.8245614035087865,历史4/9次成功; 当前距低点4.82%; 最新日涨幅1.70%; 状态bottom_area; 底部未确认
104,66.35295355168503,60.47842755673244,600613,神奇制药,bottom_area,2024-01-24,6.63,2023-12-01,9.09,2024-01-23,6.32,4.905063291139234,5.69620253164556,30.473047304730468,27.062706270627064,False,2.0000000000000018,1.2548401902695485,11,26,11,42.30769230769231,34.903074518977895,79.72972972972973,1992-08-24; 1993-03-10; 1994-03-10; 1994-10-05; 1995-04-27; 1996-11-01; 2002-01-23; 2008-03-18; 2008-09-18; 2012-01-06; 2017-01-16,15.094936708860768,4.905063291139234,历史11/26次成功; 当前距低点4.91%; 最新日涨幅2.00%; 状态bottom_area; 底部未确认
105,66.0205879643092,59.45483746556719,002467,二六三,bottom_area,2024-01-24,3.93,2023-12-08,5.18,2024-01-23,3.77,4.244031830238731,4.509283819628646,27.220077220077215,24.131274131274125,False,1.5503875968992276,1.5531726732068403,5,13,5,38.46153846153847,29.63026902425535,43.69942196531791,2011-09-30; 2015-07-29; 2016-03-01; 2018-02-07; 2019-05-06,15.75596816976127,4.244031830238731,历史5/13次成功; 当前距低点4.24%; 最新日涨幅1.55%; 状态bottom_area; 底部未确认
106,66.01649860133429,59.685781953664694,603901,永创智能,bottom_area,2024-01-24,8.9,2024-01-05,12.0,2024-01-24,8.52,4.460093896713625,5.633802816901413,29.000000000000004,25.83333333333333,False,1.1363636363636243,0.8017812541322941,2,6,2,33.33333333333333,44.63151991848613,62.649494020239196,2015-07-09; 2017-01-16,15.539906103286377,4.460093896713625,历史2/6次成功; 当前距低点4.46%; 最新日涨幅1.14%; 状态bottom_area; 底部未确认
107,65.9430064418013,59.67908923562961,002928,华夏航空,bottom_area,2024-01-24,6.25,2023-12-12,8.41,2024-01-24,5.98,4.515050167224073,4.849498327759183,28.89417360285374,25.68370986920333,False,2.459016393442637,1.4508833560728174,2,5,2,40.0,30.824750628497277,36.84210526315789,2020-02-04; 2023-10-23,15.484949832775929,4.515050167224073,历史2/5次成功; 当前距低点4.52%; 最新日涨幅2.46%; 状态bottom_area; 底部未确认
108,65.91441955086484,59.33562911584569,688662,富信科技,bottom_area,2024-01-24,28.14,2024-01-05,37.49,2024-01-24,27.0,4.222222222222224,9.074074074074073,27.980794878634306,24.9399839957322,False,-2.223766504517033,1.4177243880326382,3,6,3,50.0,26.195138615657836,28.351648351648358,2021-04-02; 2022-04-27; 2023-08-28,15.777777777777777,4.222222222222224,历史3/6次成功; 当前距低点4.22%; 最新日涨幅-2.22%; 状态bottom_area; 底部未确认
109,65.86422011831789,60.115910434440735,002617,露笑科技,bottom_area,2024-01-24,5.48,2023-11-29,7.29,2024-01-23,5.22,4.980842911877407,5.747126436781606,28.395061728395067,24.828532235939637,False,0.7352941176470562,1.0639841954333857,4,10,4,40.0,38.88296921247969,43.64820846905539,2012-12-04; 2015-09-02; 2019-01-30; 2022-04-27,15.019157088122592,4.980842911877407,历史4/10次成功; 当前距低点4.98%; 最新日涨幅0.74%; 状态bottom_area; 底部未确认
110,65.83433803368744,58.57908053771591,688220,翱捷科技,bottom_area,2024-01-24,53.45,2024-01-02,70.75,2024-01-23,51.6,3.58527131782946,5.426356589147281,27.067137809187276,24.452296819787982,False,0.48881368678324044,0.3671242838334021,1,2,1,50.0,25.180102915951984,25.180102915951984,2022-10-12,16.41472868217054,3.58527131782946,历史1/2次成功; 当前距低点3.59%; 最新日涨幅0.49%; 状态bottom_area; 底部未确认
111,65.80380979997948,59.072203977798345,300508,维宏股份,bottom_area,2024-01-24,22.5,2023-11-21,32.05,2024-01-24,21.62,4.070305272895462,5.920444033302486,32.542901716068634,29.7971918876755,False,-0.044424700133283146,2.021135918030846,3,8,3,37.5,55.003410251403395,92.9530201342282,2018-02-06; 2018-10-12; 2021-08-18,15.929694727104538,4.070305272895462,历史3/8次成功; 当前距低点4.07%; 最新日涨幅-0.04%; 状态bottom_area; 底部未确认
112,65.73242578028247,59.1231498470948,603679,华体科技,bottom_area,2024-01-24,12.47,2024-01-19,17.5,2024-01-24,11.97,4.177109440267335,8.187134502923964,31.599999999999994,28.742857142857137,False,-1.9654088050314433,12.052821792457362,2,5,2,40.0,46.16644823066842,63.76146788990826,2017-07-18; 2017-08-11,15.822890559732667,4.177109440267335,历史2/5次成功; 当前距低点4.18%; 最新日涨幅-1.97%; 状态bottom_area; 底部未确认
113,65.691062116482,57.132434617523366,605081,退市太和,bottom_area,2024-01-24,12.71,2024-01-12,17.02,2024-01-23,12.42,2.334943639291473,4.4283413848631294,27.027027027027025,25.32314923619271,False,0.31570639305447123,3.872946870276324,1,4,1,25.0,22.909172661870517,22.909172661870517,2021-03-10,17.66505636070853,2.334943639291473,历史1/4次成功; 当前距低点2.33%; 最新日涨幅0.32%; 状态bottom_area; 底部未确认
114,65.67995473528148,59.660188016499546,000868,安凯客车,bottom_area,2024-01-24,4.44,2023-12-12,6.02,2024-01-23,4.24,4.7169811320754755,5.660377358490571,29.568106312292354,26.245847176079725,False,0.9090909090909038,1.214422242107119,5,14,5,35.714285714285715,42.484128251475795,69.53846153846153,2009-08-19; 2010-07-02; 2018-06-22; 2020-02-07; 2022-04-27,15.283018867924525,4.7169811320754755,历史5/14次成功; 当前距低点4.72%; 最新日涨幅0.91%; 状态bottom_area; 底部未确认
115,65.63739607458146,58.5409086348308,002213,大为股份,bottom_area,2024-01-24,11.45,2024-01-05,15.33,2024-01-24,11.04,3.713768115942031,5.525362318840591,27.98434442270059,25.309849967384217,False,0.0,1.5359376197746584,6,18,6,33.33333333333333,29.327777450781184,49.19191919191918,2008-09-18; 2012-11-30; 2016-01-14; 2018-02-01; 2020-02-04; 2023-08-29,16.28623188405797,3.713768115942031,历史6/18次成功; 当前距低点3.71%; 最新日涨幅0.00%; 状态bottom_area; 底部未确认
116,65.55021117708684,59.123719885215586,600468,百利电气,bottom_area,2024-01-24,5.06,2023-12-29,6.98,2024-01-24,4.85,4.329896907216495,5.360824742268056,30.515759312320927,27.507163323782247,False,1.6064257028112205,2.268106929736181,5,13,5,38.46153846153847,28.902606632630025,36.741214057507996,2001-10-22; 2005-12-08; 2008-01-23; 2008-04-03; 2020-02-04,15.670103092783505,4.329896907216495,历史5/13次成功; 当前距低点4.33%; 最新日涨幅1.61%; 状态bottom_area; 底部未确认
117,65.49792729658606,58.59584055622131,300458,全志科技,bottom_area,2024-01-24,17.93,2023-12-13,24.42,2024-01-24,17.26,3.881807647740429,6.315179606025491,29.32022932022932,26.57657657657658,False,0.0,1.0684142975582545,4,11,4,36.36363636363637,25.117293217871094,29.36660268714012,2015-06-30; 2015-08-26; 2015-09-02; 2018-06-26,16.118192352259573,3.881807647740429,历史4/11次成功; 当前距低点3.88%; 最新日涨幅0.00%; 状态bottom_area; 底部未确认
118,65.45293378130556,58.51367648030221,002009,天奇股份,bottom_area,2024-01-24,11.08,2023-12-29,15.66,2024-01-24,10.67,3.842549203373947,4.404873477038432,31.864623243933586,29.246487867177525,False,0.36231884057971175,2.0432562313133418,4,12,4,33.33333333333333,30.75997489602941,44.78798586572438,2006-11-14; 2007-06-05; 2015-06-30; 2023-04-26,16.157450796626055,3.842549203373947,历史4/12次成功; 当前距低点3.84%; 最新日涨幅0.36%; 状态bottom_area; 底部未确认
119,65.44692658482745,58.522747146136744,301047,义翘神州,bottom_area,2024-01-24,68.41,2023-11-08,92.21,2024-01-24,65.87,3.8560801578867343,5.343859116441469,28.565231536709675,25.810649604164404,False,0.26381357174263265,0.36268426114611346,1,2,1,50.0,28.196827452249927,28.196827452249927,2021-11-02,16.143919842113267,3.8560801578867343,历史1/2次成功; 当前距低点3.86%; 最新日涨幅0.26%; 状态bottom_area; 底部未确认
120,65.38956877646291,59.55262295081967,300806,斯迪克,bottom_area,2024-01-24,10.57,2023-12-29,14.17,2024-01-24,10.08,4.861111111111113,8.134920634920638,28.863796753705014,25.405786873676778,False,-1.0299625468164764,1.7309289799901137,2,4,2,50.0,35.19331335566133,46.19307832422588,2020-04-29; 2023-04-10,15.138888888888888,4.861111111111113,历史2/4次成功; 当前距低点4.86%; 最新日涨幅-1.03%; 状态bottom_area; 底部未确认
121,65.34174587461175,59.21172375817875,300092,科新机电,bottom_area,2024-01-24,10.49,2024-01-02,13.82,2024-01-24,10.03,4.586241276171495,6.879361914257241,27.424023154848054,24.095513748191028,False,0.0954198473282375,2.101671311395694,4,10,4,40.0,29.184698214245973,35.53299492385786,2012-12-04; 2015-06-30; 2020-02-04; 2022-04-27,15.413758723828508,4.586241276171495,历史4/10次成功; 当前距低点4.59%; 最新日涨幅0.10%; 状态bottom_area; 底部未确认
122,65.32828021930277,59.59045986462952,600071,凤凰光学,bottom_area,2024-01-24,16.97,2024-01-04,23.5,2024-01-24,16.17,4.947433518862073,5.318491032776743,31.191489361702118,27.787234042553195,False,0.5927682276229973,2.0121537806737018,7,16,7,43.75,27.523431653951803,38.88888888888889,2009-03-02; 2011-05-06; 2011-12-15; 2012-12-04; 2017-04-19; 2020-02-04; 2022-04-27,15.05256648113793,4.947433518862073,历史7/16次成功; 当前距低点4.95%; 最新日涨幅0.59%; 状态bottom_area; 底部未确认
123,65.10016589856644,58.487324818303435,600416,湘电股份,bottom_area,2024-01-24,12.4,2024-01-02,16.81,2024-01-23,11.91,4.114189756507139,5.2057094878253505,29.149315883402732,26.23438429506246,False,-0.08058017727639033,0.6269217164158798,8,17,8,47.05882352941176,26.68264290745575,35.943517329910144,2005-12-08; 2007-11-12; 2009-02-27; 2015-09-08; 2016-02-01; 2018-02-09; 2019-11-15; 2022-02-11,15.885810243492863,4.114189756507139,历史8/17次成功; 当前距低点4.11%; 最新日涨幅-0.08%; 状态bottom_area; 底部未确认
124,65.09739741684264,58.517046604800846,300353,东土科技,bottom_area,2024-01-24,7.79,2023-12-04,10.97,2024-01-24,7.48,4.144385026737963,6.684491978609625,31.814038286235185,28.988149498632637,False,-0.12820512820512775,1.866251146697832,2,4,2,50.0,20.840024009480672,21.377672209026137,2022-04-11; 2023-10-24,15.855614973262039,4.144385026737963,历史2/4次成功; 当前距低点4.14%; 最新日涨幅-0.13%; 状态bottom_area; 底部未确认
125,65.01617784514339,58.399487179487195,002426,胜利精密,bottom_area,2024-01-24,2.03,2023-11-30,2.75,2024-01-23,1.95,4.102564102564095,4.615384615384619,29.090909090909093,26.18181818181819,False,1.4999999999999902,0.9149914771057427,1,3,1,33.33333333333333,51.31578947368419,51.31578947368419,2022-04-27,15.897435897435908,4.102564102564095,历史1/3次成功; 当前距低点4.10%; 最新日涨幅1.50%; 状态bottom_area; 底部未确认
126,64.80467061895017,57.63388130190695,300650,太龙股份,bottom_area,2024-01-24,10.77,2023-12-29,14.59,2024-01-24,10.4,3.5576923076923,5.288461538461528,28.718300205620285,26.18231665524332,False,-0.1853568118628357,3.18412085562883,2,5,2,40.0,30.5667729217494,39.52308472856417,2018-02-07; 2020-09-29,16.4423076923077,3.5576923076923,历史2/5次成功; 当前距低点3.56%; 最新日涨幅-0.19%; 状态bottom_area; 底部未确认
127,64.41996116500523,57.953740012486634,002635,安洁科技,bottom_area,2024-01-24,12.44,2023-12-29,16.95,2024-01-23,11.94,4.1876046901172534,5.025125628140701,29.557522123893804,26.607669616519175,False,1.4681892332789603,3.208808681558818,3,9,3,33.33333333333333,31.97927619688515,46.67178699436763,2013-06-25; 2015-06-30; 2015-08-26,15.81239530988275,4.1876046901172534,历史3/9次成功; 当前距低点4.19%; 最新日涨幅1.47%; 状态bottom_area; 底部未确认
128,64.39910940602239,57.7996315905116,300446,航天智造,bottom_area,2024-01-24,13.33,2023-11-28,17.93,2024-01-24,12.81,4.05932864949258,4.05932864949258,28.555493586168428,25.6553262688232,False,0.9848484848484995,1.2612960532527964,3,11,3,27.27272727272727,42.70963344325585,51.92697768762679,2020-02-04; 2020-11-03; 2022-04-27,15.94067135050742,4.05932864949258,历史3/11次成功; 当前距低点4.06%; 最新日涨幅0.98%; 状态bottom_area; 底部未确认
129,64.33580215615576,58.10646258230576,002599,盛通股份,bottom_area,2024-01-24,5.69,2024-01-12,7.61,2024-01-24,5.45,4.403669724770646,5.688073394495405,28.383705650459923,25.229960578186596,False,0.3527336860670305,4.144262985068357,3,8,3,37.5,26.421126638617388,33.665214685749845,2015-07-29; 2015-09-07; 2022-10-12,15.596330275229356,4.403669724770646,历史3/8次成功; 当前距低点4.40%; 最新日涨幅0.35%; 状态bottom_area; 底部未确认
130,64.28327780392168,57.089047405243235,603348,文灿股份,bottom_area,2024-01-24,28.25,2023-12-26,40.7,2024-01-24,27.3,3.4798534798534773,5.274725274725267,32.923832923832926,30.589680589680597,False,0.2839900603478718,0.9535508243374902,2,7,2,28.57142857142857,28.97219153238415,31.539888682745836,2021-09-30; 2022-04-15,16.520146520146522,3.4798534798534773,历史2/7次成功; 当前距低点3.48%; 最新日涨幅0.28%; 状态bottom_area; 底部未确认
131,64.2424694174003,58.36151101388937,600206,有研新材,bottom_area,2024-01-24,10.42,2023-11-09,14.13,2024-01-24,9.95,4.723618090452268,5.025125628140704,29.582448690728953,26.256192498230718,False,1.3618677042801508,0.9585573267487913,6,15,6,40.0,26.297635807099645,31.707317073170753,2008-06-19; 2009-08-19; 2011-08-09; 2012-12-04; 2015-07-29; 2019-05-08,15.276381909547732,4.723618090452268,历史6/15次成功; 当前距低点4.72%; 最新日涨幅1.36%; 状态bottom_area; 底部未确认
132,64.22268119431884,57.16039322793325,300657,弘信电子,bottom_area,2024-01-24,15.54,2023-12-19,22.25,2024-01-24,15.0,3.5999999999999943,6.000000000000003,32.58426966292135,30.15730337078652,False,-1.270648030495558,2.17272468045724,2,6,2,33.33333333333333,42.98419298171985,52.493809692253265,2020-02-04; 2022-04-27,16.400000000000006,3.5999999999999943,历史2/6次成功; 当前距低点3.60%; 最新日涨幅-1.27%; 状态bottom_area; 底部未确认
133,64.12639046981334,57.92159673036048,300194,福安药业,bottom_area,2024-01-24,3.79,2023-11-27,5.09,2024-01-24,3.63,4.407713498622594,4.683195592286499,28.68369351669941,25.540275049115913,False,1.608579088471851,2.5361952417811136,3,8,3,37.5,25.476793049569885,30.667506297229213,2011-06-23; 2012-12-04; 2019-09-30,15.592286501377405,4.407713498622594,历史3/8次成功; 当前距低点4.41%; 最新日涨幅1.61%; 状态bottom_area; 底部未确认
134,63.967459182045715,57.9718578156908,002970,锐明技术,bottom_area,2024-01-24,26.88,2023-12-05,35.85,2024-01-24,25.7,4.591439688715952,6.964980544747079,28.31241283124129,25.020920502092054,False,0.7496251874062887,1.2465397392728153,1,2,1,50.0,34.24914142990946,34.24914142990946,2021-10-28,15.408560311284047,4.591439688715952,历史1/2次成功; 当前距低点4.59%; 最新日涨幅0.75%; 状态bottom_area; 底部未确认
135,63.75954968860373,57.25347318976661,300083,创世纪,bottom_area,2024-01-24,4.84,2024-01-02,6.42,2024-01-24,4.65,4.086021505376333,5.591397849462361,27.570093457943916,24.61059190031153,False,1.2552301255229992,1.3967957969259805,3,9,3,33.33333333333333,26.969187573609222,33.41433778857837,2014-07-24; 2020-02-04; 2022-10-10,15.913978494623668,4.086021505376333,历史3/9次成功; 当前距低点4.09%; 最新日涨幅1.26%; 状态bottom_area; 底部未确认
136,63.6277258373132,56.82720306740892,300139,晓程科技,bottom_area,2024-01-24,8.49,2023-12-04,11.48,2024-01-24,8.18,3.7897310513447495,4.7677261613692,28.745644599303137,26.04529616724739,False,0.8313539192399189,2.6219810820563567,3,12,3,25.0,39.10102077674697,63.12500000000001,2014-12-22; 2018-07-06; 2020-09-11,16.21026894865525,3.7897310513447495,历史3/12次成功; 当前距低点3.79%; 最新日涨幅0.83%; 状态bottom_area; 底部未确认
137,63.60098748496437,57.16613302405187,301069,凯盛新材,bottom_area,2024-01-24,15.6,2024-01-02,21.7,2024-01-24,14.98,4.138851802403199,5.340453938584773,30.96774193548387,28.110599078341014,False,0.6451612903225712,0.6571156074549079,1,2,1,50.0,24.369436201780413,24.369436201780413,2022-12-23,15.861148197596803,4.138851802403199,历史1/2次成功; 当前距低点4.14%; 最新日涨幅0.65%; 状态bottom_area; 底部未确认
138,63.37999657965242,57.246819713829126,300942,易瑞生物,bottom_area,2024-01-24,9.95,2023-11-13,14.05,2024-01-24,9.53,4.40713536201469,4.931794333683113,32.17081850533808,29.181494661921715,False,1.5306122448979442,0.4910413641512232,1,2,1,50.0,28.091872791519428,28.091872791519428,2021-03-05,15.592864637985313,4.40713536201469,历史1/2次成功; 当前距低点4.41%; 最新日涨幅1.53%; 状态bottom_area; 底部未确认
139,63.33261748966171,57.280225718194245,688088,虹软科技,bottom_area,2024-01-24,30.55,2023-12-29,41.27,2024-01-24,29.24,4.480164158686739,6.634746922024629,29.149503271141274,25.975284710443425,False,0.16393442622950616,1.1480907134807314,1,4,1,25.0,80.72368421052632,80.72368421052632,2020-02-03,15.519835841313261,4.480164158686739,历史1/4次成功; 当前距低点4.48%; 最新日涨幅0.16%; 状态bottom_area; 底部未确认
140,63.298095655472416,56.98613716903835,301512,智信精密,bottom_area,2024-01-24,49.8,2024-01-05,66.57,2024-01-24,47.78,4.2277103390539885,6.843867727082453,28.225927595012763,25.191527715187018,False,0.18105009052504784,5.16736906100603,1,2,1,50.0,24.490950226244347,24.490950226244347,2023-08-29,15.772289660946011,4.2277103390539885,历史1/2次成功; 当前距低点4.23%; 最新日涨幅0.18%; 状态bottom_area; 底部未确认
141,63.274864037740095,56.02174097664544,603811,诚意药业,bottom_area,2024-01-24,8.11,2023-11-27,11.43,2024-01-24,7.85,3.3121019108280225,6.496815286624201,31.321084864391953,29.04636920384952,False,-1.4580801944107047,2.735894421642704,1,3,1,33.33333333333333,59.49367088607595,59.49367088607595,2020-06-04,16.68789808917198,3.3121019108280225,历史1/3次成功; 当前距低点3.31%; 最新日涨幅-1.46%; 状态bottom_area; 底部未确认
142,63.26246114849329,57.31782709200185,002887,绿茵生态,bottom_area,2024-01-24,7.54,2024-01-12,10.16,2024-01-23,7.21,4.576976421636616,5.409153952843269,29.035433070866144,25.787401574803148,False,0.5333333333333412,2.7367141681763294,1,3,1,33.33333333333333,84.02282453637662,84.02282453637662,2022-04-27,15.423023578363384,4.576976421636616,历史1/3次成功; 当前距低点4.58%; 最新日涨幅0.53%; 状态bottom_area; 底部未确认
143,63.18686428326499,55.82466631712977,002609,捷顺科技,bottom_area,2024-01-24,8.72,2023-12-12,12.41,2024-01-24,8.45,3.1952662721893654,5.207100591715992,31.90975020145045,29.73408541498791,False,0.3452243958573131,3.0325379317777514,1,4,1,25.0,26.42405063291139,26.42405063291139,2022-04-28,16.804733727810635,3.1952662721893654,历史1/4次成功; 当前距低点3.20%; 最新日涨幅0.35%; 状态bottom_area; 底部未确认
144,63.1294729195252,56.03207655579159,600418,江淮汽车,bottom_area,2024-01-24,13.2,2023-12-12,18.24,2024-01-23,12.76,3.448275862068962,4.310344827586213,30.0438596491228,27.631578947368418,False,0.9946442234123776,2.037490816597882,6,22,6,27.27272727272727,25.716324894622144,42.760617760617755,2015-06-30; 2015-07-07; 2015-08-26; 2016-01-28; 2021-10-12; 2022-10-11,16.55172413793104,3.448275862068962,历史6/22次成功; 当前距低点3.45%; 最新日涨幅0.99%; 状态bottom_area; 底部未确认
145,63.09355627545787,57.13979748738227,000021,深科技,bottom_area,2024-01-24,12.63,2023-12-04,17.8,2024-01-23,12.08,4.552980132450337,5.463576158940398,32.13483146067416,29.044943820224717,False,0.8785942492012921,1.504867045378972,4,11,4,36.36363636363637,25.51638029475045,31.45985401459856,1995-04-27; 1996-06-13; 2001-02-16; 2022-10-10,15.447019867549663,4.552980132450337,历史4/11次成功; 当前距低点4.55%; 最新日涨幅0.88%; 状态bottom_area; 底部未确认
146,63.06923508116296,57.22876520727029,000536,华映科技,bottom_area,2024-01-24,2.92,2023-12-29,4.03,2024-01-23,2.79,4.659498207885301,5.01792114695341,30.76923076923077,27.54342431761787,False,2.8169014084507005,2.8754268342335987,8,22,8,36.36363636363637,27.300406810232946,41.90283400809715,1995-04-27; 1996-08-27; 1997-05-26; 2004-10-26; 2009-04-13; 2009-09-29; 2015-09-02; 2020-02-04,15.340501792114699,4.659498207885301,历史8/22次成功; 当前距低点4.66%; 最新日涨幅2.82%; 状态bottom_area; 底部未确认
147,62.80583225964327,55.96961600366074,301221,光庭信息,bottom_area,2024-01-24,44.08,2023-12-22,62.03,2024-01-24,42.52,3.668861712135454,5.3621825023518195,31.452522972755116,28.93761083346768,False,0.0,2.700663192783826,1,4,1,25.0,33.008713480266515,33.008713480266515,2022-04-28,16.331138287864547,3.668861712135454,历史1/4次成功; 当前距低点3.67%; 最新日涨幅0.00%; 状态bottom_area; 底部未确认
148,62.73979577027766,56.47927966873707,301186,超达装备,bottom_area,2024-01-24,33.56,2023-11-29,45.32,2024-01-24,32.2,4.223602484472048,5.8695652173913055,28.94969108561341,25.948808473080316,False,0.38887227041579653,0.8579096191078754,1,3,1,33.33333333333333,41.16,41.16,2022-04-27,15.776397515527954,4.223602484472048,历史1/3次成功; 当前距低点4.22%; 最新日涨幅0.39%; 状态bottom_area; 底部未确认
149,62.72421593575736,55.84143447696825,300478,杭州高新,bottom_area,2024-01-24,11.18,2024-01-03,15.25,2024-01-24,10.79,3.6144578313253066,5.931417979610757,29.245901639344268,26.688524590163937,False,1.17647058823529,2.713759090732127,2,7,2,28.57142857142857,23.91458396830234,27.500000000000004,2015-08-26; 2017-08-14,16.385542168674693,3.6144578313253066,历史2/7次成功; 当前距低点3.61%; 最新日涨幅1.18%; 状态bottom_area; 底部未确认
150,62.71169460602633,56.04651588233018,688595,芯海科技,bottom_area,2024-01-24,32.29,2024-01-11,42.78,2024-01-24,31.1,3.826366559485523,8.32797427652732,27.302477793361383,24.520804114072,False,-1.614868982327855,2.1675509892326583,2,5,2,40.0,25.32597654815685,28.739232576350837,2022-10-12; 2023-08-29,16.17363344051448,3.826366559485523,历史2/5次成功; 当前距低点3.83%; 最新日涨幅-1.61%; 状态bottom_area; 底部未确认
151,62.70439491470102,55.82009647266989,002020,京新药业,bottom_area,2024-01-24,10.33,2023-12-12,14.22,2024-01-24,9.97,3.6108324974924715,5.717151454363074,29.887482419127988,27.355836849507735,False,-1.0536398467432928,2.344950293499501,3,8,3,37.5,26.883304123401725,32.730732635585156,2008-09-18; 2015-08-25; 2018-10-18,16.38916750250753,3.6108324974924715,历史3/8次成功; 当前距低点3.61%; 最新日涨幅-1.05%; 状态bottom_area; 底部未确认
152,62.504433554114726,54.615942974526455,600588,用友网络,bottom_area,2024-01-24,12.67,2024-01-03,18.28,2024-01-24,12.35,2.591093117408909,5.263157894736845,32.439824945295406,30.689277899343548,False,-1.7829457364341161,1.1770596847085784,6,20,6,30.0,24.159329474294413,34.73972602739726,2005-06-06; 2015-05-05; 2015-07-29; 2018-05-03; 2021-02-04; 2023-05-30,17.40890688259109,2.591093117408909,历史6/20次成功; 当前距低点2.59%; 最新日涨幅-1.78%; 状态bottom_area; 底部未确认
153,62.443701048335406,56.340181396994346,002655,共达电声,bottom_area,2024-01-24,10.08,2024-01-02,13.84,2024-01-24,9.66,4.347826086956521,5.175983436853001,30.20231213872832,27.167630057803464,False,1.3065326633165952,1.8504443648888276,3,9,3,33.33333333333333,25.268234096354163,33.66568914956011,2016-01-14; 2018-05-30; 2020-02-04,15.65217391304348,4.347826086956521,历史3/9次成功; 当前距低点4.35%; 最新日涨幅1.31%; 状态bottom_area; 底部未确认
154,62.42979481916233,56.20435179646497,688001,华兴源创,bottom_area,2024-01-24,25.64,2024-01-02,36.2,2024-01-24,24.6,4.227642276422761,6.829268292682926,32.04419889502763,29.17127071823205,False,-0.11686793922867089,0.29571708402504654,2,5,2,40.0,31.093420358649794,35.3639240506329,2022-04-27; 2022-10-12,15.77235772357724,4.227642276422761,历史2/5次成功; 当前距低点4.23%; 最新日涨幅-0.12%; 状态bottom_area; 底部未确认
155,62.4282789290806,54.91938901507285,000860,顺鑫农业,bottom_area,2024-01-24,18.08,2023-11-23,25.84,2024-01-24,17.56,2.961275626423688,5.06833712984055,32.04334365325078,30.03095975232199,False,0.4444444444444251,1.3402456001916034,2,9,2,22.22222222222222,24.707214450340352,26.266280752532555,2005-07-12; 2008-03-18,17.038724373576315,2.961275626423688,历史2/9次成功; 当前距低点2.96%; 最新日涨幅0.44%; 状态bottom_area; 底部未确认
156,62.427422294397736,55.28409003051761,688607,康众医疗,bottom_area,2024-01-24,15.85,2024-01-04,21.2,2024-01-24,15.34,3.3246414602346794,6.779661016949147,27.641509433962263,25.235849056603772,False,-1.6139044072004949,3.464432973858681,1,3,1,33.33333333333333,46.1878453038674,46.1878453038674,2022-12-27,16.675358539765323,3.3246414602346794,历史1/3次成功; 当前距低点3.32%; 最新日涨幅-1.61%; 状态bottom_area; 底部未确认
157,62.25725586087587,56.37468050394272,300328,宜安科技,bottom_area,2024-01-24,5.75,2023-11-06,7.78,2024-01-24,5.5,4.545454545454546,4.545454545454546,29.30591259640103,26.092544987146532,False,2.313167259786475,1.2866016294479599,3,11,3,27.27272727272727,41.00756869177414,75.50847457627118,2015-09-07; 2017-01-16; 2020-02-04,15.454545454545453,4.545454545454546,历史3/11次成功; 当前距低点4.55%; 最新日涨幅2.31%; 状态bottom_area; 底部未确认
158,62.01687215593312,55.91017796114759,603778,国晟科技,bottom_area,2024-01-24,4.12,2024-01-10,5.47,2024-01-24,3.95,4.3037974683544284,6.835443037974673,27.78793418647166,24.68007312614259,False,-0.9615384615384581,3.2745068372138975,3,7,3,42.857142857142854,24.254879664339303,28.63436123348017,2018-06-20; 2020-02-04; 2022-04-15,15.696202531645573,4.3037974683544284,历史3/7次成功; 当前距低点4.30%; 最新日涨幅-0.96%; 状态bottom_area; 底部未确认
159,62.015326064017955,55.115679625007616,600460,士兰微,bottom_area,2024-01-24,20.29,2023-11-10,27.85,2024-01-24,19.6,3.5204081632652944,4.540816326530597,29.622980251346497,27.145421903052068,False,-0.39273441335297976,0.6452425620137352,6,18,6,33.33333333333333,31.015467225371808,41.15323854660348,2004-08-30; 2005-06-03; 2009-03-02; 2013-06-25; 2015-06-30; 2019-05-07,16.47959183673471,3.5204081632652944,历史6/18次成功; 当前距低点3.52%; 最新日涨幅-0.39%; 状态bottom_area; 底部未确认
160,61.80540735219795,56.42389455573306,002577,雷柏科技,bottom_area,2024-01-24,15.14,2024-01-12,20.5,2024-01-24,14.42,4.993065187239949,6.102635228848826,29.65853658536585,26.14634146341463,False,0.9333333333333416,2.2929885741985396,2,7,2,28.57142857142857,43.94514767932489,50.0,2018-02-07; 2022-04-27,15.006934812760054,4.993065187239949,历史2/7次成功; 当前距低点4.99%; 最新日涨幅0.93%; 状态bottom_area; 底部未确认
161,61.62725268053614,55.27363393446145,600386,北巴传媒,bottom_area,2024-01-24,3.88,2023-12-18,5.3,2024-01-23,3.73,4.021447721179623,4.55764075067024,29.62264150943396,26.79245283018868,False,2.37467018469657,1.4930927579365079,3,10,3,30.0,22.75556311156447,25.49019607843137,2008-04-03; 2015-06-30; 2020-02-04,15.978552278820379,4.021447721179623,历史3/10次成功; 当前距低点4.02%; 最新日涨幅2.37%; 状态bottom_area; 底部未确认
162,61.55981669833377,54.96578285045363,300580,贝斯特,bottom_area,2024-01-24,23.64,2023-12-22,32.29,2024-01-24,22.78,3.7752414398595233,6.628621597892879,29.451842675751,26.78847940538866,False,-1.6638935108153063,1.319149161275306,1,3,1,33.33333333333333,53.89266817838245,53.89266817838245,2022-04-27,16.22475856014048,3.7752414398595233,历史1/3次成功; 当前距低点3.78%; 最新日涨幅-1.66%; 状态bottom_area; 底部未确认
163,61.41262624284213,54.25479146700272,688368,晶丰明源,bottom_area,2024-01-24,78.86,2023-12-29,108.98,2024-01-24,76.42,3.192881444647995,7.0531274535461925,29.877041659020005,27.638098733712614,False,-2.821934688847816,0.5655068567567251,3,9,3,33.33333333333333,22.372192620789267,23.13765182186235,2020-12-11; 2022-04-25; 2023-08-28,16.80711855535201,3.192881444647995,历史3/9次成功; 当前距低点3.19%; 最新日涨幅-2.82%; 状态bottom_area; 底部未确认
164,61.37264124361691,55.814525752322865,300557,理工光科,bottom_area,2024-01-24,28.7,2023-11-21,37.99,2024-01-24,27.39,4.7827674333698385,5.07484483388098,27.902079494603843,24.453803632534886,False,2.7568922305764465,0.6799442693800161,2,6,2,33.33333333333333,27.773667564907296,29.482758620689648,2018-02-07; 2020-02-04,15.217232566630162,4.7827674333698385,历史2/6次成功; 当前距低点4.78%; 最新日涨幅2.76%; 状态bottom_area; 底部未确认
165,61.367196770549654,55.596800032484225,603516,淳中科技,bottom_area,2024-01-24,17.15,2023-12-29,23.93,2024-01-24,16.4,4.573170731707318,8.170731707317074,31.466778102799836,28.332636857501047,False,-2.4459613196814556,2.2635600250092796,1,2,1,50.0,43.72918978912319,43.72918978912319,2019-01-31,15.426829268292682,4.573170731707318,历史1/2次成功; 当前距低点4.57%; 最新日涨幅-2.45%; 状态bottom_area; 底部未确认
166,61.33616102794743,55.86423783936654,300955,嘉亨家化,bottom_area,2024-01-24,18.54,2024-01-09,24.57,2024-01-23,17.68,4.864253393665155,6.50452488687782,28.042328042328045,24.542124542124547,False,1.9241341396371459,1.3634920634920635,1,2,1,50.0,26.262019230769234,26.262019230769234,2022-09-26,15.135746606334846,4.864253393665155,历史1/2次成功; 当前距低点4.86%; 最新日涨幅1.92%; 状态bottom_area; 底部未确认
167,61.25858297216975,55.533358187591844,300805,电声股份,bottom_area,2024-01-24,8.4,2024-01-11,11.69,2024-01-23,8.03,4.6077210460772235,5.853051058530519,31.308810949529516,28.143712574850294,False,2.689486552567244,3.539501883925634,1,2,1,50.0,21.338506304558674,21.338506304558674,2020-04-28,15.392278953922778,4.6077210460772235,历史1/2次成功; 当前距低点4.61%; 最新日涨幅2.69%; 状态bottom_area; 底部未确认
168,61.21695460692996,54.304290894529615,300637,扬帆新材,bottom_area,2024-01-24,8.17,2024-01-02,10.84,2024-01-24,7.9,3.4177215189873364,4.936708860759478,27.12177121771217,24.6309963099631,False,0.3685503685503688,3.193640396542332,1,5,1,20.0,31.810193321616865,31.810193321616865,2022-04-27,16.582278481012665,3.4177215189873364,历史1/5次成功; 当前距低点3.42%; 最新日涨幅0.37%; 状态bottom_area; 底部未确认
169,61.2166104103745,55.5141377564778,002559,亚威股份,bottom_area,2024-01-24,8.82,2023-12-28,11.68,2024-01-24,8.43,4.626334519572961,4.86358244365362,27.825342465753426,24.48630136986301,False,0.8000000000000007,5.223837065108481,4,12,4,33.33333333333333,24.241113590165668,27.263779527559052,2011-06-20; 2012-12-04; 2015-06-30; 2016-01-14,15.37366548042704,4.626334519572961,历史4/12次成功; 当前距低点4.63%; 最新日涨幅0.80%; 状态bottom_area; 底部未确认
170,61.16703323348582,55.40047180831491,688396,华润微,bottom_area,2024-01-24,40.6,2023-11-20,55.09,2024-01-24,38.83,4.55833118722638,4.996137007468465,29.515338536939563,26.30241423125794,False,2.758795241710965,0.31503286611639625,1,2,1,50.0,20.01863932898416,20.01863932898416,2021-02-04,15.44166881277362,4.55833118722638,历史1/2次成功; 当前距低点4.56%; 最新日涨幅2.76%; 状态bottom_area; 底部未确认
171,61.14096329915423,55.39536127619644,300935,盈建科,bottom_area,2024-01-24,22.85,2023-11-15,31.79,2024-01-24,21.85,4.576659038901601,5.629290617848955,31.267694243472782,28.122050959421195,False,0.3513394817742821,2.26072230245068,1,2,1,50.0,20.2158273381295,20.2158273381295,2023-04-27,15.4233409610984,4.576659038901601,历史1/2次成功; 当前距低点4.58%; 最新日涨幅0.35%; 状态bottom_area; 底部未确认
172,61.12917119187101,55.454733359714226,002298,中电鑫龙,bottom_area,2024-01-24,4.73,2023-11-21,6.42,2024-01-24,4.52,4.646017699115063,4.867256637168156,29.59501557632399,26.323987538940802,False,1.7204301075268935,2.5223189783498805,3,9,3,33.33333333333333,24.16301279765181,24.64589235127478,2015-09-02; 2018-02-09; 2022-10-10,15.353982300884939,4.646017699115063,历史3/9次成功; 当前距低点4.65%; 最新日涨幅1.72%; 状态bottom_area; 底部未确认
173,61.01521353271829,55.00958043892717,300241,瑞丰光电,bottom_area,2024-01-24,4.36,2024-01-02,5.84,2024-01-24,4.18,4.306220095693795,5.0239234449760755,28.424657534246577,25.342465753424648,False,0.6928406466512715,2.97996784840427,4,15,4,26.666666666666668,32.04890102388366,43.7984496124031,2011-08-09; 2015-06-30; 2017-01-17; 2020-02-04,15.693779904306208,4.306220095693795,历史4/15次成功; 当前距低点4.31%; 最新日涨幅0.69%; 状态bottom_area; 底部未确认
174,61.000436053132354,55.12682922882919,002338,奥普光电,bottom_area,2024-01-24,25.66,2024-01-02,33.92,2024-01-24,24.57,4.436304436304436,6.1457061457061375,27.564858490566042,24.351415094339625,False,0.0,1.7372083333333332,3,10,3,30.0,27.051630879587613,34.72144063027576,2015-09-08; 2019-05-08; 2020-07-17,15.563695563695564,4.436304436304436,历史3/10次成功; 当前距低点4.44%; 最新日涨幅0.00%; 状态bottom_area; 底部未确认
175,60.732645641760804,54.03243256859569,301070,开勒股份,bottom_area,2024-01-24,33.87,2023-12-29,45.45,2024-01-24,32.7,3.57798165137613,6.23853211009174,28.052805280528055,25.47854785478549,False,-0.7327080890973003,1.3576323313347123,1,2,1,50.0,23.119520073834785,23.119520073834785,2022-04-28,16.422018348623872,3.57798165137613,历史1/2次成功; 当前距低点3.58%; 最新日涨幅-0.73%; 状态bottom_area; 底部未确认
176,60.6941568996305,55.29340565008711,600722,金牛化工,bottom_area,2024-01-24,4.3,2024-01-04,5.78,2024-01-23,4.1,4.87804878048781,5.853658536585372,29.065743944636687,25.605536332179934,False,2.13776722090262,1.381909148410467,5,16,5,31.25,30.6538003741899,47.55905511811023,2016-01-18; 2017-11-29; 2020-02-04; 2021-03-10; 2022-04-27,15.121951219512193,4.87804878048781,历史5/16次成功; 当前距低点4.88%; 最新日涨幅2.14%; 状态bottom_area; 底部未确认
177,60.67179946253589,54.93903100938289,300485,赛升药业,bottom_area,2024-01-24,8.97,2023-11-24,12.05,2024-01-24,8.58,4.545454545454552,4.895104895104894,28.796680497925315,25.560165975103732,False,1.931818181818179,1.4135707693338129,2,8,2,25.0,38.2132654463401,47.71365960555149,2015-07-08; 2020-07-03,15.454545454545448,4.545454545454552,历史2/8次成功; 当前距低点4.55%; 最新日涨幅1.93%; 状态bottom_area; 底部未确认
178,60.63398089133727,54.67854681183202,600936,北投科技,bottom_area,2024-01-24,3.14,2023-12-13,4.34,2024-01-24,3.01,4.318936877076424,5.647840531561474,30.64516129032258,27.649769585253452,False,0.0,1.2445405929440068,1,4,1,25.0,34.03614457831326,34.03614457831326,2016-10-21,15.681063122923577,4.318936877076424,历史1/4次成功; 当前距低点4.32%; 最新日涨幅0.00%; 状态bottom_area; 底部未确认
179,60.583455512507534,54.70939423658001,000670,盈方微,bottom_area,2024-01-24,5.7,2023-12-08,7.96,2024-01-24,5.46,4.3956043956043995,5.677655677655671,31.4070351758794,28.39195979899497,False,0.17574692442881013,1.6934941531933219,3,10,3,30.0,24.30845300300019,29.447852760736197,2001-10-22; 2020-02-04; 2023-08-25,15.604395604395602,4.3956043956043995,历史3/10次成功; 当前距低点4.40%; 最新日涨幅0.18%; 状态bottom_area; 底部未确认
180,60.42168233277263,54.33402277280882,300878,维康药业,bottom_area,2024-01-24,21.26,2023-12-13,27.97,2024-01-24,20.41,4.164625183733471,5.242528172464479,27.028959599570967,23.989989274222374,False,1.2863268222963464,0.9392606112168219,1,3,1,33.33333333333333,28.903413217138713,28.903413217138713,2023-11-17,15.835374816266528,4.164625183733471,历史1/3次成功; 当前距低点4.16%; 最新日涨幅1.29%; 状态bottom_area; 底部未确认
181,60.38703435790507,54.04055030448636,600792,云煤能源,bottom_area,2024-01-24,4.53,2024-01-10,5.98,2024-01-23,4.36,3.8990825688073376,5.5045871559632875,27.09030100334448,24.24749163879599,False,-0.22026431718060735,2.7434681244246684,4,13,4,30.76923076923077,35.43257291057573,63.99026763990266,2006-04-25; 2012-12-04; 2014-06-20; 2020-02-04,16.100917431192663,3.8990825688073376,历史4/13次成功; 当前距低点3.90%; 最新日涨幅-0.22%; 状态bottom_area; 底部未确认
182,60.32765254998112,54.7577881847926,000989,九芝堂,bottom_area,2024-01-24,8.73,2023-12-14,11.69,2024-01-24,8.34,4.676258992805763,5.155875299760188,28.65697177074422,25.320786997433697,False,1.5116279069767424,1.680031072003245,2,6,2,33.33333333333333,20.786695457292502,20.87026591458501,2008-03-18; 2022-04-27,15.323741007194238,4.676258992805763,历史2/6次成功; 当前距低点4.68%; 最新日涨幅1.51%; 状态bottom_area; 底部未确认
183,60.14869727786555,54.80812307050478,603416,信捷电气,bottom_area,2024-01-24,28.53,2024-01-02,37.99,2024-01-24,27.2,4.889705882352948,5.588235294117646,28.40221110818637,24.901289813108715,False,0.8127208480565473,1.493482710330712,1,3,1,33.33333333333333,40.34042553191488,40.34042553191488,2018-02-07,15.110294117647053,4.889705882352948,历史1/3次成功; 当前距低点4.89%; 最新日涨幅0.81%; 状态bottom_area; 底部未确认
184,60.1385803851313,52.97969643267568,688095,福昕软件,bottom_area,2024-01-24,53.58,2023-12-29,71.56,2024-01-24,52.0,3.038461538461535,7.307692307692302,27.33370598099497,25.125768585802128,False,-2.13698630136987,2.7293274883212173,1,4,1,25.0,31.679509356817103,31.679509356817103,2021-10-28,16.961538461538467,3.038461538461535,历史1/4次成功; 当前距低点3.04%; 最新日涨幅-2.14%; 状态bottom_area; 底部未确认
185,60.04754774936835,54.48390996981074,603033,三维股份,bottom_area,2024-01-24,13.71,2023-12-05,18.92,2024-01-24,13.1,4.65648854961833,6.259541984732826,30.76109936575054,27.536997885835095,False,0.146092037983947,0.3734502885984125,2,7,2,28.57142857142857,29.38934488524091,33.85620915032679,2018-06-22; 2021-09-29,15.343511450381673,4.65648854961833,历史2/7次成功; 当前距低点4.66%; 最新日涨幅0.15%; 状态bottom_area; 底部未确认
186,59.85709535506635,53.63817635713738,603528,多伦科技,bottom_area,2024-01-24,7.59,2023-12-04,10.88,2024-01-24,7.3,3.9726027397260277,4.931506849315073,32.904411764705884,30.238970588235297,False,0.6631299734747964,1.5044829478656654,2,8,2,25.0,24.197368837165172,26.407766990291247,2018-10-12; 2021-11-02,16.027397260273972,3.9726027397260277,历史2/8次成功; 当前距低点3.97%; 最新日涨幅0.66%; 状态bottom_area; 底部未确认
187,59.8532763200142,53.504345215247184,002900,哈三联,bottom_area,2024-01-24,11.36,2023-11-23,15.49,2024-01-24,10.94,3.8391224862888476,5.118829981718469,29.373789541639773,26.662362814719177,False,1.2477718360071277,1.9173001116314543,1,4,1,25.0,21.841637010676155,21.841637010676155,2018-02-07,16.160877513711153,3.8391224862888476,历史1/4次成功; 当前距低点3.84%; 最新日涨幅1.25%; 状态bottom_area; 底部未确认
188,59.763106901643866,53.41397660767283,688110,东芯股份,bottom_area,2024-01-24,25.76,2023-12-29,34.57,2024-01-24,24.81,3.829101168883527,6.972994760177349,28.23257159386752,25.484524153890654,False,-0.9611687812379865,1.277303094492727,1,2,1,50.0,22.87272727272727,22.87272727272727,2023-08-28,16.170898831116475,3.829101168883527,历史1/2次成功; 当前距低点3.83%; 最新日涨幅-0.96%; 状态bottom_area; 底部未确认
189,59.758753157392995,53.35738882095591,688358,祥生医疗,bottom_area,2024-01-24,28.04,2023-12-29,38.1,2024-01-24,27.02,3.7749814951887477,6.957809030347886,29.08136482939633,26.40419947506562,False,-1.8550927546377327,1.623746664246822,1,2,1,50.0,21.905089408528212,21.905089408528212,2022-04-27,16.225018504811253,3.7749814951887477,历史1/2次成功; 当前距低点3.77%; 最新日涨幅-1.86%; 状态bottom_area; 底部未确认
190,59.74379046384844,53.93662400671778,688389,普门科技,bottom_area,2024-01-24,17.87,2023-12-01,25.0,2024-01-24,17.12,4.380841121495327,7.476635514018677,31.52,28.519999999999996,False,-1.2161415146489718,0.7682636727414147,1,2,1,50.0,32.445923460898506,32.445923460898506,2022-04-27,15.619158878504674,4.380841121495327,历史1/2次成功; 当前距低点4.38%; 最新日涨幅-1.22%; 状态bottom_area; 底部未确认
191,59.66250145491132,52.979854852104694,603305,旭升集团,bottom_area,2024-01-24,15.19,2024-01-02,20.14,2024-01-24,14.68,3.4741144414168925,5.994550408719351,27.110228401191662,24.577954319761673,False,-0.8485639686684143,0.728799633882622,2,7,2,28.57142857142857,29.282527227147792,32.41061130334487,2018-03-26; 2023-10-31,16.52588555858311,3.4741144414168925,历史2/7次成功; 当前距低点3.47%; 最新日涨幅-0.85%; 状态bottom_area; 底部未确认
192,59.65472805103476,54.23157095548614,300039,上海凯宝,bottom_area,2024-01-24,5.72,2023-12-13,7.58,2024-01-22,5.46,4.761904761904758,8.424908424908423,27.96833773087071,24.538258575197894,False,1.9607843137254832,1.6107510000505254,2,8,2,25.0,37.06297748725261,49.888971132494454,2015-05-04; 2022-01-25,15.238095238095243,4.761904761904758,历史2/8次成功; 当前距低点4.76%; 最新日涨幅1.96%; 状态bottom_area; 底部未确认
193,59.52042624182057,53.56707230619895,000837,秦川机床,bottom_area,2024-01-24,8.17,2024-01-02,10.9,2024-01-24,7.84,4.209183673469389,4.46428571428571,28.073394495412845,25.04587155963303,False,1.6169154228855787,1.5374476027634163,3,11,3,27.27272727272727,21.790870918279914,21.915584415584412,2010-05-21; 2015-06-30; 2022-04-27,15.790816326530614,4.209183673469389,历史3/11次成功; 当前距低点4.21%; 最新日涨幅1.62%; 状态bottom_area; 底部未确认
194,59.50171038825868,53.327397631263906,603788,宁波高发,bottom_area,2024-01-24,12.8,2023-12-04,17.06,2024-01-24,12.31,3.980503655564583,4.630381803411862,27.84290738569753,24.9706916764361,False,0.9463722397476504,1.411202394760568,1,5,1,20.0,33.456698741672845,33.456698741672845,2020-02-04,16.019496344435417,3.980503655564583,历史1/5次成功; 当前距低点3.98%; 最新日涨幅0.95%; 状态bottom_area; 底部未确认
195,59.485713810683905,54.03488555563488,300414,中光防雷,bottom_area,2024-01-24,7.99,2023-11-16,10.77,2024-01-24,7.63,4.718217562254264,6.1598951507208355,29.155060352831942,25.81244196843082,False,0.7566204287515754,1.6357731692509636,2,9,2,22.22222222222222,41.488527107629295,48.535564853556465,2018-02-09; 2020-02-04,15.28178243774574,4.718217562254264,历史2/9次成功; 当前距低点4.72%; 最新日涨幅0.76%; 状态bottom_area; 底部未确认
196,59.47084262671782,53.187901984170004,600817,宇通重工,bottom_area,2024-01-24,8.33,2023-11-15,11.01,2024-01-24,8.02,3.865336658354121,5.860349127182054,27.157129881925524,24.341507720254313,False,-0.3588516746411363,0.4235284183949195,5,23,5,21.73913043478261,60.723331489593335,179.13978494623655,1994-07-29; 1994-08-10; 1998-08-19; 2005-08-17; 2022-10-11,16.13466334164588,3.865336658354121,历史5/23次成功; 当前距低点3.87%; 最新日涨幅-0.36%; 状态bottom_area; 底部未确认
197,59.45010806170225,53.60524794848326,600686,金龙汽车,bottom_area,2024-01-24,6.53,2023-12-13,8.89,2024-01-23,6.26,4.313099041533554,4.952076677316302,29.583802024746912,26.546681664791905,False,2.351097178683381,2.5030840991056316,4,18,4,22.22222222222222,34.212678535614,54.365079365079374,1994-03-11; 2000-09-22; 2007-05-24; 2008-09-18,15.686900958466449,4.313099041533554,历史4/18次成功; 当前距低点4.31%; 最新日涨幅2.35%; 状态bottom_area; 底部未确认
198,59.441398267476465,52.819563384444365,688131,皓元医药,bottom_area,2024-01-24,39.5,2023-12-29,53.5,2024-01-24,38.16,3.5115303983228605,5.398322851153046,28.672897196261687,26.168224299065418,False,-0.2525252525252597,0.6915003832969988,1,3,1,33.33333333333333,35.228598705844924,35.228598705844924,2022-10-12,16.488469601677142,3.5115303983228605,历史1/3次成功; 当前距低点3.51%; 最新日涨幅-0.25%; 状态bottom_area; 底部未确认
199,59.43116294148741,54.17431092931374,600682,南京新百,bottom_area,2024-01-24,6.41,2023-12-13,8.5,2024-01-23,6.11,4.909983633387886,5.400981996726678,28.117647058823525,24.588235294117645,False,1.746031746031762,1.045023171855625,5,18,5,27.77777777777778,32.55176972577242,39.71774193548387,1993-12-20; 1994-08-10; 1998-08-18; 2008-09-18; 2016-03-01,15.090016366612117,4.909983633387886,历史5/18次成功; 当前距低点4.91%; 最新日涨幅1.75%; 状态bottom_area; 底部未确认
200,59.288635238096475,53.12733960352143,603733,仙鹤股份,bottom_area,2024-01-24,14.4,2023-11-06,19.1,2024-01-23,13.85,3.971119133574012,4.83754512635379,27.486910994764408,24.60732984293194,False,1.7667844522968101,0.398417904219842,1,3,1,33.33333333333333,20.04385964912281,20.04385964912281,2018-06-21,16.028880866425986,3.971119133574012,历史1/3次成功; 当前距低点3.97%; 最新日涨幅1.77%; 状态bottom_area; 底部未确认
201,59.00923665521301,53.85579427226364,600516,方大炭素,bottom_area,2024-01-24,4.64,2023-10-18,6.2,2024-01-23,4.42,4.977375565610854,5.203619909502272,28.70967741935484,25.161290322580655,False,1.7543859649122862,0.5232005793634377,5,17,5,29.411764705882355,28.125104222504234,34.63414634146339,2006-04-28; 2008-04-02; 2015-07-07; 2020-02-04; 2021-02-08,15.022624434389147,4.977375565610854,历史5/17次成功; 当前距低点4.98%; 最新日涨幅1.75%; 状态bottom_area; 底部未确认
202,58.822187860516784,53.104709963036576,002272,川润股份,bottom_area,2024-01-24,5.48,2024-01-04,7.2,2024-01-23,5.25,4.3809523809523885,5.714285714285711,27.083333333333336,23.888888888888886,False,1.6697588126159735,2.137783066510838,2,11,2,18.181818181818183,41.10757346416826,48.337595907928375,2012-12-04; 2022-04-27,15.619047619047613,4.3809523809523885,历史2/11次成功; 当前距低点4.38%; 最新日涨幅1.67%; 状态bottom_area; 底部未确认
203,58.82103217172639,53.50545732624338,300448,浩云科技,bottom_area,2024-01-24,4.59,2023-11-15,6.31,2024-01-24,4.38,4.794520547945204,4.794520547945204,30.586370839936606,27.25832012678288,False,2.0000000000000018,1.294168325560353,2,7,2,28.57142857142857,25.820851942326513,27.957493358337228,2016-01-14; 2020-07-27,15.205479452054796,4.794520547945204,历史2/7次成功; 当前距低点4.79%; 最新日涨幅2.00%; 状态bottom_area; 底部未确认
204,58.80552380952383,53.23733333333334,688600,皖仪科技,bottom_area,2024-01-24,15.68,2024-01-02,20.68,2024-01-24,15.0,4.533333333333331,7.199999999999989,27.466150870406185,24.177949709864606,False,-0.9475679090334865,1.1818111300805052,1,3,1,33.33333333333333,65.26666666666667,65.26666666666667,2021-10-25,15.46666666666667,4.533333333333331,历史1/3次成功; 当前距低点4.53%; 最新日涨幅-0.95%; 状态bottom_area; 底部未确认
205,58.726866618335634,52.109532447814544,300661,圣邦股份,bottom_area,2024-01-24,65.99,2023-12-29,89.5,2024-01-24,63.8,3.432601880877739,5.4858934169279,28.715083798882684,26.26815642458101,False,-1.0051005100510046,0.5357333968040743,1,4,1,25.0,31.832606108687024,31.832606108687024,2021-03-25,16.567398119122263,3.432601880877739,历史1/4次成功; 当前距低点3.43%; 最新日涨幅-1.01%; 状态bottom_area; 底部未确认
206,58.685669710944936,52.759755179872315,300432,富临精工,bottom_area,2024-01-24,8.28,2023-12-13,11.12,2024-01-24,7.95,4.150943396226404,6.66666666666667,28.50719424460431,25.539568345323744,False,-0.2409638554217053,0.8861608892187987,3,9,3,33.33333333333333,26.078348332984813,30.89330024813896,2015-08-25; 2020-07-02; 2020-09-25,15.849056603773597,4.150943396226404,历史3/9次成功; 当前距低点4.15%; 最新日涨幅-0.24%; 状态bottom_area; 底部未确认
207,58.470676798787956,52.947516703786214,300474,景嘉微,bottom_area,2024-01-24,56.33,2024-01-02,74.67,2024-01-23,53.88,4.547141796584995,6.607275426874527,27.842507030936115,24.561403508771935,False,-0.7750572485467733,1.5019653100976895,1,4,1,25.0,59.857142857142854,59.857142857142854,2021-10-14,15.452858203415007,4.547141796584995,历史1/4次成功; 当前距低点4.55%; 最新日涨幅-0.78%; 状态bottom_area; 底部未确认
208,58.36321289273146,53.09282612367774,002524,光正眼科,bottom_area,2024-01-24,5.46,2023-11-27,7.23,2024-01-24,5.21,4.798464491362764,7.293666026871399,27.939142461964046,24.48132780082988,False,0.7380073800737907,1.8640677853065553,3,11,3,27.27272727272727,26.464602543417964,35.25452250736222,2011-01-20; 2012-05-28; 2017-07-17,15.201535508637237,4.798464491362764,历史3/11次成功; 当前距低点4.80%; 最新日涨幅0.74%; 状态bottom_area; 底部未确认
209,58.28222459585646,52.4353628117914,301072,中捷精工,bottom_area,2024-01-24,21.38,2023-11-30,29.54,2024-01-24,20.52,4.191033138401556,5.896686159844059,30.534867975626266,27.623561272850374,False,1.4231499051233332,1.5991980365159852,1,4,1,25.0,20.408163265306122,20.408163265306122,2023-07-24,15.808966861598444,4.191033138401556,历史1/4次成功; 当前距低点4.19%; 最新日涨幅1.42%; 状态bottom_area; 底部未确认
210,58.23178698295961,52.539958180113935,300682,朗新科技,bottom_area,2024-01-24,12.48,2023-12-29,16.55,2024-01-24,11.96,4.347826086956518,6.187290969899652,27.734138972809664,24.59214501510574,False,0.8892481810832686,1.2557543770899535,1,3,1,33.33333333333333,21.503593145384194,21.503593145384194,2022-04-27,15.652173913043482,4.347826086956518,历史1/3次成功; 当前距低点4.35%; 最新日涨幅0.89%; 状态bottom_area; 底部未确认
211,58.09775220488569,51.28364267840667,603986,兆易创新,bottom_area,2024-01-24,72.1,2023-12-14,96.47,2024-01-24,69.9,3.14735336194562,5.779685264663794,27.54224111122628,25.261739400850008,False,-1.543083435750392,1.9652471166285483,2,8,2,25.0,23.895743783025193,27.232537577365157,2021-03-16; 2023-08-25,16.85264663805438,3.14735336194562,历史2/8次成功; 当前距低点3.15%; 最新日涨幅-1.54%; 状态bottom_area; 底部未确认
212,58.04589207617668,51.9399418585335,688143,长盈通,bottom_area,2024-01-24,23.75,2024-01-11,33.18,2024-01-24,22.86,3.893263342082242,8.880139982502193,31.103074141048825,28.420735382760697,False,-4.195240016135537,1.8458108237407629,1,2,1,50.0,25.949367088607595,25.949367088607595,2023-06-29,16.106736657917757,3.893263342082242,历史1/2次成功; 当前距低点3.89%; 最新日涨幅-4.20%; 状态bottom_area; 底部未确认
213,57.89797560613477,52.36960980192518,688115,思林杰,bottom_area,2024-01-24,25.16,2024-01-02,35.17,2024-01-24,24.08,4.485049833887051,6.270764119601335,31.53255615581462,28.461757179414278,False,0.03976143141153354,1.7838608069596522,1,4,1,25.0,23.658728081654015,23.658728081654015,2022-12-23,15.51495016611295,4.485049833887051,历史1/4次成功; 当前距低点4.49%; 最新日涨幅0.04%; 状态bottom_area; 底部未确认
214,57.855549844619816,51.570675053101624,603353,和顺石油,bottom_area,2024-01-24,21.4,2023-12-22,28.76,2024-01-24,20.64,3.6821705426356495,5.135658914728676,28.2336578581363,25.59109874826148,False,-0.4187994416007479,1.1095658400610082,2,7,2,28.57142857142857,24.256656860350496,27.079174983366617,2022-04-27; 2023-12-08,16.317829457364354,3.6821705426356495,历史2/7次成功; 当前距低点3.68%; 最新日涨幅-0.42%; 状态bottom_area; 底部未确认
215,57.51968611058227,52.378803540833786,300292,吴通控股,bottom_area,2024-01-24,3.24,2023-11-21,4.25,2024-01-24,3.09,4.854368932038847,4.854368932038847,27.294117647058826,23.764705882352935,False,2.208201892744488,2.0411583710635317,1,4,1,25.0,28.23529411764707,28.23529411764707,2019-02-01,15.145631067961155,4.854368932038847,历史1/4次成功; 当前距低点4.85%; 最新日涨幅2.21%; 状态bottom_area; 底部未确认
216,57.47047440739259,50.50004558075338,000729,燕京啤酒,bottom_area,2024-01-24,7.81,2023-11-01,10.66,2024-01-24,7.59,2.898550724637678,3.6890645586297794,28.79924953095685,26.735459662288935,False,0.385604113110527,0.6944713635720936,1,9,1,11.11111111111111,24.252491694352173,24.252491694352173,2018-07-05,17.101449275362324,2.898550724637678,历史1/9次成功; 当前距低点2.90%; 最新日涨幅0.39%; 状态bottom_area; 底部未确认
217,57.409108542200535,52.2479448432096,002331,皖通科技,bottom_area,2024-01-24,7.39,2023-12-05,10.03,2024-01-24,7.05,4.822695035460991,5.6737588652482325,29.710867397806577,26.321036889332,False,1.5109890109890056,2.419336001514347,2,8,2,25.0,27.143492064842256,33.03909205548551,2018-02-07; 2022-10-11,15.17730496453901,4.822695035460991,历史2/8次成功; 当前距低点4.82%; 最新日涨幅1.51%; 状态bottom_area; 底部未确认
218,57.378930953566815,50.663248631871284,603160,汇顶科技,bottom_area,2024-01-24,57.41,2023-11-06,80.0,2024-01-24,55.65,3.162623539982027,4.9056603773584975,30.4375,28.237500000000004,False,-1.289546079779913,0.8365980805087609,1,4,1,25.0,20.747474747474755,20.747474747474755,2022-04-28,16.837376460017975,3.162623539982027,历史1/4次成功; 当前距低点3.16%; 最新日涨幅-1.29%; 状态bottom_area; 底部未确认
219,57.271638120454476,52.26150211746059,688003,天准科技,bottom_area,2024-01-24,30.0,2023-11-21,41.36,2024-01-24,28.58,4.968509447165856,7.242827151854445,30.89941972920697,27.466150870406185,False,0.0,0.9916091830406636,1,4,1,25.0,29.003783102143764,29.003783102143764,2019-11-27,15.031490552834144,4.968509447165856,历史1/4次成功; 当前距低点4.97%; 最新日涨幅0.00%; 状态bottom_area; 底部未确认
220,57.21889242654875,51.5276136474468,300358,楚天科技,bottom_area,2024-01-24,9.09,2023-11-21,12.16,2024-01-24,8.72,4.243119266055037,4.472477064220169,28.28947368421052,25.24671052631579,False,1.450892857142838,0.6077566841509272,2,9,2,22.22222222222222,22.18478504568129,23.815789473684205,2015-06-30; 2021-01-14,15.756880733944964,4.243119266055037,历史2/9次成功; 当前距低点4.24%; 最新日涨幅1.45%; 状态bottom_area; 底部未确认
221,57.12890219124748,51.80203392367172,603989,艾华集团,bottom_area,2024-01-24,17.66,2023-11-06,23.6,2024-01-24,16.88,4.620853080568727,5.983412322274892,28.474576271186447,25.16949152542373,False,0.1701644923425949,0.8256937691667443,1,5,1,20.0,33.10526315789473,33.10526315789473,2015-07-07,15.379146919431275,4.620853080568727,历史1/5次成功; 当前距低点4.62%; 最新日涨幅0.17%; 状态bottom_area; 底部未确认
222,57.041863252750545,51.683024325039106,300246,宝莱特,bottom_area,2024-01-24,8.68,2023-11-24,12.2,2024-01-24,8.3,4.578313253012036,4.939759036144579,31.967213114754088,28.85245901639344,False,1.1655011655011593,2.3144227575341905,3,14,3,21.428571428571427,28.848732560173502,31.498829039812666,2015-05-29; 2015-09-02; 2018-02-07,15.421686746987964,4.578313253012036,历史3/14次成功; 当前距低点4.58%; 最新日涨幅1.17%; 状态bottom_area; 底部未确认
223,56.946145348640904,51.817291032189495,603015,弘讯科技,bottom_area,2024-01-24,7.84,2024-01-10,10.43,2024-01-24,7.48,4.812834224598923,5.882352941176464,28.283796740172573,24.832214765100673,False,0.512820512820511,2.3110492978067465,1,3,1,33.33333333333333,23.318385650224208,23.318385650224208,2021-10-29,15.187165775401079,4.812834224598923,历史1/3次成功; 当前距低点4.81%; 最新日涨幅0.51%; 状态bottom_area; 底部未确认
224,56.76016599145315,51.487675723300065,603515,欧普照明,bottom_area,2024-01-24,16.23,2023-10-27,21.51,2024-01-23,15.51,4.642166344294008,6.254029658284982,27.894002789400286,24.54672245467225,False,0.7448789571694592,0.3445882959338559,1,4,1,25.0,20.84309133489461,20.84309133489461,2018-10-17,15.357833655705994,4.642166344294008,历史1/4次成功; 当前距低点4.64%; 最新日涨幅0.74%; 状态bottom_area; 底部未确认
225,56.74968830364677,51.308437623309985,002589,瑞康医药,bottom_area,2024-01-24,2.81,2023-11-24,3.76,2024-01-23,2.69,4.460966542750933,4.832713754646837,28.457446808510632,25.265957446808507,False,2.1818181818181737,1.411622664445102,1,5,1,20.0,28.49162011173183,28.49162011173183,2022-02-24,15.539033457249069,4.460966542750933,历史1/5次成功; 当前距低点4.46%; 最新日涨幅2.18%; 状态bottom_area; 底部未确认
226,56.64804218481507,50.93932475533758,300572,安车检测,bottom_area,2024-01-24,12.76,2024-01-02,18.28,2024-01-24,12.25,4.163265306122447,5.959183673469391,32.98687089715536,30.19693654266959,False,-0.31250000000000444,2.617969562442331,2,7,2,28.57142857142857,26.75959106995183,31.306715063520883,2020-12-28; 2022-04-27,15.836734693877553,4.163265306122447,历史2/7次成功; 当前距低点4.16%; 最新日涨幅-0.31%; 状态bottom_area; 底部未确认
227,56.591447201367295,49.92254829681204,300285,国瓷材料,bottom_area,2024-01-24,18.55,2023-11-21,26.03,2024-01-24,17.99,3.112840466926083,5.336297943301839,30.88743757203228,28.73607376104495,False,-0.9081196581196438,0.7874655894291323,1,6,1,16.666666666666664,34.21052631578947,34.21052631578947,2015-06-30,16.887159533073916,3.112840466926083,历史1/6次成功; 当前距低点3.11%; 最新日涨幅-0.91%; 状态bottom_area; 底部未确认
228,56.547090409933254,50.91404692082112,002600,领益智造,bottom_area,2024-01-24,5.17,2023-12-29,6.82,2024-01-22,4.96,4.233870967741934,9.677419354838717,27.272727272727277,24.19354838709678,False,-0.3853564547206201,0.9195376755019824,2,11,2,18.181818181818183,66.6906005221932,94.99999999999999,2015-08-26; 2022-04-27,15.766129032258066,4.233870967741934,历史2/11次成功; 当前距低点4.23%; 最新日涨幅-0.39%; 状态bottom_area; 底部未确认
229,56.360159098957205,51.1245867200244,600345,长江通信,bottom_area,2024-01-24,15.78,2023-12-18,21.8,2024-01-23,15.08,4.641909814323602,5.0397877984084865,30.825688073394495,27.614678899082573,False,1.806451612903226,1.1454471799609964,4,18,4,22.22222222222222,24.90637387702508,29.481834425253123,2009-08-19; 2015-06-30; 2015-08-26; 2020-02-04,15.3580901856764,4.641909814323602,历史4/18次成功; 当前距低点4.64%; 最新日涨幅1.81%; 状态bottom_area; 底部未确认
230,56.250773477409794,51.18903942436479,300909,汇创达,bottom_area,2024-01-24,23.28,2023-12-29,31.56,2024-01-24,22.21,4.817649707339037,7.068887888338588,29.62610899873257,26.23574144486691,False,-0.7672634271099765,2.0009638483358834,1,2,1,50.0,23.02839116719243,23.02839116719243,2023-10-24,15.182350292660962,4.817649707339037,历史1/2次成功; 当前距低点4.82%; 最新日涨幅-0.77%; 状态bottom_area; 底部未确认
231,56.04767973015125,50.07045782524309,300553,集智股份,bottom_area,2024-01-24,25.65,2024-01-03,35.93,2024-01-24,24.71,3.804127883447987,7.203561311210025,31.22738658502644,28.611188421931537,False,-0.42701863354038805,1.8598180734587335,2,8,2,25.0,25.424029029594024,27.453271028037385,2017-07-24; 2018-02-09,16.195872116552014,3.804127883447987,历史2/8次成功; 当前距低点3.80%; 最新日涨幅-0.43%; 状态bottom_area; 底部未确认
232,56.03880804939464,51.115463011202266,688233,神工股份,bottom_area,2024-01-24,27.16,2023-12-29,35.69,2024-01-24,25.88,4.94590417310665,6.221020092735701,27.486690949845894,23.9002521714766,False,0.4066543438077552,0.740139629425578,1,3,1,33.33333333333333,21.176296734151023,21.176296734151023,2020-02-24,15.054095826893352,4.94590417310665,历史1/3次成功; 当前距低点4.95%; 最新日涨幅0.41%; 状态bottom_area; 底部未确认
233,55.8129360954966,49.72170464740514,603650,彤程新材,bottom_area,2024-01-24,26.97,2023-12-12,35.71,2024-01-24,26.02,3.6510376633358925,5.764796310530362,27.135256230747697,24.474936992439098,False,-0.5164146071560349,0.6814290107020626,1,3,1,33.33333333333333,20.283533260632492,20.283533260632492,2019-05-08,16.34896233666411,3.6510376633358925,历史1/3次成功; 当前距低点3.65%; 最新日涨幅-0.52%; 状态bottom_area; 底部未确认
234,55.695135791321846,48.62622222222225,601633,长城汽车,bottom_area,2024-01-24,22.15,2023-10-18,31.3,2024-01-24,21.6,2.546296296296283,5.092592592592583,30.990415335463258,29.233226837060712,False,-1.5992892047978824,0.3220923643076502,1,6,1,16.666666666666664,20.296296296296283,20.296296296296283,2018-09-11,17.45370370370372,2.546296296296283,历史1/6次成功; 当前距低点2.55%; 最新日涨幅-1.60%; 状态bottom_area; 底部未确认
235,55.60239529264428,50.05282800815771,300939,秋田微,bottom_area,2024-01-24,28.14,2024-01-02,38.61,2024-01-24,27.0,4.222222222222224,5.3333333333333375,30.069930069930066,27.117327117327118,False,0.3208556149732589,1.9505833333333333,1,6,1,16.666666666666664,26.03670972127803,26.03670972127803,2023-05-15,15.777777777777777,4.222222222222224,历史1/6次成功; 当前距低点4.22%; 最新日涨幅0.32%; 状态bottom_area; 底部未确认
236,55.58843564950135,50.34625759166488,300534,陇神戎发,bottom_area,2024-01-24,8.49,2024-01-03,11.9,2024-01-24,8.12,4.5566502463054315,4.802955665024638,31.76470588235295,28.655462184873947,False,1.3126491646777927,2.469115334156653,2,10,2,20.0,24.491506200221796,26.86762778505898,2022-03-09; 2022-04-27,15.44334975369457,4.5566502463054315,历史2/10次成功; 当前距低点4.56%; 最新日涨幅1.31%; 状态bottom_area; 底部未确认
237,55.55165884416305,49.631521118268154,688173,希荻微,bottom_area,2024-01-24,12.81,2024-01-02,17.7,2024-01-24,12.34,3.8087520259319336,6.807131280388978,30.28248587570621,27.62711864406779,False,-1.08108108108107,1.0463544015463313,1,4,1,25.0,23.120837297811605,23.120837297811605,2022-10-11,16.19124797406807,3.8087520259319336,历史1/4次成功; 当前距低点3.81%; 最新日涨幅-1.08%; 状态bottom_area; 底部未确认
238,55.53453934751253,50.03917766303307,301236,软通动力,bottom_area,2024-01-24,36.35,2024-01-11,49.4,2024-01-24,34.86,4.274239816408497,7.7452667814113685,29.4331983805668,26.417004048582992,False,-2.0743534482758563,7.512982995657387,1,3,1,33.33333333333333,29.629629629629626,29.629629629629626,2022-10-10,15.725760183591502,4.274239816408497,历史1/3次成功; 当前距低点4.27%; 最新日涨幅-2.07%; 状态bottom_area; 底部未确认
239,55.42420897901724,50.37542983969332,688026,洁特生物,bottom_area,2024-01-24,13.45,2024-01-03,17.59,2024-01-24,12.84,4.7507788161993725,7.009345794392526,27.00397953382604,23.536100056850486,False,-0.6646971935007406,1.8225536611559254,2,6,2,33.33333333333333,20.612216168250256,20.800440609509817,2020-03-24; 2022-03-16,15.249221183800628,4.7507788161993725,历史2/6次成功; 当前距低点4.75%; 最新日涨幅-0.66%; 状态bottom_area; 底部未确认
240,55.34368904919059,49.46049350586176,600513,联环药业,bottom_area,2024-01-24,9.5,2023-12-13,12.62,2024-01-24,9.15,3.8251366120218537,5.1366120218579105,27.496038034865283,24.722662440570517,False,1.0638297872340496,2.265530592705771,2,13,2,15.384615384615385,20.76239237242789,20.901639344262303,2005-04-28; 2012-06-28,16.174863387978146,3.8251366120218537,历史2/13次成功; 当前距低点3.83%; 最新日涨幅1.06%; 状态bottom_area; 底部未确认
241,55.18481455570678,50.26789976950891,600505,西昌电力,bottom_area,2024-01-24,7.32,2024-01-03,9.8,2024-01-23,6.98,4.871060171919769,5.444126074498565,28.775510204081634,25.306122448979597,False,2.521008403361358,1.7954151151707158,3,15,3,20.0,27.924284739171917,32.275862068965516,2018-07-06; 2020-02-04; 2023-10-23,15.128939828080231,4.871060171919769,历史3/15次成功; 当前距低点4.87%; 最新日涨幅2.52%; 状态bottom_area; 底部未确认
242,55.16685665240958,49.88698859841401,002008,大族激光,bottom_area,2024-01-24,17.99,2023-11-08,23.79,2024-01-22,17.22,4.471544715447153,5.865272938443679,27.616645649432535,24.37999159310635,False,1.1811023622047,1.0921085219803286,2,11,2,18.181818181818183,24.918482915918215,29.085520745131234,2008-04-03; 2015-06-30,15.528455284552848,4.471544715447153,历史2/11次成功; 当前距低点4.47%; 最新日涨幅1.18%; 状态bottom_area; 底部未确认
243,55.08686046480664,50.059922627714016,002151,北斗星通,bottom_area,2024-01-24,26.29,2023-11-16,36.45,2024-01-24,25.1,4.741035856573696,6.97211155378486,31.13854595336077,27.873799725651587,False,-1.3138138138138244,3.669296591136944,3,10,3,30.0,26.018733229580853,28.90843662534986,2015-06-30; 2019-05-08; 2022-04-27,15.258964143426306,4.741035856573696,历史3/10次成功; 当前距低点4.74%; 最新日涨幅-1.31%; 状态bottom_area; 底部未确认
244,54.96853188335628,49.663173866059175,300689,澄天伟业,bottom_area,2024-01-24,15.82,2023-11-21,21.57,2024-01-24,15.15,4.422442244224422,6.006600660065995,29.76356050069541,26.65739452943904,False,-0.06317119393556281,1.6148097631351703,1,3,1,33.33333333333333,29.424778761061937,29.424778761061937,2020-11-17,15.577557755775578,4.422442244224422,历史1/3次成功; 当前距低点4.42%; 最新日涨幅-0.06%; 状态bottom_area; 底部未确认
245,54.809417654327405,49.37258885488185,688039,当虹科技,bottom_area,2024-01-24,26.19,2023-12-29,36.38,2024-01-24,25.12,4.259554140127389,7.085987261146487,30.951072017592086,28.00989554700385,False,-0.7202426080363811,2.2241129661934402,1,6,1,16.666666666666664,45.31024531024532,45.31024531024532,2019-12-16,15.740445859872612,4.259554140127389,历史1/6次成功; 当前距低点4.26%; 最新日涨幅-0.72%; 状态bottom_area; 底部未确认
246,54.792265610282634,49.65011321234737,300115,长盈精密,bottom_area,2024-01-24,9.81,2023-12-29,13.7,2024-01-24,9.38,4.58422174840085,6.289978678038377,31.532846715328454,28.3941605839416,False,0.30674846625768915,1.522805968163059,2,11,2,18.181818181818183,25.026161674347165,28.85416666666667,2011-01-25; 2013-02-05,15.415778251599152,4.58422174840085,历史2/11次成功; 当前距低点4.58%; 最新日涨幅0.31%; 状态bottom_area; 底部未确认
247,54.584503283663985,49.75150038875622,688519,南亚新材,bottom_area,2024-01-24,19.25,2023-12-29,26.08,2024-01-24,18.35,4.9046321525885475,10.190735694822873,29.639570552147234,26.188650306748464,False,-4.228855721393043,1.720381528939388,1,2,1,50.0,26.580976863753225,26.580976863753225,2023-05-10,15.095367847411453,4.9046321525885475,历史1/2次成功; 当前距低点4.90%; 最新日涨幅-4.23%; 状态bottom_area; 底部未确认
248,54.57996366454905,49.29405539538028,688157,松井股份,bottom_area,2024-01-24,40.79,2023-12-29,54.08,2024-01-24,39.07,4.402354747888403,7.294599436908117,27.755177514792894,24.574704142011832,False,-0.5364545232869999,0.3004517576346666,1,3,1,33.33333333333333,27.194037028131753,27.194037028131753,2020-07-27,15.597645252111597,4.402354747888403,历史1/3次成功; 当前距低点4.40%; 最新日涨幅-0.54%; 状态bottom_area; 底部未确认
249,54.537482323394514,49.74337449192626,002626,金达威,bottom_area,2024-01-24,13.8,2023-11-24,18.53,2024-01-23,13.15,4.942965779467683,5.855513307984787,29.033998920669184,25.526173772261203,False,1.5452538631346657,0.49029213180592734,1,6,1,16.666666666666664,33.20790216368767,33.20790216368767,2012-12-04,15.057034220532318,4.942965779467683,历史1/6次成功; 当前距低点4.94%; 最新日涨幅1.55%; 状态bottom_area; 底部未确认
250,54.33957786690977,49.319552034796544,300655,晶瑞电材,bottom_area,2024-01-24,7.84,2023-12-12,10.57,2024-01-24,7.49,4.672897196261677,6.275033377837112,29.13907284768212,25.82781456953643,False,-0.3811944091486663,1.2728323010085436,2,9,2,22.22222222222222,38.05484992858934,44.62686567164178,2019-05-08; 2022-10-12,15.327102803738324,4.672897196261677,历史2/9次成功; 当前距低点4.67%; 最新日涨幅-0.38%; 状态bottom_area; 底部未确认
251,54.21928738603322,49.34284401043069,300762,上海瀚讯,bottom_area,2024-01-24,11.09,2023-12-29,15.36,2024-01-24,10.58,4.820415879017012,7.939508506616255,31.119791666666664,27.799479166666664,False,-1.7714791851195733,4.016062778102211,1,3,1,33.33333333333333,32.580961727183514,32.580961727183514,2022-10-11,15.17958412098299,4.820415879017012,历史1/3次成功; 当前距低点4.82%; 最新日涨幅-1.77%; 状态bottom_area; 底部未确认
252,54.015856228714476,49.23234613664026,002587,奥拓电子,bottom_area,2024-01-24,5.99,2024-01-09,7.89,2024-01-24,5.71,4.903677758318743,7.5306479859894875,27.629911280101393,24.08111533586818,False,-1.317957166392092,6.256130235538988,3,11,3,27.27272727272727,29.472163089773645,33.86978785662034,2015-06-30; 2018-06-20; 2020-02-04,15.096322241681259,4.903677758318743,历史3/11次成功; 当前距低点4.90%; 最新日涨幅-1.32%; 状态bottom_area; 底部未确认
253,53.956686898848176,47.88826028345298,603489,八方股份,bottom_area,2024-01-24,40.83,2024-01-02,55.43,2024-01-24,39.47,3.4456549277932598,6.080567519635163,28.793072343496302,26.3395273317698,False,-1.281431334622829,0.4109658968592731,1,5,1,20.0,20.13093289689035,20.13093289689035,2023-06-27,16.55434507220674,3.4456549277932598,历史1/5次成功; 当前距低点3.45%; 最新日涨幅-1.28%; 状态bottom_area; 底部未确认
254,53.43528050687809,48.2258038431441,002799,环球印务,bottom_area,2024-01-24,8.85,2024-01-02,12.23,2024-01-23,8.48,4.363207547169802,4.363207547169802,30.662305805396567,27.63695829926411,False,1.7241379310344973,1.9636326930436736,1,7,1,14.285714285714285,23.1009365244537,23.1009365244537,2017-12-26,15.6367924528302,4.363207547169802,历史1/7次成功; 当前距低点4.36%; 最新日涨幅1.72%; 状态bottom_area; 底部未确认
255,53.10087747896851,47.916927389046045,002454,松芝股份,bottom_area,2024-01-24,6.23,2023-12-04,8.57,2024-01-24,5.97,4.355108877721955,5.527638190954775,30.33838973162194,27.30455075845974,False,0.646203554119551,1.2860602682248559,1,8,1,12.5,25.210084033613438,25.210084033613438,2014-06-10,15.644891122278045,4.355108877721955,历史1/8次成功; 当前距低点4.36%; 最新日涨幅0.65%; 状态bottom_area; 底部未确认
256,52.61578269894687,47.421280582507706,600789,鲁抗医药,bottom_area,2024-01-24,6.08,2023-11-30,8.48,2024-01-23,5.83,4.288164665523156,4.459691252144079,31.25,28.301886792452834,False,1.6722408026755842,2.7034629575263645,1,8,1,12.5,21.72470978441127,21.72470978441127,2007-06-26,15.711835334476845,4.288164665523156,历史1/8次成功; 当前距低点4.29%; 最新日涨幅1.67%; 状态bottom_area; 底部未确认
257,52.34358709568221,46.48549250541836,688011,新光光电,bottom_area,2024-01-24,18.14,2024-01-02,24.39,2024-01-24,17.53,3.4797490017113484,5.533371363377062,28.126281262812626,25.625256252562522,False,-1.6802168021680108,1.5296626113131822,1,6,1,16.666666666666664,20.22932022932022,20.22932022932022,2019-11-26,16.520250998288653,3.4797490017113484,历史1/6次成功; 当前距低点3.48%; 最新日涨幅-1.68%; 状态bottom_area; 底部未确认
258,52.26728312544086,46.556833100706264,688536,思瑞浦,bottom_area,2024-01-24,109.51,2023-12-29,149.79,2024-01-24,105.66,3.643763013439342,6.312701116789704,29.46124574404166,26.890980706322175,False,-1.8815518322730873,0.6820544002220805,1,6,1,16.666666666666664,22.623366154200497,22.623366154200497,2021-07-19,16.35623698656066,3.643763013439342,历史1/6次成功; 当前距低点3.64%; 最新日涨幅-1.88%; 状态bottom_area; 底部未确认
259,52.10799890404896,47.38602325352252,688225,亚信安全,bottom_area,2024-01-24,14.25,2024-01-17,19.0,2024-01-24,13.6,4.779411764705885,9.55882352941177,28.421052631578945,25.0,False,-1.8595041322314043,0.808604784880378,1,3,1,33.33333333333333,21.557788944723633,21.557788944723633,2023-04-28,15.220588235294116,4.779411764705885,历史1/3次成功; 当前距低点4.78%; 最新日涨幅-1.86%; 状态bottom_area; 底部未确认
260,51.673157732635076,46.33896209587516,600360,华微电子,bottom_area,2024-01-24,6.22,2023-11-27,8.89,2024-01-24,5.98,4.013377926421393,5.0167224080267525,32.73340832395951,30.03374578177728,False,0.16103059581320522,1.550387657442616,1,12,1,8.333333333333332,21.56521739130435,21.56521739130435,2015-08-26,15.986622073578607,4.013377926421393,历史1/12次成功; 当前距低点4.01%; 最新日涨幅0.16%; 状态bottom_area; 底部未确认
261,50.47520142226995,45.32104353055928,603192,汇得科技,bottom_area,2024-01-24,17.34,2024-01-16,23.57,2024-01-24,16.66,4.081632653061223,6.7226890756302575,29.31692829868477,26.431904963937207,False,-0.11520737327188613,2.3203365046549873,1,6,1,16.666666666666664,21.346770499312875,21.346770499312875,2020-02-04,15.918367346938778,4.081632653061223,历史1/6次成功; 当前距低点4.08%; 最新日涨幅-0.12%; 状态bottom_area; 底部未确认
262,44.156660749953744,40.04300957159721,002036,联创电子,bottom_area,2024-01-24,7.69,2023-12-29,10.27,2024-01-24,7.35,4.625850340136065,6.802721088435375,28.432327166504383,25.12171372930866,False,-0.25940337224383825,2.6752118506692972,1,16,1,6.25,22.210743801652896,22.210743801652896,2022-04-26,15.374149659863937,4.625850340136065,历史1/16次成功; 当前距低点4.63%; 最新日涨幅-0.26%; 状态bottom_area; 底部未确认
