rank,rank_score,probability_score,code,name,current_stage,latest_date,latest_close,current_top_date,current_top_price,current_low_date,current_low_price,current_low_to_latest_pct,current_low_to_high_pct,current_drawdown_pct,close_drawdown_pct,current_is_bottom_confirmed,latest_pct_chg,latest_turn,historical_valid_event_count,history_sample_count,history_success_count,history_success_rate_pct,history_avg_rebound_pct,history_max_rebound_pct,history_success_dates,upside_to_20pct_target_pct,risk_back_to_low_pct,reason
1,106.3353130008919,90.8105970667143,300355,蒙草生态,bottom_area,2026-06-09,3.03,2026-04-10,4.38,2026-06-08,2.99,1.3377926421404545,4.682274247491628,31.735159817351594,30.82191780821918,False,0.3311258278145601,1.0874363456109826,6,6,6,100.0,29.251420918250126,52.17762596071732,2012-12-04; 2015-06-23; 2016-03-01; 2022-04-27; 2024-02-06; 2025-04-07,18.662207357859547,1.3377926421404545,历史6/6次成功; 当前距低点1.34%; 最新日涨幅0.33%; 状态bottom_area; 底部未确认
2,99.56136685437693,85.6520582497213,603086,先达股份,bottom_area,2026-06-09,5.85,2026-04-21,7.9,2026-06-08,5.75,1.7391304347826024,4.695652173913036,27.21518987341772,25.9493670886076,False,0.8620689655172376,0.8523662511235297,2,2,2,100.0,39.770299145299134,56.97115384615385,2020-06-23; 2025-01-24,18.2608695652174,1.7391304347826024,历史2/2次成功; 当前距低点1.74%; 最新日涨幅0.86%; 状态bottom_area; 底部未确认
3,95.26632169837225,80.87426765479371,001338,永顺泰,bottom_area,2026-06-09,9.98,2026-05-06,13.72,2026-06-09,9.88,1.0121457489878507,4.65587044534412,27.98833819241982,27.259475218658892,False,-2.252693437806075,1.4294717940429331,2,2,2,100.0,27.64494603487102,31.442663378545017,2022-12-09; 2024-02-06,18.987854251012152,1.0121457489878507,历史2/2次成功; 当前距低点1.01%; 最新日涨幅-2.25%; 状态bottom_area; 底部未确认
4,95.03715773448488,80.95100051420685,688566,吉贝尔,bottom_area,2026-06-09,23.7,2026-04-03,33.6,2026-06-09,23.42,1.1955593509820561,2.903501280956446,30.297619047619044,29.464285714285722,False,0.12674271229402567,0.3499959161136445,1,1,1,100.0,24.499332443257664,24.499332443257664,2022-04-27,18.804440649017945,1.1955593509820561,历史1/1次成功; 当前距低点1.20%; 最新日涨幅0.13%; 状态bottom_area; 底部未确认
5,94.92974225956614,81.84697447323792,603062,麦加芯彩,bottom_area,2026-06-09,41.09,2026-05-08,58.5,2026-06-08,40.34,1.8591968269707486,4.784333168071392,31.042735042735035,29.760683760683754,False,0.7354743809757425,1.0481993517084003,1,1,1,100.0,37.45130773511408,37.45130773511408,2024-02-06,18.14080317302925,1.8591968269707486,历史1/1次成功; 当前距低点1.86%; 最新日涨幅0.74%; 状态bottom_area; 底部未确认
6,93.10110919525599,79.56551554847037,601238,广汽集团,bottom_area,2026-06-09,5.89,2026-01-06,8.67,2026-06-09,5.81,1.376936316695354,2.5817555938037926,32.98731257208766,32.0645905420992,False,-0.6745362563237767,0.27216851719616086,2,2,2,100.0,25.08027070180526,26.42487046632124,2021-09-30; 2024-02-05,18.623063683304647,1.376936316695354,历史2/2次成功; 当前距低点1.38%; 最新日涨幅-0.67%; 状态bottom_area; 底部未确认
7,92.81372542563199,78.33963855421686,605005,合兴股份,bottom_area,2026-06-09,15.88,2026-04-10,21.78,2026-06-09,15.77,0.6975269499048904,2.155992390615091,27.594123048668507,27.089072543618,False,-0.8119925046845777,0.5149875311720699,2,2,2,100.0,63.943952110840584,96.96521095484826,2021-03-26; 2025-04-09,19.302473050095113,0.6975269499048904,历史2/2次成功; 当前距低点0.70%; 最新日涨幅-0.81%; 状态bottom_area; 底部未确认
8,91.97412929716161,80.70203724542269,688349,三一重能,bottom_area,2026-06-09,17.87,2026-04-23,25.88,2026-06-08,17.38,2.819332566168021,5.753739930955121,32.84389489953632,30.95054095826893,False,1.8814139110604478,0.7385217778871856,2,2,2,100.0,26.398470410138575,28.790581519800213,2022-10-28; 2024-10-16,17.18066743383198,2.819332566168021,历史2/2次成功; 当前距低点2.82%; 最新日涨幅1.88%; 状态bottom_area; 底部未确认
9,90.55904199460063,77.36090214845737,300641,正丹股份,bottom_area,2026-06-09,14.22,2026-04-23,20.6,2026-06-09,14.03,1.354240912330729,2.1382751247327207,31.893203883495154,30.970873786407772,False,0.3528581510232831,0.8111201865147827,4,7,4,57.14285714285714,59.65811397271907,118.80952380952378,2020-02-04; 2021-01-14; 2022-04-27; 2024-06-14,18.645759087669273,1.354240912330729,历史4/7次成功; 当前距低点1.35%; 最新日涨幅0.35%; 状态bottom_area; 底部未确认
10,89.50896514565613,78.01279000135624,002760,凤形股份,bottom_area,2026-06-09,18.39,2026-05-19,26.5,2026-06-08,17.95,2.451253481894158,6.7966573816156135,32.26415094339623,30.603773584905657,False,0.05440696409140244,3.27571307147205,1,1,1,100.0,24.094881398252184,24.094881398252184,2022-04-28,17.548746518105844,2.451253481894158,历史1/1次成功; 当前距低点2.45%; 最新日涨幅0.05%; 状态bottom_area; 底部未确认
11,89.45419003934663,76.60028804538872,601800,中国交建,bottom_area,2026-06-09,6.15,2026-03-13,8.55,2026-06-09,6.06,1.4851485148514976,1.8151815181518205,29.122807017543874,28.070175438596497,False,0.4901960784313708,0.2997412216100906,2,3,2,66.66666666666666,43.54709673431968,49.64925954793452,2015-07-03; 2024-01-23,18.514851485148505,1.4851485148514976,历史2/3次成功; 当前距低点1.49%; 最新日涨幅0.49%; 状态bottom_area; 底部未确认
12,89.02675184409328,76.8975505688072,603613,国联股份,bottom_area,2026-06-09,21.34,2026-05-11,29.09,2026-06-09,20.93,1.9589106545628292,5.828953655040606,28.050876589893438,26.6414575455483,False,-2.5570776255707695,1.6223992408448376,4,5,4,80.0,27.870251941991754,31.835457187569872,2022-05-26; 2022-11-30; 2023-06-01; 2025-04-09,18.04108934543717,1.9589106545628292,历史4/5次成功; 当前距低点1.96%; 最新日涨幅-2.56%; 状态bottom_area; 底部未确认
13,88.5236219967653,75.63985447176938,301602,超研股份,bottom_area,2026-06-09,14.83,2026-03-31,20.79,2026-06-09,14.63,1.367053998632941,4.237867395762128,29.629629629629623,28.667628667628662,False,-1.396276595744672,1.017317102895514,1,1,1,100.0,20.520094562647756,20.520094562647756,2025-12-17,18.63294600136706,1.367053998632941,历史1/1次成功; 当前距低点1.37%; 最新日涨幅-1.40%; 状态bottom_area; 底部未确认
14,88.39044500678193,75.7742283130376,002537,海联金汇,bottom_area,2026-06-09,5.91,2026-04-10,8.2,2026-06-09,5.82,1.546391752577317,2.233676975945015,29.02439024390243,27.926829268292675,False,0.0,1.5894717520804327,7,11,7,63.63636363636363,29.755628835802867,39.33649289099527,2016-03-01; 2019-06-06; 2019-10-24; 2020-02-04; 2022-03-09; 2024-02-06; 2025-01-13,18.453608247422686,1.546391752577317,历史7/11次成功; 当前距低点1.55%; 最新日涨幅0.00%; 状态bottom_area; 底部未确认
15,88.27275558663584,76.44022725770363,688317,之江生物,bottom_area,2026-06-09,17.52,2026-05-27,24.5,2026-06-09,17.16,2.0979020979020944,5.18648018648019,29.959183673469386,28.48979591836735,False,-1.9585898153329673,1.8377063960018254,3,4,3,75.0,37.948623875916084,40.461049284578706,2021-01-20; 2022-04-28; 2024-02-06,17.902097902097907,2.0979020979020944,历史3/4次成功; 当前距低点2.10%; 最新日涨幅-1.96%; 状态bottom_area; 底部未确认
16,88.15248999536117,76.46093343404172,301439,泓淋电力,bottom_area,2026-06-09,18.22,2026-06-02,25.35,2026-06-08,17.83,2.187324733595068,9.02972518227708,29.66469428007891,28.126232741617365,False,-0.054854635216683434,11.195496683574852,1,1,1,100.0,34.98942917547567,34.98942917547567,2024-02-06,17.81267526640493,2.187324733595068,历史1/1次成功; 当前距低点2.19%; 最新日涨幅-0.05%; 状态bottom_area; 底部未确认
17,87.37438473766655,76.29808895753798,002519,银河电子,bottom_area,2026-06-09,6.42,2026-05-08,9.11,2026-06-08,6.26,2.5559105431309925,7.028753993610231,31.284302963776067,29.52799121844127,False,1.2618296529968376,2.689090743609134,5,7,5,71.42857142857143,28.063713495496533,43.16109422492401,2015-07-29; 2015-09-07; 2020-02-04; 2022-06-14; 2025-04-09,17.44408945686901,2.5559105431309925,历史5/7次成功; 当前距低点2.56%; 最新日涨幅1.26%; 状态bottom_area; 底部未确认
18,87.15424538853259,77.40985070553835,605158,华达新材,bottom_area,2026-06-09,6.53,2026-05-14,9.04,2026-06-08,6.31,3.4865293185420074,5.863708399366088,30.199115044247787,27.765486725663706,False,2.351097178683381,1.0634703374916898,3,4,3,75.0,37.710416945237164,50.9433962264151,2022-04-27; 2024-02-07; 2025-04-09,16.513470681457992,3.4865293185420074,历史3/4次成功; 当前距低点3.49%; 最新日涨幅2.35%; 状态bottom_area; 底部未确认
19,86.98267897133988,76.85151775472441,301616,浙江华业,bottom_area,2026-06-09,38.08,2026-04-20,52.37,2026-06-08,36.9,3.1978319783197824,4.119241192411933,29.539812869963715,27.28661447393546,False,2.503364737550462,1.9248780470193652,1,1,1,100.0,27.003089598352215,27.003089598352215,2025-04-01,16.80216802168022,3.1978319783197824,历史1/1次成功; 当前距低点3.20%; 最新日涨幅2.50%; 状态bottom_area; 底部未确认
20,86.81486700130654,73.4537270333428,001206,依依股份,bottom_area,2026-06-09,15.8,2026-04-16,21.94,2026-06-09,15.67,0.8296107211231702,2.488832163369488,28.577939835916137,27.985414767547862,False,-0.6913890634820841,1.635716227608249,1,1,1,100.0,42.01741654571844,42.01741654571844,2025-04-09,19.170389278876833,0.8296107211231702,历史1/1次成功; 当前距低点0.83%; 最新日涨幅-0.69%; 状态bottom_area; 底部未确认
21,86.24752816126268,76.19026788336363,002757,南兴股份,bottom_area,2026-06-09,21.03,2026-05-25,29.35,2026-06-08,20.38,3.189401373895987,8.684985279685966,30.562180579216363,28.347529812606474,False,1.0571840461316873,3.894407111247019,4,6,4,66.66666666666666,45.56686209236462,82.05479452054793,2016-01-05; 2020-02-04; 2024-02-06; 2025-04-09,16.810598626104014,3.189401373895987,历史4/6次成功; 当前距低点3.19%; 最新日涨幅1.06%; 状态bottom_area; 底部未确认
22,85.79795246125435,72.02017907331569,002252,上海莱士,bottom_area,2026-06-09,5.06,2025-08-26,7.26,2026-06-09,5.04,0.39682539682538837,1.785714285714283,30.57851239669421,30.303030303030305,False,-0.7843137254901933,0.4376573181769022,1,1,1,100.0,29.005059021922442,29.005059021922442,2024-02-05,19.603174603174615,0.39682539682538837,历史1/1次成功; 当前距低点0.40%; 最新日涨幅-0.78%; 状态bottom_area; 底部未确认
23,84.49553036631428,72.57194507071941,300569,天能重工,bottom_area,2026-06-09,4.93,2026-04-17,7.18,2026-06-09,4.85,1.6494845360824757,3.0927835051546464,32.451253481894156,31.337047353760443,False,-0.40404040404041774,1.6666536413379187,4,6,4,66.66666666666666,29.710231969466584,40.25316455696202,2017-07-18; 2020-02-04; 2021-01-14; 2024-02-06,18.350515463917525,1.6494845360824757,历史4/6次成功; 当前距低点1.65%; 最新日涨幅-0.40%; 状态bottom_area; 底部未确认
24,83.4281994091276,72.5659383649012,300261,雅本化学,bottom_area,2026-06-09,4.81,2026-04-02,6.58,2026-06-09,4.7,2.3404255319148812,2.765957446808508,28.57142857142857,26.899696048632226,False,0.8385744234800763,0.7791962864479712,9,16,9,56.25,38.24386332079092,81.5282392026578,2015-08-26; 2016-03-01; 2016-06-15; 2020-02-04; 2020-09-11; 2022-01-07; 2022-04-27; 2022-06-02; 2024-02-05,17.659574468085122,2.3404255319148812,历史9/16次成功; 当前距低点2.34%; 最新日涨幅0.84%; 状态bottom_area; 底部未确认
25,83.26741069198835,71.87577795888245,603668,天马科技,bottom_area,2026-06-09,10.6,2026-04-23,14.61,2026-06-09,10.4,1.9230769230769162,2.9807692307692353,28.815879534565358,27.446954140999313,False,0.0,0.7569444122654265,4,7,4,57.14285714285714,27.48291352110962,30.718414533443443,2017-04-19; 2020-02-04; 2024-04-16; 2024-06-14,18.076923076923084,1.9230769230769162,历史4/7次成功; 当前距低点1.92%; 最新日涨幅0.00%; 状态bottom_area; 底部未确认
26,82.86236939663166,72.57347208795896,600602,云赛智联,bottom_area,2026-06-09,17.38,2026-05-14,24.24,2026-06-08,16.92,2.718676122931426,5.14184397163119,30.198019801980188,28.300330033003302,False,1.5186915887850372,1.8282086684403942,11,19,11,57.89473684210527,39.357390864915004,104.50751252086809,1991-05-17; 1992-06-03; 1992-10-07; 1992-12-10; 1993-03-10; 1994-08-10; 1999-12-23; 2005-07-21; 2008-06-20; 2015-09-02; 2025-01-13,17.281323877068573,2.718676122931426,历史11/19次成功; 当前距低点2.72%; 最新日涨幅1.52%; 状态bottom_area; 底部未确认
27,82.82116120202967,74.03433462809919,300310,宜通世纪,bottom_area,2026-06-09,4.87,2026-05-21,6.98,2026-06-08,4.69,3.837953091684428,5.970149253731329,32.808022922636106,30.229226361031518,False,1.6701461377870652,3.0630221510172637,9,14,9,64.28571428571429,47.08454204299362,166.03773584905656,2013-12-23; 2014-05-21; 2016-01-29; 2019-05-08; 2020-02-04; 2020-04-28; 2021-02-08; 2024-09-18; 2024-10-10,16.16204690831557,3.837953091684428,历史9/14次成功; 当前距低点3.84%; 最新日涨幅1.67%; 状态bottom_area; 底部未确认
28,82.38364553298385,70.67765836609874,603759,海天股份,bottom_area,2026-06-09,7.68,2026-03-31,10.36,2026-06-08,7.56,1.587301587301589,4.3650793650793664,27.027027027027028,25.868725868725868,False,-0.13003901170351995,0.5365341302841302,2,3,2,66.66666666666666,35.430318916557454,39.90825688073395,2024-02-06; 2025-01-13,18.41269841269841,1.587301587301589,历史2/3次成功; 当前距低点1.59%; 最新日涨幅-0.13%; 状态bottom_area; 底部未确认
29,82.37771870422728,70.98425806451614,600615,鑫源智造,bottom_area,2026-06-09,9.47,2026-05-21,12.98,2026-06-08,9.3,1.8279569892473109,7.204301075268815,28.351309707241906,27.041602465331277,False,0.0,1.2471916892730333,11,25,11,44.0,66.65194781298148,272.25130890052355,1993-02-24; 1993-03-05; 1994-07-29; 1994-08-10; 1997-05-23; 2005-07-20; 2012-04-10; 2016-01-14; 2019-11-11; 2023-04-25; 2025-04-09,18.172043010752688,1.8279569892473109,历史11/25次成功; 当前距低点1.83%; 最新日涨幅0.00%; 状态bottom_area; 底部未确认
30,82.03063113982232,69.55748948540577,301513,尚水智能,bottom_area,2026-06-09,62.77,2026-05-21,91.98,2026-06-09,62.18,0.948858153747191,4.358314570601482,32.39834746684062,31.756903674711896,False,-2.1206923436769,9.183085897961966,1,1,1,100.0,22.53164556962025,22.53164556962025,2026-04-29,19.05114184625281,0.948858153747191,历史1/1次成功; 当前距低点0.95%; 最新日涨幅-2.12%; 状态bottom_area; 底部未确认
31,81.76289020758351,70.84589609832653,301063,海锅股份,bottom_area,2026-06-09,19.17,2026-04-20,26.24,2026-06-08,18.77,2.1310602024507306,6.073521576984553,28.46798780487805,26.943597560975597,False,0.524383848977461,2.0893495235373787,2,3,2,66.66666666666666,20.52713275939531,20.8467556373677,2021-09-28; 2025-03-31,17.86893979754927,2.1310602024507306,历史2/3次成功; 当前距低点2.13%; 最新日涨幅0.52%; 状态bottom_area; 底部未确认
32,81.6818806904735,68.13732596123285,002951,金时科技,bottom_area,2026-06-09,18.08,2026-06-04,24.79,2026-06-09,18.07,0.05534034311011628,7.913669064748199,27.107704719645014,27.067365873336023,False,-9.960159362549803,9.225342238638747,4,6,4,66.66666666666666,36.380834821813245,54.61538461538462,2020-02-04; 2022-10-12; 2025-06-23; 2026-02-02,19.944659656889886,0.05534034311011628,历史4/6次成功; 当前距低点0.06%; 最新日涨幅-9.96%; 状态bottom_area; 底部未确认
33,81.5887632693162,69.71237520355069,603230,内蒙新华,bottom_area,2026-06-09,9.65,2026-04-10,13.4,2026-06-08,9.52,1.3655462184874032,3.4663865546218497,28.95522388059702,27.985074626865668,False,-0.8221993833504637,0.41100578120523235,2,3,2,66.66666666666666,27.522332876533863,31.521142229544196,2022-01-07; 2022-04-27,18.634453781512597,1.3655462184874032,历史2/3次成功; 当前距低点1.37%; 最新日涨幅-0.82%; 状态bottom_area; 底部未确认
34,81.13477162365471,70.55197532491715,688189,南新制药,bottom_area,2026-06-09,7.48,2026-05-19,10.4,2026-06-09,7.31,2.3255813953488484,4.3775649794801685,29.711538461538467,28.076923076923077,False,0.0,2.242893586005831,3,6,3,50.0,40.775811324260864,64.63624623331897,2020-07-24; 2020-11-30; 2024-06-06,17.674418604651155,2.3255813953488484,历史3/6次成功; 当前距低点2.33%; 最新日涨幅0.00%; 状态bottom_area; 底部未确认
35,80.82712663264606,69.202292471169,002652,扬子新材,bottom_area,2026-06-09,4.81,2026-05-25,6.71,2026-06-08,4.74,1.4767932489451348,6.962025316455697,29.359165424739192,28.315946348733238,False,0.41753653444676075,3.7104933328186678,4,8,4,50.0,23.114952036365093,25.60483870967742,2015-06-23; 2015-06-30; 2022-06-14; 2023-10-24,18.523206751054865,1.4767932489451348,历史4/8次成功; 当前距低点1.48%; 最新日涨幅0.42%; 状态bottom_area; 底部未确认
36,80.53739204589016,70.6776053798836,002879,长缆科技,bottom_area,2026-06-09,14.91,2026-05-13,19.89,2026-06-08,14.5,2.8275862068965525,5.655172413793105,27.099044746103573,25.037707390648567,False,1.1533242876526462,2.6561359763751704,2,3,2,66.66666666666666,28.160404650220833,28.340444644060174,2017-08-11; 2018-01-16,17.17241379310345,2.8275862068965525,历史2/3次成功; 当前距低点2.83%; 最新日涨幅1.15%; 状态bottom_area; 底部未确认
37,79.8030102718268,70.99896897329228,603185,弘元绿能,bottom_area,2026-06-09,16.79,2026-05-19,22.5,2026-06-09,16.21,3.5780382479950545,3.9481801357186956,27.95555555555555,25.377777777777784,False,2.004860267314701,1.636485552984968,5,8,5,62.5,31.44836655226342,43.51028702057404,2022-02-14; 2022-04-25; 2022-06-02; 2024-02-05; 2025-04-09,16.421961752004947,3.5780382479950545,历史5/8次成功; 当前距低点3.58%; 最新日涨幅2.00%; 状态bottom_area; 底部未确认
38,79.74302998064923,70.39158920539731,300933,中辰股份,bottom_area,2026-06-09,6.88,2026-05-18,9.16,2026-06-08,6.67,3.1484257871064467,7.196401799100456,27.183406113537117,24.890829694323145,False,1.775147928994092,1.9827797859943337,2,4,2,50.0,60.565909290545484,99.89795918367346,2021-01-27; 2024-01-24,16.851574212893556,3.1484257871064467,历史2/4次成功; 当前距低点3.15%; 最新日涨幅1.78%; 状态bottom_area; 底部未确认
39,79.48910861662178,68.99811400387878,688670,金迪克,bottom_area,2026-06-09,15.14,2026-05-19,21.2,2026-06-08,14.81,2.2282241728561787,7.224848075624579,30.14150943396226,28.584905660377352,False,-0.26350461133068936,0.9672889610389611,3,5,3,60.0,32.034758698875706,48.272552783109404,2022-08-02; 2022-10-12; 2025-11-21,17.77177582714382,2.2282241728561787,历史3/5次成功; 当前距低点2.23%; 最新日涨幅-0.26%; 状态bottom_area; 底部未确认
40,79.31396607782231,68.18095296250671,002840,华统股份,bottom_area,2026-06-09,7.79,2026-05-15,11.2,2026-06-09,7.66,1.697127937336813,2.872062663185375,31.60714285714285,30.44642857142857,False,0.12853470437017567,2.128171364579571,2,5,2,40.0,41.991422901261416,49.690082644628106,2020-02-04; 2024-09-18,18.30287206266319,1.697127937336813,历史2/5次成功; 当前距低点1.70%; 最新日涨幅0.13%; 状态bottom_area; 底部未确认
41,79.22382667765237,67.54873643041938,002788,鹭燕医药,bottom_area,2026-06-09,11.34,2026-05-12,15.64,2026-06-09,11.2,1.250000000000005,2.678571428571435,28.388746803069058,27.493606138107417,False,-0.5263157894736858,2.738730082505342,3,6,3,50.0,33.91793779795371,37.636080870917574,2021-02-04; 2024-02-06; 2026-03-23,18.749999999999996,1.250000000000005,历史3/6次成功; 当前距低点1.25%; 最新日涨幅-0.53%; 状态bottom_area; 底部未确认
42,79.0056223322604,67.68851808799545,002318,久立特材,bottom_area,2026-06-09,22.13,2026-04-30,30.98,2026-06-09,21.8,1.5137614678899003,1.7431192660550412,29.632020658489346,28.566817301484832,False,0.1810774105930335,0.7895452191269456,3,7,3,42.857142857142854,30.90572937288087,42.95774647887324,2010-02-03; 2015-09-07; 2018-02-09,18.4862385321101,1.5137614678899003,历史3/7次成功; 当前距低点1.51%; 最新日涨幅0.18%; 状态bottom_area; 底部未确认
43,78.82942321735325,67.16519191436186,605055,迎丰股份,bottom_area,2026-06-09,10.86,2026-05-28,15.38,2026-06-09,10.73,1.2115563839701677,6.24417520969245,30.23407022106632,29.388816644993504,False,-3.2947462154942153,1.6519772727272726,2,3,2,66.66666666666666,22.1552355007912,24.200278164116817,2021-03-09; 2022-02-07,18.788443616029834,1.2115563839701677,历史2/3次成功; 当前距低点1.21%; 最新日涨幅-3.29%; 状态bottom_area; 底部未确认
44,78.78303271358153,68.41149252671354,603178,圣龙股份,bottom_area,2026-06-09,16.82,2026-05-20,24.0,2026-06-05,16.45,2.249240121580553,7.659574468085116,31.45833333333334,29.916666666666664,False,-0.414446417998815,2.204246114744947,7,12,7,58.333333333333336,32.7496057558273,47.51869476546566,2019-01-31; 2021-02-04; 2023-11-27; 2023-12-08; 2025-01-08; 2025-04-09; 2026-04-27,17.750759878419448,2.249240121580553,历史7/12次成功; 当前距低点2.25%; 最新日涨幅-0.41%; 状态bottom_area; 底部未确认
45,78.70869494949496,67.85232323232324,600429,三元股份,bottom_area,2026-06-09,4.4,2026-04-30,6.11,2026-06-09,4.32,1.8518518518518534,2.77777777777778,29.296235679214398,27.986906710310965,False,0.2277904328018332,0.8713121199019069,4,11,4,36.36363636363637,66.24257752712204,150.82508250825083,2006-06-14; 2008-04-23; 2008-09-16; 2021-02-08,18.148148148148145,1.8518518518518534,历史4/11次成功; 当前距低点1.85%; 最新日涨幅0.23%; 状态bottom_area; 底部未确认
46,78.70472343799584,69.74554022243147,002686,亿利达,bottom_area,2026-06-09,6.15,2026-05-13,8.25,2026-06-08,5.95,3.3613445378151288,5.210084033613438,27.878787878787875,25.454545454545453,False,2.1594684385382257,1.4290581428889555,2,4,2,50.0,49.136590154032014,75.68181818181817,2018-02-09; 2022-04-28,16.63865546218487,3.3613445378151288,历史2/4次成功; 当前距低点3.36%; 最新日涨幅2.16%; 状态bottom_area; 底部未确认
47,78.51549984688394,66.31159964601,002242,九阳股份,bottom_area,2026-06-09,8.27,2026-05-11,11.44,2026-06-09,8.21,0.7308160779536993,2.8014616321558905,28.234265734265723,27.709790209790206,False,-1.194743130226994,1.0254229491187155,2,3,2,66.66666666666666,41.296739984289076,58.526315789473685,2013-06-25; 2015-07-09,19.269183922046302,0.7308160779536993,历史2/3次成功; 当前距低点0.73%; 最新日涨幅-1.19%; 状态bottom_area; 底部未确认
48,78.47838453565883,69.83204258455366,603043,广州酒家,bottom_area,2026-06-09,14.15,2026-02-05,18.88,2026-05-29,13.66,3.587115666178625,8.565153733528549,27.648305084745754,25.052966101694906,True,0.21246458923513956,0.528445686538478,2,3,2,66.66666666666666,23.731180842872412,24.877783813145022,2017-12-25; 2020-10-26,16.412884333821374,3.587115666178625,历史2/3次成功; 当前距低点3.59%; 最新日涨幅0.21%; 状态bottom_area; 底部已确认
49,78.45700837883756,67.64007354126662,002408,齐翔腾达,bottom_area,2026-06-09,4.94,2026-04-30,6.79,2026-06-09,4.85,1.8556701030927991,3.9175257731958846,28.571428571428577,27.24594992636229,False,-0.8032128514056214,0.8165106872145315,5,9,5,55.55555555555556,29.7963036958565,50.143678160919535,2012-06-26; 2015-06-30; 2020-09-28; 2021-02-08; 2022-04-27,18.1443298969072,1.8556701030927991,历史5/9次成功; 当前距低点1.86%; 最新日涨幅-0.80%; 状态bottom_area; 底部未确认
50,78.25490075950029,67.88632529458516,603300,海南华铁,bottom_area,2026-06-09,5.12,2026-04-20,7.22,2026-06-09,5.01,2.1956087824351362,2.794411177644722,30.60941828254848,29.08587257617728,False,0.9861932938856066,1.810140713772324,4,9,4,44.44444444444444,36.88818391089332,61.26900198281559,2015-07-09; 2015-08-25; 2016-12-13; 2025-04-09,17.804391217564863,2.1956087824351362,历史4/9次成功; 当前距低点2.20%; 最新日涨幅0.99%; 状态bottom_area; 底部未确认
51,78.14267387546819,67.62722651553774,601019,山东出版,bottom_area,2026-06-09,6.92,2026-04-10,9.43,2026-06-08,6.78,2.064896755162237,3.097345132743362,28.101802757158,26.617179215270415,False,0.727802037845704,0.26053955627964925,2,4,2,50.0,21.855866222084103,22.896281800391385,2023-05-25; 2024-11-25,17.935103244837762,2.064896755162237,历史2/4次成功; 当前距低点2.06%; 最新日涨幅0.73%; 状态bottom_area; 底部未确认
52,78.04329600614369,68.10234040718271,603079,圣达生物,bottom_area,2026-06-09,13.03,2026-04-24,18.25,2026-06-08,12.71,2.517702596380791,6.530291109362693,30.35616438356164,28.602739726027398,False,1.243201243201253,1.012645588344088,4,8,4,50.0,29.960765198553307,39.7635135135135,2019-04-22; 2020-02-04; 2022-04-27; 2024-09-18,17.48229740361921,2.517702596380791,历史4/8次成功; 当前距低点2.52%; 最新日涨幅1.24%; 状态bottom_area; 底部未确认
53,77.7572051428744,66.55183267629117,002673,西部证券,bottom_area,2026-06-09,6.26,2025-09-12,9.04,2026-06-08,6.17,1.458670988654779,3.565640194489461,31.747787610619465,30.752212389380528,False,0.6430868167202508,0.4821995011977142,2,6,2,33.33333333333333,44.75413546822973,44.83091787439614,2012-12-04; 2015-07-09,18.541329011345223,1.458670988654779,历史2/6次成功; 当前距低点1.46%; 最新日涨幅0.64%; 状态bottom_area; 底部未确认
54,77.67864545109184,67.21322980379026,601969,海南矿业,bottom_area,2026-06-09,8.94,2026-04-30,12.75,2026-06-09,8.76,2.054794520547942,3.1963470319634633,31.294117647058826,29.882352941176478,False,-0.33444816053512794,0.8370897943178983,6,11,6,54.54545454545454,32.13087703667406,52.7415143603133,2015-06-30; 2015-07-06; 2015-08-26; 2018-10-19; 2022-04-26; 2024-02-06,17.94520547945206,2.054794520547942,历史6/11次成功; 当前距低点2.05%; 最新日涨幅-0.33%; 状态bottom_area; 底部未确认
55,77.56282907380671,66.90930816249659,002104,恒宝股份,bottom_area,2026-06-09,11.33,2026-05-06,15.65,2026-06-08,11.12,1.8884892086331013,6.834532374100734,28.945686900958474,27.603833865814696,False,0.0,3.6684577701110594,8,18,8,44.44444444444444,27.870712081015792,43.85245901639344,2009-08-19; 2016-01-14; 2018-10-19; 2019-05-08; 2020-02-04; 2021-02-04; 2022-04-27; 2024-02-06,18.1115107913669,1.8884892086331013,历史8/18次成功; 当前距低点1.89%; 最新日涨幅0.00%; 状态bottom_area; 底部未确认
56,77.54564001717809,67.39885990247443,000901,航天科技,bottom_area,2026-06-09,18.24,2026-05-11,25.09,2026-06-09,17.83,2.2994952327537868,3.533370723499734,28.935831008369874,27.301713830211245,False,-0.2188183807440014,2.406810066012351,12,21,12,57.14285714285714,30.500739809578704,49.78354978354978,2005-11-01; 2006-05-24; 2008-04-03; 2008-09-18; 2009-09-02; 2010-07-02; 2013-06-25; 2014-10-27; 2015-06-30; 2018-02-09; 2022-04-27; 2024-02-06,17.700504767246215,2.2994952327537868,历史12/21次成功; 当前距低点2.30%; 最新日涨幅-0.22%; 状态bottom_area; 底部未确认
57,77.43935719188323,67.79202986494828,300927,江天化学,bottom_area,2026-06-09,22.88,2026-05-15,30.99,2026-06-08,22.28,2.6929982046678536,5.924596050269301,28.105840593739913,26.16973217166828,False,1.1941618752764338,2.0754111604568215,4,8,4,50.0,30.441213825758002,36.25441696113075,2021-02-10; 2024-08-29; 2024-10-11; 2025-01-06,17.307001795332148,2.6929982046678536,历史4/8次成功; 当前距低点2.69%; 最新日涨幅1.19%; 状态bottom_area; 底部未确认
58,77.38561564381865,66.5963755270366,300062,中能电气,bottom_area,2026-06-09,6.37,2026-05-20,8.96,2026-06-08,6.26,1.757188498402561,6.070287539936101,30.13392857142858,28.906250000000007,False,0.31496062992126816,2.66850247614405,6,14,6,42.857142857142854,28.017939419171313,34.482758620689665,2012-12-04; 2015-06-30; 2016-01-29; 2020-09-11; 2021-02-09; 2021-07-28,18.24281150159744,1.757188498402561,历史6/14次成功; 当前距低点1.76%; 最新日涨幅0.31%; 状态bottom_area; 底部未确认
59,77.2167758483386,68.46163998031642,688251,井松智能,bottom_area,2026-06-09,24.1,2026-05-08,32.99,2026-06-08,23.31,3.389103389103401,5.7057057057057134,29.342224916641413,26.947559866626253,False,0.7946465913843737,2.088919969290617,2,4,2,50.0,42.57417047028053,45.35104364326376,2025-01-06; 2025-04-07,16.6108966108966,3.389103389103401,历史2/4次成功; 当前距低点3.39%; 最新日涨幅0.79%; 状态bottom_area; 底部未确认
60,77.17734482350417,65.108236902297,603355,莱克电气,bottom_area,2026-06-09,24.06,2026-05-12,35.66,2026-06-09,23.9,0.6694560669456073,6.025104602510465,32.978126752664046,32.529444756029164,False,-3.760000000000008,0.4805572711632529,2,3,2,66.66666666666666,44.28994660358229,62.72389320716458,2015-07-09; 2015-08-25,19.330543933054393,0.6694560669456073,历史2/3次成功; 当前距低点0.67%; 最新日涨幅-3.76%; 状态bottom_area; 底部未确认
61,77.10233444945156,65.49158451106008,600316,洪都航空,bottom_area,2026-06-09,27.12,2026-05-08,38.1,2026-06-09,26.84,1.0432190760059654,2.8315946348733294,29.553805774278217,28.818897637795278,False,-1.2021857923497192,0.9920730496980847,7,16,7,43.75,33.86491400190153,84.28727670433831,2006-07-04; 2007-10-29; 2015-06-30; 2018-02-09; 2020-02-04; 2022-04-27; 2025-01-08,18.956780923994035,1.0432190760059654,历史7/16次成功; 当前距低点1.04%; 最新日涨幅-1.20%; 状态bottom_area; 底部未确认
62,77.00967556300768,67.48839019226108,301089,拓新药业,bottom_area,2026-06-09,22.03,2026-05-11,31.91,2026-06-08,21.44,2.75186567164179,5.177238805970146,32.81103102475713,30.962080852397367,False,1.101422670949992,1.5262501486916538,2,4,2,50.0,29.53034367529216,31.96001620964473,2022-04-26; 2022-12-07,17.248134328358212,2.75186567164179,历史2/4次成功; 当前距低点2.75%; 最新日涨幅1.10%; 状态bottom_area; 底部未确认
63,76.67639029606552,65.98265040314244,301277,新天地,bottom_area,2026-06-09,9.28,2026-04-02,12.58,2026-06-09,9.12,1.7543859649122824,3.179824561403519,27.5039745627981,26.23211446740859,False,0.10787486515642097,0.6233192161923132,2,5,2,40.0,30.8744645330239,36.71274961597543,2022-12-29; 2024-02-06,18.24561403508772,1.7543859649122824,历史2/5次成功; 当前距低点1.75%; 最新日涨幅0.11%; 状态bottom_area; 底部未确认
64,76.45916571192521,66.06878051695638,688085,三友医疗,bottom_area,2026-06-09,13.9,2026-05-08,19.89,2026-06-09,13.63,1.9809244314013172,2.9347028613352792,31.473102061337354,30.11563599798894,False,0.21629416005768398,0.7425455098054115,1,2,1,50.0,45.78111946532998,45.78111946532998,2024-02-05,18.019075568598684,1.9809244314013172,历史1/2次成功; 当前距低点1.98%; 最新日涨幅0.22%; 状态bottom_area; 底部未确认
65,76.34885585051948,68.25891085973595,002340,格林美,bottom_area,2026-06-09,7.02,2026-04-29,9.69,2026-06-08,6.76,3.8461538461538427,4.881656804733729,30.237358101135193,27.55417956656347,False,2.481751824817513,2.1257759120741544,4,7,4,57.14285714285714,31.610592475243443,42.337375964718845,2011-01-25; 2012-12-04; 2015-05-15; 2024-02-05,16.153846153846157,3.8461538461538427,历史4/7次成功; 当前距低点3.85%; 最新日涨幅2.48%; 状态bottom_area; 底部未确认
66,76.33743230279225,64.94378569043518,601186,中国铁建,bottom_area,2026-06-09,6.27,2025-07-23,8.93,2026-05-28,6.2,1.1290322580645062,4.838709677419352,30.571108622620375,29.787234042553195,False,0.31999999999998696,0.2727117435123741,3,8,3,37.5,23.040210961409922,24.590163934426215,2012-01-06; 2015-05-08; 2025-04-07,18.870967741935495,1.1290322580645062,历史3/8次成功; 当前距低点1.13%; 最新日涨幅0.32%; 状态bottom_area; 底部未确认
67,76.27328316177547,66.59216075660792,300736,百邦科技,bottom_area,2026-06-09,29.0,2026-05-19,40.88,2026-06-09,28.28,2.545968882602542,5.905233380480898,30.82191780821918,29.06066536203523,False,1.115760111576014,6.243489766052563,3,7,3,42.857142857142854,37.66420020168355,39.179548156956,2019-01-31; 2020-02-04; 2021-02-08,17.45403111739746,2.545968882602542,历史3/7次成功; 当前距低点2.55%; 最新日涨幅1.12%; 状态bottom_area; 底部未确认
68,75.93139590624637,66.51958262056996,300287,飞利信,bottom_area,2026-06-09,3.76,2026-05-13,5.15,2026-06-08,3.66,2.73224043715846,5.191256830601091,28.932038834951456,26.99029126213593,False,2.1739130434782483,1.7074318971512934,4,10,4,40.0,45.747800092963665,108.78787878787878,2014-03-12; 2019-02-01; 2021-02-04; 2024-10-11,17.26775956284154,2.73224043715846,历史4/10次成功; 当前距低点2.73%; 最新日涨幅2.17%; 状态bottom_area; 底部未确认
69,75.91460197278195,65.27588759958101,002312,川发龙蟒,bottom_area,2026-06-09,8.32,2026-04-24,11.76,2026-06-08,8.18,1.711491442542794,5.134474327628361,30.4421768707483,29.2517006802721,False,0.6045949214026791,1.0707927703054707,6,16,6,37.5,31.96552735794936,46.05263157894737,2010-02-03; 2014-06-25; 2015-09-02; 2020-02-04; 2023-10-23; 2025-04-09,18.288508557457206,1.711491442542794,历史6/16次成功; 当前距低点1.71%; 最新日涨幅0.60%; 状态bottom_area; 底部未确认
70,75.87250044203746,66.71980752622805,002703,浙江世宝,bottom_area,2026-06-09,16.46,2026-05-26,22.58,2026-06-08,15.99,2.939337085678553,6.003752345215754,29.185119574844986,27.103631532329487,False,0.30469226081657474,6.022918741136256,4,8,4,50.0,27.696215492339505,34.06504065040649,2015-09-16; 2018-02-07; 2019-11-13; 2023-07-24,17.060662914321448,2.939337085678553,历史4/8次成功; 当前距低点2.94%; 最新日涨幅0.30%; 状态bottom_area; 底部未确认
71,75.8716022918047,66.49634259045183,300437,清水源,bottom_area,2026-06-09,11.93,2026-05-11,17.3,2026-06-08,11.61,2.7562446167097354,6.632213608957807,32.890173410404635,31.04046242774567,False,0.8453085376162184,3.797166624082133,8,16,8,50.0,24.250431809408724,30.330330330330323,2015-06-30; 2015-07-03; 2021-02-04; 2021-05-11; 2021-09-30; 2021-11-15; 2022-04-27; 2024-04-16,17.243755383290267,2.7562446167097354,历史8/16次成功; 当前距低点2.76%; 最新日涨幅0.85%; 状态bottom_area; 底部未确认
72,75.8114668193401,65.69715987971834,000572,海马汽车,bottom_area,2026-06-09,4.3,2026-04-15,5.92,2026-06-09,4.21,2.1377672209026097,3.3254156769596124,28.885135135135137,27.36486486486487,False,0.2331002331002363,1.6845758780334181,9,24,9,37.5,39.45574808266819,95.5116696588869,1995-04-27; 1999-01-18; 2000-07-03; 2001-10-22; 2015-06-30; 2018-02-09; 2023-05-26; 2025-04-09; 2025-10-23,17.862232779097393,2.1377672209026097,历史9/24次成功; 当前距低点2.14%; 最新日涨幅0.23%; 状态bottom_area; 底部未确认
73,75.61504502807684,64.43901405105518,603123,翠微股份,bottom_area,2026-06-09,9.11,2026-04-13,13.39,2026-06-09,9.0,1.2222222222222159,3.333333333333341,32.78566094100075,31.964152352501873,False,-0.7625272331154731,1.5241249943182713,5,12,5,41.66666666666667,34.91405403793104,45.93749999999999,2012-12-04; 2014-01-10; 2020-02-04; 2024-09-18; 2025-04-09,18.777777777777786,1.2222222222222159,历史5/12次成功; 当前距低点1.22%; 最新日涨幅-0.76%; 状态bottom_area; 底部未确认
74,75.39876910132858,65.2685928297157,000422,湖北宜化,bottom_area,2026-06-09,12.77,2026-04-28,17.4,2026-06-09,12.51,2.0783373301358896,3.597122302158282,28.103448275862064,26.609195402298845,False,-0.3900156006240274,2.178754418389896,9,18,9,50.0,31.812913668954458,56.559513466550825,2005-02-01; 2005-06-03; 2007-06-05; 2008-02-01; 2008-09-18; 2012-12-04; 2017-06-02; 2019-08-07; 2021-11-09,17.921662669864112,2.0783373301358896,历史9/18次成功; 当前距低点2.08%; 最新日涨幅-0.39%; 状态bottom_area; 底部未确认
75,75.38275136131811,65.46650182081267,000931,中关村,bottom_area,2026-06-09,4.08,2026-04-09,5.51,2026-06-08,3.99,2.2556390977443574,5.012531328320806,27.58620689655172,25.952813067150633,False,0.24570024570023108,0.5707764903552187,5,12,5,41.66666666666667,30.63275428496302,45.10582010582012,2003-05-13; 2005-05-11; 2007-06-26; 2014-01-14; 2020-02-04,17.744360902255643,2.2556390977443574,历史5/12次成功; 当前距低点2.26%; 最新日涨幅0.25%; 状态bottom_area; 底部未确认
76,75.3436296124953,66.88998483629713,002755,奥赛康,bottom_area,2026-06-09,12.85,2026-05-21,17.77,2026-06-09,12.42,3.462157809983895,4.106280193236713,30.106921778277997,27.687113111986495,False,1.500789889415488,0.8793940502979464,7,14,7,50.0,35.01991743580865,57.03937007874016,2015-06-29; 2015-07-29; 2015-09-02; 2016-01-14; 2016-12-13; 2022-10-12; 2023-08-24,16.537842190016107,3.462157809983895,历史7/14次成功; 当前距低点3.46%; 最新日涨幅1.50%; 状态bottom_area; 底部未确认
77,74.97159125687418,64.45888409629251,603191,望变电气,bottom_area,2026-06-09,16.69,2026-05-29,22.72,2026-06-09,16.41,1.7062766605728283,4.5094454600853044,27.772887323943657,26.54049295774647,False,-0.5363528009535101,3.048629978546468,2,5,2,40.0,44.5655638838632,54.24528301886794,2024-02-06; 2025-04-09,18.293723339427174,1.7062766605728283,历史2/5次成功; 当前距低点1.71%; 最新日涨幅-0.54%; 状态bottom_area; 底部未确认
78,74.93665098893666,65.65948253030139,000576,甘化科工,bottom_area,2026-06-09,7.12,2026-04-15,9.95,2026-06-08,6.93,2.7417027417027473,6.493506493506496,30.351758793969847,28.442211055276378,False,0.7072135785006983,1.3085522424937455,11,26,11,42.30769230769231,36.2395955988368,90.05145797598628,1995-05-03; 1996-12-25; 1997-07-08; 1997-09-23; 2006-11-14; 2015-08-26; 2017-01-17; 2018-10-19; 2020-02-04; 2021-10-28; 2025-04-09,17.258297258297254,2.7417027417027473,历史11/26次成功; 当前距低点2.74%; 最新日涨幅0.71%; 状态bottom_area; 底部未确认
79,74.88165158695055,64.6692677526803,300471,厚普股份,bottom_area,2026-06-09,9.41,2026-04-21,13.73,2026-06-08,9.23,1.950162513542792,5.850487540628376,32.77494537509104,31.4639475600874,False,0.7494646680942241,1.5246950280224358,4,11,4,36.36363636363637,34.09189693017424,57.03703703703705,2020-02-04; 2020-09-11; 2021-09-06; 2024-04-16,18.04983748645721,1.950162513542792,历史4/11次成功; 当前距低点1.95%; 最新日涨幅0.75%; 状态bottom_area; 底部未确认
80,74.81709811131236,65.02107871866916,301186,超达装备,bottom_area,2026-06-09,58.41,2026-05-11,80.39,2026-06-09,57.1,2.294220665499116,3.3274956217162845,28.971265082721732,27.341709167806943,False,1.6356359839916346,1.5861789856837938,2,6,2,33.33333333333333,46.76649732620321,52.372994652406426,2022-04-27; 2025-04-09,17.705779334500885,2.294220665499116,历史2/6次成功; 当前距低点2.29%; 最新日涨幅1.64%; 状态bottom_area; 底部未确认
81,74.66157648234018,65.66352560246914,688015,交控科技,bottom_area,2026-06-09,17.12,2026-04-27,23.28,2026-06-08,16.63,2.946482260974155,5.65243535778714,28.56529209621994,26.46048109965636,False,1.1222681630242315,0.7152824733252647,2,4,2,50.0,22.104866438119394,23.111997720148185,2019-08-12; 2021-01-08,17.053517739025846,2.946482260974155,历史2/4次成功; 当前距低点2.95%; 最新日涨幅1.12%; 状态bottom_area; 底部未确认
82,74.59349761053912,64.0418746675178,301239,普瑞眼科,bottom_area,2026-06-09,31.84,2026-05-25,43.44,2026-06-09,31.33,1.6278327481647032,2.7449728694541955,27.877532228360955,26.703499079189687,False,0.03141690229344629,1.4295560165210572,1,3,1,33.33333333333333,93.1179775280899,93.1179775280899,2024-09-18,18.372167251835297,1.6278327481647032,历史1/3次成功; 当前距低点1.63%; 最新日涨幅0.03%; 状态bottom_area; 底部未确认
83,74.46868153587299,64.82091712636718,002322,理工能科,bottom_area,2026-06-09,10.75,2026-04-20,14.57,2026-06-08,10.5,2.380952380952381,4.571428571428576,27.934111187371315,26.218256691832536,False,0.9389671361502261,0.5718559439527106,4,10,4,40.0,32.30907825235801,40.487804878048784,2012-12-04; 2022-04-27; 2022-10-11; 2024-02-06,17.61904761904762,2.380952380952381,历史4/10次成功; 当前距低点2.38%; 最新日涨幅0.94%; 状态bottom_area; 底部未确认
84,74.36654079008132,64.35112309801613,688429,时创能源,bottom_area,2026-06-09,10.91,2026-05-14,15.25,2026-06-09,10.69,2.0579981290926157,3.8353601496725926,29.9016393442623,28.45901639344262,False,-0.09157509157509125,1.9048246190236664,3,6,3,50.0,26.63096146423276,34.1723874904653,2024-02-06; 2024-07-10; 2025-04-07,17.942001870907387,2.0579981290926157,历史3/6次成功; 当前距低点2.06%; 最新日涨幅-0.09%; 状态bottom_area; 底部未确认
85,74.2999197528406,66.59222403477322,600126,杭钢股份,bottom_area,2026-06-09,7.05,2026-05-14,9.78,2026-06-08,6.78,3.982300884955746,5.899705014749254,30.674846625766865,27.914110429447852,False,3.0701754385964897,1.7435979718710224,6,11,6,54.54545454545454,29.946515433624405,55.84045584045584,2006-01-25; 2008-03-18; 2008-09-18; 2009-09-02; 2024-02-06; 2025-03-26,16.017699115044255,3.982300884955746,历史6/11次成功; 当前距低点3.98%; 最新日涨幅3.07%; 状态bottom_area; 底部未确认
86,74.25713154362684,63.917975096223124,300171,东富龙,bottom_area,2026-06-09,10.93,2026-04-15,15.15,2026-06-08,10.74,1.7690875232774628,5.214152700186224,29.108910891089106,27.85478547854786,False,0.0,0.932343711935558,4,11,4,36.36363636363637,27.833060186829478,32.678485864877814,2015-06-30; 2015-07-06; 2019-08-06; 2022-09-26,18.230912476722537,1.7690875232774628,历史4/11次成功; 当前距低点1.77%; 最新日涨幅0.00%; 状态bottom_area; 底部未确认
87,74.04814227466602,66.73474550679778,688089,嘉必优,bottom_area,2026-06-09,12.41,2026-05-12,17.33,2026-06-08,11.9,4.285714285714284,6.302521008403361,31.33294864396999,28.390075014425843,False,2.5619834710743916,1.1784270616307002,3,6,3,50.0,44.28050579691581,58.830478440637926,2020-02-04; 2021-10-28; 2025-01-13,15.714285714285717,4.285714285714284,历史3/6次成功; 当前距低点4.29%; 最新日涨幅2.56%; 状态bottom_area; 底部未确认
88,73.8115949549411,63.55379021800067,600227,赤天化,bottom_area,2026-06-09,2.85,2026-05-11,4.05,2026-06-09,2.8,1.7857142857142954,5.71428571428572,30.864197530864203,29.629629629629623,False,-4.040404040404044,6.154110396344414,8,16,8,50.0,29.22160639478099,44.72049689440993,2001-10-22; 2008-03-18; 2015-01-14; 2015-07-16; 2018-10-19; 2019-08-06; 2024-04-22; 2026-03-24,18.214285714285705,1.7857142857142954,历史8/16次成功; 当前距低点1.79%; 最新日涨幅-4.04%; 状态bottom_area; 底部未确认
89,73.65760655067977,63.45886102827796,600871,石化油服,bottom_area,2026-06-09,2.24,2026-03-30,3.07,2026-06-09,2.2,1.8181818181818195,3.636363636363619,28.338762214983703,27.035830618892497,False,-3.0303030303030276,1.100216745204893,7,16,7,43.75,42.650890181357546,106.80851063829789,1996-08-27; 1997-07-08; 1997-09-23; 1998-08-18; 2001-07-31; 2014-04-29; 2015-07-16,18.181818181818183,1.8181818181818195,历史7/16次成功; 当前距低点1.82%; 最新日涨幅-3.03%; 状态bottom_area; 底部未确认
90,73.60313042046408,64.83177290921707,300423,昇辉科技,bottom_area,2026-06-09,6.12,2026-05-13,8.31,2026-06-08,5.94,3.0303030303030254,7.407407407407399,28.51985559566787,26.353790613718413,False,0.8237232289950658,2.7298870505181103,5,11,5,45.45454545454545,28.509043011430897,45.50084889643465,2015-06-30; 2016-01-14; 2017-08-11; 2023-04-25; 2025-04-09,16.969696969696976,3.0303030303030254,历史5/11次成功; 当前距低点3.03%; 最新日涨幅0.82%; 状态bottom_area; 底部未确认
91,73.41591655147921,64.22419666220894,000020,深华发A,bottom_area,2026-06-09,11.99,2026-04-30,16.22,2026-06-08,11.68,2.6541095890411004,5.821917808219176,27.990135635018493,26.078914919852025,False,1.0109519797809607,1.8888265513599667,9,21,9,42.857142857142854,26.25880620319397,42.08242950108458,1992-06-17; 1992-10-26; 1999-01-18; 2010-07-02; 2016-01-05; 2016-02-29; 2022-08-31; 2022-09-30; 2025-04-09,17.3458904109589,2.6541095890411004,历史9/21次成功; 当前距低点2.65%; 最新日涨幅1.01%; 状态bottom_area; 底部未确认
92,73.35432112994485,65.58167783140763,003015,日久光电,bottom_area,2026-06-09,12.42,2026-04-15,16.95,2026-06-08,11.96,3.846153846153838,5.0167224080267525,29.43952802359881,26.725663716814157,False,1.3050570962479524,2.614492000548051,2,4,2,50.0,32.69305699267948,37.847866419294995,2022-04-27; 2024-09-24,16.153846153846164,3.846153846153838,历史2/4次成功; 当前距低点3.85%; 最新日涨幅1.31%; 状态bottom_area; 底部未确认
93,73.27635572914633,61.29629341388584,000930,中粮科技,bottom_area,2026-06-09,4.83,2026-04-13,7.03,2026-06-09,4.82,0.20746887966804536,2.4896265560165993,31.436699857752487,31.29445234708393,False,-1.8292682926829285,0.7458191604012853,5,10,5,50.0,27.36194870714509,40.599769319492495,2004-09-13; 2008-04-03; 2015-05-08; 2015-06-23; 2015-08-04,19.792531120331954,0.20746887966804536,历史5/10次成功; 当前距低点0.21%; 最新日涨幅-1.83%; 状态bottom_area; 底部未确认
94,73.17406957235751,63.69402817027072,600955,维远股份,bottom_area,2026-06-09,15.05,2026-04-28,20.14,2026-06-09,14.7,2.3809523809523907,3.537414965986404,27.010923535253234,25.273088381330684,False,0.6688963210702337,0.6711272727272727,2,5,2,40.0,26.250535477646064,26.53198653198653,2021-10-13; 2026-03-24,17.619047619047613,2.3809523809523907,历史2/5次成功; 当前距低点2.38%; 最新日涨幅0.67%; 状态bottom_area; 底部未确认
95,73.15982905807735,63.67224315717396,000997,新大陆,bottom_area,2026-06-09,18.12,2026-05-25,25.78,2026-06-09,17.7,2.372881355932213,3.1073446327683656,31.3421256788208,29.712955779674168,False,0.6107717934480839,1.7123412513035834,4,12,4,33.33333333333333,40.478921050355204,51.26676602086439,2008-04-22; 2008-09-18; 2012-12-03; 2018-10-16,17.62711864406779,2.372881355932213,历史4/12次成功; 当前距低点2.37%; 最新日涨幅0.61%; 状态bottom_area; 底部未确认
96,73.05208342083387,64.65698512448803,603636,南威软件,bottom_area,2026-06-09,8.78,2026-05-19,12.61,2026-06-08,8.5,3.2941176470588163,4.823529411764707,32.593180015860426,30.372720063441715,False,1.9744483159117365,1.7005464477931922,2,4,2,50.0,20.954695482699602,21.096382835317907,2015-07-29; 2016-01-14,16.705882352941185,3.2941176470588163,历史2/4次成功; 当前距低点3.29%; 最新日涨幅1.97%; 状态bottom_area; 底部未确认
97,73.028597919549,62.933205800419536,300986,志特新材,bottom_area,2026-06-09,18.34,2026-05-11,25.4,2026-06-08,18.01,1.8323153803442436,6.440866185452526,29.09448818897637,27.795275590551178,False,0.3831417624521105,2.529455154584439,2,8,2,25.0,47.93486487959358,54.76987447698747,2025-04-09; 2026-01-19,18.16768461965576,1.8323153803442436,历史2/8次成功; 当前距低点1.83%; 最新日涨幅0.38%; 状态bottom_area; 底部未确认
98,72.95586757236727,62.29044041919667,600199,金种子酒,bottom_area,2026-06-09,6.88,2026-05-27,9.4,2026-06-09,6.79,1.3254786450662719,4.27098674521355,27.765957446808514,26.80851063829788,False,-2.6874115983026914,1.8942932010609754,7,17,7,41.17647058823529,25.690398295101822,33.667781493868446,2003-11-07; 2007-07-17; 2013-10-29; 2015-08-26; 2020-12-03; 2022-03-29; 2023-05-17,18.67452135493373,1.3254786450662719,历史7/17次成功; 当前距低点1.33%; 最新日涨幅-2.69%; 状态bottom_area; 底部未确认
99,72.94976763628868,63.35553055835656,300043,星辉娱乐,bottom_area,2026-06-09,4.53,2026-04-28,6.21,2026-06-08,4.43,2.2573363431151363,5.8690744920993385,28.66344605475041,27.053140096618357,False,0.44345898004436446,1.8830292634478023,5,14,5,35.714285714285715,32.20107676237598,57.267950963222425,2010-02-03; 2014-07-24; 2015-07-03; 2022-01-28; 2022-04-27,17.742663656884865,2.2573363431151363,历史5/14次成功; 当前距低点2.26%; 最新日涨幅0.44%; 状态bottom_area; 底部未确认
100,72.88285189819051,62.942093036251066,600470,六国化工,bottom_area,2026-06-09,5.23,2026-04-30,7.19,2026-06-09,5.13,1.9493177387914333,4.2884990253411255,28.6509040333797,27.260083449235044,False,-0.9469696969696906,3.0948044478527605,5,11,5,45.45454545454545,27.571804637170537,37.76908023483365,2008-03-18; 2008-04-22; 2008-09-18; 2015-06-30; 2023-06-26,18.050682261208568,1.9493177387914333,历史5/11次成功; 当前距低点1.95%; 最新日涨幅-0.95%; 状态bottom_area; 底部未确认
101,72.85209866936503,62.39328551235788,600346,恒力石化,bottom_area,2026-06-09,16.31,2026-05-14,23.23,2026-06-09,16.07,1.4934660858742903,3.2358431860609804,30.822212656048215,29.789065863108057,False,-1.746987951807244,0.3734397863363214,5,13,5,38.46153846153847,34.18488273199603,56.495468277945605,2008-04-22; 2009-03-02; 2009-08-20; 2010-07-02; 2022-03-09,18.50653391412571,1.4934660858742903,历史5/13次成功; 当前距低点1.49%; 最新日涨幅-1.75%; 状态bottom_area; 底部未确认
102,72.78891701568025,61.90927275880246,601311,骆驼股份,bottom_area,2026-06-09,8.16,2026-04-22,11.28,2026-06-09,8.07,1.1152416356877306,1.6109045848822678,28.457446808510632,27.6595744680851,False,0.0,0.9874388246881549,2,7,2,28.57142857142857,25.90181706389658,31.35802469135804,2012-07-31; 2020-02-04,18.88475836431227,1.1152416356877306,历史2/7次成功; 当前距低点1.12%; 最新日涨幅0.00%; 状态bottom_area; 底部未确认
103,72.7405922425939,62.227205505909936,601002,晋亿实业,bottom_area,2026-06-09,4.96,2026-04-20,6.81,2026-06-08,4.89,1.4314928425357931,4.294478527607361,28.193832599118945,27.16593245227606,False,0.4048582995951344,1.342157764024268,3,10,3,30.0,28.39252251016957,35.164835164835154,2007-06-05; 2008-04-02; 2025-04-09,18.56850715746421,1.4314928425357931,历史3/10次成功; 当前距低点1.43%; 最新日涨幅0.40%; 状态bottom_area; 底部未确认
104,72.66402012993862,63.28694867678193,300002,神州泰岳,bottom_area,2026-06-09,7.64,2026-05-08,10.23,2026-06-08,7.46,2.412868632707771,4.55764075067024,27.077223851417404,25.31769305962855,False,1.3262599469495928,1.6052152574640801,4,11,4,36.36363636363637,32.33195540220536,50.374064837905244,2012-12-04; 2013-06-25; 2018-10-16; 2022-04-27,17.58713136729223,2.412868632707771,历史4/11次成功; 当前距低点2.41%; 最新日涨幅1.33%; 状态bottom_area; 底部未确认
105,72.47112680202898,61.88545659499103,600585,海螺水泥,bottom_area,2026-06-09,19.0,2026-03-13,25.97,2026-06-09,18.75,1.3333333333333335,2.8799999999999955,27.80130920292645,26.8386599922988,False,-0.4714510214772094,0.8120103932729997,4,10,4,40.0,26.158368790274366,30.065359477124165,2006-03-10; 2008-03-18; 2008-09-18; 2015-08-25,18.666666666666668,1.3333333333333335,历史4/10次成功; 当前距低点1.33%; 最新日涨幅-0.47%; 状态bottom_area; 底部未确认
106,72.43549047664519,64.09663327628708,603232,格尔软件,bottom_area,2026-06-09,17.31,2026-06-03,24.22,2026-06-09,16.76,3.2816229116944937,4.4749403341288785,30.800990916597843,28.530140379851364,False,0.05780346820807303,5.3101599654128835,5,12,5,41.66666666666667,35.84444542088083,48.01488833746897,2017-08-11; 2018-02-07; 2022-11-28; 2024-02-07; 2025-01-06,16.71837708830551,3.2816229116944937,历史5/12次成功; 当前距低点3.28%; 最新日涨幅0.06%; 状态bottom_area; 底部未确认
107,72.4273034552043,62.17006694583793,601515,衢州东峰,bottom_area,2026-06-09,3.77,2026-05-11,5.2,2026-06-08,3.71,1.617250673854449,4.851752021563346,28.653846153846157,27.500000000000004,False,0.5333333333333412,0.5441756223221126,2,7,2,28.57142857142857,33.45759552656104,34.48275862068966,2015-08-26; 2024-02-06,18.382749326145554,1.617250673854449,历史2/7次成功; 当前距低点1.62%; 最新日涨幅0.53%; 状态bottom_area; 底部未确认
108,72.42352933043294,64.34193378283098,600676,交运股份,bottom_area,2026-06-09,6.21,2026-05-19,8.35,2026-06-08,6.0,3.4999999999999996,6.499999999999995,28.143712574850294,25.62874251497006,False,0.9756097560975618,0.7793538938571378,8,18,8,44.44444444444444,33.82162726731113,70.60367454068242,1993-12-20; 1994-03-10; 1994-04-20; 1994-08-10; 2005-01-31; 2015-07-09; 2020-02-04; 2024-06-24,16.5,3.4999999999999996,历史8/18次成功; 当前距低点3.50%; 最新日涨幅0.98%; 状态bottom_area; 底部未确认
109,72.41547836796353,61.8234510849294,600983,惠而浦,bottom_area,2026-06-09,8.44,2026-04-13,11.47,2026-06-08,8.33,1.320528211284507,3.1212484993997576,27.375762859633827,26.41673931996513,False,0.356718192627814,0.23461750206591583,3,12,3,25.0,35.69492154117244,48.23874755381604,2010-07-02; 2011-01-25; 2024-02-08,18.679471788715492,1.320528211284507,历史3/12次成功; 当前距低点1.32%; 最新日涨幅0.36%; 状态bottom_area; 底部未确认
110,72.39358951314435,64.14731732639528,300253,卫宁健康,bottom_area,2026-06-09,7.39,2026-05-08,10.13,2026-06-08,7.15,3.356643356643347,4.195804195804193,29.417571569595264,27.048371174728537,False,2.071823204419876,2.095610941667435,5,12,5,41.66666666666667,37.036545768147555,72.9818780889621,2015-07-03; 2015-09-02; 2020-06-22; 2022-04-27; 2025-01-13,16.643356643356654,3.356643356643347,历史5/12次成功; 当前距低点3.36%; 最新日涨幅2.07%; 状态bottom_area; 底部未确认
111,72.3901436568618,62.73290840332537,300775,三角防务,bottom_area,2026-06-09,22.45,2026-05-13,32.58,2026-06-09,21.98,2.138307552320286,4.595086442220191,32.53529772866789,31.092694904849598,False,0.5373936408419322,3.1981354899812713,2,6,2,33.33333333333333,32.55331338323808,37.224782386072704,2020-02-04; 2025-04-07,17.861692447679715,2.138307552320286,历史2/6次成功; 当前距低点2.14%; 最新日涨幅0.54%; 状态bottom_area; 底部未确认
112,72.28781327789957,64.91529094872315,603978,深圳新星,bottom_area,2026-06-09,25.2,2026-05-26,33.8,2026-06-08,24.21,4.089219330855013,8.219743907476243,28.37278106508875,25.44378698224852,False,0.8403361344537785,4.282920066454306,4,8,4,50.0,32.0898442100676,38.88888888888889,2020-02-04; 2021-01-14; 2024-08-23; 2025-12-16,15.91078066914499,4.089219330855013,历史4/8次成功; 当前距低点4.09%; 最新日涨幅0.84%; 状态bottom_area; 底部未确认
113,72.1746328786015,61.7114464553723,600067,冠城新材,bottom_area,2026-06-09,2.89,2026-04-22,4.2,2026-06-08,2.85,1.4035087719298258,6.315789473684201,32.142857142857146,31.19047619047619,False,-0.34482758620688614,1.3900793561686284,6,16,6,37.5,31.4997121256576,46.91642651296828,1997-05-23; 1998-08-18; 2007-06-05; 2015-06-30; 2015-07-06; 2025-04-09,18.596491228070175,1.4035087719298258,历史6/16次成功; 当前距低点1.40%; 最新日涨幅-0.34%; 状态bottom_area; 底部未确认
114,72.17306244656143,63.38985544839627,300759,康龙化成,bottom_area,2026-06-09,22.2,2026-04-28,31.45,2026-06-09,21.58,2.873030583873962,3.1047265987025106,31.383147853736094,29.411764705882355,False,0.4070556309362372,1.4462490667849153,2,5,2,40.0,30.647124621660748,32.829977628635355,2024-04-23; 2024-10-16,17.12696941612604,2.873030583873962,历史2/5次成功; 当前距低点2.87%; 最新日涨幅0.41%; 状态bottom_area; 底部未确认
115,71.803641331554,64.86079560483884,600604,市北高新,bottom_area,2026-06-09,4.26,2026-05-21,5.94,2026-06-08,4.08,4.411764705882345,7.107843137254903,31.313131313131315,28.282828282828294,True,2.898550724637694,1.03758923881994,12,27,12,44.44444444444444,38.594129156663875,125.68218298555377,1992-09-08; 1993-02-24; 1993-03-10; 1993-07-26; 1994-03-10; 1994-08-10; 1994-10-14; 2007-10-26; 2008-04-23; 2019-02-01; 2020-02-04; 2024-02-06,15.588235294117656,4.411764705882345,历史12/27次成功; 当前距低点4.41%; 最新日涨幅2.90%; 状态bottom_area; 底部已确认
116,71.73718692192128,61.719151695631915,600550,保变电气,bottom_area,2026-06-09,12.26,2026-05-13,17.32,2026-06-09,12.05,1.7427385892116103,2.821576763485476,30.427251732101613,29.2147806004619,False,0.5742411812961423,1.4852988117377361,5,19,5,26.31578947368421,37.45877699537444,56.0234541577825,2007-11-12; 2015-06-30; 2017-04-24; 2024-02-06; 2025-04-09,18.25726141078839,1.7427385892116103,历史5/19次成功; 当前距低点1.74%; 最新日涨幅0.57%; 状态bottom_area; 底部未确认
117,71.680286804234,62.24010371012507,600251,冠农股份,bottom_area,2026-06-09,9.56,2026-05-07,13.21,2026-06-08,9.35,2.245989304812843,4.5989304812834195,29.220287660862994,27.630582891748677,False,-0.10449320794148065,0.9725691512498394,5,12,5,41.66666666666667,35.64135837866504,41.95979899497488,2011-01-25; 2013-06-25; 2015-06-30; 2015-07-07; 2022-04-27,17.75401069518716,2.245989304812843,历史5/12次成功; 当前距低点2.25%; 最新日涨幅-0.10%; 状态bottom_area; 底部未确认
118,71.61146355900635,61.60573305694819,002190,成飞集成,bottom_area,2026-06-09,25.17,2026-05-13,36.38,2026-06-08,24.74,1.738075990299124,4.607922392886017,31.995601979109413,30.81363386476086,False,0.398883127243721,0.8549064787057615,2,7,2,28.57142857142857,31.904626884647758,39.08241291418863,2015-06-30; 2024-02-06,18.261924009700877,1.738075990299124,历史2/7次成功; 当前距低点1.74%; 最新日涨幅0.40%; 状态bottom_area; 底部未确认
119,71.439340215797,60.076236308720034,000919,金陵药业,bottom_area,2026-06-09,6.08,2026-04-16,8.83,2026-06-08,6.05,0.49586776859504544,3.4710743801652884,31.483578708946773,31.14382785956965,False,-0.815660685154973,1.2016564693299612,7,14,7,50.0,24.33771409202549,31.2267657992565,2008-03-18; 2013-06-25; 2015-06-30; 2015-08-25; 2022-04-27; 2022-12-29; 2024-02-06,19.504132231404956,0.49586776859504544,历史7/14次成功; 当前距低点0.50%; 最新日涨幅-0.82%; 状态bottom_area; 底部未确认
120,71.34767065909972,60.68992732413045,000822,山东海化,bottom_area,2026-06-09,4.51,2026-04-29,6.15,2026-06-09,4.46,1.1210762331838524,3.8116591928251107,27.47967479674797,26.66666666666667,False,-0.879120879120876,1.5361213729942922,5,15,5,33.33333333333333,31.573375282023164,38.70192307692306,1998-08-18; 2007-06-04; 2008-04-22; 2015-06-30; 2022-08-02,18.87892376681615,1.1210762331838524,历史5/15次成功; 当前距低点1.12%; 最新日涨幅-0.88%; 状态bottom_area; 底部未确认
121,71.33441457125527,62.163452127860516,300511,雪榕生物,bottom_area,2026-06-09,5.87,2026-04-29,8.48,2026-06-08,5.73,2.4432809773123854,5.584642233856883,32.429245283018865,30.778301886792452,False,0.0,2.636798661179536,3,9,3,33.33333333333333,33.230104423652804,47.88888888888889,2018-02-07; 2021-02-09; 2021-08-03,17.556719022687616,2.4432809773123854,历史3/9次成功; 当前距低点2.44%; 最新日涨幅0.00%; 状态bottom_area; 底部未确认
122,71.3124606152418,61.94039308943581,000715,中兴商业,bottom_area,2026-06-09,4.97,2026-04-27,6.68,2026-06-09,4.86,2.263374485596696,3.9094650205761217,27.245508982035922,25.59880239520958,False,-0.7984031936127733,1.6124917012258173,7,16,7,43.75,29.72923073438855,49.785407725321896,1997-05-23; 1997-07-08; 2015-07-16; 2020-02-04; 2021-02-04; 2023-01-19; 2025-06-23,17.736625514403304,2.263374485596696,历史7/16次成功; 当前距低点2.26%; 最新日涨幅-0.80%; 状态bottom_area; 底部未确认
123,71.28236150953462,60.67321626541127,605598,上海港湾,bottom_area,2026-06-09,38.5,2026-05-25,56.2,2026-06-09,38.06,1.1560693641618436,3.4944823962164957,32.27758007117438,31.49466192170819,False,-1.1045466221423106,1.5615381524232346,1,2,1,50.0,29.134701159678855,29.134701159678855,2026-01-21,18.843930635838156,1.1560693641618436,历史1/2次成功; 当前距低点1.16%; 最新日涨幅-1.10%; 状态bottom_area; 底部未确认
124,71.2330006413263,61.80412356859696,300981,中红医疗,bottom_area,2026-06-09,11.13,2026-05-25,15.8,2026-06-08,10.89,2.2038567493112966,6.060606060606061,31.075949367088608,29.55696202531645,False,0.2702702702702897,0.8907183999416344,2,6,2,33.33333333333333,28.3633528155558,31.785714285714278,2021-04-28; 2026-03-30,17.796143250688704,2.2038567493112966,历史2/6次成功; 当前距低点2.20%; 最新日涨幅0.27%; 状态bottom_area; 底部未确认
125,71.20188176952387,61.33495433329771,000753,漳州发展,bottom_area,2026-06-09,5.06,2026-05-07,6.93,2026-06-09,4.97,1.8108651911468785,2.8169014084507156,28.28282828282828,26.984126984126988,False,0.0,1.3338630543100054,4,14,4,28.57142857142857,31.34108201519824,43.344709897610926,2011-01-21; 2020-02-04; 2022-04-27; 2025-11-28,18.189134808853122,1.8108651911468785,历史4/14次成功; 当前距低点1.81%; 最新日涨幅0.00%; 状态bottom_area; 底部未确认
126,71.18283782547982,64.10558161516555,600877,电科芯片,bottom_area,2026-06-09,13.75,2026-05-11,18.14,2026-06-08,13.19,4.245640636846099,5.610310841546628,27.287761852260207,24.200661521499452,False,2.7653213751868355,1.41115370967544,8,16,8,50.0,29.653990683734705,55.348837209302324,1996-12-18; 1997-07-08; 2005-07-19; 2008-04-22; 2008-09-18; 2009-08-19; 2015-09-08; 2022-04-27,15.754359363153903,4.245640636846099,历史8/16次成功; 当前距低点4.25%; 最新日涨幅2.77%; 状态bottom_area; 底部未确认
127,71.07526753433619,61.893268433934054,300841,康华生物,bottom_area,2026-06-09,44.3,2026-05-11,62.0,2026-06-08,43.26,2.404068423485897,5.871474803513637,30.225806451612907,28.548387096774196,False,0.45351473922901064,1.1278350801616102,1,4,1,25.0,49.35238945958015,49.35238945958015,2024-02-05,17.595931576514104,2.404068423485897,历史1/4次成功; 当前距低点2.40%; 最新日涨幅0.45%; 状态bottom_area; 底部未确认
128,71.07097700315687,61.58587460548544,300753,爱朋医疗,bottom_area,2026-06-09,21.05,2026-05-19,29.2,2026-06-08,20.61,2.134885977680744,6.501698204754973,29.41780821917808,27.910958904109584,False,0.3336510962821837,3.070175302149495,2,6,2,33.33333333333333,26.344523125076314,28.044496487119456,2022-12-27; 2025-03-31,17.865114022319258,2.134885977680744,历史2/6次成功; 当前距低点2.13%; 最新日涨幅0.33%; 状态bottom_area; 底部未确认
129,70.96777824621776,61.11991203832146,000661,长春高新,bottom_area,2026-06-09,66.21,2026-05-11,90.0,2026-06-09,65.04,1.7988929889298697,2.7982779827798168,27.733333333333327,26.43333333333334,False,0.1209738394072346,1.2192246944174925,4,15,4,26.666666666666668,34.165168744166095,44.403632282420155,1997-07-08; 2008-09-18; 2015-07-09; 2024-02-05,18.201107011070132,1.7988929889298697,历史4/15次成功; 当前距低点1.80%; 最新日涨幅0.12%; 状态bottom_area; 底部未确认
130,70.961596847972,61.05207392778726,600866,星湖科技,bottom_area,2026-06-09,4.67,2026-05-11,6.33,2026-06-08,4.59,1.7429193899782152,5.446623093681917,27.488151658767773,26.224328593996844,False,0.4301075268817067,1.1311791135003337,6,21,6,28.57142857142857,28.98733560565523,38.64864864864864,1994-10-18; 2000-07-25; 2005-12-06; 2012-12-04; 2018-10-19; 2022-01-10,18.257080610021788,1.7429193899782152,历史6/21次成功; 当前距低点1.74%; 最新日涨幅0.43%; 状态bottom_area; 底部未确认
131,70.66737829978287,59.109741794446045,002019,亿帆医药,bottom_area,2026-06-09,9.84,2026-04-02,13.57,2026-06-09,9.82,0.2036659877800364,1.3238289205702545,27.63448784082535,27.48710390567428,False,-0.9063444108761365,0.918365829228112,7,17,7,41.17647058823529,34.67732580390166,54.60251046025103,2005-06-02; 2006-04-26; 2008-11-04; 2012-12-04; 2014-02-28; 2014-12-11; 2015-06-30,19.796334012219965,0.2036659877800364,历史7/17次成功; 当前距低点0.20%; 最新日涨幅-0.91%; 状态bottom_area; 底部未确认
132,70.54875495669607,60.10639092190535,000981,山子高科,bottom_area,2026-06-09,3.35,2026-05-14,4.58,2026-06-09,3.31,1.2084592145015116,4.229607250755291,27.729257641921397,26.85589519650655,False,-1.179941002949858,1.9928708125484105,7,23,7,30.434782608695656,35.78742225626044,65.60376372190278,2003-05-13; 2007-10-29; 2008-04-07; 2008-04-23; 2015-07-06; 2016-09-26; 2024-11-18,18.79154078549849,1.2084592145015116,历史7/23次成功; 当前距低点1.21%; 最新日涨幅-1.18%; 状态bottom_area; 底部未确认
133,70.53106629688665,63.77229332871512,002108,沧州明珠,bottom_area,2026-06-09,4.68,2026-05-11,6.44,2026-06-08,4.48,4.4642857142856975,5.8035714285714235,30.43478260869565,27.329192546583858,False,2.4070021881837933,2.1068671448727803,6,12,6,50.0,30.542283641325348,43.3497536945813,2009-06-24; 2018-02-07; 2018-06-20; 2020-02-04; 2022-04-27; 2024-02-05,15.535714285714302,4.4642857142856975,历史6/12次成功; 当前距低点4.46%; 最新日涨幅2.41%; 状态bottom_area; 底部未确认
134,70.50398785824319,59.922014997060224,002020,京新药业,bottom_area,2026-06-09,12.22,2026-04-02,17.18,2026-06-08,12.09,1.0752688172043077,5.624483043837881,29.627473806752036,28.87077997671711,False,-0.6504065040650375,1.3669518569309176,3,9,3,33.33333333333333,26.883304123401725,32.730732635585156,2008-09-18; 2015-08-25; 2018-10-18,18.924731182795693,1.0752688172043077,历史3/9次成功; 当前距低点1.08%; 最新日涨幅-0.65%; 状态bottom_area; 底部未确认
135,70.49136859898583,62.241640376288856,601872,招商轮船,bottom_area,2026-06-09,14.35,2026-05-25,19.5,2026-06-09,13.91,3.1631919482386737,3.306973400431338,28.666666666666668,26.410256410256412,False,1.4851485148514865,1.0527511556000644,3,8,3,37.5,33.447408700392614,43.57723577235772,2013-06-25; 2021-02-04; 2024-09-11,16.836808051761327,3.1631919482386737,历史3/8次成功; 当前距低点3.16%; 最新日涨幅1.49%; 状态bottom_area; 底部未确认
136,70.4843266850105,60.563455825909216,300601,康泰生物,bottom_area,2026-06-09,11.55,2026-05-11,15.89,2026-06-09,11.36,1.6725352112676168,2.4647887323943762,28.508495909376975,27.312775330396473,False,0.5221932114882533,1.0825834785493216,2,7,2,28.57142857142857,25.49758275975091,26.157407407407412,2020-11-30; 2024-10-16,18.327464788732385,1.6725352112676168,历史2/7次成功; 当前距低点1.67%; 最新日涨幅0.52%; 状态bottom_area; 底部未确认
137,70.4254328348253,61.48568032184358,301138,华研精机,bottom_area,2026-06-09,27.8,2026-04-22,40.25,2026-06-08,27.11,2.5451862781261574,6.52895610475839,32.64596273291925,30.93167701863354,False,0.7976794778825402,1.4369874514176517,1,2,1,50.0,28.057553956834518,28.057553956834518,2024-04-16,17.454813721873844,2.5451862781261574,历史1/2次成功; 当前距低点2.55%; 最新日涨幅0.80%; 状态bottom_area; 底部未确认
138,70.41884889875851,62.89776341979439,300436,广生堂,bottom_area,2026-06-09,87.81,2026-05-29,119.78,2026-06-09,84.6,3.7943262411347614,4.408983451536648,29.370512606445153,26.690599432292533,False,2.3665190020983884,3.441143292805964,5,13,5,38.46153846153847,42.62810349237441,95.87945879458793,2015-07-08; 2015-08-26; 2025-04-09; 2025-06-20; 2025-08-22,16.20567375886524,3.7943262411347614,历史5/13次成功; 当前距低点3.79%; 最新日涨幅2.37%; 状态bottom_area; 底部未确认
139,70.41684284491129,60.33664830733804,000959,首钢股份,bottom_area,2026-06-09,3.34,2026-04-29,4.73,2026-06-09,3.29,1.5197568389057698,2.7355623100303905,30.44397463002115,29.386892177589864,False,-0.5952380952380931,0.41981411393447654,5,13,5,38.46153846153847,23.449967204533266,25.423728813559325,2005-07-18; 2008-03-18; 2008-09-18; 2017-04-24; 2022-03-16,18.480243161094233,1.5197568389057698,历史5/13次成功; 当前距低点1.52%; 最新日涨幅-0.60%; 状态bottom_area; 底部未确认
140,70.21100517167301,61.39959409349148,600192,长城电工,bottom_area,2026-06-09,7.01,2026-05-14,9.88,2026-06-08,6.83,2.6354319180087806,5.85651537335286,30.87044534412956,29.048582995951428,False,0.28612303290413976,1.282201594535346,3,10,3,30.0,38.70096164812636,60.875706214689274,2009-03-02; 2024-04-17; 2025-06-23,17.364568081991223,2.6354319180087806,历史3/10次成功; 当前距低点2.64%; 最新日涨幅0.29%; 状态bottom_area; 底部未确认
141,70.15246620418635,60.924236294823395,002437,誉衡药业,bottom_area,2026-06-09,2.72,2026-04-27,3.79,2026-06-09,2.66,2.2556390977443628,3.3834586466165355,29.815303430079155,28.23218997361477,False,0.3690036900369176,2.392657978563327,3,10,3,30.0,31.48974966494909,32.934131736526965,2011-01-25; 2015-06-30; 2024-02-06,17.744360902255636,2.2556390977443628,历史3/10次成功; 当前距低点2.26%; 最新日涨幅0.37%; 状态bottom_area; 底部未确认
142,70.07218198157337,61.49028692035081,000880,潍柴重机,bottom_area,2026-06-09,26.21,2026-05-25,35.68,2026-06-08,25.49,2.8246371125931833,5.335425657120451,28.55941704035875,26.5414798206278,False,1.6285381930981169,5.820546376855981,4,13,4,30.76923076923077,39.84118030679173,51.803885291396846,2008-04-07; 2008-10-17; 2015-07-16; 2025-03-31,17.175362887406816,2.8246371125931833,历史4/13次成功; 当前距低点2.82%; 最新日涨幅1.63%; 状态bottom_area; 底部未确认
143,69.95581816934846,60.533994787154285,600072,中船科技,bottom_area,2026-06-09,9.92,2026-05-20,13.52,2026-06-09,9.72,2.0576131687242727,3.395061728395062,28.10650887573964,26.62721893491124,False,0.0,1.737409078154548,7,25,7,28.000000000000004,31.297595762610925,47.71937948599213,2005-07-18; 2007-10-08; 2007-10-22; 2008-09-18; 2009-03-02; 2014-01-20; 2018-02-09,17.942386831275726,2.0576131687242727,历史7/25次成功; 当前距低点2.06%; 最新日涨幅0.00%; 状态bottom_area; 底部未确认
144,69.95180666260728,60.375591311343534,002685,华东重机,bottom_area,2026-06-09,6.91,2026-05-21,9.78,2026-06-08,6.78,1.9174041297935085,5.457227138643069,30.674846625766865,29.345603271983634,False,0.8759124087591275,2.4949494871172573,2,11,2,18.181818181818183,67.4891774891775,109.52380952380952,2022-04-27; 2024-08-28,18.082595870206493,1.9174041297935085,历史2/11次成功; 当前距低点1.92%; 最新日涨幅0.88%; 状态bottom_area; 底部未确认
145,69.9116954889922,60.45844907574804,300435,中泰股份,bottom_area,2026-06-09,17.14,2026-05-14,23.37,2026-06-09,16.8,2.023809523809523,3.273809523809528,28.11296534017972,26.658108686350023,False,0.05837711617047159,2.012015704044762,3,10,3,30.0,26.143735430289016,27.96208530805689,2015-06-30; 2020-02-04; 2021-09-06,17.976190476190478,2.023809523809523,历史3/10次成功; 当前距低点2.02%; 最新日涨幅0.06%; 状态bottom_area; 底部未确认
146,69.89078530088186,60.85728243886312,000017,深中华A,bottom_area,2026-06-09,5.12,2026-03-31,7.11,2026-06-08,5.0,2.400000000000002,6.199999999999992,29.676511954992975,27.988748241912802,False,1.3861386138613874,1.9434602065760846,8,25,8,32.0,28.56603461754367,46.874999999999986,1992-06-04; 1996-06-17; 1997-05-26; 2000-05-16; 2005-10-11; 2016-03-01; 2020-02-04; 2022-04-27,17.599999999999998,2.400000000000002,历史8/25次成功; 当前距低点2.40%; 最新日涨幅1.39%; 状态bottom_area; 底部未确认
147,69.86287033066633,62.05614455674824,600009,上海机场,bottom_area,2026-06-09,23.72,2025-12-25,34.16,2026-06-08,22.92,3.490401396160546,3.8394415357766096,32.90398126463699,30.562060889929736,False,3.085614950021709,0.7791066546153236,5,12,5,41.66666666666667,27.433296093159143,39.633347883020505,2006-03-31; 2015-07-09; 2015-08-25; 2021-05-10; 2021-08-02,16.509598603839454,3.490401396160546,历史5/12次成功; 当前距低点3.49%; 最新日涨幅3.09%; 状态bottom_area; 底部未确认
148,69.81371409881272,61.321753553460056,600241,时代万恒,bottom_area,2026-06-09,7.51,2026-05-07,10.04,2026-06-08,7.3,2.876712328767123,5.479452054794526,27.290836653386453,25.19920318725099,False,1.076716016150736,1.8732111746353328,5,15,5,33.33333333333333,34.01787274040733,54.53639082751746,2011-04-29; 2015-07-09; 2016-01-14; 2018-10-19; 2022-03-16,17.12328767123288,2.876712328767123,历史5/15次成功; 当前距低点2.88%; 最新日涨幅1.08%; 状态bottom_area; 底部未确认
149,69.79793225964217,62.75553999129261,600830,香溢融通,bottom_area,2026-06-09,8.02,2026-05-11,10.78,2026-06-09,7.7,4.155844155844148,4.805194805194807,28.571428571428566,25.60296846011132,False,2.2959183673469274,1.8676152627954679,9,20,9,45.0,32.128304659232576,63.375796178343954,1994-08-10; 2008-04-03; 2008-04-22; 2008-09-18; 2013-06-24; 2018-07-06; 2018-10-12; 2022-04-28; 2025-04-09,15.844155844155852,4.155844155844148,历史9/20次成功; 当前距低点4.16%; 最新日涨幅2.30%; 状态bottom_area; 底部未确认
150,69.68914921224079,60.89928536236001,300368,汇金股份,bottom_area,2026-06-09,9.09,2026-05-11,13.1,2026-06-09,8.86,2.5959367945823977,3.498871331828448,32.36641221374046,30.610687022900763,False,0.3311258278145601,2.397155769083921,4,12,4,33.33333333333333,28.30477376706745,41.55251141552512,2015-09-08; 2016-03-01; 2020-02-04; 2020-09-11,17.404063205417604,2.5959367945823977,历史4/12次成功; 当前距低点2.60%; 最新日涨幅0.33%; 状态bottom_area; 底部未确认
151,69.67339964930358,60.585564912437896,002075,沙钢股份,bottom_area,2026-06-09,3.52,2026-05-08,4.82,2026-06-09,3.44,2.325581395348839,3.197674418604648,28.630705394190876,26.970954356846477,False,-0.8450704225352101,1.5307304746425687,4,10,4,40.0,31.33274459050137,37.25055432372507,2019-05-20; 2020-02-04; 2021-02-08; 2025-04-09,17.674418604651162,2.325581395348839,历史4/10次成功; 当前距低点2.33%; 最新日涨幅-0.85%; 状态bottom_area; 底部未确认
152,69.66858823183239,59.67628075635045,000707,双环科技,bottom_area,2026-06-09,4.73,2026-04-22,6.48,2026-06-08,4.66,1.5021459227467873,5.150214592274683,28.08641975308642,27.00617283950617,False,0.424628450106157,1.1864277034237167,4,19,4,21.052631578947366,34.92990824675987,62.17564870259482,2008-04-03; 2008-04-22; 2021-01-14; 2024-02-06,18.497854077253216,1.5021459227467873,历史4/19次成功; 当前距低点1.50%; 最新日涨幅0.42%; 状态bottom_area; 底部未确认
153,69.64527169140688,62.35134121021222,688567,孚能科技,bottom_area,2026-06-09,11.66,2026-05-21,15.5,2026-06-08,11.22,3.9215686274509753,4.991087344028509,27.612903225806445,24.774193548387096,False,1.83406113537119,1.0983681445867237,2,5,2,40.0,37.91676172473357,52.88270377733598,2021-03-25; 2024-02-05,16.078431372549026,3.9215686274509753,历史2/5次成功; 当前距低点3.92%; 最新日涨幅1.83%; 状态bottom_area; 底部未确认
154,69.64044168988495,59.80793908330864,002858,力盛体育,bottom_area,2026-06-09,12.36,2026-04-30,17.45,2026-06-09,12.16,1.644736842105257,3.453947368421052,30.315186246418335,29.169054441260744,False,0.16207455429497752,2.694413724252287,3,11,3,27.27272727272727,23.908763399997493,27.574525745257443,2018-06-22; 2020-02-04; 2023-12-28,18.355263157894743,1.644736842105257,历史3/11次成功; 当前距低点1.64%; 最新日涨幅0.16%; 状态bottom_area; 底部未确认
155,69.51943218449992,62.483798974234276,688062,迈威生物,bottom_area,2026-06-09,26.43,2026-05-22,35.35,2026-06-08,25.38,4.137115839243502,7.0527974783294045,28.20367751060821,25.233380480905236,False,2.006947124662295,3.7694568251946907,2,5,2,40.0,41.27109186940569,47.1990464839094,2024-02-06; 2025-05-12,15.862884160756499,4.137115839243502,历史2/5次成功; 当前距低点4.14%; 最新日涨幅2.01%; 状态bottom_area; 底部未确认
156,69.46785511479052,60.325949162423285,600620,天宸股份,bottom_area,2026-06-09,4.54,2026-04-09,6.54,2026-06-09,4.44,2.2522522522522443,3.6036036036035863,32.11009174311926,30.58103975535168,False,-0.219780219780219,1.0143340887450856,10,27,10,37.03703703703704,35.45784070770147,82.32044198895026,1993-02-24; 1993-12-20; 1995-05-04; 1998-08-18; 2005-07-12; 2009-08-19; 2015-08-26; 2018-02-06; 2024-04-17; 2025-04-09,17.747747747747756,2.2522522522522443,历史10/27次成功; 当前距低点2.25%; 最新日涨幅-0.22%; 状态bottom_area; 底部未确认
157,69.4547910482993,61.20363440940213,002081,金螳螂,bottom_area,2026-06-09,5.4,2026-06-02,7.43,2026-06-09,5.24,3.0534351145038197,7.442748091603047,29.47510094212651,27.321668909825025,False,-0.5524861878452914,7.03519945863532,3,6,3,50.0,21.91111005629487,22.905457340507308,2013-07-29; 2015-08-26; 2018-07-06,16.946564885496183,3.0534351145038197,历史3/6次成功; 当前距低点3.05%; 最新日涨幅-0.55%; 状态bottom_area; 底部未确认
158,69.3327403653528,62.861684597919876,300267,尔康制药,bottom_area,2026-06-09,3.4,2026-05-25,4.52,2026-06-08,3.25,4.615384615384613,7.384615384615391,28.097345132743357,24.778761061946895,False,3.0303030303030276,2.5562448630577146,4,8,4,50.0,27.498717854821514,33.65384615384614,2015-06-30; 2015-07-03; 2015-08-25; 2024-02-06,15.384615384615389,4.615384615384613,历史4/8次成功; 当前距低点4.62%; 最新日涨幅3.03%; 状态bottom_area; 底部未确认
159,69.28597280717554,60.77981506593764,002548,金新农,bottom_area,2026-06-09,4.03,2026-04-30,5.48,2026-06-08,3.92,2.8061224489796,8.92857142857142,28.467153284671536,26.459854014598545,False,-0.49382716049382047,3.004531604843436,3,8,3,37.5,43.684270159199585,59.57142857142858,2012-12-04; 2013-06-25; 2020-06-15,17.1938775510204,2.8061224489796,历史3/8次成功; 当前距低点2.81%; 最新日涨幅-0.49%; 状态bottom_area; 底部未确认
160,69.28535155256567,59.75688215266026,603686,福龙马,bottom_area,2026-06-09,14.65,2026-05-08,20.28,2026-06-08,14.38,1.8776077885952682,5.841446453407509,29.092702169625245,27.761341222879686,False,0.5490734385724005,2.153260859549086,3,11,3,27.27272727272727,26.488810858862294,29.942693409742116,2015-02-10; 2019-05-24; 2024-02-06,18.122392211404733,1.8776077885952682,历史3/11次成功; 当前距低点1.88%; 最新日涨幅0.55%; 状态bottom_area; 底部未确认
161,69.24006151105186,60.79615157067968,600501,航天晨光,bottom_area,2026-06-09,18.0,2026-05-11,25.42,2026-06-08,17.5,2.857142857142857,6.228571428571428,31.156569630212438,29.18961447678993,False,0.8403361344537785,1.1703872246012252,6,18,6,33.33333333333333,30.95217178296812,38.62745098039217,2008-09-18; 2014-01-10; 2015-09-08; 2018-02-09; 2022-04-27; 2024-01-23,17.142857142857142,2.857142857142857,历史6/18次成功; 当前距低点2.86%; 最新日涨幅0.84%; 状态bottom_area; 底部未确认
162,69.14448026662251,59.46828477741587,600328,中盐化工,bottom_area,2026-06-09,6.49,2026-04-22,9.07,2026-06-09,6.38,1.724137931034488,2.664576802507836,29.65821389195149,28.44542447629548,False,-0.3072196620583667,1.0714586289708399,5,14,5,35.714285714285715,27.239043641491183,37.26315789473683,2008-04-03; 2011-04-28; 2015-06-30; 2020-11-02; 2022-04-27,18.275862068965512,1.724137931034488,历史5/14次成功; 当前距低点1.72%; 最新日涨幅-0.31%; 状态bottom_area; 底部未确认
163,69.06483776621549,62.42077913638848,300101,振芯科技,bottom_area,2026-06-09,16.46,2026-05-11,22.01,2026-06-08,15.76,4.441624365482241,6.408629441624364,28.39618355293049,25.215810995002276,False,2.04587724736518,1.4821221691231634,7,15,7,46.666666666666664,30.220516252802838,44.650929181315924,2012-01-19; 2012-12-04; 2015-08-03; 2015-09-08; 2016-01-12; 2022-03-09; 2023-10-26,15.558375634517759,4.441624365482241,历史7/15次成功; 当前距低点4.44%; 最新日涨幅2.05%; 状态bottom_area; 底部未确认
164,68.99090187001507,58.32784306051472,600567,山鹰国际,bottom_area,2026-06-09,1.28,2026-03-02,1.77,2026-06-09,1.27,0.7874015748031503,4.724409448818902,28.24858757062147,27.683615819209038,False,-2.2900763358778664,1.7163948404293532,6,13,6,46.15384615384615,26.844723930461818,32.857142857142875,2007-06-04; 2008-03-18; 2012-01-06; 2015-06-23; 2015-06-30; 2020-02-04,19.212598425196852,0.7874015748031503,历史6/13次成功; 当前距低点0.79%; 最新日涨幅-2.29%; 状态bottom_area; 底部未确认
165,68.94916704695694,62.25534060172699,601928,凤凰传媒,bottom_area,2026-06-09,9.04,2025-07-08,12.0,2026-05-28,8.66,4.3879907621247005,6.58198614318707,27.833333333333332,24.66666666666667,False,0.7803790412485911,0.20711619317065502,2,4,2,50.0,21.451395372963994,22.09150326797385,2011-12-28; 2015-08-25,15.612009237875302,4.3879907621247005,历史2/4次成功; 当前距低点4.39%; 最新日涨幅0.78%; 状态bottom_area; 底部未确认
166,68.93131454464806,59.917395550094014,000526,学大教育,bottom_area,2026-06-09,26.19,2026-05-08,36.26,2026-06-08,25.6,2.3046874999999996,5.937499999999998,29.39878654164368,27.771649200220622,False,0.6920415224913379,1.8448092985225693,7,24,7,29.166666666666668,28.483421416275988,40.679442508710785,2001-02-26; 2007-10-25; 2008-03-20; 2010-02-03; 2017-07-12; 2019-05-06; 2020-02-04,17.6953125,2.3046874999999996,历史7/24次成功; 当前距低点2.30%; 最新日涨幅0.69%; 状态bottom_area; 底部未确认
167,68.92745906684134,59.29360898012106,300069,金利华电,bottom_area,2026-06-09,38.11,2026-06-04,54.63,2026-06-09,37.46,1.7351841964762373,7.26107848371596,31.429617426322537,30.23979498444079,False,-3.5189873417721507,12.592051282051282,4,10,4,40.0,27.364671763907904,31.312598840274124,2015-06-30; 2020-04-30; 2021-11-05; 2025-05-26,18.264815803523764,1.7351841964762373,历史4/10次成功; 当前距低点1.74%; 最新日涨幅-3.52%; 状态bottom_area; 底部未确认
168,68.80987473828915,61.12761981552697,002416,爱施德,bottom_area,2026-06-09,10.36,2026-05-07,14.16,2026-06-08,10.01,3.496503496503493,5.094905094905093,29.30790960451978,26.836158192090398,False,2.777777777777768,1.3010739516691427,4,13,4,30.76923076923077,46.127138642768465,59.16988416988417,2012-12-04; 2014-12-31; 2016-03-01; 2020-02-04,16.503496503496507,3.496503496503493,历史4/13次成功; 当前距低点3.50%; 最新日涨幅2.78%; 状态bottom_area; 底部未确认
169,68.53378018707544,58.472413690689265,688639,华恒生物,bottom_area,2026-06-09,20.48,2026-05-18,27.88,2026-06-08,20.22,1.2858555885262195,6.181998021760633,27.474892395982785,26.542324246771877,False,-0.437530384054452,1.732478187438876,1,3,1,33.33333333333333,38.33780160857908,38.33780160857908,2025-01-13,18.714144411473782,1.2858555885262195,历史1/3次成功; 当前距低点1.29%; 最新日涨幅-0.44%; 状态bottom_area; 底部未确认
170,68.3975576248733,60.751679433314166,300409,道氏技术,bottom_area,2026-06-09,20.77,2026-05-08,28.54,2026-06-08,20.07,3.487792725460883,5.680119581464876,29.67764540995094,27.224947442186405,False,1.9636720667648433,2.649410419771577,5,14,5,35.714285714285715,33.28489088445076,50.03460207612457,2015-07-03; 2020-02-04; 2021-04-26; 2022-04-27; 2024-02-06,16.51220727453912,3.487792725460883,历史5/14次成功; 当前距低点3.49%; 最新日涨幅1.96%; 状态bottom_area; 底部未确认
171,68.3449664610525,59.76353569464232,000566,海南海药,bottom_area,2026-06-09,3.9,2026-04-16,5.57,2026-06-09,3.8,2.631578947368424,3.947368421052641,31.777378815080798,29.982046678635555,False,0.5154639175257714,1.5708290577734378,9,31,9,29.03225806451613,31.95449298194798,38.29787234042554,1995-01-03; 1996-12-25; 1997-05-26; 1997-06-11; 2001-02-23; 2003-11-10; 2014-01-13; 2022-04-27; 2025-04-09,17.36842105263158,2.631578947368424,历史9/31次成功; 当前距低点2.63%; 最新日涨幅0.52%; 状态bottom_area; 底部未确认
172,68.2706460057425,59.40640882392534,688626,翔宇医疗,bottom_area,2026-06-09,48.95,2026-05-19,66.01,2026-06-08,47.82,2.363028021748228,4.851526557925554,27.556430843811548,25.84456900469626,False,1.199090345255338,0.7153750000000001,1,3,1,33.33333333333333,34.09021172138692,34.09021172138692,2024-02-05,17.636971978251772,2.363028021748228,历史1/3次成功; 当前距低点2.36%; 最新日涨幅1.20%; 状态bottom_area; 底部未确认
173,68.25613166144201,61.54241379310346,688591,泰凌微,bottom_area,2026-06-09,30.25,2026-05-21,42.78,2026-06-08,29.0,4.310344827586207,4.448275862068963,32.211313697989716,29.289387564282375,False,2.9261653623681605,2.2877528603453565,1,2,1,50.0,59.4516129032258,59.4516129032258,2023-08-29,15.689655172413794,4.310344827586207,历史1/2次成功; 当前距低点4.31%; 最新日涨幅2.93%; 状态bottom_area; 底部未确认
174,67.89990741097033,58.26205811224527,000035,中国天楹,bottom_area,2026-06-09,5.09,2026-04-20,7.35,2026-06-09,5.01,1.5968063872255505,4.3912175648702725,31.83673469387755,30.74829931972789,False,-2.303262955854124,1.8967925198088407,6,23,6,26.08695652173913,40.052329015369196,109.14127423822715,1995-02-28; 2003-11-07; 2007-01-19; 2007-07-06; 2009-08-20; 2024-02-06,18.40319361277445,1.5968063872255505,历史6/23次成功; 当前距低点1.60%; 最新日涨幅-2.30%; 状态bottom_area; 底部未确认
175,67.89685349878877,61.408096031453006,000565,渝三峡A,bottom_area,2026-06-09,6.53,2026-05-13,8.78,2026-06-08,6.25,4.480000000000004,5.439999999999998,28.81548974943052,25.626423690205,False,2.1909233176838905,1.6889833837239052,11,27,11,40.74074074074074,38.085900607174686,57.568807339449535,1994-08-15; 1995-03-20; 1996-05-02; 1996-08-27; 2007-06-26; 2008-04-03; 2009-09-29; 2018-02-09; 2018-07-06; 2022-04-27; 2025-05-26,15.519999999999998,4.480000000000004,历史11/27次成功; 当前距低点4.48%; 最新日涨幅2.19%; 状态bottom_area; 底部未确认
176,67.87363536909972,60.524260838687624,000839,国安股份,bottom_area,2026-06-09,2.8,2026-05-19,3.71,2026-06-08,2.7,3.7037037037036904,4.07407407407407,27.223719676549862,24.528301886792455,False,2.564102564102555,1.1765266381386166,7,19,7,36.84210526315789,32.26525194666353,51.898734177215175,2001-02-16; 2009-08-20; 2011-08-09; 2017-01-17; 2020-02-04; 2020-05-25; 2021-11-02,16.296296296296312,3.7037037037036904,历史7/19次成功; 当前距低点3.70%; 最新日涨幅2.56%; 状态bottom_area; 底部未确认
177,67.87043242606241,61.224337298099265,300542,新晨科技,bottom_area,2026-06-09,12.51,2026-05-13,16.52,2026-06-08,11.99,4.336947456213508,6.255212677231025,27.421307506053267,24.273607748184016,False,1.7073170731707332,1.5976929360049439,6,14,6,42.857142857142854,30.758865198051076,61.233480176211465,2017-01-17; 2021-09-29; 2022-12-29; 2024-04-16; 2024-10-10; 2024-10-30,15.663052543786494,4.336947456213508,历史6/14次成功; 当前距低点4.34%; 最新日涨幅1.71%; 状态bottom_area; 底部未确认
178,67.75745770623382,59.52508378501462,002518,科士达,bottom_area,2026-06-09,48.85,2026-05-20,65.58,2026-06-08,47.48,2.885425442291501,4.317607413647861,27.599878011588903,25.510826471485203,False,1.7496354926057167,2.0659260084608997,3,10,3,30.0,31.687385986232485,41.51162790697675,2011-01-25; 2011-06-20; 2024-02-05,17.1145745577085,2.885425442291501,历史3/10次成功; 当前距低点2.89%; 最新日涨幅1.75%; 状态bottom_area; 底部未确认
179,67.73000881116171,60.55331913580684,002564,天沃科技,bottom_area,2026-06-09,4.86,2026-04-27,6.57,2026-06-08,4.68,3.8461538461538596,8.11965811965812,28.767123287671243,26.027397260273972,False,1.673640167364021,1.7954149080523902,4,10,4,40.0,27.32553712385828,29.903536977491967,2011-10-21; 2012-12-04; 2022-08-15; 2024-02-08,16.15384615384614,3.8461538461538596,历史4/10次成功; 当前距低点3.85%; 最新日涨幅1.67%; 状态bottom_area; 底部未确认
180,67.69395621997823,57.87275373271095,002163,海南发展,bottom_area,2026-06-09,9.44,2026-05-13,13.15,2026-06-08,9.31,1.3963480128893555,6.3372717508055825,29.201520912547522,28.212927756654,False,0.0,2.3047383744727736,3,15,3,20.0,26.217350548917622,32.54716981132074,2015-09-08; 2016-03-01; 2024-02-06,18.603651987110645,1.3963480128893555,历史3/15次成功; 当前距低点1.40%; 最新日涨幅0.00%; 状态bottom_area; 底部未确认
181,67.65831898069754,61.01782098519196,002131,利欧股份,bottom_area,2026-06-09,5.55,2026-05-19,7.59,2026-06-08,5.32,4.323308270676683,6.015037593984951,29.907773386034254,26.877470355731226,False,1.4625228519195677,4.206561327150656,4,11,4,36.36363636363637,43.550636493491076,90.33101045296168,2015-09-02; 2017-12-29; 2019-01-04; 2026-01-23,15.67669172932332,4.323308270676683,历史4/11次成功; 当前距低点4.32%; 最新日涨幅1.46%; 状态bottom_area; 底部未确认
182,67.63814665937137,60.875737899621285,603912,佳力图,bottom_area,2026-06-09,8.66,2026-05-20,11.6,2026-06-08,8.31,4.211793020457276,6.137184115523462,28.362068965517235,25.344827586206893,False,2.2432113341204207,2.768830957247761,6,15,6,40.0,33.540999926149844,73.20034692107545,2017-11-21; 2020-02-04; 2022-04-27; 2022-10-11; 2023-01-17; 2025-04-09,15.788206979542723,4.211793020457276,历史6/15次成功; 当前距低点4.21%; 最新日涨幅2.24%; 状态bottom_area; 底部未确认
183,67.62424603291075,57.99982150388225,688185,康希诺,bottom_area,2026-06-09,50.38,2026-05-19,68.48,2026-06-08,49.6,1.5725806451612927,3.8709677419354875,27.57009345794393,26.431074766355138,False,0.11923688394277487,0.9886083120549088,2,10,2,20.0,29.060781585215047,36.75601999091322,2023-08-29; 2024-02-05,18.427419354838708,1.5725806451612927,历史2/10次成功; 当前距低点1.57%; 最新日涨幅0.12%; 状态bottom_area; 底部未确认
184,67.60905065669965,58.226045527537906,600390,五矿资本,bottom_area,2026-06-09,4.53,2026-01-23,6.4,2026-06-09,4.45,1.7977528089887655,2.2471910112359472,30.46875,29.21875,False,0.22123893805310324,0.5380913419095668,3,14,3,21.428571428571427,29.941976593107544,38.6578449905482,2009-03-02; 2009-04-28; 2015-09-02,18.202247191011235,1.7977528089887655,历史3/14次成功; 当前距低点1.80%; 最新日涨幅0.22%; 状态bottom_area; 底部未确认
185,67.60132335948774,57.20845418292334,002107,沃华医药,bottom_area,2026-06-09,6.0,2026-04-21,8.33,2026-06-09,5.95,0.8403361344537785,2.857142857142856,28.57142857142857,27.971188475390157,False,-0.8264462809917328,1.5941714909658302,4,11,4,36.36363636363637,42.68750061791668,80.27777777777779,2008-09-18; 2008-11-06; 2015-05-29; 2025-04-09,19.15966386554622,0.8403361344537785,历史4/11次成功; 当前距低点0.84%; 最新日涨幅-0.83%; 状态bottom_area; 底部未确认
186,67.58527305295462,59.28532723943388,300122,智飞生物,bottom_area,2026-06-09,12.1,2026-05-11,16.76,2026-06-09,11.77,2.80373831775701,3.3135089209855613,29.773269689737482,27.804295942720774,False,1.4249790444258226,1.3327670955137438,2,7,2,28.57142857142857,32.492284352871756,36.052439912600136,2017-01-19; 2024-02-02,17.19626168224299,2.80373831775701,历史2/7次成功; 当前距低点2.80%; 最新日涨幅1.42%; 状态bottom_area; 底部未确认
187,67.38890642395026,57.2797542187586,002985,北摩高科,bottom_area,2026-06-09,28.07,2026-04-23,40.22,2026-06-09,27.77,1.0803024846957174,2.556715880446528,30.954748881153655,30.208851317752362,False,-0.46099290780141633,1.2088916839617703,1,4,1,25.0,30.794859590671102,30.794859590671102,2024-02-06,18.919697515304286,1.0803024846957174,历史1/4次成功; 当前距低点1.08%; 最新日涨幅-0.46%; 状态bottom_area; 底部未确认
188,67.3759640518277,60.02349284192279,300401,花园生物,bottom_area,2026-06-09,11.07,2026-05-12,14.71,2026-06-09,10.68,3.6516853932584326,4.307116104868922,27.396329027872202,24.7450713800136,False,1.746323529411753,1.7303946670047354,3,9,3,33.33333333333333,36.53764626461657,54.995801847187245,2015-06-30; 2024-02-06; 2024-09-10,16.348314606741567,3.6516853932584326,历史3/9次成功; 当前距低点3.65%; 最新日涨幅1.75%; 状态bottom_area; 底部未确认
189,67.34253344805859,59.455570071258926,300349,金卡智能,bottom_area,2026-06-09,11.76,2026-05-25,16.15,2026-06-09,11.4,3.1578947368421004,4.035087719298238,29.411764705882344,27.182662538699688,False,0.3412969283276279,2.5553418754203725,1,4,1,25.0,45.48693586698337,45.48693586698337,2024-02-06,16.8421052631579,3.1578947368421004,历史1/4次成功; 当前距低点3.16%; 最新日涨幅0.34%; 状态bottom_area; 底部未确认
190,67.20684498888436,58.964699093673765,300937,药易购,bottom_area,2026-06-09,21.92,2026-04-15,31.64,2026-06-08,21.32,2.814258911819894,5.863039399624766,32.61694058154235,30.72060682680151,False,0.5504587155963359,2.2620316471263426,1,4,1,25.0,38.63553447646844,38.63553447646844,2023-01-12,17.185741088180105,2.814258911819894,历史1/4次成功; 当前距低点2.81%; 最新日涨幅0.55%; 状态bottom_area; 底部未确认
191,67.18213206252028,60.79163657364639,002074,国轩高科,bottom_area,2026-06-09,29.68,2026-05-06,39.39,2026-06-08,28.4,4.507042253521131,5.211267605633805,27.900482355927902,24.650926631124655,False,3.198887343532686,1.6776793246856794,4,9,4,44.44444444444444,27.078396777222913,34.1,2013-06-25; 2016-01-11; 2016-01-29; 2018-10-19,15.492957746478869,4.507042253521131,历史4/9次成功; 当前距低点4.51%; 最新日涨幅3.20%; 状态bottom_area; 底部未确认
192,67.04336443472417,56.97182762502345,603348,文灿股份,bottom_area,2026-06-09,15.16,2026-04-08,22.0,2026-06-09,15.0,1.0666666666666678,3.2666666666666684,31.818181818181817,31.09090909090909,False,-1.6223231667748195,0.7965919131783261,2,8,2,25.0,28.97219153238415,31.539888682745836,2021-09-30; 2022-04-15,18.933333333333334,1.0666666666666678,历史2/8次成功; 当前距低点1.07%; 最新日涨幅-1.62%; 状态bottom_area; 底部未确认
193,66.98753830830458,59.82003522649658,600438,通威股份,bottom_area,2026-06-09,13.17,2026-04-23,18.83,2026-06-09,12.69,3.782505910165488,3.940110323089047,32.60754115772703,30.05841741901221,False,2.172226532195487,1.0318502878830884,5,14,5,35.714285714285715,31.8886642947137,36.241610738255034,2008-04-03; 2008-11-04; 2010-05-21; 2010-07-02; 2018-02-09,16.217494089834513,3.782505910165488,历史5/14次成功; 当前距低点3.78%; 最新日涨幅2.17%; 状态bottom_area; 底部未确认
194,66.94787639939484,56.54613713134346,605369,拱东医疗,bottom_area,2026-06-09,16.45,2026-05-08,22.68,2026-06-09,16.33,0.7348438456827986,3.674219228413971,27.99823633156967,27.469135802469136,False,-1.2012012012011963,0.5680455258442644,2,5,2,40.0,29.954737094087246,39.201877934272304,2022-09-23; 2024-02-06,19.265156154317204,0.7348438456827986,历史2/5次成功; 当前距低点0.73%; 最新日涨幅-1.20%; 状态bottom_area; 底部未确认
195,66.93558441365863,57.21809746917332,688298,东方生物,bottom_area,2026-06-09,19.69,2026-05-11,26.88,2026-06-08,19.42,1.390319258496393,4.016477857878463,27.75297619047618,26.748511904761894,False,-0.15212981744420206,0.45337301587301587,3,11,3,27.27272727272727,29.339334879763456,43.41065934979629,2020-03-24; 2020-09-10; 2024-10-18,18.60968074150361,1.390319258496393,历史3/11次成功; 当前距低点1.39%; 最新日涨幅-0.15%; 状态bottom_area; 底部未确认
196,66.88634181370682,57.174507639351276,600722,金牛化工,bottom_area,2026-06-09,9.49,2026-05-18,13.23,2026-06-09,9.36,1.3888888888888973,7.371794871794886,29.251700680272112,28.26908541194256,False,-8.750000000000002,8.101455979105411,6,19,6,31.57894736842105,29.97235761582943,47.55905511811023,2016-01-18; 2017-11-29; 2020-02-04; 2021-03-10; 2022-04-27; 2025-07-31,18.611111111111104,1.3888888888888973,历史6/19次成功; 当前距低点1.39%; 最新日涨幅-8.75%; 状态bottom_area; 底部未确认
197,66.68359053987466,57.23693801027429,688176,亚虹医药,bottom_area,2026-06-09,10.07,2026-04-15,14.59,2026-06-09,9.91,1.6145307769929378,3.935418768920288,32.07676490747087,30.98012337217272,False,0.19900497512437276,1.3812473668718657,1,5,1,20.0,25.473484848484844,25.473484848484844,2022-04-27,18.385469223007064,1.6145307769929378,历史1/5次成功; 当前距低点1.61%; 最新日涨幅0.20%; 状态bottom_area; 底部未确认
198,66.64923559925339,59.22325789117562,301230,泓博医药,bottom_area,2026-06-09,32.73,2026-05-12,45.78,2026-06-08,31.62,3.5104364326375577,5.313092979127123,30.9305373525557,28.505897771952824,False,1.7407522536524667,2.778392509774892,2,6,2,33.33333333333333,30.50386894761246,38.748758689175766,2023-03-20; 2024-02-06,16.489563567362442,3.5104364326375577,历史2/6次成功; 当前距低点3.51%; 最新日涨幅1.74%; 状态bottom_area; 底部未确认
199,66.63239745997079,59.06345680557102,002469,三维化学,bottom_area,2026-06-09,6.43,2026-04-16,8.96,2026-05-29,6.22,3.37620578778135,6.430868167202579,30.58035714285715,28.23660714285715,False,-1.981707317073167,1.6390281065951295,4,9,4,44.44444444444444,26.3983596268892,36.5,2015-06-30; 2018-02-07; 2018-06-22; 2024-02-06,16.62379421221865,3.37620578778135,历史4/9次成功; 当前距低点3.38%; 最新日涨幅-1.98%; 状态bottom_area; 底部未确认
200,66.53443609270542,59.25641079864593,002402,和而泰,bottom_area,2026-06-09,24.8,2026-05-11,33.92,2026-06-08,23.93,3.6356038445465986,4.9310488926034255,29.451650943396228,26.88679245283019,False,2.6065370293752554,3.1841761286136263,4,12,4,33.33333333333333,32.21642059612279,50.57692307692307,2015-06-30; 2015-09-07; 2016-02-01; 2020-02-04,16.364396155453402,3.6356038445465986,历史4/12次成功; 当前距低点3.64%; 最新日涨幅2.61%; 状态bottom_area; 底部未确认
201,66.53191547613801,56.873908703556644,600686,金龙汽车,bottom_area,2026-06-09,12.39,2026-04-27,17.65,2026-06-09,12.22,1.3911620294599012,2.2913256955810093,30.76487252124645,29.80169971671387,False,-0.24154589371979673,1.3984988571297203,5,21,5,23.809523809523807,35.00279588971569,54.365079365079374,1994-03-11; 2000-09-22; 2007-05-24; 2008-09-18; 2024-02-06,18.608837970540097,1.3911620294599012,历史5/21次成功; 当前距低点1.39%; 最新日涨幅-0.24%; 状态bottom_area; 底部未确认
202,66.45730152081194,59.511866177285036,300546,雄帝科技,bottom_area,2026-06-09,16.64,2026-05-11,23.58,2026-06-08,16.01,3.935040599625227,5.933791380387253,32.10347752332484,29.431721798134003,False,1.2781497261107777,2.0356330861825063,3,8,3,37.5,28.232573894787905,33.791666666666664,2018-02-07; 2022-01-20; 2022-04-27,16.06495940037477,3.935040599625227,历史3/8次成功; 当前距低点3.94%; 最新日涨幅1.28%; 状态bottom_area; 底部未确认
203,66.43233054687761,57.66298887276244,300810,中科海讯,bottom_area,2026-06-09,25.25,2026-05-11,34.32,2026-06-08,24.7,2.2267206477732824,6.0728744939271255,28.030303030303035,26.42773892773893,False,0.43754972155927163,2.051410216204969,1,6,1,16.666666666666664,42.490566037735846,42.490566037735846,2024-04-16,17.773279352226716,2.2267206477732824,历史1/6次成功; 当前距低点2.23%; 最新日涨幅0.44%; 状态bottom_area; 底部未确认
204,66.42026951151875,59.71118032760154,603275,众辰科技,bottom_area,2026-06-09,41.67,2026-05-12,55.6,2026-06-08,40.01,4.148962759310182,4.923769057735564,28.039568345323744,25.05395683453237,False,2.509225092250933,3.6763288812075086,1,2,1,50.0,38.17642698295033,38.17642698295033,2024-02-06,15.85103724068982,4.148962759310182,历史1/2次成功; 当前距低点4.15%; 最新日涨幅2.51%; 状态bottom_area; 底部未确认
205,66.29494470721674,59.01647300739873,688302,海创药业,bottom_area,2026-06-09,34.72,2026-05-08,47.07,2026-06-08,33.51,3.6108624291256373,12.50373022978217,28.80815806246017,26.237518589335036,False,-0.4587155963302836,1.0977058636892054,2,5,2,40.0,38.6518244398128,40.24920312952768,2023-04-03; 2023-10-23,16.38913757087436,3.6108624291256373,历史2/5次成功; 当前距低点3.61%; 最新日涨幅-0.46%; 状态bottom_area; 底部未确认
206,66.20030533268269,57.74228106413355,600742,富维股份,bottom_area,2026-06-09,7.81,2026-04-17,10.54,2026-06-08,7.62,2.4934383202099673,3.6745406824147016,27.70398481973434,25.90132827324478,False,0.9043927648578753,0.5350188794383345,4,16,4,25.0,28.130755022646614,32.21153846153846,1998-08-18; 2008-04-03; 2008-04-22; 2020-06-29,17.506561679790032,2.4934383202099673,历史4/16次成功; 当前距低点2.49%; 最新日涨幅0.90%; 状态bottom_area; 底部未确认
207,65.99738533355587,56.55662208282063,603721,中广天择,bottom_area,2026-06-09,19.29,2026-06-02,27.2,2026-06-09,19.0,1.5263157894736799,4.73684210526315,30.14705882352941,29.080882352941178,False,-1.7320427916454384,3.567,3,11,3,27.27272727272727,27.45006984898672,38.971583220568334,2019-11-29; 2021-02-09; 2023-05-26,18.47368421052632,1.5263157894736799,历史3/11次成功; 当前距低点1.53%; 最新日涨幅-1.73%; 状态bottom_area; 底部未确认
208,65.96797169197703,55.913755166605725,002423,中粮资本,bottom_area,2026-06-09,8.72,2026-03-19,11.99,2026-06-08,8.64,0.9259259259259267,4.050925925925922,27.939949958298577,27.27272727272727,False,-0.11454753722794919,0.45838610371866084,3,8,3,37.5,34.313797192025966,50.0,2015-06-30; 2016-03-01; 2024-02-06,19.074074074074073,0.9259259259259267,历史3/8次成功; 当前距低点0.93%; 最新日涨幅-0.11%; 状态bottom_area; 底部未确认
209,65.95217822958948,59.89951671154783,000935,四川双马,bottom_area,2026-06-09,25.79,2026-05-13,34.13,2026-06-08,24.63,4.709703613479498,8.729192042224938,27.834749487254623,24.435980076179323,False,2.260111022997613,0.9105230476023626,6,15,6,40.0,34.3959190875327,53.142857142857146,2004-08-19; 2007-10-29; 2015-07-06; 2016-10-17; 2020-02-04; 2022-04-26,15.290296386520502,4.709703613479498,历史6/15次成功; 当前距低点4.71%; 最新日涨幅2.26%; 状态bottom_area; 底部未确认
210,65.91369432686804,57.60803727963165,300485,赛升药业,bottom_area,2026-06-09,8.67,2026-04-28,12.14,2026-05-27,8.45,2.603550295857996,7.810650887573967,30.395387149917635,28.583196046128506,True,-0.11520737327188613,1.4886573580216216,3,11,3,27.27272727272727,37.11410141547737,47.71365960555149,2015-07-08; 2020-07-03; 2024-02-06,17.396449704142007,2.603550295857996,历史3/11次成功; 当前距低点2.60%; 最新日涨幅-0.12%; 状态bottom_area; 底部已确认
211,65.88871297487603,56.68891234318243,002045,国光电器,bottom_area,2026-06-09,8.75,2026-04-29,11.93,2026-06-08,8.6,1.7441860465116321,5.813953488372093,27.912824811399833,26.655490360435873,False,-0.22805017103761926,1.8372339050262108,5,19,5,26.31578947368421,32.90534070609789,40.89958158995815,2014-05-21; 2021-02-08; 2022-04-27; 2022-10-11; 2024-02-06,18.25581395348837,1.7441860465116321,历史5/19次成功; 当前距低点1.74%; 最新日涨幅-0.23%; 状态bottom_area; 底部未确认
212,65.72360234230032,56.88062291011977,603456,九洲药业,bottom_area,2026-06-09,12.35,2026-04-15,17.79,2026-06-09,12.1,2.066115702479339,3.2231404958677734,31.98426082068578,30.578976953344572,False,1.2295081967213184,1.0336433958321494,1,5,1,20.0,29.09336941813261,29.09336941813261,2015-06-30,17.933884297520663,2.066115702479339,历史1/5次成功; 当前距低点2.07%; 最新日涨幅1.23%; 状态bottom_area; 底部未确认
213,65.71190808061408,58.47246058020745,603077,和邦生物,bottom_area,2026-06-09,2.31,2026-04-30,3.07,2026-06-09,2.23,3.587443946188344,4.035874439461877,27.361563517915304,24.755700325732892,False,0.8733624454148492,1.479708323425841,2,6,2,33.33333333333333,27.411287334320132,34.63241806908769,2012-12-04; 2015-06-30,16.412556053811656,3.587443946188344,历史2/6次成功; 当前距低点3.59%; 最新日涨幅0.87%; 状态bottom_area; 底部未确认
214,65.62925096573812,59.22952797410845,300132,青松股份,bottom_area,2026-06-09,6.46,2026-05-26,8.48,2026-06-08,6.19,4.36187399030694,5.331179321486255,27.004716981132077,23.820754716981135,False,2.7027027027026973,2.145975503273998,2,5,2,40.0,26.530111139829415,27.16981132075473,2011-01-26; 2015-08-26,15.638126009693062,4.36187399030694,历史2/5次成功; 当前距低点4.36%; 最新日涨幅2.70%; 状态bottom_area; 底部未确认
215,65.58469993601419,59.68371343068956,000830,鲁西化工,bottom_area,2026-06-09,12.4,2026-04-30,17.35,2026-06-09,11.83,4.818258664412513,6.086221470836861,31.815561959654183,28.530259365994244,False,2.7340513670256916,1.6108382824331517,3,7,3,42.857142857142854,28.375885022158663,36.31813125695217,1998-08-18; 2008-03-18; 2018-02-12,15.181741335587489,4.818258664412513,历史3/7次成功; 当前距低点4.82%; 最新日涨幅2.73%; 状态bottom_area; 底部未确认
216,65.53937132729335,55.74815972927241,605108,同庆楼,bottom_area,2026-06-09,12.64,2026-04-23,17.8,2026-06-09,12.5,1.1200000000000045,3.1200000000000045,29.775280898876407,28.98876404494382,False,-0.8627450980392082,0.8514230769230768,1,3,1,33.33333333333333,21.658206429780034,21.658206429780034,2024-10-18,18.879999999999995,1.1200000000000045,历史1/3次成功; 当前距低点1.12%; 最新日涨幅-0.86%; 状态bottom_area; 底部未确认
217,65.38239213268024,58.009946484377515,600839,四川长虹,bottom_area,2026-06-09,6.94,2026-04-20,9.88,2026-06-09,6.71,3.4277198211624507,5.067064083457524,32.085020242914986,29.75708502024292,False,1.6105417276720324,1.5184057712325165,4,16,4,25.0,41.022299336709146,89.25233644859811,1996-12-17; 1999-12-27; 2018-10-19; 2020-02-04,16.572280178837552,3.4277198211624507,历史4/16次成功; 当前距低点3.43%; 最新日涨幅1.61%; 状态bottom_area; 底部未确认
218,65.36725098748481,57.035582555375974,300011,鼎汉技术,bottom_area,2026-06-09,6.12,2026-03-31,8.22,2026-06-08,5.97,2.5125628140703578,5.360134003350089,27.37226277372264,25.547445255474454,False,0.6578947368421018,1.2394333051434674,2,9,2,22.22222222222222,30.584248472585113,40.183486238532105,2019-01-31; 2021-02-10,17.487437185929643,2.5125628140703578,历史2/9次成功; 当前距低点2.51%; 最新日涨幅0.66%; 状态bottom_area; 底部未确认
219,65.33350016210784,56.73042475908219,002321,华英农业,bottom_area,2026-06-09,1.82,2026-04-14,2.44,2026-06-09,1.78,2.247191011235957,3.9325842696629247,27.04918032786885,25.409836065573764,False,-1.6216216216216273,1.1877161217570287,3,9,3,33.33333333333333,24.089714684767927,25.609756097560986,2015-06-30; 2020-02-04; 2024-02-07,17.752808988764045,2.247191011235957,历史3/9次成功; 当前距低点2.25%; 最新日涨幅-1.62%; 状态bottom_area; 底部未确认
220,65.29234588974666,55.691291460457705,600562,国睿科技,bottom_area,2026-06-09,21.52,2026-04-23,30.78,2026-06-09,21.25,1.2705882352941158,2.5411764705882316,30.96166341780377,30.084470435347633,False,0.13959981386693077,0.4235428522538686,2,13,2,15.384615384615385,22.947487295313383,24.155844155844157,2006-04-25; 2008-03-18,18.729411764705887,1.2705882352941158,历史2/13次成功; 当前距低点1.27%; 最新日涨幅0.14%; 状态bottom_area; 底部未确认
221,65.11761259311731,54.736543918852234,601990,南京证券,bottom_area,2026-06-09,6.38,2025-08-25,9.05,2026-06-08,6.35,0.47244094488189375,3.1496062992126013,29.834254143646415,29.502762430939235,False,-0.15649452269169695,0.3107915962176452,1,3,1,33.33333333333333,48.12030075187968,48.12030075187968,2018-10-19,19.527559055118108,0.47244094488189375,历史1/3次成功; 当前距低点0.47%; 最新日涨幅-0.16%; 状态bottom_area; 底部未确认
222,65.09296745980583,58.227354069519244,002467,二六三,bottom_area,2026-06-09,5.36,2026-05-11,7.17,2026-06-08,5.16,3.8759689922480653,5.038759689922476,28.033472803347276,25.244072524407247,False,2.48565965583174,2.647290632284875,5,15,5,33.33333333333333,29.63026902425535,43.69942196531791,2011-09-30; 2015-07-29; 2016-03-01; 2018-02-07; 2019-05-06,16.124031007751935,3.8759689922480653,历史5/15次成功; 当前距低点3.88%; 最新日涨幅2.49%; 状态bottom_area; 底部未确认
223,65.03515839351154,54.71626173096975,000888,峨眉山A,bottom_area,2026-06-09,9.64,2026-04-08,13.3,2026-06-09,9.59,0.5213764337852004,2.5026068821689282,27.894736842105267,27.518796992481203,False,-1.1282051282051175,1.0769518069386297,2,8,2,25.0,68.86736133724087,115.66265060240966,2015-08-26; 2024-02-06,19.4786235662148,0.5213764337852004,历史2/8次成功; 当前距低点0.52%; 最新日涨幅-1.13%; 状态bottom_area; 底部未确认
224,64.93097287268752,55.602746531504685,002589,瑞康医药,bottom_area,2026-06-09,2.73,2026-04-16,3.95,2026-06-09,2.69,1.4869888475836444,2.9739776951672887,31.898734177215193,30.886075949367093,False,-0.36496350364964014,1.5075444639033497,2,9,2,22.22222222222222,32.78239542171958,37.073170731707336,2022-02-24; 2024-02-06,18.513011152416357,1.4869888475836444,历史2/9次成功; 当前距低点1.49%; 最新日涨幅-0.36%; 状态bottom_area; 底部未确认
225,64.89119044741494,54.47981818508927,600138,中青旅,bottom_area,2026-06-09,7.42,2026-01-15,10.59,2026-06-09,7.39,0.4059539918809235,2.30040595399188,30.217186024551467,29.933899905571295,False,-1.7218543046357615,1.2479415340406719,5,14,5,35.714285714285715,24.099656686670006,26.73160173160174,2005-03-31; 2011-06-20; 2015-06-30; 2015-08-25; 2020-02-04,19.59404600811908,0.4059539918809235,历史5/14次成功; 当前距低点0.41%; 最新日涨幅-1.72%; 状态bottom_area; 底部未确认
226,64.868741211954,57.07840776619927,300584,海辰药业,bottom_area,2026-06-09,31.52,2026-04-29,44.31,2026-06-08,30.61,2.972884678209736,6.370467167592299,30.91852854886031,28.864816068607542,False,1.0580314203270325,2.3386947800287676,2,10,2,20.0,41.271961465147655,54.23197492163009,2022-01-24; 2022-03-09,17.027115321790266,2.972884678209736,历史2/10次成功; 当前距低点2.97%; 最新日涨幅1.06%; 状态bottom_area; 底部未确认
227,64.84841706005169,54.60973818514889,603599,广信股份,bottom_area,2026-06-09,10.55,2026-04-29,15.35,2026-06-09,10.49,0.5719733079123022,3.241182078169684,31.661237785016283,31.270358306188918,False,-1.951672862453524,1.3051191577218557,2,7,2,28.57142857142857,42.30941727367327,53.36666666666666,2015-07-09; 2021-10-15,19.4280266920877,0.5719733079123022,历史2/7次成功; 当前距低点0.57%; 最新日涨幅-1.95%; 状态bottom_area; 底部未确认
228,64.84576277991714,57.575128939828076,688158,优刻得,bottom_area,2026-06-09,36.11,2026-05-20,48.69,2026-06-08,34.9,3.4670487106017216,5.931232091690545,28.32203737933867,25.83692750051345,False,1.5752461322081635,4.16578653863221,1,5,1,20.0,174.03218790778604,174.03218790778604,2020-02-03,16.53295128939828,3.4670487106017216,历史1/5次成功; 当前距低点3.47%; 最新日涨幅1.58%; 状态bottom_area; 底部未确认
229,64.71570323427883,56.37101722053095,002021,中捷资源,bottom_area,2026-06-09,2.54,2026-05-11,3.4,2026-06-08,2.48,2.4193548387096793,7.258064516129038,27.058823529411764,25.294117647058822,False,-0.78125,2.1667625062861053,5,17,5,29.411764705882355,32.76454342106684,50.76923076923077,2012-11-28; 2013-06-25; 2020-12-25; 2022-04-27; 2025-04-09,17.58064516129032,2.4193548387096793,历史5/17次成功; 当前距低点2.42%; 最新日涨幅-0.78%; 状态bottom_area; 底部未确认
230,64.705639547587,55.71331501831506,601789,宁波建工,bottom_area,2026-06-09,4.56,2026-05-18,6.45,2026-06-08,4.48,1.7857142857142672,5.1339285714285605,30.542635658914723,29.302325581395355,False,0.8849557522123908,2.7260892837348685,1,6,1,16.666666666666664,26.602564102564102,26.602564102564102,2020-02-04,18.214285714285733,1.7857142857142672,历史1/6次成功; 当前距低点1.79%; 最新日涨幅0.88%; 状态bottom_area; 底部未确认
231,64.47868227778102,58.069656629688325,688558,国盛智科,bottom_area,2026-06-09,32.89,2026-05-15,46.01,2026-06-05,31.55,4.247226624405704,8.335974643423134,31.427950445555307,28.51554009997826,False,1.6692426584234976,1.2044696969696969,1,3,1,33.33333333333333,52.00752823086575,52.00752823086575,2024-02-06,15.752773375594298,4.247226624405704,历史1/3次成功; 当前距低点4.25%; 最新日涨幅1.67%; 状态bottom_area; 底部未确认
232,64.47335981518617,56.63823348339629,300238,冠昊生物,bottom_area,2026-06-09,11.06,2026-04-08,15.85,2026-06-08,10.75,2.883720930232563,5.674418604651158,32.17665615141956,30.220820189274445,False,1.0045662100456765,1.6472796121891737,2,8,2,25.0,26.979124754443685,32.574850299401206,2015-06-30; 2015-08-26,17.116279069767437,2.883720930232563,历史2/8次成功; 当前距低点2.88%; 最新日涨幅1.00%; 状态bottom_area; 底部未确认
233,64.3490060502485,54.96000516747205,600354,敦煌种业,bottom_area,2026-06-09,5.28,2026-03-30,7.15,2026-06-09,5.21,1.3435700575815794,3.0710172744721715,27.13286713286714,26.153846153846157,False,-0.7518796992481258,2.278278124776583,2,12,2,16.666666666666664,39.60579694672788,52.58620689655174,2005-07-18; 2017-04-24,18.65642994241842,1.3435700575815794,历史2/12次成功; 当前距低点1.34%; 最新日涨幅-0.75%; 状态bottom_area; 底部未确认
234,64.32473133199112,55.72011800536261,002724,海洋王,bottom_area,2026-06-09,5.31,2026-04-28,7.32,2026-06-08,5.2,2.1153846153846043,5.3846153846153895,28.96174863387978,27.45901639344263,False,0.5681818181818121,0.8375323003860395,2,10,2,20.0,23.45803724967472,25.204081632653047,2015-06-30; 2022-04-27,17.884615384615397,2.1153846153846043,历史2/10次成功; 当前距低点2.12%; 最新日涨幅0.57%; 状态bottom_area; 底部未确认
235,64.32357554888479,56.419432894568345,300505,川金诺,bottom_area,2026-06-09,18.73,2026-05-12,26.68,2026-06-09,18.22,2.7991218441273413,4.0614709110867295,31.709145427286362,29.797601199400297,False,0.8073196986006614,3.9047908898036847,2,9,2,22.22222222222222,30.784274965715763,39.35656836461126,2017-01-17; 2021-09-06,17.20087815587266,2.7991218441273413,历史2/9次成功; 当前距低点2.80%; 最新日涨幅0.81%; 状态bottom_area; 底部未确认
236,64.26479891722174,57.979029868581854,300615,欣天科技,bottom_area,2026-06-09,11.29,2026-05-20,15.98,2026-06-08,10.82,4.343807763401098,7.024029574861365,32.29036295369212,29.34918648310389,False,2.1719457013574583,3.5431416152190525,3,8,3,37.5,25.0022127372922,28.90625000000001,2019-05-07; 2020-02-04; 2024-04-16,15.656192236598903,4.343807763401098,历史3/8次成功; 当前距低点4.34%; 最新日涨幅2.17%; 状态bottom_area; 底部未确认
237,64.01463641583874,57.15402302728821,601865,福莱特,bottom_area,2026-06-09,10.73,2026-04-20,15.09,2026-06-09,10.34,3.771760154738884,4.255319148936165,31.477799867461897,28.89330682571239,False,1.5137180700094621,1.040559527005246,1,3,1,33.33333333333333,39.24894003634159,39.24894003634159,2022-04-26,16.228239845261115,3.771760154738884,历史1/3次成功; 当前距低点3.77%; 最新日涨幅1.51%; 状态bottom_area; 底部未确认
238,63.856356214953166,53.963117928129456,600216,浙江医药,bottom_area,2026-06-09,11.88,2026-03-30,16.87,2026-06-09,11.79,0.7633587786259681,1.6963528413910185,30.11262596324838,29.579134558387672,False,-0.3355704697986517,1.0364103951243682,3,11,3,27.27272727272727,43.99283254025576,63.98144242935471,2000-10-23; 2010-07-02; 2025-04-09,19.236641221374033,0.7633587786259681,历史3/11次成功; 当前距低点0.76%; 最新日涨幅-0.34%; 状态bottom_area; 底部未确认
239,63.829857142857136,58.027142857142856,688148,芳源股份,bottom_area,2026-06-09,7.92,2026-05-13,11.14,2026-06-08,7.56,4.761904761904766,6.746031746031756,32.136445242369845,28.904847396768407,False,2.590673575129543,3.4404799413556786,2,5,2,40.0,24.96927803379417,26.66666666666668,2022-04-28; 2024-10-18,15.238095238095234,4.761904761904766,历史2/5次成功; 当前距低点4.76%; 最新日涨幅2.59%; 状态bottom_area; 底部未确认
240,63.794925066304,57.193675486621174,688338,赛科希德,bottom_area,2026-06-09,24.45,2026-04-24,32.99,2026-06-08,23.51,3.9982985963419724,5.8273075287111755,28.735980600181872,25.886632312822073,False,2.045075125208684,0.86402792828252,1,3,1,33.33333333333333,42.23904813412657,42.23904813412657,2024-02-06,16.00170140365803,3.9982985963419724,历史1/3次成功; 当前距低点4.00%; 最新日涨幅2.05%; 状态bottom_area; 底部未确认
241,63.79416995596125,53.93430485048243,600864,哈投股份,bottom_area,2026-06-09,5.12,2026-04-23,7.49,2026-06-09,5.08,0.7874015748031503,1.771653543307084,32.1762349799733,31.64218958611482,False,-0.5825242718446644,0.918925856497741,8,23,8,34.78260869565217,27.861231917665535,39.03281519861832,1999-12-28; 2001-02-21; 2007-06-26; 2008-01-23; 2015-06-30; 2020-02-04; 2022-04-28; 2024-02-06,19.212598425196852,0.7874015748031503,历史8/23次成功; 当前距低点0.79%; 最新日涨幅-0.58%; 状态bottom_area; 底部未确认
242,63.66969901168012,53.99190476190475,002998,优彩资源,bottom_area,2026-06-09,7.42,2026-05-08,10.45,2026-06-09,7.35,0.9523809523809563,4.625850340136065,29.665071770334926,28.99521531100478,False,-1.1984021304926706,3.3802703973933896,1,3,1,33.33333333333333,56.29770992366411,56.29770992366411,2025-04-09,19.047619047619044,0.9523809523809563,历史1/3次成功; 当前距低点0.95%; 最新日涨幅-1.20%; 状态bottom_area; 底部未确认
243,63.65729551971804,56.394382608072355,600619,海立股份,bottom_area,2026-06-09,14.52,2026-05-21,19.79,2026-06-08,14.05,3.3451957295373584,5.12455516014234,29.004547751389588,26.629610914603337,False,2.470007057163026,2.1447467325688416,4,20,4,20.0,42.15821973880395,56.345177664974635,1994-03-10; 1994-10-14; 2008-09-18; 2025-09-11,16.65480427046264,3.3451957295373584,历史4/20次成功; 当前距低点3.35%; 最新日涨幅2.47%; 状态bottom_area; 底部未确认
244,63.61806189327404,56.7118222107237,300095,华伍股份,bottom_area,2026-06-09,9.0,2026-05-11,11.97,2026-06-02,8.68,3.6866359447004644,8.640552995391705,27.485380116959067,24.812030075187973,True,-0.33222591362125353,2.641481676222527,5,15,5,33.33333333333333,32.44096145864204,44.981412639405185,2015-06-30; 2018-02-09; 2018-12-27; 2020-02-04; 2022-04-27,16.313364055299537,3.6866359447004644,历史5/15次成功; 当前距低点3.69%; 最新日涨幅-0.33%; 状态bottom_area; 底部已确认
245,63.606255114100435,57.94298360130916,000006,深振业A,bottom_area,2026-06-09,7.96,2026-05-19,11.25,2026-06-09,7.59,4.87483530961792,6.192358366271418,32.53333333333334,29.244444444444444,False,0.0,2.165653943105611,8,21,8,38.095238095238095,30.028102983102457,52.879581151832454,1994-02-01; 1996-12-18; 1997-05-26; 2003-05-14; 2008-03-18; 2008-04-21; 2015-06-30; 2023-10-23,15.125164690382082,4.87483530961792,历史8/21次成功; 当前距低点4.87%; 最新日涨幅0.00%; 状态bottom_area; 底部未确认
246,63.518011296268725,57.73382711989734,002580,圣阳股份,bottom_area,2026-06-09,21.38,2026-06-02,28.49,2026-06-09,20.41,4.75257226849583,5.046545810877027,28.360828360828354,24.956124956124956,False,2.7884615384615286,11.321247523797556,4,11,4,36.36363636363637,31.15670127700203,44.10526315789473,2015-09-07; 2018-06-20; 2022-09-02; 2025-04-09,15.247427731504171,4.75257226849583,历史4/11次成功; 当前距低点4.75%; 最新日涨幅2.79%; 状态bottom_area; 底部未确认
247,63.493862342535074,53.72481753870768,603887,城地香江,bottom_area,2026-06-09,10.9,2026-05-18,15.7,2026-06-09,10.81,0.8325624421831623,4.347826086956511,31.146496815286618,30.573248407643305,False,-1.446654611211573,2.0401660970546693,2,7,2,28.57142857142857,40.746097809675085,61.28277153558054,2020-02-04; 2022-03-16,19.16743755781684,0.8325624421831623,历史2/7次成功; 当前距低点0.83%; 最新日涨幅-1.45%; 状态bottom_area; 底部未确认
248,63.39988227472518,53.90190099289778,300577,开润股份,bottom_area,2026-06-09,15.72,2026-05-07,22.36,2026-06-08,15.55,1.0932475884244368,4.951768488745978,30.4561717352415,29.695885509838995,False,-0.8201892744479466,1.4051297748349394,1,5,1,20.0,23.626373626373624,23.626373626373624,2022-04-28,18.906752411575564,1.0932475884244368,历史1/5次成功; 当前距低点1.09%; 最新日涨幅-0.82%; 状态bottom_area; 底部未确认
249,63.3842144750044,56.09749844081102,002121,科陆电子,bottom_area,2026-06-09,6.59,2026-05-28,8.78,2026-06-08,6.38,3.2915360501567394,7.210031347962382,27.334851936218673,24.94305239179954,False,1.5408320493066174,1.943280955009183,2,11,2,18.181818181818183,43.84369842954653,54.0059347181009,2011-08-09; 2025-04-09,16.70846394984326,3.2915360501567394,历史2/11次成功; 当前距低点3.29%; 最新日涨幅1.54%; 状态bottom_area; 底部未确认
250,63.32720862968378,57.230958540465004,600547,山东黄金,bottom_area,2026-06-09,27.3,2026-05-08,36.95,2026-06-08,26.14,4.437643458301454,4.8201989288446745,29.255751014884986,26.116373477672532,False,3.1746031746031633,1.358283809082294,4,12,4,33.33333333333333,31.158345656231077,51.09848484848486,2005-07-19; 2008-04-03; 2008-09-11; 2017-05-24,15.562356541698547,4.437643458301454,历史4/12次成功; 当前距低点4.44%; 最新日涨幅3.17%; 状态bottom_area; 底部未确认
251,63.26720880846575,56.32037508694068,300195,长荣股份,bottom_area,2026-06-09,5.74,2026-04-08,7.75,2026-06-08,5.54,3.610108303249101,6.678700361010832,28.516129032258064,25.93548387096774,False,1.7730496453900901,3.2245710735507305,1,4,1,25.0,34.17431192660549,34.17431192660549,2022-04-27,16.3898916967509,3.610108303249101,历史1/4次成功; 当前距低点3.61%; 最新日涨幅1.77%; 状态bottom_area; 底部未确认
252,62.99001529880481,56.6456972111554,688428,诺诚健华,bottom_area,2026-06-09,20.75,2026-05-21,27.48,2026-06-09,19.92,4.166666666666657,5.923694779116464,27.510917030567683,24.490538573508008,False,2.065912444663076,3.10896151001851,1,2,1,50.0,21.912350597609553,21.912350597609553,2024-04-22,15.833333333333343,4.166666666666657,历史1/2次成功; 当前距低点4.17%; 最新日涨幅2.07%; 状态bottom_area; 底部未确认
253,62.93619307090584,54.560069695168664,002923,润都股份,bottom_area,2026-06-09,9.94,2026-04-28,13.79,2026-06-08,9.73,2.1582733812949546,5.447070914696807,29.441624365482227,27.918781725888326,False,0.3027245206861595,2.1947824502332463,1,6,1,16.666666666666664,24.969173859432807,24.969173859432807,2022-05-27,17.841726618705046,2.1582733812949546,历史1/6次成功; 当前距低点2.16%; 最新日涨幅0.30%; 状态bottom_area; 底部未确认
254,62.78001811550021,55.817189666761635,300231,银信科技,bottom_area,2026-06-09,8.77,2026-05-19,11.63,2026-06-08,8.47,3.541912632821711,5.1948051948051885,27.171109200343935,24.59157351676699,False,1.8583042973286945,1.5272103361724976,2,8,2,25.0,30.63306704083404,37.33451015004414,2015-09-02; 2024-10-14,16.45808736717829,3.541912632821711,历史2/8次成功; 当前距低点3.54%; 最新日涨幅1.86%; 状态bottom_area; 底部未确认
255,62.67949596509921,54.031572836983266,688161,威高骨科,bottom_area,2026-06-09,22.58,2026-04-23,32.18,2026-06-09,22.17,1.8493459630130653,4.19485791610284,31.106277190801734,29.83219390926041,False,-1.8260869565217441,0.600475,1,5,1,20.0,33.591836734693864,33.591836734693864,2024-02-06,18.150654036986936,1.8493459630130653,历史1/5次成功; 当前距低点1.85%; 最新日涨幅-1.83%; 状态bottom_area; 底部未确认
256,62.658098902234535,54.31130835503906,601007,金陵饭店,bottom_area,2026-06-09,6.65,2026-04-22,9.08,2026-06-09,6.51,2.150537634408611,3.0721966205837203,28.303964757709256,26.76211453744493,False,0.3016591251885359,1.3485384615384617,1,7,1,14.285714285714285,28.69565217391305,28.69565217391305,2020-02-04,17.84946236559139,2.150537634408611,历史1/7次成功; 当前距低点2.15%; 最新日涨幅0.30%; 状态bottom_area; 底部未确认
257,62.53320477471183,52.96862551983877,300653,正海生物,bottom_area,2026-06-09,14.72,2026-04-01,20.17,2026-06-08,14.59,0.8910212474297516,4.180945853324191,27.664848785324747,27.020327218641548,False,-0.27100271002709064,0.7577222222222222,2,6,2,33.33333333333333,27.079680809920802,29.647513278609367,2019-06-17; 2022-10-12,19.10897875257025,0.8910212474297516,历史2/6次成功; 当前距低点0.89%; 最新日涨幅-0.27%; 状态bottom_area; 底部未确认
258,62.40710310703821,55.952405540037084,300618,寒锐钴业,bottom_area,2026-06-09,35.09,2026-05-07,50.11,2026-06-08,33.74,4.0011855364552495,6.283343212803786,32.66813011374975,29.97405707443623,False,2.6023391812865615,2.473938223592301,2,7,2,28.57142857142857,29.25173574660932,32.46899661781286,2018-02-05; 2024-02-05,15.998814463544752,4.0011855364552495,历史2/7次成功; 当前距低点4.00%; 最新日涨幅2.60%; 状态bottom_area; 底部未确认
259,62.30817309024207,55.78884064313303,300207,欣旺达,bottom_area,2026-06-09,20.11,2026-05-06,28.28,2026-06-08,19.35,3.927648578811359,5.8397932816537415,31.577086280056577,28.889674681753895,False,2.549719530851613,2.592616418283835,3,10,3,30.0,24.375695714101777,27.828571428571436,2015-07-29; 2015-08-26; 2018-10-16,16.072351421188642,3.927648578811359,历史3/10次成功; 当前距低点3.93%; 最新日涨幅2.55%; 状态bottom_area; 底部未确认
260,62.13057765209539,54.28127148737434,002298,中电鑫龙,bottom_area,2026-06-09,8.34,2026-05-19,12.01,2026-06-08,8.13,2.5830258302582907,6.396063960639601,32.30641132389675,30.5578684429642,False,1.090909090909098,2.7010987633739236,3,16,3,18.75,24.16301279765181,24.64589235127478,2015-09-02; 2018-02-09; 2022-10-10,17.41697416974171,2.5830258302582907,历史3/16次成功; 当前距低点2.58%; 最新日涨幅1.09%; 状态bottom_area; 底部未确认
261,62.08167015249128,52.66308071663208,002274,华昌化工,bottom_area,2026-06-09,5.2,2026-04-28,7.06,2026-06-09,5.15,0.9708737864077635,6.019417475728147,27.05382436260622,26.345609065155802,False,-3.703703703703709,2.1709890017616775,4,11,4,36.36363636363637,30.065201586539388,43.47014925373134,2009-08-19; 2010-02-05; 2012-12-04; 2021-09-29,19.02912621359224,0.9708737864077635,历史4/11次成功; 当前距低点0.97%; 最新日涨幅-3.70%; 状态bottom_area; 底部未确认
262,61.929249256104406,54.75277577351798,000932,华菱钢铁,bottom_area,2026-06-09,3.83,2026-03-25,5.29,2026-06-09,3.71,3.234501347708898,3.7735849056603805,29.867674858223065,27.5992438563327,False,1.5915119363395291,1.2193588664901829,2,12,2,16.666666666666664,39.197699890470965,55.72289156626506,2008-03-18; 2024-09-12,16.765498652291104,3.234501347708898,历史2/12次成功; 当前距低点3.23%; 最新日涨幅1.59%; 状态bottom_area; 底部未确认
263,61.74061238098529,55.61368138134555,300650,太龙股份,bottom_area,2026-06-09,12.98,2026-05-11,17.39,2026-06-08,12.45,4.257028112449809,7.871485943775104,28.407130534790113,25.359401955146637,False,1.3270882123341154,3.991539702389872,2,7,2,28.57142857142857,30.5667729217494,39.52308472856417,2018-02-07; 2020-09-29,15.742971887550192,4.257028112449809,历史2/7次成功; 当前距低点4.26%; 最新日涨幅1.33%; 状态bottom_area; 底部未确认
264,61.713596210272584,56.18184528946384,688339,亿华通,bottom_area,2026-06-09,20.8,2026-05-14,28.94,2026-06-08,19.84,4.8387096774193585,6.350806451612911,31.444367657221843,28.127159640635803,False,2.8684470820969477,1.8931787755753517,2,8,2,25.0,48.48980297838693,76.30996309963099,2024-02-06; 2024-10-17,15.161290322580642,4.8387096774193585,历史2/8次成功; 当前距低点4.84%; 最新日涨幅2.87%; 状态bottom_area; 底部未确认
265,61.68232908427405,52.92393646194442,002556,辉隆股份,bottom_area,2026-06-09,5.1,2026-04-24,6.89,2026-06-09,5.02,1.5936254980079698,2.3904382470119545,27.140783744557336,25.979680696661834,False,-0.1956947162426781,0.7526653866718314,1,7,1,14.285714285714285,36.88311688311687,36.88311688311687,2024-02-06,18.406374501992033,1.5936254980079698,历史1/7次成功; 当前距低点1.59%; 最新日涨幅-0.20%; 状态bottom_area; 底部未确认
266,61.681688472686716,51.71745819397992,301081,严牌股份,bottom_area,2026-06-09,15.0,2026-05-28,20.85,2026-06-09,14.95,0.33444816053512183,16.722408026755854,28.29736211031176,28.057553956834536,False,-12.434325744308229,6.51088716877226,1,2,1,50.0,20.96774193548386,20.96774193548386,2023-06-26,19.66555183946488,0.33444816053512183,历史1/2次成功; 当前距低点0.33%; 最新日涨幅-12.43%; 状态bottom_area; 底部未确认
267,61.61477164839663,55.1763793214195,301020,密封科技,bottom_area,2026-06-09,24.03,2026-05-25,32.88,2026-06-08,23.12,3.9359861591695506,4.4117647058823515,29.683698296836987,26.916058394160586,False,1.9949066213921895,2.4945355191256833,1,3,1,33.33333333333333,30.629539951573843,30.629539951573843,2022-04-27,16.064013840830448,3.9359861591695506,历史1/3次成功; 当前距低点3.94%; 最新日涨幅1.99%; 状态bottom_area; 底部未确认
268,61.509715087989605,54.04317397518474,600861,北京人力,bottom_area,2026-06-09,14.23,2026-01-14,20.15,2026-05-28,13.83,2.892263195950834,6.073752711496745,31.36476426799007,29.37965260545905,False,0.35260930888576514,0.29894814450116963,2,13,2,15.384615384615385,33.96523689221854,40.83969465648854,1994-10-14; 2007-06-05,17.107736804049168,2.892263195950834,历史2/13次成功; 当前距低点2.89%; 最新日涨幅0.35%; 状态bottom_area; 底部未确认
269,61.486218271803,53.95268370918522,603507,振江股份,bottom_area,2026-06-09,35.35,2026-05-19,47.9,2026-06-08,34.38,2.8214077952297814,5.4682955206515285,28.225469728601244,26.20041753653444,False,1.2024048096192397,2.29616937914471,1,6,1,16.666666666666664,29.832402234636863,29.832402234636863,2022-12-23,17.178592204770222,2.8214077952297814,历史1/6次成功; 当前距低点2.82%; 最新日涨幅1.20%; 状态bottom_area; 底部未确认
270,61.37855571914177,55.90347328410097,688599,天合光能,bottom_area,2026-06-09,13.58,2026-05-14,18.78,2026-06-09,12.95,4.864864864864871,5.559845559845565,31.043663471778494,27.68903088391907,False,2.8009084027251996,1.7537166916136961,2,6,2,33.33333333333333,29.258235713223325,32.80865715691098,2023-06-09; 2024-02-05,15.13513513513513,4.864864864864871,历史2/6次成功; 当前距低点4.86%; 最新日涨幅2.80%; 状态bottom_area; 底部未确认
271,61.36326808859178,54.38630808983471,603396,金辰股份,bottom_area,2026-06-09,29.45,2026-05-14,39.14,2026-06-09,28.49,3.369603369603373,3.8610038610038666,27.210015329586106,24.757281553398062,False,1.1332417582417431,1.9853097760372491,1,5,1,20.0,31.661310605002114,31.661310605002114,2022-12-23,16.630396630396625,3.369603369603373,历史1/5次成功; 当前距低点3.37%; 最新日涨幅1.13%; 状态bottom_area; 底部未确认
272,61.24799900580038,53.81117385504671,300067,安诺其,bottom_area,2026-06-09,5.34,2026-05-20,7.37,2026-06-08,5.19,2.8901734104046137,5.202312138728315,29.57937584803256,27.54409769335143,False,1.7142857142857126,3.646135129897328,2,10,2,20.0,22.692307692307693,24.444444444444436,2012-07-17; 2024-10-11,17.109826589595386,2.8901734104046137,历史2/10次成功; 当前距低点2.89%; 最新日涨幅1.71%; 状态bottom_area; 底部未确认
273,61.20671876808574,51.63388742660461,601390,中国中铁,bottom_area,2026-06-09,4.52,2026-02-25,6.47,2026-06-09,4.49,0.6681514476614556,1.336302895322931,30.602782071097366,30.13910355486863,False,-0.440528634361248,0.5132480086450241,1,5,1,20.0,46.06060606060606,46.06060606060606,2024-09-18,19.331848552338545,0.6681514476614556,历史1/5次成功; 当前距低点0.67%; 最新日涨幅-0.44%; 状态bottom_area; 底部未确认
274,61.17510571134151,54.723759080949044,000032,深桑达A,bottom_area,2026-06-09,15.54,2026-05-20,21.35,2026-06-08,14.96,3.8770053475935713,5.147058823529409,29.929742388758783,27.21311475409837,False,2.9139072847682135,1.2818473421238323,5,20,5,25.0,28.861996093883818,51.40324963072379,2005-04-21; 2008-07-03; 2020-02-04; 2023-08-28; 2024-02-06,16.12299465240643,3.8770053475935713,历史5/20次成功; 当前距低点3.88%; 最新日涨幅2.91%; 状态bottom_area; 底部未确认
275,61.16857142284922,54.50986031198679,300380,安硕信息,bottom_area,2026-06-09,30.24,2026-04-30,40.95,2026-06-08,29.17,3.668152211175854,5.039424065821045,28.76678876678877,26.15384615384616,False,1.68123739071957,1.6798112776291962,2,13,2,15.384615384615385,45.98520082509536,65.51724137931036,2014-12-11; 2015-09-02,16.331847788824145,3.668152211175854,历史2/13次成功; 当前距低点3.67%; 最新日涨幅1.68%; 状态bottom_area; 底部未确认
276,61.156344630013834,55.50656887002876,002329,皇氏集团,bottom_area,2026-06-09,3.36,2026-05-29,4.51,2026-06-08,3.21,4.67289719626168,18.068535825545172,28.82483370288248,25.49889135254989,True,0.0,7.842212635405854,3,11,3,27.27272727272727,28.708953691377975,33.95138030490317,2015-09-02; 2017-12-28; 2022-02-07,15.32710280373832,4.67289719626168,历史3/11次成功; 当前距低点4.67%; 最新日涨幅0.00%; 状态bottom_area; 底部已确认
277,61.14656137811042,53.73853706020628,600791,京能置业,bottom_area,2026-06-09,12.39,2026-06-04,16.96,2026-06-09,12.04,2.906976744186059,13.787375415282394,29.009433962264158,26.945754716981135,False,-6.631499623210246,7.597271355930286,7,22,7,31.818181818181817,29.589875076468942,47.21311475409838,1999-01-05; 2008-01-23; 2008-03-18; 2008-04-22; 2008-06-11; 2009-08-19; 2024-04-16,17.093023255813943,2.906976744186059,历史7/22次成功; 当前距低点2.91%; 最新日涨幅-6.63%; 状态bottom_area; 底部未确认
278,61.12876087628042,53.09127863651195,603727,博迈科,bottom_area,2026-06-09,14.03,2026-05-20,19.48,2026-06-09,13.72,2.2594752186588827,5.61224489795918,29.568788501026695,27.97741273100616,False,-1.8881118881118986,1.4046961084656795,2,9,2,22.22222222222222,28.749067631713114,36.00944510035418,2017-01-16; 2024-02-06,17.74052478134112,2.2594752186588827,历史2/9次成功; 当前距低点2.26%; 最新日涨幅-1.89%; 状态bottom_area; 底部未确认
279,61.008022458236695,52.783412725774085,600233,圆通速递,bottom_area,2026-06-09,16.93,2026-04-23,22.86,2026-06-09,16.59,2.0494273658830613,2.2905364677516515,27.42782152230971,25.940507436570424,False,-0.5287896592244379,0.35049694122596364,3,13,3,23.076923076923077,22.66724258057775,26.027397260273965,2009-08-19; 2015-08-26; 2016-12-26,17.95057263411694,2.0494273658830613,历史3/13次成功; 当前距低点2.05%; 最新日涨幅-0.53%; 状态bottom_area; 底部未确认
280,60.82747767133035,54.43039026437266,603958,哈森股份,bottom_area,2026-06-09,19.74,2026-05-25,26.8,2026-06-08,19.0,3.894736842105255,5.315789473684219,29.1044776119403,26.343283582089562,False,0.9202453987730008,1.8562180889861415,2,8,2,25.0,27.502098195551827,30.00419639110366,2017-01-17; 2023-10-23,16.105263157894743,3.894736842105255,历史2/8次成功; 当前距低点3.89%; 最新日涨幅0.92%; 状态bottom_area; 底部未确认
281,60.70308664254359,55.312878275823095,002670,国盛证券,bottom_area,2026-06-09,11.37,2026-04-10,14.98,2026-06-04,10.84,4.889298892988924,9.594095940959418,27.636849132176238,24.098798397863828,True,0.08802816901407606,2.282618396133614,2,10,2,20.0,46.077848128160454,60.3960396039604,2019-01-31; 2020-02-04,15.110701107011076,4.889298892988924,历史2/10次成功; 当前距低点4.89%; 最新日涨幅0.09%; 状态bottom_area; 底部已确认
282,60.66342653047601,55.16416000933786,300795,米奥会展,bottom_area,2026-06-09,9.65,2026-05-27,12.99,2026-06-08,9.21,4.777415852334413,5.754614549402816,29.099307159353344,25.71208622016936,False,1.1530398322851187,2.876164256971397,2,6,2,33.33333333333333,24.211477523263383,26.767850983097624,2020-09-11; 2024-01-09,15.222584147665588,4.777415852334413,历史2/6次成功; 当前距低点4.78%; 最新日涨幅1.15%; 状态bottom_area; 底部未确认
283,60.589644721530846,52.24343708901713,600108,亚盛集团,bottom_area,2026-06-09,3.28,2026-05-08,4.49,2026-06-09,3.22,1.8633540372670687,3.7267080745341503,28.285077951002226,26.9487750556793,False,-0.3039513677811634,2.6830085446873206,2,12,2,16.666666666666664,31.37213778128701,35.906040268456366,2008-09-18; 2022-04-27,18.136645962732935,1.8633540372670687,历史2/12次成功; 当前距低点1.86%; 最新日涨幅-0.30%; 状态bottom_area; 底部未确认
284,60.55427807142993,53.45873578991465,300950,德固特,bottom_area,2026-06-09,17.66,2026-05-11,23.66,2026-06-08,17.12,3.1542056074766305,5.782710280373822,27.641589180050712,25.359256128486894,False,1.319563970166393,1.8401098149174029,1,5,1,20.0,24.03400309119012,24.03400309119012,2025-04-09,16.845794392523374,3.1542056074766305,历史1/5次成功; 当前距低点3.15%; 最新日涨幅1.32%; 状态bottom_area; 底部未确认
285,60.51719903924389,54.15897504577474,688528,秦川物联,bottom_area,2026-06-09,10.92,2026-05-25,14.58,2026-06-04,10.51,3.901046622264511,10.085632730732641,27.914951989026065,25.102880658436217,True,-3.1914893617021267,2.785,1,2,1,50.0,28.78151260504202,28.78151260504202,2024-10-11,16.09895337773549,3.901046622264511,历史1/2次成功; 当前距低点3.90%; 最新日涨幅-3.19%; 状态bottom_area; 底部已确认
286,60.30062160552302,51.796378926038535,600399,抚顺特钢,bottom_area,2026-06-09,4.3,2026-04-20,6.09,2026-06-09,4.23,1.6548463356973848,3.7825059101654666,30.541871921182256,29.392446633825948,False,-1.6018306636155666,2.2765072765072767,1,10,1,10.0,40.85714285714285,40.85714285714285,2014-07-24,18.345153664302615,1.6548463356973848,历史1/10次成功; 当前距低点1.65%; 最新日涨幅-1.60%; 状态bottom_area; 底部未确认
287,60.27673743801423,54.751369839529595,002324,普利特,bottom_area,2026-06-09,11.99,2026-05-11,16.2,2026-06-08,11.45,4.716157205240183,6.375545851528389,29.32098765432099,25.98765432098765,False,3.45125107851596,2.755798417363671,2,7,2,28.57142857142857,31.55872340425533,37.16,2015-07-07; 2024-02-06,15.283842794759817,4.716157205240183,历史2/7次成功; 当前距低点4.72%; 最新日涨幅3.45%; 状态bottom_area; 底部未确认
288,60.117649984473694,51.349679942935424,300712,永福股份,bottom_area,2026-06-09,21.06,2026-04-21,29.33,2026-06-08,20.78,1.3474494706448392,6.448508180943213,29.151039890896683,28.1963859529492,False,-0.5196032120926009,0.9756901634838284,1,7,1,14.285714285714285,25.401730531520393,25.401730531520393,2024-08-09,18.65255052935516,1.3474494706448392,历史1/7次成功; 当前距低点1.35%; 最新日涨幅-0.52%; 状态bottom_area; 底部未确认
289,60.027969176239964,50.8644945192861,600838,上海九百,bottom_area,2026-06-09,7.76,2026-04-20,10.55,2026-06-09,7.69,0.9102730819245696,2.86085825747724,27.109004739336495,26.44549763033176,False,-1.2722646310432628,1.7495422934137705,5,19,5,26.31578947368421,31.207817140749334,41.49484536082475,1996-07-15; 1997-07-08; 2006-11-14; 2008-04-22; 2018-02-07,19.08972691807543,0.9102730819245696,历史5/19次成功; 当前距低点0.91%; 最新日涨幅-1.27%; 状态bottom_area; 底部未确认
290,59.72865387529731,54.09538284090472,688239,航宇科技,bottom_area,2026-06-09,54.16,2026-05-25,71.23,2026-06-08,51.8,4.555984555984556,7.683397683397692,27.27783237399973,23.964621648181954,False,3.083365055196041,3.6710597522339903,1,4,1,25.0,33.80660015349194,33.80660015349194,2024-02-06,15.444015444015447,4.555984555984556,历史1/4次成功; 当前距低点4.56%; 最新日涨幅3.08%; 状态bottom_area; 底部未确认
291,59.624415853539794,50.816263511539596,300015,爱尔眼科,bottom_area,2026-06-09,8.25,2026-04-24,11.29,2026-06-09,8.15,1.2269938650306704,3.5582822085889463,27.81222320637732,26.92648361381753,False,-0.7220216606498298,1.0213933643622108,1,7,1,14.285714285714285,21.05734767025089,21.05734767025089,2015-08-26,18.773006134969332,1.2269938650306704,历史1/7次成功; 当前距低点1.23%; 最新日涨幅-0.72%; 状态bottom_area; 底部未确认
292,59.397341422004295,50.20306383142202,600059,古越龙山,bottom_area,2026-06-09,7.83,2026-01-29,10.89,2026-06-09,7.77,0.7722007722007787,2.3166023166023244,28.650137741046837,28.09917355371901,False,-1.261034047919285,1.0800484720995311,1,6,1,16.666666666666664,46.86567164179104,46.86567164179104,2020-12-28,19.22779922779922,0.7722007722007787,历史1/6次成功; 当前距低点0.77%; 最新日涨幅-1.26%; 状态bottom_area; 底部未确认
293,59.18731494711356,51.7472520270597,688408,中信博,bottom_area,2026-06-09,30.13,2026-05-20,40.62,2026-06-08,29.36,2.6226158038147123,7.084468664850142,27.720334810438203,25.824716888232395,False,1.107382550335556,1.6102460607333657,1,7,1,14.285714285714285,20.697167755991288,20.697167755991288,2022-04-27,17.37738419618529,2.6226158038147123,历史1/7次成功; 当前距低点2.62%; 最新日涨幅1.11%; 状态bottom_area; 底部未确认
294,58.870279088481006,53.53114909460408,300680,隆盛科技,bottom_area,2026-06-09,34.45,2026-05-25,45.2,2026-06-05,32.88,4.774939172749392,10.979318734793186,27.25663716814159,23.78318584070796,True,-0.029019152640741286,3.5625064846220376,2,6,2,33.33333333333333,28.681059543760036,34.71428571428571,2025-04-09; 2025-11-21,15.225060827250608,4.774939172749392,历史2/6次成功; 当前距低点4.77%; 最新日涨幅-0.03%; 状态bottom_area; 底部已确认
295,58.38120043258836,49.399477289113214,601595,上海电影,bottom_area,2026-06-09,18.15,2026-04-21,25.9,2026-06-09,18.0,0.8333333333333255,3.7222222222222316,30.501930501930495,29.922779922779924,False,-2.366863905325456,1.716979027219991,2,8,2,25.0,25.239125210286,27.67123287671234,2020-02-04; 2020-07-31,19.166666666666675,0.8333333333333255,历史2/8次成功; 当前距低点0.83%; 最新日涨幅-2.37%; 状态bottom_area; 底部未确认
296,58.358781024770764,50.58899452403318,000560,我爱我家,bottom_area,2026-06-09,2.37,2026-05-12,3.42,2026-06-09,2.32,2.155172413793115,6.896551724137938,32.163742690058484,30.701754385964907,False,-3.658536585365846,3.8975789910885963,5,27,5,18.51851851851852,32.257121852250066,44.13265306122448,1998-08-18; 2007-06-06; 2011-01-25; 2015-08-04; 2016-01-29,17.844827586206886,2.155172413793115,历史5/27次成功; 当前距低点2.16%; 最新日涨幅-3.66%; 状态bottom_area; 底部未确认
297,58.296479366963055,49.32033909334594,000721,西安饮食,bottom_area,2026-06-09,6.11,2026-04-16,8.38,2026-06-09,6.06,0.8250825082508368,3.3003300330033034,27.684964200477342,27.088305489260144,False,-1.9261637239165297,1.5657731101098897,8,33,8,24.242424242424242,26.353926034735903,39.05429071803854,2005-07-18; 2008-04-03; 2009-08-19; 2015-08-04; 2015-08-27; 2015-09-16; 2022-04-28; 2023-10-23,19.174917491749163,0.8250825082508368,历史8/33次成功; 当前距低点0.83%; 最新日涨幅-1.93%; 状态bottom_area; 底部未确认
298,58.1998308149826,52.75084267095036,688560,明冠新材,bottom_area,2026-06-09,13.65,2026-05-07,18.48,2026-06-09,13.05,4.597701149425284,4.904214559386964,29.383116883116884,26.136363636363637,False,2.7861445783132543,2.0610337571144552,2,8,2,25.0,27.089254256129024,30.203498750446258,2021-08-20; 2023-04-26,15.402298850574716,4.597701149425284,历史2/8次成功; 当前距低点4.60%; 最新日涨幅2.79%; 状态bottom_area; 底部未确认
299,58.196231285009745,51.31012481456856,300639,凯普生物,bottom_area,2026-06-09,5.35,2026-05-11,7.55,2026-06-08,5.19,3.082851637764918,4.238921001926777,31.258278145695357,29.139072847682122,False,1.904761904761898,1.4612594462961699,1,10,1,10.0,33.27433628318583,33.27433628318583,2024-02-05,16.917148362235082,3.082851637764918,历史1/10次成功; 当前距低点3.08%; 最新日涨幅1.90%; 状态bottom_area; 底部未确认
300,58.019203094446866,48.99556032884639,600754,锦江酒店,bottom_area,2026-06-09,19.46,2026-04-30,27.42,2026-06-09,19.32,0.7246376811594233,2.432712215320905,29.540481400437642,29.029905178701682,False,-0.9164969450101812,1.0765701585291279,2,10,2,20.0,32.56846366607461,36.62477558348294,2008-04-22; 2009-09-02,19.27536231884058,0.7246376811594233,历史2/10次成功; 当前距低点0.72%; 最新日涨幅-0.92%; 状态bottom_area; 底部未确认
301,57.3573267018489,51.68257947544503,301120,新特电气,bottom_area,2026-06-09,20.0,2026-06-01,27.39,2026-06-09,19.18,4.275286757038583,5.370177267987493,29.97444322745528,26.98064987221614,False,1.677681748856119,6.915880512558376,1,5,1,20.0,28.227060653188175,28.227060653188175,2022-04-27,15.72471324296142,4.275286757038583,历史1/5次成功; 当前距低点4.28%; 最新日涨幅1.68%; 状态bottom_area; 底部未确认
302,56.856837832747765,51.83654241093541,002988,豪美新材,bottom_area,2026-06-09,26.02,2026-05-20,35.05,2026-06-08,24.8,4.919354838709673,6.854838709677416,29.243937232524956,25.76319543509272,False,3.377036154151769,1.4466530231685364,1,5,1,20.0,36.949846468782,36.949846468782,2022-04-27,15.08064516129033,4.919354838709673,历史1/5次成功; 当前距低点4.92%; 最新日涨幅3.38%; 状态bottom_area; 底部未确认
303,56.76528387796938,49.8216382342924,600310,广西能源,bottom_area,2026-06-09,5.08,2026-06-04,6.99,2026-06-09,4.94,2.8340080971659853,5.870445344129555,29.327610872675248,27.32474964234621,False,-2.8680688336520155,7.956822143352165,3,16,3,18.75,25.736165031348683,34.33962264150944,2008-04-02; 2015-06-29; 2024-02-06,17.165991902834016,2.8340080971659853,历史3/16次成功; 当前距低点2.83%; 最新日涨幅-2.87%; 状态bottom_area; 底部未确认
304,56.602800296054745,47.16900024671229,600636,退市国化,bottom_area,2026-06-09,1.71,2026-06-02,2.42,2026-06-09,1.71,0.0,11.111111111111107,29.338842975206607,29.338842975206607,False,-9.999999999999998,5.123601157064919,6,28,6,21.428571428571427,33.24347290859141,66.83673469387756,1996-04-30; 2007-06-04; 2019-08-15; 2020-09-28; 2024-02-07; 2025-01-24,20.0,0.0,历史6/28次成功; 当前距低点0.00%; 最新日涨幅-10.00%; 状态bottom_area; 底部未确认
305,56.409138953937315,50.11304809052335,603896,寿仙谷,bottom_area,2026-06-09,15.68,2026-03-04,22.35,2026-05-29,15.15,3.498349834983494,5.610561056105609,32.214765100671144,29.8434004474273,False,-1.0725552050473208,1.1272982066756465,1,4,1,25.0,21.90476190476191,21.90476190476191,2022-04-27,16.501650165016507,3.498349834983494,历史1/4次成功; 当前距低点3.50%; 最新日涨幅-1.07%; 状态bottom_area; 底部未确认
306,56.194794620138126,50.35238095238095,300737,科顺股份,bottom_area,2026-06-09,6.55,2026-06-04,9.37,2026-06-09,6.3,3.968253968253968,11.111111111111114,32.7641408751334,30.096051227321237,False,-7.876230661040795,12.924361171488407,1,5,1,20.0,80.4289544235925,80.4289544235925,2024-04-16,16.03174603174603,3.968253968253968,历史1/5次成功; 当前距低点3.97%; 最新日涨幅-7.88%; 状态bottom_area; 底部未确认
307,56.17056373139455,47.0596371422132,000858,五粮液,bottom_area,2026-06-09,79.11,2026-01-30,110.78,2026-06-09,78.88,0.29158215010142496,1.4198782961460505,28.79581151832461,28.588192814587472,False,-1.063031515757873,0.5626954627797808,1,6,1,16.666666666666664,24.074074074074055,24.074074074074055,2006-03-31,19.708417849898577,0.29158215010142496,历史1/6次成功; 当前距低点0.29%; 最新日涨幅-1.06%; 状态bottom_area; 底部未确认
308,55.85661423222351,50.53176190269247,002052,同洲电子,bottom_area,2026-06-09,9.3,2026-05-14,12.23,2026-06-08,8.9,4.494382022471914,7.415730337078654,27.22812755519215,23.957481602616514,True,2.310231023102327,1.9797873020377246,2,12,2,16.666666666666664,22.75422713581599,24.698795180722875,2011-10-24; 2025-09-09,15.505617977528086,4.494382022471914,历史2/12次成功; 当前距低点4.49%; 最新日涨幅2.31%; 状态bottom_area; 底部已确认
309,55.690369784125174,47.10672029014691,000905,厦门港务,bottom_area,2026-06-09,8.66,2026-05-14,11.86,2026-06-09,8.59,0.8149010477299219,3.143189755529681,27.5716694772344,26.98145025295109,False,-0.45977011494251485,1.0273284103220417,1,11,1,9.090909090909092,47.156227501799854,47.156227501799854,2008-03-18,19.18509895227008,0.8149010477299219,历史1/11次成功; 当前距低点0.81%; 最新日涨幅-0.46%; 状态bottom_area; 底部未确认
310,55.685953332978464,49.71737610171941,603716,塞力医疗,bottom_area,2026-06-09,15.96,2026-05-19,22.0,2026-06-09,15.38,3.771131339401821,5.331599479843943,30.090909090909086,27.45454545454545,False,0.0626959247649106,2.7057346795624304,1,9,1,11.11111111111111,30.740740740740748,30.740740740740748,2025-04-09,16.22886866059818,3.771131339401821,历史1/9次成功; 当前距低点3.77%; 最新日涨幅0.06%; 状态bottom_area; 底部未确认
311,55.55053131447345,46.877748535934316,002550,千红制药,bottom_area,2026-06-09,5.87,2026-04-15,8.08,2026-06-09,5.83,0.6861063464837056,2.4013722126929617,27.846534653465348,27.351485148514854,False,-1.3445378151260567,1.1295097268190448,1,5,1,20.0,20.71005917159764,20.71005917159764,2021-02-04,19.313893653516296,0.6861063464837056,历史1/5次成功; 当前距低点0.69%; 最新日涨幅-1.34%; 状态bottom_area; 底部未确认
312,55.20811770004605,50.27143676338463,002380,科远智慧,bottom_area,2026-06-09,38.9,2026-05-22,51.06,2026-06-05,37.1,4.8517520215633345,7.385444743935316,27.34038386212299,23.815119467293385,True,2.638522427440626,7.217940225344723,1,6,1,16.666666666666664,25.735294117647072,25.735294117647072,2022-10-25,15.148247978436666,4.8517520215633345,历史1/6次成功; 当前距低点4.85%; 最新日涨幅2.64%; 状态bottom_area; 底部已确认
313,55.037523014097204,46.53998487805186,000850,华茂股份,bottom_area,2026-06-09,3.79,2026-04-21,5.18,2026-06-09,3.76,0.7978723404255386,2.659574468085109,27.413127413127413,26.83397683397683,False,-0.2631578947368318,0.7573549268935806,2,16,2,12.5,36.5141602915166,52.66903914590747,2018-10-19; 2021-02-08,19.202127659574465,0.7978723404255386,历史2/16次成功; 当前距低点0.80%; 最新日涨幅-0.26%; 状态bottom_area; 底部未确认
314,54.84406591358126,48.840149452253314,002531,天顺风能,bottom_area,2026-06-09,9.42,2026-05-26,12.79,2026-06-08,9.09,3.630363036303631,6.380638063806382,28.928850664581702,26.34870992963252,False,1.6181229773462924,2.28165072293765,1,8,1,12.5,21.28966223132037,21.28966223132037,2015-08-25,16.369636963696372,3.630363036303631,历史1/8次成功; 当前距低点3.63%; 最新日涨幅1.62%; 状态bottom_area; 底部未确认
315,54.79400709767149,46.37029818327953,603016,新宏泰,bottom_area,2026-06-09,37.19,2026-05-21,51.23,2026-06-09,36.88,0.8405639913231973,6.751626898047708,28.010931095061476,27.40581690415772,False,-3.3775006495193716,2.864808315334773,1,6,1,16.666666666666664,37.31245923026745,37.31245923026745,2019-01-31,19.159436008676803,0.8405639913231973,历史1/6次成功; 当前距低点0.84%; 最新日涨幅-3.38%; 状态bottom_area; 底部未确认
316,54.09870178573574,47.42774700472441,000788,北大医药,bottom_area,2026-06-09,5.19,2026-04-16,6.99,2026-06-08,5.05,2.7722772277227836,9.504950495049513,27.753934191702434,25.75107296137339,False,-2.8089887640449285,3.1673489312673553,3,21,3,14.285714285714285,21.78170014402955,23.809523809523807,2001-02-26; 2008-03-18; 2018-02-09,17.227722772277218,2.7722772277227836,历史3/21次成功; 当前距低点2.77%; 最新日涨幅-2.81%; 状态bottom_area; 底部未确认
317,53.65687500972376,47.97542802879363,001258,立新能源,bottom_area,2026-06-09,8.63,2026-06-03,11.59,2026-06-09,8.31,3.8507821901323736,7.701564380264727,28.300258843830882,25.53925798101811,False,-3.467561521252782,3.841872233822976,1,3,1,33.33333333333333,23.55848434925864,23.55848434925864,2025-01-13,16.14921780986763,3.8507821901323736,历史1/3次成功; 当前距低点3.85%; 最新日涨幅-3.47%; 状态bottom_area; 底部未确认
318,53.276878831299754,47.11289434718231,002029,七匹狼,bottom_area,2026-06-09,8.27,2026-05-11,11.8,2026-06-08,8.01,3.245942571785266,10.112359550561804,32.118644067796616,29.915254237288142,False,-1.194743130226994,3.0815174383682145,1,6,1,16.666666666666664,20.73643410852714,20.73643410852714,2005-10-28,16.754057428214736,3.245942571785266,历史1/6次成功; 当前距低点3.25%; 最新日涨幅-1.19%; 状态bottom_area; 底部未确认
319,52.73992592735526,47.42050051975051,003007,直真科技,bottom_area,2026-06-09,40.08,2026-05-22,54.34,2026-06-08,38.48,4.158004158004162,7.32848232848233,29.186602870813406,26.242178873757826,False,2.270987496810406,3.0578183273856294,1,8,1,12.5,20.124999999999993,20.124999999999993,2025-04-09,15.84199584199584,4.158004158004162,历史1/8次成功; 当前距低点4.16%; 最新日涨幅2.27%; 状态bottom_area; 底部未确认
