code,liutongguben
000001,19405601250.0
000002,9716935625.0
000004,126289101.5625
000006,1349984843.75
000007,346448007.8125
000008,2716296875.0
000009,2576020468.75
000010,873055000.0
000011,526475507.8125
000012,1959316562.5
000014,242046191.40625
000016,1596593750.0
000017,440821992.1875
000019,416206406.25
000020,181165390.625
000021,1574139062.5
000025,392778281.25
000026,364560703.125
000027,4757390000.0
000028,478052890.625
000029,891660000.0
000030,1670906093.75
000031,4286304687.5
000032,1137959218.75
000034,849147812.5
000035,2313025781.25
000036,1402981250.0
000037,338908203.125
000039,2301407187.5
000042,664091406.25
000045,457021796.875
000048,529302695.3125
000049,384534804.6875
000050,2435756406.25
000055,675854531.25
000056,903733203.125
000058,984739375.0
000059,1599412968.75
000060,4441116250.0
000061,1794312031.25
000062,1044900078.125
000063,4027621250.0
000065,974962265.625
000066,3225549687.5
000068,1006671484.375
000069,6898601875.0
000070,856727031.25
000078,2625215625.0
000088,3162885625.0
000089,2050733437.5
000090,1868431406.25
000096,510848007.8125
000099,775770234.375
000100,19132033750.0
000151,307934707.03125
000153,458868515.625
000155,1846168281.25
000156,1699875937.5
000157,7069669375.0
000158,1587911562.5
000159,480668515.625
000166,22535507500.0
000301,6608128125.0
000333,6855243750.0
000338,4953233437.5
000400,1011701328.125
000401,2631354687.5
000402,2988654062.5
000403,940683906.25
000404,692728281.25
000407,875774765.625
000408,1568898281.25
000409,590483398.4375
000410,1971018281.25
000411,563735898.4375
000415,5392913750.0
000417,779027421.875
000419,543582695.3125
000420,2458035625.0
000421,574296289.0625
000422,1057856718.75
000423,642850312.5
000425,9000555625.0
000426,1775205468.75
000428,1018926015.625
000429,1303329921.875
000430,370556484.375
000488,1694219687.5
000498,1449347187.5
000501,768220781.25
000503,979235468.75
000504,329122382.8125
000505,632380390.625
000506,928707031.25
000507,902354531.25
000509,1073124765.625
000510,606610390.625
000513,568139804.6875
000514,843770937.5
000516,2194233125.0
000517,2491986406.25
000518,1029535703.125
000519,1392558906.25
000520,1012083437.5
000521,875229765.625
000523,1794818125.0
000524,669967265.625
000525,1111760000.0
000526,119459501.953125
000528,2034132031.25
000529,569884414.0625
000530,600116718.75
000531,909745468.75
000532,343549687.5
000533,684902421.875
000534,500910507.8125
000536,2763075000.0
000537,2055717968.75
000538,1772933437.5
000539,2555386875.0
000541,1230494765.625
000543,2266863281.25
000544,974684531.25
000545,985403125.0
000546,696705234.375
000547,1589121093.75
000548,499215781.25
000550,518463203.125
000551,484547187.5
000552,3725811562.5
000553,2177072031.25
000554,359304804.6875
000555,974631562.5
000557,1457916250.0
000558,1288684609.375
000559,3314348750.0
000560,2338436250.0
000561,776247265.625
000563,5113970312.5
000564,15094880000.0
000565,433592187.5
000566,1296735625.0
000567,1948539843.75
000568,1471060156.25
000570,555692500.0
000571,813992187.5
000572,1642253125.0
000573,632964804.6875
000576,433815312.5
000581,793905312.5
000582,2156848281.25
000586,191190000.0
000589,1544110781.25
000590,239358496.09375
000591,3903392187.5
000592,1915092500.0
000593,358483203.125
000595,1138656328.125
000596,408600000.0
000597,1409203750.0
000598,2979227812.5
000599,816745078.125
000600,1090050937.5
000601,1049618515.625
000603,666716328.125
000605,352658593.75
000607,885033437.5
000608,745427578.125
000609,291058300.78125
000610,235501503.90625
000612,1191160390.625
000615,925268437.5
000617,12642078750.0
000619,360000000.0
000620,4671748750.0
000623,1190966484.375
000625,8267207500.0
000626,503711484.375
000628,192238593.75
000629,9290444375.0
000630,11142990000.0
000631,2300000156.25
000632,465481601.5625
000633,385102382.8125
000635,366819804.6875
000636,1157013125.0
000637,364589296.875
000639,1079426796.875
000650,1331385781.25
000651,5522009375.0
000652,1458222500.0
000655,595340195.3125
000656,7573090000.0
000657,1452925312.5
000659,1285702500.0
000661,399614609.375
000663,306301191.40625
000665,1137119765.625
000668,146841904.296875
000669,680408828.125
000670,821862890.625
000672,969395468.75
000676,1259028515.625
000677,863977968.75
000678,459611796.875
000679,356400000.0
000680,1314678593.75
000681,676135078.125
000682,1340599218.75
000683,3342111875.0
000685,1246582031.25
000686,2340452968.75
000688,1185063437.5
000690,2174468125.0
000691,323270000.0
000692,532833007.8125
000695,221811191.40625
000697,653107304.6875
000698,785714375.0
000700,918015390.625
000701,667746562.5
000702,266634609.375
000703,3801914687.5
000705,281965390.625
000707,550703593.75
000708,5047135937.5
000709,10335412500.0
000710,329529882.8125
000711,2381287500.0
000712,895734062.5
000713,614015000.0
000715,486352890.625
000716,738689375.0
000717,2423560937.5
000718,2281829843.75
000719,667147578.125
000720,1256531562.5
000721,512360312.5
000722,464158281.25
000723,4395005937.5
000725,35367135000.0
000726,589336484.375
000727,4529566875.0
000728,4363777812.5
000729,2509606718.75
000731,548825898.4375
000733,554094687.5
000735,1150897500.0
000736,747098437.5
000737,1904539218.75
000738,1315184062.5
000739,1158008437.5
000750,5796203750.0
000751,1409868750.0
000752,263758496.09375
000753,991481093.75
000755,1467310156.25
000756,498899296.875
000757,532716093.75
000758,1982753125.0
000759,655706015.625
000761,3708240625.0
000762,520800585.9375
000766,966007734.375
000767,2912246562.5
000768,2776414062.5
000776,5904049375.0
000777,383410781.25
000778,3893520312.5
000779,464773007.8125
000782,528139609.375
000783,5530073125.0
000785,5804481875.0
000786,1689507812.5
000788,595987382.8125
000789,797420234.375
000790,622614609.375
000791,1935618281.25
000792,5291525625.0
000793,1961008593.75
000795,1116249062.5
000796,1330761875.0
000797,1570515468.75
000798,365836210.9375
000799,324898203.125
000800,4920838125.0
000801,1015968125.0
000802,715438984.375
000803,459787812.5
000807,3467921250.0
000809,824791328.125
000810,1110606171.875
000811,978395703.125
000812,755689531.25
000813,2096760468.75
000815,695262968.75
000816,1439509062.5
000818,658211406.25
000819,366020117.1875
000820,296966894.53125
000821,604650781.25
000822,895092031.25
000823,584996796.875
000825,5696247500.0
000826,1425155156.25
000828,1039517031.25
000829,1024129687.5
000830,1904176250.0
000831,1061220781.25
000833,453701992.1875
000837,1007403437.5
000838,1053765937.5
000839,3919826250.0
000848,1011144062.5
000850,943375390.625
000852,950258906.25
000856,227000000.0
000858,3881513437.5
000859,895925234.375
000860,741767031.25
000862,627967109.375
000863,1163215781.25
000868,939434375.0
000869,455112304.6875
000875,3342379375.0
000876,4500003750.0
000877,7110490000.0
000878,2003620781.25
000880,227026796.875
000881,903732265.625
000882,2735214375.0
000883,6479585625.0
000885,642078203.125
000886,977827734.375
000887,1314370625.0
000888,526913085.9375
000889,869845234.375
000890,419491093.75
000892,710836484.375
000893,811806328.125
000895,3464209375.0
000897,1617240625.0
000898,7957475000.0
000899,975677734.375
000900,1517738281.25
000901,798193437.5
000902,1142783203.125
000903,1920261718.75
000905,741807578.125
000906,701239765.625
000908,879774375.0
000909,437710585.9375
000910,547181015.625
000911,400319804.6875
000912,1568000000.0
000913,520102695.3125
000915,234182402.34375
000917,1417459375.0
000919,621766718.75
000920,472598593.75
000921,918133437.5
000922,704929218.75
000923,627901406.25
000925,671152421.875
000926,1573209218.75
000927,6050350625.0
000928,1434627031.25
000929,185754199.21875
000930,1856348125.0
000931,751029531.25
000932,6852609375.0
000933,2247420156.25
000935,763440312.5
000936,885887265.625
000937,3776733437.5
000938,2860072812.5
000948,389149296.875
000949,1656445000.0
000950,1728184687.5
000951,1168994921.875
000952,343993984.375
000953,366122187.5
000955,538312890.625
000957,592903906.25
000958,5383418750.0
000959,7451607500.0
000960,1645431875.0
000962,503177695.3125
000963,1753013125.0
000965,1109830937.5
000966,3481035000.0
000967,3357668125.0
000968,967502734.375
000969,1041349765.625
000970,1215725781.25
000972,771283593.75
000973,967423203.125
000975,2523237343.75
000977,1466831875.0
000978,468120195.3125
000980,5042500937.5
000981,9513356250.0
000983,5677066250.0
000985,129639501.953125
000987,5013344687.5
000988,1004985625.0
000989,694153828.125
000990,1215236562.5
000993,457951406.25
000995,177408007.8125
000997,1007439375.0
000998,1314410625.0
000999,1662694062.5
001201,201440000.0
001202,116824003.90625
001203,1305974062.5
001205,166484296.875
001206,106864501.953125
001207,292622109.375
001208,318733691.40625
001209,96094599.609375
001210,133419902.34375
001211,93340097.65625
001212,173848691.40625
001213,4444444375.0
001215,96901601.5625
001216,131553203.125
001217,328172304.6875
001218,118061201.171875
001219,190122109.375
001220,22608601.07421875
001221,36008999.0234375
001222,112998701.171875
001223,69834799.8046875
001225,21038798.828125
001226,33926398.92578125
001227,4217500000.0
001228,79864599.609375
001229,73751201.171875
001230,109978798.828125
001231,51122700.1953125
001233,37713100.5859375
001234,91485498.046875
001236,758077812.5
001237,34856000.9765625
001238,145133896.484375
001239,114000000.0
001255,76222202.1484375
001256,106912597.65625
001257,136947998.046875
001258,933323593.75
001259,47544501.953125
001260,115000000.0
001266,58152797.8515625
001267,608556601.5625
001268,67433300.78125
001269,192411992.1875
001270,204803300.78125
001277,45549501.953125
001278,85310898.4375
001279,40000000.0
001280,173727304.6875
001282,152727197.265625
001283,103398896.484375
001285,41496801.7578125
001286,1350000000.0
001287,759900078.125
001288,151916298.828125
001289,5041934062.5
001296,77096699.21875
001298,407419492.1875
001299,282875292.96875
001300,243775898.4375
001301,185744394.53125
001306,15499799.8046875
001308,487236718.75
001309,164914804.6875
001311,177130605.46875
001312,57160297.8515625
001313,699153281.25
001314,124389296.875
001316,150200703.125
001317,85481396.484375
001318,282660000.0
001319,63464599.609375
001322,785612031.25
001323,311248007.8125
001324,138000000.0
001325,19600000.0
001326,24017299.8046875
001328,161716904.296875
001330,1162847265.625
001331,197126992.1875
001332,67204902.34375
001333,128000000.0
001335,25543999.0234375
001336,49323300.78125
001337,420000000.0
001338,501730781.25
001339,124533095.703125
001356,200646796.875
001358,49696499.0234375
001359,46376699.21875
001360,125484404.296875
001365,57505600.5859375
001366,160680000.0
001367,121637001.953125
001368,108211103.515625
001369,201029394.53125
001373,41960498.046875
001376,213752792.96875
001378,84341796.875
001379,67297700.1953125
001380,232732402.34375
001382,63000000.0
001386,107542802.734375
001387,116494599.609375
001388,31200000.0
001389,152212500.0
001390,118779199.21875
001391,1519354062.5
001393,48040200.1953125
001395,52006499.0234375
001396,22207099.609375
001400,46231499.0234375
001696,891385078.125
001872,2302001718.75
001896,1525781406.25
001914,1053716093.75
001965,6795095000.0
001979,8413583750.0
002001,3036861875.0
002003,1022100937.5
002004,1883322500.0
002005,1751974218.75
002006,519793398.4375
002007,1573543125.0
002008,956727265.625
002009,354047617.1875
002010,2757325000.0
002011,1059559296.875
002012,467625507.8125
002014,602694296.875
002015,1623324687.5
002016,809095625.0
002017,580085898.4375
002019,842518281.25
002020,723968437.5
002021,1195437890.625
002022,514277500.0
002023,740860234.375
002024,9192896875.0
002025,453871289.0625
002026,440493906.25
002027,14442200000.0
002028,610653007.8125
002029,665405937.5
002030,1403446093.75
002031,1913620625.0
002032,799484062.5
002033,549480195.3125
002034,514547382.8125
002035,782037734.375
002036,1055467812.5
002037,483883593.75
002038,851911328.125
002039,427556914.0625
002040,486075390.625
002041,880000000.0
002042,1700681406.25
002043,807523437.5
002044,3874227500.0
002045,561724882.8125
002046,530178007.8125
002047,1516158906.25
002048,709802109.375
002049,849514531.25
002050,3684197500.0
002051,1226412031.25
002052,689387187.5
002053,920722968.75
002054,384012304.6875
002055,593990000.0
002056,1625031562.5
002057,753313906.25
002058,143107998.046875
002059,983046093.75
002060,1562814687.5
002061,2599137968.75
002062,1124700937.5
002063,1769162031.25
002064,4951990625.0
002065,2907921562.5
002066,231000000.0
002067,1337603906.25
002068,734979296.875
002069,710216171.875
002072,367531796.875
002073,1014010937.5
002074,1736321093.75
002075,2193821875.0
002076,1042270234.375
002077,580348515.625
002078,2777354375.0
002079,811115781.25
002080,1678123593.75
002081,2644243437.5
002082,567847695.3125
002083,946323203.125
002084,644541289.0625
002085,2123297500.0
002086,1581285156.25
002088,505734414.0625
002090,395036015.625
002091,1598197656.25
002092,2575545468.75
002093,1007500000.0
002094,690453515.625
002095,251708398.4375
002096,1240438671.875
002097,1072629296.875
002098,358000000.0
002099,1615393593.75
002100,1365251562.5
002101,662212187.5
002102,2172808906.25
002103,388135585.9375
002104,599701601.5625
002105,364471015.625
002106,704902500.0
002107,571393984.375
002108,1647498281.25
002109,1276269765.625
002110,2429076250.0
002111,488750898.4375
002112,262079609.375
002114,323390800.78125
002115,752195468.75
002116,460006796.875
002117,523545585.9375
002119,375283984.375
002120,2815130000.0
002121,1399921093.75
002122,1987720000.0
002123,720532031.25
002124,1972168593.75
002125,629511289.0625
002126,794215390.625
002127,1994732343.75
002128,2241573437.5
002129,4039779687.5
002130,1144511718.75
002131,5854798750.0
002132,1399186406.25
002133,769870234.375
002134,247598300.78125
002135,1043872109.375
002136,214455800.78125
002137,396458085.9375
002138,756499765.625
002139,1071089765.625
002140,706961406.25
002141,1032935781.25
002142,6599441875.0
002144,137641699.21875
002145,3806474375.0
002146,3911521250.0
002148,449317617.1875
002149,488139296.875
002150,358545000.0
002151,442815117.1875
002152,2482133750.0
002153,1599763750.0
002154,1179773437.5
002155,1562510937.5
002156,1517452187.5
002157,7787456250.0
002158,533566796.875
002159,138472597.65625
002160,1030729531.25
002161,739609375.0
002162,918494062.5
002163,803548906.25
002164,479775195.3125
002165,727584218.75
002166,738585390.625
002167,758712968.75
002168,784163437.5
002169,758673984.375
002170,787129531.25
002171,1613741406.25
002172,765140703.125
002173,420865000.0
002174,979259062.5
002175,1276780703.125
002176,1703835625.0
002177,674918984.375
002178,711783125.0
002179,2096503750.0
002180,1360287500.0
002181,1134537109.375
002182,865505312.5
002183,2596994062.5
002184,240370390.625
002185,3322681875.0
002186,306801601.5625
002187,700894609.375
002188,257363007.8125
002189,261159902.34375
002190,358729296.875
002191,1402715468.75
002192,259117695.3125
002193,261714003.90625
002194,510878906.25
002195,5615833125.0
002196,488410390.625
002197,534000000.0
002198,507480195.3125
002199,230932109.375
002200,195725996.09375
002201,602023203.125
002202,3363505000.0
002203,2212141250.0
002204,1931370000.0
002205,185843203.125
002206,1056971015.625
002207,260811894.53125
002208,803072265.625
002209,156446796.875
002210,2655267812.5
002211,432475781.25
002212,1166843906.25
002213,206635996.09375
002214,478416601.5625
002215,808215234.375
002216,630502382.8125
002217,7279322500.0
002218,1387677812.5
002219,3271871562.5
002221,1460889843.75
002222,468151718.75
002223,942293281.25
002224,806380390.625
002225,948622109.375
002226,2648918125.0
002227,245936796.875
002228,1209321718.75
002229,493156210.9375
002230,2189292656.25
002232,408548398.4375
002233,1173272812.5
002234,301408593.75
002235,553578281.25
002236,2391127031.25
002237,1192356015.625
002238,802559062.5
002239,2682365625.0
002240,912908828.125
002241,3143205937.5
002242,761685703.125
002243,1204142265.625
002244,2757549375.0
002245,1606599687.5
002246,549034804.6875
002247,643540703.125
002248,307495605.46875
002249,1861935468.75
002250,894975781.25
002251,2152472187.5
002252,6587962500.0
002253,209949003.90625
002254,850567812.5
002255,637972187.5
002256,2014346875.0
002258,799148515.625
002259,752328281.25
002261,1146105468.75
002262,883776328.125
002263,1878345156.25
002264,654782812.5
002265,1033040390.625
002266,4842585312.5
002267,1112075468.75
002268,845254531.25
002269,2343729062.5
002270,896211093.75
002271,1914491875.0
002272,408133085.9375
002273,1362078437.5
002274,937849062.5
002275,557103007.8125
002276,1007090625.0
002277,1394172812.5
002278,332752890.625
002279,795499296.875
002281,780498437.5
002282,505004687.5
002283,1002826562.5
002284,730889531.25
002285,1975238437.5
002286,369689609.375
002287,570945390.625
002289,274431191.40625
002290,247196093.75
002291,869125234.375
002292,1017868437.5
002293,826989531.25
002294,1114565703.125
002295,250426992.1875
002296,347324492.1875
002297,573104804.6875
002298,660757031.25
002299,1218937734.375
002300,722295000.0
002301,717990234.375
002302,1262354296.875
002303,1067307578.125
002304,1506409531.25
002305,1734103281.25
002306,812688515.625
002307,1268291562.5
002309,2406132343.75
002310,4399009375.0
002311,1644153437.5
002312,1883819218.75
002313,374373710.9375
002314,1338324062.5
002315,262913300.78125
002316,340735000.0
002317,761617421.875
002318,954688828.125
002319,209472500.0
002320,2235797968.75
002321,2123866093.75
002322,351399687.5
002323,2120490937.5
002324,776275937.5
002326,808159062.5
002327,490983398.4375
002328,570791210.9375
002329,651592890.625
002330,635149218.75
002331,403433007.8125
002332,984573828.125
002333,666509531.25
002334,735012109.375
002335,659734687.5
002337,587996484.375
002338,240000000.0
002339,478720507.8125
002340,5075981875.0
002342,954690000.0
002343,473680312.5
002344,1281270078.125
002345,867229375.0
002346,392113515.625
002347,493382890.625
002348,903532968.75
002349,814180937.5
002350,530550117.1875
002351,521056796.875
002352,4770011875.0
002353,691038593.75
002354,1625693750.0
002355,618166601.5625
002356,1311247031.25
002357,313477792.96875
002358,929755703.125
002360,325519707.03125
002361,809018984.375
002362,207593906.25
002363,415758203.125
002364,558103789.0625
002365,245288496.09375
002366,1850356875.0
002367,794575703.125
002368,620217890.625
002369,566203515.625
002370,745667500.0
002371,724253281.25
002372,1470857812.5
002373,1377587187.5
002374,1085209296.875
002375,1325393750.0
002376,787133437.5
002377,872422734.375
002378,1195121406.25
002379,1136373828.125
002380,142204003.90625
002381,320396699.21875
002382,997792265.625
002383,740360312.5
002384,1386321718.75
002385,3463597500.0
002386,1301404531.25
002387,1394996406.25
002388,506128398.4375
002389,984761171.875
002390,1927790625.0
002391,454167617.1875
002392,1157546562.5
002393,300217402.34375
002394,323121308.59375
002395,268185800.78125
002396,757415078.125
002397,647848085.9375
002398,609499687.5
002399,1247201718.75
002400,1726164687.5
002401,371349492.1875
002402,818478593.75
002403,297161406.25
002404,455543398.4375
002405,2355757968.75
002406,602212890.625
002407,1078767265.625
002408,2751096875.0
002409,318522792.96875
002410,1570118437.5
002412,497845000.0
002413,1295430468.75
002414,3398612500.0
002415,9046401875.0
002416,1223904296.875
002418,1136397031.25
002419,1168700468.75
002420,404707109.375
002421,2003377187.5
002422,1298612265.625
002423,2304105625.0
002424,1213214531.25
002425,920185937.5
002426,3402600000.0
002427,984517968.75
002428,653035585.9375
002429,4524332500.0
002430,977937500.0
002431,1802404687.5
002432,465272304.6875
002434,1311320312.5
002436,1517930468.75
002437,2100153906.25
002438,468880703.125
002439,728599218.75
002440,946359531.25
002441,398554101.5625
002442,492662890.625
002443,519058007.8125
002444,1146729062.5
002445,2366305937.5
002446,847777265.625
002448,580509492.1875
002449,618477187.5
002451,439148984.375
002452,515246289.0625
002453,602650390.625
002454,877353906.25
002455,660812031.25
002456,3317615000.0
002457,333270390.625
002458,966385468.75
002459,3305778750.0
002460,1211217968.75
002461,2213328437.5
002462,291470390.625
002463,1922810468.75
002465,2477887031.25
002466,1475724062.5
002467,1366808750.0
002468,1464106250.0
002469,628402890.625
002470,3285735937.5
002471,1342398750.0
002472,748505625.0
002474,528832109.375
002475,7269273125.0
002476,612000000.0
002478,722723906.25
002479,863072812.5
002480,767629765.625
002481,1117965078.125
002482,3743709687.5
002483,885250781.25
002484,820472265.625
002485,544000000.0
002486,820437968.75
002487,630920312.5
002488,920083984.375
002489,1913021406.25
002490,541721992.1875
002491,1176468906.25
002492,397834687.5
002493,9338067500.0
002494,286770390.625
002495,693918203.125
002496,1181248515.625
002497,1059587578.125
002498,3326795937.5
002500,3589771562.5
002501,3546469062.5
002506,5844437500.0
002507,1147313203.125
002508,933551796.875
002510,1004847031.25
002511,1265015625.0
002512,1094451796.875
002513,289041308.59375
002514,554032617.1875
002515,1101848906.25
002516,1457428750.0
002517,1889086718.75
002518,565136406.25
002519,1117604531.25
002520,717440234.375
002521,419173593.75
002522,905019765.625
002523,1411542656.25
002524,510748593.75
002526,1771084375.0
002527,528888593.75
002528,1050216562.5
002529,260000000.0
002530,695123437.5
002531,1786785312.5
002532,4106857500.0
002533,637645390.625
002534,825362734.375
002535,746298515.625
002536,544401093.75
002537,1170717734.375
002538,852996328.125
002539,889793593.75
002540,858201171.875
002541,496171796.875
002542,1758771250.0
002543,661618125.0
002544,680468437.5
002545,1130163671.875
002546,801232109.375
002547,1104807187.5
002548,804471484.375
002549,692359531.25
002550,941240234.375
002551,611182304.6875
002552,368503281.25
002553,256209609.375
002554,1333470937.5
002555,1587358906.25
002556,945519765.625
002557,504773515.625
002558,1900562031.25
002559,504005000.0
002560,633348085.9375
002561,414439609.375
002562,813519296.875
002563,2207092812.5
002564,858904531.25
002565,1059955234.375
002566,231790507.8125
002567,1431666406.25
002568,763081328.125
002569,140010000.0
002570,1051467500.0
002571,298306191.40625
002572,651463593.75
002573,1413003125.0
002574,528000000.0
002575,584325507.8125
002576,162027597.65625
002577,280673007.8125
002578,861162578.125
002579,583411914.0625
002580,451997890.625
002581,400791210.9375
002582,344239609.375
002583,1282720937.5
002584,468426484.375
002585,886756718.75
002586,1087517968.75
002587,532712695.3125
002588,858582968.75
002589,1365591562.5
002590,494956914.0625
002591,223512500.0
002592,262716406.25
002593,560504296.875
002594,3486613437.5
002595,1151978593.75
002596,1146525234.375
002597,567246796.875
002598,286529492.1875
002599,397964609.375
002600,7199705000.0
002601,1987602812.5
002602,6796827500.0
002603,1376533906.25
002605,338218398.4375
002606,421142109.375
002607,5543440000.0
002608,3778079687.5
002609,458859882.8125
002611,1001903203.125
002612,254459199.21875
002613,773672031.25
002614,441265898.4375
002615,302122597.65625
002616,587480312.5
002617,1877621875.0
002620,316071992.1875
002622,839975234.375
002623,192636093.75
002624,1827732968.75
002625,2154580781.25
002626,609860898.4375
002627,717080781.25
002628,753784765.625
002629,362253984.375
002630,1076538828.125
002631,793572265.625
002632,574425703.125
002633,149468398.4375
002634,442235195.3125
002635,395533085.9375
002636,724315390.625
002637,464974609.375
002638,1352682187.5
002639,659633671.875
002640,1548262031.25
002641,1133994687.5
002642,661580312.5
002643,902215000.0
002644,510656992.1875
002645,680213515.625
002646,475842500.0
002647,1015291562.5
002648,3366482500.0
002649,536365117.1875
002650,1107046328.125
002651,565463593.75
002652,512063984.375
002653,536786093.75
002654,845242578.125
002655,363782890.625
002656,686638437.5
002657,336127382.8125
002658,358561484.375
002659,598277617.1875
002660,342986718.75
002661,317708808.59375
002662,1499981093.75
002663,1707116250.0
002664,402576093.75
002666,500667890.625
002667,236610996.09375
002668,1084111406.25
002669,302717792.96875
002670,1623350625.0
002671,551694101.5625
002672,905118281.25
002673,4469581562.5
002674,292563691.40625
002675,743383984.375
002676,719976484.375
002677,551509804.6875
002678,1357574375.0
002679,235755996.09375
002681,1569264843.75
002682,562368593.75
002683,666559062.5
002685,1007555468.75
002686,522728906.25
002687,413393593.75
002688,747463593.75
002689,1042911562.5
002690,433746992.1875
002691,335979414.0625
002692,717734062.5
002693,410981601.5625
002694,718797500.0
002695,511455117.1875
002696,334258906.25
002697,1145340234.375
002698,840238906.25
002700,409364101.5625
002701,2557403437.5
002702,458743789.0625
002703,586048085.9375
002705,807630937.5
002706,914381171.875
002707,864987890.625
002708,516656601.5625
002709,1509011093.75
002712,540900312.5
002713,526500781.25
002714,3800191250.0
002715,138000000.0
002716,2324854218.75
002717,1718553906.25
002718,93980800.78125
002719,161872304.6875
002721,2659378750.0
002722,222356992.1875
002723,317049804.6875
002724,567775117.1875
002725,214359296.875
002726,1078373593.75
002727,392915390.625
002728,501308906.25
002729,175461093.75
002730,346029882.8125
002731,229656406.25
002732,156566201.171875
002733,368862812.5
002734,434345781.25
002735,285059296.875
002736,9612429375.0
002737,583999687.5
002738,711227968.75
002739,2099912500.0
002741,426358203.125
002742,523960117.1875
002743,434571015.625
002745,1064088984.375
002746,709676328.125
002747,782405234.375
002748,240000000.0
002749,544319101.5625
002752,975526796.875
002753,242813496.09375
002755,928150468.75
002756,387077890.625
002757,282053203.125
002758,518247812.5
002759,500941796.875
002760,107988701.171875
002761,1081788906.25
002762,211378398.4375
002763,303614199.21875
002765,595860195.3125
002766,856798125.0
002767,130214404.296875
002768,258587207.03125
002769,373010195.3125
002771,174514609.375
002772,371636601.5625
002773,686773281.25
002774,281768203.125
002775,571769882.8125
002777,404511484.375
002778,123428701.171875
002779,165808300.78125
002780,130651796.875
002782,486576210.9375
002783,461116601.5625
002785,193495000.0
002786,494111992.1875
002787,248083203.125
002788,381826601.5625
002789,156472998.046875
002790,260697500.0
002791,217704609.375
002792,337824492.1875
002793,1085933593.75
002795,434428906.25
002796,227708203.125
002797,4202400000.0
002798,479421992.1875
002799,320034394.53125
002800,147842900.390625
002801,115802695.3125
002802,149683203.125
002803,297564199.21875
002805,278815292.96875
002806,174105097.65625
002807,2703529062.5
002808,186861093.75
002809,169970292.96875
002810,323595292.96875
002811,282586992.1875
002812,822657031.25
002813,119856103.515625
002815,777142031.25
002816,100000000.0
002817,290039296.875
002818,298334902.34375
002819,236599003.90625
002820,200868300.78125
002821,317043906.25
002822,1068946484.375
002823,218888691.40625
002824,226176093.75
002825,256627109.375
002826,184729296.875
002827,275998691.40625
002828,200987597.65625
002829,146052500.0
002830,92834501.953125
002831,714222031.25
002832,389418281.25
002833,288229199.21875
002835,127287099.609375
002836,230400000.0
002837,1130458125.0
002838,420631718.75
002839,2442020000.0
002840,796627578.125
002841,519400703.125
002842,268462402.34375
002843,250196601.5625
002845,250234394.53125
002846,260155507.8125
002847,243840703.125
002848,164925000.0
002849,218846601.5625
002850,209404394.53125
002851,458075898.4375
002852,285800996.09375
002853,128704804.6875
002855,246227207.03125
002856,123904404.296875
002857,128585097.65625
002858,147412402.34375
002859,405899414.0625
002860,343972695.3125
002861,150168203.125
002862,126247900.390625
002863,599483593.75
002864,73685200.1953125
002865,228815195.3125
002866,181212500.0
002867,1079096796.875
002868,107002500.0
002869,157517197.265625
002870,128961601.5625
002871,149266601.5625
002872,214918105.46875
002873,239690507.8125
002875,182438007.8125
002876,148941601.5625
002877,240514609.375
002878,235898300.78125
002879,137124003.90625
002880,226800000.0
002881,181928007.8125
002882,246782597.65625
002883,153315996.09375
002884,273072500.0
002885,237255800.78125
002886,209078203.125
002887,217231308.59375
002888,74922998.046875
002889,251245800.78125
002890,161476699.21875
002891,321897792.96875
002892,501123906.25
002893,202778593.75
002895,599558710.9375
002896,196522695.3125
002897,182441699.21875
002898,101262500.0
002899,147797001.953125
002900,161122402.34375
002901,288412207.03125
002902,177632109.375
002903,106665595.703125
002905,349440000.0
002906,524612617.1875
002907,335816718.75
002908,321834609.375
002909,380396796.875
002910,171061992.1875
002911,1267037968.75
002912,162221699.21875
002913,301685195.3125
002915,288074902.34375
002916,664809531.25
002917,260544707.03125
002918,214205000.0
002919,264208203.125
002920,596621796.875
002921,128443095.703125
002922,377000000.0
002923,258084804.6875
002925,731048125.0
002926,2625000000.0
002927,220710703.125
002928,1278235078.125
002929,214389902.34375
002930,433339296.875
002931,201253496.09375
002932,156095000.0
002933,116743701.171875
002935,415090898.4375
002936,7029295625.0
002937,310346308.59375
002938,2309382656.25
002939,3602659687.5
002940,185274804.6875
002941,729751171.875
002942,138758095.703125
002943,188852207.03125
002945,2700000000.0
002946,850706015.625
002947,192633496.09375
002948,3522194687.5
002949,151886103.515625
002950,429621289.0625
002951,401124414.0625
002952,131645000.0
002953,271311308.59375
002955,195646894.53125
002956,312510800.78125
002957,418678710.9375
002958,5439490625.0
002959,150518496.09375
002960,968220937.5
002961,476931210.9375
002962,209184003.90625
002963,122994101.5625
002965,190415703.125
002966,4395480625.0
002967,547226718.75
002968,213011503.90625
002969,1092288984.375
002970,126386503.90625
002971,156401298.828125
002972,134646298.828125
002973,317653105.46875
002975,137354003.90625
002976,93637998.046875
002977,66647202.1484375
002978,369279609.375
002979,221760000.0
002980,101287001.953125
002981,119417001.953125
002982,130091298.828125
002983,128157500.0
002984,713907421.875
002985,330939492.1875
002986,301837402.34375
002987,1012173515.625
002988,249804199.21875
002989,183337695.3125
002990,138018603.515625
002991,49933701.171875
002992,156235097.65625
002993,238446894.53125
002995,121693603.515625
002996,416308515.625
002997,209321308.59375
002998,270490195.3125
002999,343543906.25
003000,308060292.96875
003001,107694697.265625
003002,182847304.6875
003003,117796298.828125
003004,68742202.1484375
003005,126978203.125
003006,428573007.8125
003007,72587700.1953125
003008,77723198.2421875
003009,164687304.6875
003010,226142207.03125
003011,76845097.65625
003012,1134513828.125
003013,399947109.375
003015,247325292.96875
003016,410882890.625
003017,69287998.046875
003018,237387500.0
003019,171045097.65625
003020,168548300.78125
003021,207385800.78125
003022,1334431875.0
003023,105120302.734375
003025,226415898.4375
003026,144560898.4375
003027,104860996.09375
003028,70538198.2421875
003029,176099003.90625
003030,80958901.3671875
003031,340156718.75
003032,284481601.5625
003033,80743598.6328125
003035,3787878750.0
003036,216285800.78125
003037,599074687.5
003038,163971992.1875
003039,617518710.9375
003040,456850312.5
003041,136823398.4375
003042,123300996.09375
003043,83839003.90625
003816,39335170000.0
300001,1026828515.625
300002,1846792812.5
300003,1578912031.25
300004,479993593.75
300005,876549375.0
300006,1055820937.5
300007,282946308.59375
300008,1647290000.0
300009,1230247265.625
300010,1663331718.75
300011,507256015.625
300012,1431242187.5
300013,446048515.625
300014,2112485468.75
300015,7955358125.0
300016,562163789.0625
300017,2341439062.5
300018,364044492.1875
300019,368609882.8125
300020,766583515.625
300021,873389062.5
300022,494225781.25
300024,1565189687.5
300025,506653515.625
300026,3001325312.5
300027,2485061875.0
300029,200360292.96875
300030,272227597.65625
300031,351901914.0625
300032,803169609.375
300033,438410898.4375
300034,767056718.75
300035,583351210.9375
300036,445052695.3125
300037,540817304.6875
300039,916926328.125
300040,517376093.75
300041,544087109.375
300042,200381503.90625
300043,1243533515.625
300044,715378203.125
300045,516313203.125
300046,236531406.25
300047,573911406.25
300048,1130231562.5
300049,233590195.3125
300050,544514296.875
300051,367415585.9375
300052,261851191.40625
300053,650818906.25
300054,742939687.5
300055,632849296.875
300056,385198085.9375
300057,830976015.625
300058,3477930312.5
300059,13353296250.0
300061,622169687.5
300062,458358203.125
300063,626516992.1875
300065,656657265.625
300066,998099296.875
300067,937263671.875
300068,853681562.5
300069,117000000.0
300070,3434767812.5
300071,945350937.5
300072,2331361250.0
300073,505971289.0625
300074,549838906.25
300075,515438515.625
300076,424000000.0
300077,566327382.8125
300078,1113367109.375
300079,1281479687.5
300080,1870830781.25
300081,604681289.0625
300082,678179609.375
300083,1492122187.5
300084,356683281.25
300085,652012890.625
300086,440674492.1875
300087,902295937.5
300088,2485502343.75
300091,1635421875.0
300092,209866308.59375
300093,230977792.96875
300094,1105517421.875
300095,317670195.3125
300096,429999492.1875
300097,270008496.09375
300098,1541743125.0
300099,581318203.125
300100,551156015.625
300101,565978984.375
300102,915923828.125
300103,317337304.6875
300105,515472890.625
300106,211332304.6875
300107,347383203.125
300109,447255585.9375
300110,1181177578.125
300111,1287210703.125
300112,237593398.4375
300113,509020312.5
300115,1357316718.75
300118,926819609.375
300119,333623515.625
300120,527446992.1875
300121,429361796.875
300122,1414305625.0
300123,994020390.625
300124,2410314687.5
300125,360810390.625
300126,210650195.3125
300127,230816093.75
300128,1297465234.375
300129,718710234.375
300130,434161406.25
300131,1042267500.0
300132,508081289.0625
300133,1676400625.0
300134,767497968.75
300135,921600000.0
300136,822702734.375
300137,530034101.5625
300138,398313281.25
300139,233659199.21875
300140,1020121328.125
300141,254618808.59375
300142,1560502812.5
300143,833634921.875
300144,2597389531.25
300145,1910828750.0
300146,1120684687.5
300147,657366875.0
300148,814114921.875
300149,474563515.625
300150,463663203.125
300151,368656914.0625
300152,712772812.5
300153,318330097.65625
300154,315154492.1875
300155,329443203.125
300157,707824609.375
300158,991493437.5
300159,1842347187.5
300160,762159531.25
300161,194994296.875
300162,342161796.875
300163,456596289.0625
300164,583210781.25
300165,420534687.5
300166,905759062.5
300167,354085000.0
300168,1439182500.0
300169,301735800.78125
300170,993778437.5
300171,562657304.6875
300172,522935703.125
300173,734725703.125
300174,362194609.375
300175,470800000.0
300176,387280781.25
300177,606303203.125
300179,373981914.0625
300180,1712669218.75
300181,602910898.4375
300182,2259367031.25
300183,371028984.375
300184,1052030781.25
300185,3846044687.5
300187,641876718.75
300188,855508593.75
300189,886250390.625
300190,944241562.5
300191,221195000.0
300192,324637695.3125
300193,419375898.4375
300194,968344218.75
300195,313865000.0
300196,246926093.75
300197,2965223125.0
300198,1026216484.375
300199,745167421.875
300200,423880000.0
300201,1003653203.125
300203,448351015.625
300204,453546992.1875
300205,430056015.625
300206,338379609.375
300207,1713836250.0
300209,734559765.625
300210,484220000.0
300211,298481796.875
300212,698511718.75
300213,552221914.0625
300214,464902617.1875
300215,749094218.75
300217,1226951484.375
300218,216276406.25
300219,706640781.25
300220,151019296.875
300221,457164101.5625
300222,633803515.625
300223,421694218.75
300224,927273671.875
300225,472045898.4375
300226,367696914.0625
300227,433067695.3125
300228,558904101.5625
300229,873019375.0
300230,629822500.0
300231,444274101.5625
300232,885642109.375
300233,369815195.3125
300234,343986992.1875
300235,203132792.96875
300236,278550097.65625
300237,1441901406.25
300238,265134101.5625
300239,589776992.1875
300240,363352695.3125
300241,599074804.6875
300242,634554882.8125
300243,223648808.59375
300244,501459101.5625
300245,304378593.75
300246,211326992.1875
300247,803020312.5
300248,409042500.0
300249,374109609.375
300250,157354902.34375
300251,2775366875.0
300252,558778593.75
300253,1854619062.5
300254,225931699.21875
300255,917623437.5
300256,2243393437.5
300257,954690234.375
300258,569891484.375
300259,1154776484.375
300260,287636992.1875
300261,942830468.75
300263,975527890.625
300264,370386406.25
300265,467300195.3125
300266,1553041093.75
300267,1422371562.5
300268,133707500.0
300269,525678007.8125
300270,260930292.96875
300271,794365468.75
300272,464446992.1875
300274,1587528125.0
300275,271461406.25
300276,1057124062.5
300277,767682187.5
300278,1409445156.25
300279,486944218.75
300281,397325898.4375
300283,367218515.625
300284,1177783828.125
300285,837230234.375
300286,207775097.65625
300287,1318295625.0
300288,256569394.53125
300289,543156484.375
300290,639542500.0
300291,929864921.875
300292,1115944765.625
300293,338438085.9375
300294,504248789.0625
300295,167554296.875
300296,2274527031.25
300298,447491484.375
300299,689222968.75
300300,666804609.375
300301,789799375.0
300302,368813906.25
300303,1328646718.75
300304,854515468.75
300305,321475898.4375
300306,157602500.0
300307,786899531.25
300308,1109939765.625
300310,691372734.375
300311,537409101.5625
300313,197352792.96875
300314,143741396.484375
300315,2541480000.0
300316,1231555468.75
300317,828913437.5
300318,792419062.5
300319,851270234.375
300320,485329609.375
300321,88695898.4375
300322,440430781.25
300323,1187693984.375
300324,1709990781.25
300326,716717734.375
300327,338854218.75
300328,687042500.0
300329,252140390.625
300331,222130800.78125
300332,812465078.125
300333,334780117.1875
300334,302029804.6875
300335,384159296.875
300337,711411093.75
300338,349936796.875
300339,777686562.5
300340,273463105.46875
300341,515368593.75
300342,418798906.25
300343,1066219375.0
300345,479347304.6875
300346,655990078.125
300347,566474882.8125
300348,713078906.25
300349,369719609.375
300350,471565390.625
300351,263415605.46875
300352,1276126562.5
300353,540061289.0625
300354,81308999.0234375
300355,1569756250.0
300357,483914218.75
300358,701300390.625
300359,633301718.75
300360,500276601.5625
300363,495554296.875
300364,660425468.75
300365,511724609.375
300366,530502500.0
300368,528943515.625
300369,807702890.625
300370,1561470156.25
300371,139995703.125
300373,542138398.4375
300374,245883398.4375
300375,528247695.3125
300376,2327434843.75
300377,690922109.375
300378,269510292.96875
300380,127365498.046875
300381,478453203.125
300382,648338203.125
300383,1794308593.75
300384,220113496.09375
300385,290662597.65625
300386,250757695.3125
300387,288956601.5625
300388,681042265.625
300389,219437402.34375
300390,672267578.125
300393,955892968.75
300394,1088387968.75
300395,512543515.625
300396,272263203.125
300397,404619609.375
300398,563850195.3125
300399,197580703.125
300400,241814003.90625
300401,534901093.75
300402,243618496.09375
300403,427058906.25
300404,285515605.46875
300405,218823398.4375
300406,424322382.8125
300407,258921308.59375
300408,1869803906.25
300409,687492578.125
300410,367114804.6875
300411,309115507.8125
300412,467861601.5625
300413,1021699921.875
300414,313539804.6875
300415,453092109.375
300416,504954218.75
300417,83590400.390625
300418,1175323984.375
300419,367753789.0625
300420,1116274531.25
300421,230302792.96875
300422,516688007.8125
300423,333189609.375
300424,245290605.46875
300425,680738437.5
300426,400000000.0
300427,503004882.8125
300428,596761210.9375
300429,401481093.75
300430,259850507.8125
300432,1690697500.0
300433,4969700000.0
300434,342115117.1875
300435,368814218.75
300436,136722001.953125
300437,173750605.46875
300438,404164218.75
300439,292332109.375
300440,437821601.5625
300441,625934101.5625
300442,1638452343.75
300443,242774003.90625
300444,627441718.75
300445,140552001.953125
300446,373560195.3125
300447,201452792.96875
300448,642567109.375
300449,386036015.625
300450,1559414375.0
300451,1526693750.0
300452,198632207.03125
300453,359859687.5
300454,288002890.625
300455,708622421.875
300456,597448906.25
300457,634846289.0625
300458,814207734.375
300459,3287191562.5
300460,280804296.875
300461,143703300.78125
300462,138034003.90625
300463,491494218.75
300464,355142695.3125
300465,443749414.0625
300466,448872109.375
300467,170221796.875
300468,529789609.375
300469,248113808.59375
300470,197144296.875
300471,366551992.1875
300472,245945292.96875
300473,150525000.0
300474,406474101.5625
300475,450035781.25
300476,865194921.875
300477,991012968.75
300478,126672998.046875
300479,196928398.4375
300480,270161894.53125
300481,290075605.46875
300482,430073710.9375
300483,384837695.3125
300484,166352597.65625
300485,273817207.03125
300486,477005507.8125
300487,308019003.90625
300488,162253398.4375
300489,138648300.78125
300490,393252617.1875
300491,157985400.390625
300492,196681093.75
300493,506611289.0625
300494,398348085.9375
300496,369566914.0625
300497,452540195.3125
300498,5947764375.0
300499,271408398.4375
300500,167597890.625
300501,142674599.609375
300502,1254243125.0
300503,240975097.65625
300504,218251503.90625
300505,217361191.40625
300506,734696484.375
300507,774991562.5
300508,81993496.09375
300509,247103496.09375
300510,824690703.125
300511,546003007.8125
300512,323907207.03125
300513,287224296.875
300514,160258300.78125
300515,201757792.96875
300516,252000000.0
300517,126244101.5625
300518,199372500.0
300519,114100000.0
300520,282219199.21875
300521,147855000.0
300522,263105605.46875
300523,232358496.09375
300525,623345781.25
300527,1016770390.625
300528,372608007.8125
300529,512482187.5
300530,171951308.59375
300531,311608300.78125
300532,604721484.375
300533,230963105.46875
300534,302051503.90625
300535,81161000.9765625
300536,293266894.53125
300537,151840000.0
300538,120985195.3125
300539,217888203.125
300540,206727207.03125
300541,388018085.9375
300542,247581992.1875
300543,250198808.59375
300545,119558896.484375
300546,134930996.09375
300547,178223593.75
300548,272362109.375
300549,101054199.21875
300550,262300605.46875
300551,339072890.625
300552,135088095.703125
300553,84895400.390625
300554,79094902.34375
300555,197984902.34375
300556,108506503.90625
300557,155203896.484375
300558,419392695.3125
300559,311136796.875
300560,186964804.6875
300561,241057597.65625
300562,162956503.90625
300563,128145800.78125
300564,113191699.21875
300565,228205097.65625
300566,226680390.625
300567,227048906.25
300568,1208562031.25
300569,1019647968.75
300570,192192792.96875
300571,115637197.265625
300572,181277890.625
300573,274402695.3125
300575,342708203.125
300576,253396699.21875
300577,142164804.6875
300578,198216093.75
300579,260473300.78125
300580,472592500.0
300581,550109492.1875
300582,221564609.375
300583,186148906.25
300584,82109902.34375
300585,171111093.75
300586,534596484.375
300587,1052612500.0
300588,176821992.1875
300589,234428593.75
300590,357814609.375
300591,350444804.6875
300592,348868984.375
300593,448304218.75
300594,90992900.390625
300595,668494765.625
300596,224687792.96875
300597,271372207.03125
300598,216920996.09375
300599,316733906.25
300600,294234492.1875
300601,900374531.25
300602,395403906.25
300603,373931210.9375
300604,489471406.25
300605,126382597.65625
300606,117674501.953125
300607,337499414.0625
300608,304366093.75
300609,119929199.21875
300610,165577597.65625
300611,148302998.046875
300612,182010996.09375
300613,219601308.59375
300614,160440703.125
300615,153087304.6875
300616,155216201.171875
300617,138923701.171875
300618,272496699.21875
300619,146486503.90625
300620,247103203.125
300621,202529003.90625
300622,218081601.5625
300623,767356875.0
300624,171233203.125
300625,161971796.875
300626,179901503.90625
300627,653744101.5625
300628,725853906.25
300629,216788593.75
300631,121605097.65625
300632,221195605.46875
300633,260116308.59375
300634,434273515.625
300635,120414199.21875
300636,367357695.3125
300637,234487890.625
300638,530448710.9375
300639,635164414.0625
300640,220749101.5625
300641,525544804.6875
300642,137707001.953125
300643,230725996.09375
300644,88606601.5625
300645,139320400.390625
300647,456642109.375
300648,132686904.296875
300649,106114003.90625
300650,170345292.96875
300651,103377304.6875
300652,119717900.390625
300653,180000000.0
300654,352636289.0625
300655,1120233984.375
300656,132897900.390625
300657,468503906.25
300658,220843906.25
300659,189238808.59375
300660,580927890.625
300661,599029296.875
300662,196235195.3125
300663,459657109.375
300664,725179921.875
300665,218010996.09375
300666,221115800.78125
300667,172630507.8125
300668,99693896.484375
300669,182499902.34375
300670,224694199.21875
300671,220743300.78125
300672,210337695.3125
300673,160461298.828125
300674,703012031.25
300675,146666699.21875
300676,416035898.4375
300677,465613203.125
300678,291197207.03125
300679,359441289.0625
300680,226365605.46875
300681,230794804.6875
300682,1031324296.875
300683,122064003.90625
300684,204303007.8125
300685,389571601.5625
300686,258907792.96875
300687,326910800.78125
300688,148378496.09375
300689,101182197.265625
300690,110852802.734375
300691,220738105.46875
300692,513101992.1875
300693,268853007.8125
300694,216783906.25
300695,102256904.296875
300696,267093691.40625
300697,331240000.0
300698,118545898.4375
300699,821410937.5
300700,270610390.625
300701,249121796.875
300702,210410000.0
300703,166272500.0
300705,368888007.8125
300706,113830498.046875
300707,145804199.21875
300708,710014218.75
300709,149277001.953125
300710,74580000.0
300711,248426796.875
300712,186739609.375
300713,86375595.703125
300715,312958691.40625
300716,160020000.0
300717,101853398.4375
300718,196657304.6875
300719,179595097.65625
300720,171487597.65625
300721,138351699.21875
300722,276756503.90625
300723,419188789.0625
300724,287714492.1875
300725,202713398.4375
300726,214438398.4375
300727,162109003.90625
300729,328917812.5
300730,206755390.625
300731,168250898.4375
300732,370149609.375
300733,292419902.34375
300735,757416875.0
300736,124707500.0
300737,886892578.125
300738,984880468.75
300739,343158203.125
300740,361302695.3125
300741,615876601.5625
300743,127410898.4375
300745,142311503.90625
300746,223545390.625
300747,509273593.75
300748,1130031718.75
300749,157395595.703125
300750,4257012187.5
300751,192849199.21875
300752,223171992.1875
300753,87894003.90625
300755,416580898.4375
300756,191995996.09375
300757,162566796.875
300758,359741914.0625
300759,1420032031.25
300760,1211424062.5
300761,637080390.625
300762,627965781.25
300763,321594492.1875
300765,1404592968.75
300766,357932890.625
300767,239891796.875
300768,420667695.3125
300769,251757500.0
300770,227838593.75
300771,178573105.46875
300772,697875468.75
300773,734557890.625
300774,194880390.625
300775,531641015.625
300776,179312304.6875
300777,422386289.0625
300778,203605292.96875
300779,226681699.21875
300780,107533095.703125
300781,121137500.0
300782,448247500.0
300783,280282402.34375
300784,16815000.0
300785,122334296.875
300786,146394199.21875
300787,196532695.3125
300788,190151503.90625
300789,85334902.34375
300790,459373906.25
300791,257030195.3125
300792,212533691.40625
300793,372087187.5
300795,173985195.3125
300796,361142890.625
300797,378491914.0625
300798,405703593.75
300800,234306503.90625
300801,136879404.296875
300802,194716796.875
300803,605339218.75
300804,27500000.0
300805,288351308.59375
300806,316413906.25
300807,51940000.0
300808,118899599.609375
300809,150569501.953125
300810,114004501.953125
300811,332785507.8125
300812,177939707.03125
300813,76051098.6328125
300814,191430097.65625
300815,390380312.5
300816,58365297.8515625
300817,125261298.828125
300818,142129296.875
300819,134762197.265625
300820,111779599.609375
300821,1199790781.25
300822,288981992.1875
300823,84789404.296875
300824,316495292.96875
300825,484487890.625
300826,219544296.875
300827,387030000.0
300828,84369296.875
300829,156743398.4375
300830,337084804.6875
300831,184484199.21875
300832,683122265.625
300833,81253701.171875
300834,192426796.875
300835,83144199.21875
300836,63452202.1484375
300837,75593100.5859375
300838,101742597.65625
300839,289689101.5625
300840,177085097.65625
300841,118918095.703125
300842,129121396.484375
300843,160503095.703125
300844,89850898.4375
300845,143781904.296875
300846,416182109.375
300847,296010000.0
300848,253122500.0
300849,110269902.34375
300850,300785195.3125
300851,49339399.4140625
300852,154956298.828125
300853,98314003.90625
300854,113952304.6875
300855,292956093.75
300856,459735585.9375
300857,486860000.0
300858,195740195.3125
300859,155000000.0
300860,109416904.296875
300861,421864882.8125
300862,151470996.09375
300863,251120292.96875
300864,157910703.125
300865,57482202.1484375
300866,307583105.46875
300867,191627792.96875
300868,80763500.9765625
300869,264138691.40625
300870,152626298.828125
300871,201784394.53125
300872,422041718.75
300873,167511699.21875
300875,87791699.21875
300876,113402802.734375
300877,119998896.484375
300878,144124003.90625
300879,201028496.09375
300880,195116503.90625
300881,57406298.828125
300882,266326992.1875
300883,330674609.375
300884,191409902.34375
300885,167017792.96875
300886,47249399.4140625
300887,362197187.5
300888,579719804.6875
300889,146367001.953125
300890,109298603.515625
300891,333474218.75
300892,64562500.0
300893,250865000.0
300894,294071308.59375
300895,138172304.6875
300896,204451308.59375
300897,122256103.515625
300898,114730097.65625
300899,40936101.07421875
300900,256785000.0
300901,240000000.0
300902,124795400.390625
300903,328395195.3125
300904,21818601.07421875
300905,139646201.171875
300906,72189501.953125
300907,96000000.0
300908,123403496.09375
300909,122211103.515625
300910,268276093.75
300911,171342109.375
300912,85974199.21875
300913,255783906.25
300915,57539301.7578125
300916,93415800.78125
300917,169000000.0
300918,506134414.0625
300919,912495468.75
300920,86348896.484375
300921,161884902.34375
300922,126210996.09375
300923,76326601.5625
300925,349523515.625
300926,297986796.875
300927,140849199.21875
300928,53588198.2421875
300929,125360400.390625
300930,47125000.0
300931,195501406.25
300932,319191308.59375
300933,547090507.8125
300935,60259501.953125
300936,47421201.171875
300937,60985000.0
300938,295850097.65625
300939,120000000.0
300940,157479404.296875
300941,123778701.171875
300942,405077890.625
300943,133425595.703125
300945,238400292.96875
300946,75804301.7578125
300947,151077695.3125
300948,154439697.265625
300949,49736499.0234375
300950,98048496.09375
300951,151394404.296875
300952,148578203.125
300953,175050195.3125
300955,100800000.0
300956,210452402.34375
300957,421292890.625
300958,91049404.296875
300959,52328198.2421875
300960,130878300.78125
300961,151926904.296875
300962,264001894.53125
300963,340594609.375
300964,56009799.8046875
300965,54093798.828125
300966,76666699.21875
300967,124796298.828125
300968,413380000.0
300969,78275297.8515625
300970,122480595.703125
300971,92252802.734375
300972,181301093.75
300973,118564804.6875
300975,492073281.25
300976,120365898.4375
300977,94802099.609375
300978,287089199.21875
300979,1166992265.625
300980,98341396.484375
300981,392997382.8125
300982,193897109.375
300983,152810195.3125
300984,88592500.0
300985,186512500.0
300986,411634101.5625
300987,173368007.8125
300988,162101601.5625
300989,162948496.09375
300990,77763901.3671875
300991,92142001.953125
300992,78096000.9765625
300993,241855390.625
300994,116664003.90625
300995,60729702.1484375
300996,333149492.1875
300997,394591289.0625
300998,107680595.703125
300999,542647109.375
301000,229612597.65625
301001,50300000.0
301002,84985195.3125
301003,75140400.390625
301004,136107402.34375
301005,184136093.75
301006,83820898.4375
301007,151325097.65625
301008,115640703.125
301009,151035000.0
301010,108000000.0
301011,146671503.90625
301012,196960195.3125
301013,189241601.5625
301015,525556601.5625
301016,293174902.34375
301017,258695097.65625
301018,282822890.625
301019,104609501.953125
301020,146400000.0
301021,152700195.3125
301022,66766098.6328125
301023,51764702.1484375
301024,61560000.0
301025,277150703.125
301026,160032802.734375
301027,121192099.609375
301028,248324296.875
301029,461880781.25
301030,202105703.125
301031,114898701.171875
301032,159872802.734375
301033,56353701.171875
301035,363962304.6875
301036,70434101.5625
301037,67997797.8515625
301038,223080000.0
301039,1452427500.0
301040,94364101.5625
301041,78971298.828125
301042,92250996.09375
301043,56747700.1953125
301045,69716000.9765625
301046,130195000.0
301047,119580595.703125
301048,533333398.4375
301049,42826401.3671875
301050,210871093.75
301051,225837109.375
301052,80195898.4375
301053,122472998.046875
301055,156000000.0
301056,175995800.78125
301057,81017299.8046875
301058,512274296.875
301059,206510390.625
301060,360166406.25
301061,188938496.09375
301062,313243398.4375
301063,96647304.6875
301065,86287500.0
301066,233116699.21875
301067,63828901.3671875
301068,100321503.90625
301069,426774218.75
301070,84813896.484375
301071,192870996.09375
301072,67139902.34375
301073,177790800.78125
301075,80000000.0
301076,152545800.78125
301077,95402597.65625
301078,1263332734.375
301079,76933398.4375
301080,125998300.78125
301081,224457890.625
301082,272707890.625
301083,85609902.34375
301085,58911699.21875
301086,65552900.390625
301087,193991308.59375
301088,188000000.0
301089,90470097.65625
301090,1470923281.25
301091,527280000.0
301092,60939399.4140625
301093,156996796.875
301095,173020292.96875
301096,83090000.0
301097,39167199.70703125
301098,174763496.09375
301099,89780400.390625
301100,88727001.953125
301101,190898203.125
301102,406000000.0
301103,121633603.515625
301105,16437500.0
301106,142960800.78125
301107,82210703.125
301108,64833398.4375
301109,230338105.46875
301110,91118496.09375
301111,160000000.0
301112,110266601.5625
301113,71664199.21875
301115,154766699.21875
301116,448976601.5625
301117,115855000.0
301118,106281103.515625
301119,117754003.90625
301120,220199003.90625
301121,50591601.5625
301122,75640698.2421875
301123,165041601.5625
301125,175779902.34375
301126,137868300.78125
301127,654240585.9375
301128,144817802.734375
301129,66282500.0
301130,59017402.34375
301131,39154899.90234375
301132,94734404.296875
301133,111135996.09375
301135,100984101.5625
301136,274897304.6875
301137,181813398.4375
301138,68560097.65625
301139,76167099.609375
301141,44512597.65625
301148,58873100.5859375
301149,261181699.21875
301150,303839003.90625
301151,168843808.59375
301152,70979199.21875
301153,331752304.6875
301155,123258300.78125
301156,117205703.125
301157,20657800.29296875
301158,190156503.90625
301159,53015000.0
301160,110777197.265625
301161,77198300.78125
301162,121131396.484375
301163,54725600.5859375
301165,1113636328.125
301166,56420498.046875
301167,105714501.953125
301168,95313300.78125
301169,72008999.0234375
301170,33575400.390625
301171,501884609.375
301172,98766103.515625
301173,30828701.171875
301175,621880000.0
301176,164053593.75
301177,400009296.875
301178,68687597.65625
301179,237475000.0
301180,164138007.8125
301181,117235595.703125
301182,87384199.21875
301183,58698999.0234375
301185,138667402.34375
301186,107883095.703125
301187,254933496.09375
301188,267536601.5625
301189,157941298.828125
301190,143104003.90625
301191,73057700.1953125
301192,49210800.78125
301193,184181406.25
301195,87689804.6875
301196,82965898.4375
301197,108749199.21875
301198,155554404.296875
301199,179675898.4375
301200,425238085.9375
301201,108544296.875
301202,37137500.0
301203,43842500.0
301205,83745195.3125
301206,130275595.703125
301207,600648203.125
301208,66072099.609375
301209,133956201.171875
301210,60849501.953125
301211,417595195.3125
301212,93750000.0
301213,72395498.046875
301215,1322400000.0
301216,548331289.0625
301217,829015468.75
301218,70068798.828125
301219,273240097.65625
301220,77781000.9765625
301221,89340800.78125
301222,106600097.65625
301223,193127597.65625
301225,31871999.51171875
301226,108800000.0
301227,73908398.4375
301228,119440302.734375
301229,129280595.703125
301230,125615800.78125
301231,65431000.9765625
301232,62437202.1484375
301233,39376101.07421875
301234,40170600.5859375
301235,72745097.65625
301236,785709218.75
301237,58250000.0
301238,733333281.25
301239,142044101.5625
301246,170077402.34375
301248,112328701.171875
301251,75589702.1484375
301252,135708701.171875
301255,38080000.0
301256,480000000.0
301257,75318901.3671875
301258,89065000.0
301259,145059404.296875
301260,205334199.21875
301261,37483300.78125
301262,122075400.390625
301263,364303281.25
301265,169797109.375
301266,135632402.34375
301267,648444414.0625
301268,344697812.5
301269,545437617.1875
301270,94492802.734375
301272,31327500.0
301273,76980600.5859375
301275,300859199.21875
301276,72267597.65625
301277,392078398.4375
301278,51402001.953125
301279,130499697.265625
301280,57281201.171875
301281,70952001.953125
301282,176577890.625
301283,91365000.0
301285,206670000.0
301286,161287597.65625
301287,17031400.146484375
301288,78109599.609375
301289,77500898.4375
301290,79578500.9765625
301291,162605996.09375
301292,85068603.515625
301293,205986992.1875
301295,29400000.0
301296,427111796.875
301297,365283085.9375
301298,108183203.125
301299,44779199.21875
301300,39313999.0234375
301301,617781601.5625
301302,138990000.0
301303,102200000.0
301305,124295302.734375
301306,58262500.0
301307,108781298.828125
301308,281851894.53125
301309,60580898.4375
301310,60985898.4375
301311,240000000.0
301312,84773896.484375
301313,78553500.9765625
301314,18257399.90234375
301315,37000000.0
301316,391247382.8125
301317,52196699.21875
301318,93181201.171875
301319,136903603.515625
301320,114209199.21875
301321,147564101.5625
301322,96212695.3125
301323,67567001.953125
301325,143892695.3125
301326,72074902.34375
301327,174381308.59375
301328,115164101.5625
301329,59943999.0234375
301330,194321601.5625
301331,102637197.265625
301332,264840195.3125
301333,96458496.09375
301335,87496796.875
301336,40165900.87890625
301337,101933798.828125
301338,108535000.0
301339,569800000.0
301345,35029699.70703125
301348,155139199.21875
301349,112516201.171875
301353,40826899.4140625
301355,139717900.390625
301356,126697500.0
301357,95200000.0
301358,759938125.0
301359,71147001.953125
301360,34061499.0234375
301361,56336000.9765625
301362,40944699.70703125
301363,522030390.625
301365,123465595.703125
301366,116996396.484375
301367,98099199.21875
301368,120100000.0
301369,54849199.21875
301370,323748593.75
301371,77789399.4140625
301372,41170400.390625
301373,40783100.5859375
301376,193642890.625
301377,98860898.4375
301378,45914501.953125
301379,217685898.4375
301380,80738598.6328125
301381,198494902.34375
301382,236356992.1875
301383,70614199.21875
301386,45000000.0
301387,42684301.7578125
301388,72682998.046875
301389,283500000.0
301390,49056201.171875
301391,92835595.703125
301392,40795900.87890625
301393,42104799.8046875
301395,127329404.296875
301396,141507001.953125
301397,70644199.21875
301398,112001103.515625
301399,54683598.6328125
301408,228959394.53125
301413,76374799.8046875
301418,29436298.828125
301419,99158300.78125
301421,46308500.9765625
301428,70381098.6328125
301429,44021000.9765625
301439,183246894.53125
301446,31070000.0
301448,48282500.0
301449,19478599.853515625
301456,60851098.6328125
301458,117482001.953125
301459,26098999.0234375
301468,97503398.4375
301469,46058701.171875
301479,71300898.4375
301486,72453798.828125
301487,272794003.90625
301488,23415000.0
301489,69580800.78125
301491,28583400.87890625
301498,179342597.65625
301499,34563701.171875
301500,144050703.125
301501,43500000.0
301502,23586999.51171875
301503,32480000.0
301505,78191601.5625
301507,110071904.296875
301508,58836401.3671875
301509,56740898.4375
301510,279159296.875
301511,374631093.75
301512,24813400.87890625
301513,20149000.244140625
301515,65570600.5859375
301516,70175400.390625
301517,97562099.609375
301518,53498701.171875
301519,75474501.953125
301520,32698400.87890625
301522,276719199.21875
301525,69161699.21875
301526,1404392968.75
301528,31833000.48828125
301529,63566699.21875
301531,46883701.171875
301533,28436699.21875
301535,169796093.75
301536,187193300.78125
301538,43707500.0
301539,75061699.21875
301548,26235000.0
301550,205249101.5625
301551,154553701.171875
301552,30940000.0
301555,48344799.8046875
301556,29480000.0
301557,24871000.9765625
301558,219481894.53125
301559,90000000.0
301560,61060000.0
301563,19135699.462890625
301565,128010000.0
301566,211086796.875
301567,21239899.90234375
301568,47599399.4140625
301571,119166601.5625
301575,24371999.51171875
301577,18841199.951171875
301578,30120900.87890625
301580,100801503.90625
301581,48877998.046875
301584,53714301.7578125
301585,68108901.3671875
301586,52911098.6328125
301587,73452998.046875
301588,73359199.21875
301589,34465000.0
301590,17409000.244140625
301591,44694702.1484375
301592,23358400.87890625
301595,40832500.0
301596,43843300.78125
301598,17547700.1953125
301599,54700498.046875
301600,32258500.9765625
301601,84480000.0
301602,208499394.53125
301603,37732500.0
301606,164998808.59375
301607,151791298.828125
301608,59506401.3671875
301609,36648000.48828125
301611,146582695.3125
301613,83901298.828125
301616,28401799.31640625
301617,68952001.953125
301618,48151401.3671875
301622,64659399.4140625
301626,52618999.0234375
301628,27875800.78125
301629,19196099.853515625
301630,10000000.0
301631,43594399.4140625
301632,73262001.953125
301633,25510600.5859375
301636,37748400.87890625
301638,250234003.90625
301656,203629003.90625
301658,97416699.21875
301662,44592001.953125
301665,104170000.0
301666,26516298.828125
301667,22494499.51171875
301668,24328601.07421875
301669,81887500.0
301678,47911098.6328125
301680,16802500.0
301682,25686799.31640625
301683,14265600.5859375
301687,29535300.29296875
301696,30083400.87890625
302132,586069492.1875
600000,33305837500.0
600004,2366718281.25
600006,2000000000.0
600007,1007282500.0
600008,7340590625.0
600009,2046279531.25
600010,31318212500.0
600011,10997710000.0
600012,1165600000.0
600015,15387223750.0
600016,35462122500.0
600017,3075653750.0
600018,23246717500.0
600019,21414095000.0
600020,2247371875.0
600021,2821235000.0
600022,10698850000.0
600023,13408732500.0
600025,18631093750.0
600026,3821998750.0
600027,9215677500.0
600028,94752480000.0
600029,13476971250.0
600030,12176551250.0
600031,8474390000.0
600032,2404675312.5
600033,2744400000.0
600035,1610115937.5
600036,20628945000.0
600037,1391777812.5
600038,668935234.375
600039,8695590625.0
600048,11970443750.0
600050,30990410000.0
600051,310880000.0
600052,844194765.625
600053,433540781.25
600054,513300000.0
600055,703061093.75
600056,1495351406.25
600057,2092510156.25
600058,1071910703.125
600059,911542421.875
600060,1300168828.125
600061,6393985625.0
600062,1038225390.625
600063,2069106406.25
600064,1730339687.5
600066,2213939218.75
600067,1391668750.0
600071,281573906.25
600072,1083337265.625
600073,937729531.25
600075,1707796093.75
600076,1344543437.5
600078,662572890.625
600079,1543178750.0
600080,373270312.5
600081,553026210.9375
600082,634335390.625
600084,1123726796.875
600085,1371470312.5
600088,397706406.25
600089,5052792500.0
600094,2126230000.0
600095,2859187812.5
600096,1822990781.25
600097,240936601.5625
600098,3505865000.0
600099,219120000.0
600100,3350297812.5
600101,547862500.0
600103,2212329062.5
600104,11495277500.0
600105,1461994843.75
600106,1329025000.0
600107,360000000.0
600108,1946915156.25
600109,3705365000.0
600110,1735180937.5
600111,3615065937.5
600113,411431210.9375
600114,616383515.625
600115,17024965000.0
600116,1912142968.75
600117,3255115000.0
600118,1182489062.5
600119,365270390.625
600120,3415381562.5
600121,1218412031.25
600123,1473240000.0
600125,1305521875.0
600126,3377189062.5
600127,641783203.125
600128,246767500.0
600129,551418203.125
600130,750000000.0
600131,1195905234.375
600132,483971210.9375
600133,1066239765.625
600135,553307109.375
600136,1943089531.25
600137,97217597.65625
600138,723840000.0
600141,1201739765.625
600143,2634825937.5
600148,141516396.484375
600149,380160000.0
600150,7525621250.0
600151,1434252343.75
600152,529079414.0625
600153,2899538437.5
600155,2213542500.0
600156,402110703.125
600157,21817765000.0
600158,959512968.75
600159,830003203.125
600160,2699745937.5
600161,1977371406.25
600162,3268438125.0
600163,1902996093.75
600165,732913671.875
600166,7917400625.0
600167,2262840468.75
600168,993397578.125
600169,3333141562.5
600170,8885940000.0
600171,708923281.25
600172,1276255781.25
600173,700416328.125
600176,4003136875.0
600177,4503441875.0
600178,466476210.9375
600179,3862278437.5
600180,1086627500.0
600182,170000000.0
600183,2394501562.5
600184,582727500.0
600185,1885005781.25
600186,1780288281.25
600187,1613781093.75
600188,5961351875.0
600189,715197812.5
600191,484931992.1875
600192,441748007.8125
600193,425373007.8125
600195,1021148281.25
600196,2118488750.0
600197,473174687.5
600198,1301949765.625
600199,657796796.875
600201,1111747812.5
600202,383340703.125
600203,592988085.9375
600206,846553437.5
600207,1089312578.125
600208,8507976250.0
600210,1516736093.75
600211,322319199.21875
600212,531180195.3125
600215,456882890.625
600216,951389531.25
600217,1657653750.0
600218,435599882.8125
600219,11483701250.0
600221,42845515000.0
600222,573886289.0625
600223,1016568828.125
600226,2974381250.0
600227,1277599765.625
600228,416037187.5
600229,660707812.5
600230,413961015.625
600231,2836383437.5
600232,364718593.75
600233,3422940000.0
600234,262520996.09375
600235,351300000.0
600236,7882377500.0
600237,624615781.25
600238,445271601.5625
600239,1605686875.0
600241,294302109.375
600243,438850000.0
600246,1890412500.0
600248,3705739375.0
600249,550000000.0
600250,312791406.25
600251,776993593.75
600252,3184163125.0
600255,1806147031.25
600256,6392003125.0
600257,481237187.5
600258,1116603125.0
600259,329489687.5
600261,1335052968.75
600262,170000000.0
600265,129800000.0
600266,2075743437.5
600267,1198761171.875
600268,1015495468.75
600269,2335407031.25
600271,1852884687.5
600272,160000000.0
600273,1311309062.5
600276,6379002500.0
600278,860518671.875
600279,1186866328.125
600280,1128334765.625
600281,514401992.1875
600282,6165091250.0
600283,560824882.8125
600284,970256015.625
600285,566490507.8125
600287,436796093.75
600288,436800000.0
600289,565922695.3125
600292,439283593.75
600293,1160145078.125
600295,1975576250.0
600298,857150468.75
600299,2681901250.0
600300,1617142187.5
600301,275335703.125
600302,346009804.6875
600303,677512187.5
600305,1102959921.875
600307,6263357500.0
600308,1516870156.25
600309,3130471562.5
600310,1465710781.25
600312,1356921250.0
600313,1082198671.875
600315,672226015.625
600316,717114531.25
600318,512727617.1875
600319,387709414.0625
600320,3310205937.5
600322,1105700000.0
600323,815347109.375
600325,2752152187.5
600326,1362464375.0
600327,884779531.25
600328,1466309531.25
600329,567089414.0625
600330,1233434531.25
600331,2032000000.0
600332,1405890937.5
600333,609030703.125
600335,1487456875.0
600336,798014765.625
600337,1436998125.0
600338,914210234.375
600339,5583147500.0
600340,3893355000.0
600343,638206406.25
600345,211559296.875
600346,7039100000.0
600348,3607500000.0
600350,4834570937.5
600351,692000078.125
600352,3253331875.0
600353,828811171.875
600354,527802109.375
600356,298731406.25
600358,504936601.5625
600359,381512812.5
600360,960295312.5
600361,3732662812.5
600362,2075247343.75
600363,450888398.4375
600365,427280000.0
600366,1099041015.625
600367,321973203.125
600368,1609653906.25
600369,6645109375.0
600370,4018232187.5
600371,292578007.8125
600372,4838896562.5
600373,1347358750.0
600375,1462685781.25
600376,2579565312.5
600377,3802183125.0
600378,1072565390.625
600379,330201601.5625
600380,1829453437.5
600381,587060703.125
600382,694408125.0
600383,4514583437.5
600386,806400000.0
600388,1270046328.125
600389,430650000.0
600390,4498065312.5
600391,330129414.0625
600392,1752826562.5
600395,2146624843.75
600396,1472706875.0
600397,989959765.625
600398,4802770312.5
600399,1972100000.0
600400,2291371875.0
600403,2390812343.75
600405,612829609.375
600406,8008176250.0
600408,1006800000.0
600409,2064349375.0
600410,1096494687.5
600415,5483559375.0
600416,1475782343.75
600418,2184009843.75
600419,315512207.03125
600420,1341172656.25
600421,195600000.0
600422,756975781.25
600423,798695000.0
600425,1604703750.0
600426,2115060781.25
600428,2445285625.0
600429,1497557500.0
600433,1750279218.75
600435,1512357812.5
600436,603317187.5
600438,4501990312.5
600439,1131985468.75
600444,146421904.296875
600446,941267500.0
600448,629819609.375
600449,478181093.75
600452,1536541718.75
600455,62457998.046875
600456,477777500.0
600458,868528125.0
600459,759706328.125
600460,1664071875.0
600461,1284155625.0
600463,300000000.0
600467,1460994375.0
600468,1087735312.5
600469,729450937.5
600470,521600000.0
600475,942885703.125
600476,161070000.0
600477,2358968437.5
600478,1665540937.5
600479,418507109.375
600480,1213185234.375
600481,2064181562.5
600482,2268246406.25
600483,2780137812.5
600486,403988710.9375
600487,2445181093.75
600488,1091886718.75
600489,4847312500.0
600490,1992621406.25
600491,1529757968.75
600493,272000000.0
600495,1208190937.5
600496,1990125312.5
600497,5040380625.0
600498,1271621484.375
600499,1917856406.25
600500,3588306250.0
600501,427824218.75
600502,1716533906.25
600503,1602290000.0
600505,364567500.0
600506,249624609.375
600507,2313187812.5
600508,1011805234.375
600509,1374397343.75
600510,1032025468.75
600511,553346406.25
600512,1587405156.25
600513,285456308.59375
600515,9176012500.0
600516,4025970312.5
600517,5718435625.0
600518,13822352500.0
600519,1250081562.5
600520,158430000.0
600521,1497252187.5
600522,3412949687.5
600523,404044609.375
600525,1318780156.25
600526,873007109.375
600527,1731760937.5
600528,2221551562.5
600529,663614062.5
600530,774920000.0
600531,1209262734.375
600533,1050000000.0
600535,1493950000.0
600536,843655937.5
600537,1183715000.0
600538,524198398.4375
600539,230000000.0
600540,581376992.1875
600543,321120000.0
600545,1787912187.5
600546,1982456093.75
600547,3614443437.5
600548,1714425937.5
600549,1553932031.25
600550,1841528437.5
600551,678055234.375
600552,944606875.0
600556,1807747656.25
600557,566158789.0625
600558,897604765.625
600559,914747421.875
600560,223645507.8125
600561,284476796.875
600562,1241857812.5
600563,225000000.0
600566,918552265.625
600567,6307453125.0
600568,1669067343.75
600569,2872421250.0
600570,1893647968.75
600571,457751718.75
600572,2531740625.0
600573,250000000.0
600575,3886260937.5
600576,660390078.125
600577,2151095781.25
600578,6694621250.0
600579,493600703.125
600580,1557632500.0
600581,1532897812.5
600582,4138588750.0
600583,4421354687.5
600584,1789414531.25
600585,3999702500.0
600586,1417337656.25
600587,606644492.1875
600588,3416997500.0
600589,1478469843.75
600590,843569531.25
600592,399553593.75
600593,128800000.0
600594,791927421.875
600595,4007905000.0
600596,1349597031.25
600597,1378455312.5
600598,1777679843.75
600599,166000000.0
600600,709125937.5
600601,4170293437.5
600602,1074302968.75
600603,1175942734.375
600604,1407454843.75
600605,206282402.34375
600606,14054218750.0
600608,318371406.25
600609,1304558593.75
600610,708726718.75
600611,1563316406.25
600612,317109609.375
600613,479320000.0
600615,225266093.75
600616,669004921.875
600617,1775542656.25
600618,749840000.0
600619,789174765.625
600620,686677109.375
600621,1060899296.875
600622,1499685468.75
600623,1876034687.5
600624,679347031.25
600626,1107978671.875
600628,646875390.625
600629,958170703.125
600630,424861601.5625
600633,1268074531.25
600635,2418791718.75
600636,438636796.875
600637,3361899687.5
600638,673396796.875
600639,850236718.75
600640,795695937.5
600641,930629921.875
600642,4893813125.0
600643,1590351718.75
600644,538400703.125
600645,467770195.3125
600648,1137770703.125
600649,2504500781.25
600650,390560117.1875
600651,2507027968.75
600653,1946380312.5
600654,2317431875.0
600655,3889846250.0
600657,2851878750.0
600658,1118585078.125
600660,2002986406.25
600661,286548808.59375
600662,2276471093.75
600663,3155683750.0
600664,2518509843.75
600665,864122500.0
600666,2502253437.5
600667,2091542187.5
600668,412900585.9375
600671,121770498.046875
600673,3001557812.5
600674,4874606875.0
600675,6046135625.0
600676,1028492968.75
600678,348990000.0
600679,343694296.875
600681,1339808750.0
600682,1164060312.5
600683,740777578.125
600684,853460703.125
600685,821435234.375
600686,717047421.875
600688,7328813750.0
600689,152204101.5625
600690,6253028125.0
600691,2375585937.5
600692,255010507.8125
600693,868952812.5
600694,378793593.75
600696,334469414.0625
600697,155375996.09375
600698,830451718.75
600699,1355053593.75
600702,331950898.4375
600703,4989018750.0
600704,5171180000.0
600706,254030195.3125
600707,3587669687.5
600708,2225277812.5
600710,1306749531.25
600711,3090611562.5
600712,538648398.4375
600713,1289807890.625
600714,288176308.59375
600715,2862372187.5
600716,936060625.0
600717,2894000937.5
600718,1196438828.125
600719,404599609.375
600720,1009049765.625
600721,384547617.1875
600722,680319687.5
600724,1444942656.25
600725,1232470000.0
600726,7475336250.0
600727,528583085.9375
600728,2132599218.75
600729,192482890.625
600730,586656015.625
600731,541682695.3125
600732,2099460625.0
600733,5555527500.0
600734,2177853125.0
600735,425451796.875
600736,1151292890.625
600737,2138848281.25
600738,760666171.875
600739,1522315937.5
600740,2562121093.75
600741,3152724062.5
600742,743057890.625
600743,2346100937.5
600744,2031124218.75
600745,1244670234.375
600746,1167842890.625
600748,1844562968.75
600749,226965507.8125
600750,628825312.5
600751,2573189062.5
600753,230307207.03125
600754,906044062.5
600755,2132158437.5
600756,324098808.59375
600757,1213497109.375
600758,1320743437.5
600759,4143685625.0
600760,2829552500.0
600761,890692734.375
600763,447289101.5625
600764,710629375.0
600765,1552494218.75
600768,133747197.265625
600769,374977187.5
600770,1300000000.0
600771,489491093.75
600773,951586875.0
600774,294880195.3125
600775,671838515.625
600776,956000078.125
600777,6366152500.0
600778,311214902.34375
600779,487503203.125
600780,1146502500.0
600782,3145652187.5
600783,744359296.875
600784,675652265.625
600785,225631308.59375
600787,2170079531.25
600789,898669609.375
600790,1465790937.5
600791,452313710.9375
600792,1109923593.75
600793,176904003.90625
600794,1200152187.5
600795,17835618750.0
600796,311477890.625
600797,1027526406.25
600798,1206534218.75
600800,1109730234.375
600801,1341697656.25
600802,458248398.4375
600803,3071726562.5
600805,850275390.625
600807,787018437.5
600808,5967751250.0
600809,1219964218.75
600810,1080752890.625
600812,1715730312.5
600814,735078593.75
600815,1774094531.25
600816,5469138125.0
600817,529244296.875
600818,237957890.625
600819,747416093.75
600820,3144096250.0
600821,1967325000.0
600822,396147890.625
600824,1054027109.375
600825,1044887812.5
600826,735533515.625
600827,1604449843.75
600828,1731360156.25
600829,579888593.75
600830,454322695.3125
600831,710947031.25
600833,223086308.59375
600834,477381914.0625
600835,806504296.875
600838,400881992.1875
600839,4614958750.0
600841,1043024531.25
600843,469222695.3125
600844,822730625.0
600845,2134054218.75
600846,624761484.375
600847,153287402.34375
600848,2393912343.75
600850,680198828.125
600851,738206093.75
600853,1013696015.625
600854,519458593.75
600855,467639687.5
600857,224319902.34375
600858,517548007.8125
600859,1123827968.75
600860,444040781.25
600861,536815507.8125
600862,1393049062.5
600863,6526887500.0
600864,2080570468.75
600865,376240312.5
600866,1255769296.875
600867,1958542812.5
600868,1898148750.0
600869,2219352812.5
600871,13547012500.0
600872,770987968.75
600873,2804241562.5
600874,1230417968.75
600875,2263366562.5
600876,395675000.0
600877,1184059531.25
600879,3299299375.0
600880,1093030234.375
600881,3232150937.5
600882,510053593.75
600883,236088007.8125
600884,1835109687.5
600885,1547594375.0
600886,7454180000.0
600887,6293930000.0
600888,1553085937.5
600889,366346015.625
600892,559319492.1875
600893,2665124687.5
600894,843144531.25
600895,1548689531.25
600897,416933984.375
600900,24468217500.0
600901,5790452500.0
600903,1163984375.0
600905,28587650000.0
600906,2124235000.0
600908,1999312656.25
600909,5024209375.0
600916,1680000000.0
600917,1561039687.5
600918,4562824062.5
600919,18351325000.0
600925,1606048593.75
600926,7249002500.0
600927,1455555625.0
600928,4423354062.5
600929,1640113281.25
600930,3229813750.0
600933,981012968.75
600935,3507401875.0
600936,1671026250.0
600938,2990000000.0
600939,1902475000.0
600941,902767890.625
600955,550000000.0
600956,2348088750.0
600958,7469483125.0
600959,5000717812.5
600960,950515468.75
600961,751812421.875
600962,262210000.0
600963,1757567812.5
600965,818700937.5
600966,1336844218.75
600967,1701794687.5
600968,10165104375.0
600969,370050507.8125
600970,2621812812.5
600971,1200004921.875
600973,1371366250.0
600975,1249661718.75
600976,153298603.515625
600977,1867000000.0
600979,1241686484.375
600980,189263496.09375
600981,2242433125.0
600982,1117627500.0
600983,766438984.375
600984,1257043906.25
600985,2693258750.0
600986,1487374062.5
600987,1020818906.25
600988,1663911406.25
600989,7333360000.0
600990,269012695.3125
600992,245090000.0
600993,430306992.1875
600995,3196005937.5
600996,1246799765.625
600997,1587799843.75
600998,5042470312.5
600999,7422005000.0
601000,5925928750.0
601001,1673700000.0
601002,954440703.125
601003,2562793125.0
601005,8313636875.0
601006,19862892500.0
601007,390000000.0
601008,1240637968.75
601009,12363567500.0
601010,1848000000.0
601011,1915664531.25
601012,7578058750.0
601015,2042497656.25
601016,6038255625.0
601018,19454388750.0
601019,2086900000.0
601020,819964687.5
601021,978333437.5
601022,1308633437.5
601026,111085703.125
601033,240000000.0
601038,731705312.5
601058,3288100312.5
601059,3243000000.0
601061,4900000000.0
601065,642776093.75
601066,6495671250.0
601068,2559590625.0
601069,887188437.5
601077,8838242500.0
601083,194120000.0
601086,666000000.0
601088,16491037500.0
601089,480000000.0
601096,1642976562.5
601098,1796000000.0
601099,6816316250.0
601100,1340820937.5
601101,1439997968.75
601106,6857783125.0
601107,2162740000.0
601108,4643764062.5
601111,11638110000.0
601112,177249902.34375
601113,1104152187.5
601116,547678398.4375
601117,6088067500.0
601118,4279427812.5
601121,800000000.0
601126,825085390.625
601127,1557203437.5
601128,3648179062.5
601133,524386796.875
601136,2733333750.0
601137,917862500.0
601138,19844092500.0
601139,2876744375.0
601155,2255622812.5
601156,944595468.75
601158,4800030000.0
601162,8597970625.0
601163,800000000.0
601166,21162860000.0
601168,2383000000.0
601169,21142985000.0
601177,402416484.375
601179,5125882500.0
601186,11503245000.0
601187,2633380000.0
601188,1305469921.875
601198,3232445625.0
601199,935210312.5
601200,1346230312.5
601208,1010182968.75
601211,13496910000.0
601212,7404774375.0
601216,8438017500.0
601218,969033515.625
601222,2041220156.25
601225,9695000000.0
601226,1162223671.875
601228,7544531250.0
601229,14209032500.0
601231,2388935625.0
601233,2374672187.5
601236,4716787812.5
601238,7383697500.0
601279,1585785937.5
601288,319244220000.0
601298,5392075000.0
601311,1173146093.75
601318,10660065000.0
601319,35497757500.0
601326,4757559062.5
601328,26072440000.0
601330,989095000.0
601333,5652236875.0
601336,2085439375.0
601339,1499569062.5
601360,6999558125.0
601366,959741093.75
601368,882972968.75
601369,1706211250.0
601375,3447519687.5
601377,8635987500.0
601388,2201222656.25
601390,20478832500.0
601398,269612220000.0
601399,7213555625.0
601456,4376981562.5
601500,1583000781.25
601512,1498890000.0
601515,1924470625.0
601518,1890553125.0
601519,1989160000.0
601528,1734456562.5
601555,4968702812.5
601566,574637109.375
601567,1405209375.0
601568,3972222187.5
601577,4020683750.0
601579,479463398.4375
601588,2660000000.0
601595,448200000.0
601598,5157470312.5
601599,1160542421.875
601600,13173365000.0
601601,6845041250.0
601606,724228437.5
601607,2789207500.0
601608,4579553437.5
601609,1728638125.0
601611,3013834062.5
601615,2261496718.75
601616,853675312.5
601618,17852618750.0
601619,2434735312.5
601628,20823530000.0
601633,6220163750.0
601636,2958653750.0
601658,72527800000.0
601665,6153842500.0
601666,2469363906.25
601668,41320390000.0
601669,13071526250.0
601677,1243290625.0
601678,2043336250.0
601686,1471963750.0
601688,7306758125.0
601689,1737835625.0
601696,2778000000.0
601698,4224385312.5
601699,2991409062.5
601700,1138757265.625
601702,998530625.0
601717,1542165781.25
601718,4361069375.0
601727,12615640000.0
601728,77629730000.0
601766,24327797500.0
601777,4521100000.0
601778,3722974687.5
601788,3906698750.0
601789,1086798593.75
601798,354528203.125
601799,285679394.53125
601800,11783731250.0
601801,1957931250.0
601808,2960468125.0
601811,791903906.25
601816,48925680000.0
601818,46406815000.0
601825,9374441250.0
601827,1671933281.25
601828,3612402187.5
601838,4238435312.5
601857,161922080000.0
601858,790500000.0
601860,3551593437.5
601865,1901025312.5
601866,9751983750.0
601868,32428727500.0
601869,406338281.25
601872,8074538750.0
601877,2148968906.25
601878,4573796562.5
601880,18413051250.0
601881,7243417500.0
601882,522000000.0
601886,1133002031.25
601888,1952475468.75
601890,959400000.0
601898,9152000625.0
601899,20601793750.0
601900,881970078.125
601901,8232101250.0
601908,2414602812.5
601916,21544435000.0
601918,2590541875.0
601919,12556503750.0
601921,2222222187.5
601928,2544900000.0
601929,3489788125.0
601933,9075036875.0
601939,9593657500.0
601949,1903968125.0
601952,1378000000.0
601956,621616601.5625
601958,3226604375.0
601963,2034030781.25
601965,998405703.125
601966,1463502656.25
601968,1275779531.25
601969,1972476562.5
601975,4680344687.5
601985,18883285000.0
601988,210765520000.0
601990,3686360937.5
601991,12396088750.0
601992,8334158125.0
601995,2923542500.0
601996,1120914531.25
601997,3656198125.0
601998,40763000000.0
601999,550914687.5
603000,1105691093.75
603001,400980000.0
603002,1134078515.625
603004,58880000.0
603005,652171718.75
603006,254254296.875
603007,695089062.5
603008,368292382.8125
603009,338408984.375
603010,570778281.25
603011,494414492.1875
603012,646500000.0
603013,508219609.375
603014,101484902.34375
603015,404218984.375
603016,148160000.0
603017,276190292.96875
603018,683796406.25
603019,1462706875.0
603020,375637812.5
603021,319948105.46875
603022,200000000.0
603023,558117382.8125
603025,1109174765.625
603026,232700996.09375
603027,1249615390.625
603028,284190000.0
603029,121342001.953125
603030,1316933593.75
603031,314390390.625
603032,231812792.96875
603033,1012531015.625
603035,366347109.375
603036,206005996.09375
603037,266149804.6875
603038,268677109.375
603039,307639101.5625
603040,135744199.21875
603041,183147695.3125
603042,160589804.6875
603043,562452382.8125
603045,135445195.3125
603048,146880000.0
603049,504980312.5
603050,403319218.75
603051,161632900.390625
603052,187897304.6875
603053,888890000.0
603055,887050937.5
603057,412000000.0
603058,414657617.1875
603059,100448701.171875
603060,803961015.625
603061,87000000.0
603062,37073100.5859375
603063,463708515.625
603065,418967617.1875
603066,294180097.65625
603067,755525390.625
603068,151787304.6875
603069,316000000.0
603070,401000000.0
603071,557954492.1875
603072,126230000.0
603073,50892797.8515625
603075,41245097.65625
603076,120701298.828125
603077,8831700000.0
603078,385637304.6875
603079,189029609.375
603080,141500000.0
603081,422499101.5625
603082,40556899.4140625
603083,275588398.4375
603085,397100000.0
603086,434813085.9375
603087,561157304.6875
603088,437871796.875
603089,240033300.78125
603090,100000000.0
603091,31441599.12109375
603092,34571699.21875
603093,610065898.4375
603095,258269199.21875
603096,154234599.609375
603097,160483300.78125
603098,538800000.0
603099,272355898.4375
603100,511539218.75
603101,470400000.0
603102,64000000.0
603103,634200000.0
603105,500011210.9375
603106,520520000.0
603107,218174003.90625
603108,603703398.4375
603109,208848398.4375
603110,201226699.21875
603111,852878593.75
603112,534606484.375
603113,848490625.0
603115,241890390.625
603116,576200781.25
603117,599197695.3125
603118,787276406.25
603119,265038496.09375
603120,37900000.0
603121,338533710.9375
603122,398052617.1875
603123,652275898.4375
603124,77608798.828125
603125,404836406.25
603126,610500000.0
603127,630353007.8125
603128,1309046484.375
603129,153482802.734375
603130,137514199.21875
603131,336907187.5
603132,978000000.0
603135,629538085.9375
603136,270126699.21875
603137,182933300.78125
603138,288342890.625
603139,99880000.0
603150,85482998.046875
603151,171112597.65625
603153,403780195.3125
603155,315786796.875
603156,1260277578.125
603158,490770195.3125
603159,140000000.0
603160,465886796.875
603161,190748808.59375
603162,416522304.6875
603163,100000000.0
603165,312728398.4375
603166,640715703.125
603167,469144492.1875
603168,372513984.375
603169,1306291796.875
603170,400010000.0
603171,405890000.0
603172,133380000.0
603173,160000000.0
603175,45474199.21875
603176,461816484.375
603177,204191992.1875
603178,236411894.53125
603179,714198671.875
603180,154257099.609375
603181,588700000.0
603182,164550000.0
603183,497153203.125
603185,679022187.5
603186,156790498.046875
603187,382361914.0625
603188,570170000.0
603189,269548300.78125
603190,41115600.5859375
603191,329964609.375
603192,139406503.90625
603193,103336298.828125
603194,158026904.296875
603195,1800664375.0
603196,236988300.78125
603197,211152109.375
603198,800000000.0
603199,110680000.0
603200,175480097.65625
603201,188354707.03125
603202,50213598.6328125
603203,323899296.875
603205,41340000.0
603206,305200000.0
603207,54602900.390625
603208,175879101.5625
603209,321491601.5625
603210,232677500.0
603211,271808007.8125
603212,437490585.9375
603213,441972304.6875
603214,138540000.0
603215,187228398.4375
603216,222690000.0
603217,208087597.65625
603218,1028936484.375
603219,561400000.0
603220,434261093.75
603221,242270000.0
603222,525090585.9375
603223,705822187.5
603225,1668545625.0
603226,355491796.875
603227,1071692734.375
603228,975795390.625
603229,830297109.375
603230,353523007.8125
603231,106265996.09375
603232,231300000.0
603233,1138847968.75
603235,437780000.0
603236,366320703.125
603237,189806894.53125
603238,177509003.90625
603239,270720000.0
603248,69308901.3671875
603255,60675200.1953125
603256,879727500.0
603257,24900000.0
603258,241341308.59375
603259,2473280312.5
603260,1182207031.25
603261,77505000.0
603262,40008000.48828125
603266,198886796.875
603267,231080898.4375
603268,233249804.6875
603269,308751796.875
603270,70716699.21875
603271,94575996.09375
603272,103627001.953125
603273,56058398.4375
603275,41536000.9765625
603276,75642299.8046875
603277,609746015.625
603278,341759414.0625
603279,576373007.8125
603280,108406699.21875
603281,373333281.25
603282,133820000.0
603283,352526289.0625
603284,18473399.658203125
603285,62296801.7578125
603286,116235195.3125
603288,5560600625.0
603289,293397500.0
603290,239473496.09375
603291,423220585.9375
603293,35096499.0234375
603296,798596015.625
603297,110729101.5625
603298,1309812031.25
603299,780506171.875
603300,1994574218.75
603301,263876191.40625
603303,476944609.375
603305,1155708593.75
603306,329495703.125
603307,97150000.0
603308,679047812.5
603309,291871406.25
603310,194010000.0
603311,235883906.25
603312,50919501.953125
603313,570586914.0625
603315,320366308.59375
603316,264264003.90625
603317,1064514609.375
603318,459070898.4375
603319,339149687.5
603320,149146201.171875
603321,344564492.1875
603322,157586796.875
603323,2220395625.0
603324,147679599.609375
603325,34183200.68359375
603326,319176894.53125
603327,1045459375.0
603328,998442578.125
603329,206383007.8125
603330,406713203.125
603331,202175605.46875
603332,216347207.03125
603333,621527617.1875
603334,31816699.21875
603335,428144609.375
603336,608718906.25
603337,473725507.8125
603338,506347890.625
603339,309441191.40625
603341,266212792.96875
603344,54031000.9765625
603345,293294199.21875
603348,314477207.03125
603350,44124501.953125
603351,135439101.5625
603352,44422402.34375
603353,170418007.8125
603355,573396796.875
603356,133340000.0
603357,560543203.125
603358,461770585.9375
603359,446096015.625
603360,706223671.875
603363,2144446093.75
603365,259802304.6875
603366,813048125.0
603367,452754101.5625
603368,397211406.25
603369,1246800000.0
603370,34990000.0
603373,63602202.1484375
603375,63780898.4375
603376,32000800.78125
603377,715422421.875
603378,428596601.5625
603379,610478984.375
603380,160441201.171875
603381,142137695.3125
603382,115485898.4375
603383,205376406.25
603385,380665000.0
603386,326322597.65625
603387,507153515.625
603389,262751992.1875
603390,350513906.25
603391,22750000.0
603392,1264392812.5
603393,423221289.0625
603395,65000000.0
603396,138527500.0
603398,433641484.375
603399,512290703.125
603400,20000000.0
603402,25133300.78125
603406,36662500.0
603407,35911999.51171875
603408,447573007.8125
603409,53877998.046875
603416,139245000.0
603418,41364599.609375
603421,652190507.8125
603429,524485507.8125
603435,35687500.0
603439,403840195.3125
603444,72041098.6328125
603456,889446015.625
603458,306124492.1875
603459,79051899.4140625
603466,594819687.5
603477,510070507.8125
603486,573352617.1875
603488,291990390.625
603489,234618007.8125
603496,320209199.21875
603499,302594394.53125
603500,332609101.5625
603501,1210588281.25
603505,841668828.125
603506,187777792.96875
603507,181772304.6875
603508,381274414.0625
603511,401887304.6875
603515,736327968.75
603516,203268300.78125
603517,606001992.1875
603518,344073984.375
603519,266327792.96875
603520,438409882.8125
603527,316971191.40625
603528,705930234.375
603529,847560468.75
603530,427464804.6875
603533,438896796.875
603535,510918281.25
603536,240532304.6875
603538,239150605.46875
603551,379883593.75
603556,486264218.75
603557,623436914.0625
603558,342638007.8125
603559,401276992.1875
603565,2100063125.0
603566,346062304.6875
603567,939403281.25
603568,2048457343.75
603569,603507304.6875
603577,339139101.5625
603578,180356992.1875
603579,201052402.34375
603580,130673203.125
603583,382246992.1875
603585,193425390.625
603586,196052792.96875
603587,474092812.5
603588,1523234531.25
603589,598119492.1875
603590,158223496.09375
603595,232442304.6875
603596,897639531.25
603598,269382890.625
603599,910269375.0
603600,300038007.8125
603601,1142340937.5
603602,231057500.0
603605,395976093.75
603606,824808515.625
603607,178516796.875
603608,419736210.9375
603609,908291171.875
603610,352991601.5625
603611,257600800.78125
603612,498104492.1875
603613,720537812.5
603615,241820000.0
603616,384293007.8125
603617,386726289.0625
603618,691375625.0
603619,462338515.625
603626,554879687.5
603628,272172207.03125
603629,258030996.09375
603630,225204609.375
603633,426810781.25
603636,580360507.8125
603637,238685898.4375
603638,851686328.125
603639,339878281.25
603648,362412812.5
603650,614473398.4375
603655,106000000.0
603656,182945390.625
603657,135190000.0
603658,571424804.6875
603659,2136399062.5
603660,571492695.3125
603661,139067001.953125
603662,280829902.34375
603663,422959492.1875
603665,160167695.3125
603666,205530390.625
603667,366202812.5
603668,505796718.75
603669,712330234.375
603676,435161484.375
603677,192600898.4375
603678,475566601.5625
603679,177686191.40625
603680,783718828.125
603681,237741796.875
603682,472500000.0
603683,288219101.5625
603685,201465703.125
603686,415430390.625
603687,550031914.0625
603688,541678281.25
603689,523448007.8125
603690,382964296.875
603693,891475937.5
603696,235200000.0
603697,427692109.375
603698,535990000.0
603699,758142734.375
603700,199961894.53125
603701,261361894.53125
603703,414982109.375
603706,189382695.3125
603707,1615651093.75
603708,638338710.9375
603709,125109296.875
603711,412874101.5625
603712,772000000.0
603713,158127597.65625
603716,225790800.78125
603717,290146191.40625
603718,648979687.5
603719,401000000.0
603721,130000000.0
603722,95700097.65625
603725,286657695.3125
603726,184706191.40625
603727,281719296.875
603728,418882500.0
603729,92165097.65625
603730,2148585937.5
603733,707724218.75
603737,885380937.5
603738,385887500.0
603739,253028906.25
603755,98613701.171875
603757,186547304.6875
603758,438796992.1875
603759,461760000.0
603766,2053541875.0
603767,308631503.90625
603768,237955898.4375
603773,224678593.75
603776,280760605.46875
603777,334424218.75
603778,642857109.375
603779,332082812.5
603786,403856718.75
603787,230143808.59375
603788,223065097.65625
603789,260000000.0
603790,191360000.0
603797,576605195.3125
603798,256449609.375
603799,1887607187.5
603800,208000000.0
603801,434351484.375
603803,424883593.75
603806,2608745000.0
603808,363733203.125
603809,920288828.125
603810,165342207.03125
603811,327304296.875
603813,105015000.0
603815,618924218.75
603816,812166328.125
603817,570083984.375
603818,686543828.125
603819,217730195.3125
603822,76825898.4375
603823,416367695.3125
603825,253336503.90625
603826,655200000.0
603828,595939609.375
603829,186266191.40625
603833,609152890.625
603836,200035195.3125
603838,320015996.09375
603839,387016210.9375
603843,699623203.125
603848,402406484.375
603855,335532500.0
603856,282056093.75
603858,1054568437.5
603859,244697695.3125
603860,66680000.0
603861,528586484.375
603863,204650000.0
603866,1599719218.75
603867,215686699.21875
603868,435600000.0
603869,494116601.5625
603871,1368008593.75
603876,929267187.5
603877,469323593.75
603878,561149804.6875
603879,359344492.1875
603880,289041992.1875
603881,718377031.25
603882,460134609.375
603883,758890234.375
603885,2184005312.5
603886,240000000.0
603887,602029414.0625
603888,674738203.125
603889,942137265.625
603890,446830507.8125
603893,420912617.1875
603895,108080000.0
603896,198243906.25
603897,206435703.125
603898,311345097.65625
603899,915795390.625
603900,342723789.0625
603901,542326992.1875
603903,255319492.1875
603906,562996484.375
603908,93127001.953125
603909,260673105.46875
603912,541871289.0625
603915,656632500.0
603916,420327812.5
603917,203840000.0
603918,365107500.0
603919,507260000.0
603920,720592265.625
603922,179200000.0
603926,230838593.75
603927,831040000.0
603928,340703984.375
603929,213360000.0
603931,199558398.4375
603933,207544609.375
603936,630398007.8125
603937,208890507.8125
603938,382624492.1875
603939,1212392500.0
603948,162489199.21875
603949,210205292.96875
603950,323868808.59375
603955,135720000.0
603956,569906289.0625
603958,219360000.0
603959,490298984.375
603960,262197890.625
603966,519697109.375
603967,346666718.75
603968,204480000.0
603969,849606796.875
603970,268800097.65625
603976,151203798.828125
603977,621241796.875
603978,211094296.875
603979,623788906.25
603980,676833437.5
603982,339553593.75
603983,401000000.0
603985,440858007.8125
603986,667844765.625
603987,436790898.4375
603988,235200000.0
603989,398779804.6875
603990,306282695.3125
603991,74535000.0
603992,443041796.875
603993,17460842500.0
603995,365618203.125
603997,1272264765.625
603998,439081406.25
603999,576000000.0
605001,392886015.625
605003,110000000.0
605005,401000000.0
605006,628360117.1875
605007,401553007.8125
605008,645962382.8125
605009,215038007.8125
605011,400100000.0
605016,420012304.6875
605018,470065781.25
605020,502923984.375
605028,160000000.0
605033,135200000.0
605050,492829218.75
605055,440000000.0
605056,403393203.125
605058,142923896.484375
605060,238940390.625
605066,502433085.9375
605068,162198496.09375
605069,211697792.96875
605077,299429609.375
605080,140351201.171875
605081,113247099.609375
605086,179200000.0
605088,201193906.25
605089,138000000.0
605090,704527031.25
605098,119251103.515625
605099,401467304.6875
605100,237904804.6875
605108,260000000.0
605111,415332617.1875
605116,406183203.125
605117,1273102734.375
605118,408868515.625
605122,172354003.90625
605123,121170898.4375
605128,313986699.21875
605133,282118105.46875
605136,400458515.625
605138,555571601.5625
605151,134554199.21875
605155,186828496.09375
605158,511420000.0
605162,442846289.0625
605166,314734003.90625
605167,498969414.0625
605168,210816992.1875
605169,282880000.0
605177,113652304.6875
605178,99080000.0
605179,401000000.0
605180,169000000.0
605183,412429492.1875
605186,136000000.0
605188,502358515.625
605189,238234902.34375
605196,504962812.5
605198,270535996.09375
605199,400108789.0625
605208,329940000.0
605218,212833496.09375
605222,412903281.25
605228,477135312.5
605255,134080000.0
605258,88000000.0
605259,172480000.0
605266,154542900.390625
605268,440550000.0
605277,381761796.875
605286,168000000.0
605287,140000000.0
605288,98278496.09375
605289,152398496.09375
605296,517984414.0625
605298,186250996.09375
605299,407659296.875
605300,454398593.75
605303,161237402.34375
605305,212520000.0
605318,125729003.90625
605319,348151601.5625
605333,464040390.625
605336,183412402.34375
605337,390102617.1875
605338,239566699.21875
605339,424290585.9375
605358,740545312.5
605365,502012890.625
605366,772827734.375
605368,714635937.5
605369,220492890.625
605376,261600000.0
605377,556670312.5
605378,261346406.25
605388,600483984.375
605389,177146796.875
605398,162716396.484375
605399,311527304.6875
605488,276209492.1875
605499,676016875.0
605500,414400000.0
605507,782352890.625
605555,484068984.375
605566,133340000.0
605567,200000000.0
605577,444444492.1875
605580,280000000.0
605588,73099599.609375
605589,845918984.375
605598,243016796.875
605599,777777812.5
688001,471565585.9375
688002,469951796.875
688003,194320507.8125
688004,80087998.046875
688005,714618828.125
688006,603672109.375
688007,459615585.9375
688008,1146426484.375
688009,8621018125.0
688010,160561601.5625
688011,99662500.0
688012,936972968.75
688013,81155600.5859375
688015,188680703.125
688016,123262099.609375
688017,183330097.65625
688018,234384296.875
688019,227492695.3125
688020,82392998.046875
688021,76413701.171875
688022,175878300.78125
688023,102175097.65625
688025,95049404.296875
688026,140319599.609375
688027,80374399.4140625
688028,150949003.90625
688029,187847402.34375
688030,180235898.4375
688031,121135898.4375
688032,124073496.09375
688033,562198593.75
688035,142240000.0
688036,1151184531.25
688037,201627304.6875
688038,116373398.4375
688039,110601396.484375
688041,2324338125.0
688045,70577001.953125
688046,410000000.0
688047,401000000.0
688048,176279902.34375
688049,175167695.3125
688050,193437695.3125
688051,77333999.0234375
688052,142528398.4375
688053,100000000.0
688055,3333333437.5
688056,67452500.0
688057,276000000.0
688058,75836499.0234375
688059,93578603.515625
688060,60190698.2421875
688061,114889404.296875
688062,204170000.0
688063,245359296.875
688065,583378007.8125
688066,261278398.4375
688067,68000000.0
688068,92754101.5625
688069,156632998.046875
688070,88420498.046875
688071,84789697.265625
688072,282693007.8125
688073,90882900.390625
688075,127082802.734375
688076,316051894.53125
688077,114478496.09375
688078,72892998.046875
688079,404368515.625
688080,73656098.6328125
688081,103040000.0
688082,477413007.8125
688083,169646308.59375
688084,75659101.5625
688085,350615585.9375
688087,186245507.8125
688088,401170390.625
688089,168309101.5625
688090,122094199.21875
688091,206703593.75
688092,82663701.171875
688093,280382792.96875
688095,91359501.953125
688096,236044707.03125
688097,445008789.0625
688098,410643984.375
688099,423320000.0
688100,491685195.3125
688101,332012109.375
688102,781075000.0
688103,95315595.703125
688105,516985117.1875
688106,535384882.8125
688107,400849414.0625
688108,417951992.1875
688109,78842299.8046875
688110,442377382.8125
688111,464013398.4375
688112,159596904.296875
688113,64397597.65625
688114,415637617.1875
688115,66670000.0
688116,366532109.375
688117,220340390.625
688118,93316699.21875
688119,1125000000.0
688120,494731093.75
688121,202666699.21875
688122,649664492.1875
688123,158902597.65625
688125,81689702.1484375
688126,2731658750.0
688127,405897695.3125
688128,404500000.0
688129,120478798.828125
688130,60285097.65625
688131,212104003.90625
688132,152225195.3125
688133,164436992.1875
688135,233103906.25
688136,201257207.03125
688137,70175400.390625
688138,314800000.0
688139,316492890.625
688141,450321601.5625
688143,122374404.296875
688146,144970800.78125
688147,464463085.9375
688148,510173007.8125
688150,402437617.1875
688151,344500000.0
688152,101898095.703125
688153,409273710.9375
688155,126435996.09375
688156,100714199.21875
688157,156431103.515625
688158,409873906.25
688159,92728798.828125
688160,90832197.265625
688161,400000000.0
688162,137100800.78125
688163,108220000.0
688165,521780000.0
688166,435795000.0
688167,130139003.90625
688168,108059003.90625
688169,259261191.40625
688170,103360000.0
688171,83773398.4375
688172,1198754062.5
688173,411093984.375
688175,168112109.375
688176,435685898.4375
688177,414080000.0
688178,84997802.734375
688179,362006093.75
688180,766394062.5
688181,134481503.90625
688182,400000000.0
688183,831821171.875
688184,98167900.390625
688185,114372900.390625
688186,280489394.53125
688187,868907500.0
688188,289683808.59375
688189,274400000.0
688190,120000000.0
688191,328002695.3125
688192,461214101.5625
688193,40069899.90234375
688195,181090000.0
688196,127190800.78125
688197,64004902.34375
688198,137748095.703125
688199,161227304.6875
688200,200575097.65625
688201,302530800.78125
688202,134352197.265625
688203,202678105.46875
688205,159237500.0
688206,436578789.0625
688207,258973105.46875
688208,670183828.125
688209,433784101.5625
688210,162660498.046875
688211,131092900.390625
688212,134665302.734375
688213,323509492.1875
688215,90351298.828125
688216,106432900.390625
688217,55855898.4375
688218,116475302.734375
688219,549600000.0
688220,369139296.875
688221,374578710.9375
688222,400680000.0
688223,10269406250.0
688225,400010000.0
688226,188775507.8125
688227,113055302.734375
688228,67550800.78125
688229,44400000.0
688230,117600000.0
688231,246857109.375
688232,321981992.1875
688233,170305703.125
688234,429711093.75
688235,115055302.734375
688236,288428007.8125
688237,89682001.953125
688238,641145703.125
688239,190912402.34375
688244,150961503.90625
688246,137585595.703125
688247,453340000.0
688248,564700000.0
688249,2007591718.75
688251,99903300.78125
688252,409021289.0625
688253,136984296.875
688255,109858896.484375
688256,628293007.8125
688257,354386796.875
688258,121142197.265625
688259,111700000.0
688260,120000000.0
688261,122096601.5625
688262,335999882.8125
688265,77963500.9765625
688266,264708203.125
688267,228136308.59375
688268,127682001.953125
688269,130704003.90625
688270,299514609.375
688271,824157968.75
688272,76000000.0
688273,100000000.0
688275,126118496.09375
688276,413657617.1875
688277,455991992.1875
688278,408189492.1875
688279,93558095.703125
688280,520544101.5625
688281,381598906.25
688282,88000000.0
688283,121800000.0
688285,376289882.8125
688286,56059799.8046875
688288,99813701.171875
688289,579388007.8125
688290,102189697.265625
688291,102666699.21875
688292,158350898.4375
688293,113820195.3125
688295,900000000.0
688296,107393203.125
688297,675000000.0
688298,201600000.0
688299,287392890.625
688300,241469199.21875
688301,295972792.96875
688302,99015595.703125
688303,2145205781.25
688305,132213798.828125
688306,1228282812.5
688307,124283603.515625
688308,158781699.21875
688309,79401298.828125
688310,164324609.375
688311,173791796.875
688312,146715000.0
688313,451986289.0625
688314,81239199.21875
688315,416200000.0
688316,47898100.5859375
688317,192158007.8125
688318,358567304.6875
688319,405409296.875
688320,151013701.171875
688321,407808203.125
688322,318676406.25
688323,180001796.875
688325,83330898.4375
688326,111623496.09375
688327,834867812.5
688328,94456298.828125
688329,77200000.0
688330,140000000.0
688331,163093095.703125
688332,178485292.96875
688333,274322207.03125
688334,156904697.265625
688335,148034599.609375
688336,894339375.0
688337,185916992.1875
688338,106142402.34375
688339,195787109.375
688343,359603398.4375
688345,101386103.515625
688347,407750000.0
688348,156277402.34375
688349,1545340312.5
688350,143244599.609375
688351,470600000.0
688352,365887382.8125
688353,159500000.0
688355,123956103.515625
688356,60650698.2421875
688357,100059902.34375
688358,111975595.703125
688359,98746103.515625
688360,252285996.09375
688361,350163203.125
688362,451419609.375
688363,481678203.125
688365,425824687.5
688366,194051894.53125
688367,87624599.609375
688368,123535195.3125
688369,115218095.703125
688370,137107900.390625
688371,335472304.6875
688372,168088398.4375
688373,605637890.625
688375,596014882.8125
688376,135251904.296875
688377,233571308.59375
688378,240960605.46875
688379,90085498.046875
688380,400365000.0
688381,247500000.0
688382,579591992.1875
688383,101646503.90625
688385,539389296.875
688386,91000000.0
688387,2016777187.5
688388,659907265.625
688389,428485703.125
688390,243062207.03125
688391,115593896.484375
688392,115733398.4375
688393,93567695.3125
688395,86597695.3125
688396,1328210625.0
688398,167814199.21875
688399,83871699.21875
688400,460976718.75
688401,193349492.1875
688403,990938203.125
688408,219065898.4375
688409,306210800.78125
688410,319600605.46875
688411,132574296.875
688416,83175996.09375
688418,192554609.375
688419,114551699.21875
688420,88430000.0
688425,5333496875.0
688426,112227597.65625
688428,268359707.03125
688429,119827304.6875
688432,1250301875.0
688433,415577500.0
688435,56048100.5859375
688439,200000000.0
688443,116680000.0
688448,97518896.484375
688449,293204101.5625
688450,48930698.2421875
688455,168030703.125
688456,103660000.0
688458,93731601.5625
688459,480000000.0
688466,122154199.21875
688468,401108007.8125
688469,5869800000.0
688472,3643140000.0
688475,787500000.0
688478,138366103.515625
688479,86524404.296875
688480,95326201.171875
688484,427663203.125
688485,88757998.046875
688486,186859902.34375
688488,420782812.5
688489,168277402.34375
688496,237945605.46875
688498,122892099.609375
688499,168728496.09375
688500,74001499.0234375
688501,124225996.09375
688502,52800600.5859375
688503,242033691.40625
688505,710572109.375
688506,412873789.0625
688507,49235698.2421875
688508,132420302.734375
688509,384792187.5
688510,259922597.65625
688511,133677900.390625
688512,324570292.96875
688513,176532304.6875
688515,49819399.4140625
688516,314760390.625
688517,136613203.125
688518,341325117.1875
688519,235180390.625
688520,445335703.125
688521,525915312.5
688522,172184492.1875
688523,406880000.0
688525,471566601.5625
688526,466128007.8125
688528,168000000.0
688529,168175996.09375
688530,69778798.828125
688531,114778798.828125
688533,164986992.1875
688535,119297900.390625
688536,135649003.90625
688538,5752235625.0
688539,185920000.0
688543,139154404.296875
688545,182250000.0
688548,691208984.375
688549,589318984.375
688550,173844394.53125
688551,108994599.609375
688552,337248007.8125
688553,507411601.5625
688556,830773906.25
688557,102679599.609375
688558,132000000.0
688559,247759003.90625
688560,201301894.53125
688561,682252734.375
688562,400000000.0
688563,116989003.90625
688565,149730000.0
688566,201101601.5625
688567,1222103906.25
688568,808078906.25
688569,210666699.21875
688570,188200000.0
688571,424170703.125
688573,53216201.171875
688575,571388281.25
688576,21792199.70703125
688577,155791601.5625
688578,450000000.0
688579,400010000.0
688580,95771298.828125
688581,41559702.1484375
688582,250219101.5625
688583,30803400.87890625
688584,343300195.3125
688585,403361718.75
688586,791339062.5
688588,400010000.0
688589,145328496.09375
688590,281517207.03125
688591,169257792.96875
688592,38521799.31640625
688593,459529414.0625
688595,144093496.09375
688596,294131894.53125
688597,336060312.5
688598,203575605.46875
688599,2342567656.25
688600,134708496.09375
688601,133692695.3125
688602,259596191.40625
688603,47421601.5625
688605,108351699.21875
688606,79280898.4375
688607,79328999.0234375
688608,169204296.875
688609,500000000.0
688610,40932600.09765625
688611,153389599.609375
688612,252552597.65625
688613,137008603.515625
688615,135338300.78125
688616,179378300.78125
688617,141529199.21875
688618,110047900.390625
688619,185438007.8125
688620,232318496.09375
688621,112000000.0
688622,70465498.046875
688623,24665100.09765625
688625,262511503.90625
688626,160000000.0
688627,72468100.5859375
688628,111767597.65625
688629,181783007.8125
688630,131740703.125
688631,64870000.0
688633,170400605.46875
688635,17756500.244140625
688636,173906406.25
688638,26461000.9765625
688639,250115703.125
688646,57985000.0
688648,69528901.3671875
688651,32454399.4140625
688652,120750000.0
688653,316411601.5625
688655,133390000.0
688656,63479702.1484375
688657,59694501.953125
688658,450000000.0
688659,160000000.0
688660,1333333437.5
688661,151887802.734375
688662,114705595.703125
688663,141474599.609375
688665,101192304.6875
688667,52695498.046875
688668,139270595.703125
688669,121333300.78125
688670,123200000.0
688671,46847099.609375
688676,459784414.0625
688677,119877001.953125
688678,403106484.375
688679,131689697.265625
688680,97570996.09375
688681,104670000.0
688682,101838896.484375
688683,155177900.390625
688685,146851699.21875
688686,122235498.046875
688687,170944394.53125
688689,128903896.484375
688690,403814804.6875
688691,72965000.0
688692,74164702.1484375
688693,38904399.4140625
688695,53395498.046875
688696,70020000.0
688697,640266718.75
688698,214022792.96875
688699,110064599.609375
688700,298401406.25
688701,134277402.34375
688702,202991796.875
688707,508740195.3125
688708,142276298.828125
688709,221746308.59375
688710,90694003.90625
688711,213092792.96875
688712,37114699.70703125
688716,69927202.1484375
688717,99047802.734375
688718,173754394.53125
688719,89722304.6875
688720,78480400.390625
688721,53484501.953125
688722,224105195.3125
688726,219924492.1875
688727,54028198.2421875
688728,2498887187.5
688729,215000898.4375
688733,199775195.3125
688737,119564501.953125
688739,411635390.625
688750,232918300.78125
688755,79867202.1484375
688757,181220390.625
688758,298183691.40625
688759,53369301.7578125
688765,46280000.0
688766,148703603.515625
688767,149333300.78125
688768,87263496.09375
688772,1132185703.125
688775,259358203.125
688776,108383398.4375
688777,787199062.5
688778,504691093.75
688779,1929219843.75
688781,40835100.09765625
688783,185177597.65625
688785,12727700.1953125
688786,172560000.0
688787,60325200.1953125
688788,218904199.21875
688789,180256093.75
688790,12675799.560546875
688793,85945400.390625
688795,30225500.48828125
688796,38607500.0
688798,135743203.125
688799,133637001.953125
688800,287583808.59375
688802,18528599.853515625
688805,31518898.92578125
688807,15035699.462890625
688808,19296099.853515625
688809,24353000.48828125
688811,92126103.515625
688813,30076999.51171875
688816,19284200.439453125
688818,132016298.828125
688819,972100000.0
688820,172902597.65625
688981,1999562500.0
689009,561578320.3125
