code,exchange,name,requested_until,updated_at
000001,sz,平安银行,2026-06-15,2026-06-15 16:04:19
000002,sz,万科A,2026-06-15,2026-06-15 16:04:19
000004,sz,*ST国华,2026-06-15,2026-06-15 16:04:19
000006,sz,深振业A,2026-06-15,2026-06-15 16:04:19
000007,sz,全新好,2026-06-15,2026-06-15 16:04:19
000008,sz,神州高铁,2026-06-15,2026-06-15 16:04:19
000009,sz,中国宝安,2026-06-15,2026-06-15 16:04:19
000010,sz,*ST美丽,2026-06-15,2026-06-15 16:04:19
000011,sz,深物业A,2026-06-15,2026-06-15 16:04:19
000012,sz,南玻A,2026-06-15,2026-06-15 16:04:19
000014,sz,沙河股份,2026-06-15,2026-06-15 16:04:19
000016,sz,*ST康佳A,2026-06-15,2026-06-15 16:04:19
000017,sz,深中华A,2026-06-15,2026-06-15 16:04:19
000019,sz,深粮控股,2026-06-15,2026-06-15 16:04:19
000020,sz,深华发A,2026-06-15,2026-06-15 16:04:19
000021,sz,深科技,2026-06-15,2026-06-15 16:04:19
000025,sz,特力A,2026-06-15,2026-06-15 16:04:19
000026,sz,飞亚达,2026-06-15,2026-06-15 16:04:19
000027,sz,深圳能源,2026-06-15,2026-06-15 16:04:19
000028,sz,国药一致,2026-06-15,2026-06-15 16:04:19
000029,sz,深深房A,2026-06-15,2026-06-15 16:04:19
000030,sz,富奥股份,2026-06-15,2026-06-15 16:04:19
000031,sz,大悦城,2026-06-15,2026-06-15 16:04:19
000032,sz,深桑达A,2026-06-15,2026-06-15 16:04:19
000034,sz,神州数码,2026-06-15,2026-06-15 16:04:19
000035,sz,中国天楹,2026-06-15,2026-06-15 16:04:19
000036,sz,华联控股,2026-06-15,2026-06-15 16:04:19
000037,sz,深南电A,2026-06-15,2026-06-15 16:04:19
000039,sz,中集集团,2026-06-15,2026-06-15 16:04:19
000042,sz,中洲控股,2026-06-15,2026-06-15 16:04:19
000045,sz,深纺织A,2026-06-15,2026-06-15 16:04:19
000048,sz,京基智农,2026-06-15,2026-06-15 16:04:19
000049,sz,德赛电池,2026-06-15,2026-06-15 16:04:19
000050,sz,深天马A,2026-06-15,2026-06-15 16:04:19
000055,sz,方大集团,2026-06-15,2026-06-15 16:04:19
000056,sz,*ST皇庭,2026-06-15,2026-06-15 16:04:19
000058,sz,深赛格,2026-06-15,2026-06-15 16:04:19
000059,sz,华锦股份,2026-06-15,2026-06-15 16:04:19
000060,sz,中金岭南,2026-06-15,2026-06-15 16:04:19
000061,sz,农产品,2026-06-15,2026-06-15 16:04:19
000062,sz,深圳华强,2026-06-15,2026-06-15 16:04:19
000063,sz,中兴通讯,2026-06-15,2026-06-15 16:04:19
000065,sz,北方国际,2026-06-15,2026-06-15 16:04:19
000066,sz,中国长城,2026-06-15,2026-06-15 16:04:19
000068,sz,华控赛格,2026-06-15,2026-06-15 16:04:19
000069,sz,华侨城A,2026-06-15,2026-06-15 16:04:19
000070,sz,特发信息,2026-06-15,2026-06-15 16:04:19
000078,sz,ST海王,2026-06-15,2026-06-15 16:04:19
000088,sz,盐田港,2026-06-15,2026-06-15 16:04:19
000089,sz,深圳机场,2026-06-15,2026-06-15 16:04:19
000090,sz,天健集团,2026-06-15,2026-06-15 16:04:19
000096,sz,广聚能源,2026-06-15,2026-06-15 16:04:19
000099,sz,中信海直,2026-06-15,2026-06-15 16:04:19
000100,sz,TCL科技,2026-06-15,2026-06-15 16:04:19
000151,sz,中成股份,2026-06-15,2026-06-15 16:04:19
000153,sz,丰原药业,2026-06-15,2026-06-15 16:04:19
000155,sz,川能动力,2026-06-15,2026-06-15 16:04:19
000156,sz,华数传媒,2026-06-15,2026-06-15 16:04:19
000157,sz,中联重科,2026-06-15,2026-06-15 16:04:19
000158,sz,常山北明,2026-06-15,2026-06-15 16:04:19
000159,sz,国际实业,2026-06-15,2026-06-15 16:04:19
000166,sz,申万宏源,2026-06-15,2026-06-15 16:04:19
000301,sz,东方盛虹,2026-06-15,2026-06-15 16:04:19
000333,sz,美的集团,2026-06-15,2026-06-15 16:04:19
000338,sz,潍柴动力,2026-06-15,2026-06-15 16:04:19
000400,sz,许继电气,2026-06-15,2026-06-15 16:04:19
000401,sz,金隅冀东,2026-06-15,2026-06-15 16:04:19
000402,sz,金融街,2026-06-15,2026-06-15 16:04:19
000403,sz,派林生物,2026-06-15,2026-06-15 16:04:19
000404,sz,长虹华意,2026-06-15,2026-06-15 16:04:19
000407,sz,胜利股份,2026-06-15,2026-06-15 16:04:19
000408,sz,藏格矿业,2026-06-15,2026-06-15 16:04:19
000409,sz,云鼎科技,2026-06-15,2026-06-15 16:04:19
000410,sz,沈阳机床,2026-06-15,2026-06-15 16:04:19
000411,sz,英特集团,2026-06-15,2026-06-15 16:04:19
000415,sz,渤海租赁,2026-06-15,2026-06-15 16:04:19
000417,sz,合百集团,2026-06-15,2026-06-15 16:04:19
000419,sz,通程控股,2026-06-15,2026-06-15 16:04:19
000420,sz,吉林化纤,2026-06-15,2026-06-15 16:04:19
000421,sz,南京公用,2026-06-15,2026-06-15 16:04:19
000422,sz,湖北宜化,2026-06-15,2026-06-15 16:04:19
000423,sz,东阿阿胶,2026-06-15,2026-06-15 16:04:19
000425,sz,徐工机械,2026-06-15,2026-06-15 16:04:19
000426,sz,兴业银锡,2026-06-15,2026-06-15 16:04:19
000428,sz,华天酒店,2026-06-15,2026-06-15 16:04:19
000429,sz,粤高速A,2026-06-15,2026-06-15 16:04:19
000430,sz,张家界,2026-06-15,2026-06-15 16:04:19
000488,sz,ST晨鸣,2026-06-15,2026-06-15 16:04:19
000498,sz,山东路桥,2026-06-15,2026-06-15 16:04:19
000501,sz,武商集团,2026-06-15,2026-06-15 16:04:19
000503,sz,国新健康,2026-06-15,2026-06-15 16:04:19
000504,sz,*ST生物,2026-06-15,2026-06-15 16:04:19
000505,sz,京粮控股,2026-06-15,2026-06-15 16:04:19
000506,sz,招金黄金,2026-06-15,2026-06-15 16:04:19
000507,sz,珠海港,2026-06-15,2026-06-15 16:04:19
000509,sz,华塑控股,2026-06-15,2026-06-15 16:04:19
000510,sz,新金路,2026-06-15,2026-06-15 16:04:19
000513,sz,丽珠集团,2026-06-15,2026-06-15 16:04:19
000514,sz,渝开发,2026-06-15,2026-06-15 16:04:19
000516,sz,国际医学,2026-06-15,2026-06-15 16:04:19
000517,sz,荣安地产,2026-06-15,2026-06-15 16:04:19
000518,sz,四环生物,2026-06-15,2026-06-15 16:04:19
000519,sz,中兵红箭,2026-06-15,2026-06-15 16:04:19
000520,sz,凤凰航运,2026-06-15,2026-06-15 16:04:19
000521,sz,长虹美菱,2026-06-15,2026-06-15 16:04:19
000523,sz,红棉股份,2026-06-15,2026-06-15 16:04:19
000524,sz,岭南控股,2026-06-15,2026-06-15 16:04:19
000525,sz,红太阳,2026-06-15,2026-06-15 16:04:19
000526,sz,学大教育,2026-06-15,2026-06-15 16:04:19
000528,sz,柳工,2026-06-15,2026-06-15 16:04:19
000529,sz,广弘控股,2026-06-15,2026-06-15 16:04:19
000530,sz,冰山冷热,2026-06-15,2026-06-15 16:04:19
000531,sz,穗恒运A,2026-06-15,2026-06-15 16:04:19
000532,sz,华金资本,2026-06-15,2026-06-15 16:04:19
000533,sz,顺钠股份,2026-06-15,2026-06-15 16:04:19
000534,sz,万泽股份,2026-06-15,2026-06-15 16:04:19
000536,sz,华映科技,2026-06-15,2026-06-15 16:04:19
000537,sz,绿发电力,2026-06-15,2026-06-15 16:04:19
000538,sz,云南白药,2026-06-15,2026-06-15 16:04:19
000539,sz,粤电力A,2026-06-15,2026-06-15 16:04:19
000541,sz,佛山照明,2026-06-15,2026-06-15 16:04:19
000543,sz,皖能电力,2026-06-15,2026-06-15 16:04:19
000544,sz,中原环保,2026-06-15,2026-06-15 16:04:19
000545,sz,金浦钛业,2026-06-15,2026-06-15 16:04:19
000546,sz,金圆股份,2026-06-15,2026-06-15 16:04:19
000547,sz,航天发展,2026-06-15,2026-06-15 16:04:19
000548,sz,湖南投资,2026-06-15,2026-06-15 16:04:19
000550,sz,江铃汽车,2026-06-15,2026-06-15 16:04:19
000551,sz,创元科技,2026-06-15,2026-06-15 16:04:19
000552,sz,甘肃能化,2026-06-15,2026-06-15 16:04:19
000553,sz,安道麦A,2026-06-15,2026-06-15 16:04:19
000554,sz,泰山石油,2026-06-15,2026-06-15 16:04:19
000555,sz,神州信息,2026-06-15,2026-06-15 16:04:19
000557,sz,西部创业,2026-06-15,2026-06-15 16:04:19
000558,sz,天府文旅,2026-06-15,2026-06-15 16:04:19
000559,sz,万向钱潮,2026-06-15,2026-06-15 16:04:19
000560,sz,我爱我家,2026-06-15,2026-06-15 16:04:19
000561,sz,烽火电子,2026-06-15,2026-06-15 16:04:19
000563,sz,陕国投A,2026-06-15,2026-06-15 16:04:19
000564,sz,供销大集,2026-06-15,2026-06-15 16:04:19
000565,sz,渝三峡A,2026-06-15,2026-06-15 16:04:19
000566,sz,海南海药,2026-06-15,2026-06-15 16:04:19
000567,sz,海德股份,2026-06-15,2026-06-15 16:04:19
000568,sz,泸州老窖,2026-06-15,2026-06-15 16:04:19
000570,sz,苏常柴A,2026-06-15,2026-06-15 16:04:19
000571,sz,新大洲A,2026-06-15,2026-06-15 16:04:19
000572,sz,海马汽车,2026-06-15,2026-06-15 16:04:19
000573,sz,粤宏远A,2026-06-15,2026-06-15 16:04:19
000576,sz,甘化科工,2026-06-15,2026-06-15 16:04:19
000581,sz,威孚高科,2026-06-15,2026-06-15 16:04:19
000582,sz,北部湾港,2026-06-15,2026-06-15 16:04:19
000586,sz,汇源通信,2026-06-15,2026-06-15 16:04:19
000589,sz,贵州轮胎,2026-06-15,2026-06-15 16:04:19
000590,sz,古汉医药,2026-06-15,2026-06-15 16:04:19
000591,sz,太阳能,2026-06-15,2026-06-15 16:04:19
000592,sz,平潭发展,2026-06-15,2026-06-15 16:04:19
000593,sz,德龙汇能,2026-06-15,2026-06-15 16:04:19
000595,sz,*ST宝实,2026-06-15,2026-06-15 16:04:19
000596,sz,古井贡酒,2026-06-15,2026-06-15 16:04:19
000597,sz,东北制药,2026-06-15,2026-06-15 16:04:19
000598,sz,兴蓉环境,2026-06-15,2026-06-15 16:04:19
000599,sz,青岛双星,2026-06-15,2026-06-15 16:04:19
000600,sz,建投能源,2026-06-15,2026-06-15 16:04:19
000601,sz,韶能股份,2026-06-15,2026-06-15 16:04:19
000603,sz,盛达资源,2026-06-15,2026-06-15 16:04:19
000605,sz,渤海股份,2026-06-15,2026-06-15 16:04:19
000607,sz,华媒控股,2026-06-15,2026-06-15 16:04:19
000608,sz,阳光股份,2026-06-15,2026-06-15 16:04:19
000609,sz,*ST中迪,2026-06-15,2026-06-15 16:04:19
000610,sz,*ST西旅,2026-06-15,2026-06-15 16:04:19
000612,sz,焦作万方,2026-06-15,2026-06-15 16:04:19
000615,sz,*ST美谷,2026-06-15,2026-06-15 16:04:19
000617,sz,中油资本,2026-06-15,2026-06-15 16:04:19
000619,sz,海螺新材,2026-06-15,2026-06-15 16:04:19
000620,sz,盈新发展,2026-06-15,2026-06-15 16:04:19
000623,sz,吉林敖东,2026-06-15,2026-06-15 16:04:19
000625,sz,长安汽车,2026-06-15,2026-06-15 16:04:19
000626,sz,远大控股,2026-06-15,2026-06-15 16:04:19
000628,sz,高新发展,2026-06-15,2026-06-15 16:04:19
000629,sz,钒钛股份,2026-06-15,2026-06-15 16:04:19
000630,sz,铜陵有色,2026-06-15,2026-06-15 16:04:19
000631,sz,顺发恒能,2026-06-15,2026-06-15 16:04:19
000632,sz,ST三木,2026-06-15,2026-06-15 16:04:19
000633,sz,合金投资,2026-06-15,2026-06-15 16:04:19
000635,sz,英力特,2026-06-15,2026-06-15 16:04:19
000636,sz,风华高科,2026-06-15,2026-06-15 16:04:19
000637,sz,茂化实华,2026-06-15,2026-06-15 16:04:19
000638,sz,,2026-06-02,2026-06-15 16:04:19
000639,sz,ST西王,2026-06-15,2026-06-15 16:04:19
000650,sz,仁和药业,2026-06-15,2026-06-15 16:04:19
000651,sz,格力电器,2026-06-15,2026-06-15 16:04:19
000652,sz,泰达股份,2026-06-15,2026-06-15 16:04:19
000655,sz,金岭矿业,2026-06-15,2026-06-15 16:04:19
000656,sz,*ST金科,2026-06-15,2026-06-15 16:04:19
000657,sz,中钨高新,2026-06-15,2026-06-15 16:04:19
000659,sz,珠海中富,2026-06-15,2026-06-15 16:04:19
000661,sz,长春高新,2026-06-15,2026-06-15 16:04:19
000663,sz,永安林业,2026-06-15,2026-06-15 16:04:19
000665,sz,湖北广电,2026-06-15,2026-06-15 16:04:19
000668,sz,荣丰控股,2026-06-15,2026-06-15 16:04:19
000669,sz,ST金鸿,2026-06-15,2026-06-15 16:04:19
000670,sz,盈方微,2026-06-15,2026-06-15 16:04:19
000672,sz,上峰材料,2026-06-15,2026-06-15 16:04:19
000676,sz,智度股份,2026-06-15,2026-06-15 16:04:19
000677,sz,ST海龙,2026-06-15,2026-06-15 16:04:19
000678,sz,襄阳轴承,2026-06-15,2026-06-15 16:04:19
000679,sz,大连友谊,2026-06-15,2026-06-15 16:04:19
000680,sz,山推股份,2026-06-15,2026-06-15 16:04:19
000681,sz,视觉中国,2026-06-15,2026-06-15 16:04:19
000682,sz,东方电子,2026-06-15,2026-06-15 16:04:19
000683,sz,博源化工,2026-06-15,2026-06-15 16:04:19
000685,sz,中山公用,2026-06-15,2026-06-15 16:04:19
000686,sz,东北证券,2026-06-15,2026-06-15 16:04:19
000688,sz,国城矿业,2026-06-15,2026-06-15 16:04:19
000690,sz,宝新能源,2026-06-15,2026-06-15 16:04:19
000691,sz,亚太实业,2026-06-15,2026-06-15 16:04:19
000692,sz,惠天热电,2026-06-15,2026-06-15 16:04:19
000695,sz,滨海能源,2026-06-15,2026-06-15 16:04:19
000697,sz,炼石航空,2026-06-15,2026-06-15 16:04:19
000698,sz,ST沈化,2026-06-15,2026-06-15 16:04:19
000700,sz,模塑科技,2026-06-15,2026-06-15 16:04:19
000701,sz,厦门信达,2026-06-15,2026-06-15 16:04:19
000702,sz,正虹科技,2026-06-15,2026-06-15 16:04:19
000703,sz,恒逸石化,2026-06-15,2026-06-15 16:04:19
000705,sz,浙江震元,2026-06-15,2026-06-15 16:04:19
000707,sz,双环科技,2026-06-15,2026-06-15 16:04:19
000708,sz,中信特钢,2026-06-15,2026-06-15 16:04:19
000709,sz,河钢股份,2026-06-15,2026-06-15 16:04:19
000710,sz,贝瑞基因,2026-06-15,2026-06-15 16:04:19
000711,sz,ST京蓝,2026-06-15,2026-06-15 16:04:19
000712,sz,锦龙股份,2026-06-15,2026-06-15 16:04:19
000713,sz,国投丰乐,2026-06-15,2026-06-15 16:04:19
000715,sz,中兴商业,2026-06-15,2026-06-15 16:04:19
000716,sz,黑芝麻,2026-06-15,2026-06-15 16:04:19
000717,sz,中南股份,2026-06-15,2026-06-15 16:04:19
000718,sz,苏宁环球,2026-06-15,2026-06-15 16:04:19
000719,sz,中原传媒,2026-06-15,2026-06-15 16:04:19
000720,sz,新能泰山,2026-06-15,2026-06-15 16:04:19
000721,sz,西安饮食,2026-06-15,2026-06-15 16:04:19
000722,sz,湖南发展,2026-06-15,2026-06-15 16:04:19
000723,sz,美锦能源,2026-06-15,2026-06-15 16:04:19
000725,sz,京东方A,2026-06-15,2026-06-15 16:04:19
000726,sz,鲁泰A,2026-06-15,2026-06-15 16:04:19
000727,sz,冠捷科技,2026-06-15,2026-06-15 16:04:19
000728,sz,国元证券,2026-06-15,2026-06-15 16:04:19
000729,sz,燕京啤酒,2026-06-15,2026-06-15 16:04:19
000731,sz,四川美丰,2026-06-15,2026-06-15 16:04:19
000733,sz,振华科技,2026-06-15,2026-06-15 16:04:19
000735,sz,罗牛山,2026-06-15,2026-06-15 16:04:19
000736,sz,中交地产,2026-06-15,2026-06-15 16:04:19
000737,sz,北方铜业,2026-06-15,2026-06-15 16:04:19
000738,sz,航发控制,2026-06-15,2026-06-15 16:04:19
000739,sz,普洛药业,2026-06-15,2026-06-15 16:04:19
000750,sz,国海证券,2026-06-15,2026-06-15 16:04:19
000751,sz,锌业股份,2026-06-15,2026-06-15 16:04:19
000752,sz,*ST西发,2026-06-15,2026-06-15 16:04:19
000753,sz,漳州发展,2026-06-15,2026-06-15 16:04:19
000755,sz,山西高速,2026-06-15,2026-06-15 16:04:19
000756,sz,新华制药,2026-06-15,2026-06-15 16:04:19
000757,sz,浩物股份,2026-06-15,2026-06-15 16:04:19
000758,sz,中色股份,2026-06-15,2026-06-15 16:04:19
000759,sz,中百集团,2026-06-15,2026-06-15 16:04:19
000761,sz,本钢板材,2026-06-15,2026-06-15 16:04:19
000762,sz,西藏矿业,2026-06-15,2026-06-15 16:04:19
000766,sz,通化金马,2026-06-15,2026-06-15 16:04:19
000767,sz,晋控电力,2026-06-15,2026-06-15 16:04:19
000768,sz,中航西飞,2026-06-15,2026-06-15 16:04:19
000776,sz,广发证券,2026-06-15,2026-06-15 16:04:19
000777,sz,中核科技,2026-06-15,2026-06-15 16:04:19
000778,sz,新兴铸管,2026-06-15,2026-06-15 16:04:19
000779,sz,甘咨询,2026-06-15,2026-06-15 16:04:19
000782,sz,恒申新材,2026-06-15,2026-06-15 16:04:19
000783,sz,长江证券,2026-06-15,2026-06-15 16:04:19
000785,sz,居然智家,2026-06-15,2026-06-15 16:04:19
000786,sz,北新建材,2026-06-15,2026-06-15 16:04:19
000788,sz,北大医药,2026-06-15,2026-06-15 16:04:19
000789,sz,万年青,2026-06-15,2026-06-15 16:04:19
000790,sz,华神科技,2026-06-15,2026-06-15 16:04:19
000791,sz,甘肃能源,2026-06-15,2026-06-15 16:04:19
000792,sz,盐湖股份,2026-06-15,2026-06-15 16:04:19
000793,sz,*ST华闻,2026-06-15,2026-06-15 16:04:19
000795,sz,英洛华,2026-06-15,2026-06-15 16:04:19
000796,sz,凯撒旅业,2026-06-15,2026-06-15 16:04:19
000797,sz,中国武夷,2026-06-15,2026-06-15 16:04:19
000798,sz,中水渔业,2026-06-15,2026-06-15 16:04:19
000799,sz,酒鬼酒,2026-06-15,2026-06-15 16:04:19
000800,sz,一汽解放,2026-06-15,2026-06-15 16:04:19
000801,sz,四川九洲,2026-06-15,2026-06-15 16:04:19
000802,sz,北京文化,2026-06-15,2026-06-15 16:04:19
000803,sz,山高环能,2026-06-15,2026-06-15 16:04:19
000807,sz,云铝股份,2026-06-15,2026-06-15 16:04:19
000809,sz,和展能源,2026-06-15,2026-06-15 16:04:19
000810,sz,创维数字,2026-06-15,2026-06-15 16:04:19
000811,sz,冰轮环境,2026-06-15,2026-06-15 16:04:19
000812,sz,陕西金叶,2026-06-15,2026-06-15 16:04:19
000813,sz,德展健康,2026-06-15,2026-06-15 16:04:19
000815,sz,美利云,2026-06-15,2026-06-15 16:04:19
000816,sz,智慧农业,2026-06-15,2026-06-15 16:04:19
000818,sz,航锦科技,2026-06-15,2026-06-15 16:04:19
000819,sz,岳阳兴长,2026-06-15,2026-06-15 16:04:19
000820,sz,*ST节能,2026-06-15,2026-06-15 16:04:19
000821,sz,ST京机,2026-06-15,2026-06-15 16:04:19
000822,sz,山东海化,2026-06-15,2026-06-15 16:04:19
000823,sz,超声电子,2026-06-15,2026-06-15 16:04:19
000825,sz,太钢不锈,2026-06-15,2026-06-15 16:04:19
000826,sz,*ST启环,2026-06-15,2026-06-15 16:04:19
000828,sz,东莞控股,2026-06-15,2026-06-15 16:04:19
000829,sz,天音控股,2026-06-15,2026-06-15 16:04:19
000830,sz,鲁西化工,2026-06-15,2026-06-15 16:04:19
000831,sz,中国稀土,2026-06-15,2026-06-15 16:04:19
000833,sz,粤桂股份,2026-06-15,2026-06-15 16:04:19
000837,sz,秦川机床,2026-06-15,2026-06-15 16:04:19
000838,sz,*ST发展,2026-06-15,2026-06-15 16:04:19
000839,sz,国安股份,2026-06-15,2026-06-15 16:04:19
000848,sz,承德露露,2026-06-15,2026-06-15 16:04:19
000850,sz,华茂股份,2026-06-15,2026-06-15 16:04:19
000852,sz,石化机械,2026-06-15,2026-06-15 16:04:19
000856,sz,冀东装备,2026-06-15,2026-06-15 16:04:19
000858,sz,五粮液,2026-06-15,2026-06-15 16:04:19
000859,sz,国风新材,2026-06-15,2026-06-15 16:04:19
000860,sz,顺鑫农业,2026-06-15,2026-06-15 16:04:19
000862,sz,银星能源,2026-06-15,2026-06-15 16:04:19
000863,sz,三湘印象,2026-06-15,2026-06-15 16:04:19
000868,sz,安凯客车,2026-06-15,2026-06-15 16:04:19
000869,sz,张裕A,2026-06-15,2026-06-15 16:04:19
000875,sz,电投绿能,2026-06-15,2026-06-15 16:04:19
000876,sz,新希望,2026-06-15,2026-06-15 16:04:19
000877,sz,天山股份,2026-06-15,2026-06-15 16:04:19
000878,sz,云南铜业,2026-06-15,2026-06-15 16:04:19
000880,sz,潍柴重机,2026-06-15,2026-06-15 16:04:19
000881,sz,中广核技,2026-06-15,2026-06-15 16:04:19
000882,sz,华联股份,2026-06-15,2026-06-15 16:04:19
000883,sz,湖北能源,2026-06-15,2026-06-15 16:04:19
000885,sz,城发环境,2026-06-15,2026-06-15 16:04:19
000886,sz,海南高速,2026-06-15,2026-06-15 16:04:19
000887,sz,中鼎股份,2026-06-15,2026-06-15 16:04:19
000888,sz,峨眉山A,2026-06-15,2026-06-15 16:04:19
000889,sz,中嘉博创,2026-06-15,2026-06-15 16:04:19
000890,sz,法尔胜,2026-06-15,2026-06-15 16:04:19
000892,sz,欢瑞世纪,2026-06-15,2026-06-15 16:04:19
000893,sz,亚钾国际,2026-06-15,2026-06-15 16:04:19
000895,sz,双汇发展,2026-06-15,2026-06-15 16:04:19
000897,sz,津滨发展,2026-06-15,2026-06-15 16:04:19
000898,sz,鞍钢股份,2026-06-15,2026-06-15 16:04:19
000899,sz,赣能股份,2026-06-15,2026-06-15 16:04:19
000900,sz,现代投资,2026-06-15,2026-06-15 16:04:19
000901,sz,航天科技,2026-06-15,2026-06-15 16:04:19
000902,sz,新洋丰,2026-06-15,2026-06-15 16:04:19
000903,sz,ST云动,2026-06-15,2026-06-15 16:04:19
000905,sz,厦门港务,2026-06-15,2026-06-15 16:04:19
000906,sz,浙商中拓,2026-06-15,2026-06-15 16:04:19
000908,sz,ST景峰,2026-06-15,2026-06-15 16:04:19
000909,sz,*ST数源,2026-06-15,2026-06-15 16:04:19
000910,sz,大亚圣象,2026-06-15,2026-06-15 16:04:19
000911,sz,*ST广糖,2026-06-15,2026-06-15 16:04:19
000912,sz,泸天化,2026-06-15,2026-06-15 16:04:19
000913,sz,钱江摩托,2026-06-15,2026-06-15 16:04:19
000915,sz,华特达因,2026-06-15,2026-06-15 16:04:19
000917,sz,电广传媒,2026-06-15,2026-06-15 16:04:19
000919,sz,金陵药业,2026-06-15,2026-06-15 16:04:19
000920,sz,沃顿科技,2026-06-15,2026-06-15 16:04:19
000921,sz,海信家电,2026-06-15,2026-06-15 16:04:19
000922,sz,佳电股份,2026-06-15,2026-06-15 16:04:19
000923,sz,河钢资源,2026-06-15,2026-06-15 16:04:19
000925,sz,众合科技,2026-06-15,2026-06-15 16:04:19
000926,sz,福星股份,2026-06-15,2026-06-15 16:04:19
000927,sz,中国铁物,2026-06-15,2026-06-15 16:04:19
000928,sz,中钢国际,2026-06-15,2026-06-15 16:04:19
000929,sz,*ST兰黄,2026-06-15,2026-06-15 16:04:19
000930,sz,中粮科技,2026-06-15,2026-06-15 16:04:19
000931,sz,中关村,2026-06-15,2026-06-15 16:04:19
000932,sz,华菱钢铁,2026-06-15,2026-06-15 16:04:19
000933,sz,神火股份,2026-06-15,2026-06-15 16:04:19
000935,sz,四川双马,2026-06-15,2026-06-15 16:04:19
000936,sz,华西股份,2026-06-15,2026-06-15 16:04:19
000937,sz,冀中能源,2026-06-15,2026-06-15 16:04:19
000938,sz,紫光股份,2026-06-15,2026-06-15 16:04:19
000948,sz,南天信息,2026-06-15,2026-06-15 16:04:19
000949,sz,新乡化纤,2026-06-15,2026-06-15 16:04:19
000950,sz,重药控股,2026-06-15,2026-06-15 16:04:19
000951,sz,中国重汽,2026-06-15,2026-06-15 16:04:19
000952,sz,广济药业,2026-06-15,2026-06-15 16:04:19
000953,sz,中哲精化,2026-06-15,2026-06-15 16:04:19
000955,sz,欣龙控股,2026-06-15,2026-06-15 16:04:19
000957,sz,中通客车,2026-06-15,2026-06-15 16:04:19
000958,sz,电投产融,2026-06-15,2026-06-15 16:04:19
000959,sz,首钢股份,2026-06-15,2026-06-15 16:04:19
000960,sz,锡业股份,2026-06-15,2026-06-15 16:04:19
000962,sz,东方钽业,2026-06-15,2026-06-15 16:04:19
000963,sz,华东医药,2026-06-15,2026-06-15 16:04:19
000965,sz,天保基建,2026-06-15,2026-06-15 16:04:19
000966,sz,长源电力,2026-06-15,2026-06-15 16:04:19
000967,sz,盈峰环境,2026-06-15,2026-06-15 16:04:19
000968,sz,蓝焰控股,2026-06-15,2026-06-15 16:04:19
000969,sz,安泰科技,2026-06-15,2026-06-15 16:04:19
000970,sz,中科三环,2026-06-15,2026-06-15 16:04:19
000972,sz,*ST中基,2026-06-15,2026-06-15 16:04:19
000973,sz,佛塑科技,2026-06-15,2026-06-15 16:04:19
000975,sz,山金国际,2026-06-15,2026-06-15 16:04:19
000977,sz,浪潮信息,2026-06-15,2026-06-15 16:04:19
000978,sz,桂林旅游,2026-06-15,2026-06-15 16:04:19
000980,sz,众泰汽车,2026-06-15,2026-06-15 16:04:19
000981,sz,山子高科,2026-06-15,2026-06-15 16:04:19
000983,sz,山西焦煤,2026-06-15,2026-06-15 16:04:19
000985,sz,大庆华科,2026-06-15,2026-06-15 16:04:19
000987,sz,越秀资本,2026-06-15,2026-06-15 16:04:19
000988,sz,华工科技,2026-06-15,2026-06-15 16:04:19
000989,sz,九芝堂,2026-06-15,2026-06-15 16:04:19
000990,sz,诚志股份,2026-06-15,2026-06-15 16:04:19
000993,sz,闽东电力,2026-06-15,2026-06-15 16:04:19
000995,sz,皇台酒业,2026-06-15,2026-06-15 16:04:19
000997,sz,新大陆,2026-06-15,2026-06-15 16:04:19
000998,sz,隆平高科,2026-06-15,2026-06-15 16:04:19
000999,sz,华润三九,2026-06-15,2026-06-15 16:04:19
001201,sz,东瑞股份,2026-06-15,2026-06-15 16:04:19
001202,sz,炬申股份,2026-06-15,2026-06-15 16:04:19
001203,sz,大中矿业,2026-06-15,2026-06-15 16:04:19
001205,sz,盛航股份,2026-06-15,2026-06-15 16:04:19
001206,sz,依依股份,2026-06-15,2026-06-15 16:04:19
001207,sz,联科科技,2026-06-15,2026-06-15 16:04:19
001208,sz,华菱线缆,2026-06-15,2026-06-15 16:04:19
001209,sz,洪兴股份,2026-06-15,2026-06-15 16:04:19
001210,sz,金房能源,2026-06-15,2026-06-15 16:04:19
001211,sz,双枪科技,2026-06-15,2026-06-15 16:04:19
001212,sz,中旗新材,2026-06-15,2026-06-15 16:04:19
001213,sz,中铁特货,2026-06-15,2026-06-15 16:04:19
001215,sz,千味央厨,2026-06-15,2026-06-15 16:04:19
001216,sz,华瓷股份,2026-06-15,2026-06-15 16:04:19
001217,sz,华尔泰,2026-06-15,2026-06-15 16:04:19
001218,sz,丽臣实业,2026-06-15,2026-06-15 16:04:19
001219,sz,青岛食品,2026-06-15,2026-06-15 16:04:19
001220,sz,世盟股份,2026-06-15,2026-06-15 16:04:19
001221,sz,悍高集团,2026-06-15,2026-06-15 16:04:19
001222,sz,源飞宠物,2026-06-15,2026-06-15 16:04:19
001223,sz,欧克科技,2026-06-15,2026-06-15 16:04:19
001225,sz,和泰机电,2026-06-15,2026-06-15 16:04:19
001226,sz,拓山重工,2026-06-15,2026-06-15 16:04:19
001227,sz,兰州银行,2026-06-15,2026-06-15 16:04:19
001228,sz,永泰运,2026-06-15,2026-06-15 16:04:19
001229,sz,魅视科技,2026-06-15,2026-06-15 16:04:19
001230,sz,劲旅环境,2026-06-15,2026-06-15 16:04:19
001231,sz,农心科技,2026-06-15,2026-06-15 16:04:19
001233,sz,海安集团,2026-06-15,2026-06-15 16:04:19
001234,sz,泰慕士,2026-06-15,2026-06-15 16:04:19
001236,sz,弘业期货,2026-06-15,2026-06-15 16:04:19
001237,sz,惠康科技,2026-06-15,2026-06-15 16:04:19
001238,sz,浙江正特,2026-06-15,2026-06-15 16:04:19
001239,sz,永达股份,2026-06-15,2026-06-15 16:04:19
001255,sz,博菲电气,2026-06-15,2026-06-15 16:04:19
001256,sz,炜冈科技,2026-06-15,2026-06-15 16:04:19
001257,sz,盛龙股份,2026-06-15,2026-06-15 16:04:19
001258,sz,立新能源,2026-06-15,2026-06-15 16:04:19
001259,sz,利仁科技,2026-06-15,2026-06-15 16:04:19
001260,sz,坤泰股份,2026-06-15,2026-06-15 16:04:19
001266,sz,宏英智能,2026-06-15,2026-06-15 16:04:19
001267,sz,汇绿生态,2026-06-15,2026-06-15 16:04:19
001268,sz,联合精密,2026-06-15,2026-06-15 16:04:19
001269,sz,欧晶科技,2026-06-15,2026-06-15 16:04:19
001270,sz,铖昌科技,2026-06-15,2026-06-15 16:04:19
001277,sz,速达股份,2026-06-15,2026-06-15 16:04:19
001278,sz,一彬科技,2026-06-15,2026-06-15 16:04:19
001279,sz,强邦新材,2026-06-15,2026-06-15 16:04:19
001280,sz,中国铀业,2026-06-15,2026-06-15 16:04:19
001282,sz,三联锻造,2026-06-15,2026-06-15 16:04:19
001283,sz,豪鹏科技,2026-06-15,2026-06-15 16:04:19
001285,sz,瑞立科密,2026-06-15,2026-06-15 16:04:19
001286,sz,陕西能源,2026-06-15,2026-06-15 16:04:19
001287,sz,中电港,2026-06-15,2026-06-15 16:04:19
001288,sz,运机集团,2026-06-15,2026-06-15 16:04:19
001289,sz,龙源电力,2026-06-15,2026-06-15 16:04:19
001296,sz,长江材料,2026-06-15,2026-06-15 16:04:19
001298,sz,好上好,2026-06-15,2026-06-15 16:04:19
001299,sz,美能能源,2026-06-15,2026-06-15 16:04:19
001300,sz,三柏硕,2026-06-15,2026-06-15 16:04:19
001301,sz,尚太科技,2026-06-15,2026-06-15 16:04:19
001306,sz,夏厦精密,2026-06-15,2026-06-15 16:04:19
001308,sz,康冠科技,2026-06-15,2026-06-15 16:04:19
001309,sz,德明利,2026-06-15,2026-06-15 16:04:19
001311,sz,多利科技,2026-06-15,2026-06-15 16:04:19
001312,sz,福恩股份,2026-06-15,2026-06-15 16:04:19
001313,sz,粤海饲料,2026-06-15,2026-06-15 16:04:19
001314,sz,亿道信息,2026-06-15,2026-06-15 16:04:19
001316,sz,润贝航科,2026-06-15,2026-06-15 16:04:19
001317,sz,三羊马,2026-06-15,2026-06-15 16:04:19
001318,sz,阳光乳业,2026-06-15,2026-06-15 16:04:19
001319,sz,铭科精技,2026-06-15,2026-06-15 16:04:19
001322,sz,箭牌家居,2026-06-15,2026-06-15 16:04:19
001323,sz,慕思股份,2026-06-15,2026-06-15 16:04:19
001324,sz,长青科技,2026-06-15,2026-06-15 16:04:19
001325,sz,元创股份,2026-06-15,2026-06-15 16:04:19
001326,sz,联域股份,2026-06-15,2026-06-15 16:04:19
001328,sz,登康口腔,2026-06-15,2026-06-15 16:04:19
001330,sz,博纳影业,2026-06-15,2026-06-15 16:04:19
001331,sz,胜通能源,2026-06-15,2026-06-15 16:04:19
001332,sz,锡装股份,2026-06-15,2026-06-15 16:04:19
001333,sz,光华股份,2026-06-15,2026-06-15 16:04:19
001335,sz,信凯科技,2026-06-15,2026-06-15 16:04:19
001336,sz,楚环科技,2026-06-15,2026-06-15 16:04:19
001337,sz,四川黄金,2026-06-15,2026-06-15 16:04:19
001338,sz,永顺泰,2026-06-15,2026-06-15 16:04:19
001339,sz,智微智能,2026-06-15,2026-06-15 16:04:19
001356,sz,富岭股份,2026-06-15,2026-06-15 16:04:19
001358,sz,兴欣新材,2026-06-15,2026-06-15 16:04:19
001359,sz,平安电工,2026-06-15,2026-06-15 16:04:19
001360,sz,南矿集团,2026-06-15,2026-06-15 16:04:19
001365,sz,天海电子,2026-06-15,2026-06-15 16:04:19
001366,sz,播恩集团,2026-06-15,2026-06-15 16:04:19
001367,sz,海森药业,2026-06-15,2026-06-15 16:04:19
001368,sz,通达创智,2026-06-15,2026-06-15 16:04:19
001369,sz,双欣材料,2026-06-15,2026-06-15 16:04:19
001373,sz,翔腾新材,2026-06-15,2026-06-15 16:04:19
001376,sz,百通能源,2026-06-15,2026-06-15 16:04:19
001378,sz,德冠新材,2026-06-15,2026-06-15 16:04:19
001379,sz,腾达科技,2026-06-15,2026-06-15 16:04:19
001380,sz,华纬科技,2026-06-15,2026-06-15 16:04:19
001382,sz,新亚电缆,2026-06-15,2026-06-15 16:04:19
001386,sz,马可波罗,2026-06-15,2026-06-15 16:04:19
001387,sz,雪祺电气,2026-06-15,2026-06-15 16:04:19
001388,sz,信通电子,2026-06-15,2026-06-15 16:04:19
001389,sz,广合科技,2026-06-15,2026-06-15 16:04:19
001390,sz,古麒绒材,2026-06-15,2026-06-15 16:04:19
001391,sz,国货航,2026-06-15,2026-06-15 16:04:19
001393,sz,维通利,2026-06-15,2026-06-15 16:04:19
001395,sz,亚联机械,2026-06-15,2026-06-15 16:04:19
001396,sz,誉帆科技,2026-06-15,2026-06-15 16:04:19
001400,sz,江顺科技,2026-06-15,2026-06-15 16:04:19
001696,sz,宗申动力,2026-06-15,2026-06-15 16:04:19
001872,sz,招商港口,2026-06-15,2026-06-15 16:04:19
001896,sz,豫能控股,2026-06-15,2026-06-15 16:04:19
001914,sz,招商积余,2026-06-15,2026-06-15 16:04:19
001965,sz,招商公路,2026-06-15,2026-06-15 16:04:19
001979,sz,招商蛇口,2026-06-15,2026-06-15 16:04:19
002001,sz,新和成,2026-06-15,2026-06-15 16:04:19
002003,sz,伟星股份,2026-06-15,2026-06-15 16:04:19
002004,sz,华邦健康,2026-06-15,2026-06-15 16:04:19
002005,sz,ST德豪,2026-06-15,2026-06-15 16:04:19
002006,sz,精工科技,2026-06-15,2026-06-15 16:04:19
002007,sz,华兰生物,2026-06-15,2026-06-15 16:04:19
002008,sz,大族激光,2026-06-15,2026-06-15 16:04:19
002009,sz,天奇股份,2026-06-15,2026-06-15 16:04:19
002010,sz,传化智联,2026-06-15,2026-06-15 16:04:19
002011,sz,盾安环境,2026-06-15,2026-06-15 16:04:19
002012,sz,凯恩股份,2026-06-15,2026-06-15 16:04:19
002014,sz,永新股份,2026-06-15,2026-06-15 16:04:19
002015,sz,协鑫能科,2026-06-15,2026-06-15 16:04:19
002016,sz,世荣兆业,2026-06-15,2026-06-15 16:04:19
002017,sz,东信和平,2026-06-15,2026-06-15 16:04:19
002019,sz,亿帆医药,2026-06-15,2026-06-15 16:04:19
002020,sz,京新药业,2026-06-15,2026-06-15 16:04:19
002021,sz,中捷资源,2026-06-15,2026-06-15 16:04:19
002022,sz,科华生物,2026-06-15,2026-06-15 16:04:19
002023,sz,海特高新,2026-06-15,2026-06-15 16:04:19
002024,sz,ST易购,2026-06-15,2026-06-15 16:04:19
002025,sz,航天电器,2026-06-15,2026-06-15 16:04:19
002026,sz,山东威达,2026-06-15,2026-06-15 16:04:19
002027,sz,分众传媒,2026-06-15,2026-06-15 16:04:19
002028,sz,思源电气,2026-06-15,2026-06-15 16:04:19
002029,sz,七匹狼,2026-06-15,2026-06-15 16:04:19
002030,sz,达安基因,2026-06-15,2026-06-15 16:04:19
002031,sz,巨轮智能,2026-06-15,2026-06-15 16:04:19
002032,sz,苏泊尔,2026-06-15,2026-06-15 16:04:19
002033,sz,丽江股份,2026-06-15,2026-06-15 16:04:19
002034,sz,旺能环境,2026-06-15,2026-06-15 16:04:19
002035,sz,华帝股份,2026-06-15,2026-06-15 16:04:19
002036,sz,联创电子,2026-06-15,2026-06-15 16:04:19
002037,sz,保利联合,2026-06-15,2026-06-15 16:04:19
002038,sz,双鹭药业,2026-06-15,2026-06-15 16:04:19
002039,sz,黔源电力,2026-06-15,2026-06-15 16:04:19
002040,sz,南京港,2026-06-15,2026-06-15 16:04:19
002041,sz,登海种业,2026-06-15,2026-06-15 16:04:19
002042,sz,华孚时尚,2026-06-15,2026-06-15 16:04:19
002043,sz,兔宝宝,2026-06-15,2026-06-15 16:04:19
002044,sz,美年健康,2026-06-15,2026-06-15 16:04:19
002045,sz,国光电器,2026-06-15,2026-06-15 16:04:19
002046,sz,国机精工,2026-06-15,2026-06-15 16:04:19
002047,sz,宝鹰股份,2026-06-15,2026-06-15 16:04:19
002048,sz,宁波华翔,2026-06-15,2026-06-15 16:04:19
002049,sz,紫光国微,2026-06-15,2026-06-15 16:04:19
002050,sz,三花智控,2026-06-15,2026-06-15 16:04:19
002051,sz,中工国际,2026-06-15,2026-06-15 16:04:19
002052,sz,同洲电子,2026-06-15,2026-06-15 16:04:19
002053,sz,云南能投,2026-06-15,2026-06-15 16:04:19
002054,sz,德美化工,2026-06-15,2026-06-15 16:04:19
002055,sz,ST得润,2026-06-15,2026-06-15 16:04:19
002056,sz,横店东磁,2026-06-15,2026-06-15 16:04:19
002057,sz,中钢天源,2026-06-15,2026-06-15 16:04:19
002058,sz,*ST威尔,2026-06-15,2026-06-15 16:04:19
002059,sz,云南旅游,2026-06-15,2026-06-15 16:04:19
002060,sz,广东建工,2026-06-15,2026-06-15 16:04:19
002061,sz,浙江交科,2026-06-15,2026-06-15 16:04:19
002062,sz,宏润建设,2026-06-15,2026-06-15 16:04:19
002063,sz,远光软件,2026-06-15,2026-06-15 16:04:19
002064,sz,华峰化学,2026-06-15,2026-06-15 16:04:19
002065,sz,东华软件,2026-06-15,2026-06-15 16:04:19
002066,sz,瑞泰科技,2026-06-15,2026-06-15 16:04:19
002067,sz,景兴纸业,2026-06-15,2026-06-15 16:04:19
002068,sz,黑猫股份,2026-06-15,2026-06-15 16:04:19
002069,sz,獐子岛,2026-06-15,2026-06-15 16:04:19
002072,sz,凯瑞德,2026-06-15,2026-06-15 16:04:19
002073,sz,软控股份,2026-06-15,2026-06-15 16:04:19
002074,sz,国轩高科,2026-06-15,2026-06-15 16:04:19
002075,sz,沙钢股份,2026-06-15,2026-06-15 16:04:19
002076,sz,*ST星光,2026-06-15,2026-06-15 16:04:19
002077,sz,大港股份,2026-06-15,2026-06-15 16:04:19
002078,sz,太阳纸业,2026-06-15,2026-06-15 16:04:19
002079,sz,苏州固锝,2026-06-15,2026-06-15 16:04:19
002080,sz,中材科技,2026-06-15,2026-06-15 16:04:19
002081,sz,金螳螂,2026-06-15,2026-06-15 16:04:19
002082,sz,ST万邦,2026-06-15,2026-06-15 16:04:19
002083,sz,孚日股份,2026-06-15,2026-06-15 16:04:19
002084,sz,海鸥住工,2026-06-15,2026-06-15 16:04:19
002085,sz,万丰奥威,2026-06-15,2026-06-15 16:04:19
002086,sz,东方海洋,2026-06-15,2026-06-15 16:04:19
002088,sz,鲁阳节能,2026-06-15,2026-06-15 16:04:19
002090,sz,金智科技,2026-06-15,2026-06-15 16:04:19
002091,sz,江苏国泰,2026-06-15,2026-06-15 16:04:19
002092,sz,中泰化学,2026-06-15,2026-06-15 16:04:19
002093,sz,国脉科技,2026-06-15,2026-06-15 16:04:19
002094,sz,青岛金王,2026-06-15,2026-06-15 16:04:19
002095,sz,生意宝,2026-06-15,2026-06-15 16:04:19
002096,sz,易普力,2026-06-15,2026-06-15 16:04:19
002097,sz,山河智能,2026-06-15,2026-06-15 16:04:19
002098,sz,浔兴股份,2026-06-15,2026-06-15 16:04:19
002099,sz,海翔药业,2026-06-15,2026-06-15 16:04:19
002100,sz,天康生物,2026-06-15,2026-06-15 16:04:19
002101,sz,广东鸿图,2026-06-15,2026-06-15 16:04:19
002102,sz,ST能特,2026-06-15,2026-06-15 16:04:19
002103,sz,广博股份,2026-06-15,2026-06-15 16:04:19
002104,sz,恒宝股份,2026-06-15,2026-06-15 16:04:19
002105,sz,信隆健康,2026-06-15,2026-06-15 16:04:19
002106,sz,莱宝高科,2026-06-15,2026-06-15 16:04:19
002107,sz,沃华医药,2026-06-15,2026-06-15 16:04:19
002108,sz,沧州明珠,2026-06-15,2026-06-15 16:04:19
002109,sz,ST兴化,2026-06-15,2026-06-15 16:04:19
002110,sz,三钢闽光,2026-06-15,2026-06-15 16:04:19
002111,sz,威海广泰,2026-06-15,2026-06-15 16:04:19
002112,sz,三变科技,2026-06-15,2026-06-15 16:04:19
002114,sz,罗平锌电,2026-06-15,2026-06-15 16:04:19
002115,sz,三维通信,2026-06-15,2026-06-15 16:04:19
002116,sz,中国海诚,2026-06-15,2026-06-15 16:04:19
002117,sz,东港股份,2026-06-15,2026-06-15 16:04:19
002119,sz,康强电子,2026-06-15,2026-06-15 16:04:19
002120,sz,韵达股份,2026-06-15,2026-06-15 16:04:19
002121,sz,科陆电子,2026-06-15,2026-06-15 16:04:19
002122,sz,ST汇洲,2026-06-15,2026-06-15 16:04:19
002123,sz,梦网科技,2026-06-15,2026-06-15 16:04:19
002124,sz,天邦食品,2026-06-15,2026-06-15 16:04:19
002125,sz,湘潭电化,2026-06-15,2026-06-15 16:04:19
002126,sz,银轮股份,2026-06-15,2026-06-15 16:04:19
002127,sz,南极电商,2026-06-15,2026-06-15 16:04:19
002128,sz,电投能源,2026-06-15,2026-06-15 16:04:19
002129,sz,TCL中环,2026-06-15,2026-06-15 16:04:19
002130,sz,沃尔核材,2026-06-15,2026-06-15 16:04:19
002131,sz,利欧股份,2026-06-15,2026-06-15 16:04:19
002132,sz,恒星科技,2026-06-15,2026-06-15 16:04:19
002133,sz,广宇集团,2026-06-15,2026-06-15 16:04:19
002134,sz,天津普林,2026-06-15,2026-06-15 16:04:19
002135,sz,东南网架,2026-06-15,2026-06-15 16:04:19
002136,sz,安纳达,2026-06-15,2026-06-15 16:04:19
002137,sz,实益达,2026-06-15,2026-06-15 16:04:19
002138,sz,顺络电子,2026-06-15,2026-06-15 16:04:19
002139,sz,拓邦股份,2026-06-15,2026-06-15 16:04:19
002140,sz,东华科技,2026-06-15,2026-06-15 16:04:19
002141,sz,贤丰控股,2026-06-15,2026-06-15 16:04:19
002142,sz,宁波银行,2026-06-15,2026-06-15 16:04:19
002144,sz,宏达高科,2026-06-15,2026-06-15 16:04:19
002145,sz,钛能化学,2026-06-15,2026-06-15 16:04:19
002146,sz,荣盛发展,2026-06-15,2026-06-15 16:04:19
002148,sz,北纬科技,2026-06-15,2026-06-15 16:04:19
002149,sz,西部材料,2026-06-15,2026-06-15 16:04:19
002150,sz,正泰电源,2026-06-15,2026-06-15 16:04:19
002151,sz,北斗星通,2026-06-15,2026-06-15 16:04:19
002152,sz,广电运通,2026-06-15,2026-06-15 16:04:19
002153,sz,石基信息,2026-06-15,2026-06-15 16:04:19
002154,sz,报喜鸟,2026-06-15,2026-06-15 16:04:19
002155,sz,湖南黄金,2026-06-15,2026-06-15 16:04:19
002156,sz,通富微电,2026-06-15,2026-06-15 16:04:19
002157,sz,正邦科技,2026-06-15,2026-06-15 16:04:19
002158,sz,汉钟精机,2026-06-15,2026-06-15 16:04:19
002159,sz,三特索道,2026-06-15,2026-06-15 16:04:19
002160,sz,常铝股份,2026-06-15,2026-06-15 16:04:19
002161,sz,远望谷,2026-06-15,2026-06-15 16:04:19
002162,sz,悦心健康,2026-06-15,2026-06-15 16:04:19
002163,sz,海南发展,2026-06-15,2026-06-15 16:04:19
002164,sz,宁波东力,2026-06-15,2026-06-15 16:04:19
002165,sz,红宝丽,2026-06-15,2026-06-15 16:04:19
002166,sz,莱茵生物,2026-06-15,2026-06-15 16:04:19
002167,sz,东方锆业,2026-06-15,2026-06-15 16:04:19
002168,sz,ST惠程,2026-06-15,2026-06-15 16:04:19
002169,sz,智光电气,2026-06-15,2026-06-15 16:04:19
002170,sz,芭田股份,2026-06-15,2026-06-15 16:04:19
002171,sz,楚江新材,2026-06-15,2026-06-15 16:04:19
002172,sz,澳洋健康,2026-06-15,2026-06-15 16:04:19
002173,sz,创新医疗,2026-06-15,2026-06-15 16:04:19
002174,sz,游族网络,2026-06-15,2026-06-15 16:04:19
002175,sz,*ST东智,2026-06-15,2026-06-15 16:04:19
002176,sz,江特电机,2026-06-15,2026-06-15 16:04:19
002177,sz,御银股份,2026-06-15,2026-06-15 16:04:19
002178,sz,延华智能,2026-06-15,2026-06-15 16:04:19
002179,sz,中航光电,2026-06-15,2026-06-15 16:04:19
002180,sz,奔图科技,2026-06-15,2026-06-15 16:04:19
002181,sz,粤传媒,2026-06-15,2026-06-15 16:04:19
002182,sz,宝武镁业,2026-06-15,2026-06-15 16:04:19
002183,sz,怡亚通,2026-06-15,2026-06-15 16:04:19
002184,sz,海得控制,2026-06-15,2026-06-15 16:04:19
002185,sz,华天科技,2026-06-15,2026-06-15 16:04:19
002186,sz,全聚德,2026-06-15,2026-06-15 16:04:19
002187,sz,广百股份,2026-06-15,2026-06-15 16:04:19
002188,sz,中天服务,2026-06-15,2026-06-15 16:04:19
002189,sz,中光学,2026-06-15,2026-06-15 16:04:19
002190,sz,成飞集成,2026-06-15,2026-06-15 16:04:19
002191,sz,劲嘉股份,2026-06-15,2026-06-15 16:04:19
002192,sz,融捷股份,2026-06-15,2026-06-15 16:04:19
002193,sz,ST如意,2026-06-15,2026-06-15 16:04:19
002194,sz,武汉凡谷,2026-06-15,2026-06-15 16:04:19
002195,sz,岩山科技,2026-06-15,2026-06-15 16:04:19
002196,sz,方正电机,2026-06-15,2026-06-15 16:04:19
002197,sz,证通电子,2026-06-15,2026-06-15 16:04:19
002198,sz,ST嘉应,2026-06-15,2026-06-15 16:04:19
002199,sz,*ST东晶,2026-06-15,2026-06-15 16:04:19
002200,sz,交投生态,2026-06-15,2026-06-15 16:04:19
002201,sz,九鼎新材,2026-06-15,2026-06-15 16:04:19
002202,sz,金风科技,2026-06-15,2026-06-15 16:04:19
002203,sz,海亮股份,2026-06-15,2026-06-15 16:04:19
002204,sz,大连重工,2026-06-15,2026-06-15 16:04:19
002205,sz,国统股份,2026-06-15,2026-06-15 16:04:19
002206,sz,海利得,2026-06-15,2026-06-15 16:04:19
002207,sz,*ST准油,2026-06-15,2026-06-15 16:04:19
002208,sz,合肥城建,2026-06-15,2026-06-15 16:04:19
002209,sz,达意隆,2026-06-15,2026-06-15 16:04:19
002210,sz,飞马国际,2026-06-15,2026-06-15 16:04:19
002211,sz,ST宏达,2026-06-15,2026-06-15 16:04:19
002212,sz,天融信,2026-06-15,2026-06-15 16:04:19
002213,sz,大为股份,2026-06-15,2026-06-15 16:04:19
002214,sz,*ST大立,2026-06-15,2026-06-15 16:04:19
002215,sz,诺普信,2026-06-15,2026-06-15 16:04:19
002216,sz,三全食品,2026-06-15,2026-06-15 16:04:19
002217,sz,合力泰,2026-06-15,2026-06-15 16:04:19
002218,sz,拓日新能,2026-06-15,2026-06-15 16:04:19
002219,sz,新里程,2026-06-15,2026-06-15 16:04:19
002221,sz,东华能源,2026-06-15,2026-06-15 16:04:19
002222,sz,福晶科技,2026-06-15,2026-06-15 16:04:19
002223,sz,鱼跃医疗,2026-06-15,2026-06-15 16:04:19
002224,sz,三力士,2026-06-15,2026-06-15 16:04:19
002225,sz,濮耐股份,2026-06-15,2026-06-15 16:04:19
002226,sz,江南化工,2026-06-15,2026-06-15 16:04:19
002227,sz,*ST特迅,2026-06-15,2026-06-15 16:04:19
002228,sz,合兴包装,2026-06-15,2026-06-15 16:04:19
002229,sz,鸿博股份,2026-06-15,2026-06-15 16:04:19
002230,sz,科大讯飞,2026-06-15,2026-06-15 16:04:19
002232,sz,启明信息,2026-06-15,2026-06-15 16:04:19
002233,sz,塔牌集团,2026-06-15,2026-06-15 16:04:19
002234,sz,民和股份,2026-06-15,2026-06-15 16:04:19
002235,sz,安妮股份,2026-06-15,2026-06-15 16:04:19
002236,sz,大华股份,2026-06-15,2026-06-15 16:04:19
002237,sz,恒邦股份,2026-06-15,2026-06-15 16:04:19
002238,sz,天威视讯,2026-06-15,2026-06-15 16:04:19
002239,sz,奥特佳,2026-06-15,2026-06-15 16:04:19
002240,sz,盛新锂能,2026-06-15,2026-06-15 16:04:19
002241,sz,歌尔股份,2026-06-15,2026-06-15 16:04:19
002242,sz,九阳股份,2026-06-15,2026-06-15 16:04:19
002243,sz,力合科创,2026-06-15,2026-06-15 16:04:19
002244,sz,滨江集团,2026-06-15,2026-06-15 16:04:19
002245,sz,蔚蓝锂芯,2026-06-15,2026-06-15 16:04:19
002246,sz,北化股份,2026-06-15,2026-06-15 16:04:19
002247,sz,聚力文化,2026-06-15,2026-06-15 16:04:19
002248,sz,华东数控,2026-06-15,2026-06-15 16:04:19
002249,sz,大洋电机,2026-06-15,2026-06-15 16:04:19
002250,sz,联化科技,2026-06-15,2026-06-15 16:04:19
002251,sz,步步高,2026-06-15,2026-06-15 16:04:19
002252,sz,上海莱士,2026-06-15,2026-06-15 16:04:19
002253,sz,*ST智胜,2026-06-15,2026-06-15 16:04:19
002254,sz,泰和新材,2026-06-15,2026-06-15 16:04:19
002255,sz,海陆重工,2026-06-15,2026-06-15 16:04:19
002256,sz,兆新股份,2026-06-15,2026-06-15 16:04:19
002258,sz,利尔化学,2026-06-15,2026-06-15 16:04:19
002259,sz,升达林业,2026-06-15,2026-06-15 16:04:19
002261,sz,拓维信息,2026-06-15,2026-06-15 16:04:19
002262,sz,恩华药业,2026-06-15,2026-06-15 16:04:19
002263,sz,大东南,2026-06-15,2026-06-15 16:04:19
002264,sz,新华都,2026-06-15,2026-06-15 16:04:19
002265,sz,建设工业,2026-06-15,2026-06-15 16:04:19
002266,sz,浙富控股,2026-06-15,2026-06-15 16:04:19
002267,sz,陕天然气,2026-06-15,2026-06-15 16:04:19
002268,sz,电科网安,2026-06-15,2026-06-15 16:04:19
002269,sz,美邦服饰,2026-06-15,2026-06-15 16:04:19
002270,sz,华明装备,2026-06-15,2026-06-15 16:04:19
002271,sz,东方雨虹,2026-06-15,2026-06-15 16:04:19
002272,sz,川润股份,2026-06-15,2026-06-15 16:04:19
002273,sz,水晶光电,2026-06-15,2026-06-15 16:04:19
002274,sz,华昌化工,2026-06-15,2026-06-15 16:04:19
002275,sz,桂林三金,2026-06-15,2026-06-15 16:04:19
002276,sz,万马股份,2026-06-15,2026-06-15 16:04:19
002277,sz,友阿股份,2026-06-15,2026-06-15 16:04:19
002278,sz,神开股份,2026-06-15,2026-06-15 16:04:19
002279,sz,久其软件,2026-06-15,2026-06-15 16:04:19
002281,sz,光迅科技,2026-06-15,2026-06-15 16:04:19
002282,sz,博深股份,2026-06-15,2026-06-15 16:04:19
002283,sz,天润工业,2026-06-15,2026-06-15 16:04:19
002284,sz,亚太股份,2026-06-15,2026-06-15 16:04:19
002285,sz,世联行,2026-06-15,2026-06-15 16:04:19
002286,sz,保龄宝,2026-06-15,2026-06-15 16:04:19
002287,sz,奇正藏药,2026-06-15,2026-06-15 16:04:19
002289,sz,*ST宇顺,2026-06-15,2026-06-15 16:04:19
002290,sz,禾盛新材,2026-06-15,2026-06-15 16:04:19
002291,sz,遥望科技,2026-06-15,2026-06-15 16:04:19
002292,sz,奥飞娱乐,2026-06-15,2026-06-15 16:04:19
002293,sz,罗莱生活,2026-06-15,2026-06-15 16:04:19
002294,sz,信立泰,2026-06-15,2026-06-15 16:04:19
002295,sz,精艺股份,2026-06-15,2026-06-15 16:04:19
002296,sz,辉煌科技,2026-06-15,2026-06-15 16:04:19
002297,sz,博云新材,2026-06-15,2026-06-15 16:04:19
002298,sz,中电鑫龙,2026-06-15,2026-06-15 16:04:19
002299,sz,圣农发展,2026-06-15,2026-06-15 16:04:19
002300,sz,太阳电缆,2026-06-15,2026-06-15 16:04:19
002301,sz,齐心集团,2026-06-15,2026-06-15 16:04:19
002302,sz,西部建设,2026-06-15,2026-06-15 16:04:19
002303,sz,美盈森,2026-06-15,2026-06-15 16:04:19
002304,sz,洋河股份,2026-06-15,2026-06-15 16:04:19
002305,sz,*ST南置,2026-06-15,2026-06-15 16:04:19
002306,sz,*ST云网,2026-06-15,2026-06-15 16:04:19
002307,sz,北新路桥,2026-06-15,2026-06-15 16:04:19
002309,sz,中利集团,2026-06-15,2026-06-15 16:04:19
002310,sz,东方新能,2026-06-15,2026-06-15 16:04:19
002311,sz,海大集团,2026-06-15,2026-06-15 16:04:19
002312,sz,川发龙蟒,2026-06-15,2026-06-15 16:04:19
002313,sz,日海智能,2026-06-15,2026-06-15 16:04:19
002314,sz,南山控股,2026-06-15,2026-06-15 16:04:19
002315,sz,焦点科技,2026-06-15,2026-06-15 16:04:19
002316,sz,亚联发展,2026-06-15,2026-06-15 16:04:19
002317,sz,众生药业,2026-06-15,2026-06-15 16:04:19
002318,sz,久立特材,2026-06-15,2026-06-15 16:04:19
002319,sz,乐通股份,2026-06-15,2026-06-15 16:04:19
002320,sz,海峡股份,2026-06-15,2026-06-15 16:04:19
002321,sz,华英农业,2026-06-15,2026-06-15 16:04:19
002322,sz,理工能科,2026-06-15,2026-06-15 16:04:19
002323,sz,*ST雅博,2026-06-15,2026-06-15 16:04:19
002324,sz,普利特,2026-06-15,2026-06-15 16:04:19
002326,sz,永太科技,2026-06-15,2026-06-15 16:04:19
002327,sz,富安娜,2026-06-15,2026-06-15 16:04:19
002328,sz,新朋股份,2026-06-15,2026-06-15 16:04:19
002329,sz,皇氏集团,2026-06-15,2026-06-15 16:04:19
002330,sz,得利斯,2026-06-15,2026-06-15 16:04:19
002331,sz,皖通科技,2026-06-15,2026-06-15 16:04:19
002332,sz,仙琚制药,2026-06-15,2026-06-15 16:04:19
002333,sz,罗普斯金,2026-06-15,2026-06-15 16:04:19
002334,sz,英威腾,2026-06-15,2026-06-15 16:04:19
002335,sz,科华数据,2026-06-15,2026-06-15 16:04:19
002337,sz,赛象科技,2026-06-15,2026-06-15 16:04:19
002338,sz,奥普光电,2026-06-15,2026-06-15 16:04:19
002339,sz,积成电子,2026-06-15,2026-06-15 16:04:19
002340,sz,格林美,2026-06-15,2026-06-15 16:04:19
002342,sz,巨力索具,2026-06-15,2026-06-15 16:04:19
002343,sz,慈文传媒,2026-06-15,2026-06-15 16:04:19
002344,sz,海宁皮城,2026-06-15,2026-06-15 16:04:19
002345,sz,潮宏基,2026-06-15,2026-06-15 16:04:19
002346,sz,柘中股份,2026-06-15,2026-06-15 16:04:19
002347,sz,泰尔股份,2026-06-15,2026-06-15 16:04:19
002348,sz,高乐股份,2026-06-15,2026-06-15 16:04:19
002349,sz,精华制药,2026-06-15,2026-06-15 16:04:19
002350,sz,北京科锐,2026-06-15,2026-06-15 16:04:19
002351,sz,漫步者,2026-06-15,2026-06-15 16:04:19
002352,sz,顺丰控股,2026-06-15,2026-06-15 16:04:19
002353,sz,杰瑞股份,2026-06-15,2026-06-15 16:04:19
002354,sz,天娱数科,2026-06-15,2026-06-15 16:04:19
002355,sz,兴民智通,2026-06-15,2026-06-15 16:04:19
002356,sz,赫美集团,2026-06-15,2026-06-15 16:04:19
002357,sz,富临运业,2026-06-15,2026-06-15 16:04:19
002358,sz,森源电气,2026-06-15,2026-06-15 16:04:19
002360,sz,ST同德,2026-06-15,2026-06-15 16:04:19
002361,sz,神剑股份,2026-06-15,2026-06-15 16:04:19
002362,sz,汉王科技,2026-06-15,2026-06-15 16:04:19
002363,sz,隆基机械,2026-06-15,2026-06-15 16:04:19
002364,sz,中恒电气,2026-06-15,2026-06-15 16:04:19
002365,sz,永安药业,2026-06-15,2026-06-15 16:04:19
002366,sz,融发核电,2026-06-15,2026-06-15 16:04:19
002367,sz,康力电梯,2026-06-15,2026-06-15 16:04:19
002368,sz,太极股份,2026-06-15,2026-06-15 16:04:19
002369,sz,卓翼科技,2026-06-15,2026-06-15 16:04:19
002370,sz,亚太药业,2026-06-15,2026-06-15 16:04:19
002371,sz,北方华创,2026-06-15,2026-06-15 16:04:19
002372,sz,伟星新材,2026-06-15,2026-06-15 16:04:19
002373,sz,千方科技,2026-06-15,2026-06-15 16:04:19
002374,sz,中锐股份,2026-06-15,2026-06-15 16:04:19
002375,sz,亚厦股份,2026-06-15,2026-06-15 16:04:19
002376,sz,新北洋,2026-06-15,2026-06-15 16:04:19
002377,sz,国创高新,2026-06-15,2026-06-15 16:04:19
002378,sz,章源钨业,2026-06-15,2026-06-15 16:04:19
002379,sz,宏桥控股,2026-06-15,2026-06-15 16:04:19
002380,sz,科远智慧,2026-06-15,2026-06-15 16:04:19
002381,sz,双箭股份,2026-06-15,2026-06-15 16:04:19
002382,sz,蓝帆医疗,2026-06-15,2026-06-15 16:04:19
002383,sz,合众思壮,2026-06-15,2026-06-15 16:04:19
002384,sz,东山精密,2026-06-15,2026-06-15 16:04:19
002385,sz,大北农,2026-06-15,2026-06-15 16:04:19
002386,sz,天原股份,2026-06-15,2026-06-15 16:04:19
002387,sz,维信诺,2026-06-15,2026-06-15 16:04:19
002388,sz,新亚制程,2026-06-15,2026-06-15 16:04:19
002389,sz,航天彩虹,2026-06-15,2026-06-15 16:04:19
002390,sz,信邦制药,2026-06-15,2026-06-15 16:04:19
002391,sz,长青股份,2026-06-15,2026-06-15 16:04:19
002392,sz,北京利尔,2026-06-15,2026-06-15 16:04:19
002393,sz,力生制药,2026-06-15,2026-06-15 16:04:19
002394,sz,联发股份,2026-06-15,2026-06-15 16:04:19
002395,sz,双象股份,2026-06-15,2026-06-15 16:04:19
002396,sz,星网锐捷,2026-06-15,2026-06-15 16:04:19
002397,sz,梦洁股份,2026-06-15,2026-06-15 16:04:19
002398,sz,垒知集团,2026-06-15,2026-06-15 16:04:19
002399,sz,海普瑞,2026-06-15,2026-06-15 16:04:19
002400,sz,省广集团,2026-06-15,2026-06-15 16:04:19
002401,sz,中远海科,2026-06-15,2026-06-15 16:04:19
002402,sz,和而泰,2026-06-15,2026-06-15 16:04:19
002403,sz,爱仕达,2026-06-15,2026-06-15 16:04:19
002404,sz,嘉欣丝绸,2026-06-15,2026-06-15 16:04:19
002405,sz,四维图新,2026-06-15,2026-06-15 16:04:19
002406,sz,远东传动,2026-06-15,2026-06-15 16:04:19
002407,sz,多氟多,2026-06-15,2026-06-15 16:04:19
002408,sz,齐翔腾达,2026-06-15,2026-06-15 16:04:19
002409,sz,雅克科技,2026-06-15,2026-06-15 16:04:19
002410,sz,广联达,2026-06-15,2026-06-15 16:04:19
002412,sz,汉森制药,2026-06-15,2026-06-15 16:04:19
002413,sz,雷科防务,2026-06-15,2026-06-15 16:04:19
002414,sz,高德红外,2026-06-15,2026-06-15 16:04:19
002415,sz,海康威视,2026-06-15,2026-06-15 16:04:19
002416,sz,爱施德,2026-06-15,2026-06-15 16:04:19
002418,sz,康盛股份,2026-06-15,2026-06-15 16:04:19
002419,sz,天虹股份,2026-06-15,2026-06-15 16:04:19
002420,sz,毅昌科技,2026-06-15,2026-06-15 16:04:19
002421,sz,达实智能,2026-06-15,2026-06-15 16:04:19
002422,sz,科伦药业,2026-06-15,2026-06-15 16:04:19
002423,sz,中粮资本,2026-06-15,2026-06-15 16:04:19
002424,sz,ST百灵,2026-06-15,2026-06-15 16:04:19
002425,sz,凯撒文化,2026-06-15,2026-06-15 16:04:19
002426,sz,胜利精密,2026-06-15,2026-06-15 16:04:19
002427,sz,尤夫股份,2026-06-15,2026-06-15 16:04:19
002428,sz,云南锗业,2026-06-15,2026-06-15 16:04:19
002429,sz,兆驰股份,2026-06-15,2026-06-15 16:04:19
002430,sz,杭氧股份,2026-06-15,2026-06-15 16:04:19
002431,sz,ST棕榈,2026-06-15,2026-06-15 16:04:19
002432,sz,九安医疗,2026-06-15,2026-06-15 16:04:19
002434,sz,万里扬,2026-06-15,2026-06-15 16:04:19
002436,sz,兴森科技,2026-06-15,2026-06-15 16:04:19
002437,sz,誉衡药业,2026-06-15,2026-06-15 16:04:19
002438,sz,江苏神通,2026-06-15,2026-06-15 16:04:19
002439,sz,启明星辰,2026-06-15,2026-06-15 16:04:19
002440,sz,闰土股份,2026-06-15,2026-06-15 16:04:19
002441,sz,众业达,2026-06-15,2026-06-15 16:04:19
002442,sz,龙星科技,2026-06-15,2026-06-15 16:04:19
002443,sz,金洲管道,2026-06-15,2026-06-15 16:04:19
002444,sz,巨星科技,2026-06-15,2026-06-15 16:04:19
002445,sz,中南文化,2026-06-15,2026-06-15 16:04:19
002446,sz,盛路通信,2026-06-15,2026-06-15 16:04:19
002448,sz,中原内配,2026-06-15,2026-06-15 16:04:19
002449,sz,国星光电,2026-06-15,2026-06-15 16:04:19
002451,sz,摩恩电气,2026-06-15,2026-06-15 16:04:19
002452,sz,长高电气,2026-06-15,2026-06-15 16:04:19
002453,sz,华软科技,2026-06-15,2026-06-15 16:04:19
002454,sz,松芝股份,2026-06-15,2026-06-15 16:04:19
002455,sz,百川股份,2026-06-15,2026-06-15 16:04:19
002456,sz,欧菲光,2026-06-15,2026-06-15 16:04:19
002457,sz,青龙管业,2026-06-15,2026-06-15 16:04:19
002458,sz,益生股份,2026-06-15,2026-06-15 16:04:19
002459,sz,晶澳科技,2026-06-15,2026-06-15 16:04:19
002460,sz,赣锋锂业,2026-06-15,2026-06-15 16:04:19
002461,sz,珠江啤酒,2026-06-15,2026-06-15 16:04:19
002462,sz,嘉事堂,2026-06-15,2026-06-15 16:04:19
002463,sz,沪电股份,2026-06-15,2026-06-15 16:04:19
002465,sz,海格通信,2026-06-15,2026-06-15 16:04:19
002466,sz,天齐锂业,2026-06-15,2026-06-15 16:04:19
002467,sz,二六三,2026-06-15,2026-06-15 16:04:19
002468,sz,申通快递,2026-06-15,2026-06-15 16:04:19
002469,sz,三维化学,2026-06-15,2026-06-15 16:04:19
002470,sz,金正大,2026-06-15,2026-06-15 16:04:19
002471,sz,中超控股,2026-06-15,2026-06-15 16:04:19
002472,sz,双环传动,2026-06-15,2026-06-15 16:04:19
002474,sz,榕基软件,2026-06-15,2026-06-15 16:04:19
002475,sz,立讯精密,2026-06-15,2026-06-15 16:04:19
002476,sz,宝莫股份,2026-06-15,2026-06-15 16:04:19
002478,sz,常宝股份,2026-06-15,2026-06-15 16:04:19
002479,sz,富春环保,2026-06-15,2026-06-15 16:04:19
002480,sz,新筑股份,2026-06-15,2026-06-15 16:04:19
002481,sz,双塔食品,2026-06-15,2026-06-15 16:04:19
002482,sz,广田集团,2026-06-15,2026-06-15 16:04:19
002483,sz,润邦股份,2026-06-15,2026-06-15 16:04:19
002484,sz,江海股份,2026-06-15,2026-06-15 16:04:19
002485,sz,ST雪发,2026-06-15,2026-06-15 16:04:19
002486,sz,嘉麟杰,2026-06-15,2026-06-15 16:04:19
002487,sz,大金重工,2026-06-15,2026-06-15 16:04:19
002488,sz,金固股份,2026-06-15,2026-06-15 16:04:19
002489,sz,浙江永强,2026-06-15,2026-06-15 16:04:19
002490,sz,山东墨龙,2026-06-15,2026-06-15 16:04:19
002491,sz,通鼎互联,2026-06-15,2026-06-15 16:04:19
002492,sz,恒基达鑫,2026-06-15,2026-06-15 16:04:19
002493,sz,荣盛石化,2026-06-15,2026-06-15 16:04:19
002494,sz,华斯股份,2026-06-15,2026-06-15 16:04:19
002495,sz,佳隆股份,2026-06-15,2026-06-15 16:04:19
002496,sz,*ST辉丰,2026-06-15,2026-06-15 16:04:19
002497,sz,雅化集团,2026-06-15,2026-06-15 16:04:19
002498,sz,汉缆股份,2026-06-15,2026-06-15 16:04:19
002500,sz,山西证券,2026-06-15,2026-06-15 16:04:19
002501,sz,*ST利源,2026-06-15,2026-06-15 16:04:19
002506,sz,协鑫集成,2026-06-15,2026-06-15 16:04:19
002507,sz,涪陵榨菜,2026-06-15,2026-06-15 16:04:19
002508,sz,老板电器,2026-06-15,2026-06-15 16:04:19
002510,sz,天汽模,2026-06-15,2026-06-15 16:04:19
002511,sz,中顺洁柔,2026-06-15,2026-06-15 16:04:19
002512,sz,ST达华,2026-06-15,2026-06-15 16:04:19
002513,sz,蓝丰生化,2026-06-15,2026-06-15 16:04:19
002514,sz,*ST宝馨,2026-06-15,2026-06-15 16:04:19
002515,sz,金字火腿,2026-06-15,2026-06-15 16:04:19
002516,sz,旷达科技,2026-06-15,2026-06-15 16:04:19
002517,sz,恺英网络,2026-06-15,2026-06-15 16:04:19
002518,sz,科士达,2026-06-15,2026-06-15 16:04:19
002519,sz,银河电子,2026-06-15,2026-06-15 16:04:19
002520,sz,日发精机,2026-06-15,2026-06-15 16:04:19
002521,sz,齐峰新材,2026-06-15,2026-06-15 16:04:19
002522,sz,浙江众成,2026-06-15,2026-06-15 16:04:19
002523,sz,天桥起重,2026-06-15,2026-06-15 16:04:19
002524,sz,光正眼科,2026-06-15,2026-06-15 16:04:19
002526,sz,山东矿机,2026-06-15,2026-06-15 16:04:19
002527,sz,新时达,2026-06-15,2026-06-15 16:04:19
002528,sz,*ST英飞,2026-06-15,2026-06-15 16:04:19
002529,sz,*ST海源,2026-06-15,2026-06-15 16:04:19
002530,sz,金财互联,2026-06-15,2026-06-15 16:04:19
002531,sz,天顺风能,2026-06-15,2026-06-15 16:04:19
002532,sz,天山铝业,2026-06-15,2026-06-15 16:04:19
002533,sz,金杯电工,2026-06-15,2026-06-15 16:04:19
002534,sz,西子洁能,2026-06-15,2026-06-15 16:04:19
002535,sz,林州重机,2026-06-15,2026-06-15 16:04:19
002536,sz,飞龙股份,2026-06-15,2026-06-15 16:04:19
002537,sz,海联金汇,2026-06-15,2026-06-15 16:04:19
002538,sz,ST司特,2026-06-15,2026-06-15 16:04:19
002539,sz,云图控股,2026-06-15,2026-06-15 16:04:19
002540,sz,亚太科技,2026-06-15,2026-06-15 16:04:19
002541,sz,鸿路钢构,2026-06-15,2026-06-15 16:04:19
002542,sz,*ST中岩,2026-06-15,2026-06-15 16:04:19
002543,sz,万和电气,2026-06-15,2026-06-15 16:04:19
002544,sz,普天科技,2026-06-15,2026-06-15 16:04:19
002545,sz,东方铁塔,2026-06-15,2026-06-15 16:04:19
002546,sz,新联电子,2026-06-15,2026-06-15 16:04:19
002547,sz,*ST春兴,2026-06-15,2026-06-15 16:04:19
002548,sz,金新农,2026-06-15,2026-06-15 16:04:19
002549,sz,凯美特气,2026-06-15,2026-06-15 16:04:19
002550,sz,千红制药,2026-06-15,2026-06-15 16:04:19
002551,sz,尚荣医疗,2026-06-15,2026-06-15 16:04:19
002552,sz,宝鼎科技,2026-06-15,2026-06-15 16:04:19
002553,sz,南方精工,2026-06-15,2026-06-15 16:04:19
002554,sz,惠博普,2026-06-15,2026-06-15 16:04:19
002555,sz,三七互娱,2026-06-15,2026-06-15 16:04:19
002556,sz,辉隆股份,2026-06-15,2026-06-15 16:04:19
002557,sz,洽洽食品,2026-06-15,2026-06-15 16:04:19
002558,sz,巨人网络,2026-06-15,2026-06-15 16:04:19
002559,sz,亚威股份,2026-06-15,2026-06-15 16:04:19
002560,sz,通达股份,2026-06-15,2026-06-15 16:04:19
002561,sz,徐家汇,2026-06-15,2026-06-15 16:04:19
002562,sz,兄弟科技,2026-06-15,2026-06-15 16:04:19
002563,sz,森马服饰,2026-06-15,2026-06-15 16:04:19
002564,sz,天沃科技,2026-06-15,2026-06-15 16:04:19
002565,sz,顺灏股份,2026-06-15,2026-06-15 16:04:19
002566,sz,益盛药业,2026-06-15,2026-06-15 16:04:19
002567,sz,唐人神,2026-06-15,2026-06-15 16:04:19
002568,sz,百润股份,2026-06-15,2026-06-15 16:04:19
002569,sz,*ST步森,2026-06-15,2026-06-15 16:04:19
002570,sz,贝因美,2026-06-15,2026-06-15 16:04:19
002571,sz,德力股份,2026-06-15,2026-06-15 16:04:19
002572,sz,索菲亚,2026-06-15,2026-06-15 16:04:19
002573,sz,清新环境,2026-06-15,2026-06-15 16:04:19
002574,sz,明牌珠宝,2026-06-15,2026-06-15 16:04:19
002575,sz,群兴玩具,2026-06-15,2026-06-15 16:04:19
002576,sz,通达动力,2026-06-15,2026-06-15 16:04:19
002577,sz,雷柏科技,2026-06-15,2026-06-15 16:04:19
002578,sz,闽发铝业,2026-06-15,2026-06-15 16:04:19
002579,sz,中京电子,2026-06-15,2026-06-15 16:04:19
002580,sz,圣阳股份,2026-06-15,2026-06-15 16:04:19
002581,sz,*ST未名,2026-06-15,2026-06-15 16:04:19
002582,sz,好想你,2026-06-15,2026-06-15 16:04:19
002583,sz,海能达,2026-06-15,2026-06-15 16:04:19
002584,sz,西陇科学,2026-06-15,2026-06-15 16:04:19
002585,sz,双星新材,2026-06-15,2026-06-15 16:04:19
002586,sz,ST围海,2026-06-15,2026-06-15 16:04:19
002587,sz,奥拓电子,2026-06-15,2026-06-15 16:04:19
002588,sz,史丹利,2026-06-15,2026-06-15 16:04:19
002589,sz,瑞康医药,2026-06-15,2026-06-15 16:04:19
002590,sz,万安科技,2026-06-15,2026-06-15 16:04:19
002591,sz,恒大高新,2026-06-15,2026-06-15 16:04:19
002592,sz,ST八菱,2026-06-15,2026-06-15 16:04:19
002593,sz,日上集团,2026-06-15,2026-06-15 16:04:19
002594,sz,比亚迪,2026-06-15,2026-06-15 16:04:19
002595,sz,豪迈科技,2026-06-15,2026-06-15 16:04:19
002596,sz,海南瑞泽,2026-06-15,2026-06-15 16:04:19
002597,sz,金禾实业,2026-06-15,2026-06-15 16:04:19
002598,sz,ST章鼓,2026-06-15,2026-06-15 16:04:19
002599,sz,盛通股份,2026-06-15,2026-06-15 16:04:19
002600,sz,领益智造,2026-06-15,2026-06-15 16:04:19
002601,sz,龙佰集团,2026-06-15,2026-06-15 16:04:19
002602,sz,世纪华通,2026-06-15,2026-06-15 16:04:19
002603,sz,以岭药业,2026-06-15,2026-06-15 16:04:19
002605,sz,姚记科技,2026-06-15,2026-06-15 16:04:19
002606,sz,大连电瓷,2026-06-15,2026-06-15 16:04:19
002607,sz,中公教育,2026-06-15,2026-06-15 16:04:19
002608,sz,江苏国信,2026-06-15,2026-06-15 16:04:19
002609,sz,捷顺科技,2026-06-15,2026-06-15 16:04:19
002611,sz,东方精工,2026-06-15,2026-06-15 16:04:19
002612,sz,朗姿股份,2026-06-15,2026-06-15 16:04:19
002613,sz,北玻股份,2026-06-15,2026-06-15 16:04:19
002614,sz,奥佳华,2026-06-15,2026-06-15 16:04:19
002615,sz,哈尔斯,2026-06-15,2026-06-15 16:04:19
002616,sz,长青集团,2026-06-15,2026-06-15 16:04:19
002617,sz,露笑科技,2026-06-15,2026-06-15 16:04:19
002620,sz,*ST瑞和,2026-06-15,2026-06-15 16:04:19
002622,sz,皓宸医疗,2026-06-15,2026-06-15 16:04:19
002623,sz,亚玛顿,2026-06-15,2026-06-15 16:04:19
002624,sz,完美世界,2026-06-15,2026-06-15 16:04:19
002625,sz,光启技术,2026-06-15,2026-06-15 16:04:19
002626,sz,金达威,2026-06-15,2026-06-15 16:04:19
002627,sz,三峡旅游,2026-06-15,2026-06-15 16:04:19
002628,sz,成都路桥,2026-06-15,2026-06-15 16:04:19
002629,sz,仁智股份,2026-06-15,2026-06-15 16:04:19
002630,sz,*ST华西,2026-06-15,2026-06-15 16:04:19
002631,sz,德尔未来,2026-06-15,2026-06-15 16:04:19
002632,sz,道明光学,2026-06-15,2026-06-15 16:04:19
002633,sz,申科股份,2026-06-15,2026-06-15 16:04:19
002634,sz,*ST棒杰,2026-06-15,2026-06-15 16:04:19
002635,sz,安洁科技,2026-06-15,2026-06-15 16:04:19
002636,sz,金安国纪,2026-06-15,2026-06-15 16:04:19
002637,sz,赞宇科技,2026-06-15,2026-06-15 16:04:19
002638,sz,勤上股份,2026-06-15,2026-06-15 16:04:19
002639,sz,雪人集团,2026-06-15,2026-06-15 16:04:19
002640,sz,跨境通,2026-06-15,2026-06-15 16:04:19
002641,sz,公元股份,2026-06-15,2026-06-15 16:04:19
002642,sz,荣联科技,2026-06-15,2026-06-15 16:04:19
002643,sz,万润股份,2026-06-15,2026-06-15 16:04:19
002644,sz,佛慈制药,2026-06-15,2026-06-15 16:04:19
002645,sz,华宏科技,2026-06-15,2026-06-15 16:04:19
002646,sz,天佑德酒,2026-06-15,2026-06-15 16:04:19
002647,sz,仁东控股,2026-06-15,2026-06-15 16:04:19
002648,sz,卫星化学,2026-06-15,2026-06-15 16:04:19
002649,sz,博彦科技,2026-06-15,2026-06-15 16:04:19
002650,sz,ST加加,2026-06-15,2026-06-15 16:04:19
002651,sz,利君股份,2026-06-15,2026-06-15 16:04:19
002652,sz,扬子新材,2026-06-15,2026-06-15 16:04:19
002653,sz,海思科,2026-06-15,2026-06-15 16:04:19
002654,sz,万润科技,2026-06-15,2026-06-15 16:04:19
002655,sz,共达电声,2026-06-15,2026-06-15 16:04:19
002656,sz,*ST摩登,2026-06-15,2026-06-15 16:04:19
002657,sz,中科金财,2026-06-15,2026-06-15 16:04:19
002658,sz,雪迪龙,2026-06-15,2026-06-15 16:04:19
002659,sz,凯文教育,2026-06-15,2026-06-15 16:04:19
002660,sz,茂硕电源,2026-06-15,2026-06-15 16:04:19
002661,sz,克明食品,2026-06-15,2026-06-15 16:04:19
002662,sz,峰璟股份,2026-06-15,2026-06-15 16:04:19
002663,sz,普邦股份,2026-06-15,2026-06-15 16:04:19
002664,sz,信质集团,2026-06-15,2026-06-15 16:04:19
002666,sz,德联集团,2026-06-15,2026-06-15 16:04:19
002667,sz,*ST威领,2026-06-15,2026-06-15 16:04:19
002668,sz,TCL智家,2026-06-15,2026-06-15 16:04:19
002669,sz,康达新材,2026-06-15,2026-06-15 16:04:19
002670,sz,国盛证券,2026-06-15,2026-06-15 16:04:19
002671,sz,龙泉股份,2026-06-15,2026-06-15 16:04:19
002672,sz,东江环保,2026-06-15,2026-06-15 16:04:19
002673,sz,西部证券,2026-06-15,2026-06-15 16:04:19
002674,sz,兴业科技,2026-06-15,2026-06-15 16:04:19
002675,sz,东诚药业,2026-06-15,2026-06-15 16:04:19
002676,sz,顺威股份,2026-06-15,2026-06-15 16:04:19
002677,sz,浙江美大,2026-06-15,2026-06-15 16:04:19
002678,sz,珠江钢琴,2026-06-15,2026-06-15 16:04:19
002679,sz,福建金森,2026-06-15,2026-06-15 16:04:19
002681,sz,奋达科技,2026-06-15,2026-06-15 16:04:19
002682,sz,龙洲股份,2026-06-15,2026-06-15 16:04:19
002683,sz,广东宏大,2026-06-15,2026-06-15 16:04:19
002685,sz,华东重机,2026-06-15,2026-06-15 16:04:19
002686,sz,亿利达,2026-06-15,2026-06-15 16:04:19
002687,sz,乔治白,2026-06-15,2026-06-15 16:04:19
002688,sz,金河生物,2026-06-15,2026-06-15 16:04:19
002689,sz,ST远智,2026-06-15,2026-06-15 16:04:19
002690,sz,美亚光电,2026-06-15,2026-06-15 16:04:19
002691,sz,*ST冀凯,2026-06-15,2026-06-15 16:04:19
002692,sz,远程股份,2026-06-15,2026-06-15 16:04:19
002693,sz,双成药业,2026-06-15,2026-06-15 16:04:19
002694,sz,*ST顾地,2026-06-15,2026-06-15 16:04:19
002695,sz,煌上煌,2026-06-15,2026-06-15 16:04:19
002696,sz,百洋股份,2026-06-15,2026-06-15 16:04:19
002697,sz,红旗连锁,2026-06-15,2026-06-15 16:04:19
002698,sz,博实股份,2026-06-15,2026-06-15 16:04:19
002700,sz,万憬能源,2026-06-15,2026-06-15 16:04:19
002701,sz,奥瑞金,2026-06-15,2026-06-15 16:04:19
002702,sz,海欣食品,2026-06-15,2026-06-15 16:04:19
002703,sz,浙江世宝,2026-06-15,2026-06-15 16:04:19
002705,sz,新宝股份,2026-06-15,2026-06-15 16:04:19
002706,sz,良信股份,2026-06-15,2026-06-15 16:04:19
002707,sz,众信旅游,2026-06-15,2026-06-15 16:04:19
002708,sz,光洋股份,2026-06-15,2026-06-15 16:04:19
002709,sz,天赐材料,2026-06-15,2026-06-15 16:04:19
002712,sz,思美传媒,2026-06-15,2026-06-15 16:04:19
002713,sz,*ST东易,2026-06-15,2026-06-15 16:04:19
002714,sz,牧原股份,2026-06-15,2026-06-15 16:04:19
002715,sz,登云股份,2026-06-15,2026-06-15 16:04:19
002716,sz,湖南白银,2026-06-15,2026-06-15 16:04:19
002717,sz,*ST岭南,2026-06-15,2026-06-15 16:04:19
002718,sz,友邦吊顶,2026-06-15,2026-06-15 16:04:19
002719,sz,ST麦趣,2026-06-15,2026-06-15 16:04:19
002721,sz,金一文化,2026-06-15,2026-06-15 16:04:19
002722,sz,物产金轮,2026-06-15,2026-06-15 16:04:19
002723,sz,小崧股份,2026-06-15,2026-06-15 16:04:19
002724,sz,海洋王,2026-06-15,2026-06-15 16:04:19
002725,sz,跃岭股份,2026-06-15,2026-06-15 16:04:19
002726,sz,ST龙大,2026-06-15,2026-06-15 16:04:19
002727,sz,一心堂,2026-06-15,2026-06-15 16:04:19
002728,sz,特一药业,2026-06-15,2026-06-15 16:04:19
002729,sz,好利科技,2026-06-15,2026-06-15 16:04:19
002730,sz,电光科技,2026-06-15,2026-06-15 16:04:19
002731,sz,ST萃华,2026-06-15,2026-06-15 16:04:19
002732,sz,燕塘乳业,2026-06-15,2026-06-15 16:04:19
002733,sz,雄韬股份,2026-06-15,2026-06-15 16:04:19
002734,sz,利民股份,2026-06-15,2026-06-15 16:04:19
002735,sz,王子新材,2026-06-15,2026-06-15 16:04:19
002736,sz,国信证券,2026-06-15,2026-06-15 16:04:19
002737,sz,葵花药业,2026-06-15,2026-06-15 16:04:19
002738,sz,中矿资源,2026-06-15,2026-06-15 16:04:19
002739,sz,儒意电影,2026-06-15,2026-06-15 16:04:19
002741,sz,光华科技,2026-06-15,2026-06-15 16:04:19
002742,sz,三圣股份,2026-06-15,2026-06-15 16:04:19
002743,sz,富煌钢构,2026-06-15,2026-06-15 16:04:19
002745,sz,木林森,2026-06-15,2026-06-15 16:04:19
002746,sz,仙坛股份,2026-06-15,2026-06-15 16:04:19
002747,sz,埃斯顿,2026-06-15,2026-06-15 16:04:19
002748,sz,世龙实业,2026-06-15,2026-06-15 16:04:19
002749,sz,国光股份,2026-06-15,2026-06-15 16:04:19
002752,sz,昇兴股份,2026-06-15,2026-06-15 16:04:19
002753,sz,永东股份,2026-06-15,2026-06-15 16:04:19
002755,sz,奥赛康,2026-06-15,2026-06-15 16:04:19
002756,sz,永兴材料,2026-06-15,2026-06-15 16:04:19
002757,sz,南兴股份,2026-06-15,2026-06-15 16:04:19
002758,sz,浙农股份,2026-06-15,2026-06-15 16:04:19
002759,sz,天际股份,2026-06-15,2026-06-15 16:04:19
002760,sz,凤形股份,2026-06-15,2026-06-15 16:04:19
002761,sz,浙江建投,2026-06-15,2026-06-15 16:04:19
002762,sz,*ST金比,2026-06-15,2026-06-15 16:04:19
002763,sz,汇洁股份,2026-06-15,2026-06-15 16:04:19
002765,sz,蓝黛科技,2026-06-15,2026-06-15 16:04:19
002766,sz,索菱股份,2026-06-15,2026-06-15 16:04:19
002767,sz,先锋电子,2026-06-15,2026-06-15 16:04:19
002768,sz,国恩股份,2026-06-15,2026-06-15 16:04:19
002769,sz,普路通,2026-06-15,2026-06-15 16:04:19
002771,sz,真视通,2026-06-15,2026-06-15 16:04:19
002772,sz,众兴菌业,2026-06-15,2026-06-15 16:04:19
002773,sz,康弘药业,2026-06-15,2026-06-15 16:04:19
002774,sz,快意电梯,2026-06-15,2026-06-15 16:04:19
002775,sz,文科股份,2026-06-15,2026-06-15 16:04:19
002777,sz,久远银海,2026-06-15,2026-06-15 16:04:19
002778,sz,中晟高科,2026-06-15,2026-06-15 16:04:19
002779,sz,中坚科技,2026-06-15,2026-06-15 16:04:19
002780,sz,三夫户外,2026-06-15,2026-06-15 16:04:19
002782,sz,可立克,2026-06-15,2026-06-15 16:04:19
002783,sz,凯龙股份,2026-06-15,2026-06-15 16:04:19
002785,sz,万里石,2026-06-15,2026-06-15 16:04:19
002786,sz,银宝山新,2026-06-15,2026-06-15 16:04:19
002787,sz,华源控股,2026-06-15,2026-06-15 16:04:19
002788,sz,鹭燕医药,2026-06-15,2026-06-15 16:04:19
002789,sz,*ST建艺,2026-06-15,2026-06-15 16:04:19
002790,sz,瑞尔特,2026-06-15,2026-06-15 16:04:19
002791,sz,坚朗五金,2026-06-15,2026-06-15 16:04:19
002792,sz,通宇通讯,2026-06-15,2026-06-15 16:04:19
002793,sz,罗欣药业,2026-06-15,2026-06-15 16:04:19
002795,sz,永和智控,2026-06-15,2026-06-15 16:04:19
002796,sz,世嘉科技,2026-06-15,2026-06-15 16:04:19
002797,sz,第一创业,2026-06-15,2026-06-15 16:04:19
002798,sz,帝欧水华,2026-06-15,2026-06-15 16:04:19
002799,sz,环球印务,2026-06-15,2026-06-15 16:04:19
002800,sz,天顺股份,2026-06-15,2026-06-15 16:04:19
002801,sz,微光股份,2026-06-15,2026-06-15 16:04:19
002802,sz,洪汇新材,2026-06-15,2026-06-15 16:04:19
002803,sz,吉宏股份,2026-06-15,2026-06-15 16:04:19
002805,sz,丰元股份,2026-06-15,2026-06-15 16:04:19
002806,sz,华锋股份,2026-06-15,2026-06-15 16:04:19
002807,sz,江阴银行,2026-06-15,2026-06-15 16:04:19
002808,sz,*ST恒久,2026-06-15,2026-06-15 16:04:19
002809,sz,红墙股份,2026-06-15,2026-06-15 16:04:19
002810,sz,山东赫达,2026-06-15,2026-06-15 16:04:19
002811,sz,郑中设计,2026-06-15,2026-06-15 16:04:19
002812,sz,恩捷股份,2026-06-15,2026-06-15 16:04:19
002813,sz,路畅科技,2026-06-15,2026-06-15 16:04:19
002815,sz,崇达技术,2026-06-15,2026-06-15 16:04:19
002816,sz,*ST和科,2026-06-15,2026-06-15 16:04:19
002817,sz,黄山胶囊,2026-06-15,2026-06-15 16:04:19
002818,sz,富森美,2026-06-15,2026-06-15 16:04:19
002819,sz,东方中科,2026-06-15,2026-06-15 16:04:19
002820,sz,桂发祥,2026-06-15,2026-06-15 16:04:19
002821,sz,凯莱英,2026-06-15,2026-06-15 16:04:19
002822,sz,ST中装,2026-06-15,2026-06-15 16:04:19
002823,sz,凯中精密,2026-06-15,2026-06-15 16:04:19
002824,sz,和胜股份,2026-06-15,2026-06-15 16:04:19
002825,sz,纳尔股份,2026-06-15,2026-06-15 16:04:19
002826,sz,易明医药,2026-06-15,2026-06-15 16:04:19
002827,sz,高争民爆,2026-06-15,2026-06-15 16:04:19
002828,sz,贝肯能源,2026-06-15,2026-06-15 16:04:19
002829,sz,星网宇达,2026-06-15,2026-06-15 16:04:19
002830,sz,名雕股份,2026-06-15,2026-06-15 16:04:19
002831,sz,裕同科技,2026-06-15,2026-06-15 16:04:19
002832,sz,比音勒芬,2026-06-15,2026-06-15 16:04:19
002833,sz,弘亚数控,2026-06-15,2026-06-15 16:04:19
002835,sz,同为股份,2026-06-15,2026-06-15 16:04:19
002836,sz,新宏泽,2026-06-15,2026-06-15 16:04:19
002837,sz,英维克,2026-06-15,2026-06-15 16:04:19
002838,sz,道恩股份,2026-06-15,2026-06-15 16:04:19
002839,sz,张家港行,2026-06-15,2026-06-15 16:04:19
002840,sz,华统股份,2026-06-15,2026-06-15 16:04:19
002841,sz,视源股份,2026-06-15,2026-06-15 16:04:19
002842,sz,翔鹭钨业,2026-06-15,2026-06-15 16:04:19
002843,sz,泰嘉股份,2026-06-15,2026-06-15 16:04:19
002845,sz,同兴达,2026-06-15,2026-06-15 16:04:19
002846,sz,英联股份,2026-06-15,2026-06-15 16:04:19
002847,sz,盐津铺子,2026-06-15,2026-06-15 16:04:19
002848,sz,高斯贝尔,2026-06-15,2026-06-15 16:04:19
002849,sz,威星智能,2026-06-15,2026-06-15 16:04:19
002850,sz,科达利,2026-06-15,2026-06-15 16:04:19
002851,sz,麦格米特,2026-06-15,2026-06-15 16:04:19
002852,sz,道道全,2026-06-15,2026-06-15 16:04:19
002853,sz,皮阿诺,2026-06-15,2026-06-15 16:04:19
002855,sz,捷荣技术,2026-06-15,2026-06-15 16:04:19
002856,sz,*ST美芝,2026-06-15,2026-06-15 16:04:19
002857,sz,三晖电气,2026-06-15,2026-06-15 16:04:19
002858,sz,力盛体育,2026-06-15,2026-06-15 16:04:19
002859,sz,洁美科技,2026-06-15,2026-06-15 16:04:19
002860,sz,星帅尔,2026-06-15,2026-06-15 16:04:19
002861,sz,瀛通通讯,2026-06-15,2026-06-15 16:04:19
002862,sz,实丰文化,2026-06-15,2026-06-15 16:04:19
002863,sz,今飞凯达,2026-06-15,2026-06-15 16:04:19
002864,sz,盘龙药业,2026-06-15,2026-06-15 16:04:19
002865,sz,钧达股份,2026-06-15,2026-06-15 16:04:19
002866,sz,传艺科技,2026-06-15,2026-06-15 16:04:19
002867,sz,周大生,2026-06-15,2026-06-15 16:04:19
002868,sz,绿康生化,2026-06-15,2026-06-15 16:04:19
002869,sz,金溢科技,2026-06-15,2026-06-15 16:04:19
002870,sz,香山股份,2026-06-15,2026-06-15 16:04:19
002871,sz,伟隆股份,2026-06-15,2026-06-15 16:04:19
002872,sz,ST天圣,2026-06-15,2026-06-15 16:04:19
002873,sz,新天药业,2026-06-15,2026-06-15 16:04:19
002875,sz,安奈儿,2026-06-15,2026-06-15 16:04:19
002876,sz,三利谱,2026-06-15,2026-06-15 16:04:19
002877,sz,智能自控,2026-06-15,2026-06-15 16:04:19
002878,sz,元隆雅图,2026-06-15,2026-06-15 16:04:19
002879,sz,长缆科技,2026-06-15,2026-06-15 16:04:19
002880,sz,卫光生物,2026-06-15,2026-06-15 16:04:19
002881,sz,美格智能,2026-06-15,2026-06-15 16:04:19
002882,sz,金龙羽,2026-06-15,2026-06-15 16:04:19
002883,sz,*ST中设,2026-06-15,2026-06-15 16:04:19
002884,sz,凌霄泵业,2026-06-15,2026-06-15 16:04:19
002885,sz,京泉华,2026-06-15,2026-06-15 16:04:19
002886,sz,沃特股份,2026-06-15,2026-06-15 16:04:19
002887,sz,绿茵生态,2026-06-15,2026-06-15 16:04:19
002888,sz,惠威科技,2026-06-15,2026-06-15 16:04:19
002889,sz,东方嘉盛,2026-06-15,2026-06-15 16:04:19
002890,sz,弘宇股份,2026-06-15,2026-06-15 16:04:19
002891,sz,中宠股份,2026-06-15,2026-06-15 16:04:19
002892,sz,科力尔,2026-06-15,2026-06-15 16:04:19
002893,sz,京能热力,2026-06-15,2026-06-15 16:04:19
002895,sz,川恒股份,2026-06-15,2026-06-15 16:04:19
002896,sz,中大力德,2026-06-15,2026-06-15 16:04:19
002897,sz,意华股份,2026-06-15,2026-06-15 16:04:19
002898,sz,*ST赛隆,2026-06-15,2026-06-15 16:04:19
002899,sz,英派斯,2026-06-15,2026-06-15 16:04:19
002900,sz,哈三联,2026-06-15,2026-06-15 16:04:19
002901,sz,大博医疗,2026-06-15,2026-06-15 16:04:19
002902,sz,铭普光磁,2026-06-15,2026-06-15 16:04:19
002903,sz,宇环数控,2026-06-15,2026-06-15 16:04:19
002905,sz,金逸影视,2026-06-15,2026-06-15 16:04:19
002906,sz,华阳集团,2026-06-15,2026-06-15 16:04:19
002907,sz,华森制药,2026-06-15,2026-06-15 16:04:19
002908,sz,德生科技,2026-06-15,2026-06-15 16:04:19
002909,sz,集泰股份,2026-06-15,2026-06-15 16:04:19
002910,sz,庄园牧场,2026-06-15,2026-06-15 16:04:19
002911,sz,佛燃能源,2026-06-15,2026-06-15 16:04:19
002912,sz,中新赛克,2026-06-15,2026-06-15 16:04:19
002913,sz,奥士康,2026-06-15,2026-06-15 16:04:19
002915,sz,中欣氟材,2026-06-15,2026-06-15 16:04:19
002916,sz,深南电路,2026-06-15,2026-06-15 16:04:19
002917,sz,金奥博,2026-06-15,2026-06-15 16:04:19
002918,sz,蒙娜丽莎,2026-06-15,2026-06-15 16:04:19
002919,sz,名臣健康,2026-06-15,2026-06-15 16:04:19
002920,sz,德赛西威,2026-06-15,2026-06-15 16:04:19
002921,sz,联诚精密,2026-06-15,2026-06-15 16:04:19
002922,sz,伊戈尔,2026-06-15,2026-06-15 16:04:19
002923,sz,润都股份,2026-06-15,2026-06-15 16:04:19
002925,sz,盈趣科技,2026-06-15,2026-06-15 16:04:19
002926,sz,华西证券,2026-06-15,2026-06-15 16:04:19
002927,sz,泰永长征,2026-06-15,2026-06-15 16:04:19
002928,sz,华夏航空,2026-06-15,2026-06-15 16:04:19
002929,sz,润建股份,2026-06-15,2026-06-15 16:04:19
002930,sz,宏川智慧,2026-06-15,2026-06-15 16:04:19
002931,sz,锋龙股份,2026-06-15,2026-06-15 16:04:19
002932,sz,*ST明德,2026-06-15,2026-06-15 16:04:19
002933,sz,新兴装备,2026-06-15,2026-06-15 16:04:19
002935,sz,天奥电子,2026-06-15,2026-06-15 16:04:19
002936,sz,郑州银行,2026-06-15,2026-06-15 16:04:19
002937,sz,兴瑞科技,2026-06-15,2026-06-15 16:04:19
002938,sz,鹏鼎控股,2026-06-15,2026-06-15 16:04:19
002939,sz,长城证券,2026-06-15,2026-06-15 16:04:19
002940,sz,昂利康,2026-06-15,2026-06-15 16:04:19
002941,sz,新疆交建,2026-06-15,2026-06-15 16:04:19
002942,sz,新农股份,2026-06-15,2026-06-15 16:04:19
002943,sz,宇晶股份,2026-06-15,2026-06-15 16:04:19
002945,sz,华林证券,2026-06-15,2026-06-15 16:04:19
002946,sz,新乳业,2026-06-15,2026-06-15 16:04:19
002947,sz,恒铭达,2026-06-15,2026-06-15 16:04:19
002948,sz,青岛银行,2026-06-15,2026-06-15 16:04:19
002949,sz,华阳国际,2026-06-15,2026-06-15 16:04:19
002950,sz,奥美医疗,2026-06-15,2026-06-15 16:04:19
002951,sz,金时科技,2026-06-15,2026-06-15 16:04:19
002952,sz,亚世光电,2026-06-15,2026-06-15 16:04:19
002953,sz,日丰股份,2026-06-15,2026-06-15 16:04:19
002955,sz,鸿合科技,2026-06-15,2026-06-15 16:04:19
002956,sz,西麦食品,2026-06-15,2026-06-15 16:04:19
002957,sz,科瑞技术,2026-06-15,2026-06-15 16:04:19
002958,sz,青农商行,2026-06-15,2026-06-15 16:04:19
002959,sz,小熊电器,2026-06-15,2026-06-15 16:04:19
002960,sz,青鸟智控,2026-06-15,2026-06-15 16:04:19
002961,sz,瑞达期货,2026-06-15,2026-06-15 16:04:19
002962,sz,五方光电,2026-06-15,2026-06-15 16:04:19
002963,sz,豪尔赛,2026-06-15,2026-06-15 16:04:19
002965,sz,祥鑫科技,2026-06-15,2026-06-15 16:04:19
002966,sz,苏州银行,2026-06-15,2026-06-15 16:04:19
002967,sz,广电计量,2026-06-15,2026-06-15 16:04:19
002968,sz,新大正,2026-06-15,2026-06-15 16:04:19
002969,sz,嘉美包装,2026-06-15,2026-06-15 16:04:19
002970,sz,锐明技术,2026-06-15,2026-06-15 16:04:19
002971,sz,和远气体,2026-06-15,2026-06-15 16:04:19
002972,sz,科安达,2026-06-15,2026-06-15 16:04:19
002973,sz,侨银股份,2026-06-15,2026-06-15 16:04:19
002975,sz,博杰股份,2026-06-15,2026-06-15 16:04:19
002976,sz,瑞玛精密,2026-06-15,2026-06-15 16:04:19
002977,sz,*ST天箭,2026-06-15,2026-06-15 16:04:19
002978,sz,安宁股份,2026-06-15,2026-06-15 16:04:19
002979,sz,雷赛智能,2026-06-15,2026-06-15 16:04:19
002980,sz,华盛昌,2026-06-15,2026-06-15 16:04:19
002981,sz,朝阳科技,2026-06-15,2026-06-15 16:04:19
002982,sz,湘佳股份,2026-06-15,2026-06-15 16:04:19
002983,sz,芯瑞达,2026-06-15,2026-06-15 16:04:19
002984,sz,森麒麟,2026-06-15,2026-06-15 16:04:19
002985,sz,北摩高科,2026-06-15,2026-06-15 16:04:19
002986,sz,宇新股份,2026-06-15,2026-06-15 16:04:19
002987,sz,京北方,2026-06-15,2026-06-15 16:04:19
002988,sz,豪美新材,2026-06-15,2026-06-15 16:04:19
002989,sz,中天精装,2026-06-15,2026-06-15 16:04:19
002990,sz,盛视科技,2026-06-15,2026-06-15 16:04:19
002991,sz,甘源食品,2026-06-15,2026-06-15 16:04:19
002992,sz,宝明科技,2026-06-15,2026-06-15 16:04:19
002993,sz,奥海科技,2026-06-15,2026-06-15 16:04:19
002995,sz,天地在线,2026-06-15,2026-06-15 16:04:19
002996,sz,顺博合金,2026-06-15,2026-06-15 16:04:19
002997,sz,瑞鹄模具,2026-06-15,2026-06-15 16:04:19
002998,sz,优彩资源,2026-06-15,2026-06-15 16:04:19
002999,sz,天禾股份,2026-06-15,2026-06-15 16:04:19
003000,sz,劲仔食品,2026-06-15,2026-06-15 16:04:19
003001,sz,中岩大地,2026-06-15,2026-06-15 16:04:19
003002,sz,壶化股份,2026-06-15,2026-06-15 16:04:19
003003,sz,天元股份,2026-06-15,2026-06-15 16:04:19
003004,sz,声迅股份,2026-06-15,2026-06-15 16:04:19
003005,sz,竞业达,2026-06-15,2026-06-15 16:04:19
003006,sz,百亚股份,2026-06-15,2026-06-15 16:04:19
003007,sz,直真科技,2026-06-15,2026-06-15 16:04:19
003008,sz,开普检测,2026-06-15,2026-06-15 16:04:19
003009,sz,中天火箭,2026-06-15,2026-06-15 16:04:19
003010,sz,若羽臣,2026-06-15,2026-06-15 16:04:19
003011,sz,海象新材,2026-06-15,2026-06-15 16:04:19
003012,sz,东鹏控股,2026-06-15,2026-06-15 16:04:19
003013,sz,地铁设计,2026-06-15,2026-06-15 16:04:19
003015,sz,日久光电,2026-06-15,2026-06-15 16:04:19
003016,sz,欣贺股份,2026-06-15,2026-06-15 16:04:19
003017,sz,大洋生物,2026-06-15,2026-06-15 16:04:19
003018,sz,金富科技,2026-06-15,2026-06-15 16:04:19
003019,sz,宸展光电,2026-06-15,2026-06-15 16:04:19
003020,sz,立方制药,2026-06-15,2026-06-15 16:04:19
003021,sz,兆威机电,2026-06-15,2026-06-15 16:04:19
003022,sz,联泓新科,2026-06-15,2026-06-15 16:04:19
003023,sz,彩虹集团,2026-06-15,2026-06-15 16:04:19
003025,sz,思进智能,2026-06-15,2026-06-15 16:04:19
003026,sz,中晶科技,2026-06-15,2026-06-15 16:04:19
003027,sz,同兴科技,2026-06-15,2026-06-15 16:04:19
003028,sz,振邦智能,2026-06-15,2026-06-15 16:04:19
003029,sz,吉大正元,2026-06-15,2026-06-15 16:04:19
003030,sz,祖名股份,2026-06-15,2026-06-15 16:04:19
003031,sz,中瓷电子,2026-06-15,2026-06-15 16:04:19
003032,sz,*ST传智,2026-06-15,2026-06-15 16:04:19
003033,sz,征和工业,2026-06-15,2026-06-15 16:04:19
003035,sz,南网能源,2026-06-15,2026-06-15 16:04:19
003036,sz,泰坦股份,2026-06-15,2026-06-15 16:04:19
003037,sz,三和管桩,2026-06-15,2026-06-15 16:04:19
003038,sz,鑫铂股份,2026-06-15,2026-06-15 16:04:19
003039,sz,顺控发展,2026-06-15,2026-06-15 16:04:19
003040,sz,楚天龙,2026-06-15,2026-06-15 16:04:19
003041,sz,真爱美家,2026-06-15,2026-06-15 16:04:19
003042,sz,中农联合,2026-06-15,2026-06-15 16:04:19
003043,sz,华亚智能,2026-06-15,2026-06-15 16:04:19
003816,sz,中国广核,2026-06-15,2026-06-15 16:04:19
300001,sz,特锐德,2026-06-15,2026-06-15 16:04:19
300002,sz,神州泰岳,2026-06-15,2026-06-15 16:04:19
300003,sz,乐普医疗,2026-06-15,2026-06-15 16:04:19
300004,sz,南风股份,2026-06-15,2026-06-15 16:04:19
300005,sz,探路者,2026-06-15,2026-06-15 16:04:19
300006,sz,莱美药业,2026-06-15,2026-06-15 16:04:19
300007,sz,汉威科技,2026-06-15,2026-06-15 16:04:19
300008,sz,天海防务,2026-06-15,2026-06-15 16:04:19
300009,sz,安科生物,2026-06-15,2026-06-15 16:04:19
300010,sz,ST豆神,2026-06-15,2026-06-15 16:04:19
300011,sz,鼎汉技术,2026-06-15,2026-06-15 16:04:19
300012,sz,华测检测,2026-06-15,2026-06-15 16:04:19
300013,sz,新宁物流,2026-06-15,2026-06-15 16:04:19
300014,sz,亿纬锂能,2026-06-15,2026-06-15 16:04:19
300015,sz,爱尔眼科,2026-06-15,2026-06-15 16:04:19
300016,sz,北陆药业,2026-06-15,2026-06-15 16:04:19
300017,sz,网宿科技,2026-06-15,2026-06-15 16:04:19
300018,sz,中元股份,2026-06-15,2026-06-15 16:04:19
300019,sz,硅宝科技,2026-06-15,2026-06-15 16:04:19
300020,sz,ST银江,2026-06-15,2026-06-15 16:04:19
300021,sz,大禹节水,2026-06-15,2026-06-15 16:04:19
300022,sz,吉峰科技,2026-06-15,2026-06-15 16:04:19
300024,sz,机器人,2026-06-15,2026-06-15 16:04:19
300025,sz,华星创业,2026-06-15,2026-06-15 16:04:19
300026,sz,红日药业,2026-06-15,2026-06-15 16:04:19
300027,sz,ST华谊,2026-06-15,2026-06-15 16:04:19
300029,sz,*ST天龙,2026-06-15,2026-06-15 16:04:19
300030,sz,阳普医疗,2026-06-15,2026-06-15 16:04:19
300031,sz,宝通科技,2026-06-15,2026-06-15 16:04:19
300032,sz,金龙机电,2026-06-15,2026-06-15 16:04:19
300033,sz,同花顺,2026-06-15,2026-06-15 16:04:19
300034,sz,钢研高纳,2026-06-15,2026-06-15 16:04:19
300035,sz,中科电气,2026-06-15,2026-06-15 16:04:19
300036,sz,超图软件,2026-06-15,2026-06-15 16:04:19
300037,sz,新宙邦,2026-06-15,2026-06-15 16:04:19
300039,sz,上海凯宝,2026-06-15,2026-06-15 16:04:19
300040,sz,九洲集团,2026-06-15,2026-06-15 16:04:19
300041,sz,回天新材,2026-06-15,2026-06-15 16:04:19
300042,sz,朗科科技,2026-06-15,2026-06-15 16:04:19
300043,sz,星辉娱乐,2026-06-15,2026-06-15 16:04:19
300044,sz,*ST赛为,2026-06-15,2026-06-15 16:04:19
300045,sz,华力创通,2026-06-15,2026-06-15 16:04:19
300046,sz,台基股份,2026-06-15,2026-06-15 16:04:19
300047,sz,天源迪科,2026-06-15,2026-06-15 16:04:19
300048,sz,合康新能,2026-06-15,2026-06-15 16:04:19
300049,sz,福瑞医科,2026-06-15,2026-06-15 16:04:19
300050,sz,世纪鼎利,2026-06-15,2026-06-15 16:04:19
300051,sz,琏升科技,2026-06-15,2026-06-15 16:04:19
300052,sz,中青宝,2026-06-15,2026-06-15 16:04:19
300053,sz,航宇微,2026-06-15,2026-06-15 16:04:19
300054,sz,鼎龙股份,2026-06-15,2026-06-15 16:04:19
300055,sz,万邦达,2026-06-15,2026-06-15 16:04:19
300056,sz,中创环保,2026-06-15,2026-06-15 16:04:19
300057,sz,万顺新材,2026-06-15,2026-06-15 16:04:19
300058,sz,蓝色光标,2026-06-15,2026-06-15 16:04:19
300059,sz,东方财富,2026-06-15,2026-06-15 16:04:19
300061,sz,旗天科技,2026-06-15,2026-06-15 16:04:19
300062,sz,中能电气,2026-06-15,2026-06-15 16:04:19
300063,sz,天龙集团,2026-06-15,2026-06-15 16:04:19
300065,sz,海兰信,2026-06-15,2026-06-15 16:04:19
300066,sz,三川智慧,2026-06-15,2026-06-15 16:04:19
300067,sz,安诺其,2026-06-15,2026-06-15 16:04:19
300068,sz,ST南都,2026-06-15,2026-06-15 16:04:19
300069,sz,金利华电,2026-06-15,2026-06-15 16:04:19
300070,sz,碧水源,2026-06-15,2026-06-15 16:04:19
300071,sz,福石控股,2026-06-15,2026-06-15 16:04:19
300072,sz,海新能科,2026-06-15,2026-06-15 16:04:19
300073,sz,当升科技,2026-06-15,2026-06-15 16:04:19
300074,sz,华平股份,2026-06-15,2026-06-15 16:04:19
300075,sz,数字政通,2026-06-15,2026-06-15 16:04:19
300076,sz,*ST宁视,2026-06-15,2026-06-15 16:04:19
300077,sz,国民技术,2026-06-15,2026-06-15 16:04:19
300078,sz,思创智联,2026-06-15,2026-06-15 16:04:19
300079,sz,数码视讯,2026-06-15,2026-06-15 16:04:19
300080,sz,易成新能,2026-06-15,2026-06-15 16:04:19
300081,sz,ST恒信,2026-06-15,2026-06-15 16:04:19
300082,sz,奥克股份,2026-06-15,2026-06-15 16:04:19
300083,sz,创世纪,2026-06-15,2026-06-15 16:04:19
300084,sz,海默科技,2026-06-15,2026-06-15 16:04:19
300085,sz,银之杰,2026-06-15,2026-06-15 16:04:19
300086,sz,康芝药业,2026-06-15,2026-06-15 16:04:19
300087,sz,荃银高科,2026-06-15,2026-06-15 16:04:19
300088,sz,长信科技,2026-06-15,2026-06-15 16:04:19
300091,sz,*ST金灵,2026-06-15,2026-06-15 16:04:19
300092,sz,科新机电,2026-06-15,2026-06-15 16:04:19
300093,sz,*ST金刚,2026-06-15,2026-06-15 16:04:19
300094,sz,国联水产,2026-06-15,2026-06-15 16:04:19
300095,sz,华伍股份,2026-06-15,2026-06-15 16:04:19
300096,sz,ST易联众,2026-06-15,2026-06-15 16:04:19
300097,sz,智云股份,2026-06-15,2026-06-15 16:04:19
300098,sz,高新兴,2026-06-15,2026-06-15 16:04:19
300099,sz,尤洛卡,2026-06-15,2026-06-15 16:04:19
300100,sz,双林股份,2026-06-15,2026-06-15 16:04:19
300101,sz,振芯科技,2026-06-15,2026-06-15 16:04:19
300102,sz,乾照光电,2026-06-15,2026-06-15 16:04:19
300103,sz,达刚控股,2026-06-15,2026-06-15 16:04:19
300105,sz,龙源技术,2026-06-15,2026-06-15 16:04:19
300106,sz,西部牧业,2026-06-15,2026-06-15 16:04:19
300107,sz,建新股份,2026-06-15,2026-06-15 16:04:19
300109,sz,新开源,2026-06-15,2026-06-15 16:04:19
300110,sz,华仁药业,2026-06-15,2026-06-15 16:04:19
300111,sz,向日葵,2026-06-15,2026-06-15 16:04:19
300112,sz,万讯自控,2026-06-15,2026-06-15 16:04:19
300113,sz,顺网科技,2026-06-15,2026-06-15 16:04:19
300115,sz,长盈精密,2026-06-15,2026-06-15 16:04:19
300118,sz,东方日升,2026-06-15,2026-06-15 16:04:19
300119,sz,瑞普生物,2026-06-15,2026-06-15 16:04:19
300120,sz,经纬辉开,2026-06-15,2026-06-15 16:04:19
300121,sz,阳谷华泰,2026-06-15,2026-06-15 16:04:19
300122,sz,智飞生物,2026-06-15,2026-06-15 16:04:19
300123,sz,ST亚光,2026-06-15,2026-06-15 16:04:19
300124,sz,汇川技术,2026-06-15,2026-06-15 16:04:19
300125,sz,*ST聆达,2026-06-15,2026-06-15 16:04:19
300126,sz,锐奇股份,2026-06-15,2026-06-15 16:04:19
300127,sz,银河磁体,2026-06-15,2026-06-15 16:04:19
300128,sz,锦富技术,2026-06-15,2026-06-15 16:04:19
300129,sz,泰胜风能,2026-06-15,2026-06-15 16:04:19
300130,sz,新国都,2026-06-15,2026-06-15 16:04:19
300131,sz,英唐智控,2026-06-15,2026-06-15 16:04:19
300132,sz,青松股份,2026-06-15,2026-06-15 16:04:19
300133,sz,华策影视,2026-06-15,2026-06-15 16:04:19
300134,sz,大富科技,2026-06-15,2026-06-15 16:04:19
300135,sz,宝利国际,2026-06-15,2026-06-15 16:04:19
300136,sz,信维通信,2026-06-15,2026-06-15 16:04:19
300137,sz,先河环保,2026-06-15,2026-06-15 16:04:19
300138,sz,晨光生物,2026-06-15,2026-06-15 16:04:19
300139,sz,晓程科技,2026-06-15,2026-06-15 16:04:19
300140,sz,节能环境,2026-06-15,2026-06-15 16:04:19
300141,sz,和顺电气,2026-06-15,2026-06-15 16:04:19
300142,sz,沃森生物,2026-06-15,2026-06-15 16:04:19
300143,sz,盈康生命,2026-06-15,2026-06-15 16:04:19
300144,sz,宋城演艺,2026-06-15,2026-06-15 16:04:19
300145,sz,南方泵业,2026-06-15,2026-06-15 16:04:19
300146,sz,汤臣倍健,2026-06-15,2026-06-15 16:04:19
300147,sz,*ST香雪,2026-06-15,2026-06-15 16:04:19
300148,sz,天舟文化,2026-06-15,2026-06-15 16:04:19
300149,sz,睿智医药,2026-06-15,2026-06-15 16:04:19
300150,sz,世纪瑞尔,2026-06-15,2026-06-15 16:04:19
300151,sz,昌红科技,2026-06-15,2026-06-15 16:04:19
300152,sz,*ST动力,2026-06-15,2026-06-15 16:04:19
300153,sz,科泰电源,2026-06-15,2026-06-15 16:04:19
300154,sz,瑞凌股份,2026-06-15,2026-06-15 16:04:19
300155,sz,安居宝,2026-06-15,2026-06-15 16:04:19
300157,sz,新锦动力,2026-06-15,2026-06-15 16:04:19
300158,sz,振东制药,2026-06-15,2026-06-15 16:04:19
300159,sz,*ST新研,2026-06-15,2026-06-15 16:04:19
300160,sz,秀强股份,2026-06-15,2026-06-15 16:04:19
300161,sz,华中数控,2026-06-15,2026-06-15 16:04:19
300162,sz,雷曼光电,2026-06-15,2026-06-15 16:04:19
300163,sz,先锋新材,2026-06-15,2026-06-15 16:04:19
300164,sz,通源石油,2026-06-15,2026-06-15 16:04:19
300165,sz,天瑞仪器,2026-06-15,2026-06-15 16:04:19
300166,sz,东方国信,2026-06-15,2026-06-15 16:04:19
300167,sz,ST迪威迅,2026-06-15,2026-06-15 16:04:19
300168,sz,万达信息,2026-06-15,2026-06-15 16:04:19
300169,sz,天晟新材,2026-06-15,2026-06-15 16:04:19
300170,sz,汉得信息,2026-06-15,2026-06-15 16:04:19
300171,sz,东富龙,2026-06-15,2026-06-15 16:04:19
300172,sz,中电环保,2026-06-15,2026-06-15 16:04:19
300173,sz,ST福能,2026-06-15,2026-06-15 16:04:19
300174,sz,元力股份,2026-06-15,2026-06-15 16:04:19
300175,sz,朗源股份,2026-06-15,2026-06-15 16:04:19
300176,sz,鸿特科技,2026-06-15,2026-06-15 16:04:19
300177,sz,中海达,2026-06-15,2026-06-15 16:04:19
300179,sz,四方达,2026-06-15,2026-06-15 16:04:19
300180,sz,华峰超纤,2026-06-15,2026-06-15 16:04:19
300181,sz,佐力药业,2026-06-15,2026-06-15 16:04:19
300182,sz,捷成股份,2026-06-15,2026-06-15 16:04:19
300183,sz,东软载波,2026-06-15,2026-06-15 16:04:19
300184,sz,力源信息,2026-06-15,2026-06-15 16:04:19
300185,sz,通裕重工,2026-06-15,2026-06-15 16:04:19
300187,sz,永清环保,2026-06-15,2026-06-15 16:04:19
300188,sz,国投智能,2026-06-15,2026-06-15 16:04:19
300189,sz,神农种业,2026-06-15,2026-06-15 16:04:19
300190,sz,维尔利,2026-06-15,2026-06-15 16:04:19
300191,sz,潜能恒信,2026-06-15,2026-06-15 16:04:19
300192,sz,科德教育,2026-06-15,2026-06-15 16:04:19
300193,sz,佳士科技,2026-06-15,2026-06-15 16:04:19
300194,sz,福安药业,2026-06-15,2026-06-15 16:04:19
300195,sz,长荣股份,2026-06-15,2026-06-15 16:04:19
300196,sz,长海股份,2026-06-15,2026-06-15 16:04:19
300197,sz,节能铁汉,2026-06-15,2026-06-15 16:04:19
300198,sz,*ST纳川,2026-06-15,2026-06-15 16:04:19
300199,sz,翰宇药业,2026-06-15,2026-06-15 16:04:19
300200,sz,高盟新材,2026-06-15,2026-06-15 16:04:19
300201,sz,海伦哲,2026-06-15,2026-06-15 16:04:19
300203,sz,聚光科技,2026-06-15,2026-06-15 16:04:19
300204,sz,舒泰神,2026-06-15,2026-06-15 16:04:19
300205,sz,*ST天喻,2026-06-15,2026-06-15 16:04:19
300206,sz,理邦仪器,2026-06-15,2026-06-15 16:04:19
300207,sz,欣旺达,2026-06-15,2026-06-15 16:04:19
300209,sz,行云科技,2026-06-15,2026-06-15 16:04:19
300210,sz,森远股份,2026-06-15,2026-06-15 16:04:19
300211,sz,*ST亿通,2026-06-15,2026-06-15 16:04:19
300212,sz,*ST易录,2026-06-15,2026-06-15 16:04:19
300213,sz,佳讯飞鸿,2026-06-15,2026-06-15 16:04:19
300214,sz,日科化学,2026-06-15,2026-06-15 16:04:19
300215,sz,电科院,2026-06-15,2026-06-15 16:04:19
300217,sz,东方电热,2026-06-15,2026-06-15 16:04:19
300218,sz,安利股份,2026-06-15,2026-06-15 16:04:19
300219,sz,鸿利智汇,2026-06-15,2026-06-15 16:04:19
300220,sz,金运激光,2026-06-15,2026-06-15 16:04:19
300221,sz,银禧科技,2026-06-15,2026-06-15 16:04:19
300222,sz,科大智能,2026-06-15,2026-06-15 16:04:19
300223,sz,北京君正,2026-06-15,2026-06-15 16:04:19
300224,sz,正海磁材,2026-06-15,2026-06-15 16:04:19
300225,sz,*ST金泰,2026-06-15,2026-06-15 16:04:19
300226,sz,上海钢联,2026-06-15,2026-06-15 16:04:19
300227,sz,光韵达,2026-06-15,2026-06-15 16:04:19
300228,sz,富瑞特装,2026-06-15,2026-06-15 16:04:19
300229,sz,拓尔思,2026-06-15,2026-06-15 16:04:19
300230,sz,永利股份,2026-06-15,2026-06-15 16:04:19
300231,sz,银信科技,2026-06-15,2026-06-15 16:04:19
300232,sz,洲明科技,2026-06-15,2026-06-15 16:04:19
300233,sz,金城医药,2026-06-15,2026-06-15 16:04:19
300234,sz,开尔新材,2026-06-15,2026-06-15 16:04:19
300235,sz,方直科技,2026-06-15,2026-06-15 16:04:19
300236,sz,上海新阳,2026-06-15,2026-06-15 16:04:19
300237,sz,ST美晨,2026-06-15,2026-06-15 16:04:19
300238,sz,冠昊生物,2026-06-15,2026-06-15 16:04:19
300239,sz,东宝生物,2026-06-15,2026-06-15 16:04:19
300240,sz,飞力达,2026-06-15,2026-06-15 16:04:19
300241,sz,瑞丰光电,2026-06-15,2026-06-15 16:04:19
300242,sz,佳云科技,2026-06-15,2026-06-15 16:04:19
300243,sz,瑞丰高材,2026-06-15,2026-06-15 16:04:19
300244,sz,迪安诊断,2026-06-15,2026-06-15 16:04:19
300245,sz,ST天玑,2026-06-15,2026-06-15 16:04:19
300246,sz,宝莱特,2026-06-15,2026-06-15 16:04:19
300247,sz,融捷健康,2026-06-15,2026-06-15 16:04:19
300248,sz,新开普,2026-06-15,2026-06-15 16:04:19
300249,sz,依米康,2026-06-15,2026-06-15 16:04:19
300250,sz,初灵信息,2026-06-15,2026-06-15 16:04:19
300251,sz,光线传媒,2026-06-15,2026-06-15 16:04:19
300252,sz,金信诺,2026-06-15,2026-06-15 16:04:19
300253,sz,卫宁健康,2026-06-15,2026-06-15 16:04:19
300254,sz,仟源医药,2026-06-15,2026-06-15 16:04:19
300255,sz,常山药业,2026-06-15,2026-06-15 16:04:19
300256,sz,星星科技,2026-06-15,2026-06-15 16:04:19
300257,sz,开山股份,2026-06-15,2026-06-15 16:04:19
300258,sz,精锻科技,2026-06-15,2026-06-15 16:04:19
300259,sz,新天科技,2026-06-15,2026-06-15 16:04:19
300260,sz,新莱应材,2026-06-15,2026-06-15 16:04:19
300261,sz,雅本化学,2026-06-15,2026-06-15 16:04:19
300263,sz,隆华科技,2026-06-15,2026-06-15 16:04:19
300264,sz,佳创视讯,2026-06-15,2026-06-15 16:04:19
300265,sz,通光线缆,2026-06-15,2026-06-15 16:04:19
300266,sz,兴源环境,2026-06-15,2026-06-15 16:04:19
300267,sz,尔康制药,2026-06-15,2026-06-15 16:04:19
300268,sz,佳沃食品,2026-06-15,2026-06-15 16:04:19
300269,sz,联建光电,2026-06-15,2026-06-15 16:04:19
300270,sz,中威电子,2026-06-15,2026-06-15 16:04:19
300271,sz,华宇软件,2026-06-15,2026-06-15 16:04:19
300272,sz,开能健康,2026-06-15,2026-06-15 16:04:19
300274,sz,阳光电源,2026-06-15,2026-06-15 16:04:19
300275,sz,梅安森,2026-06-15,2026-06-15 16:04:19
300276,sz,三丰智能,2026-06-15,2026-06-15 16:04:19
300277,sz,汽轮科技,2026-06-15,2026-06-15 16:04:19
300278,sz,华昌达,2026-06-15,2026-06-15 16:04:19
300279,sz,和晶科技,2026-06-15,2026-06-15 16:04:19
300281,sz,金明精机,2026-06-15,2026-06-15 16:04:19
300283,sz,温州宏丰,2026-06-15,2026-06-15 16:04:19
300284,sz,苏交科,2026-06-15,2026-06-15 16:04:19
300285,sz,国瓷材料,2026-06-15,2026-06-15 16:04:19
300286,sz,安科瑞,2026-06-15,2026-06-15 16:04:19
300287,sz,飞利信,2026-06-15,2026-06-15 16:04:19
300288,sz,朗玛信息,2026-06-15,2026-06-15 16:04:19
300289,sz,利德曼,2026-06-15,2026-06-15 16:04:19
300290,sz,荣科科技,2026-06-15,2026-06-15 16:04:19
300291,sz,百纳千成,2026-06-15,2026-06-15 16:04:19
300292,sz,吴通控股,2026-06-15,2026-06-15 16:04:19
300293,sz,蓝英装备,2026-06-15,2026-06-15 16:04:19
300294,sz,博雅生物,2026-06-15,2026-06-15 16:04:19
300295,sz,*ST三六五,2026-06-15,2026-06-15 16:04:19
300296,sz,利亚德,2026-06-15,2026-06-15 16:04:19
300298,sz,三诺生物,2026-06-15,2026-06-15 16:04:19
300299,sz,富春股份,2026-06-15,2026-06-15 16:04:19
300300,sz,海峡创新,2026-06-15,2026-06-15 16:04:19
300301,sz,ST长方,2026-06-15,2026-06-15 16:04:19
300302,sz,同有科技,2026-06-15,2026-06-15 16:04:19
300303,sz,聚飞光电,2026-06-15,2026-06-15 16:04:19
300304,sz,云意电气,2026-06-15,2026-06-15 16:04:19
300305,sz,裕兴股份,2026-06-15,2026-06-15 16:04:19
300306,sz,远方信息,2026-06-15,2026-06-15 16:04:19
300307,sz,慈星股份,2026-06-15,2026-06-15 16:04:19
300308,sz,中际旭创,2026-06-15,2026-06-15 16:04:19
300310,sz,宜通世纪,2026-06-15,2026-06-15 16:04:19
300311,sz,ST任子行,2026-06-15,2026-06-15 16:04:19
300313,sz,*ST天山,2026-06-15,2026-06-15 16:04:19
300314,sz,戴维医疗,2026-06-15,2026-06-15 16:04:19
300315,sz,掌趣科技,2026-06-15,2026-06-15 16:04:19
300316,sz,晶盛机电,2026-06-15,2026-06-15 16:04:19
300317,sz,珈伟新能,2026-06-15,2026-06-15 16:04:19
300318,sz,博晖创新,2026-06-15,2026-06-15 16:04:19
300319,sz,麦捷科技,2026-06-15,2026-06-15 16:04:19
300320,sz,海达股份,2026-06-15,2026-06-15 16:04:19
300321,sz,同大股份,2026-06-15,2026-06-15 16:04:19
300322,sz,硕贝德,2026-06-15,2026-06-15 16:04:19
300323,sz,华灿光电,2026-06-15,2026-06-15 16:04:19
300324,sz,旋极信息,2026-06-15,2026-06-15 16:04:19
300326,sz,ST凯利,2026-06-15,2026-06-15 16:04:19
300327,sz,中颖电子,2026-06-15,2026-06-15 16:04:19
300328,sz,宜安科技,2026-06-15,2026-06-15 16:04:19
300329,sz,海伦钢琴,2026-06-15,2026-06-15 16:04:19
300331,sz,苏大维格,2026-06-15,2026-06-15 16:04:19
300332,sz,天壕能源,2026-06-15,2026-06-15 16:04:19
300333,sz,兆日科技,2026-06-15,2026-06-15 16:04:19
300334,sz,津膜科技,2026-06-15,2026-06-15 16:04:19
300335,sz,迪森股份,2026-06-15,2026-06-15 16:04:19
300337,sz,银邦股份,2026-06-15,2026-06-15 16:04:19
300338,sz,*ST开元,2026-06-15,2026-06-15 16:04:19
300339,sz,润和软件,2026-06-15,2026-06-15 16:04:19
300340,sz,科恒股份,2026-06-15,2026-06-15 16:04:19
300341,sz,麦克奥迪,2026-06-15,2026-06-15 16:04:19
300342,sz,天银机电,2026-06-15,2026-06-15 16:04:19
300343,sz,ST联创,2026-06-15,2026-06-15 16:04:19
300345,sz,华民股份,2026-06-15,2026-06-15 16:04:19
300346,sz,南大光电,2026-06-15,2026-06-15 16:04:19
300347,sz,泰格医药,2026-06-15,2026-06-15 16:04:19
300348,sz,长亮科技,2026-06-15,2026-06-15 16:04:19
300349,sz,金卡智能,2026-06-15,2026-06-15 16:04:19
300350,sz,华鹏飞,2026-06-15,2026-06-15 16:04:19
300351,sz,永贵电器,2026-06-15,2026-06-15 16:04:19
300352,sz,ST信源,2026-06-15,2026-06-15 16:04:19
300353,sz,东土科技,2026-06-15,2026-06-15 16:04:19
300354,sz,东华测试,2026-06-15,2026-06-15 16:04:19
300355,sz,蒙草生态,2026-06-15,2026-06-15 16:04:19
300357,sz,我武生物,2026-06-15,2026-06-15 16:04:19
300358,sz,楚天科技,2026-06-15,2026-06-15 16:04:19
300359,sz,全通教育,2026-06-15,2026-06-15 16:04:19
300360,sz,炬华科技,2026-06-15,2026-06-15 16:04:19
300363,sz,博腾股份,2026-06-15,2026-06-15 16:04:19
300364,sz,中文在线,2026-06-15,2026-06-15 16:04:19
300365,sz,恒华科技,2026-06-15,2026-06-15 16:04:19
300366,sz,ST创意,2026-06-15,2026-06-15 16:04:19
300368,sz,汇金股份,2026-06-15,2026-06-15 16:04:19
300369,sz,绿盟科技,2026-06-15,2026-06-15 16:04:19
300370,sz,安控科技,2026-06-15,2026-06-15 16:04:19
300371,sz,汇中股份,2026-06-15,2026-06-15 16:04:19
300373,sz,扬杰科技,2026-06-15,2026-06-15 16:04:19
300374,sz,中铁装配,2026-06-15,2026-06-15 16:04:19
300375,sz,鹏翎股份,2026-06-15,2026-06-15 16:04:19
300376,sz,易事特,2026-06-15,2026-06-15 16:04:19
300377,sz,赢时胜,2026-06-15,2026-06-15 16:04:19
300378,sz,鼎捷数智,2026-06-15,2026-06-15 16:04:19
300380,sz,安硕信息,2026-06-15,2026-06-15 16:04:19
300381,sz,溢多利,2026-06-15,2026-06-15 16:04:19
300382,sz,斯莱克,2026-06-15,2026-06-15 16:04:19
300383,sz,光环新网,2026-06-15,2026-06-15 16:04:19
300384,sz,三联虹普,2026-06-15,2026-06-15 16:04:19
300385,sz,ST雪浪,2026-06-15,2026-06-15 16:04:19
300386,sz,飞天诚信,2026-06-15,2026-06-15 16:04:19
300387,sz,富邦科技,2026-06-15,2026-06-15 16:04:19
300388,sz,节能国祯,2026-06-15,2026-06-15 16:04:19
300389,sz,艾比森,2026-06-15,2026-06-15 16:04:19
300390,sz,天华新能,2026-06-15,2026-06-15 16:04:19
300393,sz,中来股份,2026-06-15,2026-06-15 16:04:19
300394,sz,天孚通信,2026-06-15,2026-06-15 16:04:19
300395,sz,菲利华,2026-06-15,2026-06-15 16:04:19
300396,sz,ST迪瑞,2026-06-15,2026-06-15 16:04:19
300397,sz,天和防务,2026-06-15,2026-06-15 16:04:19
300398,sz,飞凯材料,2026-06-15,2026-06-15 16:04:19
300399,sz,天利科技,2026-06-15,2026-06-15 16:04:19
300400,sz,劲拓股份,2026-06-15,2026-06-15 16:04:19
300401,sz,花园生物,2026-06-15,2026-06-15 16:04:19
300402,sz,宝色股份,2026-06-15,2026-06-15 16:04:19
300403,sz,汉宇集团,2026-06-15,2026-06-15 16:04:19
300404,sz,博济医药,2026-06-15,2026-06-15 16:04:19
300405,sz,科隆股份,2026-06-15,2026-06-15 16:04:19
300406,sz,九强生物,2026-06-15,2026-06-15 16:04:19
300407,sz,凯发电气,2026-06-15,2026-06-15 16:04:19
300408,sz,三环集团,2026-06-15,2026-06-15 16:04:19
300409,sz,道氏技术,2026-06-15,2026-06-15 16:04:19
300410,sz,正业科技,2026-06-15,2026-06-15 16:04:19
300411,sz,金盾股份,2026-06-15,2026-06-15 16:04:19
300412,sz,迦南科技,2026-06-15,2026-06-15 16:04:19
300413,sz,芒果超媒,2026-06-15,2026-06-15 16:04:19
300414,sz,中光防雷,2026-06-15,2026-06-15 16:04:19
300415,sz,伊之密,2026-06-15,2026-06-15 16:04:19
300416,sz,苏试试验,2026-06-15,2026-06-15 16:04:19
300417,sz,南华仪器,2026-06-15,2026-06-15 16:04:19
300418,sz,昆仑万维,2026-06-15,2026-06-15 16:04:19
300419,sz,ST浩丰,2026-06-15,2026-06-15 16:04:19
300420,sz,五洋自控,2026-06-15,2026-06-15 16:04:19
300421,sz,力星股份,2026-06-15,2026-06-15 16:04:19
300422,sz,博世科,2026-06-15,2026-06-15 16:04:19
300423,sz,昇辉科技,2026-06-15,2026-06-15 16:04:19
300424,sz,航新科技,2026-06-15,2026-06-15 16:04:19
300425,sz,中建环能,2026-06-15,2026-06-15 16:04:19
300426,sz,华智数媒,2026-06-15,2026-06-15 16:04:19
300427,sz,红相股份,2026-06-15,2026-06-15 16:04:19
300428,sz,立中集团,2026-06-15,2026-06-15 16:04:19
300429,sz,强力新材,2026-06-15,2026-06-15 16:04:19
300430,sz,*ST益通,2026-06-15,2026-06-15 16:04:19
300432,sz,富临精工,2026-06-15,2026-06-15 16:04:19
300433,sz,蓝思科技,2026-06-15,2026-06-15 16:04:19
300434,sz,金石亚药,2026-06-15,2026-06-15 16:04:19
300435,sz,中泰股份,2026-06-15,2026-06-15 16:04:19
300436,sz,广生堂,2026-06-15,2026-06-15 16:04:19
300437,sz,清水源,2026-06-15,2026-06-15 16:04:19
300438,sz,鹏辉能源,2026-06-15,2026-06-15 16:04:19
300439,sz,美康生物,2026-06-15,2026-06-15 16:04:19
300440,sz,运达科技,2026-06-15,2026-06-15 16:04:19
300441,sz,鲍斯股份,2026-06-15,2026-06-15 16:04:19
300442,sz,润泽科技,2026-06-15,2026-06-15 16:04:19
300443,sz,金雷股份,2026-06-15,2026-06-15 16:04:19
300444,sz,双杰电气,2026-06-15,2026-06-15 16:04:19
300445,sz,康斯特,2026-06-15,2026-06-15 16:04:19
300446,sz,航天智造,2026-06-15,2026-06-15 16:04:19
300447,sz,全信股份,2026-06-15,2026-06-15 16:04:19
300448,sz,浩云科技,2026-06-15,2026-06-15 16:04:19
300449,sz,汉邦高科,2026-06-15,2026-06-15 16:04:19
300450,sz,先导智能,2026-06-15,2026-06-15 16:04:19
300451,sz,创业慧康,2026-06-15,2026-06-15 16:04:19
300452,sz,山河药辅,2026-06-15,2026-06-15 16:04:19
300453,sz,三鑫医疗,2026-06-15,2026-06-15 16:04:19
300454,sz,深信服,2026-06-15,2026-06-15 16:04:19
300455,sz,航天智装,2026-06-15,2026-06-15 16:04:19
300456,sz,赛微电子,2026-06-15,2026-06-15 16:04:19
300457,sz,赢合科技,2026-06-15,2026-06-15 16:04:19
300458,sz,全志科技,2026-06-15,2026-06-15 16:04:19
300459,sz,汤姆猫,2026-06-15,2026-06-15 16:04:19
300460,sz,ST惠伦,2026-06-15,2026-06-15 16:04:19
300461,sz,田中精机,2026-06-15,2026-06-15 16:04:19
300462,sz,ST华铭,2026-06-15,2026-06-15 16:04:19
300463,sz,迈克生物,2026-06-15,2026-06-15 16:04:19
300464,sz,星徽股份,2026-06-15,2026-06-15 16:04:19
300465,sz,高伟达,2026-06-15,2026-06-15 16:04:19
300466,sz,赛摩智能,2026-06-15,2026-06-15 16:04:19
300467,sz,迅游科技,2026-06-15,2026-06-15 16:04:19
300468,sz,四方精创,2026-06-15,2026-06-15 16:04:19
300469,sz,信息发展,2026-06-15,2026-06-15 16:04:19
300470,sz,中密控股,2026-06-15,2026-06-15 16:04:19
300471,sz,厚普股份,2026-06-15,2026-06-15 16:04:19
300472,sz,*ST新元,2026-06-15,2026-06-15 16:04:19
300473,sz,德尔股份,2026-06-15,2026-06-15 16:04:19
300474,sz,景嘉微,2026-06-15,2026-06-15 16:04:19
300475,sz,香农芯创,2026-06-15,2026-06-15 16:04:19
300476,sz,胜宏科技,2026-06-15,2026-06-15 16:04:19
300477,sz,ST合纵,2026-06-15,2026-06-15 16:04:19
300478,sz,杭州高新,2026-06-15,2026-06-15 16:04:19
300479,sz,神思电子,2026-06-15,2026-06-15 16:04:19
300480,sz,光力科技,2026-06-15,2026-06-15 16:04:19
300481,sz,濮阳惠成,2026-06-15,2026-06-15 16:04:19
300482,sz,万孚生物,2026-06-15,2026-06-15 16:04:19
300483,sz,首华燃气,2026-06-15,2026-06-15 16:04:19
300484,sz,蓝海华腾,2026-06-15,2026-06-15 16:04:19
300485,sz,赛升药业,2026-06-15,2026-06-15 16:04:19
300486,sz,东杰智能,2026-06-15,2026-06-15 16:04:19
300487,sz,蓝晓科技,2026-06-15,2026-06-15 16:04:19
300488,sz,恒锋工具,2026-06-15,2026-06-15 16:04:19
300489,sz,光智科技,2026-06-15,2026-06-15 16:04:19
300490,sz,华自科技,2026-06-15,2026-06-15 16:04:19
300491,sz,通合科技,2026-06-15,2026-06-15 16:04:19
300492,sz,华图山鼎,2026-06-15,2026-06-15 16:04:19
300493,sz,润欣科技,2026-06-15,2026-06-15 16:04:19
300494,sz,盛天网络,2026-06-15,2026-06-15 16:04:19
300496,sz,中科创达,2026-06-15,2026-06-15 16:04:19
300497,sz,富祥股份,2026-06-15,2026-06-15 16:04:19
300498,sz,温氏股份,2026-06-15,2026-06-15 16:04:19
300499,sz,高澜股份,2026-06-15,2026-06-15 16:04:19
300500,sz,启迪设计,2026-06-15,2026-06-15 16:04:19
300501,sz,海顺新材,2026-06-15,2026-06-15 16:04:19
300502,sz,新易盛,2026-06-15,2026-06-15 16:04:19
300503,sz,昊志机电,2026-06-15,2026-06-15 16:04:19
300504,sz,天邑股份,2026-06-15,2026-06-15 16:04:19
300505,sz,川金诺,2026-06-15,2026-06-15 16:04:19
300506,sz,ST名家汇,2026-06-15,2026-06-15 16:04:19
300507,sz,苏奥传感,2026-06-15,2026-06-15 16:04:19
300508,sz,维宏股份,2026-06-15,2026-06-15 16:04:19
300509,sz,新美星,2026-06-15,2026-06-15 16:04:19
300510,sz,金冠股份,2026-06-15,2026-06-15 16:04:19
300511,sz,雪榕生物,2026-06-15,2026-06-15 16:04:19
300512,sz,中亚股份,2026-06-15,2026-06-15 16:04:19
300513,sz,恒实科技,2026-06-15,2026-06-15 16:04:19
300514,sz,友讯达,2026-06-15,2026-06-15 16:04:19
300515,sz,三德科技,2026-06-15,2026-06-15 16:04:19
300516,sz,久之洋,2026-06-15,2026-06-15 16:04:19
300517,sz,海波重科,2026-06-15,2026-06-15 16:04:19
300518,sz,新迅达,2026-06-15,2026-06-15 16:04:19
300519,sz,新光药业,2026-06-15,2026-06-15 16:04:19
300520,sz,科大国创,2026-06-15,2026-06-15 16:04:19
300521,sz,爱司凯,2026-06-15,2026-06-15 16:04:19
300522,sz,世名科技,2026-06-15,2026-06-15 16:04:19
300523,sz,辰安科技,2026-06-15,2026-06-15 16:04:19
300525,sz,博思软件,2026-06-15,2026-06-15 16:04:19
300527,sz,ST应急,2026-06-15,2026-06-15 16:04:19
300528,sz,幸福蓝海,2026-06-15,2026-06-15 16:04:19
300529,sz,健帆生物,2026-06-15,2026-06-15 16:04:19
300530,sz,领湃科技,2026-06-15,2026-06-15 16:04:19
300531,sz,优博讯,2026-06-15,2026-06-15 16:04:19
300532,sz,今天国际,2026-06-15,2026-06-15 16:04:19
300533,sz,冰川网络,2026-06-15,2026-06-15 16:04:19
300534,sz,陇神戎发,2026-06-15,2026-06-15 16:04:19
300535,sz,达威股份,2026-06-15,2026-06-15 16:04:19
300536,sz,农尚环境,2026-06-15,2026-06-15 16:04:19
300537,sz,广信材料,2026-06-15,2026-06-15 16:04:19
300538,sz,同益股份,2026-06-15,2026-06-15 16:04:19
300539,sz,横河精密,2026-06-15,2026-06-15 16:04:19
300540,sz,蜀道装备,2026-06-15,2026-06-15 16:04:19
300541,sz,先进数通,2026-06-15,2026-06-15 16:04:19
300542,sz,新晨科技,2026-06-15,2026-06-15 16:04:19
300543,sz,朗科智能,2026-06-15,2026-06-15 16:04:19
300545,sz,联得装备,2026-06-15,2026-06-15 16:04:19
300546,sz,雄帝科技,2026-06-15,2026-06-15 16:04:19
300547,sz,川环科技,2026-06-15,2026-06-15 16:04:19
300548,sz,长芯博创,2026-06-15,2026-06-15 16:04:19
300549,sz,优德精密,2026-06-15,2026-06-15 16:04:19
300550,sz,和仁科技,2026-06-15,2026-06-15 16:04:19
300551,sz,古鳌科技,2026-06-15,2026-06-15 16:04:19
300552,sz,万集科技,2026-06-15,2026-06-15 16:04:19
300553,sz,集智股份,2026-06-15,2026-06-15 16:04:19
300554,sz,三超新材,2026-06-15,2026-06-15 16:04:19
300555,sz,ST路通,2026-06-15,2026-06-15 16:04:19
300556,sz,丝路视觉,2026-06-15,2026-06-15 16:04:19
300557,sz,理工光科,2026-06-15,2026-06-15 16:04:19
300558,sz,贝达药业,2026-06-15,2026-06-15 16:04:19
300559,sz,佳发教育,2026-06-15,2026-06-15 16:04:19
300560,sz,中富通,2026-06-15,2026-06-15 16:04:19
300561,sz,汇金科技,2026-06-15,2026-06-15 16:04:19
300562,sz,乐心医疗,2026-06-15,2026-06-15 16:04:19
300563,sz,神宇股份,2026-06-15,2026-06-15 16:04:19
300564,sz,筑博设计,2026-06-15,2026-06-15 16:04:19
300565,sz,科信技术,2026-06-15,2026-06-15 16:04:19
300566,sz,激智科技,2026-06-15,2026-06-15 16:04:19
300567,sz,精测电子,2026-06-15,2026-06-15 16:04:19
300568,sz,星源材质,2026-06-15,2026-06-15 16:04:19
300569,sz,天能重工,2026-06-15,2026-06-15 16:04:19
300570,sz,太辰光,2026-06-15,2026-06-15 16:04:19
300571,sz,平治信息,2026-06-15,2026-06-15 16:04:19
300572,sz,安车检测,2026-06-15,2026-06-15 16:04:19
300573,sz,兴齐眼药,2026-06-15,2026-06-15 16:04:19
300575,sz,中旗股份,2026-06-15,2026-06-15 16:04:19
300576,sz,容大感光,2026-06-15,2026-06-15 16:04:19
300577,sz,开润股份,2026-06-15,2026-06-15 16:04:19
300578,sz,会畅科技,2026-06-15,2026-06-15 16:04:19
300579,sz,数字认证,2026-06-15,2026-06-15 16:04:19
300580,sz,贝斯特,2026-06-15,2026-06-15 16:04:19
300581,sz,晨曦航空,2026-06-15,2026-06-15 16:04:19
300582,sz,英飞特,2026-06-15,2026-06-15 16:04:19
300583,sz,赛托生物,2026-06-15,2026-06-15 16:04:19
300584,sz,海辰药业,2026-06-15,2026-06-15 16:04:19
300585,sz,奥联电子,2026-06-15,2026-06-15 16:04:19
300586,sz,美联新材,2026-06-15,2026-06-15 16:04:19
300587,sz,天铁科技,2026-06-15,2026-06-15 16:04:19
300588,sz,熙菱信息,2026-06-15,2026-06-15 16:04:19
300589,sz,江龙船艇,2026-06-15,2026-06-15 16:04:19
300590,sz,移为通信,2026-06-15,2026-06-15 16:04:19
300591,sz,万里马,2026-06-15,2026-06-15 16:04:19
300592,sz,华凯易佰,2026-06-15,2026-06-15 16:04:19
300593,sz,新雷能,2026-06-15,2026-06-15 16:04:19
300594,sz,ST朗进,2026-06-15,2026-06-15 16:04:19
300595,sz,欧普康视,2026-06-15,2026-06-15 16:04:19
300596,sz,利安隆,2026-06-15,2026-06-15 16:04:19
300597,sz,吉大通信,2026-06-15,2026-06-15 16:04:19
300598,sz,诚迈科技,2026-06-15,2026-06-15 16:04:19
300599,sz,雄塑科技,2026-06-15,2026-06-15 16:04:19
300600,sz,国瑞科技,2026-06-15,2026-06-15 16:04:19
300601,sz,康泰生物,2026-06-15,2026-06-15 16:04:19
300602,sz,飞荣达,2026-06-15,2026-06-15 16:04:19
300603,sz,立昂技术,2026-06-15,2026-06-15 16:04:19
300604,sz,长川科技,2026-06-15,2026-06-15 16:04:19
300605,sz,恒锋信息,2026-06-15,2026-06-15 16:04:19
300606,sz,金太阳,2026-06-15,2026-06-15 16:04:19
300607,sz,拓斯达,2026-06-15,2026-06-15 16:04:19
300608,sz,思特奇,2026-06-15,2026-06-15 16:04:19
300609,sz,汇纳科技,2026-06-15,2026-06-15 16:04:19
300610,sz,晨化股份,2026-06-15,2026-06-15 16:04:19
300611,sz,美力科技,2026-06-15,2026-06-15 16:04:19
300612,sz,宣亚国际,2026-06-15,2026-06-15 16:04:19
300613,sz,富瀚微,2026-06-15,2026-06-15 16:04:19
300614,sz,百川畅银,2026-06-15,2026-06-15 16:04:19
300615,sz,欣天科技,2026-06-15,2026-06-15 16:04:19
300616,sz,尚品宅配,2026-06-15,2026-06-15 16:04:19
300617,sz,安靠智电,2026-06-15,2026-06-15 16:04:19
300618,sz,寒锐钴业,2026-06-15,2026-06-15 16:04:19
300619,sz,金银河,2026-06-15,2026-06-15 16:04:19
300620,sz,光库科技,2026-06-15,2026-06-15 16:04:19
300621,sz,维业股份,2026-06-15,2026-06-15 16:04:19
300622,sz,博士眼镜,2026-06-15,2026-06-15 16:04:19
300623,sz,捷捷微电,2026-06-15,2026-06-15 16:04:19
300624,sz,万兴科技,2026-06-15,2026-06-15 16:04:19
300625,sz,三雄极光,2026-06-15,2026-06-15 16:04:19
300626,sz,华瑞股份,2026-06-15,2026-06-15 16:04:19
300627,sz,华测导航,2026-06-15,2026-06-15 16:04:19
300628,sz,亿联网络,2026-06-15,2026-06-15 16:04:19
300629,sz,新劲刚,2026-06-15,2026-06-15 16:04:19
300631,sz,久吾高科,2026-06-15,2026-06-15 16:04:19
300632,sz,光莆股份,2026-06-15,2026-06-15 16:04:19
300633,sz,开立医疗,2026-06-15,2026-06-15 16:04:19
300634,sz,彩讯股份,2026-06-15,2026-06-15 16:04:19
300635,sz,中达安,2026-06-15,2026-06-15 16:04:19
300636,sz,同和药业,2026-06-15,2026-06-15 16:04:19
300637,sz,扬帆新材,2026-06-15,2026-06-15 16:04:19
300638,sz,广和通,2026-06-15,2026-06-15 16:04:19
300639,sz,凯普生物,2026-06-15,2026-06-15 16:04:19
300640,sz,德艺文创,2026-06-15,2026-06-15 16:04:19
300641,sz,正丹股份,2026-06-15,2026-06-15 16:04:19
300642,sz,透景生命,2026-06-15,2026-06-15 16:04:19
300643,sz,万通智控,2026-06-15,2026-06-15 16:04:19
300644,sz,南京聚隆,2026-06-15,2026-06-15 16:04:19
300645,sz,正元智慧,2026-06-15,2026-06-15 16:04:19
300647,sz,超频三,2026-06-15,2026-06-15 16:04:19
300648,sz,星云股份,2026-06-15,2026-06-15 16:04:19
300649,sz,杭州园林,2026-06-15,2026-06-15 16:04:19
300650,sz,太龙股份,2026-06-15,2026-06-15 16:04:19
300651,sz,金陵体育,2026-06-15,2026-06-15 16:04:19
300652,sz,雷迪克,2026-06-15,2026-06-15 16:04:19
300653,sz,正海生物,2026-06-15,2026-06-15 16:04:19
300654,sz,世纪天鸿,2026-06-15,2026-06-15 16:04:19
300655,sz,晶瑞电材,2026-06-15,2026-06-15 16:04:19
300656,sz,民德电子,2026-06-15,2026-06-15 16:04:19
300657,sz,弘信电子,2026-06-15,2026-06-15 16:04:19
300658,sz,延江股份,2026-06-15,2026-06-15 16:04:19
300659,sz,中孚信息,2026-06-15,2026-06-15 16:04:19
300660,sz,江苏雷利,2026-06-15,2026-06-15 16:04:19
300661,sz,圣邦股份,2026-06-15,2026-06-15 16:04:19
300662,sz,科锐国际,2026-06-15,2026-06-15 16:04:19
300663,sz,科蓝软件,2026-06-15,2026-06-15 16:04:19
300664,sz,鹏鹞环保,2026-06-15,2026-06-15 16:04:19
300665,sz,飞鹿股份,2026-06-15,2026-06-15 16:04:19
300666,sz,江丰电子,2026-06-15,2026-06-15 16:04:19
300667,sz,必创科技,2026-06-15,2026-06-15 16:04:19
300668,sz,杰恩股份,2026-06-15,2026-06-15 16:04:19
300669,sz,沪宁股份,2026-06-15,2026-06-15 16:04:19
300670,sz,大烨智能,2026-06-15,2026-06-15 16:04:19
300671,sz,富满微,2026-06-15,2026-06-15 16:04:19
300672,sz,国科微,2026-06-15,2026-06-15 16:04:19
300673,sz,佩蒂股份,2026-06-15,2026-06-15 16:04:19
300674,sz,宇信科技,2026-06-15,2026-06-15 16:04:19
300675,sz,建科院,2026-06-15,2026-06-15 16:04:19
300676,sz,华大基因,2026-06-15,2026-06-15 16:04:19
300677,sz,英科医疗,2026-06-15,2026-06-15 16:04:19
300678,sz,中科信息,2026-06-15,2026-06-15 16:04:19
300679,sz,电连技术,2026-06-15,2026-06-15 16:04:19
300680,sz,隆盛科技,2026-06-15,2026-06-15 16:04:19
300681,sz,英搏尔,2026-06-15,2026-06-15 16:04:19
300682,sz,朗新科技,2026-06-15,2026-06-15 16:04:19
300683,sz,海特生物,2026-06-15,2026-06-15 16:04:19
300684,sz,中石科技,2026-06-15,2026-06-15 16:04:19
300685,sz,艾德生物,2026-06-15,2026-06-15 16:04:19
300686,sz,智动力,2026-06-15,2026-06-15 16:04:19
300687,sz,赛意信息,2026-06-15,2026-06-15 16:04:19
300688,sz,创业黑马,2026-06-15,2026-06-15 16:04:19
300689,sz,澄天伟业,2026-06-15,2026-06-15 16:04:19
300690,sz,双一科技,2026-06-15,2026-06-15 16:04:19
300691,sz,联合光电,2026-06-15,2026-06-15 16:04:19
300692,sz,中赋科技,2026-06-15,2026-06-15 16:04:19
300693,sz,盛弘股份,2026-06-15,2026-06-15 16:04:19
300694,sz,蠡湖股份,2026-06-15,2026-06-15 16:04:19
300695,sz,兆丰股份,2026-06-15,2026-06-15 16:04:19
300696,sz,爱乐达,2026-06-15,2026-06-15 16:04:19
300697,sz,电工合金,2026-06-15,2026-06-15 16:04:19
300698,sz,万马科技,2026-06-15,2026-06-15 16:04:19
300699,sz,光威复材,2026-06-15,2026-06-15 16:04:19
300700,sz,岱勒新材,2026-06-15,2026-06-15 16:04:19
300701,sz,森霸传感,2026-06-15,2026-06-15 16:04:19
300702,sz,天宇股份,2026-06-15,2026-06-15 16:04:19
300703,sz,创源股份,2026-06-15,2026-06-15 16:04:19
300705,sz,九典制药,2026-06-15,2026-06-15 16:04:19
300706,sz,阿石创,2026-06-15,2026-06-15 16:04:19
300707,sz,威唐工业,2026-06-15,2026-06-15 16:04:19
300708,sz,聚灿光电,2026-06-15,2026-06-15 16:04:19
300709,sz,精研科技,2026-06-15,2026-06-15 16:04:19
300710,sz,万隆光电,2026-06-15,2026-06-15 16:04:19
300711,sz,广哈通信,2026-06-15,2026-06-15 16:04:19
300712,sz,永福股份,2026-06-15,2026-06-15 16:04:19
300713,sz,英可瑞,2026-06-15,2026-06-15 16:04:19
300715,sz,凯伦股份,2026-06-15,2026-06-15 16:04:19
300716,sz,*ST泉为,2026-06-15,2026-06-15 16:04:19
300717,sz,华信新材,2026-06-15,2026-06-15 16:04:19
300718,sz,长盛轴承,2026-06-15,2026-06-15 16:04:19
300719,sz,安达维尔,2026-06-15,2026-06-15 16:04:19
300720,sz,海川智能,2026-06-15,2026-06-15 16:04:19
300721,sz,怡达股份,2026-06-15,2026-06-15 16:04:19
300722,sz,新余国科,2026-06-15,2026-06-15 16:04:19
300723,sz,一品红,2026-06-15,2026-06-15 16:04:19
300724,sz,捷佳伟创,2026-06-15,2026-06-15 16:04:19
300725,sz,药石科技,2026-06-15,2026-06-15 16:04:19
300726,sz,宏达电子,2026-06-15,2026-06-15 16:04:19
300727,sz,润禾材料,2026-06-15,2026-06-15 16:04:19
300729,sz,乐歌股份,2026-06-15,2026-06-15 16:04:19
300730,sz,科创信息,2026-06-15,2026-06-15 16:04:19
300731,sz,科创新源,2026-06-15,2026-06-15 16:04:19
300732,sz,设研院,2026-06-15,2026-06-15 16:04:19
300733,sz,西菱动力,2026-06-15,2026-06-15 16:04:19
300735,sz,光弘科技,2026-06-15,2026-06-15 16:04:19
300736,sz,百邦科技,2026-06-15,2026-06-15 16:04:19
300737,sz,科顺股份,2026-06-15,2026-06-15 16:04:19
300738,sz,奥飞数据,2026-06-15,2026-06-15 16:04:19
300739,sz,明阳电路,2026-06-15,2026-06-15 16:04:19
300740,sz,水羊股份,2026-06-15,2026-06-15 16:04:19
300741,sz,华宝股份,2026-06-15,2026-06-15 16:04:19
300743,sz,天地数码,2026-06-15,2026-06-15 16:04:19
300745,sz,欣锐科技,2026-06-15,2026-06-15 16:04:19
300746,sz,汉嘉数智,2026-06-15,2026-06-15 16:04:19
300747,sz,锐科激光,2026-06-15,2026-06-15 16:04:19
300748,sz,金力永磁,2026-06-15,2026-06-15 16:04:19
300749,sz,顶固集创,2026-06-15,2026-06-15 16:04:19
300750,sz,宁德时代,2026-06-15,2026-06-15 16:04:19
300751,sz,迈为股份,2026-06-15,2026-06-15 16:04:19
300752,sz,隆利科技,2026-06-15,2026-06-15 16:04:19
300753,sz,爱朋医疗,2026-06-15,2026-06-15 16:04:19
300755,sz,华致酒行,2026-06-15,2026-06-15 16:04:19
300756,sz,金马游乐,2026-06-15,2026-06-15 16:04:19
300757,sz,罗博特科,2026-06-15,2026-06-15 16:04:19
300758,sz,七彩化学,2026-06-15,2026-06-15 16:04:19
300759,sz,康龙化成,2026-06-15,2026-06-15 16:04:19
300760,sz,迈瑞医疗,2026-06-15,2026-06-15 16:04:19
300761,sz,立华股份,2026-06-15,2026-06-15 16:04:19
300762,sz,上海瀚讯,2026-06-15,2026-06-15 16:04:19
300763,sz,锦浪科技,2026-06-15,2026-06-15 16:04:19
300765,sz,新诺威,2026-06-15,2026-06-15 16:04:19
300766,sz,每日互动,2026-06-15,2026-06-15 16:04:19
300767,sz,震安科技,2026-06-15,2026-06-15 16:04:19
300768,sz,迪普科技,2026-06-15,2026-06-15 16:04:19
300769,sz,德方纳米,2026-06-15,2026-06-15 16:04:19
300770,sz,新媒股份,2026-06-15,2026-06-15 16:04:19
300771,sz,智莱科技,2026-06-15,2026-06-15 16:04:19
300772,sz,运达股份,2026-06-15,2026-06-15 16:04:19
300773,sz,拉卡拉,2026-06-15,2026-06-15 16:04:19
300774,sz,倍杰特,2026-06-15,2026-06-15 16:04:19
300775,sz,三角防务,2026-06-15,2026-06-15 16:04:19
300776,sz,帝尔激光,2026-06-15,2026-06-15 16:04:19
300777,sz,中简科技,2026-06-15,2026-06-15 16:04:19
300778,sz,新城市,2026-06-15,2026-06-15 16:04:19
300779,sz,惠城环保,2026-06-15,2026-06-15 16:04:19
300780,sz,德恩精工,2026-06-15,2026-06-15 16:04:19
300781,sz,因赛集团,2026-06-15,2026-06-15 16:04:19
300782,sz,卓胜微,2026-06-15,2026-06-15 16:04:19
300783,sz,三只松鼠,2026-06-15,2026-06-15 16:04:19
300784,sz,利安科技,2026-06-15,2026-06-15 16:04:19
300785,sz,值得买,2026-06-15,2026-06-15 16:04:19
300786,sz,国林科技,2026-06-15,2026-06-15 16:04:19
300787,sz,海能实业,2026-06-15,2026-06-15 16:04:19
300788,sz,中信出版,2026-06-15,2026-06-15 16:04:19
300789,sz,唐源电气,2026-06-15,2026-06-15 16:04:19
300790,sz,宇瞳光学,2026-06-15,2026-06-15 16:04:19
300791,sz,仙乐健康,2026-06-15,2026-06-15 16:04:19
300792,sz,壹网壹创,2026-06-15,2026-06-15 16:04:19
300793,sz,佳禾智能,2026-06-15,2026-06-15 16:04:19
300795,sz,米奥会展,2026-06-15,2026-06-15 16:04:19
300796,sz,贝斯美,2026-06-15,2026-06-15 16:04:19
300797,sz,钢研纳克,2026-06-15,2026-06-15 16:04:19
300798,sz,锦鸡股份,2026-06-15,2026-06-15 16:04:19
300800,sz,力合科技,2026-06-15,2026-06-15 16:04:19
300801,sz,泰和科技,2026-06-15,2026-06-15 16:04:19
300802,sz,矩子科技,2026-06-15,2026-06-15 16:04:19
300803,sz,指南针,2026-06-15,2026-06-15 16:04:19
300804,sz,广康生化,2026-06-15,2026-06-15 16:04:19
300805,sz,电声股份,2026-06-15,2026-06-15 16:04:19
300806,sz,斯迪克,2026-06-15,2026-06-15 16:04:19
300807,sz,天迈科技,2026-06-15,2026-06-15 16:04:19
300808,sz,久量股份,2026-06-15,2026-06-15 16:04:19
300809,sz,华辰装备,2026-06-15,2026-06-15 16:04:19
300810,sz,中科海讯,2026-06-15,2026-06-15 16:04:19
300811,sz,铂科新材,2026-06-15,2026-06-15 16:04:19
300812,sz,易天股份,2026-06-15,2026-06-15 16:04:19
300813,sz,泰林生物,2026-06-15,2026-06-15 16:04:19
300814,sz,中富电路,2026-06-15,2026-06-15 16:04:19
300815,sz,玉禾田,2026-06-15,2026-06-15 16:04:19
300816,sz,艾可蓝,2026-06-15,2026-06-15 16:04:19
300817,sz,双飞集团,2026-06-15,2026-06-15 16:04:19
300818,sz,耐普矿机,2026-06-15,2026-06-15 16:04:19
300819,sz,聚杰微纤,2026-06-15,2026-06-15 16:04:19
300820,sz,英杰电气,2026-06-15,2026-06-15 16:04:19
300821,sz,东岳硅材,2026-06-15,2026-06-15 16:04:19
300822,sz,贝仕达克,2026-06-15,2026-06-15 16:04:19
300823,sz,建科智能,2026-06-15,2026-06-15 16:04:19
300824,sz,北鼎股份,2026-06-15,2026-06-15 16:04:19
300825,sz,阿尔特,2026-06-15,2026-06-15 16:04:19
300826,sz,测绘股份,2026-06-15,2026-06-15 16:04:19
300827,sz,上能电气,2026-06-15,2026-06-15 16:04:19
300828,sz,锐新科技,2026-06-15,2026-06-15 16:04:19
300829,sz,金丹科技,2026-06-15,2026-06-15 16:04:19
300830,sz,金现代,2026-06-15,2026-06-15 16:04:19
300831,sz,ST派瑞,2026-06-15,2026-06-15 16:04:19
300832,sz,新产业,2026-06-15,2026-06-15 16:04:19
300833,sz,浩洋股份,2026-06-15,2026-06-15 16:04:19
300834,sz,星辉环材,2026-06-15,2026-06-15 16:04:19
300835,sz,龙磁科技,2026-06-15,2026-06-15 16:04:19
300836,sz,佰奥智能,2026-06-15,2026-06-15 16:04:19
300837,sz,浙矿股份,2026-06-15,2026-06-15 16:04:19
300838,sz,浙江力诺,2026-06-15,2026-06-15 16:04:19
300839,sz,博汇股份,2026-06-15,2026-06-15 16:04:19
300840,sz,酷特智能,2026-06-15,2026-06-15 16:04:19
300841,sz,康华生物,2026-06-15,2026-06-15 16:04:19
300842,sz,帝科股份,2026-06-15,2026-06-15 16:04:19
300843,sz,胜蓝股份,2026-06-15,2026-06-15 16:04:19
300844,sz,山水比德,2026-06-15,2026-06-15 16:04:19
300845,sz,捷安高科,2026-06-15,2026-06-15 16:04:19
300846,sz,首都在线,2026-06-15,2026-06-15 16:04:19
300847,sz,中船汉光,2026-06-15,2026-06-15 16:04:19
300848,sz,美瑞新材,2026-06-15,2026-06-15 16:04:19
300849,sz,锦盛新材,2026-06-15,2026-06-15 16:04:19
300850,sz,新强联,2026-06-15,2026-06-15 16:04:19
300851,sz,交大思诺,2026-06-15,2026-06-15 16:04:19
300852,sz,四会富仕,2026-06-15,2026-06-15 16:04:19
300853,sz,申昊科技,2026-06-15,2026-06-15 16:04:19
300854,sz,中兰环保,2026-06-15,2026-06-15 16:04:19
300855,sz,图南股份,2026-06-15,2026-06-15 16:04:19
300856,sz,科思股份,2026-06-15,2026-06-15 16:04:19
300857,sz,协创数据,2026-06-15,2026-06-15 16:04:19
300858,sz,科拓生物,2026-06-15,2026-06-15 16:04:19
300859,sz,西域旅游,2026-06-15,2026-06-15 16:04:19
300860,sz,锋尚文化,2026-06-15,2026-06-15 16:04:19
300861,sz,美畅股份,2026-06-15,2026-06-15 16:04:19
300862,sz,蓝盾光电,2026-06-15,2026-06-15 16:04:19
300863,sz,卡倍亿,2026-06-15,2026-06-15 16:04:19
300864,sz,南大环境,2026-06-15,2026-06-15 16:04:19
300865,sz,大宏立,2026-06-15,2026-06-15 16:04:19
300866,sz,安克创新,2026-06-15,2026-06-15 16:04:19
300867,sz,圣元环保,2026-06-15,2026-06-15 16:04:19
300868,sz,杰美特,2026-06-15,2026-06-15 16:04:19
300869,sz,康泰医学,2026-06-15,2026-06-15 16:04:19
300870,sz,欧陆通,2026-06-15,2026-06-15 16:04:19
300871,sz,回盛生物,2026-06-15,2026-06-15 16:04:19
300872,sz,天阳科技,2026-06-15,2026-06-15 16:04:19
300873,sz,海晨股份,2026-06-15,2026-06-15 16:04:19
300875,sz,捷强装备,2026-06-15,2026-06-15 16:04:19
300876,sz,蒙泰高新,2026-06-15,2026-06-15 16:04:19
300877,sz,金春股份,2026-06-15,2026-06-15 16:04:19
300878,sz,维康药业,2026-06-15,2026-06-15 16:04:19
300879,sz,大叶股份,2026-06-15,2026-06-15 16:04:19
300880,sz,迦南智能,2026-06-15,2026-06-15 16:04:19
300881,sz,盛德鑫泰,2026-06-15,2026-06-15 16:04:19
300882,sz,万胜智能,2026-06-15,2026-06-15 16:04:19
300883,sz,龙利得,2026-06-15,2026-06-15 16:04:19
300884,sz,狄耐克,2026-06-15,2026-06-15 16:04:19
300885,sz,海昌新材,2026-06-15,2026-06-15 16:04:19
300886,sz,华业香料,2026-06-15,2026-06-15 16:04:19
300887,sz,谱尼测试,2026-06-15,2026-06-15 16:04:19
300888,sz,稳健医疗,2026-06-15,2026-06-15 16:04:19
300889,sz,爱克股份,2026-06-15,2026-06-15 16:04:19
300890,sz,翔丰华,2026-06-15,2026-06-15 16:04:19
300891,sz,惠云钛业,2026-06-15,2026-06-15 16:04:19
300892,sz,品渥食品,2026-06-15,2026-06-15 16:04:19
300893,sz,松原安全,2026-06-15,2026-06-15 16:04:19
300894,sz,火星人,2026-06-15,2026-06-15 16:04:19
300895,sz,铜牛信息,2026-06-15,2026-06-15 16:04:19
300896,sz,爱美客,2026-06-15,2026-06-15 16:04:19
300897,sz,山科智能,2026-06-15,2026-06-15 16:04:19
300898,sz,熊猫乳品,2026-06-15,2026-06-15 16:04:19
300899,sz,上海凯鑫,2026-06-15,2026-06-15 16:04:19
300900,sz,广联航空,2026-06-15,2026-06-15 16:04:19
300901,sz,中胤时尚,2026-06-15,2026-06-15 16:04:19
300902,sz,国安达,2026-06-15,2026-06-15 16:04:19
300903,sz,科翔股份,2026-06-15,2026-06-15 16:04:19
300904,sz,威力传动,2026-06-15,2026-06-15 16:04:19
300905,sz,宝丽迪,2026-06-15,2026-06-15 16:04:19
300906,sz,日月明,2026-06-15,2026-06-15 16:04:19
300907,sz,康平科技,2026-06-15,2026-06-15 16:04:19
300908,sz,仲景食品,2026-06-15,2026-06-15 16:04:19
300909,sz,汇创达,2026-06-15,2026-06-15 16:04:19
300910,sz,瑞丰新材,2026-06-15,2026-06-15 16:04:19
300911,sz,亿田智能,2026-06-15,2026-06-15 16:04:19
300912,sz,凯龙高科,2026-06-15,2026-06-15 16:04:19
300913,sz,兆龙互连,2026-06-15,2026-06-15 16:04:19
300915,sz,海融科技,2026-06-15,2026-06-15 16:04:19
300916,sz,朗特智能,2026-06-15,2026-06-15 16:04:19
300917,sz,特发服务,2026-06-15,2026-06-15 16:04:19
300918,sz,南山智尚,2026-06-15,2026-06-15 16:04:19
300919,sz,中伟新材,2026-06-15,2026-06-15 16:04:19
300920,sz,润阳科技,2026-06-15,2026-06-15 16:04:19
300921,sz,南凌科技,2026-06-15,2026-06-15 16:04:19
300922,sz,天秦装备,2026-06-15,2026-06-15 16:04:19
300923,sz,研奥股份,2026-06-15,2026-06-15 16:04:19
300925,sz,法本信息,2026-06-15,2026-06-15 16:04:19
300926,sz,博俊科技,2026-06-15,2026-06-15 16:04:19
300927,sz,江天化学,2026-06-15,2026-06-15 16:04:19
300928,sz,华安鑫创,2026-06-15,2026-06-15 16:04:19
300929,sz,华骐环保,2026-06-15,2026-06-15 16:04:19
300930,sz,屹通新材,2026-06-15,2026-06-15 16:04:19
300931,sz,通用电梯,2026-06-15,2026-06-15 16:04:19
300932,sz,三友联众,2026-06-15,2026-06-15 16:04:19
300933,sz,中辰股份,2026-06-15,2026-06-15 16:04:19
300935,sz,盈建科,2026-06-15,2026-06-15 16:04:19
300936,sz,中英科技,2026-06-15,2026-06-15 16:04:19
300937,sz,药易购,2026-06-15,2026-06-15 16:04:19
300938,sz,信测标准,2026-06-15,2026-06-15 16:04:19
300939,sz,秋田微,2026-06-15,2026-06-15 16:04:19
300940,sz,南极光,2026-06-15,2026-06-15 16:04:19
300941,sz,创识科技,2026-06-15,2026-06-15 16:04:19
300942,sz,易瑞生物,2026-06-15,2026-06-15 16:04:19
300943,sz,春晖智控,2026-06-15,2026-06-15 16:04:19
300945,sz,曼卡龙,2026-06-15,2026-06-15 16:04:19
300946,sz,恒而达,2026-06-15,2026-06-15 16:04:19
300947,sz,德必集团,2026-06-15,2026-06-15 16:04:19
300948,sz,冠中生态,2026-06-15,2026-06-15 16:04:19
300949,sz,奥雅股份,2026-06-15,2026-06-15 16:04:19
300950,sz,德固特,2026-06-15,2026-06-15 16:04:19
300951,sz,博硕科技,2026-06-15,2026-06-15 16:04:19
300952,sz,恒辉安防,2026-06-15,2026-06-15 16:04:19
300953,sz,震裕科技,2026-06-15,2026-06-15 16:04:19
300955,sz,嘉亨家化,2026-06-15,2026-06-15 16:04:19
300956,sz,英力股份,2026-06-15,2026-06-15 16:04:19
300957,sz,贝泰妮,2026-06-15,2026-06-15 16:04:19
300958,sz,建工修复,2026-06-15,2026-06-15 16:04:19
300959,sz,线上线下,2026-06-15,2026-06-15 16:04:19
300960,sz,通业科技,2026-06-15,2026-06-15 16:04:19
300961,sz,深水海纳,2026-06-15,2026-06-15 16:04:19
300962,sz,中金辐照,2026-06-15,2026-06-15 16:04:19
300963,sz,中洲特材,2026-06-15,2026-06-15 16:04:19
300964,sz,本川智能,2026-06-15,2026-06-15 16:04:19
300965,sz,恒宇信通,2026-06-15,2026-06-15 16:04:19
300966,sz,共同药业,2026-06-15,2026-06-15 16:04:19
300967,sz,晓鸣股份,2026-06-15,2026-06-15 16:04:19
300968,sz,格林精密,2026-06-15,2026-06-15 16:04:19
300969,sz,恒帅股份,2026-06-15,2026-06-15 16:04:19
300970,sz,华绿生物,2026-06-15,2026-06-15 16:04:19
300971,sz,博亚精工,2026-06-15,2026-06-15 16:04:19
300972,sz,万辰集团,2026-06-15,2026-06-15 16:04:19
300973,sz,立高食品,2026-06-15,2026-06-15 16:04:19
300975,sz,商络电子,2026-06-15,2026-06-15 16:04:19
300976,sz,达瑞电子,2026-06-15,2026-06-15 16:04:19
300977,sz,深圳瑞捷,2026-06-15,2026-06-15 16:04:19
300978,sz,东箭科技,2026-06-15,2026-06-15 16:04:19
300979,sz,华利集团,2026-06-15,2026-06-15 16:04:19
300980,sz,祥源新材,2026-06-15,2026-06-15 16:04:19
300981,sz,中红医疗,2026-06-15,2026-06-15 16:04:19
300982,sz,苏文电能,2026-06-15,2026-06-15 16:04:19
300983,sz,尤安设计,2026-06-15,2026-06-15 16:04:19
300984,sz,金沃股份,2026-06-15,2026-06-15 16:04:19
300985,sz,致远新能,2026-06-15,2026-06-15 16:04:19
300986,sz,志特新材,2026-06-15,2026-06-15 16:04:19
300987,sz,川网传媒,2026-06-15,2026-06-15 16:04:19
300988,sz,津荣天宇,2026-06-15,2026-06-15 16:04:19
300989,sz,蕾奥规划,2026-06-15,2026-06-15 16:04:19
300990,sz,同飞股份,2026-06-15,2026-06-15 16:04:19
300991,sz,创益通,2026-06-15,2026-06-15 16:04:19
300992,sz,泰福泵业,2026-06-15,2026-06-15 16:04:19
300993,sz,玉马科技,2026-06-15,2026-06-15 16:04:19
300994,sz,久祺股份,2026-06-15,2026-06-15 16:04:19
300995,sz,奇德新材,2026-06-15,2026-06-15 16:04:19
300996,sz,普联软件,2026-06-15,2026-06-15 16:04:19
300997,sz,欢乐家,2026-06-15,2026-06-15 16:04:19
300998,sz,宁波方正,2026-06-15,2026-06-15 16:04:19
300999,sz,金龙鱼,2026-06-15,2026-06-15 16:04:19
301000,sz,肇民科技,2026-06-15,2026-06-15 16:04:19
301001,sz,凯淳股份,2026-06-15,2026-06-15 16:04:19
301002,sz,崧盛股份,2026-06-15,2026-06-15 16:04:19
301003,sz,江苏博云,2026-06-15,2026-06-15 16:04:19
301004,sz,嘉益股份,2026-06-15,2026-06-15 16:04:19
301005,sz,超捷股份,2026-06-15,2026-06-15 16:04:19
301006,sz,迈拓股份,2026-06-15,2026-06-15 16:04:19
301007,sz,德迈仕,2026-06-15,2026-06-15 16:04:19
301008,sz,宏昌科技,2026-06-15,2026-06-15 16:04:19
301009,sz,可靠股份,2026-06-15,2026-06-15 16:04:19
301010,sz,晶雪节能,2026-06-15,2026-06-15 16:04:19
301011,sz,华立科技,2026-06-15,2026-06-15 16:04:19
301012,sz,扬电科技,2026-06-15,2026-06-15 16:04:19
301013,sz,利和兴,2026-06-15,2026-06-15 16:04:19
301015,sz,百洋医药,2026-06-15,2026-06-15 16:04:19
301016,sz,雷尔伟,2026-06-15,2026-06-15 16:04:19
301017,sz,漱玉平民,2026-06-15,2026-06-15 16:04:19
301018,sz,申菱环境,2026-06-15,2026-06-15 16:04:19
301019,sz,宁波色母,2026-06-15,2026-06-15 16:04:19
301020,sz,密封科技,2026-06-15,2026-06-15 16:04:19
301021,sz,英诺激光,2026-06-15,2026-06-15 16:04:19
301022,sz,海泰科,2026-06-15,2026-06-15 16:04:19
301023,sz,奕帆传动,2026-06-15,2026-06-15 16:04:19
301024,sz,霍普股份,2026-06-15,2026-06-15 16:04:19
301025,sz,读客文化,2026-06-15,2026-06-15 16:04:19
301026,sz,浩通科技,2026-06-15,2026-06-15 16:04:19
301027,sz,华蓝集团,2026-06-15,2026-06-15 16:04:19
301028,sz,鼎熔岩,2026-06-15,2026-06-15 16:04:19
301029,sz,怡合达,2026-06-15,2026-06-15 16:04:19
301030,sz,*ST仕净,2026-06-15,2026-06-15 16:04:19
301031,sz,中熔电气,2026-06-15,2026-06-15 16:04:19
301032,sz,新柴股份,2026-06-15,2026-06-15 16:04:19
301033,sz,迈普医学,2026-06-15,2026-06-15 16:04:19
301035,sz,润丰股份,2026-06-15,2026-06-15 16:04:19
301036,sz,双乐股份,2026-06-15,2026-06-15 16:04:19
301037,sz,保立佳,2026-06-15,2026-06-15 16:04:19
301038,sz,深水规院,2026-06-15,2026-06-15 16:04:19
301039,sz,中集车辆,2026-06-15,2026-06-15 16:04:19
301040,sz,中环海陆,2026-06-15,2026-06-15 16:04:19
301041,sz,金百泽,2026-06-15,2026-06-15 16:04:19
301042,sz,安联锐视,2026-06-15,2026-06-15 16:04:19
301043,sz,绿岛风,2026-06-15,2026-06-15 16:04:19
301045,sz,天禄科技,2026-06-15,2026-06-15 16:04:19
301046,sz,能辉科技,2026-06-15,2026-06-15 16:04:19
301047,sz,义翘神州,2026-06-15,2026-06-15 16:04:19
301048,sz,金鹰重工,2026-06-15,2026-06-15 16:04:19
301049,sz,超越科技,2026-06-15,2026-06-15 16:04:19
301050,sz,雷电微力,2026-06-15,2026-06-15 16:04:19
301051,sz,信濠光电,2026-06-15,2026-06-15 16:04:19
301052,sz,果麦文化,2026-06-15,2026-06-15 16:04:19
301053,sz,远信工业,2026-06-15,2026-06-15 16:04:19
301055,sz,张小泉,2026-06-15,2026-06-15 16:04:19
301056,sz,森赫股份,2026-06-15,2026-06-15 16:04:19
301057,sz,汇隆新材,2026-06-15,2026-06-15 16:04:19
301058,sz,中粮科工,2026-06-15,2026-06-15 16:04:19
301059,sz,金三江,2026-06-15,2026-06-15 16:04:19
301060,sz,兰卫医学,2026-06-15,2026-06-15 16:04:19
301061,sz,匠心家居,2026-06-15,2026-06-15 16:04:19
301062,sz,上海艾录,2026-06-15,2026-06-15 16:04:19
301063,sz,海锅股份,2026-06-15,2026-06-15 16:04:19
301065,sz,本立科技,2026-06-15,2026-06-15 16:04:19
301066,sz,万事利,2026-06-15,2026-06-15 16:04:19
301067,sz,显盈科技,2026-06-15,2026-06-15 16:04:19
301068,sz,大地海洋,2026-06-15,2026-06-15 16:04:19
301069,sz,凯盛新材,2026-06-15,2026-06-15 16:04:19
301070,sz,开勒股份,2026-06-15,2026-06-15 16:04:19
301071,sz,力量钻石,2026-06-15,2026-06-15 16:04:19
301072,sz,中捷精工,2026-06-15,2026-06-15 16:04:19
301073,sz,君亭酒店,2026-06-15,2026-06-15 16:04:19
301075,sz,多瑞医药,2026-06-15,2026-06-15 16:04:19
301076,sz,新瀚新材,2026-06-15,2026-06-15 16:04:19
301077,sz,星华新材,2026-06-15,2026-06-15 16:04:19
301078,sz,孩子王,2026-06-15,2026-06-15 16:04:19
301079,sz,邵阳液压,2026-06-15,2026-06-15 16:04:19
301080,sz,百普赛斯,2026-06-15,2026-06-15 16:04:19
301081,sz,严牌股份,2026-06-15,2026-06-15 16:04:19
301082,sz,久盛电气,2026-06-15,2026-06-15 16:04:19
301083,sz,百胜智能,2026-06-15,2026-06-15 16:04:19
301085,sz,亚康股份,2026-06-15,2026-06-15 16:04:19
301086,sz,鸿富瀚,2026-06-15,2026-06-15 16:04:19
301087,sz,可孚医疗,2026-06-15,2026-06-15 16:04:19
301088,sz,戎美股份,2026-06-15,2026-06-15 16:04:19
301089,sz,拓新药业,2026-06-15,2026-06-15 16:04:19
301090,sz,华润材料,2026-06-15,2026-06-15 16:04:19
301091,sz,深城交,2026-06-15,2026-06-15 16:04:19
301092,sz,争光股份,2026-06-15,2026-06-15 16:04:19
301093,sz,华兰股份,2026-06-15,2026-06-15 16:04:19
301095,sz,广立微,2026-06-15,2026-06-15 16:04:19
301096,sz,百诚医药,2026-06-15,2026-06-15 16:04:19
301097,sz,天益医疗,2026-06-15,2026-06-15 16:04:19
301098,sz,金埔园林,2026-06-15,2026-06-15 16:04:19
301099,sz,雅创电子,2026-06-15,2026-06-15 16:04:19
301100,sz,风光股份,2026-06-15,2026-06-15 16:04:19
301101,sz,明月镜片,2026-06-15,2026-06-15 16:04:19
301102,sz,兆讯传媒,2026-06-15,2026-06-15 16:04:19
301103,sz,何氏眼科,2026-06-15,2026-06-15 16:04:19
301105,sz,鸿铭股份,2026-06-15,2026-06-15 16:04:19
301106,sz,骏成科技,2026-06-15,2026-06-15 16:04:19
301107,sz,瑜欣电子,2026-06-15,2026-06-15 16:04:19
301108,sz,洁雅股份,2026-06-15,2026-06-15 16:04:19
301109,sz,军信股份,2026-06-15,2026-06-15 16:04:19
301110,sz,青木科技,2026-06-15,2026-06-15 16:04:19
301111,sz,粤万年青,2026-06-15,2026-06-15 16:04:19
301112,sz,信邦智能,2026-06-15,2026-06-15 16:04:19
301113,sz,雅艺科技,2026-06-15,2026-06-15 16:04:19
301115,sz,联检科技,2026-06-15,2026-06-15 16:04:19
301116,sz,益客食品,2026-06-15,2026-06-15 16:04:19
301117,sz,佳缘科技,2026-06-15,2026-06-15 16:04:19
301118,sz,恒光股份,2026-06-15,2026-06-15 16:04:19
301119,sz,正强股份,2026-06-15,2026-06-15 16:04:19
301120,sz,新特电气,2026-06-15,2026-06-15 16:04:19
301121,sz,紫建电子,2026-06-15,2026-06-15 16:04:19
301122,sz,采纳股份,2026-06-15,2026-06-15 16:04:19
301123,sz,奕东电子,2026-06-15,2026-06-15 16:04:19
301125,sz,腾亚精工,2026-06-15,2026-06-15 16:04:19
301126,sz,达嘉维康,2026-06-15,2026-06-15 16:04:19
301127,sz,武汉天源,2026-06-15,2026-06-15 16:04:19
301128,sz,强瑞技术,2026-06-15,2026-06-15 16:04:19
301129,sz,瑞纳智能,2026-06-15,2026-06-15 16:04:19
301130,sz,西点药业,2026-06-15,2026-06-15 16:04:19
301131,sz,聚赛龙,2026-06-15,2026-06-15 16:04:19
301132,sz,满坤科技,2026-06-15,2026-06-15 16:04:19
301133,sz,金钟股份,2026-06-15,2026-06-15 16:04:19
301135,sz,瑞德智能,2026-06-15,2026-06-15 16:04:19
301136,sz,招标股份,2026-06-15,2026-06-15 16:04:19
301137,sz,哈焊华通,2026-06-15,2026-06-15 16:04:19
301138,sz,华研精机,2026-06-15,2026-06-15 16:04:19
301139,sz,*ST元道,2026-06-15,2026-06-15 16:04:19
301141,sz,中科磁业,2026-06-15,2026-06-15 16:04:19
301148,sz,嘉戎技术,2026-06-15,2026-06-15 16:04:19
301149,sz,隆华新材,2026-06-15,2026-06-15 16:04:19
301150,sz,中一科技,2026-06-15,2026-06-15 16:04:19
301151,sz,冠龙节能,2026-06-15,2026-06-15 16:04:19
301152,sz,天力锂能,2026-06-15,2026-06-15 16:04:19
301153,sz,中科江南,2026-06-15,2026-06-15 16:04:19
301155,sz,海力风电,2026-06-15,2026-06-15 16:04:19
301156,sz,美农生物,2026-06-15,2026-06-15 16:04:19
301157,sz,华塑科技,2026-06-15,2026-06-15 16:04:19
301158,sz,德石股份,2026-06-15,2026-06-15 16:04:19
301159,sz,三维天地,2026-06-15,2026-06-15 16:04:19
301160,sz,翔楼新材,2026-06-15,2026-06-15 16:04:19
301161,sz,唯万密封,2026-06-15,2026-06-15 16:04:19
301162,sz,国能日新,2026-06-15,2026-06-15 16:04:19
301163,sz,宏德股份,2026-06-15,2026-06-15 16:04:19
301165,sz,锐捷网络,2026-06-15,2026-06-15 16:04:19
301166,sz,优宁维,2026-06-15,2026-06-15 16:04:19
301167,sz,建研设计,2026-06-15,2026-06-15 16:04:19
301168,sz,通灵股份,2026-06-15,2026-06-15 16:04:19
301169,sz,零点有数,2026-06-15,2026-06-15 16:04:19
301170,sz,锡南科技,2026-06-15,2026-06-15 16:04:19
301171,sz,易点天下,2026-06-15,2026-06-15 16:04:19
301172,sz,君逸数码,2026-06-15,2026-06-15 16:04:19
301173,sz,毓恬冠佳,2026-06-15,2026-06-15 16:04:19
301175,sz,中科环保,2026-06-15,2026-06-15 16:04:19
301176,sz,逸豪新材,2026-06-15,2026-06-15 16:04:19
301177,sz,迪阿股份,2026-06-15,2026-06-15 16:04:19
301178,sz,天亿马,2026-06-15,2026-06-15 16:04:19
301179,sz,泽宇智能,2026-06-15,2026-06-15 16:04:19
301180,sz,万祥科技,2026-06-15,2026-06-15 16:04:19
301181,sz,标榜股份,2026-06-15,2026-06-15 16:04:19
301182,sz,凯旺科技,2026-06-15,2026-06-15 16:04:19
301183,sz,东田微,2026-06-15,2026-06-15 16:04:19
301185,sz,鸥玛软件,2026-06-15,2026-06-15 16:04:19
301186,sz,超达装备,2026-06-15,2026-06-15 16:04:19
301187,sz,欧圣电气,2026-06-15,2026-06-15 16:04:19
301188,sz,力诺药包,2026-06-15,2026-06-15 16:04:19
301189,sz,奥尼电子,2026-06-15,2026-06-15 16:04:19
301190,sz,善水科技,2026-06-15,2026-06-15 16:04:19
301191,sz,菲菱科思,2026-06-15,2026-06-15 16:04:19
301192,sz,泰祥股份,2026-06-15,2026-06-15 16:04:19
301193,sz,家联科技,2026-06-15,2026-06-15 16:04:19
301195,sz,北路智控,2026-06-15,2026-06-15 16:04:19
301196,sz,唯科科技,2026-06-15,2026-06-15 16:04:19
301197,sz,工大科雅,2026-06-15,2026-06-15 16:04:19
301198,sz,喜悦智行,2026-06-15,2026-06-15 16:04:19
301199,sz,迈赫股份,2026-06-15,2026-06-15 16:04:19
301200,sz,大族数控,2026-06-15,2026-06-15 16:04:19
301201,sz,诚达药业,2026-06-15,2026-06-15 16:04:19
301202,sz,朗威股份,2026-06-15,2026-06-15 16:04:19
301203,sz,国泰环保,2026-06-15,2026-06-15 16:04:19
301205,sz,联特科技,2026-06-15,2026-06-15 16:04:19
301206,sz,三元生物,2026-06-15,2026-06-15 16:04:19
301207,sz,华兰疫苗,2026-06-15,2026-06-15 16:04:19
301208,sz,中亦科技,2026-06-15,2026-06-15 16:04:19
301209,sz,联合化学,2026-06-15,2026-06-15 16:04:19
301210,sz,金杨精密,2026-06-15,2026-06-15 16:04:19
301211,sz,亨迪药业,2026-06-15,2026-06-15 16:04:19
301212,sz,联盛化学,2026-06-15,2026-06-15 16:04:19
301213,sz,观想科技,2026-06-15,2026-06-15 16:04:19
301215,sz,中汽股份,2026-06-15,2026-06-15 16:04:19
301216,sz,万凯新材,2026-06-15,2026-06-15 16:04:19
301217,sz,铜冠铜箔,2026-06-15,2026-06-15 16:04:19
301218,sz,华是科技,2026-06-15,2026-06-15 16:04:19
301219,sz,腾远钴业,2026-06-15,2026-06-15 16:04:19
301220,sz,亚香股份,2026-06-15,2026-06-15 16:04:19
301221,sz,光庭信息,2026-06-15,2026-06-15 16:04:19
301222,sz,浙江恒威,2026-06-15,2026-06-15 16:04:19
301223,sz,中荣股份,2026-06-15,2026-06-15 16:04:19
301225,sz,恒勃股份,2026-06-15,2026-06-15 16:04:19
301226,sz,祥明智能,2026-06-15,2026-06-15 16:04:19
301227,sz,森鹰窗业,2026-06-15,2026-06-15 16:04:19
301228,sz,实朴检测,2026-06-15,2026-06-15 16:04:19
301229,sz,纽泰格,2026-06-15,2026-06-15 16:04:19
301230,sz,泓博医药,2026-06-15,2026-06-15 16:04:19
301231,sz,荣信文化,2026-06-15,2026-06-15 16:04:19
301232,sz,飞沃科技,2026-06-15,2026-06-15 16:04:19
301233,sz,盛帮股份,2026-06-15,2026-06-15 16:04:19
301234,sz,五洲医疗,2026-06-15,2026-06-15 16:04:19
301235,sz,华康洁净,2026-06-15,2026-06-15 16:04:19
301236,sz,软通动力,2026-06-15,2026-06-15 16:04:19
301237,sz,和顺科技,2026-06-15,2026-06-15 16:04:19
301238,sz,瑞泰新材,2026-06-15,2026-06-15 16:04:19
301239,sz,普瑞眼科,2026-06-15,2026-06-15 16:04:19
301246,sz,宏源药业,2026-06-15,2026-06-15 16:04:19
301248,sz,杰创智能,2026-06-15,2026-06-15 16:04:19
301251,sz,威尔高,2026-06-15,2026-06-15 16:04:19
301252,sz,同星科技,2026-06-15,2026-06-15 16:04:19
301255,sz,通力科技,2026-06-15,2026-06-15 16:04:19
301256,sz,华融化学,2026-06-15,2026-06-15 16:04:19
301257,sz,普蕊斯,2026-06-15,2026-06-15 16:04:19
301258,sz,富士莱,2026-06-15,2026-06-15 16:04:19
301259,sz,艾布鲁,2026-06-15,2026-06-15 16:04:19
301260,sz,格力博,2026-06-15,2026-06-15 16:04:19
301261,sz,恒工精密,2026-06-15,2026-06-15 16:04:19
301262,sz,海看股份,2026-06-15,2026-06-15 16:04:19
301263,sz,泰恩康,2026-06-15,2026-06-15 16:04:19
301265,sz,华新科技,2026-06-15,2026-06-15 16:04:19
301266,sz,宇邦新材,2026-06-15,2026-06-15 16:04:19
301267,sz,华厦眼科,2026-06-15,2026-06-15 16:04:19
301268,sz,铭利达,2026-06-15,2026-06-15 16:04:19
301269,sz,华大九天,2026-06-15,2026-06-15 16:04:19
301270,sz,汉仪股份,2026-06-15,2026-06-15 16:04:19
301272,sz,英华特,2026-06-15,2026-06-15 16:04:19
301273,sz,瑞晨环保,2026-06-15,2026-06-15 16:04:19
301275,sz,汉朔科技,2026-06-15,2026-06-15 16:04:19
301276,sz,嘉曼服饰,2026-06-15,2026-06-15 16:04:19
301277,sz,新天地,2026-06-15,2026-06-15 16:04:19
301278,sz,快可电子,2026-06-15,2026-06-15 16:04:19
301279,sz,金道科技,2026-06-15,2026-06-15 16:04:19
301280,sz,珠城科技,2026-06-15,2026-06-15 16:04:19
301281,sz,科源制药,2026-06-15,2026-06-15 16:04:19
301282,sz,金禄电子,2026-06-15,2026-06-15 16:04:19
301283,sz,聚胶股份,2026-06-15,2026-06-15 16:04:19
301285,sz,鸿日达,2026-06-15,2026-06-15 16:04:19
301286,sz,侨源股份,2026-06-15,2026-06-15 16:04:19
301287,sz,康力源,2026-06-15,2026-06-15 16:04:19
301288,sz,清研环境,2026-06-15,2026-06-15 16:04:19
301289,sz,国缆检测,2026-06-15,2026-06-15 16:04:19
301290,sz,东星医疗,2026-06-15,2026-06-15 16:04:19
301291,sz,明阳电气,2026-06-15,2026-06-15 16:04:19
301292,sz,海科新源,2026-06-15,2026-06-15 16:04:19
301293,sz,三博脑科,2026-06-15,2026-06-15 16:04:19
301295,sz,美硕科技,2026-06-15,2026-06-15 16:04:19
301296,sz,新巨丰,2026-06-15,2026-06-15 16:04:19
301297,sz,富乐德,2026-06-15,2026-06-15 16:04:19
301298,sz,东利机械,2026-06-15,2026-06-15 16:04:19
301299,sz,卓创资讯,2026-06-15,2026-06-15 16:04:19
301300,sz,远翔新材,2026-06-15,2026-06-15 16:04:19
301301,sz,川宁生物,2026-06-15,2026-06-15 16:04:19
301302,sz,华如科技,2026-06-15,2026-06-15 16:04:19
301303,sz,真兰仪表,2026-06-15,2026-06-15 16:04:19
301305,sz,朗坤科技,2026-06-15,2026-06-15 16:04:19
301306,sz,西测测试,2026-06-15,2026-06-15 16:04:19
301307,sz,美利信,2026-06-15,2026-06-15 16:04:19
301308,sz,江波龙,2026-06-15,2026-06-15 16:04:19
301309,sz,万得凯,2026-06-15,2026-06-15 16:04:19
301310,sz,鑫宏业,2026-06-15,2026-06-15 16:04:19
301311,sz,昆船智能,2026-06-15,2026-06-15 16:04:19
301312,sz,智立方,2026-06-15,2026-06-15 16:04:19
301313,sz,凡拓数创,2026-06-15,2026-06-15 16:04:19
301314,sz,科瑞思,2026-06-15,2026-06-15 16:04:19
301315,sz,威士顿,2026-06-15,2026-06-15 16:04:19
301316,sz,慧博云通,2026-06-15,2026-06-15 16:04:19
301317,sz,鑫磊股份,2026-06-15,2026-06-15 16:04:19
301318,sz,维海德,2026-06-15,2026-06-15 16:04:19
301319,sz,唯特偶,2026-06-15,2026-06-15 16:04:19
301320,sz,豪江智能,2026-06-15,2026-06-15 16:04:19
301321,sz,翰博高新,2026-06-15,2026-06-15 16:04:19
301322,sz,绿通科技,2026-06-15,2026-06-15 16:04:19
301323,sz,新莱福,2026-06-15,2026-06-15 16:04:19
301325,sz,曼恩斯特,2026-06-15,2026-06-15 16:04:19
301326,sz,捷邦科技,2026-06-15,2026-06-15 16:04:19
301327,sz,华宝新能,2026-06-15,2026-06-15 16:04:19
301328,sz,维峰电子,2026-06-15,2026-06-15 16:04:19
301329,sz,信音电子,2026-06-15,2026-06-15 16:04:19
301330,sz,熵基科技,2026-06-15,2026-06-15 16:04:19
301331,sz,恩威医药,2026-06-15,2026-06-15 16:04:19
301332,sz,德尔玛,2026-06-15,2026-06-15 16:04:19
301333,sz,诺思格,2026-06-15,2026-06-15 16:04:19
301335,sz,天元宠物,2026-06-15,2026-06-15 16:04:19
301336,sz,趣睡科技,2026-06-15,2026-06-15 16:04:19
301337,sz,亚华电子,2026-06-15,2026-06-15 16:04:19
301338,sz,凯格精机,2026-06-15,2026-06-15 16:04:19
301339,sz,通行宝,2026-06-15,2026-06-15 16:04:19
301345,sz,涛涛车业,2026-06-15,2026-06-15 16:04:19
301348,sz,蓝箭电子,2026-06-15,2026-06-15 16:04:19
301349,sz,信德新材,2026-06-15,2026-06-15 16:04:19
301353,sz,普莱得,2026-06-15,2026-06-15 16:04:19
301355,sz,南王科技,2026-06-15,2026-06-15 16:04:19
301356,sz,天振股份,2026-06-15,2026-06-15 16:04:19
301357,sz,北方长龙,2026-06-15,2026-06-15 16:04:19
301358,sz,湖南裕能,2026-06-15,2026-06-15 16:04:19
301359,sz,东南电子,2026-06-15,2026-06-15 16:04:19
301360,sz,荣旗科技,2026-06-15,2026-06-15 16:04:19
301361,sz,众智科技,2026-06-15,2026-06-15 16:04:19
301362,sz,民爆光电,2026-06-15,2026-06-15 16:04:19
301363,sz,美好医疗,2026-06-15,2026-06-15 16:04:19
301365,sz,矩阵股份,2026-06-15,2026-06-15 16:04:19
301366,sz,一博科技,2026-06-15,2026-06-15 16:04:19
301367,sz,瑞迈特,2026-06-15,2026-06-15 16:04:19
301368,sz,丰立智能,2026-06-15,2026-06-15 16:04:19
301369,sz,联动科技,2026-06-15,2026-06-15 16:04:19
301370,sz,国科恒泰,2026-06-15,2026-06-15 16:04:19
301371,sz,敷尔佳,2026-06-15,2026-06-15 16:04:19
301372,sz,科净源,2026-06-15,2026-06-15 16:04:19
301373,sz,凌玮科技,2026-06-15,2026-06-15 16:04:19
301376,sz,致欧科技,2026-06-15,2026-06-15 16:04:19
301377,sz,鼎泰高科,2026-06-15,2026-06-15 16:04:19
301378,sz,通达海,2026-06-15,2026-06-15 16:04:19
301379,sz,天山电子,2026-06-15,2026-06-15 16:04:19
301380,sz,挖金客,2026-06-15,2026-06-15 16:04:19
301381,sz,赛维时代,2026-06-15,2026-06-15 16:04:19
301382,sz,蜂助手,2026-06-15,2026-06-15 16:04:19
301383,sz,天键股份,2026-06-15,2026-06-15 16:04:19
301386,sz,未来电器,2026-06-15,2026-06-15 16:04:19
301387,sz,光大同创,2026-06-15,2026-06-15 16:04:19
301388,sz,欣灵电气,2026-06-15,2026-06-15 16:04:19
301389,sz,隆扬电子,2026-06-15,2026-06-15 16:04:19
301390,sz,经纬股份,2026-06-15,2026-06-15 16:04:19
301391,sz,卡莱特,2026-06-15,2026-06-15 16:04:19
301392,sz,汇成真空,2026-06-15,2026-06-15 16:04:19
301393,sz,昊帆生物,2026-06-15,2026-06-15 16:04:19
301395,sz,仁信新材,2026-06-15,2026-06-15 16:04:19
301396,sz,宏景科技,2026-06-15,2026-06-15 16:04:19
301397,sz,溯联股份,2026-06-15,2026-06-15 16:04:19
301398,sz,星源卓镁,2026-06-15,2026-06-15 16:04:19
301399,sz,英特科技,2026-06-15,2026-06-15 16:04:19
301408,sz,华人健康,2026-06-15,2026-06-15 16:04:19
301413,sz,安培龙,2026-06-15,2026-06-15 16:04:19
301418,sz,协昌科技,2026-06-15,2026-06-15 16:04:19
301419,sz,阿莱德,2026-06-15,2026-06-15 16:04:19
301421,sz,波长光电,2026-06-15,2026-06-15 16:04:19
301428,sz,世纪恒通,2026-06-15,2026-06-15 16:04:19
301429,sz,森泰股份,2026-06-15,2026-06-15 16:04:19
301439,sz,泓淋电力,2026-06-15,2026-06-15 16:04:19
301446,sz,福事特,2026-06-15,2026-06-15 16:04:19
301448,sz,开创电气,2026-06-15,2026-06-15 16:04:19
301449,sz,天溯计量,2026-06-15,2026-06-15 16:04:19
301456,sz,盘古智能,2026-06-15,2026-06-15 16:04:19
301458,sz,钧崴电子,2026-06-15,2026-06-15 16:04:19
301459,sz,丰茂股份,2026-06-15,2026-06-15 16:04:19
301468,sz,博盈特焊,2026-06-15,2026-06-15 16:04:19
301469,sz,恒达新材,2026-06-15,2026-06-15 16:04:19
301479,sz,弘景光电,2026-06-15,2026-06-15 16:04:19
301486,sz,致尚科技,2026-06-15,2026-06-15 16:04:19
301487,sz,盟固利,2026-06-15,2026-06-15 16:04:19
301488,sz,豪恩汽电,2026-06-15,2026-06-15 16:04:19
301489,sz,思泉新材,2026-06-15,2026-06-15 16:04:19
301491,sz,汉桑科技,2026-06-15,2026-06-15 16:04:19
301498,sz,乖宝宠物,2026-06-15,2026-06-15 16:04:19
301499,sz,维科精密,2026-06-15,2026-06-15 16:04:19
301500,sz,飞南资源,2026-06-15,2026-06-15 16:04:19
301501,sz,恒鑫生活,2026-06-15,2026-06-15 16:04:19
301502,sz,华阳智能,2026-06-15,2026-06-15 16:04:19
301503,sz,智迪科技,2026-06-15,2026-06-15 16:04:19
301505,sz,苏州规划,2026-06-15,2026-06-15 16:04:19
301507,sz,民生健康,2026-06-15,2026-06-15 16:04:19
301508,sz,中机认检,2026-06-15,2026-06-15 16:04:19
301509,sz,金凯生科,2026-06-15,2026-06-15 16:04:19
301510,sz,固高科技,2026-06-15,2026-06-15 16:04:19
301511,sz,德福科技,2026-06-15,2026-06-15 16:04:19
301512,sz,智信精密,2026-06-15,2026-06-15 16:04:19
301513,sz,尚水智能,2026-06-15,2026-06-15 16:04:19
301515,sz,港通医疗,2026-06-15,2026-06-15 16:04:19
301516,sz,中远通,2026-06-15,2026-06-15 16:04:19
301517,sz,陕西华达,2026-06-15,2026-06-15 16:04:19
301518,sz,长华化学,2026-06-15,2026-06-15 16:04:19
301519,sz,舜禹股份,2026-06-15,2026-06-15 16:04:19
301520,sz,万邦医药,2026-06-15,2026-06-15 16:04:19
301522,sz,上大股份,2026-06-15,2026-06-15 16:04:19
301525,sz,儒竞科技,2026-06-15,2026-06-15 16:04:19
301526,sz,国际复材,2026-06-15,2026-06-15 16:04:19
301528,sz,多浦乐,2026-06-15,2026-06-15 16:04:19
301529,sz,福赛科技,2026-06-15,2026-06-15 16:04:19
301531,sz,春光集团,2026-06-15,2026-06-15 16:04:19
301533,sz,威马农机,2026-06-15,2026-06-15 16:04:19
301535,sz,浙江华远,2026-06-15,2026-06-15 16:04:19
301536,sz,星宸科技,2026-06-15,2026-06-15 16:04:19
301538,sz,骏鼎达,2026-06-15,2026-06-15 16:04:19
301539,sz,宏鑫科技,2026-06-15,2026-06-15 16:04:19
301548,sz,崇德科技,2026-06-15,2026-06-15 16:04:19
301550,sz,斯菱智驱,2026-06-15,2026-06-15 16:04:19
301551,sz,无线传媒,2026-06-15,2026-06-15 16:04:19
301552,sz,科力装备,2026-06-15,2026-06-15 16:04:19
301555,sz,惠柏新材,2026-06-15,2026-06-15 16:04:19
301556,sz,托普云农,2026-06-15,2026-06-15 16:04:19
301557,sz,常友科技,2026-06-15,2026-06-15 16:04:19
301558,sz,三态股份,2026-06-15,2026-06-15 16:04:19
301559,sz,中集环科,2026-06-15,2026-06-15 16:04:19
301560,sz,众捷汽车,2026-06-15,2026-06-15 16:04:19
301563,sz,云汉芯城,2026-06-15,2026-06-15 16:04:19
301565,sz,中仑新材,2026-06-15,2026-06-15 16:04:19
301566,sz,达利凯普,2026-06-15,2026-06-15 16:04:19
301567,sz,贝隆精密,2026-06-15,2026-06-15 16:04:19
301568,sz,思泰克,2026-06-15,2026-06-15 16:04:19
301571,sz,国科天成,2026-06-15,2026-06-15 16:04:19
301575,sz,艾芬达,2026-06-15,2026-06-15 16:04:19
301577,sz,美信科技,2026-06-15,2026-06-15 16:04:19
301578,sz,辰奕智能,2026-06-15,2026-06-15 16:04:19
301580,sz,爱迪特,2026-06-15,2026-06-15 16:04:19
301581,sz,黄山谷捷,2026-06-15,2026-06-15 16:04:19
301584,sz,建发致新,2026-06-15,2026-06-15 16:04:19
301585,sz,蓝宇股份,2026-06-15,2026-06-15 16:04:19
301586,sz,佳力奇,2026-06-15,2026-06-15 16:04:19
301587,sz,中瑞股份,2026-06-15,2026-06-15 16:04:19
301588,sz,美新科技,2026-06-15,2026-06-15 16:04:19
301589,sz,诺瓦星云,2026-06-15,2026-06-15 16:04:19
301590,sz,优优绿能,2026-06-15,2026-06-15 16:04:19
301591,sz,肯特股份,2026-06-15,2026-06-15 16:04:19
301592,sz,六九一二,2026-06-15,2026-06-15 16:04:19
301595,sz,太力科技,2026-06-15,2026-06-15 16:04:19
301596,sz,瑞迪智驱,2026-06-15,2026-06-15 16:04:19
301598,sz,博科测试,2026-06-15,2026-06-15 16:04:19
301599,sz,理奇智能,2026-06-15,2026-06-15 16:04:19
301600,sz,慧翰股份,2026-06-15,2026-06-15 16:04:19
301601,sz,惠通科技,2026-06-15,2026-06-15 16:04:19
301602,sz,超研股份,2026-06-15,2026-06-15 16:04:19
301603,sz,乔锋智能,2026-06-15,2026-06-15 16:04:19
301606,sz,绿联科技,2026-06-15,2026-06-15 16:04:19
301607,sz,富特科技,2026-06-15,2026-06-15 16:04:19
301608,sz,博实结,2026-06-15,2026-06-15 16:04:19
301609,sz,山大电力,2026-06-15,2026-06-15 16:04:19
301611,sz,珂玛科技,2026-06-15,2026-06-15 16:04:19
301613,sz,新铝时代,2026-06-15,2026-06-15 16:04:19
301616,sz,浙江华业,2026-06-15,2026-06-15 16:04:19
301617,sz,博苑新材,2026-06-15,2026-06-15 16:04:19
301618,sz,长联科技,2026-06-15,2026-06-15 16:04:19
301622,sz,英思特,2026-06-15,2026-06-15 16:04:19
301626,sz,苏州天脉,2026-06-15,2026-06-15 16:04:19
301628,sz,强达电路,2026-06-15,2026-06-15 16:04:19
301629,sz,矽电股份,2026-06-15,2026-06-15 16:04:19
301630,sz,同宇新材,2026-06-15,2026-06-15 16:04:19
301631,sz,壹连科技,2026-06-15,2026-06-15 16:04:19
301632,sz,广东建科,2026-06-15,2026-06-15 16:04:19
301633,sz,港迪技术,2026-06-15,2026-06-15 16:04:19
301636,sz,泽润新能,2026-06-15,2026-06-15 16:04:19
301638,sz,南网数字,2026-06-15,2026-06-15 16:04:19
301656,sz,联合动力,2026-06-15,2026-06-15 16:04:19
301658,sz,首航新能,2026-06-15,2026-06-15 16:04:19
301662,sz,宏工科技,2026-06-15,2026-06-15 16:04:19
301665,sz,泰禾股份,2026-06-15,2026-06-15 16:04:19
301666,sz,大普微,2026-06-15,2026-06-15 16:04:19
301667,sz,纳百川,2026-06-15,2026-06-15 16:04:19
301668,sz,昊创瑞通,2026-06-15,2026-06-15 16:04:19
301669,sz,高特电子,2026-06-15,2026-06-15 16:04:19
301678,sz,新恒汇,2026-06-15,2026-06-15 16:04:19
301680,sz,固德电材,2026-06-15,2026-06-15 16:04:19
301682,sz,宏明电子,2026-06-15,2026-06-15 16:04:19
301683,sz,慧谷新材,2026-06-15,2026-06-15 16:04:19
301687,sz,新广益,2026-06-15,2026-06-15 16:04:19
301696,sz,三瑞智能,2026-06-15,2026-06-15 16:04:19
302132,sz,中航成飞,2026-06-15,2026-06-15 16:04:19
600000,sh,浦发银行,2026-06-15,2026-06-15 16:04:19
600004,sh,白云机场,2026-06-15,2026-06-15 16:04:19
600006,sh,东风股份,2026-06-15,2026-06-15 16:04:19
600007,sh,中国国贸,2026-06-15,2026-06-15 16:04:19
600008,sh,首创环保,2026-06-15,2026-06-15 16:04:19
600009,sh,上海机场,2026-06-15,2026-06-15 16:04:19
600010,sh,包钢股份,2026-06-15,2026-06-15 16:04:19
600011,sh,华能国际,2026-06-15,2026-06-15 16:04:19
600012,sh,皖通高速,2026-06-15,2026-06-15 16:04:19
600015,sh,华夏银行,2026-06-15,2026-06-15 16:04:19
600016,sh,民生银行,2026-06-15,2026-06-15 16:04:19
600017,sh,日照港,2026-06-15,2026-06-15 16:04:19
600018,sh,上港集团,2026-06-15,2026-06-15 16:04:19
600019,sh,宝钢股份,2026-06-15,2026-06-15 16:04:19
600020,sh,中原高速,2026-06-15,2026-06-15 16:04:19
600021,sh,上海电力,2026-06-15,2026-06-15 16:04:19
600022,sh,山东钢铁,2026-06-15,2026-06-15 16:04:19
600023,sh,浙能电力,2026-06-15,2026-06-15 16:04:19
600025,sh,华能水电,2026-06-15,2026-06-15 16:04:19
600026,sh,中远海能,2026-06-15,2026-06-15 16:04:19
600027,sh,华电国际,2026-06-15,2026-06-15 16:04:19
600028,sh,中国石化,2026-06-15,2026-06-15 16:04:19
600029,sh,南方航空,2026-06-15,2026-06-15 16:04:19
600030,sh,中信证券,2026-06-15,2026-06-15 16:04:19
600031,sh,三一重工,2026-06-15,2026-06-15 16:04:19
600032,sh,浙江新能,2026-06-15,2026-06-15 16:04:19
600033,sh,福建高速,2026-06-15,2026-06-15 16:04:19
600035,sh,楚天高速,2026-06-15,2026-06-15 16:04:19
600036,sh,招商银行,2026-06-15,2026-06-15 16:04:19
600037,sh,歌华有线,2026-06-15,2026-06-15 16:04:19
600038,sh,中直股份,2026-06-15,2026-06-15 16:04:19
600039,sh,四川路桥,2026-06-15,2026-06-15 16:04:19
600048,sh,保利发展,2026-06-15,2026-06-15 16:04:19
600050,sh,中国联通,2026-06-15,2026-06-15 16:04:19
600051,sh,宁波联合,2026-06-15,2026-06-15 16:04:19
600052,sh,东望时代,2026-06-15,2026-06-15 16:04:19
600053,sh,*ST九鼎,2026-06-15,2026-06-15 16:04:19
600054,sh,黄山旅游,2026-06-15,2026-06-15 16:04:19
600055,sh,万东医疗,2026-06-15,2026-06-15 16:04:19
600056,sh,中国医药,2026-06-15,2026-06-15 16:04:19
600057,sh,厦门象屿,2026-06-15,2026-06-15 16:04:19
600058,sh,五矿发展,2026-06-15,2026-06-15 16:04:19
600059,sh,古越龙山,2026-06-15,2026-06-15 16:04:19
600060,sh,海信视像,2026-06-15,2026-06-15 16:04:19
600061,sh,国投资本,2026-06-15,2026-06-15 16:04:19
600062,sh,华润双鹤,2026-06-15,2026-06-15 16:04:19
600063,sh,皖维高新,2026-06-15,2026-06-15 16:04:19
600064,sh,南京高科,2026-06-15,2026-06-15 16:04:19
600066,sh,宇通客车,2026-06-15,2026-06-15 16:04:19
600067,sh,冠城新材,2026-06-15,2026-06-15 16:04:19
600071,sh,凤凰光学,2026-06-15,2026-06-15 16:04:19
600072,sh,中船科技,2026-06-15,2026-06-15 16:04:19
600073,sh,光明肉业,2026-06-15,2026-06-15 16:04:19
600075,sh,新疆天业,2026-06-15,2026-06-15 16:04:19
600076,sh,康欣新材,2026-06-15,2026-06-15 16:04:19
600078,sh,澄星股份,2026-06-15,2026-06-15 16:04:19
600079,sh,ST人福,2026-06-15,2026-06-15 16:04:19
600080,sh,ST金花,2026-06-15,2026-06-15 16:04:19
600081,sh,东风科技,2026-06-15,2026-06-15 16:04:19
600082,sh,ST海泰,2026-06-15,2026-06-15 16:04:19
600084,sh,*ST尼雅,2026-06-15,2026-06-15 16:04:19
600085,sh,同仁堂,2026-06-15,2026-06-15 16:04:19
600088,sh,中视传媒,2026-06-15,2026-06-15 16:04:19
600089,sh,特变电工,2026-06-15,2026-06-15 16:04:19
600094,sh,大名城,2026-06-15,2026-06-15 16:04:19
600095,sh,湘财股份,2026-06-15,2026-06-15 16:04:19
600096,sh,云天化,2026-06-15,2026-06-15 16:04:19
600097,sh,开创国际,2026-06-15,2026-06-15 16:04:19
600098,sh,广州发展,2026-06-15,2026-06-15 16:04:19
600099,sh,林海股份,2026-06-15,2026-06-15 16:04:19
600100,sh,同方股份,2026-06-15,2026-06-15 16:04:19
600101,sh,明星电力,2026-06-15,2026-06-15 16:04:19
600103,sh,青山纸业,2026-06-15,2026-06-15 16:04:19
600104,sh,上汽集团,2026-06-15,2026-06-15 16:04:19
600105,sh,永鼎股份,2026-06-15,2026-06-15 16:04:19
600106,sh,重庆路桥,2026-06-15,2026-06-15 16:04:19
600107,sh,*ST尔雅,2026-06-15,2026-06-15 16:04:19
600108,sh,亚盛集团,2026-06-15,2026-06-15 16:04:19
600109,sh,国金证券,2026-06-15,2026-06-15 16:04:19
600110,sh,诺德股份,2026-06-15,2026-06-15 16:04:19
600111,sh,北方稀土,2026-06-15,2026-06-15 16:04:19
600113,sh,浙江东日,2026-06-15,2026-06-15 16:04:19
600114,sh,东睦股份,2026-06-15,2026-06-15 16:04:19
600115,sh,中国东航,2026-06-15,2026-06-15 16:04:19
600116,sh,三峡水利,2026-06-15,2026-06-15 16:04:19
600117,sh,西宁特钢,2026-06-15,2026-06-15 16:04:19
600118,sh,中国卫星,2026-06-15,2026-06-15 16:04:19
600119,sh,*ST长投,2026-06-15,2026-06-15 16:04:19
600120,sh,浙江东方,2026-06-15,2026-06-15 16:04:19
600121,sh,郑州煤电,2026-06-15,2026-06-15 16:04:19
600123,sh,兰花科创,2026-06-15,2026-06-15 16:04:19
600125,sh,铁龙物流,2026-06-15,2026-06-15 16:04:19
600126,sh,杭钢股份,2026-06-15,2026-06-15 16:04:19
600127,sh,金健米业,2026-06-15,2026-06-15 16:04:19
600128,sh,苏豪弘业,2026-06-15,2026-06-15 16:04:19
600129,sh,太极集团,2026-06-15,2026-06-15 16:04:19
600130,sh,波导股份,2026-06-15,2026-06-15 16:04:19
600131,sh,国网信通,2026-06-15,2026-06-15 16:04:19
600132,sh,重庆啤酒,2026-06-15,2026-06-15 16:04:19
600133,sh,东湖高新,2026-06-15,2026-06-15 16:04:19
600135,sh,乐凯胶片,2026-06-15,2026-06-15 16:04:19
600136,sh,ST明诚,2026-06-15,2026-06-15 16:04:19
600137,sh,浪莎股份,2026-06-15,2026-06-15 16:04:19
600138,sh,中青旅,2026-06-15,2026-06-15 16:04:19
600141,sh,兴发集团,2026-06-15,2026-06-15 16:04:19
600143,sh,金发科技,2026-06-15,2026-06-15 16:04:19
600148,sh,长春一东,2026-06-15,2026-06-15 16:04:19
600149,sh,廊坊发展,2026-06-15,2026-06-15 16:04:19
600150,sh,中国船舶,2026-06-15,2026-06-15 16:04:19
600151,sh,航天机电,2026-06-15,2026-06-15 16:04:19
600152,sh,维科技术,2026-06-15,2026-06-15 16:04:19
600153,sh,建发股份,2026-06-15,2026-06-15 16:04:19
600155,sh,华创云信,2026-06-15,2026-06-15 16:04:19
600156,sh,华升股份,2026-06-15,2026-06-15 16:04:19
600157,sh,永泰能源,2026-06-15,2026-06-15 16:04:19
600158,sh,中体产业,2026-06-15,2026-06-15 16:04:19
600159,sh,大龙地产,2026-06-15,2026-06-15 16:04:19
600160,sh,巨化股份,2026-06-15,2026-06-15 16:04:19
600161,sh,天坛生物,2026-06-15,2026-06-15 16:04:19
600162,sh,香江控股,2026-06-15,2026-06-15 16:04:19
600163,sh,中闽能源,2026-06-15,2026-06-15 16:04:19
600165,sh,ST宁科,2026-06-15,2026-06-15 16:04:19
600166,sh,福田汽车,2026-06-15,2026-06-15 16:04:19
600167,sh,联美控股,2026-06-15,2026-06-15 16:04:19
600168,sh,武汉控股,2026-06-15,2026-06-15 16:04:19
600169,sh,ST太重,2026-06-15,2026-06-15 16:04:19
600170,sh,上海建工,2026-06-15,2026-06-15 16:04:19
600171,sh,上海贝岭,2026-06-15,2026-06-15 16:04:19
600172,sh,黄河旋风,2026-06-15,2026-06-15 16:04:19
600173,sh,卧龙新能,2026-06-15,2026-06-15 16:04:19
600176,sh,中国巨石,2026-06-15,2026-06-15 16:04:19
600177,sh,雅戈尔,2026-06-15,2026-06-15 16:04:19
600178,sh,东安动力,2026-06-15,2026-06-15 16:04:19
600179,sh,安通控股,2026-06-15,2026-06-15 16:04:19
600180,sh,*ST瑞茂,2026-06-15,2026-06-15 16:04:19
600182,sh,S佳通,2026-06-15,2026-06-15 16:04:19
600183,sh,生益科技,2026-06-15,2026-06-15 16:04:19
600184,sh,光电股份,2026-06-15,2026-06-15 16:04:19
600185,sh,珠免集团,2026-06-15,2026-06-15 16:04:19
600186,sh,莲花控股,2026-06-15,2026-06-15 16:04:19
600187,sh,*ST国中,2026-06-15,2026-06-15 16:04:19
600188,sh,兖矿能源,2026-06-15,2026-06-15 16:04:19
600189,sh,泉阳泉,2026-06-15,2026-06-15 16:04:19
600191,sh,华资实业,2026-06-15,2026-06-15 16:04:19
600192,sh,长城电工,2026-06-15,2026-06-15 16:04:19
600193,sh,退市创兴,2026-06-15,2026-06-15 16:04:19
600195,sh,中牧股份,2026-06-15,2026-06-15 16:04:19
600196,sh,复星医药,2026-06-15,2026-06-15 16:04:19
600197,sh,伊力特,2026-06-15,2026-06-15 16:04:19
600198,sh,大唐电信,2026-06-15,2026-06-15 16:04:19
600199,sh,金种子酒,2026-06-15,2026-06-15 16:04:19
600201,sh,生物股份,2026-06-15,2026-06-15 16:04:19
600202,sh,哈空调,2026-06-15,2026-06-15 16:04:19
600203,sh,福日电子,2026-06-15,2026-06-15 16:04:19
600206,sh,有研新材,2026-06-15,2026-06-15 16:04:19
600207,sh,安彩高科,2026-06-15,2026-06-15 16:04:19
600208,sh,衢州发展,2026-06-15,2026-06-15 16:04:19
600210,sh,紫江企业,2026-06-15,2026-06-15 16:04:19
600211,sh,西藏药业,2026-06-15,2026-06-15 16:04:19
600212,sh,绿能慧充,2026-06-15,2026-06-15 16:04:19
600215,sh,派斯林,2026-06-15,2026-06-15 16:04:19
600216,sh,浙江医药,2026-06-15,2026-06-15 16:04:19
600217,sh,中再资环,2026-06-15,2026-06-15 16:04:19
600218,sh,全柴动力,2026-06-15,2026-06-15 16:04:19
600219,sh,南山铝业,2026-06-15,2026-06-15 16:04:19
600221,sh,海航控股,2026-06-15,2026-06-15 16:04:19
600222,sh,太龙药业,2026-06-15,2026-06-15 16:04:19
600223,sh,福瑞达,2026-06-15,2026-06-15 16:04:19
600226,sh,亨通股份,2026-06-15,2026-06-15 16:04:19
600227,sh,赤天化,2026-06-15,2026-06-15 16:04:19
600228,sh,返利科技,2026-06-15,2026-06-15 16:04:19
600229,sh,城市传媒,2026-06-15,2026-06-15 16:04:19
600230,sh,沧州大化,2026-06-15,2026-06-15 16:04:19
600231,sh,凌钢股份,2026-06-15,2026-06-15 16:04:19
600232,sh,金鹰股份,2026-06-15,2026-06-15 16:04:19
600233,sh,圆通速递,2026-06-15,2026-06-15 16:04:19
600234,sh,科新发展,2026-06-15,2026-06-15 16:04:19
600235,sh,民丰特纸,2026-06-15,2026-06-15 16:04:19
600236,sh,桂冠电力,2026-06-15,2026-06-15 16:04:19
600237,sh,铜峰电子,2026-06-15,2026-06-15 16:04:19
600238,sh,*ST椰岛,2026-06-15,2026-06-15 16:04:19
600239,sh,ST云城,2026-06-15,2026-06-15 16:04:19
600241,sh,时代万恒,2026-06-15,2026-06-15 16:04:19
600243,sh,*ST海华,2026-06-15,2026-06-15 16:04:19
600246,sh,万通发展,2026-06-15,2026-06-15 16:04:19
600248,sh,陕建股份,2026-06-15,2026-06-15 16:04:19
600249,sh,两面针,2026-06-15,2026-06-15 16:04:19
600250,sh,南京商旅,2026-06-15,2026-06-15 16:04:19
600251,sh,冠农股份,2026-06-15,2026-06-15 16:04:19
600252,sh,中恒集团,2026-06-15,2026-06-15 16:04:19
600255,sh,鑫科材料,2026-06-15,2026-06-15 16:04:19
600256,sh,广汇能源,2026-06-15,2026-06-15 16:04:19
600257,sh,大湖股份,2026-06-15,2026-06-15 16:04:19
600258,sh,首旅酒店,2026-06-15,2026-06-15 16:04:19
600259,sh,中稀有色,2026-06-15,2026-06-15 16:04:19
600261,sh,阳光照明,2026-06-15,2026-06-15 16:04:19
600262,sh,北方股份,2026-06-15,2026-06-15 16:04:19
600265,sh,*ST景谷,2026-06-15,2026-06-15 16:04:19
600266,sh,城建发展,2026-06-15,2026-06-15 16:04:19
600267,sh,海正药业,2026-06-15,2026-06-15 16:04:19
600268,sh,国电南自,2026-06-15,2026-06-15 16:04:19
600269,sh,赣粤高速,2026-06-15,2026-06-15 16:04:19
600271,sh,航天信息,2026-06-15,2026-06-15 16:04:19
600272,sh,开开实业,2026-06-15,2026-06-15 16:04:19
600273,sh,嘉化能源,2026-06-15,2026-06-15 16:04:19
600276,sh,恒瑞医药,2026-06-15,2026-06-15 16:04:19
600278,sh,东方创业,2026-06-15,2026-06-15 16:04:19
600279,sh,重庆港,2026-06-15,2026-06-15 16:04:19
600280,sh,中央商场,2026-06-15,2026-06-15 16:04:19
600281,sh,华阳新材,2026-06-15,2026-06-15 16:04:19
600282,sh,南钢股份,2026-06-15,2026-06-15 16:04:19
600283,sh,钱江水利,2026-06-15,2026-06-15 16:04:19
600284,sh,浦东建设,2026-06-15,2026-06-15 16:04:19
600285,sh,羚锐制药,2026-06-15,2026-06-15 16:04:19
600287,sh,苏豪时尚,2026-06-15,2026-06-15 16:04:19
600288,sh,大恒科技,2026-06-15,2026-06-15 16:04:19
600289,sh,ST信通,2026-06-15,2026-06-15 16:04:19
600292,sh,电投水电,2026-06-15,2026-06-15 16:04:19
600293,sh,三峡新材,2026-06-15,2026-06-15 16:04:19
600295,sh,鄂尔多斯,2026-06-15,2026-06-15 16:04:19
600298,sh,安琪酵母,2026-06-15,2026-06-15 16:04:19
600299,sh,安迪苏,2026-06-15,2026-06-15 16:04:19
600300,sh,维维股份,2026-06-15,2026-06-15 16:04:19
600301,sh,华锡有色,2026-06-15,2026-06-15 16:04:19
600302,sh,ST标准,2026-06-15,2026-06-15 16:04:19
600303,sh,曙光股份,2026-06-15,2026-06-15 16:04:19
600305,sh,恒顺醋业,2026-06-15,2026-06-15 16:04:19
600307,sh,酒钢宏兴,2026-06-15,2026-06-15 16:04:19
600308,sh,华泰股份,2026-06-15,2026-06-15 16:04:19
600309,sh,万华化学,2026-06-15,2026-06-15 16:04:19
600310,sh,广西能源,2026-06-15,2026-06-15 16:04:19
600312,sh,平高电气,2026-06-15,2026-06-15 16:04:19
600313,sh,农发种业,2026-06-15,2026-06-15 16:04:19
600315,sh,上海家化,2026-06-15,2026-06-15 16:04:19
600316,sh,洪都航空,2026-06-15,2026-06-15 16:04:19
600318,sh,新力金融,2026-06-15,2026-06-15 16:04:19
600319,sh,亚星化学,2026-06-15,2026-06-15 16:04:19
600320,sh,振华重工,2026-06-15,2026-06-15 16:04:19
600322,sh,津投城开,2026-06-15,2026-06-15 16:04:19
600323,sh,瀚蓝环境,2026-06-15,2026-06-15 16:04:19
600325,sh,华发股份,2026-06-15,2026-06-15 16:04:19
600326,sh,西藏天路,2026-06-15,2026-06-15 16:04:19
600327,sh,大东方,2026-06-15,2026-06-15 16:04:19
600328,sh,中盐化工,2026-06-15,2026-06-15 16:04:19
600329,sh,达仁堂,2026-06-15,2026-06-15 16:04:19
600330,sh,天通股份,2026-06-15,2026-06-15 16:04:19
600331,sh,宏达股份,2026-06-15,2026-06-15 16:04:19
600332,sh,白云山,2026-06-15,2026-06-15 16:04:19
600333,sh,长春燃气,2026-06-15,2026-06-15 16:04:19
600335,sh,国机汽车,2026-06-15,2026-06-15 16:04:19
600336,sh,澳柯玛,2026-06-15,2026-06-15 16:04:19
600337,sh,ST美克,2026-06-15,2026-06-15 16:04:19
600338,sh,西藏珠峰,2026-06-15,2026-06-15 16:04:19
600339,sh,中油工程,2026-06-15,2026-06-15 16:04:19
600340,sh,*ST华幸,2026-06-15,2026-06-15 16:04:19
600343,sh,航天动力,2026-06-15,2026-06-15 16:04:19
600345,sh,长江通信,2026-06-15,2026-06-15 16:04:19
600346,sh,恒力石化,2026-06-15,2026-06-15 16:04:19
600348,sh,华阳股份,2026-06-15,2026-06-15 16:04:19
600350,sh,山东高速,2026-06-15,2026-06-15 16:04:19
600351,sh,亚宝药业,2026-06-15,2026-06-15 16:04:19
600352,sh,浙江龙盛,2026-06-15,2026-06-15 16:04:19
600353,sh,旭光电子,2026-06-15,2026-06-15 16:04:19
600354,sh,敦煌种业,2026-06-15,2026-06-15 16:04:19
600356,sh,恒丰纸业,2026-06-15,2026-06-15 16:04:19
600358,sh,国旅联合,2026-06-15,2026-06-15 16:04:19
600359,sh,新农开发,2026-06-15,2026-06-15 16:04:19
600360,sh,华微电子,2026-06-15,2026-06-15 16:04:19
600361,sh,创新新材,2026-06-15,2026-06-15 16:04:19
600362,sh,江西铜业,2026-06-15,2026-06-15 16:04:19
600363,sh,联创光电,2026-06-15,2026-06-15 16:04:19
600365,sh,ST通葡,2026-06-15,2026-06-15 16:04:19
600366,sh,宁波韵升,2026-06-15,2026-06-15 16:04:19
600367,sh,红星发展,2026-06-15,2026-06-15 16:04:19
600368,sh,五洲交通,2026-06-15,2026-06-15 16:04:19
600369,sh,西南证券,2026-06-15,2026-06-15 16:04:19
600370,sh,*ST三房,2026-06-15,2026-06-15 16:04:19
600371,sh,万向德农,2026-06-15,2026-06-15 16:04:19
600372,sh,中航机载,2026-06-15,2026-06-15 16:04:19
600373,sh,中文传媒,2026-06-15,2026-06-15 16:04:19
600375,sh,汉马科技,2026-06-15,2026-06-15 16:04:19
600376,sh,首开股份,2026-06-15,2026-06-15 16:04:19
600377,sh,宁沪高速,2026-06-15,2026-06-15 16:04:19
600378,sh,昊华科技,2026-06-15,2026-06-15 16:04:19
600379,sh,宝光股份,2026-06-15,2026-06-15 16:04:19
600380,sh,健康元,2026-06-15,2026-06-15 16:04:19
600381,sh,*ST春天,2026-06-15,2026-06-15 16:04:19
600382,sh,广东明珠,2026-06-15,2026-06-15 16:04:19
600383,sh,金地集团,2026-06-15,2026-06-15 16:04:19
600386,sh,北巴传媒,2026-06-15,2026-06-15 16:04:19
600388,sh,龙净环保,2026-06-15,2026-06-15 16:04:19
600389,sh,江山股份,2026-06-15,2026-06-15 16:04:19
600390,sh,五矿资本,2026-06-15,2026-06-15 16:04:19
600391,sh,航发科技,2026-06-15,2026-06-15 16:04:19
600392,sh,盛和资源,2026-06-15,2026-06-15 16:04:19
600395,sh,盘江股份,2026-06-15,2026-06-15 16:04:19
600396,sh,华电辽能,2026-06-15,2026-06-15 16:04:19
600397,sh,江钨装备,2026-06-15,2026-06-15 16:04:19
600398,sh,海澜之家,2026-06-15,2026-06-15 16:04:19
600399,sh,抚顺特钢,2026-06-15,2026-06-15 16:04:19
600400,sh,红豆股份,2026-06-15,2026-06-15 16:04:19
600403,sh,大有能源,2026-06-15,2026-06-15 16:04:19
600405,sh,动力源,2026-06-15,2026-06-15 16:04:19
600406,sh,国电南瑞,2026-06-15,2026-06-15 16:04:19
600408,sh,安泰集团,2026-06-15,2026-06-15 16:04:19
600409,sh,三友化工,2026-06-15,2026-06-15 16:04:19
600410,sh,华胜天成,2026-06-15,2026-06-15 16:04:19
600415,sh,小商品城,2026-06-15,2026-06-15 16:04:19
600416,sh,湘电股份,2026-06-15,2026-06-15 16:04:19
600418,sh,江淮汽车,2026-06-15,2026-06-15 16:04:19
600419,sh,天润乳业,2026-06-15,2026-06-15 16:04:19
600420,sh,国药现代,2026-06-15,2026-06-15 16:04:19
600421,sh,退市华嵘,2026-06-15,2026-06-15 16:04:19
600422,sh,昆药集团,2026-06-15,2026-06-15 16:04:19
600423,sh,*ST柳化,2026-06-15,2026-06-15 16:04:19
600425,sh,青松建化,2026-06-15,2026-06-15 16:04:19
600426,sh,华鲁恒升,2026-06-15,2026-06-15 16:04:19
600428,sh,中远海特,2026-06-15,2026-06-15 16:04:19
600429,sh,三元股份,2026-06-15,2026-06-15 16:04:19
600433,sh,冠豪高新,2026-06-15,2026-06-15 16:04:19
600435,sh,北方导航,2026-06-15,2026-06-15 16:04:19
600436,sh,片仔癀,2026-06-15,2026-06-15 16:04:19
600438,sh,通威股份,2026-06-15,2026-06-15 16:04:19
600439,sh,瑞贝卡,2026-06-15,2026-06-15 16:04:19
600444,sh,国机通用,2026-06-15,2026-06-15 16:04:19
600446,sh,金证股份,2026-06-15,2026-06-15 16:04:19
600448,sh,华纺股份,2026-06-15,2026-06-15 16:04:19
600449,sh,宁夏建材,2026-06-15,2026-06-15 16:04:19
600452,sh,涪陵电力,2026-06-15,2026-06-15 16:04:19
600455,sh,博通股份,2026-06-15,2026-06-15 16:04:19
600456,sh,宝钛股份,2026-06-15,2026-06-15 16:04:19
600458,sh,时代新材,2026-06-15,2026-06-15 16:04:19
600459,sh,贵研铂业,2026-06-15,2026-06-15 16:04:19
600460,sh,士兰微,2026-06-15,2026-06-15 16:04:19
600461,sh,洪城环境,2026-06-15,2026-06-15 16:04:19
600463,sh,空港股份,2026-06-15,2026-06-15 16:04:19
600467,sh,好当家,2026-06-15,2026-06-15 16:04:19
600468,sh,百利电气,2026-06-15,2026-06-15 16:04:19
600469,sh,风神股份,2026-06-15,2026-06-15 16:04:19
600470,sh,六国化工,2026-06-15,2026-06-15 16:04:19
600475,sh,华光环能,2026-06-15,2026-06-15 16:04:19
600476,sh,*ST湘邮,2026-06-15,2026-06-15 16:04:19
600477,sh,杭萧钢构,2026-06-15,2026-06-15 16:04:19
600478,sh,科力远,2026-06-15,2026-06-15 16:04:19
600479,sh,千金药业,2026-06-15,2026-06-15 16:04:19
600480,sh,凌云股份,2026-06-15,2026-06-15 16:04:19
600481,sh,双良节能,2026-06-15,2026-06-15 16:04:19
600482,sh,中国动力,2026-06-15,2026-06-15 16:04:19
600483,sh,福能股份,2026-06-15,2026-06-15 16:04:19
600486,sh,扬农化工,2026-06-15,2026-06-15 16:04:19
600487,sh,亨通光电,2026-06-15,2026-06-15 16:04:19
600488,sh,津药药业,2026-06-15,2026-06-15 16:04:19
600489,sh,中金黄金,2026-06-15,2026-06-15 16:04:19
600490,sh,鹏欣资源,2026-06-15,2026-06-15 16:04:19
600491,sh,ST龙元,2026-06-15,2026-06-15 16:04:19
600493,sh,凤竹纺织,2026-06-15,2026-06-15 16:04:19
600495,sh,晋西车轴,2026-06-15,2026-06-15 16:04:19
600496,sh,精工钢构,2026-06-15,2026-06-15 16:04:19
600497,sh,驰宏锌锗,2026-06-15,2026-06-15 16:04:19
600498,sh,烽火通信,2026-06-15,2026-06-15 16:04:19
600499,sh,科达制造,2026-06-15,2026-06-15 16:04:19
600500,sh,中化国际,2026-06-15,2026-06-15 16:04:19
600501,sh,航天晨光,2026-06-15,2026-06-15 16:04:19
600502,sh,安徽建工,2026-06-15,2026-06-15 16:04:19
600503,sh,华丽家族,2026-06-15,2026-06-15 16:04:19
600505,sh,西昌电力,2026-06-15,2026-06-15 16:04:19
600506,sh,统一股份,2026-06-15,2026-06-15 16:04:19
600507,sh,方大特钢,2026-06-15,2026-06-15 16:04:19
600508,sh,上海能源,2026-06-15,2026-06-15 16:04:19
600509,sh,天富能源,2026-06-15,2026-06-15 16:04:19
600510,sh,黑牡丹,2026-06-15,2026-06-15 16:04:19
600511,sh,国药股份,2026-06-15,2026-06-15 16:04:19
600512,sh,腾达建设,2026-06-15,2026-06-15 16:04:19
600513,sh,联环药业,2026-06-15,2026-06-15 16:04:19
600515,sh,海南机场,2026-06-15,2026-06-15 16:04:19
600516,sh,方大炭素,2026-06-15,2026-06-15 16:04:19
600517,sh,国网英大,2026-06-15,2026-06-15 16:04:19
600518,sh,康美药业,2026-06-15,2026-06-15 16:04:19
600519,sh,贵州茅台,2026-06-15,2026-06-15 16:04:19
600520,sh,三佳科技,2026-06-15,2026-06-15 16:04:19
600521,sh,华海药业,2026-06-15,2026-06-15 16:04:19
600522,sh,中天科技,2026-06-15,2026-06-15 16:04:19
600523,sh,贵航股份,2026-06-15,2026-06-15 16:04:19
600525,sh,ST长园,2026-06-15,2026-06-15 16:04:19
600526,sh,菲达环保,2026-06-15,2026-06-15 16:04:19
600527,sh,江南高纤,2026-06-15,2026-06-15 16:04:19
600528,sh,中铁工业,2026-06-15,2026-06-15 16:04:19
600529,sh,山东药玻,2026-06-15,2026-06-15 16:04:19
600530,sh,交大昂立,2026-06-15,2026-06-15 16:04:19
600531,sh,豫光金铅,2026-06-15,2026-06-15 16:04:19
600533,sh,栖霞建设,2026-06-15,2026-06-15 16:04:19
600535,sh,天士力,2026-06-15,2026-06-15 16:04:19
600536,sh,中国软件,2026-06-15,2026-06-15 16:04:19
600537,sh,*ST亿晶,2026-06-15,2026-06-15 16:04:19
600538,sh,国发股份,2026-06-15,2026-06-15 16:04:19
600539,sh,狮头股份,2026-06-15,2026-06-15 16:04:19
600540,sh,新赛股份,2026-06-15,2026-06-15 16:04:19
600543,sh,*ST莫高,2026-06-15,2026-06-15 16:04:19
600545,sh,卓郎智能,2026-06-15,2026-06-15 16:04:19
600546,sh,山煤国际,2026-06-15,2026-06-15 16:04:19
600547,sh,山东黄金,2026-06-15,2026-06-15 16:04:19
600548,sh,深高速,2026-06-15,2026-06-15 16:04:19
600549,sh,厦门钨业,2026-06-15,2026-06-15 16:04:19
600550,sh,保变电气,2026-06-15,2026-06-15 16:04:19
600551,sh,时代出版,2026-06-15,2026-06-15 16:04:19
600552,sh,凯盛科技,2026-06-15,2026-06-15 16:04:19
600556,sh,天下秀,2026-06-15,2026-06-15 16:04:19
600557,sh,康缘药业,2026-06-15,2026-06-15 16:04:19
600558,sh,大西洋,2026-06-15,2026-06-15 16:04:19
600559,sh,老白干酒,2026-06-15,2026-06-15 16:04:19
600560,sh,金自天正,2026-06-15,2026-06-15 16:04:19
600561,sh,江西长运,2026-06-15,2026-06-15 16:04:19
600562,sh,国睿科技,2026-06-15,2026-06-15 16:04:19
600563,sh,法拉电子,2026-06-15,2026-06-15 16:04:19
600566,sh,济川药业,2026-06-15,2026-06-15 16:04:19
600567,sh,山鹰国际,2026-06-15,2026-06-15 16:04:19
600568,sh,ST中珠,2026-06-15,2026-06-15 16:04:19
600569,sh,安阳钢铁,2026-06-15,2026-06-15 16:04:19
600570,sh,恒生电子,2026-06-15,2026-06-15 16:04:19
600571,sh,信雅达,2026-06-15,2026-06-15 16:04:19
600572,sh,康恩贝,2026-06-15,2026-06-15 16:04:19
600573,sh,惠泉啤酒,2026-06-15,2026-06-15 16:04:19
600575,sh,淮河能源,2026-06-15,2026-06-15 16:04:19
600576,sh,祥源文旅,2026-06-15,2026-06-15 16:04:19
600577,sh,精达股份,2026-06-15,2026-06-15 16:04:19
600578,sh,京能电力,2026-06-15,2026-06-15 16:04:19
600579,sh,中化装备,2026-06-15,2026-06-15 16:04:19
600580,sh,卧龙电驱,2026-06-15,2026-06-15 16:04:19
600581,sh,*ST八钢,2026-06-15,2026-06-15 16:04:19
600582,sh,天地科技,2026-06-15,2026-06-15 16:04:19
600583,sh,海油工程,2026-06-15,2026-06-15 16:04:19
600584,sh,长电科技,2026-06-15,2026-06-15 16:04:19
600585,sh,海螺水泥,2026-06-15,2026-06-15 16:04:19
600586,sh,金晶科技,2026-06-15,2026-06-15 16:04:19
600587,sh,新华医疗,2026-06-15,2026-06-15 16:04:19
600588,sh,用友网络,2026-06-15,2026-06-15 16:04:19
600589,sh,大位科技,2026-06-15,2026-06-15 16:04:19
600590,sh,泰豪科技,2026-06-15,2026-06-15 16:04:19
600592,sh,龙溪股份,2026-06-15,2026-06-15 16:04:19
600593,sh,大连圣亚,2026-06-15,2026-06-15 16:04:19
600594,sh,益佰制药,2026-06-15,2026-06-15 16:04:19
600595,sh,中孚实业,2026-06-15,2026-06-15 16:04:19
600596,sh,新安股份,2026-06-15,2026-06-15 16:04:19
600597,sh,光明乳业,2026-06-15,2026-06-15 16:04:19
600598,sh,北大荒,2026-06-15,2026-06-15 16:04:19
600599,sh,退市熊猫,2026-06-15,2026-06-15 16:04:19
600600,sh,青岛啤酒,2026-06-15,2026-06-15 16:04:19
600601,sh,方正科技,2026-06-15,2026-06-15 16:04:19
600602,sh,云赛智联,2026-06-15,2026-06-15 16:04:19
600603,sh,广汇物流,2026-06-15,2026-06-15 16:04:19
600604,sh,市北高新,2026-06-15,2026-06-15 16:04:19
600605,sh,汇通能源,2026-06-15,2026-06-15 16:04:19
600606,sh,绿地控股,2026-06-15,2026-06-15 16:04:19
600608,sh,退市沪科,2026-06-15,2026-06-15 16:04:19
600609,sh,金杯汽车,2026-06-15,2026-06-15 16:04:19
600610,sh,中毅达,2026-06-15,2026-06-15 16:04:19
600611,sh,大众交通,2026-06-15,2026-06-15 16:04:19
600612,sh,老凤祥,2026-06-15,2026-06-15 16:04:19
600613,sh,神奇制药,2026-06-15,2026-06-15 16:04:19
600615,sh,鑫源智造,2026-06-15,2026-06-15 16:04:19
600616,sh,金枫酒业,2026-06-15,2026-06-15 16:04:19
600617,sh,国新能源,2026-06-15,2026-06-15 16:04:19
600618,sh,氯碱化工,2026-06-15,2026-06-15 16:04:19
600619,sh,海立股份,2026-06-15,2026-06-15 16:04:19
600620,sh,天宸股份,2026-06-15,2026-06-15 16:04:19
600621,sh,华鑫股份,2026-06-15,2026-06-15 16:04:19
600622,sh,光大嘉宝,2026-06-15,2026-06-15 16:04:19
600623,sh,华谊集团,2026-06-15,2026-06-15 16:04:19
600624,sh,ST复华,2026-06-15,2026-06-15 16:04:19
600626,sh,申达股份,2026-06-15,2026-06-15 16:04:19
600628,sh,新世界,2026-06-15,2026-06-15 16:04:19
600629,sh,华建集团,2026-06-15,2026-06-15 16:04:19
600630,sh,龙头股份,2026-06-15,2026-06-15 16:04:19
600633,sh,浙数文化,2026-06-15,2026-06-15 16:04:19
600635,sh,大众公用,2026-06-15,2026-06-15 16:04:19
600636,sh,退市国化,2026-06-15,2026-06-15 16:04:19
600637,sh,东方明珠,2026-06-15,2026-06-15 16:04:19
600638,sh,新黄浦,2026-06-15,2026-06-15 16:04:19
600639,sh,浦东金桥,2026-06-15,2026-06-15 16:04:19
600640,sh,国脉文化,2026-06-15,2026-06-15 16:04:19
600641,sh,先导基电,2026-06-15,2026-06-15 16:04:19
600642,sh,申能股份,2026-06-15,2026-06-15 16:04:19
600643,sh,爱建集团,2026-06-15,2026-06-15 16:04:19
600644,sh,乐山电力,2026-06-15,2026-06-15 16:04:19
600645,sh,中源协和,2026-06-15,2026-06-15 16:04:19
600648,sh,外高桥,2026-06-15,2026-06-15 16:04:19
600649,sh,城投控股,2026-06-15,2026-06-15 16:04:19
600650,sh,锦江在线,2026-06-15,2026-06-15 16:04:19
600651,sh,飞乐音响,2026-06-15,2026-06-15 16:04:19
600653,sh,申华控股,2026-06-15,2026-06-15 16:04:19
600654,sh,中安科,2026-06-15,2026-06-15 16:04:19
600655,sh,豫园股份,2026-06-15,2026-06-15 16:04:19
600657,sh,信达地产,2026-06-15,2026-06-15 16:04:19
600658,sh,电子城,2026-06-15,2026-06-15 16:04:19
600660,sh,福耀玻璃,2026-06-15,2026-06-15 16:04:19
600661,sh,昂立教育,2026-06-15,2026-06-15 16:04:19
600662,sh,外服控股,2026-06-15,2026-06-15 16:04:19
600663,sh,陆家嘴,2026-06-15,2026-06-15 16:04:19
600664,sh,哈药股份,2026-06-15,2026-06-15 16:04:19
600665,sh,天地源,2026-06-15,2026-06-15 16:04:19
600666,sh,奥瑞德,2026-06-15,2026-06-15 16:04:19
600667,sh,太极实业,2026-06-15,2026-06-15 16:04:19
600668,sh,尖峰集团,2026-06-15,2026-06-15 16:04:19
600671,sh,天目药业,2026-06-15,2026-06-15 16:04:19
600673,sh,东阳光,2026-06-15,2026-06-15 16:04:19
600674,sh,川投能源,2026-06-15,2026-06-15 16:04:19
600675,sh,中华企业,2026-06-15,2026-06-15 16:04:19
600676,sh,交运股份,2026-06-15,2026-06-15 16:04:19
600678,sh,ST金顶,2026-06-15,2026-06-15 16:04:19
600679,sh,上海凤凰,2026-06-15,2026-06-15 16:04:19
600681,sh,百川能源,2026-06-15,2026-06-15 16:04:19
600682,sh,南京新百,2026-06-15,2026-06-15 16:04:19
600683,sh,京投发展,2026-06-15,2026-06-15 16:04:19
600684,sh,珠江股份,2026-06-15,2026-06-15 16:04:19
600685,sh,中船防务,2026-06-15,2026-06-15 16:04:19
600686,sh,金龙汽车,2026-06-15,2026-06-15 16:04:19
600688,sh,上海石化,2026-06-15,2026-06-15 16:04:19
600689,sh,上海三毛,2026-06-15,2026-06-15 16:04:19
600690,sh,海尔智家,2026-06-15,2026-06-15 16:04:19
600691,sh,潞化科技,2026-06-15,2026-06-15 16:04:19
600692,sh,亚通股份,2026-06-15,2026-06-15 16:04:19
600693,sh,东百集团,2026-06-15,2026-06-15 16:04:19
600694,sh,大商股份,2026-06-15,2026-06-15 16:04:19
600696,sh,退市岩石,2026-06-15,2026-06-15 16:04:19
600697,sh,欧亚集团,2026-06-15,2026-06-15 16:04:19
600698,sh,湖南天雁,2026-06-15,2026-06-15 16:04:19
600699,sh,均胜电子,2026-06-15,2026-06-15 16:04:19
600702,sh,舍得酒业,2026-06-15,2026-06-15 16:04:19
600703,sh,三安光电,2026-06-15,2026-06-15 16:04:19
600704,sh,物产中大,2026-06-15,2026-06-15 16:04:19
600706,sh,曲江文旅,2026-06-15,2026-06-15 16:04:19
600707,sh,彩虹股份,2026-06-15,2026-06-15 16:04:19
600708,sh,光明地产,2026-06-15,2026-06-15 16:04:19
600710,sh,苏美达,2026-06-15,2026-06-15 16:04:19
600711,sh,盛屯矿业,2026-06-15,2026-06-15 16:04:19
600712,sh,南宁百货,2026-06-15,2026-06-15 16:04:19
600713,sh,南京医药,2026-06-15,2026-06-15 16:04:19
600714,sh,金瑞矿业,2026-06-15,2026-06-15 16:04:19
600715,sh,文投控股,2026-06-15,2026-06-15 16:04:19
600716,sh,凤凰股份,2026-06-15,2026-06-15 16:04:19
600717,sh,天津港,2026-06-15,2026-06-15 16:04:19
600718,sh,东软集团,2026-06-15,2026-06-15 16:04:19
600719,sh,大连热电,2026-06-15,2026-06-15 16:04:19
600720,sh,中交设计,2026-06-15,2026-06-15 16:04:19
600721,sh,百花医药,2026-06-15,2026-06-15 16:04:19
600722,sh,金牛化工,2026-06-15,2026-06-15 16:04:19
600724,sh,宁波富达,2026-06-15,2026-06-15 16:04:19
600725,sh,云维股份,2026-06-15,2026-06-15 16:04:19
600726,sh,华电能源,2026-06-15,2026-06-15 16:04:19
600727,sh,鲁北化工,2026-06-15,2026-06-15 16:04:19
600728,sh,佳都科技,2026-06-15,2026-06-15 16:04:19
600729,sh,重百集团,2026-06-15,2026-06-15 16:04:19
600730,sh,*ST高科,2026-06-15,2026-06-15 16:04:19
600731,sh,湖南海利,2026-06-15,2026-06-15 16:04:19
600732,sh,爱旭股份,2026-06-15,2026-06-15 16:04:19
600733,sh,北汽蓝谷,2026-06-15,2026-06-15 16:04:19
600734,sh,*ST实达,2026-06-15,2026-06-15 16:04:19
600735,sh,ST新华锦,2026-06-15,2026-06-15 16:04:19
600736,sh,苏州高新,2026-06-15,2026-06-15 16:04:19
600737,sh,中粮糖业,2026-06-15,2026-06-15 16:04:19
600738,sh,丽尚国潮,2026-06-15,2026-06-15 16:04:19
600739,sh,辽宁成大,2026-06-15,2026-06-15 16:04:19
600740,sh,山西焦化,2026-06-15,2026-06-15 16:04:19
600741,sh,华域汽车,2026-06-15,2026-06-15 16:04:19
600742,sh,富维股份,2026-06-15,2026-06-15 16:04:19
600743,sh,华远控股,2026-06-15,2026-06-15 16:04:19
600744,sh,华银电力,2026-06-15,2026-06-15 16:04:19
600745,sh,*ST闻泰,2026-06-15,2026-06-15 16:04:19
600746,sh,江苏索普,2026-06-15,2026-06-15 16:04:19
600748,sh,上实发展,2026-06-15,2026-06-15 16:04:19
600749,sh,西藏旅游,2026-06-15,2026-06-15 16:04:19
600750,sh,华润江中,2026-06-15,2026-06-15 16:04:19
600751,sh,海航科技,2026-06-15,2026-06-15 16:04:19
600753,sh,*ST海钦,2026-06-15,2026-06-15 16:04:19
600754,sh,锦江酒店,2026-06-15,2026-06-15 16:04:19
600755,sh,厦门国贸,2026-06-15,2026-06-15 16:04:19
600756,sh,浪潮软件,2026-06-15,2026-06-15 16:04:19
600757,sh,长江传媒,2026-06-15,2026-06-15 16:04:19
600758,sh,辽宁能源,2026-06-15,2026-06-15 16:04:19
600759,sh,ST洲际,2026-06-15,2026-06-15 16:04:19
600760,sh,中航沈飞,2026-06-15,2026-06-15 16:04:19
600761,sh,安徽合力,2026-06-15,2026-06-15 16:04:19
600763,sh,通策医疗,2026-06-15,2026-06-15 16:04:19
600764,sh,中国海防,2026-06-15,2026-06-15 16:04:19
600765,sh,中航重机,2026-06-15,2026-06-15 16:04:19
600768,sh,宁波富邦,2026-06-15,2026-06-15 16:04:19
600769,sh,祥龙电业,2026-06-15,2026-06-15 16:04:19
600770,sh,综艺股份,2026-06-15,2026-06-15 16:04:19
600771,sh,广誉远,2026-06-15,2026-06-15 16:04:19
600773,sh,西藏城投,2026-06-15,2026-06-15 16:04:19
600774,sh,汉商集团,2026-06-15,2026-06-15 16:04:19
600775,sh,南京熊猫,2026-06-15,2026-06-15 16:04:19
600776,sh,东方通信,2026-06-15,2026-06-15 16:04:19
600777,sh,*ST新潮,2026-06-15,2026-06-15 16:04:19
600778,sh,友好集团,2026-06-15,2026-06-15 16:04:19
600779,sh,水井坊,2026-06-15,2026-06-15 16:04:19
600780,sh,通宝能源,2026-06-15,2026-06-15 16:04:19
600782,sh,新钢股份,2026-06-15,2026-06-15 16:04:19
600783,sh,鲁信创投,2026-06-15,2026-06-15 16:04:19
600784,sh,鲁银投资,2026-06-15,2026-06-15 16:04:19
600785,sh,新华百货,2026-06-15,2026-06-15 16:04:19
600787,sh,中储股份,2026-06-15,2026-06-15 16:04:19
600789,sh,鲁抗医药,2026-06-15,2026-06-15 16:04:19
600790,sh,轻纺城,2026-06-15,2026-06-15 16:04:19
600791,sh,京能置业,2026-06-15,2026-06-15 16:04:19
600792,sh,云煤能源,2026-06-15,2026-06-15 16:04:19
600793,sh,宜宾纸业,2026-06-15,2026-06-15 16:04:19
600794,sh,保税科技,2026-06-15,2026-06-15 16:04:19
600795,sh,国电电力,2026-06-15,2026-06-15 16:04:19
600796,sh,钱江生化,2026-06-15,2026-06-15 16:04:19
600797,sh,浙大网新,2026-06-15,2026-06-15 16:04:19
600798,sh,宁波海运,2026-06-15,2026-06-15 16:04:19
600800,sh,渤海化学,2026-06-15,2026-06-15 16:04:19
600801,sh,华新建材,2026-06-15,2026-06-15 16:04:19
600802,sh,福建水泥,2026-06-15,2026-06-15 16:04:19
600803,sh,新奥股份,2026-06-15,2026-06-15 16:04:19
600805,sh,悦达投资,2026-06-15,2026-06-15 16:04:19
600807,sh,济高发展,2026-06-15,2026-06-15 16:04:19
600808,sh,马钢股份,2026-06-15,2026-06-15 16:04:19
600809,sh,山西汾酒,2026-06-15,2026-06-15 16:04:19
600810,sh,神马股份,2026-06-15,2026-06-15 16:04:19
600812,sh,华北制药,2026-06-15,2026-06-15 16:04:19
600814,sh,杭州解百,2026-06-15,2026-06-15 16:04:19
600815,sh,厦工股份,2026-06-15,2026-06-15 16:04:19
600816,sh,建元信托,2026-06-15,2026-06-15 16:04:19
600817,sh,宇通重工,2026-06-15,2026-06-15 16:04:19
600818,sh,ST中路,2026-06-15,2026-06-15 16:04:19
600819,sh,耀皮玻璃,2026-06-15,2026-06-15 16:04:19
600820,sh,隧道股份,2026-06-15,2026-06-15 16:04:19
600821,sh,金开新能,2026-06-15,2026-06-15 16:04:19
600822,sh,上海物贸,2026-06-15,2026-06-15 16:04:19
600824,sh,益民集团,2026-06-15,2026-06-15 16:04:19
600825,sh,新华传媒,2026-06-15,2026-06-15 16:04:19
600826,sh,兰生股份,2026-06-15,2026-06-15 16:04:19
600827,sh,百联股份,2026-06-15,2026-06-15 16:04:19
600828,sh,茂业商业,2026-06-15,2026-06-15 16:04:19
600829,sh,人民同泰,2026-06-15,2026-06-15 16:04:19
600830,sh,香溢融通,2026-06-15,2026-06-15 16:04:19
600831,sh,广电网络,2026-06-15,2026-06-15 16:04:19
600833,sh,第一医药,2026-06-15,2026-06-15 16:04:19
600834,sh,申通地铁,2026-06-15,2026-06-15 16:04:19
600835,sh,上海机电,2026-06-15,2026-06-15 16:04:19
600838,sh,上海九百,2026-06-15,2026-06-15 16:04:19
600839,sh,四川长虹,2026-06-15,2026-06-15 16:04:19
600841,sh,动力新科,2026-06-15,2026-06-15 16:04:19
600843,sh,上工申贝,2026-06-15,2026-06-15 16:04:19
600844,sh,金煤科技,2026-06-15,2026-06-15 16:04:19
600845,sh,宝信软件,2026-06-15,2026-06-15 16:04:19
600846,sh,同济科技,2026-06-15,2026-06-15 16:04:19
600847,sh,万里股份,2026-06-15,2026-06-15 16:04:19
600848,sh,上海临港,2026-06-15,2026-06-15 16:04:19
600850,sh,电科数字,2026-06-15,2026-06-15 16:04:19
600851,sh,海欣股份,2026-06-15,2026-06-15 16:04:19
600853,sh,龙建股份,2026-06-15,2026-06-15 16:04:19
600854,sh,春兰股份,2026-06-15,2026-06-15 16:04:19
600855,sh,航天长峰,2026-06-15,2026-06-15 16:04:19
600857,sh,宁波中百,2026-06-15,2026-06-15 16:04:19
600858,sh,银座股份,2026-06-15,2026-06-15 16:04:19
600859,sh,王府井,2026-06-15,2026-06-15 16:04:19
600860,sh,京城股份,2026-06-15,2026-06-15 16:04:19
600861,sh,北京人力,2026-06-15,2026-06-15 16:04:19
600862,sh,中航高科,2026-06-15,2026-06-15 16:04:19
600863,sh,华能蒙电,2026-06-15,2026-06-15 16:04:19
600864,sh,哈投股份,2026-06-15,2026-06-15 16:04:19
600865,sh,百大集团,2026-06-15,2026-06-15 16:04:19
600866,sh,星湖科技,2026-06-15,2026-06-15 16:04:19
600867,sh,通化东宝,2026-06-15,2026-06-15 16:04:19
600868,sh,梅雁吉祥,2026-06-15,2026-06-15 16:04:19
600869,sh,远东股份,2026-06-15,2026-06-15 16:04:19
600871,sh,石化油服,2026-06-15,2026-06-15 16:04:19
600872,sh,中炬高新,2026-06-15,2026-06-15 16:04:19
600873,sh,梅花生物,2026-06-15,2026-06-15 16:04:19
600874,sh,创业环保,2026-06-15,2026-06-15 16:04:19
600875,sh,东方电气,2026-06-15,2026-06-15 16:04:19
600876,sh,凯盛新能,2026-06-15,2026-06-15 16:04:19
600877,sh,电科芯片,2026-06-15,2026-06-15 16:04:19
600879,sh,航天电子,2026-06-15,2026-06-15 16:04:19
600880,sh,博瑞传播,2026-06-15,2026-06-15 16:04:19
600881,sh,亚泰集团,2026-06-15,2026-06-15 16:04:19
600882,sh,妙可蓝多,2026-06-15,2026-06-15 16:04:19
600883,sh,博闻科技,2026-06-15,2026-06-15 16:04:19
600884,sh,杉杉股份,2026-06-15,2026-06-15 16:04:19
600885,sh,宏发股份,2026-06-15,2026-06-15 16:04:19
600886,sh,国投电力,2026-06-15,2026-06-15 16:04:19
600887,sh,伊利股份,2026-06-15,2026-06-15 16:04:19
600888,sh,新疆众和,2026-06-15,2026-06-15 16:04:19
600889,sh,*ST京化,2026-06-15,2026-06-15 16:04:19
600892,sh,*ST大晟,2026-06-15,2026-06-15 16:04:19
600893,sh,航发动力,2026-06-15,2026-06-15 16:04:19
600894,sh,广日股份,2026-06-15,2026-06-15 16:04:19
600895,sh,张江高科,2026-06-15,2026-06-15 16:04:19
600897,sh,厦门空港,2026-06-15,2026-06-15 16:04:19
600900,sh,长江电力,2026-06-15,2026-06-15 16:04:19
600901,sh,江苏金租,2026-06-15,2026-06-15 16:04:19
600903,sh,贵州燃气,2026-06-15,2026-06-15 16:04:19
600905,sh,三峡能源,2026-06-15,2026-06-15 16:04:19
600906,sh,财达证券,2026-06-15,2026-06-15 16:04:19
600908,sh,无锡银行,2026-06-15,2026-06-15 16:04:19
600909,sh,华安证券,2026-06-15,2026-06-15 16:04:19
600916,sh,中国黄金,2026-06-15,2026-06-15 16:04:19
600917,sh,重庆燃气,2026-06-15,2026-06-15 16:04:19
600918,sh,中泰证券,2026-06-15,2026-06-15 16:04:19
600919,sh,江苏银行,2026-06-15,2026-06-15 16:04:19
600925,sh,苏能股份,2026-06-15,2026-06-15 16:04:19
600926,sh,杭州银行,2026-06-15,2026-06-15 16:04:19
600927,sh,永安期货,2026-06-15,2026-06-15 16:04:19
600928,sh,西安银行,2026-06-15,2026-06-15 16:04:19
600929,sh,雪天盐业,2026-06-15,2026-06-15 16:04:19
600930,sh,华电新能,2026-06-15,2026-06-15 16:04:19
600933,sh,爱柯迪,2026-06-15,2026-06-15 16:04:19
600935,sh,华塑股份,2026-06-15,2026-06-15 16:04:19
600936,sh,北投科技,2026-06-15,2026-06-15 16:04:19
600938,sh,中国海油,2026-06-15,2026-06-15 16:04:19
600939,sh,重庆建工,2026-06-15,2026-06-15 16:04:19
600941,sh,中国移动,2026-06-15,2026-06-15 16:04:19
600955,sh,维远股份,2026-06-15,2026-06-15 16:04:19
600956,sh,新天绿能,2026-06-15,2026-06-15 16:04:19
600958,sh,东方证券,2026-06-15,2026-06-15 16:04:19
600959,sh,江苏有线,2026-06-15,2026-06-15 16:04:19
600960,sh,渤海汽车,2026-06-15,2026-06-15 16:04:19
600961,sh,株冶集团,2026-06-15,2026-06-15 16:04:19
600962,sh,国投中鲁,2026-06-15,2026-06-15 16:04:19
600963,sh,岳阳林纸,2026-06-15,2026-06-15 16:04:19
600965,sh,*ST福成,2026-06-15,2026-06-15 16:04:19
600966,sh,博汇纸业,2026-06-15,2026-06-15 16:04:19
600967,sh,内蒙一机,2026-06-15,2026-06-15 16:04:19
600968,sh,海油发展,2026-06-15,2026-06-15 16:04:19
600969,sh,郴电国际,2026-06-15,2026-06-15 16:04:19
600970,sh,中材国际,2026-06-15,2026-06-15 16:04:19
600971,sh,恒源煤电,2026-06-15,2026-06-15 16:04:19
600973,sh,宝胜股份,2026-06-15,2026-06-15 16:04:19
600975,sh,新五丰,2026-06-15,2026-06-15 16:04:19
600976,sh,健民集团,2026-06-15,2026-06-15 16:04:19
600977,sh,中国电影,2026-06-15,2026-06-15 16:04:19
600979,sh,广安爱众,2026-06-15,2026-06-15 16:04:19
600980,sh,北矿科技,2026-06-15,2026-06-15 16:04:19
600981,sh,苏豪汇鸿,2026-06-15,2026-06-15 16:04:19
600982,sh,宁波能源,2026-06-15,2026-06-15 16:04:19
600983,sh,惠而浦,2026-06-15,2026-06-15 16:04:19
600984,sh,建设机械,2026-06-15,2026-06-15 16:04:19
600985,sh,淮北矿业,2026-06-15,2026-06-15 16:04:19
600986,sh,浙文互联,2026-06-15,2026-06-15 16:04:19
600987,sh,航民股份,2026-06-15,2026-06-15 16:04:19
600988,sh,赤峰黄金,2026-06-15,2026-06-15 16:04:19
600989,sh,宝丰能源,2026-06-15,2026-06-15 16:04:19
600990,sh,四创电子,2026-06-15,2026-06-15 16:04:19
600992,sh,贵绳股份,2026-06-15,2026-06-15 16:04:19
600993,sh,马应龙,2026-06-15,2026-06-15 16:04:19
600995,sh,南网储能,2026-06-15,2026-06-15 16:04:19
600996,sh,贵广网络,2026-06-15,2026-06-15 16:04:19
600997,sh,开滦股份,2026-06-15,2026-06-15 16:04:19
600998,sh,九州通,2026-06-15,2026-06-15 16:04:19
600999,sh,招商证券,2026-06-15,2026-06-15 16:04:19
601000,sh,唐山港,2026-06-15,2026-06-15 16:04:19
601001,sh,晋控煤业,2026-06-15,2026-06-15 16:04:19
601002,sh,晋亿实业,2026-06-15,2026-06-15 16:04:19
601003,sh,柳钢股份,2026-06-15,2026-06-15 16:04:19
601005,sh,重庆钢铁,2026-06-15,2026-06-15 16:04:19
601006,sh,大秦铁路,2026-06-15,2026-06-15 16:04:19
601007,sh,金陵饭店,2026-06-15,2026-06-15 16:04:19
601008,sh,连云港,2026-06-15,2026-06-15 16:04:19
601009,sh,南京银行,2026-06-15,2026-06-15 16:04:19
601010,sh,ST文峰,2026-06-15,2026-06-15 16:04:19
601011,sh,宝泰隆,2026-06-15,2026-06-15 16:04:19
601012,sh,隆基绿能,2026-06-15,2026-06-15 16:04:19
601015,sh,陕西黑猫,2026-06-15,2026-06-15 16:04:19
601016,sh,节能风电,2026-06-15,2026-06-15 16:04:19
601018,sh,宁波港,2026-06-15,2026-06-15 16:04:19
601019,sh,山东出版,2026-06-15,2026-06-15 16:04:19
601020,sh,华钰矿业,2026-06-15,2026-06-15 16:04:19
601021,sh,春秋航空,2026-06-15,2026-06-15 16:04:19
601022,sh,宁波远洋,2026-06-15,2026-06-15 16:04:19
601026,sh,道生天合,2026-06-15,2026-06-15 16:04:19
601033,sh,永兴股份,2026-06-15,2026-06-15 16:04:19
601038,sh,一拖股份,2026-06-15,2026-06-15 16:04:19
601058,sh,赛轮轮胎,2026-06-15,2026-06-15 16:04:19
601059,sh,信达证券,2026-06-15,2026-06-15 16:04:19
601061,sh,中信金属,2026-06-15,2026-06-15 16:04:19
601065,sh,江盐集团,2026-06-15,2026-06-15 16:04:19
601066,sh,中信建投,2026-06-15,2026-06-15 16:04:19
601068,sh,中铝国际,2026-06-15,2026-06-15 16:04:19
601069,sh,西部黄金,2026-06-15,2026-06-15 16:04:19
601077,sh,渝农商行,2026-06-15,2026-06-15 16:04:19
601083,sh,锦江航运,2026-06-15,2026-06-15 16:04:19
601086,sh,国芳集团,2026-06-15,2026-06-15 16:04:19
601088,sh,中国神华,2026-06-15,2026-06-15 16:04:19
601089,sh,福元医药,2026-06-15,2026-06-15 16:04:19
601096,sh,宏盛华源,2026-06-15,2026-06-15 16:04:19
601098,sh,中南传媒,2026-06-15,2026-06-15 16:04:19
601099,sh,太平洋,2026-06-15,2026-06-15 16:04:19
601100,sh,恒立液压,2026-06-15,2026-06-15 16:04:19
601101,sh,昊华能源,2026-06-15,2026-06-15 16:04:19
601106,sh,中国一重,2026-06-15,2026-06-15 16:04:19
601107,sh,四川成渝,2026-06-15,2026-06-15 16:04:19
601108,sh,财通证券,2026-06-15,2026-06-15 16:04:19
601111,sh,中国国航,2026-06-15,2026-06-15 16:04:19
601112,sh,振石股份,2026-06-15,2026-06-15 16:04:19
601113,sh,华鼎股份,2026-06-15,2026-06-15 16:04:19
601116,sh,三江购物,2026-06-15,2026-06-15 16:04:19
601117,sh,中国化学,2026-06-15,2026-06-15 16:04:19
601118,sh,海南橡胶,2026-06-15,2026-06-15 16:04:19
601121,sh,宝地矿业,2026-06-15,2026-06-15 16:04:19
601126,sh,四方股份,2026-06-15,2026-06-15 16:04:19
601127,sh,赛力斯,2026-06-15,2026-06-15 16:04:19
601128,sh,常熟银行,2026-06-15,2026-06-15 16:04:19
601133,sh,柏诚股份,2026-06-15,2026-06-15 16:04:19
601136,sh,首创证券,2026-06-15,2026-06-15 16:04:19
601137,sh,博威合金,2026-06-15,2026-06-15 16:04:19
601138,sh,工业富联,2026-06-15,2026-06-15 16:04:19
601139,sh,深圳燃气,2026-06-15,2026-06-15 16:04:19
601155,sh,新城控股,2026-06-15,2026-06-15 16:04:19
601156,sh,东航物流,2026-06-15,2026-06-15 16:04:19
601158,sh,重庆水务,2026-06-15,2026-06-15 16:04:19
601162,sh,天风证券,2026-06-15,2026-06-15 16:04:19
601163,sh,三角轮胎,2026-06-15,2026-06-15 16:04:19
601166,sh,兴业银行,2026-06-15,2026-06-15 16:04:19
601168,sh,西部矿业,2026-06-15,2026-06-15 16:04:19
601169,sh,北京银行,2026-06-15,2026-06-15 16:04:19
601177,sh,杭齿前进,2026-06-15,2026-06-15 16:04:19
601179,sh,中国西电,2026-06-15,2026-06-15 16:04:19
601186,sh,中国铁建,2026-06-15,2026-06-15 16:04:19
601187,sh,厦门银行,2026-06-15,2026-06-15 16:04:19
601188,sh,龙江交通,2026-06-15,2026-06-15 16:04:19
601198,sh,东兴证券,2026-06-15,2026-06-15 16:04:19
601199,sh,江南水务,2026-06-15,2026-06-15 16:04:19
601200,sh,上海环境,2026-06-15,2026-06-15 16:04:19
601208,sh,东材科技,2026-06-15,2026-06-15 16:04:19
601211,sh,国泰海通,2026-06-15,2026-06-15 16:04:19
601212,sh,白银有色,2026-06-15,2026-06-15 16:04:19
601216,sh,君正集团,2026-06-15,2026-06-15 16:04:19
601218,sh,吉鑫科技,2026-06-15,2026-06-15 16:04:19
601222,sh,林洋能源,2026-06-15,2026-06-15 16:04:19
601225,sh,陕西煤业,2026-06-15,2026-06-15 16:04:19
601226,sh,华电科工,2026-06-15,2026-06-15 16:04:19
601228,sh,广州港,2026-06-15,2026-06-15 16:04:19
601229,sh,上海银行,2026-06-15,2026-06-15 16:04:19
601231,sh,环旭电子,2026-06-15,2026-06-15 16:04:19
601233,sh,桐昆股份,2026-06-15,2026-06-15 16:04:19
601236,sh,红塔证券,2026-06-15,2026-06-15 16:04:19
601238,sh,广汽集团,2026-06-15,2026-06-15 16:04:19
601279,sh,英利汽车,2026-06-15,2026-06-15 16:04:19
601288,sh,农业银行,2026-06-15,2026-06-15 16:04:19
601298,sh,青岛港,2026-06-15,2026-06-15 16:04:19
601311,sh,骆驼股份,2026-06-15,2026-06-15 16:04:19
601318,sh,中国平安,2026-06-15,2026-06-15 16:04:19
601319,sh,中国人保,2026-06-15,2026-06-15 16:04:19
601326,sh,秦港股份,2026-06-15,2026-06-15 16:04:19
601328,sh,交通银行,2026-06-15,2026-06-15 16:04:19
601330,sh,绿色动力,2026-06-15,2026-06-15 16:04:19
601333,sh,广深铁路,2026-06-15,2026-06-15 16:04:19
601336,sh,新华保险,2026-06-15,2026-06-15 16:04:19
601339,sh,百隆东方,2026-06-15,2026-06-15 16:04:19
601360,sh,三六零,2026-06-15,2026-06-15 16:04:19
601366,sh,利群股份,2026-06-15,2026-06-15 16:04:19
601368,sh,绿城水务,2026-06-15,2026-06-15 16:04:19
601369,sh,陕鼓动力,2026-06-15,2026-06-15 16:04:19
601375,sh,中原证券,2026-06-15,2026-06-15 16:04:19
601377,sh,兴业证券,2026-06-15,2026-06-15 16:04:19
601388,sh,怡球资源,2026-06-15,2026-06-15 16:04:19
601390,sh,中国中铁,2026-06-15,2026-06-15 16:04:19
601398,sh,工商银行,2026-06-15,2026-06-15 16:04:19
601399,sh,国机重装,2026-06-15,2026-06-15 16:04:19
601456,sh,国联民生,2026-06-15,2026-06-15 16:04:19
601500,sh,通用股份,2026-06-15,2026-06-15 16:04:19
601512,sh,中新集团,2026-06-15,2026-06-15 16:04:19
601515,sh,衢州东峰,2026-06-15,2026-06-15 16:04:19
601518,sh,吉林高速,2026-06-15,2026-06-15 16:04:19
601519,sh,大智慧,2026-06-15,2026-06-15 16:04:19
601528,sh,瑞丰银行,2026-06-15,2026-06-15 16:04:19
601555,sh,东吴证券,2026-06-15,2026-06-15 16:04:19
601566,sh,九牧王,2026-06-15,2026-06-15 16:04:19
601567,sh,三星电气,2026-06-15,2026-06-15 16:04:19
601568,sh,北元化工,2026-06-15,2026-06-15 16:04:19
601577,sh,长沙银行,2026-06-15,2026-06-15 16:04:19
601579,sh,会稽山,2026-06-15,2026-06-15 16:04:19
601588,sh,北辰实业,2026-06-15,2026-06-15 16:04:19
601595,sh,上海电影,2026-06-15,2026-06-15 16:04:19
601598,sh,中国外运,2026-06-15,2026-06-15 16:04:19
601599,sh,浙文影业,2026-06-15,2026-06-15 16:04:19
601600,sh,中国铝业,2026-06-15,2026-06-15 16:04:19
601601,sh,中国太保,2026-06-15,2026-06-15 16:04:19
601606,sh,长城军工,2026-06-15,2026-06-15 16:04:19
601607,sh,上海医药,2026-06-15,2026-06-15 16:04:19
601608,sh,中信重工,2026-06-15,2026-06-15 16:04:19
601609,sh,金田股份,2026-06-15,2026-06-15 16:04:19
601611,sh,中国核建,2026-06-15,2026-06-15 16:04:19
601615,sh,明阳智能,2026-06-15,2026-06-15 16:04:19
601616,sh,广电电气,2026-06-15,2026-06-15 16:04:19
601618,sh,中国中冶,2026-06-15,2026-06-15 16:04:19
601619,sh,嘉泽新能,2026-06-15,2026-06-15 16:04:19
601628,sh,中国人寿,2026-06-15,2026-06-15 16:04:19
601633,sh,长城汽车,2026-06-15,2026-06-15 16:04:19
601636,sh,旗滨集团,2026-06-15,2026-06-15 16:04:19
601658,sh,邮储银行,2026-06-15,2026-06-15 16:04:19
601665,sh,齐鲁银行,2026-06-15,2026-06-15 16:04:19
601666,sh,平煤股份,2026-06-15,2026-06-15 16:04:19
601668,sh,中国建筑,2026-06-15,2026-06-15 16:04:19
601669,sh,中国电建,2026-06-15,2026-06-15 16:04:19
601677,sh,明泰铝业,2026-06-15,2026-06-15 16:04:19
601678,sh,滨化股份,2026-06-15,2026-06-15 16:04:19
601686,sh,友发集团,2026-06-15,2026-06-15 16:04:19
601688,sh,华泰证券,2026-06-15,2026-06-15 16:04:19
601689,sh,拓普集团,2026-06-15,2026-06-15 16:04:19
601696,sh,中银证券,2026-06-15,2026-06-15 16:04:19
601698,sh,中国卫通,2026-06-15,2026-06-15 16:04:19
601699,sh,潞安环能,2026-06-15,2026-06-15 16:04:19
601700,sh,风范股份,2026-06-15,2026-06-15 16:04:19
601702,sh,华峰铝业,2026-06-15,2026-06-15 16:04:19
601717,sh,中创智领,2026-06-15,2026-06-15 16:04:19
601718,sh,ST际华,2026-06-15,2026-06-15 16:04:19
601727,sh,上海电气,2026-06-15,2026-06-15 16:04:19
601728,sh,中国电信,2026-06-15,2026-06-15 16:04:19
601766,sh,中国中车,2026-06-15,2026-06-15 16:04:19
601777,sh,千里科技,2026-06-15,2026-06-15 16:04:19
601778,sh,晶科科技,2026-06-15,2026-06-15 16:04:19
601788,sh,光大证券,2026-06-15,2026-06-15 16:04:19
601789,sh,宁波建工,2026-06-15,2026-06-15 16:04:19
601798,sh,蓝科高新,2026-06-15,2026-06-15 16:04:19
601799,sh,星宇股份,2026-06-15,2026-06-15 16:04:19
601800,sh,中国交建,2026-06-15,2026-06-15 16:04:19
601801,sh,皖新传媒,2026-06-15,2026-06-15 16:04:19
601808,sh,中海油服,2026-06-15,2026-06-15 16:04:19
601811,sh,新华文轩,2026-06-15,2026-06-15 16:04:19
601816,sh,京沪高铁,2026-06-15,2026-06-15 16:04:19
601818,sh,光大银行,2026-06-15,2026-06-15 16:04:19
601825,sh,沪农商行,2026-06-15,2026-06-15 16:04:19
601827,sh,三峰环境,2026-06-15,2026-06-15 16:04:19
601828,sh,美凯龙,2026-06-15,2026-06-15 16:04:19
601838,sh,成都银行,2026-06-15,2026-06-15 16:04:19
601857,sh,中国石油,2026-06-15,2026-06-15 16:04:19
601858,sh,中国科传,2026-06-15,2026-06-15 16:04:19
601860,sh,紫金银行,2026-06-15,2026-06-15 16:04:19
601865,sh,福莱特,2026-06-15,2026-06-15 16:04:19
601866,sh,中远海发,2026-06-15,2026-06-15 16:04:19
601868,sh,中国能建,2026-06-15,2026-06-15 16:04:19
601869,sh,长飞光纤,2026-06-15,2026-06-15 16:04:19
601872,sh,招商轮船,2026-06-15,2026-06-15 16:04:19
601877,sh,正泰电器,2026-06-15,2026-06-15 16:04:19
601878,sh,浙商证券,2026-06-15,2026-06-15 16:04:19
601880,sh,辽港股份,2026-06-15,2026-06-15 16:04:19
601881,sh,中国银河,2026-06-15,2026-06-15 16:04:19
601882,sh,海天精工,2026-06-15,2026-06-15 16:04:19
601886,sh,江河集团,2026-06-15,2026-06-15 16:04:19
601888,sh,中国中免,2026-06-15,2026-06-15 16:04:19
601890,sh,亚星锚链,2026-06-15,2026-06-15 16:04:19
601898,sh,中煤能源,2026-06-15,2026-06-15 16:04:19
601899,sh,紫金矿业,2026-06-15,2026-06-15 16:04:19
601900,sh,南方传媒,2026-06-15,2026-06-15 16:04:19
601901,sh,方正证券,2026-06-15,2026-06-15 16:04:19
601908,sh,京运通,2026-06-15,2026-06-15 16:04:19
601916,sh,浙商银行,2026-06-15,2026-06-15 16:04:19
601918,sh,新集能源,2026-06-15,2026-06-15 16:04:19
601919,sh,中远海控,2026-06-15,2026-06-15 16:04:19
601921,sh,浙版传媒,2026-06-15,2026-06-15 16:04:19
601928,sh,凤凰传媒,2026-06-15,2026-06-15 16:04:19
601929,sh,吉视传媒,2026-06-15,2026-06-15 16:04:19
601933,sh,永辉超市,2026-06-15,2026-06-15 16:04:19
601939,sh,建设银行,2026-06-15,2026-06-15 16:04:19
601949,sh,中国出版,2026-06-15,2026-06-15 16:04:19
601952,sh,苏垦农发,2026-06-15,2026-06-15 16:04:19
601956,sh,东贝集团,2026-06-15,2026-06-15 16:04:19
601958,sh,金钼股份,2026-06-15,2026-06-15 16:04:19
601963,sh,重庆银行,2026-06-15,2026-06-15 16:04:19
601965,sh,中国汽研,2026-06-15,2026-06-15 16:04:19
601966,sh,玲珑轮胎,2026-06-15,2026-06-15 16:04:19
601968,sh,宝钢包装,2026-06-15,2026-06-15 16:04:19
601969,sh,海南矿业,2026-06-15,2026-06-15 16:04:19
601975,sh,招商南油,2026-06-15,2026-06-15 16:04:19
601985,sh,中国核电,2026-06-15,2026-06-15 16:04:19
601988,sh,中国银行,2026-06-15,2026-06-15 16:04:19
601990,sh,南京证券,2026-06-15,2026-06-15 16:04:19
601991,sh,大唐发电,2026-06-15,2026-06-15 16:04:19
601992,sh,金隅集团,2026-06-15,2026-06-15 16:04:19
601995,sh,中金公司,2026-06-15,2026-06-15 16:04:19
601996,sh,丰林集团,2026-06-15,2026-06-15 16:04:19
601997,sh,贵阳银行,2026-06-15,2026-06-15 16:04:19
601998,sh,中信银行,2026-06-15,2026-06-15 16:04:19
601999,sh,出版传媒,2026-06-15,2026-06-15 16:04:19
603000,sh,人民网,2026-06-15,2026-06-15 16:04:19
603001,sh,奥康国际,2026-06-15,2026-06-15 16:04:19
603002,sh,宏昌电子,2026-06-15,2026-06-15 16:04:19
603004,sh,鼎龙科技,2026-06-15,2026-06-15 16:04:19
603005,sh,晶方科技,2026-06-15,2026-06-15 16:04:19
603006,sh,联明股份,2026-06-15,2026-06-15 16:04:19
603007,sh,顺景科技,2026-06-15,2026-06-15 16:04:19
603008,sh,ST喜临门,2026-06-15,2026-06-15 16:04:19
603009,sh,北特科技,2026-06-15,2026-06-15 16:04:19
603010,sh,万盛股份,2026-06-15,2026-06-15 16:04:19
603011,sh,合锻智能,2026-06-15,2026-06-15 16:04:19
603012,sh,创力集团,2026-06-15,2026-06-15 16:04:19
603013,sh,亚普股份,2026-06-15,2026-06-15 16:04:19
603014,sh,威高血净,2026-06-15,2026-06-15 16:04:19
603015,sh,弘讯科技,2026-06-15,2026-06-15 16:04:19
603016,sh,新宏泰,2026-06-15,2026-06-15 16:04:19
603017,sh,中衡设计,2026-06-15,2026-06-15 16:04:19
603018,sh,华设集团,2026-06-15,2026-06-15 16:04:19
603019,sh,中科曙光,2026-06-15,2026-06-15 16:04:19
603020,sh,爱普股份,2026-06-15,2026-06-15 16:04:19
603021,sh,*ST华鹏,2026-06-15,2026-06-15 16:04:19
603022,sh,新通联,2026-06-15,2026-06-15 16:04:19
603023,sh,威帝股份,2026-06-15,2026-06-15 16:04:19
603025,sh,大豪科技,2026-06-15,2026-06-15 16:04:19
603026,sh,石大胜华,2026-06-15,2026-06-15 16:04:19
603027,sh,千禾味业,2026-06-15,2026-06-15 16:04:19
603028,sh,赛福天,2026-06-15,2026-06-15 16:04:19
603029,sh,天鹅股份,2026-06-15,2026-06-15 16:04:19
603030,sh,全筑股份,2026-06-15,2026-06-15 16:04:19
603031,sh,安孚科技,2026-06-15,2026-06-15 16:04:19
603032,sh,德新科技,2026-06-15,2026-06-15 16:04:19
603033,sh,三维股份,2026-06-15,2026-06-15 16:04:19
603035,sh,常熟汽饰,2026-06-15,2026-06-15 16:04:19
603036,sh,如通股份,2026-06-15,2026-06-15 16:04:19
603037,sh,凯众股份,2026-06-15,2026-06-15 16:04:19
603038,sh,华立股份,2026-06-15,2026-06-15 16:04:19
603039,sh,泛微网络,2026-06-15,2026-06-15 16:04:19
603040,sh,新坐标,2026-06-15,2026-06-15 16:04:19
603041,sh,美思德,2026-06-15,2026-06-15 16:04:19
603042,sh,华脉科技,2026-06-15,2026-06-15 16:04:19
603043,sh,广州酒家,2026-06-15,2026-06-15 16:04:19
603045,sh,福达合金,2026-06-15,2026-06-15 16:04:19
603048,sh,浙江黎明,2026-06-15,2026-06-15 16:04:19
603049,sh,中策橡胶,2026-06-15,2026-06-15 16:04:19
603050,sh,科林电气,2026-06-15,2026-06-15 16:04:19
603051,sh,鹿山新材,2026-06-15,2026-06-15 16:04:19
603052,sh,可川科技,2026-06-15,2026-06-15 16:04:19
603053,sh,成都燃气,2026-06-15,2026-06-15 16:04:19
603055,sh,台华新材,2026-06-15,2026-06-15 16:04:19
603057,sh,紫燕食品,2026-06-15,2026-06-15 16:04:19
603058,sh,永吉股份,2026-06-15,2026-06-15 16:04:19
603059,sh,倍加洁,2026-06-15,2026-06-15 16:04:19
603060,sh,国检集团,2026-06-15,2026-06-15 16:04:19
603061,sh,金海通,2026-06-15,2026-06-15 16:04:19
603062,sh,麦加芯彩,2026-06-15,2026-06-15 16:04:19
603063,sh,禾望电气,2026-06-15,2026-06-15 16:04:19
603065,sh,宿迁联盛,2026-06-15,2026-06-15 16:04:19
603066,sh,音飞储存,2026-06-15,2026-06-15 16:04:19
603067,sh,振华股份,2026-06-15,2026-06-15 16:04:19
603068,sh,博通集成,2026-06-15,2026-06-15 16:04:19
603069,sh,海汽集团,2026-06-15,2026-06-15 16:04:19
603070,sh,万控智造,2026-06-15,2026-06-15 16:04:19
603071,sh,物产环能,2026-06-15,2026-06-15 16:04:19
603072,sh,天和磁材,2026-06-15,2026-06-15 16:04:19
603073,sh,彩蝶实业,2026-06-15,2026-06-15 16:04:19
603075,sh,热威股份,2026-06-15,2026-06-15 16:04:19
603076,sh,乐惠国际,2026-06-15,2026-06-15 16:04:19
603077,sh,和邦生物,2026-06-15,2026-06-15 16:04:19
603078,sh,江化微,2026-06-15,2026-06-15 16:04:19
603079,sh,圣达生物,2026-06-15,2026-06-15 16:04:19
603080,sh,新疆火炬,2026-06-15,2026-06-15 16:04:19
603081,sh,大丰实业,2026-06-15,2026-06-15 16:04:19
603082,sh,北自科技,2026-06-15,2026-06-15 16:04:19
603083,sh,剑桥科技,2026-06-15,2026-06-15 16:04:19
603085,sh,天成自控,2026-06-15,2026-06-15 16:04:19
603086,sh,先达股份,2026-06-15,2026-06-15 16:04:19
603087,sh,甘李药业,2026-06-15,2026-06-15 16:04:19
603088,sh,宁波精达,2026-06-15,2026-06-15 16:04:19
603089,sh,正裕工业,2026-06-15,2026-06-15 16:04:19
603090,sh,宏盛股份,2026-06-15,2026-06-15 16:04:19
603091,sh,众鑫股份,2026-06-15,2026-06-15 16:04:19
603092,sh,德力佳,2026-06-15,2026-06-15 16:04:19
603093,sh,南华期货,2026-06-15,2026-06-15 16:04:19
603095,sh,越剑智能,2026-06-15,2026-06-15 16:04:19
603096,sh,新经典,2026-06-15,2026-06-15 16:04:19
603097,sh,江苏华辰,2026-06-15,2026-06-15 16:04:19
603098,sh,森特股份,2026-06-15,2026-06-15 16:04:19
603099,sh,长白山,2026-06-15,2026-06-15 16:04:19
603100,sh,川仪股份,2026-06-15,2026-06-15 16:04:19
603101,sh,汇嘉时代,2026-06-15,2026-06-15 16:04:19
603102,sh,百合股份,2026-06-15,2026-06-15 16:04:19
603103,sh,横店影视,2026-06-15,2026-06-15 16:04:19
603105,sh,芯能科技,2026-06-15,2026-06-15 16:04:19
603106,sh,恒银科技,2026-06-15,2026-06-15 16:04:19
603107,sh,上海汽配,2026-06-15,2026-06-15 16:04:19
603108,sh,润达医疗,2026-06-15,2026-06-15 16:04:19
603109,sh,神驰机电,2026-06-15,2026-06-15 16:04:19
603110,sh,东方材料,2026-06-15,2026-06-15 16:04:19
603111,sh,康尼机电,2026-06-15,2026-06-15 16:04:19
603112,sh,华翔股份,2026-06-15,2026-06-15 16:04:19
603113,sh,金能科技,2026-06-15,2026-06-15 16:04:19
603115,sh,海星股份,2026-06-15,2026-06-15 16:04:19
603116,sh,红蜻蜓,2026-06-15,2026-06-15 16:04:19
603117,sh,万林物流,2026-06-15,2026-06-15 16:04:19
603118,sh,共进股份,2026-06-15,2026-06-15 16:04:19
603119,sh,浙江荣泰,2026-06-15,2026-06-15 16:04:19
603120,sh,肯特催化,2026-06-15,2026-06-15 16:04:19
603121,sh,华培动力,2026-06-15,2026-06-15 16:04:19
603122,sh,合富中国,2026-06-15,2026-06-15 16:04:19
603123,sh,翠微股份,2026-06-15,2026-06-15 16:04:19
603124,sh,江南新材,2026-06-15,2026-06-15 16:04:19
603125,sh,常青科技,2026-06-15,2026-06-15 16:04:19
603126,sh,中材节能,2026-06-15,2026-06-15 16:04:19
603127,sh,昭衍新药,2026-06-15,2026-06-15 16:04:19
603128,sh,华贸物流,2026-06-15,2026-06-15 16:04:19
603129,sh,春风动力,2026-06-15,2026-06-15 16:04:19
603130,sh,云中马,2026-06-15,2026-06-15 16:04:19
603131,sh,上海沪工,2026-06-15,2026-06-15 16:04:19
603132,sh,金徽股份,2026-06-15,2026-06-15 16:04:19
603135,sh,中重科技,2026-06-15,2026-06-15 16:04:19
603136,sh,天目湖,2026-06-15,2026-06-15 16:04:19
603137,sh,恒尚节能,2026-06-15,2026-06-15 16:04:19
603138,sh,海量数据,2026-06-15,2026-06-15 16:04:19
603139,sh,康惠股份,2026-06-15,2026-06-15 16:04:19
603150,sh,万朗磁塑,2026-06-15,2026-06-15 16:04:19
603151,sh,邦基科技,2026-06-15,2026-06-15 16:04:19
603153,sh,上海建科,2026-06-15,2026-06-15 16:04:19
603155,sh,新亚强,2026-06-15,2026-06-15 16:04:19
603156,sh,养元饮品,2026-06-15,2026-06-15 16:04:19
603158,sh,腾龙股份,2026-06-15,2026-06-15 16:04:19
603159,sh,上海亚虹,2026-06-15,2026-06-15 16:04:19
603160,sh,汇顶科技,2026-06-15,2026-06-15 16:04:19
603161,sh,科华控股,2026-06-15,2026-06-15 16:04:19
603162,sh,海通发展,2026-06-15,2026-06-15 16:04:19
603163,sh,圣晖集成,2026-06-15,2026-06-15 16:04:19
603165,sh,荣晟环保,2026-06-15,2026-06-15 16:04:19
603166,sh,福达股份,2026-06-15,2026-06-15 16:04:19
603167,sh,渤海轮渡,2026-06-15,2026-06-15 16:04:19
603168,sh,莎普爱思,2026-06-15,2026-06-15 16:04:19
603169,sh,兰石重装,2026-06-15,2026-06-15 16:04:19
603170,sh,宝立食品,2026-06-15,2026-06-15 16:04:19
603171,sh,税友股份,2026-06-15,2026-06-15 16:04:19
603172,sh,万丰股份,2026-06-15,2026-06-15 16:04:19
603173,sh,福斯达,2026-06-15,2026-06-15 16:04:19
603175,sh,超颖电子,2026-06-15,2026-06-15 16:04:19
603176,sh,汇通集团,2026-06-15,2026-06-15 16:04:19
603177,sh,德创环保,2026-06-15,2026-06-15 16:04:19
603178,sh,圣龙股份,2026-06-15,2026-06-15 16:04:19
603179,sh,新泉股份,2026-06-15,2026-06-15 16:04:19
603180,sh,金牌家居,2026-06-15,2026-06-15 16:04:19
603181,sh,皇马科技,2026-06-15,2026-06-15 16:04:19
603182,sh,嘉华股份,2026-06-15,2026-06-15 16:04:19
603183,sh,建研院,2026-06-15,2026-06-15 16:04:19
603185,sh,弘元绿能,2026-06-15,2026-06-15 16:04:19
603186,sh,华正新材,2026-06-15,2026-06-15 16:04:19
603187,sh,海容冷链,2026-06-15,2026-06-15 16:04:19
603188,sh,亚邦股份,2026-06-15,2026-06-15 16:04:19
603189,sh,*ST网达,2026-06-15,2026-06-15 16:04:19
603190,sh,亚通精工,2026-06-15,2026-06-15 16:04:19
603191,sh,望变电气,2026-06-15,2026-06-15 16:04:19
603192,sh,汇得科技,2026-06-15,2026-06-15 16:04:19
603193,sh,润本股份,2026-06-15,2026-06-15 16:04:19
603194,sh,中力股份,2026-06-15,2026-06-15 16:04:19
603195,sh,公牛集团,2026-06-15,2026-06-15 16:04:19
603196,sh,璞源材料,2026-06-15,2026-06-15 16:04:19
603197,sh,保隆科技,2026-06-15,2026-06-15 16:04:19
603198,sh,迎驾贡酒,2026-06-15,2026-06-15 16:04:19
603199,sh,九华旅游,2026-06-15,2026-06-15 16:04:19
603200,sh,上海洗霸,2026-06-15,2026-06-15 16:04:19
603201,sh,常润股份,2026-06-15,2026-06-15 16:04:19
603202,sh,天有为,2026-06-15,2026-06-15 16:04:19
603203,sh,快克智能,2026-06-15,2026-06-15 16:04:19
603205,sh,健尔康,2026-06-15,2026-06-15 16:04:19
603206,sh,嘉环科技,2026-06-15,2026-06-15 16:04:19
603207,sh,小方制药,2026-06-15,2026-06-15 16:04:19
603208,sh,江山欧派,2026-06-15,2026-06-15 16:04:19
603209,sh,兴通股份,2026-06-15,2026-06-15 16:04:19
603210,sh,泰鸿万立,2026-06-15,2026-06-15 16:04:19
603211,sh,晋拓股份,2026-06-15,2026-06-15 16:04:19
603212,sh,赛伍技术,2026-06-15,2026-06-15 16:04:19
603213,sh,镇洋发展,2026-06-15,2026-06-15 16:04:19
603214,sh,爱婴室,2026-06-15,2026-06-15 16:04:19
603215,sh,比依股份,2026-06-15,2026-06-15 16:04:19
603216,sh,梦天家居,2026-06-15,2026-06-15 16:04:19
603217,sh,元利科技,2026-06-15,2026-06-15 16:04:19
603218,sh,日月股份,2026-06-15,2026-06-15 16:04:19
603219,sh,富佳股份,2026-06-15,2026-06-15 16:04:19
603220,sh,中贝通信,2026-06-15,2026-06-15 16:04:19
603221,sh,爱丽家居,2026-06-15,2026-06-15 16:04:19
603222,sh,济民健康,2026-06-15,2026-06-15 16:04:19
603223,sh,恒通股份,2026-06-15,2026-06-15 16:04:19
603225,sh,新凤鸣,2026-06-15,2026-06-15 16:04:19
603226,sh,菲林格尔,2026-06-15,2026-06-15 16:04:19
603227,sh,雪峰科技,2026-06-15,2026-06-15 16:04:19
603228,sh,景旺电子,2026-06-15,2026-06-15 16:04:19
603229,sh,奥翔药业,2026-06-15,2026-06-15 16:04:19
603230,sh,内蒙新华,2026-06-15,2026-06-15 16:04:19
603231,sh,索宝蛋白,2026-06-15,2026-06-15 16:04:19
603232,sh,格尔软件,2026-06-15,2026-06-15 16:04:19
603233,sh,大参林,2026-06-15,2026-06-15 16:04:19
603235,sh,天新药业,2026-06-15,2026-06-15 16:04:19
603236,sh,移远通信,2026-06-15,2026-06-15 16:04:19
603237,sh,五芳斋,2026-06-15,2026-06-15 16:04:19
603238,sh,诺邦股份,2026-06-15,2026-06-15 16:04:19
603239,sh,浙江仙通,2026-06-15,2026-06-15 16:04:19
603248,sh,锡华科技,2026-06-15,2026-06-15 16:04:19
603255,sh,鼎际得,2026-06-15,2026-06-15 16:04:19
603256,sh,宏和科技,2026-06-15,2026-06-15 16:04:19
603257,sh,中国瑞林,2026-06-15,2026-06-15 16:04:19
603258,sh,电魂网络,2026-06-15,2026-06-15 16:04:19
603259,sh,药明康德,2026-06-15,2026-06-15 16:04:19
603260,sh,合盛硅业,2026-06-15,2026-06-15 16:04:19
603261,sh,*ST立航,2026-06-15,2026-06-15 16:04:19
603262,sh,技源集团,2026-06-15,2026-06-15 16:04:19
603266,sh,天龙股份,2026-06-15,2026-06-15 16:04:19
603267,sh,鸿远电子,2026-06-15,2026-06-15 16:04:19
603268,sh,松发股份,2026-06-15,2026-06-15 16:04:19
603269,sh,海鸥股份,2026-06-15,2026-06-15 16:04:19
603270,sh,金帝股份,2026-06-15,2026-06-15 16:04:19
603271,sh,永杰新材,2026-06-15,2026-06-15 16:04:19
603272,sh,*ST联翔,2026-06-15,2026-06-15 16:04:19
603273,sh,天元智能,2026-06-15,2026-06-15 16:04:19
603275,sh,众辰科技,2026-06-15,2026-06-15 16:04:19
603276,sh,恒兴新材,2026-06-15,2026-06-15 16:04:19
603277,sh,银都股份,2026-06-15,2026-06-15 16:04:19
603278,sh,大业股份,2026-06-15,2026-06-15 16:04:19
603279,sh,景津装备,2026-06-15,2026-06-15 16:04:19
603280,sh,南方路机,2026-06-15,2026-06-15 16:04:19
603281,sh,江瀚新材,2026-06-15,2026-06-15 16:04:19
603282,sh,亚光股份,2026-06-15,2026-06-15 16:04:19
603283,sh,赛腾股份,2026-06-15,2026-06-15 16:04:19
603284,sh,林平发展,2026-06-15,2026-06-15 16:04:19
603285,sh,键邦股份,2026-06-15,2026-06-15 16:04:19
603286,sh,日盈电子,2026-06-15,2026-06-15 16:04:19
603288,sh,海天味业,2026-06-15,2026-06-15 16:04:19
603289,sh,泰瑞机器,2026-06-15,2026-06-15 16:04:19
603290,sh,斯达半导,2026-06-15,2026-06-15 16:04:19
603291,sh,联合水务,2026-06-15,2026-06-15 16:04:19
603293,sh,埃泰克,2026-06-15,2026-06-15 16:04:19
603296,sh,华勤技术,2026-06-15,2026-06-15 16:04:19
603297,sh,永新光学,2026-06-15,2026-06-15 16:04:19
603298,sh,杭叉集团,2026-06-15,2026-06-15 16:04:19
603299,sh,苏盐井神,2026-06-15,2026-06-15 16:04:19
603300,sh,海南华铁,2026-06-15,2026-06-15 16:04:19
603301,sh,振德医疗,2026-06-15,2026-06-15 16:04:19
603303,sh,得邦照明,2026-06-15,2026-06-15 16:04:19
603305,sh,旭升集团,2026-06-15,2026-06-15 16:04:19
603306,sh,华懋科技,2026-06-15,2026-06-15 16:04:19
603307,sh,扬州金泉,2026-06-15,2026-06-15 16:04:19
603308,sh,应流股份,2026-06-15,2026-06-15 16:04:19
603309,sh,维力医疗,2026-06-15,2026-06-15 16:04:19
603310,sh,巍华新材,2026-06-15,2026-06-15 16:04:19
603311,sh,金海高科,2026-06-15,2026-06-15 16:04:19
603312,sh,西典新能,2026-06-15,2026-06-15 16:04:19
603313,sh,梦百合,2026-06-15,2026-06-15 16:04:19
603315,sh,福鞍股份,2026-06-15,2026-06-15 16:04:19
603316,sh,诚邦股份,2026-06-15,2026-06-15 16:04:19
603317,sh,天味食品,2026-06-15,2026-06-15 16:04:19
603318,sh,水发燃气,2026-06-15,2026-06-15 16:04:19
603319,sh,美湖股份,2026-06-15,2026-06-15 16:04:19
603320,sh,迪贝电气,2026-06-15,2026-06-15 16:04:19
603321,sh,梅轮电梯,2026-06-15,2026-06-15 16:04:19
603322,sh,超讯通信,2026-06-15,2026-06-15 16:04:19
603323,sh,苏农银行,2026-06-15,2026-06-15 16:04:19
603324,sh,盛剑科技,2026-06-15,2026-06-15 16:04:19
603325,sh,博隆技术,2026-06-15,2026-06-15 16:04:19
603326,sh,我乐家居,2026-06-15,2026-06-15 16:04:19
603327,sh,福蓉科技,2026-06-15,2026-06-15 16:04:19
603328,sh,依顿电子,2026-06-15,2026-06-15 16:04:19
603329,sh,上海雅仕,2026-06-15,2026-06-15 16:04:19
603330,sh,天洋新材,2026-06-15,2026-06-15 16:04:19
603331,sh,百达精工,2026-06-15,2026-06-15 16:04:19
603332,sh,苏州龙杰,2026-06-15,2026-06-15 16:04:19
603333,sh,尚纬股份,2026-06-15,2026-06-15 16:04:19
603334,sh,丰倍生物,2026-06-15,2026-06-15 16:04:19
603335,sh,迪生力,2026-06-15,2026-06-15 16:04:19
603336,sh,宏辉果蔬,2026-06-15,2026-06-15 16:04:19
603337,sh,杰克科技,2026-06-15,2026-06-15 16:04:19
603338,sh,浙江鼎力,2026-06-15,2026-06-15 16:04:19
603339,sh,四方科技,2026-06-15,2026-06-15 16:04:19
603341,sh,龙旗科技,2026-06-15,2026-06-15 16:04:19
603344,sh,星德胜,2026-06-15,2026-06-15 16:04:19
603345,sh,安井食品,2026-06-15,2026-06-15 16:04:19
603348,sh,文灿股份,2026-06-15,2026-06-15 16:04:19
603350,sh,安乃达,2026-06-15,2026-06-15 16:04:19
603351,sh,威尔药业,2026-06-15,2026-06-15 16:04:19
603352,sh,至信股份,2026-06-15,2026-06-15 16:04:19
603353,sh,和顺石油,2026-06-15,2026-06-15 16:04:19
603355,sh,莱克电气,2026-06-15,2026-06-15 16:04:19
603356,sh,华菱精工,2026-06-15,2026-06-15 16:04:19
603357,sh,设计总院,2026-06-15,2026-06-15 16:04:19
603358,sh,华达科技,2026-06-15,2026-06-15 16:04:19
603359,sh,*ST东珠,2026-06-15,2026-06-15 16:04:19
603360,sh,百傲化学,2026-06-15,2026-06-15 16:04:19
603363,sh,傲农生物,2026-06-15,2026-06-15 16:04:19
603365,sh,水星家纺,2026-06-15,2026-06-15 16:04:19
603366,sh,日出东方,2026-06-15,2026-06-15 16:04:19
603367,sh,辰欣药业,2026-06-15,2026-06-15 16:04:19
603368,sh,柳药集团,2026-06-15,2026-06-15 16:04:19
603369,sh,今世缘,2026-06-15,2026-06-15 16:04:19
603370,sh,华新精科,2026-06-15,2026-06-15 16:04:19
603373,sh,安邦护卫,2026-06-15,2026-06-15 16:04:19
603375,sh,盛景微,2026-06-15,2026-06-15 16:04:19
603376,sh,大明电子,2026-06-15,2026-06-15 16:04:19
603377,sh,ST东时,2026-06-15,2026-06-15 16:04:19
603378,sh,*ST亚士,2026-06-15,2026-06-15 16:04:19
603379,sh,三美股份,2026-06-15,2026-06-15 16:04:19
603380,sh,易德龙,2026-06-15,2026-06-15 16:04:19
603381,sh,永臻股份,2026-06-15,2026-06-15 16:04:19
603382,sh,海阳科技,2026-06-15,2026-06-15 16:04:19
603383,sh,顶点软件,2026-06-15,2026-06-15 16:04:19
603385,sh,惠达卫浴,2026-06-15,2026-06-15 16:04:19
603386,sh,骏亚科技,2026-06-15,2026-06-15 16:04:19
603387,sh,基蛋生物,2026-06-15,2026-06-15 16:04:19
603389,sh,*ST亚振,2026-06-15,2026-06-15 16:04:19
603390,sh,通达电气,2026-06-15,2026-06-15 16:04:19
603391,sh,力聚热能,2026-06-15,2026-06-15 16:04:19
603392,sh,万泰生物,2026-06-15,2026-06-15 16:04:19
603393,sh,新天然气,2026-06-15,2026-06-15 16:04:19
603395,sh,红四方,2026-06-15,2026-06-15 16:04:19
603396,sh,金辰股份,2026-06-15,2026-06-15 16:04:19
603398,sh,*ST沐邦,2026-06-15,2026-06-15 16:04:19
603399,sh,永杉锂业,2026-06-15,2026-06-15 16:04:19
603400,sh,华之杰,2026-06-15,2026-06-15 16:04:19
603402,sh,陕西旅游,2026-06-15,2026-06-15 16:04:19
603406,sh,天富龙,2026-06-15,2026-06-15 16:04:19
603407,sh,长裕集团,2026-06-15,2026-06-15 16:04:19
603408,sh,建霖家居,2026-06-15,2026-06-15 16:04:19
603409,sh,汇通控股,2026-06-15,2026-06-15 16:04:19
603416,sh,信捷电气,2026-06-15,2026-06-15 16:04:19
603418,sh,友升股份,2026-06-15,2026-06-15 16:04:19
603421,sh,鼎信通讯,2026-06-15,2026-06-15 16:04:19
603429,sh,*ST集友,2026-06-15,2026-06-15 16:04:19
603435,sh,嘉德利,2026-06-15,2026-06-15 16:04:19
603439,sh,三力制药,2026-06-15,2026-06-15 16:04:19
603444,sh,吉比特,2026-06-15,2026-06-15 16:04:19
603456,sh,九洲药业,2026-06-15,2026-06-15 16:04:19
603458,sh,勘设股份,2026-06-15,2026-06-15 16:04:19
603459,sh,红板科技,2026-06-15,2026-06-15 16:04:19
603466,sh,风语筑,2026-06-15,2026-06-15 16:04:19
603477,sh,巨星农牧,2026-06-15,2026-06-15 16:04:19
603486,sh,科沃斯,2026-06-15,2026-06-15 16:04:19
603488,sh,展鹏科技,2026-06-15,2026-06-15 16:04:19
603489,sh,八方股份,2026-06-15,2026-06-15 16:04:19
603496,sh,恒为科技,2026-06-15,2026-06-15 16:04:19
603499,sh,翔港科技,2026-06-15,2026-06-15 16:04:19
603500,sh,祥和实业,2026-06-15,2026-06-15 16:04:19
603501,sh,豪威集团,2026-06-15,2026-06-15 16:04:19
603505,sh,金石资源,2026-06-15,2026-06-15 16:04:19
603506,sh,南都物业,2026-06-15,2026-06-15 16:04:19
603507,sh,振江股份,2026-06-15,2026-06-15 16:04:19
603508,sh,思维列控,2026-06-15,2026-06-15 16:04:19
603511,sh,爱慕股份,2026-06-15,2026-06-15 16:04:19
603515,sh,欧普照明,2026-06-15,2026-06-15 16:04:19
603516,sh,淳中科技,2026-06-15,2026-06-15 16:04:19
603517,sh,ST绝味,2026-06-15,2026-06-15 16:04:19
603518,sh,锦泓集团,2026-06-15,2026-06-15 16:04:19
603519,sh,立霸股份,2026-06-15,2026-06-15 16:04:19
603520,sh,司太立,2026-06-15,2026-06-15 16:04:19
603527,sh,众源新材,2026-06-15,2026-06-15 16:04:19
603528,sh,多伦科技,2026-06-15,2026-06-15 16:04:19
603529,sh,爱玛科技,2026-06-15,2026-06-15 16:04:19
603530,sh,神马电力,2026-06-15,2026-06-15 16:04:19
603533,sh,掌阅科技,2026-06-15,2026-06-15 16:04:19
603535,sh,嘉诚国际,2026-06-15,2026-06-15 16:04:19
603536,sh,惠发食品,2026-06-15,2026-06-15 16:04:19
603538,sh,美诺华,2026-06-15,2026-06-15 16:04:19
603551,sh,奥普科技,2026-06-15,2026-06-15 16:04:19
603556,sh,海兴电力,2026-06-15,2026-06-15 16:04:19
603557,sh,*ST起步,2026-06-15,2026-06-15 16:04:19
603558,sh,健盛集团,2026-06-15,2026-06-15 16:04:19
603559,sh,ST通脉,2026-06-15,2026-06-15 16:04:19
603565,sh,中谷物流,2026-06-15,2026-06-15 16:04:19
603566,sh,普莱柯,2026-06-15,2026-06-15 16:04:19
603567,sh,珍宝岛,2026-06-15,2026-06-15 16:04:19
603568,sh,伟明环保,2026-06-15,2026-06-15 16:04:19
603569,sh,长久物流,2026-06-15,2026-06-15 16:04:19
603577,sh,汇金通,2026-06-15,2026-06-15 16:04:19
603578,sh,三星新材,2026-06-15,2026-06-15 16:04:19
603579,sh,荣泰健康,2026-06-15,2026-06-15 16:04:19
603580,sh,*ST艾艾,2026-06-15,2026-06-15 16:04:19
603583,sh,捷昌驱动,2026-06-15,2026-06-15 16:04:19
603585,sh,苏利股份,2026-06-15,2026-06-15 16:04:19
603586,sh,金麒麟,2026-06-15,2026-06-15 16:04:19
603587,sh,地素时尚,2026-06-15,2026-06-15 16:04:19
603588,sh,高能环境,2026-06-15,2026-06-15 16:04:19
603589,sh,口子窖,2026-06-15,2026-06-15 16:04:19
603590,sh,康辰药业,2026-06-15,2026-06-15 16:04:19
603595,sh,ST东尼,2026-06-15,2026-06-15 16:04:19
603596,sh,伯特利,2026-06-15,2026-06-15 16:04:19
603598,sh,引力传媒,2026-06-15,2026-06-15 16:04:19
603599,sh,广信股份,2026-06-15,2026-06-15 16:04:19
603600,sh,永艺股份,2026-06-15,2026-06-15 16:04:19
603601,sh,再升科技,2026-06-15,2026-06-15 16:04:19
603602,sh,纵横通信,2026-06-15,2026-06-15 16:04:19
603605,sh,珀莱雅,2026-06-15,2026-06-15 16:04:19
603606,sh,东方电缆,2026-06-15,2026-06-15 16:04:19
603607,sh,京华激光,2026-06-15,2026-06-15 16:04:19
603608,sh,天创时尚,2026-06-15,2026-06-15 16:04:19
603609,sh,禾丰股份,2026-06-15,2026-06-15 16:04:19
603610,sh,麒盛科技,2026-06-15,2026-06-15 16:04:19
603611,sh,诺力股份,2026-06-15,2026-06-15 16:04:19
603612,sh,索通发展,2026-06-15,2026-06-15 16:04:19
603613,sh,国联股份,2026-06-15,2026-06-15 16:04:19
603615,sh,茶花股份,2026-06-15,2026-06-15 16:04:19
603616,sh,韩建河山,2026-06-15,2026-06-15 16:04:19
603617,sh,君禾股份,2026-06-15,2026-06-15 16:04:19
603618,sh,杭电股份,2026-06-15,2026-06-15 16:04:19
603619,sh,中曼石油,2026-06-15,2026-06-15 16:04:19
603626,sh,科森科技,2026-06-15,2026-06-15 16:04:19
603628,sh,清源股份,2026-06-15,2026-06-15 16:04:19
603629,sh,利通电子,2026-06-15,2026-06-15 16:04:19
603630,sh,拉芳家化,2026-06-15,2026-06-15 16:04:19
603633,sh,徕木股份,2026-06-15,2026-06-15 16:04:19
603636,sh,南威软件,2026-06-15,2026-06-15 16:04:19
603637,sh,镇海股份,2026-06-15,2026-06-15 16:04:19
603638,sh,艾迪精密,2026-06-15,2026-06-15 16:04:19
603639,sh,海利尔,2026-06-15,2026-06-15 16:04:19
603648,sh,畅联股份,2026-06-15,2026-06-15 16:04:19
603650,sh,彤程新材,2026-06-15,2026-06-15 16:04:19
603655,sh,朗博科技,2026-06-15,2026-06-15 16:04:19
603656,sh,泰禾智能,2026-06-15,2026-06-15 16:04:19
603657,sh,春光科技,2026-06-15,2026-06-15 16:04:19
603658,sh,安图生物,2026-06-15,2026-06-15 16:04:19
603659,sh,璞泰来,2026-06-15,2026-06-15 16:04:19
603660,sh,苏州科达,2026-06-15,2026-06-15 16:04:19
603661,sh,恒林股份,2026-06-15,2026-06-15 16:04:19
603662,sh,柯力传感,2026-06-15,2026-06-15 16:04:19
603663,sh,三祥新材,2026-06-15,2026-06-15 16:04:19
603665,sh,康隆达,2026-06-15,2026-06-15 16:04:19
603666,sh,亿嘉和,2026-06-15,2026-06-15 16:04:19
603667,sh,五洲新春,2026-06-15,2026-06-15 16:04:19
603668,sh,天马科技,2026-06-15,2026-06-15 16:04:19
603669,sh,灵康药业,2026-06-15,2026-06-15 16:04:19
603676,sh,卫信康,2026-06-15,2026-06-15 16:04:19
603677,sh,奇精机械,2026-06-15,2026-06-15 16:04:19
603678,sh,火炬电子,2026-06-15,2026-06-15 16:04:19
603679,sh,华体科技,2026-06-15,2026-06-15 16:04:19
603680,sh,今创集团,2026-06-15,2026-06-15 16:04:19
603681,sh,永冠新材,2026-06-15,2026-06-15 16:04:19
603682,sh,锦和商管,2026-06-15,2026-06-15 16:04:19
603683,sh,晶华新材,2026-06-15,2026-06-15 16:04:19
603685,sh,晨丰科技,2026-06-15,2026-06-15 16:04:19
603686,sh,福龙马,2026-06-15,2026-06-15 16:04:19
603687,sh,大胜达,2026-06-15,2026-06-15 16:04:19
603688,sh,石英股份,2026-06-15,2026-06-15 16:04:19
603689,sh,皖天然气,2026-06-15,2026-06-15 16:04:19
603690,sh,至纯科技,2026-06-15,2026-06-15 16:04:19
603693,sh,江苏新能,2026-06-15,2026-06-15 16:04:19
603696,sh,安记食品,2026-06-15,2026-06-15 16:04:19
603697,sh,有友食品,2026-06-15,2026-06-15 16:04:19
603698,sh,航天工程,2026-06-15,2026-06-15 16:04:19
603699,sh,纽威股份,2026-06-15,2026-06-15 16:04:19
603700,sh,宁水集团,2026-06-15,2026-06-15 16:04:19
603701,sh,德宏股份,2026-06-15,2026-06-15 16:04:19
603703,sh,盛洋科技,2026-06-15,2026-06-15 16:04:19
603706,sh,东方环宇,2026-06-15,2026-06-15 16:04:19
603707,sh,健友股份,2026-06-15,2026-06-15 16:04:19
603708,sh,家家悦,2026-06-15,2026-06-15 16:04:19
603709,sh,中源家居,2026-06-15,2026-06-15 16:04:19
603711,sh,香飘飘,2026-06-15,2026-06-15 16:04:19
603712,sh,七一二,2026-06-15,2026-06-15 16:04:19
603713,sh,密尔克卫,2026-06-15,2026-06-15 16:04:19
603716,sh,塞力医疗,2026-06-15,2026-06-15 16:04:19
603717,sh,天域生物,2026-06-15,2026-06-15 16:04:19
603718,sh,*ST海利,2026-06-15,2026-06-15 16:04:19
603719,sh,良品铺子,2026-06-15,2026-06-15 16:04:19
603721,sh,中广天择,2026-06-15,2026-06-15 16:04:19
603722,sh,阿科力,2026-06-15,2026-06-15 16:04:19
603725,sh,天安新材,2026-06-15,2026-06-15 16:04:19
603726,sh,朗迪集团,2026-06-15,2026-06-15 16:04:19
603727,sh,博迈科,2026-06-15,2026-06-15 16:04:19
603728,sh,鸣志电器,2026-06-15,2026-06-15 16:04:19
603729,sh,ST龙韵,2026-06-15,2026-06-15 16:04:19
603730,sh,岱美股份,2026-06-15,2026-06-15 16:04:19
603733,sh,仙鹤股份,2026-06-15,2026-06-15 16:04:19
603737,sh,三棵树,2026-06-15,2026-06-15 16:04:19
603738,sh,泰晶科技,2026-06-15,2026-06-15 16:04:19
603739,sh,蔚蓝生物,2026-06-15,2026-06-15 16:04:19
603755,sh,日辰股份,2026-06-15,2026-06-15 16:04:19
603757,sh,大元泵业,2026-06-15,2026-06-15 16:04:19
603758,sh,秦安股份,2026-06-15,2026-06-15 16:04:19
603759,sh,海天股份,2026-06-15,2026-06-15 16:04:19
603766,sh,隆鑫通用,2026-06-15,2026-06-15 16:04:19
603767,sh,中马传动,2026-06-15,2026-06-15 16:04:19
603768,sh,常青股份,2026-06-15,2026-06-15 16:04:19
603773,sh,沃格光电,2026-06-15,2026-06-15 16:04:19
603776,sh,永安行,2026-06-15,2026-06-15 16:04:19
603777,sh,来伊份,2026-06-15,2026-06-15 16:04:19
603778,sh,国晟科技,2026-06-15,2026-06-15 16:04:19
603779,sh,威龙股份,2026-06-15,2026-06-15 16:04:19
603786,sh,科博达,2026-06-15,2026-06-15 16:04:19
603787,sh,新日股份,2026-06-15,2026-06-15 16:04:19
603788,sh,宁波高发,2026-06-15,2026-06-15 16:04:19
603789,sh,ST星农,2026-06-15,2026-06-15 16:04:19
603790,sh,雅运股份,2026-06-15,2026-06-15 16:04:19
603797,sh,联泰环保,2026-06-15,2026-06-15 16:04:19
603798,sh,康普顿,2026-06-15,2026-06-15 16:04:19
603799,sh,华友钴业,2026-06-15,2026-06-15 16:04:19
603800,sh,洪田股份,2026-06-15,2026-06-15 16:04:19
603801,sh,志邦家居,2026-06-15,2026-06-15 16:04:19
603803,sh,瑞斯康达,2026-06-15,2026-06-15 16:04:19
603806,sh,福斯特,2026-06-15,2026-06-15 16:04:19
603808,sh,歌力思,2026-06-15,2026-06-15 16:04:19
603809,sh,豪能股份,2026-06-15,2026-06-15 16:04:19
603810,sh,丰山集团,2026-06-15,2026-06-15 16:04:19
603811,sh,诚意药业,2026-06-15,2026-06-15 16:04:19
603813,sh,*ST原尚,2026-06-15,2026-06-15 16:04:19
603815,sh,交建股份,2026-06-15,2026-06-15 16:04:19
603816,sh,顾家家居,2026-06-15,2026-06-15 16:04:19
603817,sh,海峡环保,2026-06-15,2026-06-15 16:04:19
603818,sh,曲美家居,2026-06-15,2026-06-15 16:04:19
603819,sh,神力股份,2026-06-15,2026-06-15 16:04:19
603822,sh,ST嘉澳,2026-06-15,2026-06-15 16:04:19
603823,sh,百合花,2026-06-15,2026-06-15 16:04:19
603825,sh,ST华扬,2026-06-15,2026-06-15 16:04:19
603826,sh,坤彩科技,2026-06-15,2026-06-15 16:04:19
603828,sh,*ST利达,2026-06-15,2026-06-15 16:04:19
603829,sh,洛凯股份,2026-06-15,2026-06-15 16:04:19
603833,sh,欧派家居,2026-06-15,2026-06-15 16:04:19
603836,sh,海程邦达,2026-06-15,2026-06-15 16:04:19
603838,sh,*ST四通,2026-06-15,2026-06-15 16:04:19
603839,sh,安正时尚,2026-06-15,2026-06-15 16:04:19
603843,sh,*ST正平,2026-06-15,2026-06-15 16:04:19
603848,sh,好太太,2026-06-15,2026-06-15 16:04:19
603855,sh,华荣股份,2026-06-15,2026-06-15 16:04:19
603856,sh,东宏股份,2026-06-15,2026-06-15 16:04:19
603858,sh,步长制药,2026-06-15,2026-06-15 16:04:19
603859,sh,能科科技,2026-06-15,2026-06-15 16:04:19
603860,sh,中公高科,2026-06-15,2026-06-15 16:04:19
603861,sh,白云电器,2026-06-15,2026-06-15 16:04:19
603863,sh,松炀资源,2026-06-15,2026-06-15 16:04:19
603866,sh,桃李面包,2026-06-15,2026-06-15 16:04:19
603867,sh,新化股份,2026-06-15,2026-06-15 16:04:19
603868,sh,飞科电器,2026-06-15,2026-06-15 16:04:19
603869,sh,ST智知,2026-06-15,2026-06-15 16:04:19
603871,sh,嘉友国际,2026-06-15,2026-06-15 16:04:19
603876,sh,鼎胜新材,2026-06-15,2026-06-15 16:04:19
603877,sh,太平鸟,2026-06-15,2026-06-15 16:04:19
603878,sh,武进不锈,2026-06-15,2026-06-15 16:04:19
603879,sh,永悦科技,2026-06-15,2026-06-15 16:04:19
603880,sh,南卫股份,2026-06-15,2026-06-15 16:04:19
603881,sh,数据港,2026-06-15,2026-06-15 16:04:19
603882,sh,金域医学,2026-06-15,2026-06-15 16:04:19
603883,sh,老百姓,2026-06-15,2026-06-15 16:04:19
603885,sh,吉祥航空,2026-06-15,2026-06-15 16:04:19
603886,sh,元祖股份,2026-06-15,2026-06-15 16:04:19
603887,sh,城地香江,2026-06-15,2026-06-15 16:04:19
603888,sh,新华网,2026-06-15,2026-06-15 16:04:19
603889,sh,新澳股份,2026-06-15,2026-06-15 16:04:19
603890,sh,春秋电子,2026-06-15,2026-06-15 16:04:19
603893,sh,瑞芯微,2026-06-15,2026-06-15 16:04:19
603895,sh,天永智能,2026-06-15,2026-06-15 16:04:19
603896,sh,寿仙谷,2026-06-15,2026-06-15 16:04:19
603897,sh,长城科技,2026-06-15,2026-06-15 16:04:19
603898,sh,好莱客,2026-06-15,2026-06-15 16:04:19
603899,sh,晨光股份,2026-06-15,2026-06-15 16:04:19
603900,sh,莱绅通灵,2026-06-15,2026-06-15 16:04:19
603901,sh,永创智能,2026-06-15,2026-06-15 16:04:19
603903,sh,中持股份,2026-06-15,2026-06-15 16:04:19
603906,sh,龙蟠科技,2026-06-15,2026-06-15 16:04:19
603908,sh,牧高笛,2026-06-15,2026-06-15 16:04:19
603909,sh,建发合诚,2026-06-15,2026-06-15 16:04:19
603912,sh,佳力图,2026-06-15,2026-06-15 16:04:19
603915,sh,国茂股份,2026-06-15,2026-06-15 16:04:19
603916,sh,苏博特,2026-06-15,2026-06-15 16:04:19
603917,sh,合力科技,2026-06-15,2026-06-15 16:04:19
603918,sh,金桥信息,2026-06-15,2026-06-15 16:04:19
603919,sh,金徽酒,2026-06-15,2026-06-15 16:04:19
603920,sh,世运电路,2026-06-15,2026-06-15 16:04:19
603922,sh,ST金鸿顺,2026-06-15,2026-06-15 16:04:19
603926,sh,铁流股份,2026-06-15,2026-06-15 16:04:19
603927,sh,中科软,2026-06-15,2026-06-15 16:04:19
603928,sh,兴业股份,2026-06-15,2026-06-15 16:04:19
603929,sh,亚翔集成,2026-06-15,2026-06-15 16:04:19
603931,sh,格林达,2026-06-15,2026-06-15 16:04:19
603933,sh,睿能科技,2026-06-15,2026-06-15 16:04:19
603936,sh,博敏电子,2026-06-15,2026-06-15 16:04:19
603937,sh,丽岛新材,2026-06-15,2026-06-15 16:04:19
603938,sh,三孚股份,2026-06-15,2026-06-15 16:04:19
603939,sh,益丰药房,2026-06-15,2026-06-15 16:04:19
603948,sh,建业股份,2026-06-15,2026-06-15 16:04:19
603949,sh,雪龙集团,2026-06-15,2026-06-15 16:04:19
603950,sh,长源东谷,2026-06-15,2026-06-15 16:04:19
603955,sh,大千生态,2026-06-15,2026-06-15 16:04:19
603956,sh,威派格,2026-06-15,2026-06-15 16:04:19
603958,sh,哈森股份,2026-06-15,2026-06-15 16:04:19
603959,sh,ST百利,2026-06-15,2026-06-15 16:04:19
603960,sh,克来机电,2026-06-15,2026-06-15 16:04:19
603966,sh,法兰泰克,2026-06-15,2026-06-15 16:04:19
603967,sh,中创物流,2026-06-15,2026-06-15 16:04:19
603968,sh,醋化股份,2026-06-15,2026-06-15 16:04:19
603969,sh,银龙股份,2026-06-15,2026-06-15 16:04:19
603970,sh,中农立华,2026-06-15,2026-06-15 16:04:19
603976,sh,正川股份,2026-06-15,2026-06-15 16:04:19
603977,sh,国泰集团,2026-06-15,2026-06-15 16:04:19
603978,sh,深圳新星,2026-06-15,2026-06-15 16:04:19
603979,sh,金诚信,2026-06-15,2026-06-15 16:04:19
603980,sh,吉华集团,2026-06-15,2026-06-15 16:04:19
603982,sh,泉峰汽车,2026-06-15,2026-06-15 16:04:19
603983,sh,丸美生物,2026-06-15,2026-06-15 16:04:19
603985,sh,恒润股份,2026-06-15,2026-06-15 16:04:19
603986,sh,兆易创新,2026-06-15,2026-06-15 16:04:19
603987,sh,康德莱,2026-06-15,2026-06-15 16:04:19
603988,sh,中电电机,2026-06-15,2026-06-15 16:04:19
603989,sh,艾华集团,2026-06-15,2026-06-15 16:04:19
603990,sh,麦迪科技,2026-06-15,2026-06-15 16:04:19
603991,sh,领先股份,2026-06-15,2026-06-15 16:04:19
603992,sh,松霖科技,2026-06-15,2026-06-15 16:04:19
603993,sh,洛阳钼业,2026-06-15,2026-06-15 16:04:19
603995,sh,甬金股份,2026-06-15,2026-06-15 16:04:19
603997,sh,继峰股份,2026-06-15,2026-06-15 16:04:19
603998,sh,方盛制药,2026-06-15,2026-06-15 16:04:19
603999,sh,读者传媒,2026-06-15,2026-06-15 16:04:19
605001,sh,威奥股份,2026-06-15,2026-06-15 16:04:19
605003,sh,众望布艺,2026-06-15,2026-06-15 16:04:19
605005,sh,合兴股份,2026-06-15,2026-06-15 16:04:19
605006,sh,山东玻纤,2026-06-15,2026-06-15 16:04:19
605007,sh,五洲特纸,2026-06-15,2026-06-15 16:04:19
605008,sh,长鸿高科,2026-06-15,2026-06-15 16:04:19
605009,sh,豪悦护理,2026-06-15,2026-06-15 16:04:19
605011,sh,杭州热电,2026-06-15,2026-06-15 16:04:19
605016,sh,百龙创园,2026-06-15,2026-06-15 16:04:19
605018,sh,长华集团,2026-06-15,2026-06-15 16:04:19
605020,sh,永和股份,2026-06-15,2026-06-15 16:04:19
605028,sh,世茂能源,2026-06-15,2026-06-15 16:04:19
605033,sh,美邦股份,2026-06-15,2026-06-15 16:04:19
605050,sh,福然德,2026-06-15,2026-06-15 16:04:19
605055,sh,迎丰股份,2026-06-15,2026-06-15 16:04:19
605056,sh,咸亨国际,2026-06-15,2026-06-15 16:04:19
605058,sh,澳弘电子,2026-06-15,2026-06-15 16:04:19
605060,sh,联德股份,2026-06-15,2026-06-15 16:04:19
605066,sh,天正电气,2026-06-15,2026-06-15 16:04:19
605068,sh,明新旭腾,2026-06-15,2026-06-15 16:04:19
605069,sh,正和生态,2026-06-15,2026-06-15 16:04:19
605077,sh,华康股份,2026-06-15,2026-06-15 16:04:19
605080,sh,浙江自然,2026-06-15,2026-06-15 16:04:19
605081,sh,退市太和,2026-06-15,2026-06-15 16:04:19
605086,sh,龙高股份,2026-06-15,2026-06-15 16:04:19
605088,sh,冠盛股份,2026-06-15,2026-06-15 16:04:19
605089,sh,味知香,2026-06-15,2026-06-15 16:04:19
605090,sh,九丰能源,2026-06-15,2026-06-15 16:04:19
605098,sh,行动教育,2026-06-15,2026-06-15 16:04:19
605099,sh,共创草坪,2026-06-15,2026-06-15 16:04:19
605100,sh,华丰股份,2026-06-15,2026-06-15 16:04:19
605108,sh,同庆楼,2026-06-15,2026-06-15 16:04:19
605111,sh,新洁能,2026-06-15,2026-06-15 16:04:19
605116,sh,奥锐特,2026-06-15,2026-06-15 16:04:19
605117,sh,德业股份,2026-06-15,2026-06-15 16:04:19
605118,sh,力鼎光电,2026-06-15,2026-06-15 16:04:19
605122,sh,四方新材,2026-06-15,2026-06-15 16:04:19
605123,sh,派克新材,2026-06-15,2026-06-15 16:04:19
605128,sh,上海沿浦,2026-06-15,2026-06-15 16:04:19
605133,sh,嵘泰股份,2026-06-15,2026-06-15 16:04:19
605136,sh,丽人丽妆,2026-06-15,2026-06-15 16:04:19
605138,sh,盛泰集团,2026-06-15,2026-06-15 16:04:19
605151,sh,西上海,2026-06-15,2026-06-15 16:04:19
605155,sh,西大门,2026-06-15,2026-06-15 16:04:19
605158,sh,华达新材,2026-06-15,2026-06-15 16:04:19
605162,sh,新中港,2026-06-15,2026-06-15 16:04:19
605166,sh,聚合顺,2026-06-15,2026-06-15 16:04:19
605167,sh,利柏特,2026-06-15,2026-06-15 16:04:19
605168,sh,三人行,2026-06-15,2026-06-15 16:04:19
605169,sh,洪通燃气,2026-06-15,2026-06-15 16:04:19
605177,sh,东亚药业,2026-06-15,2026-06-15 16:04:19
605178,sh,时空科技,2026-06-15,2026-06-15 16:04:19
605179,sh,一鸣食品,2026-06-15,2026-06-15 16:04:19
605180,sh,华生科技,2026-06-15,2026-06-15 16:04:19
605183,sh,确成股份,2026-06-15,2026-06-15 16:04:19
605186,sh,健麾信息,2026-06-15,2026-06-15 16:04:19
605188,sh,国光连锁,2026-06-15,2026-06-15 16:04:19
605189,sh,富春染织,2026-06-15,2026-06-15 16:04:19
605196,sh,华通线缆,2026-06-15,2026-06-15 16:04:19
605198,sh,安德利,2026-06-15,2026-06-15 16:04:19
605199,sh,ST葫芦娃,2026-06-15,2026-06-15 16:04:19
605208,sh,永茂泰,2026-06-15,2026-06-15 16:04:19
605218,sh,伟时电子,2026-06-15,2026-06-15 16:04:19
605222,sh,起帆电缆,2026-06-15,2026-06-15 16:04:19
605228,sh,神通科技,2026-06-15,2026-06-15 16:04:19
605255,sh,天普股份,2026-06-15,2026-06-15 16:04:19
605258,sh,协和电子,2026-06-15,2026-06-15 16:04:19
605259,sh,绿田机械,2026-06-15,2026-06-15 16:04:19
605266,sh,健之佳,2026-06-15,2026-06-15 16:04:19
605268,sh,王力安防,2026-06-15,2026-06-15 16:04:19
605277,sh,新亚电子,2026-06-15,2026-06-15 16:04:19
605286,sh,同力天启,2026-06-15,2026-06-15 16:04:19
605287,sh,德才股份,2026-06-15,2026-06-15 16:04:19
605288,sh,凯迪股份,2026-06-15,2026-06-15 16:04:19
605289,sh,罗曼股份,2026-06-15,2026-06-15 16:04:19
605296,sh,神农集团,2026-06-15,2026-06-15 16:04:19
605298,sh,必得科技,2026-06-15,2026-06-15 16:04:19
605299,sh,舒华体育,2026-06-15,2026-06-15 16:04:19
605300,sh,佳禾食品,2026-06-15,2026-06-15 16:04:19
605303,sh,园林股份,2026-06-15,2026-06-15 16:04:19
605305,sh,中际联合,2026-06-15,2026-06-15 16:04:19
605318,sh,法狮龙,2026-06-15,2026-06-15 16:04:19
605319,sh,无锡振华,2026-06-15,2026-06-15 16:04:19
605333,sh,沪光股份,2026-06-15,2026-06-15 16:04:19
605336,sh,*ST帅电,2026-06-15,2026-06-15 16:04:19
605337,sh,李子园,2026-06-15,2026-06-15 16:04:19
605338,sh,巴比食品,2026-06-15,2026-06-15 16:04:19
605339,sh,南侨食品,2026-06-15,2026-06-15 16:04:19
605358,sh,立昂微,2026-06-15,2026-06-15 16:04:19
605365,sh,立达信,2026-06-15,2026-06-15 16:04:19
605366,sh,宏柏新材,2026-06-15,2026-06-15 16:04:19
605368,sh,蓝天燃气,2026-06-15,2026-06-15 16:04:19
605369,sh,拱东医疗,2026-06-15,2026-06-15 16:04:19
605376,sh,博迁新材,2026-06-15,2026-06-15 16:04:19
605377,sh,华旺科技,2026-06-15,2026-06-15 16:04:19
605378,sh,野马电池,2026-06-15,2026-06-15 16:04:19
605388,sh,均瑶健康,2026-06-15,2026-06-15 16:04:19
605389,sh,长龄液压,2026-06-15,2026-06-15 16:04:19
605398,sh,新炬网络,2026-06-15,2026-06-15 16:04:19
605399,sh,晨光新材,2026-06-15,2026-06-15 16:04:19
605488,sh,福莱新材,2026-06-15,2026-06-15 16:04:19
605499,sh,东鹏饮料,2026-06-15,2026-06-15 16:04:19
605500,sh,森林包装,2026-06-15,2026-06-15 16:04:19
605507,sh,国邦医药,2026-06-15,2026-06-15 16:04:19
605555,sh,德昌股份,2026-06-15,2026-06-15 16:04:19
605566,sh,福莱蒽特,2026-06-15,2026-06-15 16:04:19
605567,sh,春雪食品,2026-06-15,2026-06-15 16:04:19
605577,sh,龙版传媒,2026-06-15,2026-06-15 16:04:19
605580,sh,恒盛能源,2026-06-15,2026-06-15 16:04:19
605588,sh,冠石科技,2026-06-15,2026-06-15 16:04:19
605589,sh,圣泉集团,2026-06-15,2026-06-15 16:04:19
605598,sh,上海港湾,2026-06-15,2026-06-15 16:04:19
605599,sh,菜百股份,2026-06-15,2026-06-15 16:04:19
688001,sh,华兴源创,2026-06-15,2026-06-15 16:04:19
688002,sh,睿创微纳,2026-06-15,2026-06-15 16:04:19
688003,sh,天准科技,2026-06-15,2026-06-15 16:04:19
688004,sh,博汇科技,2026-06-15,2026-06-15 16:04:19
688005,sh,容百科技,2026-06-15,2026-06-15 16:04:19
688006,sh,杭可科技,2026-06-15,2026-06-15 16:04:19
688007,sh,光峰科技,2026-06-15,2026-06-15 16:04:19
688008,sh,澜起科技,2026-06-15,2026-06-15 16:04:19
688009,sh,中国通号,2026-06-15,2026-06-15 16:04:19
688010,sh,福光股份,2026-06-15,2026-06-15 16:04:19
688011,sh,新光光电,2026-06-15,2026-06-15 16:04:19
688012,sh,中微公司,2026-06-15,2026-06-15 16:04:19
688013,sh,天臣医疗,2026-06-15,2026-06-15 16:04:19
688015,sh,交控科技,2026-06-15,2026-06-15 16:04:19
688016,sh,心脉医疗,2026-06-15,2026-06-15 16:04:19
688017,sh,绿的谐波,2026-06-15,2026-06-15 16:04:19
688018,sh,乐鑫科技,2026-06-15,2026-06-15 16:04:19
688019,sh,安集科技,2026-06-15,2026-06-15 16:04:19
688020,sh,方邦股份,2026-06-15,2026-06-15 16:04:19
688021,sh,奥福科技,2026-06-15,2026-06-15 16:04:19
688022,sh,ST瀚川,2026-06-15,2026-06-15 16:04:19
688023,sh,安恒信息,2026-06-15,2026-06-15 16:04:19
688025,sh,杰普特,2026-06-15,2026-06-15 16:04:19
688026,sh,洁特生物,2026-06-15,2026-06-15 16:04:19
688027,sh,国盾量子,2026-06-15,2026-06-15 16:04:19
688028,sh,沃尔德,2026-06-15,2026-06-15 16:04:19
688029,sh,南微医学,2026-06-15,2026-06-15 16:04:19
688030,sh,山石网科,2026-06-15,2026-06-15 16:04:19
688031,sh,星环科技,2026-06-15,2026-06-15 16:04:19
688032,sh,禾迈股份,2026-06-15,2026-06-15 16:04:19
688033,sh,*ST天宜,2026-06-15,2026-06-15 16:04:19
688035,sh,德邦科技,2026-06-15,2026-06-15 16:04:19
688036,sh,传音控股,2026-06-15,2026-06-15 16:04:19
688037,sh,芯源微,2026-06-15,2026-06-15 16:04:19
688038,sh,中科通达,2026-06-15,2026-06-15 16:04:19
688039,sh,当虹科技,2026-06-15,2026-06-15 16:04:19
688041,sh,海光信息,2026-06-15,2026-06-15 16:04:19
688045,sh,必易微,2026-06-15,2026-06-15 16:04:19
688046,sh,药康生物,2026-06-15,2026-06-15 16:04:19
688047,sh,龙芯中科,2026-06-15,2026-06-15 16:04:19
688048,sh,长光华芯,2026-06-15,2026-06-15 16:04:19
688049,sh,炬芯科技,2026-06-15,2026-06-15 16:04:19
688050,sh,爱博医疗,2026-06-15,2026-06-15 16:04:19
688051,sh,佳华科技,2026-06-15,2026-06-15 16:04:19
688052,sh,纳芯微,2026-06-15,2026-06-15 16:04:19
688053,sh,ST思科瑞,2026-06-15,2026-06-15 16:04:19
688055,sh,龙腾光电,2026-06-15,2026-06-15 16:04:19
688056,sh,莱伯泰科,2026-06-15,2026-06-15 16:04:19
688057,sh,金达莱,2026-06-15,2026-06-15 16:04:19
688058,sh,宝兰德,2026-06-15,2026-06-15 16:04:19
688059,sh,华锐精密,2026-06-15,2026-06-15 16:04:19
688060,sh,云涌科技,2026-06-15,2026-06-15 16:04:19
688061,sh,灿瑞科技,2026-06-15,2026-06-15 16:04:19
688062,sh,迈威生物,2026-06-15,2026-06-15 16:04:19
688063,sh,派能科技,2026-06-15,2026-06-15 16:04:19
688065,sh,凯赛生物,2026-06-15,2026-06-15 16:04:19
688066,sh,*ST航图,2026-06-15,2026-06-15 16:04:19
688067,sh,爱威科技,2026-06-15,2026-06-15 16:04:19
688068,sh,热景生物,2026-06-15,2026-06-15 16:04:19
688069,sh,德林海,2026-06-15,2026-06-15 16:04:19
688070,sh,纵横股份,2026-06-15,2026-06-15 16:04:19
688071,sh,华依科技,2026-06-15,2026-06-15 16:04:19
688072,sh,拓荆科技,2026-06-15,2026-06-15 16:04:19
688073,sh,毕得医药,2026-06-15,2026-06-15 16:04:19
688075,sh,安旭生物,2026-06-15,2026-06-15 16:04:19
688076,sh,ST诺泰,2026-06-15,2026-06-15 16:04:19
688077,sh,大地熊,2026-06-15,2026-06-15 16:04:19
688078,sh,龙软科技,2026-06-15,2026-06-15 16:04:19
688079,sh,美迪凯,2026-06-15,2026-06-15 16:04:19
688080,sh,映翰通,2026-06-15,2026-06-15 16:04:19
688081,sh,兴图新科,2026-06-15,2026-06-15 16:04:19
688082,sh,盛美上海,2026-06-15,2026-06-15 16:04:19
688083,sh,中望软件,2026-06-15,2026-06-15 16:04:19
688084,sh,晶品特装,2026-06-15,2026-06-15 16:04:19
688085,sh,三友医疗,2026-06-15,2026-06-15 16:04:19
688087,sh,英科再生,2026-06-15,2026-06-15 16:04:19
688088,sh,虹软科技,2026-06-15,2026-06-15 16:04:19
688089,sh,嘉必优,2026-06-15,2026-06-15 16:04:19
688090,sh,瑞松科技,2026-06-15,2026-06-15 16:04:19
688091,sh,上海谊众,2026-06-15,2026-06-15 16:04:19
688092,sh,爱科科技,2026-06-15,2026-06-15 16:04:19
688093,sh,世华科技,2026-06-15,2026-06-15 16:04:19
688095,sh,福昕软件,2026-06-15,2026-06-15 16:04:19
688096,sh,京源环保,2026-06-15,2026-06-15 16:04:19
688097,sh,博众精工,2026-06-15,2026-06-15 16:04:19
688098,sh,申联生物,2026-06-15,2026-06-15 16:04:19
688099,sh,晶晨股份,2026-06-15,2026-06-15 16:04:19
688100,sh,威胜信息,2026-06-15,2026-06-15 16:04:19
688101,sh,三达膜,2026-06-15,2026-06-15 16:04:19
688102,sh,斯瑞新材,2026-06-15,2026-06-15 16:04:19
688103,sh,国力电子,2026-06-15,2026-06-15 16:04:19
688105,sh,诺唯赞,2026-06-15,2026-06-15 16:04:19
688106,sh,金宏气体,2026-06-15,2026-06-15 16:04:19
688107,sh,安路科技,2026-06-15,2026-06-15 16:04:19
688108,sh,赛诺医疗,2026-06-15,2026-06-15 16:04:19
688109,sh,品茗科技,2026-06-15,2026-06-15 16:04:19
688110,sh,东芯股份,2026-06-15,2026-06-15 16:04:19
688111,sh,金山办公,2026-06-15,2026-06-15 16:04:19
688112,sh,鼎阳科技,2026-06-15,2026-06-15 16:04:19
688113,sh,联测科技,2026-06-15,2026-06-15 16:04:19
688114,sh,华大智造,2026-06-15,2026-06-15 16:04:19
688115,sh,思林杰,2026-06-15,2026-06-15 16:04:19
688116,sh,天奈科技,2026-06-15,2026-06-15 16:04:19
688117,sh,圣诺生物,2026-06-15,2026-06-15 16:04:19
688118,sh,普元信息,2026-06-15,2026-06-15 16:04:19
688119,sh,中钢洛耐,2026-06-15,2026-06-15 16:04:19
688120,sh,华海清科,2026-06-15,2026-06-15 16:04:19
688121,sh,卓然股份,2026-06-15,2026-06-15 16:04:19
688122,sh,西部超导,2026-06-15,2026-06-15 16:04:19
688123,sh,聚辰股份,2026-06-15,2026-06-15 16:04:19
688125,sh,安达智能,2026-06-15,2026-06-15 16:04:19
688126,sh,沪硅产业,2026-06-15,2026-06-15 16:04:19
688127,sh,蓝特光学,2026-06-15,2026-06-15 16:04:19
688128,sh,中国电研,2026-06-15,2026-06-15 16:04:19
688129,sh,东来技术,2026-06-15,2026-06-15 16:04:19
688130,sh,晶华微,2026-06-15,2026-06-15 16:04:19
688131,sh,皓元医药,2026-06-15,2026-06-15 16:04:19
688132,sh,邦彦技术,2026-06-15,2026-06-15 16:04:19
688133,sh,泰坦科技,2026-06-15,2026-06-15 16:04:19
688135,sh,利扬芯片,2026-06-15,2026-06-15 16:04:19
688136,sh,科兴制药,2026-06-15,2026-06-15 16:04:19
688137,sh,近岸蛋白,2026-06-15,2026-06-15 16:04:19
688138,sh,清溢光电,2026-06-15,2026-06-15 16:04:19
688139,sh,海尔生物,2026-06-15,2026-06-15 16:04:19
688141,sh,杰华特,2026-06-15,2026-06-15 16:04:19
688143,sh,长盈通,2026-06-15,2026-06-15 16:04:19
688146,sh,中船特气,2026-06-15,2026-06-15 16:04:19
688147,sh,微导纳米,2026-06-15,2026-06-15 16:04:19
688148,sh,芳源股份,2026-06-15,2026-06-15 16:04:19
688150,sh,莱特光电,2026-06-15,2026-06-15 16:04:19
688151,sh,华强科技,2026-06-15,2026-06-15 16:04:19
688152,sh,麒麟信安,2026-06-15,2026-06-15 16:04:19
688153,sh,唯捷创芯,2026-06-15,2026-06-15 16:04:19
688155,sh,先惠技术,2026-06-15,2026-06-15 16:04:19
688156,sh,路德科技,2026-06-15,2026-06-15 16:04:19
688157,sh,松井股份,2026-06-15,2026-06-15 16:04:19
688158,sh,优刻得,2026-06-15,2026-06-15 16:04:19
688159,sh,有方科技,2026-06-15,2026-06-15 16:04:19
688160,sh,步科股份,2026-06-15,2026-06-15 16:04:19
688161,sh,威高骨科,2026-06-15,2026-06-15 16:04:19
688162,sh,巨一科技,2026-06-15,2026-06-15 16:04:19
688163,sh,赛伦生物,2026-06-15,2026-06-15 16:04:19
688165,sh,埃夫特,2026-06-15,2026-06-15 16:04:19
688166,sh,博瑞医药,2026-06-15,2026-06-15 16:04:19
688167,sh,炬光科技,2026-06-15,2026-06-15 16:04:19
688168,sh,安博通,2026-06-15,2026-06-15 16:04:19
688169,sh,石头科技,2026-06-15,2026-06-15 16:04:19
688170,sh,德龙激光,2026-06-15,2026-06-15 16:04:19
688171,sh,纬德信息,2026-06-15,2026-06-15 16:04:19
688172,sh,燕东微,2026-06-15,2026-06-15 16:04:19
688173,sh,希荻微,2026-06-15,2026-06-15 16:04:19
688175,sh,高凌信息,2026-06-15,2026-06-15 16:04:19
688176,sh,亚虹医药,2026-06-15,2026-06-15 16:04:19
688177,sh,百奥泰,2026-06-15,2026-06-15 16:04:19
688178,sh,万德斯,2026-06-15,2026-06-15 16:04:19
688179,sh,阿拉丁,2026-06-15,2026-06-15 16:04:19
688180,sh,君实生物,2026-06-15,2026-06-15 16:04:19
688181,sh,八亿时空,2026-06-15,2026-06-15 16:04:19
688182,sh,灿勤科技,2026-06-15,2026-06-15 16:04:19
688183,sh,生益电子,2026-06-15,2026-06-15 16:04:19
688184,sh,ST帕瓦,2026-06-15,2026-06-15 16:04:19
688185,sh,康希诺,2026-06-15,2026-06-15 16:04:19
688186,sh,广大特材,2026-06-15,2026-06-15 16:04:19
688187,sh,时代电气,2026-06-15,2026-06-15 16:04:19
688188,sh,柏楚电子,2026-06-15,2026-06-15 16:04:19
688189,sh,南新制药,2026-06-15,2026-06-15 16:04:19
688190,sh,云路股份,2026-06-15,2026-06-15 16:04:19
688191,sh,智洋创新,2026-06-15,2026-06-15 16:04:19
688192,sh,迪哲医药,2026-06-15,2026-06-15 16:04:19
688193,sh,仁度生物,2026-06-15,2026-06-15 16:04:19
688195,sh,腾景科技,2026-06-15,2026-06-15 16:04:19
688196,sh,卓越新能,2026-06-15,2026-06-15 16:04:19
688197,sh,首药控股,2026-06-15,2026-06-15 16:04:19
688198,sh,佰仁医疗,2026-06-15,2026-06-15 16:04:19
688199,sh,久日新材,2026-06-15,2026-06-15 16:04:19
688200,sh,华峰测控,2026-06-15,2026-06-15 16:04:19
688201,sh,ST信安,2026-06-15,2026-06-15 16:04:19
688202,sh,美迪西,2026-06-15,2026-06-15 16:04:19
688203,sh,海正生材,2026-06-15,2026-06-15 16:04:19
688205,sh,德科立,2026-06-15,2026-06-15 16:04:19
688206,sh,概伦电子,2026-06-15,2026-06-15 16:04:19
688207,sh,格灵深瞳,2026-06-15,2026-06-15 16:04:19
688208,sh,道通科技,2026-06-15,2026-06-15 16:04:19
688209,sh,英集芯,2026-06-15,2026-06-15 16:04:19
688210,sh,统联精密,2026-06-15,2026-06-15 16:04:19
688211,sh,中科微至,2026-06-15,2026-06-15 16:04:19
688212,sh,澳华内镜,2026-06-15,2026-06-15 16:04:19
688213,sh,思特威,2026-06-15,2026-06-15 16:04:19
688215,sh,瑞晟智能,2026-06-15,2026-06-15 16:04:19
688216,sh,气派科技,2026-06-15,2026-06-15 16:04:19
688217,sh,睿昂基因,2026-06-15,2026-06-15 16:04:19
688218,sh,江苏北人,2026-06-15,2026-06-15 16:04:19
688219,sh,会通股份,2026-06-15,2026-06-15 16:04:19
688220,sh,翱捷科技,2026-06-15,2026-06-15 16:04:19
688221,sh,前沿生物,2026-06-15,2026-06-15 16:04:19
688222,sh,成都先导,2026-06-15,2026-06-15 16:04:19
688223,sh,晶科能源,2026-06-15,2026-06-15 16:04:19
688225,sh,亚信安全,2026-06-15,2026-06-15 16:04:19
688226,sh,威腾电气,2026-06-15,2026-06-15 16:04:19
688227,sh,品高股份,2026-06-15,2026-06-15 16:04:19
688228,sh,开普云,2026-06-15,2026-06-15 16:04:19
688229,sh,博睿数据,2026-06-15,2026-06-15 16:04:19
688230,sh,芯导科技,2026-06-15,2026-06-15 16:04:19
688231,sh,隆达股份,2026-06-15,2026-06-15 16:04:19
688232,sh,新点软件,2026-06-15,2026-06-15 16:04:19
688233,sh,神工股份,2026-06-15,2026-06-15 16:04:19
688234,sh,天岳先进,2026-06-15,2026-06-15 16:04:19
688235,sh,百济神州,2026-06-15,2026-06-15 16:04:19
688236,sh,春立医疗,2026-06-15,2026-06-15 16:04:19
688237,sh,超卓航科,2026-06-15,2026-06-15 16:04:19
688238,sh,和元生物,2026-06-15,2026-06-15 16:04:19
688239,sh,航宇科技,2026-06-15,2026-06-15 16:04:19
688244,sh,永信至诚,2026-06-15,2026-06-15 16:04:19
688246,sh,嘉和美康,2026-06-15,2026-06-15 16:04:19
688247,sh,宣泰医药,2026-06-15,2026-06-15 16:04:19
688248,sh,南网科技,2026-06-15,2026-06-15 16:04:19
688249,sh,晶合集成,2026-06-15,2026-06-15 16:04:19
688251,sh,井松智能,2026-06-15,2026-06-15 16:04:19
688252,sh,天德钰,2026-06-15,2026-06-15 16:04:19
688253,sh,英诺特,2026-06-15,2026-06-15 16:04:19
688255,sh,凯尔达,2026-06-15,2026-06-15 16:04:19
688256,sh,寒武纪,2026-06-15,2026-06-15 16:04:19
688257,sh,新锐股份,2026-06-15,2026-06-15 16:04:19
688258,sh,卓易信息,2026-06-15,2026-06-15 16:04:19
688259,sh,创耀科技,2026-06-15,2026-06-15 16:04:19
688260,sh,昀冢科技,2026-06-15,2026-06-15 16:04:19
688261,sh,东微半导,2026-06-15,2026-06-15 16:04:19
688262,sh,国芯科技,2026-06-15,2026-06-15 16:04:19
688265,sh,南模生物,2026-06-15,2026-06-15 16:04:19
688266,sh,泽璟制药,2026-06-15,2026-06-15 16:04:19
688267,sh,中触媒,2026-06-15,2026-06-15 16:04:19
688268,sh,华特气体,2026-06-15,2026-06-15 16:04:19
688269,sh,凯立新材,2026-06-15,2026-06-15 16:04:19
688270,sh,ST臻镭,2026-06-15,2026-06-15 16:04:19
688271,sh,联影医疗,2026-06-15,2026-06-15 16:04:19
688272,sh,富吉瑞,2026-06-15,2026-06-15 16:04:19
688273,sh,麦澜德,2026-06-15,2026-06-15 16:04:19
688275,sh,万润新能,2026-06-15,2026-06-15 16:04:19
688276,sh,百克生物,2026-06-15,2026-06-15 16:04:19
688277,sh,天智航,2026-06-15,2026-06-15 16:04:19
688278,sh,特宝生物,2026-06-15,2026-06-15 16:04:19
688279,sh,峰岹科技,2026-06-15,2026-06-15 16:04:19
688280,sh,精进电动,2026-06-15,2026-06-15 16:04:19
688281,sh,华秦科技,2026-06-15,2026-06-15 16:04:19
688282,sh,理工导航,2026-06-15,2026-06-15 16:04:19
688283,sh,坤恒顺维,2026-06-15,2026-06-15 16:04:19
688285,sh,高铁电气,2026-06-15,2026-06-15 16:04:19
688286,sh,敏芯股份,2026-06-15,2026-06-15 16:04:19
688287,sh,,2026-06-08,2026-06-15 16:04:19
688288,sh,鸿泉技术,2026-06-15,2026-06-15 16:04:19
688289,sh,圣湘生物,2026-06-15,2026-06-15 16:04:19
688290,sh,景业智能,2026-06-15,2026-06-15 16:04:19
688291,sh,金橙子,2026-06-15,2026-06-15 16:04:19
688292,sh,浩瀚深度,2026-06-15,2026-06-15 16:04:19
688293,sh,奥浦迈,2026-06-15,2026-06-15 16:04:19
688295,sh,中复神鹰,2026-06-15,2026-06-15 16:04:19
688296,sh,和达科技,2026-06-15,2026-06-15 16:04:19
688297,sh,中无人机,2026-06-15,2026-06-15 16:04:19
688298,sh,东方生物,2026-06-15,2026-06-15 16:04:19
688299,sh,长阳科技,2026-06-15,2026-06-15 16:04:19
688300,sh,联瑞新材,2026-06-15,2026-06-15 16:04:19
688301,sh,奕瑞科技,2026-06-15,2026-06-15 16:04:19
688302,sh,海创药业,2026-06-15,2026-06-15 16:04:19
688303,sh,大全能源,2026-06-15,2026-06-15 16:04:19
688305,sh,科德数控,2026-06-15,2026-06-15 16:04:19
688306,sh,均普智能,2026-06-15,2026-06-15 16:04:19
688307,sh,中润光学,2026-06-15,2026-06-15 16:04:19
688308,sh,欧科亿,2026-06-15,2026-06-15 16:04:19
688309,sh,恒誉环保,2026-06-15,2026-06-15 16:04:19
688310,sh,迈得医疗,2026-06-15,2026-06-15 16:04:19
688311,sh,盟升电子,2026-06-15,2026-06-15 16:04:19
688312,sh,燕麦科技,2026-06-15,2026-06-15 16:04:19
688313,sh,仕佳光子,2026-06-15,2026-06-15 16:04:19
688314,sh,康拓医疗,2026-06-15,2026-06-15 16:04:19
688315,sh,诺禾致源,2026-06-15,2026-06-15 16:04:19
688316,sh,青云科技,2026-06-15,2026-06-15 16:04:19
688317,sh,之江生物,2026-06-15,2026-06-15 16:04:19
688318,sh,财富趋势,2026-06-15,2026-06-15 16:04:19
688319,sh,欧林生物,2026-06-15,2026-06-15 16:04:19
688320,sh,禾川科技,2026-06-15,2026-06-15 16:04:19
688321,sh,微芯生物,2026-06-15,2026-06-15 16:04:19
688322,sh,奥比中光,2026-06-15,2026-06-15 16:04:19
688323,sh,瑞华泰,2026-06-15,2026-06-15 16:04:19
688325,sh,赛微微电,2026-06-15,2026-06-15 16:04:19
688326,sh,经纬恒润,2026-06-15,2026-06-15 16:04:19
688327,sh,云从科技,2026-06-15,2026-06-15 16:04:19
688328,sh,深科达,2026-06-15,2026-06-15 16:04:19
688329,sh,艾隆科技,2026-06-15,2026-06-15 16:04:19
688330,sh,宏力达,2026-06-15,2026-06-15 16:04:19
688331,sh,荣昌生物,2026-06-15,2026-06-15 16:04:19
688332,sh,中科蓝讯,2026-06-15,2026-06-15 16:04:19
688333,sh,铂力特,2026-06-15,2026-06-15 16:04:19
688334,sh,西高院,2026-06-15,2026-06-15 16:04:19
688335,sh,复洁科技,2026-06-15,2026-06-15 16:04:19
688336,sh,三生国健,2026-06-15,2026-06-15 16:04:19
688337,sh,普源精电,2026-06-15,2026-06-15 16:04:19
688338,sh,赛科希德,2026-06-15,2026-06-15 16:04:19
688339,sh,亿华通,2026-06-15,2026-06-15 16:04:19
688343,sh,云天励飞,2026-06-15,2026-06-15 16:04:19
688345,sh,博力威,2026-06-15,2026-06-15 16:04:19
688347,sh,华虹宏力,2026-06-15,2026-06-15 16:04:19
688348,sh,昱能科技,2026-06-15,2026-06-15 16:04:19
688349,sh,三一重能,2026-06-15,2026-06-15 16:04:19
688350,sh,富淼科技,2026-06-15,2026-06-15 16:04:19
688351,sh,微电生理,2026-06-15,2026-06-15 16:04:19
688352,sh,颀中科技,2026-06-15,2026-06-15 16:04:19
688353,sh,华盛锂电,2026-06-15,2026-06-15 16:04:19
688355,sh,明志科技,2026-06-15,2026-06-15 16:04:19
688356,sh,键凯科技,2026-06-15,2026-06-15 16:04:19
688357,sh,建龙微纳,2026-06-15,2026-06-15 16:04:19
688358,sh,祥生医疗,2026-06-15,2026-06-15 16:04:19
688359,sh,三孚新科,2026-06-15,2026-06-15 16:04:19
688360,sh,德马科技,2026-06-15,2026-06-15 16:04:19
688361,sh,中科飞测,2026-06-15,2026-06-15 16:04:19
688362,sh,甬矽电子,2026-06-15,2026-06-15 16:04:19
688363,sh,华熙生物,2026-06-15,2026-06-15 16:04:19
688365,sh,光云科技,2026-06-15,2026-06-15 16:04:19
688366,sh,昊海生科,2026-06-15,2026-06-15 16:04:19
688367,sh,工大高科,2026-06-15,2026-06-15 16:04:19
688368,sh,晶丰明源,2026-06-15,2026-06-15 16:04:19
688369,sh,致远互联,2026-06-15,2026-06-15 16:04:19
688370,sh,丛麟科技,2026-06-15,2026-06-15 16:04:19
688371,sh,菲沃泰,2026-06-15,2026-06-15 16:04:19
688372,sh,伟测科技,2026-06-15,2026-06-15 16:04:19
688373,sh,盟科药业,2026-06-15,2026-06-15 16:04:19
688375,sh,国博电子,2026-06-15,2026-06-15 16:04:19
688376,sh,美埃科技,2026-06-15,2026-06-15 16:04:19
688377,sh,迪威尔,2026-06-15,2026-06-15 16:04:19
688378,sh,奥来德,2026-06-15,2026-06-15 16:04:19
688379,sh,华光新材,2026-06-15,2026-06-15 16:04:19
688380,sh,中微半导,2026-06-15,2026-06-15 16:04:19
688381,sh,帝奥微,2026-06-15,2026-06-15 16:04:19
688382,sh,益方生物,2026-06-15,2026-06-15 16:04:19
688383,sh,新益昌,2026-06-15,2026-06-15 16:04:19
688385,sh,复旦微电,2026-06-15,2026-06-15 16:04:19
688386,sh,泛亚微透,2026-06-15,2026-06-15 16:04:19
688387,sh,信科移动,2026-06-15,2026-06-15 16:04:19
688388,sh,嘉元科技,2026-06-15,2026-06-15 16:04:19
688389,sh,普门科技,2026-06-15,2026-06-15 16:04:19
688390,sh,固德威,2026-06-15,2026-06-15 16:04:19
688391,sh,钜泉科技,2026-06-15,2026-06-15 16:04:19
688392,sh,骄成超声,2026-06-15,2026-06-15 16:04:19
688393,sh,安必平,2026-06-15,2026-06-15 16:04:19
688395,sh,正弦电气,2026-06-15,2026-06-15 16:04:19
688396,sh,华润微,2026-06-15,2026-06-15 16:04:19
688398,sh,赛特新材,2026-06-15,2026-06-15 16:04:19
688399,sh,硕世生物,2026-06-15,2026-06-15 16:04:19
688400,sh,凌云光,2026-06-15,2026-06-15 16:04:19
688401,sh,路维光电,2026-06-15,2026-06-15 16:04:19
688403,sh,汇成股份,2026-06-15,2026-06-15 16:04:19
688408,sh,中信博,2026-06-15,2026-06-15 16:04:19
688409,sh,富创精密,2026-06-15,2026-06-15 16:04:19
688410,sh,山外山,2026-06-15,2026-06-15 16:04:19
688411,sh,海博思创,2026-06-15,2026-06-15 16:04:19
688416,sh,恒烁股份,2026-06-15,2026-06-15 16:04:19
688418,sh,震有科技,2026-06-15,2026-06-15 16:04:19
688419,sh,耐科装备,2026-06-15,2026-06-15 16:04:19
688420,sh,美腾科技,2026-06-15,2026-06-15 16:04:19
688425,sh,铁建重工,2026-06-15,2026-06-15 16:04:19
688426,sh,康为世纪,2026-06-15,2026-06-15 16:04:19
688428,sh,诺诚健华,2026-06-15,2026-06-15 16:04:19
688429,sh,时创能源,2026-06-15,2026-06-15 16:04:19
688432,sh,有研硅,2026-06-15,2026-06-15 16:04:19
688433,sh,华曙高科,2026-06-15,2026-06-15 16:04:19
688435,sh,英方软件,2026-06-15,2026-06-15 16:04:19
688439,sh,振华风光,2026-06-15,2026-06-15 16:04:19
688443,sh,智翔金泰,2026-06-15,2026-06-15 16:04:19
688448,sh,磁谷科技,2026-06-15,2026-06-15 16:04:19
688449,sh,联芸科技,2026-06-15,2026-06-15 16:04:19
688450,sh,光格科技,2026-06-15,2026-06-15 16:04:19
688455,sh,科捷智能,2026-06-15,2026-06-15 16:04:19
688456,sh,有研粉材,2026-06-15,2026-06-15 16:04:19
688458,sh,美芯晟,2026-06-15,2026-06-15 16:04:19
688459,sh,哈铁科技,2026-06-15,2026-06-15 16:04:19
688466,sh,金科环境,2026-06-15,2026-06-15 16:04:19
688468,sh,科美诊断,2026-06-15,2026-06-15 16:04:19
688469,sh,芯联集成,2026-06-15,2026-06-15 16:04:19
688472,sh,阿特斯,2026-06-15,2026-06-15 16:04:19
688475,sh,萤石网络,2026-06-15,2026-06-15 16:04:19
688478,sh,晶升股份,2026-06-15,2026-06-15 16:04:19
688479,sh,友车科技,2026-06-15,2026-06-15 16:04:19
688480,sh,赛恩斯,2026-06-15,2026-06-15 16:04:19
688484,sh,南芯科技,2026-06-15,2026-06-15 16:04:19
688485,sh,九州一轨,2026-06-15,2026-06-15 16:04:19
688486,sh,龙迅股份,2026-06-15,2026-06-15 16:04:19
688488,sh,艾迪药业,2026-06-15,2026-06-15 16:04:19
688489,sh,三未信安,2026-06-15,2026-06-15 16:04:19
688496,sh,*ST清越,2026-06-15,2026-06-15 16:04:19
688498,sh,源杰科技,2026-06-15,2026-06-15 16:04:19
688499,sh,利元亨,2026-06-15,2026-06-15 16:04:19
688500,sh,慧辰股份,2026-06-15,2026-06-15 16:04:19
688501,sh,青达环保,2026-06-15,2026-06-15 16:04:19
688502,sh,茂莱光学,2026-06-15,2026-06-15 16:04:19
688503,sh,聚和材料,2026-06-15,2026-06-15 16:04:19
688505,sh,复旦张江,2026-06-15,2026-06-15 16:04:19
688506,sh,百利天恒,2026-06-15,2026-06-15 16:04:19
688507,sh,索辰科技,2026-06-15,2026-06-15 16:04:19
688508,sh,芯朋微,2026-06-15,2026-06-15 16:04:19
688509,sh,正元地信,2026-06-15,2026-06-15 16:04:19
688510,sh,航亚科技,2026-06-15,2026-06-15 16:04:19
688511,sh,天微电子,2026-06-15,2026-06-15 16:04:19
688512,sh,慧智微,2026-06-15,2026-06-15 16:04:19
688513,sh,苑东生物,2026-06-15,2026-06-15 16:04:19
688515,sh,裕太微,2026-06-15,2026-06-15 16:04:19
688516,sh,奥特维,2026-06-15,2026-06-15 16:04:19
688517,sh,金冠电气,2026-06-15,2026-06-15 16:04:19
688518,sh,联赢激光,2026-06-15,2026-06-15 16:04:19
688519,sh,南亚新材,2026-06-15,2026-06-15 16:04:19
688520,sh,神州细胞,2026-06-15,2026-06-15 16:04:19
688521,sh,芯原股份,2026-06-15,2026-06-15 16:04:19
688522,sh,纳睿雷达,2026-06-15,2026-06-15 16:04:19
688523,sh,航天环宇,2026-06-15,2026-06-15 16:04:19
688525,sh,佰维存储,2026-06-15,2026-06-15 16:04:19
688526,sh,科前生物,2026-06-15,2026-06-15 16:04:19
688528,sh,秦川物联,2026-06-15,2026-06-15 16:04:19
688529,sh,豪森智能,2026-06-15,2026-06-15 16:04:19
688530,sh,欧莱新材,2026-06-15,2026-06-15 16:04:19
688531,sh,日联科技,2026-06-15,2026-06-15 16:04:19
688533,sh,上声电子,2026-06-15,2026-06-15 16:04:19
688535,sh,华海诚科,2026-06-15,2026-06-15 16:04:19
688536,sh,思瑞浦,2026-06-15,2026-06-15 16:04:19
688538,sh,和辉光电,2026-06-15,2026-06-15 16:04:19
688539,sh,高华科技,2026-06-15,2026-06-15 16:04:19
688543,sh,国科军工,2026-06-15,2026-06-15 16:04:19
688545,sh,兴福电子,2026-06-15,2026-06-15 16:04:19
688548,sh,广钢气体,2026-06-15,2026-06-15 16:04:19
688549,sh,中巨芯,2026-06-15,2026-06-15 16:04:19
688550,sh,瑞联新材,2026-06-15,2026-06-15 16:04:19
688551,sh,科威尔,2026-06-15,2026-06-15 16:04:19
688552,sh,航天南湖,2026-06-15,2026-06-15 16:04:19
688553,sh,汇宇制药,2026-06-15,2026-06-15 16:04:19
688556,sh,高测股份,2026-06-15,2026-06-15 16:04:19
688557,sh,兰剑智能,2026-06-15,2026-06-15 16:04:19
688558,sh,国盛智科,2026-06-15,2026-06-15 16:04:19
688559,sh,海目星,2026-06-15,2026-06-15 16:04:19
688560,sh,明冠新材,2026-06-15,2026-06-15 16:04:19
688561,sh,奇安信,2026-06-15,2026-06-15 16:04:19
688562,sh,航天软件,2026-06-15,2026-06-15 16:04:19
688563,sh,航材股份,2026-06-15,2026-06-15 16:04:19
688565,sh,力源科技,2026-06-15,2026-06-15 16:04:19
688566,sh,吉贝尔,2026-06-15,2026-06-15 16:04:19
688567,sh,孚能科技,2026-06-15,2026-06-15 16:04:19
688568,sh,中科星图,2026-06-15,2026-06-15 16:04:19
688569,sh,铁科轨道,2026-06-15,2026-06-15 16:04:19
688570,sh,天玛智控,2026-06-15,2026-06-15 16:04:19
688571,sh,杭华股份,2026-06-15,2026-06-15 16:04:19
688573,sh,信宇人,2026-06-15,2026-06-15 16:04:19
688575,sh,亚辉龙,2026-06-15,2026-06-15 16:04:19
688576,sh,西山科技,2026-06-15,2026-06-15 16:04:19
688577,sh,浙海德曼,2026-06-15,2026-06-15 16:04:19
688578,sh,艾力斯,2026-06-15,2026-06-15 16:04:19
688579,sh,地纬智能,2026-06-15,2026-06-15 16:04:19
688580,sh,伟思医疗,2026-06-15,2026-06-15 16:04:19
688581,sh,安杰思,2026-06-15,2026-06-15 16:04:19
688582,sh,芯动联科,2026-06-15,2026-06-15 16:04:19
688583,sh,思看科技,2026-06-15,2026-06-15 16:04:19
688584,sh,上海合晶,2026-06-15,2026-06-15 16:04:19
688585,sh,上纬新材,2026-06-15,2026-06-15 16:04:19
688586,sh,江航装备,2026-06-15,2026-06-15 16:04:19
688588,sh,凌志软件,2026-06-15,2026-06-15 16:04:19
688589,sh,力合微,2026-06-15,2026-06-15 16:04:19
688590,sh,新致软件,2026-06-15,2026-06-15 16:04:19
688591,sh,泰凌微,2026-06-15,2026-06-15 16:04:19
688592,sh,司南导航,2026-06-15,2026-06-15 16:04:19
688593,sh,新相微,2026-06-15,2026-06-15 16:04:19
688595,sh,芯海科技,2026-06-15,2026-06-15 16:04:19
688596,sh,正帆科技,2026-06-15,2026-06-15 16:04:19
688597,sh,煜邦电力,2026-06-15,2026-06-15 16:04:19
688598,sh,金博股份,2026-06-15,2026-06-15 16:04:19
688599,sh,天合光能,2026-06-15,2026-06-15 16:04:19
688600,sh,皖仪科技,2026-06-15,2026-06-15 16:04:19
688601,sh,力芯微,2026-06-15,2026-06-15 16:04:19
688602,sh,康鹏科技,2026-06-15,2026-06-15 16:04:19
688603,sh,天承科技,2026-06-15,2026-06-15 16:04:19
688605,sh,先锋精科,2026-06-15,2026-06-15 16:04:19
688606,sh,奥泰生物,2026-06-15,2026-06-15 16:04:19
688607,sh,康众医疗,2026-06-15,2026-06-15 16:04:19
688608,sh,恒玄科技,2026-06-15,2026-06-15 16:04:19
688609,sh,九联科技,2026-06-15,2026-06-15 16:04:19
688610,sh,埃科光电,2026-06-15,2026-06-15 16:04:19
688611,sh,杭州柯林,2026-06-15,2026-06-15 16:04:19
688612,sh,威迈斯,2026-06-15,2026-06-15 16:04:19
688613,sh,奥精医疗,2026-06-15,2026-06-15 16:04:19
688615,sh,合合信息,2026-06-15,2026-06-15 16:04:19
688616,sh,西力科技,2026-06-15,2026-06-15 16:04:19
688617,sh,惠泰医疗,2026-06-15,2026-06-15 16:04:19
688618,sh,三旺通信,2026-06-15,2026-06-15 16:04:19
688619,sh,罗普特,2026-06-15,2026-06-15 16:04:19
688620,sh,安凯微,2026-06-15,2026-06-15 16:04:19
688621,sh,阳光诺和,2026-06-15,2026-06-15 16:04:19
688622,sh,*ST禾信,2026-06-15,2026-06-15 16:04:19
688623,sh,双元科技,2026-06-15,2026-06-15 16:04:19
688625,sh,呈和科技,2026-06-15,2026-06-15 16:04:19
688626,sh,翔宇医疗,2026-06-15,2026-06-15 16:04:19
688627,sh,精智达,2026-06-15,2026-06-15 16:04:19
688628,sh,优利德,2026-06-15,2026-06-15 16:04:19
688629,sh,华丰科技,2026-06-15,2026-06-15 16:04:19
688630,sh,芯碁微装,2026-06-15,2026-06-15 16:04:19
688631,sh,莱斯信息,2026-06-15,2026-06-15 16:04:19
688633,sh,星球石墨,2026-06-15,2026-06-15 16:04:19
688635,sh,长进光子,2026-06-15,2026-06-15 16:04:19
688636,sh,智明达,2026-06-15,2026-06-15 16:04:19
688638,sh,誉辰智能,2026-06-15,2026-06-15 16:04:19
688639,sh,华恒生物,2026-06-15,2026-06-15 16:04:19
688646,sh,ST逸飞,2026-06-15,2026-06-15 16:04:19
688648,sh,中邮科技,2026-06-15,2026-06-15 16:04:19
688651,sh,盛邦安全,2026-06-15,2026-06-15 16:04:19
688652,sh,京仪装备,2026-06-15,2026-06-15 16:04:19
688653,sh,康希通信,2026-06-15,2026-06-15 16:04:19
688655,sh,迅捷兴,2026-06-15,2026-06-15 16:04:19
688656,sh,浩欧博,2026-06-15,2026-06-15 16:04:19
688657,sh,浩辰软件,2026-06-15,2026-06-15 16:04:19
688658,sh,悦康药业,2026-06-15,2026-06-15 16:04:19
688659,sh,元琛科技,2026-06-15,2026-06-15 16:04:19
688660,sh,电气风电,2026-06-15,2026-06-15 16:04:19
688661,sh,和林微纳,2026-06-15,2026-06-15 16:04:19
688662,sh,富信科技,2026-06-15,2026-06-15 16:04:19
688663,sh,新风光,2026-06-15,2026-06-15 16:04:19
688665,sh,四方光电,2026-06-15,2026-06-15 16:04:19
688667,sh,菱电电控,2026-06-15,2026-06-15 16:04:19
688668,sh,鼎通科技,2026-06-15,2026-06-15 16:04:19
688669,sh,聚石化学,2026-06-15,2026-06-15 16:04:19
688670,sh,金迪克,2026-06-15,2026-06-15 16:04:19
688671,sh,碧兴物联,2026-06-15,2026-06-15 16:04:19
688676,sh,金盘科技,2026-06-15,2026-06-15 16:04:19
688677,sh,海泰新光,2026-06-15,2026-06-15 16:04:19
688678,sh,福立旺,2026-06-15,2026-06-15 16:04:19
688679,sh,通源环境,2026-06-15,2026-06-15 16:04:19
688680,sh,海优新材,2026-06-15,2026-06-15 16:04:19
688681,sh,科汇股份,2026-06-15,2026-06-15 16:04:19
688682,sh,霍莱沃,2026-06-15,2026-06-15 16:04:19
688683,sh,莱尔科技,2026-06-15,2026-06-15 16:04:19
688685,sh,迈信林,2026-06-15,2026-06-15 16:04:19
688686,sh,奥普特,2026-06-15,2026-06-15 16:04:19
688687,sh,凯因科技,2026-06-15,2026-06-15 16:04:19
688689,sh,银河微电,2026-06-15,2026-06-15 16:04:19
688690,sh,纳微科技,2026-06-15,2026-06-15 16:04:19
688691,sh,灿芯股份,2026-06-15,2026-06-15 16:04:19
688692,sh,达梦数据,2026-06-15,2026-06-15 16:04:19
688693,sh,锴威特,2026-06-15,2026-06-15 16:04:19
688695,sh,中创股份,2026-06-15,2026-06-15 16:04:19
688696,sh,极米科技,2026-06-15,2026-06-15 16:04:19
688697,sh,纽威数控,2026-06-15,2026-06-15 16:04:19
688698,sh,伟创电气,2026-06-15,2026-06-15 16:04:19
688699,sh,明微电子,2026-06-15,2026-06-15 16:04:19
688700,sh,东威科技,2026-06-15,2026-06-15 16:04:19
688701,sh,卓锦股份,2026-06-15,2026-06-15 16:04:19
688702,sh,盛科通信,2026-06-15,2026-06-15 16:04:19
688707,sh,振华新材,2026-06-15,2026-06-15 16:04:19
688708,sh,佳驰科技,2026-06-15,2026-06-15 16:04:19
688709,sh,成都华微,2026-06-15,2026-06-15 16:04:19
688710,sh,益诺思,2026-06-15,2026-06-15 16:04:19
688711,sh,宏微科技,2026-06-15,2026-06-15 16:04:19
688712,sh,北芯生命,2026-06-15,2026-06-15 16:04:19
688716,sh,中研股份,2026-06-15,2026-06-15 16:04:19
688717,sh,艾罗能源,2026-06-15,2026-06-15 16:04:19
688718,sh,唯赛勃,2026-06-15,2026-06-15 16:04:19
688719,sh,爱科赛博,2026-06-15,2026-06-15 16:04:19
688720,sh,艾森股份,2026-06-15,2026-06-15 16:04:19
688721,sh,龙图光罩,2026-06-15,2026-06-15 16:04:19
688722,sh,同益中,2026-06-15,2026-06-15 16:04:19
688726,sh,拉普拉斯,2026-06-15,2026-06-15 16:04:19
688727,sh,恒坤新材,2026-06-15,2026-06-15 16:04:19
688728,sh,格科微,2026-06-15,2026-06-15 16:04:19
688729,sh,屹唐股份,2026-06-15,2026-06-15 16:04:19
688733,sh,壹石通,2026-06-15,2026-06-15 16:04:19
688737,sh,中自科技,2026-06-15,2026-06-15 16:04:19
688739,sh,成大生物,2026-06-15,2026-06-15 16:04:19
688750,sh,金天钛业,2026-06-15,2026-06-15 16:04:19
688755,sh,汉邦科技,2026-06-15,2026-06-15 16:04:19
688757,sh,胜科纳米,2026-06-15,2026-06-15 16:04:19
688758,sh,赛分科技,2026-06-15,2026-06-15 16:04:19
688759,sh,必贝特,2026-06-15,2026-06-15 16:04:19
688765,sh,禾元生物,2026-06-15,2026-06-15 16:04:19
688766,sh,普冉股份,2026-06-15,2026-06-15 16:04:19
688767,sh,博拓生物,2026-06-15,2026-06-15 16:04:19
688768,sh,容知日新,2026-06-15,2026-06-15 16:04:19
688772,sh,珠海冠宇,2026-06-15,2026-06-15 16:04:19
688775,sh,影石创新,2026-06-15,2026-06-15 16:04:19
688776,sh,国光电气,2026-06-15,2026-06-15 16:04:19
688777,sh,中控技术,2026-06-15,2026-06-15 16:04:19
688778,sh,厦钨新能,2026-06-15,2026-06-15 16:04:19
688779,sh,五矿新能,2026-06-15,2026-06-15 16:04:19
688781,sh,视涯科技,2026-06-15,2026-06-15 16:04:19
688783,sh,西安奕材,2026-06-15,2026-06-15 16:04:19
688785,sh,恒运昌,2026-06-15,2026-06-15 16:04:19
688786,sh,悦安新材,2026-06-15,2026-06-15 16:04:19
688787,sh,海天瑞声,2026-06-15,2026-06-15 16:04:19
688788,sh,科思科技,2026-06-15,2026-06-15 16:04:19
688789,sh,宏华数科,2026-06-15,2026-06-15 16:04:19
688790,sh,昂瑞微,2026-06-15,2026-06-15 16:04:19
688793,sh,倍轻松,2026-06-15,2026-06-15 16:04:19
688795,sh,摩尔线程,2026-06-15,2026-06-15 16:04:19
688796,sh,百奥赛图,2026-06-15,2026-06-15 16:04:19
688798,sh,艾为电子,2026-06-15,2026-06-15 16:04:19
688799,sh,华纳药厂,2026-06-15,2026-06-15 16:04:19
688800,sh,瑞可达,2026-06-15,2026-06-15 16:04:19
688802,sh,沐曦股份,2026-06-15,2026-06-15 16:04:19
688805,sh,健信超导,2026-06-15,2026-06-15 16:04:19
688807,sh,优迅股份,2026-06-15,2026-06-15 16:04:19
688808,sh,联讯仪器,2026-06-15,2026-06-15 16:04:19
688809,sh,强一股份,2026-06-15,2026-06-15 16:04:19
688811,sh,有研复材,2026-06-15,2026-06-15 16:04:19
688813,sh,泰金新能,2026-06-15,2026-06-15 16:04:19
688816,sh,易思维,2026-06-15,2026-06-15 16:04:19
688818,sh,电科蓝天,2026-06-15,2026-06-15 16:04:19
688819,sh,天能股份,2026-06-15,2026-06-15 16:04:19
688820,sh,盛合晶微,2026-06-15,2026-06-15 16:04:19
688981,sh,中芯国际,2026-06-15,2026-06-15 16:04:19
689009,sh,九号公司,2026-06-15,2026-06-15 16:04:19
