rank,rank_score,probability_score,code,name,current_stage,latest_date,latest_close,current_low_date,current_low_price,current_low_to_latest_pct,current_low_to_high_pct,current_drawdown_pct,current_is_bottom_confirmed,latest_pct_chg,latest_turn,historical_valid_event_count,history_sample_count,history_success_count,history_success_rate_pct,history_avg_rebound_pct,history_max_rebound_pct,upside_to_20pct_target_pct,risk_back_to_low_pct,reason
1,87.6088520766173,81.89533808765832,605133,嵘泰股份,bottom_area,2024-02-05,16.67,2024-02-05,16.43,1.4607425441266098,9.86001217285454,27.171985815602834,False,-8.3562,5.7175,2,2,2,100.0,48.8485542379945,60.01483679525222,8.53925745587339,1.4607425441266098,历史2/2次成功; 当前距低点1.46%; 最新日涨幅-8.36%; 状态bottom_area; 底部未确认
2,86.82634464196907,80.99817012089248,603236,移远通信,confirmed_rebound,2024-02-05,30.7,2024-02-05,30.29,1.3535820402773198,10.927698910531536,30.046189376443415,False,-8.7938,3.0424,4,4,4,100.0,19.593210606047055,39.389337383102855,8.646417959722681,1.3535820402773198,历史4/4次成功; 当前距低点1.35%; 最新日涨幅-8.79%; 状态confirmed_rebound; 底部未确认
3,86.59824410952186,80.97758575384698,603005,晶方科技,confirmed_rebound,2024-02-05,13.73,2024-02-05,13.53,1.4781966001478277,11.01256467110126,28.639240506329124,False,-8.6494,5.0207,4,4,4,100.0,21.010075280559192,31.53503893214682,8.521803399852173,1.4781966001478277,历史4/4次成功; 当前距低点1.48%; 最新日涨幅-8.65%; 状态confirmed_rebound; 底部未确认
4,85.70127159891672,80.81116035681218,688302,海创药业,confirmed_rebound,2024-02-05,29.25,2024-02-05,28.7,1.9163763066202117,19.721254355400696,31.909845788849346,False,-13.8693,1.3354,4,4,4,100.0,25.486550193044376,40.24920312952768,8.083623693379788,1.9163763066202117,历史4/4次成功; 当前距低点1.92%; 最新日涨幅-13.87%; 状态confirmed_rebound; 底部未确认
5,85.50168544805615,79.77301898409746,300589,江龙船艇,confirmed_rebound,2024-02-05,8.94,2024-02-05,8.82,1.360544217687066,12.925170068027217,28.17589576547231,False,-11.1332,3.2876,3,3,3,100.0,29.758386023784738,44.07616361071933,8.639455782312936,1.360544217687066,历史3/3次成功; 当前距低点1.36%; 最新日涨幅-11.13%; 状态confirmed_rebound; 底部未确认
6,85.38101371121498,80.47622724084029,688167,炬光科技,confirmed_rebound,2024-02-05,63.99,2024-02-05,62.8,1.894904458598734,17.484076433121025,31.70943888647238,False,-13.6204,7.1056,4,4,4,100.0,23.422631217448355,39.13715105373497,8.105095541401267,1.894904458598734,历史4/4次成功; 当前距低点1.89%; 最新日涨幅-13.62%; 状态confirmed_rebound; 底部未确认
7,85.11575601648647,77.59808154849011,600343,航天动力,confirmed_rebound,2024-02-05,6.73,2024-02-05,6.72,0.14880952380953386,11.160714285714286,29.48583420776495,False,-9.9063,2.2504,4,4,4,100.0,26.383694961160476,55.72413793103447,9.851190476190466,0.14880952380953386,历史4/4次成功; 当前距低点0.15%; 最新日涨幅-9.91%; 状态confirmed_rebound; 底部未确认
8,84.61672612488499,76.92429647716817,603222,济民健康,bottom_area,2024-02-05,5.22,2024-02-05,5.22,0.0,9.578544061302683,27.70083102493075,False,-10.0,2.1968,8,8,8,100.0,22.980088586925643,68.46504559270518,10.0,0.0,历史8/8次成功; 当前距低点0.00%; 最新日涨幅-10.00%; 状态bottom_area; 底部未确认
9,84.57349306523938,79.63673612022966,300342,天银机电,confirmed_rebound,2024-02-05,8.84,2024-02-05,8.68,1.8433179723502322,16.244239631336406,31.974921630094045,False,-12.6482,6.5637,4,4,4,100.0,18.276887619291326,26.68539325842696,8.156682027649769,1.8433179723502322,历史4/4次成功; 当前距低点1.84%; 最新日涨幅-12.65%; 状态confirmed_rebound; 底部未确认
10,84.2452466857025,76.58658789609318,002761,浙江建投,bottom_area,2024-02-05,7.72,2024-02-05,7.72,0.0,9.974093264248712,27.032136105860115,False,-10.0233,3.5807,5,5,5,100.0,21.16445105426439,43.73730534867976,10.0,0.0,历史5/5次成功; 当前距低点0.00%; 最新日涨幅-10.02%; 状态bottom_area; 底部未确认
11,83.86276211801275,76.23887465273886,603327,福蓉科技,confirmed_rebound,2024-02-05,8.2,2024-02-05,8.2,0.0,10.975609756097567,27.30496453900709,False,-9.989,0.8471,4,4,4,100.0,29.510078778165898,52.609776304888165,10.0,0.0,历史4/4次成功; 当前距低点0.00%; 最新日涨幅-9.99%; 状态confirmed_rebound; 底部未确认
12,83.73718287399078,77.84563944225671,300473,德尔股份,confirmed_rebound,2024-02-05,12.09,2024-02-05,11.95,1.1715481171548165,17.489539748953973,29.038004750593828,False,-13.766,3.8472,3,3,3,100.0,17.0794040288693,21.37137137137137,8.828451882845185,1.1715481171548165,历史3/3次成功; 当前距低点1.17%; 最新日涨幅-13.77%; 状态confirmed_rebound; 底部未确认
13,83.50217518793683,78.13751030156098,002728,特一药业,bottom_area,2024-02-05,12.06,2024-02-05,11.88,1.5151515151515127,9.932659932659929,28.17412333736396,False,-8.4977,7.8971,3,3,3,100.0,12.645461054335595,14.169139465875372,8.484848484848488,1.5151515151515127,历史3/3次成功; 当前距低点1.52%; 最新日涨幅-8.50%; 状态bottom_area; 底部未确认
14,83.44993178360181,78.66346022100188,300382,斯莱克,confirmed_rebound,2024-02-05,5.9,2024-02-05,5.79,1.8998272884283303,13.298791018998266,29.56204379562044,False,-11.2782,1.8865,3,3,3,100.0,30.403583003325068,49.70059880239522,8.100172711571672,1.8998272884283303,历史3/3次成功; 当前距低点1.90%; 最新日涨幅-11.28%; 状态confirmed_rebound; 底部未确认
15,83.325,75.75,002685,华东重机,bottom_area,2024-02-05,2.25,2024-02-05,2.25,0.0,9.333333333333332,30.124223602484477,False,-10.0,2.8498,2,2,2,100.0,62.24778046811945,109.52380952380952,10.0,0.0,历史2/2次成功; 当前距低点0.00%; 最新日涨幅-10.00%; 状态bottom_area; 底部未确认
16,83.29371318050222,75.72155743682019,603196,璞源材料,bottom_area,2024-02-05,9.01,2024-02-05,9.01,0.0,9.43396226415094,28.83096366508689,False,-9.99,1.3573,4,4,4,100.0,16.513749660323555,22.85714285714286,10.0,0.0,历史4/4次成功; 当前距低点0.00%; 最新日涨幅-9.99%; 状态bottom_area; 底部未确认
17,82.41046837711902,77.0191293244103,002026,山东威达,bottom_area,2024-02-05,6.3,2024-02-05,6.21,1.4492753623188384,9.82286634460548,29.028571428571432,False,-8.6957,2.4756,2,2,2,100.0,22.49181263708199,29.397590361445776,8.550724637681162,1.4492753623188384,历史2/2次成功; 当前距低点1.45%; 最新日涨幅-8.70%; 状态bottom_area; 底部未确认
18,82.32004969516787,74.83640881378896,002235,安妮股份,bottom_area,2024-02-05,4.55,2024-02-05,4.55,0.0,9.890109890109894,29.237947122861584,False,-9.901,5.0044,3,3,3,100.0,28.421552762306185,46.16438356164384,10.0,0.0,历史3/3次成功; 当前距低点0.00%; 最新日涨幅-9.90%; 状态bottom_area; 底部未确认
19,82.24933951745957,74.77212683405415,002494,华斯股份,confirmed_rebound,2024-02-05,3.45,2024-02-05,3.45,0.0,11.014492753623186,32.35294117647058,False,-9.9217,3.1595,4,4,4,100.0,21.62433781749535,35.67251461988303,10.0,0.0,历史4/4次成功; 当前距低点0.00%; 最新日涨幅-9.92%; 状态confirmed_rebound; 底部未确认
20,82.23692976392414,75.95180124223603,000678,襄阳轴承,confirmed_rebound,2024-02-05,4.87,2024-02-01,4.83,0.828157349896481,12.836438923395447,27.368421052631582,True,-9.9815,6.1566,2,2,2,100.0,68.2777295253666,121.62162162162164,9.17184265010352,0.828157349896481,历史2/2次成功; 当前距低点0.83%; 最新日涨幅-9.98%; 状态confirmed_rebound; 底部已确认
21,82.2316896940304,77.4232955493844,300533,冰川网络,confirmed_rebound,2024-02-05,19.95,2024-02-05,19.59,1.8376722817764135,15.109749872383874,31.263157894736842,False,-9.9323,6.9461,3,3,3,100.0,22.974130923842026,40.564081294068856,8.162327718223587,1.8376722817764135,历史3/3次成功; 当前距低点1.84%; 最新日涨幅-9.93%; 状态confirmed_rebound; 底部未确认
22,81.93114034985203,74.48285486350184,000715,中兴商业,confirmed_rebound,2024-02-05,5.52,2024-02-05,5.52,0.0,10.507246376811597,29.59183673469388,False,-9.9511,4.7208,4,4,4,100.0,20.069112169364704,29.105691056910565,10.0,0.0,历史4/4次成功; 当前距低点0.00%; 最新日涨幅-9.95%; 状态confirmed_rebound; 底部未确认
23,81.7593651193402,74.32669556303654,002806,华锋股份,confirmed_rebound,2024-02-05,7.56,2024-02-05,7.56,0.0,11.50793650793651,32.800000000000004,False,-10.0,3.5619,4,4,4,100.0,19.229546037830822,34.66407010710809,10.0,0.0,历史4/4次成功; 当前距低点0.00%; 最新日涨幅-10.00%; 状态confirmed_rebound; 底部未确认
24,81.64453765528417,77.31899923646115,300446,航天智造,confirmed_rebound,2024-02-05,10.01,2024-02-05,9.8,2.142857142857133,17.14285714285714,31.707317073170728,False,-12.8049,7.9002,3,3,3,100.0,26.154373775136584,51.92697768762679,7.857142857142868,2.142857142857133,历史3/3次成功; 当前距低点2.14%; 最新日涨幅-12.80%; 状态confirmed_rebound; 底部未确认
25,81.6073730503717,75.83494790294512,000799,酒鬼酒,bottom_area,2024-02-05,52.76,2024-02-05,52.16,1.1503067484662604,8.32055214723927,27.816219208414072,False,-8.2435,2.7851,2,2,2,100.0,12.460469298108508,14.685314685314685,8.84969325153374,1.1503067484662604,历史2/2次成功; 当前距低点1.15%; 最新日涨幅-8.24%; 状态bottom_area; 底部未确认
26,81.56113297857566,77.58521995161036,002240,盛新锂能,bottom_area,2024-02-05,17.66,2024-02-05,17.25,2.3768115942028993,8.927536231884053,28.363787375415278,False,-7.3938,2.6604,3,3,3,100.0,20.23844293759655,33.42198581560282,7.6231884057971016,2.3768115942028993,历史3/3次成功; 当前距低点2.38%; 最新日涨幅-7.39%; 状态bottom_area; 底部未确认
27,81.54705230414645,76.47189078366874,300667,必创科技,confirmed_rebound,2024-02-05,9.99,2024-02-05,9.83,1.6276703967446606,17.395727365208536,31.21063680895731,False,-13.9535,4.3377,2,2,2,100.0,31.951501549712724,36.615811373092924,8.372329603255341,1.6276703967446606,历史2/2次成功; 当前距低点1.63%; 最新日涨幅-13.95%; 状态confirmed_rebound; 底部未确认
28,81.42945787545789,74.02677988677989,002375,亚厦股份,bottom_area,2024-02-05,3.2,2024-02-05,3.2,0.0,9.999999999999995,28.089887640449433,False,-9.8592,1.9475,3,3,3,100.0,24.06870906870906,36.9047619047619,10.0,0.0,历史3/3次成功; 当前距低点0.00%; 最新日涨幅-9.86%; 状态bottom_area; 底部未确认
29,81.42911113184827,74.02646466531661,600338,西藏珠峰,bottom_area,2024-02-05,7.74,2024-02-05,7.74,0.0,8.785529715762271,27.595884003741812,False,-10.0,3.8148,3,3,3,100.0,24.06701432965921,31.213191990577155,10.0,0.0,历史3/3次成功; 当前距低点0.00%; 最新日涨幅-10.00%; 状态bottom_area; 底部未确认
30,81.40671265531893,74.9644548192865,002006,精工科技,confirmed_rebound,2024-02-05,8.96,2024-02-05,8.9,0.674157303370792,11.011235955056184,30.086410054988217,False,-9.4034,2.27,3,3,3,100.0,35.330825112752166,61.48648648648647,9.325842696629207,0.674157303370792,历史3/3次成功; 当前距低点0.67%; 最新日涨幅-9.40%; 状态confirmed_rebound; 底部未确认
31,81.40113655972516,74.00103323611377,002654,万润科技,confirmed_rebound,2024-02-05,7.85,2024-02-05,7.85,0.0,10.573248407643314,27.112349117920147,False,-9.9771,3.958,4,4,4,100.0,17.47867331243963,35.84905660377357,10.0,0.0,历史4/4次成功; 当前距低点0.00%; 最新日涨幅-9.98%; 状态confirmed_rebound; 底部未确认
32,81.32488721160539,73.93171564691399,002084,海鸥住工,bottom_area,2024-02-05,2.62,2024-02-05,2.62,0.0,9.923664122137396,32.12435233160622,False,-9.9656,1.7561,3,3,3,100.0,23.557611004913852,43.81720430107525,10.0,0.0,历史3/3次成功; 当前距低点0.00%; 最新日涨幅-9.97%; 状态bottom_area; 底部未确认
33,81.19008975559736,76.66378041227992,603198,迎驾贡酒,bottom_area,2024-02-05,49.22,2024-02-05,48.26,1.9892250310816428,6.299212598425195,28.51429417864021,False,-1.9912,0.7624,1,1,1,100.0,33.65168539325842,33.65168539325842,8.010774968918358,1.9892250310816428,历史1/1次成功; 当前距低点1.99%; 最新日涨幅-1.99%; 状态bottom_area; 底部未确认
34,81.1810210543408,76.26095917225952,600215,派斯林,bottom_area,2024-02-05,6.51,2024-02-05,6.4,1.7187499999999911,9.374999999999995,30.810810810810807,False,-8.4388,2.1253,2,2,2,100.0,21.718866517524237,23.993288590604024,8.281250000000009,1.7187499999999911,历史2/2次成功; 当前距低点1.72%; 最新日涨幅-8.44%; 状态bottom_area; 底部未确认
35,80.95836031839256,73.59850938035687,002167,东方锆业,bottom_area,2024-02-05,4.14,2024-02-05,4.14,0.0,9.66183574879228,28.98799313893654,False,-10.0,2.5869,3,3,3,100.0,21.766179464284228,41.1650485436893,10.0,0.0,历史3/3次成功; 当前距低点0.00%; 最新日涨幅-10.00%; 状态bottom_area; 底部未确认
36,80.8894870536952,75.44400816384268,603171,税友股份,confirmed_rebound,2024-02-05,21.89,2024-02-05,21.6,1.3425925925925886,11.0648148148148,28.07192807192807,False,-8.7917,4.3171,2,2,2,100.0,22.930748790074055,25.396825396825395,8.657407407407412,1.3425925925925886,历史2/2次成功; 当前距低点1.34%; 最新日涨幅-8.79%; 状态confirmed_rebound; 底部未确认
37,80.84415718483595,77.50580475127211,300534,陇神戎发,confirmed_rebound,2024-02-05,6.64,2024-02-05,6.46,2.786377708978324,14.70588235294118,28.93289328932893,False,-10.3914,3.91,4,4,4,100.0,18.38035445022949,26.86762778505898,7.213622291021676,2.786377708978324,历史4/4次成功; 当前距低点2.79%; 最新日涨幅-10.39%; 状态confirmed_rebound; 底部未确认
38,80.55479652377547,73.23163320343224,002777,久远银海,confirmed_rebound,2024-02-05,15.3,2024-02-05,15.3,0.0,11.111111111111107,27.488151658767773,False,-10.0,3.5895,4,4,4,100.0,13.34211399694745,18.88352860096485,10.0,0.0,历史4/4次成功; 当前距低点0.00%; 最新日涨幅-10.00%; 状态confirmed_rebound; 底部未确认
39,80.54317441810852,73.22106765282592,000159,国际实业,bottom_area,2024-02-05,4.32,2024-02-05,4.32,0.0,9.953703703703697,28.712871287128706,False,-10.0,2.7851,3,3,3,100.0,19.73692286465547,28.035982008995493,10.0,0.0,历史3/3次成功; 当前距低点0.00%; 最新日涨幅-10.00%; 状态bottom_area; 底部未确认
40,80.5381819868243,73.21652907893117,002370,亚太药业,confirmed_rebound,2024-02-05,2.89,2024-02-05,2.89,0.0,10.726643598615919,27.204030226700255,False,-9.9688,3.3544,5,5,5,100.0,13.260909026511698,15.633423180592995,10.0,0.0,历史5/5次成功; 当前距低点0.00%; 最新日涨幅-9.97%; 状态confirmed_rebound; 底部未确认
41,80.49151796257578,77.13252107696597,600110,诺德股份,bottom_area,2024-02-05,3.72,2024-02-05,3.62,2.7624309392265216,9.944751381215466,27.016129032258064,False,-7.0,1.6978,3,3,3,100.0,22.531524830120617,34.251968503937015,7.237569060773478,2.7624309392265216,历史3/3次成功; 当前距低点2.76%; 最新日涨幅-7.00%; 状态bottom_area; 底部未确认
42,80.26061638294757,72.96419671177051,000510,新金路,bottom_area,2024-02-05,3.66,2024-02-05,3.66,0.0,9.836065573770476,27.95275590551181,False,-10.0737,2.306,3,3,3,100.0,18.355896299841426,23.043478260869577,10.0,0.0,历史3/3次成功; 当前距低点0.00%; 最新日涨幅-10.07%; 状态bottom_area; 底部未确认
43,80.23936673231479,73.02811306054515,001296,长江材料,confirmed_rebound,2024-02-05,16.75,2024-02-05,16.74,0.0597371565113594,10.095579450418168,29.899497487437188,False,-9.9462,7.9538,3,3,3,100.0,17.388783749414248,20.884413309982484,9.940262843488641,0.0597371565113594,历史3/3次成功; 当前距低点0.06%; 最新日涨幅-9.95%; 状态confirmed_rebound; 底部未确认
44,80.22725214907513,73.1580475539722,000829,天音控股,confirmed_rebound,2024-02-05,6.23,2024-02-05,6.22,0.16077170418007516,12.700964630225082,29.717514124293785,False,-9.8408,3.9461,3,3,3,100.0,19.32584429840194,34.80519480519481,9.839228295819925,0.16077170418007516,历史3/3次成功; 当前距低点0.16%; 最新日涨幅-9.84%; 状态confirmed_rebound; 底部未确认
45,80.17967810278677,72.89061645707888,002802,洪汇新材,bottom_area,2024-02-05,7.88,2024-02-05,7.88,0.0,9.51776649746194,30.017761989342805,False,-9.9429,1.7411,3,3,3,100.0,17.96030353268211,20.65637065637066,10.0,0.0,历史3/3次成功; 当前距低点0.00%; 最新日涨幅-9.94%; 状态bottom_area; 底部未确认
46,80.15164673311186,72.86513339373805,002363,隆基机械,confirmed_rebound,2024-02-05,5.19,2024-02-05,5.19,0.0,10.789980732177256,27.51396648044692,False,-10.052,2.9091,3,3,3,100.0,28.038351579236803,54.96828752642705,10.0,0.0,历史3/3次成功; 当前距低点0.00%; 最新日涨幅-10.05%; 状态confirmed_rebound; 底部未确认
47,80.10360250456606,77.1612662806352,605286,同力天启,confirmed_rebound,2024-02-05,17.99,2024-02-05,17.46,3.0355097365406505,10.080183276059552,30.271565495207664,False,-7.268,9.3004,4,4,4,100.0,19.581873548106827,30.46080191502094,6.96449026345935,3.0355097365406505,历史4/4次成功; 当前距低点3.04%; 最新日涨幅-7.27%; 状态confirmed_rebound; 底部未确认
48,80.06918475766966,72.79016796151787,603028,赛福天,confirmed_rebound,2024-02-05,6.53,2024-02-05,6.53,0.0,11.179173047473192,31.190727081138036,False,-10.0551,1.9376,3,3,3,100.0,27.635311621063757,43.67816091954023,10.0,0.0,历史3/3次成功; 当前距低点0.00%; 最新日涨幅-10.06%; 状态confirmed_rebound; 底部未确认
49,79.92444326847314,76.7995880104996,688225,亚信安全,confirmed_rebound,2024-02-05,11.33,2024-02-05,11.01,2.906448683015443,15.349682107175292,31.401869158878508,False,-11.8288,0.8181,4,4,4,100.0,16.05532799878933,21.557788944723633,7.093551316984557,2.906448683015443,历史4/4次成功; 当前距低点2.91%; 最新日涨幅-11.83%; 状态confirmed_rebound; 底部未确认
50,79.915,72.65,000151,中成股份,bottom_area,2024-02-05,9.67,2024-02-05,9.67,0.0,7.032057911065147,31.46704464918497,False,-9.9628,9.5604,1,1,1,100.0,191.97080291970806,191.97080291970806,10.0,0.0,历史1/1次成功; 当前距低点0.00%; 最新日涨幅-9.96%; 状态bottom_area; 底部未确认
51,79.90914424728108,72.64467658843733,605258,协和电子,bottom_area,2024-02-05,16.75,2024-02-05,16.75,0.0,8.89552238805969,31.098313451254622,False,-9.9946,1.4172,1,1,1,100.0,49.971379507727534,49.971379507727534,10.0,0.0,历史1/1次成功; 当前距低点0.00%; 最新日涨幅-9.99%; 状态bottom_area; 底部未确认
52,79.88057629929253,72.61870572662957,000619,海螺新材,confirmed_rebound,2024-02-05,4.46,2024-02-05,4.46,0.0,11.659192825112118,31.278890600924502,False,-9.899,4.2322,3,3,3,100.0,26.71347164854606,32.01692524682651,10.0,0.0,历史3/3次成功; 当前距低点0.00%; 最新日涨幅-9.90%; 状态confirmed_rebound; 底部未确认
53,79.80307528395757,72.54825025814324,600135,乐凯胶片,confirmed_rebound,2024-02-05,5.24,2024-02-05,5.24,0.0,10.305343511450381,29.093369418132603,False,-9.9656,1.9822,2,2,2,100.0,43.00134547388843,56.981132075471706,10.0,0.0,历史2/2次成功; 当前距低点0.00%; 最新日涨幅-9.97%; 状态confirmed_rebound; 底部未确认
54,79.76906488625384,73.43223947447,000628,高新发展,bottom_area,2024-02-05,33.71,2024-02-05,33.49,0.6569125111973689,9.495371752762019,30.403158769742305,False,-7.4155,13.5339,1,1,1,100.0,99.77973568281939,99.77973568281939,9.343087488802631,0.6569125111973689,历史1/1次成功; 当前距低点0.66%; 最新日涨幅-7.42%; 状态bottom_area; 底部未确认
55,79.72883483191698,72.48075893810635,605188,国光连锁,bottom_area,2024-02-05,6.03,2024-02-05,6.03,0.0,9.784411276948587,28.214285714285715,False,-10.0,1.2084,3,3,3,100.0,15.756768484442727,19.218749999999993,10.0,0.0,历史3/3次成功; 当前距低点0.00%; 最新日涨幅-10.00%; 状态bottom_area; 底部未确认
56,79.7163988415425,72.46945349231136,605208,永茂泰,confirmed_rebound,2024-02-05,5.9,2024-02-05,5.9,0.0,11.016949152542363,31.949250288350626,False,-10.061,3.1923,3,3,3,100.0,25.911040281243864,46.887631366208595,10.0,0.0,历史3/3次成功; 当前距低点0.00%; 最新日涨幅-10.06%; 状态confirmed_rebound; 底部未确认
57,79.69882295081968,72.45347540983606,002636,金安国纪,confirmed_rebound,2024-02-05,5.4,2024-02-05,5.4,0.0,11.296296296296285,29.961089494163417,False,-10.0,1.3756,2,2,2,100.0,42.49180327868853,69.0,10.0,0.0,历史2/2次成功; 当前距低点0.00%; 最新日涨幅-10.00%; 状态confirmed_rebound; 底部未确认
58,79.63943439898429,72.69666900767331,000430,张家界,confirmed_rebound,2024-02-05,4.67,2024-02-05,4.66,0.214592274678107,10.515021459227473,30.75780089153046,False,-9.8456,4.0754,2,2,2,100.0,34.17171717171716,53.99999999999999,9.785407725321893,0.214592274678107,历史2/2次成功; 当前距低点0.21%; 最新日涨幅-9.85%; 状态confirmed_rebound; 底部未确认
59,79.6252321587122,73.04226903991142,000153,丰原药业,confirmed_rebound,2024-02-05,6.38,2024-02-05,6.35,0.47244094488189375,10.866141732283472,27.262313860252014,False,-9.6317,3.8375,3,3,3,100.0,22.52384082925873,39.18305597579423,9.527559055118108,0.47244094488189375,历史3/3次成功; 当前距低点0.47%; 最新日涨幅-9.63%; 状态confirmed_rebound; 底部未确认
60,79.53733403009312,72.30666730008465,603333,尚纬股份,confirmed_rebound,2024-02-05,3.86,2024-02-05,3.86,0.0,10.62176165803108,32.39929947460596,False,-10.0233,4.6567,3,3,3,100.0,25.03584569937982,47.19626168224298,10.0,0.0,历史3/3次成功; 当前距低点0.00%; 最新日涨幅-10.02%; 状态confirmed_rebound; 底部未确认
61,79.48541002801201,75.36009450959862,000767,晋控电力,confirmed_rebound,2024-02-05,2.32,2024-02-05,2.27,2.2026431718061596,11.453744493392062,27.243589743589748,False,-7.2,1.1792,3,3,3,100.0,16.35548893180996,22.22222222222223,7.797356828193841,2.2026431718061596,历史3/3次成功; 当前距低点2.20%; 最新日涨幅-7.20%; 状态confirmed_rebound; 底部未确认
62,79.40483533957577,72.18621394506887,603326,我乐家居,bottom_area,2024-02-05,6.49,2024-02-05,6.49,0.0,8.936825885978429,28.207964601769902,False,-9.9861,2.0573,3,3,3,100.0,14.17319325305847,20.141843971631218,10.0,0.0,历史3/3次成功; 当前距低点0.00%; 最新日涨幅-9.99%; 状态bottom_area; 底部未确认
63,79.39158474295192,72.1741679481381,002676,顺威股份,confirmed_rebound,2024-02-05,3.19,2024-02-05,3.19,0.0,10.344827586206899,27.002288329519452,False,-9.887,2.3283,3,3,3,100.0,24.323483592140306,39.33333333333333,10.0,0.0,历史3/3次成功; 当前距低点0.00%; 最新日涨幅-9.89%; 状态confirmed_rebound; 底部未确认
64,79.28778796393863,74.70982426433672,603200,上海洗霸,confirmed_rebound,2024-02-05,14.1,2024-02-05,13.84,1.8786127167630042,10.549132947976885,31.349206349206348,False,-8.3225,3.4164,2,2,2,100.0,25.55409278793739,32.93196869355809,8.121387283236997,1.8786127167630042,历史2/2次成功; 当前距低点1.88%; 最新日涨幅-8.32%; 状态confirmed_rebound; 底部未确认
65,79.27997959175205,73.23901836181072,300545,联得装备,confirmed_rebound,2024-02-05,20.38,2024-02-05,20.21,0.8411677387431873,13.458683819891137,28.001425008906306,False,-11.6219,5.3576,3,3,3,100.0,28.101509710458018,41.33891213389123,9.158832261256814,0.8411677387431873,历史3/3次成功; 当前距低点0.84%; 最新日涨幅-11.62%; 状态confirmed_rebound; 底部未确认
66,79.22739739813451,72.02490672557683,002164,宁波东力,confirmed_rebound,2024-02-05,3.77,2024-02-05,3.77,0.0,10.610079575596815,29.135338345864664,False,-10.0239,3.2986,3,3,3,100.0,23.5210039009507,45.468509984639034,10.0,0.0,历史3/3次成功; 当前距低点0.00%; 最新日涨幅-10.02%; 状态confirmed_rebound; 底部未确认
67,79.1889635451382,71.98996685921654,002125,湘潭电化,confirmed_rebound,2024-02-05,6.7,2024-02-05,6.7,0.0,10.746268656716413,29.84293193717278,False,-9.9462,2.139,3,3,3,100.0,23.333155157078114,32.067510548523195,10.0,0.0,历史3/3次成功; 当前距低点0.00%; 最新日涨幅-9.95%; 状态confirmed_rebound; 底部未确认
68,79.17282589725545,71.97529627023222,603109,神驰机电,confirmed_rebound,2024-02-05,11.26,2024-02-05,11.26,0.0,10.923623445825935,28.643852978453737,False,-9.992,2.5044,3,3,3,100.0,23.25428102275393,33.71428571428571,10.0,0.0,历史3/3次成功; 当前距低点0.00%; 最新日涨幅-9.99%; 状态confirmed_rebound; 底部未确认
69,79.11283946703234,71.92076315184758,001332,锡装股份,confirmed_rebound,2024-02-05,21.95,2024-02-05,21.95,0.0,12.072892938496594,28.91839378238342,False,-10.0041,5.7404,3,3,3,100.0,22.961092214234256,31.086142322097377,10.0,0.0,历史3/3次成功; 当前距低点0.00%; 最新日涨幅-10.00%; 状态confirmed_rebound; 底部未确认
70,79.09254461947168,71.9023132904288,002642,荣联科技,confirmed_rebound,2024-02-05,4.73,2024-02-05,4.73,0.0,10.14799154334037,31.84438040345821,False,-10.076,3.9758,3,3,3,100.0,22.861899410907505,35.253456221198164,10.0,0.0,历史3/3次成功; 当前距低点0.00%; 最新日涨幅-10.08%; 状态confirmed_rebound; 底部未确认
71,79.08661254138174,71.89692049216521,002658,雪迪龙,confirmed_rebound,2024-02-05,5.18,2024-02-05,5.18,0.0,12.934362934362934,28.55172413793104,False,-9.913,2.8819,3,3,3,100.0,22.83290587185592,34.81481481481481,10.0,0.0,历史3/3次成功; 当前距低点0.00%; 最新日涨幅-9.91%; 状态confirmed_rebound; 底部未确认
72,78.94546775094298,72.27308930504736,000561,烽火电子,confirmed_rebound,2024-02-05,5.47,2024-02-05,5.45,0.3669724770642124,11.0091743119266,28.851174934725847,False,-9.736,2.2138,3,3,3,100.0,17.09562662770844,22.65060240963854,9.63302752293579,0.3669724770642124,历史3/3次成功; 当前距低点0.37%; 最新日涨幅-9.74%; 状态confirmed_rebound; 底部未确认
73,78.92684613120959,71.75167830109962,600148,长春一东,bottom_area,2024-02-05,11.45,2024-02-05,11.45,0.0,9.08296943231442,28.837787445618403,False,-9.9843,2.1956,2,2,2,100.0,28.503646780105495,40.489130434782616,10.0,0.0,历史2/2次成功; 当前距低点0.00%; 最新日涨幅-9.98%; 状态bottom_area; 底部未确认
74,78.88516489738146,71.71378627034677,002631,德尔未来,confirmed_rebound,2024-02-05,4.12,2024-02-05,4.12,0.0,10.436893203883487,27.845884413309978,False,-10.0437,1.2575,2,2,2,100.0,38.51497994810097,47.77070063694268,10.0,0.0,历史2/2次成功; 当前距低点0.00%; 最新日涨幅-10.04%; 状态confirmed_rebound; 底部未确认
75,78.5936356825006,71.44875971136418,605155,西大门,confirmed_rebound,2024-02-05,10.67,2024-02-05,10.67,0.0,12.089971883786326,31.027795733678087,False,-10.0337,1.7885,2,2,2,100.0,37.09010597507621,57.16054477919933,10.0,0.0,历史2/2次成功; 当前距低点0.00%; 最新日涨幅-10.03%; 状态confirmed_rebound; 底部未确认
76,78.53751099390308,71.39773726718461,600203,福日电子,confirmed_rebound,2024-02-05,4.46,2024-02-05,4.46,0.0,10.538116591928246,31.172839506172846,False,-10.0806,2.6602,3,3,3,100.0,20.149125092390385,24.045801526717554,10.0,0.0,历史3/3次成功; 当前距低点0.00%; 最新日涨幅-10.08%; 状态confirmed_rebound; 底部未确认
77,78.52926508601699,71.8006420441546,000712,锦龙股份,confirmed_rebound,2024-02-05,10.02,2024-02-05,9.99,0.30030030030029387,10.210210210210207,30.480167014613773,False,-9.5668,3.1488,2,2,2,100.0,30.404982413114322,45.922746781115876,9.699699699699707,0.30030030030029387,历史2/2次成功; 当前距低点0.30%; 最新日涨幅-9.57%; 状态confirmed_rebound; 底部未确认
78,78.50655259564142,72.18610980192453,603155,新亚强,confirmed_rebound,2024-02-05,15.19,2024-02-05,15.1,0.5960264900662242,11.854304635761597,29.570895522388064,False,-9.4756,0.4769,3,3,3,100.0,19.435753759545772,25.624375624375624,9.403973509933776,0.5960264900662242,历史3/3次成功; 当前距低点0.60%; 最新日涨幅-9.48%; 状态confirmed_rebound; 底部未确认
79,78.4940877796902,71.35826161790018,002657,中科金财,confirmed_rebound,2024-02-05,11.42,2024-02-05,11.42,0.0,11.208406304728541,32.86302175191065,False,-10.0079,4.5352,2,2,2,100.0,36.60355708548481,56.540447504302946,10.0,0.0,历史2/2次成功; 当前距低点0.00%; 最新日涨幅-10.01%; 状态confirmed_rebound; 底部未确认
80,78.46076572169434,71.32796883790394,002350,北京科锐,confirmed_rebound,2024-02-05,4.17,2024-02-05,4.17,0.0,12.230215827338125,30.383973288814698,False,-9.9352,1.8896,3,3,3,100.0,19.774026010236266,23.07692307692308,10.0,0.0,历史3/3次成功; 当前距低点0.00%; 最新日涨幅-9.94%; 状态confirmed_rebound; 底部未确认
81,78.42569934805387,71.2960903164126,605162,新中港,confirmed_rebound,2024-02-05,6.27,2024-02-05,6.27,0.0,11.483253588516758,28.34285714285715,False,-10.043,5.078,3,3,3,100.0,19.602636109745223,26.46502835538753,10.0,0.0,历史3/3次成功; 当前距低点0.00%; 最新日涨幅-10.04%; 状态confirmed_rebound; 底部未确认
82,78.42068460623396,74.17319005056954,002779,中坚科技,confirmed_rebound,2024-02-05,21.13,2024-02-05,20.7,2.0772946859903367,12.657004830917879,29.782903663500683,False,-8.1304,1.7416,2,2,2,100.0,25.1044190033737,29.818594104308378,7.922705314009663,2.0772946859903367,历史2/2次成功; 当前距低点2.08%; 最新日涨幅-8.13%; 状态confirmed_rebound; 底部未确认
83,78.35567628228651,71.7842828705158,002755,奥赛康,confirmed_rebound,2024-02-05,7.45,2024-02-05,7.42,0.4043126684636152,10.916442048517528,27.397260273972606,False,-9.5874,0.8473,2,2,2,100.0,31.59202018609052,32.35294117647059,9.595687331536386,0.4043126684636152,历史2/2次成功; 当前距低点0.40%; 最新日涨幅-9.59%; 状态confirmed_rebound; 底部未确认
84,78.33667513457138,71.21515921324671,605228,神通科技,confirmed_rebound,2024-02-05,7.51,2024-02-05,7.51,0.0,11.051930758988018,27.649325626204245,False,-9.952,1.2252,3,3,3,100.0,19.167522651864033,20.32967032967033,10.0,0.0,历史3/3次成功; 当前距低点0.00%; 最新日涨幅-9.95%; 状态confirmed_rebound; 底部未确认
85,78.29683611884866,71.17894192622605,001210,金房能源,confirmed_rebound,2024-02-05,13.82,2024-02-05,13.82,0.0,10.926193921852386,28.02083333333333,False,-9.9674,4.2981,2,2,2,100.0,35.639472721645426,38.131313131313135,10.0,0.0,历史2/2次成功; 当前距低点0.00%; 最新日涨幅-9.97%; 状态confirmed_rebound; 底部未确认
86,78.29657158018918,74.183984633655,300510,金冠股份,confirmed_rebound,2024-02-05,3.77,2024-02-05,3.69,2.168021680216804,13.008130081300811,29.445506692160617,False,-10.6635,2.5608,2,2,2,100.0,26.274591744888774,30.519480519480524,7.831978319783197,2.168021680216804,历史2/2次成功; 当前距低点2.17%; 最新日涨幅-10.66%; 状态confirmed_rebound; 底部未确认
87,78.22606048208901,76.27802650185757,603185,弘元绿能,confirmed_rebound,2024-02-05,22.28,2024-02-05,21.49,3.676128431828771,10.516519311307594,29.77124183006537,False,-6.7002,1.772,5,5,5,100.0,22.686017884016994,43.51028702057404,6.32387156817123,3.676128431828771,历史5/5次成功; 当前距低点3.68%; 最新日涨幅-6.70%; 状态confirmed_rebound; 底部未确认
88,78.15815949139146,71.05287226490132,002442,龙星科技,confirmed_rebound,2024-02-05,3.75,2024-02-05,3.75,0.0,10.133333333333331,31.444241316270567,False,-10.0719,4.59,3,3,3,100.0,18.29501217688885,32.75434243176177,10.0,0.0,历史3/3次成功; 当前距低点0.00%; 最新日涨幅-10.07%; 状态confirmed_rebound; 底部未确认
89,78.11895252015277,71.01722956377525,002169,智光电气,confirmed_rebound,2024-02-05,4.45,2024-02-05,4.45,0.0,10.561797752808982,28.2258064516129,False,-9.919,2.0102,3,3,3,100.0,18.103384751479755,20.402298850574724,10.0,0.0,历史3/3次成功; 当前距低点0.00%; 最新日涨幅-9.92%; 状态confirmed_rebound; 底部未确认
90,78.11487124463521,71.01351931330473,603011,合锻智能,bottom_area,2024-02-05,4.77,2024-02-05,4.77,0.0,9.853249475891,29.33333333333334,False,-10.0,3.1054,1,1,1,100.0,41.201716738197426,41.201716738197426,10.0,0.0,历史1/1次成功; 当前距低点0.00%; 最新日涨幅-10.00%; 状态bottom_area; 底部未确认
91,77.99794725340274,70.90722477582067,001317,三羊马,confirmed_rebound,2024-02-05,23.67,2024-02-05,23.67,0.0,11.068863540346419,28.01094890510949,False,-10.0,4.9327,3,3,3,100.0,17.511961160326138,27.25075528700905,10.0,0.0,历史3/3次成功; 当前距低点0.00%; 最新日涨幅-10.00%; 状态confirmed_rebound; 底部未确认
92,77.91485855058795,70.83168959144359,600408,安泰集团,confirmed_rebound,2024-02-05,1.69,2024-02-05,1.69,0.0,10.059171597633146,28.99159663865546,False,-10.1064,2.165,3,3,3,100.0,17.10585801851391,21.457489878542503,10.0,0.0,历史3/3次成功; 当前距低点0.00%; 最新日涨幅-10.11%; 状态confirmed_rebound; 底部未确认
93,77.91052000738897,73.83316606075053,002054,德美化工,confirmed_rebound,2024-02-05,4.69,2024-02-05,4.59,2.1786492374727784,10.239651416122,28.39313572542902,False,-8.0392,2.6264,1,1,1,100.0,41.18541033434649,41.18541033434649,7.8213507625272225,2.1786492374727784,历史1/1次成功; 当前距低点2.18%; 最新日涨幅-8.04%; 状态confirmed_rebound; 底部未确认
94,77.90146863417236,74.6819634941422,300542,新晨科技,confirmed_rebound,2024-02-05,8.49,2024-02-05,8.26,2.784503631961264,11.380145278450357,28.04878048780488,False,-7.1116,4.0475,3,3,3,100.0,19.842106317278887,22.574955908289247,7.215496368038736,2.784503631961264,历史3/3次成功; 当前距低点2.78%; 最新日涨幅-7.11%; 状态confirmed_rebound; 底部未确认
95,77.89510508424476,70.81373189476795,000663,永安林业,confirmed_rebound,2024-02-05,5.54,2024-02-05,5.54,0.0,10.108303249097466,31.604938271604933,False,-10.0649,4.9165,2,2,2,100.0,33.67597792885999,50.39215686274511,10.0,0.0,历史2/2次成功; 当前距低点0.00%; 最新日涨幅-10.06%; 状态confirmed_rebound; 底部未确认
96,77.89079427090769,70.80981297355244,002186,全聚德,confirmed_rebound,2024-02-05,8.65,2024-02-05,8.65,0.0,10.982658959537565,32.47462919594067,False,-9.9896,4.3119,3,3,3,100.0,16.988241793292634,23.20675105485231,10.0,0.0,历史3/3次成功; 当前距低点0.00%; 最新日涨幅-9.99%; 状态confirmed_rebound; 底部未确认
97,77.88220161735649,70.80200147032407,002279,久其软件,confirmed_rebound,2024-02-05,4.31,2024-02-05,4.31,0.0,13.689095127610226,27.441077441077454,False,-10.0209,3.6529,3,3,3,100.0,16.94624446410791,25.915492957746476,10.0,0.0,历史3/3次成功; 当前距低点0.00%; 最新日涨幅-10.02%; 状态confirmed_rebound; 底部未确认
98,77.825,70.75,000565,渝三峡A,confirmed_rebound,2024-02-05,4.0,2024-02-05,4.0,0.0,11.00000000000001,32.088285229202036,False,-9.9099,2.3096,1,1,1,100.0,57.568807339449535,57.568807339449535,10.0,0.0,历史1/1次成功; 当前距低点0.00%; 最新日涨幅-9.91%; 状态confirmed_rebound; 底部未确认
99,77.825,70.75,002388,新亚制程,confirmed_rebound,2024-02-05,3.52,2024-02-05,3.52,0.0,10.51136363636364,30.297029702970296,False,-9.9744,2.151,1,1,1,100.0,50.505050505050505,50.505050505050505,10.0,0.0,历史1/1次成功; 当前距低点0.00%; 最新日涨幅-9.97%; 状态confirmed_rebound; 底部未确认
100,77.825,70.75,002686,亿利达,confirmed_rebound,2024-02-05,4.34,2024-02-05,4.34,0.0,10.829493087557598,29.200652528548126,False,-9.9585,2.8135,1,1,1,100.0,75.68181818181817,75.68181818181817,10.0,0.0,历史1/1次成功; 当前距低点0.00%; 最新日涨幅-9.96%; 状态confirmed_rebound; 底部未确认
101,77.825,70.75,002836,新宏泽,confirmed_rebound,2024-02-05,5.49,2024-02-05,5.49,0.0,10.01821493624772,32.967032967032964,False,-10.0,0.8989,1,1,1,100.0,59.30851063829788,59.30851063829788,10.0,0.0,历史1/1次成功; 当前距低点0.00%; 最新日涨幅-10.00%; 状态confirmed_rebound; 底部未确认
102,77.825,70.75,600172,黄河旋风,confirmed_rebound,2024-02-05,2.34,2024-02-05,2.34,0.0,10.256410256410266,29.305135951661637,False,-10.0,2.8605,1,1,1,100.0,51.074589127686465,51.074589127686465,10.0,0.0,历史1/1次成功; 当前距低点0.00%; 最新日涨幅-10.00%; 状态confirmed_rebound; 底部未确认
103,77.8090847176569,70.73553156150626,002313,日海智能,confirmed_rebound,2024-02-05,6.35,2024-02-05,6.35,0.0,10.866141732283472,30.752453653217017,False,-9.9291,2.358,3,3,3,100.0,16.588879362936876,20.08238928939237,10.0,0.0,历史3/3次成功; 当前距低点0.00%; 最新日涨幅-9.93%; 状态confirmed_rebound; 底部未确认
104,77.80640468599367,70.73309516908515,600405,动力源,confirmed_rebound,2024-02-05,3.54,2024-02-05,3.54,0.0,10.169491525423725,28.048780487804876,False,-9.9237,2.8116,3,3,3,100.0,16.575780478952385,21.8568665377176,10.0,0.0,历史3/3次成功; 当前距低点0.00%; 最新日涨幅-9.92%; 状态confirmed_rebound; 底部未确认
105,77.77659198655603,70.70599271505093,600301,华锡有色,bottom_area,2024-02-05,9.54,2024-02-05,9.54,0.0,8.490566037735855,27.50759878419454,False,-10.0,5.3059,2,2,2,100.0,22.881681263714675,32.51582278481012,10.0,0.0,历史2/2次成功; 当前距低点0.00%; 最新日涨幅-10.00%; 状态bottom_area; 底部未确认
106,77.77623425692695,70.70566750629723,601226,华电科工,bottom_area,2024-02-05,5.54,2024-02-05,5.54,0.0,9.927797833935015,27.770534550195563,False,-9.9187,2.5423,1,1,1,100.0,39.54659949622166,39.54659949622166,10.0,0.0,历史1/1次成功; 当前距低点0.00%; 最新日涨幅-9.92%; 状态bottom_area; 底部未确认
107,77.76570537864598,70.69609579876906,600281,华阳新材,bottom_area,2024-02-05,3.03,2024-02-05,3.03,0.0,9.90099009900991,31.447963800904983,False,-10.089,2.0583,2,2,2,100.0,22.828472036392824,24.86486486486486,10.0,0.0,历史2/2次成功; 当前距低点0.00%; 最新日涨幅-10.09%; 状态bottom_area; 底部未确认
108,77.7372839017601,70.86547979994704,002197,证通电子,bottom_area,2024-02-05,6.93,2024-02-05,6.92,0.14450867052022812,9.68208092485549,30.38229376257545,False,-9.883,4.7782,1,1,1,100.0,29.919137466307287,29.919137466307287,9.855491329479772,0.14450867052022812,历史1/1次成功; 当前距低点0.14%; 最新日涨幅-9.88%; 状态bottom_area; 底部未确认
109,77.72529239766084,70.65935672514621,002790,瑞尔特,confirmed_rebound,2024-02-05,7.88,2024-02-05,7.88,0.0,11.040609137055839,29.893238434163706,False,-9.9429,2.335,1,1,1,100.0,49.512670565302145,49.512670565302145,10.0,0.0,历史1/1次成功; 当前距低点0.00%; 最新日涨幅-9.94%; 状态confirmed_rebound; 底部未确认
110,77.72152177533897,70.65592888667179,002774,快意电梯,confirmed_rebound,2024-02-05,5.45,2024-02-05,5.45,0.0,10.458715596330263,30.30690537084399,False,-9.9174,2.5639,3,3,3,100.0,16.1609079928591,20.862068965517242,10.0,0.0,历史3/3次成功; 当前距低点0.00%; 最新日涨幅-9.92%; 状态confirmed_rebound; 底部未确认
111,77.70969334376517,70.64517576705924,000576,甘化科工,confirmed_rebound,2024-02-05,5.65,2024-02-05,5.65,0.0,11.327433628318579,31.097560975609746,False,-10.0318,1.3584,3,3,3,100.0,16.103095521823864,24.015009380863045,10.0,0.0,历史3/3次成功; 当前距低点0.00%; 最新日涨幅-10.03%; 状态confirmed_rebound; 底部未确认
112,77.62731682113542,70.57028801921402,000572,海马汽车,confirmed_rebound,2024-02-05,3.08,2024-02-05,3.08,0.0,12.012987012987015,32.89760348583878,False,-9.9415,3.7805,3,3,3,100.0,15.700473221580793,22.92191435768261,10.0,0.0,历史3/3次成功; 当前距低点0.00%; 最新日涨幅-9.94%; 状态confirmed_rebound; 底部未确认
113,77.50245154600303,70.45677413273002,600250,南京商旅,confirmed_rebound,2024-02-05,7.54,2024-02-05,7.54,0.0,11.140583554376668,27.290260366441654,False,-10.0239,2.47,3,3,3,100.0,15.09018350930115,19.004524886877824,10.0,0.0,历史3/3次成功; 当前距低点0.00%; 最新日涨幅-10.02%; 状态confirmed_rebound; 底部未确认
114,77.46293904540981,70.42085367764528,600386,北巴传媒,confirmed_rebound,2024-02-05,3.1,2024-02-05,3.1,0.0,10.000000000000002,27.400468384074934,False,-9.8837,2.0443,3,3,3,100.0,14.897062783039114,16.708229426433917,10.0,0.0,历史3/3次成功; 当前距低点0.00%; 最新日涨幅-9.88%; 状态confirmed_rebound; 底部未确认
115,77.44025487997743,70.40023170907038,601068,中铝国际,confirmed_rebound,2024-02-05,3.93,2024-02-05,3.93,0.0,10.687022900763345,30.687830687830687,False,-10.0686,1.6905,3,3,3,100.0,14.786191984249353,18.6700767263427,10.0,0.0,历史3/3次成功; 当前距低点0.00%; 最新日涨幅-10.07%; 状态confirmed_rebound; 底部未确认
116,77.43312763084877,74.39040519774147,301371,敷尔佳,confirmed_rebound,2024-02-05,25.94,2024-02-05,25.21,2.8956763189210646,11.463704879016264,28.278805120910377,False,-7.6868,6.7315,3,3,3,100.0,19.637350563879004,25.879396984924636,7.104323681078936,2.8956763189210646,历史3/3次成功; 当前距低点2.90%; 最新日涨幅-7.69%; 状态confirmed_rebound; 底部未确认
117,77.40834634302824,70.37122394820749,002722,物产金轮,confirmed_rebound,2024-02-05,10.22,2024-02-05,10.22,0.0,10.567514677103718,28.17990161630358,False,-10.0352,2.3918,2,2,2,100.0,31.296902947352045,44.886363636363626,10.0,0.0,历史2/2次成功; 当前距低点0.00%; 最新日涨幅-10.04%; 状态confirmed_rebound; 底部未确认
118,77.3156606249405,70.28696420449137,601007,金陵饭店,confirmed_rebound,2024-02-05,5.86,2024-02-05,5.86,0.0,11.604095563139927,27.29528535980149,False,-9.9846,2.944,3,3,3,100.0,14.177226905867544,17.018072289156624,10.0,0.0,历史3/3次成功; 当前距低点0.00%; 最新日涨幅-9.98%; 状态confirmed_rebound; 底部未确认
119,77.30292108127723,70.27538280116111,002858,力盛体育,confirmed_rebound,2024-02-05,11.17,2024-02-05,11.17,0.0,10.653536257833478,30.878712871287128,False,-9.9919,4.485,3,3,3,100.0,14.114961296565074,20.566037735849065,10.0,0.0,历史3/3次成功; 当前距低点0.00%; 最新日涨幅-9.99%; 状态confirmed_rebound; 底部未确认
120,77.29388414889306,71.75796797265006,605128,上海沿浦,confirmed_rebound,2024-02-05,34.0,2024-02-05,33.63,1.1002081474873546,10.793933987511137,31.029532403609505,False,-9.0179,2.1255,1,1,1,100.0,16.80883090817863,16.80883090817863,8.899791852512646,1.1002081474873546,历史1/1次成功; 当前距低点1.10%; 最新日涨幅-9.02%; 状态confirmed_rebound; 底部未确认
121,77.29042017338021,70.26401833943655,605288,凯迪股份,confirmed_rebound,2024-02-05,30.06,2024-02-05,30.06,0.0,11.11111111111111,30.33603707995365,False,-10.0,1.8938,3,3,3,100.0,14.053862039981437,16.670746634026916,10.0,0.0,历史3/3次成功; 当前距低点0.00%; 最新日涨幅-10.00%; 状态confirmed_rebound; 底部未确认
122,77.2864901679303,70.26044560720935,002671,龙泉股份,confirmed_rebound,2024-02-05,3.5,2024-02-05,3.5,0.0,10.571428571428575,27.536231884057973,False,-10.0257,3.8494,3,3,3,100.0,14.034653802200747,19.347826086956534,10.0,0.0,历史3/3次成功; 当前距低点0.00%; 最新日涨幅-10.03%; 状态confirmed_rebound; 底部未确认
123,77.27357825402218,71.21290544978514,002405,四维图新,confirmed_rebound,2024-02-05,5.64,2024-02-05,5.6,0.714285714285715,11.607142857142865,27.648578811369518,False,-9.3248,2.4042,3,3,3,100.0,15.653101496540762,23.478260869565215,9.285714285714286,0.714285714285715,历史3/3次成功; 当前距低点0.71%; 最新日涨幅-9.32%; 状态confirmed_rebound; 底部未确认
124,77.22946886446887,70.20860805860806,603017,中衡设计,bottom_area,2024-02-05,6.86,2024-02-05,6.86,0.0,9.03790087463557,30.14256619144603,False,-9.9738,1.8752,1,1,1,100.0,36.87423687423689,36.87423687423689,10.0,0.0,历史1/1次成功; 当前距低点0.00%; 最新日涨幅-9.97%; 状态bottom_area; 底部未确认
125,77.14300000000001,70.13000000000001,002480,新筑股份,confirmed_rebound,2024-02-05,3.38,2024-02-05,3.38,0.0,11.242603550295856,27.467811158798288,False,-10.1064,1.8587,1,1,1,100.0,46.666666666666664,46.666666666666664,10.0,0.0,历史1/1次成功; 当前距低点0.00%; 最新日涨幅-10.11%; 状态confirmed_rebound; 底部未确认
126,77.01831148843213,70.01664680766557,603188,亚邦股份,bottom_area,2024-02-05,2.52,2024-02-05,2.52,0.0,9.920634920634921,30.76923076923077,False,-10.0,1.0184,2,2,2,100.0,19.175520471320297,26.005361930294914,10.0,0.0,历史2/2次成功; 当前距低点0.00%; 最新日涨幅-10.00%; 状态bottom_area; 底部未确认
127,76.97752131171153,73.28444682599222,002602,世纪华通,bottom_area,2024-02-05,3.81,2024-02-05,3.72,2.4193548387096735,9.677419354838705,27.485380116959057,False,-7.5243,2.1147,2,2,2,100.0,14.304171280915467,15.116279069767447,7.5806451612903265,2.4193548387096735,历史2/2次成功; 当前距低点2.42%; 最新日涨幅-7.52%; 状态bottom_area; 底部未确认
128,76.974,69.97636363636363,603022,新通联,bottom_area,2024-02-05,6.7,2024-02-05,6.7,0.0,10.0,31.910569105691057,False,-9.9462,2.6286,2,2,2,100.0,18.958944281524914,26.099706744868023,10.0,0.0,历史2/2次成功; 当前距低点0.00%; 最新日涨幅-9.95%; 状态bottom_area; 底部未确认
129,76.97278171290644,69.9752561026422,601086,国芳集团,confirmed_rebound,2024-02-05,3.75,2024-02-05,3.75,0.0,10.399999999999991,28.842504743833015,False,-10.0719,2.9397,2,2,2,100.0,29.168043562592505,33.48946135831383,10.0,0.0,历史2/2次成功; 当前距低点0.00%; 最新日涨幅-10.07%; 状态confirmed_rebound; 底部未确认
130,76.9725,69.975,000957,中通客车,confirmed_rebound,2024-02-05,6.02,2024-02-05,6.02,0.0,11.129568106312307,29.009433962264158,False,-10.0149,2.7516,3,4,3,75.0,132.3344468028054,354.54545454545456,10.0,0.0,历史3/4次成功; 当前距低点0.00%; 最新日涨幅-10.01%; 状态confirmed_rebound; 底部未确认
131,76.97084779641615,69.97349799674195,603076,乐惠国际,confirmed_rebound,2024-02-05,17.91,2024-02-05,17.91,0.0,10.55276381909548,27.34279918864097,False,-10.0,2.0873,3,3,3,100.0,12.491924713666421,13.440860215053762,10.0,0.0,历史3/3次成功; 当前距低点0.00%; 最新日涨幅-10.00%; 状态confirmed_rebound; 底部未确认
132,76.93305007501462,76.58423149952496,688235,百济神州,bottom_area,2024-02-05,103.19,2024-02-05,98.5,4.761421319796952,7.380710659898473,28.37926270631862,False,1.1567,2.7992,2,2,2,100.0,28.065979078827972,42.997811816192545,5.238578680203049,4.761421319796952,历史2/2次成功; 当前距低点4.76%; 最新日涨幅1.16%; 状态bottom_area; 底部未确认
133,76.93003754244828,69.93639776586207,002467,二六三,confirmed_rebound,2024-02-05,2.86,2024-02-05,2.86,0.0,13.2867132867133,31.742243436754187,False,-10.0629,3.1715,3,3,3,100.0,12.292461106785295,13.91509433962264,10.0,0.0,历史3/3次成功; 当前距低点0.00%; 最新日涨幅-10.06%; 状态confirmed_rebound; 底部未确认
134,76.87767749061686,69.8887977187426,603256,宏和科技,bottom_area,2024-02-05,5.45,2024-02-05,5.45,0.0,9.357798165137611,27.333333333333332,False,-9.9174,0.4561,2,2,2,100.0,18.48815977818604,22.318339100346023,10.0,0.0,历史2/2次成功; 当前距低点0.00%; 最新日涨幅-9.92%; 状态bottom_area; 底部未确认
135,76.86864737366248,75.88997574080591,300402,宝色股份,confirmed_rebound,2024-02-05,13.26,2024-02-05,12.71,4.327301337529495,15.814319433516912,30.546448087431692,False,-10.3448,2.0754,4,4,4,100.0,28.581842958995395,61.64021164021163,5.672698662470506,4.327301337529495,历史4/4次成功; 当前距低点4.33%; 最新日涨幅-10.34%; 状态confirmed_rebound; 底部未确认
136,76.7062947875516,69.73299526141054,001234,泰慕士,confirmed_rebound,2024-02-05,15.53,2024-02-05,15.53,0.0,10.753380553766902,29.151459854014604,False,-9.971,7.7964,2,2,2,100.0,27.86556592156205,31.93277310924369,10.0,0.0,历史2/2次成功; 当前距低点0.00%; 最新日涨幅-9.97%; 状态confirmed_rebound; 底部未确认
137,76.6951053051456,69.72282300467782,603080,新疆火炬,bottom_area,2024-02-05,11.54,2024-02-05,11.54,0.0,9.185441941074528,29.805352798053537,False,-9.9844,4.1036,2,2,2,100.0,17.595822605794677,22.385321100917427,10.0,0.0,历史2/2次成功; 当前距低点0.00%; 最新日涨幅-9.98%; 状态bottom_area; 底部未确认
138,76.6762410663446,69.70567369667691,000815,美利云,bottom_area,2024-02-05,6.8,2024-02-05,6.8,0.0,0.0,27.65957446808511,False,-10.0529,0.464,3,4,3,75.0,38.336955358478036,55.703211517165016,10.0,0.0,历史3/4次成功; 当前距低点0.00%; 最新日涨幅-10.05%; 状态bottom_area; 底部未确认
139,76.62443342776204,69.65857584342004,002712,思美传媒,bottom_area,2024-02-05,3.77,2024-02-05,3.77,0.0,8.753315649867364,29.001883239171367,False,-10.0239,2.614,2,2,2,100.0,17.250407760322776,22.379603399433442,10.0,0.0,历史2/2次成功; 当前距低点0.00%; 最新日涨幅-10.02%; 状态bottom_area; 底部未确认
140,76.56164191070977,69.60149264609979,002251,步步高,bottom_area,2024-02-05,2.82,2024-02-05,2.82,0.0,0.0,32.21153846153847,False,-5.0505,0.0578,2,2,2,100.0,16.943508849998846,19.0311418685121,10.0,0.0,历史2/2次成功; 当前距低点0.00%; 最新日涨幅-5.05%; 状态bottom_area; 底部未确认
141,76.55596654948333,69.59633322680303,603045,福达合金,bottom_area,2024-02-05,9.92,2024-02-05,9.92,0.0,9.576612903225799,30.483531885073578,False,-9.9819,3.3584,2,2,2,100.0,16.9157700365754,20.604026845637573,10.0,0.0,历史2/2次成功; 当前距低点0.00%; 最新日涨幅-9.98%; 状态bottom_area; 底部未确认
142,76.49023747147872,71.89909071497999,688248,南网科技,confirmed_rebound,2024-02-05,17.43,2024-02-05,17.13,1.7513134851138394,13.076474022183316,29.73748974569319,False,-9.1714,1.9405,3,4,3,75.0,29.715513231395445,49.406593406593416,8.248686514886161,1.7513134851138394,历史3/4次成功; 当前距低点1.75%; 最新日涨幅-9.17%; 状态confirmed_rebound; 底部未确认
143,76.4214529801054,69.47404816373218,600159,大龙地产,bottom_area,2024-02-05,2.57,2024-02-05,2.57,0.0,8.171206225680933,30.352303523035236,False,-9.8246,3.4473,2,2,2,100.0,16.258323460925688,19.505494505494493,10.0,0.0,历史2/2次成功; 当前距低点0.00%; 最新日涨幅-9.82%; 状态bottom_area; 底部未确认
144,76.40528852922641,74.24936211974206,002459,晶澳科技,bottom_area,2024-02-05,15.98,2024-02-05,15.44,3.4974093264248767,7.8367875647668335,28.385899814471244,False,-4.483,1.9653,3,3,3,100.0,16.040082709627782,19.211267605633804,6.502590673575123,3.4974093264248767,历史3/3次成功; 当前距低点3.50%; 最新日涨幅-4.48%; 状态bottom_area; 底部未确认
145,76.35999104420013,72.13158763132913,688327,云从科技,confirmed_rebound,2024-02-05,10.15,2024-02-05,9.95,2.0100502512562923,16.78391959798995,31.708991077556632,False,-12.5754,5.0213,5,6,5,83.33333333333334,16.081553069140526,25.853071055800886,7.989949748743708,2.0100502512562923,历史5/6次成功; 当前距低点2.01%; 最新日涨幅-12.58%; 状态confirmed_rebound; 底部未确认
146,76.34951948366137,69.40865407605578,605398,新炬网络,bottom_area,2024-02-05,18.15,2024-02-05,18.15,0.0,9.531680440771353,30.725190839694662,False,-10.0149,0.9547,2,2,2,100.0,15.906742344385982,20.890538033395174,10.0,0.0,历史2/2次成功; 当前距低点0.00%; 最新日涨幅-10.01%; 状态bottom_area; 底部未确认
147,76.33781938325993,69.39801762114539,002358,森源电气,confirmed_rebound,2024-02-05,2.93,2024-02-05,2.93,0.0,10.921501706484635,29.904306220095684,False,-10.1227,2.645,1,1,1,100.0,42.73127753303966,42.73127753303966,10.0,0.0,历史1/1次成功; 当前距低点0.00%; 最新日涨幅-10.12%; 状态confirmed_rebound; 底部未确认
148,76.32483724148439,69.38621567407671,002436,兴森科技,confirmed_rebound,2024-02-05,8.72,2024-02-05,8.72,0.0,11.009174311926593,29.22077922077922,False,-10.0103,4.4192,2,2,2,100.0,26.001159538046814,30.59360730593607,10.0,0.0,历史2/2次成功; 当前距低点0.00%; 最新日涨幅-10.01%; 状态confirmed_rebound; 底部未确认
149,76.27932480652952,71.45228162379821,300703,创源股份,confirmed_rebound,2024-02-05,7.12,2024-02-05,7.01,1.569186875891588,18.116975748930095,32.79002876318312,False,-14.8325,5.3904,1,1,1,100.0,20.914127423822727,20.914127423822727,8.430813124108413,1.569186875891588,历史1/1次成功; 当前距低点1.57%; 最新日涨幅-14.83%; 状态confirmed_rebound; 底部未确认
150,76.23970576724832,72.83894698421068,000811,冰轮环境,confirmed_rebound,2024-02-05,9.06,2024-02-05,8.83,2.6047565118912845,11.438278595696486,29.190056134723342,False,-7.4566,2.5258,2,2,2,100.0,24.396730275929013,27.994791666666675,7.395243488108716,2.6047565118912845,历史2/2次成功; 当前距低点2.60%; 最新日涨幅-7.46%; 状态confirmed_rebound; 底部未确认
151,76.21690124535723,69.28809204123384,601020,华钰矿业,confirmed_rebound,2024-02-05,6.64,2024-02-05,6.64,0.0,10.692771084337348,30.688935281837164,False,-10.0271,3.7224,2,2,2,100.0,25.473613124913108,26.324110671936758,10.0,0.0,历史2/2次成功; 当前距低点0.00%; 最新日涨幅-10.03%; 状态confirmed_rebound; 底部未确认
152,76.15828274428274,69.2348024948025,001218,丽臣实业,confirmed_rebound,2024-02-05,14.44,2024-02-05,14.44,0.0,10.595567867036019,28.26626924987581,False,-9.9751,3.3951,2,2,2,100.0,25.18711018711019,29.999999999999993,10.0,0.0,历史2/2次成功; 当前距低点0.00%; 最新日涨幅-9.98%; 状态confirmed_rebound; 底部未确认
153,76.1341683335088,69.2128803031898,002094,青岛金王,bottom_area,2024-02-05,2.48,2024-02-05,2.48,0.0,8.467741935483868,31.68044077134986,False,-9.8182,3.4898,2,2,2,100.0,14.854195178439827,16.149068322981368,10.0,0.0,历史2/2次成功; 当前距低点0.00%; 最新日涨幅-9.82%; 状态bottom_area; 底部未确认
154,76.11108885017423,69.19189895470383,000042,中洲控股,confirmed_rebound,2024-02-05,4.01,2024-02-05,4.01,0.0,13.216957605985044,32.83082077051927,False,-10.0897,1.7271,2,2,2,100.0,24.956445993031362,28.57142857142858,10.0,0.0,历史2/2次成功; 当前距低点0.00%; 最新日涨幅-10.09%; 状态confirmed_rebound; 底部未确认
155,76.04688434400246,71.27641558441559,300471,厚普股份,confirmed_rebound,2024-02-05,7.62,2024-02-05,7.5,1.6000000000000014,15.99999999999999,32.675044883303414,False,-13.3106,3.1031,1,1,1,100.0,20.346320346320343,20.346320346320343,8.399999999999999,1.6000000000000014,历史1/1次成功; 当前距低点1.60%; 最新日涨幅-13.31%; 状态confirmed_rebound; 底部未确认
156,76.00645145207287,74.53613042712996,600196,复星医药,bottom_area,2024-02-05,21.19,2024-02-05,20.38,3.9744847890088435,6.280667320902852,29.820936639118457,False,-1.4877,0.8602,3,3,3,100.0,13.214815839086706,15.356166586267886,6.025515210991157,3.9744847890088435,历史3/3次成功; 当前距低点3.97%; 最新日涨幅-1.49%; 状态bottom_area; 底部未确认
157,76.00160056457304,69.09236414961185,002495,佳隆股份,confirmed_rebound,2024-02-05,2.09,2024-02-05,2.09,0.0,11.004784688995215,27.430555555555557,False,-9.9138,2.7301,2,2,2,100.0,24.421312632321797,38.07339449541283,10.0,0.0,历史2/2次成功; 当前距低点0.00%; 最新日涨幅-9.91%; 状态confirmed_rebound; 底部未确认
158,75.99276119402987,69.08432835820896,600212,绿能慧充,confirmed_rebound,2024-02-05,4.7,2024-02-05,4.7,0.0,10.425531914893622,28.244274809160302,False,-9.9617,3.0782,1,1,1,100.0,41.044776119403,41.044776119403,10.0,0.0,历史1/1次成功; 当前距低点0.00%; 最新日涨幅-9.96%; 状态confirmed_rebound; 底部未确认
159,75.92064222496818,71.77872772483424,688322,奥比中光,confirmed_rebound,2024-02-05,19.86,2024-02-05,19.46,2.055498458376149,15.00513874614593,32.757429163787144,False,-11.9681,2.5824,4,5,4,80.0,21.963786074902533,28.749462827675128,7.944501541623851,2.055498458376149,历史4/5次成功; 当前距低点2.06%; 最新日涨幅-11.97%; 状态confirmed_rebound; 底部未确认
160,75.91297190344281,73.27428571428571,301381,赛维时代,confirmed_rebound,2024-02-05,21.66,2024-02-05,21.0,3.1428571428571437,12.142857142857148,29.26911417985854,False,-7.1979,8.2611,1,1,1,100.0,66.46875000000001,66.46875000000001,6.857142857142856,3.1428571428571437,历史1/1次成功; 当前距低点3.14%; 最新日涨幅-7.20%; 状态confirmed_rebound; 底部未确认
161,75.90541862088229,73.09587050379818,688055,龙腾光电,confirmed_rebound,2024-02-05,3.07,2024-02-05,2.98,3.020134228187915,16.10738255033557,29.383886255924168,False,-11.2717,0.4381,2,2,2,100.0,30.869766365949573,45.45454545454546,6.979865771812086,3.020134228187915,历史2/2次成功; 当前距低点3.02%; 最新日涨幅-11.27%; 状态confirmed_rebound; 底部未确认
162,75.8712409028728,68.97385536624799,002679,福建金森,confirmed_rebound,2024-02-05,8.66,2024-02-05,8.66,0.0,12.240184757505778,29.478827361563514,False,-9.9792,2.3096,2,2,2,100.0,23.784168635741825,33.50951374207188,10.0,0.0,历史2/2次成功; 当前距低点0.00%; 最新日涨幅-9.98%; 状态confirmed_rebound; 底部未确认
163,75.85407146736681,72.67138315405072,300351,永贵电器,confirmed_rebound,2024-02-05,12.33,2024-02-05,12.0,2.750000000000001,14.916666666666659,30.354033662217066,False,-9.7365,6.4698,2,2,2,100.0,25.27625351640169,33.447979363714516,7.249999999999999,2.750000000000001,历史2/2次成功; 当前距低点2.75%; 最新日涨幅-9.74%; 状态confirmed_rebound; 底部未确认
164,75.82499479467899,72.47977443609021,002497,雅化集团,confirmed_rebound,2024-02-05,8.58,2024-02-05,8.36,2.631578947368429,12.20095693779906,29.924559932942163,False,-7.2432,2.5289,2,2,2,100.0,22.794486215538846,33.68421052631579,7.368421052631572,2.631578947368429,历史2/2次成功; 当前距低点2.63%; 最新日涨幅-7.24%; 状态confirmed_rebound; 底部未确认
165,75.81192866073914,73.2137704918033,300660,江苏雷利,confirmed_rebound,2024-02-05,18.88,2024-02-05,18.3,3.169398907103816,14.371584699453546,27.639383155397386,False,-8.6599,2.1992,1,1,1,100.0,68.44876468205752,68.44876468205752,6.8306010928961856,3.169398907103816,历史1/1次成功; 当前距低点3.17%; 最新日涨幅-8.66%; 状态confirmed_rebound; 底部未确认
166,75.80745174052441,68.91586521865855,000868,安凯客车,confirmed_rebound,2024-02-05,3.4,2024-02-05,3.4,0.0,12.05882352941177,27.966101694915253,False,-10.0529,3.0058,5,6,5,83.33333333333334,26.250171426479678,69.53846153846153,10.0,0.0,历史5/6次成功; 当前距低点0.00%; 最新日涨幅-10.05%; 状态confirmed_rebound; 底部未确认
167,75.77526502730196,72.50025357280623,002050,三花智控,bottom_area,2024-02-05,20.3,2024-02-05,19.77,2.680829539706632,6.170966110268077,32.869269949066215,False,-3.7915,1.5532,2,2,2,100.0,13.293252276007243,13.890426120641935,7.3191704602933685,2.680829539706632,历史2/2次成功; 当前距低点2.68%; 最新日涨幅-3.79%; 状态bottom_area; 底部未确认
168,75.74373795534666,68.85794359576968,603311,金海高科,confirmed_rebound,2024-02-05,7.09,2024-02-05,7.09,0.0,11.283497884344145,29.38247011952191,False,-10.0254,1.0797,2,2,2,100.0,23.16098707403056,26.75675675675676,10.0,0.0,历史2/2次成功; 当前距低点0.00%; 最新日涨幅-10.03%; 状态confirmed_rebound; 底部未确认
169,75.72889946368389,72.50740108174425,688300,联瑞新材,confirmed_rebound,2024-02-05,30.61,2024-02-05,29.8,2.7181208053691233,12.416107382550333,30.357560177611585,False,-9.8114,1.4368,2,2,2,100.0,24.003852247235756,26.809910956252438,7.281879194630878,2.7181208053691233,历史2/2次成功; 当前距低点2.72%; 最新日涨幅-9.81%; 状态confirmed_rebound; 底部未确认
170,75.66989795918369,68.79081632653062,002248,华东数控,bottom_area,2024-02-05,5.11,2024-02-05,5.11,0.0,9.980430528375729,29.22437673130193,False,-10.0352,3.7091,1,1,1,100.0,29.251700680272112,29.251700680272112,10.0,0.0,历史1/1次成功; 当前距低点0.00%; 最新日涨幅-10.04%; 状态bottom_area; 底部未确认
171,75.64843665553155,70.46928620348876,603033,三维股份,confirmed_rebound,2024-02-05,10.3,2024-02-05,10.17,1.2782694198623479,11.799410029498517,29.619377162629757,False,-8.8496,1.265,3,4,3,75.0,16.229787531047958,24.922480620155024,8.721730580137653,1.2782694198623479,历史3/4次成功; 当前距低点1.28%; 最新日涨幅-8.85%; 状态confirmed_rebound; 底部未确认
172,75.62335235285057,68.74850213895506,002860,星帅尔,confirmed_rebound,2024-02-05,7.88,2024-02-05,7.88,0.0,10.406091370558368,29.45389435989257,False,-9.9429,3.9622,2,2,2,100.0,22.572592144919646,30.917874396135282,10.0,0.0,历史2/2次成功; 当前距低点0.00%; 最新日涨幅-9.94%; 状态confirmed_rebound; 底部未确认
173,75.58718750000001,68.715625,002446,盛路通信,confirmed_rebound,2024-02-05,4.84,2024-02-05,4.84,0.0,11.36363636363636,29.956584659913172,False,-10.0372,5.8076,1,1,1,100.0,39.0625,39.0625,10.0,0.0,历史1/1次成功; 当前距低点0.00%; 最新日涨幅-10.04%; 状态confirmed_rebound; 底部未确认
174,75.561799970333,68.69254542757545,000688,国城矿业,confirmed_rebound,2024-02-05,7.49,2024-02-05,7.49,0.0,11.214953271028035,27.42248062015504,False,-9.976,0.9118,2,2,2,100.0,22.271749610620777,30.935251798561143,10.0,0.0,历史2/2次成功; 当前距低点0.00%; 最新日涨幅-9.98%; 状态confirmed_rebound; 底部未确认
175,75.55911096055405,68.69010087323095,002278,神开股份,confirmed_rebound,2024-02-05,3.92,2024-02-05,3.92,0.0,10.459183673469392,29.749103942652333,False,-10.0917,4.4413,2,2,2,100.0,22.258606845327712,33.74485596707818,10.0,0.0,历史2/2次成功; 当前距低点0.00%; 最新日涨幅-10.09%; 状态confirmed_rebound; 底部未确认
176,75.53163127866249,68.66511934423862,000889,中嘉博创,bottom_area,2024-02-05,1.62,2024-02-05,1.62,0.0,0.0,31.93277310924369,False,-4.7059,0.1943,4,5,4,80.0,21.909243786229116,34.408602150537625,10.0,0.0,历史4/5次成功; 当前距低点0.00%; 最新日涨幅-4.71%; 状态bottom_area; 底部未确认
177,75.50737960411598,70.93229283601906,300439,美康生物,confirmed_rebound,2024-02-05,7.69,2024-02-05,7.56,1.71957671957673,12.830687830687829,28.54442344045369,False,-10.6852,3.2884,1,1,1,100.0,19.961977186311785,19.961977186311785,8.280423280423271,1.71957671957673,历史1/1次成功; 当前距低点1.72%; 最新日涨幅-10.69%; 状态confirmed_rebound; 底部未确认
178,75.48566860548338,73.03861392050624,300577,开润股份,confirmed_rebound,2024-02-05,9.79,2024-02-05,9.48,3.2700421940928135,15.92827004219409,31.30434782608696,False,-11.2421,3.7478,3,3,3,100.0,16.95865657547232,23.626373626373624,6.729957805907187,3.2700421940928135,历史3/3次成功; 当前距低点3.27%; 最新日涨幅-11.24%; 状态confirmed_rebound; 底部未确认
179,75.48470284914046,68.95488426357467,002641,公元股份,confirmed_rebound,2024-02-05,3.96,2024-02-05,3.95,0.2531645569620199,11.392405063291143,27.389705882352942,False,-9.795,3.9951,2,2,2,100.0,14.527416416387467,17.038539553752532,9.74683544303798,0.2531645569620199,历史2/2次成功; 当前距低点0.25%; 最新日涨幅-9.79%; 状态confirmed_rebound; 底部未确认
180,75.45201437124062,68.86213393148573,002338,奥普光电,confirmed_rebound,2024-02-05,19.52,2024-02-05,19.48,0.20533880903490323,12.88501026694044,28.38235294117647,False,-9.7967,3.8047,2,2,2,100.0,13.44250761336189,16.18090452261308,9.794661190965098,0.20533880903490323,历史2/2次成功; 当前距低点0.21%; 最新日涨幅-9.80%; 状态confirmed_rebound; 底部未确认
181,75.43949758364592,71.27752963232874,002466,天齐锂业,bottom_area,2024-02-05,41.89,2024-02-05,41.06,2.02143205065757,7.890891378470519,32.66644801574286,False,-5.1833,2.4066,1,1,1,100.0,15.303197353913998,15.303197353913998,7.97856794934243,2.02143205065757,历史1/1次成功; 当前距低点2.02%; 最新日涨幅-5.18%; 状态bottom_area; 底部未确认
182,75.40750659133712,68.55227871939738,603183,建研院,bottom_area,2024-02-05,3.23,2024-02-05,3.23,0.0,9.597523219814242,27.901785714285722,False,-10.0279,2.4401,2,2,2,100.0,11.302573760200884,11.864406779661028,10.0,0.0,历史2/2次成功; 当前距低点0.00%; 最新日涨幅-10.03%; 状态bottom_area; 底部未确认
183,75.32921727395413,68.48110661268556,601218,吉鑫科技,bottom_area,2024-02-05,2.59,2024-02-05,2.59,0.0,9.652509652509652,29.427792915531338,False,-10.0694,2.2106,2,2,2,100.0,10.919928025191178,11.111111111111114,10.0,0.0,历史2/2次成功; 当前距低点0.00%; 最新日涨幅-10.07%; 状态bottom_area; 底部未确认
184,75.32067755874058,71.8209584249122,600416,湘电股份,confirmed_rebound,2024-02-05,9.83,2024-02-05,9.59,2.5026068821689282,10.531803962460895,27.840481565086527,False,-7.6995,2.3327,2,2,2,100.0,17.671516754071792,23.756131744919415,7.497393117831072,2.5026068821689282,历史2/2次成功; 当前距低点2.50%; 最新日涨幅-7.70%; 状态confirmed_rebound; 底部未确认
185,75.2972976635514,68.45208878504673,600287,苏豪时尚,confirmed_rebound,2024-02-05,4.36,2024-02-05,4.36,0.0,12.155963302752278,28.171334431630967,False,-9.9174,2.0021,2,2,2,100.0,20.978971962616825,28.499999999999993,10.0,0.0,历史2/2次成功; 当前距低点0.00%; 最新日涨幅-9.92%; 状态confirmed_rebound; 底部未确认
186,75.171126252715,69.18798834606365,002855,捷荣技术,confirmed_rebound,2024-02-05,21.74,2024-02-05,21.6,0.6481481481481343,11.111111111111104,32.394366197183096,False,-9.4167,4.7162,2,2,2,100.0,20.62239851527635,21.093749999999993,9.351851851851867,0.6481481481481343,历史2/2次成功; 当前距低点0.65%; 最新日涨幅-9.42%; 状态confirmed_rebound; 底部未确认
187,75.15215742408647,68.32014311280588,000856,冀东装备,confirmed_rebound,2024-02-05,6.19,2024-02-05,6.19,0.0,10.177705977382873,30.056497175141235,False,-10.0291,5.2276,2,2,2,100.0,20.269586627988584,25.237449118046136,10.0,0.0,历史2/2次成功; 当前距低点0.00%; 最新日涨幅-10.03%; 状态confirmed_rebound; 底部未确认
188,75.14621832940442,69.17000184845618,002144,宏达高科,bottom_area,2024-02-05,7.72,2024-02-05,7.67,0.6518904823989546,9.2568448500652,28.71747211895911,False,-9.3897,5.9425,2,2,2,100.0,10.3565169264828,10.360360360360364,9.348109517601046,0.6518904823989546,历史2/2次成功; 当前距低点0.65%; 最新日涨幅-9.39%; 状态bottom_area; 底部未确认
189,75.12960884325646,68.29964440296041,600105,永鼎股份,confirmed_rebound,2024-02-05,3.56,2024-02-05,3.56,0.0,10.674157303370784,28.94211576846307,False,-10.101,2.6683,2,2,2,100.0,20.159378510539884,29.56081081081081,10.0,0.0,历史2/2次成功; 当前距低点0.00%; 最新日涨幅-10.10%; 状态confirmed_rebound; 底部未确认
190,75.10040249556786,71.42861737119722,300732,设研院,confirmed_rebound,2024-02-05,6.05,2024-02-05,5.91,2.3688663282571856,15.228426395939076,32.6879271070615,False,-13.0747,2.7915,2,2,2,100.0,13.922755911954837,14.3801652892562,7.631133671742815,2.3688663282571856,历史2/2次成功; 当前距低点2.37%; 最新日涨幅-13.07%; 状态confirmed_rebound; 底部未确认
191,75.08453636418969,70.37015100234314,600185,珠免集团,confirmed_rebound,2024-02-05,5.09,2024-02-05,5.01,1.5968063872255505,10.379241516966077,27.809798270893378,False,-8.6176,1.6735,1,1,1,100.0,15.434782608695652,15.434782608695652,8.40319361277445,1.5968063872255505,历史1/1次成功; 当前距低点1.60%; 最新日涨幅-8.62%; 状态confirmed_rebound; 底部未确认
192,75.0327227646185,70.05892607890613,688119,中钢洛耐,confirmed_rebound,2024-02-05,3.62,2024-02-05,3.57,1.4005602240896433,17.086834733893554,28.74251497005988,False,-12.7711,1.9188,1,1,1,100.0,11.355932203389829,11.355932203389829,8.599439775910357,1.4005602240896433,历史1/1次成功; 当前距低点1.40%; 最新日涨幅-12.77%; 状态confirmed_rebound; 底部未确认
193,75.01175011970525,71.32803264432404,603016,新宏泰,bottom_area,2024-02-05,15.2,2024-02-05,14.85,2.3569023569023546,7.609427609427614,27.170181461500743,False,-7.8788,1.0985,1,1,1,100.0,19.686935580975316,19.686935580975316,7.643097643097646,2.3569023569023546,历史1/1次成功; 当前距低点2.36%; 最新日涨幅-7.88%; 状态bottom_area; 底部未确认
194,74.96430663820897,71.1854713469662,603297,永新光学,confirmed_rebound,2024-02-05,59.98,2024-02-05,58.64,2.2851296043656144,10.163710777626182,29.570021619024743,False,-7.9355,1.5673,2,2,2,100.0,11.589069058708528,12.31182795698925,7.714870395634386,2.2851296043656144,历史2/2次成功; 当前距低点2.29%; 最新日涨幅-7.94%; 状态confirmed_rebound; 底部未确认
195,74.92018518518519,68.10925925925926,603009,北特科技,confirmed_rebound,2024-02-05,8.82,2024-02-05,8.82,0.0,11.111111111111116,29.099678456591633,False,-10.0,4.6554,1,1,1,100.0,35.802469135802454,35.802469135802454,10.0,0.0,历史1/1次成功; 当前距低点0.00%; 最新日涨幅-10.00%; 状态confirmed_rebound; 底部未确认
196,74.9172787541326,68.10661704921145,603078,江化微,confirmed_rebound,2024-02-05,9.95,2024-02-05,9.95,0.0,10.452261306532673,27.793904208998548,False,-9.9548,3.0168,2,2,2,100.0,19.12159703877122,24.563540397888758,10.0,0.0,历史2/2次成功; 当前距低点0.00%; 最新日涨幅-9.95%; 状态confirmed_rebound; 底部未确认
197,74.87938152628895,69.12508581852354,002255,海陆重工,confirmed_rebound,2024-02-05,3.76,2024-02-05,3.73,0.8042895442359197,10.455764075067027,28.131021194605015,False,-9.1787,4.8411,2,2,2,100.0,22.19820419022282,32.783505154639194,9.19571045576408,0.8042895442359197,历史2/2次成功; 当前距低点0.80%; 最新日涨幅-9.18%; 状态confirmed_rebound; 底部未确认
198,74.86321958474237,71.60137898646984,688102,斯瑞新材,confirmed_rebound,2024-02-05,8.1,2024-02-05,7.89,2.6615969581749046,14.321926489226868,30.361871138570173,False,-11.1842,2.4695,2,2,2,100.0,18.439892747895804,20.52704576976421,7.338403041825097,2.6615969581749046,历史2/2次成功; 当前距低点2.66%; 最新日涨幅-11.18%; 状态confirmed_rebound; 底部未确认
199,74.86228806971607,68.05662551792369,001322,箭牌家居,confirmed_rebound,2024-02-05,8.35,2024-02-05,8.35,0.0,10.658682634730546,28.01724137931035,False,-10.0216,4.3268,2,2,2,100.0,18.85282536518115,26.897069872276486,10.0,0.0,历史2/2次成功; 当前距低点0.00%; 最新日涨幅-10.02%; 状态confirmed_rebound; 底部未确认
200,74.85309688581317,68.04826989619379,002632,道明光学,bottom_area,2024-02-05,5.27,2024-02-05,5.27,0.0,9.677419354838722,27.808219178082194,False,-10.0683,3.1963,1,1,1,100.0,25.259515570934255,25.259515570934255,10.0,0.0,历史1/1次成功; 当前距低点0.00%; 最新日涨幅-10.07%; 状态bottom_area; 底部未确认
201,74.8274359102056,68.2112385253439,002809,红墙股份,confirmed_rebound,2024-02-05,6.99,2024-02-05,6.98,0.14326647564469608,10.458452722063031,30.959446092977245,False,-9.9227,5.5113,1,1,1,100.0,25.84884994523548,25.84884994523548,9.856733524355304,0.14326647564469608,历史1/1次成功; 当前距低点0.14%; 最新日涨幅-9.92%; 状态confirmed_rebound; 底部未确认
202,74.82519704433497,68.02290640394088,000790,华神科技,bottom_area,2024-02-05,3.32,2024-02-05,3.32,0.0,9.939759036144581,29.059829059829056,False,-10.0271,2.501,1,1,1,100.0,25.12315270935962,25.12315270935962,10.0,0.0,历史1/1次成功; 当前距低点0.00%; 最新日涨幅-10.03%; 状态bottom_area; 底部未确认
203,74.81047367061099,71.4323014236283,300455,航天智装,confirmed_rebound,2024-02-05,7.57,2024-02-05,7.38,2.574525745257458,14.769647696476977,30.76923076923077,False,-11.2544,2.4859,2,2,2,100.0,16.463549047394118,18.904109589041095,7.425474254742542,2.574525745257458,历史2/2次成功; 当前距低点2.57%; 最新日涨幅-11.25%; 状态confirmed_rebound; 底部未确认
204,74.76453688379354,71.17204327106366,301510,固高科技,confirmed_rebound,2024-02-05,22.05,2024-02-05,21.53,2.4152345564328823,12.122619600557359,30.72715572715572,False,-9.5199,8.0457,2,2,2,100.0,13.11170999855176,16.010654039656714,7.584765443567118,2.4152345564328823,历史2/2次成功; 当前距低点2.42%; 最新日涨幅-9.52%; 状态confirmed_rebound; 底部未确认
205,74.75126049294194,67.95569135721993,000524,岭南控股,confirmed_rebound,2024-02-05,6.48,2024-02-05,6.48,0.0,11.111111111111107,27.999999999999996,False,-10.0,1.9073,2,2,2,100.0,18.31016858720398,21.550094517958406,10.0,0.0,历史2/2次成功; 当前距低点0.00%; 最新日涨幅-10.00%; 状态confirmed_rebound; 底部未确认
206,74.74777822340313,68.9110499490316,002300,太阳电缆,confirmed_rebound,2024-02-05,5.49,2024-02-05,5.45,0.733944954128441,11.192660550458704,27.13903743315508,False,-9.4059,2.678,1,1,1,100.0,36.85185185185183,36.85185185185183,9.26605504587156,0.733944954128441,历史1/1次成功; 当前距低点0.73%; 最新日涨幅-9.41%; 状态confirmed_rebound; 底部未确认
207,74.6827598152425,67.89341801385682,002823,凯中精密,confirmed_rebound,2024-02-05,7.97,2024-02-05,7.97,0.0,11.919698870765373,30.271216097987754,False,-10.0451,3.1961,1,1,1,100.0,34.64203233256351,34.64203233256351,10.0,0.0,历史1/1次成功; 当前距低点0.00%; 最新日涨幅-10.05%; 状态confirmed_rebound; 底部未确认
208,74.67823160887161,68.56727561117452,603178,圣龙股份,confirmed_rebound,2024-02-05,25.1,2024-02-05,24.97,0.5206247496996499,11.81417701241491,27.602203537257186,False,-9.058,5.6705,4,5,4,80.0,25.72204322843939,44.66270354096666,9.47937525030035,0.5206247496996499,历史4/5次成功; 当前距低点0.52%; 最新日涨幅-9.06%; 状态confirmed_rebound; 底部未确认
209,74.57157882550219,71.25420491408305,300603,立昂技术,confirmed_rebound,2024-02-05,6.68,2024-02-05,6.51,2.6113671274961585,13.978494623655916,28.303964757709256,False,-10.5756,4.0858,5,6,5,83.33333333333334,18.735422749682456,35.36723163841809,7.388632872503842,2.6113671274961585,历史5/6次成功; 当前距低点2.61%; 最新日涨幅-10.58%; 状态confirmed_rebound; 底部未确认
210,74.56219424460433,67.78381294964029,000702,正虹科技,confirmed_rebound,2024-02-05,4.02,2024-02-05,4.02,0.0,10.945273631840807,32.88814691151921,False,-10.0671,3.4405,1,1,1,100.0,34.05275779376499,34.05275779376499,10.0,0.0,历史1/1次成功; 当前距低点0.00%; 最新日涨幅-10.07%; 状态confirmed_rebound; 底部未确认
211,74.55560834845737,67.77782577132487,002580,圣阳股份,confirmed_rebound,2024-02-05,5.42,2024-02-05,5.42,0.0,11.070110701107003,30.42362002567394,False,-9.9668,3.6669,2,2,2,100.0,17.353901996370237,24.0,10.0,0.0,历史2/2次成功; 当前距低点0.00%; 最新日涨幅-9.97%; 状态confirmed_rebound; 底部未确认
212,74.5540117098526,68.90849634652301,002566,益盛药业,confirmed_rebound,2024-02-05,5.81,2024-02-05,5.76,0.8680555555555525,10.763888888888891,29.841656516443372,False,-9.2188,4.641,2,2,2,100.0,21.815392544030487,31.79723502304148,9.131944444444448,0.8680555555555525,历史2/2次成功; 当前距低点0.87%; 最新日涨幅-9.22%; 状态confirmed_rebound; 底部未确认
213,74.54363942759923,67.76694493418111,001278,一彬科技,confirmed_rebound,2024-02-05,15.53,2024-02-05,15.53,0.0,10.560206052801044,27.123416236508678,False,-9.971,7.27,2,2,2,100.0,17.295402871941434,19.72699251431088,10.0,0.0,历史2/2次成功; 当前距低点0.00%; 最新日涨幅-9.97%; 状态confirmed_rebound; 底部未确认
214,74.53236877959195,68.04602192362094,002412,汉森制药,confirmed_rebound,2024-02-05,4.49,2024-02-05,4.48,0.22321428571428092,10.937499999999984,27.62520193861066,False,-9.8394,3.1578,1,1,1,100.0,25.940594059405953,25.940594059405953,9.77678571428572,0.22321428571428092,历史1/1次成功; 当前距低点0.22%; 最新日涨幅-9.84%; 状态confirmed_rebound; 底部未确认
215,74.4719059545106,67.70173268591873,002474,榕基软件,confirmed_rebound,2024-02-05,4.18,2024-02-05,4.18,0.0,10.765550239234454,30.217028380634396,False,-9.9138,3.2237,2,2,2,100.0,16.944799386659852,21.0989010989011,10.0,0.0,历史2/2次成功; 当前距低点0.00%; 最新日涨幅-9.91%; 状态confirmed_rebound; 底部未确认
216,74.46563977489632,72.39978211761363,603000,人民网,confirmed_rebound,2024-02-05,19.1,2024-02-05,18.45,3.523035230352315,11.219512195121952,27.075098814229253,False,-6.8293,4.1172,3,3,3,100.0,16.625281950628473,26.69082125603866,6.476964769647687,3.523035230352315,历史3/3次成功; 当前距低点3.52%; 最新日涨幅-6.83%; 状态confirmed_rebound; 底部未确认
217,74.46363925917932,69.8670544478561,002738,中矿资源,confirmed_rebound,2024-02-05,27.01,2024-02-05,26.57,1.65600301091457,10.011290929619872,30.987012987012985,False,-8.5027,4.0576,1,1,1,100.0,13.45559845559847,13.45559845559847,8.343996989085431,1.65600301091457,历史1/1次成功; 当前距低点1.66%; 最新日涨幅-8.50%; 状态confirmed_rebound; 底部未确认
218,74.44522598158787,67.67747816507988,605177,东亚药业,confirmed_rebound,2024-02-05,16.55,2024-02-05,16.55,0.0,11.419939577039278,29.514480408858603,False,-10.0054,2.6001,2,2,2,100.0,16.81439873698852,21.452513966480446,10.0,0.0,历史2/2次成功; 当前距低点0.00%; 最新日涨幅-10.01%; 状态confirmed_rebound; 底部未确认
219,74.42645448609555,67.66041316917777,600202,哈空调,bottom_area,2024-02-05,4.14,2024-02-05,4.14,0.0,9.66183574879228,30.067567567567572,False,-10.0,2.9462,3,4,3,75.0,27.340931017084763,41.50485436893204,10.0,0.0,历史3/4次成功; 当前距低点0.00%; 最新日涨幅-10.00%; 状态bottom_area; 底部未确认
220,74.39795000000001,67.6345,000823,超声电子,confirmed_rebound,2024-02-05,6.07,2024-02-05,6.07,0.0,11.367380560131787,27.565632458233896,False,-9.9407,3.3719,1,1,1,100.0,33.25,33.25,10.0,0.0,历史1/1次成功; 当前距低点0.00%; 最新日涨幅-9.94%; 状态confirmed_rebound; 底部未确认
221,74.27468771618359,72.11846087436653,300485,赛升药业,confirmed_rebound,2024-02-05,6.89,2024-02-05,6.66,3.4534534534534465,15.91591591591591,30.188679245283012,False,-10.8668,2.6356,3,3,3,100.0,14.259864237851513,19.197952218430032,6.546546546546554,3.4534534534534465,历史3/3次成功; 当前距低点3.45%; 最新日涨幅-10.87%; 状态confirmed_rebound; 底部未确认
222,74.27269267822734,67.5206297074794,002519,银河电子,confirmed_rebound,2024-02-05,3.8,2024-02-05,3.8,0.0,10.789473684210531,27.48091603053436,False,-9.9526,2.2194,2,2,2,100.0,15.97112745956676,20.959595959595962,10.0,0.0,历史2/2次成功; 当前距低点0.00%; 最新日涨幅-9.95%; 状态confirmed_rebound; 底部未确认
223,74.27180987419892,67.51982715836265,000691,亚太实业,confirmed_rebound,2024-02-05,3.32,2024-02-05,3.32,0.0,10.843373493975914,32.520325203252035,False,-10.0271,2.5211,2,2,2,100.0,15.966812679369058,16.528925619834727,10.0,0.0,历史2/2次成功; 当前距低点0.00%; 最新日涨幅-10.03%; 状态confirmed_rebound; 底部未确认
224,74.2399504048583,67.49086400441664,603366,日出东方,confirmed_rebound,2024-02-05,4.11,2024-02-05,4.11,0.0,10.705596107055948,28.397212543554005,False,-10.0656,2.058,2,2,2,100.0,15.811096797938903,17.583732057416277,10.0,0.0,历史2/2次成功; 当前距低点0.00%; 最新日涨幅-10.07%; 状态confirmed_rebound; 底部未确认
225,74.23496894409938,67.4863354037267,000965,天保基建,confirmed_rebound,2024-02-05,2.47,2024-02-05,2.47,0.0,10.121457489878543,28.405797101449277,False,-9.854,2.126,2,2,2,100.0,15.786749482401651,16.666666666666664,10.0,0.0,历史2/2次成功; 当前距低点0.00%; 最新日涨幅-9.85%; 状态confirmed_rebound; 底部未确认
226,74.17027760613014,69.5194164693045,600113,浙江东日,confirmed_rebound,2024-02-05,5.71,2024-02-05,5.62,1.6014234875444813,15.658362989323841,29.75,False,-8.4936,4.6294,1,1,1,100.0,10.917537746806055,10.917537746806055,8.398576512455518,1.6014234875444813,历史1/1次成功; 当前距低点1.60%; 最新日涨幅-8.49%; 状态confirmed_rebound; 底部未确认
227,74.16937341810494,67.42670310736813,002707,众信旅游,bottom_area,2024-02-05,5.3,2024-02-05,5.3,0.0,9.24528301886793,27.69440654843111,False,-10.017,3.0492,4,5,4,80.0,15.251091975097442,23.252032520325198,10.0,0.0,历史4/5次成功; 当前距低点0.00%; 最新日涨幅-10.02%; 状态bottom_area; 底部未确认
228,74.16409698996657,67.42190635451506,002297,博云新材,confirmed_rebound,2024-02-05,4.91,2024-02-05,4.91,0.0,11.405295315682274,30.05698005698005,False,-10.0733,3.3071,1,1,1,100.0,32.10702341137123,32.10702341137123,10.0,0.0,历史1/1次成功; 当前距低点0.00%; 最新日涨幅-10.07%; 状态confirmed_rebound; 底部未确认
229,74.14694684296722,70.5207985275146,002254,泰和新材,confirmed_rebound,2024-02-05,9.51,2024-02-05,9.29,2.368137782561902,11.194833153928966,27.984496124031015,False,-5.9347,2.8988,1,1,1,100.0,25.699745547073803,25.699745547073803,7.631862217438099,2.368137782561902,历史1/1次成功; 当前距低点2.37%; 最新日涨幅-5.93%; 状态confirmed_rebound; 底部未确认
230,74.1411592505855,67.40105386416863,002574,明牌珠宝,bottom_area,2024-02-05,4.15,2024-02-05,4.15,0.0,8.674698795180708,29.89864864864864,False,-9.9783,2.3294,1,1,1,100.0,21.779859484777532,21.779859484777532,10.0,0.0,历史1/1次成功; 当前距低点0.00%; 最新日涨幅-9.98%; 状态bottom_area; 底部未确认
231,74.12150859675661,67.3831896334151,600262,北方股份,confirmed_rebound,2024-02-05,13.14,2024-02-05,13.14,0.0,10.273972602739722,27.682993946064943,False,-10.0,2.5884,2,2,2,100.0,15.232202330188693,17.269624573378834,10.0,0.0,历史2/2次成功; 当前距低点0.00%; 最新日涨幅-10.00%; 状态confirmed_rebound; 底部未确认
232,74.10270668473925,70.74723886056753,688128,中国电研,confirmed_rebound,2024-02-05,14.78,2024-02-05,14.41,2.567661346287295,11.589174184594018,27.733199598796393,False,-8.9901,1.974,2,2,2,100.0,12.696272742486913,14.981949458483761,7.432338653712706,2.567661346287295,历史2/2次成功; 当前距低点2.57%; 最新日涨幅-8.99%; 状态confirmed_rebound; 底部未确认
233,74.0966960208487,69.5138848264812,688186,广大特材,confirmed_rebound,2024-02-05,11.71,2024-02-05,11.52,1.6493055555555667,13.715277777777779,28.888888888888886,False,-11.2879,2.0951,1,1,1,100.0,11.474739210472489,11.474739210472489,8.350694444444434,1.6493055555555667,历史1/1次成功; 当前距低点1.65%; 最新日涨幅-11.29%; 状态confirmed_rebound; 底部未确认
234,74.09472375690608,67.35883977900552,000973,佛塑科技,confirmed_rebound,2024-02-05,3.32,2024-02-05,3.32,0.0,10.240963855421697,27.982646420824302,False,-10.0271,3.2046,1,1,1,100.0,31.767955801104957,31.767955801104957,10.0,0.0,历史1/1次成功; 当前距低点0.00%; 最新日涨幅-10.03%; 状态confirmed_rebound; 底部未确认
235,74.05268750000002,67.320625,600099,林海股份,confirmed_rebound,2024-02-05,6.87,2024-02-05,6.87,0.0,10.043668122270736,29.96941896024465,False,-9.9607,2.6122,1,1,1,100.0,31.562499999999993,31.562499999999993,10.0,0.0,历史1/1次成功; 当前距低点0.00%; 最新日涨幅-9.96%; 状态confirmed_rebound; 底部未确认
236,74.04271660203734,67.31156054730667,001205,盛航股份,confirmed_rebound,2024-02-05,11.5,2024-02-05,11.5,0.0,11.13043478260869,29.534313725490197,False,-10.0156,3.1292,2,2,2,100.0,14.847099716702502,14.929577464788741,10.0,0.0,历史2/2次成功; 当前距低点0.00%; 最新日涨幅-10.02%; 状态confirmed_rebound; 底部未确认
237,74.03651825752723,67.30592568866112,600980,北矿科技,bottom_area,2024-02-05,11.24,2024-02-05,11.24,0.0,9.786476868327398,27.623953638119765,False,-10.008,3.4236,1,1,1,100.0,21.268417680973737,21.268417680973737,10.0,0.0,历史1/1次成功; 当前距低点0.00%; 最新日涨幅-10.01%; 状态bottom_area; 底部未确认
238,74.00242674395201,67.86654713955397,000536,华映科技,confirmed_rebound,2024-02-05,2.19,2024-02-05,2.18,0.45871559633026543,11.009174311926593,29.677419354838708,False,-9.5041,2.6142,2,2,2,100.0,11.195799457994584,11.280487804878053,9.541284403669735,0.45871559633026543,历史2/2次成功; 当前距低点0.46%; 最新日涨幅-9.50%; 状态confirmed_rebound; 底部未确认
239,73.98640095736637,70.69306921866547,300483,首华燃气,confirmed_rebound,2024-02-05,7.47,2024-02-05,7.28,2.609890109890103,18.54395604395605,32.5301204819277,False,-13.3411,2.6024,2,2,2,100.0,12.922681017284448,14.124293785310735,7.390109890109898,2.609890109890103,历史2/2次成功; 当前距低点2.61%; 最新日涨幅-13.34%; 状态confirmed_rebound; 底部未确认
240,73.98230083875868,67.25663712614424,603070,万控智造,confirmed_rebound,2024-02-05,10.62,2024-02-05,10.62,0.0,10.640301318267428,27.705922396187887,False,-10.0,3.5901,2,2,2,100.0,14.551812506151835,17.555401662049874,10.0,0.0,历史2/2次成功; 当前距低点0.00%; 最新日涨幅-10.00%; 状态confirmed_rebound; 底部未确认
241,73.94546539379475,67.22315035799522,605287,德才股份,bottom_area,2024-02-05,11.04,2024-02-05,11.04,0.0,9.601449275362324,30.82706766917294,False,-10.0244,4.7781,1,1,1,100.0,20.823389021479702,20.823389021479702,10.0,0.0,历史1/1次成功; 当前距低点0.00%; 最新日涨幅-10.02%; 状态bottom_area; 底部未确认
242,73.9126197542354,67.78968083968333,002132,恒星科技,confirmed_rebound,2024-02-05,2.17,2024-02-05,2.16,0.46296296296295303,10.648148148148147,27.516778523489926,False,-9.5833,2.1497,2,2,2,100.0,10.834604275477771,11.088295687885012,9.537037037037049,0.46296296296295303,历史2/2次成功; 当前距低点0.46%; 最新日涨幅-9.58%; 状态confirmed_rebound; 底部未确认
243,73.909,67.19,601616,广电电气,bottom_area,2024-02-05,2.38,2024-02-05,2.38,0.0,9.663865546218489,28.096676737160127,False,-9.8485,2.3361,1,1,1,100.0,20.645161290322584,20.645161290322584,10.0,0.0,历史1/1次成功; 当前距低点0.00%; 最新日涨幅-9.85%; 状态bottom_area; 底部未确认
244,73.82291026868674,67.11173660789703,001299,美能能源,confirmed_rebound,2024-02-05,10.63,2024-02-05,10.63,0.0,11.006585136406395,27.241615331964397,False,-9.9915,4.5411,2,2,2,100.0,13.772777461812025,15.247322794492616,10.0,0.0,历史2/2次成功; 当前距低点0.00%; 最新日涨幅-9.99%; 状态confirmed_rebound; 底部未确认
245,73.80288141493796,67.86529937710488,601059,信达证券,bottom_area,2024-02-05,13.43,2024-02-05,13.35,0.5992509363295886,5.992509363295886,32.6097930338213,False,-6.0839,5.5343,1,1,1,100.0,19.363395225464192,19.363395225464192,9.400749063670412,0.5992509363295886,历史1/1次成功; 当前距低点0.60%; 最新日涨幅-6.08%; 状态bottom_area; 底部未确认
246,73.79809060110664,72.93555662346128,002304,洋河股份,bottom_area,2024-02-05,92.17,2024-02-02,88.3,4.382785956964898,5.232163080407706,30.84273182957394,False,1.5647,0.5742,1,1,1,100.0,20.474777448071226,20.474777448071226,5.617214043035103,4.382785956964898,历史1/1次成功; 当前距低点4.38%; 最新日涨幅1.56%; 状态bottom_area; 底部未确认
247,73.77463372093025,67.06784883720931,600280,中央商场,confirmed_rebound,2024-02-05,2.48,2024-02-05,2.48,0.0,10.080645161290324,29.745042492917843,False,-10.1449,2.3542,2,2,2,100.0,13.536821705426364,15.406976744186055,10.0,0.0,历史2/2次成功; 当前距低点0.00%; 最新日涨幅-10.14%; 状态confirmed_rebound; 底部未确认
248,73.75283464566931,67.048031496063,600232,金鹰股份,bottom_area,2024-02-05,4.07,2024-02-05,4.07,0.0,9.582309582309573,29.340277777777768,False,-9.9558,2.3278,1,1,1,100.0,19.881889763779522,19.881889763779522,10.0,0.0,历史1/1次成功; 当前距低点0.00%; 最新日涨幅-9.96%; 状态bottom_area; 底部未确认
249,73.7451181471158,69.31267659652272,688098,申联生物,confirmed_rebound,2024-02-05,4.66,2024-02-05,4.58,1.746724890829696,15.283842794759828,32.148148148148145,False,-12.5704,1.5045,1,1,1,100.0,11.587147030185017,11.587147030185017,8.253275109170305,1.746724890829696,历史1/1次成功; 当前距低点1.75%; 最新日涨幅-12.57%; 状态confirmed_rebound; 底部未确认
250,73.73016352029065,71.36643448018269,300441,鲍斯股份,confirmed_rebound,2024-02-05,4.71,2024-02-05,4.56,3.2894736842105345,15.789473684210542,32.74336283185841,False,-11.6323,3.0375,2,2,2,100.0,24.873303656896304,29.15291529152916,6.710526315789467,3.2894736842105345,历史2/2次成功; 当前距低点3.29%; 最新日涨幅-11.63%; 状态confirmed_rebound; 底部未确认
251,73.72911764705883,67.0264705882353,000953,中哲精化,confirmed_rebound,2024-02-05,3.45,2024-02-05,3.45,0.0,10.434782608695647,30.722891566265066,False,-9.9217,2.5999,1,1,1,100.0,29.981024667931695,29.981024667931695,10.0,0.0,历史1/1次成功; 当前距低点0.00%; 最新日涨幅-9.92%; 状态confirmed_rebound; 底部未确认
252,73.66728182638784,66.97025620580712,002272,川润股份,bottom_area,2024-02-05,4.1,2024-02-05,4.1,0.0,9.512195121951233,30.27210884353742,False,-9.8901,3.6677,3,4,3,75.0,23.630409708640478,48.337595907928375,10.0,0.0,历史3/4次成功; 当前距低点0.00%; 最新日涨幅-9.89%; 状态bottom_area; 底部未确认
253,73.6411443218227,69.23672866189519,301339,通行宝,confirmed_rebound,2024-02-05,12.12,2024-02-05,11.91,1.7632241813601937,16.876574307304786,31.94285714285714,False,-13.1805,5.1024,1,1,1,100.0,11.381074168797946,11.381074168797946,8.236775818639808,1.7632241813601937,历史1/1次成功; 当前距低点1.76%; 最新日涨幅-13.18%; 状态confirmed_rebound; 底部未确认
254,73.6382742794642,66.94388570860382,300405,科隆股份,confirmed_rebound,2024-02-05,4.22,2024-02-05,4.22,0.0,22.985781990521343,32.69537480063796,False,-20.0758,16.4996,2,2,2,100.0,12.870353272063518,14.767255216693417,10.0,0.0,历史2/2次成功; 当前距低点0.00%; 最新日涨幅-20.08%; 状态confirmed_rebound; 底部未确认
255,73.59925138632164,66.90841035120148,000788,北大医药,bottom_area,2024-02-05,4.47,2024-02-05,4.47,0.0,9.619686800894868,28.135048231511256,False,-10.0604,2.4512,1,1,1,100.0,19.13123844731978,19.13123844731978,10.0,0.0,历史1/1次成功; 当前距低点0.00%; 最新日涨幅-10.06%; 状态bottom_area; 底部未确认
256,73.55845947276782,69.95672699387524,002108,沧州明珠,bottom_area,2024-02-05,3.03,2024-02-05,2.96,2.3648648648648596,8.783783783783791,31.639722863741344,False,-6.4815,1.3656,3,4,3,75.0,16.578596160038273,24.3961352657005,7.63513513513514,2.3648648648648596,历史3/4次成功; 当前距低点2.36%; 最新日涨幅-6.48%; 状态bottom_area; 底部未确认
257,73.50680904522613,66.82437185929648,002413,雷科防务,confirmed_rebound,2024-02-05,3.27,2024-02-05,3.27,0.0,10.397553516819567,32.298136645962735,False,-9.9174,3.2241,1,1,1,100.0,28.894472361809044,28.894472361809044,10.0,0.0,历史1/1次成功; 当前距低点0.00%; 最新日涨幅-9.92%; 状态confirmed_rebound; 底部未确认
258,73.4412785625369,66.76479869321535,002176,江特电机,confirmed_rebound,2024-02-05,7.97,2024-02-05,7.97,0.0,11.041405269761604,28.902765388046397,False,-10.0451,4.9646,2,2,2,100.0,11.907519855996531,13.689095127610203,10.0,0.0,历史2/2次成功; 当前距低点0.00%; 最新日涨幅-10.05%; 状态confirmed_rebound; 底部未确认
259,73.40768541109033,66.73425946462757,001324,长青科技,confirmed_rebound,2024-02-05,15.2,2024-02-05,15.2,0.0,11.578947368421064,29.62962962962964,False,-10.0059,8.3164,2,2,2,100.0,11.743330454986909,13.057213057213065,10.0,0.0,历史2/2次成功; 当前距低点0.00%; 最新日涨幅-10.01%; 状态confirmed_rebound; 底部未确认
260,73.37798755186724,66.70726141078839,000554,泰山石油,bottom_area,2024-02-05,4.66,2024-02-05,4.66,0.0,8.798283261802577,29.286798179059176,False,-10.0386,9.778,1,1,1,100.0,18.049792531120335,18.049792531120335,10.0,0.0,历史1/1次成功; 当前距低点0.00%; 最新日涨幅-10.04%; 状态bottom_area; 底部未确认
261,73.32399744314722,66.65817949377019,002362,汉王科技,confirmed_rebound,2024-02-05,14.73,2024-02-05,14.73,0.0,10.658520027155467,30.09017560512577,False,-10.0183,5.886,2,2,2,100.0,11.334298353603266,12.642487046632112,10.0,0.0,历史2/2次成功; 当前距低点0.00%; 最新日涨幅-10.02%; 状态confirmed_rebound; 底部未确认
262,73.31795256307898,67.73514594316576,603306,华懋科技,confirmed_rebound,2024-02-05,15.53,2024-02-05,15.4,0.8441558441558377,12.207792207792213,28.60454334724154,False,-9.2344,4.0252,2,2,2,100.0,15.214092837855201,19.519094766619503,9.155844155844163,0.8441558441558377,历史2/2次成功; 当前距低点0.84%; 最新日涨幅-9.23%; 状态confirmed_rebound; 底部未确认
263,73.26425728878776,70.2897634369083,301382,蜂助手,confirmed_rebound,2024-02-05,23.3,2024-02-05,22.66,2.8243601059135064,14.077669902912627,28.268439379550493,False,-11.2043,8.3385,2,2,2,100.0,13.383357410704818,16.735366859027195,7.175639894086494,2.8243601059135064,历史2/2次成功; 当前距低点2.82%; 最新日涨幅-11.20%; 状态confirmed_rebound; 底部未确认
264,73.24786206896552,66.58896551724138,603216,梦天家居,bottom_area,2024-02-05,8.89,2024-02-05,8.89,0.0,7.874015748031487,29.27605409705648,False,-10.0202,5.2642,1,1,1,100.0,17.41379310344827,17.41379310344827,10.0,0.0,历史1/1次成功; 当前距低点0.00%; 最新日涨幅-10.02%; 状态bottom_area; 底部未确认
265,73.23297687861273,66.57543352601157,000850,华茂股份,bottom_area,2024-02-05,3.0,2024-02-05,3.0,0.0,9.666666666666668,29.411764705882355,False,-9.9099,3.415,1,1,1,100.0,17.341040462427735,17.341040462427735,10.0,0.0,历史1/1次成功; 当前距低点0.00%; 最新日涨幅-9.91%; 状态bottom_area; 底部未确认
266,73.2056963848237,69.60739192940787,002756,永兴材料,bottom_area,2024-02-05,40.43,2024-02-05,39.5,2.3544303797468347,8.810126582278473,28.168757955992003,False,-6.1078,2.5036,1,1,1,100.0,10.405877393713116,10.405877393713116,7.645569620253166,2.3544303797468347,历史1/1次成功; 当前距低点2.35%; 最新日涨幅-6.11%; 状态bottom_area; 底部未确认
267,73.17697115384615,66.52451923076923,000599,青岛双星,bottom_area,2024-02-05,3.22,2024-02-05,3.22,0.0,9.627329192546572,28.125,False,-10.0559,2.3845,1,1,1,100.0,17.06730769230769,17.06730769230769,10.0,0.0,历史1/1次成功; 当前距低点0.00%; 最新日涨幅-10.06%; 状态bottom_area; 底部未确认
268,73.17661650139,70.1472850490424,688338,赛科希德,confirmed_rebound,2024-02-05,19.59,2024-02-05,19.06,2.7806925498426085,11.594963273871988,29.381252315672473,False,-8.6713,2.1052,2,2,2,100.0,12.082064853137284,14.135593220338988,7.219307450157392,2.7806925498426085,历史2/2次成功; 当前距低点2.78%; 最新日涨幅-8.67%; 状态confirmed_rebound; 底部未确认
269,73.16300208295439,66.51182007541308,002172,澳洋健康,confirmed_rebound,2024-02-05,2.76,2024-02-05,2.76,0.0,10.869565217391315,29.41176470588236,False,-10.0977,5.5689,4,5,4,80.0,20.54741976028543,29.824561403508774,10.0,0.0,历史4/5次成功; 当前距低点0.00%; 最新日涨幅-10.10%; 状态confirmed_rebound; 底部未确认
270,73.1573293169073,72.64944565427858,688185,康希诺,confirmed_rebound,2024-02-05,46.06,2024-02-05,44.02,4.634257155838253,13.38028169014083,27.119205298013238,False,-7.7139,1.7962,7,7,7,100.0,14.922322417149466,21.36554317951687,5.365742844161748,4.634257155838253,历史7/7次成功; 当前距低点4.63%; 最新日涨幅-7.71%; 状态confirmed_rebound; 底部未确认
271,73.1548153907496,66.50437762795418,605167,利柏特,confirmed_rebound,2024-02-05,6.78,2024-02-05,6.78,0.0,10.619469026548668,29.81366459627329,False,-9.9602,6.3067,2,2,2,100.0,10.50740660190421,10.994152046783618,10.0,0.0,历史2/2次成功; 当前距低点0.00%; 最新日涨幅-9.96%; 状态confirmed_rebound; 底部未确认
272,73.11692717239944,66.7196866307456,002383,合众思壮,confirmed_rebound,2024-02-05,5.1,2024-02-05,5.09,0.1964636542239644,11.198428290766214,28.811188811188813,False,-9.7345,2.6266,1,1,1,100.0,18.48184818481848,18.48184818481848,9.803536345776036,0.1964636542239644,历史1/1次成功; 当前距低点0.20%; 最新日涨幅-9.73%; 状态confirmed_rebound; 底部未确认
273,73.10481132075475,66.4589193825043,002682,龙洲股份,confirmed_rebound,2024-02-05,3.98,2024-02-05,3.98,0.0,12.060301507537687,31.497418244406195,False,-9.9548,4.8816,1,1,1,100.0,26.929674099485425,26.929674099485425,10.0,0.0,历史1/1次成功; 当前距低点0.00%; 最新日涨幅-9.95%; 状态confirmed_rebound; 底部未确认
274,73.08951768488747,66.44501607717042,002778,中晟高科,bottom_area,2024-02-05,10.1,2024-02-05,10.1,0.0,9.900990099009901,30.3448275862069,False,-9.9822,1.2962,1,1,1,100.0,16.63987138263666,16.63987138263666,10.0,0.0,历史1/1次成功; 当前距低点0.00%; 最新日涨幅-9.98%; 状态bottom_area; 底部未确认
275,72.97480172942875,66.49478781936224,688210,统联精密,confirmed_rebound,2024-02-05,16.48,2024-02-05,16.46,0.12150668286755513,13.061968408262445,28.528006947459833,False,-11.9188,2.2989,1,1,1,100.0,16.353887399463808,16.353887399463808,9.878493317132445,0.12150668286755513,历史1/1次成功; 当前距低点0.12%; 最新日涨幅-11.92%; 状态confirmed_rebound; 底部未确认
276,72.94541303615624,70.27037470419648,300598,诚迈科技,confirmed_rebound,2024-02-05,29.5,2024-02-05,28.63,3.0387705204331157,17.84841075794622,31.817099309359374,False,-13.4897,3.7952,2,2,2,100.0,15.907373606365477,17.281553398058243,6.961229479566885,3.0387705204331157,历史2/2次成功; 当前距低点3.04%; 最新日涨幅-13.49%; 状态confirmed_rebound; 底部未确认
277,72.89208737864078,66.26553398058252,603048,浙江黎明,confirmed_rebound,2024-02-05,12.34,2024-02-05,12.34,0.0,11.021069692058342,28.752886836027713,False,-9.9927,5.6644,1,1,1,100.0,25.889967637540458,25.889967637540458,10.0,0.0,历史1/1次成功; 当前距低点0.00%; 最新日涨幅-9.99%; 状态confirmed_rebound; 底部未确认
278,72.8747534126684,66.74141089386853,603231,索宝蛋白,bottom_area,2024-02-05,15.55,2024-02-05,15.49,0.3873466752743738,9.683666881859253,28.220574606116767,False,-9.6456,13.7943,1,1,1,100.0,10.723447922011289,10.723447922011289,9.612653324725628,0.3873466752743738,历史1/1次成功; 当前距低点0.39%; 最新日涨幅-9.65%; 状态bottom_area; 底部未确认
279,72.83423529411765,66.21294117647058,002066,瑞泰科技,bottom_area,2024-02-05,7.88,2024-02-05,7.88,0.0,9.010152284263958,30.75571177504394,False,-9.9429,3.2179,1,1,1,100.0,15.392156862745102,15.392156862745102,10.0,0.0,历史1/1次成功; 当前距低点0.00%; 最新日涨幅-9.94%; 状态bottom_area; 底部未确认
280,72.8207142857143,66.20064935064936,002486,嘉麟杰,confirmed_rebound,2024-02-05,2.04,2024-02-05,2.04,0.0,11.274509803921568,30.37542662116041,False,-10.1322,3.5027,1,1,1,100.0,25.54112554112554,25.54112554112554,10.0,0.0,历史1/1次成功; 当前距低点0.00%; 最新日涨幅-10.13%; 状态confirmed_rebound; 底部未确认
281,72.8203966346154,66.20036057692309,605378,野马电池,bottom_area,2024-02-05,15.5,2024-02-05,15.5,0.0,9.806451612903224,31.019136626613257,False,-9.9884,9.8674,1,1,1,100.0,15.324519230769235,15.324519230769235,10.0,0.0,历史1/1次成功; 当前距低点0.00%; 最新日涨幅-9.99%; 状态bottom_area; 底部未确认
282,72.80951361867706,66.19046692607004,002301,齐心集团,confirmed_rebound,2024-02-05,4.81,2024-02-05,4.81,0.0,10.187110187110191,27.341389728096683,False,-9.9251,1.8146,1,1,1,100.0,25.486381322957207,25.486381322957207,10.0,0.0,历史1/1次成功; 当前距低点0.00%; 最新日涨幅-9.93%; 状态confirmed_rebound; 底部未确认
283,72.80784210526316,66.18894736842105,603007,顺景科技,bottom_area,2024-02-05,5.19,2024-02-05,5.19,0.0,1.156069364161842,29.674796747967473,False,-4.9451,1.1667,1,1,1,100.0,15.263157894736846,15.263157894736846,10.0,0.0,历史1/1次成功; 当前距低点0.00%; 最新日涨幅-4.95%; 状态bottom_area; 底部未确认
284,72.77742748091605,66.16129770992367,603138,海量数据,bottom_area,2024-02-05,10.04,2024-02-05,10.04,0.0,9.26294820717133,28.844790928419563,False,-10.0358,2.8604,1,1,1,100.0,15.114503816793897,15.114503816793897,10.0,0.0,历史1/1次成功; 当前距低点0.00%; 最新日涨幅-10.04%; 状态bottom_area; 底部未确认
285,72.77592648558303,66.89387854459295,000810,创维数字,confirmed_rebound,2024-02-05,8.7,2024-02-05,8.65,0.5780346820809125,11.32947976878613,30.689102564102566,False,-9.4693,2.2429,4,5,4,80.0,17.429019460953928,31.738800303720588,9.421965317919089,0.5780346820809125,历史4/5次成功; 当前距低点0.58%; 最新日涨幅-9.47%; 状态confirmed_rebound; 底部未确认
286,72.7322340425532,66.12021276595745,002669,康达新材,bottom_area,2024-02-05,7.47,2024-02-05,7.47,0.0,7.362784471218204,27.82608695652174,False,-10.0,3.0059,1,1,1,100.0,14.89361702127659,14.89361702127659,10.0,0.0,历史1/1次成功; 当前距低点0.00%; 最新日涨幅-10.00%; 状态bottom_area; 底部未确认
287,72.72988184957475,68.90199333117607,688091,上海谊众,confirmed_rebound,2024-02-05,37.8,2024-02-05,37.0,2.1621621621621547,12.13513513513514,30.815258040388926,False,-7.8723,2.0998,1,1,1,100.0,14.471629359708471,14.471629359708471,7.837837837837847,2.1621621621621547,历史1/1次成功; 当前距低点2.16%; 最新日涨幅-7.87%; 状态confirmed_rebound; 底部未确认
288,72.61145431494451,66.95413223140496,300479,神思电子,confirmed_rebound,2024-02-05,12.19,2024-02-05,12.1,0.7438016528925608,16.942148760330586,32.21288515406163,False,-14.0944,3.3004,1,1,1,100.0,26.451612903225797,26.451612903225797,9.256198347107441,0.7438016528925608,历史1/1次成功; 当前距低点0.74%; 最新日涨幅-14.09%; 状态confirmed_rebound; 底部未确认
289,72.59208633093527,65.9928057553957,002546,新联电子,bottom_area,2024-02-05,3.27,2024-02-05,3.27,0.0,8.86850152905199,28.446389496717728,False,-9.9174,2.9571,1,1,1,100.0,14.20863309352518,14.20863309352518,10.0,0.0,历史1/1次成功; 当前距低点0.00%; 最新日涨幅-9.92%; 状态bottom_area; 底部未确认
290,72.57882598331348,65.98075089392134,000025,特力A,bottom_area,2024-02-05,12.79,2024-02-05,12.79,0.0,8.91321344800626,29.492833517089313,False,-9.993,3.1234,1,1,1,100.0,14.143822010329751,14.143822010329751,10.0,0.0,历史1/1次成功; 当前距低点0.00%; 最新日涨幅-9.99%; 状态bottom_area; 底部未确认
291,72.54676935609436,65.95160850554032,002355,兴民智通,confirmed_rebound,2024-02-05,3.39,2024-02-05,3.39,0.0,11.504424778761052,28.329809725158565,False,-10.0796,3.11,4,5,4,80.0,17.535529599679155,21.138211382113823,10.0,0.0,历史4/5次成功; 当前距低点0.00%; 最新日涨幅-10.08%; 状态confirmed_rebound; 底部未确认
292,72.5248127340824,65.93164794007491,002760,凤形股份,confirmed_rebound,2024-02-05,13.56,2024-02-05,13.56,0.0,13.20058997050147,31.722054380664648,False,-10.0199,2.645,1,1,1,100.0,24.094881398252184,24.094881398252184,10.0,0.0,历史1/1次成功; 当前距低点0.00%; 最新日涨幅-10.02%; 状态confirmed_rebound; 底部未确认
293,72.49520361662732,66.4993597084852,002059,云南旅游,bottom_area,2024-02-05,4.27,2024-02-05,4.25,0.47058823529410765,9.176470588235286,28.330522765598648,False,-8.9552,1.4324,1,1,1,100.0,10.442477876106192,10.442477876106192,9.529411764705893,0.47058823529410765,历史1/1次成功; 当前距低点0.47%; 最新日涨幅-8.96%; 状态bottom_area; 底部未确认
294,72.45485748218528,65.86805225653207,002264,新华都,confirmed_rebound,2024-02-05,3.66,2024-02-05,3.66,0.0,11.475409836065571,27.810650887573967,False,-10.0737,3.0757,1,1,1,100.0,23.752969121140143,23.752969121140143,10.0,0.0,历史1/1次成功; 当前距低点0.00%; 最新日涨幅-10.07%; 状态confirmed_rebound; 底部未确认
295,72.45263610593122,65.86603282357383,002786,银宝山新,confirmed_rebound,2024-02-05,9.58,2024-02-05,9.58,0.0,11.064718162839252,28.878990348923537,False,-9.9624,4.7576,4,5,4,80.0,17.075445288031343,22.074688796680498,10.0,0.0,历史4/5次成功; 当前距低点0.00%; 最新日涨幅-9.96%; 状态confirmed_rebound; 底部未确认
296,72.44231845841786,65.85665314401624,001367,海森药业,confirmed_rebound,2024-02-05,29.48,2024-02-05,29.48,0.0,10.651289009497955,30.992509363295877,False,-9.9847,4.9848,1,1,1,100.0,23.691683569979716,23.691683569979716,10.0,0.0,历史1/1次成功; 当前距低点0.00%; 最新日涨幅-9.98%; 状态confirmed_rebound; 底部未确认
297,72.41947504302927,65.83588640275387,002696,百洋股份,confirmed_rebound,2024-02-05,4.46,2024-02-05,4.46,0.0,10.313901345291479,30.42121684867395,False,-10.0806,3.434,1,1,1,100.0,23.58003442340792,23.58003442340792,10.0,0.0,历史1/1次成功; 当前距低点0.00%; 最新日涨幅-10.08%; 状态confirmed_rebound; 底部未确认
298,72.37888405797104,65.79898550724639,002862,实丰文化,confirmed_rebound,2024-02-05,10.4,2024-02-05,10.4,0.0,11.05769230769231,32.90322580645161,False,-9.9567,4.7022,1,1,1,100.0,23.381642512077295,23.381642512077295,10.0,0.0,历史1/1次成功; 当前距低点0.00%; 最新日涨幅-9.96%; 状态confirmed_rebound; 底部未确认
299,72.37388571523229,69.71249694304755,301408,华人健康,confirmed_rebound,2024-02-05,10.53,2024-02-05,10.22,3.03326810176124,15.75342465753424,31.86666666666666,False,-10.989,7.3415,2,2,2,100.0,12.840581801414944,15.372424722662442,6.966731898238761,3.03326810176124,历史2/2次成功; 当前距低点3.03%; 最新日涨幅-10.99%; 状态confirmed_rebound; 底部未确认
300,72.37320987654323,65.79382716049383,001331,胜通能源,confirmed_rebound,2024-02-05,11.7,2024-02-05,11.7,0.0,10.256410256410266,29.390464695232353,False,-10.0,5.4694,1,1,1,100.0,23.35390946502057,23.35390946502057,10.0,0.0,历史1/1次成功; 当前距低点0.00%; 最新日涨幅-10.00%; 状态confirmed_rebound; 底部未确认
301,72.36446263584531,66.96689959675362,002537,海联金汇,confirmed_rebound,2024-02-05,4.33,2024-02-05,4.29,0.9324009324009332,10.256410256410266,27.411167512690355,False,-9.2243,2.2785,1,1,1,100.0,28.832116788321155,28.832116788321155,9.067599067599067,0.9324009324009332,历史1/1次成功; 当前距低点0.93%; 最新日涨幅-9.22%; 状态confirmed_rebound; 底部未确认
302,72.36215005731555,69.21025967369381,002460,赣锋锂业,bottom_area,2024-02-05,31.62,2024-02-05,30.8,2.6623376623376633,8.051948051948052,32.485751863217885,False,-4.6441,2.364,1,1,1,100.0,12.045105074320862,12.045105074320862,7.337662337662337,2.6623376623376633,历史1/1次成功; 当前距低点2.66%; 最新日涨幅-4.64%; 状态bottom_area; 底部未确认
303,72.30168407132608,65.830648671155,002190,成飞集成,confirmed_rebound,2024-02-05,12.34,2024-02-05,12.33,0.08110300081102828,10.543390105433907,27.08456534594914,False,-9.927,1.9039,1,1,1,100.0,12.28797587636637,12.28797587636637,9.918896999188972,0.08110300081102828,历史1/1次成功; 当前距低点0.08%; 最新日涨幅-9.93%; 状态confirmed_rebound; 底部未确认
304,72.28228210161373,70.06885336740164,300541,先进数通,confirmed_rebound,2024-02-05,10.13,2024-02-05,9.8,3.367346938775511,17.346938775510196,28.675400291120813,False,-11.3736,5.4733,2,2,2,100.0,18.851636493601116,19.05920519059205,6.632653061224489,3.367346938775511,历史2/2次成功; 当前距低点3.37%; 最新日涨幅-11.37%; 状态confirmed_rebound; 底部未确认
305,72.27410437411946,68.42518757313086,000155,川能动力,confirmed_rebound,2024-02-05,8.64,2024-02-05,8.46,2.1276595744680815,10.165484633569733,29.67581047381545,False,-8.0851,2.1811,1,1,1,100.0,11.485222596333708,11.485222596333708,7.872340425531919,2.1276595744680815,历史1/1次成功; 当前距低点2.13%; 最新日涨幅-8.09%; 状态confirmed_rebound; 底部未确认
306,72.26878854625551,65.6988986784141,002787,华源控股,bottom_area,2024-02-05,5.65,2024-02-05,5.65,0.0,9.73451327433628,29.10915934755332,False,-10.0318,1.5664,1,1,1,100.0,12.628487518355366,12.628487518355366,10.0,0.0,历史1/1次成功; 当前距低点0.00%; 最新日涨幅-10.03%; 状态bottom_area; 底部未确认
307,72.22236220472442,65.65669291338583,600149,廊坊发展,bottom_area,2024-02-05,3.91,2024-02-05,3.91,0.0,8.95140664961636,28.77959927140255,False,-9.9078,1.4899,1,1,1,100.0,12.401574803149604,12.401574803149604,10.0,0.0,历史1/1次成功; 当前距低点0.00%; 最新日涨幅-9.91%; 状态bottom_area; 底部未确认
308,72.2208528181912,69.25946469648167,688115,思林杰,confirmed_rebound,2024-02-05,18.71,2024-02-05,18.2,2.802197802197811,16.42857142857144,32.492581602373896,False,-11.9529,4.3123,4,5,4,80.0,17.572449922003653,23.658728081654015,7.197802197802189,2.802197802197811,历史4/5次成功; 当前距低点2.80%; 最新日涨幅-11.95%; 状态confirmed_rebound; 底部未确认
309,72.21083627725916,67.88385122777645,300409,道氏技术,confirmed_rebound,2024-02-05,6.95,2024-02-05,6.83,1.756954612005858,17.276720351390917,31.356783919597987,False,-13.5572,3.2784,2,3,2,66.66666666666666,42.9195756800168,50.03460207612457,8.243045387994142,1.756954612005858,历史2/3次成功; 当前距低点1.76%; 最新日涨幅-13.56%; 状态confirmed_rebound; 底部未确认
310,72.20921181443987,65.64473801312715,001306,夏厦精密,bottom_area,2024-02-05,49.15,2024-02-05,49.15,0.0,9.440488301119025,29.382183908045974,False,-9.9982,8.7355,1,1,1,100.0,12.337301145844926,12.337301145844926,10.0,0.0,历史1/1次成功; 当前距低点0.00%; 最新日涨幅-10.00%; 状态bottom_area; 底部未确认
311,72.20832678352232,70.95615926704505,300359,全通教育,confirmed_rebound,2024-02-05,3.57,2024-02-05,3.43,4.081632653061215,17.78425655976676,31.262525050100198,False,-12.5,3.0376,3,3,3,100.0,15.711192021637723,18.19484240687678,5.918367346938785,4.081632653061215,历史3/3次成功; 当前距低点4.08%; 最新日涨幅-12.50%; 状态confirmed_rebound; 底部未确认
312,72.20823572474379,65.64385065885799,002208,合肥城建,confirmed_rebound,2024-02-05,4.84,2024-02-05,4.84,0.0,10.743801652892571,27.653213751868467,False,-10.0372,2.7102,1,1,1,100.0,22.54758418740848,22.54758418740848,10.0,0.0,历史1/1次成功; 当前距低点0.00%; 最新日涨幅-10.04%; 状态confirmed_rebound; 底部未确认
313,72.19987870619947,65.63625336927224,600241,时代万恒,confirmed_rebound,2024-02-05,5.41,2024-02-05,5.41,0.0,10.905730129390015,31.518987341772153,False,-9.9834,1.7027,1,1,1,100.0,22.50673854447439,22.50673854447439,10.0,0.0,历史1/1次成功; 当前距低点0.00%; 最新日涨幅-9.98%; 状态confirmed_rebound; 底部未确认
314,72.19496282527882,65.6317843866171,603332,苏州龙杰,bottom_area,2024-02-05,7.11,2024-02-05,7.11,0.0,8.860759493670885,30.019685039370074,False,-10.0,2.075,1,1,1,100.0,12.26765799256506,12.26765799256506,10.0,0.0,历史1/1次成功; 当前距低点0.00%; 最新日涨幅-10.00%; 状态bottom_area; 底部未确认
315,72.19149572649573,65.62863247863248,000892,欢瑞世纪,bottom_area,2024-02-05,2.74,2024-02-05,2.74,0.0,9.85401459854013,27.3209549071618,False,-9.8684,2.553,1,1,1,100.0,12.250712250712256,12.250712250712256,10.0,0.0,历史1/1次成功; 当前距低点0.00%; 最新日涨幅-9.87%; 状态bottom_area; 底部未确认
316,72.17027993843193,65.60934539857448,600367,红星发展,confirmed_rebound,2024-02-05,8.16,2024-02-05,8.16,0.0,10.906862745098046,29.776247848537,False,-10.0331,2.0181,4,5,4,80.0,15.695405368679975,24.161490683229793,10.0,0.0,历史4/5次成功; 当前距低点0.00%; 最新日涨幅-10.03%; 状态confirmed_rebound; 底部未确认
317,72.13549655172416,65.57772413793104,605122,四方新材,bottom_area,2024-02-05,10.76,2024-02-05,10.76,0.0,9.944237918215617,29.442622950819676,False,-10.0334,2.8633,1,1,1,100.0,11.977011494252876,11.977011494252876,10.0,0.0,历史1/1次成功; 当前距低点0.00%; 最新日涨幅-10.03%; 状态bottom_area; 底部未确认
318,72.10313559322034,65.54830508474576,002090,金智科技,confirmed_rebound,2024-02-05,6.66,2024-02-05,6.66,0.0,10.960960960960954,29.894736842105264,False,-10.0,3.552,1,1,1,100.0,22.033898305084744,22.033898305084744,10.0,0.0,历史1/1次成功; 当前距低点0.00%; 最新日涨幅-10.00%; 状态confirmed_rebound; 底部未确认
319,72.10313559322034,65.54830508474576,002427,尤夫股份,confirmed_rebound,2024-02-05,3.41,2024-02-05,3.41,0.0,10.263929618768318,28.059071729957807,False,-10.0264,1.0373,1,1,1,100.0,22.033898305084747,22.033898305084747,10.0,0.0,历史1/1次成功; 当前距低点0.00%; 最新日涨幅-10.03%; 状态confirmed_rebound; 底部未确认
320,72.09286556756965,70.88078493627457,000661,长春高新,bottom_area,2024-02-05,110.7,2024-02-05,106.33,4.109846703658427,5.868522524217055,28.15540540540541,False,-0.5391,1.8156,2,2,2,100.0,11.88836247642887,13.445752465797007,5.890153296341573,4.109846703658427,历史2/2次成功; 当前距低点4.11%; 最新日涨幅-0.54%; 状态bottom_area; 底部未确认
321,72.03787332745422,65.96060417843029,002562,兄弟科技,confirmed_rebound,2024-02-05,2.67,2024-02-05,2.66,0.3759398496240521,10.902255639097746,27.717391304347828,False,-8.8737,1.4616,1,1,1,100.0,16.600790513834006,16.600790513834006,9.624060150375948,0.3759398496240521,历史1/1次成功; 当前距低点0.38%; 最新日涨幅-8.87%; 状态confirmed_rebound; 底部未确认
322,72.0079282263569,68.37757256932568,300597,吉大通信,confirmed_rebound,2024-02-05,5.82,2024-02-05,5.69,2.2847100175746906,17.398945518453417,32.502965599051,False,-13.0045,3.6794,1,1,1,100.0,13.154362416107377,13.154362416107377,7.715289982425311,2.2847100175746906,历史1/1次成功; 当前距低点2.28%; 最新日涨幅-13.00%; 状态confirmed_rebound; 底部未确认
323,72.0033164290757,65.4575603900688,002534,西子洁能,confirmed_rebound,2024-02-05,7.87,2024-02-05,7.87,0.0,10.419313850063524,30.292294065544723,False,-9.9542,0.9211,3,4,3,75.0,25.712690269187092,33.11594202898551,10.0,0.0,历史3/4次成功; 当前距低点0.00%; 最新日涨幅-9.95%; 状态confirmed_rebound; 底部未确认
324,71.99177670529049,69.37320887537149,605266,健之佳,bottom_area,2024-02-05,44.19,2024-02-05,42.88,3.0550373134328246,8.302238805970138,32.333911945715634,False,-3.452,0.852,3,4,3,75.0,21.901580376335108,33.154615273148806,6.944962686567176,3.0550373134328246,历史3/4次成功; 当前距低点3.06%; 最新日涨幅-3.45%; 状态bottom_area; 底部未确认
325,71.95833333333336,65.41666666666669,002137,实益达,bottom_area,2024-02-05,4.28,2024-02-05,4.28,0.0,9.345794392523352,30.519480519480517,False,-10.084,4.4945,2,3,2,66.66666666666666,55.55040286140998,89.3034825870647,10.0,0.0,历史2/3次成功; 当前距低点0.00%; 最新日涨幅-10.08%; 状态bottom_area; 底部未确认
326,71.95334248079035,65.41212952799123,002205,国统股份,bottom_area,2024-02-05,7.11,2024-02-05,7.11,0.0,8.720112517580873,30.970873786407772,False,-10.0,5.4543,1,1,1,100.0,11.086717892425904,11.086717892425904,10.0,0.0,历史1/1次成功; 当前距低点0.00%; 最新日涨幅-10.00%; 状态bottom_area; 底部未确认
327,71.91264312428206,69.76178045475373,688105,诺唯赞,confirmed_rebound,2024-02-05,18.52,2024-02-05,17.91,3.405918481295363,13.735343383584594,32.996632996633,False,-9.1712,2.0375,2,2,2,100.0,17.673519312404096,25.237580993520524,6.5940815187046375,3.405918481295363,历史2/2次成功; 当前距低点3.41%; 最新日涨幅-9.17%; 状态confirmed_rebound; 底部未确认
328,71.89760901014863,66.29668239409571,300489,光智科技,confirmed_rebound,2024-02-05,12.18,2024-02-05,12.09,0.7444168734491304,17.45244003308519,32.57110987172337,False,-14.0438,2.6977,1,1,1,100.0,22.924477771826446,22.924477771826446,9.25558312655087,0.7444168734491304,历史1/1次成功; 当前距低点0.74%; 最新日涨幅-14.04%; 状态confirmed_rebound; 底部未确认
329,71.88723153481284,65.35202866801167,603211,晋拓股份,bottom_area,2024-02-05,12.55,2024-02-05,12.55,0.0,9.88047808764939,29.49438202247191,False,-9.9713,9.8857,3,4,3,75.0,14.930261655976699,16.951379763469117,10.0,0.0,历史3/4次成功; 当前距低点0.00%; 最新日涨幅-9.97%; 状态bottom_area; 底部未确认
330,71.8691780821918,65.33561643835617,002629,仁智股份,confirmed_rebound,2024-02-05,2.79,2024-02-05,2.79,0.0,12.186379928315407,27.72020725388601,False,-10.0,6.6765,1,1,1,100.0,20.890410958904106,20.890410958904106,10.0,0.0,历史1/1次成功; 当前距低点0.00%; 最新日涨幅-10.00%; 状态confirmed_rebound; 底部未确认
331,71.84362385321103,65.31238532110093,002849,威星智能,bottom_area,2024-02-05,11.59,2024-02-05,11.59,0.0,9.232096635030201,31.420118343195263,False,-10.0155,2.0818,1,1,1,100.0,10.550458715596333,10.550458715596333,10.0,0.0,历史1/1次成功; 当前距低点0.00%; 最新日涨幅-10.02%; 状态bottom_area; 底部未确认
332,71.83421226142988,68.59514232673268,300634,彩讯股份,confirmed_rebound,2024-02-05,13.13,2024-02-05,12.8,2.5781250000000004,12.812499999999991,27.846674182638097,False,-9.3232,3.7642,1,1,1,100.0,17.920792079207924,17.920792079207924,7.421875,2.5781250000000004,历史1/1次成功; 当前距低点2.58%; 最新日涨幅-9.32%; 状态confirmed_rebound; 底部未确认
333,71.81745070422538,65.28859154929579,000533,顺钠股份,bottom_area,2024-02-05,3.03,2024-02-05,3.03,0.0,9.90099009900991,31.447963800904983,False,-10.089,3.364,1,1,1,100.0,10.42253521126761,10.42253521126761,10.0,0.0,历史1/1次成功; 当前距低点0.00%; 最新日涨幅-10.09%; 状态bottom_area; 底部未确认
334,71.81428571428573,65.28571428571429,603153,上海建科,confirmed_rebound,2024-02-05,16.12,2024-02-05,16.12,0.0,11.104218362282872,32.83333333333333,False,-9.9944,12.0043,1,1,1,100.0,20.622119815668214,20.622119815668214,10.0,0.0,历史1/1次成功; 当前距低点0.00%; 最新日涨幅-9.99%; 状态confirmed_rebound; 底部未确认
335,71.74213397253176,65.22012179321068,001283,豪鹏科技,bottom_area,2024-02-05,28.87,2024-02-05,28.87,0.0,9.040526498094906,32.02260419119378,False,-10.0062,3.07,1,1,1,100.0,10.05441824306814,10.05441824306814,10.0,0.0,历史1/1次成功; 当前距低点0.00%; 最新日涨幅-10.01%; 状态bottom_area; 底部未确认
336,71.72990518663848,68.13250872591041,301487,盟固利,confirmed_rebound,2024-02-05,26.25,2024-02-05,25.66,2.2992985190958684,11.886204208885427,27.88083192804946,False,-8.5366,9.4068,1,1,1,100.0,12.015641663704239,12.015641663704239,7.700701480904132,2.2992985190958684,历史1/1次成功; 当前距低点2.30%; 最新日涨幅-8.54%; 状态confirmed_rebound; 底部未确认
337,71.68700000000001,65.17,600173,卧龙新能,confirmed_rebound,2024-02-05,3.57,2024-02-05,3.57,0.0,10.644257703081243,28.0241935483871,False,-10.0756,1.7775,1,1,1,100.0,20.000000000000004,20.000000000000004,10.0,0.0,历史1/1次成功; 当前距低点0.00%; 最新日涨幅-10.08%; 状态confirmed_rebound; 底部未确认
338,71.68228835710063,69.60661550402435,002793,罗欣药业,confirmed_rebound,2024-02-05,3.89,2024-02-05,3.76,3.4574468085106473,13.563829787234038,27.6923076923077,False,-6.2651,2.3507,2,2,2,100.0,17.470936706605496,20.419580419580406,6.542553191489353,3.4574468085106473,历史2/2次成功; 当前距低点3.46%; 最新日涨幅-6.27%; 状态confirmed_rebound; 底部未确认
339,71.65883243947239,65.14439312679308,002357,富临运业,confirmed_rebound,2024-02-05,5.02,2024-02-05,5.02,0.0,10.756972111553786,29.691876750700285,False,-10.0358,5.6968,3,4,3,75.0,24.02899530533914,31.941031941031934,10.0,0.0,历史3/4次成功; 当前距低点0.00%; 最新日涨幅-10.04%; 状态confirmed_rebound; 底部未确认
340,71.6131963927856,65.10290581162326,002492,恒基达鑫,confirmed_rebound,2024-02-05,4.15,2024-02-05,4.15,0.0,10.120481927710841,28.694158075601372,False,-9.9783,2.7066,1,1,1,100.0,19.639278557114217,19.639278557114217,10.0,0.0,历史1/1次成功; 当前距低点0.00%; 最新日涨幅-9.98%; 状态confirmed_rebound; 底部未确认
341,71.58054453581133,69.2650556439669,300722,新余国科,confirmed_rebound,2024-02-05,17.35,2024-02-05,16.8,3.273809523809528,11.785714285714288,27.14657415437987,False,-8.5398,1.1144,4,5,4,80.0,23.38355568953025,45.90377113133938,6.726190476190472,3.273809523809528,历史4/5次成功; 当前距低点3.27%; 最新日涨幅-8.54%; 状态confirmed_rebound; 底部未确认
342,71.54828813559324,65.04389830508475,002376,新北洋,confirmed_rebound,2024-02-05,4.73,2024-02-05,4.73,0.0,11.416490486257908,28.441754916792732,False,-9.9048,3.2065,1,1,1,100.0,19.322033898305076,19.322033898305076,10.0,0.0,历史1/1次成功; 当前距低点0.00%; 最新日涨幅-9.90%; 状态confirmed_rebound; 底部未确认
343,71.53376656870324,65.57235664488245,300475,香农芯创,confirmed_rebound,2024-02-05,20.8,2024-02-05,20.71,0.43457267020762846,15.789473684210522,32.40861618798955,False,-12.3472,3.6172,1,1,1,100.0,15.232163080407707,15.232163080407707,9.565427329792373,0.43457267020762846,历史1/1次成功; 当前距低点0.43%; 最新日涨幅-12.35%; 状态confirmed_rebound; 底部未确认
344,71.52819985252219,70.19939437982805,601238,广汽集团,bottom_area,2024-02-05,8.03,2024-02-05,7.72,4.015544041450772,5.440414507772032,27.306967984934083,False,-1.1084,0.433,1,1,1,100.0,23.73567093728929,23.73567093728929,5.984455958549228,4.015544041450772,历史1/1次成功; 当前距低点4.02%; 最新日涨幅-1.11%; 状态bottom_area; 底部未确认
345,71.527700729927,65.02518248175181,603023,威帝股份,confirmed_rebound,2024-02-05,2.93,2024-02-05,2.93,0.0,12.627986348122855,27.29528535980149,False,-10.1227,3.0382,1,1,1,100.0,19.22141119221411,19.22141119221411,10.0,0.0,历史1/1次成功; 当前距低点0.00%; 最新日涨幅-10.12%; 状态confirmed_rebound; 底部未确认
346,71.49886206896552,64.99896551724137,600249,两面针,confirmed_rebound,2024-02-05,4.06,2024-02-05,4.06,0.0,10.591133004926125,29.020979020979027,False,-9.9778,3.8571,1,1,1,100.0,19.080459770114945,19.080459770114945,10.0,0.0,历史1/1次成功; 当前距低点0.00%; 最新日涨幅-9.98%; 状态confirmed_rebound; 底部未确认
347,71.48125698324023,64.98296089385475,600246,万通发展,confirmed_rebound,2024-02-05,4.34,2024-02-05,4.34,0.0,11.290322580645167,32.81733746130031,False,-9.9585,1.3705,1,1,1,100.0,18.99441340782122,18.99441340782122,10.0,0.0,历史1/1次成功; 当前距低点0.00%; 最新日涨幅-9.96%; 状态confirmed_rebound; 底部未确认
348,71.46849514563108,64.97135922330098,002285,世联行,confirmed_rebound,2024-02-05,1.73,2024-02-05,1.73,0.0,10.404624277456644,29.387755102040824,False,-9.8958,1.8196,1,1,1,100.0,18.932038834951463,18.932038834951463,10.0,0.0,历史1/1次成功; 当前距低点0.00%; 最新日涨幅-9.90%; 状态confirmed_rebound; 底部未确认
349,71.46808641975309,64.970987654321,002310,东方新能,confirmed_rebound,2024-02-05,1.34,2024-02-05,1.34,0.0,11.194029850746261,27.956989247311824,False,-10.0671,2.4708,1,1,1,100.0,18.93004115226337,18.93004115226337,10.0,0.0,历史1/1次成功; 当前距低点0.00%; 最新日涨幅-10.07%; 状态confirmed_rebound; 底部未确认
350,71.39296407185628,64.90269461077844,002725,跃岭股份,confirmed_rebound,2024-02-05,7.05,2024-02-05,7.05,0.0,11.063829787234045,31.619786614936963,False,-9.9617,3.3028,1,1,1,100.0,18.562874251497018,18.562874251497018,10.0,0.0,历史1/1次成功; 当前距低点0.00%; 最新日涨幅-9.96%; 状态confirmed_rebound; 底部未确认
351,71.36851074679231,64.88046431526573,000428,华天酒店,confirmed_rebound,2024-02-05,2.76,2024-02-05,2.76,0.0,10.869565217391315,32.01970443349754,False,-10.0977,2.8209,3,4,3,75.0,22.610023200353346,28.045977011494273,10.0,0.0,历史3/4次成功; 当前距低点0.00%; 最新日涨幅-10.10%; 状态confirmed_rebound; 底部未确认
352,71.34904464285717,64.86276785714287,603280,南方路机,confirmed_rebound,2024-02-05,16.9,2024-02-05,16.9,0.0,10.710059171597647,27.21791559000862,False,-10.0106,9.2946,1,1,1,100.0,18.348214285714302,18.348214285714302,10.0,0.0,历史1/1次成功; 当前距低点0.00%; 最新日涨幅-10.01%; 状态confirmed_rebound; 底部未确认
353,71.315,64.83181818181818,600358,国旅联合,confirmed_rebound,2024-02-05,3.56,2024-02-05,3.56,0.0,10.674157303370784,29.365079365079367,False,-10.101,2.1985,1,1,1,100.0,18.181818181818198,18.181818181818198,10.0,0.0,历史1/1次成功; 当前距低点0.00%; 最新日涨幅-10.10%; 状态confirmed_rebound; 底部未确认
354,71.24405154639176,64.76731958762886,002637,赞宇科技,confirmed_rebound,2024-02-05,7.38,2024-02-05,7.38,0.0,10.569105691056913,28.83317261330761,False,-10.0,1.2502,1,1,1,100.0,17.83505154639176,17.83505154639176,10.0,0.0,历史1/1次成功; 当前距低点0.00%; 最新日涨幅-10.00%; 状态confirmed_rebound; 底部未确认
355,71.24315248249614,67.89869979731253,300481,濮阳惠成,confirmed_rebound,2024-02-05,10.76,2024-02-05,10.5,2.476190476190474,14.761904761904768,29.953302201467647,False,-11.0744,1.9661,1,1,1,100.0,12.926957435627942,12.926957435627942,7.523809523809527,2.476190476190474,历史1/1次成功; 当前距低点2.48%; 最新日涨幅-11.07%; 状态confirmed_rebound; 底部未确认
356,71.1755,64.705,001313,粤海饲料,confirmed_rebound,2024-02-05,5.97,2024-02-05,5.97,0.0,12.73031825795646,28.33133253301321,False,-9.9548,3.183,1,1,1,100.0,17.5,17.5,10.0,0.0,历史1/1次成功; 当前距低点0.00%; 最新日涨幅-9.95%; 状态confirmed_rebound; 底部未确认
357,71.16632137030996,64.69665579119086,002664,信质集团,confirmed_rebound,2024-02-05,10.2,2024-02-05,10.2,0.0,10.588235294117649,27.1948608137045,False,-9.9735,2.8985,1,1,1,100.0,17.45513866231648,17.45513866231648,10.0,0.0,历史1/1次成功; 当前距低点0.00%; 最新日涨幅-9.97%; 状态confirmed_rebound; 底部未确认
358,71.1520980392157,64.68372549019608,002449,国星光电,confirmed_rebound,2024-02-05,5.58,2024-02-05,5.58,0.0,10.931899641577067,27.532467532467532,False,-10.0,3.3858,1,1,1,100.0,17.38562091503268,17.38562091503268,10.0,0.0,历史1/1次成功; 当前距低点0.00%; 最新日涨幅-10.00%; 状态confirmed_rebound; 底部未确认
359,71.14150334136798,65.91385293609174,002219,新里程,confirmed_rebound,2024-02-05,2.03,2024-02-05,2.01,0.9950248756218916,11.9402985074627,27.173913043478265,False,-8.9686,1.4939,1,1,1,100.0,23.938223938223942,23.938223938223942,9.00497512437811,0.9950248756218916,历史1/1次成功; 当前距低点1.00%; 最新日涨幅-8.97%; 状态confirmed_rebound; 底部未确认
360,71.13671673819744,64.66974248927039,002295,精艺股份,confirmed_rebound,2024-02-05,5.02,2024-02-05,5.02,0.0,11.553784860557771,31.23287671232877,False,-10.0358,3.2475,1,1,1,100.0,17.31044349070099,17.31044349070099,10.0,0.0,历史1/1次成功; 当前距低点0.00%; 最新日涨幅-10.04%; 状态confirmed_rebound; 底部未确认
361,71.10614124085362,64.64194658259419,002095,生意宝,confirmed_rebound,2024-02-05,12.27,2024-02-05,12.27,0.0,10.10594947025265,27.22419928825623,False,-9.978,2.4919,3,4,3,75.0,21.32766979889348,33.84030418250951,10.0,0.0,历史3/4次成功; 当前距低点0.00%; 最新日涨幅-9.98%; 状态confirmed_rebound; 底部未确认
362,71.07922535211269,64.61747759282972,002290,禾盛新材,confirmed_rebound,2024-02-05,8.37,2024-02-05,8.37,0.0,13.500597371565123,31.895850284784377,False,-10.0,1.4991,1,1,1,100.0,17.029449423815635,17.029449423815635,10.0,0.0,历史1/1次成功; 当前距低点0.00%; 最新日涨幅-10.00%; 状态confirmed_rebound; 底部未确认
363,71.02305263860781,65.3637620578778,000601,韶能股份,confirmed_rebound,2024-02-05,3.13,2024-02-05,3.11,0.6430868167202578,12.218649517684899,27.166276346604214,False,-9.2754,2.0479,1,1,1,100.0,16.666666666666664,16.666666666666664,9.356913183279742,0.6430868167202578,历史1/1次成功; 当前距低点0.64%; 最新日涨幅-9.28%; 状态confirmed_rebound; 底部未确认
364,71.00751000947646,69.27561952144043,300370,安控科技,confirmed_rebound,2024-02-05,1.68,2024-02-05,1.62,3.703703703703693,14.814814814814813,30.172413793103438,False,-9.6774,2.207,2,2,2,100.0,18.710021321961612,23.13432835820894,6.296296296296308,3.703703703703693,历史2/2次成功; 当前距低点3.70%; 最新日涨幅-9.68%; 状态confirmed_rebound; 底部未确认
365,71.00175547098003,64.54705042816366,603081,大丰实业,confirmed_rebound,2024-02-05,8.45,2024-02-05,8.45,0.0,10.295857988165693,30.964052287581705,False,-10.0106,1.5667,1,1,1,100.0,16.65080875356803,16.65080875356803,10.0,0.0,历史1/1次成功; 当前距低点0.00%; 最新日涨幅-10.01%; 状态confirmed_rebound; 底部未确认
366,70.99832681017614,64.54393346379648,002743,富煌钢构,confirmed_rebound,2024-02-05,3.91,2024-02-05,3.91,0.0,10.48593350383632,29.549549549549546,False,-9.9078,3.8747,1,1,1,100.0,16.634050880626212,16.634050880626212,10.0,0.0,历史1/1次成功; 当前距低点0.00%; 最新日涨幅-9.91%; 状态confirmed_rebound; 底部未确认
367,70.97137236798098,65.74392831195708,300420,五洋自控,confirmed_rebound,2024-02-05,2.05,2024-02-05,2.03,0.9852216748768483,12.315270935960593,27.240143369175634,False,-10.8696,2.2445,4,5,4,80.0,16.23781575632413,22.666666666666657,9.014778325123151,0.9852216748768483,历史4/5次成功; 当前距低点0.99%; 最新日涨幅-10.87%; 状态confirmed_rebound; 底部未确认
368,70.96586885245902,64.5144262295082,603219,富佳股份,confirmed_rebound,2024-02-05,9.86,2024-02-05,9.86,0.0,10.344827586206911,30.61224489795919,False,-10.0365,4.0439,1,1,1,100.0,16.475409836065587,16.475409836065587,10.0,0.0,历史1/1次成功; 当前距低点0.00%; 最新日涨幅-10.04%; 状态confirmed_rebound; 底部未确认
369,70.95593031166217,67.61026758576848,300616,尚品宅配,confirmed_rebound,2024-02-05,11.64,2024-02-05,11.36,2.4647887323943762,16.37323943661973,32.66152934202727,False,-12.8743,4.489,1,1,1,100.0,11.236483309826049,11.236483309826049,7.535211267605623,2.4647887323943762,历史1/1次成功; 当前距低点2.46%; 最新日涨幅-12.87%; 状态confirmed_rebound; 底部未确认
370,70.94674771688436,64.49704337898578,002759,天际股份,confirmed_rebound,2024-02-05,6.92,2024-02-05,6.92,0.0,10.549132947976885,28.06652806652806,False,-10.013,2.0623,3,4,3,75.0,20.548620317127853,27.166666666666668,10.0,0.0,历史3/4次成功; 当前距低点0.00%; 最新日涨幅-10.01%; 状态confirmed_rebound; 底部未确认
371,70.93987083091285,64.49079166446623,002845,同兴达,confirmed_rebound,2024-02-05,11.04,2024-02-05,11.04,0.0,10.507246376811597,29.09441233140656,False,-10.0244,4.8466,3,4,3,75.0,20.515008948743176,25.83258325832584,10.0,0.0,历史3/4次成功; 当前距低点0.00%; 最新日涨幅-10.02%; 状态confirmed_rebound; 底部未确认
372,70.9317130214918,64.48337547408345,603058,永吉股份,confirmed_rebound,2024-02-05,6.31,2024-02-05,6.31,0.0,12.044374009508727,27.47126436781609,False,-9.9857,1.9296,1,1,1,100.0,16.308470290771165,16.308470290771165,10.0,0.0,历史1/1次成功; 当前距低点0.00%; 最新日涨幅-9.99%; 状态confirmed_rebound; 底部未确认
373,70.9106225830035,65.28415888925822,601908,京运通,confirmed_rebound,2024-02-05,3.04,2024-02-05,3.02,0.6622516556291397,10.596026490066219,29.76744186046511,False,-9.2537,1.5366,1,1,1,100.0,16.473616473616488,16.473616473616488,9.33774834437086,0.6622516556291397,历史1/1次成功; 当前距低点0.66%; 最新日涨幅-9.25%; 状态confirmed_rebound; 底部未确认
374,70.86202654457212,64.84990036490869,002117,东港股份,confirmed_rebound,2024-02-05,5.76,2024-02-05,5.74,0.34843205574912145,10.2787456445993,27.61664564943253,False,-9.434,3.0275,1,1,1,100.0,10.292072322670366,10.292072322670366,9.651567944250878,0.34843205574912145,历史1/1次成功; 当前距低点0.35%; 最新日涨幅-9.43%; 状态confirmed_rebound; 底部未确认
375,70.85835496591143,69.53912399620843,601515,衢州东峰,bottom_area,2024-02-05,3.11,2024-02-05,2.99,4.013377926421393,9.030100334448147,27.427184466019416,False,-5.4711,1.3252,2,2,2,100.0,13.707664884135484,15.294117647058833,5.986622073578608,4.013377926421393,历史2/2次成功; 当前距低点4.01%; 最新日涨幅-5.47%; 状态bottom_area; 底部未确认
376,70.83287830687465,64.3935257335224,600984,建设机械,confirmed_rebound,2024-02-05,2.39,2024-02-05,2.39,0.0,11.71548117154811,29.70588235294117,False,-10.1504,1.7672,3,4,3,75.0,19.992073836141934,20.705882352941174,10.0,0.0,历史3/4次成功; 当前距低点0.00%; 最新日涨幅-10.15%; 状态confirmed_rebound; 底部未确认
377,70.78197074010329,64.34724612736662,000803,山高环能,confirmed_rebound,2024-02-05,3.92,2024-02-05,3.92,0.0,10.204081632653072,29.874776386404296,False,-10.0917,1.789,1,1,1,100.0,15.576592082616184,15.576592082616184,10.0,0.0,历史1/1次成功; 当前距低点0.00%; 最新日涨幅-10.09%; 状态confirmed_rebound; 底部未确认
378,70.77600729927009,64.34182481751826,001366,播恩集团,confirmed_rebound,2024-02-05,10.35,2024-02-05,10.35,0.0,10.338164251207733,27.41935483870968,False,-10.0,8.2531,1,1,1,100.0,15.547445255474459,15.547445255474459,10.0,0.0,历史1/1次成功; 当前距低点0.00%; 最新日涨幅-10.00%; 状态confirmed_rebound; 底部未确认
379,70.73647304742218,67.53224061006762,301330,熵基科技,confirmed_rebound,2024-02-05,19.98,2024-02-05,19.48,2.5667351129363447,14.117043121149898,28.618541590326124,False,-10.604,5.4499,1,1,1,100.0,12.066648750335936,12.066648750335936,7.433264887063657,2.5667351129363447,历史1/1次成功; 当前距低点2.57%; 最新日涨幅-10.60%; 状态confirmed_rebound; 底部未确认
380,70.7362559375943,64.30568721599481,002068,黑猫股份,confirmed_rebound,2024-02-05,6.44,2024-02-05,6.44,0.0,10.403726708074533,32.42392444910807,False,-10.0559,3.1778,3,4,3,75.0,19.51982374190758,32.77777777777777,10.0,0.0,历史3/4次成功; 当前距低点0.00%; 最新日涨幅-10.06%; 状态confirmed_rebound; 底部未确认
381,70.73,64.3,000593,德龙汇能,confirmed_rebound,2024-02-05,4.74,2024-02-05,4.74,0.0,10.759493670886071,32.18884120171674,False,-10.0569,2.862,1,1,1,100.0,15.322580645161285,15.322580645161285,10.0,0.0,历史1/1次成功; 当前距低点0.00%; 最新日涨幅-10.06%; 状态confirmed_rebound; 底部未确认
382,70.71913173652696,64.29011976047904,000717,中南股份,confirmed_rebound,2024-02-05,2.03,2024-02-05,2.03,0.0,11.330049261083744,28.771929824561415,False,-9.7778,3.0828,1,1,1,100.0,15.269461077844317,15.269461077844317,10.0,0.0,历史1/1次成功; 当前距低点0.00%; 最新日涨幅-9.78%; 状态confirmed_rebound; 底部未确认
383,70.71515000000001,64.2865,002292,奥飞娱乐,confirmed_rebound,2024-02-05,5.45,2024-02-05,5.45,0.0,10.825688073394492,27.43009320905459,False,-9.9174,6.3901,1,1,1,100.0,15.250000000000007,15.250000000000007,10.0,0.0,历史1/1次成功; 当前距低点0.00%; 最新日涨幅-9.92%; 状态confirmed_rebound; 底部未确认
384,70.69337792685943,68.79050894254073,300759,康龙化成,bottom_area,2024-02-05,19.16,2024-02-05,18.5,3.5675675675675684,7.5675675675675595,27.564604541895065,False,-2.045,3.0083,1,1,1,100.0,10.669693530079462,10.669693530079462,6.432432432432432,3.5675675675675684,历史1/1次成功; 当前距低点3.57%; 最新日涨幅-2.04%; 状态bottom_area; 底部未确认
385,70.68681212276786,67.59021894956258,688357,建龙微纳,confirmed_rebound,2024-02-05,34.88,2024-02-05,33.98,2.6486168334314475,12.095350206003552,27.88624787775892,False,-6.6631,0.8831,3,4,3,75.0,17.54873833218431,26.291618828932272,7.351383166568554,2.6486168334314475,历史3/4次成功; 当前距低点2.65%; 最新日涨幅-6.66%; 状态confirmed_rebound; 底部未确认
386,70.67333829399276,67.58305924311475,300384,三联虹普,confirmed_rebound,2024-02-05,10.06,2024-02-05,9.8,2.6530612244897935,14.081632653061213,30.348258706467657,False,-10.2587,3.3088,1,1,1,100.0,13.398058252427186,13.398058252427186,7.346938775510208,2.6530612244897935,历史1/1次成功; 当前距低点2.65%; 最新日涨幅-10.26%; 状态confirmed_rebound; 底部未确认
387,70.66326741862686,64.2393340169335,600152,维科技术,confirmed_rebound,2024-02-05,4.46,2024-02-05,4.46,0.0,10.313901345291479,29.318541996830422,False,-10.0806,2.3004,3,4,3,75.0,19.163086112545617,24.87644151565074,10.0,0.0,历史3/4次成功; 当前距低点0.00%; 最新日涨幅-10.08%; 状态confirmed_rebound; 底部未确认
388,70.66072115384617,64.23701923076923,002544,普天科技,confirmed_rebound,2024-02-05,12.37,2024-02-05,12.37,0.0,11.075181891673411,28.414351851851862,False,-9.9709,2.3341,1,1,1,100.0,14.983974358974352,14.983974358974352,10.0,0.0,历史1/1次成功; 当前距低点0.00%; 最新日涨幅-9.97%; 状态confirmed_rebound; 底部未确认
389,70.65397058823532,64.2308823529412,603101,汇嘉时代,confirmed_rebound,2024-02-05,5.2,2024-02-05,5.2,0.0,10.576923076923073,28.767123287671232,False,-10.0346,1.7496,1,1,1,100.0,14.95098039215687,14.95098039215687,10.0,0.0,历史1/1次成功; 当前距低点0.00%; 最新日涨幅-10.03%; 状态confirmed_rebound; 底部未确认
390,70.64295061728397,64.22086419753087,002852,道道全,confirmed_rebound,2024-02-05,7.29,2024-02-05,7.29,0.0,10.973936899862824,28.599412340842317,False,-10.0,3.239,1,1,1,100.0,14.897119341563789,14.897119341563789,10.0,0.0,历史1/1次成功; 当前距低点0.00%; 最新日涨幅-10.00%; 状态confirmed_rebound; 底部未确认
391,70.61864532019706,64.19876847290641,000852,石化机械,confirmed_rebound,2024-02-05,5.46,2024-02-05,5.46,0.0,10.439560439560445,28.25229960578187,False,-10.0494,2.6868,1,1,1,100.0,14.778325123152717,14.778325123152717,10.0,0.0,历史1/1次成功; 当前距低点0.00%; 最新日涨幅-10.05%; 状态confirmed_rebound; 底部未确认
392,70.58699999999999,64.16999999999999,002827,高争民爆,confirmed_rebound,2024-02-05,11.1,2024-02-05,11.1,0.0,10.720720720720717,30.056710775047257,False,-9.9757,2.4351,1,1,1,100.0,14.623655913978487,14.623655913978487,10.0,0.0,历史1/1次成功; 当前距低点0.00%; 最新日涨幅-9.98%; 状态confirmed_rebound; 底部未确认
393,70.56941338951424,64.82258160090858,603201,常润股份,confirmed_rebound,2024-02-05,18.51,2024-02-05,18.41,0.5431830526887638,10.157523085279745,29.49061662198391,False,-9.5308,2.5635,1,1,1,100.0,12.53246753246752,12.53246753246752,9.456816947311236,0.5431830526887638,历史1/1次成功; 当前距低点0.54%; 最新日涨幅-9.53%; 状态confirmed_rebound; 底部未确认
394,70.52399244332496,64.11272040302268,001231,农心科技,confirmed_rebound,2024-02-05,13.6,2024-02-05,13.6,0.0,10.735294117647065,32.27091633466135,False,-9.9934,5.1642,1,1,1,100.0,14.315701091519731,14.315701091519731,10.0,0.0,历史1/1次成功; 当前距低点0.00%; 最新日涨幅-9.99%; 状态confirmed_rebound; 底部未确认
395,70.52070891770448,69.9366474759602,300726,宏达电子,confirmed_rebound,2024-02-05,18.56,2024-02-05,17.75,4.563380281690134,12.676056338028168,28.943154523618897,False,-8.2097,2.9736,3,3,3,100.0,16.135239345234975,20.972375690607738,5.436619718309867,4.563380281690134,历史3/3次成功; 当前距低点4.56%; 最新日涨幅-8.21%; 状态confirmed_rebound; 底部未确认
396,70.50896485966464,69.38768104056801,301386,未来电器,confirmed_rebound,2024-02-05,15.78,2024-02-05,15.15,4.1584158415841515,14.257425742574245,32.87549844926894,False,-10.2899,5.6796,2,2,2,100.0,24.88639332999926,27.880184331797242,5.8415841584158485,4.1584158415841515,历史2/2次成功; 当前距低点4.16%; 最新日涨幅-10.29%; 状态confirmed_rebound; 底部未确认
397,70.49137551614078,67.88281766281621,301323,新莱福,confirmed_rebound,2024-02-05,22.51,2024-02-05,21.85,3.0205949656750577,18.855835240274587,32.31102850061958,False,-12.4465,7.5432,1,1,1,100.0,19.514914970727627,19.514914970727627,6.979405034324943,3.0205949656750577,历史1/1次成功; 当前距低点3.02%; 最新日涨幅-12.45%; 状态confirmed_rebound; 底部未确认
398,70.48199386503069,64.07453987730062,603321,梅轮电梯,confirmed_rebound,2024-02-05,5.69,2024-02-05,5.69,0.0,10.01757469244287,29.49194547707559,False,-9.9684,2.255,1,1,1,100.0,14.110429447852773,14.110429447852773,10.0,0.0,历史1/1次成功; 当前距低点0.00%; 最新日涨幅-9.97%; 状态confirmed_rebound; 底部未确认
399,70.4734030418251,64.06673003802281,002490,山东墨龙,confirmed_rebound,2024-02-05,2.99,2024-02-05,2.99,0.0,10.70234113712374,28.125,False,-9.9398,2.0907,1,1,1,100.0,14.068441064638787,14.068441064638787,10.0,0.0,历史1/1次成功; 当前距低点0.00%; 最新日涨幅-9.94%; 状态confirmed_rebound; 底部未确认
400,70.46418196994993,64.05834724540902,600230,沧州大化,confirmed_rebound,2024-02-05,8.87,2024-02-05,8.87,0.0,10.597519729425043,28.69774919614148,False,-9.9492,2.1366,1,1,1,100.0,14.02337228714524,14.02337228714524,10.0,0.0,历史1/1次成功; 当前距低点0.00%; 最新日涨幅-9.95%; 状态confirmed_rebound; 底部未确认
401,70.40995775021591,64.6587335550557,301488,豪恩汽电,confirmed_rebound,2024-02-05,38.0,2024-02-05,37.8,0.5291005291005366,14.788359788359799,31.147540983606557,False,-13.0833,8.4434,1,1,1,100.0,11.478939577445836,11.478939577445836,9.470899470899464,0.5291005291005366,历史1/1次成功; 当前距低点0.53%; 最新日涨幅-13.08%; 状态confirmed_rebound; 底部未确认
402,70.39568965517242,63.9960815047022,002817,黄山胶囊,confirmed_rebound,2024-02-05,5.5,2024-02-05,5.5,0.0,10.181818181818175,30.99121706398996,False,-9.9836,2.8584,1,1,1,100.0,13.688610240334384,13.688610240334384,10.0,0.0,历史1/1次成功; 当前距低点0.00%; 最新日涨幅-9.98%; 状态confirmed_rebound; 底部未确认
403,70.37033123028391,63.97302839116718,001223,欧克科技,confirmed_rebound,2024-02-05,35.74,2024-02-05,35.74,0.0,11.863458310016773,28.662674650698598,False,-9.9975,4.7518,1,1,1,100.0,13.56466876971609,13.56466876971609,10.0,0.0,历史1/1次成功; 当前距低点0.00%; 最新日涨幅-10.00%; 状态confirmed_rebound; 底部未确认
404,70.35180416666667,63.9561856060606,000545,金浦钛业,confirmed_rebound,2024-02-05,1.97,2024-02-05,1.97,0.0,11.67512690355331,32.302405498281786,False,-10.0457,1.7996,3,4,3,75.0,17.640782828282834,24.6875,10.0,0.0,历史3/4次成功; 当前距低点0.00%; 最新日涨幅-10.05%; 状态confirmed_rebound; 底部未确认
405,70.34276427929663,63.9479675266333,002724,海洋王,confirmed_rebound,2024-02-05,4.9,2024-02-05,4.9,0.0,10.20408163265306,29.1907514450867,False,-9.9265,1.8609,3,4,3,75.0,17.596599605555337,25.204081632653047,10.0,0.0,历史3/4次成功; 当前距低点0.00%; 最新日涨幅-9.93%; 状态confirmed_rebound; 底部未确认
406,70.29612907968246,63.90557189062041,688192,迪哲医药,confirmed_rebound,2024-02-05,27.15,2024-02-05,27.15,0.0,10.534069981583807,30.91603053435114,False,-11.477,3.3124,1,1,1,100.0,13.201999411937674,13.201999411937674,10.0,0.0,历史1/1次成功; 当前距低点0.00%; 最新日涨幅-11.48%; 状态confirmed_rebound; 底部未确认
407,70.27702247191012,63.888202247191,002136,安纳达,confirmed_rebound,2024-02-05,7.52,2024-02-05,7.52,0.0,11.569148936170226,31.26142595978062,False,-9.9401,2.326,1,1,1,100.0,13.108614232209742,13.108614232209742,10.0,0.0,历史1/1次成功; 当前距低点0.00%; 最新日涨幅-9.94%; 状态confirmed_rebound; 底部未确认
408,70.21339285714286,63.83035714285714,002578,闽发铝业,confirmed_rebound,2024-02-05,2.58,2024-02-05,2.58,0.0,10.465116279069768,30.270270270270274,False,-10.1045,3.9012,1,1,1,100.0,12.797619047619053,12.797619047619053,10.0,0.0,历史1/1次成功; 当前距低点0.00%; 最新日涨幅-10.10%; 状态confirmed_rebound; 底部未确认
409,70.20300718132854,63.82091561938958,600218,全柴动力,confirmed_rebound,2024-02-05,6.05,2024-02-05,6.05,0.0,10.247933884297522,29.895712630359224,False,-9.9702,3.2698,1,1,1,100.0,12.746858168761218,12.746858168761218,10.0,0.0,历史1/1次成功; 当前距低点0.00%; 最新日涨幅-9.97%; 状态confirmed_rebound; 底部未确认
410,70.16396860986548,63.785426008968614,002565,顺灏股份,confirmed_rebound,2024-02-05,2.36,2024-02-05,2.36,0.0,10.169491525423737,28.484848484848484,False,-9.9237,3.3198,1,1,1,100.0,12.556053811659185,12.556053811659185,10.0,0.0,历史1/1次成功; 当前距低点0.00%; 最新日涨幅-9.92%; 状态confirmed_rebound; 底部未确认
411,70.16116949152544,63.78288135593222,002334,英威腾,confirmed_rebound,2024-02-05,5.46,2024-02-05,5.46,0.0,10.256410256410248,27.87318361955086,False,-10.0494,4.5707,1,1,1,100.0,12.542372881355945,12.542372881355945,10.0,0.0,历史1/1次成功; 当前距低点0.00%; 最新日涨幅-10.05%; 状态confirmed_rebound; 底部未确认
412,70.15682741116753,63.77893401015229,000633,合金投资,confirmed_rebound,2024-02-05,4.66,2024-02-05,4.66,0.0,10.944206008583686,29.924812030075188,False,-10.0386,2.7296,1,1,1,100.0,12.521150592216584,12.521150592216584,10.0,0.0,历史1/1次成功; 当前距低点0.00%; 最新日涨幅-10.04%; 状态confirmed_rebound; 底部未确认
413,70.13474788381029,68.54431238829376,688277,天智航,confirmed_rebound,2024-02-05,7.93,2024-02-05,7.64,3.7958115183246077,16.492146596858646,32.568402471315096,False,-11.8889,1.8489,2,2,2,100.0,15.907326075665967,20.469798657718112,6.204188481675392,3.7958115183246077,历史2/2次成功; 当前距低点3.80%; 最新日涨幅-11.89%; 状态confirmed_rebound; 底部未确认
414,69.97350490802202,63.61227718911092,000670,盈方微,confirmed_rebound,2024-02-05,4.17,2024-02-05,4.17,0.0,10.551558752997611,32.52427184466019,False,-9.9352,3.4991,3,4,3,75.0,15.791812844682374,23.28519855595668,10.0,0.0,历史3/4次成功; 当前距低点0.00%; 最新日涨幅-9.94%; 状态confirmed_rebound; 底部未确认
415,69.93743161094226,63.57948328267477,603036,如通股份,confirmed_rebound,2024-02-05,9.28,2024-02-05,9.28,0.0,10.452586206896559,28.61538461538462,False,-9.9903,2.7743,1,1,1,100.0,11.448834853090181,11.448834853090181,10.0,0.0,历史1/1次成功; 当前距低点0.00%; 最新日涨幅-9.99%; 状态confirmed_rebound; 底部未确认
416,69.91778340503865,65.34372280844732,688101,三达膜,confirmed_rebound,2024-02-05,9.1,2024-02-05,8.97,1.4492753623188293,14.827201783723524,29.09090909090909,False,-11.6505,0.9961,2,3,2,66.66666666666666,25.491419182083742,33.755274261603375,8.55072463768117,1.4492753623188293,历史2/3次成功; 当前距低点1.45%; 最新日涨幅-11.65%; 状态confirmed_rebound; 底部未确认
417,69.90206231454006,63.5473293768546,002628,成都路桥,confirmed_rebound,2024-02-05,2.42,2024-02-05,2.42,0.0,10.743801652892571,27.54491017964072,False,-10.0372,3.525,1,1,1,100.0,11.27596439169139,11.27596439169139,10.0,0.0,历史1/1次成功; 当前距低点0.00%; 最新日涨幅-10.04%; 状态confirmed_rebound; 底部未确认
418,69.9003976619469,67.09237800732713,603115,海星股份,confirmed_rebound,2024-02-05,9.39,2024-02-05,9.13,2.847754654983568,11.391018619934272,27.826086956521735,False,-7.3964,1.8094,1,1,1,100.0,13.14655172413793,13.14655172413793,7.152245345016432,2.847754654983568,历史1/1次成功; 当前距低点2.85%; 最新日涨幅-7.40%; 状态confirmed_rebound; 底部未确认
419,69.89793953488373,63.54358139534884,600288,大恒科技,confirmed_rebound,2024-02-05,6.87,2024-02-05,6.87,0.0,11.935953420669582,31.23123123123123,False,-9.9607,3.3294,1,1,1,100.0,11.255813953488381,11.255813953488381,10.0,0.0,历史1/1次成功; 当前距低点0.00%; 最新日涨幅-9.96%; 状态confirmed_rebound; 底部未确认
420,69.87886969686988,64.30570831000297,001268,联合精密,confirmed_rebound,2024-02-05,15.75,2024-02-05,15.65,0.6389776357827454,11.11821086261981,30.19625334522748,False,-9.4307,11.6696,1,1,1,100.0,10.92783505154639,10.92783505154639,9.361022364217256,0.6389776357827454,历史1/1次成功; 当前距低点0.64%; 最新日涨幅-9.43%; 状态confirmed_rebound; 底部未确认
421,69.86833333333334,63.516666666666666,603273,天元智能,confirmed_rebound,2024-02-05,15.23,2024-02-05,15.23,0.0,11.030860144451736,29.81566820276497,False,-9.9882,9.5077,2,3,2,66.66666666666666,106.02828379674018,201.34228187919464,10.0,0.0,历史2/3次成功; 当前距低点0.00%; 最新日涨幅-9.99%; 状态confirmed_rebound; 底部未确认
422,69.84803571428573,63.4982142857143,002277,友阿股份,confirmed_rebound,2024-02-05,2.65,2024-02-05,2.65,0.0,10.18867924528302,28.9544235924933,False,-9.8639,2.6117,1,1,1,100.0,11.011904761904766,11.011904761904766,10.0,0.0,历史1/1次成功; 当前距低点0.00%; 最新日涨幅-9.86%; 状态confirmed_rebound; 底部未确认
423,69.77546181172292,63.4322380106572,002420,毅昌科技,confirmed_rebound,2024-02-05,3.8,2024-02-05,3.8,0.0,11.052631578947366,29.759704251386328,False,-9.9526,2.2296,1,1,1,100.0,10.657193605683846,10.657193605683846,10.0,0.0,历史1/1次成功; 当前距低点0.00%; 最新日涨幅-9.95%; 状态confirmed_rebound; 底部未确认
424,69.77534445640475,63.43213132400432,002647,仁东控股,confirmed_rebound,2024-02-05,4.23,2024-02-05,4.23,0.0,10.165484633569733,31.331168831168828,False,-10.0,3.8675,1,1,1,100.0,10.656620021528528,10.656620021528528,10.0,0.0,历史1/1次成功; 当前距低点0.00%; 最新日涨幅-10.00%; 状态confirmed_rebound; 底部未确认
425,69.72211894273129,63.38374449339207,603110,东方材料,confirmed_rebound,2024-02-05,15.12,2024-02-05,15.12,0.0,10.648148148148156,28.746465598491987,False,-10.0,2.215,1,1,1,100.0,10.396475770925107,10.396475770925107,10.0,0.0,历史1/1次成功; 当前距低点0.00%; 最新日涨幅-10.00%; 状态confirmed_rebound; 底部未确认
426,69.70622483221477,63.36929530201343,002140,东华科技,confirmed_rebound,2024-02-05,6.17,2024-02-05,6.17,0.0,10.85899513776337,28.0046674445741,False,-9.927,2.164,1,1,1,100.0,10.318791946308728,10.318791946308728,10.0,0.0,历史1/1次成功; 当前距低点0.00%; 最新日涨幅-9.93%; 状态confirmed_rebound; 底部未确认
427,69.69669755426722,67.02909771274807,002389,航天彩虹,confirmed_rebound,2024-02-05,11.86,2024-02-05,11.52,2.951388888888888,11.111111111111121,28.580285182889025,False,-7.3438,1.9685,1,1,1,100.0,14.076690211907161,14.076690211907161,7.0486111111111125,2.951388888888888,历史1/1次成功; 当前距低点2.95%; 最新日涨幅-7.34%; 状态confirmed_rebound; 底部未确认
428,69.66765341103876,63.33423037367159,001270,铖昌科技,confirmed_rebound,2024-02-05,37.35,2024-02-05,37.35,0.0,10.76305220883533,29.793233082706767,False,-10.0,5.386,1,1,1,100.0,10.130270826191285,10.130270826191285,10.0,0.0,历史1/1次成功; 当前距低点0.00%; 最新日涨幅-10.00%; 状态confirmed_rebound; 底部未确认
429,69.66628214650633,64.52075216161735,603275,众辰科技,confirmed_rebound,2024-02-05,28.0,2024-02-05,27.73,0.9736747205192917,10.890732059141722,27.654578659013822,False,-9.0614,4.8771,1,1,1,100.0,16.186723249469523,16.186723249469523,9.026325279480709,0.9736747205192917,历史1/1次成功; 当前距低点0.97%; 最新日涨幅-9.06%; 状态confirmed_rebound; 底部未确认
430,69.66097826132561,67.83245131289115,300738,奥飞数据,confirmed_rebound,2024-02-05,6.9,2024-02-05,6.66,3.603603603603607,13.063063063063066,31.97139938712972,False,-8.971,3.9047,1,1,1,100.0,26.39068564036221,26.39068564036221,6.396396396396393,3.603603603603607,历史1/1次成功; 当前距低点3.60%; 最新日涨幅-8.97%; 状态confirmed_rebound; 底部未确认
431,69.6354072695323,67.04269422729105,301370,国科恒泰,confirmed_rebound,2024-02-05,11.3,2024-02-05,10.97,3.0082041932543304,14.767547857793975,28.9967637540453,False,-9.8164,8.5017,1,1,1,100.0,14.846235418875933,14.846235418875933,6.991795806745671,3.0082041932543304,历史1/1次成功; 当前距低点3.01%; 最新日涨幅-9.82%; 状态confirmed_rebound; 底部未确认
432,69.63101316724104,65.22339869486812,603229,奥翔药业,confirmed_rebound,2024-02-05,8.42,2024-02-05,8.29,1.5681544028950638,11.09770808202656,27.280701754385973,False,-8.5776,1.7635,2,3,2,66.66666666666666,26.30174229463547,41.48479427549196,8.431845597104937,1.5681544028950638,历史2/3次成功; 当前距低点1.57%; 最新日涨幅-8.58%; 状态confirmed_rebound; 底部未确认
433,69.62597247545102,64.16615415176801,603112,华翔股份,confirmed_rebound,2024-02-05,8.45,2024-02-05,8.39,0.7151370679380061,10.131108462455298,28.29059829059828,False,-9.3348,1.3912,1,1,1,100.0,11.111111111111114,11.111111111111114,9.284862932061994,0.7151370679380061,历史1/1次成功; 当前距低点0.72%; 最新日涨幅-9.33%; 状态confirmed_rebound; 底部未确认
434,69.26130030926521,66.66448602794412,300718,长盛轴承,confirmed_rebound,2024-02-05,12.04,2024-02-05,11.69,2.9940119760479016,11.12061591103508,27.928483353884094,False,-8.2317,2.9488,1,1,1,100.0,12.638888888888877,12.638888888888877,7.005988023952099,2.9940119760479016,历史1/1次成功; 当前距低点2.99%; 最新日涨幅-8.23%; 状态confirmed_rebound; 底部未确认
435,69.2376572420938,67.9395820231613,688151,华强科技,confirmed_rebound,2024-02-05,12.98,2024-02-05,12.48,4.006410256410256,13.060897435897429,28.726442033123934,False,-9.547,1.4992,1,1,1,100.0,31.90428713858426,31.90428713858426,5.9935897435897445,4.006410256410256,历史1/1次成功; 当前距低点4.01%; 最新日涨幅-9.55%; 状态confirmed_rebound; 底部未确认
436,68.91806292397713,64.50459091406726,300507,苏奥传感,confirmed_rebound,2024-02-05,3.99,2024-02-05,3.93,1.5267175572519098,16.28498727735369,31.53310104529617,False,-12.6915,3.7275,2,3,2,66.66666666666666,21.92924880610189,33.6283185840708,8.473282442748092,1.5267175572519098,历史2/3次成功; 当前距低点1.53%; 最新日涨幅-12.69%; 状态confirmed_rebound; 底部未确认
437,68.91145457248093,67.51521954393257,300567,精测电子,bottom_area,2024-02-05,47.92,2024-02-05,46.11,3.925395792669708,9.39058772500542,28.211116300794025,False,-4.9772,3.8667,1,1,1,100.0,18.414634146341452,18.414634146341452,6.074604207330292,3.925395792669708,历史1/1次成功; 当前距低点3.93%; 最新日涨幅-4.98%; 状态bottom_area; 底部未确认
438,68.85730056204872,68.62067753606227,688266,泽璟制药,confirmed_rebound,2024-02-05,34.8,2024-02-05,33.2,4.819277108433717,13.765060240963855,28.18516115076789,False,-8.0095,1.5693,2,2,2,100.0,28.86359861984492,39.990774907749085,5.180722891566284,4.819277108433717,历史2/2次成功; 当前距低点4.82%; 最新日涨幅-8.01%; 状态confirmed_rebound; 底部未确认
439,68.80570151293232,67.13283561991177,300607,拓斯达,confirmed_rebound,2024-02-05,9.23,2024-02-05,8.9,3.707865168539327,15.168539325842692,29.477020602218694,False,-10.3883,4.3051,3,4,3,75.0,28.074022603125986,45.9265890778872,6.292134831460674,3.707865168539327,历史3/4次成功; 当前距低点3.71%; 最新日涨幅-10.39%; 状态confirmed_rebound; 底部未确认
440,68.75229599409896,64.31426146647375,688025,杰普特,confirmed_rebound,2024-02-05,44.04,2024-02-05,43.39,1.4980410232772496,12.860106015210873,32.07576706324358,False,-9.6801,4.6914,2,3,2,66.66666666666666,20.554453402576446,23.866292660121555,8.50195897672275,1.4980410232772496,历史2/3次成功; 当前距低点1.50%; 最新日涨幅-9.68%; 状态confirmed_rebound; 底部未确认
441,68.51764984741885,64.08715785355967,688070,纵横股份,confirmed_rebound,2024-02-05,21.09,2024-02-05,20.78,1.4918190567853644,18.76804619826756,32.81603621079857,False,-12.125,1.7436,2,3,2,66.66666666666666,19.25719696969696,26.04166666666665,8.508180943214635,1.4918190567853644,历史2/3次成功; 当前距低点1.49%; 最新日涨幅-12.12%; 状态confirmed_rebound; 底部未确认
442,68.42078011780627,67.38875832681946,300516,久之洋,confirmed_rebound,2024-02-05,20.83,2024-02-05,19.99,4.202101050525262,15.557778889444737,30.56616880861411,False,-9.3165,1.6388,2,2,2,100.0,14.674993129123969,18.853135313531354,5.797898949474738,4.202101050525262,历史2/2次成功; 当前距低点4.20%; 最新日涨幅-9.32%; 状态confirmed_rebound; 底部未确认
443,68.20411225415582,63.66296556377081,002342,巨力索具,confirmed_rebound,2024-02-05,2.93,2024-02-05,2.89,1.3840830449827002,10.03460207612457,27.204030226700255,False,-8.7227,3.0259,2,3,2,66.66666666666666,15.655958277767192,19.889502762430933,8.6159169550173,1.3840830449827002,历史2/3次成功; 当前距低点1.38%; 最新日涨幅-8.72%; 状态confirmed_rebound; 底部未确认
444,67.84655391782083,67.78369001176155,300765,新诺威,confirmed_rebound,2024-02-05,24.8,2024-02-05,23.63,4.951333051206102,14.261531950909864,31.626157407407412,False,-4.5787,3.1939,2,2,2,100.0,25.982415959739026,28.947368421052634,5.048666948793899,4.951333051206102,历史2/2次成功; 当前距低点4.95%; 最新日涨幅-4.58%; 状态confirmed_rebound; 底部未确认
445,67.82119150123576,61.65562863748705,002753,永东股份,confirmed_rebound,2024-02-05,5.19,2024-02-05,5.19,0.0,11.56069364161849,31.53034300791556,False,-10.052,3.616,2,3,2,66.66666666666666,39.99441919795901,69.36936936936937,10.0,0.0,历史2/3次成功; 当前距低点0.00%; 最新日涨幅-10.05%; 状态confirmed_rebound; 底部未确认
446,67.73505900851691,63.25005510133158,603191,望变电气,confirmed_rebound,2024-02-05,11.55,2024-02-05,11.39,1.4047410008779644,10.359964881474976,27.72842639593908,False,-8.1876,3.9424,2,3,2,66.66666666666666,13.689236111111105,14.097222222222216,8.595258999122036,1.4047410008779644,历史2/3次成功; 当前距低点1.40%; 最新日涨幅-8.19%; 状态confirmed_rebound; 底部未确认
447,67.53903277521458,65.45781009526263,002606,大连电瓷,confirmed_rebound,2024-02-05,5.85,2024-02-05,5.66,3.356890459363949,11.130742049469962,31.143552311435528,False,-6.9952,3.6403,1,1,1,100.0,10.599571734475377,10.599571734475377,6.643109540636052,3.356890459363949,历史1/1次成功; 当前距低点3.36%; 最新日涨幅-7.00%; 状态confirmed_rebound; 底部未确认
448,67.30350633246921,66.74193323782495,603208,江山欧派,confirmed_rebound,2024-02-05,22.7,2024-02-05,21.71,4.560110548134492,13.403961308152926,27.82579787234042,False,-5.8872,1.305,2,2,2,100.0,15.58594240629895,20.717539863325737,5.439889451865508,4.560110548134492,历史2/2次成功; 当前距低点4.56%; 最新日涨幅-5.89%; 状态confirmed_rebound; 底部未确认
449,66.70294179270452,60.63903799336774,002316,亚联发展,confirmed_rebound,2024-02-05,3.31,2024-02-05,3.31,0.0,11.178247734138976,32.31083844580777,False,-10.0543,3.136,4,6,4,66.66666666666666,17.862211433876794,24.890829694323134,10.0,0.0,历史4/6次成功; 当前距低点0.00%; 最新日涨幅-10.05%; 状态confirmed_rebound; 底部未确认
450,66.65459497095569,60.59508633723243,002585,双星新材,confirmed_rebound,2024-02-05,5.04,2024-02-05,5.04,0.0,12.896825396825404,29.411764705882348,False,-10.0,2.7785,2,3,2,66.66666666666666,34.2925788740095,56.338028169014066,10.0,0.0,历史2/3次成功; 当前距低点0.00%; 最新日涨幅-10.00%; 状态confirmed_rebound; 底部未确认
451,66.63952995704292,66.54095077071595,601208,东材科技,confirmed_rebound,2024-02-05,8.1,2024-02-05,7.72,4.922279792746113,10.880829015544052,27.511737089201883,False,-5.5944,2.3743,2,2,2,100.0,18.944885474070446,27.76831345826235,5.077720207253888,4.922279792746113,历史2/2次成功; 当前距低点4.92%; 最新日涨幅-5.59%; 状态confirmed_rebound; 底部未确认
452,66.54295256227194,60.49359323842902,002551,尚荣医疗,confirmed_rebound,2024-02-05,2.63,2024-02-05,2.63,0.0,11.02661596958175,31.510416666666668,False,-9.9315,3.4291,2,3,2,66.66666666666666,33.746917052485834,52.61780104712043,10.0,0.0,历史2/3次成功; 当前距低点0.00%; 最新日涨幅-9.93%; 状态confirmed_rebound; 底部未确认
453,66.39651869180315,60.360471538002855,002347,泰尔股份,bottom_area,2024-02-05,3.44,2024-02-05,3.44,0.0,9.883720930232553,30.50505050505051,False,-9.9476,5.1077,2,3,2,66.66666666666666,22.816155222237516,29.585798816568047,10.0,0.0,历史2/3次成功; 当前距低点0.00%; 最新日涨幅-9.95%; 状态bottom_area; 底部未确认
454,66.24223518208424,60.220213801894765,605169,洪通燃气,bottom_area,2024-02-05,7.61,2024-02-05,7.61,0.0,9.067017082785812,28.07183364839319,False,-9.9408,3.1012,2,3,2,66.66666666666666,22.06208137219406,26.09375,10.0,0.0,历史2/3次成功; 当前距低点0.00%; 最新日涨幅-9.94%; 状态bottom_area; 底部未确认
455,66.17732131206337,64.84940914719787,300513,恒实科技,confirmed_rebound,2024-02-05,7.13,2024-02-05,6.86,3.9358600583090313,16.472303206997083,29.856850715746415,False,-10.9863,4.678,1,1,1,100.0,14.42564559216384,14.42564559216384,6.06413994169097,3.9358600583090313,历史1/1次成功; 当前距低点3.94%; 最新日涨幅-10.99%; 状态confirmed_rebound; 底部未确认
456,66.13672445677301,60.12429496070273,002796,世嘉科技,confirmed_rebound,2024-02-05,7.24,2024-02-05,7.24,0.0,11.049723756906062,29.57198443579766,False,-9.9502,2.2811,2,3,2,66.66666666666666,31.7614424410541,36.33841886269071,10.0,0.0,历史2/3次成功; 当前距低点0.00%; 最新日涨幅-9.95%; 状态confirmed_rebound; 底部未确认
457,66.12032343059943,64.96308626634072,300393,中来股份,confirmed_rebound,2024-02-05,7.41,2024-02-05,7.12,4.073033707865169,13.904494382022461,30.73929961089494,False,-8.6313,2.7812,3,4,3,75.0,20.884963012222048,23.89610389610389,5.926966292134832,4.073033707865169,历史3/4次成功; 当前距低点4.07%; 最新日涨幅-8.63%; 状态confirmed_rebound; 底部未确认
458,65.73579603815114,59.759814580137395,002584,西陇科学,confirmed_rebound,2024-02-05,6.16,2024-02-05,6.16,0.0,11.038961038961034,31.40311804008909,False,-9.9415,9.4307,2,4,2,50.0,49.24631494697527,68.08510638297875,10.0,0.0,历史2/4次成功; 当前距低点0.00%; 最新日涨幅-9.94%; 状态confirmed_rebound; 底部未确认
459,65.54126547896118,59.582968617237434,002213,大为股份,bottom_area,2024-02-05,8.27,2024-02-05,8.27,0.0,9.915356711003632,30.852842809364557,False,-10.0109,2.4067,2,3,2,66.66666666666666,18.636031992315928,20.248254460822338,10.0,0.0,历史2/3次成功; 当前距低点0.00%; 最新日涨幅-10.01%; 状态bottom_area; 底部未确认
460,65.43198742649834,59.48362493318031,000566,海南海药,confirmed_rebound,2024-02-05,3.1,2024-02-05,3.1,0.0,10.645161290322584,30.957683741648108,False,-9.8837,1.9532,2,3,2,66.66666666666666,28.31697992749272,37.53581661891116,10.0,0.0,历史2/3次成功; 当前距低点0.00%; 最新日涨幅-9.88%; 状态confirmed_rebound; 底部未确认
461,65.37650922561843,59.43319020510766,000980,众泰汽车,confirmed_rebound,2024-02-05,1.95,2024-02-05,1.95,0.0,10.256410256410255,28.044280442804432,False,-9.7222,2.4724,3,5,3,60.0,25.823603253266942,43.49775784753364,10.0,0.0,历史3/5次成功; 当前距低点0.00%; 最新日涨幅-9.72%; 状态confirmed_rebound; 底部未确认
462,65.1898280731865,59.263480066533184,002326,永太科技,confirmed_rebound,2024-02-05,8.16,2024-02-05,8.16,0.0,10.294117647058822,31.139240506329113,False,-10.0331,2.797,2,3,2,66.66666666666666,27.133405375626396,29.837587006960554,10.0,0.0,历史2/3次成功; 当前距低点0.00%; 最新日涨幅-10.03%; 状态confirmed_rebound; 底部未确认
463,65.10258905196413,63.08998982891503,688317,之江生物,confirmed_rebound,2024-02-05,13.26,2024-02-05,12.83,3.351519875292282,14.341387373343725,31.646244006393175,False,-9.6115,1.5354,2,3,2,66.66666666666666,36.69241117158478,38.96296296296296,6.648480124707719,3.351519875292282,历史2/3次成功; 当前距低点3.35%; 最新日涨幅-9.61%; 状态confirmed_rebound; 底部未确认
464,64.99726488095239,59.08842261904762,603286,日盈电子,bottom_area,2024-02-05,15.49,2024-02-05,15.49,0.0,7.811491284699801,27.413308341143388,False,-9.9942,2.0472,2,3,2,66.66666666666666,15.97718253968253,16.874999999999986,10.0,0.0,历史2/3次成功; 当前距低点0.00%; 最新日涨幅-9.99%; 状态bottom_area; 底部未确认
465,64.96905998392573,59.06278180356884,605086,龙高股份,bottom_area,2024-02-05,17.32,2024-02-05,17.32,0.0,9.122401847575047,27.226890756302524,False,-9.9792,3.9201,2,3,2,66.66666666666666,15.839328693022429,17.79249448123621,10.0,0.0,历史2/3次成功; 当前距低点0.00%; 最新日涨幅-9.98%; 状态bottom_area; 底部未确认
466,64.96830397091723,59.06209451901566,600292,电投水电,confirmed_rebound,2024-02-05,4.49,2024-02-05,4.49,0.0,10.244988864142538,27.346278317152095,False,-10.02,2.4241,2,3,2,66.66666666666666,26.050687378220395,40.524193548387096,10.0,0.0,历史2/3次成功; 当前距低点0.00%; 最新日涨幅-10.02%; 状态confirmed_rebound; 底部未确认
467,64.74532724637682,58.8593884057971,000605,渤海股份,confirmed_rebound,2024-02-05,4.55,2024-02-05,4.55,0.0,12.307692307692319,30.000000000000004,False,-10.0791,3.2488,2,3,2,66.66666666666666,24.960869565217386,29.39999999999999,10.0,0.0,历史2/3次成功; 当前距低点0.00%; 最新日涨幅-10.08%; 状态confirmed_rebound; 底部未确认
468,64.68179487179488,58.801631701631706,002693,双成药业,confirmed_rebound,2024-02-05,4.52,2024-02-05,4.52,0.0,11.061946902654867,31.306990881458972,False,-9.9602,2.4912,2,3,2,66.66666666666666,24.650349650349646,34.61538461538462,10.0,0.0,历史2/3次成功; 当前距低点0.00%; 最新日涨幅-9.96%; 状态confirmed_rebound; 底部未确认
469,64.67397801549455,59.13251753948858,600379,宝光股份,confirmed_rebound,2024-02-05,6.68,2024-02-05,6.66,0.30030030030029387,10.360360360360353,29.374337221633084,False,-9.7297,4.0972,2,3,2,66.66666666666666,17.85234170702464,19.462365591397834,9.699699699699707,0.30030030030029387,历史2/3次成功; 当前距低点0.30%; 最新日涨幅-9.73%; 状态confirmed_rebound; 底部未确认
470,64.63693594896048,59.01555938094849,300629,新劲刚,confirmed_rebound,2024-02-05,13.27,2024-02-05,13.24,0.2265861027190284,14.803625377643497,27.5711159737418,False,-13.268,6.2407,2,3,2,66.66666666666666,16.31994101333986,20.812740252608453,9.773413897280973,0.2265861027190284,历史2/3次成功; 当前距低点0.23%; 最新日涨幅-13.27%; 状态confirmed_rebound; 底部未确认
471,64.47413218005293,64.06412180052955,300666,江丰电子,confirmed_rebound,2024-02-05,35.0,2024-02-05,33.44,4.665071770334936,13.06818181818183,29.122509537939813,False,-7.5541,3.521,1,1,1,100.0,19.14239482200647,19.14239482200647,5.334928229665064,4.665071770334936,历史1/1次成功; 当前距低点4.67%; 最新日涨幅-7.55%; 状态confirmed_rebound; 底部未确认
472,64.39198369409567,63.88718462744893,688239,航宇科技,confirmed_rebound,2024-02-05,27.59,2024-02-05,26.38,4.586808188021232,12.774829416224417,30.211640211640212,False,-7.4782,3.836,1,1,1,100.0,17.23175965665236,17.23175965665236,5.413191811978769,4.586808188021232,历史1/1次成功; 当前距低点4.59%; 最新日涨幅-7.48%; 状态confirmed_rebound; 底部未确认
473,64.31686589452885,63.994512312189244,300438,鹏辉能源,confirmed_rebound,2024-02-05,17.47,2024-02-05,16.68,4.7362110311750545,13.788968824940055,31.611316113161138,False,-8.8205,5.2119,1,1,1,100.0,19.640179910044974,19.640179910044974,5.2637889688249455,4.7362110311750545,历史1/1次成功; 当前距低点4.74%; 最新日涨幅-8.82%; 状态confirmed_rebound; 底部未确认
474,63.943573444153735,58.130521312867025,000695,滨海能源,confirmed_rebound,2024-02-05,6.98,2024-02-05,6.98,0.0,12.60744985673352,32.23300970873787,False,-10.0515,2.0377,2,3,2,66.66666666666666,21.042229280647017,21.910112359550556,10.0,0.0,历史2/3次成功; 当前距低点0.00%; 最新日涨幅-10.05%; 状态confirmed_rebound; 底部未确认
475,63.851207345719146,61.07506789590528,688318,财富趋势,bottom_area,2024-02-05,90.86,2024-02-05,88.5,2.666666666666666,8.47457627118644,27.45306992376424,False,-7.2857,2.5608,2,4,2,50.0,26.693913418845582,31.374999999999996,7.333333333333335,2.666666666666666,历史2/4次成功; 当前距低点2.67%; 最新日涨幅-7.29%; 状态bottom_area; 底部未确认
476,63.77457224157956,57.97688385598141,002660,茂硕电源,confirmed_rebound,2024-02-05,6.39,2024-02-05,6.39,0.0,10.641627543036005,29.702970297029708,False,-10.0,5.0598,2,3,2,66.66666666666666,20.21622144792876,24.71428571428572,10.0,0.0,历史2/3次成功; 当前距低点0.00%; 最新日涨幅-10.00%; 状态confirmed_rebound; 底部未确认
477,63.69246186395527,60.28578020167146,300511,雪榕生物,confirmed_rebound,2024-02-05,3.38,2024-02-05,3.31,2.1148036253776388,20.845921450151057,32.31083844580777,False,-14.6465,5.4808,2,4,2,50.0,25.900712191034756,29.220779220779214,7.885196374622362,2.1148036253776388,历史2/4次成功; 当前距低点2.11%; 最新日涨幅-14.65%; 状态confirmed_rebound; 底部未确认
478,63.654904761904774,57.86809523809524,002079,苏州固锝,confirmed_rebound,2024-02-05,7.08,2024-02-05,7.08,0.0,10.59322033898305,27.97558494404883,False,-10.0381,2.4124,2,3,2,66.66666666666666,19.631336405529957,22.488479262672804,10.0,0.0,历史2/3次成功; 当前距低点0.00%; 最新日涨幅-10.04%; 状态confirmed_rebound; 底部未确认
479,63.55673462728165,57.77884966116513,002112,三变科技,confirmed_rebound,2024-02-05,6.77,2024-02-05,6.77,0.0,10.782865583456433,27.593582887700535,False,-9.9734,4.7373,2,3,2,66.66666666666666,19.151521475798162,21.8550106609808,10.0,0.0,历史2/3次成功; 当前距低点0.00%; 最新日涨幅-9.97%; 状态confirmed_rebound; 底部未确认
480,63.472776895488735,57.7025244504443,002331,皖通科技,confirmed_rebound,2024-02-05,5.4,2024-02-05,5.4,0.0,11.111111111111104,30.680359435173294,False,-10.0,3.4621,3,5,3,60.0,16.51894865830274,21.247892074199,10.0,0.0,历史3/5次成功; 当前距低点0.00%; 最新日涨幅-10.00%; 状态confirmed_rebound; 底部未确认
481,63.38401302513305,63.15518987341775,002340,格林美,confirmed_rebound,2024-02-05,4.14,2024-02-05,3.95,4.8101265822784685,10.886075949367081,28.18181818181818,False,-3.7209,1.7355,1,1,1,100.0,16.033755274261598,16.033755274261598,5.189873417721532,4.8101265822784685,历史1/1次成功; 当前距低点4.81%; 最新日涨幅-3.72%; 状态confirmed_rebound; 底部未确认
482,63.26870725897312,57.51700659906647,000530,冰山冷热,confirmed_rebound,2024-02-05,3.4,2024-02-05,3.4,0.0,10.588235294117645,30.327868852459016,False,-10.0529,4.109,2,3,2,66.66666666666666,17.743763077418315,25.382262996941883,10.0,0.0,历史2/3次成功; 当前距低点0.00%; 最新日涨幅-10.05%; 状态confirmed_rebound; 底部未确认
483,63.19114495961479,57.44649541783162,002115,三维通信,confirmed_rebound,2024-02-05,4.62,2024-02-05,4.62,0.0,10.173160173160166,31.656804733727807,False,-9.9415,3.8235,2,3,2,66.66666666666666,17.364670705187947,20.720720720720706,10.0,0.0,历史2/3次成功; 当前距低点0.00%; 最新日涨幅-9.94%; 状态confirmed_rebound; 底部未确认
484,63.18752974315011,61.44201787179235,688320,禾川科技,confirmed_rebound,2024-02-05,22.88,2024-02-05,22.1,3.529411764705871,13.936651583710399,30.04115226337448,False,-11.7965,2.9164,3,5,3,60.0,27.79073492108457,38.29133374308544,6.470588235294129,3.529411764705871,历史3/5次成功; 当前距低点3.53%; 最新日涨幅-11.80%; 状态confirmed_rebound; 底部未确认
485,63.14527477358658,57.40479524871507,603015,弘讯科技,confirmed_rebound,2024-02-05,5.85,2024-02-05,5.85,0.0,10.085470085470098,29.51807228915664,False,-10.0,2.3966,2,3,2,66.66666666666666,17.140476247571996,23.318385650224208,10.0,0.0,历史2/3次成功; 当前距低点0.00%; 最新日涨幅-10.00%; 状态confirmed_rebound; 底部未确认
486,63.09385644257704,57.35805131143367,000837,秦川机床,confirmed_rebound,2024-02-05,6.24,2024-02-05,6.24,0.0,11.0576923076923,27.01754385964913,False,-9.9567,3.446,2,3,2,66.66666666666666,16.889164756811816,21.915584415584412,10.0,0.0,历史2/3次成功; 当前距低点0.00%; 最新日涨幅-9.96%; 状态confirmed_rebound; 底部未确认
487,62.996756241074806,57.26977840097709,002403,爱仕达,confirmed_rebound,2024-02-05,5.98,2024-02-05,5.98,0.0,10.367892976588616,29.230769230769223,False,-9.9398,3.1922,2,3,2,66.66666666666666,16.4145792167227,21.63892445582587,10.0,0.0,历史2/3次成功; 当前距低点0.00%; 最新日涨幅-9.94%; 状态confirmed_rebound; 底部未确认
488,62.92702763444799,60.9605580208715,300339,润和软件,confirmed_rebound,2024-02-05,17.67,2024-02-05,17.1,3.333333333333335,12.163742690058468,28.361960620025133,False,-7.9208,6.5198,2,3,2,66.66666666666666,25.020921259165775,25.615763546798025,6.666666666666665,3.333333333333335,历史2/3次成功; 当前距低点3.33%; 最新日涨幅-7.92%; 状态confirmed_rebound; 底部未确认
489,62.83744818205946,57.12495289278132,000518,四环生物,confirmed_rebound,2024-02-05,2.21,2024-02-05,2.21,0.0,11.312217194570136,29.166666666666668,False,-9.7959,2.7162,2,3,2,66.66666666666666,15.635947452229296,17.834394904458602,10.0,0.0,历史2/3次成功; 当前距低点0.00%; 最新日涨幅-9.80%; 状态confirmed_rebound; 底部未确认
490,62.78355367436509,60.10835564829361,688339,亿华通,confirmed_rebound,2024-02-05,28.76,2024-02-05,28.0,2.7142857142857197,14.214285714285715,30.50384710846364,False,-11.1248,2.4473,2,3,2,66.66666666666666,12.850862420421358,14.0971239981141,7.285714285714281,2.7142857142857197,历史2/3次成功; 当前距低点2.71%; 最新日涨幅-11.12%; 状态confirmed_rebound; 底部未确认
491,62.77448996795174,57.06771815268339,603192,汇得科技,confirmed_rebound,2024-02-05,12.82,2024-02-05,12.82,0.0,10.530421216848671,29.983615510649912,False,-9.9719,1.1155,2,3,2,66.66666666666666,15.328233795788837,16.917728852838945,10.0,0.0,历史2/3次成功; 当前距低点0.00%; 最新日涨幅-9.97%; 状态confirmed_rebound; 底部未确认
492,62.73355925988606,57.03050841807823,603123,翠微股份,confirmed_rebound,2024-02-05,6.62,2024-02-05,6.62,0.0,11.027190332326278,27.965179542981495,False,-9.932,3.1818,2,3,2,66.66666666666666,15.128181459201945,16.108452950558224,10.0,0.0,历史2/3次成功; 当前距低点0.00%; 最新日涨幅-9.93%; 状态confirmed_rebound; 底部未确认
493,62.72717309985565,57.024702818050585,002177,御银股份,confirmed_rebound,2024-02-05,2.88,2024-02-05,2.88,0.0,10.763888888888891,30.769230769230777,False,-10.0,4.7006,2,3,2,66.66666666666666,15.096968555827523,19.574468085106382,10.0,0.0,历史2/3次成功; 当前距低点0.00%; 最新日涨幅-10.00%; 状态confirmed_rebound; 底部未确认
494,62.62849186793056,58.02366535453618,603169,兰石重装,confirmed_rebound,2024-02-05,4.07,2024-02-05,4.03,0.9925558312655095,10.421836228287837,27.51798561151078,False,-9.1518,1.5751,2,3,2,66.66666666666666,20.37648378040259,22.055137844611526,9.00744416873449,0.9925558312655095,历史2/3次成功; 当前距低点0.99%; 最新日涨幅-9.15%; 状态confirmed_rebound; 底部未确认
495,62.41650082680014,56.74227347890921,002769,普路通,confirmed_rebound,2024-02-05,5.31,2024-02-05,5.31,0.0,11.111111111111125,32.69961977186312,False,-10.0,0.9464,2,3,2,66.66666666666666,13.578531248615864,14.953271028037399,10.0,0.0,历史2/3次成功; 当前距低点0.00%; 最新日涨幅-10.00%; 状态confirmed_rebound; 底部未确认
496,61.95109155024362,56.319174136585104,002374,中锐股份,confirmed_rebound,2024-02-05,2.59,2024-02-05,2.59,0.0,10.810810810810821,28.05555555555556,False,-10.0694,1.5866,2,3,2,66.66666666666666,11.303803601712032,12.068965517241388,10.0,0.0,历史2/3次成功; 当前距低点0.00%; 最新日涨幅-10.07%; 状态confirmed_rebound; 底部未确认
497,61.89032880758117,56.26393527961924,002799,环球印务,confirmed_rebound,2024-02-05,6.4,2024-02-05,6.4,0.0,10.781249999999993,32.13149522799576,False,-9.9859,3.0838,2,3,2,66.66666666666666,11.006820499745029,11.202830188679236,10.0,0.0,历史2/3次成功; 当前距低点0.00%; 最新日涨幅-9.99%; 状态confirmed_rebound; 底部未确认
498,61.5561762843102,56.93767096003404,000547,航天发展,confirmed_rebound,2024-02-05,5.56,2024-02-05,5.51,0.907441016333935,10.889292196007268,27.116402116402117,False,-9.1503,2.344,2,3,2,66.66666666666666,13.494461347358822,14.656084656084673,9.092558983666066,0.907441016333935,历史2/3次成功; 当前距低点0.91%; 最新日涨幅-9.15%; 状态confirmed_rebound; 底部未确认
499,61.47938997835235,59.4599939571656,605319,无锡振华,confirmed_rebound,2024-02-05,15.9,2024-02-05,15.4,3.2467532467532463,14.025974025974014,31.646693297825124,False,-7.0175,5.0955,2,3,2,66.66666666666666,15.892068242453373,17.248790972595383,6.753246753246754,3.2467532467532463,历史2/3次成功; 当前距低点3.25%; 最新日涨幅-7.02%; 状态confirmed_rebound; 底部未确认
500,61.16000000000001,55.60000000000001,000757,浩物股份,bottom_area,2024-02-05,3.13,2024-02-05,3.13,0.0,8.945686900958474,31.208791208791208,False,-10.0575,2.5983,1,2,1,50.0,52.941176470588246,52.941176470588246,10.0,0.0,历史1/2次成功; 当前距低点0.00%; 最新日涨幅-10.06%; 状态bottom_area; 底部未确认
501,61.01540258500517,55.708259597092805,603050,科林电气,bottom_area,2024-02-05,13.31,2024-02-05,13.28,0.2259036144578399,8.734939759036147,27.153044432254532,False,-9.7627,3.5452,1,2,1,50.0,41.09311740890686,41.09311740890686,9.77409638554216,0.2259036144578399,历史1/2次成功; 当前距低点0.23%; 最新日涨幅-9.76%; 状态bottom_area; 底部未确认
502,60.99282111925806,56.487034822325114,688056,莱伯泰科,confirmed_rebound,2024-02-05,19.72,2024-02-05,19.53,0.9728622631848322,15.616999487967215,32.37534626038781,False,-12.8205,1.3693,2,4,2,50.0,31.318068722508198,33.63914373088685,9.027137736815169,0.9728622631848322,历史2/4次成功; 当前距低点0.97%; 最新日涨幅-12.82%; 状态confirmed_rebound; 底部未确认
503,60.512388337025065,57.77876915136889,603313,梦百合,confirmed_rebound,2024-02-05,8.37,2024-02-05,8.16,2.5735294117646945,10.294117647058822,28.421052631578945,False,-7.7178,1.4855,2,4,2,50.0,18.0452484418946,25.52486187845302,7.426470588235307,2.5735294117646945,历史2/4次成功; 当前距低点2.57%; 最新日涨幅-7.72%; 状态confirmed_rebound; 底部未确认
504,59.531918485352826,56.11187643020597,300337,银邦股份,confirmed_rebound,2024-02-05,4.84,2024-02-05,4.75,1.8947368421052602,16.84210526315789,30.35190615835777,False,-12.9496,4.9459,1,2,1,50.0,34.09610983981694,34.09610983981694,8.10526315789474,1.8947368421052602,历史1/2次成功; 当前距低点1.89%; 最新日涨幅-12.95%; 状态confirmed_rebound; 底部未确认
505,59.52636956781441,58.52961187243909,300434,金石亚药,confirmed_rebound,2024-02-05,7.34,2024-02-05,7.05,4.113475177304965,14.042553191489352,29.500000000000004,False,-9.2707,1.9561,2,3,2,66.66666666666666,21.514347365740548,26.7379679144385,5.886524822695035,4.113475177304965,历史2/3次成功; 当前距低点4.11%; 最新日涨幅-9.27%; 状态confirmed_rebound; 底部未确认
506,59.366093358505395,54.59742006615216,000762,西藏矿业,confirmed_rebound,2024-02-05,18.25,2024-02-05,18.14,0.6063947078280013,10.363836824696797,30.84254670224933,False,-9.4742,4.5895,1,2,1,50.0,71.15671641791043,71.15671641791043,9.393605292172,0.6063947078280013,历史1/2次成功; 当前距低点0.61%; 最新日涨幅-9.47%; 状态confirmed_rebound; 底部未确认
507,59.359170602927286,55.670182599355535,600935,华塑股份,confirmed_rebound,2024-02-05,2.49,2024-02-05,2.45,1.632653061224491,10.20408163265306,28.3625730994152,False,-8.1181,0.9446,1,2,1,50.0,28.50877192982458,28.50877192982458,8.367346938775508,1.632653061224491,历史1/2次成功; 当前距低点1.63%; 最新日涨幅-8.12%; 状态confirmed_rebound; 底部未确认
508,59.07000000000001,53.7,002426,胜利精密,confirmed_rebound,2024-02-05,1.45,2024-02-05,1.45,0.0,11.0344827586207,31.603773584905664,False,-9.9379,2.2375,1,2,1,50.0,51.31578947368419,51.31578947368419,10.0,0.0,历史1/2次成功; 当前距低点0.00%; 最新日涨幅-9.94%; 状态confirmed_rebound; 底部未确认
509,59.07000000000001,53.7,002577,雷柏科技,confirmed_rebound,2024-02-05,10.77,2024-02-05,10.77,0.0,10.956360259981428,30.872913992297825,False,-10.0251,2.4085,1,2,1,50.0,50.0,50.0,10.0,0.0,历史1/2次成功; 当前距低点0.00%; 最新日涨幅-10.03%; 状态confirmed_rebound; 底部未确认
510,59.07000000000001,53.7,605299,舒华体育,confirmed_rebound,2024-02-05,6.53,2024-02-05,6.53,0.0,11.33231240428789,31.335436382754988,False,-10.0551,1.6452,1,2,1,50.0,56.12903225806454,56.12903225806454,10.0,0.0,历史1/2次成功; 当前距低点0.00%; 最新日涨幅-10.06%; 状态confirmed_rebound; 底部未确认
511,59.059004200514195,58.48685023086445,002812,恩捷股份,bottom_area,2024-02-05,38.64,2024-02-05,36.98,4.488912925905905,8.923742563547876,32.41959064327486,False,-4.3564,2.493,2,3,2,66.66666666666666,15.671532447651856,16.39800995024876,5.511087074094095,4.488912925905905,历史2/3次成功; 当前距低点4.49%; 最新日涨幅-4.36%; 状态bottom_area; 底部未确认
512,58.72717546405929,55.38327935222674,002106,莱宝高科,confirmed_rebound,2024-02-05,6.89,2024-02-05,6.76,1.9230769230769214,10.94674556213018,27.467811158798288,False,-8.2557,3.1518,1,2,1,50.0,30.526315789473674,30.526315789473674,8.076923076923078,1.9230769230769214,历史1/2次成功; 当前距低点1.92%; 最新日涨幅-8.26%; 状态confirmed_rebound; 底部未确认
513,58.369119189454196,53.06283562677654,300693,盛弘股份,confirmed_rebound,2024-02-05,23.58,2024-02-05,23.58,0.0,11.026293469041567,28.241022519780895,False,-11.0524,5.8135,2,4,2,50.0,13.24105175686306,14.598108747044908,10.0,0.0,历史2/4次成功; 当前距低点0.00%; 最新日涨幅-11.05%; 状态confirmed_rebound; 底部未确认
514,57.984776891214295,54.355840220385666,600189,泉阳泉,bottom_area,2024-02-05,6.95,2024-02-05,6.84,1.6081871345029288,9.649122807017546,29.55715756951597,False,-8.3113,3.903,1,2,1,50.0,10.92745638200183,10.92745638200183,8.391812865497073,1.6081871345029288,历史1/2次成功; 当前距低点1.61%; 最新日涨幅-8.31%; 状态bottom_area; 底部未确认
515,57.42874852117979,56.685165929419945,688047,龙芯中科,confirmed_rebound,2024-02-05,70.82,2024-02-05,67.89,4.31580497864191,12.50552364118426,29.126213592233015,False,-6.5946,1.4789,2,3,2,66.66666666666666,14.078143086326994,16.304347826086957,5.68419502135809,4.31580497864191,历史2/3次成功; 当前距低点4.32%; 最新日涨幅-6.59%; 状态confirmed_rebound; 底部未确认
516,57.42249359417885,52.324985767000534,000503,国新健康,confirmed_rebound,2024-02-05,8.14,2024-02-05,8.13,0.12300123001229749,11.070110701106993,30.094582975064487,False,-9.856,3.4627,1,2,1,50.0,31.85714285714286,31.85714285714286,9.876998769987704,0.12300123001229749,历史1/2次成功; 当前距低点0.12%; 最新日涨幅-9.86%; 状态confirmed_rebound; 底部未确认
517,57.14102838684226,57.076068557134164,688097,博众精工,confirmed_rebound,2024-02-05,19.33,2024-02-05,18.42,4.940282301845801,12.214983713355048,32.154696132596676,False,-5.7073,5.1431,2,3,2,66.66666666666666,23.834653433741472,36.461661341853045,5.0597176981542,4.940282301845801,历史2/3次成功; 当前距低点4.94%; 最新日涨幅-5.71%; 状态confirmed_rebound; 底部未确认
518,56.602934459281855,53.11751561360336,688108,赛诺医疗,confirmed_rebound,2024-02-05,7.94,2024-02-05,7.81,1.6645326504481535,13.572343149807933,30.454140694568128,False,-10.5856,3.8251,1,2,1,50.0,15.175537938844846,15.175537938844846,8.335467349551848,1.6645326504481535,历史1/2次成功; 当前距低点1.66%; 最新日涨幅-10.59%; 状态confirmed_rebound; 底部未确认
519,56.508139813066414,55.224926561818144,688027,国盾量子,confirmed_rebound,2024-02-05,74.41,2024-02-05,71.69,3.7941135444273946,13.390988980331997,30.37101787101787,False,-8.7106,1.5499,2,4,2,50.0,19.276910984476316,26.382393397524062,6.205886455572606,3.7941135444273946,历史2/4次成功; 当前距低点3.79%; 最新日涨幅-8.71%; 状态confirmed_rebound; 底部未确认
520,56.2129137037607,55.78813098055847,300639,凯普生物,confirmed_rebound,2024-02-05,5.91,2024-02-05,5.65,4.60176991150442,14.159292035398227,28.299492385786795,False,-8.2298,1.5468,2,3,2,66.66666666666666,12.760751140440224,15.373134328358212,5.39823008849558,4.60176991150442,历史2/3次成功; 当前距低点4.60%; 最新日涨幅-8.23%; 状态confirmed_rebound; 底部未确认
521,56.11528857479387,51.01389870435806,002009,天奇股份,bottom_area,2024-02-05,8.1,2024-02-05,8.1,0.0,9.876543209876552,29.195804195804197,False,-10.0,3.4205,1,3,1,33.33333333333333,44.78798586572438,44.78798586572438,10.0,0.0,历史1/3次成功; 当前距低点0.00%; 最新日涨幅-10.00%; 状态bottom_area; 底部未确认
522,55.80617901425212,50.86322897677738,600081,东风科技,bottom_area,2024-02-05,7.45,2024-02-05,7.44,0.13440860215053477,9.946236559139775,30.72625698324022,False,-9.9154,2.0072,1,2,1,50.0,13.923013923013915,13.923013923013915,9.865591397849466,0.13440860215053477,历史1/2次成功; 当前距低点0.13%; 最新日涨幅-9.92%; 状态bottom_area; 底部未确认
523,55.78612565445028,50.714659685863886,002298,中电鑫龙,bottom_area,2024-02-05,3.5,2024-02-05,3.5,0.0,9.71428571428571,29.57746478873239,False,-10.0257,2.8029,1,2,1,50.0,23.734729493891784,23.734729493891784,10.0,0.0,历史1/2次成功; 当前距低点0.00%; 最新日涨幅-10.03%; 状态bottom_area; 底部未确认
524,55.7308503937008,50.6644094488189,002451,摩恩电气,bottom_area,2024-02-05,4.73,2024-02-05,4.73,0.0,9.725158562367863,31.249999999999993,False,-9.9048,3.958,1,2,1,50.0,23.464566929133863,23.464566929133863,10.0,0.0,历史1/2次成功; 当前距低点0.00%; 最新日涨幅-9.90%; 状态bottom_area; 底部未确认
525,55.701437770295854,51.20483421834123,002864,盘龙药业,bottom_area,2024-02-05,24.13,2024-02-05,23.99,0.5835764902042542,9.629012088370164,29.00266350991418,False,-9.4899,5.557,1,2,1,50.0,21.26553019358567,21.26553019358567,9.416423509795745,0.5835764902042542,历史1/2次成功; 当前距低点0.58%; 最新日涨幅-9.49%; 状态bottom_area; 底部未确认
526,55.50850399227701,52.33786538933922,300657,弘信电子,confirmed_rebound,2024-02-05,11.72,2024-02-05,11.5,1.913043478260875,12.78260869565218,29.620563035495717,False,-10.8067,4.4947,1,3,1,33.33333333333333,33.47457627118643,33.47457627118643,8.086956521739125,1.913043478260875,历史1/3次成功; 当前距低点1.91%; 最新日涨幅-10.81%; 状态confirmed_rebound; 底部未确认
527,55.28174789915966,50.256134453781506,688068,热景生物,confirmed_rebound,2024-02-05,24.56,2024-02-05,24.56,0.0,12.540716612377858,29.078833381461173,False,-11.1754,1.9663,1,2,1,50.0,31.484593837534998,31.484593837534998,10.0,0.0,历史1/2次成功; 当前距低点0.00%; 最新日涨幅-11.18%; 状态confirmed_rebound; 底部未确认
528,55.23942017244173,52.234470838794245,002651,利君股份,confirmed_rebound,2024-02-05,4.45,2024-02-05,4.36,2.0642201834862353,10.779816513761462,29.105691056910565,False,-8.0579,2.6677,1,2,1,50.0,15.327380952380956,15.327380952380956,7.935779816513766,2.0642201834862353,历史1/2次成功; 当前距低点2.06%; 最新日涨幅-8.06%; 状态confirmed_rebound; 底部未确认
529,55.16557905968612,52.671390644753494,300451,创业慧康,confirmed_rebound,2024-02-05,3.59,2024-02-05,3.5,2.571428571428567,15.714285714285708,31.10236220472441,False,-12.2249,5.3624,1,2,1,50.0,23.89380530973452,23.89380530973452,7.428571428571433,2.571428571428567,历史1/2次成功; 当前距低点2.57%; 最新日涨幅-12.22%; 状态confirmed_rebound; 底部未确认
530,54.99412793748074,52.8360363134118,688236,春立医疗,confirmed_rebound,2024-02-05,15.62,2024-02-05,15.18,2.898550724637678,17.127799736495398,29.91689750692521,False,-11.6516,2.2048,1,2,1,50.0,28.788881535407025,28.788881535407025,7.101449275362323,2.898550724637678,历史1/2次成功; 当前距低点2.90%; 最新日涨幅-11.65%; 状态confirmed_rebound; 底部未确认
531,54.871343279563874,53.8549546484531,300540,蜀道装备,confirmed_rebound,2024-02-05,15.79,2024-02-05,15.18,4.018445322793145,16.600790513833992,30.87431693989072,False,-10.0797,2.7891,2,4,2,50.0,14.661344002265974,18.695652173913043,5.981554677206856,4.018445322793145,历史2/4次成功; 当前距低点4.02%; 最新日涨幅-10.08%; 状态confirmed_rebound; 底部未确认
532,54.83127490039841,49.84661354581674,600319,亚星化学,confirmed_rebound,2024-02-05,3.58,2024-02-05,3.58,0.0,10.614525139664801,30.620155038759687,False,-10.0503,2.425,1,2,1,50.0,29.282868525896426,29.282868525896426,10.0,0.0,历史1/2次成功; 当前距低点0.00%; 最新日涨幅-10.05%; 状态confirmed_rebound; 底部未确认
533,54.80803921568628,49.825490196078434,603117,万林物流,bottom_area,2024-02-05,2.61,2024-02-05,2.61,0.0,3.065134099616861,28.68852459016394,False,-5.0909,0.0849,1,2,1,50.0,18.954248366013076,18.954248366013076,10.0,0.0,历史1/2次成功; 当前距低点0.00%; 最新日涨幅-5.09%; 状态bottom_area; 底部未确认
534,54.67000000000001,49.7,603121,华培动力,bottom_area,2024-02-05,5.97,2024-02-05,5.97,0.0,9.212730318257954,29.265402843601894,False,-9.9548,2.3411,1,2,1,50.0,18.279569892473123,18.279569892473123,10.0,0.0,历史1/2次成功; 当前距低点0.00%; 最新日涨幅-9.95%; 状态bottom_area; 底部未确认
535,54.649919632606206,49.68174512055109,001319,铭科精技,confirmed_rebound,2024-02-05,15.75,2024-02-05,15.75,0.0,10.920634920634914,28.37653478854024,False,-10.0,2.7701,1,2,1,50.0,28.396479142747793,28.396479142747793,10.0,0.0,历史1/2次成功; 当前距低点0.00%; 最新日涨幅-10.00%; 状态confirmed_rebound; 底部未确认
536,54.55106382978724,49.59187620889749,000779,甘咨询,bottom_area,2024-02-05,7.16,2024-02-05,7.16,0.0,9.776536312849164,27.08757637474542,False,-10.0503,1.7333,1,2,1,50.0,17.69825918762089,17.69825918762089,10.0,0.0,历史1/2次成功; 当前距低点0.00%; 最新日涨幅-10.05%; 状态bottom_area; 底部未确认
537,54.543323219406844,49.943283911746036,001236,弘业期货,bottom_area,2024-02-05,7.98,2024-02-05,7.95,0.37735849056604087,9.937106918238994,30.869565217391305,False,-9.6263,3.3227,1,2,1,50.0,11.955168119551693,11.955168119551693,9.62264150943396,0.37735849056604087,历史1/2次成功; 当前距低点0.38%; 最新日涨幅-9.63%; 状态bottom_area; 底部未确认
538,54.49600961538462,49.541826923076925,002329,皇氏集团,confirmed_rebound,2024-02-05,3.63,2024-02-05,3.63,0.0,10.468319559228648,31.76691729323309,False,-9.9256,4.4699,1,2,1,50.0,27.644230769230756,27.644230769230756,10.0,0.0,历史1/2次成功; 当前距低点0.00%; 最新日涨幅-9.93%; 状态confirmed_rebound; 底部未确认
539,54.47777555110221,49.525250501002006,603269,海鸥股份,confirmed_rebound,2024-02-05,8.55,2024-02-05,8.55,0.0,11.461988304093552,31.545236188951158,False,-10.0,2.6087,1,2,1,50.0,27.55511022044088,27.55511022044088,10.0,0.0,历史1/2次成功; 当前距低点0.00%; 最新日涨幅-10.00%; 状态confirmed_rebound; 底部未确认
540,54.32575297113755,51.55956896551726,688189,南新制药,confirmed_rebound,2024-02-05,5.89,2024-02-05,5.76,2.256944444444443,16.666666666666664,31.59144893111639,False,-12.8698,3.0173,1,2,1,50.0,14.06130268199233,14.06130268199233,7.743055555555557,2.256944444444443,历史1/2次成功; 当前距低点2.26%; 最新日涨幅-12.87%; 状态confirmed_rebound; 底部未确认
541,54.27060638297873,49.33691489361702,688160,步科股份,confirmed_rebound,2024-02-05,30.74,2024-02-05,30.74,0.0,16.460637605725438,32.380114386273654,False,-14.9889,2.8624,1,2,1,50.0,26.542553191489354,26.542553191489354,10.0,0.0,历史1/2次成功; 当前距低点0.00%; 最新日涨幅-14.99%; 状态confirmed_rebound; 底部未确认
542,54.07577958384405,51.45174080289633,002218,拓日新能,confirmed_rebound,2024-02-05,3.0,2024-02-05,2.93,2.3890784982935096,10.921501706484635,28.186274509803923,False,-7.6923,1.457,1,2,1,50.0,15.10128913443831,15.10128913443831,7.610921501706491,2.3890784982935096,历史1/2次成功; 当前距低点2.39%; 最新日涨幅-7.69%; 状态confirmed_rebound; 底部未确认
543,54.04535621234326,51.25951310861423,301372,科净源,confirmed_rebound,2024-02-05,27.6,2024-02-05,27.0,2.2222222222222276,16.370370370370377,32.296890672016055,False,-12.2417,8.3638,1,2,1,50.0,12.022471910112362,12.022471910112362,7.777777777777772,2.2222222222222276,历史1/2次成功; 当前距低点2.22%; 最新日涨幅-12.24%; 状态confirmed_rebound; 底部未确认
544,54.04063505350619,51.68107400379505,300503,昊志机电,confirmed_rebound,2024-02-05,10.82,2024-02-05,10.54,2.6565464895635786,18.59582542694498,31.06605624591236,False,-11.4566,8.2788,1,2,1,50.0,19.61290322580645,19.61290322580645,7.343453510436422,2.6565464895635786,历史1/2次成功; 当前距低点2.66%; 最新日涨幅-11.46%; 状态confirmed_rebound; 底部未确认
545,53.99150066442421,51.20843361986627,300375,鹏翎股份,confirmed_rebound,2024-02-05,3.22,2024-02-05,3.15,2.222222222222231,15.873015873015872,31.222707423580786,False,-12.0219,5.8165,1,2,1,50.0,11.74785100286532,11.74785100286532,7.77777777777777,2.222222222222231,历史1/2次成功; 当前距低点2.22%; 最新日涨幅-12.02%; 状态confirmed_rebound; 底部未确认
546,53.92214132762313,49.02012847965739,000514,渝开发,confirmed_rebound,2024-02-05,3.16,2024-02-05,3.16,0.0,10.759493670886071,29.621380846325167,False,-9.9715,2.6163,1,2,1,50.0,24.839400428265527,24.839400428265527,10.0,0.0,历史1/2次成功; 当前距低点0.00%; 最新日涨幅-9.97%; 状态confirmed_rebound; 底部未确认
547,53.77012048192772,48.88192771084338,002114,罗平锌电,confirmed_rebound,2024-02-05,4.91,2024-02-05,4.91,0.0,10.590631364562109,29.656160458452725,False,-10.0733,3.3053,1,2,1,50.0,24.096385542168683,24.096385542168683,10.0,0.0,历史1/2次成功; 当前距低点0.00%; 最新日涨幅-10.07%; 状态confirmed_rebound; 底部未确认
548,53.72999431171787,48.84544937428897,000753,漳州发展,confirmed_rebound,2024-02-05,2.84,2024-02-05,2.84,0.0,10.915492957746482,29.353233830845767,False,-10.1266,2.046,1,3,1,33.33333333333333,43.344709897610926,43.344709897610926,10.0,0.0,历史1/3次成功; 当前距低点0.00%; 最新日涨幅-10.13%; 状态confirmed_rebound; 底部未确认
549,53.71069833766769,51.325266176539174,301486,致尚科技,confirmed_rebound,2024-02-05,26.68,2024-02-05,26.0,2.615384615384614,15.230769230769234,32.74702534919813,False,-11.7433,5.4107,1,2,1,50.0,17.19539300868862,17.19539300868862,7.384615384615387,2.615384615384614,历史1/2次成功; 当前距低点2.62%; 最新日涨幅-11.74%; 状态confirmed_rebound; 底部未确认
550,53.43483942413444,50.94312694122192,601022,宁波远洋,confirmed_rebound,2024-02-05,7.81,2024-02-05,7.62,2.4934383202099673,11.286089238845149,27.70398481973434,False,-7.6832,12.551,1,2,1,50.0,13.646055437100205,13.646055437100205,7.506561679790033,2.4934383202099673,历史1/2次成功; 当前距低点2.49%; 最新日涨幅-7.68%; 状态confirmed_rebound; 底部未确认
551,53.36329048843188,48.5120822622108,002599,盛通股份,confirmed_rebound,2024-02-05,4.33,2024-02-05,4.33,0.0,10.161662817551951,27.712854757929883,False,-9.9792,4.3976,1,2,1,50.0,22.107969151670947,22.107969151670947,10.0,0.0,历史1/2次成功; 当前距低点0.00%; 最新日涨幅-9.98%; 状态confirmed_rebound; 底部未确认
552,53.16417021276596,48.33106382978723,603038,华立股份,confirmed_rebound,2024-02-05,8.89,2024-02-05,8.89,0.0,12.260967379077613,31.615384615384613,False,-10.0202,5.135,1,2,1,50.0,21.134751773049636,21.134751773049636,10.0,0.0,历史1/2次成功; 当前距低点0.00%; 最新日涨幅-10.02%; 状态confirmed_rebound; 底部未确认
553,52.95900990099011,48.14455445544555,600130,波导股份,confirmed_rebound,2024-02-05,2.97,2024-02-05,2.97,0.0,10.437710437710424,29.787234042553195,False,-10.0,3.3948,1,2,1,50.0,20.13201320132014,20.13201320132014,10.0,0.0,历史1/2次成功; 当前距低点0.00%; 最新日涨幅-10.00%; 状态confirmed_rebound; 底部未确认
554,52.79150214592275,47.992274678111585,000573,粤宏远A,confirmed_rebound,2024-02-05,2.54,2024-02-05,2.54,0.0,10.236220472440936,30.978260869565222,False,-9.9291,3.617,1,2,1,50.0,19.31330472103003,19.31330472103003,10.0,0.0,历史1/2次成功; 当前距低点0.00%; 最新日涨幅-9.93%; 状态confirmed_rebound; 底部未确认
555,52.65823943661973,47.871126760563385,002196,方正电机,confirmed_rebound,2024-02-05,4.37,2024-02-05,4.37,0.0,10.068649885583513,29.629629629629626,False,-9.8969,4.5425,1,2,1,50.0,18.661971830985923,18.661971830985923,10.0,0.0,历史1/2次成功; 当前距低点0.00%; 最新日涨幅-9.90%; 状态confirmed_rebound; 底部未确认
556,52.602358592153635,51.04053084298042,300593,新雷能,confirmed_rebound,2024-02-05,8.17,2024-02-05,7.9,3.4177215189873364,15.822784810126581,32.47863247863248,False,-10.121,3.6498,1,2,1,50.0,25.499655410062033,25.499655410062033,6.582278481012664,3.4177215189873364,历史1/2次成功; 当前距低点3.42%; 最新日涨幅-10.12%; 状态confirmed_rebound; 底部未确认
557,52.45971645049959,50.26686656671665,002324,普利特,confirmed_rebound,2024-02-05,7.45,2024-02-05,7.25,2.758620689655175,11.586206896551722,27.500000000000004,False,-7.4534,2.962,1,2,1,50.0,13.260869565217392,13.260869565217392,7.241379310344826,2.758620689655175,历史1/2次成功; 当前距低点2.76%; 最新日涨幅-7.45%; 状态confirmed_rebound; 底部未确认
558,52.42048219857088,50.92325155457318,300346,南大光电,confirmed_rebound,2024-02-05,17.55,2024-02-05,16.96,3.47877358490566,13.679245283018867,29.538845035313667,False,-9.0202,3.1696,1,2,1,50.0,25.61750176429076,25.61750176429076,6.5212264150943415,3.47877358490566,历史1/2次成功; 当前距低点3.48%; 最新日涨幅-9.02%; 状态confirmed_rebound; 底部未确认
559,52.38918367346939,47.6265306122449,000710,贝瑞基因,confirmed_rebound,2024-02-05,7.0,2024-02-05,7.0,0.0,11.285714285714286,31.37254901960784,False,-10.0257,2.8829,1,2,1,50.0,17.3469387755102,17.3469387755102,10.0,0.0,历史1/2次成功; 当前距低点0.00%; 最新日涨幅-10.03%; 状态confirmed_rebound; 底部未确认
560,52.38881415929204,47.626194690265486,002369,卓翼科技,confirmed_rebound,2024-02-05,3.38,2024-02-05,3.38,0.0,10.35502958579882,31.300813008130085,False,-9.8667,3.0928,1,2,1,50.0,17.345132743362825,17.345132743362825,10.0,0.0,历史1/2次成功; 当前距低点0.00%; 最新日涨幅-9.87%; 状态confirmed_rebound; 底部未确认
561,52.37238691379574,50.25921535893156,002153,石基信息,confirmed_rebound,2024-02-05,6.16,2024-02-05,5.99,2.8380634390651074,11.853088480801334,27.21749696233293,False,-7.3684,2.0858,1,2,1,50.0,14.193548387096769,14.193548387096769,7.161936560934894,2.8380634390651074,历史1/2次成功; 当前距低点2.84%; 最新日涨幅-7.37%; 状态confirmed_rebound; 底部未确认
562,52.34287937743191,47.58443579766537,605138,盛泰集团,confirmed_rebound,2024-02-05,5.27,2024-02-05,5.27,0.0,13.472485768500967,27.609890109890117,False,-9.9145,1.2708,1,2,1,50.0,17.120622568093385,17.120622568093385,10.0,0.0,历史1/2次成功; 当前距低点0.00%; 最新日涨幅-9.91%; 状态confirmed_rebound; 底部未确认
563,52.270801852943805,51.80779197228195,002472,双环传动,bottom_area,2024-02-05,18.91,2024-02-05,18.09,4.532891100055281,8.347153123272536,29.142185663924796,False,-2.7263,2.4184,1,2,1,50.0,22.86442838929026,22.86442838929026,5.46710889994472,4.532891100055281,历史1/2次成功; 当前距低点4.53%; 最新日涨幅-2.73%; 状态bottom_area; 底部未确认
564,52.144099378882,47.40372670807454,002296,辉煌科技,confirmed_rebound,2024-02-05,5.35,2024-02-05,5.35,0.0,10.093457943925236,30.789133247089275,False,-9.9327,5.5252,1,2,1,50.0,16.149068322981353,16.149068322981353,10.0,0.0,历史1/2次成功; 当前距低点0.00%; 最新日涨幅-9.93%; 状态confirmed_rebound; 底部未确认
565,52.032184458694886,50.206493775933644,002487,大金重工,confirmed_rebound,2024-02-05,16.83,2024-02-05,16.32,3.124999999999988,10.355392156862752,28.515111695137968,False,-6.6038,2.9808,1,2,1,50.0,17.427385892116188,17.427385892116188,6.875000000000013,3.124999999999988,历史1/2次成功; 当前距低点3.12%; 最新日涨幅-6.60%; 状态confirmed_rebound; 底部未确认
566,51.997310924369756,47.27028265851796,002346,柘中股份,confirmed_rebound,2024-02-05,7.7,2024-02-05,7.7,0.0,10.000000000000005,27.289896128423035,False,-10.0467,0.9632,1,2,1,50.0,15.431627196333075,15.431627196333075,10.0,0.0,历史1/2次成功; 当前距低点0.00%; 最新日涨幅-10.05%; 状态confirmed_rebound; 底部未确认
567,51.92238504672898,47.202168224299065,603258,电魂网络,confirmed_rebound,2024-02-05,15.51,2024-02-05,15.51,0.0,11.99226305609285,29.819004524886882,False,-9.9826,2.3217,1,2,1,50.0,15.065420560747667,15.065420560747667,10.0,0.0,历史1/2次成功; 当前距低点0.00%; 最新日涨幅-9.98%; 状态confirmed_rebound; 底部未确认
568,51.75698795180723,47.05180722891566,002575,群兴玩具,confirmed_rebound,2024-02-05,4.89,2024-02-05,4.89,0.0,10.224948875255624,31.029619181946405,False,-9.9448,2.8514,1,2,1,50.0,14.257028112449795,14.257028112449795,10.0,0.0,历史1/2次成功; 当前距低点0.00%; 最新日涨幅-9.94%; 状态confirmed_rebound; 底部未确认
569,51.60416666666667,46.91287878787879,000890,法尔胜,confirmed_rebound,2024-02-05,3.06,2024-02-05,3.06,0.0,11.111111111111107,30.769230769230766,False,-10.0,1.9323,1,3,1,33.33333333333333,32.954545454545446,32.954545454545446,10.0,0.0,历史1/3次成功; 当前距低点0.00%; 最新日涨幅-10.00%; 状态confirmed_rebound; 底部未确认
570,51.60135869565219,46.91032608695653,002782,可立克,confirmed_rebound,2024-02-05,8.48,2024-02-05,8.48,0.0,10.023584905660373,28.978224455611386,False,-9.9788,2.4105,1,2,1,50.0,13.496376811594205,13.496376811594205,10.0,0.0,历史1/2次成功; 当前距低点0.00%; 最新日涨幅-9.98%; 状态confirmed_rebound; 底部未确认
571,51.42354378818738,46.74867617107943,002748,世龙实业,confirmed_rebound,2024-02-05,6.58,2024-02-05,6.58,0.0,10.182370820668691,29.700854700854695,False,-9.9863,2.8608,1,2,1,50.0,12.627291242362526,12.627291242362526,10.0,0.0,历史1/2次成功; 当前距低点0.00%; 最新日涨幅-9.99%; 状态confirmed_rebound; 底部未确认
572,51.322426614481415,46.65675146771037,603002,宏昌电子,confirmed_rebound,2024-02-05,4.04,2024-02-05,4.04,0.0,11.138613861386142,29.493891797556728,False,-10.0223,1.2631,1,2,1,50.0,12.133072407045011,12.133072407045011,10.0,0.0,历史1/2次成功; 当前距低点0.00%; 最新日涨幅-10.02%; 状态confirmed_rebound; 底部未确认
573,51.29569637883009,46.6324512534819,002813,路畅科技,bottom_area,2024-02-05,21.92,2024-02-05,21.92,0.0,9.990875912408747,30.302066772655,False,-9.9795,1.3223,1,3,1,33.33333333333333,21.23181677499226,21.23181677499226,10.0,0.0,历史1/3次成功; 当前距低点0.00%; 最新日涨幅-9.98%; 状态bottom_area; 底部未确认
574,51.28298507462687,46.62089552238806,002291,遥望科技,confirmed_rebound,2024-02-05,5.28,2024-02-05,5.28,0.0,12.31060606060605,29.599999999999998,False,-10.0511,4.5616,1,2,1,50.0,11.940298507462684,11.940298507462684,10.0,0.0,历史1/2次成功; 当前距低点0.00%; 最新日涨幅-10.05%; 状态confirmed_rebound; 底部未确认
575,51.20076923076924,46.54615384615385,000158,常山北明,confirmed_rebound,2024-02-05,6.35,2024-02-05,6.35,0.0,10.551181102362204,32.804232804232804,False,-10.0567,5.5584,1,2,1,50.0,11.538461538461533,11.538461538461533,10.0,0.0,历史1/2次成功; 当前距低点0.00%; 最新日涨幅-10.06%; 状态confirmed_rebound; 底部未确认
576,51.11493132491112,49.453791160296035,300389,艾比森,confirmed_rebound,2024-02-05,11.7,2024-02-05,11.33,3.265666372462482,15.35745807590468,29.40809968847352,False,-10.8911,3.3325,1,2,1,50.0,15.104895104895105,15.104895104895105,6.734333627537518,3.265666372462482,历史1/2次成功; 当前距低点3.27%; 最新日涨幅-10.89%; 状态confirmed_rebound; 底部未确认
577,51.078426103646834,46.43493282149712,002524,光正眼科,confirmed_rebound,2024-02-05,4.07,2024-02-05,4.07,0.0,11.793611793611781,29.58477508650519,False,-9.9558,2.8066,1,2,1,50.0,10.940499040307108,10.940499040307108,10.0,0.0,历史1/2次成功; 当前距低点0.00%; 最新日涨幅-9.96%; 状态confirmed_rebound; 底部未确认
578,51.02574430823118,46.387040280210165,002587,奥拓电子,confirmed_rebound,2024-02-05,4.45,2024-02-05,4.45,0.0,11.235955056179774,29.58860759493671,False,-9.919,5.0413,1,2,1,50.0,10.683012259194403,10.683012259194403,10.0,0.0,历史1/2次成功; 当前距低点0.00%; 最新日涨幅-9.92%; 状态confirmed_rebound; 底部未确认
579,50.993684210526325,46.35789473684211,000920,沃顿科技,confirmed_rebound,2024-02-05,6.87,2024-02-05,6.87,0.0,10.189228529839886,27.224576271186436,False,-9.9607,2.6007,1,2,1,50.0,10.526315789473678,10.526315789473678,10.0,0.0,历史1/2次成功; 当前距低点0.00%; 最新日涨幅-9.96%; 状态confirmed_rebound; 底部未确认
580,50.933581395348845,46.30325581395349,002828,贝肯能源,confirmed_rebound,2024-02-05,7.15,2024-02-05,7.15,0.0,11.46853146853146,29.417571569595264,False,-9.9496,4.2073,1,2,1,50.0,10.232558139534893,10.232558139534893,10.0,0.0,历史1/2次成功; 当前距低点0.00%; 最新日涨幅-9.95%; 状态confirmed_rebound; 底部未确认
581,50.917000000000016,46.288181818181826,000546,金圆股份,confirmed_rebound,2024-02-05,4.93,2024-02-05,4.93,0.0,12.170385395537537,32.18707015130674,False,-10.0365,4.2509,1,2,1,50.0,10.151515151515152,10.151515151515152,10.0,0.0,历史1/2次成功; 当前距低点0.00%; 最新日涨幅-10.04%; 状态confirmed_rebound; 底部未确认
582,50.896029411764715,46.26911764705883,000631,顺发恒能,confirmed_rebound,2024-02-05,2.48,2024-02-05,2.48,0.0,10.88709677419355,28.115942028985515,False,-10.1449,1.3557,1,2,1,50.0,10.04901960784314,10.04901960784314,10.0,0.0,历史1/2次成功; 当前距低点0.00%; 最新日涨幅-10.14%; 状态confirmed_rebound; 底部未确认
583,50.869402654867265,46.244911504424785,002520,日发精机,confirmed_rebound,2024-02-05,3.73,2024-02-05,3.73,0.0,11.26005361930296,31.433823529411768,False,-9.9034,3.4284,1,4,1,25.0,30.752212389380546,30.752212389380546,10.0,0.0,历史1/4次成功; 当前距低点0.00%; 最新日涨幅-9.90%; 状态confirmed_rebound; 底部未确认
584,50.839666666453645,49.831390897383145,300458,全志科技,confirmed_rebound,2024-02-05,13.69,2024-02-05,13.17,3.9483675018982507,15.337889141989367,29.421221864951768,False,-9.3377,3.9734,2,5,2,40.0,13.836929041457784,17.541498429789147,6.05163249810175,3.9483675018982507,历史2/5次成功; 当前距低点3.95%; 最新日涨幅-9.34%; 状态confirmed_rebound; 底部未确认
585,50.63030083391357,46.82571175390849,002121,科陆电子,confirmed_rebound,2024-02-05,3.36,2024-02-05,3.33,0.900900900900895,11.111111111111114,32.17922606924644,False,-9.1892,2.3854,1,2,1,50.0,11.826697892271683,11.826697892271683,9.099099099099107,0.900900900900895,历史1/2次成功; 当前距低点0.90%; 最新日涨幅-9.19%; 状态confirmed_rebound; 底部未确认
586,50.442738286987165,46.61173522244398,002810,山东赫达,confirmed_rebound,2024-02-05,12.97,2024-02-05,12.86,0.8553654743390452,10.264385692068432,27.63083849184018,False,-9.2372,1.6848,1,2,1,50.0,10.118110236220474,10.118110236220474,9.144634525660955,0.8553654743390452,历史1/2次成功; 当前距低点0.86%; 最新日涨幅-9.24%; 状态confirmed_rebound; 底部未确认
587,50.308566707457054,47.70720904869923,688161,威高骨科,confirmed_rebound,2024-02-05,25.4,2024-02-05,24.85,2.2132796780683988,11.1871227364185,29.60339943342775,False,-10.4372,1.7334,1,3,1,33.33333333333333,12.258889147106666,12.258889147106666,7.786720321931602,2.2132796780683988,历史1/3次成功; 当前距低点2.21%; 最新日涨幅-10.44%; 状态confirmed_rebound; 底部未确认
588,50.12710784313726,45.57009803921569,002380,科远智慧,confirmed_rebound,2024-02-05,10.94,2024-02-05,10.94,0.0,10.05484460694698,30.40712468193385,False,-10.0329,4.694,1,3,1,33.33333333333333,25.735294117647072,25.735294117647072,10.0,0.0,历史1/3次成功; 当前距低点0.00%; 最新日涨幅-10.03%; 状态confirmed_rebound; 底部未确认
589,49.940390070921985,45.400354609929074,000419,通程控股,confirmed_rebound,2024-02-05,4.02,2024-02-05,4.02,0.0,10.69651741293534,28.342245989304825,False,-10.0671,2.8223,1,3,1,33.33333333333333,24.82269503546099,24.82269503546099,10.0,0.0,历史1/3次成功; 当前距低点0.00%; 最新日涨幅-10.07%; 状态confirmed_rebound; 底部未确认
590,49.93243308644296,49.75503507079016,300763,锦浪科技,confirmed_rebound,2024-02-05,53.57,2024-02-05,51.11,4.813148111915478,11.504597926041876,30.25382096069869,False,-6.4443,3.1188,1,2,1,50.0,35.693617021276594,35.693617021276594,5.186851888084522,4.813148111915478,历史1/2次成功; 当前距低点4.81%; 最新日涨幅-6.44%; 状态confirmed_rebound; 底部未确认
591,49.89919830693144,48.3768498840081,688352,颀中科技,confirmed_rebound,2024-02-05,8.58,2024-02-05,8.3,3.3734939759036062,16.867469879518055,31.34822167080231,False,-11.5464,7.0872,1,2,1,50.0,10.636645962732914,10.636645962732914,6.626506024096394,3.3734939759036062,历史1/2次成功; 当前距低点3.37%; 最新日涨幅-11.55%; 状态confirmed_rebound; 底部未确认
592,49.87251508295626,45.33865007541478,301512,智信精密,confirmed_rebound,2024-02-05,35.7,2024-02-05,35.7,0.0,15.826330532212879,30.679611650485434,False,-13.7681,11.371,1,3,1,33.33333333333333,24.490950226244347,24.490950226244347,10.0,0.0,历史1/3次成功; 当前距低点0.00%; 最新日涨幅-13.77%; 状态confirmed_rebound; 底部未确认
593,49.205615711252655,44.73237791932059,002425,凯撒文化,confirmed_rebound,2024-02-05,2.92,2024-02-05,2.92,0.0,11.3013698630137,32.40740740740741,False,-9.8765,3.1208,1,3,1,33.33333333333333,21.231422505307858,21.231422505307858,10.0,0.0,历史1/3次成功; 当前距低点0.00%; 最新日涨幅-9.88%; 状态confirmed_rebound; 底部未确认
594,48.726161978013565,48.316950048251464,002049,紫光国微,bottom_area,2024-02-05,48.41,2024-02-05,46.3,4.557235421166306,8.207343412527008,31.991774383078734,False,-3.5657,1.853,1,2,1,50.0,14.609929078014181,14.609929078014181,5.442764578833695,4.557235421166306,历史1/2次成功; 当前距低点4.56%; 最新日涨幅-3.57%; 状态bottom_area; 底部未确认
595,48.68610040567952,44.26009127789047,603335,迪生力,confirmed_rebound,2024-02-05,4.25,2024-02-05,4.25,0.0,10.117647058823524,30.78175895765472,False,-9.9576,0.7315,1,4,1,25.0,20.081135902636923,20.081135902636923,10.0,0.0,历史1/4次成功; 当前距低点0.00%; 最新日涨幅-9.96%; 状态confirmed_rebound; 底部未确认
596,48.1803628724168,47.31295863085119,605358,立昂微,confirmed_rebound,2024-02-05,18.0,2024-02-05,17.3,4.04624277456647,12.023121387283227,28.894369091656387,False,-6.3476,1.8636,1,2,1,50.0,13.16339869281045,13.16339869281045,5.953757225433531,4.04624277456647,历史1/2次成功; 当前距低点4.05%; 最新日涨幅-6.35%; 状态confirmed_rebound; 底部未确认
597,47.716550387596904,43.37868217054264,000509,华塑控股,confirmed_rebound,2024-02-05,2.75,2024-02-05,2.75,0.0,12.000000000000002,27.055702917771885,False,-10.1307,1.1836,1,3,1,33.33333333333333,13.953488372093018,13.953488372093018,10.0,0.0,历史1/3次成功; 当前距低点0.00%; 最新日涨幅-10.13%; 状态confirmed_rebound; 底部未确认
598,47.68373563218391,43.34885057471264,000560,我爱我家,confirmed_rebound,2024-02-05,1.58,2024-02-05,1.58,0.0,10.126582278481006,28.181818181818187,False,-10.2273,2.633,1,3,1,33.33333333333333,13.793103448275875,13.793103448275875,10.0,0.0,历史1/3次成功; 当前距低点0.00%; 最新日涨幅-10.23%; 状态confirmed_rebound; 底部未确认
599,47.44577861499821,43.13252601363473,603068,博通集成,confirmed_rebound,2024-02-05,17.57,2024-02-05,17.57,0.0,10.643141718838937,30.139165009940356,False,-9.9898,2.1204,1,3,1,33.33333333333333,12.630068173663437,12.630068173663437,10.0,0.0,历史1/3次成功; 当前距低点0.00%; 最新日涨幅-9.99%; 状态confirmed_rebound; 底部未确认
600,47.362013287777145,46.78981584937151,688287,退市观典,confirmed_rebound,2024-02-05,6.46,2024-02-05,6.19,4.36187399030694,13.731825525040382,29.176201372997706,False,-8.8858,1.3479,1,2,1,50.0,14.219830899308223,14.219830899308223,5.638126009693061,4.36187399030694,历史1/2次成功; 当前距低点4.36%; 最新日涨幅-8.89%; 状态confirmed_rebound; 底部未确认
601,47.31123547400612,43.010214067278284,605178,时空科技,confirmed_rebound,2024-02-05,13.4,2024-02-05,13.4,0.0,10.597014925373134,31.105398457583544,False,-10.0067,2.6608,1,3,1,33.33333333333333,11.97247706422018,11.97247706422018,10.0,0.0,历史1/3次成功; 当前距低点0.00%; 最新日涨幅-10.01%; 状态confirmed_rebound; 底部未确认
602,44.308582574745266,43.999577905485374,688165,埃夫特,confirmed_rebound,2024-02-05,6.55,2024-02-05,6.26,4.632587859424921,18.530351437699682,32.76047261009668,False,-11.7251,1.7547,1,3,1,33.33333333333333,21.98142414860681,21.98142414860681,5.36741214057508,4.632587859424921,历史1/3次成功; 当前距低点4.63%; 最新日涨幅-11.73%; 状态confirmed_rebound; 底部未确认
603,44.08906385784315,43.530296789143144,688321,微芯生物,confirmed_rebound,2024-02-05,13.01,2024-02-05,12.47,4.330392943063345,19.887730553327977,31.4458493677845,False,-13.6695,2.9695,1,3,1,33.33333333333333,15.754082612872244,15.754082612872244,5.669607056936655,4.330392943063345,历史1/3次成功; 当前距低点4.33%; 最新日涨幅-13.67%; 状态confirmed_rebound; 底部未确认
