rank,rank_score,probability_score,code,name,current_stage,latest_date,latest_close,current_low_date,current_low_price,current_low_to_latest_pct,current_low_to_high_pct,current_drawdown_pct,current_is_bottom_confirmed,latest_pct_chg,latest_turn,historical_valid_event_count,history_sample_count,history_success_count,history_success_rate_pct,history_avg_rebound_pct,history_max_rebound_pct,upside_to_20pct_target_pct,risk_back_to_low_pct,reason
1,95.68048017967806,81.89533808765832,605133,嵘泰股份,bottom_area,2024-02-05,16.67,2024-02-05,16.43,1.4607425441266098,9.86001217285454,27.171985815602834,False,-8.3562,5.7175,2,2,2,100.0,48.8485542379945,60.01483679525222,18.539257455873393,1.4607425441266098,历史2/2次成功; 当前距低点1.46%; 最新日涨幅-8.36%; 状态bottom_area; 底部未确认
2,91.28481693280976,78.37189078366873,300667,必创科技,bottom_area,2024-02-05,9.99,2024-02-05,9.83,1.6276703967446606,17.395727365208536,31.21063680895731,False,-13.9535,4.3377,2,2,2,100.0,31.951501549712724,36.615811373092924,18.37232960325534,1.6276703967446606,历史2/2次成功; 当前距低点1.63%; 最新日涨幅-13.95%; 状态bottom_area; 底部未确认
3,90.5585623224892,77.34400816384269,603171,税友股份,bottom_area,2024-02-05,21.89,2024-02-05,21.6,1.3425925925925886,11.0648148148148,28.07192807192807,False,-8.7917,4.3171,2,2,2,100.0,22.930748790074055,25.396825396825395,18.657407407407412,1.3425925925925886,历史2/2次成功; 当前距低点1.34%; 最新日涨幅-8.79%; 状态bottom_area; 底部未确认
4,89.3379003097719,74.44825025814325,600135,乐凯胶片,bottom_area,2024-02-05,5.24,2024-02-05,5.24,0.0,10.305343511450381,29.093369418132603,False,-9.9656,1.9822,2,2,2,100.0,43.00134547388843,56.981132075471706,20.0,0.0,历史2/2次成功; 当前距低点0.00%; 最新日涨幅-9.97%; 状态bottom_area; 底部未确认
5,88.70694071597248,76.66378041227992,603198,迎驾贡酒,bottom_area,2024-02-05,49.22,2024-02-05,48.26,1.9892250310816428,6.299212598425195,28.51429417864021,False,-1.9912,0.7624,1,1,1,100.0,33.65168539325842,33.65168539325842,18.01077496891836,1.9892250310816428,历史1/1次成功; 当前距低点1.99%; 最新日涨幅-1.99%; 状态bottom_area; 底部未确认
6,88.33654352441613,73.61378627034678,002631,德尔未来,bottom_area,2024-02-05,4.12,2024-02-05,4.12,0.0,10.436893203883487,27.845884413309978,False,-10.0437,1.2575,2,2,2,100.0,38.51497994810097,47.77070063694268,20.0,0.0,历史2/2次成功; 当前距低点0.00%; 最新日涨幅-10.04%; 状态bottom_area; 底部未确认
7,87.88199569968776,76.07319005056955,002779,中坚科技,bottom_area,2024-02-05,21.13,2024-02-05,20.7,2.0772946859903367,12.657004830917879,29.782903663500683,False,-8.1304,1.7416,2,2,2,100.0,25.1044190033737,29.818594104308378,17.922705314009665,2.0772946859903367,历史2/2次成功; 当前距低点2.08%; 最新日涨幅-8.13%; 状态bottom_area; 底部未确认
8,87.76836593194055,73.68428287051579,002755,奥赛康,bottom_area,2024-02-05,7.45,2024-02-05,7.42,0.4043126684636152,10.916442048517528,27.397260273972606,False,-9.5874,0.8473,2,2,2,100.0,31.59202018609052,32.35294117647059,19.595687331536386,0.4043126684636152,历史2/2次成功; 当前距低点0.40%; 最新日涨幅-9.59%; 状态bottom_area; 底部未确认
9,87.74885018226311,76.083984633655,300510,金冠股份,bottom_area,2024-02-05,3.77,2024-02-05,3.69,2.168021680216804,13.008130081300811,29.445506692160617,False,-10.6635,2.5608,2,2,2,100.0,26.274591744888774,30.519480519480524,17.831978319783197,2.168021680216804,历史2/2次成功; 当前距低点2.17%; 最新日涨幅-10.66%; 状态bottom_area; 底部未确认
10,87.69473031147126,73.07894192622605,001210,金房能源,bottom_area,2024-02-05,13.82,2024-02-05,13.82,0.0,10.926193921852386,28.02083333333333,False,-9.9674,4.2981,2,2,2,100.0,35.639472721645426,38.131313131313135,20.0,0.0,历史2/2次成功; 当前距低点0.00%; 最新日涨幅-9.97%; 状态bottom_area; 底部未确认
11,87.32728402058393,75.7331660607505,002054,德美化工,bottom_area,2024-02-05,4.69,2024-02-05,4.59,2.1786492374727784,10.239651416122,28.39313572542902,False,-8.0392,2.6264,1,1,1,100.0,41.18541033434649,41.18541033434649,17.82135076252722,2.1786492374727784,历史1/1次成功; 当前距低点2.18%; 最新日涨幅-8.04%; 状态bottom_area; 底部未确认
12,87.18,72.65,000151,中成股份,bottom_area,2024-02-05,9.67,2024-02-05,9.67,0.0,7.032057911065147,31.46704464918497,False,-9.9628,9.5604,1,1,1,100.0,191.97080291970806,191.97080291970806,20.0,0.0,历史1/1次成功; 当前距低点0.00%; 最新日涨幅-9.96%; 状态bottom_area; 底部未确认
13,87.18,72.65,000565,渝三峡A,bottom_area,2024-02-05,4.0,2024-02-05,4.0,0.0,11.00000000000001,32.088285229202036,False,-9.9099,2.3096,1,1,1,100.0,57.568807339449535,57.568807339449535,20.0,0.0,历史1/1次成功; 当前距低点0.00%; 最新日涨幅-9.91%; 状态bottom_area; 底部未确认
14,87.18,72.65,002388,新亚制程,bottom_area,2024-02-05,3.52,2024-02-05,3.52,0.0,10.51136363636364,30.297029702970296,False,-9.9744,2.151,1,1,1,100.0,50.505050505050505,50.505050505050505,20.0,0.0,历史1/1次成功; 当前距低点0.00%; 最新日涨幅-9.97%; 状态bottom_area; 底部未确认
15,87.18,72.65,002686,亿利达,bottom_area,2024-02-05,4.34,2024-02-05,4.34,0.0,10.829493087557598,29.200652528548126,False,-9.9585,2.8135,1,1,1,100.0,75.68181818181817,75.68181818181817,20.0,0.0,历史1/1次成功; 当前距低点0.00%; 最新日涨幅-9.96%; 状态bottom_area; 底部未确认
16,87.18,72.65,002836,新宏泽,bottom_area,2024-02-05,5.49,2024-02-05,5.49,0.0,10.01821493624772,32.967032967032964,False,-10.0,0.8989,1,1,1,100.0,59.30851063829788,59.30851063829788,20.0,0.0,历史1/1次成功; 当前距低点0.00%; 最新日涨幅-10.00%; 状态bottom_area; 底部未确认
17,87.18,72.65,600172,黄河旋风,bottom_area,2024-02-05,2.34,2024-02-05,2.34,0.0,10.256410256410266,29.305135951661637,False,-10.0,2.8605,1,1,1,100.0,51.074589127686465,51.074589127686465,20.0,0.0,历史1/1次成功; 当前距低点0.00%; 最新日涨幅-10.00%; 状态bottom_area; 底部未确认
18,87.1736119061248,72.64467658843733,605258,协和电子,bottom_area,2024-02-05,16.75,2024-02-05,16.75,0.0,8.89552238805969,31.098313451254622,False,-9.9946,1.4172,1,1,1,100.0,49.971379507727534,49.971379507727534,20.0,0.0,历史1/1次成功; 当前距低点0.00%; 最新日涨幅-9.99%; 状态bottom_area; 底部未确认
19,87.07122807017544,72.5593567251462,002790,瑞尔特,bottom_area,2024-02-05,7.88,2024-02-05,7.88,0.0,11.040609137055839,29.893238434163706,False,-9.9429,2.335,1,1,1,100.0,49.512670565302145,49.512670565302145,20.0,0.0,历史1/1次成功; 当前距低点0.00%; 最新日涨幅-9.94%; 状态bottom_area; 底部未确认
20,87.06436509390734,73.43223947447,000628,高新发展,bottom_area,2024-02-05,33.71,2024-02-05,33.49,0.6569125111973689,9.495371752762019,30.403158769742305,False,-7.4155,13.5339,1,1,1,100.0,99.77973568281939,99.77973568281939,19.34308748880263,0.6569125111973689,历史1/1次成功; 当前距低点0.66%; 最新日涨幅-7.42%; 状态bottom_area; 底部未确认
21,86.43599999999999,72.03,002480,新筑股份,bottom_area,2024-02-05,3.38,2024-02-05,3.38,0.0,11.242603550295856,27.467811158798288,False,-10.1064,1.8587,1,1,1,100.0,46.666666666666664,46.666666666666664,20.0,0.0,历史1/1次成功; 当前距低点0.00%; 最新日涨幅-10.11%; 状态bottom_area; 底部未确认
22,86.25030732317063,71.8752561026422,601086,国芳集团,bottom_area,2024-02-05,3.75,2024-02-05,3.75,0.0,10.399999999999991,28.842504743833015,False,-10.0719,2.9397,2,2,2,100.0,29.168043562592505,33.48946135831383,20.0,0.0,历史2/2次成功; 当前距低点0.00%; 最新日涨幅-10.07%; 状态bottom_area; 底部未确认
23,85.95959431369265,71.63299526141054,001234,泰慕士,bottom_area,2024-02-05,15.53,2024-02-05,15.53,0.0,10.753380553766902,29.151459854014604,False,-9.971,7.7964,2,2,2,100.0,27.86556592156205,31.93277310924369,20.0,0.0,历史2/2次成功; 当前距低点0.00%; 最新日涨幅-9.97%; 状态bottom_area; 底部未确认
24,85.55762114537445,71.29801762114538,002358,森源电气,bottom_area,2024-02-05,2.93,2024-02-05,2.93,0.0,10.921501706484635,29.904306220095684,False,-10.1227,2.645,1,1,1,100.0,42.73127753303966,42.73127753303966,20.0,0.0,历史1/1次成功; 当前距低点0.00%; 最新日涨幅-10.12%; 状态bottom_area; 底部未确认
25,85.54345880889205,71.28621567407671,002436,兴森科技,bottom_area,2024-02-05,8.72,2024-02-05,8.72,0.0,11.009174311926593,29.22077922077922,False,-10.0103,4.4192,2,2,2,100.0,26.001159538046814,30.59360730593607,20.0,0.0,历史2/2次成功; 当前距低点0.00%; 最新日涨幅-10.01%; 状态bottom_area; 底部未确认
26,85.5295845562883,73.3522816237982,300703,创源股份,bottom_area,2024-02-05,7.12,2024-02-05,7.01,1.569186875891588,18.116975748930095,32.79002876318312,False,-14.8325,5.3904,1,1,1,100.0,20.914127423822727,20.914127423822727,18.430813124108415,1.569186875891588,历史1/1次成功; 当前距低点1.57%; 最新日涨幅-14.83%; 状态bottom_area; 底部未确认
27,85.51257444131653,74.73894698421067,000811,冰轮环境,bottom_area,2024-02-05,9.06,2024-02-05,8.83,2.6047565118912845,11.438278595696486,29.190056134723342,False,-7.4566,2.5258,2,2,2,100.0,24.396730275929013,27.994791666666675,17.395243488108715,2.6047565118912845,历史2/2次成功; 当前距低点2.60%; 最新日涨幅-7.46%; 状态bottom_area; 底部未确认
28,85.4257104494806,71.18809204123384,601020,华钰矿业,bottom_area,2024-02-05,6.64,2024-02-05,6.64,0.0,10.692771084337348,30.688935281837164,False,-10.0271,3.7224,2,2,2,100.0,25.473613124913108,26.324110671936758,20.0,0.0,历史2/2次成功; 当前距低点0.00%; 最新日涨幅-10.03%; 状态bottom_area; 底部未确认
29,85.361762993763,71.1348024948025,001218,丽臣实业,bottom_area,2024-02-05,14.44,2024-02-05,14.44,0.0,10.595567867036019,28.26626924987581,False,-9.9751,3.3951,2,2,2,100.0,25.18711018711019,29.999999999999993,20.0,0.0,历史2/2次成功; 当前距低点0.00%; 最新日涨幅-9.98%; 状态bottom_area; 底部未确认
30,85.3102787456446,71.09189895470384,000042,中洲控股,bottom_area,2024-02-05,4.01,2024-02-05,4.01,0.0,13.216957605985044,32.83082077051927,False,-10.0897,1.7271,2,2,2,100.0,24.956445993031362,28.57142857142858,20.0,0.0,历史2/2次成功; 当前距低点0.00%; 最新日涨幅-10.09%; 状态bottom_area; 底部未确认
31,85.27645280703548,73.1764155844156,300471,厚普股份,bottom_area,2024-02-05,7.62,2024-02-05,7.5,1.6000000000000014,15.99999999999999,32.675044883303414,False,-13.3106,3.1031,1,1,1,100.0,20.346320346320343,20.346320346320343,18.4,1.6000000000000014,历史1/1次成功; 当前距低点1.60%; 最新日涨幅-13.31%; 状态bottom_area; 底部未确认
32,85.21622317596567,71.01351931330473,603011,合锻智能,bottom_area,2024-02-05,4.77,2024-02-05,4.77,0.0,9.853249475891,29.33333333333334,False,-10.0,3.1054,1,1,1,100.0,41.201716738197426,41.201716738197426,20.0,0.0,历史1/1次成功; 当前距低点0.00%; 最新日涨幅-10.00%; 状态bottom_area; 底部未确认
33,85.18119402985076,70.98432835820897,600212,绿能慧充,bottom_area,2024-02-05,4.7,2024-02-05,4.7,0.0,10.425531914893622,28.244274809160302,False,-9.9617,3.0782,1,1,1,100.0,41.044776119403,41.044776119403,20.0,0.0,历史1/1次成功; 当前距低点0.00%; 最新日涨幅-9.96%; 状态bottom_area; 底部未确认
34,85.16975860704393,75.17428571428572,301381,赛维时代,bottom_area,2024-02-05,21.66,2024-02-05,21.0,3.1428571428571437,12.142857142857148,29.26911417985854,False,-7.1979,8.2611,1,1,1,100.0,66.46875000000001,66.46875000000001,16.857142857142858,3.1428571428571437,历史1/1次成功; 当前距低点3.14%; 最新日涨幅-7.20%; 状态bottom_area; 底部未确认
35,85.05997950819675,75.1137704918033,300660,江苏雷利,bottom_area,2024-02-05,18.88,2024-02-05,18.3,3.169398907103816,14.371584699453546,27.639383155397386,False,-8.6599,2.1992,1,1,1,100.0,68.44876468205752,68.44876468205752,16.830601092896185,3.169398907103816,历史1/1次成功; 当前距低点3.17%; 最新日涨幅-8.66%; 状态bottom_area; 底部未确认
36,84.95716000676126,74.40740108174425,688300,联瑞新材,bottom_area,2024-02-05,30.61,2024-02-05,29.8,2.7181208053691233,12.416107382550333,30.357560177611585,False,-9.8114,1.4368,2,2,2,100.0,24.003852247235756,26.809910956252438,17.28187919463088,2.7181208053691233,历史2/2次成功; 当前距低点2.72%; 最新日涨幅-9.81%; 状态bottom_area; 底部未确认
37,84.84680100755668,70.70566750629723,601226,华电科工,bottom_area,2024-02-05,5.54,2024-02-05,5.54,0.0,9.927797833935015,27.770534550195563,False,-9.9187,2.5423,1,1,1,100.0,39.54659949622166,39.54659949622166,20.0,0.0,历史1/1次成功; 当前距低点0.00%; 最新日涨幅-9.92%; 状态bottom_area; 底部未确认
38,84.83531495852287,70.69609579876906,600281,华阳新材,bottom_area,2024-02-05,3.03,2024-02-05,3.03,0.0,9.90099009900991,31.447963800904983,False,-10.089,2.0583,2,2,2,100.0,22.828472036392824,24.86486486486486,20.0,0.0,历史2/2次成功; 当前距低点0.00%; 最新日涨幅-10.09%; 状态bottom_area; 底部未确认
39,84.81360598279377,70.86547979994704,002197,证通电子,bottom_area,2024-02-05,6.93,2024-02-05,6.92,0.14450867052022812,9.68208092485549,30.38229376257545,False,-9.883,4.7782,1,1,1,100.0,29.919137466307287,29.919137466307287,19.855491329479776,0.14450867052022812,历史1/1次成功; 当前距低点0.14%; 最新日涨幅-9.88%; 状态bottom_area; 底部未确认
40,84.73875000000001,70.61562500000001,002446,盛路通信,bottom_area,2024-02-05,4.84,2024-02-05,4.84,0.0,11.36363636363636,29.956584659913172,False,-10.0372,5.8076,1,1,1,100.0,39.0625,39.0625,20.0,0.0,历史1/1次成功; 当前距低点0.00%; 最新日涨幅-10.04%; 状态bottom_area; 底部未确认
41,84.2984516817627,71.08798834606364,002855,捷荣技术,bottom_area,2024-02-05,21.74,2024-02-05,21.6,0.6481481481481343,11.111111111111104,32.394366197183096,False,-9.4167,4.7162,2,2,2,100.0,20.62239851527635,21.093749999999993,19.35185185185187,0.6481481481481343,历史2/2次成功; 当前距低点0.65%; 最新日涨幅-9.42%; 状态bottom_area; 底部未确认
42,84.25032967032968,70.20860805860806,603017,中衡设计,bottom_area,2024-02-05,6.86,2024-02-05,6.86,0.0,9.03790087463557,30.14256619144603,False,-9.9738,1.8752,1,1,1,100.0,36.87423687423689,36.87423687423689,20.0,0.0,历史1/1次成功; 当前距低点0.00%; 最新日涨幅-9.97%; 状态bottom_area; 底部未确认
43,84.01111111111112,70.00925925925927,603009,北特科技,bottom_area,2024-02-05,8.82,2024-02-05,8.82,0.0,11.111111111111116,29.099678456591633,False,-10.0,4.6554,1,1,1,100.0,35.802469135802454,35.802469135802454,20.0,0.0,历史1/1次成功; 当前距低点0.00%; 最新日涨幅-10.00%; 状态bottom_area; 底部未确认
44,83.91282138812977,70.1112385253439,002809,红墙股份,bottom_area,2024-02-05,6.99,2024-02-05,6.98,0.14326647564469608,10.458452722063031,30.959446092977245,False,-9.9227,5.5113,1,1,1,100.0,25.84884994523548,25.84884994523548,19.856733524355306,0.14326647564469608,历史1/1次成功; 当前距低点0.14%; 最新日涨幅-9.92%; 状态bottom_area; 底部未确认
45,83.83821942963668,70.8110499490316,002300,太阳电缆,bottom_area,2024-02-05,5.49,2024-02-05,5.45,0.733944954128441,11.192660550458704,27.13903743315508,False,-9.4059,2.678,1,1,1,100.0,36.85185185185183,36.85185185185183,19.26605504587156,0.733944954128441,历史1/1次成功; 当前距低点0.73%; 最新日涨幅-9.41%; 状态bottom_area; 底部未确认
46,83.75210161662817,69.79341801385681,002823,凯中精密,bottom_area,2024-02-05,7.97,2024-02-05,7.97,0.0,11.919698870765373,30.271216097987754,False,-10.0451,3.1961,1,1,1,100.0,34.64203233256351,34.64203233256351,20.0,0.0,历史1/1次成功; 当前距低点0.00%; 最新日涨幅-10.05%; 状态bottom_area; 底部未确认
47,83.6468084360123,69.70567369667691,000815,美利云,bottom_area,2024-02-05,6.8,2024-02-05,6.8,0.0,0.0,27.65957446808511,False,-10.0529,0.464,3,4,3,75.0,38.336955358478036,55.703211517165016,20.0,0.0,历史3/4次成功; 当前距低点0.00%; 最新日涨幅-10.05%; 状态bottom_area; 底部未确认
48,83.62057553956835,69.6838129496403,000702,正虹科技,bottom_area,2024-02-05,4.02,2024-02-05,4.02,0.0,10.945273631840807,32.88814691151921,False,-10.0671,3.4405,1,1,1,100.0,34.05275779376499,34.05275779376499,20.0,0.0,历史1/1次成功; 当前距低点0.00%; 最新日涨幅-10.07%; 状态bottom_area; 底部未确认
49,83.59250637909801,69.94602192362096,002412,汉森制药,bottom_area,2024-02-05,4.49,2024-02-05,4.48,0.22321428571428092,10.937499999999984,27.62520193861066,False,-9.8394,3.1578,1,1,1,100.0,25.940594059405953,25.940594059405953,19.77678571428572,0.22321428571428092,历史1/1次成功; 当前距低点0.22%; 最新日涨幅-9.84%; 状态bottom_area; 底部未确认
50,83.4414,69.53450000000001,000823,超声电子,bottom_area,2024-02-05,6.07,2024-02-05,6.07,0.0,11.367380560131787,27.565632458233896,False,-9.9407,3.3719,1,1,1,100.0,33.25,33.25,20.0,0.0,历史1/1次成功; 当前距低点0.00%; 最新日涨幅-9.94%; 状态bottom_area; 底部未确认
51,83.21918888629646,72.42079852751459,002254,泰和新材,bottom_area,2024-02-05,9.51,2024-02-05,9.29,2.368137782561902,11.194833153928966,27.984496124031015,False,-5.9347,2.8988,1,1,1,100.0,25.699745547073803,25.699745547073803,17.631862217438098,2.368137782561902,历史1/1次成功; 当前距低点2.37%; 最新日涨幅-5.93%; 状态bottom_area; 底部未确认
52,83.18628762541806,69.32190635451505,002297,博云新材,bottom_area,2024-02-05,4.91,2024-02-05,4.91,0.0,11.405295315682274,30.05698005698005,False,-10.0733,3.3071,1,1,1,100.0,32.10702341137123,32.10702341137123,20.0,0.0,历史1/1次成功; 当前距低点0.00%; 最新日涨幅-10.07%; 状态bottom_area; 底部未确认
53,83.11060773480663,69.25883977900553,000973,佛塑科技,bottom_area,2024-02-05,3.32,2024-02-05,3.32,0.0,10.240963855421697,27.982646420824302,False,-10.0271,3.2046,1,1,1,100.0,31.767955801104957,31.767955801104957,20.0,0.0,历史1/1次成功; 当前距低点0.00%; 最新日涨幅-10.03%; 状态bottom_area; 底部未确认
54,83.06474999999999,69.220625,600099,林海股份,bottom_area,2024-02-05,6.87,2024-02-05,6.87,0.0,10.043668122270736,29.96941896024465,False,-9.9607,2.6122,1,1,1,100.0,31.562499999999993,31.562499999999993,20.0,0.0,历史1/1次成功; 当前距低点0.00%; 最新日涨幅-9.96%; 状态bottom_area; 底部未确认
55,82.78640431072873,73.2664344801827,300441,鲍斯股份,bottom_area,2024-02-05,4.71,2024-02-05,4.56,3.2894736842105345,15.789473684210542,32.74336283185841,False,-11.6323,3.0375,2,2,2,100.0,24.873303656896304,29.15291529152916,16.71052631578947,3.2894736842105345,历史2/2次成功; 当前距低点3.29%; 最新日涨幅-11.63%; 状态bottom_area; 底部未确认
56,82.71176470588236,68.9264705882353,000953,中哲精化,bottom_area,2024-02-05,3.45,2024-02-05,3.45,0.0,10.434782608695647,30.722891566265066,False,-9.9217,2.5999,1,1,1,100.0,29.981024667931695,29.981024667931695,20.0,0.0,历史1/1次成功; 当前距低点0.00%; 最新日涨幅-9.92%; 状态bottom_area; 底部未确认
57,82.54897959183674,68.79081632653062,002248,华东数控,bottom_area,2024-02-05,5.11,2024-02-05,5.11,0.0,9.980430528375729,29.22437673130193,False,-10.0352,3.7091,1,1,1,100.0,29.251700680272112,29.251700680272112,20.0,0.0,历史1/1次成功; 当前距低点0.00%; 最新日涨幅-10.04%; 状态bottom_area; 底部未确认
58,82.4692462311558,68.7243718592965,002413,雷科防务,bottom_area,2024-02-05,3.27,2024-02-05,3.27,0.0,10.397553516819567,32.298136645962735,False,-9.9174,3.2241,1,1,1,100.0,28.894472361809044,28.894472361809044,20.0,0.0,历史1/1次成功; 当前距低点0.00%; 最新日涨幅-9.92%; 状态bottom_area; 底部未确认
59,82.03070325900515,68.3589193825043,002682,龙洲股份,bottom_area,2024-02-05,3.98,2024-02-05,3.98,0.0,12.060301507537687,31.497418244406195,False,-9.9548,4.8816,1,1,1,100.0,26.929674099485425,26.929674099485425,20.0,0.0,历史1/1次成功; 当前距低点0.00%; 最新日涨幅-9.95%; 状态bottom_area; 底部未确认
60,81.79864077669903,68.16553398058252,603048,浙江黎明,bottom_area,2024-02-05,12.34,2024-02-05,12.34,0.0,11.021069692058342,28.752886836027713,False,-9.9927,5.6644,1,1,1,100.0,25.889967637540458,25.889967637540458,20.0,0.0,历史1/1次成功; 当前距低点0.00%; 最新日涨幅-9.99%; 状态bottom_area; 底部未确认
61,81.72077922077924,68.10064935064936,002486,嘉麟杰,bottom_area,2024-02-05,2.04,2024-02-05,2.04,0.0,11.274509803921568,30.37542662116041,False,-10.1322,3.5027,1,1,1,100.0,25.54112554112554,25.54112554112554,20.0,0.0,历史1/1次成功; 当前距低点0.00%; 最新日涨幅-10.13%; 状态bottom_area; 底部未确认
62,81.70856031128406,68.09046692607005,002301,齐心集团,bottom_area,2024-02-05,4.81,2024-02-05,4.81,0.0,10.187110187110191,27.341389728096683,False,-9.9251,1.8146,1,1,1,100.0,25.486381322957207,25.486381322957207,20.0,0.0,历史1/1次成功; 当前距低点0.00%; 最新日涨幅-9.93%; 状态bottom_area; 底部未确认
63,81.65792387543254,68.04826989619379,002632,道明光学,bottom_area,2024-02-05,5.27,2024-02-05,5.27,0.0,9.677419354838722,27.808219178082194,False,-10.0683,3.1963,1,1,1,100.0,25.259515570934255,25.259515570934255,20.0,0.0,历史1/1次成功; 当前距低点0.00%; 最新日涨幅-10.07%; 状态bottom_area; 底部未确认
64,81.62748768472905,68.02290640394088,000790,华神科技,bottom_area,2024-02-05,3.32,2024-02-05,3.32,0.0,9.939759036144581,29.059829059829056,False,-10.0271,2.501,1,1,1,100.0,25.12315270935962,25.12315270935962,20.0,0.0,历史1/1次成功; 当前距低点0.00%; 最新日涨幅-10.03%; 状态bottom_area; 底部未确认
65,81.5813451728494,69.69965843322568,300589,江龙船艇,bottom_area,2024-02-05,8.94,2024-02-05,8.82,1.360544217687066,12.925170068027217,28.17589576547231,False,-11.1332,3.2876,2,3,2,66.66666666666666,37.60770205852422,44.07616361071933,18.639455782312936,1.360544217687066,历史2/3次成功; 当前距低点1.36%; 最新日涨幅-11.13%; 状态bottom_area; 底部未确认
66,81.5065732649035,68.85413223140496,300479,神思电子,bottom_area,2024-02-05,12.19,2024-02-05,12.1,0.7438016528925608,16.942148760330586,32.21288515406163,False,-14.0944,3.3004,1,1,1,100.0,26.451612903225797,26.451612903225797,19.25619834710744,0.7438016528925608,历史1/1次成功; 当前距低点0.74%; 最新日涨幅-14.09%; 状态bottom_area; 底部未确认
67,81.3979775280899,67.83164794007492,002760,凤形股份,bottom_area,2024-02-05,13.56,2024-02-05,13.56,0.0,13.20058997050147,31.722054380664648,False,-10.0199,2.645,1,1,1,100.0,24.094881398252184,24.094881398252184,20.0,0.0,历史1/1次成功; 当前距低点0.00%; 最新日涨幅-10.02%; 状态bottom_area; 底部未确认
68,81.32166270783848,67.76805225653207,002264,新华都,bottom_area,2024-02-05,3.66,2024-02-05,3.66,0.0,11.475409836065571,27.810650887573967,False,-10.0737,3.0757,1,1,1,100.0,23.752969121140143,23.752969121140143,20.0,0.0,历史1/1次成功; 当前距低点0.00%; 最新日涨幅-10.07%; 状态bottom_area; 底部未确认
69,81.30798377281947,67.75665314401623,001367,海森药业,bottom_area,2024-02-05,29.48,2024-02-05,29.48,0.0,10.651289009497955,30.992509363295877,False,-9.9847,4.9848,1,1,1,100.0,23.691683569979716,23.691683569979716,20.0,0.0,历史1/1次成功; 当前距低点0.00%; 最新日涨幅-9.98%; 状态bottom_area; 底部未确认
70,81.28306368330465,67.73588640275388,002696,百洋股份,bottom_area,2024-02-05,4.46,2024-02-05,4.46,0.0,10.313901345291479,30.42121684867395,False,-10.0806,3.434,1,1,1,100.0,23.58003442340792,23.58003442340792,20.0,0.0,历史1/1次成功; 当前距低点0.00%; 最新日涨幅-10.08%; 状态bottom_area; 底部未确认
71,81.24067509011951,68.86689959675361,002537,海联金汇,bottom_area,2024-02-05,4.33,2024-02-05,4.29,0.9324009324009332,10.256410256410266,27.411167512690355,False,-9.2243,2.2785,1,1,1,100.0,28.832116788321155,28.832116788321155,19.067599067599065,0.9324009324009332,历史1/1次成功; 当前距低点0.93%; 最新日涨幅-9.22%; 状态bottom_area; 底部未确认
72,81.23878260869564,67.69898550724638,002862,实丰文化,bottom_area,2024-02-05,10.4,2024-02-05,10.4,0.0,11.05769230769231,32.90322580645161,False,-9.9567,4.7022,1,1,1,100.0,23.381642512077295,23.381642512077295,20.0,0.0,历史1/1次成功; 当前距低点0.00%; 最新日涨幅-9.96%; 状态bottom_area; 底部未确认
73,81.23259259259261,67.69382716049384,001331,胜通能源,bottom_area,2024-02-05,11.7,2024-02-05,11.7,0.0,10.256410256410266,29.390464695232353,False,-10.0,5.4694,1,1,1,100.0,23.35390946502057,23.35390946502057,20.0,0.0,历史1/1次成功; 当前距低点0.00%; 最新日涨幅-10.00%; 状态bottom_area; 底部未确认
74,81.08983921086654,69.78385122777644,300409,道氏技术,bottom_area,2024-02-05,6.95,2024-02-05,6.83,1.756954612005858,17.276720351390917,31.356783919597987,False,-13.5572,3.2784,2,3,2,66.66666666666666,42.9195756800168,50.03460207612457,18.243045387994144,1.756954612005858,历史2/3次成功; 当前距低点1.76%; 最新日涨幅-13.56%; 状态bottom_area; 底部未确认
75,81.05262079062958,67.54385065885798,002208,合肥城建,bottom_area,2024-02-05,4.84,2024-02-05,4.84,0.0,10.743801652892571,27.653213751868467,False,-10.0372,2.7102,1,1,1,100.0,22.54758418740848,22.54758418740848,20.0,0.0,历史1/1次成功; 当前距低点0.00%; 最新日涨幅-10.04%; 状态bottom_area; 底部未确认
76,81.04350404312669,67.53625336927225,600241,时代万恒,bottom_area,2024-02-05,5.41,2024-02-05,5.41,0.0,10.905730129390015,31.518987341772153,False,-9.9834,1.7027,1,1,1,100.0,22.50673854447439,22.50673854447439,20.0,0.0,历史1/1次成功; 当前距低点0.00%; 最新日涨幅-9.98%; 状态bottom_area; 底部未确认
77,80.93796610169493,67.44830508474577,002090,金智科技,bottom_area,2024-02-05,6.66,2024-02-05,6.66,0.0,10.960960960960954,29.894736842105264,False,-10.0,3.552,1,1,1,100.0,22.033898305084744,22.033898305084744,20.0,0.0,历史1/1次成功; 当前距低点0.00%; 最新日涨幅-10.00%; 状态bottom_area; 底部未确认
78,80.93796610169493,67.44830508474577,002427,尤夫股份,bottom_area,2024-02-05,3.41,2024-02-05,3.41,0.0,10.263929618768318,28.059071729957807,False,-10.0264,1.0373,1,1,1,100.0,22.033898305084747,22.033898305084747,20.0,0.0,历史1/1次成功; 当前距低点0.00%; 最新日涨幅-10.03%; 状态bottom_area; 底部未确认
79,80.88126463700236,67.40105386416863,002574,明牌珠宝,bottom_area,2024-02-05,4.15,2024-02-05,4.15,0.0,8.674698795180708,29.89864864864864,False,-9.9783,2.3294,1,1,1,100.0,21.779859484777532,21.779859484777532,20.0,0.0,历史1/1次成功; 当前距低点0.00%; 最新日涨幅-9.98%; 状态bottom_area; 底部未确认
80,80.78540713560986,72.93555662346128,002304,洋河股份,bottom_area,2024-02-05,92.17,2024-02-02,88.3,4.382785956964898,5.232163080407706,30.84273182957394,False,1.5647,0.5742,1,1,1,100.0,20.474777448071226,20.474777448071226,15.617214043035105,4.382785956964898,历史1/1次成功; 当前距低点4.38%; 最新日涨幅1.56%; 状态bottom_area; 底部未确认
81,80.76711082639333,67.30592568866112,600980,北矿科技,bottom_area,2024-02-05,11.24,2024-02-05,11.24,0.0,9.786476868327398,27.623953638119765,False,-10.008,3.4236,1,1,1,100.0,21.268417680973737,21.268417680973737,20.0,0.0,历史1/1次成功; 当前距低点0.00%; 最新日涨幅-10.01%; 状态bottom_area; 底部未确认
82,80.72740285370048,68.1966823940957,300489,光智科技,bottom_area,2024-02-05,12.18,2024-02-05,12.09,0.7444168734491304,17.45244003308519,32.57110987172337,False,-14.0438,2.6977,1,1,1,100.0,22.924477771826446,22.924477771826446,19.25558312655087,0.7444168734491304,历史1/1次成功; 当前距低点0.74%; 最新日涨幅-14.04%; 状态bottom_area; 底部未确认
83,80.68273972602739,67.23561643835616,002629,仁智股份,bottom_area,2024-02-05,2.79,2024-02-05,2.79,0.0,12.186379928315407,27.72020725388601,False,-10.0,6.6765,1,1,1,100.0,20.890410958904106,20.890410958904106,20.0,0.0,历史1/1次成功; 当前距低点0.00%; 最新日涨幅-10.00%; 状态bottom_area; 底部未确认
84,80.66778042959426,67.22315035799522,605287,德才股份,bottom_area,2024-02-05,11.04,2024-02-05,11.04,0.0,9.601449275362324,30.82706766917294,False,-10.0244,4.7781,1,1,1,100.0,20.823389021479702,20.823389021479702,20.0,0.0,历史1/1次成功; 当前距低点0.00%; 最新日涨幅-10.02%; 状态bottom_area; 底部未确认
85,80.628,67.19,601616,广电电气,bottom_area,2024-02-05,2.38,2024-02-05,2.38,0.0,9.663865546218489,28.096676737160127,False,-9.8485,2.3361,1,1,1,100.0,20.645161290322584,20.645161290322584,20.0,0.0,历史1/1次成功; 当前距低点0.00%; 最新日涨幅-9.85%; 状态bottom_area; 底部未确认
86,80.62285714285716,67.1857142857143,603153,上海建科,bottom_area,2024-02-05,16.12,2024-02-05,16.12,0.0,11.104218362282872,32.83333333333333,False,-9.9944,12.0043,1,1,1,100.0,20.622119815668214,20.622119815668214,20.0,0.0,历史1/1次成功; 当前距低点0.00%; 最新日涨幅-9.99%; 状态bottom_area; 底部未确认
87,80.48400000000001,67.07000000000001,600173,卧龙新能,bottom_area,2024-02-05,3.57,2024-02-05,3.57,0.0,10.644257703081243,28.0241935483871,False,-10.0756,1.7775,1,1,1,100.0,20.000000000000004,20.000000000000004,20.0,0.0,历史1/1次成功; 当前距低点0.00%; 最新日涨幅-10.08%; 状态bottom_area; 底部未确认
88,79.90676661238004,67.81385293609175,002219,新里程,bottom_area,2024-02-05,2.03,2024-02-05,2.01,0.9950248756218916,11.9402985074627,27.173913043478265,False,-8.9686,1.4939,1,1,1,100.0,23.938223938223942,23.938223938223942,19.00497512437811,0.9950248756218916,历史1/1次成功; 当前距低点1.00%; 最新日涨幅-8.97%; 状态bottom_area; 底部未确认
89,79.2838277732553,71.287681040568,301386,未来电器,bottom_area,2024-02-05,15.78,2024-02-05,15.15,4.1584158415841515,14.257425742574245,32.87549844926894,False,-10.2899,5.6796,2,2,2,100.0,24.88639332999926,27.880184331797242,15.84158415841585,4.1584158415841515,历史2/2次成功; 当前距低点4.16%; 最新日涨幅-10.29%; 状态bottom_area; 底部未确认
90,79.18342631726448,68.32147049895589,300382,斯莱克,bottom_area,2024-02-05,5.9,2024-02-05,5.79,1.8998272884283303,13.298791018998266,29.56204379562044,False,-11.2782,1.8865,2,3,2,66.66666666666666,36.80865618228933,49.70059880239522,18.100172711571673,1.8998272884283303,历史2/3次成功; 当前距低点1.90%; 最新日涨幅-11.28%; 状态bottom_area; 底部未确认
91,78.50000000000001,65.41666666666669,002137,实益达,bottom_area,2024-02-05,4.28,2024-02-05,4.28,0.0,9.345794392523352,30.519480519480517,False,-10.084,4.4945,2,3,2,66.66666666666666,55.55040286140998,89.3034825870647,20.0,0.0,历史2/3次成功; 当前距低点0.00%; 最新日涨幅-10.08%; 状态bottom_area; 底部未确认
92,78.34289312717858,69.73245131289116,300738,奥飞数据,bottom_area,2024-02-05,6.9,2024-02-05,6.66,3.603603603603607,13.063063063063066,31.97139938712972,False,-8.971,3.9047,1,1,1,100.0,26.39068564036221,26.39068564036221,16.396396396396394,3.603603603603607,历史1/1次成功; 当前距低点3.60%; 最新日涨幅-8.97%; 状态bottom_area; 底部未确认
93,78.27713291120553,70.19939437982805,601238,广汽集团,bottom_area,2024-02-05,8.03,2024-02-05,7.72,4.015544041450772,5.440414507772032,27.306967984934083,False,-1.1084,0.433,1,1,1,100.0,23.73567093728929,23.73567093728929,15.98445595854923,4.015544041450772,历史1/1次成功; 当前距低点4.02%; 最新日涨幅-1.11%; 状态bottom_area; 底部未确认
94,77.88888978176294,69.8395820231613,688151,华强科技,bottom_area,2024-02-05,12.98,2024-02-05,12.48,4.006410256410256,13.060897435897429,28.726442033123934,False,-9.547,1.4992,1,1,1,100.0,31.90428713858426,31.90428713858426,15.993589743589745,4.006410256410256,历史1/1次成功; 当前距低点4.01%; 最新日涨幅-9.55%; 状态bottom_area; 底部未确认
95,77.60357595169755,65.4734501438051,002006,精工科技,bottom_area,2024-02-05,8.96,2024-02-05,8.9,0.674157303370792,11.011235955056184,30.086410054988217,False,-9.4034,2.27,2,3,2,66.66666666666666,46.311086714106686,61.48648648648647,19.32584269662921,0.674157303370792,历史2/3次成功; 当前距低点0.67%; 最新日涨幅-9.40%; 状态bottom_area; 底部未确认
96,76.38793534918342,69.68369001176154,300765,新诺威,bottom_area,2024-02-05,24.8,2024-02-05,23.63,4.951333051206102,14.261531950909864,31.626157407407412,False,-4.5787,3.1939,2,2,2,100.0,25.982415959739026,28.947368421052634,15.048666948793898,4.951333051206102,历史2/2次成功; 当前距低点4.95%; 最新日涨幅-4.58%; 状态bottom_area; 底部未确认
97,76.3338707681696,66.05048246147823,688322,奥比中光,bottom_area,2024-02-05,19.86,2024-02-05,19.46,2.055498458376149,15.00513874614593,32.757429163787144,False,-11.9681,2.5824,3,5,3,60.0,24.285048099870046,28.749462827675128,17.944501541623854,2.055498458376149,历史3/5次成功; 当前距低点2.06%; 最新日涨幅-11.97%; 状态bottom_area; 底部未确认
98,76.08904071530625,65.47353770081892,688248,南网科技,bottom_area,2024-02-05,17.43,2024-02-05,17.13,1.7513134851138394,13.076474022183316,29.73748974569319,False,-9.1714,1.9405,2,4,2,50.0,39.12114218751869,49.406593406593416,18.248686514886163,1.7513134851138394,历史2/4次成功; 当前距低点1.75%; 最新日涨幅-9.17%; 状态bottom_area; 底部未确认
99,75.32258315616544,65.00990136671109,688302,海创药业,bottom_area,2024-02-05,29.25,2024-02-05,28.7,1.9163763066202117,19.721254355400696,31.909845788849346,False,-13.8693,1.3354,2,4,2,50.0,38.6518244398128,40.24920312952768,18.08362369337979,1.9163763066202117,历史2/4次成功; 当前距低点1.92%; 最新日涨幅-13.87%; 状态bottom_area; 底部未确认
100,75.2686461827452,62.723871818954336,603028,赛福天,bottom_area,2024-02-05,6.53,2024-02-05,6.53,0.0,11.179173047473192,31.190727081138036,False,-10.0551,1.9376,2,3,2,66.66666666666666,35.522608345632634,43.67816091954023,20.0,0.0,历史2/3次成功; 当前距低点0.00%; 最新日涨幅-10.06%; 状态bottom_area; 底部未确认
101,75.2014644362487,62.66788703020725,002235,安妮股份,bottom_area,2024-02-05,4.55,2024-02-05,4.55,0.0,9.890109890109894,29.237947122861584,False,-9.901,5.0044,2,3,2,66.66666666666666,35.221614857744996,46.16438356164384,20.0,0.0,历史2/3次成功; 当前距低点0.00%; 最新日涨幅-9.90%; 状态bottom_area; 底部未确认
102,75.13415311925012,63.21201459050675,603178,圣龙股份,bottom_area,2024-02-05,25.1,2024-02-05,24.97,0.5206247496996499,11.81417701241491,27.602203537257186,False,-9.058,5.6705,3,5,3,60.0,30.048596880763135,44.66270354096666,19.47937525030035,0.5206247496996499,历史3/5次成功; 当前距低点0.52%; 最新日涨幅-9.06%; 状态bottom_area; 底部未确认
103,74.7916966679969,64.03654248263892,603005,晶方科技,bottom_area,2024-02-05,13.73,2024-02-05,13.53,1.4781966001478277,11.01256467110126,28.639240506329124,False,-8.6494,5.0207,2,4,2,50.0,28.047477048257925,31.53503893214682,18.521803399852175,1.4781966001478277,历史2/4次成功; 当前距低点1.48%; 最新日涨幅-8.65%; 状态bottom_area; 底部未确认
104,74.42915395284328,62.02429496070273,002796,世嘉科技,bottom_area,2024-02-05,7.24,2024-02-05,7.24,0.0,11.049723756906062,29.57198443579766,False,-9.9502,2.2811,2,3,2,66.66666666666666,31.7614424410541,36.33841886269071,20.0,0.0,历史2/3次成功; 当前距低点0.00%; 最新日涨幅-9.95%; 状态bottom_area; 底部未确认
105,74.39481046420858,62.06360570153869,001296,长江材料,bottom_area,2024-02-05,16.75,2024-02-05,16.74,0.0597371565113594,10.095579450418168,29.899497487437188,False,-9.9462,7.9538,2,3,2,66.66666666666666,20.446987912461964,20.884413309982484,19.940262843488643,0.0597371565113594,历史2/3次成功; 当前距低点0.06%; 最新日涨幅-9.95%; 状态bottom_area; 底部未确认
106,74.32804776119403,61.94003980099503,002676,顺威股份,bottom_area,2024-02-05,3.19,2024-02-05,3.19,0.0,10.344827586206899,27.002288329519452,False,-9.887,2.3283,2,3,2,66.66666666666666,31.308457711442777,39.33333333333333,20.0,0.0,历史2/3次成功; 当前距低点0.00%; 最新日涨幅-9.89%; 状态bottom_area; 底部未确认
107,74.22906093906094,61.85755078255079,002375,亚厦股份,bottom_area,2024-02-05,3.2,2024-02-05,3.2,0.0,9.999999999999995,28.089887640449433,False,-9.8592,1.9475,2,3,2,66.66666666666666,30.864968364968366,36.9047619047619,20.0,0.0,历史2/3次成功; 当前距低点0.00%; 最新日涨幅-9.86%; 状态bottom_area; 底部未确认
108,74.22680899406461,61.85567416172051,000619,海螺新材,bottom_area,2024-02-05,4.46,2024-02-05,4.46,0.0,11.659192825112118,31.278890600924502,False,-9.899,4.2322,2,3,2,66.66666666666666,30.854879005665808,32.01692524682651,20.0,0.0,历史2/3次成功; 当前距低点0.00%; 最新日涨幅-9.90%; 状态bottom_area; 底部未确认
109,74.16000000000001,61.80000000000001,000957,中通客车,bottom_area,2024-02-05,6.02,2024-02-05,6.02,0.0,11.129568106312307,29.009433962264158,False,-10.0149,2.7516,2,4,2,50.0,190.25905745148648,354.54545454545456,20.0,0.0,历史2/4次成功; 当前距低点0.00%; 最新日涨幅-10.01%; 状态bottom_area; 底部未确认
110,74.15048427067732,61.792070225564444,600338,西藏珠峰,bottom_area,2024-02-05,7.74,2024-02-05,7.74,0.0,8.785529715762271,27.595884003741812,False,-10.0,3.8148,2,3,2,66.66666666666666,30.512922359665453,31.213191990577155,20.0,0.0,历史2/3次成功; 当前距低点0.00%; 最新日涨幅-10.00%; 状态bottom_area; 底部未确认
111,73.99177749616489,61.65981458013741,002584,西陇科学,bottom_area,2024-02-05,6.16,2024-02-05,6.16,0.0,11.038961038961034,31.40311804008909,False,-9.9415,9.4307,2,4,2,50.0,49.24631494697527,68.08510638297875,20.0,0.0,历史2/4次成功; 当前距低点0.00%; 最新日涨幅-9.94%; 状态bottom_area; 底部未确认
112,73.98048201877519,62.60784916296978,300545,联得装备,bottom_area,2024-02-05,20.38,2024-02-05,20.21,0.8411677387431873,13.458683819891137,28.001425008906306,False,-11.6219,5.3576,2,3,2,66.66666666666666,32.95185451955683,41.33891213389123,19.158832261256816,0.8411677387431873,历史2/3次成功; 当前距低点0.84%; 最新日涨幅-11.62%; 状态bottom_area; 底部未确认
113,73.8925142857143,61.57709523809525,603109,神驰机电,bottom_area,2024-02-05,11.26,2024-02-05,11.26,0.0,10.923623445825935,28.643852978453737,False,-9.992,2.5044,2,3,2,66.66666666666666,29.35714285714286,33.71428571428571,20.0,0.0,历史2/3次成功; 当前距低点0.00%; 最新日涨幅-9.99%; 状态bottom_area; 底部未确认
114,73.81883430890784,63.68703259305668,688167,炬光科技,bottom_area,2024-02-05,63.99,2024-02-05,62.8,1.894904458598734,17.484076433121025,31.70943888647238,False,-13.6204,7.1056,2,4,2,50.0,31.276423433665595,39.13715105373497,18.105095541401266,1.894904458598734,历史2/4次成功; 当前距低点1.89%; 最新日涨幅-13.62%; 状态bottom_area; 底部未确认
115,73.74857048305617,61.62501606046289,600343,航天动力,bottom_area,2024-02-05,6.73,2024-02-05,6.72,0.14880952380953386,11.160714285714286,29.48583420776495,False,-9.9063,2.2504,2,4,2,50.0,38.62527835886361,55.72413793103447,19.851190476190467,0.14880952380953386,历史2/4次成功; 当前距低点0.15%; 最新日涨幅-9.91%; 状态bottom_area; 底部未确认
116,73.72819796833647,61.44016497361373,001332,锡装股份,bottom_area,2024-02-05,21.95,2024-02-05,21.95,0.0,12.072892938496594,28.91839378238342,False,-10.0041,5.7404,2,3,2,66.66666666666666,28.620958639500337,31.086142322097377,20.0,0.0,历史2/3次成功; 当前距低点0.00%; 最新日涨幅-10.00%; 状态bottom_area; 底部未确认
117,73.64881858802502,61.37401549002086,002658,雪迪龙,bottom_area,2024-02-05,5.18,2024-02-05,5.18,0.0,12.934362934362934,28.55172413793104,False,-9.913,2.8819,2,3,2,66.66666666666666,28.265316254592392,34.81481481481481,20.0,0.0,历史2/3次成功; 当前距低点0.00%; 最新日涨幅-9.91%; 状态bottom_area; 底部未确认
118,73.62202485363201,61.351687378026675,002125,湘潭电化,bottom_area,2024-02-05,6.7,2024-02-05,6.7,0.0,10.746268656716413,29.84293193717278,False,-9.9462,2.139,2,3,2,66.66666666666666,28.145272641720464,32.067510548523195,20.0,0.0,历史2/3次成功; 当前距低点0.00%; 最新日涨幅-9.95%; 状态bottom_area; 底部未确认
119,73.54874223602485,61.290618530020716,002642,荣联科技,bottom_area,2024-02-05,4.73,2024-02-05,4.73,0.0,10.14799154334037,31.84438040345821,False,-10.076,3.9758,2,3,2,66.66666666666666,27.816945501903422,35.253456221198164,20.0,0.0,历史2/3次成功; 当前距低点0.00%; 最新日涨幅-10.08%; 状态bottom_area; 底部未确认
120,73.39617607983982,61.16348006653318,002326,永太科技,bottom_area,2024-02-05,8.16,2024-02-05,8.16,0.0,10.294117647058822,31.139240506329113,False,-10.0331,2.797,2,3,2,66.66666666666666,27.133405375626396,29.837587006960554,20.0,0.0,历史2/3次成功; 当前距低点0.00%; 最新日涨幅-10.03%; 状态bottom_area; 底部未确认
121,73.35144704219779,64.98998982891504,688317,之江生物,bottom_area,2024-02-05,13.26,2024-02-05,12.83,3.351519875292282,14.341387373343725,31.646244006393175,False,-9.6115,1.5354,2,3,2,66.66666666666666,36.69241117158478,38.96296296296296,16.64848012470772,3.351519875292282,历史2/3次成功; 当前距低点3.35%; 最新日涨幅-9.61%; 状态bottom_area; 底部未确认
122,73.04627883546667,60.87189902955556,603327,福蓉科技,bottom_area,2024-02-05,8.2,2024-02-05,8.2,0.0,10.975609756097567,27.30496453900709,False,-9.989,0.8471,2,4,2,50.0,45.01020983632018,52.609776304888165,20.0,0.0,历史2/4次成功; 当前距低点0.00%; 最新日涨幅-9.99%; 状态bottom_area; 底部未确认
123,72.91126608695652,60.7593884057971,000605,渤海股份,bottom_area,2024-02-05,4.55,2024-02-05,4.55,0.0,12.307692307692319,30.000000000000004,False,-10.0791,3.2488,2,3,2,66.66666666666666,24.960869565217386,29.39999999999999,20.0,0.0,历史2/3次成功; 当前距低点0.00%; 最新日涨幅-10.08%; 状态bottom_area; 底部未确认
124,72.48965668303792,63.56508833288493,300542,新晨科技,bottom_area,2024-02-05,8.49,2024-02-05,8.26,2.784503631961264,11.380145278450357,28.04878048780488,False,-7.1116,4.0475,2,3,2,66.66666666666666,22.081128747795418,22.574955908289247,17.21549636803874,2.784503631961264,历史2/3次成功; 当前距低点2.78%; 最新日涨幅-7.11%; 状态bottom_area; 底部未确认
125,72.29132746790846,63.519986265075055,301371,敷尔佳,bottom_area,2024-02-05,25.94,2024-02-05,25.21,2.8956763189210646,11.463704879016264,28.278805120910377,False,-7.6868,6.7315,2,3,2,66.66666666666666,23.201406481443037,25.879396984924636,17.104323681078938,2.8956763189210646,历史2/3次成功; 当前距低点2.90%; 最新日涨幅-7.69%; 状态bottom_area; 底部未确认
126,72.03662557544041,60.030521312867016,000695,滨海能源,bottom_area,2024-02-05,6.98,2024-02-05,6.98,0.0,12.60744985673352,32.23300970873787,False,-10.0515,2.0377,2,3,2,66.66666666666666,21.042229280647017,21.910112359550556,20.0,0.0,历史2/3次成功; 当前距低点0.00%; 最新日涨幅-10.05%; 状态bottom_area; 底部未确认
127,71.04014569009793,63.31604312246508,603185,弘元绿能,bottom_area,2024-02-05,22.28,2024-02-05,21.49,3.676128431828771,10.516519311307594,29.77124183006537,False,-6.7002,1.772,3,5,3,60.0,29.449548102336955,43.51028702057404,16.32387156817123,3.676128431828771,历史3/5次成功; 当前距低点3.68%; 最新日涨幅-6.70%; 状态bottom_area; 底部未确认
128,70.97159776550008,62.860558020871494,300339,润和软件,bottom_area,2024-02-05,17.67,2024-02-05,17.1,3.333333333333335,12.163742690058468,28.361960620025133,False,-7.9208,6.5198,2,3,2,66.66666666666666,25.020921259165775,25.615763546798025,16.666666666666664,3.333333333333335,历史2/3次成功; 当前距低点3.33%; 最新日涨幅-7.92%; 状态bottom_area; 底部未确认
129,70.6504560332871,58.875380027739254,600202,哈空调,bottom_area,2024-02-05,4.14,2024-02-05,4.14,0.0,9.66183574879228,30.067567567567572,False,-10.0,2.9462,2,4,2,50.0,34.27623670827554,41.50485436893204,20.0,0.0,历史2/4次成功; 当前距低点0.00%; 最新日涨幅-10.00%; 状态bottom_area; 底部未确认
130,69.80007759532032,61.07506789590528,688318,财富趋势,bottom_area,2024-02-05,90.86,2024-02-05,88.5,2.666666666666666,8.47457627118644,27.45306992376424,False,-7.2857,2.5608,2,4,2,50.0,26.693913418845582,31.374999999999996,17.333333333333336,2.666666666666666,历史2/4次成功; 当前距低点2.67%; 最新日涨幅-7.29%; 状态bottom_area; 底部未确认
131,69.65681649433164,58.047347078609704,002534,西子洁能,bottom_area,2024-02-05,7.87,2024-02-05,7.87,0.0,10.419313850063524,30.292294065544723,False,-9.9542,0.9211,2,4,2,50.0,29.824446659191896,33.11594202898551,20.0,0.0,历史2/4次成功; 当前距低点0.00%; 最新日涨幅-9.95%; 状态bottom_area; 底部未确认
132,69.59618767660416,60.28578020167146,300511,雪榕生物,confirmed_rebound,2024-02-05,3.38,2024-02-05,3.31,2.1148036253776388,20.845921450151057,32.31083844580777,False,-14.6465,5.4808,2,4,2,50.0,25.900712191034756,29.220779220779214,17.88519637462236,2.1148036253776388,历史2/4次成功; 当前距低点2.11%; 最新日涨幅-14.65%; 状态confirmed_rebound; 底部未确认
133,69.31131539521783,57.75942949601487,002357,富临运业,bottom_area,2024-02-05,5.02,2024-02-05,5.02,0.0,10.756972111553786,29.691876750700285,False,-10.0358,5.6968,2,4,2,50.0,28.276502666746573,31.941031941031934,20.0,0.0,历史2/4次成功; 当前距低点0.00%; 最新日涨幅-10.04%; 状态bottom_area; 底部未确认
134,69.24463753723931,57.7038646143661,002494,华斯股份,bottom_area,2024-02-05,3.45,2024-02-05,3.45,0.0,11.014492753623186,32.35294117647058,False,-9.9217,3.1595,2,4,2,50.0,27.977766743903775,35.67251461988303,20.0,0.0,历史2/4次成功; 当前距低点0.00%; 最新日涨幅-9.92%; 状态bottom_area; 底部未确认
135,69.1397665053603,57.616472087800254,002806,华锋股份,bottom_area,2024-02-05,7.56,2024-02-05,7.56,0.0,11.50793650793651,32.800000000000004,False,-10.0,3.5619,2,4,2,50.0,27.507914450538966,34.66407010710809,20.0,0.0,历史2/4次成功; 当前距低点0.00%; 最新日涨幅-10.00%; 状态bottom_area; 底部未确认
136,68.9643855981417,57.47032133178476,000715,中兴商业,bottom_area,2024-02-05,5.52,2024-02-05,5.52,0.0,10.507246376811597,29.59183673469388,False,-9.9511,4.7208,2,4,2,50.0,26.722157697767457,29.105691056910565,20.0,0.0,历史2/4次成功; 当前距低点0.00%; 最新日涨幅-9.95%; 状态bottom_area; 底部未确认
137,68.95673842234555,57.46394868528797,000428,华天酒店,bottom_area,2024-02-05,2.76,2024-02-05,2.76,0.0,10.869565217391315,32.01970443349754,False,-10.0977,2.8209,2,4,2,50.0,26.687896157462177,28.045977011494273,20.0,0.0,历史2/4次成功; 当前距低点0.00%; 最新日涨幅-10.10%; 状态bottom_area; 底部未确认
138,68.86925464037766,60.39247897677068,300534,陇神戎发,bottom_area,2024-02-05,6.64,2024-02-05,6.46,2.786377708978324,14.70588235294118,28.93289328932893,False,-10.3914,3.91,2,4,2,50.0,24.491506200221796,26.86762778505898,17.213622291021675,2.786377708978324,历史2/4次成功; 当前距低点2.79%; 最新日涨幅-10.39%; 状态bottom_area; 底部未确认
139,68.82682613994774,58.3870348223251,688056,莱伯泰科,bottom_area,2024-02-05,19.72,2024-02-05,19.53,0.9728622631848322,15.616999487967215,32.37534626038781,False,-12.8205,1.3693,2,4,2,50.0,31.318068722508198,33.63914373088685,19.02713773681517,0.9728622631848322,历史2/4次成功; 当前距低点0.97%; 最新日涨幅-12.82%; 状态bottom_area; 底部未确认
140,68.59851235628754,57.390729613733924,000430,张家界,bottom_area,2024-02-05,4.67,2024-02-05,4.66,0.214592274678107,10.515021459227473,30.75780089153046,False,-9.8456,4.0754,1,2,1,50.0,53.99999999999999,53.99999999999999,19.785407725321893,0.214592274678107,历史1/2次成功; 当前距低点0.21%; 最新日涨幅-9.85%; 状态bottom_area; 底部未确认
141,68.49815579052378,57.08179649210315,002845,同兴达,bottom_area,2024-02-05,11.04,2024-02-05,11.04,0.0,10.507246376811597,29.09441233140656,False,-10.0244,4.8466,2,4,2,50.0,24.63331447367287,25.83258325832584,20.0,0.0,历史2/4次成功; 当前距低点0.00%; 最新日涨幅-10.02%; 状态bottom_area; 底部未确认
142,68.37416717517095,56.9784726459758,002759,天际股份,bottom_area,2024-02-05,6.92,2024-02-05,6.92,0.0,10.549132947976885,28.06652806652806,False,-10.013,2.0623,2,4,2,50.0,24.07780992460108,27.166666666666668,20.0,0.0,历史2/4次成功; 当前距低点0.00%; 最新日涨幅-10.01%; 状态bottom_area; 底部未确认
143,68.33141517278223,60.21547554112483,605266,健之佳,bottom_area,2024-02-05,44.19,2024-02-05,42.88,3.0550373134328246,8.302238805970138,32.333911945715634,False,-3.452,0.852,2,4,2,50.0,26.833121590062774,33.154615273148806,16.944962686567177,3.0550373134328246,历史2/4次成功; 当前距低点3.06%; 最新日涨幅-3.45%; 状态bottom_area; 底部未确认
144,68.28749240695085,56.90624367245904,600152,维科技术,bottom_area,2024-02-05,4.46,2024-02-05,4.46,0.0,10.313901345291479,29.318541996830422,False,-10.0806,2.3004,2,4,2,50.0,23.6894821099949,24.87644151565074,20.0,0.0,历史2/4次成功; 当前距低点0.00%; 最新日涨幅-10.08%; 状态bottom_area; 底部未确认
145,68.19950060581327,57.70180124223603,000678,襄阳轴承,bottom_area,2024-02-05,4.87,2024-02-01,4.83,0.828157349896481,12.836438923395447,27.368421052631582,True,-9.9815,6.1566,1,2,1,50.0,121.62162162162164,121.62162162162164,19.17184265010352,0.828157349896481,历史1/2次成功; 当前距低点0.83%; 最新日涨幅-9.98%; 状态bottom_area; 底部已确认
146,67.98546914871366,56.65455762392805,603196,璞源材料,bottom_area,2024-02-05,9.01,2024-02-05,9.01,0.0,9.43396226415094,28.83096366508689,False,-9.99,1.3573,2,4,2,50.0,22.33633131144113,22.85714285714286,20.0,0.0,历史2/4次成功; 当前距低点0.00%; 最新日涨幅-9.99%; 状态bottom_area; 底部未确认
147,67.97333515039549,60.61776651576333,300607,拓斯达,bottom_area,2024-02-05,9.23,2024-02-05,8.9,3.707865168539327,15.168539325842692,29.477020602218694,False,-10.3883,4.3051,2,4,2,50.0,36.99838225824183,45.9265890778872,16.292134831460675,3.707865168539327,历史2/4次成功; 当前距低点3.71%; 最新日涨幅-10.39%; 状态bottom_area; 底部未确认
148,67.95664008082018,58.15360398114196,002026,山东威达,bottom_area,2024-02-05,6.3,2024-02-05,6.21,1.4492753623188384,9.82286634460548,29.028571428571432,False,-8.6957,2.4756,1,2,1,50.0,29.397590361445776,29.397590361445776,18.550724637681164,1.4492753623188384,历史1/2次成功; 当前距低点1.45%; 最新日涨幅-8.70%; 状态bottom_area; 底部未确认
149,67.56670296369695,56.3055858030808,600984,建设机械,bottom_area,2024-02-05,2.39,2024-02-05,2.39,0.0,11.71548117154811,29.70588235294117,False,-10.1504,1.7672,2,4,2,50.0,20.460138726240874,20.705882352941174,20.0,0.0,历史2/4次成功; 当前距低点0.00%; 最新日涨幅-10.15%; 状态bottom_area; 底部未确认
150,67.35259509562249,56.43694621660288,000712,锦龙股份,bottom_area,2024-02-05,10.02,2024-02-05,9.99,0.30030030030029387,10.210210210210207,30.480167014613773,False,-9.5668,3.1488,1,2,1,50.0,45.922746781115876,45.922746781115876,19.699699699699707,0.30030030030029387,历史1/2次成功; 当前距低点0.30%; 最新日涨幅-9.57%; 状态bottom_area; 底部未确认
151,67.24103858955691,58.01187643020596,300337,银邦股份,bottom_area,2024-02-05,4.84,2024-02-05,4.75,1.8947368421052602,16.84210526315789,30.35190615835777,False,-12.9496,4.9459,1,2,1,50.0,34.09610983981694,34.09610983981694,18.10526315789474,1.8947368421052602,历史1/2次成功; 当前距低点1.89%; 最新日涨幅-12.95%; 状态bottom_area; 底部未确认
152,67.22892337237471,60.63498326198399,300402,宝色股份,bottom_area,2024-02-05,13.26,2024-02-05,12.71,4.327301337529495,15.814319433516912,30.546448087431692,False,-10.3448,2.0754,2,4,2,50.0,44.68403393307115,61.64021164021163,15.672698662470506,4.327301337529495,历史2/4次成功; 当前距低点4.33%; 最新日涨幅-10.34%; 状态bottom_area; 底部未确认
153,67.05243410781014,57.83210918278216,603200,上海洗霸,bottom_area,2024-02-05,14.1,2024-02-05,13.84,1.8786127167630042,10.549132947976885,31.349206349206348,False,-8.3225,3.4164,1,2,1,50.0,32.93196869355809,32.93196869355809,18.121387283237,1.8786127167630042,历史1/2次成功; 当前距低点1.88%; 最新日涨幅-8.32%; 状态bottom_area; 底部未确认
154,67.04961025627753,57.57018259935553,600935,华塑股份,bottom_area,2024-02-05,2.49,2024-02-05,2.45,1.632653061224491,10.20408163265306,28.3625730994152,False,-8.1181,0.9446,1,2,1,50.0,28.50877192982458,28.50877192982458,18.367346938775512,1.632653061224491,历史1/2次成功; 当前距低点1.63%; 最新日涨幅-8.12%; 状态bottom_area; 底部未确认
155,67.0477328105602,56.49742006615216,000762,西藏矿业,bottom_area,2024-02-05,18.25,2024-02-05,18.14,0.6063947078280013,10.363836824696797,30.84254670224933,False,-9.4742,4.5895,1,2,1,50.0,71.15671641791043,71.15671641791043,19.393605292172,0.6063947078280013,历史1/2次成功; 当前距低点0.61%; 最新日涨幅-9.47%; 状态bottom_area; 底部未确认
156,66.72000000000001,55.60000000000001,000663,永安林业,bottom_area,2024-02-05,5.54,2024-02-05,5.54,0.0,10.108303249097466,31.604938271604933,False,-10.0649,4.9165,1,2,1,50.0,50.39215686274511,50.39215686274511,20.0,0.0,历史1/2次成功; 当前距低点0.00%; 最新日涨幅-10.06%; 状态bottom_area; 底部未确认
157,66.72000000000001,55.60000000000001,000757,浩物股份,bottom_area,2024-02-05,3.13,2024-02-05,3.13,0.0,8.945686900958474,31.208791208791208,False,-10.0575,2.5983,1,2,1,50.0,52.941176470588246,52.941176470588246,20.0,0.0,历史1/2次成功; 当前距低点0.00%; 最新日涨幅-10.06%; 状态bottom_area; 底部未确认
158,66.72000000000001,55.60000000000001,002426,胜利精密,bottom_area,2024-02-05,1.45,2024-02-05,1.45,0.0,11.0344827586207,31.603773584905664,False,-9.9379,2.2375,1,2,1,50.0,51.31578947368419,51.31578947368419,20.0,0.0,历史1/2次成功; 当前距低点0.00%; 最新日涨幅-9.94%; 状态bottom_area; 底部未确认
159,66.72000000000001,55.60000000000001,002577,雷柏科技,bottom_area,2024-02-05,10.77,2024-02-05,10.77,0.0,10.956360259981428,30.872913992297825,False,-10.0251,2.4085,1,2,1,50.0,50.0,50.0,20.0,0.0,历史1/2次成功; 当前距低点0.00%; 最新日涨幅-10.03%; 状态bottom_area; 底部未确认
160,66.72000000000001,55.60000000000001,002636,金安国纪,bottom_area,2024-02-05,5.4,2024-02-05,5.4,0.0,11.296296296296285,29.961089494163417,False,-10.0,1.3756,1,2,1,50.0,69.0,69.0,20.0,0.0,历史1/2次成功; 当前距低点0.00%; 最新日涨幅-10.00%; 状态bottom_area; 底部未确认
161,66.72000000000001,55.60000000000001,002657,中科金财,bottom_area,2024-02-05,11.42,2024-02-05,11.42,0.0,11.208406304728541,32.86302175191065,False,-10.0079,4.5352,1,2,1,50.0,56.540447504302946,56.540447504302946,20.0,0.0,历史1/2次成功; 当前距低点0.00%; 最新日涨幅-10.01%; 状态bottom_area; 底部未确认
162,66.72000000000001,55.60000000000001,002685,华东重机,bottom_area,2024-02-05,2.25,2024-02-05,2.25,0.0,9.333333333333332,30.124223602484477,False,-10.0,2.8498,1,2,1,50.0,109.52380952380952,109.52380952380952,20.0,0.0,历史1/2次成功; 当前距低点0.00%; 最新日涨幅-10.00%; 状态bottom_area; 底部未确认
163,66.72000000000001,55.60000000000001,605155,西大门,bottom_area,2024-02-05,10.67,2024-02-05,10.67,0.0,12.089971883786326,31.027795733678087,False,-10.0337,1.7885,1,2,1,50.0,57.16054477919933,57.16054477919933,20.0,0.0,历史1/2次成功; 当前距低点0.00%; 最新日涨幅-10.03%; 状态bottom_area; 底部未确认
164,66.72000000000001,55.60000000000001,605299,舒华体育,bottom_area,2024-02-05,6.53,2024-02-05,6.53,0.0,11.33231240428789,31.335436382754988,False,-10.0551,1.6452,1,2,1,50.0,56.12903225806454,56.12903225806454,20.0,0.0,历史1/2次成功; 当前距低点0.00%; 最新日涨幅-10.06%; 状态bottom_area; 底部未确认
165,66.57367221272412,55.708259597092805,603050,科林电气,bottom_area,2024-02-05,13.31,2024-02-05,13.28,0.2259036144578399,8.734939759036147,27.153044432254532,False,-9.7627,3.5452,1,2,1,50.0,41.09311740890686,41.09311740890686,19.774096385542162,0.2259036144578399,历史1/2次成功; 当前距低点0.23%; 最新日涨幅-9.76%; 状态bottom_area; 底部未确认
166,66.36213872125889,57.28327935222672,002106,莱宝高科,bottom_area,2024-02-05,6.89,2024-02-05,6.76,1.9230769230769214,10.94674556213018,27.467811158798288,False,-8.2557,3.1518,1,2,1,50.0,30.526315789473674,30.526315789473674,18.07692307692308,1.9230769230769214,历史1/2次成功; 当前距低点1.92%; 最新日涨幅-8.26%; 状态bottom_area; 底部未确认
167,66.13095812225599,55.10913176854666,603222,济民健康,bottom_area,2024-02-05,5.22,2024-02-05,5.22,0.0,9.578544061302683,27.70083102493075,False,-10.0,2.1968,3,8,3,37.5,41.11092348681001,68.46504559270518,20.0,0.0,历史3/8次成功; 当前距低点0.00%; 最新日涨幅-10.00%; 状态bottom_area; 底部未确认
168,65.97051999250183,56.355249701424846,603236,移远通信,bottom_area,2024-02-05,30.7,2024-02-05,30.29,1.3535820402773198,10.927698910531536,30.046189376443415,False,-8.7938,3.0424,1,4,1,25.0,39.389337383102855,39.389337383102855,18.64641795972268,1.3535820402773198,历史1/4次成功; 当前距低点1.35%; 最新日涨幅-8.79%; 状态bottom_area; 底部未确认
169,65.89733512212418,56.51411302997409,603229,奥翔药业,bottom_area,2024-02-05,8.42,2024-02-05,8.29,1.5681544028950638,11.09770808202656,27.280701754385973,False,-8.5776,1.7635,1,3,1,33.33333333333333,41.48479427549196,41.48479427549196,18.43184559710494,1.5681544028950638,历史1/3次成功; 当前距低点1.57%; 最新日涨幅-8.58%; 状态bottom_area; 底部未确认
170,65.73923082969931,56.53400167785237,600215,派斯林,bottom_area,2024-02-05,6.51,2024-02-05,6.4,1.7187499999999911,9.374999999999995,30.810810810810807,False,-8.4388,2.1253,1,2,1,50.0,23.993288590604024,23.993288590604024,18.28125000000001,1.7187499999999911,历史1/2次成功; 当前距低点1.72%; 最新日涨幅-8.44%; 状态bottom_area; 底部未确认
171,65.64614047345917,54.70511706121598,000980,众泰汽车,bottom_area,2024-02-05,1.95,2024-02-05,1.95,0.0,10.256410256410255,28.044280442804432,False,-9.7222,2.4724,2,5,2,40.0,33.52213473772031,43.49775784753364,20.0,0.0,历史2/5次成功; 当前距低点0.00%; 最新日涨幅-9.72%; 状态bottom_area; 底部未确认
172,65.57863636363635,54.64886363636363,002722,物产金轮,bottom_area,2024-02-05,10.22,2024-02-05,10.22,0.0,10.567514677103718,28.17990161630358,False,-10.0352,2.3918,1,2,1,50.0,44.886363636363626,44.886363636363626,20.0,0.0,历史1/2次成功; 当前距低点0.00%; 最新日涨幅-10.04%; 状态bottom_area; 底部未确认
173,65.52417582417586,56.787619047619074,300446,航天智造,bottom_area,2024-02-05,10.01,2024-02-05,9.8,2.142857142857133,17.14285714285714,31.707317073170728,False,-12.8049,7.9002,1,3,1,33.33333333333333,51.92697768762679,51.92697768762679,17.85714285714287,2.142857142857133,历史1/3次成功; 当前距低点2.14%; 最新日涨幅-12.80%; 状态bottom_area; 底部未确认
174,65.4879404197698,54.573283683141504,002761,浙江建投,bottom_area,2024-02-05,7.72,2024-02-05,7.72,0.0,9.974093264248712,27.032136105860115,False,-10.0233,3.5807,2,5,2,40.0,32.81335313516938,43.73730534867976,20.0,0.0,历史2/5次成功; 当前距低点0.00%; 最新日涨幅-10.02%; 状态bottom_area; 底部未确认
175,65.35811628604876,57.55863941427701,688055,龙腾光电,bottom_area,2024-02-05,3.07,2024-02-05,2.98,3.020134228187915,16.10738255033557,29.383886255924168,False,-11.2717,0.4381,1,2,1,50.0,45.45454545454546,45.45454545454546,16.979865771812086,3.020134228187915,历史1/2次成功; 当前距低点3.02%; 最新日涨幅-11.27%; 状态bottom_area; 底部未确认
176,65.31066666666668,54.42555555555556,000889,中嘉博创,bottom_area,2024-02-05,1.62,2024-02-05,1.62,0.0,0.0,31.93277310924369,False,-4.7059,0.1943,2,5,2,40.0,32.019115890083626,34.408602150537625,20.0,0.0,历史2/5次成功; 当前距低点0.00%; 最新日涨幅-4.71%; 状态bottom_area; 底部未确认
177,65.13328143849668,59.21155238867477,688235,百济神州,bottom_area,2024-02-05,103.19,2024-02-05,98.5,4.761421319796952,7.380710659898473,28.37926270631862,False,1.1567,2.7992,1,2,1,50.0,42.997811816192545,42.997811816192545,15.23857868020305,4.761421319796952,历史1/2次成功; 当前距低点4.76%; 最新日涨幅1.16%; 状态bottom_area; 底部未确认
178,64.92342890481416,54.22498576700055,000503,国新健康,bottom_area,2024-02-05,8.14,2024-02-05,8.13,0.12300123001229749,11.070110701106993,30.094582975064487,False,-9.856,3.4627,1,2,1,50.0,31.85714285714286,31.85714285714286,19.876998769987704,0.12300123001229749,历史1/2次成功; 当前距低点0.12%; 最新日涨幅-9.86%; 状态bottom_area; 底部未确认
179,64.67746801897428,55.34746651990463,688101,三达膜,bottom_area,2024-02-05,9.1,2024-02-05,8.97,1.4492753623188293,14.827201783723524,29.09090909090909,False,-11.6505,0.9961,1,3,1,33.33333333333333,33.755274261603375,33.755274261603375,18.55072463768117,1.4492753623188293,历史1/3次成功; 当前距低点1.45%; 最新日涨幅-11.65%; 状态bottom_area; 底部未确认
180,64.66165760475049,55.728359651579915,300533,冰川网络,bottom_area,2024-02-05,19.95,2024-02-05,19.59,1.8376722817764135,15.109749872383874,31.263157894736842,False,-9.9323,6.9461,1,3,1,33.33333333333333,40.564081294068856,40.564081294068856,18.162327718223587,1.8376722817764135,历史1/3次成功; 当前距低点1.84%; 最新日涨幅-9.93%; 状态bottom_area; 底部未确认
181,64.59717391304348,53.830978260869564,600148,长春一东,bottom_area,2024-02-05,11.45,2024-02-05,11.45,0.0,9.08296943231442,28.837787445618403,False,-9.9843,2.1956,1,2,1,50.0,40.489130434782616,40.489130434782616,20.0,0.0,历史1/2次成功; 当前距低点0.00%; 最新日涨幅-9.98%; 状态bottom_area; 底部未确认
182,64.3523200272518,55.14728455943615,300507,苏奥传感,bottom_area,2024-02-05,3.99,2024-02-05,3.93,1.5267175572519098,16.28498727735369,31.53310104529617,False,-12.6915,3.7275,1,3,1,33.33333333333333,33.6283185840708,33.6283185840708,18.47328244274809,1.5267175572519098,历史1/3次成功; 当前距低点1.53%; 最新日涨幅-12.69%; 状态bottom_area; 底部未确认
183,64.33294197031037,56.25526315789473,002497,雅化集团,bottom_area,2024-02-05,8.58,2024-02-05,8.36,2.631578947368429,12.20095693779906,29.924559932942163,False,-7.2432,2.5289,1,2,1,50.0,33.68421052631579,33.68421052631579,17.36842105263157,2.631578947368429,历史1/2次成功; 当前距低点2.63%; 最新日涨幅-7.24%; 状态bottom_area; 底部未确认
184,64.0938177067434,55.413309175761974,688327,云从科技,bottom_area,2024-02-05,10.15,2024-02-05,9.95,2.0100502512562923,16.78391959798995,31.708991077556632,False,-12.5754,5.0213,2,6,2,33.33333333333333,24.31661513598373,25.853071055800886,17.989949748743708,2.0100502512562923,历史2/6次成功; 当前距低点2.01%; 最新日涨幅-12.58%; 状态bottom_area; 底部未确认
185,64.05798165137615,53.38165137614679,002495,佳隆股份,bottom_area,2024-02-05,2.09,2024-02-05,2.09,0.0,11.004784688995215,27.430555555555557,False,-9.9138,2.7301,1,2,1,50.0,38.07339449541283,38.07339449541283,20.0,0.0,历史1/2次成功; 当前距低点0.00%; 最新日涨幅-9.91%; 状态bottom_area; 底部未确认
186,63.893356814010524,56.79409494578712,688320,禾川科技,bottom_area,2024-02-05,22.88,2024-02-05,22.1,3.529411764705871,13.936651583710399,30.04115226337448,False,-11.7965,2.9164,2,5,2,40.0,35.920181555465064,38.29133374308544,16.47058823529413,3.529411764705871,历史2/5次成功; 当前距低点3.53%; 最新日涨幅-11.80%; 状态bottom_area; 底部未确认
187,63.84672242249458,53.20560201874549,002172,澳洋健康,bottom_area,2024-02-05,2.76,2024-02-05,2.76,0.0,10.869565217391315,29.41176470588236,False,-10.0977,5.5689,2,5,2,40.0,25.46022590723384,29.824561403508774,20.0,0.0,历史2/5次成功; 当前距低点0.00%; 最新日涨幅-10.10%; 状态bottom_area; 底部未确认
188,63.83572027205418,55.9413241616509,300351,永贵电器,bottom_area,2024-02-05,12.33,2024-02-05,12.0,2.750000000000001,14.916666666666659,30.354033662217066,False,-9.7365,6.4698,1,2,1,50.0,33.447979363714516,33.447979363714516,17.25,2.750000000000001,历史1/2次成功; 当前距低点2.75%; 最新日涨幅-9.74%; 状态bottom_area; 底部未确认
189,63.509796288089646,57.01570032647737,300393,中来股份,bottom_area,2024-02-05,7.41,2024-02-05,7.12,4.073033707865169,13.904494382022461,30.73929961089494,False,-8.6313,2.7812,2,4,2,50.0,22.108694518333078,23.89610389610389,15.92696629213483,4.073033707865169,历史2/4次成功; 当前距低点4.07%; 最新日涨幅-8.63%; 状态bottom_area; 底部未确认
190,63.10848532266882,53.83612711806269,603033,三维股份,bottom_area,2024-02-05,10.3,2024-02-05,10.17,1.2782694198623479,11.799410029498517,29.619377162629757,False,-8.8496,1.265,1,4,1,25.0,24.922480620155024,24.922480620155024,18.721730580137653,1.2782694198623479,历史1/4次成功; 当前距低点1.28%; 最新日涨幅-8.85%; 状态bottom_area; 底部未确认
191,63.09185185185186,52.57654320987655,002278,神开股份,bottom_area,2024-02-05,3.92,2024-02-05,3.92,0.0,10.459183673469392,29.749103942652333,False,-10.0917,4.4413,1,2,1,50.0,33.74485596707818,33.74485596707818,20.0,0.0,历史1/2次成功; 当前距低点0.00%; 最新日涨幅-10.09%; 状态bottom_area; 底部未确认
192,63.04527357803101,53.677278701295414,300473,德尔股份,bottom_area,2024-02-05,12.09,2024-02-05,11.95,1.1715481171548165,17.489539748953973,29.038004750593828,False,-13.766,3.8472,1,3,1,33.33333333333333,21.37137137137137,21.37137137137137,18.828451882845183,1.1715481171548165,历史1/3次成功; 当前距低点1.17%; 最新日涨幅-13.77%; 状态bottom_area; 底部未确认
193,63.039323467230446,52.53276955602537,002679,福建金森,bottom_area,2024-02-05,8.66,2024-02-05,8.66,0.0,12.240184757505778,29.478827361563514,False,-9.9792,2.3096,1,2,1,50.0,33.50951374207188,33.50951374207188,20.0,0.0,历史1/2次成功; 当前距低点0.00%; 最新日涨幅-9.98%; 状态bottom_area; 底部未确认
194,62.84558122757905,54.23786538933921,300657,弘信电子,bottom_area,2024-02-05,11.72,2024-02-05,11.5,1.913043478260875,12.78260869565218,29.620563035495717,False,-10.8067,4.4947,1,3,1,33.33333333333333,33.47457627118643,33.47457627118643,18.086956521739125,1.913043478260875,历史1/3次成功; 当前距低点1.91%; 最新日涨幅-10.81%; 状态bottom_area; 底部未确认
195,62.83861127908976,53.8157358838627,688070,纵横股份,bottom_area,2024-02-05,21.09,2024-02-05,20.78,1.4918190567853644,18.76804619826756,32.81603621079857,False,-12.125,1.7436,1,3,1,33.33333333333333,26.04166666666665,26.04166666666665,18.508180943214636,1.4918190567853644,历史1/3次成功; 当前距低点1.49%; 最新日涨幅-12.12%; 状态bottom_area; 底部未确认
196,62.81753164556962,52.34794303797469,600301,华锡有色,bottom_area,2024-02-05,9.54,2024-02-05,9.54,0.0,8.490566037735855,27.50759878419454,False,-10.0,5.3059,1,2,1,50.0,32.51582278481012,32.51582278481012,20.0,0.0,历史1/2次成功; 当前距低点0.00%; 最新日涨幅-10.00%; 状态bottom_area; 底部未确认
197,62.70498348842813,54.70269681320985,600416,湘电股份,bottom_area,2024-02-05,9.83,2024-02-05,9.59,2.5026068821689282,10.531803962460895,27.840481565086527,False,-7.6995,2.3327,1,2,1,50.0,23.756131744919415,23.756131744919415,17.497393117831074,2.5026068821689282,历史1/2次成功; 当前距低点2.50%; 最新日涨幅-7.70%; 状态bottom_area; 底部未确认
198,62.58736134453781,52.15613445378151,688068,热景生物,bottom_area,2024-02-05,24.56,2024-02-05,24.56,0.0,12.540716612377858,29.078833381461173,False,-11.1754,1.9663,1,2,1,50.0,31.484593837534998,31.484593837534998,20.0,0.0,历史1/2次成功; 当前距低点0.00%; 最新日涨幅-11.18%; 状态bottom_area; 底部未确认
199,62.485162152522776,52.843951797905,002255,海陆重工,bottom_area,2024-02-05,3.76,2024-02-05,3.73,0.8042895442359197,10.455764075067027,28.131021194605015,False,-9.1787,4.8411,1,2,1,50.0,32.783505154639194,32.783505154639194,19.195710455764083,0.8042895442359197,历史1/2次成功; 当前距低点0.80%; 最新日涨幅-9.18%; 状态bottom_area; 底部未确认
200,62.47588176878465,54.57139064475349,300451,创业慧康,bottom_area,2024-02-05,3.59,2024-02-05,3.5,2.571428571428567,15.714285714285708,31.10236220472441,False,-12.2249,5.3624,1,2,1,50.0,23.89380530973452,23.89380530973452,17.428571428571434,2.571428571428567,历史1/2次成功; 当前距低点2.57%; 最新日涨幅-12.22%; 状态bottom_area; 底部未确认
201,62.46474820143885,52.05395683453238,000688,国城矿业,bottom_area,2024-02-05,7.49,2024-02-05,7.49,0.0,11.214953271028035,27.42248062015504,False,-9.976,0.9118,1,2,1,50.0,30.935251798561143,30.935251798561143,20.0,0.0,历史1/2次成功; 当前距低点0.00%; 最新日涨幅-9.98%; 状态bottom_area; 底部未确认
202,62.4608695652174,52.05072463768117,002860,星帅尔,bottom_area,2024-02-05,7.88,2024-02-05,7.88,0.0,10.406091370558368,29.45389435989257,False,-9.9429,3.9622,1,2,1,50.0,30.917874396135282,30.917874396135282,20.0,0.0,历史1/2次成功; 当前距低点0.00%; 最新日涨幅-9.94%; 状态bottom_area; 底部未确认
203,62.379999999999995,51.983333333333334,002363,隆基机械,bottom_area,2024-02-05,5.19,2024-02-05,5.19,0.0,10.789980732177256,27.51396648044692,False,-10.052,2.9091,1,3,1,33.33333333333333,54.96828752642705,54.96828752642705,20.0,0.0,历史1/3次成功; 当前距低点0.00%; 最新日涨幅-10.05%; 状态bottom_area; 底部未确认
204,62.379999999999995,51.983333333333334,002551,尚荣医疗,bottom_area,2024-02-05,2.63,2024-02-05,2.63,0.0,11.02661596958175,31.510416666666668,False,-9.9315,3.4291,1,3,1,33.33333333333333,52.61780104712043,52.61780104712043,20.0,0.0,历史1/3次成功; 当前距低点0.00%; 最新日涨幅-9.93%; 状态bottom_area; 底部未确认
205,62.379999999999995,51.983333333333334,002585,双星新材,bottom_area,2024-02-05,5.04,2024-02-05,5.04,0.0,12.896825396825404,29.411764705882348,False,-10.0,2.7785,1,3,1,33.33333333333333,56.338028169014066,56.338028169014066,20.0,0.0,历史1/3次成功; 当前距低点0.00%; 最新日涨幅-10.00%; 状态bottom_area; 底部未确认
206,62.379999999999995,51.983333333333334,002753,永东股份,bottom_area,2024-02-05,5.19,2024-02-05,5.19,0.0,11.56069364161849,31.53034300791556,False,-10.052,3.616,1,3,1,33.33333333333333,69.36936936936937,69.36936936936937,20.0,0.0,历史1/3次成功; 当前距低点0.00%; 最新日涨幅-10.05%; 状态bottom_area; 底部未确认
207,62.379999999999995,51.983333333333334,603273,天元智能,bottom_area,2024-02-05,15.23,2024-02-05,15.23,0.0,11.030860144451736,29.81566820276497,False,-9.9882,9.5077,1,3,1,33.33333333333333,201.34228187919464,201.34228187919464,20.0,0.0,历史1/3次成功; 当前距低点0.00%; 最新日涨幅-9.99%; 状态bottom_area; 底部未确认
208,62.34249225307638,53.39693023504382,688025,杰普特,bottom_area,2024-02-05,44.04,2024-02-05,43.39,1.4980410232772496,12.860106015210873,32.07576706324358,False,-9.6801,4.6914,1,3,1,33.33333333333333,23.866292660121555,23.866292660121555,18.50195897672275,1.4980410232772496,历史1/3次成功; 当前距低点1.50%; 最新日涨幅-9.68%; 状态bottom_area; 底部未确认
209,62.29115118484047,54.736036313411795,688236,春立医疗,bottom_area,2024-02-05,15.62,2024-02-05,15.18,2.898550724637678,17.127799736495398,29.91689750692521,False,-11.6516,2.2048,1,2,1,50.0,28.788881535407025,28.788881535407025,17.101449275362324,2.898550724637678,历史1/2次成功; 当前距低点2.90%; 最新日涨幅-11.65%; 状态bottom_area; 底部未确认
210,62.15797297297297,51.79831081081081,600105,永鼎股份,bottom_area,2024-02-05,3.56,2024-02-05,3.56,0.0,10.674157303370784,28.94211576846307,False,-10.101,2.6683,1,2,1,50.0,29.56081081081081,29.56081081081081,20.0,0.0,历史1/2次成功; 当前距低点0.00%; 最新日涨幅-10.10%; 状态bottom_area; 底部未确认
211,62.09593625498008,51.746613545816736,600319,亚星化学,bottom_area,2024-02-05,3.58,2024-02-05,3.58,0.0,10.614525139664801,30.620155038759687,False,-10.0503,2.425,1,2,1,50.0,29.282868525896426,29.282868525896426,20.0,0.0,历史1/2次成功; 当前距低点0.00%; 最新日涨幅-10.05%; 状态bottom_area; 底部未确认
212,62.02388070649947,52.51511904761905,002566,益盛药业,bottom_area,2024-02-05,5.81,2024-02-05,5.76,0.8680555555555525,10.763888888888891,29.841656516443372,False,-9.2188,4.641,1,2,1,50.0,31.79723502304148,31.79723502304148,19.13194444444445,0.8680555555555525,历史1/2次成功; 当前距低点0.87%; 最新日涨幅-9.22%; 状态bottom_area; 底部未确认
213,61.99638876366694,52.60455172413793,300420,五洋自控,bottom_area,2024-02-05,2.05,2024-02-05,2.03,0.9852216748768483,12.315270935960593,27.240143369175634,False,-10.8696,2.2445,2,5,2,40.0,22.047619047619047,22.666666666666657,19.014778325123153,0.9852216748768483,历史2/5次成功; 当前距低点0.99%; 最新日涨幅-10.87%; 状态bottom_area; 底部未确认
214,61.921200000000006,51.601000000000006,600287,苏豪时尚,bottom_area,2024-02-05,4.36,2024-02-05,4.36,0.0,12.155963302752278,28.171334431630967,False,-9.9174,2.0021,1,2,1,50.0,28.499999999999993,28.499999999999993,20.0,0.0,历史1/2次成功; 当前距低点0.00%; 最新日涨幅-9.92%; 状态bottom_area; 底部未确认
215,61.89809414466131,51.58174512055109,001319,铭科精技,bottom_area,2024-02-05,15.75,2024-02-05,15.75,0.0,10.920634920634914,28.37653478854024,False,-10.0,2.7701,1,2,1,50.0,28.396479142747793,28.396479142747793,20.0,0.0,历史1/2次成功; 当前距低点0.00%; 最新日涨幅-10.00%; 状态bottom_area; 底部未确认
216,61.75420560747662,51.46183800623052,603333,尚纬股份,bottom_area,2024-02-05,3.86,2024-02-05,3.86,0.0,10.62176165803108,32.39929947460596,False,-10.0233,4.6567,1,3,1,33.33333333333333,47.19626168224298,47.19626168224298,20.0,0.0,历史1/3次成功; 当前距低点0.00%; 最新日涨幅-10.02%; 状态bottom_area; 底部未确认
217,61.73019230769231,51.44182692307693,002329,皇氏集团,bottom_area,2024-02-05,3.63,2024-02-05,3.63,0.0,10.468319559228648,31.76691729323309,False,-9.9256,4.4699,1,2,1,50.0,27.644230769230756,27.644230769230756,20.0,0.0,历史1/2次成功; 当前距低点0.00%; 最新日涨幅-9.93%; 状态bottom_area; 底部未确认
218,61.710300601202405,51.425250501002004,603269,海鸥股份,bottom_area,2024-02-05,8.55,2024-02-05,8.55,0.0,11.461988304093552,31.545236188951158,False,-10.0,2.6087,1,2,1,50.0,27.55511022044088,27.55511022044088,20.0,0.0,历史1/2次成功; 当前距低点0.00%; 最新日涨幅-10.00%; 状态bottom_area; 底部未确认
219,61.698951406649606,51.41579283887467,002272,川润股份,bottom_area,2024-02-05,4.1,2024-02-05,4.1,0.0,9.512195121951233,30.27210884353742,False,-9.8901,3.6677,1,4,1,25.0,48.337595907928375,48.337595907928375,20.0,0.0,历史1/4次成功; 当前距低点0.00%; 最新日涨幅-9.89%; 状态bottom_area; 底部未确认
220,61.68531932093775,51.40443276744813,605208,永茂泰,bottom_area,2024-02-05,5.9,2024-02-05,5.9,0.0,11.016949152542363,31.949250288350626,False,-10.061,3.1923,1,3,1,33.33333333333333,46.887631366208595,46.887631366208595,20.0,0.0,历史1/3次成功; 当前距低点0.00%; 最新日涨幅-10.06%; 状态bottom_area; 底部未确认
221,61.56342599549212,51.30285499624343,001322,箭牌家居,bottom_area,2024-02-05,8.35,2024-02-05,8.35,0.0,10.658682634730546,28.01724137931035,False,-10.0216,4.3268,1,2,1,50.0,26.897069872276486,26.897069872276486,20.0,0.0,历史1/2次成功; 当前距低点0.00%; 最新日涨幅-10.02%; 状态bottom_area; 底部未确认
222,61.53210810810811,51.27675675675676,603311,金海高科,bottom_area,2024-02-05,7.09,2024-02-05,7.09,0.0,11.283497884344145,29.38247011952191,False,-10.0254,1.0797,1,2,1,50.0,26.75675675675676,26.75675675675676,20.0,0.0,历史1/2次成功; 当前距低点0.00%; 最新日涨幅-10.03%; 状态bottom_area; 底部未确认
223,61.48429787234043,51.236914893617026,688160,步科股份,bottom_area,2024-02-05,30.74,2024-02-05,30.74,0.0,16.460637605725438,32.380114386273654,False,-14.9889,2.8624,1,2,1,50.0,26.542553191489354,26.542553191489354,20.0,0.0,历史1/2次成功; 当前距低点0.00%; 最新日涨幅-14.99%; 状态bottom_area; 底部未确认
224,61.422360384513446,53.73958944853736,688102,斯瑞新材,bottom_area,2024-02-05,8.1,2024-02-05,7.89,2.6615969581749046,14.321926489226868,30.361871138570173,False,-11.1842,2.4695,1,2,1,50.0,20.52704576976421,20.52704576976421,17.338403041825096,2.6615969581749046,历史1/2次成功; 当前距低点2.66%; 最新日涨幅-11.18%; 状态bottom_area; 底部未确认
225,61.38545454545454,51.154545454545456,603022,新通联,bottom_area,2024-02-05,6.7,2024-02-05,6.7,0.0,10.0,31.910569105691057,False,-9.9462,2.6286,1,2,1,50.0,26.099706744868023,26.099706744868023,20.0,0.0,历史1/2次成功; 当前距低点0.00%; 最新日涨幅-9.95%; 状态bottom_area; 底部未确认
226,61.36857142857143,51.14047619047619,002164,宁波东力,bottom_area,2024-02-05,3.77,2024-02-05,3.77,0.0,10.610079575596815,29.135338345864664,False,-10.0239,3.2986,1,3,1,33.33333333333333,45.468509984639034,45.468509984639034,20.0,0.0,历史1/3次成功; 当前距低点0.00%; 最新日涨幅-10.02%; 状态bottom_area; 底部未确认
227,61.364396782841816,51.13699731903485,603188,亚邦股份,bottom_area,2024-02-05,2.52,2024-02-05,2.52,0.0,9.920634920634921,30.76923076923077,False,-10.0,1.0184,1,2,1,50.0,26.005361930294914,26.005361930294914,20.0,0.0,历史1/2次成功; 当前距低点0.00%; 最新日涨幅-10.00%; 状态bottom_area; 底部未确认
228,61.34540334189828,52.875718169108886,300342,天银机电,bottom_area,2024-02-05,8.84,2024-02-05,8.68,1.8433179723502322,16.244239631336406,31.974921630094045,False,-12.6482,6.5637,1,4,1,25.0,26.68539325842696,26.68539325842696,18.15668202764977,1.8433179723502322,历史1/4次成功; 当前距低点1.84%; 最新日涨幅-12.65%; 状态bottom_area; 底部未确认
229,61.216678445229675,51.01389870435806,002009,天奇股份,bottom_area,2024-02-05,8.1,2024-02-05,8.1,0.0,9.876543209876552,29.195804195804197,False,-10.0,3.4205,1,3,1,33.33333333333333,44.78798586572438,44.78798586572438,20.0,0.0,历史1/3次成功; 当前距低点0.00%; 最新日涨幅-10.00%; 状态bottom_area; 底部未确认
230,61.192998643147895,50.99416553595658,000856,冀东装备,bottom_area,2024-02-05,6.19,2024-02-05,6.19,0.0,10.177705977382873,30.056497175141235,False,-10.0291,5.2276,1,2,1,50.0,25.237449118046136,25.237449118046136,20.0,0.0,历史1/2次成功; 当前距低点0.00%; 最新日涨幅-10.03%; 状态bottom_area; 底部未确认
231,61.104302691495235,51.07054008156901,000829,天音控股,bottom_area,2024-02-05,6.23,2024-02-05,6.22,0.16077170418007516,12.700964630225082,29.717514124293785,False,-9.8408,3.9461,1,3,1,33.33333333333333,34.80519480519481,34.80519480519481,19.83922829581993,0.16077170418007516,历史1/3次成功; 当前距低点0.16%; 最新日涨幅-9.84%; 状态bottom_area; 底部未确认
232,61.10415417558887,50.92012847965739,000514,渝开发,bottom_area,2024-02-05,3.16,2024-02-05,3.16,0.0,10.759493670886071,29.621380846325167,False,-9.9715,2.6163,1,2,1,50.0,24.839400428265527,24.839400428265527,20.0,0.0,历史1/2次成功; 当前距低点0.00%; 最新日涨幅-9.97%; 状态bottom_area; 底部未确认
233,61.08909093774237,53.17069226025285,002240,盛新锂能,bottom_area,2024-02-05,17.66,2024-02-05,17.25,2.3768115942028993,8.927536231884053,28.363787375415278,False,-7.3938,2.6604,1,3,1,33.33333333333333,33.42198581560282,33.42198581560282,17.6231884057971,2.3768115942028993,历史1/3次成功; 当前距低点2.38%; 最新日涨幅-7.39%; 状态bottom_area; 底部未确认
234,61.04258221680877,50.86881851400731,603078,江化微,bottom_area,2024-02-05,9.95,2024-02-05,9.95,0.0,10.452261306532673,27.793904208998548,False,-9.9548,3.0168,1,2,1,50.0,24.563540397888758,24.563540397888758,20.0,0.0,历史1/2次成功; 当前距低点0.00%; 最新日涨幅-9.95%; 状态bottom_area; 底部未确认
235,60.99999999999999,50.83333333333333,002084,海鸥住工,bottom_area,2024-02-05,2.62,2024-02-05,2.62,0.0,9.923664122137396,32.12435233160622,False,-9.9656,1.7561,1,3,1,33.33333333333333,43.81720430107525,43.81720430107525,20.0,0.0,历史1/3次成功; 当前距低点0.00%; 最新日涨幅-9.97%; 状态bottom_area; 底部未确认
236,60.93831325301205,50.78192771084338,002114,罗平锌电,bottom_area,2024-02-05,4.91,2024-02-05,4.91,0.0,10.590631364562109,29.656160458452725,False,-10.0733,3.3053,1,2,1,50.0,24.096385542168683,24.096385542168683,20.0,0.0,历史1/2次成功; 当前距低点0.00%; 最新日涨幅-10.07%; 状态bottom_area; 底部未确认
237,60.91680000000001,50.76400000000001,002580,圣阳股份,bottom_area,2024-02-05,5.42,2024-02-05,5.42,0.0,11.070110701107003,30.42362002567394,False,-9.9668,3.6669,1,2,1,50.0,24.0,24.0,20.0,0.0,历史1/2次成功; 当前距低点0.00%; 最新日涨幅-9.97%; 状态bottom_area; 底部未确认
238,60.89453924914677,50.745449374288974,000753,漳州发展,bottom_area,2024-02-05,2.84,2024-02-05,2.84,0.0,10.915492957746482,29.353233830845767,False,-10.1266,2.046,1,3,1,33.33333333333333,43.344709897610926,43.344709897610926,20.0,0.0,历史1/3次成功; 当前距低点0.00%; 最新日涨幅-10.13%; 状态bottom_area; 底部未确认
239,60.87967122318145,51.17421639050035,000153,丰原药业,bottom_area,2024-02-05,6.38,2024-02-05,6.35,0.47244094488189375,10.866141732283472,27.262313860252014,False,-9.6317,3.8375,1,3,1,33.33333333333333,39.18305597579423,39.18305597579423,19.527559055118108,0.47244094488189375,历史1/3次成功; 当前距低点0.47%; 最新日涨幅-9.63%; 状态bottom_area; 底部未确认
240,60.85759162303666,50.714659685863886,002298,中电鑫龙,bottom_area,2024-02-05,3.5,2024-02-05,3.5,0.0,9.71428571428571,29.57746478873239,False,-10.0257,2.8029,1,2,1,50.0,23.734729493891784,23.734729493891784,20.0,0.0,历史1/2次成功; 当前距低点0.00%; 最新日涨幅-10.03%; 状态bottom_area; 底部未确认
241,60.79729133858268,50.6644094488189,002451,摩恩电气,bottom_area,2024-02-05,4.73,2024-02-05,4.73,0.0,9.725158562367863,31.249999999999993,False,-9.9048,3.958,1,2,1,50.0,23.464566929133863,23.464566929133863,20.0,0.0,历史1/2次成功; 当前距低点0.00%; 最新日涨幅-9.90%; 状态bottom_area; 底部未确认
242,60.792212626897616,51.20483421834123,002864,盘龙药业,bottom_area,2024-02-05,24.13,2024-02-05,23.99,0.5835764902042542,9.629012088370164,29.00266350991418,False,-9.4899,5.557,1,2,1,50.0,21.26553019358567,21.26553019358567,19.416423509795745,0.5835764902042542,历史1/2次成功; 当前距低点0.58%; 最新日涨幅-9.49%; 状态bottom_area; 底部未确认
243,60.55640366972478,50.463669724770654,603080,新疆火炬,bottom_area,2024-02-05,11.54,2024-02-05,11.54,0.0,9.185441941074528,29.805352798053537,False,-9.9844,4.1036,1,2,1,50.0,22.385321100917427,22.385321100917427,20.0,0.0,历史1/2次成功; 当前距低点0.00%; 最新日涨幅-9.98%; 状态bottom_area; 底部未确认
244,60.55512747875354,50.46260623229462,002712,思美传媒,bottom_area,2024-02-05,3.77,2024-02-05,3.77,0.0,8.753315649867364,29.001883239171367,False,-10.0239,2.614,1,2,1,50.0,22.379603399433442,22.379603399433442,20.0,0.0,历史1/2次成功; 当前距低点0.00%; 最新日涨幅-10.02%; 状态bottom_area; 底部未确认
245,60.54145328719723,50.45121107266436,603256,宏和科技,bottom_area,2024-02-05,5.45,2024-02-05,5.45,0.0,9.357798165137611,27.333333333333332,False,-9.9174,0.4561,1,2,1,50.0,22.318339100346023,22.318339100346023,20.0,0.0,历史1/2次成功; 当前距低点0.00%; 最新日涨幅-9.92%; 状态bottom_area; 底部未确认
246,60.49449871465296,50.4120822622108,002599,盛通股份,bottom_area,2024-02-05,4.33,2024-02-05,4.33,0.0,10.161662817551951,27.712854757929883,False,-9.9792,4.3976,1,2,1,50.0,22.107969151670947,22.107969151670947,20.0,0.0,历史1/2次成功; 当前距低点0.00%; 最新日涨幅-9.98%; 状态bottom_area; 底部未确认
247,60.40803883495144,50.34003236245954,002167,东方锆业,bottom_area,2024-02-05,4.14,2024-02-05,4.14,0.0,9.66183574879228,28.98799313893654,False,-10.0,2.5869,1,3,1,33.33333333333333,41.1650485436893,41.1650485436893,20.0,0.0,历史1/3次成功; 当前距低点0.00%; 最新日涨幅-10.00%; 状态bottom_area; 底部未确认
248,60.36998109640832,50.308317580340265,000524,岭南控股,bottom_area,2024-02-05,6.48,2024-02-05,6.48,0.0,11.111111111111107,27.999999999999996,False,-10.0,1.9073,1,2,1,50.0,21.550094517958406,21.550094517958406,20.0,0.0,历史1/2次成功; 当前距低点0.00%; 最新日涨幅-10.00%; 状态bottom_area; 底部未确认
249,60.34820111731844,50.29016759776537,605177,东亚药业,bottom_area,2024-02-05,16.55,2024-02-05,16.55,0.0,11.419939577039278,29.514480408858603,False,-10.0054,2.6001,1,2,1,50.0,21.452513966480446,21.452513966480446,20.0,0.0,历史1/2次成功; 当前距低点0.00%; 最新日涨幅-10.01%; 状态bottom_area; 底部未确认
250,60.27727659574468,50.23106382978724,603038,华立股份,bottom_area,2024-02-05,8.89,2024-02-05,8.89,0.0,12.260967379077613,31.615384615384613,False,-10.0202,5.135,1,2,1,50.0,21.134751773049636,21.134751773049636,20.0,0.0,历史1/2次成功; 当前距低点0.00%; 最新日涨幅-10.02%; 状态bottom_area; 底部未确认
251,60.26927472527471,50.224395604395596,002474,榕基软件,bottom_area,2024-02-05,4.18,2024-02-05,4.18,0.0,10.765550239234454,30.217028380634396,False,-9.9138,3.2237,1,2,1,50.0,21.0989010989011,21.0989010989011,20.0,0.0,历史1/2次成功; 当前距低点0.00%; 最新日涨幅-9.91%; 状态bottom_area; 底部未确认
252,60.265,50.22083333333334,600292,电投水电,bottom_area,2024-02-05,4.49,2024-02-05,4.49,0.0,10.244988864142538,27.346278317152095,False,-10.02,2.4241,1,3,1,33.33333333333333,40.524193548387096,40.524193548387096,20.0,0.0,历史1/3次成功; 当前距低点0.00%; 最新日涨幅-10.02%; 状态bottom_area; 底部未确认
253,60.23818181818183,50.19848484848486,002519,银河电子,bottom_area,2024-02-05,3.8,2024-02-05,3.8,0.0,10.789473684210531,27.48091603053436,False,-9.9526,2.2194,1,2,1,50.0,20.959595959595962,20.959595959595962,20.0,0.0,历史1/2次成功; 当前距低点0.00%; 最新日涨幅-9.95%; 状态bottom_area; 底部未确认
254,60.222768089053815,50.18564007421151,605398,新炬网络,bottom_area,2024-02-05,18.15,2024-02-05,18.15,0.0,9.531680440771353,30.725190839694662,False,-10.0149,0.9547,1,2,1,50.0,20.890538033395174,20.890538033395174,20.0,0.0,历史1/2次成功; 当前距低点0.00%; 最新日涨幅-10.01%; 状态bottom_area; 底部未确认
255,60.15881879194632,50.1323489932886,603045,福达合金,bottom_area,2024-02-05,9.92,2024-02-05,9.92,0.0,9.576612903225799,30.483531885073578,False,-9.9819,3.3584,1,2,1,50.0,20.604026845637573,20.604026845637573,20.0,0.0,历史1/2次成功; 当前距低点0.00%; 最新日涨幅-9.98%; 状态bottom_area; 底部未确认
256,60.053465346534665,50.04455445544556,600130,波导股份,bottom_area,2024-02-05,2.97,2024-02-05,2.97,0.0,10.437710437710424,29.787234042553195,False,-10.0,3.3948,1,2,1,50.0,20.13201320132014,20.13201320132014,20.0,0.0,历史1/2次成功; 当前距低点0.00%; 最新日涨幅-10.00%; 状态bottom_area; 底部未确认
257,59.833391619979054,52.44585693362915,600110,诺德股份,bottom_area,2024-02-05,3.72,2024-02-05,3.62,2.7624309392265216,9.944751381215466,27.016129032258064,False,-7.0,1.6978,1,3,1,33.33333333333333,34.251968503937015,34.251968503937015,17.23756906077348,2.7624309392265216,历史1/3次成功; 当前距低点2.76%; 最新日涨幅-7.00%; 状态bottom_area; 底部未确认
258,59.67959474465723,52.94053084298041,300593,新雷能,bottom_area,2024-02-05,8.17,2024-02-05,7.9,3.4177215189873364,15.822784810126581,32.47863247863248,False,-10.121,3.6498,1,2,1,50.0,25.499655410062033,25.499655410062033,16.582278481012665,3.4177215189873364,历史1/2次成功; 当前距低点3.42%; 最新日涨幅-10.12%; 状态bottom_area; 底部未确认
259,59.667829824882894,52.9186959274414,688105,诺唯赞,bottom_area,2024-02-05,18.52,2024-02-05,17.91,3.405918481295363,13.735343383584594,32.996632996633,False,-9.1712,2.0375,1,2,1,50.0,25.237580993520524,25.237580993520524,16.59408151870464,3.405918481295363,历史1/2次成功; 当前距低点3.41%; 最新日涨幅-9.17%; 状态bottom_area; 底部未确认
260,59.59799426934097,49.66499522445081,000566,海南海药,bottom_area,2024-02-05,3.1,2024-02-05,3.1,0.0,10.645161290322584,30.957683741648108,False,-9.8837,1.9532,1,3,1,33.33333333333333,37.53581661891116,37.53581661891116,20.0,0.0,历史1/3次成功; 当前距低点0.00%; 最新日涨幅-9.88%; 状态bottom_area; 底部未确认
261,59.48108816076782,52.82325155457318,300346,南大光电,bottom_area,2024-02-05,17.55,2024-02-05,16.96,3.47877358490566,13.679245283018867,29.538845035313667,False,-9.0202,3.1696,1,2,1,50.0,25.61750176429076,25.61750176429076,16.521226415094343,3.47877358490566,历史1/2次成功; 当前距低点3.48%; 最新日涨幅-9.02%; 状态bottom_area; 底部未确认
262,59.34048620183302,51.48464023494862,000767,晋控电力,bottom_area,2024-02-05,2.32,2024-02-05,2.27,2.2026431718061596,11.453744493392062,27.243589743589748,False,-7.2,1.1792,1,3,1,33.33333333333333,22.22222222222223,22.22222222222223,17.79735682819384,2.2026431718061596,历史1/3次成功; 当前距低点2.20%; 最新日涨幅-7.20%; 状态bottom_area; 底部未确认
263,58.94615384615385,49.121794871794876,002693,双成药业,bottom_area,2024-02-05,4.52,2024-02-05,4.52,0.0,11.061946902654867,31.306990881458972,False,-9.9602,2.4912,1,3,1,33.33333333333333,34.61538461538462,34.61538461538462,20.0,0.0,历史1/3次成功; 当前距低点0.00%; 最新日涨幅-9.96%; 状态bottom_area; 底部未确认
264,58.911509433962266,49.09292452830189,002654,万润科技,bottom_area,2024-02-05,7.85,2024-02-05,7.85,0.0,10.573248407643314,27.112349117920147,False,-9.9771,3.958,1,4,1,25.0,35.84905660377357,35.84905660377357,20.0,0.0,历史1/4次成功; 当前距低点0.00%; 最新日涨幅-9.98%; 状态bottom_area; 底部未确认
265,58.907613277073914,51.260789267528416,002108,沧州明珠,bottom_area,2024-02-05,3.03,2024-02-05,2.96,2.3648648648648596,8.783783783783791,31.639722863741344,False,-6.4815,1.3656,1,4,1,25.0,24.3961352657005,24.3961352657005,17.63513513513514,2.3648648648648596,历史1/4次成功; 当前距低点2.36%; 最新日涨幅-6.48%; 状态bottom_area; 底部未确认
266,58.57545454545454,48.81287878787879,000890,法尔胜,bottom_area,2024-02-05,3.06,2024-02-05,3.06,0.0,11.111111111111107,30.769230769230766,False,-10.0,1.9323,1,3,1,33.33333333333333,32.954545454545446,32.954545454545446,20.0,0.0,历史1/3次成功; 当前距低点0.00%; 最新日涨幅-10.00%; 状态bottom_area; 底部未确认
267,58.530769230769224,48.77564102564102,002442,龙星科技,bottom_area,2024-02-05,3.75,2024-02-05,3.75,0.0,10.133333333333331,31.444241316270567,False,-10.0719,4.59,1,3,1,33.33333333333333,32.75434243176177,32.75434243176177,20.0,0.0,历史1/3次成功; 当前距低点0.00%; 最新日涨幅-10.07%; 状态bottom_area; 底部未确认
268,58.46991956148644,51.90506323463768,002793,罗欣药业,bottom_area,2024-02-05,3.89,2024-02-05,3.76,3.4574468085106473,13.563829787234038,27.6923076923077,False,-6.2651,2.3507,1,2,1,50.0,20.419580419580406,20.419580419580406,16.542553191489354,3.4574468085106473,历史1/2次成功; 当前距低点3.46%; 最新日涨幅-6.27%; 状态bottom_area; 底部未确认
269,58.463155893536126,48.71929657794677,002095,生意宝,bottom_area,2024-02-05,12.27,2024-02-05,12.27,0.0,10.10594947025265,27.22419928825623,False,-9.978,2.4919,1,4,1,25.0,33.84030418250951,33.84030418250951,20.0,0.0,历史1/4次成功; 当前距低点0.00%; 最新日涨幅-9.98%; 状态bottom_area; 底部未确认
270,58.379196178608126,50.994977250568766,603313,梦百合,bottom_area,2024-02-05,8.37,2024-02-05,8.16,2.5735294117646945,10.294117647058822,28.421052631578945,False,-7.7178,1.4855,1,4,1,25.0,25.52486187845302,25.52486187845302,17.426470588235308,2.5735294117646945,历史1/4次成功; 当前距低点2.57%; 最新日涨幅-7.72%; 状态bottom_area; 底部未确认
271,58.26651249807295,50.9663947219577,688357,建龙微纳,bottom_area,2024-02-05,34.88,2024-02-05,33.98,2.6486168334314475,12.095350206003552,27.88624787775892,False,-6.6631,0.8831,1,4,1,25.0,26.291618828932272,26.291618828932272,17.351383166568553,2.6486168334314475,历史1/4次成功; 当前距低点2.65%; 最新日涨幅-6.66%; 状态bottom_area; 底部未确认
272,58.226,48.52166666666667,002068,黑猫股份,bottom_area,2024-02-05,6.44,2024-02-05,6.44,0.0,10.403726708074533,32.42392444910807,False,-10.0559,3.1778,1,4,1,25.0,32.77777777777777,32.77777777777777,20.0,0.0,历史1/4次成功; 当前距低点0.00%; 最新日涨幅-10.06%; 状态bottom_area; 底部未确认
273,58.14443484956175,51.84854063018245,300370,安控科技,bottom_area,2024-02-05,1.68,2024-02-05,1.62,3.703703703703693,14.814814814814813,30.172413793103438,False,-9.6774,2.207,1,2,1,50.0,23.13432835820894,23.13432835820894,16.29629629629631,3.703703703703693,历史1/2次成功; 当前距低点3.70%; 最新日涨幅-9.68%; 状态bottom_area; 底部未确认
274,58.04,48.36666666666667,000868,安凯客车,bottom_area,2024-02-05,3.4,2024-02-05,3.4,0.0,12.05882352941177,27.966101694915253,False,-10.0529,3.0058,1,6,1,16.666666666666664,69.53846153846153,69.53846153846153,20.0,0.0,历史1/6次成功; 当前距低点0.00%; 最新日涨幅-10.05%; 状态bottom_area; 底部未确认
275,57.839684506834125,51.1738157161434,300722,新余国科,bottom_area,2024-02-05,17.35,2024-02-05,16.8,3.273809523809528,11.785714285714288,27.14657415437987,False,-8.5398,1.1144,1,5,1,20.0,45.90377113133938,45.90377113133938,16.72619047619047,3.273809523809528,历史1/5次成功; 当前距低点3.27%; 最新日涨幅-8.54%; 状态bottom_area; 底部未确认
276,57.82355029585799,48.186291913214994,002347,泰尔股份,bottom_area,2024-02-05,3.44,2024-02-05,3.44,0.0,9.883720930232553,30.50505050505051,False,-9.9476,5.1077,1,3,1,33.33333333333333,29.585798816568047,29.585798816568047,20.0,0.0,历史1/3次成功; 当前距低点0.00%; 最新日涨幅-9.95%; 状态bottom_area; 底部未确认
277,57.77389380530974,48.14491150442478,002520,日发精机,bottom_area,2024-02-05,3.73,2024-02-05,3.73,0.0,11.26005361930296,31.433823529411768,False,-9.9034,3.4284,1,4,1,25.0,30.752212389380546,30.752212389380546,20.0,0.0,历史1/4次成功; 当前距低点0.00%; 最新日涨幅-9.90%; 状态bottom_area; 底部未确认
278,57.741149011728496,48.31788670611912,300629,新劲刚,bottom_area,2024-02-05,13.27,2024-02-05,13.24,0.2265861027190284,14.803625377643497,27.5711159737418,False,-13.268,6.2407,1,3,1,33.33333333333333,20.812740252608453,20.812740252608453,19.77341389728097,0.2265861027190284,历史1/3次成功; 当前距低点0.23%; 最新日涨幅-13.27%; 状态bottom_area; 底部未确认
279,57.73528362164695,50.859746956881224,605286,同力天启,bottom_area,2024-02-05,17.99,2024-02-05,17.46,3.0355097365406505,10.080183276059552,30.271565495207664,False,-7.268,9.3004,1,4,1,25.0,30.46080191502094,30.46080191502094,16.96449026345935,3.0355097365406505,历史1/4次成功; 当前距低点3.04%; 最新日涨幅-7.27%; 状态bottom_area; 底部未确认
280,57.624089314121306,52.44033232561246,688266,泽璟制药,bottom_area,2024-02-05,34.8,2024-02-05,33.2,4.819277108433717,13.765060240963855,28.18516115076789,False,-8.0095,1.5693,1,2,1,50.0,39.990774907749085,39.990774907749085,15.180722891566283,4.819277108433717,历史1/2次成功; 当前距低点4.82%; 最新日涨幅-8.01%; 状态bottom_area; 底部未确认
281,57.6187396403116,48.33964813381969,000561,烽火电子,bottom_area,2024-02-05,5.47,2024-02-05,5.45,0.3669724770642124,11.0091743119266,28.851174934725847,False,-9.736,2.2138,1,3,1,33.33333333333333,22.65060240963854,22.65060240963854,19.63302752293579,0.3669724770642124,历史1/3次成功; 当前距低点0.37%; 最新日涨幅-9.74%; 状态bottom_area; 底部未确认
282,57.4776311844078,47.8980259870065,000159,国际实业,bottom_area,2024-02-05,4.32,2024-02-05,4.32,0.0,9.953703703703697,28.712871287128706,False,-10.0,2.7851,1,3,1,33.33333333333333,28.035982008995493,28.035982008995493,20.0,0.0,历史1/3次成功; 当前距低点0.00%; 最新日涨幅-10.00%; 状态bottom_area; 底部未确认
283,57.414127599878555,48.37052680211621,603155,新亚强,bottom_area,2024-02-05,15.19,2024-02-05,15.1,0.5960264900662242,11.854304635761597,29.570895522388064,False,-9.4756,0.4769,1,3,1,33.33333333333333,25.624375624375624,25.624375624375624,19.403973509933778,0.5960264900662242,历史1/3次成功; 当前距低点0.60%; 最新日涨幅-9.48%; 状态bottom_area; 底部未确认
284,57.302368580060424,47.75197381671702,001317,三羊马,bottom_area,2024-02-05,23.67,2024-02-05,23.67,0.0,11.068863540346419,28.01094890510949,False,-10.0,4.9327,1,3,1,33.33333333333333,27.25075528700905,27.25075528700905,20.0,0.0,历史1/3次成功; 当前距低点0.00%; 最新日涨幅-10.00%; 状态bottom_area; 底部未确认
285,57.25686669076865,51.142932288555464,688277,天智航,bottom_area,2024-02-05,7.93,2024-02-05,7.64,3.7958115183246077,16.492146596858646,32.568402471315096,False,-11.8889,1.8489,1,2,1,50.0,20.469798657718112,20.469798657718112,16.204188481675395,3.7958115183246077,历史1/2次成功; 当前距低点3.80%; 最新日涨幅-11.89%; 状态bottom_area; 底部未确认
286,57.226925368430734,51.80779197228195,002472,双环传动,bottom_area,2024-02-05,18.91,2024-02-05,18.09,4.532891100055281,8.347153123272536,29.142185663924796,False,-2.7263,2.4184,1,2,1,50.0,22.86442838929026,22.86442838929026,15.467108899944721,4.532891100055281,历史1/2次成功; 当前距低点4.53%; 最新日涨幅-2.73%; 状态bottom_area; 底部未确认
287,57.1269943289225,47.60582860743542,605162,新中港,bottom_area,2024-02-05,6.27,2024-02-05,6.27,0.0,11.483253588516758,28.34285714285715,False,-10.043,5.078,1,3,1,33.33333333333333,26.46502835538753,26.46502835538753,20.0,0.0,历史1/3次成功; 当前距低点0.00%; 最新日涨幅-10.04%; 状态bottom_area; 底部未确认
288,57.044125,47.536770833333335,605169,洪通燃气,bottom_area,2024-02-05,7.61,2024-02-05,7.61,0.0,9.067017082785812,28.07183364839319,False,-9.9408,3.1012,1,3,1,33.33333333333333,26.09375,26.09375,20.0,0.0,历史1/3次成功; 当前距低点0.00%; 最新日涨幅-9.94%; 状态bottom_area; 底部未确认
289,57.004338028169016,47.50361502347418,002279,久其软件,bottom_area,2024-02-05,4.31,2024-02-05,4.31,0.0,13.689095127610226,27.441077441077454,False,-10.0209,3.6529,1,3,1,33.33333333333333,25.915492957746476,25.915492957746476,20.0,0.0,历史1/3次成功; 当前距低点0.00%; 最新日涨幅-10.02%; 状态bottom_area; 底部未确认
290,56.96411764705883,47.47009803921569,002380,科远智慧,bottom_area,2024-02-05,10.94,2024-02-05,10.94,0.0,10.05484460694698,30.40712468193385,False,-10.0329,4.694,1,3,1,33.33333333333333,25.735294117647072,25.735294117647072,20.0,0.0,历史1/3次成功; 当前距低点0.00%; 最新日涨幅-10.03%; 状态bottom_area; 底部未确认
291,56.88532110091743,47.404434250764524,000530,冰山冷热,bottom_area,2024-02-05,3.4,2024-02-05,3.4,0.0,10.588235294117645,30.327868852459016,False,-10.0529,4.109,1,3,1,33.33333333333333,25.382262996941883,25.382262996941883,20.0,0.0,历史1/3次成功; 当前距低点0.00%; 最新日涨幅-10.05%; 状态bottom_area; 底部未确认
292,56.76750466095872,51.65503507079017,300763,锦浪科技,bottom_area,2024-02-05,53.57,2024-02-05,51.11,4.813148111915478,11.504597926041876,30.25382096069869,False,-6.4443,3.1188,1,2,1,50.0,35.693617021276594,35.693617021276594,15.186851888084524,4.813148111915478,历史1/2次成功; 当前距低点4.81%; 最新日涨幅-6.44%; 状态bottom_area; 底部未确认
293,56.7604255319149,47.30035460992908,000419,通程控股,bottom_area,2024-02-05,4.02,2024-02-05,4.02,0.0,10.69651741293534,28.342245989304825,False,-10.0671,2.8223,1,3,1,33.33333333333333,24.82269503546099,24.82269503546099,20.0,0.0,历史1/3次成功; 当前距低点0.00%; 最新日涨幅-10.07%; 状态bottom_area; 底部未确认
294,56.736228571428576,47.280190476190484,002660,茂硕电源,bottom_area,2024-02-05,6.39,2024-02-05,6.39,0.0,10.641627543036005,29.702970297029708,False,-10.0,5.0598,1,3,1,33.33333333333333,24.71428571428572,24.71428571428572,20.0,0.0,历史1/3次成功; 当前距低点0.00%; 最新日涨幅-10.00%; 状态bottom_area; 底部未确认
295,56.686380090497735,47.23865007541478,301512,智信精密,bottom_area,2024-02-05,35.7,2024-02-05,35.7,0.0,15.826330532212879,30.679611650485434,False,-13.7681,11.371,1,3,1,33.33333333333333,24.490950226244347,24.490950226244347,20.0,0.0,历史1/3次成功; 当前距低点0.00%; 最新日涨幅-13.77%; 状态bottom_area; 底部未确认
296,56.587022900763365,47.1558524173028,600203,福日电子,bottom_area,2024-02-05,4.46,2024-02-05,4.46,0.0,10.538116591928246,31.172839506172846,False,-10.0806,2.6602,1,3,1,33.33333333333333,24.045801526717554,24.045801526717554,20.0,0.0,历史1/3次成功; 当前距低点0.00%; 最新日涨幅-10.08%; 状态bottom_area; 底部未确认
297,56.580150093808626,47.15012507817386,000576,甘化科工,bottom_area,2024-02-05,5.65,2024-02-05,5.65,0.0,11.327433628318579,31.097560975609746,False,-10.0318,1.3584,1,3,1,33.33333333333333,24.015009380863045,24.015009380863045,20.0,0.0,历史1/3次成功; 当前距低点0.00%; 最新日涨幅-10.03%; 状态bottom_area; 底部未确认
298,56.53555102040816,47.11295918367347,002724,海洋王,bottom_area,2024-02-05,4.9,2024-02-05,4.9,0.0,10.20408163265306,29.1907514450867,False,-9.9265,1.8609,1,4,1,25.0,25.204081632653047,25.204081632653047,20.0,0.0,历史1/4次成功; 当前距低点0.00%; 最新日涨幅-9.93%; 状态bottom_area; 底部未确认
299,56.49777998032391,47.701718426501024,002405,四维图新,bottom_area,2024-02-05,5.64,2024-02-05,5.6,0.714285714285715,11.607142857142865,27.648578811369518,False,-9.3248,2.4042,1,3,1,33.33333333333333,23.478260869565215,23.478260869565215,19.28571428571429,0.714285714285715,历史1/3次成功; 当前距低点0.71%; 最新日涨幅-9.32%; 状态bottom_area; 底部未确认
300,56.492517967501705,49.381054700721194,300603,立昂技术,bottom_area,2024-02-05,6.68,2024-02-05,6.51,2.6113671274961585,13.978494623655916,28.303964757709256,False,-10.5756,4.0858,1,6,1,16.666666666666664,35.36723163841809,35.36723163841809,17.38863287250384,2.6113671274961585,历史1/6次成功; 当前距低点2.61%; 最新日涨幅-10.58%; 状态bottom_area; 底部未确认
301,56.42466367713005,47.02055306427504,603015,弘讯科技,bottom_area,2024-02-05,5.85,2024-02-05,5.85,0.0,10.085470085470098,29.51807228915664,False,-10.0,2.3966,1,3,1,33.33333333333333,23.318385650224208,23.318385650224208,20.0,0.0,历史1/3次成功; 当前距低点0.00%; 最新日涨幅-10.00%; 状态bottom_area; 底部未确认
302,56.42025,47.016875000000006,000545,金浦钛业,bottom_area,2024-02-05,1.97,2024-02-05,1.97,0.0,11.67512690355331,32.302405498281786,False,-10.0457,1.7996,1,4,1,25.0,24.6875,24.6875,20.0,0.0,历史1/4次成功; 当前距低点0.00%; 最新日涨幅-10.05%; 状态bottom_area; 底部未确认
303,56.39974683544304,46.99978902953587,002186,全聚德,bottom_area,2024-02-05,8.65,2024-02-05,8.65,0.0,10.982658959537565,32.47462919594067,False,-9.9896,4.3119,1,3,1,33.33333333333333,23.20675105485231,23.20675105485231,20.0,0.0,历史1/3次成功; 当前距低点0.00%; 最新日涨幅-9.99%; 状态bottom_area; 底部未确认
304,56.370769230769234,46.97564102564103,002350,北京科锐,bottom_area,2024-02-05,4.17,2024-02-05,4.17,0.0,12.230215827338125,30.383973288814698,False,-9.9352,1.8896,1,3,1,33.33333333333333,23.07692307692308,23.07692307692308,20.0,0.0,历史1/3次成功; 当前距低点0.00%; 最新日涨幅-9.94%; 状态bottom_area; 底部未确认
305,56.36330434782609,46.96942028985507,000510,新金路,bottom_area,2024-02-05,3.66,2024-02-05,3.66,0.0,9.836065573770476,27.95275590551181,False,-10.0737,2.306,1,3,1,33.33333333333333,23.043478260869577,23.043478260869577,20.0,0.0,历史1/3次成功; 当前距低点0.00%; 最新日涨幅-10.07%; 状态bottom_area; 底部未确认
306,56.33617128463475,46.9468094038623,000572,海马汽车,bottom_area,2024-02-05,3.08,2024-02-05,3.08,0.0,12.012987012987015,32.89760348583878,False,-9.9415,3.7805,1,3,1,33.33333333333333,22.92191435768261,22.92191435768261,20.0,0.0,历史1/3次成功; 当前距低点0.00%; 最新日涨幅-9.94%; 状态bottom_area; 底部未确认
307,56.322048169739475,49.498045746443395,688225,亚信安全,bottom_area,2024-02-05,11.33,2024-02-05,11.01,2.906448683015443,15.349682107175292,31.401869158878508,False,-11.8288,0.8181,1,4,1,25.0,21.557788944723633,21.557788944723633,17.093551316984556,2.906448683015443,历史1/4次成功; 当前距低点2.91%; 最新日涨幅-11.83%; 状态bottom_area; 底部未确认
308,56.23942857142857,46.866190476190475,002079,苏州固锝,bottom_area,2024-02-05,7.08,2024-02-05,7.08,0.0,10.59322033898305,27.97558494404883,False,-10.0381,2.4124,1,3,1,33.33333333333333,22.488479262672804,22.488479262672804,20.0,0.0,历史1/3次成功; 当前距低点0.00%; 最新日涨幅-10.04%; 状态bottom_area; 底部未确认
309,56.13286115877244,47.275497781347546,000810,创维数字,bottom_area,2024-02-05,8.7,2024-02-05,8.65,0.5780346820809125,11.32947976878613,30.689102564102566,False,-9.4693,2.2429,1,5,1,20.0,31.738800303720588,31.738800303720588,19.42196531791909,0.5780346820809125,历史1/5次成功; 当前距低点0.58%; 最新日涨幅-9.47%; 状态bottom_area; 底部未确认
310,56.11155844155844,46.759632034632034,000837,秦川机床,bottom_area,2024-02-05,6.24,2024-02-05,6.24,0.0,11.0576923076923,27.01754385964913,False,-9.9567,3.446,1,3,1,33.33333333333333,21.915584415584412,21.915584415584412,20.0,0.0,历史1/3次成功; 当前距低点0.00%; 最新日涨幅-9.96%; 状态bottom_area; 底部未确认
311,56.10725631768953,46.756046931407944,000670,盈方微,bottom_area,2024-02-05,4.17,2024-02-05,4.17,0.0,10.551558752997611,32.52427184466019,False,-9.9352,3.4991,1,4,1,25.0,23.28519855595668,23.28519855595668,20.0,0.0,历史1/4次成功; 当前距低点0.00%; 最新日涨幅-9.94%; 状态bottom_area; 底部未确认
312,56.09845261121857,46.74871050934881,600405,动力源,bottom_area,2024-02-05,3.54,2024-02-05,3.54,0.0,10.169491525423725,28.048780487804876,False,-9.9237,2.8116,1,3,1,33.33333333333333,21.8568665377176,21.8568665377176,20.0,0.0,历史1/3次成功; 当前距低点0.00%; 最新日涨幅-9.92%; 状态bottom_area; 底部未确认
313,56.09803837953092,46.748365316275766,002112,三变科技,bottom_area,2024-02-05,6.77,2024-02-05,6.77,0.0,10.782865583456433,27.593582887700535,False,-9.9734,4.7373,1,3,1,33.33333333333333,21.8550106609808,21.8550106609808,20.0,0.0,历史1/3次成功; 当前距低点0.00%; 最新日涨幅-9.97%; 状态bottom_area; 底部未确认
314,56.04980793854033,46.708173282116945,002403,爱仕达,bottom_area,2024-02-05,5.98,2024-02-05,5.98,0.0,10.367892976588616,29.230769230769223,False,-9.9398,3.1922,1,3,1,33.33333333333333,21.63892445582587,21.63892445582587,20.0,0.0,历史1/3次成功; 当前距低点0.00%; 最新日涨幅-9.94%; 状态bottom_area; 底部未确认
315,56.00931174089069,46.67442645074224,600408,安泰集团,bottom_area,2024-02-05,1.69,2024-02-05,1.69,0.0,10.059171597633146,28.99159663865546,False,-10.1064,2.165,1,3,1,33.33333333333333,21.457489878542503,21.457489878542503,20.0,0.0,历史1/3次成功; 当前距低点0.00%; 最新日涨幅-10.11%; 状态bottom_area; 底部未确认
316,55.95894150417828,46.6324512534819,002813,路畅科技,bottom_area,2024-02-05,21.92,2024-02-05,21.92,0.0,9.990875912408747,30.302066772655,False,-9.9795,1.3223,1,3,1,33.33333333333333,21.23181677499226,21.23181677499226,20.0,0.0,历史1/3次成功; 当前距低点0.00%; 最新日涨幅-9.98%; 状态bottom_area; 底部未确认
317,55.95885350318471,46.6323779193206,002425,凯撒文化,bottom_area,2024-02-05,2.92,2024-02-05,2.92,0.0,11.3013698630137,32.40740740740741,False,-9.8765,3.1208,1,3,1,33.33333333333333,21.231422505307858,21.231422505307858,20.0,0.0,历史1/3次成功; 当前距低点0.00%; 最新日涨幅-9.88%; 状态bottom_area; 底部未确认
318,55.87641379310345,46.563678160919544,002774,快意电梯,bottom_area,2024-02-05,5.45,2024-02-05,5.45,0.0,10.458715596330263,30.30690537084399,False,-9.9174,2.5639,1,3,1,33.33333333333333,20.862068965517242,20.862068965517242,20.0,0.0,历史1/3次成功; 当前距低点0.00%; 最新日涨幅-9.92%; 状态bottom_area; 底部未确认
319,55.84486486486487,46.53738738738739,002115,三维通信,bottom_area,2024-02-05,4.62,2024-02-05,4.62,0.0,10.173160173160166,31.656804733727807,False,-9.9415,3.8235,1,3,1,33.33333333333333,20.720720720720706,20.720720720720706,20.0,0.0,历史1/3次成功; 当前距低点0.00%; 最新日涨幅-9.94%; 状态bottom_area; 底部未确认
320,55.83050193050194,46.52541827541828,002802,洪汇新材,bottom_area,2024-02-05,7.88,2024-02-05,7.88,0.0,9.51776649746194,30.017761989342805,False,-9.9429,1.7411,1,3,1,33.33333333333333,20.65637065637066,20.65637065637066,20.0,0.0,历史1/3次成功; 当前距低点0.00%; 最新日涨幅-9.94%; 状态bottom_area; 底部未确认
321,55.810339622641514,46.508616352201265,002858,力盛体育,bottom_area,2024-02-05,11.17,2024-02-05,11.17,0.0,10.653536257833478,30.878712871287128,False,-9.9919,4.485,1,3,1,33.33333333333333,20.566037735849065,20.566037735849065,20.0,0.0,历史1/3次成功; 当前距低点0.00%; 最新日涨幅-9.99%; 状态bottom_area; 底部未确认
322,55.773793103448284,46.47816091954024,002169,智光电气,bottom_area,2024-02-05,4.45,2024-02-05,4.45,0.0,10.561797752808982,28.2258064516129,False,-9.919,2.0102,1,3,1,33.33333333333333,20.402298850574724,20.402298850574724,20.0,0.0,历史1/3次成功; 当前距低点0.00%; 最新日涨幅-9.92%; 状态bottom_area; 底部未确认
323,55.75758241758242,46.46465201465202,605228,神通科技,bottom_area,2024-02-05,7.51,2024-02-05,7.51,0.0,11.051930758988018,27.649325626204245,False,-9.952,1.2252,1,3,1,33.33333333333333,20.32967032967033,20.32967032967033,20.0,0.0,历史1/3次成功; 当前距低点0.00%; 最新日涨幅-9.95%; 状态bottom_area; 底部未确认
324,55.73941039565555,46.44950866304629,002213,大为股份,bottom_area,2024-02-05,8.27,2024-02-05,8.27,0.0,9.915356711003632,30.852842809364557,False,-10.0109,2.4067,1,3,1,33.33333333333333,20.248254460822338,20.248254460822338,20.0,0.0,历史1/3次成功; 当前距低点0.00%; 最新日涨幅-10.01%; 状态bottom_area; 底部未确认
325,55.73934323714502,49.31214262530722,300577,开润股份,bottom_area,2024-02-05,9.79,2024-02-05,9.48,3.2700421940928135,15.92827004219409,31.30434782608696,False,-11.2421,3.7478,1,3,1,33.33333333333333,23.626373626373624,23.626373626373624,16.729957805907187,3.2700421940928135,历史1/3次成功; 当前距低点3.27%; 最新日涨幅-11.24%; 状态bottom_area; 底部未确认
326,55.715659574468084,46.42971631205674,603326,我乐家居,bottom_area,2024-02-05,6.49,2024-02-05,6.49,0.0,8.936825885978429,28.207964601769902,False,-9.9861,2.0573,1,3,1,33.33333333333333,20.141843971631218,20.141843971631218,20.0,0.0,历史1/3次成功; 当前距低点0.00%; 最新日涨幅-9.99%; 状态bottom_area; 底部未确认
327,55.70238928939237,46.41865774116031,002313,日海智能,bottom_area,2024-02-05,6.35,2024-02-05,6.35,0.0,10.866141732283472,30.752453653217017,False,-9.9291,2.358,1,3,1,33.33333333333333,20.08238928939237,20.08238928939237,20.0,0.0,历史1/3次成功; 当前距低点0.00%; 最新日涨幅-9.93%; 状态bottom_area; 底部未确认
328,55.47492255602498,49.305305761753246,603000,人民网,bottom_area,2024-02-05,19.1,2024-02-05,18.45,3.523035230352315,11.219512195121952,27.075098814229253,False,-6.8293,4.1172,1,3,1,33.33333333333333,26.69082125603866,26.69082125603866,16.476964769647687,3.523035230352315,历史1/3次成功; 当前距低点3.52%; 最新日涨幅-6.83%; 状态bottom_area; 底部未确认
329,55.39210953346856,46.16009127789047,603335,迪生力,bottom_area,2024-02-05,4.25,2024-02-05,4.25,0.0,10.117647058823524,30.78175895765472,False,-9.9576,0.7315,1,4,1,25.0,20.081135902636923,20.081135902636923,20.0,0.0,历史1/4次成功; 当前距低点0.00%; 最新日涨幅-9.96%; 状态bottom_area; 底部未确认
330,55.151126733069006,46.80256167714572,603169,兰石重装,bottom_area,2024-02-05,4.07,2024-02-05,4.03,0.9925558312655095,10.421836228287837,27.51798561151078,False,-9.1518,1.5751,1,3,1,33.33333333333333,22.055137844611526,22.055137844611526,19.00744416873449,0.9925558312655095,历史1/3次成功; 当前距低点0.99%; 最新日涨幅-9.15%; 状态bottom_area; 底部未确认
331,54.84866703479356,48.11151243417664,688115,思林杰,bottom_area,2024-02-05,18.71,2024-02-05,18.2,2.802197802197811,16.42857142857144,32.492581602373896,False,-11.9529,4.3123,1,5,1,20.0,23.658728081654015,23.658728081654015,17.19780219780219,2.802197802197811,历史1/5次成功; 当前距低点2.80%; 最新日涨幅-11.95%; 状态bottom_area; 底部未确认
332,54.76504330992482,49.93210837577566,601208,东材科技,bottom_area,2024-02-05,8.1,2024-02-05,7.72,4.922279792746113,10.880829015544052,27.511737089201883,False,-5.5944,2.3743,1,2,1,50.0,27.76831345826235,27.76831345826235,15.07772020725389,4.922279792746113,历史1/2次成功; 当前距低点4.92%; 最新日涨幅-5.59%; 状态bottom_area; 底部未确认
333,54.591450949930326,49.44641036483195,603208,江山欧派,bottom_area,2024-02-05,22.7,2024-02-05,21.71,4.560110548134492,13.403961308152926,27.82579787234042,False,-5.8872,1.305,1,2,1,50.0,20.717539863325737,20.717539863325737,15.439889451865508,4.560110548134492,历史1/2次成功; 当前距低点4.56%; 最新日涨幅-5.89%; 状态bottom_area; 底部未确认
334,54.155849729620414,48.371546290645014,688027,国盾量子,bottom_area,2024-02-05,74.41,2024-02-05,71.69,3.7941135444273946,13.390988980331997,30.37101787101787,False,-8.7106,1.5499,1,4,1,25.0,26.382393397524062,26.382393397524062,16.205886455572607,3.7941135444273946,历史1/4次成功; 当前距低点3.79%; 最新日涨幅-8.71%; 状态bottom_area; 底部未确认
335,53.88484472049689,44.904037267080746,600367,红星发展,bottom_area,2024-02-05,8.16,2024-02-05,8.16,0.0,10.906862745098046,29.776247848537,False,-10.0331,2.0181,1,5,1,20.0,24.161490683229793,24.161490683229793,20.0,0.0,历史1/5次成功; 当前距低点0.00%; 最新日涨幅-10.03%; 状态bottom_area; 底部未确认
336,53.68185365853658,44.73487804878049,002707,众信旅游,bottom_area,2024-02-05,5.3,2024-02-05,5.3,0.0,9.24528301886793,27.69440654843111,False,-10.017,3.0492,1,5,1,20.0,23.252032520325198,23.252032520325198,20.0,0.0,历史1/5次成功; 当前距低点0.00%; 最新日涨幅-10.02%; 状态bottom_area; 底部未确认
337,53.41907053941909,44.51589211618258,002786,银宝山新,bottom_area,2024-02-05,9.58,2024-02-05,9.58,0.0,11.064718162839252,28.878990348923537,False,-9.9624,4.7576,1,5,1,20.0,22.074688796680498,22.074688796680498,20.0,0.0,历史1/5次成功; 当前距低点0.00%; 最新日涨幅-9.96%; 状态bottom_area; 底部未确认
338,53.39203186957853,47.967871961163574,300434,金石亚药,bottom_area,2024-02-05,7.34,2024-02-05,7.05,4.113475177304965,14.042553191489352,29.500000000000004,False,-9.2707,1.9561,1,3,1,33.33333333333333,26.7379679144385,26.7379679144385,15.886524822695037,4.113475177304965,历史1/3次成功; 当前距低点4.11%; 最新日涨幅-9.27%; 状态bottom_area; 底部未确认
339,53.23452951096122,44.36210792580101,002331,皖通科技,bottom_area,2024-02-05,5.4,2024-02-05,5.4,0.0,11.111111111111104,30.680359435173294,False,-10.0,3.4621,1,5,1,20.0,21.247892074199,21.247892074199,20.0,0.0,历史1/5次成功; 当前距低点0.00%; 最新日涨幅-10.00%; 状态bottom_area; 底部未确认
340,53.2100487804878,44.34170731707317,002355,兴民智通,bottom_area,2024-02-05,3.39,2024-02-05,3.39,0.0,11.504424778761052,28.329809725158565,False,-10.0796,3.11,1,5,1,20.0,21.138211382113823,21.138211382113823,20.0,0.0,历史1/5次成功; 当前距低点0.00%; 最新日涨幅-10.08%; 状态bottom_area; 底部未确认
341,52.50954248192836,47.89135869470958,688097,博众精工,bottom_area,2024-02-05,19.33,2024-02-05,18.42,4.940282301845801,12.214983713355048,32.154696132596676,False,-5.7073,5.1431,1,3,1,33.33333333333333,36.461661341853045,36.461661341853045,15.059717698154202,4.940282301845801,历史1/3次成功; 当前距低点4.94%; 最新日涨幅-5.71%; 状态bottom_area; 底部未确认
342,52.43563318777292,43.69636098981077,002316,亚联发展,bottom_area,2024-02-05,3.31,2024-02-05,3.31,0.0,11.178247734138976,32.31083844580777,False,-10.0543,3.136,1,6,1,16.666666666666664,24.890829694323134,24.890829694323134,20.0,0.0,历史1/6次成功; 当前距低点0.00%; 最新日涨幅-10.05%; 状态bottom_area; 底部未确认
343,50.63954259664486,45.86968816953287,300726,宏达电子,bottom_area,2024-02-05,18.56,2024-02-05,17.75,4.563380281690134,12.676056338028168,28.943154523618897,False,-8.2097,2.9736,1,3,1,33.33333333333333,20.972375690607738,20.972375690607738,15.436619718309869,4.563380281690134,历史1/3次成功; 当前距低点4.56%; 最新日涨幅-8.21%; 状态bottom_area; 底部未确认
344,50.6086643715138,45.89957790548538,688165,埃夫特,bottom_area,2024-02-05,6.55,2024-02-05,6.26,4.632587859424921,18.530351437699682,32.76047261009668,False,-11.7251,1.7547,1,3,1,33.33333333333333,21.98142414860681,21.98142414860681,15.367412140575082,4.632587859424921,历史1/3次成功; 当前距低点4.63%; 最新日涨幅-11.73%; 状态bottom_area; 底部未确认
345,45.43109249410541,41.205027573221784,688185,康希诺,bottom_area,2024-02-05,46.06,2024-02-05,44.02,4.634257155838253,13.38028169014083,27.119205298013238,False,-7.7139,1.7962,1,7,1,14.285714285714285,21.36554317951687,21.36554317951687,15.365742844161748,4.634257155838253,历史1/7次成功; 当前距低点4.63%; 最新日涨幅-7.71%; 状态bottom_area; 底部未确认
