rank,rank_score,probability_score,code,name,current_stage,latest_date,latest_close,current_top_date,current_top_price,current_low_date,current_low_price,current_low_to_latest_pct,current_low_to_high_pct,current_drawdown_pct,close_drawdown_pct,current_is_bottom_confirmed,latest_pct_chg,latest_turn,historical_valid_event_count,history_sample_count,history_success_count,history_success_rate_pct,history_avg_rebound_pct,history_max_rebound_pct,history_success_dates,upside_to_20pct_target_pct,risk_back_to_low_pct,reason
1,96.80244734401698,84.9770949689176,301381,赛维时代,bottom_area,2025-04-08,18.08,2025-03-19,24.57,2025-04-08,17.58,2.8441410693970424,6.655290102389088,28.44932844932846,26.41432641432642,False,1.8018018018017834,2.3917445012835765,2,2,2,100.0,49.686755952380956,66.46875000000001,2023-07-19; 2024-02-05,17.155858930602957,2.8441410693970424,历史2/2次成功; 当前距低点2.84%; 最新日涨幅1.80%; 状态bottom_area; 底部未确认
2,94.53264492217356,80.83878041851216,605068,明新旭腾,bottom_area,2025-04-08,12.94,2025-03-28,18.13,2025-04-08,12.76,1.4106583072100292,9.404388714733551,29.619415333701042,28.626585769442915,False,-8.74471086036671,3.4647053673986217,2,2,2,100.0,42.554200854575384,50.84621044885945,2022-04-27; 2024-02-06,18.589341692789972,1.4106583072100292,历史2/2次成功; 当前距低点1.41%; 最新日涨幅-8.74%; 状态bottom_area; 底部未确认
3,92.33619242394138,82.12763863261812,301280,珠城科技,bottom_area,2025-04-08,46.5,2025-03-28,65.5,2025-04-08,44.9,3.563474387527843,7.728285077951,31.450381679389317,29.00763358778626,False,2.19780219780219,5.6931417869798375,2,2,2,100.0,43.18473245258925,54.38818565400846,2024-02-05; 2024-04-16,16.43652561247216,3.563474387527843,历史2/2次成功; 当前距低点3.56%; 最新日涨幅2.20%; 状态bottom_area; 底部未确认
4,92.32333698177577,82.18854087400132,300128,锦富技术,bottom_area,2025-04-08,4.59,2025-03-28,6.38,2025-04-08,4.43,3.6117381489842018,8.126410835214456,30.564263322884017,28.056426332288403,False,0.4376367614879584,4.578565839462822,3,3,3,100.0,27.43711749293164,32.834165280088726,2011-01-25; 2016-03-01; 2023-08-29,16.388261851015802,3.6117381489842018,历史3/3次成功; 当前距低点3.61%; 最新日涨幅0.44%; 状态bottom_area; 底部未确认
5,90.02821276209791,80.16094401756312,688557,兰剑智能,bottom_area,2025-04-08,18.88,2025-03-19,26.62,2025-04-08,18.22,3.62239297475302,8.12294182217344,31.55522163786627,29.07588279489107,False,0.6933333333333236,2.692160867900005,1,1,1,100.0,56.58602150537635,56.58602150537635,2024-02-06,16.37760702524698,3.62239297475302,历史1/1次成功; 当前距低点3.62%; 最新日涨幅0.69%; 状态bottom_area; 底部未确认
6,89.16334533873976,76.58641422923671,301525,儒竞科技,bottom_area,2025-04-08,60.87,2025-04-02,84.5,2025-04-08,59.88,1.6533066132264442,9.936539746158978,29.13609467455621,27.964497041420124,False,-1.901692183722803,4.055569404131471,1,1,1,100.0,29.118028534370954,29.118028534370954,2023-10-27,18.34669338677356,1.6533066132264442,历史1/1次成功; 当前距低点1.65%; 最新日涨幅-1.90%; 状态bottom_area; 底部未确认
7,88.39763694274968,78.45065233768464,301008,宏昌科技,bottom_area,2025-04-08,17.43,2025-04-01,23.62,2025-04-08,16.85,3.44213649851631,11.51335311572699,28.66215071972904,26.20660457239628,False,-1.414027149321262,3.503870082509065,2,2,2,100.0,44.401739539257164,54.99999999999999,2024-04-16; 2024-09-18,16.55786350148369,3.44213649851631,历史2/2次成功; 当前距低点3.44%; 最新日涨幅-1.41%; 状态bottom_area; 底部未确认
8,87.95660466578595,75.71269896600126,001287,中电港,bottom_area,2025-04-08,16.09,2025-03-18,22.2,2025-04-08,15.81,1.7710309930423742,4.68058191018343,28.78378378378378,27.522522522522518,False,-1.2883435582822123,1.4228844437914894,3,4,3,75.0,30.030374355579976,42.36351071181756,2024-01-23; 2024-02-06; 2025-01-13,18.228969006957627,1.7710309930423742,历史3/4次成功; 当前距低点1.77%; 最新日涨幅-1.29%; 状态bottom_area; 底部未确认
9,87.11085700775098,74.65382776019227,001308,康冠科技,bottom_area,2025-04-08,18.59,2025-03-18,25.13,2025-04-08,18.31,1.5292190060076525,9.120699071545614,27.138877835256668,26.02467170712296,False,-7.374190333831587,1.684273718338269,1,1,1,100.0,27.421758569299566,27.421758569299566,2022-06-14,18.470780993992346,1.5292190060076525,历史1/1次成功; 当前距低点1.53%; 最新日涨幅-7.37%; 状态bottom_area; 底部未确认
10,87.06915927061043,77.5590786036972,688793,倍轻松,bottom_area,2025-04-08,26.44,2025-04-01,35.87,2025-04-08,25.51,3.645629165033319,7.330458643669139,28.88207415667688,26.289378310565926,False,1.3026819923371624,2.623642440143855,17,22,17,77.27272727272727,35.53873123152724,46.927374301675975,2023-07-12; 2023-09-13; 2023-12-01; 2023-12-26; 2024-02-02; 2024-02-19; 2024-03-06; 2024-05-30; 2024-06-06; 2024-06-11; 2024-10-31; 2024-11-18; 2024-11-27; 2024-12-05; 2024-12-25; 2025-01-06; 2025-03-07,16.35437083496668,3.645629165033319,历史17/22次成功; 当前距低点3.65%; 最新日涨幅1.30%; 状态bottom_area; 底部未确认
11,87.0287425681193,74.90110824587708,603150,万朗磁塑,bottom_area,2025-04-08,27.15,2025-03-20,38.9,2025-04-08,26.68,1.7616191904047933,9.44527736131934,31.413881748071976,30.205655526992288,False,-8.4008097165992,6.175847970499433,1,1,1,100.0,31.6,31.6,2024-02-06,18.23838080959521,1.7616191904047933,历史1/1次成功; 当前距低点1.76%; 最新日涨幅-8.40%; 状态bottom_area; 底部未确认
12,86.52171428092285,77.42533850517283,688073,毕得医药,bottom_area,2025-04-08,38.66,2025-04-01,51.85,2025-04-08,37.21,3.8968019349637077,8.304219295888192,28.235294117647058,25.438765670202518,False,2.248082517852401,1.8052900963196439,1,1,1,100.0,38.65616621983914,38.65616621983914,2023-07-24,16.103198065036295,3.8968019349637077,历史1/1次成功; 当前距低点3.90%; 最新日涨幅2.25%; 状态bottom_area; 底部未确认
13,86.51030728161314,78.18460848136084,605133,嵘泰股份,bottom_area,2025-04-08,26.82,2025-03-27,36.66,2025-04-08,25.68,4.4392523364486,9.774143302180692,29.950900163666116,26.841243862520454,False,-5.993690851735023,2.3838243167080058,3,3,3,100.0,48.742493593890515,60.01483679525222,2022-04-27; 2023-05-10; 2024-02-06,15.5607476635514,4.4392523364486,历史3/3次成功; 当前距低点4.44%; 最新日涨幅-5.99%; 状态bottom_area; 底部未确认
14,85.0713364229166,76.49695271230644,301468,博盈特焊,bottom_area,2025-04-08,20.02,2025-03-25,26.5,2025-04-07,19.22,4.162330905306976,12.33090530697191,27.471698113207548,24.452830188679247,False,2.45649948822928,1.5206649447715566,1,1,1,100.0,36.91971600218461,36.91971600218461,2024-02-06,15.837669094693025,4.162330905306976,历史1/1次成功; 当前距低点4.16%; 最新日涨幅2.46%; 状态bottom_area; 底部未确认
15,84.82089318391273,77.32418417538472,300872,天阳科技,bottom_area,2025-04-08,13.45,2025-03-14,18.24,2025-04-07,12.82,4.914196567862707,18.876755070202808,29.714912280701743,26.2609649122807,True,4.914196567862716,3.7967573555191336,4,5,4,80.0,34.72339973178332,45.905420991926185,2020-08-25; 2022-02-08; 2024-02-06; 2025-01-13,15.085803432137295,4.914196567862707,历史4/5次成功; 当前距低点4.91%; 最新日涨幅4.91%; 状态bottom_area; 底部已确认
16,84.70452700722406,71.27484557738076,603890,春秋电子,bottom_area,2025-04-08,9.5,2025-03-17,13.97,2025-04-08,9.45,0.5291005291005366,5.820105820105828,32.35504652827488,31.99713672154617,False,-9.523809523809524,4.993012682397158,4,5,4,80.0,30.167713891021446,36.76748582230624,2018-02-07; 2020-12-28; 2022-04-28; 2025-01-13,19.470899470899464,0.5291005291005366,历史4/5次成功; 当前距低点0.53%; 最新日涨幅-9.52%; 状态bottom_area; 底部未确认
17,84.54060794916755,73.8400293477287,300836,佰奥智能,bottom_area,2025-04-08,39.14,2025-03-10,56.46,2025-04-08,38.16,2.5681341719077677,9.040880503144662,32.41232731137089,30.676585193057033,False,0.35897435897436214,2.157371932967198,5,8,5,62.5,34.34341537461514,57.34939759036144,2021-10-28; 2022-01-27; 2022-04-27; 2022-06-13; 2024-04-16,17.43186582809223,2.5681341719077677,历史5/8次成功; 当前距低点2.57%; 最新日涨幅0.36%; 状态bottom_area; 底部未确认
18,84.30841999327745,74.35224019089192,603931,格林达,bottom_area,2025-04-08,23.3,2025-03-18,32.35,2025-04-08,22.6,3.0973451327433597,9.646017699115042,30.139103554868623,27.97527047913447,False,-5.6298096395301815,3.063464152782658,1,1,1,100.0,45.02251125562782,45.02251125562782,2022-04-27,16.902654867256643,3.0973451327433597,历史1/1次成功; 当前距低点3.10%; 最新日涨幅-5.63%; 状态bottom_area; 底部未确认
19,84.30291099363185,73.65672840119085,002700,万憬能源,bottom_area,2025-04-08,8.33,2025-03-25,11.65,2025-04-08,8.12,2.586206896551735,5.418719211822676,30.300429184549365,28.49785407725322,False,1.7094017094017255,1.5556078258190271,4,6,4,66.66666666666666,24.551685261624407,29.54545454545454,2015-06-30; 2018-08-20; 2022-10-11; 2024-10-10,17.413793103448267,2.586206896551735,历史4/6次成功; 当前距低点2.59%; 最新日涨幅1.71%; 状态bottom_area; 底部未确认
20,83.79183491767066,74.06778707751029,301313,凡拓数创,bottom_area,2025-04-08,19.21,2025-03-06,25.8,2025-04-07,18.61,3.2240730789897984,18.162278344975817,27.86821705426357,25.542635658914726,True,3.2240730789897976,4.125595880146624,3,5,3,60.0,39.831579019392564,52.43243243243245,2022-10-11; 2022-10-28; 2023-04-26,16.775926921010203,3.2240730789897984,历史3/5次成功; 当前距低点3.22%; 最新日涨幅3.22%; 状态bottom_area; 底部已确认
21,83.40317437948794,75.47798586378998,300819,聚杰微纤,bottom_area,2025-04-08,22.0,2025-04-01,29.65,2025-04-07,21.05,4.5130641330166235,18.14726840855107,29.005059021922424,25.801011804384483,True,4.51306413301662,6.418120344945005,1,1,1,100.0,26.54716175842936,26.54716175842936,2025-03-31,15.486935866983378,4.5130641330166235,历史1/1次成功; 当前距低点4.51%; 最新日涨幅4.51%; 状态bottom_area; 底部已确认
22,83.22614103664435,73.62376189189406,301550,斯菱智驱,bottom_area,2025-04-08,80.0,2025-04-03,107.98,2025-04-08,77.47,3.2657803020524088,9.074480444042857,28.255232450453793,25.912205964067425,False,-2.912621359223311,2.8668578596472996,1,1,1,100.0,32.95559666975023,32.95559666975023,2024-06-11,16.73421969794759,3.2657803020524088,历史1/1次成功; 当前距低点3.27%; 最新日涨幅-2.91%; 状态bottom_area; 底部未确认
23,82.79197137136936,72.94311232347412,300337,银邦股份,bottom_area,2025-04-08,9.48,2025-03-25,13.05,2025-04-07,9.2,3.043478260869578,15.760869565217403,29.50191570881227,27.35632183908046,False,3.04347826086957,5.069853466844394,7,12,7,58.333333333333336,44.37585712324417,131.5277777777778,2015-06-23; 2015-09-08; 2017-04-25; 2020-09-28; 2021-01-14; 2024-09-18; 2024-11-01,16.956521739130423,3.043478260869578,历史7/12次成功; 当前距低点3.04%; 最新日涨幅3.04%; 状态bottom_area; 底部未确认
24,82.78576901536336,73.98053694610533,603662,柯力传感,bottom_area,2025-04-08,53.52,2025-03-18,74.98,2025-04-08,51.55,3.821532492725521,8.43840931134821,31.248332888770346,28.62096559082422,False,-5.475097138820195,5.298723489133874,5,6,5,83.33333333333334,38.01235320530206,69.24664602683178,2019-10-09; 2020-02-04; 2022-04-27; 2022-07-25; 2024-02-06,16.17846750727448,3.821532492725521,历史5/6次成功; 当前距低点3.82%; 最新日涨幅-5.48%; 状态bottom_area; 底部未确认
25,82.48608289376816,71.81977907129813,603613,国联股份,bottom_area,2025-04-08,22.22,2025-03-17,30.56,2025-04-08,21.7,2.3963133640552976,7.926267281106002,28.992146596858635,27.29057591623037,False,-5.527210884353739,2.5318032840920477,3,4,3,75.0,26.98050291045272,31.835457187569872,2022-05-26; 2022-11-30; 2023-06-01,17.603686635944705,2.3963133640552976,历史3/4次成功; 当前距低点2.40%; 最新日涨幅-5.53%; 状态bottom_area; 底部未确认
26,82.13175381706162,73.40146860494772,301196,唯科科技,bottom_area,2025-04-08,40.71,2025-04-02,54.98,2025-04-08,39.21,3.825554705432287,8.900790614639128,28.683157511822476,25.95489268825027,False,-2.1158932435681677,6.350168738505121,1,1,1,100.0,38.62222222222223,38.62222222222223,2024-02-06,16.174445294567715,3.825554705432287,历史1/1次成功; 当前距低点3.83%; 最新日涨幅-2.12%; 状态bottom_area; 底部未确认
27,82.11095773251378,72.59117596994507,300798,锦鸡股份,bottom_area,2025-04-08,6.39,2025-04-02,8.58,2025-04-07,6.19,3.2310177705977265,16.15508885298869,27.85547785547785,25.524475524475527,False,3.2310177705977328,9.089320520715747,4,6,4,66.66666666666666,26.72704204430763,30.99999999999999,2020-02-04; 2022-04-27; 2023-12-26; 2024-10-11,16.768982229402273,3.2310177705977265,历史4/6次成功; 当前距低点3.23%; 最新日涨幅3.23%; 状态bottom_area; 底部未确认
28,82.00247434287803,73.64127665383462,301110,青木科技,bottom_area,2025-04-08,39.44,2025-03-27,53.84,2025-04-08,37.89,4.0907891264185725,6.835576669305876,29.624814264487377,26.74591381872215,False,3.8167938931297662,2.7354490107425793,1,1,1,100.0,20.689655172413794,20.689655172413794,2022-03-15,15.909210873581427,4.0907891264185725,历史1/1次成功; 当前距低点4.09%; 最新日涨幅3.82%; 状态bottom_area; 底部未确认
29,81.87814101397008,68.2317841783084,603215,比依股份,bottom_area,2025-04-08,13.42,2025-03-24,19.86,2025-04-08,13.42,0.0,5.812220566318922,32.4269889224572,32.4269889224572,False,-9.993293091884647,5.042664509653254,3,4,3,75.0,30.412818162948412,36.01562499999999,2022-03-16; 2022-04-27; 2024-02-06,20.0,0.0,历史3/4次成功; 当前距低点0.00%; 最新日涨幅-9.99%; 状态bottom_area; 底部未确认
30,81.83552004884226,74.28686698163962,300457,赢合科技,bottom_area,2025-04-08,16.1,2025-03-25,21.92,2025-04-07,15.38,4.681404421326402,15.604681404421328,29.83576642335767,26.551094890510946,True,4.681404421326407,3.20118434180518,3,4,3,75.0,26.37348958206355,30.438877378037287,2015-07-29; 2015-08-25; 2020-03-24,15.3185955786736,4.681404421326402,历史3/4次成功; 当前距低点4.68%; 最新日涨幅4.68%; 状态bottom_area; 底部已确认
31,81.78749645392867,74.45035956887965,601921,浙版传媒,bottom_area,2025-04-08,7.59,2025-02-21,10.28,2025-04-07,7.24,4.834254143646404,6.21546961325967,29.57198443579766,26.167315175097272,False,3.547066848567537,1.1885625185712894,1,1,1,100.0,34.15300546448087,34.15300546448087,2024-09-04,15.165745856353595,4.834254143646404,历史1/1次成功; 当前距低点4.83%; 最新日涨幅3.55%; 状态bottom_area; 底部未确认
32,81.3911013948867,67.82591782907225,002444,巨星科技,bottom_area,2025-04-08,22.16,2025-03-28,30.71,2025-04-08,22.16,0.0,1.850180505415163,27.841094106154348,27.841094106154348,False,-9.99187652315191,2.7764797318895895,3,4,3,75.0,28.230741016517502,32.128514056224894,2015-08-26; 2018-10-12; 2023-10-24,20.0,0.0,历史3/4次成功; 当前距低点0.00%; 最新日涨幅-9.99%; 状态bottom_area; 底部未确认
33,81.12381290987896,72.90838588472678,300258,精锻科技,bottom_area,2025-04-08,10.33,2025-04-01,13.9,2025-04-08,9.92,4.133064516129034,7.963709677419365,28.63309352517986,25.683453237410074,False,0.6822612085769952,6.5684259242884915,4,6,4,66.66666666666666,39.48981889695865,57.90209790209788,2015-06-30; 2022-04-27; 2023-10-24; 2024-02-06,15.866935483870966,4.133064516129034,历史4/6次成功; 当前距低点4.13%; 最新日涨幅0.68%; 状态bottom_area; 底部未确认
34,80.90030891938272,71.49080149818536,688005,容百科技,bottom_area,2025-04-08,18.66,2025-03-18,25.45,2025-04-07,18.08,3.207964601769922,18.086283185840728,28.95874263261297,26.67976424361493,True,3.2079646017699304,2.6438710059700754,4,8,4,50.0,47.44602575387524,101.54241645244217,2020-02-03; 2021-12-24; 2022-03-08; 2024-10-18,16.79203539823008,3.207964601769922,历史4/8次成功; 当前距低点3.21%; 最新日涨幅3.21%; 状态bottom_area; 底部已确认
35,80.04917301008662,71.69421057374062,301326,捷邦科技,bottom_area,2025-04-08,48.5,2025-04-01,65.22,2025-04-08,46.66,3.9434204886412423,11.658808401200183,28.45752836553205,25.636307881018087,False,-3.559355736726977,3.083042678853786,3,4,3,75.0,45.26994240775613,57.57370382921043,2023-05-10; 2024-09-18; 2024-11-01,16.05657951135876,3.9434204886412423,历史3/4次成功; 当前距低点3.94%; 最新日涨幅-3.56%; 状态bottom_area; 底部未确认
36,80.00156284555274,71.97823449355487,301179,泽宇智能,bottom_area,2025-04-08,14.91,2025-03-19,20.52,2025-04-07,14.31,4.192872117400417,18.867924528301895,30.263157894736835,27.339181286549707,True,4.04745289602233,2.5607748184019368,2,3,2,66.66666666666666,42.695248680436336,47.095179233621764,2023-05-10; 2024-02-05,15.807127882599584,4.192872117400417,历史2/3次成功; 当前距低点4.19%; 最新日涨幅4.05%; 状态bottom_area; 底部已确认
37,79.17560180892941,68.02410859640415,002841,视源股份,bottom_area,2025-04-08,32.33,2025-03-10,44.28,2025-04-08,31.8,1.666666666666659,7.044025157232698,28.184281842818425,26.987353206865407,False,-4.2641397690257765,1.4950884650864902,2,3,2,66.66666666666666,32.351838331921854,34.347107438016536,2018-02-06; 2024-02-05,18.333333333333343,1.666666666666659,历史2/3次成功; 当前距低点1.67%; 最新日涨幅-4.26%; 状态bottom_area; 底部未确认
38,79.13990727313848,69.40279826309266,300802,矩子科技,bottom_area,2025-04-08,14.74,2025-03-11,20.55,2025-04-07,14.34,2.7894002789400303,19.73500697350071,30.218978102189787,28.272506082725062,False,2.789400278940035,2.603370680575756,2,4,2,50.0,40.28296182298885,41.973415132924345,2020-02-04; 2022-10-10,17.21059972105997,2.7894002789400303,历史2/4次成功; 当前距低点2.79%; 最新日涨幅2.79%; 状态bottom_area; 底部未确认
39,78.94544158779462,69.41627965054921,600563,法拉电子,bottom_area,2025-04-08,94.7,2025-03-11,132.45,2025-04-08,92.0,2.9347826086956554,3.521739130434777,30.539826349565868,28.501321253303125,False,0.2116402116402183,1.9051111111111112,5,9,5,55.55555555555556,30.10051134132486,42.610740885927086,2008-04-22; 2008-09-18; 2012-07-17; 2015-07-09; 2015-08-26,17.065217391304348,2.9347826086956554,历史5/9次成功; 当前距低点2.93%; 最新日涨幅0.21%; 状态bottom_area; 底部未确认
40,78.93256433470717,67.29083674977649,002579,中京电子,bottom_area,2025-04-08,6.52,2025-03-07,9.46,2025-04-08,6.44,1.2422360248447077,9.472049689440984,31.92389006342495,31.07822410147993,False,-8.938547486033531,5.956391901224913,2,4,2,50.0,42.65126283022806,58.76494023904383,2012-12-04; 2019-05-10,18.757763975155292,1.2422360248447077,历史2/4次成功; 当前距低点1.24%; 最新日涨幅-8.94%; 状态bottom_area; 底部未确认
41,78.86342170715486,65.90285937739672,002955,鸿合科技,bottom_area,2025-04-08,19.77,2025-03-18,27.66,2025-04-08,19.74,0.15197568389058327,10.942249240121582,28.63340563991324,28.52494577006508,False,-9.849521203830369,5.116513617036272,3,5,3,60.0,39.99658030466265,53.140794223826724,2021-07-28; 2022-04-27; 2024-02-06,19.848024316109417,0.15197568389058327,历史3/5次成功; 当前距低点0.15%; 最新日涨幅-9.85%; 状态bottom_area; 底部未确认
42,78.80636166942615,70.53827013493527,688070,纵横股份,bottom_area,2025-04-08,35.61,2025-03-10,50.15,2025-04-07,34.27,3.910125474175653,19.929967901955056,31.66500498504486,28.993020937188437,True,1.6557236654296315,1.4075921618765268,3,5,3,60.0,29.265356000299764,34.23295454545453,2021-10-28; 2024-03-27; 2024-04-16,16.08987452582435,3.910125474175653,历史3/5次成功; 当前距低点3.91%; 最新日涨幅1.66%; 状态bottom_area; 底部已确认
43,78.71544258906754,70.27743626701361,300354,东华测试,bottom_area,2025-04-08,35.78,2025-03-28,47.47,2025-04-08,34.48,3.770301624129943,6.902552204176342,27.3646513587529,24.626079629239516,False,3.5900405327156992,7.0407950765078455,5,8,5,62.5,29.925935322741342,39.34343434343434,2015-08-26; 2015-09-02; 2016-02-01; 2021-07-28; 2022-04-27,16.229698375870058,3.770301624129943,历史5/8次成功; 当前距低点3.77%; 最新日涨幅3.59%; 状态bottom_area; 底部未确认
44,78.39081652327854,71.41914101034996,300450,先导智能,bottom_area,2025-04-08,17.62,2025-03-12,24.33,2025-04-07,16.8,4.880952380952382,15.476190476190462,30.949445129469783,27.579120427455805,True,1.8497109826589586,1.798200686716127,4,6,4,66.66666666666666,31.457235334702784,38.82802990784213,2015-06-29; 2015-08-25; 2018-10-12; 2025-01-13,15.119047619047619,4.880952380952382,历史4/6次成功; 当前距低点4.88%; 最新日涨幅1.85%; 状态bottom_area; 底部已确认
45,78.32861021510315,69.74883256143886,300480,光力科技,bottom_area,2025-04-08,11.43,2025-03-28,15.66,2025-04-07,11.03,3.6264732547597496,18.857660924750682,29.56577266922095,27.011494252873565,True,3.438914027149309,3.731281207325845,8,15,8,53.333333333333336,35.988485209450296,65.61533704390847,2015-09-02; 2016-01-14; 2018-10-19; 2019-05-08; 2021-02-08; 2022-04-27; 2022-05-31; 2022-08-31,16.37352674524025,3.6264732547597496,历史8/15次成功; 当前距低点3.63%; 最新日涨幅3.44%; 状态bottom_area; 底部已确认
46,78.26187770965709,68.64863830645882,002870,香山股份,bottom_area,2025-04-08,28.25,2025-03-20,40.41,2025-04-08,27.48,2.8020378457059665,10.662299854439592,31.997030438010388,30.09156149467953,False,-6.949934123847168,4.11990851201166,4,6,4,66.66666666666666,32.96031144086968,45.92833876221499,2020-02-04; 2020-12-14; 2021-09-27; 2024-02-06,17.197962154294032,2.8020378457059665,历史4/6次成功; 当前距低点2.80%; 最新日涨幅-6.95%; 状态bottom_area; 底部未确认
47,78.1238964795307,68.41297273971459,688559,海目星,bottom_area,2025-04-08,25.39,2025-03-18,35.88,2025-04-07,24.72,2.7103559870550233,19.215210355987054,31.103678929765895,29.23634336677815,False,1.6413130504403517,2.8816308943111224,3,6,3,50.0,33.992389194623904,39.72093023255814,2022-04-27; 2022-09-02; 2024-02-05,17.289644012944976,2.7103559870550233,历史3/6次成功; 当前距低点2.71%; 最新日涨幅1.64%; 状态bottom_area; 底部未确认
48,77.97453016822546,69.51697530870895,300304,云意电气,bottom_area,2025-04-08,6.74,2025-03-20,9.45,2025-04-08,6.5,3.6923076923076956,8.307692307692308,31.216931216931208,28.677248677248667,False,1.812688821752273,3.544464799953336,5,8,5,62.5,24.881380898766096,28.9002557544757,2013-12-23; 2015-07-29; 2016-03-01; 2020-09-10; 2022-04-27,16.307692307692307,3.6923076923076956,历史5/8次成功; 当前距低点3.69%; 最新日涨幅1.81%; 状态bottom_area; 底部未确认
49,77.96794543904517,68.50666666666665,002987,京北方,bottom_area,2025-04-08,15.64,2025-03-14,21.66,2025-04-08,15.2,2.8947368421052717,9.473684210526324,29.824561403508774,27.79316712834718,False,-6.009615384615385,2.4916478855334603,2,3,2,66.66666666666666,52.283050475092,61.74603174603174,2024-02-05; 2025-01-13,17.10526315789473,2.8947368421052717,历史2/3次成功; 当前距低点2.89%; 最新日涨幅-6.01%; 状态bottom_area; 底部未确认
50,77.95174070455124,67.36108174181098,002825,纳尔股份,bottom_area,2025-04-08,7.2,2025-03-17,9.68,2025-04-08,7.06,1.9830028328611982,8.356940509915026,27.066115702479344,25.6198347107438,False,-6.005221932114879,3.9431142035790625,3,5,3,60.0,30.442624735131762,48.181409968567586,2016-12-26; 2017-02-13; 2022-02-15,18.016997167138804,1.9830028328611982,历史3/5次成功; 当前距低点1.98%; 最新日涨幅-6.01%; 状态bottom_area; 底部未确认
51,77.81713631577458,67.6792849227776,603161,科华控股,bottom_area,2025-04-08,9.64,2025-03-20,13.41,2025-04-08,9.42,2.3354564755838707,7.855626326963909,29.753914988814316,28.113348247576432,False,-7.839388145315485,4.53491692229811,2,3,2,66.66666666666666,38.69601623893628,39.40435280641466,2020-12-25; 2022-04-27,17.664543524416132,2.3354564755838707,历史2/3次成功; 当前距低点2.34%; 最新日涨幅-7.84%; 状态bottom_area; 底部未确认
52,77.72023866737051,69.00687107027265,605287,德才股份,bottom_area,2025-04-08,11.04,2025-03-25,14.75,2025-04-08,10.67,3.467666354264285,10.965323336457358,27.661016949152543,25.15254237288136,False,-6.756756756756765,4.6917857142857144,1,1,1,100.0,20.823389021479702,20.823389021479702,2023-07-11,16.532333645735715,3.467666354264285,历史1/1次成功; 当前距低点3.47%; 最新日涨幅-6.76%; 状态bottom_area; 底部未确认
53,77.65096669790323,69.6913342347026,301325,曼恩斯特,bottom_area,2025-04-08,46.93,2025-04-02,63.55,2025-04-08,45.1,4.057649667405761,9.046563192904653,29.032258064516125,26.152635719905582,False,-0.08516074089844894,4.314673504806234,1,1,1,100.0,21.520298260149133,21.520298260149133,2024-11-19,15.942350332594241,4.057649667405761,历史1/1次成功; 当前距低点4.06%; 最新日涨幅-0.09%; 状态bottom_area; 底部未确认
54,77.52117254331823,67.88561440760749,600570,恒生电子,bottom_area,2025-04-08,24.25,2025-03-06,32.85,2025-04-08,23.61,2.710715798390515,6.1414654807285025,28.12785388127854,26.179604261796047,False,-2.2177419354838745,3.1724851182163527,5,8,5,62.5,26.551324881386464,35.94611145131659,2005-11-01; 2008-09-18; 2010-07-09; 2019-06-10; 2020-06-05,17.289284201609487,2.710715798390515,历史5/8次成功; 当前距低点2.71%; 最新日涨幅-2.22%; 状态bottom_area; 底部未确认
55,77.30142623324997,66.62293128207311,603185,弘元绿能,bottom_area,2025-04-08,12.74,2025-02-26,17.65,2025-04-08,12.51,1.8385291766586764,7.513988808952835,29.12181303116147,27.818696883852684,False,-3.264996203492787,1.895343073748971,4,7,4,57.14285714285714,30.893582668190593,43.51028702057404,2022-02-14; 2022-04-25; 2022-06-02; 2024-02-05,18.161470823341325,1.8385291766586764,历史4/7次成功; 当前距低点1.84%; 最新日涨幅-3.26%; 状态bottom_area; 底部未确认
56,77.30115857612401,66.81628099173554,300879,大叶股份,bottom_area,2025-04-08,14.81,2025-03-20,21.22,2025-04-07,14.52,1.9972451790633672,17.079889807162537,31.573986804901033,30.207351555136658,False,1.9972451790633672,5.464001479112443,1,2,1,50.0,53.47334410339256,53.47334410339256,2024-09-18,18.002754820936634,1.9972451790633672,历史1/2次成功; 当前距低点2.00%; 最新日涨幅2.00%; 状态bottom_area; 底部未确认
57,77.24918250589987,68.15322092317729,300411,金盾股份,bottom_area,2025-04-08,10.25,2025-03-26,14.32,2025-04-07,9.94,3.118712273641856,17.706237424547282,30.586592178770957,28.42178770949721,True,3.118712273641866,4.5616604937702165,3,6,3,50.0,28.407983371401706,33.550488599348526,2020-04-28; 2021-02-05; 2022-04-27,16.881287726358146,3.118712273641856,历史3/6次成功; 当前距低点3.12%; 最新日涨幅3.12%; 状态bottom_area; 底部已确认
58,77.2402241002009,69.52613399503724,301319,唯特偶,bottom_area,2025-04-08,29.4,2025-04-02,40.2,2025-04-08,28.21,4.218362282878404,10.811768876285008,29.825870646766173,26.865671641791057,False,-3.2258064516129004,5.215056299949875,1,1,1,100.0,32.817204301075265,32.817204301075265,2023-08-28,15.781637717121596,4.218362282878404,历史1/1次成功; 当前距低点4.22%; 最新日涨幅-3.23%; 状态bottom_area; 底部未确认
59,76.99976488350548,69.43544041450778,688651,盛邦安全,bottom_area,2025-04-08,30.2,2025-03-11,43.0,2025-04-07,28.95,4.317789291882556,15.958549222797933,32.67441860465116,29.767441860465116,True,0.0,2.602728798715626,2,4,2,50.0,62.18217806259432,94.06392694063929,2023-08-25; 2024-04-16,15.682210708117445,4.317789291882556,历史2/4次成功; 当前距低点4.32%; 最新日涨幅0.00%; 状态bottom_area; 底部已确认
60,76.81787194924374,67.82707177781897,300830,金现代,bottom_area,2025-04-08,6.85,2025-03-25,9.73,2025-04-07,6.64,3.1626506024096384,17.16867469879519,31.757451181911623,29.599177800616655,False,3.1626506024096335,4.029638776684882,4,8,4,50.0,36.386640598456644,60.00000000000001,2021-09-27; 2021-10-11; 2022-10-11; 2024-06-06,16.837349397590362,3.1626506024096384,历史4/8次成功; 当前距低点3.16%; 最新日涨幅3.16%; 状态bottom_area; 底部未确认
61,76.78725113694817,66.84727260429331,300471,厚普股份,bottom_area,2025-04-08,7.29,2025-03-21,10.28,2025-04-07,7.12,2.387640449438201,18.25842696629213,30.73929961089494,29.085603112840463,True,2.3876404494381998,2.6651880792405493,4,10,4,40.0,34.09189693017424,57.03703703703705,2020-02-04; 2020-09-11; 2021-09-06; 2024-04-16,17.612359550561802,2.387640449438201,历史4/10次成功; 当前距低点2.39%; 最新日涨幅2.39%; 状态bottom_area; 底部已确认
62,76.70607487482852,68.49499097901354,301183,东田微,bottom_area,2025-04-08,39.54,2025-03-14,56.46,2025-04-08,38.1,3.779527559055112,8.13648293963255,32.51859723698193,29.968119022316685,False,1.4887063655030675,4.406548736831466,3,5,3,60.0,25.872654912146203,29.567901234567895,2022-05-30; 2024-04-16; 2024-11-01,16.22047244094489,3.779527559055112,历史3/5次成功; 当前距低点3.78%; 最新日涨幅1.49%; 状态bottom_area; 底部未确认
63,76.6768782540768,65.89760168677061,603787,新日股份,bottom_area,2025-04-08,9.06,2025-03-17,12.44,2025-04-08,8.91,1.6835016835016876,7.968574635241292,28.376205787781345,27.170418006430864,False,-5.82120582120581,3.0853752023085432,2,4,2,50.0,40.56981465136804,60.19417475728154,2020-02-04; 2022-01-27,18.316498316498315,1.6835016835016876,历史2/4次成功; 当前距低点1.68%; 最新日涨幅-5.82%; 状态bottom_area; 底部未确认
64,76.53665179196719,67.08849246231156,300230,永利股份,bottom_area,2025-04-08,4.09,2025-04-02,5.72,2025-04-08,3.98,2.763819095477384,8.542713567839204,30.419580419580416,28.496503496503493,False,-1.918465227817745,10.302712272108412,2,4,2,50.0,68.92851973880248,102.73159144893111,2015-08-25; 2024-02-06,17.236180904522616,2.763819095477384,历史2/4次成功; 当前距低点2.76%; 最新日涨幅-1.92%; 状态bottom_area; 底部未确认
65,76.38733090504401,66.80214272023267,301180,万祥科技,bottom_area,2025-04-08,10.9,2025-03-18,15.08,2025-04-08,10.62,2.636534839924681,6.30885122410546,29.575596816976134,27.71883289124668,False,2.251407129455907,3.2674942698991156,2,5,2,40.0,46.0937750282846,71.90357439733998,2023-04-25; 2024-06-11,17.36346516007532,2.636534839924681,历史2/5次成功; 当前距低点2.64%; 最新日涨幅2.25%; 状态bottom_area; 底部未确认
66,76.31280080317669,66.06823670821646,002590,万安科技,bottom_area,2025-04-08,10.77,2025-03-20,14.7,2025-04-08,10.55,2.085308056872027,9.004739336492884,28.231292517006796,26.73469387755102,False,-8.105802047781573,4.6080980691422235,7,12,7,58.333333333333336,28.35702013199653,50.647249190938524,2016-01-12; 2016-01-29; 2016-03-01; 2019-08-06; 2020-02-04; 2022-04-27; 2025-01-06,17.914691943127973,2.085308056872027,历史7/12次成功; 当前距低点2.09%; 最新日涨幅-8.11%; 状态bottom_area; 底部未确认
67,76.2381295855146,67.35350501756285,300319,麦捷科技,bottom_area,2025-04-08,9.37,2025-03-18,13.1,2025-04-08,9.08,3.1938325991189336,7.37885462555066,30.687022900763356,28.473282442748094,False,2.74122807017545,3.5634187728359206,5,10,5,50.0,34.222813675021584,47.62741652021089,2012-07-18; 2016-03-01; 2018-10-19; 2020-02-04; 2024-02-06,16.806167400881066,3.1938325991189336,历史5/10次成功; 当前距低点3.19%; 最新日涨幅2.74%; 状态bottom_area; 底部未确认
68,76.18110624485001,68.9172957168357,300677,英科医疗,bottom_area,2025-04-08,20.93,2025-01-24,28.19,2025-04-07,20.03,4.49326010983524,14.078881677483777,28.946434905995034,25.75381340901029,True,1.0622887493964228,3.0217570948525707,2,4,2,50.0,49.36520842612929,69.06438631790746,2020-11-17; 2024-09-19,15.506739890164761,4.49326010983524,历史2/4次成功; 当前距低点4.49%; 最新日涨幅1.06%; 状态bottom_area; 底部已确认
69,75.96945139628201,66.33532310978501,601137,博威合金,bottom_area,2025-04-08,16.47,2025-03-20,22.75,2025-04-08,16.06,2.5529265255292666,7.970112079701129,29.406593406593412,27.60439560439561,False,-5.017301038062294,3.1956856282939983,5,8,5,62.5,26.497288107482436,37.41496598639456,2015-06-30; 2016-03-02; 2018-10-19; 2021-02-04; 2022-04-25,17.447073474470734,2.5529265255292666,历史5/8次成功; 当前距低点2.55%; 最新日涨幅-5.02%; 状态bottom_area; 底部未确认
70,75.96417337174695,68.483754576526,300706,阿石创,bottom_area,2025-04-08,18.42,2025-03-20,25.26,2025-04-07,17.66,4.3035107587769055,17.723669309173268,30.08709422011085,27.07838479809976,True,4.1266252119841695,4.210454935046737,3,6,3,50.0,44.70838229321157,83.79357175192396,2019-05-08; 2020-02-04; 2023-05-05,15.696489241223096,4.3035107587769055,历史3/6次成功; 当前距低点4.30%; 最新日涨幅4.13%; 状态bottom_area; 底部已确认
71,75.76773124255654,68.04239393939393,605259,绿田机械,bottom_area,2025-04-08,13.74,2025-03-21,18.95,2025-04-08,13.2,4.090909090909098,11.136363636363642,30.343007915567284,27.493403693931395,False,-6.33946830265848,3.1336966604823746,1,1,1,100.0,23.277777777777786,23.277777777777786,2024-02-06,15.909090909090903,4.090909090909098,历史1/1次成功; 当前距低点4.09%; 最新日涨幅-6.34%; 状态bottom_area; 底部未确认
72,75.71290446015848,68.64081997761619,300141,和顺电气,bottom_area,2025-04-08,7.26,2025-03-18,9.98,2025-04-07,6.94,4.610951008645524,17.86743515850143,30.460921843687373,27.254509018036078,True,2.9787234042553123,2.27308423598604,7,12,7,58.333333333333336,31.265886795670195,45.07299270072992,2012-12-04; 2015-06-30; 2018-10-19; 2020-02-04; 2021-01-14; 2022-04-27; 2024-06-06,15.389048991354477,4.610951008645524,历史7/12次成功; 当前距低点4.61%; 最新日涨幅2.98%; 状态bottom_area; 底部已确认
73,75.70814034076876,68.20972480155328,603848,好太太,bottom_area,2025-04-08,13.19,2025-02-20,17.94,2025-04-07,12.65,4.268774703557305,8.22134387351778,29.48717948717949,26.477146042363444,False,1.2279355333844943,0.5693745227685858,4,7,4,57.14285714285714,36.52666503813178,51.487889273356416,2019-06-28; 2022-03-16; 2024-02-06; 2025-01-13,15.731225296442696,4.268774703557305,历史4/7次成功; 当前距低点4.27%; 最新日涨幅1.23%; 状态bottom_area; 底部未确认
74,75.2550525354504,62.71254377954201,002862,实丰文化,bottom_area,2025-04-08,21.46,2025-04-01,29.96,2025-04-08,21.46,0.0,4.7996272134203055,28.371161548731642,28.371161548731642,False,-9.983221476510062,3.213835626133944,6,10,6,60.0,33.23948268570972,45.40647719762062,2018-10-12; 2020-02-04; 2022-06-14; 2024-04-17; 2024-06-06; 2024-12-05,20.0,0.0,历史6/10次成功; 当前距低点0.00%; 最新日涨幅-9.98%; 状态bottom_area; 底部未确认
75,75.24023058075295,64.53676066302808,002158,汉钟精机,bottom_area,2025-04-08,16.75,2025-03-11,23.38,2025-04-08,16.49,1.57671315949061,5.942995755003035,29.46963216424295,28.357570573139434,False,-3.29099307159354,3.0641524352254983,5,12,5,41.66666666666667,53.32861608213191,157.6056338028169,2007-09-27; 2011-06-20; 2015-06-30; 2019-01-31; 2020-02-04,18.42328684050939,1.57671315949061,历史5/12次成功; 当前距低点1.58%; 最新日涨幅-3.29%; 状态bottom_area; 底部未确认
76,74.95270305760323,65.58361517540283,603106,恒银科技,bottom_area,2025-04-08,6.93,2025-03-06,9.31,2025-04-08,6.75,2.6666666666666625,10.518518518518517,27.497314715359835,25.563909774436098,False,-7.600000000000007,3.1513870744639974,5,9,5,55.55555555555556,38.8963778844835,60.42128603104214,2018-10-19; 2019-06-20; 2020-02-04; 2022-01-28; 2023-12-27,17.33333333333334,2.6666666666666625,历史5/9次成功; 当前距低点2.67%; 最新日涨幅-7.60%; 状态bottom_area; 底部未确认
77,74.79003702761099,66.12674253519518,603602,纵横通信,bottom_area,2025-04-08,14.35,2025-03-18,19.66,2025-04-08,13.9,3.237410071942441,6.546762589928059,29.298067141403866,27.009155645981693,False,-2.0477815699658786,3.9739026000021638,2,3,2,66.66666666666666,31.190165766436955,31.977401129943505,2022-03-18; 2022-10-11,16.762589928057558,3.237410071942441,历史2/3次成功; 当前距低点3.24%; 最新日涨幅-2.05%; 状态bottom_area; 底部未确认
78,74.6033562817791,65.56754604889281,300162,雷曼光电,bottom_area,2025-04-08,5.66,2025-03-26,7.72,2025-04-07,5.5,2.9090909090909114,18.181818181818183,28.75647668393782,26.683937823834192,True,2.5362318840579823,4.436877564547657,5,12,5,41.66666666666667,29.99250889759907,35.84142394822006,2012-01-05; 2012-01-19; 2015-09-08; 2022-04-27; 2024-04-16,17.09090909090909,2.9090909090909114,历史5/12次成功; 当前距低点2.91%; 最新日涨幅2.54%; 状态bottom_area; 底部已确认
79,74.59810929234838,63.661406179465786,002636,金安国纪,bottom_area,2025-04-08,7.02,2025-03-11,9.76,2025-04-08,6.93,1.2987012987012967,10.822510822510822,28.99590163934426,28.07377049180328,False,-8.831168831168835,2.9747814665939396,3,7,3,42.857142857142854,39.30654069395792,69.0,2016-01-14; 2018-02-07; 2021-02-04,18.701298701298704,1.2987012987012967,历史3/7次成功; 当前距低点1.30%; 最新日涨幅-8.83%; 状态bottom_area; 底部未确认
80,74.54400768530877,64.4789939894021,603116,红蜻蜓,bottom_area,2025-04-08,4.51,2025-03-17,6.33,2025-04-08,4.42,2.036199095022621,8.144796380090504,30.173775671406005,28.75197472353871,False,-8.146639511201636,3.588974654830876,3,6,3,50.0,37.266279172331565,62.727272727272734,2015-07-09; 2015-08-25; 2022-04-28,17.96380090497738,2.036199095022621,历史3/6次成功; 当前距低点2.04%; 最新日涨幅-8.15%; 状态bottom_area; 底部未确认
81,74.51703699159597,62.47512775230544,002379,宏桥控股,bottom_area,2025-04-08,9.1,2025-03-17,12.64,2025-04-08,9.07,0.330760749724359,10.253583241455344,28.24367088607595,28.006329113924057,False,-9.722222222222221,3.209920811022726,4,7,4,57.14285714285714,29.949950715621256,38.92857142857144,2010-05-13; 2015-07-17; 2017-04-28; 2022-08-04,19.66923925027564,0.330760749724359,历史4/7次成功; 当前距低点0.33%; 最新日涨幅-9.72%; 状态bottom_area; 底部未确认
82,74.41832176457457,66.47912722884944,688380,中微半导,bottom_area,2025-04-08,24.3,2025-03-18,32.95,2025-04-07,23.41,3.8017941050833004,19.39342161469457,28.95295902883157,26.25189681335357,False,3.757472245943627,2.286438624754911,2,4,2,50.0,36.97428918515784,48.1132075471698,2022-10-11; 2024-02-06,16.1982058949167,3.8017941050833004,历史2/4次成功; 当前距低点3.80%; 最新日涨幅3.76%; 状态bottom_area; 底部未确认
83,74.38575393380233,67.47686037957922,301616,浙江华业,bottom_area,2025-04-08,43.95,2025-04-03,61.66,2025-04-08,42.0,4.64285714285715,15.666666666666663,31.88452805708725,28.722024002594864,False,-7.356661045531188,35.36571710862633,1,1,1,100.0,27.003089598352215,27.003089598352215,2025-04-01,15.35714285714285,4.64285714285715,历史1/1次成功; 当前距低点4.64%; 最新日涨幅-7.36%; 状态bottom_area; 底部未确认
84,74.23855075445314,61.86545896204429,601689,拓普集团,bottom_area,2025-04-08,45.86,2025-03-17,64.1,2025-04-08,45.86,0.0,6.628870475359788,28.455538221528855,28.455538221528855,False,-9.99018645731109,2.9276531835397264,7,12,7,58.333333333333336,32.29637434790839,55.4418103448276,2015-06-30; 2015-07-09; 2015-08-26; 2018-02-02; 2018-09-18; 2021-05-12; 2021-12-17,20.0,0.0,历史7/12次成功; 当前距低点0.00%; 最新日涨幅-9.99%; 状态bottom_area; 底部未确认
85,74.10505619183212,66.07406308572206,300968,格林精密,bottom_area,2025-04-08,13.46,2025-03-20,19.36,2025-04-08,12.98,3.6979969183359045,8.24345146379045,32.95454545454545,30.475206611570243,False,0.4477611940298498,2.966205428419372,3,6,3,50.0,33.524172363053346,56.43835616438356,2022-04-27; 2024-11-05; 2024-11-07,16.302003081664097,3.6979969183359045,历史3/6次成功; 当前距低点3.70%; 最新日涨幅0.45%; 状态bottom_area; 底部未确认
86,73.80201945139054,63.297818829947076,002855,捷荣技术,bottom_area,2025-04-08,14.86,2025-03-17,21.24,2025-04-08,14.63,1.5721120984278785,8.680792891319204,31.120527306967976,30.03766478342749,False,-8.553846153846155,2.172343204673212,4,8,4,50.0,25.2270667438851,38.2059800664452,2018-02-07; 2019-05-08; 2022-04-28; 2023-11-28,18.427887901572124,1.5721120984278785,历史4/8次成功; 当前距低点1.57%; 最新日涨幅-8.55%; 状态bottom_area; 底部未确认
87,73.79121906118574,63.62039618801114,000581,威孚高科,bottom_area,2025-04-08,18.09,2025-03-19,25.76,2025-04-08,17.76,1.8581081081080986,4.617117117117099,31.05590062111801,29.7748447204969,False,-2.9506437768240357,4.986476268226257,6,13,6,46.15384615384615,28.585390723105427,39.83402489626556,2006-08-21; 2008-04-03; 2009-08-19; 2011-10-24; 2015-07-07; 2015-08-25,18.141891891891902,1.8581081081080986,历史6/13次成功; 当前距低点1.86%; 最新日涨幅-2.95%; 状态bottom_area; 底部未确认
88,73.73734435506113,64.02176128314521,605258,协和电子,bottom_area,2025-04-08,25.08,2025-03-14,35.51,2025-04-08,24.53,2.2421524663677013,10.640032613126781,30.92086736130667,29.37200788510279,False,-7.997065297138672,3.881704545454545,2,4,2,50.0,37.33262852937397,49.971379507727534,2022-04-27; 2025-01-06,17.757847533632297,2.2421524663677013,历史2/4次成功; 当前距低点2.24%; 最新日涨幅-8.00%; 状态bottom_area; 底部未确认
89,73.54498374391434,65.10170060311134,300058,蓝色光标,bottom_area,2025-04-08,7.51,2025-03-17,10.74,2025-04-07,7.27,3.301237964236592,16.918844566712522,32.309124767225335,30.07448789571695,True,3.301237964236581,4.957028591986775,4,10,4,40.0,35.906038503068594,49.811320754716995,2012-11-28; 2014-07-24; 2017-12-26; 2018-10-12,16.69876203576341,3.301237964236592,历史4/10次成功; 当前距低点3.30%; 最新日涨幅3.30%; 状态bottom_area; 底部已确认
90,73.54346136178411,65.07848484848485,300217,东方电热,bottom_area,2025-04-08,4.09,2025-03-21,5.68,2025-04-07,3.96,3.28282828282828,16.919191919191917,30.28169014084507,27.992957746478876,True,2.2499999999999964,3.182530075334707,4,12,4,33.33333333333333,50.83777539349449,91.35135135135134,2011-10-10; 2020-02-04; 2024-02-05; 2025-01-06,16.71717171717172,3.28282828282828,历史4/12次成功; 当前距低点3.28%; 最新日涨幅2.25%; 状态bottom_area; 底部已确认
91,73.49325003746769,63.56477041128088,601500,通用股份,bottom_area,2025-04-08,4.52,2025-04-02,6.09,2025-04-08,4.43,2.0316027088036086,7.2234762979684035,27.25779967159278,25.77996715927751,False,-4.641350210970474,4.084975874044598,2,4,2,50.0,32.29475584598439,33.15696649029982,2018-02-07; 2018-10-19,17.968397291196393,2.0316027088036086,历史2/4次成功; 当前距低点2.03%; 最新日涨幅-4.64%; 状态bottom_area; 底部未确认
92,73.31238430528441,62.752987388885415,000700,模塑科技,bottom_area,2025-04-08,6.24,2025-03-18,9.0,2025-04-08,6.15,1.4634146341463392,10.406504065040645,31.666666666666664,30.666666666666664,False,-8.638360175695459,6.264786035977576,7,16,7,43.75,34.507111584618684,52.926829268292686,2013-06-25; 2015-08-26; 2016-01-14; 2018-02-09; 2018-10-19; 2020-12-28; 2024-02-06,18.53658536585366,1.4634146341463392,历史7/16次成功; 当前距低点1.46%; 最新日涨幅-8.64%; 状态bottom_area; 底部未确认
93,73.24994470259844,66.56045203569447,300018,中元股份,bottom_area,2025-04-08,5.97,2025-03-20,8.41,2025-04-07,5.7,4.73684210526315,18.070175438596493,32.22354340071343,29.013079667063025,True,4.188481675392652,5.826210931678058,8,16,8,50.0,39.6798496542712,96.93251533742333,2010-02-03; 2015-06-30; 2015-09-02; 2016-03-01; 2018-02-07; 2018-10-19; 2020-02-04; 2022-04-27,15.263157894736851,4.73684210526315,历史8/16次成功; 当前距低点4.74%; 最新日涨幅4.19%; 状态bottom_area; 底部已确认
94,73.18609276089975,64.4121824104235,300644,南京聚隆,bottom_area,2025-04-08,18.97,2025-03-26,25.28,2025-04-07,18.42,2.9858849077089964,16.612377850162858,27.136075949367083,24.96044303797469,True,2.9300054259359776,5.274437702820006,3,10,3,30.0,51.63613509530115,78.38246409674981,2019-02-01; 2021-10-22; 2024-04-16,17.014115092291004,2.9858849077089964,历史3/10次成功; 当前距低点2.99%; 最新日涨幅2.93%; 状态bottom_area; 底部已确认
95,73.12039327747772,63.816543953640945,002439,启明星辰,bottom_area,2025-04-08,14.61,2025-03-12,19.9,2025-04-08,14.25,2.5263157894736805,4.982456140350884,28.39195979899497,26.58291457286432,False,-0.6122448979591799,3.6273439937722967,4,8,4,50.0,29.49754813785449,49.76470588235294,2015-07-03; 2015-09-02; 2016-03-01; 2021-10-28,17.47368421052632,2.5263157894736805,历史4/8次成功; 当前距低点2.53%; 最新日涨幅-0.61%; 状态bottom_area; 底部未确认
96,73.06139907379394,64.65610537503889,301128,强瑞技术,bottom_area,2025-04-08,55.0,2025-04-01,77.59,2025-04-08,53.25,3.286384976525822,10.929577464788732,31.37002191003996,29.114576620698546,False,-3.627124583844399,3.159141979519929,3,5,3,60.0,31.87668344902019,36.95033217336286,2021-11-19; 2023-05-17; 2024-04-16,16.71361502347418,3.286384976525822,历史3/5次成功; 当前距低点3.29%; 最新日涨幅-3.63%; 状态bottom_area; 底部未确认
97,72.9085896037423,63.465803108808274,688558,国盛智科,bottom_area,2025-04-08,19.76,2025-03-26,26.62,2025-04-07,19.3,2.3834196891191755,16.062176165803095,27.498121712997747,25.770097670924113,True,-0.7035175879396838,1.5908333333333333,1,2,1,50.0,52.00752823086575,52.00752823086575,2024-02-06,17.616580310880824,2.3834196891191755,历史1/2次成功; 当前距低点2.38%; 最新日涨幅-0.70%; 状态bottom_area; 底部已确认
98,72.83239024149859,60.91341832519453,603236,移远通信,bottom_area,2025-04-08,60.98,2025-03-31,88.98,2025-04-08,60.86,0.19717384160367638,9.185014788038126,31.60260732748933,31.467745560800186,False,-9.819580005915418,5.563676807271634,3,6,3,50.0,35.392337011026406,43.55271994627266,2020-06-17; 2021-07-28; 2024-02-06,19.802826158396325,0.19717384160367638,历史3/6次成功; 当前距低点0.20%; 最新日涨幅-9.82%; 状态bottom_area; 底部未确认
99,72.66144092679902,63.954217629486365,300591,万里马,bottom_area,2025-04-08,3.79,2025-03-28,5.08,2025-04-07,3.68,2.9891304347826053,17.39130434782609,27.55905511811023,25.393700787401574,True,1.608579088471851,7.880955754110262,2,5,2,40.0,25.910940971993046,29.663608562691135,2018-02-07; 2024-04-16,17.010869565217394,2.9891304347826053,历史2/5次成功; 当前距低点2.99%; 最新日涨幅1.61%; 状态bottom_area; 底部已确认
100,72.53013297299465,61.82540261745319,603186,华正新材,bottom_area,2025-04-08,20.48,2025-03-31,27.85,2025-04-08,20.23,1.2357884330202669,9.787444389520516,27.360861759425497,26.463195691202873,False,-8.896797153024917,5.811193990388373,2,5,2,40.0,34.85484002548066,36.187845303867384,2017-04-18; 2018-02-12,18.764211566979736,1.2357884330202669,历史2/5次成功; 当前距低点1.24%; 最新日涨幅-8.90%; 状态bottom_area; 底部未确认
101,72.50743588967806,65.0273766149146,000422,湖北宜化,bottom_area,2025-04-08,11.91,2025-03-27,16.5,2025-04-08,11.45,4.0174672489083045,4.978165938864631,30.60606060606061,27.81818181818182,False,1.7948717948718107,8.028365136287508,9,18,9,50.0,31.812913668954458,56.559513466550825,2005-02-01; 2005-06-03; 2007-06-05; 2008-02-01; 2008-09-18; 2012-12-04; 2017-06-02; 2019-08-07; 2021-11-09,15.982532751091696,4.0174672489083045,历史9/18次成功; 当前距低点4.02%; 最新日涨幅1.79%; 状态bottom_area; 底部未确认
102,72.42137827580473,63.34152078927365,002652,扬子新材,bottom_area,2025-04-08,2.33,2025-03-17,3.15,2025-04-08,2.27,2.643171806167403,8.370044052863433,27.936507936507933,26.031746031746028,False,-4.508196721311474,5.185777717292715,4,7,4,57.14285714285714,23.114952036365093,25.60483870967742,2015-06-23; 2015-06-30; 2022-06-14; 2023-10-24,17.356828193832598,2.643171806167403,历史4/7次成功; 当前距低点2.64%; 最新日涨幅-4.51%; 状态bottom_area; 底部未确认
103,72.36084999012269,63.84780881481412,688529,豪森智能,bottom_area,2025-04-08,14.85,2025-03-26,20.8,2025-04-08,14.4,3.124999999999995,8.749999999999998,30.76923076923077,28.605769230769234,False,0.6779661016949046,2.770787810528196,3,8,3,37.5,41.61456352050599,53.70588235294117,2022-04-27; 2022-12-26; 2024-02-06,16.875000000000007,3.124999999999995,历史3/8次成功; 当前距低点3.12%; 最新日涨幅0.68%; 状态bottom_area; 底部未确认
104,72.16671186521673,63.738846749748724,688182,灿勤科技,bottom_area,2025-04-08,20.45,2025-04-02,28.18,2025-04-08,19.82,3.1786074672048388,9.38446014127144,29.66643009226402,27.430801987224985,False,-1.7771373679154712,3.306725,2,4,2,50.0,37.0756547041707,49.999999999999986,2022-04-27; 2023-05-11,16.821392532795162,3.1786074672048388,历史2/4次成功; 当前距低点3.18%; 最新日涨幅-1.78%; 状态bottom_area; 底部未确认
105,72.0809242247563,63.64384716732543,300279,和晶科技,bottom_area,2025-04-08,5.22,2025-03-17,7.43,2025-04-07,5.06,3.1620553359683825,16.600790513834006,31.897711978465683,29.7442799461642,False,2.7559055118110187,3.117318044963441,2,6,2,33.33333333333333,50.96691765702016,81.73515981735159,2012-07-31; 2021-09-29,16.837944664031617,3.1620553359683825,历史2/6次成功; 当前距低点3.16%; 最新日涨幅2.76%; 状态bottom_area; 底部未确认
106,72.04297087922566,62.11382637164202,002869,金溢科技,bottom_area,2025-04-08,21.92,2025-03-07,30.97,2025-04-08,21.52,1.8587360594795637,11.05947955390334,30.513400064578622,29.221827575072645,False,-8.322877457130906,4.658856383550878,2,5,2,40.0,44.04163756588939,63.36238198983298,2020-02-04; 2021-02-08,18.14126394052044,1.8587360594795637,历史2/5次成功; 当前距低点1.86%; 最新日涨幅-8.32%; 状态bottom_area; 底部未确认
107,72.02308545046237,64.22798171280077,301069,凯盛新材,bottom_area,2025-04-08,12.59,2025-03-27,17.37,2025-04-07,12.14,3.706754530477754,18.204283360790765,30.109383995394357,27.51871042026483,True,3.1967213114754145,1.9396438763910222,2,5,2,40.0,36.179473345645455,47.989510489510494,2022-12-23; 2024-02-06,16.293245469522248,3.706754530477754,历史2/5次成功; 当前距低点3.71%; 最新日涨幅3.20%; 状态bottom_area; 底部已确认
108,72.02158915108784,62.40315840859798,002472,双环传动,bottom_area,2025-04-08,27.82,2025-03-20,39.2,2025-04-08,27.24,2.1292217327459686,9.765051395007344,30.510204081632665,29.030612244897963,False,-8.0026455026455,5.2579297583769,5,10,5,50.0,27.24615031859563,35.47169811320754,2011-08-09; 2017-01-16; 2018-02-09; 2023-10-26; 2024-02-05,17.870778267254035,2.1292217327459686,历史5/10次成功; 当前距低点2.13%; 最新日涨幅-8.00%; 状态bottom_area; 底部未确认
109,71.85192286035804,63.46651089460931,300438,鹏辉能源,bottom_area,2025-04-08,22.04,2025-03-18,30.6,2025-04-07,21.36,3.1835205992509352,18.305243445692884,30.196078431372552,27.973856209150334,False,3.183520599250933,3.9126422544054065,3,7,3,42.857142857142854,28.674781126198194,42.98561151079138,2015-06-30; 2018-02-07; 2024-02-05,16.816479400749067,3.1835205992509352,历史3/7次成功; 当前距低点3.18%; 最新日涨幅3.18%; 状态bottom_area; 底部未确认
110,71.84404848042183,62.68567182656122,301360,荣旗科技,bottom_area,2025-04-08,40.0,2025-03-17,57.79,2025-04-08,39.02,2.5115325474115755,7.201435161455651,32.479667762588676,30.78387264232566,False,0.4268139593271547,4.4746861150304795,2,5,2,40.0,22.42992491752477,23.857583403420236,2023-08-28; 2024-08-23,17.488467452588424,2.5115325474115755,历史2/5次成功; 当前距低点2.51%; 最新日涨幅0.43%; 状态bottom_area; 底部未确认
111,71.84166633870856,64.11529844945123,301489,思泉新材,bottom_area,2025-04-08,52.03,2025-04-02,69.96,2025-04-08,50.15,3.748753738783654,9.591226321036894,28.316180674671237,25.62893081761006,False,-2.0150659133709947,5.196692132601009,2,4,2,50.0,46.08847835418263,71.56118143459918,2023-10-26; 2024-06-11,16.251246261216345,3.748753738783654,历史2/4次成功; 当前距低点3.75%; 最新日涨幅-2.02%; 状态bottom_area; 底部未确认
112,71.8284475251242,62.23036197786893,603979,金诚信,bottom_area,2025-04-08,33.65,2025-03-20,49.02,2025-04-08,32.95,2.124430955993917,5.948406676782985,32.78253773969808,31.3545491636067,False,-5.50407188991856,2.698621253333647,2,4,2,50.0,26.258411599650834,27.890295358649787,2015-08-25; 2015-09-02,17.875569044006085,2.124430955993917,历史2/4次成功; 当前距低点2.12%; 最新日涨幅-5.50%; 状态bottom_area; 底部未确认
113,71.58841240794543,61.704520835241595,301577,美信科技,bottom_area,2025-04-08,44.2,2025-03-18,63.89,2025-04-08,43.4,1.8433179723502402,5.599078341013825,32.07074659571138,30.818594459226794,False,0.43172006362190984,5.440736272937018,1,2,1,50.0,20.630568882796446,20.630568882796446,2024-11-18,18.15668202764976,1.8433179723502402,历史1/2次成功; 当前距低点1.84%; 最新日涨幅0.43%; 状态bottom_area; 底部未确认
114,71.55672286506467,63.227049515947066,002935,天奥电子,bottom_area,2025-04-08,12.57,2025-04-01,16.82,2025-04-08,12.18,3.201970443349758,7.881773399014786,27.58620689655173,25.267538644470868,False,-3.4562211981566726,3.460687780453208,4,7,4,57.14285714285714,29.34930482910264,36.3412228796844,2022-03-09; 2022-04-27; 2023-06-09; 2024-02-06,16.798029556650242,3.201970443349758,历史4/7次成功; 当前距低点3.20%; 最新日涨幅-3.46%; 状态bottom_area; 底部未确认
115,71.53316840383988,64.81242568370988,300873,海晨股份,bottom_area,2025-04-08,17.59,2025-03-21,24.27,2025-04-07,16.82,4.5778834720570725,17.65755053507728,30.696332921302016,27.523691800576845,True,3.470588235294114,5.761925910258833,2,5,2,40.0,52.93269230769231,54.61538461538462,2024-02-06; 2025-01-13,15.422116527942928,4.5778834720570725,历史2/5次成功; 当前距低点4.58%; 最新日涨幅3.47%; 状态bottom_area; 底部已确认
116,71.48106186442882,65.11216685510439,300032,金龙机电,bottom_area,2025-04-08,3.66,2025-03-27,4.96,2025-04-07,3.49,4.871060171919769,17.191977077363884,29.637096774193544,26.209677419354836,True,4.2735042735042805,3.274015810989487,5,10,5,50.0,33.538623909040105,52.14007782101169,2015-06-30; 2015-09-16; 2019-01-31; 2020-09-10; 2024-08-28,15.128939828080231,4.871060171919769,历史5/10次成功; 当前距低点4.87%; 最新日涨幅4.27%; 状态bottom_area; 底部已确认
117,71.45117858546735,61.44268361576657,600992,贵绳股份,bottom_area,2025-04-08,12.45,2025-03-21,17.34,2025-04-08,12.24,1.7156862745097965,5.065359477124177,29.411764705882348,28.200692041522498,False,-2.5058731401722767,2.4814557917499696,5,14,5,35.714285714285715,37.750490208557856,61.79906542056074,2008-03-18; 2009-08-19; 2018-10-19; 2022-04-27; 2024-02-06,18.284313725490204,1.7156862745097965,历史5/14次成功; 当前距低点1.72%; 最新日涨幅-2.51%; 状态bottom_area; 底部未确认
118,71.42839842663359,64.16137527698251,300486,东杰智能,bottom_area,2025-04-08,5.58,2025-03-20,7.76,2025-04-07,5.36,4.104477611940293,17.53731343283581,30.92783505154639,28.092783505154635,True,4.104477611940283,2.9682676128690537,5,11,5,45.45454545454545,28.878507602282667,50.88323998276606,2015-09-02; 2016-02-01; 2016-03-01; 2018-02-07; 2024-06-11,15.895522388059707,4.104477611940293,历史5/11次成功; 当前距低点4.10%; 最新日涨幅4.10%; 状态bottom_area; 底部已确认
119,71.36612926203206,64.17817379679143,300987,川网传媒,bottom_area,2025-04-08,13.75,2025-04-02,18.82,2025-04-08,13.2,4.166666666666672,7.348484848484854,29.86184909670564,26.9394261424017,False,1.7011834319526686,9.072146700220651,2,4,2,50.0,29.07620320855614,32.81818181818181,2021-11-02; 2022-05-30,15.83333333333333,4.166666666666672,历史2/4次成功; 当前距低点4.17%; 最新日涨幅1.70%; 状态bottom_area; 底部未确认
120,71.36154140757411,59.46795117297843,600480,凌云股份,bottom_area,2025-04-08,12.93,2025-04-03,17.98,2025-04-08,12.93,0.0,5.877803557617941,28.08676307007787,28.08676307007787,False,-10.020876826722336,3.4469423916521027,7,14,7,50.0,37.46210308052914,68.976215098242,2003-11-13; 2008-04-22; 2015-06-23; 2017-04-24; 2018-02-09; 2020-02-04; 2025-01-08,20.0,0.0,历史7/14次成功; 当前距低点0.00%; 最新日涨幅-10.02%; 状态bottom_area; 底部未确认
121,71.29071073235006,62.46835991503058,688220,翱捷科技,bottom_area,2025-04-08,75.99,2025-04-01,106.0,2025-04-08,73.96,2.744726879394269,11.95240670632775,30.226415094339625,28.311320754716984,False,-4.330857358680618,4.9362666490017,2,4,2,50.0,35.14159784972857,45.103092783505154,2022-10-12; 2024-02-05,17.255273120605732,2.744726879394269,历史2/4次成功; 当前距低点2.74%; 最新日涨幅-4.33%; 状态bottom_area; 底部未确认
122,71.12284494488996,62.706433299390376,300389,艾比森,bottom_area,2025-04-08,9.03,2025-03-11,12.24,2025-04-08,8.76,3.0821917808219133,6.164383561643846,28.431372549019613,26.22549019607844,False,2.61363636363634,3.1029805891219513,2,6,2,33.33333333333333,43.98116788349998,56.07985480943739,2020-02-04; 2024-02-06,16.917808219178088,3.0821917808219133,历史2/6次成功; 当前距低点3.08%; 最新日涨幅2.61%; 状态bottom_area; 底部未确认
123,71.11428724782853,61.891973339608676,000813,德展健康,bottom_area,2025-04-08,3.02,2025-03-14,4.1,2025-04-08,2.95,2.372881355932198,6.101694915254227,28.04878048780487,26.34146341463414,False,-1.9480519480519543,2.2664963742058344,7,16,7,43.75,30.811251780290803,49.99999999999999,2001-02-23; 2004-08-20; 2008-03-18; 2011-04-19; 2016-01-27; 2022-04-27; 2024-02-06,17.627118644067803,2.372881355932198,历史7/16次成功; 当前距低点2.37%; 最新日涨幅-1.95%; 状态bottom_area; 底部未确认
124,71.041483192081,63.01912033860528,301181,标榜股份,bottom_area,2025-04-08,19.67,2025-03-20,27.25,2025-04-07,19.02,3.417455310199801,17.718191377497376,30.201834862385326,27.81651376146788,True,2.5013027618551398,1.8584799155346658,2,6,2,33.33333333333333,40.578414583481106,50.795180722891565,2022-04-27; 2022-08-08,16.582544689800198,3.417455310199801,历史2/6次成功; 当前距低点3.42%; 最新日涨幅2.50%; 状态bottom_area; 底部已确认
125,70.90835673923691,60.60190953876644,002709,天赐材料,bottom_area,2025-04-08,16.17,2025-03-03,22.5,2025-04-08,15.95,1.3793103448276014,5.768025078369917,29.111111111111114,28.133333333333326,False,-3.289473684210509,2.2499039364666698,3,7,3,42.857142857142854,23.845744911531167,29.287749287749286,2015-06-30; 2021-03-24; 2023-12-21,18.620689655172402,1.3793103448276014,历史3/7次成功; 当前距低点1.38%; 最新日涨幅-3.29%; 状态bottom_area; 底部未确认
126,70.80274280508856,60.31507964180174,002980,华盛昌,bottom_area,2025-04-08,21.9,2025-03-19,30.24,2025-04-08,21.64,1.2014787430683826,8.54898336414047,28.439153439153436,27.579365079365083,False,-8.9018302828619,4.5292089918142375,2,5,2,40.0,26.31425363439598,29.730921923246573,2022-10-10; 2022-11-24,18.79852125693162,1.2014787430683826,历史2/5次成功; 当前距低点1.20%; 最新日涨幅-8.90%; 状态bottom_area; 底部未确认
127,70.76503315768655,61.28757335978211,603636,南威软件,bottom_area,2025-04-08,10.67,2025-03-10,15.56,2025-04-08,10.45,2.105263157894743,9.377990430622015,32.84061696658098,31.426735218509,False,-8.096468561584835,5.235728412074687,2,4,2,50.0,20.954695482699602,21.096382835317907,2015-07-29; 2016-01-14,17.894736842105257,2.105263157894743,历史2/4次成功; 当前距低点2.11%; 最新日涨幅-8.10%; 状态bottom_area; 底部未确认
128,70.71323393937233,61.80349195233518,002522,浙江众成,bottom_area,2025-04-08,3.94,2025-03-19,5.33,2025-04-08,3.84,2.604166666666669,9.375000000000009,27.954971857410886,26.07879924953096,False,-7.294117647058829,6.382545685077838,5,10,5,50.0,29.844042754490175,37.41339491916859,2015-07-17; 2017-01-17; 2020-02-04; 2022-04-27; 2024-02-06,17.395833333333332,2.604166666666669,历史5/10次成功; 当前距低点2.60%; 最新日涨幅-7.29%; 状态bottom_area; 底部未确认
129,70.63613910102504,63.801155974998025,300053,航宇微,bottom_area,2025-04-08,10.66,2025-03-19,14.96,2025-04-07,10.21,4.407443682664047,19.29480901077374,31.75133689839572,28.743315508021393,True,4.407443682664058,3.752626078539033,6,13,6,46.15384615384615,29.14047081436583,42.54901960784314,2012-12-04; 2013-06-13; 2015-06-19; 2015-09-02; 2021-10-29; 2022-04-27,15.592556317335953,4.407443682664047,历史6/13次成功; 当前距低点4.41%; 最新日涨幅4.41%; 状态bottom_area; 底部已确认
130,70.59159468308401,60.2573099240832,000100,TCL科技,bottom_area,2025-04-08,3.86,2025-01-21,5.25,2025-04-08,3.81,1.3123359580052447,3.4120734908136456,27.42857142857143,26.47619047619048,False,-2.27848101265824,2.208074716573192,3,9,3,33.33333333333333,31.591949327966805,43.55231143552311,2006-04-24; 2015-06-30; 2015-07-09,18.687664041994758,1.3123359580052447,历史3/9次成功; 当前距低点1.31%; 最新日涨幅-2.28%; 状态bottom_area; 底部未确认
131,70.57534615480648,63.590784570800515,300554,三超新材,bottom_area,2025-04-08,17.08,2025-03-28,22.55,2025-04-07,16.38,4.273504273504269,19.413919413919416,27.361419068736147,24.25720620842573,True,4.082876294942106,4.449970725930257,3,7,3,42.857142857142854,33.51046098366494,43.048128342245974,2019-01-31; 2020-02-04; 2024-04-16,15.726495726495731,4.273504273504269,历史3/7次成功; 当前距低点4.27%; 最新日涨幅4.08%; 状态bottom_area; 底部已确认
132,70.55518462498478,60.14782087319544,000006,深振业A,bottom_area,2025-04-08,5.71,2025-03-31,8.22,2025-04-08,5.64,1.2411347517730547,8.865248226950355,31.386861313868625,30.535279805352804,False,-8.931419457735245,5.62961875845134,8,21,8,38.095238095238095,30.028102983102457,52.879581151832454,1994-02-01; 1996-12-18; 1997-05-26; 2003-05-14; 2008-03-18; 2008-04-21; 2015-06-30; 2023-10-23,18.758865248226947,1.2411347517730547,历史8/21次成功; 当前距低点1.24%; 最新日涨幅-8.93%; 状态bottom_area; 底部未确认
133,70.51285312808677,63.5486207203745,300151,昌红科技,bottom_area,2025-04-08,12.41,2025-03-18,16.44,2025-04-07,11.9,4.285714285714284,18.15126050420168,27.615571776155722,24.513381995133827,True,3.5893155258764686,3.9583144770549596,4,9,4,44.44444444444444,29.99429129404283,40.46890927624871,2012-12-04; 2016-03-01; 2017-01-17; 2022-03-09,15.714285714285717,4.285714285714284,历史4/9次成功; 当前距低点4.29%; 最新日涨幅3.59%; 状态bottom_area; 底部已确认
134,70.43680308069978,62.41359871939096,300364,中文在线,bottom_area,2025-04-08,19.09,2025-03-07,26.58,2025-04-07,18.47,3.356794802382247,17.920952896589075,30.51166290443943,28.179082016553796,False,3.356794802382246,4.716807796489148,7,16,7,43.75,23.203445531303664,33.42857142857142,2015-05-29; 2015-08-04; 2015-12-02; 2020-02-04; 2020-09-11; 2021-12-27; 2022-04-28,16.643205197617757,3.356794802382247,历史7/16次成功; 当前距低点3.36%; 最新日涨幅3.36%; 状态bottom_area; 底部未确认
135,70.4220128773396,62.584904925966335,603126,中材节能,bottom_area,2025-04-08,5.59,2025-03-18,7.42,2025-04-08,5.4,3.518518518518509,5.37037037037037,27.223719676549862,24.663072776280327,False,-2.2727272727272707,3.451171171171171,2,4,2,50.0,35.03831800101362,47.651006711409394,2015-06-30; 2018-02-07,16.48148148148149,3.518518518518509,历史2/4次成功; 当前距低点3.52%; 最新日涨幅-2.27%; 状态bottom_area; 底部未确认
136,70.39686819375775,62.68676716016503,300274,阳光电源,bottom_area,2025-04-08,55.71,2025-03-28,74.11,2025-04-07,53.76,3.627232142857148,15.327380952380956,27.45918229658616,24.82795844015652,False,0.017953321364450048,3.3615341460485935,3,7,3,42.857142857142854,29.921655238982552,39.513677811550146,2012-01-05; 2012-11-28; 2015-07-06,16.372767857142854,3.627232142857148,历史3/7次成功; 当前距低点3.63%; 最新日涨幅0.02%; 状态bottom_area; 底部未确认
137,70.27866388542118,63.55248634255189,300306,远方信息,bottom_area,2025-04-08,10.28,2025-03-19,13.93,2025-04-07,9.84,4.471544715447149,18.800813008130078,29.361091170136394,26.202440775305103,True,3.006012024048088,6.2030107390428455,6,13,6,46.15384615384615,28.58929190199668,36.544342507645254,2015-09-02; 2019-01-29; 2020-02-04; 2020-09-11; 2022-04-27; 2022-10-11,15.528455284552853,4.471544715447149,历史6/13次成功; 当前距低点4.47%; 最新日涨幅3.01%; 状态bottom_area; 底部已确认
138,70.27627550354887,60.554465500114595,001311,多利科技,bottom_area,2025-04-08,23.42,2025-03-20,33.66,2025-04-08,23.0,1.8260869565217466,9.086956521739129,31.669637551990487,30.421865715983348,False,-6.65603826225587,2.440176833676863,1,2,1,50.0,46.9244288224956,46.9244288224956,2024-02-06,18.173913043478255,1.8260869565217466,历史1/2次成功; 当前距低点1.83%; 最新日涨幅-6.66%; 状态bottom_area; 底部未确认
139,70.1924118853261,61.84563584007216,002995,天地在线,bottom_area,2025-04-08,15.56,2025-03-11,22.19,2025-04-08,15.1,3.0463576158940455,10.331125827814573,31.951329427670128,29.878323569175308,False,-7.270560190703224,5.749768104370086,3,6,3,50.0,35.49102798016449,46.32098765432098,2022-10-11; 2023-06-05; 2023-10-23,16.953642384105954,3.0463576158940455,历史3/6次成功; 当前距低点3.05%; 最新日涨幅-7.27%; 状态bottom_area; 底部未确认
140,70.14665041286796,60.635240187394345,688456,有研粉材,bottom_area,2025-04-08,30.6,2025-03-07,42.5,2025-04-08,30.0,2.000000000000005,6.333333333333329,29.411764705882355,27.999999999999996,False,-0.6815968841285214,2.476557978005016,2,5,2,40.0,27.608818211797608,31.374949000407998,2021-11-03; 2024-06-11,17.999999999999996,2.000000000000005,历史2/5次成功; 当前距低点2.00%; 最新日涨幅-0.68%; 状态bottom_area; 底部未确认
141,70.13281167197914,61.376403023908054,688379,华光新材,bottom_area,2025-04-08,19.57,2025-04-02,26.78,2025-04-08,19.06,2.675760755508928,6.505771248688363,28.827483196415244,26.923076923076927,False,0.8243173621844457,2.3281216682719483,1,2,1,50.0,29.070631970260223,29.070631970260223,2022-04-27,17.324239244491075,2.675760755508928,历史1/2次成功; 当前距低点2.68%; 最新日涨幅0.82%; 状态bottom_area; 底部未确认
142,70.09962916323978,60.638875936719394,001288,运机集团,bottom_area,2025-04-08,24.51,2025-03-18,35.46,2025-04-08,24.02,2.0399666944213237,10.116569525395501,32.26170332769318,30.87986463620981,False,-8.098987626546684,4.06302684281647,1,2,1,50.0,50.27272727272728,50.27272727272728,2024-02-05,17.960033305578676,2.0399666944213237,历史1/2次成功; 当前距低点2.04%; 最新日涨幅-8.10%; 状态bottom_area; 底部未确认
143,69.89789132003213,61.17395359059127,000727,冠捷科技,bottom_area,2025-04-08,2.3,2025-03-07,3.25,2025-04-08,2.24,2.6785714285714106,7.589285714285711,31.07692307692307,29.230769230769237,False,-4.958677685950419,2.97721181122864,9,18,9,50.0,27.37148627814019,52.68456375838926,1997-05-23; 1998-03-24; 2000-09-22; 2009-03-02; 2009-08-19; 2009-09-29; 2011-08-09; 2015-06-30; 2020-02-04,17.32142857142859,2.6785714285714106,历史9/18次成功; 当前距低点2.68%; 最新日涨幅-4.96%; 状态bottom_area; 底部未确认
144,69.83756021269383,61.27466160966044,000985,大庆华科,bottom_area,2025-04-08,14.97,2025-02-10,20.81,2025-04-08,14.56,2.8159340659340666,7.005494505494503,30.03363767419509,28.063431042767895,False,-3.605924018029616,2.2775465467829394,11,22,11,50.0,29.596727311774824,56.687898089171995,2003-11-13; 2007-10-29; 2008-03-20; 2008-04-03; 2008-09-18; 2012-08-02; 2015-06-30; 2015-07-29; 2020-02-04; 2022-05-25; 2024-02-08,17.184065934065934,2.8159340659340666,历史11/22次成功; 当前距低点2.82%; 最新日涨幅-3.61%; 状态bottom_area; 底部未确认
145,69.7584301759653,61.03072087017816,603399,永杉锂业,bottom_area,2025-04-08,7.72,2025-03-10,10.39,2025-04-08,7.52,2.659574468085109,8.11170212765959,27.62271414821945,25.697786333012516,False,-5.5079559363525155,2.5229815651849288,5,10,5,50.0,26.368551921570997,30.753768844221113,2012-12-03; 2015-07-16; 2015-07-29; 2018-09-14; 2023-06-01,17.340425531914892,2.659574468085109,历史5/10次成功; 当前距低点2.66%; 最新日涨幅-5.51%; 状态bottom_area; 底部未确认
146,69.71339737886409,61.0364750152008,603917,合力科技,bottom_area,2025-04-08,10.65,2025-03-19,14.45,2025-04-08,10.37,2.70009643201544,9.836065573770506,28.235294117647058,26.29757785467127,False,-5.918727915194344,4.42322409733124,4,8,4,50.0,26.89620903331182,32.85593934288122,2017-12-25; 2020-06-30; 2021-12-27; 2022-04-27,17.29990356798456,2.70009643201544,历史4/8次成功; 当前距低点2.70%; 最新日涨幅-5.92%; 状态bottom_area; 底部未确认
147,69.60305473639299,58.00254561366083,002241,歌尔股份,bottom_area,2025-04-08,18.95,2025-03-18,28.28,2025-04-08,18.95,0.0,1.2664907651715145,32.991513437057996,32.991513437057996,False,-9.97624703087887,2.5307091416118834,3,6,3,50.0,29.58357856806894,36.8763557483731,2008-09-18; 2018-02-09; 2024-02-05,20.0,0.0,历史3/6次成功; 当前距低点0.00%; 最新日涨幅-9.98%; 状态bottom_area; 底部未确认
148,69.60148890207202,61.19737061868137,300615,欣天科技,bottom_area,2025-04-08,10.18,2025-03-19,14.2,2025-04-08,9.89,2.9322548028311335,6.370070778564196,30.35211267605633,28.30985915492958,False,2.106318956870612,4.218377228067624,3,8,3,37.5,25.0022127372922,28.90625000000001,2019-05-07; 2020-02-04; 2024-04-16,17.06774519716887,2.9322548028311335,历史3/8次成功; 当前距低点2.93%; 最新日涨幅2.11%; 状态bottom_area; 底部未确认
149,69.48145390541285,60.98346027893512,300502,新易盛,bottom_area,2025-04-08,70.37,2025-04-02,101.65,2025-04-08,68.43,2.8350138827999376,11.354669004822439,32.68076733890801,30.772257747171665,False,-5.187281056319049,6.987153590314358,5,10,5,50.0,28.265010385585875,34.5909668057319,2018-06-22; 2020-03-17; 2022-04-27; 2022-10-11; 2023-06-28,17.164986117200066,2.8350138827999376,历史5/10次成功; 当前距低点2.84%; 最新日涨幅-5.19%; 状态bottom_area; 底部未确认
150,69.27538591696444,61.084967106438256,600130,波导股份,bottom_area,2025-04-08,2.67,2025-03-17,3.85,2025-04-08,2.59,3.0888030888030915,7.335907335907334,32.727272727272734,30.649350649350655,False,-4.982206405693956,5.199573333333333,13,25,13,52.0,27.588377144673693,44.55445544554456,2001-10-22; 2008-03-19; 2008-04-22; 2008-09-18; 2011-10-21; 2012-07-31; 2012-12-04; 2015-07-17; 2018-03-26; 2019-05-07; 2020-02-04; 2022-04-27; 2025-01-24,16.91119691119691,3.0888030888030915,历史13/25次成功; 当前距低点3.09%; 最新日涨幅-4.98%; 状态bottom_area; 底部未确认
151,69.27352783340706,59.29832671441038,002778,中晟高科,bottom_area,2025-04-08,15.23,2025-03-07,21.18,2025-04-08,15.01,1.4656895403064667,5.729513657561622,29.131255901794145,28.092540132200185,False,-2.057877813504827,2.6388513928089337,3,9,3,33.33333333333333,28.31594372567632,40.780542986425345,2016-08-01; 2017-01-17; 2020-02-04,18.534310459693533,1.4656895403064667,历史3/9次成功; 当前距低点1.47%; 最新日涨幅-2.06%; 状态bottom_area; 底部未确认
152,69.19990717408068,59.61358895086549,603311,金海高科,bottom_area,2025-04-08,8.42,2025-02-06,11.45,2025-04-08,8.27,1.813784764207985,10.27811366384522,27.77292576419214,26.46288209606987,False,-8.378672470076165,3.103263853974777,2,6,2,33.33333333333333,44.492929461969716,62.229102167182674,2015-07-09; 2022-10-12,18.186215235792016,1.813784764207985,历史2/6次成功; 当前距低点1.81%; 最新日涨幅-8.38%; 状态bottom_area; 底部未确认
153,69.14048529040585,61.2387155429309,300827,上能电气,bottom_area,2025-04-08,25.42,2025-04-01,34.15,2025-04-08,24.6,3.333333333333334,8.414634146341465,27.964860907759874,25.5636896046852,False,-0.4698512137822908,5.2345459595007595,2,5,2,40.0,47.19739539210158,55.77766942954655,2022-04-27; 2024-07-09,16.666666666666668,3.333333333333334,历史2/5次成功; 当前距低点3.33%; 最新日涨幅-0.47%; 状态bottom_area; 底部未确认
154,69.10451724572873,60.39414973469645,002534,西子洁能,bottom_area,2025-04-08,10.65,2025-03-26,14.49,2025-04-08,10.38,2.6011560693641576,9.730250481695565,28.364389233954444,26.50103519668737,False,-5.66873339238263,1.9977519353943147,5,11,5,45.45454545454545,32.07851481002635,42.98808432630614,2011-01-24; 2012-12-04; 2017-06-02; 2022-09-02; 2022-12-23,17.39884393063584,2.6011560693641576,历史5/11次成功; 当前距低点2.60%; 最新日涨幅-5.67%; 状态bottom_area; 底部未确认
155,69.09493727920362,61.7142847479285,688339,亿华通,bottom_area,2025-04-08,19.7,2025-03-21,26.39,2025-04-07,18.98,3.7934668071654314,15.542676501580607,28.078817733990146,25.35051155740811,True,1.441812564366618,2.0964608002553793,2,7,2,28.57142857142857,48.48980297838693,76.30996309963099,2024-02-06; 2024-10-17,16.20653319283457,3.7934668071654314,历史2/7次成功; 当前距低点3.79%; 最新日涨幅1.44%; 状态bottom_area; 底部已确认
156,69.09021262953348,62.35224620129165,301499,维科精密,bottom_area,2025-04-08,20.34,2025-04-02,27.95,2025-04-08,19.49,4.361210877373019,9.594663930220632,30.26833631484795,27.22719141323792,False,0.7928642220019766,7.994224884250463,2,4,2,50.0,21.64412366506522,21.950454687989964,2023-07-24; 2023-08-25,15.638789122626982,4.361210877373019,历史2/4次成功; 当前距低点4.36%; 最新日涨幅0.79%; 状态bottom_area; 底部未确认
157,69.03471489666381,60.39000611250835,300940,南极光,bottom_area,2025-04-08,12.77,2025-04-02,17.79,2025-04-08,12.44,2.6527331189710615,6.189710610932487,30.073074761101743,28.218100056211355,False,1.7529880478087456,4.87289117854015,1,2,1,50.0,23.485148514851485,23.485148514851485,2021-03-10,17.34726688102894,2.6527331189710615,历史1/2次成功; 当前距低点2.65%; 最新日涨幅1.75%; 状态bottom_area; 底部未确认
158,69.02652995540738,62.02561855423618,300088,长信科技,bottom_area,2025-04-08,5.05,2025-03-17,7.0,2025-04-07,4.85,4.12371134020619,18.144329896907234,30.714285714285722,27.857142857142858,True,3.696098562628336,3.301698757450629,4,10,4,40.0,29.449894676915576,36.998972250770805,2012-09-27; 2013-06-13; 2015-06-30; 2024-02-05,15.876288659793811,4.12371134020619,历史4/10次成功; 当前距低点4.12%; 最新日涨幅3.70%; 状态bottom_area; 底部已确认
159,68.99999509240274,60.379904641189086,002301,齐心集团,bottom_area,2025-04-08,6.15,2025-03-06,8.48,2025-04-08,5.99,2.67111853088481,7.512520868113526,29.36320754716981,27.47641509433962,False,-4.7987616099071095,2.674688189417618,2,4,2,50.0,23.011047804335742,25.486381322957207,2022-04-28; 2024-12-09,17.32888146911519,2.67111853088481,历史2/4次成功; 当前距低点2.67%; 最新日涨幅-4.80%; 状态bottom_area; 底部未确认
160,68.90316107003939,60.9460701342861,300221,银禧科技,bottom_area,2025-04-08,6.97,2025-04-02,9.48,2025-04-08,6.75,3.2592592592592555,10.666666666666663,28.797468354430382,26.476793248945153,False,-1.6925246826516194,12.671926733092373,6,13,6,46.15384615384615,31.38269486772689,52.0,2012-08-01; 2018-12-26; 2019-11-18; 2020-02-04; 2020-09-10; 2021-02-08,16.740740740740744,3.2592592592592555,历史6/13次成功; 当前距低点3.26%; 最新日涨幅-1.69%; 状态bottom_area; 底部未确认
161,68.87054872271077,61.42683340023732,600143,金发科技,bottom_area,2025-04-08,9.49,2025-03-06,13.04,2025-04-08,9.15,3.7158469945355175,5.46448087431694,29.831288343558278,27.22392638036809,False,-2.8659160696008157,3.14359665362145,5,10,5,50.0,31.23099219235647,45.94594594594595,2004-10-22; 2008-11-04; 2009-03-02; 2012-12-04; 2015-06-30,16.284153005464482,3.7158469945355175,历史5/10次成功; 当前距低点3.72%; 最新日涨幅-2.87%; 状态bottom_area; 底部未确认
162,68.86789979571572,60.45307480964899,000586,汇源通信,bottom_area,2025-04-08,7.96,2025-03-24,11.42,2025-04-08,7.74,2.842377260981909,8.139534883720916,32.22416812609457,30.297723292469353,False,-5.011933174224348,5.61682096343951,11,23,11,47.82608695652174,30.2138812968251,56.2753036437247,1996-08-27; 1997-05-23; 2004-07-14; 2007-06-26; 2008-04-22; 2014-01-13; 2016-02-29; 2018-09-12; 2019-05-07; 2022-04-27; 2024-06-06,17.15762273901809,2.842377260981909,历史11/23次成功; 当前距低点2.84%; 最新日涨幅-5.01%; 状态bottom_area; 底部未确认
163,68.84716468481568,60.05816493781795,002348,高乐股份,bottom_area,2025-04-08,2.87,2025-03-27,3.86,2025-04-08,2.8,2.50000000000001,4.642857142857156,27.46113989637306,25.64766839378238,False,-1.7123287671232834,3.0037310135507993,4,10,4,40.0,30.63529536461278,49.73333333333334,2012-12-04; 2015-11-02; 2020-02-17; 2022-04-27,17.49999999999999,2.50000000000001,历史4/10次成功; 当前距低点2.50%; 最新日涨幅-1.71%; 状态bottom_area; 底部未确认
164,68.84090228165203,60.64342949211073,688251,井松智能,bottom_area,2025-04-08,16.29,2025-03-28,22.6,2025-04-07,15.81,3.0360531309297825,14.800759013282718,30.044247787610622,27.920353982300895,True,2.6465028355387554,1.8052456584482377,1,3,1,33.33333333333333,39.7972972972973,39.7972972972973,2025-01-06,16.963946869070217,3.0360531309297825,历史1/3次成功; 当前距低点3.04%; 最新日涨幅2.65%; 状态bottom_area; 底部已确认
165,68.78287424119578,61.253424288602766,300684,中石科技,bottom_area,2025-04-08,19.98,2025-04-03,26.66,2025-04-08,19.28,3.6307053941908674,14.782157676348536,27.681920480120027,25.056264066016503,False,-5.7991513437058,11.035911923867678,2,4,2,50.0,39.47006767396742,49.67989756722151,2019-07-22; 2024-06-11,16.369294605809134,3.6307053941908674,历史2/4次成功; 当前距低点3.63%; 最新日涨幅-5.80%; 状态bottom_area; 底部未确认
166,68.74072975726614,60.94572317885461,300703,创源股份,bottom_area,2025-04-08,11.29,2025-03-28,15.68,2025-04-08,10.92,3.388278388278381,6.501831501831509,30.357142857142854,27.997448979591844,False,2.1719457013574583,5.256251033694688,2,5,2,40.0,23.822569377039358,26.73101133025599,2018-02-09; 2022-04-27,16.61172161172162,3.388278388278381,历史2/5次成功; 当前距低点3.39%; 最新日涨幅2.17%; 状态bottom_area; 底部未确认
167,68.60752218598464,59.34906763493481,000823,超声电子,bottom_area,2025-04-08,8.5,2025-03-18,11.84,2025-04-08,8.33,2.0408163265306114,10.6842737094838,29.64527027027027,28.209459459459456,False,-8.20734341252699,5.941940679684815,5,12,5,41.66666666666667,27.798183832031942,43.585237258347966,2005-04-25; 2007-10-26; 2015-06-30; 2022-04-27; 2024-02-06,17.95918367346939,2.0408163265306114,历史5/12次成功; 当前距低点2.04%; 最新日涨幅-8.21%; 状态bottom_area; 底部未确认
168,68.5413047131387,61.705114519956126,300545,联得装备,bottom_area,2025-04-08,26.14,2025-04-01,36.45,2025-04-08,25.08,4.226475279106867,9.569377990430631,31.193415637860095,28.285322359396435,False,1.1218568665377182,7.040964953285724,5,13,5,38.46153846153847,41.51332342107409,67.05330700888449,2017-06-02; 2018-02-07; 2022-04-27; 2022-10-12; 2024-02-06,15.773524720893134,4.226475279106867,历史5/13次成功; 当前距低点4.23%; 最新日涨幅1.12%; 状态bottom_area; 底部未确认
169,68.52016857241114,60.82222370810323,688668,鼎通科技,bottom_area,2025-04-08,35.95,2025-03-18,50.34,2025-04-08,34.75,3.4532374100719507,7.884892086330941,30.969408025427104,28.58561779896702,False,1.5536723163841915,3.738405780282862,2,5,2,40.0,23.954865607888586,27.184241019698735,2023-05-15; 2025-01-03,16.54676258992805,3.4532374100719507,历史2/5次成功; 当前距低点3.45%; 最新日涨幅1.55%; 状态bottom_area; 底部未确认
170,68.43040245744434,60.36903841528274,600110,诺德股份,bottom_area,2025-04-08,3.31,2025-03-03,4.52,2025-04-08,3.21,3.1152647975077907,6.5420560747663545,28.982300884955748,26.76991150442477,False,-1.7804154302670683,2.2479211912158297,6,15,6,40.0,39.84861372903495,81.23393316195371,2007-06-05; 2008-04-03; 2014-01-20; 2020-02-04; 2022-04-27; 2024-02-06,16.88473520249221,3.1152647975077907,历史6/15次成功; 当前距低点3.12%; 最新日涨幅-1.78%; 状态bottom_area; 底部未确认
171,68.42771721899446,61.54445572359265,301150,中一科技,bottom_area,2025-04-08,16.72,2025-03-03,23.55,2025-04-07,16.05,4.174454828660425,18.56697819314642,31.84713375796178,29.002123142250536,True,3.273625694873372,1.2707547418965017,3,8,3,37.5,32.90168135988398,55.88705380927013,2022-04-27; 2023-05-09; 2024-02-06,15.825545171339577,4.174454828660425,历史3/8次成功; 当前距低点4.17%; 最新日涨幅3.27%; 状态bottom_area; 底部已确认
172,68.38965662858334,60.87417675487067,600732,爱旭股份,bottom_area,2025-04-08,10.06,2025-03-26,13.95,2025-04-08,9.71,3.604531410916577,11.534500514933049,30.3942652329749,27.8853046594982,False,-6.505576208178432,2.683794081634658,12,22,12,54.54545454545454,27.261775214743462,37.6930063578565,1999-05-19; 2001-09-27; 2003-01-02; 2003-05-13; 2005-12-05; 2006-04-25; 2008-01-23; 2008-03-18; 2008-09-18; 2015-05-07; 2018-02-08; 2021-07-28,16.39546858908342,3.604531410916577,历史12/22次成功; 当前距低点3.60%; 最新日涨幅-6.51%; 状态bottom_area; 底部未确认
173,68.37510633531619,59.89786672564077,002339,积成电子,bottom_area,2025-04-08,6.02,2025-03-18,8.12,2025-04-08,5.86,2.7303754266211477,9.215017064846416,27.832512315270925,25.86206896551724,False,-5.7902973395931205,5.708550094265761,4,10,4,40.0,42.81248762546765,82.94930875576038,2015-08-04; 2022-04-27; 2022-06-23; 2022-08-08,17.269624573378852,2.7303754266211477,历史4/10次成功; 当前距低点2.73%; 最新日涨幅-5.79%; 状态bottom_area; 底部未确认
174,68.36947877704468,56.97456564753723,603011,合锻智能,bottom_area,2025-04-08,10.08,2025-04-02,14.6,2025-04-08,10.08,0.0,3.174603174603177,30.958904109589042,30.958904109589042,False,-9.999999999999998,13.600228363552816,4,10,4,40.0,45.72347122331845,71.07231920199503,2014-12-23; 2015-09-28; 2020-02-04; 2022-04-27,20.0,0.0,历史4/10次成功; 当前距低点0.00%; 最新日涨幅-10.00%; 状态bottom_area; 底部未确认
175,68.32855621971845,56.99933607011949,002981,朝阳科技,bottom_area,2025-04-08,17.75,2025-03-20,25.38,2025-04-08,17.74,0.05636978579482279,10.033821871476896,30.10244286840032,30.063041765169423,False,-9.944190766108573,2.850515374130879,1,2,1,50.0,45.956232159847765,45.956232159847765,2024-02-08,19.94363021420518,0.05636978579482279,历史1/2次成功; 当前距低点0.06%; 最新日涨幅-9.94%; 状态bottom_area; 底部未确认
176,68.23856022960649,59.00566016743578,001336,楚环科技,bottom_area,2025-04-08,16.68,2025-04-01,23.97,2025-04-08,16.35,2.0183486238532002,8.012232415902131,31.78973717146432,30.413016270337923,False,-4.467353951890041,9.718124951244441,1,2,1,50.0,40.95427435387674,40.95427435387674,2024-02-08,17.9816513761468,2.0183486238532002,历史1/2次成功; 当前距低点2.02%; 最新日涨幅-4.47%; 状态bottom_area; 底部未确认
177,68.19688465663914,56.95949892537007,603089,正裕工业,bottom_area,2025-04-08,8.11,2025-03-26,11.68,2025-04-08,8.1,0.12345679012345416,6.790123456790133,30.65068493150685,30.565068493150687,False,-9.888888888888891,4.88478055413047,3,7,3,42.857142857142854,28.707267932381537,32.09393346379647,2018-02-07; 2020-02-04; 2020-09-29,19.876543209876544,0.12345679012345416,历史3/7次成功; 当前距低点0.12%; 最新日涨幅-9.89%; 状态bottom_area; 底部未确认
178,68.19452811578888,56.82877342982407,600609,金杯汽车,bottom_area,2025-04-08,4.66,2025-03-12,6.94,2025-04-08,4.66,0.0,7.939914163090131,32.85302593659942,32.85302593659942,False,-10.03861003861003,3.051614560720071,11,24,11,45.83333333333333,32.30075320693943,53.125,1992-09-08; 1992-09-16; 1992-09-18; 1992-11-12; 1994-08-09; 1994-10-05; 1995-01-24; 1995-04-28; 2010-07-05; 2012-12-04; 2018-02-07,20.0,0.0,历史11/24次成功; 当前距低点0.00%; 最新日涨幅-10.04%; 状态bottom_area; 底部未确认
179,68.1312768845211,58.941586625131826,603012,创力集团,bottom_area,2025-04-08,4.99,2025-03-19,6.85,2025-04-08,4.89,2.0449897750511354,6.95296523517384,28.61313868613139,27.15328467153284,False,-4.9523809523809526,4.017308584686774,2,5,2,40.0,29.269695227142023,35.13513513513512,2020-02-04; 2024-02-06,17.955010224948865,2.0449897750511354,历史2/5次成功; 当前距低点2.04%; 最新日涨幅-4.95%; 状态bottom_area; 底部未确认
180,68.0580543044347,60.15477742448332,300946,恒而达,bottom_area,2025-04-08,25.97,2025-03-28,36.89,2025-04-08,25.16,3.219395866454685,8.108108108108105,31.797235023041477,29.601518026565472,False,1.7633228840125303,3.6339626328872514,1,4,1,25.0,85.85337915234823,85.85337915234823,2024-02-06,16.780604133545314,3.219395866454685,历史1/4次成功; 当前距低点3.22%; 最新日涨幅1.76%; 状态bottom_area; 底部未确认
181,68.05346856537648,59.88909477468762,300784,利安科技,bottom_area,2025-04-08,44.57,2025-03-17,63.6,2025-04-08,43.28,2.9805914972273544,7.116451016635855,31.949685534591193,29.921383647798745,False,1.757990867579906,5.04192685102587,1,2,1,50.0,24.810985958956948,24.810985958956948,2024-06-26,17.01940850277265,2.9805914972273544,历史1/2次成功; 当前距低点2.98%; 最新日涨幅1.76%; 状态bottom_area; 底部未确认
182,68.00838834844517,60.20618809854944,300731,科创新源,bottom_area,2025-04-08,20.31,2025-04-01,28.2,2025-04-08,19.66,3.3062054933875817,9.308240081383511,30.28368794326241,27.978723404255323,False,-0.6360078277886649,5.213701728468668,4,10,4,40.0,41.313637760608216,53.7536092396535,2018-06-19; 2020-02-04; 2022-04-27; 2022-06-23,16.69379450661242,3.3062054933875817,历史4/10次成功; 当前距低点3.31%; 最新日涨幅-0.64%; 状态bottom_area; 底部未确认
183,67.942702785666,58.943464501356125,300866,安克创新,bottom_area,2025-04-08,76.24,2025-04-02,106.55,2025-04-08,74.6,2.198391420911529,7.560321715817696,29.985922102299394,28.44673862036603,False,0.0,2.5980620710040574,1,4,1,25.0,30.97202656470115,30.97202656470115,2022-04-27,17.80160857908847,2.198391420911529,历史1/4次成功; 当前距低点2.20%; 最新日涨幅0.00%; 状态bottom_area; 底部未确认
184,67.92748655220865,60.57017700079792,605289,罗曼股份,bottom_area,2025-04-08,20.17,2025-03-07,27.85,2025-04-08,19.45,3.701799485861195,10.53984575835476,30.161579892280077,27.576301615798922,False,-6.4037122969837545,2.1028861527303895,3,6,3,50.0,36.66817112129804,53.38199513381995,2022-12-28; 2023-08-29; 2024-04-16,16.298200514138806,3.701799485861195,历史3/6次成功; 当前距低点3.70%; 最新日涨幅-6.40%; 状态bottom_area; 底部未确认
185,67.79616763002846,59.78956501114474,300504,天邑股份,bottom_area,2025-04-08,12.65,2025-03-17,18.01,2025-04-07,12.27,3.0969845150774313,18.09290953545233,31.87118267629096,29.7612437534703,True,3.096984515077428,2.549444058992649,2,9,2,22.22222222222222,43.36093629013835,65.19823788546255,2019-05-08; 2020-02-04,16.90301548492257,3.0969845150774313,历史2/9次成功; 当前距低点3.10%; 最新日涨幅3.10%; 状态bottom_area; 底部已确认
186,67.73892552655352,60.84021523263908,688160,步科股份,bottom_area,2025-04-08,72.14,2025-04-03,99.18,2025-04-08,69.3,4.098124098124104,12.626262626262626,30.12704174228676,27.263561201855218,False,-5.6500130787339735,3.917773770894712,2,3,2,66.66666666666666,23.53371779406109,26.542553191489354,2022-04-27; 2024-04-16,15.901875901875897,4.098124098124104,历史2/3次成功; 当前距低点4.10%; 最新日涨幅-5.65%; 状态bottom_area; 底部未确认
187,67.68228711496641,59.135037934515445,600667,太极实业,bottom_area,2025-04-08,5.95,2025-03-05,7.97,2025-04-08,5.8,2.5862068965517304,7.4137931034482865,27.22710163111669,25.345043914680044,False,-3.0944625407166026,2.1444702510931304,8,19,8,42.10526315789473,32.38262691409574,47.43589743589742,1994-03-11; 1994-08-10; 1998-08-18; 2007-06-26; 2008-01-23; 2008-02-01; 2008-04-03; 2012-11-16,17.41379310344827,2.5862068965517304,历史8/19次成功; 当前距低点2.59%; 最新日涨幅-3.09%; 状态bottom_area; 底部未确认
188,67.56825172037571,59.728841299779624,002491,通鼎互联,bottom_area,2025-04-08,3.84,2025-03-12,5.3,2025-04-08,3.72,3.225806451612894,9.946236559139775,29.811320754716974,27.547169811320753,False,-5.882352941176472,2.746226426245594,6,13,6,46.15384615384615,34.64344091105928,52.39520958083833,2013-06-25; 2014-05-28; 2015-06-30; 2015-07-03; 2020-02-06; 2024-02-06,16.774193548387107,3.225806451612894,历史6/13次成功; 当前距低点3.23%; 最新日涨幅-5.88%; 状态bottom_area; 底部未确认
189,67.49785301400328,58.80130977208808,300979,华利集团,bottom_area,2025-04-08,48.98,2025-03-18,66.3,2025-04-07,47.82,2.4257632789627697,7.5282308657465515,27.87330316742081,26.123680241327303,True,-2.0595880823835233,0.5150419738884034,1,2,1,50.0,25.44112929098492,25.44112929098492,2022-03-16,17.57423672103723,2.4257632789627697,历史1/2次成功; 当前距低点2.43%; 最新日涨幅-2.06%; 状态bottom_area; 底部已确认
190,67.47622851463834,59.49882506974685,300488,恒锋工具,bottom_area,2025-04-08,28.7,2025-03-26,40.67,2025-04-08,27.84,3.0890804597701127,8.47701149425287,31.546594541431034,29.43201376936317,False,-0.3126085446335525,3.055221060229141,3,8,3,37.5,40.26574472055218,65.52470248827983,2021-09-10; 2022-04-27; 2023-10-23,16.910919540229887,3.0890804597701127,历史3/8次成功; 当前距低点3.09%; 最新日涨幅-0.31%; 状态bottom_area; 底部未确认
191,67.45351923035719,58.685749482470186,002416,爱施德,bottom_area,2025-04-08,10.87,2025-03-05,14.59,2025-04-08,10.62,2.354048964218456,8.380414312617708,27.210418094585336,25.496915695681977,False,-4.565408252853387,2.911755444522285,4,12,4,33.33333333333333,46.127138642768465,59.16988416988417,2012-12-04; 2014-12-31; 2016-03-01; 2020-02-04,17.645951035781547,2.354048964218456,历史4/12次成功; 当前距低点2.35%; 最新日涨幅-4.57%; 状态bottom_area; 底部未确认
192,67.4243078473298,59.47537656653286,600707,彩虹股份,bottom_area,2025-04-08,6.3,2025-03-18,8.5,2025-04-08,6.11,3.1096563011456544,8.346972176759406,28.117647058823525,25.882352941176475,False,-6.110283159463492,1.9849987931755493,10,23,10,43.47826086956522,37.65405270274281,88.29113924050633,1999-05-19; 2005-07-19; 2008-02-01; 2008-04-03; 2011-01-25; 2015-07-16; 2015-07-29; 2019-12-06; 2020-02-04; 2020-12-16,16.890343698854345,3.1096563011456544,历史10/23次成功; 当前距低点3.11%; 最新日涨幅-6.11%; 状态bottom_area; 底部未确认
193,67.37382494079898,59.034855967078194,605299,舒华体育,bottom_area,2025-04-08,7.49,2025-03-14,10.4,2025-04-08,7.29,2.7434842249657088,6.9958847736625485,29.90384615384616,27.98076923076923,False,-3.479381443298968,1.6737751480968233,1,2,1,50.0,56.12903225806454,56.12903225806454,2021-07-28,17.25651577503429,2.7434842249657088,历史1/2次成功; 当前距低点2.74%; 最新日涨幅-3.48%; 状态bottom_area; 底部未确认
194,67.35340705868464,60.51585891605791,688092,爱科科技,bottom_area,2025-04-08,18.71,2025-03-18,24.98,2025-04-07,17.97,4.117974401780757,15.470228158041188,28.062449959967978,25.100080064051237,False,2.91529152915293,1.40908280598051,1,2,1,50.0,42.12279866730127,42.12279866730127,2024-02-06,15.882025598219244,4.117974401780757,历史1/2次成功; 当前距低点4.12%; 最新日涨幅2.92%; 状态bottom_area; 底部未确认
195,67.28678137307726,57.555355790988784,603048,浙江黎明,bottom_area,2025-04-08,14.23,2025-03-20,19.78,2025-04-08,14.03,1.4255167498218182,9.052031361368506,29.06976744186047,28.058645096056622,False,-8.723540731237966,3.6660539215686274,1,2,1,50.0,25.889967637540458,25.889967637540458,2022-04-28,18.574483250178183,1.4255167498218182,历史1/2次成功; 当前距低点1.43%; 最新日涨幅-8.72%; 状态bottom_area; 底部未确认
196,67.25504438372673,59.66283018867927,603004,鼎龙科技,bottom_area,2025-04-08,17.54,2025-03-18,23.98,2025-04-08,16.96,3.4198113207547065,10.259433962264142,29.274395329441198,26.85571309424521,False,-6.900212314225051,11.919667119565219,2,5,2,40.0,52.20363732099522,55.7168784029038,2023-12-28; 2024-08-28,16.580188679245296,3.4198113207547065,历史2/5次成功; 当前距低点3.42%; 最新日涨幅-6.90%; 状态bottom_area; 底部未确认
197,67.23094941843574,58.49685655092443,002374,中锐股份,bottom_area,2025-04-08,2.17,2025-03-17,2.91,2025-04-08,2.12,2.3584905660377276,5.188679245283013,27.147766323024054,25.429553264604817,False,-3.9823008849557473,2.0892098939151933,4,9,4,44.44444444444444,21.091956614942678,21.809744779582363,2015-07-13; 2018-02-07; 2021-01-13; 2024-06-04,17.641509433962273,2.3584905660377276,历史4/9次成功; 当前距低点2.36%; 最新日涨幅-3.98%; 状态bottom_area; 底部未确认
198,67.20615236209777,58.76097095506716,300241,瑞丰光电,bottom_area,2025-04-08,4.3,2025-03-18,5.74,2025-04-07,4.19,2.6252983293555947,18.13842482100238,27.003484320557487,25.087108013937286,True,2.6252983293555854,4.454982063470559,4,18,4,22.22222222222222,32.04890102388366,43.7984496124031,2011-08-09; 2015-06-30; 2017-01-17; 2020-02-04,17.374701670644406,2.6252983293555947,历史4/18次成功; 当前距低点2.63%; 最新日涨幅2.63%; 状态bottom_area; 底部已确认
199,67.18492178626595,59.3527997565373,000695,滨海能源,bottom_area,2025-04-08,8.73,2025-03-07,12.23,2025-04-08,8.46,3.1914893617021227,8.037825059101651,30.825838103025344,28.618152085036797,False,-2.7839643652561197,2.2813546818438013,10,23,10,43.47826086956522,27.783098767652483,43.43434343434343,1997-05-26; 2007-10-26; 2008-03-18; 2012-12-04; 2013-06-25; 2015-06-30; 2015-07-16; 2020-02-04; 2021-08-20; 2022-04-27,16.80851063829788,3.1914893617021227,历史10/23次成功; 当前距低点3.19%; 最新日涨幅-2.78%; 状态bottom_area; 底部未确认
200,67.11873626752185,57.98672868434666,688665,四方光电,bottom_area,2025-04-08,30.53,2025-03-18,41.82,2025-04-08,29.94,1.9706078824315292,8.183032732130926,28.407460545193686,26.99665231946437,False,0.5599472990777343,1.547153219639432,1,3,1,33.33333333333333,21.647211413748398,21.647211413748398,2022-10-28,18.02939211756847,1.9706078824315292,历史1/3次成功; 当前距低点1.97%; 最新日涨幅0.56%; 状态bottom_area; 底部未确认
201,67.11480419499357,58.04679708775262,000020,深华发A,bottom_area,2025-04-08,10.05,2025-02-11,13.58,2025-04-08,9.85,2.030456852791889,9.746192893401025,27.466863033873345,25.994108983799702,False,-8.135283363802548,3.058200013195815,8,20,8,40.0,24.28085329095764,29.344729344729352,1992-06-17; 1992-10-26; 1999-01-18; 2010-07-02; 2016-01-05; 2016-02-29; 2022-08-31; 2022-09-30,17.96954314720811,2.030456852791889,历史8/20次成功; 当前距低点2.03%; 最新日涨幅-8.14%; 状态bottom_area; 底部未确认
202,67.09103415508574,59.75880474141877,000811,冰轮环境,bottom_area,2025-04-08,10.53,2025-03-06,14.12,2025-04-08,10.16,3.641732283464559,8.267716535433069,28.045325779036823,25.424929178470258,False,-4.272727272727284,2.621045852725264,10,19,10,52.63157894736842,25.867892644776795,47.451868629671566,2005-07-08; 2008-03-18; 2008-08-13; 2009-08-19; 2015-06-30; 2016-01-05; 2020-02-04; 2021-02-10; 2022-04-27; 2024-02-05,16.35826771653544,3.641732283464559,历史10/19次成功; 当前距低点3.64%; 最新日涨幅-4.27%; 状态bottom_area; 底部未确认
203,67.085006249537,57.75363319978938,600586,金晶科技,bottom_area,2025-04-08,4.58,2025-03-03,6.19,2025-04-08,4.5,1.7777777777777795,3.999999999999994,27.30210016155089,26.009693053311793,False,-0.2178649237472685,1.791224546109282,4,13,4,30.76923076923077,29.39229318883178,45.848375451263514,2008-04-03; 2008-09-18; 2015-06-30; 2021-07-28,18.22222222222222,1.7777777777777795,历史4/13次成功; 当前距低点1.78%; 最新日涨幅-0.22%; 状态bottom_area; 底部未确认
204,66.99792585292268,58.92508935508902,001696,宗申动力,bottom_area,2025-04-08,17.81,2025-03-06,25.0,2025-04-08,17.3,2.9479768786127054,9.132947976878603,30.8,28.76000000000001,False,-6.802721088435382,5.809049452445365,7,16,7,43.75,32.12487439960207,65.16853932584267,2000-05-15; 2006-04-25; 2011-01-25; 2015-09-08; 2020-02-04; 2024-02-06; 2024-11-05,17.052023121387293,2.9479768786127054,历史7/16次成功; 当前距低点2.95%; 最新日涨幅-6.80%; 状态bottom_area; 底部未确认
205,66.90916755858575,58.381929517042266,002208,合肥城建,bottom_area,2025-04-08,5.71,2025-03-03,8.05,2025-04-08,5.57,2.5134649910233335,5.026929982046667,30.807453416149073,29.068322981366467,False,-3.220338983050852,2.199677508007578,6,15,6,40.0,32.00338546545948,72.17948717948718,2008-09-18; 2010-01-26; 2010-05-18; 2018-02-07; 2020-07-20; 2022-04-28,17.486535008976666,2.5134649910233335,历史6/15次成功; 当前距低点2.51%; 最新日涨幅-3.22%; 状态bottom_area; 底部未确认
206,66.83481275368533,60.67659152434845,300375,鹏翎股份,bottom_area,2025-04-08,4.02,2025-03-26,5.4,2025-04-07,3.84,4.687499999999993,17.708333333333325,28.888888888888896,25.55555555555557,True,3.6082474226803996,6.1931363431025375,3,7,3,42.857142857142854,22.917542757633665,24.333925399644762,2015-06-30; 2015-07-03; 2019-08-15,15.312500000000007,4.687499999999993,历史3/7次成功; 当前距低点4.69%; 最新日涨幅3.61%; 状态bottom_area; 底部已确认
207,66.80098092854138,57.84663828924699,688038,中科通达,bottom_area,2025-04-08,11.68,2025-04-01,16.35,2025-04-08,11.44,2.0979020979020997,7.342657342657341,30.03058103975536,28.56269113149848,False,-0.08554319931565191,2.3067127333586424,1,3,1,33.33333333333333,44.92753623188406,44.92753623188406,2024-06-06,17.902097902097903,2.0979020979020997,历史1/3次成功; 当前距低点2.10%; 最新日涨幅-0.09%; 状态bottom_area; 底部未确认
208,66.79179219001404,59.96241357887767,002232,启明信息,bottom_area,2025-04-08,15.33,2025-03-21,21.1,2025-04-08,14.73,4.073319755600812,11.269517990495588,30.18957345971564,27.34597156398105,False,-6.353084911423346,3.6109063348235884,8,16,8,50.0,37.95474527767488,64.58616010854817,2009-08-20; 2009-09-29; 2011-01-25; 2012-12-04; 2016-03-01; 2018-02-06; 2019-05-08; 2020-02-04,15.926680244399188,4.073319755600812,历史8/16次成功; 当前距低点4.07%; 最新日涨幅-6.35%; 状态bottom_area; 底部未确认
209,66.78198492877871,55.93441077945439,002729,好利科技,bottom_area,2025-04-08,10.88,2025-03-05,15.37,2025-04-08,10.85,0.2764976958525451,10.41474654377881,29.40793754066363,29.21275211450877,False,-9.78441127694859,6.814844102725765,4,10,4,40.0,31.26250282794728,37.43330525133389,2015-06-23; 2016-09-27; 2017-10-19; 2018-06-22,19.723502304147456,0.2764976958525451,历史4/10次成功; 当前距低点0.28%; 最新日涨幅-9.78%; 状态bottom_area; 底部未确认
210,66.7584626230608,58.54078471333606,600699,均胜电子,bottom_area,2025-04-08,14.39,2025-03-13,19.82,2025-04-08,14.0,2.7857142857142896,11.428571428571425,29.36427850655903,27.39656912209889,False,-7.519280205655521,4.477586737517186,10,23,10,43.47826086956522,28.658463195321804,61.01694915254237,1993-12-20; 1994-08-10; 1995-05-24; 1996-06-25; 1996-12-25; 1997-07-07; 2004-10-22; 2005-05-10; 2014-03-12; 2018-02-07,17.21428571428571,2.7857142857142896,历史10/23次成功; 当前距低点2.79%; 最新日涨幅-7.52%; 状态bottom_area; 底部未确认
211,66.75697853167739,60.4591503683116,300589,江龙船艇,bottom_area,2025-04-08,10.56,2025-04-01,14.19,2025-04-07,10.1,4.554455445544563,15.544554455445548,28.823114869626497,25.581395348837205,False,4.5544554455445585,7.967116852613036,4,10,4,40.0,35.50166012985588,44.07616361071933,2020-09-11; 2021-02-09; 2022-04-27; 2024-02-06,15.445544554455438,4.554455445544563,历史4/10次成功; 当前距低点4.55%; 最新日涨幅4.55%; 状态bottom_area; 底部未确认
212,66.72204170963126,58.496448557688886,002405,四维图新,bottom_area,2025-04-08,7.78,2025-02-25,10.41,2025-04-08,7.57,2.7741083223249663,6.605019815059444,27.281460134486068,25.26416906820365,False,-2.749999999999997,3.1125589108336236,4,12,4,33.33333333333333,40.04345268417458,66.37931034482759,2015-07-29; 2020-02-04; 2022-04-27; 2024-02-06,17.225891677675033,2.7741083223249663,历史4/12次成功; 当前距低点2.77%; 最新日涨幅-2.75%; 状态bottom_area; 底部未确认
213,66.64752509576572,58.69456516641118,603000,人民网,bottom_area,2025-04-08,19.1,2025-02-24,25.46,2025-04-08,18.54,3.020496224379732,4.0992448759439135,27.179890023566383,24.980361351139038,False,0.4206098843323014,1.5316845813202518,4,14,4,28.57142857142857,31.97317657909281,48.493150684931514,2012-12-04; 2015-06-30; 2022-04-27; 2024-02-06,16.97950377562027,3.020496224379732,历史4/14次成功; 当前距低点3.02%; 最新日涨幅0.42%; 状态bottom_area; 底部未确认
214,66.53868873701639,58.9034721884666,002952,亚世光电,bottom_area,2025-04-08,15.63,2025-03-31,22.39,2025-04-08,15.13,3.304692663582286,11.169861202908125,32.42518981688253,30.192050022331397,False,-6.126126126126108,4.101105245166926,4,10,4,40.0,44.50629817975384,87.62420957542908,2019-11-12; 2020-02-04; 2020-04-01; 2024-02-08,16.695307336417713,3.304692663582286,历史4/10次成功; 当前距低点3.30%; 最新日涨幅-6.13%; 状态bottom_area; 底部未确认
215,66.45992977003698,58.86066326530616,002611,东方精工,bottom_area,2025-04-08,9.62,2025-03-25,13.73,2025-04-08,9.31,3.32975295381309,10.096670247046182,32.19227967953386,29.934450109249827,False,-6.963249516441017,9.45475567944477,3,8,3,37.5,74.20720143705397,145.12534818941506,2015-09-08; 2019-02-01; 2024-02-06,16.670247046186912,3.32975295381309,历史3/8次成功; 当前距低点3.33%; 最新日涨幅-6.96%; 状态bottom_area; 底部未确认
216,66.44485420849573,58.08870621472951,600478,科力远,bottom_area,2025-04-08,4.31,2025-03-14,6.25,2025-04-08,4.2,2.6190476190476053,7.380952380952372,32.8,31.040000000000006,False,-5.066079295154191,3.7447893711708904,5,13,5,38.46153846153847,35.05448809762393,53.09734513274336,2011-06-23; 2012-10-26; 2015-06-30; 2015-08-26; 2018-06-26,17.380952380952397,2.6190476190476053,历史5/13次成功; 当前距低点2.62%; 最新日涨幅-5.07%; 状态bottom_area; 底部未确认
217,66.44173561944051,56.49747585123287,002448,中原内配,bottom_area,2025-04-08,6.42,2025-03-26,9.09,2025-04-08,6.35,1.102362204724414,10.078740157480324,30.143014301430142,29.372937293729372,False,-8.936170212765958,7.356503308684323,2,9,2,22.22222222222222,43.09304366908053,44.00921658986176,2020-02-04; 2024-02-06,18.89763779527559,1.102362204724414,历史2/9次成功; 当前距低点1.10%; 最新日涨幅-8.94%; 状态bottom_area; 底部未确认
218,66.32220954016297,57.783310793782114,002176,江特电机,bottom_area,2025-04-08,6.74,2025-02-26,9.12,2025-04-08,6.58,2.4316109422492422,3.9513677811550116,27.85087719298245,26.096491228070168,False,0.44709388971684305,2.4762423898725556,3,15,3,20.0,38.426794312421464,44.26229508196723,2018-02-07; 2019-02-01; 2024-02-06,17.568389057750757,2.4316109422492422,历史3/15次成功; 当前距低点2.43%; 最新日涨幅0.45%; 状态bottom_area; 底部未确认
219,66.31695768382535,58.4055889002134,300566,激智科技,bottom_area,2025-04-08,16.02,2025-03-07,22.7,2025-04-08,15.55,3.0225080385852015,6.430868167202572,31.49779735682819,29.427312775330392,False,1.8436109345200125,4.817134808129149,3,10,3,30.0,27.34896359240678,37.397194000967566,2019-11-29; 2020-02-04; 2022-10-12,16.9774919614148,3.0225080385852015,历史3/10次成功; 当前距低点3.02%; 最新日涨幅1.84%; 状态bottom_area; 底部未确认
220,66.24617302508138,59.36184763915193,002343,慈文传媒,bottom_area,2025-04-08,5.76,2025-03-19,7.76,2025-04-08,5.54,3.9711191335740024,9.205776173285194,28.60824742268041,25.773195876288664,False,-5.263157894736848,5.3782053692594625,6,12,6,50.0,33.473114320971284,64.34977578475335,2013-06-25; 2015-05-06; 2015-06-29; 2015-12-02; 2018-10-16; 2022-04-26,16.028880866426,3.9711191335740024,历史6/12次成功; 当前距低点3.97%; 最新日涨幅-5.26%; 状态bottom_area; 底部未确认
221,66.19847878732129,57.10897870595396,002635,安洁科技,bottom_area,2025-04-08,12.39,2025-03-18,17.55,2025-04-08,12.16,1.891447368421056,11.430921052631584,30.712250712250714,29.401709401709404,False,-8.290155440414503,6.5301490364023165,3,9,3,33.33333333333333,31.97927619688515,46.67178699436763,2013-06-25; 2015-06-30; 2015-08-26,18.108552631578945,1.891447368421056,历史3/9次成功; 当前距低点1.89%; 最新日涨幅-8.29%; 状态bottom_area; 底部未确认
222,66.14721532099064,56.50388552476422,002213,大为股份,bottom_area,2025-04-08,12.0,2025-03-18,17.28,2025-04-08,11.84,1.3513513513513526,10.64189189189189,31.481481481481488,30.555555555555557,False,-8.745247148288971,8.59259777369304,6,20,6,30.0,29.327777450781184,49.19191919191918,2008-09-18; 2012-11-30; 2016-01-14; 2018-02-01; 2020-02-04; 2023-08-29,18.64864864864865,1.3513513513513526,历史6/20次成功; 当前距低点1.35%; 最新日涨幅-8.75%; 状态bottom_area; 底部未确认
223,66.07649170694813,57.194992821637015,000039,中集集团,bottom_area,2025-04-08,7.38,2025-03-24,10.15,2025-04-08,7.23,2.0746887966804906,3.457814661134163,28.768472906403943,27.290640394088673,False,-2.1220159151193685,4.133214692152342,6,18,6,33.33333333333333,24.472849165243012,35.44973544973547,1996-01-22; 1996-06-11; 1996-12-18; 2005-06-03; 2005-11-16; 2015-08-26,17.92531120331951,2.0746887966804906,历史6/18次成功; 当前距低点2.07%; 最新日涨幅-2.12%; 状态bottom_area; 底部未确认
224,66.07632961068452,58.3026437741334,600758,辽宁能源,bottom_area,2025-04-08,3.3,2025-03-25,4.62,2025-04-08,3.2,3.124999999999989,5.624999999999991,30.735930735930733,28.571428571428577,False,-1.4925373134328401,2.804655237970849,7,18,7,38.88888888888889,31.265707268339522,49.5697074010327,1999-02-08; 2003-05-13; 2018-10-19; 2019-04-30; 2020-02-04; 2020-11-02; 2024-02-06,16.87500000000001,3.124999999999989,历史7/18次成功; 当前距低点3.12%; 最新日涨幅-1.49%; 状态bottom_area; 底部未确认
225,66.03710110366075,60.02155763239876,300508,维宏股份,bottom_area,2025-04-08,26.9,2025-04-02,35.36,2025-04-08,25.68,4.7507788161993725,7.359813084112152,27.375565610859727,23.925339366515843,False,2.203647416413368,4.368761146499091,3,9,3,33.33333333333333,55.003410251403395,92.9530201342282,2018-02-06; 2018-10-12; 2021-08-18,15.249221183800628,4.7507788161993725,历史3/9次成功; 当前距低点4.75%; 最新日涨幅2.20%; 状态bottom_area; 底部未确认
226,65.88976218674122,56.36353150914009,002095,生意宝,bottom_area,2025-04-08,14.2,2025-03-07,20.3,2025-04-08,14.0,1.4285714285714235,9.857142857142863,31.03448275862069,30.04926108374385,False,-8.740359897172246,3.903048154525287,7,22,7,31.818181818181817,25.580360718041117,33.84030418250951,2006-12-18; 2013-11-01; 2015-09-02; 2016-02-01; 2017-04-27; 2020-02-04; 2022-04-27,18.571428571428577,1.4285714285714235,历史7/22次成功; 当前距低点1.43%; 最新日涨幅-8.74%; 状态bottom_area; 底部未确认
227,65.87398615860569,56.75297269049106,002554,惠博普,bottom_area,2025-04-08,2.24,2025-03-24,3.26,2025-04-08,2.2,1.8181818181818195,4.999999999999994,32.51533742331287,31.2883435582822,False,-2.183406113537112,3.1623261380602825,3,11,3,27.27272727272727,32.08343088729311,46.44644644644645,2015-07-07; 2020-02-04; 2022-04-27,18.181818181818183,1.8181818181818195,历史3/11次成功; 当前距低点1.82%; 最新日涨幅-2.18%; 状态bottom_area; 底部未确认
228,65.86923662317318,58.01624139807517,301080,百普赛斯,bottom_area,2025-04-08,40.16,2025-04-01,56.29,2025-04-08,38.98,3.0271934325295016,8.568496664956397,30.751465624444847,28.655178539705105,False,0.17460713394858995,2.2979674980115834,1,3,1,33.33333333333333,34.75757575757575,34.75757575757575,2024-02-05,16.9728065674705,3.0271934325295016,历史1/3次成功; 当前距低点3.03%; 最新日涨幅0.17%; 状态bottom_area; 底部未确认
229,65.80104752664144,57.94900347426481,600449,宁夏建材,bottom_area,2025-04-08,12.62,2025-03-18,17.81,2025-04-08,12.25,3.0204081632652997,7.755102040816321,31.21841661987647,29.14093206064009,False,-4.176157934700086,3.487653572669089,3,7,3,42.857142857142854,29.69949201656518,34.99999999999999,2008-02-01; 2013-06-25; 2020-02-04,16.979591836734702,3.0204081632652997,历史3/7次成功; 当前距低点3.02%; 最新日涨幅-4.18%; 状态bottom_area; 底部未确认
230,65.77799441390945,57.448030055816126,600198,大唐电信,bottom_area,2025-04-08,7.2,2025-03-06,9.89,2025-04-08,7.02,2.564102564102573,6.980056980056984,29.019211324570282,27.19919110212336,False,-3.8718291054739673,2.4153312846831825,10,27,10,37.03703703703704,34.022892344322905,59.01639344262295,2004-05-11; 2008-04-23; 2011-01-25; 2012-12-04; 2014-05-19; 2015-06-30; 2015-09-02; 2020-02-04; 2024-02-06; 2024-09-27,17.43589743589743,2.564102564102573,历史10/27次成功; 当前距低点2.56%; 最新日涨幅-3.87%; 状态bottom_area; 底部未确认
231,65.71743816856979,58.22233728435804,002334,英威腾,bottom_area,2025-04-08,7.1,2025-03-20,10.08,2025-04-08,6.87,3.3478893740902405,9.024745269286756,31.845238095238095,29.56349206349207,False,-6.455862977602111,6.56644963863797,3,7,3,42.857142857142854,35.183314440081844,51.62523900573612,2015-06-30; 2020-02-04; 2024-02-06,16.65211062590976,3.3478893740902405,历史3/7次成功; 当前距低点3.35%; 最新日涨幅-6.46%; 状态bottom_area; 底部未确认
232,65.70226380265207,56.77675139491629,603501,豪威集团,bottom_area,2025-04-08,115.15,2025-02-20,161.96,2025-04-08,112.91,1.9838809671419797,5.517668939863611,30.28525561867128,28.902198073598417,False,-1.7239907826235301,2.532529058380062,1,5,1,20.0,52.315440363591705,52.315440363591705,2024-09-24,18.016119032858022,1.9838809671419797,历史1/5次成功; 当前距低点1.98%; 最新日涨幅-1.72%; 状态bottom_area; 底部未确认
233,65.68743693512789,59.79362927958821,300220,金运激光,bottom_area,2025-04-08,12.58,2025-03-27,17.5,2025-04-08,12.0,4.833333333333334,8.166666666666671,31.428571428571427,28.114285714285714,False,4.311774461028195,4.810378640560732,6,14,6,42.857142857142854,29.151616710535706,37.70491803278689,2015-07-03; 2015-08-04; 2015-09-02; 2018-10-19; 2021-07-28; 2024-12-06,15.166666666666668,4.833333333333334,历史6/14次成功; 当前距低点4.83%; 最新日涨幅4.31%; 状态bottom_area; 底部未确认
234,65.6303636356363,55.91475763672945,002685,华东重机,bottom_area,2025-04-08,5.03,2025-03-21,6.99,2025-04-08,4.97,1.2072434607645974,8.04828973843059,28.898426323319033,28.040057224606578,False,-8.876811594202882,4.595201101676319,2,11,2,18.181818181818183,67.4891774891775,109.52380952380952,2022-04-27; 2024-08-28,18.792756539235402,1.2072434607645974,历史2/11次成功; 当前距低点1.21%; 最新日涨幅-8.88%; 状态bottom_area; 底部未确认
235,65.62435068606753,57.07883384722574,002486,嘉麟杰,bottom_area,2025-04-08,1.75,2025-03-17,2.4,2025-04-08,1.71,2.3391812865497097,6.432748538011701,28.749999999999996,27.083333333333332,False,-4.371584699453557,3.4607979008163134,3,9,3,33.33333333333333,37.305558318417916,50.607287449392715,2018-02-09; 2020-02-04; 2022-04-27,17.66081871345029,2.3391812865497097,历史3/9次成功; 当前距低点2.34%; 最新日涨幅-4.37%; 状态bottom_area; 底部未确认
236,65.62201716019892,58.07585509668113,002097,山河智能,bottom_area,2025-04-08,6.28,2025-03-06,8.94,2025-04-08,6.08,3.2894736842105288,10.855263157894738,31.9910514541387,29.753914988814312,False,-6.824925816023741,4.809788446978456,4,9,4,44.44444444444444,30.24055906220443,50.210970464135016,2009-03-02; 2011-06-21; 2017-01-16; 2024-02-06,16.710526315789473,3.2894736842105288,历史4/9次成功; 当前距低点3.29%; 最新日涨幅-6.82%; 状态bottom_area; 底部未确认
237,65.57676406854803,54.96338307144049,603275,众辰科技,bottom_area,2025-04-08,31.88,2025-03-17,47.2,2025-04-08,31.78,0.3146633102580172,12.083071113908106,32.66949152542373,32.45762711864407,False,-9.713962050410652,7.724383485570511,1,2,1,50.0,38.17642698295033,38.17642698295033,2024-02-06,19.685336689741984,0.3146633102580172,历史1/2次成功; 当前距低点0.31%; 最新日涨幅-9.71%; 状态bottom_area; 底部未确认
238,65.48515098457294,54.57095915381078,603166,福达股份,bottom_area,2025-04-08,11.16,2025-03-31,15.7,2025-04-08,11.16,0.0,5.107526881720433,28.917197452229292,28.917197452229292,False,-9.999999999999998,5.51456751062441,3,7,3,42.857142857142854,26.610379475173158,32.38095238095238,2015-07-16; 2015-11-02; 2021-01-14,20.0,0.0,历史3/7次成功; 当前距低点0.00%; 最新日涨幅-10.00%; 状态bottom_area; 底部未确认
239,65.38288555943362,56.51740955137482,003016,欣贺股份,bottom_area,2025-04-08,6.12,2025-02-13,8.44,2025-04-08,6.0,2.0000000000000018,8.000000000000007,28.909952606635063,27.48815165876777,False,-5.409582689335391,1.2690964065376749,1,2,1,50.0,27.351664254703334,27.351664254703334,2025-01-13,18.0,2.0000000000000018,历史1/2次成功; 当前距低点2.00%; 最新日涨幅-5.41%; 状态bottom_area; 底部未确认
240,65.29556643663092,58.288826652496596,603158,腾龙股份,bottom_area,2025-04-08,7.72,2025-03-20,11.1,2025-04-08,7.44,3.763440860215045,9.408602150537636,32.97297297297297,30.45045045045045,False,-6.650544135429259,6.906205862484804,3,7,3,42.857142857142854,40.634641087948005,45.253807106598984,2015-06-30; 2022-04-27; 2024-02-06,16.236559139784955,3.763440860215045,历史3/7次成功; 当前距低点3.76%; 最新日涨幅-6.65%; 状态bottom_area; 底部未确认
241,65.26194522900458,58.99316441118374,300753,爱朋医疗,bottom_area,2025-04-08,19.48,2025-04-01,26.3,2025-04-08,18.65,4.450402144772128,8.579088471849875,29.087452471482898,25.931558935361217,False,3.3421750663130023,12.439415106930333,2,5,2,40.0,26.344523125076314,28.044496487119456,2022-12-27; 2025-03-31,15.549597855227873,4.450402144772128,历史2/5次成功; 当前距低点4.45%; 最新日涨幅3.34%; 状态bottom_area; 底部未确认
242,65.1146509736825,55.616072032384054,600367,红星发展,bottom_area,2025-04-08,12.05,2025-03-27,16.77,2025-04-08,11.89,1.3456686291000852,6.980656013456686,29.099582587954675,28.145497912939767,False,-8.781226343679027,9.118771287497966,3,14,3,21.428571428571427,43.05635602697831,74.36241610738254,2005-06-02; 2012-12-04; 2022-04-26,18.654331370899914,1.3456686291000852,历史3/14次成功; 当前距低点1.35%; 最新日涨幅-8.78%; 状态bottom_area; 底部未确认
243,65.09652449227622,56.00474186191167,002693,双成药业,bottom_area,2025-04-08,7.01,2025-03-28,9.69,2025-04-08,6.89,1.7416545718432528,8.417997097242381,28.895768833849328,27.657378740970074,False,-8.366013071895429,7.081849866112277,3,14,3,21.428571428571427,59.74209192291882,102.85714285714285,2022-09-23; 2024-10-14; 2024-11-15,18.258345428156748,1.7416545718432528,历史3/14次成功; 当前距低点1.74%; 最新日涨幅-8.37%; 状态bottom_area; 底部未确认
244,65.0953050103106,57.64907787300423,301012,扬电科技,bottom_area,2025-04-08,21.43,2025-03-26,30.78,2025-04-08,20.74,3.3269045323047317,7.425265188042443,32.61858349577649,30.376868096166344,False,2.5358851674641247,3.3815969716279524,1,5,1,20.0,48.67967853042481,48.67967853042481,2021-07-28,16.67309546769527,3.3269045323047317,历史1/5次成功; 当前距低点3.33%; 最新日涨幅2.54%; 状态bottom_area; 底部未确认
245,65.0807432334005,57.76931438193667,301160,翔楼新材,bottom_area,2025-04-08,70.4,2025-04-01,97.9,2025-04-08,68.05,3.453343130051446,7.964731814842032,30.490296220633304,28.089887640449433,False,-1.7720106041579364,4.184254624970853,1,2,1,50.0,41.682455475558925,41.682455475558925,2024-02-06,16.546656869948556,3.453343130051446,历史1/2次成功; 当前距低点3.45%; 最新日涨幅-1.77%; 状态bottom_area; 底部未确认
246,64.88943789755112,57.98569787720089,688228,开普云,bottom_area,2025-04-08,52.73,2025-04-02,69.68,2025-04-08,50.79,3.81964953731049,9.23410120102382,27.109644087256036,24.32548794489094,False,-0.11365788975185032,4.390473489136214,2,5,2,40.0,35.6693485068216,41.53424657534245,2021-11-02; 2024-04-16,16.18035046268951,3.81964953731049,历史2/5次成功; 当前距低点3.82%; 最新日涨幅-0.11%; 状态bottom_area; 底部未确认
247,64.86546099777341,57.85104528852965,688320,禾川科技,bottom_area,2025-04-08,30.73,2025-04-02,40.98,2025-04-08,29.63,3.712453594330076,9.618629767127903,27.696437286481206,25.012201073694477,False,0.16297262059974393,4.790293823582724,2,7,2,28.57142857142857,35.920181555465064,38.29133374308544,2022-10-12; 2023-10-23,16.287546405669925,3.712453594330076,历史2/7次成功; 当前距低点3.71%; 最新日涨幅0.16%; 状态bottom_area; 底部未确认
248,64.85731681003499,56.39766679133478,002291,遥望科技,bottom_area,2025-04-08,5.28,2025-03-12,7.58,2025-04-08,5.16,2.325581395348839,9.689922480620154,31.926121372031663,30.343007915567277,False,-7.853403141361259,7.675936373884554,6,18,6,33.33333333333333,33.47666150213328,61.10375275938191,2015-06-23; 2015-06-30; 2018-02-09; 2020-02-03; 2020-02-28; 2025-01-24,17.674418604651162,2.325581395348839,历史6/18次成功; 当前距低点2.33%; 最新日涨幅-7.85%; 状态bottom_area; 底部未确认
249,64.85200223044345,58.505342658815174,300424,航新科技,bottom_area,2025-04-08,12.5,2025-03-04,17.84,2025-04-07,11.98,4.34056761268781,19.782971619365604,32.84753363228699,29.932735426008968,True,4.340567612687818,4.071415609625668,2,7,2,28.57142857142857,37.94382312611646,52.29885057471265,2015-07-29; 2024-04-16,15.659432387312192,4.34056761268781,历史2/7次成功; 当前距低点4.34%; 最新日涨幅4.34%; 状态bottom_area; 底部已确认
250,64.83324578619394,57.63750729749988,300414,中光防雷,bottom_area,2025-04-08,6.44,2025-03-18,8.96,2025-04-07,6.22,3.536977491961425,18.9710610932476,30.58035714285715,28.125,False,3.205128205128216,2.6210707148302417,3,11,3,27.27272727272727,35.4349832702303,48.535564853556465,2018-02-09; 2020-02-04; 2024-04-16,16.463022508038577,3.536977491961425,历史3/11次成功; 当前距低点3.54%; 最新日涨幅3.21%; 状态bottom_area; 底部未确认
251,64.78767979431498,57.81164018689069,600633,浙数文化,bottom_area,2025-04-08,11.37,2025-03-12,15.55,2025-04-08,10.96,3.740875912408744,8.576642335766419,29.517684887459804,26.88102893890676,False,-5.407653910149756,4.7219543113901645,13,29,13,44.827586206896555,33.52322594517906,55.68581477139508,1993-03-05; 1993-06-01; 1993-12-20; 1994-08-09; 1994-10-14; 1995-09-27; 1996-07-15; 1997-04-30; 1998-12-30; 2000-02-25; 2008-04-03; 2008-08-14; 2022-02-08,16.259124087591257,3.740875912408744,历史13/29次成功; 当前距低点3.74%; 最新日涨幅-5.41%; 状态bottom_area; 底部未确认
252,64.78574907772825,56.668182429284464,002617,露笑科技,bottom_area,2025-04-08,6.59,2025-03-12,9.0,2025-04-08,6.42,2.6479750778816187,7.78816199376947,28.666666666666668,26.77777777777778,False,-3.2305433186490373,4.299177649919529,4,12,4,33.33333333333333,38.88296921247969,43.64820846905539,2012-12-04; 2015-09-02; 2019-01-30; 2022-04-27,17.35202492211838,2.6479750778816187,历史4/12次成功; 当前距低点2.65%; 最新日涨幅-3.23%; 状态bottom_area; 底部未确认
253,64.78196743944734,57.565103438984664,600100,同方股份,bottom_area,2025-04-08,6.78,2025-03-18,9.05,2025-04-08,6.55,3.5114503816793956,6.564885496183215,27.6243093922652,25.082872928176798,False,-2.023121387283233,2.635144842067678,6,15,6,40.0,29.63016295276174,36.65430954587581,2001-02-16; 2002-01-18; 2008-04-22; 2014-05-09; 2015-06-30; 2018-06-22,16.488549618320604,3.5114503816793956,历史6/15次成功; 当前距低点3.51%; 最新日涨幅-2.02%; 状态bottom_area; 底部未确认
254,64.74912460085393,56.891048523539986,002421,达实智能,bottom_area,2025-04-08,3.2,2025-03-12,4.38,2025-04-08,3.11,2.8938906752411677,5.78778135048232,28.99543378995434,26.940639269406386,False,-1.8404907975460016,3.6151355047812235,3,8,3,37.5,23.85279173704221,24.73118279569892,2018-02-07; 2020-02-04; 2022-04-27,17.106109324758833,2.8938906752411677,历史3/8次成功; 当前距低点2.89%; 最新日涨幅-1.84%; 状态bottom_area; 底部未确认
255,64.72883414548994,56.16810470897986,600531,豫光金铅,bottom_area,2025-04-08,6.01,2025-03-12,8.06,2025-04-08,5.88,2.210884353741495,8.503401360544217,27.047146401985117,25.43424317617867,False,-6.240249609984405,5.64633293155185,7,20,7,35.0,27.22538191134664,33.02646720368241,2004-09-10; 2010-11-17; 2010-12-28; 2016-01-18; 2016-02-29; 2016-05-12; 2017-01-16,17.78911564625851,2.210884353741495,历史7/20次成功; 当前距低点2.21%; 最新日涨幅-6.24%; 状态bottom_area; 底部未确认
256,64.70552633081209,57.3898917748918,300978,东箭科技,bottom_area,2025-04-08,9.1,2025-03-20,12.31,2025-04-08,8.8,3.409090909090897,7.38636363636362,28.513403736799347,26.076360682372062,False,2.3622047244094446,2.526636327573223,1,3,1,33.33333333333333,36.07142857142856,36.07142857142856,2024-04-15,16.590909090909104,3.409090909090897,历史1/3次成功; 当前距低点3.41%; 最新日涨幅2.36%; 状态bottom_area; 底部未确认
257,64.6309726859381,58.08725076328292,300727,润禾材料,bottom_area,2025-04-08,30.98,2025-04-01,41.84,2025-04-08,29.75,4.134453781512606,8.773109243697478,28.895793499043982,25.95602294455067,False,2.447089947089953,3.4259663967905465,5,15,5,33.33333333333333,32.04554866558236,52.32751454696592,2017-12-21; 2018-09-17; 2019-01-31; 2020-12-04; 2021-07-20,15.865546218487395,4.134453781512606,历史5/15次成功; 当前距低点4.13%; 最新日涨幅2.45%; 状态bottom_area; 底部未确认
258,64.62998444393865,53.858320369948885,600590,泰豪科技,bottom_area,2025-04-08,8.6,2025-03-17,12.45,2025-04-08,8.6,0.0,0.0,30.923694779116467,30.923694779116467,False,-9.947643979057597,0.9965864921108125,4,11,4,36.36363636363637,36.84825223335179,52.870493991989306,2007-06-05; 2015-06-30; 2017-07-18; 2022-04-27,20.0,0.0,历史4/11次成功; 当前距低点0.00%; 最新日涨幅-9.95%; 状态bottom_area; 底部未确认
259,64.6217879812518,57.211796821866635,301538,骏鼎达,bottom_area,2025-04-08,58.37,2025-03-25,81.0,2025-04-07,56.5,3.3097345132743317,15.823008849557517,30.246913580246915,27.938271604938276,True,0.8814379536812966,2.9173887274606654,1,3,1,33.33333333333333,24.70246332687516,24.70246332687516,2024-10-11,16.690265486725668,3.3097345132743317,历史1/3次成功; 当前距低点3.31%; 最新日涨幅0.88%; 状态bottom_area; 底部已确认
260,64.60074766861213,57.23622336529591,300232,洲明科技,bottom_area,2025-04-08,5.86,2025-03-28,8.05,2025-04-08,5.67,3.350970017636691,7.2310405643739,29.565217391304355,27.204968944099384,False,2.807017543859658,4.90155103743144,3,10,3,30.0,25.088360244664337,31.84713375796179,2015-08-26; 2015-09-07; 2022-04-27,16.649029982363313,3.350970017636691,历史3/10次成功; 当前距低点3.35%; 最新日涨幅2.81%; 状态bottom_area; 底部未确认
261,64.58307093998937,56.313925714285716,300739,明阳电路,bottom_area,2025-04-08,10.76,2025-03-18,15.48,2025-04-07,10.5,2.476190476190474,18.0952380952381,32.17054263565892,30.490956072351427,False,2.4761904761904763,2.9494267972703008,1,4,1,25.0,20.239999999999995,20.239999999999995,2022-10-11,17.52380952380953,2.476190476190474,历史1/4次成功; 当前距低点2.48%; 最新日涨幅2.48%; 状态bottom_area; 底部未确认
262,64.56789306160067,57.18870528313204,000839,国安股份,bottom_area,2025-04-08,2.48,2025-02-18,3.45,2025-04-08,2.4,3.3333333333333366,5.000000000000004,30.43478260869566,28.115942028985515,False,-1.5873015873015928,1.4116135887400623,7,19,7,36.84210526315789,32.26525194666353,51.898734177215175,2001-02-16; 2009-08-20; 2011-08-09; 2017-01-17; 2020-02-04; 2020-05-25; 2021-11-02,16.666666666666664,3.3333333333333366,历史7/19次成功; 当前距低点3.33%; 最新日涨幅-1.59%; 状态bottom_area; 底部未确认
263,64.55152968853508,57.37603525516419,600601,方正科技,bottom_area,2025-04-08,4.11,2025-03-18,5.68,2025-04-08,3.97,3.526448362720406,8.31234256926951,30.105633802816893,27.640845070422525,False,-4.418604651162783,3.3414003615902623,9,21,9,42.857142857142854,32.82209113300074,51.461988304093566,1992-09-08; 1993-02-24; 1993-10-29; 2007-06-05; 2007-06-26; 2018-02-06; 2019-05-06; 2020-02-04; 2024-02-06,16.473551637279595,3.526448362720406,历史9/21次成功; 当前距低点3.53%; 最新日涨幅-4.42%; 状态bottom_area; 底部未确认
264,64.51441999894232,56.06087840853993,600679,上海凤凰,bottom_area,2025-04-08,10.73,2025-03-17,15.35,2025-04-08,10.49,2.287893231649192,5.815061963775018,31.661237785016283,30.097719869706836,False,-4.02504472271914,3.4253696110301513,9,26,9,34.61538461538461,28.426209552151004,38.34039975772258,1994-08-10; 1998-06-16; 2002-05-22; 2008-03-18; 2008-04-03; 2008-10-20; 2011-01-25; 2017-04-24; 2020-02-04,17.71210676835081,2.287893231649192,历史9/26次成功; 当前距低点2.29%; 最新日涨幅-4.03%; 状态bottom_area; 底部未确认
265,64.45794536267964,57.52698349572483,601929,吉视传媒,bottom_area,2025-04-08,1.66,2025-03-12,2.24,2025-04-08,1.6,3.7499999999999893,5.624999999999991,28.571428571428577,25.89285714285715,False,-0.5988023952095856,2.463464741143848,2,5,2,40.0,32.349373632929016,44.48598130841123,2015-07-06; 2024-05-30,16.25000000000001,3.7499999999999893,历史2/5次成功; 当前距低点3.75%; 最新日涨幅-0.60%; 状态bottom_area; 底部未确认
266,64.43194057303357,57.593644993348406,603669,灵康药业,bottom_area,2025-04-08,3.79,2025-02-27,5.28,2025-04-08,3.65,3.835616438356168,9.041095890410961,30.871212121212128,28.219696969696972,False,-6.6502463054187055,2.9128063079064783,2,4,2,50.0,22.305647703228267,23.517864153906565,2015-08-26; 2017-01-16,16.164383561643834,3.835616438356168,历史2/4次成功; 当前距低点3.84%; 最新日涨幅-6.65%; 状态bottom_area; 底部未确认
267,64.41914732164813,53.84966911894489,002363,隆基机械,bottom_area,2025-04-08,5.91,2025-03-28,8.59,2025-04-08,5.9,0.1694915254237252,7.627118644067784,31.31548311990686,31.199068684516877,False,-9.908536585365846,7.469557970612802,3,10,3,30.0,40.409192456510645,54.96828752642705,2015-09-02; 2018-10-19; 2022-04-27,19.830508474576273,0.1694915254237252,历史3/10次成功; 当前距低点0.17%; 最新日涨幅-9.91%; 状态bottom_area; 底部未确认
268,64.39819167951504,55.51568248234056,603588,高能环境,bottom_area,2025-04-08,4.95,2025-03-18,6.81,2025-04-08,4.86,1.851851851851849,5.144032921810699,28.634361233480167,27.312775330396473,False,-2.5590551181102317,4.343382364481176,2,7,2,28.57142857142857,23.030209625145424,24.277331014996744,2015-08-25; 2022-06-23,18.148148148148152,1.851851851851849,历史2/7次成功; 当前距低点1.85%; 最新日涨幅-2.56%; 状态bottom_area; 底部未确认
269,64.39236993690349,56.58748552772899,688519,南亚新材,confirmed_rebound,2025-04-08,27.29,2025-04-03,38.35,2025-04-07,26.52,2.9034690799396667,20.512820512820518,30.847457627118647,28.839634941329862,True,2.903469079939658,2.7964066147362283,1,3,1,33.33333333333333,26.580976863753225,26.580976863753225,2023-05-10,17.096530920060335,2.9034690799396667,历史1/3次成功; 当前距低点2.90%; 最新日涨幅2.90%; 状态confirmed_rebound; 底部已确认
270,64.29671643615039,56.56058915441102,300619,金银河,bottom_area,2025-04-08,22.27,2025-04-01,31.54,2025-04-08,21.63,2.95885344429034,7.4895977808599214,31.420418516169946,29.39124920735574,False,2.437902483900656,2.5210513607202243,2,8,2,25.0,27.482661330069874,27.745405647691623,2019-01-31; 2020-11-02,17.04114655570966,2.95885344429034,历史2/8次成功; 当前距低点2.96%; 最新日涨幅2.44%; 状态bottom_area; 底部未确认
271,64.2898373526813,57.72316533313231,603232,格尔软件,bottom_area,2025-04-08,11.99,2025-03-14,16.55,2025-04-08,11.52,4.079861111111117,9.027777777777786,30.392749244712995,27.55287009063444,False,-3.8492381716118684,3.8520103761348903,5,11,5,45.45454545454545,35.84444542088083,48.01488833746897,2017-08-11; 2018-02-07; 2022-11-28; 2024-02-07; 2025-01-06,15.920138888888886,4.079861111111117,历史5/11次成功; 当前距低点4.08%; 最新日涨幅-3.85%; 状态bottom_area; 底部未确认
272,64.25921983462928,57.50024701665759,002527,新时达,bottom_area,2025-04-08,11.74,2025-03-26,15.59,2025-04-08,11.3,3.8938053097345082,9.469026548672552,27.517639512508012,24.69531751122514,False,-4.5528455284552845,7.875571621740991,3,7,3,42.857142857142854,37.99298145926721,52.720079129574685,2011-01-25; 2012-12-04; 2016-01-14,16.106194690265493,3.8938053097345082,历史3/7次成功; 当前距低点3.89%; 最新日涨幅-4.55%; 状态bottom_area; 底部未确认
273,64.25752849732325,56.15841437543053,301279,金道科技,bottom_area,2025-04-08,19.72,2025-04-01,28.49,2025-04-08,19.22,2.601456815816858,10.041623309053069,32.53773253773254,30.782730782730784,False,-2.8092656481025102,3.252651223673067,1,2,1,50.0,22.57922535211269,22.57922535211269,2022-04-28,17.398543184183143,2.601456815816858,历史1/2次成功; 当前距低点2.60%; 最新日涨幅-2.81%; 状态bottom_area; 底部未确认
274,64.2544370315339,57.98975701118378,002953,日丰股份,bottom_area,2025-04-08,9.09,2025-03-26,12.24,2025-04-08,8.71,4.362801377726739,11.251435132032132,28.839869281045743,25.73529411764706,False,-5.607476635514031,6.309504785748671,2,4,2,50.0,30.897549206455583,34.72327520849128,2020-03-26; 2022-07-12,15.637198622273264,4.362801377726739,历史2/4次成功; 当前距低点4.36%; 最新日涨幅-5.61%; 状态bottom_area; 底部未确认
275,64.1671645232712,53.472637102726,600105,永鼎股份,bottom_area,2025-04-08,5.07,2025-04-01,7.13,2025-04-08,5.07,0.0,6.114398422090721,28.89200561009817,28.89200561009817,False,-9.94671403197157,8.076936830851938,6,17,6,35.294117647058826,37.09197683312517,81.00890207715132,2008-09-18; 2012-12-04; 2018-02-07; 2019-08-06; 2020-02-04; 2023-07-24,20.0,0.0,历史6/17次成功; 当前距低点0.00%; 最新日涨幅-9.95%; 状态bottom_area; 底部未确认
276,64.14992848115415,58.147863113435804,301021,英诺激光,bottom_area,2025-04-08,25.46,2025-04-02,33.45,2025-04-08,24.34,4.601479046836488,9.695973705834016,27.234678624813156,23.886397608370707,False,2.5785656728444906,4.4428888817830074,2,5,2,40.0,23.651802904424677,25.11373976342129,2021-07-12; 2024-07-30,15.398520953163514,4.601479046836488,历史2/5次成功; 当前距低点4.60%; 最新日涨幅2.58%; 状态bottom_area; 底部未确认
277,64.10060996821932,56.12579482679965,301413,安培龙,bottom_area,2025-04-08,68.0,2025-04-02,92.15,2025-04-08,66.21,2.7035191058752552,6.90228062226251,28.149755832881183,26.207270754205105,False,-1.861740510896237,4.561845018134062,1,2,1,50.0,23.654937570942117,23.654937570942117,2024-04-16,17.29648089412475,2.7035191058752552,历史1/2次成功; 当前距低点2.70%; 最新日涨幅-1.86%; 状态bottom_area; 底部未确认
278,64.08080880650225,57.66470779959339,300648,星云股份,bottom_area,2025-04-08,21.57,2025-03-28,29.44,2025-04-07,20.7,4.202898550724642,14.782608695652186,29.687500000000007,26.732336956521742,True,1.6493873704052753,3.064055206912949,3,10,3,30.0,28.641486533578338,37.63644992880873,2018-06-20; 2021-01-11; 2022-02-14,15.797101449275358,4.202898550724642,历史3/10次成功; 当前距低点4.20%; 最新日涨幅1.65%; 状态bottom_area; 底部已确认
279,63.99261739158319,56.5409042910916,301186,超达装备,bottom_area,2025-04-08,32.9,2025-03-07,44.55,2025-04-08,31.88,3.1994981179422823,7.716436637390227,28.439955106621774,26.15039281705948,False,1.2931034482758674,1.6090185096533878,1,5,1,20.0,41.16,41.16,2022-04-27,16.80050188205772,3.1994981179422823,历史1/5次成功; 当前距低点3.20%; 最新日涨幅1.29%; 状态bottom_area; 底部未确认
280,63.94630639963073,54.92594753599567,603818,曲美家居,bottom_area,2025-04-08,2.46,2025-03-24,3.35,2025-04-08,2.42,1.6528925619834725,7.438016528925627,27.76119402985075,26.56716417910448,False,-5.384615384615388,3.9005521429178605,2,8,2,25.0,35.37388482429026,40.63504823151127,2015-07-29; 2020-02-04,18.34710743801653,1.6528925619834725,历史2/8次成功; 当前距低点1.65%; 最新日涨幅-5.38%; 状态bottom_area; 底部未确认
281,63.92761308560244,56.93553040436468,603978,深圳新星,bottom_area,2025-04-08,11.4,2025-03-11,15.7,2025-04-08,11.0,3.63636363636364,10.090909090909085,29.936305732484076,27.388535031847127,False,-5.629139072847678,2.7555457850405274,3,7,3,42.857142857142854,31.801133999167703,38.88888888888889,2020-02-04; 2021-01-14; 2024-08-23,16.36363636363636,3.63636363636364,历史3/7次成功; 当前距低点3.64%; 最新日涨幅-5.63%; 状态bottom_area; 底部未确认
282,63.91067495498514,54.72508634865547,002922,伊戈尔,bottom_area,2025-04-08,14.37,2025-03-12,20.37,2025-04-08,14.16,1.4830508474576205,12.076271186440671,30.486008836524302,29.45508100147276,False,-8.645899554990466,7.7603448275862075,2,9,2,22.22222222222222,38.230573791953134,52.203721841332005,2018-06-22; 2022-04-27,18.51694915254238,1.4830508474576205,历史2/9次成功; 当前距低点1.48%; 最新日涨幅-8.65%; 状态bottom_area; 底部未确认
283,63.888358208955225,53.24029850746269,001282,三联锻造,bottom_area,2025-04-08,21.56,2025-03-26,32.0,2025-04-08,21.56,0.0,4.406307977736563,32.62500000000001,32.62500000000001,False,-10.016694490818034,3.80429949872964,1,2,1,50.0,37.31343283582089,37.31343283582089,2024-02-06,20.0,0.0,历史1/2次成功; 当前距低点0.00%; 最新日涨幅-10.02%; 状态bottom_area; 底部未确认
284,63.857873445390084,55.41385712203273,002377,国创高新,bottom_area,2025-04-08,2.31,2025-03-12,3.15,2025-04-08,2.26,2.2123893805309858,5.752212389380547,28.25396825396826,26.66666666666666,False,-5.327868852459017,2.930551783283817,3,9,3,33.33333333333333,26.79984718446256,34.87179487179487,2016-05-12; 2020-02-04; 2024-04-22,17.787610619469017,2.2123893805309858,历史3/9次成功; 当前距低点2.21%; 最新日涨幅-5.33%; 状态bottom_area; 底部未确认
285,63.83132603314286,57.07803390303168,002276,万马股份,bottom_area,2025-04-08,12.12,2025-03-26,16.06,2025-04-08,11.67,3.856041131105392,5.998286203941725,27.33499377334993,24.53300124533001,False,-2.6506024096385583,13.188584691670624,4,10,4,40.0,31.23552517178485,34.96350364963503,2012-12-04; 2015-09-08; 2016-01-14; 2018-02-07,16.143958868894607,3.856041131105392,历史4/10次成功; 当前距低点3.86%; 最新日涨幅-2.65%; 状态bottom_area; 底部未确认
286,63.78695486015236,56.069893662892454,300363,博腾股份,bottom_area,2025-04-08,14.11,2025-04-03,19.68,2025-04-08,13.71,2.917578409919756,13.420860685630926,30.33536585365853,28.302845528455283,False,-6.370272063702731,6.87791433046486,4,11,4,36.36363636363637,32.4055214137852,46.29503738953092,2020-03-24; 2022-01-07; 2024-02-05; 2025-01-13,17.082421590080244,2.917578409919756,历史4/11次成功; 当前距低点2.92%; 最新日涨幅-6.37%; 状态bottom_area; 底部未确认
287,63.77991590735814,56.578199852403465,688630,芯碁微装,bottom_area,2025-04-08,60.21,2025-04-02,82.25,2025-04-07,58.22,3.4180693919615286,14.565441429062185,29.21580547112462,26.796352583586625,True,3.41806939196152,5.514089288795876,1,4,1,25.0,24.012892828364237,24.012892828364237,2022-04-27,16.581930608038473,3.4180693919615286,历史1/4次成功; 当前距低点3.42%; 最新日涨幅3.42%; 状态bottom_area; 底部已确认
288,63.71977685354085,57.43564191464445,301230,泓博医药,bottom_area,2025-04-08,25.5,2025-04-01,33.58,2025-04-08,24.45,4.294478527607365,8.752556237218817,27.188802858844547,24.061941631923762,False,1.1102299762093537,4.274621478034228,2,6,2,33.33333333333333,30.50386894761246,38.748758689175766,2023-03-20; 2024-02-06,15.705521472392636,4.294478527607365,历史2/6次成功; 当前距低点4.29%; 最新日涨幅1.11%; 状态bottom_area; 底部未确认
289,63.624238804178816,55.962051154999656,300448,浩云科技,bottom_area,2025-04-08,5.58,2025-03-19,8.03,2025-04-07,5.42,2.9520295202952056,16.78966789667897,32.50311332503113,30.51058530510585,True,2.9520295202952074,2.8982342432861157,2,10,2,20.0,25.820851942326513,27.957493358337228,2016-01-14; 2020-07-27,17.047970479704798,2.9520295202952056,历史2/10次成功; 当前距低点2.95%; 最新日涨幅2.95%; 状态bottom_area; 底部已确认
290,63.599023945458676,55.479999611995865,600800,渤海化学,bottom_area,2025-04-08,2.46,2025-03-27,3.49,2025-04-08,2.4,2.500000000000002,8.333333333333341,31.232091690544415,29.51289398280803,False,-6.106870229007644,2.804627560456521,6,17,6,35.294117647058826,26.43263548511376,33.38235294117648,1993-12-20; 1994-08-10; 1997-03-20; 2006-11-20; 2015-07-29; 2020-02-04,17.5,2.500000000000002,历史6/17次成功; 当前距低点2.50%; 最新日涨幅-6.11%; 状态bottom_area; 底部未确认
291,63.574213161353136,55.89852910954312,603005,晶方科技,bottom_area,2025-04-08,25.62,2025-03-06,36.58,2025-04-08,24.89,2.9329047810365627,9.481719566090797,31.95735374521596,29.961727720065607,False,-4.758364312267648,7.30163523362688,4,11,4,36.36363636363637,31.672078256779695,40.10416666666666,2017-01-17; 2021-06-16; 2023-08-25; 2024-02-06,17.067095218963438,2.9329047810365627,历史4/11次成功; 当前距低点2.93%; 最新日涨幅-4.76%; 状态bottom_area; 底部未确认
292,63.55235391307301,54.594413424624435,000953,中哲精化,bottom_area,2025-04-08,4.9,2025-04-01,6.97,2025-04-08,4.82,1.6597510373443998,6.63900414937758,30.846484935437584,29.69870875179339,False,-8.582089552238802,16.9638175779773,5,18,5,27.77777777777778,27.656996480243045,29.981024667931695,2000-05-15; 2003-10-30; 2015-09-07; 2017-12-07; 2022-04-27,18.3402489626556,1.6597510373443998,历史5/18次成功; 当前距低点1.66%; 最新日涨幅-8.58%; 状态bottom_area; 底部未确认
293,63.54170496271822,55.715952812021996,002888,惠威科技,bottom_area,2025-04-08,14.41,2025-03-13,20.74,2025-04-08,14.02,2.7817403708987203,10.912981455064202,32.401157184185145,30.520732883317255,False,-7.509627727856227,6.7736210940529435,3,9,3,33.33333333333333,35.40315873299861,41.104294478527606,2018-02-07; 2018-08-06; 2020-02-04,17.218259629101283,2.7817403708987203,历史3/9次成功; 当前距低点2.78%; 最新日涨幅-7.51%; 状态bottom_area; 底部未确认
294,63.491440401790896,55.96004195413017,300903,科翔股份,bottom_area,2025-04-08,6.39,2025-03-11,9.18,2025-04-07,6.2,3.06451612903225,15.806451612903219,32.46187363834422,30.3921568627451,False,3.0645161290322465,4.628874056922413,1,4,1,25.0,25.549132947976865,25.549132947976865,2023-08-29,16.93548387096775,3.06451612903225,历史1/4次成功; 当前距低点3.06%; 最新日涨幅3.06%; 状态bottom_area; 底部未确认
295,63.43753978071904,55.736849684968504,000628,高新发展,bottom_area,2025-04-08,39.49,2025-03-17,54.6,2025-04-08,38.38,2.8921313183949957,6.878582595101617,29.7069597069597,27.67399267399267,False,-4.336240310077521,6.106890282014456,3,11,3,27.27272727272727,50.322228985477345,99.77973568281939,2022-04-27; 2024-08-28; 2025-01-13,17.107868681605005,2.8921313183949957,历史3/11次成功; 当前距低点2.89%; 最新日涨幅-4.34%; 状态bottom_area; 底部未确认
296,63.39127880562356,55.40658805578321,002692,远程股份,bottom_area,2025-04-08,4.33,2025-03-27,6.26,2025-04-08,4.22,2.6066350710900554,8.293838862559255,32.587859424920126,30.830670926517566,False,-7.675906183368875,6.362454060064901,1,4,1,25.0,49.64901084875558,49.64901084875558,2015-07-09,17.393364928909946,2.6066350710900554,历史1/4次成功; 当前距低点2.61%; 最新日涨幅-7.68%; 状态bottom_area; 底部未确认
297,63.369002017582865,56.15231464769818,600708,光明地产,bottom_area,2025-04-08,2.77,2025-03-20,3.8,2025-04-08,2.68,3.358208955223875,8.955223880597005,29.473684210526308,27.105263157894733,False,-5.460750853242324,1.7487389566106144,7,18,7,38.88888888888889,32.77854216874399,48.909657320872284,1997-05-23; 1997-07-08; 2004-08-30; 2005-07-18; 2007-05-21; 2015-06-30; 2025-01-06,16.641791044776127,3.358208955223875,历史7/18次成功; 当前距低点3.36%; 最新日涨幅-5.46%; 状态bottom_area; 底部未确认
298,63.2941571233022,57.15009306415302,002526,山东矿机,bottom_area,2025-04-08,3.33,2025-03-27,4.45,2025-04-08,3.19,4.388714733542324,10.03134796238244,28.31460674157304,25.168539325842698,False,-5.397727272727271,6.210590616271458,3,6,3,50.0,26.700874498008115,29.78260869565218,2011-10-24; 2012-12-04; 2025-01-06,15.611285266457678,4.388714733542324,历史3/6次成功; 当前距低点4.39%; 最新日涨幅-5.40%; 状态bottom_area; 底部未确认
299,63.26647327867058,56.13503287740802,600320,振华重工,bottom_area,2025-04-08,3.92,2025-03-27,5.4,2025-04-08,3.79,3.43007915567282,4.749340369393145,29.814814814814817,27.407407407407412,False,2.3498694516971286,4.502182124431647,2,9,2,22.22222222222222,36.989558047239235,40.487804878048784,2008-11-07; 2009-06-26,16.56992084432718,3.43007915567282,历史2/9次成功; 当前距低点3.43%; 最新日涨幅2.35%; 状态bottom_area; 底部未确认
300,63.23387138366923,56.50332791182008,002455,百川股份,bottom_area,2025-04-08,6.8,2025-03-27,9.05,2025-04-08,6.55,3.816793893129771,10.992366412213737,27.6243093922652,24.86187845303868,False,-5.947441217150773,4.988544160983752,5,12,5,41.66666666666667,34.26855549187788,57.692307692307686,2012-12-04; 2020-02-04; 2021-01-14; 2024-06-06; 2025-01-06,16.18320610687023,3.816793893129771,历史5/12次成功; 当前距低点3.82%; 最新日涨幅-5.95%; 状态bottom_area; 底部未确认
301,63.20128759629637,53.91902505515564,000049,德赛电池,bottom_area,2025-04-08,19.75,2025-02-26,26.84,2025-04-08,19.5,1.282051282051282,5.333333333333329,27.347242921013414,26.415797317436663,False,-3.752436647173485,2.5866059141468725,5,23,5,21.73913043478261,32.47974415599555,46.111111111111114,1996-04-30; 1997-05-26; 2009-03-02; 2011-08-09; 2014-12-29,18.71794871794872,1.282051282051282,历史5/23次成功; 当前距低点1.28%; 最新日涨幅-3.75%; 状态bottom_area; 底部未确认
302,63.15381555602871,56.122121212121236,688556,高测股份,bottom_area,2025-04-08,8.54,2025-03-26,11.5,2025-04-08,8.25,3.5151515151515045,6.181818181818179,28.26086956521739,25.739130434782613,False,2.891566265060219,1.7015098685280834,1,6,1,16.666666666666664,51.20999219359875,51.20999219359875,2020-09-11,16.484848484848495,3.5151515151515045,历史1/6次成功; 当前距低点3.52%; 最新日涨幅2.89%; 状态bottom_area; 底部未确认
303,63.062153821939724,55.48501368993851,001359,平安电工,bottom_area,2025-04-08,27.05,2025-04-02,36.6,2025-04-08,26.27,2.969166349448044,10.011419870574796,28.224043715846996,26.09289617486339,False,-7.33127783487496,17.602158276714086,1,2,1,50.0,33.681252509032504,33.681252509032504,2024-04-08,17.03083365055196,2.969166349448044,历史1/2次成功; 当前距低点2.97%; 最新日涨幅-7.33%; 状态bottom_area; 底部未确认
304,63.05235528682406,57.075189746448004,300111,向日葵,confirmed_rebound,2025-04-08,2.54,2025-02-10,3.51,2025-04-07,2.43,4.526748971193411,20.576131687242796,30.76923076923076,27.635327635327627,True,4.098360655737698,2.004621305381907,4,11,4,36.36363636363637,25.868988958190993,32.967032967032964,2015-06-30; 2015-08-26; 2020-02-04; 2022-04-27,15.47325102880659,4.526748971193411,历史4/11次成功; 当前距低点4.53%; 最新日涨幅4.10%; 状态confirmed_rebound; 底部已确认
305,62.98766491290778,53.807525944512015,688369,致远互联,bottom_area,2025-04-08,26.2,2025-04-02,36.98,2025-04-08,25.85,1.3539651837524096,14.15860735009671,30.09734991887506,29.150892374256347,False,-5.619596541786754,6.656940433873158,1,4,1,25.0,25.696594427244595,25.696594427244595,2024-04-22,18.646034816247592,1.3539651837524096,历史1/4次成功; 当前距低点1.35%; 最新日涨幅-5.62%; 状态bottom_area; 底部未确认
306,62.92378111665962,54.93028450735862,600560,金自天正,bottom_area,2025-04-08,13.73,2025-03-19,18.64,2025-04-08,13.39,2.5392083644510817,9.26064227035101,28.165236051502145,26.3412017167382,False,-5.114029025570144,4.195478859278731,5,16,5,31.25,32.72005149627463,40.79563182527301,2004-10-22; 2008-09-18; 2012-12-04; 2015-07-16; 2019-01-31,17.46079163554892,2.5392083644510817,历史5/16次成功; 当前距低点2.54%; 最新日涨幅-5.11%; 状态bottom_area; 底部未确认
307,62.841447224991775,54.95639871387114,000619,海螺新材,bottom_area,2025-04-08,5.06,2025-03-11,6.77,2025-04-08,4.93,2.636916835699795,8.722109533468572,27.178729689807973,25.258493353028065,False,-6.469500924214422,3.777138888888889,3,9,3,33.33333333333333,29.544278311469512,32.01692524682651,1996-11-04; 2022-07-12; 2022-08-03,17.363083164300207,2.636916835699795,历史3/9次成功; 当前距低点2.64%; 最新日涨幅-6.47%; 状态bottom_area; 底部未确认
308,62.80666744331412,55.534840760741666,600728,佳都科技,bottom_area,2025-04-08,4.46,2025-03-12,6.33,2025-04-08,4.32,3.240740740740733,7.638888888888889,31.753554502369663,29.54186413902054,False,-1.978021978021971,3.1256740326047256,6,21,6,28.57142857142857,40.15830072766029,82.51968503937009,2002-01-22; 2005-03-22; 2005-11-01; 2015-07-03; 2018-02-07; 2025-01-13,16.759259259259267,3.240740740740733,历史6/21次成功; 当前距低点3.24%; 最新日涨幅-1.98%; 状态bottom_area; 底部未确认
309,62.80328040325664,55.847269351029624,600206,有研新材,bottom_area,2025-04-08,14.58,2025-03-06,20.6,2025-04-08,14.08,3.5511363636363638,5.397727272727272,31.65048543689321,29.22330097087379,False,-1.0183299389002087,4.822778833734285,6,16,6,37.5,26.297635807099645,31.707317073170753,2008-06-19; 2009-08-19; 2011-08-09; 2012-12-04; 2015-07-29; 2019-05-08,16.448863636363637,3.5511363636363638,历史6/16次成功; 当前距低点3.55%; 最新日涨幅-1.02%; 状态bottom_area; 底部未确认
310,62.790172409931934,57.06727822014928,603033,三维股份,bottom_area,2025-04-08,10.59,2025-02-25,14.16,2025-04-08,10.11,4.74777448071217,4.74777448071217,28.601694915254246,25.21186440677966,False,2.4177949709864643,0.6308152443169758,3,9,3,33.33333333333333,34.07995001526713,43.461160275319564,2018-06-22; 2021-09-29; 2024-02-05,15.252225519287832,4.74777448071217,历史3/9次成功; 当前距低点4.75%; 最新日涨幅2.42%; 状态bottom_area; 底部未确认
311,62.770180535328194,53.63865328109699,603768,常青股份,bottom_area,2025-04-08,10.35,2025-03-20,14.21,2025-04-08,10.21,1.3712047012732496,9.40254652301664,28.149190710767062,27.163969035890222,False,-8.730158730158733,2.961977427868314,1,4,1,25.0,24.99999999999999,24.99999999999999,2020-02-04,18.628795298726754,1.3712047012732496,历史1/4次成功; 当前距低点1.37%; 最新日涨幅-8.73%; 状态bottom_area; 底部未确认
312,62.75446946560862,55.32301913415496,300620,光库科技,bottom_area,2025-04-08,36.18,2025-03-28,49.26,2025-04-08,35.1,3.0769230769230718,6.467236467236456,28.745432399512783,26.552984165651644,False,2.0880361173814865,2.8858387547460085,2,8,2,25.0,22.27636424483637,22.444343480236245,2022-04-27; 2023-10-26,16.92307692307693,3.0769230769230718,历史2/8次成功; 当前距低点3.08%; 最新日涨幅2.09%; 状态bottom_area; 底部未确认
313,62.75319882180444,55.38285667830392,000868,安凯客车,bottom_area,2025-04-08,5.26,2025-03-31,7.17,2025-04-08,5.1,3.137254901960787,8.235294117647058,28.870292887029294,26.63877266387727,False,-6.4056939501779375,4.871995449389426,5,16,5,31.25,42.484128251475795,69.53846153846153,2009-08-19; 2010-07-02; 2018-06-22; 2020-02-07; 2022-04-27,16.862745098039213,3.137254901960787,历史5/16次成功; 当前距低点3.14%; 最新日涨幅-6.41%; 状态bottom_area; 底部未确认
314,62.52634585214631,54.96731323927185,002759,天际股份,bottom_area,2025-04-08,6.69,2025-03-04,9.52,2025-04-08,6.5,2.923076923076929,5.846153846153845,31.72268907563025,29.726890756302517,False,-2.1929824561403466,2.6669764997337047,3,9,3,33.33333333333333,22.89567360512858,27.166666666666668,2020-11-18; 2021-02-02; 2021-04-13,17.076923076923073,2.923076923076929,历史3/9次成功; 当前距低点2.92%; 最新日涨幅-2.19%; 状态bottom_area; 底部未确认
315,62.52088812276784,55.854723559459615,300017,网宿科技,bottom_area,2025-04-08,9.82,2025-03-18,13.98,2025-04-07,9.46,3.8054968287526365,17.75898520084566,32.331902718168806,29.756795422031473,False,3.8054968287526414,6.209288224856375,2,7,2,28.57142857142857,26.327799003924245,26.851851851851855,2015-08-25; 2022-04-27,16.194503171247366,3.8054968287526365,历史2/7次成功; 当前距低点3.81%; 最新日涨幅3.81%; 状态bottom_area; 底部未确认
316,62.45124616776374,54.56459834041032,600151,航天机电,bottom_area,2025-04-08,5.95,2025-03-10,8.27,2025-04-08,5.8,2.5862068965517304,5.6896551724137945,29.866989117291414,28.053204353083427,False,-2.9363784665579096,2.0692244380374576,4,15,4,26.666666666666668,31.04560966603008,44.736842105263165,2008-11-04; 2015-06-30; 2016-02-01; 2020-09-28,17.41379310344827,2.5862068965517304,历史4/15次成功; 当前距低点2.59%; 最新日涨幅-2.94%; 状态bottom_area; 底部未确认
317,62.40720439709367,54.214752854618055,000668,荣丰控股,bottom_area,2025-04-08,4.5,2025-03-17,6.25,2025-04-08,4.4,2.2727272727272645,7.954545454545446,29.599999999999994,28.000000000000004,False,-2.5974025974025983,3.570029975504454,4,16,4,25.0,28.933177615248496,43.902439024390226,1996-12-25; 2004-07-01; 2007-06-06; 2025-01-27,17.727272727272737,2.2727272727272645,历史4/16次成功; 当前距低点2.27%; 最新日涨幅-2.60%; 状态bottom_area; 底部未确认
318,62.391436294816266,55.5178034826755,002712,思美传媒,bottom_area,2025-04-08,4.62,2025-03-12,6.25,2025-04-08,4.46,3.587443946188344,8.071748878923774,28.64,26.08,False,-4.149377593361003,3.8778679759036003,4,10,4,40.0,29.769761720349013,39.72710574652322,2015-08-04; 2015-08-26; 2016-01-29; 2022-04-27,16.412556053811656,3.587443946188344,历史4/10次成功; 当前距低点3.59%; 最新日涨幅-4.15%; 状态bottom_area; 底部未确认
319,62.386570291212884,51.98880857601074,603063,禾望电气,bottom_area,2025-04-08,25.6,2025-04-02,36.12,2025-04-08,25.6,0.0,5.468749999999995,29.125138427463998,29.125138427463998,False,-9.985935302391002,4.857343854288824,3,8,3,37.5,24.334992344143735,28.846153846153843,2018-10-19; 2021-09-01; 2022-04-27,20.0,0.0,历史3/8次成功; 当前距低点0.00%; 最新日涨幅-9.99%; 状态bottom_area; 底部未确认
320,62.350970525706764,56.825515274949076,688653,康希通信,bottom_area,2025-04-08,10.49,2025-03-12,14.18,2025-04-07,10.0,4.900000000000002,18.3,29.478138222849083,26.02256699576869,True,4.586241276171488,1.7861544810908754,1,2,1,50.0,22.674813306177867,22.674813306177867,2024-01-24,15.1,4.900000000000002,历史1/2次成功; 当前距低点4.90%; 最新日涨幅4.59%; 状态bottom_area; 底部已确认
321,62.33802453150887,54.295380148849844,600630,龙头股份,bottom_area,2025-04-08,7.21,2025-03-17,9.79,2025-04-08,7.04,2.414772727272726,8.948863636363635,28.08988764044943,26.353421859039834,False,-7.800511508951413,5.31121191395323,6,22,6,27.27272727272727,36.3986713770031,52.17391304347828,1993-03-05; 1994-03-16; 1994-10-14; 1996-08-30; 2001-10-22; 2009-02-27,17.585227272727273,2.414772727272726,历史6/22次成功; 当前距低点2.41%; 最新日涨幅-7.80%; 状态bottom_area; 底部未确认
322,62.28391862524028,56.196016804728075,600807,济高发展,bottom_area,2025-04-08,2.4,2025-02-27,3.42,2025-04-08,2.3,4.347826086956526,5.652173913043494,32.74853801169591,29.824561403508774,False,-1.6393442622950838,3.105797632599935,10,26,10,38.46153846153847,35.85516281176858,80.39473684210529,1994-02-28; 1994-08-10; 1994-10-05; 1999-06-15; 2003-05-13; 2008-08-13; 2015-05-07; 2015-09-08; 2016-02-01; 2018-10-19,15.652173913043477,4.347826086956526,历史10/26次成功; 当前距低点4.35%; 最新日涨幅-1.64%; 状态bottom_area; 底部未确认
323,62.238874199409146,54.92065448150244,300445,康斯特,bottom_area,2025-04-08,16.15,2025-04-01,22.38,2025-04-08,15.66,3.128991060025533,10.727969348659002,30.02680965147453,27.83735478105452,False,0.811485642946308,6.419403405587275,1,5,1,20.0,31.584699453551895,31.584699453551895,2022-04-27,16.87100893997447,3.128991060025533,历史1/5次成功; 当前距低点3.13%; 最新日涨幅0.81%; 状态bottom_area; 底部未确认
324,62.14333132154904,54.62420938228687,600218,全柴动力,bottom_area,2025-04-08,7.41,2025-03-13,10.58,2025-04-08,7.2,2.916666666666666,6.66666666666666,31.947069943289225,29.96219281663516,False,-4.755784061696655,3.9777558910543354,6,18,6,33.33333333333333,31.18750563953509,39.14728682170542,2005-07-19; 2009-08-19; 2010-07-02; 2011-01-25; 2018-10-17; 2020-02-04,17.083333333333332,2.916666666666666,历史6/18次成功; 当前距低点2.92%; 最新日涨幅-4.76%; 状态bottom_area; 底部未确认
325,62.140028366203744,53.99804175679057,600202,哈空调,bottom_area,2025-04-08,4.47,2025-04-01,6.23,2025-04-08,4.37,2.2883295194507927,7.3226544622425696,29.855537720706266,28.250401284109156,False,-7.835051546391747,12.724398844777646,4,16,4,25.0,38.17437129644286,54.39672801635993,2016-01-12; 2022-04-28; 2023-10-23; 2025-01-24,17.71167048054921,2.2883295194507927,历史4/16次成功; 当前距低点2.29%; 最新日涨幅-7.84%; 状态bottom_area; 底部未确认
326,62.11710112723594,56.276234816399025,688631,莱斯信息,bottom_area,2025-04-08,73.63,2025-03-31,96.85,2025-04-07,70.41,4.573214032097712,17.369691805141322,27.299948373773873,23.975219411461023,True,4.573214032097717,6.296439031909975,1,3,1,33.33333333333333,35.160373528217626,35.160373528217626,2024-10-11,15.42678596790229,4.573214032097712,历史1/3次成功; 当前距低点4.57%; 最新日涨幅4.57%; 状态bottom_area; 底部已确认
327,62.1039361494431,55.32471099887655,002057,中钢天源,bottom_area,2025-04-08,7.1,2025-03-26,9.45,2025-04-08,6.85,3.649635036496351,5.839416058394166,27.513227513227513,24.867724867724867,False,-2.73972602739726,5.583396197924628,4,11,4,36.36363636363637,27.15770659969232,35.076923076923066,2020-02-04; 2020-11-02; 2024-01-23; 2024-02-06,16.35036496350365,3.649635036496351,历史4/11次成功; 当前距低点3.65%; 最新日涨幅-2.74%; 状态bottom_area; 底部未确认
328,62.10327643373446,53.50555975103932,600761,安徽合力,bottom_area,2025-04-08,15.11,2025-03-07,22.09,2025-04-08,14.84,1.8194070080862503,9.838274932614562,32.82028066998642,31.59800814848348,False,-8.145896656534957,5.300189187366189,3,11,3,27.27272727272727,24.854293755735934,27.979274611398964,2008-11-04; 2014-06-26; 2015-06-30,18.180592991913752,1.8194070080862503,历史3/11次成功; 当前距低点1.82%; 最新日涨幅-8.15%; 状态bottom_area; 底部未确认
329,62.10167503794907,54.89899261187836,603701,德宏股份,bottom_area,2025-04-08,13.43,2025-03-18,18.03,2025-04-08,13.01,3.2282859338970016,8.37817063797079,27.84248474764282,25.513033832501392,False,-3.7275985663082434,1.906016180719248,4,11,4,36.36363636363637,29.919027347408967,34.804413239719146,2017-01-19; 2018-09-18; 2020-02-04; 2023-04-24,16.771714066102998,3.2282859338970016,历史4/11次成功; 当前距低点3.23%; 最新日涨幅-3.73%; 状态bottom_area; 底部未确认
330,62.07281153762404,52.44232654852854,002050,三花智控,bottom_area,2025-04-08,22.86,2025-03-27,31.1,2025-04-08,22.69,0.7492287351255977,9.299250771264871,27.041800643086816,26.495176848874603,False,-9.321697738992473,5.119171814214629,4,12,4,33.33333333333333,32.72706844775037,59.978991596638664,2007-06-05; 2008-09-18; 2014-06-09; 2015-07-03,19.250771264874402,0.7492287351255977,历史4/12次成功; 当前距低点0.75%; 最新日涨幅-9.32%; 状态bottom_area; 底部未确认
331,62.02569502525644,55.280931453526335,002892,科力尔,bottom_area,2025-04-08,13.54,2025-03-26,18.59,2025-04-08,13.06,3.675344563552822,10.796324655436448,29.74717590102205,27.165142549757938,False,-6.685044796691941,6.087356763375325,3,7,3,42.857142857142854,23.38327143547418,27.12859659424543,2018-03-26; 2018-06-21; 2021-02-04,16.324655436447177,3.675344563552822,历史3/7次成功; 当前距低点3.68%; 最新日涨幅-6.69%; 状态bottom_area; 底部未确认
332,61.961825378261324,54.67219886317176,300097,智云股份,bottom_area,2025-04-08,3.96,2025-03-18,5.43,2025-04-07,3.84,3.1250000000000027,14.843750000000009,29.2817679558011,27.071823204419886,False,1.0204081632652962,3.8470641295647887,2,11,2,18.181818181818183,34.13938782741421,37.75245986535475,2018-02-09; 2020-04-28,16.875,3.1250000000000027,历史2/11次成功; 当前距低点3.13%; 最新日涨幅1.02%; 状态bottom_area; 底部未确认
333,61.960214858727305,55.21352269557247,300694,蠡湖股份,bottom_area,2025-04-08,11.31,2025-03-18,16.06,2025-04-08,10.91,3.6663611365719557,7.516040329972505,32.06724782067247,29.576587795765867,False,0.7123775601068472,4.024237846299995,1,4,1,25.0,28.913043478260875,28.913043478260875,2019-01-31,16.333638863428046,3.6663611365719557,历史1/4次成功; 当前距低点3.67%; 最新日涨幅0.71%; 状态bottom_area; 底部未确认
334,61.8463914482517,54.339278301392646,002075,沙钢股份,bottom_area,2025-04-08,4.98,2025-03-12,6.67,2025-04-08,4.84,2.892561983471086,11.157024793388432,27.436281859070466,25.337331334332823,False,-7.434944237918206,4.433258739386031,3,9,3,33.33333333333333,29.360141346093467,33.83977900552485,2019-05-20; 2020-02-04; 2021-02-08,17.107438016528913,2.892561983471086,历史3/9次成功; 当前距低点2.89%; 最新日涨幅-7.43%; 状态bottom_area; 底部未确认
335,61.83003174637776,53.7385933552457,603799,华友钴业,bottom_area,2025-04-08,28.93,2025-03-14,40.13,2025-04-08,28.28,2.2984441301272933,5.622347949080622,29.529030650386247,27.909294791926243,False,-3.2764961551320693,3.612748481336242,4,13,4,30.76923076923077,24.403472967397448,30.19857624578493,2015-09-08; 2022-04-26; 2022-06-10; 2022-10-31,17.70155586987271,2.2984441301272933,历史4/13次成功; 当前距低点2.30%; 最新日涨幅-3.28%; 状态bottom_area; 底部未确认
336,61.814069132814424,54.84910359672265,603123,翠微股份,bottom_area,2025-04-08,6.93,2025-03-14,9.24,2025-04-08,6.7,3.4328358208955154,6.716417910447764,27.48917748917749,25.000000000000007,False,-3.076923076923088,2.4650765172401465,4,11,4,36.36363636363637,32.158192547413805,40.52173913043479,2012-12-04; 2014-01-10; 2020-02-04; 2024-09-18,16.567164179104484,3.4328358208955154,历史4/11次成功; 当前距低点3.43%; 最新日涨幅-3.08%; 状态bottom_area; 底部未确认
337,61.631174496879346,55.7018673546058,300905,宝丽迪,bottom_area,2025-04-08,21.87,2025-03-27,31.23,2025-04-07,20.94,4.441260744985671,17.669531996179554,32.9490874159462,29.971181556195965,True,4.441260744985676,5.4000036783805845,2,8,2,25.0,31.843773404156643,40.674053554939974,2024-04-22; 2024-10-11,15.55873925501433,4.441260744985671,历史2/8次成功; 当前距低点4.44%; 最新日涨幅4.44%; 状态bottom_area; 底部已确认
338,61.62840762337016,54.76018147257289,600241,时代万恒,bottom_area,2025-04-08,5.9,2025-03-18,8.24,2025-04-08,5.7,3.5087719298245648,8.596491228070178,30.8252427184466,28.398058252427184,False,-5.599999999999994,2.4317528729911095,5,14,5,35.714285714285715,34.01787274040733,54.53639082751746,2011-04-29; 2015-07-09; 2016-01-14; 2018-10-19; 2022-03-16,16.49122807017544,3.5087719298245648,历史5/14次成功; 当前距低点3.51%; 最新日涨幅-5.60%; 状态bottom_area; 底部未确认
339,61.62617398659392,54.20461078896503,600654,中安科,bottom_area,2025-04-08,2.79,2025-03-11,3.82,2025-04-08,2.71,2.9520295202952056,6.273062730627303,29.05759162303665,26.96335078534031,False,-3.125,2.213411343537337,5,21,5,23.809523809523807,73.34541849495714,157.57575757575756,1992-09-08; 1992-10-27; 1993-02-24; 1993-12-20; 1994-10-14,17.047970479704798,2.9520295202952056,历史5/21次成功; 当前距低点2.95%; 最新日涨幅-3.12%; 状态bottom_area; 底部未确认
340,61.591524539195476,51.64452804512587,603617,君禾股份,bottom_area,2025-04-08,5.95,2025-03-27,8.19,2025-04-08,5.93,0.3372681281618965,6.9139966273187206,27.594627594627593,27.350427350427342,False,-9.711684370257966,6.620729111038543,1,2,1,50.0,20.610211706102135,20.610211706102135,2019-01-04,19.662731871838105,0.3372681281618965,历史1/2次成功; 当前距低点0.34%; 最新日涨幅-9.71%; 状态bottom_area; 底部未确认
341,61.55012038803348,54.15785266363613,600232,金鹰股份,bottom_area,2025-04-08,4.85,2025-03-20,6.54,2025-04-08,4.71,2.972399150743093,9.55414012738854,27.981651376146786,25.84097859327218,False,-6.370656370656369,3.099567774641322,5,14,5,35.714285714285715,24.204653679963645,27.745664739884397,2001-05-28; 2005-07-22; 2008-09-18; 2019-05-06; 2020-02-04,17.027600849256906,2.972399150743093,历史5/14次成功; 当前距低点2.97%; 最新日涨幅-6.37%; 状态bottom_area; 底部未确认
342,61.547040957221874,54.59906388916217,300061,旗天科技,bottom_area,2025-04-08,9.98,2025-03-12,13.95,2025-04-08,9.65,3.419689119170985,6.321243523316056,30.824372759856626,28.458781362007162,False,3.205791106514999,3.920907831113196,2,9,2,22.22222222222222,28.60429852320675,35.0210970464135,2020-02-04; 2022-04-27,16.580310880829018,3.419689119170985,历史2/9次成功; 当前距低点3.42%; 最新日涨幅3.21%; 状态bottom_area; 底部未确认
343,61.522312373225155,51.2685936443543,002801,微光股份,bottom_area,2025-04-08,28.63,2025-04-01,40.86,2025-04-08,28.63,0.0,4.855047153335664,29.931473323543813,29.931473323543813,False,-9.996856334486015,4.239106859087166,2,6,2,33.33333333333333,29.49064683344603,29.96168582375479,2018-02-09; 2022-04-26,20.0,0.0,历史2/6次成功; 当前距低点0.00%; 最新日涨幅-10.00%; 状态bottom_area; 底部未确认
344,61.47783385751724,55.16455680136144,600605,汇通能源,bottom_area,2025-04-08,28.8,2025-03-21,39.49,2025-04-08,27.68,4.046242774566478,8.381502890173412,29.906305393770577,27.07014434033933,False,-6.371911573472044,3.0417524368094067,8,23,8,34.78260869565217,44.79891947863001,103.12499999999997,1994-03-10; 1994-08-03; 1996-07-09; 1997-04-29; 2003-11-13; 2008-11-04; 2015-06-30; 2022-04-27,15.953757225433524,4.046242774566478,历史8/23次成功; 当前距低点4.05%; 最新日涨幅-6.37%; 状态bottom_area; 底部未确认
345,61.456533298073765,54.11150133052789,001255,博菲电气,bottom_area,2025-04-08,23.28,2025-02-12,32.2,2025-04-08,22.6,3.0088495575221224,10.176991150442465,29.81366459627329,27.701863354037272,False,-5.288852725793314,2.268105553593533,1,2,1,50.0,26.78321678321677,26.78321678321677,2024-11-27,16.991150442477878,3.0088495575221224,历史1/2次成功; 当前距低点3.01%; 最新日涨幅-5.29%; 状态bottom_area; 底部未确认
346,61.414016806993644,52.44723198393396,603528,多伦科技,bottom_area,2025-04-08,6.82,2025-03-21,9.75,2025-04-08,6.73,1.337295690936105,9.361069836552746,30.974358974358967,30.051282051282048,False,-8.823529411764708,3.6434903546484043,2,9,2,22.22222222222222,24.197368837165172,26.407766990291247,2018-10-12; 2021-11-02,18.662704309063898,1.337295690936105,历史2/9次成功; 当前距低点1.34%; 最新日涨幅-8.82%; 状态bottom_area; 底部未确认
347,61.40039044405668,53.90452565735521,603686,福龙马,bottom_area,2025-04-08,10.83,2025-04-01,15.58,2025-04-08,10.53,2.849002849002856,7.787274453941123,32.41335044929397,30.48780487804878,False,-7.435897435897432,14.168197928767023,3,9,3,33.33333333333333,26.488810858862294,29.942693409742116,2015-02-10; 2019-05-24; 2024-02-06,17.150997150997142,2.849002849002856,历史3/9次成功; 当前距低点2.85%; 最新日涨幅-7.44%; 状态bottom_area; 底部未确认
348,61.39665285907097,52.93928006775835,002328,新朋股份,bottom_area,2025-04-08,4.92,2025-03-20,6.88,2025-04-08,4.83,1.8633540372670776,9.73084886128364,29.796511627906973,28.488372093023255,False,-8.208955223880599,5.146785626174742,1,4,1,25.0,27.27272727272727,27.27272727272727,2010-02-03,18.13664596273292,1.8633540372670776,历史1/4次成功; 当前距低点1.86%; 最新日涨幅-8.21%; 状态bottom_area; 底部未确认
349,61.35450705018955,54.391196035666155,301132,满坤科技,bottom_area,2025-04-08,21.09,2025-03-18,29.85,2025-04-08,20.4,3.3823529411764772,7.205882352941188,31.658291457286442,29.346733668341713,False,1.540683678382293,3.054645270087435,1,4,1,25.0,21.010541621228633,21.010541621228633,2024-07-09,16.617647058823522,3.3823529411764772,历史1/4次成功; 当前距低点3.38%; 最新日涨幅1.54%; 状态bottom_area; 底部未确认
350,61.347591705342914,54.113862071152816,002230,科大讯飞,bottom_area,2025-04-08,42.79,2025-02-24,59.37,2025-04-08,41.5,3.108433734939757,5.445783132530116,30.099376789624387,27.92656223681994,False,-1.3828070984097773,2.6288901959130206,2,8,2,25.0,38.634897778577745,53.5211267605634,2012-06-29; 2024-08-28,16.89156626506024,3.108433734939757,历史2/8次成功; 当前距低点3.11%; 最新日涨幅-1.38%; 状态bottom_area; 底部未确认
351,61.332616717245656,53.19831741787622,603066,音飞储存,bottom_area,2025-04-08,9.81,2025-03-28,13.22,2025-04-08,9.6,2.187500000000009,7.08333333333333,27.382753403933442,25.79425113464448,False,-4.571984435797649,3.3379212524003257,2,8,2,25.0,32.63880332191527,35.483870967741936,2015-08-25; 2016-01-29,17.812499999999993,2.187500000000009,历史2/8次成功; 当前距低点2.19%; 最新日涨幅-4.57%; 状态bottom_area; 底部未确认
352,61.27914207245142,55.19922719320035,300307,慈星股份,bottom_area,2025-04-08,7.59,2025-03-27,10.83,2025-04-08,7.28,4.258241758241753,8.653846153846152,32.779316712834714,29.91689750692521,False,3.972602739726039,6.8685769724812,3,10,3,30.0,25.258163451567466,28.017241379310363,2015-06-30; 2016-03-01; 2017-01-16,15.741758241758246,4.258241758241753,历史3/10次成功; 当前距低点4.26%; 最新日涨幅3.97%; 状态bottom_area; 底部未确认
353,61.239973740677705,53.59370563964667,002523,天桥起重,bottom_area,2025-04-08,3.07,2025-03-27,4.29,2025-04-08,2.99,2.675585284280924,8.0267558528428,30.303030303030297,28.438228438228442,False,-4.062500000000013,4.049108948066904,3,9,3,33.33333333333333,22.69197179824648,23.430962343096233,2015-04-20; 2015-06-30; 2020-02-04,17.324414715719076,2.675585284280924,历史3/9次成功; 当前距低点2.68%; 最新日涨幅-4.06%; 状态bottom_area; 底部未确认
354,61.23769857433072,54.285970037193685,603131,上海沪工,bottom_area,2025-04-08,15.29,2025-03-21,21.58,2025-04-08,14.79,3.3806626098715347,7.7755240027045325,31.464318813716403,29.14735866543095,False,-2.7353689567430117,3.0393237009821883,3,9,3,33.33333333333333,24.84165298047015,30.158730158730158,2019-05-10; 2023-08-25; 2025-01-13,16.619337390128468,3.3806626098715347,历史3/9次成功; 当前距低点3.38%; 最新日涨幅-2.74%; 状态bottom_area; 底部未确认
355,61.21049168450703,53.335457666617245,002189,中光学,bottom_area,2025-04-08,16.39,2025-03-06,22.87,2025-04-08,16.0,2.4375000000000036,7.187499999999991,30.039352864013996,28.334062090074337,False,-3.5314891112418922,2.3041056249437695,3,14,3,21.428571428571427,44.178727854317046,67.95994993742177,2009-03-02; 2015-09-02; 2020-02-04,17.562499999999996,2.4375000000000036,历史3/14次成功; 当前距低点2.44%; 最新日涨幅-3.53%; 状态bottom_area; 底部未确认
356,61.209055550023564,52.62879356546345,002912,中新赛克,bottom_area,2025-04-08,22.02,2025-03-18,30.19,2025-04-08,21.65,1.7090069284064713,10.30023094688222,28.287512421331574,27.0619410400795,False,-8.478802992518697,4.4259183787233685,2,9,2,22.22222222222222,29.72996670255188,35.94145792288206,2021-02-08; 2023-04-27,18.29099307159353,1.7090069284064713,历史2/9次成功; 当前距低点1.71%; 最新日涨幅-8.48%; 状态bottom_area; 底部未确认
357,60.88413845657444,51.49531417811679,002130,沃尔核材,bottom_area,2025-04-08,16.18,2025-03-25,22.39,2025-04-08,16.05,0.8099688473520187,8.411214953271013,28.316212594908443,27.73559624832515,False,-9.2540661805945,9.043629549992321,5,16,5,31.25,32.89404919397524,58.35694050991501,2009-09-29; 2015-06-30; 2019-08-06; 2022-10-12; 2024-09-19,19.190031152647983,0.8099688473520187,历史5/16次成功; 当前距低点0.81%; 最新日涨幅-9.25%; 状态bottom_area; 底部未确认
358,60.8771330130316,53.12596729320356,002494,华斯股份,bottom_area,2025-04-08,3.66,2025-03-18,4.96,2025-04-08,3.57,2.5210084033613533,6.442577030812324,28.0241935483871,26.209677419354836,False,-4.188481675392664,5.803737256041895,3,11,3,27.27272727272727,31.41374925784061,38.285714285714285,2012-12-04; 2022-04-28; 2024-01-24,17.47899159663865,2.5210084033613533,历史3/11次成功; 当前距低点2.52%; 最新日涨幅-4.19%; 状态bottom_area; 底部未确认
359,60.850277609803356,53.39220293042043,600446,金证股份,bottom_area,2025-04-08,14.59,2025-03-12,19.93,2025-04-08,14.19,2.818886539816775,6.483439041578576,28.80080280983442,26.793778223783242,False,-1.618341200269724,3.3583333112000577,4,18,4,22.22222222222222,37.22424024541463,43.415514131088415,2011-01-17; 2015-05-28; 2019-06-11; 2020-02-04,17.181113460183226,2.818886539816775,历史4/18次成功; 当前距低点2.82%; 最新日涨幅-1.62%; 状态bottom_area; 底部未确认
360,60.829213905320906,54.84601253758443,300870,欧陆通,bottom_area,2025-04-08,90.75,2025-04-01,127.6,2025-04-08,87.0,4.310344827586207,11.494252873563218,31.818181818181817,28.879310344827587,False,-3.0345122342130604,4.058671439694572,5,11,5,45.45454545454545,23.20116627042561,29.07389480477574,2022-04-27; 2022-10-12; 2022-12-30; 2023-05-05; 2025-03-04,15.689655172413794,4.310344827586207,历史5/11次成功; 当前距低点4.31%; 最新日涨幅-3.03%; 状态bottom_area; 底部未确认
361,60.82264851662953,54.708092849663714,300475,香农芯创,bottom_area,2025-04-08,26.43,2025-04-01,37.74,2025-04-08,25.37,4.178163184864007,11.549073709105242,32.77689454160043,29.968203497615264,False,-2.7235921972764143,8.490858192178468,3,9,3,33.33333333333333,36.8869439667759,59.663865546218496,2015-09-02; 2020-02-04; 2021-01-13,15.821836815135992,4.178163184864007,历史3/9次成功; 当前距低点4.18%; 最新日涨幅-2.72%; 状态bottom_area; 底部未确认
362,60.64242297141009,52.31819044037624,000670,盈方微,bottom_area,2025-04-08,5.38,2025-03-05,7.54,2025-04-08,5.28,1.8939393939393872,7.575757575757565,29.973474801061005,28.647214854111407,False,-4.270462633451966,3.9502574420060372,3,12,3,25.0,24.30845300300019,29.447852760736197,2001-10-22; 2020-02-04; 2023-08-25,18.106060606060616,1.8939393939393872,历史3/12次成功; 当前距低点1.89%; 最新日涨幅-4.27%; 状态bottom_area; 底部未确认
363,60.633884908146314,50.948033957940176,600156,华升股份,bottom_area,2025-04-08,4.45,2025-03-27,6.38,2025-04-08,4.43,0.45146726862303527,11.060948081264115,30.564263322884017,30.250783699059557,False,-9.55284552845528,5.5189776913501545,7,23,7,30.434782608695656,27.323451285464202,35.05747126436782,2006-08-08; 2006-11-21; 2007-06-26; 2007-10-26; 2015-06-30; 2018-10-19; 2022-04-28,19.548532731376966,0.45146726862303527,历史7/23次成功; 当前距低点0.45%; 最新日涨幅-9.55%; 状态bottom_area; 底部未确认
364,60.63036499931464,52.851150685004924,603757,大元泵业,bottom_area,2025-04-08,19.58,2025-03-19,27.0,2025-04-08,19.11,2.459445316588168,4.238618524332822,29.22222222222222,27.48148148148149,False,-1.7561465127947873,1.5460421713577592,1,4,1,25.0,23.89078498293514,23.89078498293514,2021-10-29,17.540554683411834,2.459445316588168,历史1/4次成功; 当前距低点2.46%; 最新日涨幅-1.76%; 状态bottom_area; 底部未确认
365,60.56723538848773,53.479428468761235,600584,长电科技,bottom_area,2025-04-08,30.0,2025-02-07,42.91,2025-04-08,29.08,3.1636863823934034,7.599724896836317,32.230249359123746,30.08622698671638,False,-3.0067895247332665,4.082637014742863,5,15,5,33.33333333333333,28.060753157445532,33.80281690140844,2008-03-18; 2008-09-18; 2011-01-25; 2022-10-11; 2023-05-05,16.836313617606596,3.1636863823934034,历史5/15次成功; 当前距低点3.16%; 最新日涨幅-3.01%; 状态bottom_area; 底部未确认
366,60.52267291134445,54.49051282051279,300822,贝仕达克,bottom_area,2025-04-08,16.26,2025-03-14,23.07,2025-04-08,15.6,4.230769230769243,8.269230769230775,32.37971391417426,29.518855656697003,False,2.0075282308657627,2.5040314606541094,1,6,1,16.666666666666664,85.30510585305107,85.30510585305107,2024-04-16,15.769230769230758,4.230769230769243,历史1/6次成功; 当前距低点4.23%; 最新日涨幅2.01%; 状态bottom_area; 底部未确认
367,60.49818280886381,52.53020449841594,603982,泉峰汽车,bottom_area,2025-04-08,6.83,2025-03-21,9.53,2025-04-08,6.68,2.2455089820359335,10.479041916167668,29.905561385099684,28.331584470094434,False,-7.827260458839403,3.9353434173452917,2,7,2,28.57142857142857,22.019780984796522,22.440392706872377,2022-04-15; 2025-01-06,17.75449101796407,2.2455089820359335,历史2/7次成功; 当前距低点2.25%; 最新日涨幅-7.83%; 状态bottom_area; 底部未确认
368,60.4606354488638,53.50097475040065,002467,二六三,bottom_area,2025-04-08,4.72,2025-03-12,6.55,2025-04-08,4.57,3.282275711159725,8.971553610503284,30.229007633587777,27.938931297709924,False,-5.976095617529875,5.853913358397801,5,15,5,33.33333333333333,29.63026902425535,43.69942196531791,2011-09-30; 2015-07-29; 2016-03-01; 2018-02-07; 2019-05-06,16.717724288840273,3.282275711159725,历史5/15次成功; 当前距低点3.28%; 最新日涨幅-5.98%; 状态bottom_area; 底部未确认
369,60.45495574143605,54.39275865633574,300890,翔丰华,bottom_area,2025-04-08,24.1,2025-03-18,33.97,2025-04-07,23.13,4.193687851275411,18.417639429312587,31.910509272887843,29.055048572269644,True,3.745157124408105,4.6338194973149545,1,3,1,33.33333333333333,20.381901203819012,20.381901203819012,2021-01-14,15.806312148724592,4.193687851275411,历史1/3次成功; 当前距低点4.19%; 最新日涨幅3.75%; 状态bottom_area; 底部已确认
370,60.41890418231031,54.446503955398676,300378,鼎捷数智,bottom_area,2025-04-08,28.99,2025-03-31,39.19,2025-04-08,27.8,4.2805755395683365,8.848920863309354,29.06353661648379,26.02704771625415,False,-0.6511309115832753,6.808867964878719,5,15,5,33.33333333333333,36.73592931333952,54.390243902439,2014-12-10; 2015-06-30; 2015-09-02; 2020-02-04; 2023-10-23,15.719424460431664,4.2805755395683365,历史5/15次成功; 当前距低点4.28%; 最新日涨幅-0.65%; 状态bottom_area; 底部未确认
371,60.39446572571031,52.03501880262237,002558,巨人网络,bottom_area,2025-04-08,12.3,2025-03-17,17.1,2025-04-08,12.08,1.8211920529801375,5.71192052980132,29.356725146198837,28.070175438596497,False,-2.1479713603818618,1.8624859077458749,1,5,1,20.0,22.512562814070357,22.512562814070357,2024-04-22,18.178807947019866,1.8211920529801375,历史1/5次成功; 当前距低点1.82%; 最新日涨幅-2.15%; 状态bottom_area; 底部未确认
372,60.38734565079517,53.559926454408966,002638,勤上股份,bottom_area,2025-04-08,1.82,2025-03-19,2.57,2025-04-08,1.76,3.4090909090909123,9.659090909090905,31.517509727626454,29.1828793774319,False,-5.699481865284972,2.7350105103679425,2,8,2,25.0,49.55727810288306,57.48031496062993,2015-08-26; 2020-02-04,16.59090909090909,3.4090909090909123,历史2/8次成功; 当前距低点3.41%; 最新日涨幅-5.70%; 状态bottom_area; 底部未确认
373,60.35766547325233,54.145610890469754,600622,光大嘉宝,bottom_area,2025-04-08,2.58,2025-03-17,3.43,2025-04-08,2.48,4.032258064516133,6.854838709677416,27.696793002915456,24.78134110787172,False,-1.9011406844106404,3.445042382324544,8,26,8,30.76923076923077,37.62988858906736,92.3076923076923,1993-12-20; 1994-07-29; 1994-08-10; 1997-07-07; 2016-01-18; 2018-06-01; 2022-04-14; 2022-10-31,15.96774193548387,4.032258064516133,历史8/26次成功; 当前距低点4.03%; 最新日涨幅-1.90%; 状态bottom_area; 底部未确认
374,60.310952092177075,50.2591267434809,605088,冠盛股份,bottom_area,2025-04-08,27.78,2025-04-01,39.25,2025-04-08,27.78,0.0,6.371490280777536,29.222929936305732,29.222929936305732,False,-10.009718172983472,3.3915279592834446,1,2,1,50.0,21.285627653123115,21.285627653123115,2021-01-14,20.0,0.0,历史1/2次成功; 当前距低点0.00%; 最新日涨幅-10.01%; 状态bottom_area; 底部未确认
375,60.273050847457625,50.22754237288136,601138,工业富联,bottom_area,2025-04-08,15.44,2025-03-17,21.77,2025-04-08,15.44,0.0,7.772020725388608,29.076711070280204,29.076711070280204,False,-9.970845481049562,1.0821371650026324,1,2,1,50.0,21.11581920903954,21.11581920903954,2023-05-15,20.0,0.0,历史1/2次成功; 当前距低点0.00%; 最新日涨幅-9.97%; 状态bottom_area; 底部未确认
376,60.26591729559874,54.29885928699625,688308,欧科亿,bottom_area,2025-04-08,15.87,2025-03-20,21.05,2025-04-07,15.22,4.270696452036784,15.111695137976339,27.69596199524941,24.608076009501197,True,1.3409961685823646,1.5500526900201892,1,6,1,16.666666666666664,40.26548672566372,40.26548672566372,2024-02-05,15.729303547963216,4.270696452036784,历史1/6次成功; 当前距低点4.27%; 最新日涨幅1.34%; 状态bottom_area; 底部已确认
377,60.246260909227054,53.55933057147615,688286,敏芯股份,bottom_area,2025-04-08,55.33,2025-04-02,73.98,2025-04-08,53.44,3.5366766467065878,9.80538922155689,27.764260610975946,25.2095160854285,False,-0.8955758552749438,3.972722000005749,2,6,2,33.33333333333333,22.847419315235673,25.016501650165008,2023-05-10; 2023-08-25,16.46332335329341,3.5366766467065878,历史2/6次成功; 当前距低点3.54%; 最新日涨幅-0.90%; 状态bottom_area; 底部未确认
378,60.09199809415188,53.014083827098155,600301,华锡有色,bottom_area,2025-04-08,18.86,2025-03-14,26.75,2025-04-08,18.29,3.1164570803717897,7.271733187534182,31.626168224299068,29.495327102803742,False,-3.726391015824404,6.703235283518954,3,9,3,33.33333333333333,24.97996041404572,32.51582278481012,2013-06-28; 2018-02-09; 2022-04-28,16.883542919628212,3.1164570803717897,历史3/9次成功; 当前距低点3.12%; 最新日涨幅-3.73%; 状态bottom_area; 底部未确认
379,60.02241253478178,53.4265430254651,600839,四川长虹,bottom_area,2025-04-08,8.91,2025-03-17,12.49,2025-04-08,8.6,3.6046511627907036,5.465116279069775,31.144915932746205,28.662930344275424,False,-1.0000000000000009,4.452085297620482,4,16,4,25.0,41.022299336709146,89.25233644859811,1996-12-17; 1999-12-27; 2018-10-19; 2020-02-04,16.395348837209298,3.6046511627907036,历史4/16次成功; 当前距低点3.60%; 最新日涨幅-1.00%; 状态bottom_area; 底部未确认
380,59.89477025274188,49.91230854395157,603305,旭升集团,bottom_area,2025-04-08,10.93,2025-03-20,15.9,2025-04-08,10.93,0.0,9.0576395242452,31.25786163522013,31.25786163522013,False,-9.967051070840204,3.269154543309807,3,10,3,30.0,29.421013677158932,32.41061130334487,2018-03-26; 2023-10-31; 2025-01-08,20.0,0.0,历史3/10次成功; 当前距低点0.00%; 最新日涨幅-9.97%; 状态bottom_area; 底部未确认
381,59.882464547738536,52.89345755919685,600288,大恒科技,bottom_area,2025-04-08,7.78,2025-03-10,10.71,2025-04-08,7.54,3.183023872679048,9.018567639257302,29.59850606909431,27.35760971055089,False,-4.422604422604426,3.4535256410256414,6,19,6,31.57894736842105,28.948581717373017,51.3215859030837,2008-03-19; 2008-04-03; 2012-12-04; 2016-03-01; 2018-02-07; 2018-06-22,16.816976127320952,3.183023872679048,历史6/19次成功; 当前距低点3.18%; 最新日涨幅-4.42%; 状态bottom_area; 底部未确认
382,59.87210224158202,53.58232699987238,300909,汇创达,bottom_area,2025-04-08,21.57,2025-03-19,30.58,2025-04-08,20.76,3.9017341040462368,8.381502890173403,32.112491824722035,29.463701765860034,False,0.6063432835820892,3.861187620645852,1,4,1,25.0,23.02839116719243,23.02839116719243,2023-10-24,16.098265895953766,3.9017341040462368,历史1/4次成功; 当前距低点3.90%; 最新日涨幅0.61%; 状态bottom_area; 底部未确认
383,59.85890611695077,51.851935904130606,000156,华数传媒,bottom_area,2025-04-08,7.24,2025-03-13,9.8,2025-04-08,7.09,2.1156558533145327,4.936530324400572,27.6530612244898,26.122448979591837,False,-2.6881720430107503,2.1771647673552645,2,11,2,18.181818181818183,29.07719635706996,29.787234042553195,2005-09-29; 2015-08-26,17.884344146685468,2.1156558533145327,历史2/11次成功; 当前距低点2.12%; 最新日涨幅-2.69%; 状态bottom_area; 底部未确认
384,59.79023499903428,51.9711518002569,002152,广电运通,bottom_area,2025-04-08,11.1,2025-03-12,14.99,2025-04-08,10.85,2.3041474654377883,7.834101382488476,27.618412274849902,25.950633755837227,False,-5.047048759623607,2.6937025452395544,2,10,2,20.0,38.30434420137123,49.963423555230435,2008-04-22; 2018-02-07,17.695852534562214,2.3041474654377883,历史2/10次成功; 当前距低点2.30%; 最新日涨幅-5.05%; 状态bottom_area; 底部未确认
385,59.75597332126536,53.52917413043426,603988,中电电机,bottom_area,2025-04-08,17.09,2025-03-20,24.12,2025-04-08,16.44,3.9537712895377037,9.002433090024333,31.8407960199005,29.14593698175788,False,-3.446327683615813,2.0957482993197276,3,9,3,33.33333333333333,38.01311471638112,47.336204942189966,2015-07-09; 2015-09-15; 2022-04-27,16.046228710462294,3.9537712895377037,历史3/9次成功; 当前距低点3.95%; 最新日涨幅-3.45%; 状态bottom_area; 底部未确认
386,59.73679111414322,51.955350492443856,002591,恒大高新,bottom_area,2025-04-08,4.38,2025-03-21,6.0,2025-04-08,4.28,2.3364485981308327,9.112149532710273,28.666666666666664,27.0,False,-4.989154013015195,7.104613835915218,2,9,2,22.22222222222222,33.800525487239746,38.445378151260506,2018-10-19; 2020-02-04,17.663551401869167,2.3364485981308327,历史2/9次成功; 当前距低点2.34%; 最新日涨幅-4.99%; 状态bottom_area; 底部未确认
387,59.7214525561106,51.48724474451119,000878,云南铜业,bottom_area,2025-04-08,10.98,2025-03-26,14.88,2025-04-08,10.78,1.855287569573294,4.545454545454548,27.553763440860223,26.209677419354836,False,-4.188481675392675,3.978337654806654,2,9,2,22.22222222222222,25.385724987003933,26.104100946372245,2012-12-04; 2020-02-04,18.144712430426708,1.855287569573294,历史2/9次成功; 当前距低点1.86%; 最新日涨幅-4.19%; 状态bottom_area; 底部未确认
388,59.58051170589322,52.560944000950016,002878,元隆雅图,bottom_area,2025-04-08,12.25,2025-03-18,16.9,2025-04-08,11.88,3.1144781144781075,9.006734006733993,29.70414201183431,27.51479289940828,False,-6.273909716908954,4.1569608460610965,2,6,2,33.33333333333333,22.519466497993363,22.936660268714018,2018-06-04; 2022-03-16,16.885521885521893,3.1144781144781075,历史2/6次成功; 当前距低点3.11%; 最新日涨幅-6.27%; 状态bottom_area; 底部未确认
389,59.52266468174662,52.074871868149295,301459,丰茂股份,bottom_area,2025-04-08,43.63,2025-03-26,59.4,2025-04-08,42.5,2.658823529411771,8.164705882352937,28.45117845117845,26.548821548821543,False,-1.3788426763110317,6.461933649200432,1,3,1,33.33333333333333,20.772345063843044,20.772345063843044,2024-04-16,17.34117647058823,2.658823529411771,历史1/3次成功; 当前距低点2.66%; 最新日涨幅-1.38%; 状态bottom_area; 底部未确认
390,59.491143283799005,52.63963520897946,688333,铂力特,bottom_area,2025-04-08,54.81,2025-03-31,77.98,2025-04-08,53.07,3.2786885245901676,6.180516299227437,31.94408822775071,29.71274685816876,False,0.18278194114422774,3.796520927966137,1,6,1,16.666666666666664,28.378378378378372,28.378378378378372,2020-02-03,16.721311475409834,3.2786885245901676,历史1/6次成功; 当前距低点3.28%; 最新日涨幅0.18%; 状态bottom_area; 底部未确认
391,59.4569804703069,49.54748372525575,600397,江钨装备,bottom_area,2025-04-08,4.78,2025-04-02,6.77,2025-04-08,4.78,0.0,0.0,29.394387001477096,29.394387001477096,False,-9.981167608286245,0.8831672057379225,3,13,3,23.076923076923077,42.45958992072982,69.43005181347151,2010-07-05; 2019-11-18; 2021-02-08,20.0,0.0,历史3/13次成功; 当前距低点0.00%; 最新日涨幅-9.98%; 状态bottom_area; 底部未确认
392,59.40039537823776,53.43153093556715,301268,铭利达,bottom_area,2025-04-08,15.2,2025-03-25,21.59,2025-04-07,14.59,4.180945853324191,19.39684715558603,32.42241778601204,29.597035664659565,True,4.180945853324181,1.390754401726875,1,6,1,16.666666666666664,34.50226244343892,34.50226244343892,2024-02-05,15.819054146675809,4.180945853324191,历史1/6次成功; 当前距低点4.18%; 最新日涨幅4.18%; 状态bottom_area; 底部已确认
393,59.38350757497155,53.69297052760178,301059,金三江,bottom_area,2025-04-08,9.36,2025-03-27,12.37,2025-04-07,8.96,4.4642857142856975,18.526785714285694,27.566693613581233,24.33306386418755,True,4.231625835189301,2.77734209045928,1,4,1,25.0,21.32549438802778,21.32549438802778,2022-10-11,15.535714285714302,4.4642857142856975,历史1/4次成功; 当前距低点4.46%; 最新日涨幅4.23%; 状态bottom_area; 底部已确认
394,59.278186567084525,52.418272201361106,600120,浙江东方,bottom_area,2025-04-08,5.41,2025-03-06,7.52,2025-04-08,5.24,3.244274809160304,4.961832061068698,30.319148936170205,28.058510638297868,False,-4.07801418439716,3.847116276631244,4,14,4,28.57142857142857,33.660930386886456,44.736842105263165,2009-03-03; 2011-01-25; 2018-02-07; 2020-02-04,16.755725190839698,3.244274809160304,历史4/14次成功; 当前距低点3.24%; 最新日涨幅-4.08%; 状态bottom_area; 底部未确认
395,59.237513201925275,52.033887708385905,002698,博实股份,bottom_area,2025-04-08,15.01,2025-03-19,20.75,2025-04-08,14.59,2.878684030157642,8.430431802604527,29.686746987951807,27.662650602409638,False,-3.596660244059091,3.4904834543895538,2,7,2,28.57142857142857,27.112911735804367,29.758454106280197,2014-05-19; 2015-06-30,17.12131596984236,2.878684030157642,历史2/7次成功; 当前距低点2.88%; 最新日涨幅-3.60%; 状态bottom_area; 底部未确认
396,59.179518173624736,53.269825243896975,300539,横河精密,bottom_area,2025-04-08,11.61,2025-03-27,16.06,2025-04-07,11.14,4.219030520646309,15.529622980251334,30.635118306351174,27.708592777085926,True,4.219030520646316,4.843997907470467,1,7,1,14.285714285714285,39.25845147219192,39.25845147219192,2023-04-26,15.78096947935369,4.219030520646309,历史1/7次成功; 当前距低点4.22%; 最新日涨幅4.22%; 状态bottom_area; 底部已确认
397,59.157329413924195,51.82541228684886,603273,天元智能,bottom_area,2025-04-08,14.66,2025-03-19,20.37,2025-04-08,14.27,2.7330063069376354,6.517168885774351,29.94599901816397,28.031418753068237,False,-3.489137590520075,7.218365334699096,1,6,1,16.666666666666664,201.34228187919464,201.34228187919464,2023-10-24,17.266993693062364,2.7330063069376354,历史1/6次成功; 当前距低点2.73%; 最新日涨幅-3.49%; 状态bottom_area; 底部未确认
398,59.10342855022999,51.008260869565206,002614,奥佳华,bottom_area,2025-04-08,5.86,2025-04-01,7.98,2025-04-08,5.75,1.913043478260875,7.652173913043485,27.94486215538847,26.56641604010025,False,-8.294209702660392,7.662840051708477,1,10,1,10.0,53.68421052631578,53.68421052631578,2020-02-04,18.086956521739125,1.913043478260875,历史1/10次成功; 当前距低点1.91%; 最新日涨幅-8.29%; 状态bottom_area; 底部未确认
399,58.9689957867072,53.08069227156223,300359,全通教育,bottom_area,2025-04-08,4.94,2025-03-17,6.96,2025-04-07,4.74,4.2194092827004255,17.72151898734177,31.89655172413793,29.022988505747122,False,4.219409282700415,3.2871693512990325,3,14,3,21.428571428571427,31.96360833551027,36.66015624999999,2014-07-23; 2015-09-02; 2017-07-24,15.780590717299575,4.2194092827004255,历史3/14次成功; 当前距低点4.22%; 最新日涨幅4.22%; 状态bottom_area; 底部未确认
400,58.9576256230879,51.97580153614327,002156,通富微电,bottom_area,2025-04-08,22.78,2025-02-24,32.5,2025-04-08,22.1,3.0769230769230753,9.095022624434378,31.999999999999996,29.9076923076923,False,-4.646295521138544,3.807316004808224,5,16,5,31.25,23.427076083483215,28.808446455505266,2009-05-25; 2015-06-30; 2015-07-29; 2019-05-08; 2022-10-12,16.923076923076927,3.0769230769230753,历史5/16次成功; 当前距低点3.08%; 最新日涨幅-4.65%; 状态bottom_area; 底部未确认
401,58.8644083671558,49.0536736392965,002970,锐明技术,bottom_area,2025-04-08,41.68,2025-03-27,61.27,2025-04-08,41.68,0.0,10.12476007677543,31.973233229965732,31.973233229965732,False,-9.997840639170807,7.035683437723499,1,3,1,33.33333333333333,34.24914142990946,34.24914142990946,2021-10-28,20.0,0.0,历史1/3次成功; 当前距低点0.00%; 最新日涨幅-10.00%; 状态bottom_area; 底部未确认
402,58.83962991036401,52.65097015054037,603918,金桥信息,bottom_area,2025-04-08,13.34,2025-03-18,18.18,2025-04-08,12.84,3.894080996884735,10.20249221183801,29.372937293729372,26.62266226622662,False,-4.1666666666666625,6.976493224598235,5,18,5,27.77777777777778,44.59693752146834,62.40097501523461,2015-07-09; 2015-09-02; 2016-02-01; 2016-09-27; 2018-02-09,16.105919003115265,3.894080996884735,历史5/18次成功; 当前距低点3.89%; 最新日涨幅-4.17%; 状态bottom_area; 底部未确认
403,58.72710284643392,52.64402372681919,300592,华凯易佰,bottom_area,2025-04-08,10.16,2025-03-17,13.44,2025-04-07,9.77,3.9918116683725753,16.37666325486182,27.30654761904762,24.4047619047619,False,3.991811668372569,3.0414856221768423,1,5,1,20.0,29.92125984251969,29.92125984251969,2019-08-13,16.008188331627426,3.9918116683725753,历史1/5次成功; 当前距低点3.99%; 最新日涨幅3.99%; 状态bottom_area; 底部未确认
404,58.7005945082001,51.48823477340419,002449,国星光电,bottom_area,2025-04-08,7.71,2025-03-07,10.65,2025-04-08,7.5,2.7999999999999994,8.533333333333342,29.5774647887324,27.605633802816904,False,-6.771463119709786,6.240796068165409,2,8,2,25.0,30.952875125828903,41.61849710982658,2012-12-04; 2024-02-06,17.200000000000003,2.7999999999999994,历史2/8次成功; 当前距低点2.80%; 最新日涨幅-6.77%; 状态bottom_area; 底部未确认
405,58.67399811853246,48.894998432110384,603728,鸣志电器,bottom_area,2025-04-08,53.49,2025-03-18,77.68,2025-04-08,53.49,0.0,7.758459525144884,31.14057672502575,31.14057672502575,False,-9.994952044422,3.0676144264799796,1,3,1,33.33333333333333,33.396048918156154,33.396048918156154,2020-04-28,20.0,0.0,历史1/3次成功; 当前距低点0.00%; 最新日涨幅-9.99%; 状态bottom_area; 底部未确认
406,58.64844379434895,53.137512437810976,300952,恒辉安防,bottom_area,2025-04-08,21.02,2025-04-01,29.89,2025-04-08,20.1,4.577114427860687,10.845771144278604,32.75342924054868,29.675476748076285,False,-2.0959478341872395,4.843173391958465,1,3,1,33.33333333333333,50.18786902844875,50.18786902844875,2025-01-06,15.422885572139315,4.577114427860687,历史1/3次成功; 当前距低点4.58%; 最新日涨幅-2.10%; 状态bottom_area; 底部未确认
407,58.51838688261307,51.96001867216321,600595,中孚实业,bottom_area,2025-04-08,3.28,2025-03-25,4.35,2025-04-08,3.17,3.4700315457413216,10.410094637223978,27.126436781609193,24.597701149425287,False,-6.818181818181824,4.23959649742197,5,16,5,31.25,28.16097094867434,47.77777777777778,2008-09-18; 2010-05-07; 2013-06-25; 2021-01-15; 2024-07-08,16.529968454258682,3.4700315457413216,历史5/16次成功; 当前距低点3.47%; 最新日涨幅-6.82%; 状态bottom_area; 底部未确认
408,58.48197428413004,52.50067654897316,300415,伊之密,bottom_area,2025-04-08,19.17,2025-03-20,25.4,2025-04-07,18.42,4.071661237785016,11.454940282301841,27.480314960629908,24.5275590551181,True,0.7886435331230457,3.23472858978212,1,5,1,20.0,20.935828877005346,20.935828877005346,2015-06-30,15.928338762214986,4.071661237785016,历史1/5次成功; 当前距低点4.07%; 最新日涨幅0.79%; 状态bottom_area; 底部已确认
409,58.45612001968304,51.86085048246477,603256,宏和科技,bottom_area,2025-04-08,7.25,2025-03-12,9.82,2025-04-08,7.01,3.4236804564907306,9.70042796005707,28.615071283095727,26.17107942973524,False,-6.812339331619544,1.1569264346061707,2,7,2,28.57142857142857,32.863205424612474,43.408071748878925,2020-02-04; 2022-04-27,16.57631954350927,3.4236804564907306,历史2/7次成功; 当前距低点3.42%; 最新日涨幅-6.81%; 状态bottom_area; 底部未确认
410,58.33279311855496,52.349942542292915,300214,日科化学,bottom_area,2025-04-08,5.39,2025-03-27,7.1,2025-04-07,5.18,4.0540540540540535,19.498069498069512,27.042253521126764,24.084507042253524,True,4.054054054054057,3.883673554954007,1,8,1,12.5,36.15960099750624,36.15960099750624,2024-02-06,15.945945945945947,4.0540540540540535,历史1/8次成功; 当前距低点4.05%; 最新日涨幅4.05%; 状态bottom_area; 底部已确认
411,58.26546152318178,51.846385253678704,000803,山高环能,bottom_area,2025-04-08,4.62,2025-03-28,6.22,2025-04-08,4.46,3.587443946188344,9.192825112107625,28.29581993569132,25.72347266881028,False,-6.854838709677413,4.45873062370482,4,12,4,33.33333333333333,24.47539848201502,34.41053261520048,2002-01-18; 2008-03-18; 2015-07-29; 2018-02-12,16.412556053811656,3.587443946188344,历史4/12次成功; 当前距低点3.59%; 最新日涨幅-6.85%; 状态bottom_area; 底部未确认
412,58.07829617004516,48.862733918128654,603328,依顿电子,bottom_area,2025-04-08,7.72,2025-03-18,11.22,2025-04-08,7.68,0.5208333333333338,8.723958333333332,31.550802139037437,31.19429590017826,False,-9.495896834701057,3.769991467179549,1,5,1,20.0,39.57115009746589,39.57115009746589,2024-02-06,19.479166666666668,0.5208333333333338,历史1/5次成功; 当前距低点0.52%; 最新日涨幅-9.50%; 状态bottom_area; 底部未确认
413,58.054340590720535,50.999591593416184,603197,保隆科技,bottom_area,2025-04-08,34.96,2025-03-19,48.15,2025-04-08,33.98,2.884049440847569,8.00470865214834,29.428868120456908,27.393561786085147,False,-6.971793507184665,4.7350225529803565,2,7,2,28.57142857142857,21.617949485284576,23.07435811937312,2022-04-15; 2024-07-09,17.11595055915243,2.884049440847569,历史2/7次成功; 当前距低点2.88%; 最新日涨幅-6.97%; 状态bottom_area; 底部未确认
414,58.05337962308448,51.9715969959042,300570,太辰光,bottom_area,2025-04-08,62.04,2025-04-02,85.85,2025-04-08,59.7,3.9195979899497426,7.822445561139031,30.460104834012807,27.734420500873615,False,-1.6798732171156905,9.690425802297518,2,8,2,25.0,37.060647381664545,53.745487364620935,2017-07-24; 2020-02-04,16.08040201005026,3.9195979899497426,历史2/8次成功; 当前距低点3.92%; 最新日涨幅-1.68%; 状态bottom_area; 底部未确认
415,57.95949637864147,50.976131365765696,600710,苏美达,bottom_area,2025-04-08,8.38,2025-03-13,11.8,2025-04-08,8.14,2.948402948402951,9.950859950859934,31.016949152542374,28.983050847457626,False,-6.47321428571429,3.0650479714874588,3,15,3,20.0,40.85209724798074,57.86666666666667,2008-11-04; 2019-01-31; 2020-02-04,17.05159705159705,2.948402948402951,历史3/15次成功; 当前距低点2.95%; 最新日涨幅-6.47%; 状态bottom_area; 底部未确认
416,57.91684224151365,51.52743971664916,600336,澳柯玛,bottom_area,2025-04-08,5.5,2025-03-20,7.32,2025-04-08,5.31,3.5781544256120603,9.227871939736351,27.45901639344263,24.86338797814208,False,-6.779661016949157,3.082135952802408,4,13,4,30.76923076923077,28.202321543250807,43.69747899159665,2005-12-12; 2006-04-26; 2007-10-15; 2009-08-19,16.42184557438794,3.5781544256120603,历史4/13次成功; 当前距低点3.58%; 最新日涨幅-6.78%; 状态bottom_area; 底部未确认
417,57.883791808828974,52.48824621094958,300550,和仁科技,bottom_area,2025-04-08,11.09,2025-03-10,15.79,2025-04-07,10.6,4.622641509433965,19.9056603773585,32.868904369854334,29.76567447751741,True,4.327375352775165,1.7878342261618219,1,5,1,20.0,27.62295081967214,27.62295081967214,2023-02-23,15.377358490566037,4.622641509433965,历史1/5次成功; 当前距低点4.62%; 最新日涨幅4.33%; 状态bottom_area; 底部已确认
418,57.864065660917156,50.92887362271913,002649,博彦科技,bottom_area,2025-04-08,11.03,2025-03-06,15.66,2025-04-08,10.71,2.987861811391209,9.80392156862744,31.609195402298845,29.56577266922095,False,-6.68358714043994,6.091261148994312,1,6,1,16.666666666666664,48.303934871099045,48.303934871099045,2024-02-06,17.01213818860879,2.987861811391209,历史1/6次成功; 当前距低点2.99%; 最新日涨幅-6.68%; 状态bottom_area; 底部未确认
419,57.85136820448459,51.542972981208756,688798,艾为电子,bottom_area,2025-04-08,61.23,2025-03-19,82.38,2025-04-08,59.07,3.656678517013707,10.445234467580827,28.295702840495263,25.673707210487983,False,-1.2260041942248834,2.8291655947322405,1,4,1,25.0,31.53333333333333,31.53333333333333,2024-02-06,16.343321482986294,3.656678517013707,历史1/4次成功; 当前距低点3.66%; 最新日涨幅-1.23%; 状态bottom_area; 底部未确认
420,57.851345174586974,50.92467761528234,603906,龙蟠科技,bottom_area,2025-04-08,8.94,2025-03-18,12.27,2025-04-08,8.68,2.9953917050691223,8.294930875576044,29.25835370823146,27.139364303178485,False,-5.894736842105264,3.5793473954585915,2,7,2,28.57142857142857,22.580026820184003,23.915050784856877,2017-08-11; 2019-05-09,17.00460829493088,2.9953917050691223,历史2/7次成功; 当前距低点3.00%; 最新日涨幅-5.89%; 状态bottom_area; 底部未确认
421,57.78817510576756,50.4327521734008,000036,华联控股,bottom_area,2025-04-08,3.25,2025-03-03,4.44,2025-04-08,3.17,2.5236593059936934,8.201892744479503,28.60360360360361,26.801801801801805,False,-6.340057636887608,2.7768011867585543,3,12,3,25.0,21.89083543584095,23.333333333333336,2005-06-06; 2013-06-25; 2024-02-06,17.47634069400631,2.5236593059936934,历史3/12次成功; 当前距低点2.52%; 最新日涨幅-6.34%; 状态bottom_area; 底部未确认
422,57.78484204089322,50.36038780878872,002063,远光软件,bottom_area,2025-04-08,5.44,2025-03-13,7.3,2025-04-08,5.31,2.448210922787209,6.026365348399253,27.260273972602743,25.479452054794514,False,-2.1582733812949506,4.0931569717376455,2,12,2,16.666666666666664,28.41743035525211,35.52338530066814,2020-02-04; 2022-07-06,17.551789077212792,2.448210922787209,历史2/12次成功; 当前距低点2.45%; 最新日涨幅-2.16%; 状态bottom_area; 底部未确认
423,57.68389676556168,51.25371462001086,002003,伟星股份,bottom_area,2025-04-08,10.92,2025-01-27,14.6,2025-04-08,10.55,3.507109004739329,5.1184834123222664,27.739726027397253,25.205479452054792,False,1.8656716417910335,1.7438395119366574,1,6,1,16.666666666666664,23.727185398655145,23.727185398655145,2008-09-18,16.492890995260673,3.507109004739329,历史1/6次成功; 当前距低点3.51%; 最新日涨幅1.87%; 状态bottom_area; 底部未确认
424,57.64214725460883,50.40167395328684,300577,开润股份,bottom_area,2025-04-08,17.18,2025-04-02,24.75,2025-04-08,16.74,2.6284348864994107,6.750298685782573,32.363636363636374,30.58585858585859,False,-2.9926595143986545,4.393492477782855,1,5,1,20.0,23.626373626373624,23.626373626373624,2022-04-28,17.37156511350059,2.6284348864994107,历史1/5次成功; 当前距低点2.63%; 最新日涨幅-2.99%; 状态bottom_area; 底部未确认
425,57.63899306951718,50.97950781447338,600481,双良节能,bottom_area,2025-04-08,4.44,2025-03-13,6.23,2025-04-08,4.3,3.2558139534883854,10.000000000000014,30.979133226324247,28.73194221508828,False,-6.131078224101483,2.5447083218969504,3,13,3,23.076923076923077,37.97184746466069,50.28571428571428,2007-06-04; 2009-08-18; 2021-10-13,16.744186046511615,3.2558139534883854,历史3/13次成功; 当前距低点3.26%; 最新日涨幅-6.13%; 状态bottom_area; 底部未确认
426,57.62057963319521,52.5205851711422,300320,海达股份,bottom_area,2025-04-08,8.98,2025-03-28,12.26,2025-04-07,8.56,4.906542056074765,15.887850467289713,30.179445350734092,26.75367047308319,True,4.66200466200466,4.096370717130224,2,9,2,22.22222222222222,26.462072599124216,30.313588850174234,2015-07-17; 2016-01-29,15.093457943925237,4.906542056074765,历史2/9次成功; 当前距低点4.91%; 最新日涨幅4.66%; 状态bottom_area; 底部已确认
427,57.6191799557328,52.130783984048264,300493,润欣科技,bottom_area,2025-04-08,17.42,2025-04-01,23.41,2025-04-08,16.67,4.499100179964007,8.818236352729446,28.7911149081589,25.587355830841513,False,0.8685581933989717,7.854147915580925,1,5,1,20.0,33.38028169014085,33.38028169014085,2017-01-16,15.500899820035997,4.499100179964007,历史1/5次成功; 当前距低点4.50%; 最新日涨幅0.87%; 状态bottom_area; 底部未确认
428,57.607344976124416,51.90712649661634,300689,澄天伟业,bottom_area,2025-04-08,26.59,2025-03-20,36.9,2025-04-08,25.5,4.2745098039215685,6.823529411764699,30.894308943089428,27.940379403794037,False,1.6437308868501477,1.2983509307978904,1,5,1,20.0,29.424778761061937,29.424778761061937,2020-11-17,15.725490196078432,4.2745098039215685,历史1/5次成功; 当前距低点4.27%; 最新日涨幅1.64%; 状态bottom_area; 底部未确认
429,57.508237843150795,50.880567393098744,000551,创元科技,bottom_area,2025-04-08,10.41,2025-03-20,14.1,2025-04-08,10.08,3.2738095238095246,10.615079365079367,28.510638297872337,26.170212765957444,False,-6.216216216216209,4.422789060147006,9,31,9,29.03225806451613,24.75727477088418,36.97347893915756,1995-01-24; 1996-07-01; 2007-06-26; 2008-03-18; 2008-04-03; 2014-05-16; 2017-07-18; 2018-02-09; 2024-02-06,16.726190476190478,3.2738095238095246,历史9/31次成功; 当前距低点3.27%; 最新日涨幅-6.22%; 状态bottom_area; 底部未确认
430,57.49424437796284,52.11942833129775,300342,天银机电,bottom_area,2025-04-08,14.08,2025-03-17,19.69,2025-04-07,13.46,4.606240713224363,17.979197622585435,31.64042661249365,28.491620111731848,True,4.606240713224352,5.563362189415937,2,11,2,18.181818181818183,29.37841091492776,32.07142857142856,2015-07-29; 2022-04-27,15.393759286775637,4.606240713224363,历史2/11次成功; 当前距低点4.61%; 最新日涨幅4.61%; 状态bottom_area; 底部已确认
431,57.47952622204829,50.2762672975751,000856,冀东装备,bottom_area,2025-04-08,8.92,2025-03-17,12.5,2025-04-08,8.69,2.6467203682393605,9.436133486766401,30.48,28.64,False,-7.564766839378246,8.115594713656387,4,19,4,21.052631578947366,31.11064091852178,42.43448858833475,2012-11-30; 2019-01-31; 2020-02-04; 2022-10-12,17.35327963176064,2.6467203682393605,历史4/19次成功; 当前距低点2.65%; 最新日涨幅-7.56%; 状态bottom_area; 底部未确认
432,57.3876424696378,52.294602884376765,300562,乐心医疗,bottom_area,2025-04-08,12.65,2025-04-01,16.88,2025-04-08,12.06,4.892205638474294,9.369817578772794,28.55450236966824,25.059241706161128,False,-1.6329704510108844,12.304080855548468,3,8,3,37.5,23.63619215106529,27.370129870129855,2017-05-09; 2022-02-18; 2022-04-27,15.107794361525706,4.892205638474294,历史3/8次成功; 当前距低点4.89%; 最新日涨幅-1.63%; 状态bottom_area; 底部未确认
433,57.319243836533545,52.242689370312725,688378,奥来德,bottom_area,2025-04-08,17.33,2025-03-18,24.02,2025-04-07,16.52,4.903147699757861,18.946731234866824,31.223980016652792,27.851790174854298,True,-0.6307339449541427,2.3636228789019342,1,2,1,50.0,20.547667342799194,20.547667342799194,2023-03-02,15.096852300242139,4.903147699757861,历史1/2次成功; 当前距低点4.90%; 最新日涨幅-0.63%; 状态bottom_area; 底部已确认
434,57.0688783800557,51.88556785978591,300913,兆龙互连,bottom_area,2025-04-08,39.56,2025-03-17,54.19,2025-04-07,37.76,4.766949152542384,17.50529661016949,30.3192470935597,26.997601033400993,False,4.766949152542388,2.661699909041873,1,3,1,33.33333333333333,23.123003194888174,23.123003194888174,2025-02-05,15.233050847457616,4.766949152542384,历史1/3次成功; 当前距低点4.77%; 最新日涨幅4.77%; 状态bottom_area; 底部未确认
435,57.052759907141535,51.86614537012868,300688,创业黑马,bottom_area,2025-04-08,23.98,2025-03-18,33.96,2025-04-07,22.89,4.761904761904761,18.74180865006553,32.59717314487632,29.38751472320377,False,4.761904761904767,5.429762541136418,2,11,2,18.181818181818183,39.118362903219385,39.651707970529145,2020-02-04; 2021-09-14,15.238095238095239,4.761904761904761,历史2/11次成功; 当前距低点4.76%; 最新日涨幅4.76%; 状态bottom_area; 底部未确认
436,57.04168886993926,49.926301484915655,002398,垒知集团,bottom_area,2025-04-08,4.21,2025-03-07,5.95,2025-04-08,4.1,2.6829268292683004,7.804878048780495,31.092436974789923,29.2436974789916,False,-5.8165548098433995,4.449206546968082,1,4,1,25.0,21.120293847566565,21.120293847566565,2017-05-24,17.3170731707317,2.6829268292683004,历史1/4次成功; 当前距低点2.68%; 最新日涨幅-5.82%; 状态bottom_area; 底部未确认
437,56.96315574558035,48.91687500000002,002866,传艺科技,bottom_area,2025-04-08,13.01,2025-03-25,17.56,2025-04-08,12.8,1.640624999999993,9.296874999999996,27.107061503416848,25.911161731207283,False,-8.509142053445862,6.045664620266262,1,8,1,12.5,29.999999999999982,29.999999999999982,2022-12-23,18.359375000000007,1.640624999999993,历史1/8次成功; 当前距低点1.64%; 最新日涨幅-8.51%; 状态bottom_area; 底部未确认
438,56.96070475114025,49.475890541079494,603926,铁流股份,bottom_area,2025-04-08,8.58,2025-03-20,12.01,2025-04-08,8.39,2.264600715137062,8.343265792610241,30.141548709408823,28.55953372189842,False,-6.434023991275895,2.28376023019331,1,5,1,20.0,24.404194470924693,24.404194470924693,2022-04-27,17.73539928486294,2.264600715137062,历史1/5次成功; 当前距低点2.26%; 最新日涨幅-6.43%; 状态bottom_area; 底部未确认
439,56.93332704103215,50.051276519588704,000925,众合科技,bottom_area,2025-04-08,7.04,2025-03-17,9.41,2025-04-08,6.84,2.9239766081871372,7.0175438596491295,27.311370882040386,25.185972369819343,False,-3.429355281207136,4.079499837946548,2,13,2,15.384615384615385,45.58033971105037,68.08375634517766,2009-05-04; 2015-06-30,17.076023391812864,2.9239766081871372,历史2/13次成功; 当前距低点2.92%; 最新日涨幅-3.43%; 状态bottom_area; 底部未确认
440,56.92514896000105,49.949638365340085,603332,苏州龙杰,bottom_area,2025-04-08,8.02,2025-03-27,11.15,2025-04-08,7.8,2.8205128205128176,11.025641025641029,30.04484304932736,28.071748878923774,False,-6.417736289381571,5.650500493049683,1,5,1,20.0,33.765632237146825,33.765632237146825,2020-02-04,17.179487179487186,2.8205128205128176,历史1/5次成功; 当前距低点2.82%; 最新日涨幅-6.42%; 状态bottom_area; 底部未确认
441,56.91845459399177,49.73888359839073,002115,三维通信,bottom_area,2025-04-08,6.72,2025-04-01,9.49,2025-04-08,6.55,2.5954198473282433,8.549618320610696,30.979978925184408,29.18861959957851,False,-7.692307692307699,17.890589027827083,2,9,2,22.22222222222222,25.05852309001914,29.396325459317573,2015-09-02; 2022-04-27,17.40458015267176,2.5954198473282433,历史2/9次成功; 当前距低点2.60%; 最新日涨幅-7.69%; 状态bottom_area; 底部未确认
442,56.90669946559538,47.75074120774928,002782,可立克,bottom_area,2025-04-08,10.66,2025-03-18,15.45,2025-04-08,10.62,0.3766478342749617,9.604519774011312,31.2621359223301,31.00323624595469,False,-9.661016949152545,4.761920315749471,1,4,1,25.0,20.991926182237588,20.991926182237588,2016-03-01,19.623352165725038,0.3766478342749617,历史1/4次成功; 当前距低点0.38%; 最新日涨幅-9.66%; 状态bottom_area; 底部未确认
443,56.8790748942227,50.75871052093972,300210,森远股份,bottom_area,2025-04-08,8.31,2025-04-02,11.03,2025-04-08,8.01,3.7453183520599342,7.990012484394514,27.37987307343608,24.660018132366265,False,0.8495145631068013,3.2861922266738257,1,11,1,9.090909090909092,40.39999999999999,40.39999999999999,2020-02-04,16.254681647940068,3.7453183520599342,历史1/11次成功; 当前距低点3.75%; 最新日涨幅0.85%; 状态bottom_area; 底部未确认
444,56.878316986230836,51.048289495142164,002771,真视通,bottom_area,2025-04-08,14.36,2025-03-18,19.73,2025-04-08,13.8,4.057971014492744,8.91304347826086,30.05575266092245,27.21743537759757,False,-3.8178164768921663,5.323966877773038,5,15,5,33.33333333333333,25.952312230388618,35.85548738922972,2015-08-25; 2015-09-02; 2016-01-05; 2016-01-29; 2020-09-11,15.942028985507257,4.057971014492744,历史5/15次成功; 当前距低点4.06%; 最新日涨幅-3.82%; 状态bottom_area; 底部未确认
445,56.78526700928748,51.0981559898388,688589,力合微,bottom_area,2025-04-08,23.81,2025-03-27,32.05,2025-04-07,22.85,4.201312910284452,18.16192560175054,28.70514820592823,25.709828393135727,True,2.452667814113596,3.18739966662272,1,6,1,16.666666666666664,22.20689655172413,22.20689655172413,2022-04-27,15.79868708971555,4.201312910284452,历史1/6次成功; 当前距低点4.20%; 最新日涨幅2.45%; 状态bottom_area; 底部已确认
446,56.76690767781046,50.20599197670828,002351,漫步者,bottom_area,2025-04-08,12.06,2025-03-20,16.47,2025-04-08,11.68,3.253424657534253,9.07534246575343,29.083181542197934,26.775956284152997,False,-5.263157894736836,4.544207107940338,1,5,1,20.0,40.4505386875612,40.4505386875612,2024-02-06,16.746575342465746,3.253424657534253,历史1/5次成功; 当前距低点3.25%; 最新日涨幅-5.26%; 状态bottom_area; 底部未确认
447,56.725141210227505,51.58942249497238,000948,南天信息,bottom_area,2025-04-08,15.55,2025-03-07,21.0,2025-04-08,14.84,4.784366576819413,7.008086253369279,29.333333333333332,25.95238095238095,False,-2.0780856423173844,4.068772609162895,6,19,6,31.57894736842105,31.351948928209456,41.16485686080947,2008-02-01; 2009-08-19; 2012-12-04; 2015-09-02; 2024-01-23; 2024-02-06,15.215633423180588,4.784366576819413,历史6/19次成功; 当前距低点4.78%; 最新日涨幅-2.08%; 状态bottom_area; 底部未确认
448,56.720243151021805,50.555548572469775,603348,文灿股份,bottom_area,2025-04-08,20.01,2025-03-18,26.86,2025-04-08,19.3,3.678756476683942,8.963730569948188,28.14594192107222,25.502606105733427,False,-4.2125418860698876,3.6984874388191264,2,7,2,28.57142857142857,28.97219153238415,31.539888682745836,2021-09-30; 2022-04-15,16.32124352331606,3.678756476683942,历史2/7次成功; 当前距低点3.68%; 最新日涨幅-4.21%; 状态bottom_area; 底部未确认
449,56.61325312555323,47.177710937961024,002735,王子新材,bottom_area,2025-04-08,8.34,2025-04-02,11.54,2025-04-08,8.34,0.0,4.916067146282976,27.729636048526856,27.729636048526856,False,-10.032362459546928,14.112818084176018,3,11,3,27.27272727272727,20.62796691963402,21.043478260869563,2015-06-30; 2015-08-26; 2021-05-21,20.0,0.0,历史3/11次成功; 当前距低点0.00%; 最新日涨幅-10.03%; 状态bottom_area; 底部未确认
450,56.58180677677573,50.061255053610374,688169,石头科技,bottom_area,2025-04-08,184.52,2025-03-21,264.77,2025-04-08,178.67,3.274192645659609,8.020372754239666,32.51878989311478,30.309325074593037,False,-1.8875950443983491,2.093024401595489,1,5,1,20.0,29.71190476190475,29.71190476190475,2021-02-23,16.72580735434039,3.274192645659609,历史1/5次成功; 当前距低点3.27%; 最新日涨幅-1.89%; 状态bottom_area; 底部未确认
451,56.50542821845496,49.64098771912941,002396,星网锐捷,bottom_area,2025-04-08,17.11,2025-03-12,22.93,2025-04-08,16.63,2.886349969933857,8.478653036680699,27.474923680767553,25.381596162232885,False,-4.573340769659795,2.6523237495787737,1,6,1,16.666666666666664,40.135478408128705,40.135478408128705,2012-12-04,17.113650030066143,2.886349969933857,历史1/6次成功; 当前距低点2.89%; 最新日涨幅-4.57%; 状态bottom_area; 底部未确认
452,56.46835896861915,49.94124011414094,002906,华阳集团,bottom_area,2025-04-08,27.3,2025-03-12,37.15,2025-04-08,26.44,3.252647503782146,9.682299546142204,28.82907133243606,26.514131897711973,False,-6.666666666666665,3.7287704029826174,1,4,1,25.0,28.184281842818425,28.184281842818425,2024-02-06,16.747352496217854,3.252647503782146,历史1/4次成功; 当前距低点3.25%; 最新日涨幅-6.67%; 状态bottom_area; 底部未确认
453,56.31378648296424,50.23314526931563,300939,秋田微,bottom_area,2025-04-08,24.8,2025-03-10,33.5,2025-04-08,23.91,3.7222919280635742,8.239230447511495,28.626865671641788,25.97014925373134,False,2.9472810294728147,2.2323333333333335,1,7,1,14.285714285714285,26.03670972127803,26.03670972127803,2023-05-15,16.277708071936424,3.7222919280635742,历史1/7次成功; 当前距低点3.72%; 最新日涨幅2.95%; 状态bottom_area; 底部未确认
454,56.26047063985025,49.83070256672452,002229,鸿博股份,bottom_area,2025-04-08,9.92,2025-03-24,13.87,2025-04-08,9.6,3.3333333333333366,8.333333333333341,30.785868781542895,28.478731074260992,False,-7.029053420805997,6.141583402634767,2,9,2,22.22222222222222,34.597564576177206,36.422764227642276,2015-09-02; 2019-01-31,16.666666666666664,3.3333333333333366,历史2/9次成功; 当前距低点3.33%; 最新日涨幅-7.03%; 状态bottom_area; 底部未确认
455,56.23034159623514,51.27406035995743,600463,空港股份,bottom_area,2025-04-08,8.09,2025-02-19,11.09,2025-04-08,7.71,4.928664072632943,8.949416342412457,30.47790802524797,27.05139765554554,False,-3.6904761904761996,1.5291000000000001,5,13,5,38.46153846153847,26.72803465355127,37.30569948186528,2005-07-18; 2015-06-30; 2024-01-23; 2024-04-16; 2024-10-10,15.071335927367057,4.928664072632943,历史5/13次成功; 当前距低点4.93%; 最新日涨幅-3.69%; 状态bottom_area; 底部未确认
456,56.09544134730831,48.52263130095365,603933,睿能科技,bottom_area,2025-04-08,13.02,2025-03-20,17.92,2025-04-08,12.76,2.0376175548589326,9.561128526645774,28.794642857142865,27.34375000000001,False,-8.180535966149504,3.3171181948459125,1,10,1,10.0,38.16343723673125,38.16343723673125,2020-02-04,17.962382445141067,2.0376175548589326,历史1/10次成功; 当前距低点2.04%; 最新日涨幅-8.18%; 状态bottom_area; 底部未确认
457,55.95889722530523,50.09833704292528,002777,久远银海,bottom_area,2025-04-08,15.9,2025-03-10,21.98,2025-04-08,15.3,3.9215686274509776,6.666666666666663,30.39126478616924,27.661510464058235,False,-1.303538175046548,3.8363558512998024,2,10,2,20.0,37.84684684684685,51.99999999999999,2019-06-05; 2024-02-06,16.078431372549023,3.9215686274509776,历史2/10次成功; 当前距低点3.92%; 最新日涨幅-1.30%; 状态bottom_area; 底部未确认
458,55.90289544592989,49.916389155527,002148,北纬科技,bottom_area,2025-04-08,5.77,2025-03-06,7.95,2025-04-08,5.56,3.7769784172661867,10.071942446043176,30.06289308176101,27.42138364779875,False,-6.482982171799034,6.406047503805902,4,15,4,26.666666666666668,30.866845592619512,40.94292803970222,2013-10-17; 2018-02-07; 2019-01-31; 2020-02-04,16.223021582733814,3.7769784172661867,历史4/15次成功; 当前距低点3.78%; 最新日涨幅-6.48%; 状态bottom_area; 底部未确认
459,55.82347303229599,50.39113401819571,600410,华胜天成,bottom_area,2025-04-08,6.92,2025-03-25,9.13,2025-04-08,6.63,4.374057315233786,9.200603318250382,27.382256297918957,24.205914567360356,False,-5.722070844686645,7.496807867571177,3,11,3,27.27272727272727,39.4251376667723,65.43209876543212,2008-04-03; 2008-10-28; 2015-09-02,15.625942684766214,4.374057315233786,历史3/11次成功; 当前距低点4.37%; 最新日涨幅-5.72%; 状态bottom_area; 底部未确认
460,55.73225704223718,48.719177926677276,002662,峰璟股份,bottom_area,2025-04-08,3.14,2025-03-20,4.33,2025-04-08,3.06,2.6143790849673225,9.477124183006538,29.330254041570434,27.48267898383372,False,-7.647058823529407,3.532757860802204,1,7,1,14.285714285714285,37.004405286343605,37.004405286343605,2024-02-06,17.38562091503268,2.6143790849673225,历史1/7次成功; 当前距低点2.61%; 最新日涨幅-7.65%; 状态bottom_area; 底部未确认
461,55.67315743534688,46.39429786278907,600619,海立股份,bottom_area,2025-04-08,10.49,2025-04-01,14.72,2025-04-08,10.49,0.0,8.007626310772162,28.736413043478265,28.736413043478265,False,-10.034305317324188,8.36601762699703,3,19,3,15.789473684210526,41.296451441141,56.345177664974635,1994-03-10; 1994-10-14; 2008-09-18,20.0,0.0,历史3/19次成功; 当前距低点0.00%; 最新日涨幅-10.03%; 状态bottom_area; 底部未确认
462,55.66276105644155,50.479089295087796,301121,紫建电子,bottom_area,2025-04-08,44.99,2025-03-28,62.3,2025-04-08,43.0,4.627906976744191,9.65116279069767,30.979133226324233,27.78491171749598,False,-0.8156966490299733,6.575597326940227,1,3,1,33.33333333333333,36.330020799630226,36.330020799630226,2023-04-25,15.372093023255811,4.627906976744191,历史1/3次成功; 当前距低点4.63%; 最新日涨幅-0.82%; 状态bottom_area; 底部未确认
463,55.5859408397951,46.99739693019811,000533,顺钠股份,bottom_area,2025-04-08,5.1,2025-04-01,6.99,2025-04-08,5.06,0.7905138339920956,8.300395256917014,27.610872675250363,27.03862660944207,False,-9.25266903914591,8.545538478280038,6,24,6,25.0,22.014884256452074,23.9819004524887,1994-10-07; 1996-09-11; 1998-08-18; 2007-06-26; 2011-08-09; 2015-06-23,19.209486166007906,0.7905138339920956,历史6/24次成功; 当前距低点0.79%; 最新日涨幅-9.25%; 状态bottom_area; 底部未确认
464,55.547705578826786,48.51912111635703,002373,千方科技,bottom_area,2025-04-08,7.98,2025-03-07,11.1,2025-04-08,7.78,2.5706940874036013,6.555269922879163,29.909909909909903,28.108108108108105,False,-3.6231884057970842,2.8575686792963872,1,5,1,20.0,23.012385137834592,23.012385137834592,2016-03-01,17.429305912596398,2.5706940874036013,历史1/5次成功; 当前距低点2.57%; 最新日涨幅-3.62%; 状态bottom_area; 底部未确认
465,55.395501296776594,46.16291774731383,603129,春风动力,bottom_area,2025-04-08,139.46,2025-04-01,197.3,2025-04-08,139.46,0.0,5.4065681915961505,29.315762797769896,29.315762797769896,False,-9.996773152629867,3.7487587517916516,1,4,1,25.0,20.09633197480549,20.09633197480549,2021-02-01,20.0,0.0,历史1/4次成功; 当前距低点0.00%; 最新日涨幅-10.00%; 状态bottom_area; 底部未确认
466,55.35732650626587,49.325656547956044,002628,成都路桥,bottom_area,2025-04-08,3.68,2025-03-10,4.99,2025-04-08,3.55,3.6619718309859253,5.915492957746478,28.85771543086173,26.252505010020037,False,-2.3872679045092826,2.5235452966773404,2,9,2,22.22222222222222,25.695681543270965,30.7070707070707,2015-06-30; 2015-09-07,16.338028169014077,3.6619718309859253,历史2/9次成功; 当前距低点3.66%; 最新日涨幅-2.39%; 状态bottom_area; 底部未确认
467,55.22732548727387,49.983479148332854,300365,恒华科技,bottom_area,2025-04-08,5.09,2025-03-12,6.99,2025-04-07,4.87,4.517453798767962,18.480492813141673,30.32904148783977,27.181688125894137,True,4.303278688524581,3.2045556730266447,1,6,1,16.666666666666664,20.0892857142857,20.0892857142857,2024-04-16,15.48254620123204,4.517453798767962,历史1/6次成功; 当前距低点4.52%; 最新日涨幅4.30%; 状态bottom_area; 底部已确认
468,55.04289502988621,47.69974576271188,603993,洛阳钼业,bottom_area,2025-04-08,6.21,2025-03-26,8.39,2025-04-08,6.08,2.1381578947368403,7.072368421052627,27.532777115613833,25.98331346841479,False,-4.608294930875578,3.1054772987042294,1,6,1,16.666666666666664,20.52730696798495,20.52730696798495,2015-08-26,17.861842105263158,2.1381578947368403,历史1/6次成功; 当前距低点2.14%; 最新日涨幅-4.61%; 状态bottom_area; 底部未确认
469,55.0284714413805,49.789298814802756,601858,中国科传,bottom_area,2025-04-08,17.41,2025-02-24,22.97,2025-04-08,16.66,4.501800720288116,7.32292917166866,27.47061384414453,24.205485415759682,False,-2.845982142857151,0.7315876027830487,2,7,2,28.57142857142857,24.726444853623377,28.20936639118458,2021-07-30; 2025-01-13,15.498199279711885,4.501800720288116,历史2/7次成功; 当前距低点4.50%; 最新日涨幅-2.85%; 状态bottom_area; 底部未确认
470,54.950552153208434,49.91248176152028,600655,豫园股份,bottom_area,2025-04-08,5.33,2024-12-13,7.03,2025-04-07,5.09,4.71512770137525,9.233791748526517,27.596017069701283,24.182076813655762,False,4.715127701375255,0.610571690333519,3,16,3,18.75,26.810338283095987,33.8785046728972,1993-02-24; 2015-06-30; 2015-08-26,15.284872298624752,4.71512770137525,历史3/16次成功; 当前距低点4.72%; 最新日涨幅4.72%; 状态bottom_area; 底部未确认
471,54.68805640133461,48.29108379548819,000977,浪潮信息,bottom_area,2025-04-08,44.63,2025-03-06,62.0,2025-04-08,43.26,3.1668978270920127,8.136846971798436,30.225806451612907,28.016129032258057,False,-5.002128565346942,6.238594999171259,4,20,4,20.0,29.094681942247174,40.11544011544013,2001-10-22; 2011-08-09; 2015-06-30; 2023-10-23,16.83310217290799,3.1668978270920127,历史4/20次成功; 当前距低点3.17%; 最新日涨幅-5.00%; 状态bottom_area; 底部未确认
472,54.54821556151761,48.091005042614704,600825,新华传媒,bottom_area,2025-04-08,5.69,2025-03-21,8.1,2025-04-08,5.52,3.0797101449275512,7.24637681159421,31.851851851851855,29.753086419753078,False,-3.0664395229982877,2.120476450671588,3,16,3,18.75,29.6585708228469,34.22818791946308,1994-08-09; 2020-02-04; 2024-01-23,16.92028985507245,3.0797101449275512,历史3/16次成功; 当前距低点3.08%; 最新日涨幅-3.07%; 状态bottom_area; 底部未确认
473,54.501501359230936,49.489869050336125,300328,宜安科技,bottom_area,2025-04-08,8.69,2025-04-02,12.35,2025-04-08,8.3,4.698795180722876,11.807228915662634,32.79352226720647,29.635627530364374,False,-2.2497187851518663,9.71695346357758,3,14,3,21.428571428571427,41.00756869177414,75.50847457627118,2015-09-07; 2017-01-16; 2020-02-04,15.301204819277125,4.698795180722876,历史3/14次成功; 当前距低点4.70%; 最新日涨幅-2.25%; 状态bottom_area; 底部未确认
474,54.49280840472201,48.35215735054964,002383,合众思壮,bottom_area,2025-04-08,6.63,2025-03-05,9.44,2025-04-08,6.41,3.4321372854914154,8.268330733229332,32.09745762711864,29.76694915254237,False,-3.493449781659397,3.021947506134049,2,10,2,20.0,32.67435678209713,34.530938123752506,2015-06-30; 2019-05-08,16.567862714508585,3.4321372854914154,历史2/10次成功; 当前距低点3.43%; 最新日涨幅-3.49%; 状态bottom_area; 底部未确认
475,54.42417627935965,49.23964119054425,300496,中科创达,bottom_area,2025-04-08,47.62,2025-03-17,67.44,2025-04-07,45.57,4.49857362299758,18.16984858459513,32.4288256227758,29.38908659549229,True,4.49857362299757,5.920253996628021,1,7,1,14.285714285714285,21.017452655031576,21.017452655031576,2024-10-10,15.501426377002419,4.49857362299758,历史1/7次成功; 当前距低点4.50%; 最新日涨幅4.50%; 状态bottom_area; 底部已确认
476,54.35564860582588,48.54448408734123,603110,东方材料,bottom_area,2025-04-08,13.7,2025-03-21,18.98,2025-04-08,13.2,3.787878787878788,8.181818181818183,30.453108535300323,27.81875658587988,False,-6.164383561643838,5.302825142701402,1,5,1,20.0,38.06907378335949,38.06907378335949,2020-02-04,16.212121212121215,3.787878787878788,历史1/5次成功; 当前距低点3.79%; 最新日涨幅-6.16%; 状态bottom_area; 底部未确认
477,54.35094694018089,49.154603175874186,000886,海南高速,bottom_area,2025-04-08,5.6,2025-03-21,7.97,2025-04-08,5.36,4.477611940298495,4.850746268656712,32.74780426599748,29.73651191969887,False,0.538599640933568,3.7140897852741985,2,14,2,14.285714285714285,29.496857755977924,38.39285714285713,2016-01-28; 2020-06-29,15.522388059701505,4.477611940298495,历史2/14次成功; 当前距低点4.48%; 最新日涨幅0.54%; 状态bottom_area; 底部未确认
478,54.236117647058826,45.19676470588236,002380,科远智慧,bottom_area,2025-04-08,20.17,2025-03-18,29.77,2025-04-08,20.17,0.0,9.766980664352994,32.24722875377897,32.24722875377897,False,-9.995537706381075,10.630924295188263,1,5,1,20.0,25.735294117647072,25.735294117647072,2022-10-25,20.0,0.0,历史1/5次成功; 当前距低点0.00%; 最新日涨幅-10.00%; 状态bottom_area; 底部未确认
479,54.10267405652279,48.84411555121845,600714,金瑞矿业,bottom_area,2025-04-08,9.53,2025-03-28,12.6,2025-04-08,9.13,4.381161007667016,9.529025191675784,27.53968253968253,24.365079365079367,False,-4.2211055276381915,5.008878096342253,7,23,7,30.434782608695656,24.34379170642415,35.714285714285715,2004-04-28; 2004-07-01; 2006-09-27; 2016-03-11; 2020-02-04; 2021-09-06; 2022-04-27,15.618838992332984,4.381161007667016,历史7/23次成功; 当前距低点4.38%; 最新日涨幅-4.22%; 状态bottom_area; 底部未确认
480,54.07030183485533,48.476822334697886,002587,奥拓电子,bottom_area,2025-04-08,4.94,2025-03-07,6.65,2025-04-08,4.75,4.000000000000008,9.263157894736851,28.571428571428577,25.71428571428571,False,-6.083650190114054,4.407816860122992,3,12,3,25.0,29.472163089773645,33.86978785662034,2015-06-30; 2018-06-20; 2020-02-04,15.999999999999993,4.000000000000008,历史3/12次成功; 当前距低点4.00%; 最新日涨幅-6.08%; 状态bottom_area; 底部未确认
481,54.001128984074505,46.593059129036455,002576,通达动力,bottom_area,2025-04-08,12.34,2025-03-26,16.73,2025-04-08,12.11,1.8992568125516136,9.496284062758056,27.61506276150628,26.240286909742977,False,-8.32095096582467,7.565439577772547,1,8,1,12.5,20.676691729323313,20.676691729323313,2020-02-04,18.100743187448387,1.8992568125516136,历史1/8次成功; 当前距低点1.90%; 最新日涨幅-8.32%; 状态bottom_area; 底部未确认
482,53.862629809546796,47.44908025797734,002044,美年健康,bottom_area,2025-04-08,5.09,2025-03-10,7.31,2025-04-08,4.94,3.0364372469635517,4.65587044534412,32.42134062927496,30.369357045143637,False,-0.5859375,2.874366567270507,2,14,2,14.285714285714285,25.134485612426786,27.731092436974798,2009-08-19; 2019-07-11,16.96356275303645,3.0364372469635517,历史2/14次成功; 当前距低点3.04%; 最新日涨幅-0.59%; 状态bottom_area; 底部未确认
483,53.446323182157855,48.2723227917121,300781,因赛集团,bottom_area,2025-04-08,43.85,2025-03-25,58.19,2025-04-08,42.0,4.404761904761908,8.571428571428575,27.822649939852205,24.64340952053617,False,1.6929499072356302,3.384170880198122,1,7,1,14.285714285714285,23.860414394765534,23.860414394765534,2020-11-05,15.595238095238093,4.404761904761908,历史1/7次成功; 当前距低点4.40%; 最新日涨幅1.69%; 状态bottom_area; 底部未确认
484,53.44411332873883,46.31269616956134,000528,柳工,bottom_area,2025-04-08,10.04,2025-03-10,13.56,2025-04-08,9.83,2.136317395727356,6.307222787385546,27.507374631268437,25.958702064896766,False,-0.9861932938856177,2.4796423843247024,1,12,1,8.333333333333332,20.887991927346118,20.887991927346118,2015-06-30,17.863682604272647,2.136317395727356,历史1/12次成功; 当前距低点2.14%; 最新日涨幅-0.99%; 状态bottom_area; 底部未确认
485,53.314163349396466,46.85685785055652,002451,摩恩电气,bottom_area,2025-04-08,5.66,2025-03-27,7.54,2025-04-08,5.5,2.9090909090909114,9.272727272727268,27.055702917771885,24.93368700265252,False,-6.600660066006592,4.8124442391863385,2,11,2,18.181818181818183,22.162969871027233,23.464566929133863,2020-02-04; 2022-07-07,17.09090909090909,2.9090909090909114,历史2/11次成功; 当前距低点2.91%; 最新日涨幅-6.60%; 状态bottom_area; 底部未确认
486,53.18968345863785,47.12122786639518,688259,创耀科技,bottom_area,2025-04-08,34.29,2025-04-02,48.3,2025-04-08,33.18,3.345388788426761,10.91018685955394,31.304347826086953,29.006211180124218,False,-2.0005715918834044,5.720948970456581,1,6,1,16.666666666666664,22.000256114739393,22.000256114739393,2023-09-19,16.65461121157324,3.345388788426761,历史1/6次成功; 当前距低点3.35%; 最新日涨幅-2.00%; 状态bottom_area; 底部未确认
487,52.709024482850744,47.86839978544609,002127,南极电商,bottom_area,2025-04-08,3.56,2025-03-17,4.71,2025-04-08,3.4,4.70588235294118,5.588235294117646,27.81316348195329,24.416135881104033,False,1.7142857142857126,3.0502087255284174,1,7,1,14.285714285714285,25.379939209726444,25.379939209726444,2009-02-27,15.294117647058822,4.70588235294118,历史1/7次成功; 当前距低点4.71%; 最新日涨幅1.71%; 状态bottom_area; 底部未确认
488,52.700988608598436,47.116777895104555,002272,川润股份,bottom_area,2025-04-08,7.56,2025-03-27,10.51,2025-04-08,7.28,3.8461538461538374,10.851648351648352,30.73263558515699,28.068506184586113,False,-6.551297898640296,8.238170625830826,2,13,2,15.384615384615385,41.10757346416826,48.337595907928375,2012-12-04; 2022-04-27,16.153846153846164,3.8461538461538374,历史2/13次成功; 当前距低点3.85%; 最新日涨幅-6.55%; 状态bottom_area; 底部未确认
489,52.6837444139931,45.844174701083205,002747,埃斯顿,bottom_area,2025-04-08,17.32,2025-03-20,25.25,2025-04-08,16.92,2.3640661938534193,9.633569739952712,32.99009900990099,31.405940594059405,False,-7.87234042553192,7.093446920039338,1,8,1,12.5,22.348094747682797,22.348094747682797,2017-07-17,17.635933806146582,2.3640661938534193,历史1/8次成功; 当前距低点2.36%; 最新日涨幅-7.87%; 状态bottom_area; 底部未确认
490,52.588134269153464,47.18894183905557,603390,通达电气,bottom_area,2025-04-08,8.74,2025-03-20,12.45,2025-04-08,8.4,4.047619047619046,7.976190476190475,32.5301204819277,29.799196787148592,False,-3.6383682469680267,3.0663833326869607,1,5,1,20.0,33.96512509476878,33.96512509476878,2020-02-04,15.952380952380956,4.047619047619046,历史1/5次成功; 当前距低点4.05%; 最新日涨幅-3.64%; 状态bottom_area; 底部未确认
491,52.31697842557183,45.692664493234254,603489,八方股份,bottom_area,2025-04-08,22.39,2025-03-24,31.99,2025-04-08,21.83,2.5652771415483384,11.039853412734772,31.759924976555176,30.00937793060331,False,-7.172470978441126,2.6802716716551056,1,7,1,14.285714285714285,20.13093289689035,20.13093289689035,2023-06-27,17.43472285845166,2.5652771415483384,历史1/7次成功; 当前距低点2.57%; 最新日涨幅-7.17%; 状态bottom_area; 底部未确认
492,52.315593177582315,46.8450378374912,300563,神宇股份,bottom_area,2025-04-08,30.93,2025-03-25,42.58,2025-04-08,29.76,3.9314516129032198,7.123655913978485,30.108031939877872,27.360263034288394,False,-0.4185447520927199,8.15695866448511,1,5,1,20.0,20.477137176938378,20.477137176938378,2024-05-31,16.068548387096783,3.9314516129032198,历史1/5次成功; 当前距低点3.93%; 最新日涨幅-0.42%; 状态bottom_area; 底部未确认
493,52.195663519854506,46.17683584039416,002177,御银股份,bottom_area,2025-04-08,3.79,2025-03-17,5.06,2025-04-08,3.67,3.2697547683923736,8.174386920980933,27.470355731225293,25.098814229249005,False,-4.0506329113924044,4.81754117942165,2,13,2,15.384615384615385,28.988584474885847,29.666666666666668,2020-02-04; 2024-04-17,16.730245231607626,3.2697547683923736,历史2/13次成功; 当前距低点3.27%; 最新日涨幅-4.05%; 状态bottom_area; 底部未确认
494,52.15461130118453,43.514522951387946,002835,同为股份,bottom_area,2025-04-08,15.24,2025-03-20,21.52,2025-04-08,15.23,0.06565988181221133,9.323703217334197,29.228624535315983,29.182156133828997,False,-9.9290780141844,6.314622632353549,1,9,1,11.11111111111111,24.49704142011835,24.49704142011835,2019-05-23,19.93434011818779,0.06565988181221133,历史1/9次成功; 当前距低点0.07%; 最新日涨幅-9.93%; 状态bottom_area; 底部未确认
495,52.001254648744485,46.44772259887856,000833,粤桂股份,bottom_area,2025-04-08,10.12,2025-03-27,13.83,2025-04-08,9.75,3.7948717948717867,5.025641025641027,29.50108459869848,26.82574114244397,False,-2.8790786948176605,7.633248386903194,2,17,2,11.76470588235294,34.50996677740863,35.88039867109634,2012-12-04; 2024-11-29,16.205128205128215,3.7948717948717867,历史2/17次成功; 当前距低点3.79%; 最新日涨幅-2.88%; 状态bottom_area; 底部未确认
496,51.907949309832766,46.48167452990942,002850,科达利,bottom_area,2025-04-08,99.88,2025-03-27,137.5,2025-04-08,96.1,3.93340270551509,9.240374609781487,30.109090909090913,27.36,False,-5.942179112910817,5.033397503570764,1,6,1,16.666666666666664,35.984763611920215,35.984763611920215,2018-02-02,16.06659729448491,3.93340270551509,历史1/6次成功; 当前距低点3.93%; 最新日涨幅-5.94%; 状态bottom_area; 底部未确认
497,51.89624316521321,47.26700081714254,002021,中捷资源,bottom_area,2025-04-08,1.94,2025-03-17,2.6,2025-04-08,1.85,4.864864864864857,6.48648648648648,28.846153846153843,25.38461538461539,False,-3.482587064676612,4.190623401924178,4,16,4,25.0,33.56931563996991,50.76923076923077,2012-11-28; 2013-06-25; 2020-12-25; 2022-04-27,15.135135135135144,4.864864864864857,历史4/16次成功; 当前距低点4.86%; 最新日涨幅-3.48%; 状态bottom_area; 底部未确认
498,51.85142878337316,46.62451575774682,002811,郑中设计,bottom_area,2025-04-08,8.26,2025-03-11,11.65,2025-04-08,7.93,4.161412358133671,8.827238335435071,31.93133047210301,29.09871244635194,False,-3.953488372093017,3.238188682771497,1,4,1,25.0,21.492128678987,21.492128678987,2018-02-07,15.838587641866331,4.161412358133671,历史1/4次成功; 当前距低点4.16%; 最新日涨幅-3.95%; 状态bottom_area; 底部未确认
499,51.8200555051103,45.98499749776427,600171,上海贝岭,bottom_area,2025-04-08,29.49,2025-02-25,40.69,2025-04-08,28.51,3.4373903893370636,7.716590669940369,29.933644630130246,27.525190464487586,False,-2.221485411140589,4.725447856773994,2,18,2,11.11111111111111,29.056289288575233,31.741821396993807,2012-12-04; 2024-01-23,16.56260961066294,3.4373903893370636,历史2/18次成功; 当前距低点3.44%; 最新日涨幅-2.22%; 状态bottom_area; 底部未确认
500,51.134095386307074,45.32954210253738,000801,四川九洲,bottom_area,2025-04-08,13.76,2025-03-17,18.3,2025-04-08,13.31,3.3809166040570946,5.409466566491352,27.267759562841533,24.808743169398912,False,-1.924447612259439,4.399832917986477,2,17,2,11.76470588235294,23.42395424300711,24.180751983442573,2000-02-24; 2015-08-04,16.61908339594291,3.3809166040570946,历史2/17次成功; 当前距低点3.38%; 最新日涨幅-1.92%; 状态bottom_area; 底部未确认
501,51.00912646515966,45.785757237157334,600775,南京熊猫,bottom_area,2025-04-08,8.45,2025-03-19,11.68,2025-04-08,8.12,4.064039408866996,8.497536945812824,30.479452054794525,27.6541095890411,False,-3.2073310423825996,4.459970558866394,3,19,3,15.789473684210526,35.74521072385616,44.15584415584415,1997-07-08; 2020-02-04; 2022-04-27,15.935960591133005,4.064039408866996,历史3/19次成功; 当前距低点4.06%; 最新日涨幅-3.21%; 状态bottom_area; 底部未确认
502,50.936876732416756,44.86667898710285,002632,道明光学,bottom_area,2025-04-08,7.48,2025-03-13,10.5,2025-04-08,7.26,3.030303030303039,11.157024793388437,30.85714285714286,28.761904761904756,False,-6.148055207026337,3.8200066397838386,1,8,1,12.5,25.259515570934255,25.259515570934255,2021-02-04,16.96969696969696,3.030303030303039,历史1/8次成功; 当前距低点3.03%; 最新日涨幅-6.15%; 状态bottom_area; 底部未确认
503,50.67130123358535,42.22608436132113,002463,沪电股份,bottom_area,2025-04-08,24.94,2025-03-18,37.19,2025-04-08,24.94,0.0,8.660785886126703,32.93896208658241,32.93896208658241,False,-9.996391194514608,3.9963481190090646,1,7,1,14.285714285714285,22.14484679665738,22.14484679665738,2015-06-30,20.0,0.0,历史1/7次成功; 当前距低点0.00%; 最新日涨幅-10.00%; 状态bottom_area; 底部未确认
504,50.56218414095368,44.33746600697018,002206,海利得,bottom_area,2025-04-08,4.06,2025-03-27,5.64,2025-04-08,3.95,2.784810126582264,9.367088607594939,29.96453900709219,28.01418439716312,False,-6.666666666666665,7.056957938992681,1,10,1,10.0,24.82168330955778,24.82168330955778,2015-06-30,17.215189873417735,2.784810126582264,历史1/10次成功; 当前距低点2.78%; 最新日涨幅-6.67%; 状态bottom_area; 底部未确认
505,50.47062911133122,45.221974266719954,688238,和元生物,confirmed_rebound,2025-04-08,4.98,2025-04-02,6.62,2025-04-07,4.79,3.9665970772442667,21.711899791231733,27.64350453172206,24.77341389728096,True,-0.7968127490039723,3.877839292818703,1,6,1,16.666666666666664,20.425531914893615,20.425531914893615,2024-10-16,16.033402922755734,3.9665970772442667,历史1/6次成功; 当前距低点3.97%; 最新日涨幅-0.80%; 状态confirmed_rebound; 底部已确认
506,50.37772235813592,45.94866454064054,301007,德迈仕,bottom_area,2025-04-08,16.35,2025-04-02,22.11,2025-04-08,15.58,4.942233632862654,9.30680359435174,29.534147444595206,26.05156037991858,False,-1.268115942028969,11.05262792428088,1,6,1,16.666666666666664,35.27037933817596,35.27037933817596,2022-04-27,15.057766367137349,4.942233632862654,历史1/6次成功; 当前距低点4.94%; 最新日涨幅-1.27%; 状态bottom_area; 底部未确认
507,49.96483580550346,44.65784067649932,002008,大族激光,bottom_area,2025-04-08,23.04,2025-03-18,30.65,2025-04-08,22.19,3.830554303740414,11.176205497972061,27.601957585644364,24.828711256117455,False,-6.493506493506496,7.984354867329696,2,12,2,16.666666666666664,24.918482915918215,29.085520745131234,2008-04-03; 2015-06-30,16.169445696259586,3.830554303740414,历史2/12次成功; 当前距低点3.83%; 最新日涨幅-6.49%; 状态bottom_area; 底部未确认
508,49.92942357659251,41.754429884508305,600580,卧龙电驱,bottom_area,2025-04-08,20.89,2025-03-26,31.02,2025-04-08,20.85,0.19184652278177047,8.153477218225417,32.7852998065764,32.656350741457125,False,-9.840310746655156,8.104690933195089,1,11,1,9.090909090909092,20.958083832335333,20.958083832335333,2015-06-30,19.80815347721823,0.19184652278177047,历史1/11次成功; 当前距低点0.19%; 最新日涨幅-9.84%; 状态bottom_area; 底部未确认
509,49.456950167973126,44.46631578947369,601616,广电电气,bottom_area,2025-04-08,3.76,2025-03-27,4.96,2025-04-08,3.61,4.15512465373961,8.864265927977847,27.217741935483875,24.19354838709678,False,-6.000000000000005,5.407969438029168,1,5,1,20.0,20.645161290322584,20.645161290322584,2021-10-28,15.84487534626039,4.15512465373961,历史1/5次成功; 当前距低点4.16%; 最新日涨幅-6.00%; 状态bottom_area; 底部未确认
510,49.332544524044465,44.60765477486471,002769,普路通,bottom_area,2025-04-08,6.08,2025-03-19,7.99,2025-04-08,5.82,4.46735395189003,11.168384879725076,27.15894868585732,23.90488110137672,False,-5.443234836702948,2.8357938021340527,2,10,2,20.0,25.232375189107408,25.264750378214814,2015-09-02; 2020-02-04,15.53264604810997,4.46735395189003,历史2/10次成功; 当前距低点4.47%; 最新日涨幅-5.44%; 状态bottom_area; 底部未确认
511,49.02272789525043,44.71675979906773,300553,集智股份,bottom_area,2025-04-08,36.7,2025-04-02,48.95,2025-04-08,34.97,4.947097512153286,12.953960537603665,28.55975485188969,25.025536261491315,False,-0.27173913043476716,7.978759707631945,2,11,2,18.181818181818183,25.424029029594024,27.453271028037385,2017-07-24; 2018-02-09,15.052902487846714,4.947097512153286,历史2/11次成功; 当前距低点4.95%; 最新日涨幅-0.27%; 状态bottom_area; 底部未确认
512,48.73824004018735,44.1159427545603,001266,宏英智能,bottom_area,2025-04-08,20.1,2025-03-20,27.21,2025-04-08,19.23,4.524180967238695,10.244409776391048,29.32745314222712,26.130099228224914,False,-5.589478628464062,7.566445919302874,1,5,1,20.0,23.285351397121083,23.285351397121083,2023-04-25,15.475819032761306,4.524180967238695,历史1/5次成功; 当前距低点4.52%; 最新日涨幅-5.59%; 状态bottom_area; 底部未确认
513,47.71149733925185,43.297339597551584,000807,云铝股份,bottom_area,2025-04-08,14.36,2025-03-10,19.27,2025-04-08,13.72,4.664723032069961,9.329446064139937,28.801245459263097,25.480020757654387,False,-5.339485827290713,3.2403013765090543,3,17,3,17.647058823529413,25.705072068756728,35.55555555555555,2010-07-02; 2011-07-26; 2020-02-04,15.335276967930039,4.664723032069961,历史3/17次成功; 当前距低点4.66%; 最新日涨幅-5.34%; 状态bottom_area; 底部未确认
514,47.66200663620075,42.0672728823098,600545,卓郎智能,bottom_area,2025-04-08,1.97,2025-03-06,2.85,2025-04-08,1.91,3.141361256544505,6.282722513088999,32.98245614035088,30.87719298245614,False,-3.9024390243902363,2.7548948065996672,1,13,1,7.6923076923076925,21.986970684039097,21.986970684039097,2019-08-26,16.858638743455494,3.141361256544505,历史1/13次成功; 当前距低点3.14%; 最新日涨幅-3.90%; 状态bottom_area; 底部未确认
515,46.998094225367616,42.28128730039853,000988,华工科技,bottom_area,2025-04-08,33.83,2025-03-18,46.0,2025-04-08,32.47,4.188481675392668,10.101632275947033,29.41304347826087,26.45652173913044,False,-5.66090351366425,5.174243163925852,1,7,1,14.285714285714285,21.687541199736327,21.687541199736327,2015-06-30,15.811518324607333,4.188481675392668,历史1/7次成功; 当前距低点4.19%; 最新日涨幅-5.66%; 状态bottom_area; 底部未确认
