time,code,name,start_date,end_date,status,rows,reason
2026-06-18 21:29:51,000001,平安银行,2026-06-18,2026-06-18,started,0,
2026-06-18 21:29:51,000004,*ST国华,2026-06-18,2026-06-18,started,0,
2026-06-18 21:29:51,000007,全新好,2026-06-18,2026-06-18,started,0,
2026-06-18 21:29:51,000009,中国宝安,2026-06-18,2026-06-18,started,0,
2026-06-18 21:29:51,000006,深振业A,2026-06-18,2026-06-18,started,0,
2026-06-18 21:29:51,000008,神州高铁,2026-06-18,2026-06-18,started,0,
2026-06-18 21:29:51,000002,万科A,2026-06-18,2026-06-18,started,0,
2026-06-18 21:29:51,000010,*ST美丽,2026-06-18,2026-06-18,started,0,
2026-06-18 21:29:52,000008,神州高铁,2026-06-18,2026-06-18,updated,1,
2026-06-18 21:29:52,000010,*ST美丽,2026-06-18,2026-06-18,updated,1,
2026-06-18 21:29:52,000002,万科A,2026-06-18,2026-06-18,updated,1,
2026-06-18 21:29:52,000011,深物业A,2026-06-18,2026-06-18,started,0,
2026-06-18 21:29:52,000009,中国宝安,2026-06-18,2026-06-18,updated,1,
2026-06-18 21:29:52,000001,平安银行,2026-06-18,2026-06-18,updated,1,
2026-06-18 21:29:52,000012,南玻A,2026-06-18,2026-06-18,started,0,
2026-06-18 21:29:52,000007,全新好,2026-06-18,2026-06-18,updated,1,
2026-06-18 21:29:52,000014,沙河股份,2026-06-18,2026-06-18,started,0,
2026-06-18 21:29:52,000016,*ST康佳A,2026-06-18,2026-06-18,started,0,
2026-06-18 21:29:52,000017,深中华A,2026-06-18,2026-06-18,started,0,
2026-06-18 21:29:52,000006,深振业A,2026-06-18,2026-06-18,updated,1,
2026-06-18 21:29:52,000019,深粮控股,2026-06-18,2026-06-18,started,0,
2026-06-18 21:29:52,000020,深华发A,2026-06-18,2026-06-18,started,0,
2026-06-18 21:29:52,000004,*ST国华,2026-06-18,2026-06-18,updated,1,
2026-06-18 21:29:52,000021,深科技,2026-06-18,2026-06-18,started,0,
2026-06-18 21:29:52,000011,深物业A,2026-06-18,2026-06-18,updated,1,
2026-06-18 21:29:53,000012,南玻A,2026-06-18,2026-06-18,updated,1,
2026-06-18 21:29:53,000016,*ST康佳A,2026-06-18,2026-06-18,updated,1,
2026-06-18 21:29:53,000025,特力A,2026-06-18,2026-06-18,started,0,
2026-06-18 21:29:53,000014,沙河股份,2026-06-18,2026-06-18,updated,1,
2026-06-18 21:29:53,000026,飞亚达,2026-06-18,2026-06-18,started,0,
2026-06-18 21:29:53,000017,深中华A,2026-06-18,2026-06-18,updated,1,
2026-06-18 21:29:53,000027,深圳能源,2026-06-18,2026-06-18,started,0,
2026-06-18 21:29:53,000028,国药一致,2026-06-18,2026-06-18,started,0,
2026-06-18 21:29:53,000029,深深房A,2026-06-18,2026-06-18,started,0,
2026-06-18 21:29:53,000019,深粮控股,2026-06-18,2026-06-18,updated,1,
2026-06-18 21:29:53,000030,富奥股份,2026-06-18,2026-06-18,started,0,
2026-06-18 21:29:53,000020,深华发A,2026-06-18,2026-06-18,updated,1,
2026-06-18 21:29:53,000031,大悦城,2026-06-18,2026-06-18,started,0,
2026-06-18 21:29:53,000021,深科技,2026-06-18,2026-06-18,updated,1,
2026-06-18 21:29:53,000032,深桑达A,2026-06-18,2026-06-18,started,0,
2026-06-18 21:29:53,000026,飞亚达,2026-06-18,2026-06-18,updated,1,
2026-06-18 21:29:53,000025,特力A,2026-06-18,2026-06-18,updated,1,
2026-06-18 21:29:53,000028,国药一致,2026-06-18,2026-06-18,updated,1,
2026-06-18 21:29:53,000034,神州数码,2026-06-18,2026-06-18,started,0,
2026-06-18 21:29:53,000029,深深房A,2026-06-18,2026-06-18,updated,1,
2026-06-18 21:29:53,000027,深圳能源,2026-06-18,2026-06-18,updated,1,
2026-06-18 21:29:53,000035,中国天楹,2026-06-18,2026-06-18,started,0,
2026-06-18 21:29:53,000036,华联控股,2026-06-18,2026-06-18,started,0,
2026-06-18 21:29:53,000037,深南电A,2026-06-18,2026-06-18,started,0,
2026-06-18 21:29:54,000030,富奥股份,2026-06-18,2026-06-18,updated,1,
2026-06-18 21:29:54,000039,中集集团,2026-06-18,2026-06-18,started,0,
2026-06-18 21:29:54,000031,大悦城,2026-06-18,2026-06-18,updated,1,
2026-06-18 21:29:54,000042,中洲控股,2026-06-18,2026-06-18,started,0,
2026-06-18 21:29:54,000045,深纺织A,2026-06-18,2026-06-18,started,0,
2026-06-18 21:29:54,000032,深桑达A,2026-06-18,2026-06-18,updated,1,
2026-06-18 21:29:54,000048,京基智农,2026-06-18,2026-06-18,started,0,
2026-06-18 21:29:54,000034,神州数码,2026-06-18,2026-06-18,updated,1,
2026-06-18 21:29:54,000037,深南电A,2026-06-18,2026-06-18,updated,1,
2026-06-18 21:29:54,000049,德赛电池,2026-06-18,2026-06-18,started,0,
2026-06-18 21:29:54,000035,中国天楹,2026-06-18,2026-06-18,updated,1,
2026-06-18 21:29:54,000050,深天马A,2026-06-18,2026-06-18,started,0,
2026-06-18 21:29:54,000036,华联控股,2026-06-18,2026-06-18,updated,1,
2026-06-18 21:29:54,000055,方大集团,2026-06-18,2026-06-18,started,0,
2026-06-18 21:29:54,000039,中集集团,2026-06-18,2026-06-18,updated,1,
2026-06-18 21:29:54,000056,*ST皇庭,2026-06-18,2026-06-18,started,0,
2026-06-18 21:29:54,000042,中洲控股,2026-06-18,2026-06-18,updated,1,
2026-06-18 21:29:54,000058,深赛格,2026-06-18,2026-06-18,started,0,
2026-06-18 21:29:54,000045,深纺织A,2026-06-18,2026-06-18,updated,1,
2026-06-18 21:29:54,000059,华锦股份,2026-06-18,2026-06-18,started,0,
2026-06-18 21:29:55,000048,京基智农,2026-06-18,2026-06-18,updated,1,
2026-06-18 21:29:55,000060,中金岭南,2026-06-18,2026-06-18,started,0,
2026-06-18 21:29:55,000049,德赛电池,2026-06-18,2026-06-18,updated,1,
2026-06-18 21:29:55,000061,农产品,2026-06-18,2026-06-18,started,0,
2026-06-18 21:29:55,000062,深圳华强,2026-06-18,2026-06-18,started,0,
2026-06-18 21:29:55,000050,深天马A,2026-06-18,2026-06-18,updated,1,
2026-06-18 21:29:55,000055,方大集团,2026-06-18,2026-06-18,updated,1,
2026-06-18 21:29:55,000063,中兴通讯,2026-06-18,2026-06-18,started,0,
2026-06-18 21:29:55,000056,*ST皇庭,2026-06-18,2026-06-18,updated,1,
2026-06-18 21:29:55,000065,北方国际,2026-06-18,2026-06-18,started,0,
2026-06-18 21:29:55,000058,深赛格,2026-06-18,2026-06-18,updated,1,
2026-06-18 21:29:55,000066,中国长城,2026-06-18,2026-06-18,started,0,
2026-06-18 21:29:55,000059,华锦股份,2026-06-18,2026-06-18,updated,1,
2026-06-18 21:29:55,000068,华控赛格,2026-06-18,2026-06-18,started,0,
2026-06-18 21:29:55,000060,中金岭南,2026-06-18,2026-06-18,updated,1,
2026-06-18 21:29:55,000069,华侨城A,2026-06-18,2026-06-18,started,0,
2026-06-18 21:29:55,000061,农产品,2026-06-18,2026-06-18,updated,1,
2026-06-18 21:29:55,000070,特发信息,2026-06-18,2026-06-18,started,0,
2026-06-18 21:29:55,000078,ST海王,2026-06-18,2026-06-18,started,0,
2026-06-18 21:29:55,000062,深圳华强,2026-06-18,2026-06-18,updated,1,
2026-06-18 21:29:56,000088,盐田港,2026-06-18,2026-06-18,started,0,
2026-06-18 21:29:56,000065,北方国际,2026-06-18,2026-06-18,updated,1,
2026-06-18 21:29:56,000063,中兴通讯,2026-06-18,2026-06-18,updated,1,
2026-06-18 21:29:56,000066,中国长城,2026-06-18,2026-06-18,updated,1,
2026-06-18 21:29:56,000089,深圳机场,2026-06-18,2026-06-18,started,0,
2026-06-18 21:29:56,000090,天健集团,2026-06-18,2026-06-18,started,0,
2026-06-18 21:29:56,000068,华控赛格,2026-06-18,2026-06-18,updated,1,
2026-06-18 21:29:56,000096,广聚能源,2026-06-18,2026-06-18,started,0,
2026-06-18 21:29:56,000069,华侨城A,2026-06-18,2026-06-18,updated,1,
2026-06-18 21:29:56,000099,中信海直,2026-06-18,2026-06-18,started,0,
2026-06-18 21:29:56,000070,特发信息,2026-06-18,2026-06-18,updated,1,
2026-06-18 21:29:56,000100,TCL科技,2026-06-18,2026-06-18,started,0,
2026-06-18 21:29:56,000078,ST海王,2026-06-18,2026-06-18,updated,1,
2026-06-18 21:29:56,000151,中成股份,2026-06-18,2026-06-18,started,0,
2026-06-18 21:29:56,000153,丰原药业,2026-06-18,2026-06-18,started,0,
2026-06-18 21:29:56,000088,盐田港,2026-06-18,2026-06-18,updated,1,
2026-06-18 21:29:56,000155,川能动力,2026-06-18,2026-06-18,started,0,
2026-06-18 21:29:56,000090,天健集团,2026-06-18,2026-06-18,updated,1,
2026-06-18 21:29:56,000089,深圳机场,2026-06-18,2026-06-18,updated,1,
2026-06-18 21:29:57,000156,华数传媒,2026-06-18,2026-06-18,started,0,
2026-06-18 21:29:57,000096,广聚能源,2026-06-18,2026-06-18,updated,1,
2026-06-18 21:29:57,000157,中联重科,2026-06-18,2026-06-18,started,0,
2026-06-18 21:29:57,000099,中信海直,2026-06-18,2026-06-18,updated,1,
2026-06-18 21:29:57,000100,TCL科技,2026-06-18,2026-06-18,updated,1,
2026-06-18 21:29:57,000158,常山北明,2026-06-18,2026-06-18,started,0,
2026-06-18 21:29:57,000159,国际实业,2026-06-18,2026-06-18,started,0,
2026-06-18 21:29:57,000166,申万宏源,2026-06-18,2026-06-18,started,0,
2026-06-18 21:29:57,000153,丰原药业,2026-06-18,2026-06-18,updated,1,
2026-06-18 21:29:57,000301,东方盛虹,2026-06-18,2026-06-18,started,0,
2026-06-18 21:29:57,000151,中成股份,2026-06-18,2026-06-18,updated,1,
2026-06-18 21:29:57,000333,美的集团,2026-06-18,2026-06-18,started,0,
2026-06-18 21:29:57,000155,川能动力,2026-06-18,2026-06-18,updated,1,
2026-06-18 21:29:57,000338,潍柴动力,2026-06-18,2026-06-18,started,0,
2026-06-18 21:29:57,000156,华数传媒,2026-06-18,2026-06-18,updated,1,
2026-06-18 21:29:57,000400,许继电气,2026-06-18,2026-06-18,started,0,
2026-06-18 21:29:57,000157,中联重科,2026-06-18,2026-06-18,updated,1,
2026-06-18 21:29:57,000166,申万宏源,2026-06-18,2026-06-18,updated,1,
2026-06-18 21:29:57,000401,金隅冀东,2026-06-18,2026-06-18,started,0,
2026-06-18 21:29:57,000158,常山北明,2026-06-18,2026-06-18,updated,1,
2026-06-18 21:29:57,000402,金融街,2026-06-18,2026-06-18,started,0,
2026-06-18 21:29:57,000159,国际实业,2026-06-18,2026-06-18,updated,1,
2026-06-18 21:29:57,000403,派林生物,2026-06-18,2026-06-18,started,0,
2026-06-18 21:29:57,000333,美的集团,2026-06-18,2026-06-18,updated,1,
2026-06-18 21:29:58,000404,长虹华意,2026-06-18,2026-06-18,started,0,
2026-06-18 21:29:58,000407,胜利股份,2026-06-18,2026-06-18,started,0,
2026-06-18 21:29:58,000301,东方盛虹,2026-06-18,2026-06-18,updated,1,
2026-06-18 21:29:58,000338,潍柴动力,2026-06-18,2026-06-18,updated,1,
2026-06-18 21:29:58,000408,藏格矿业,2026-06-18,2026-06-18,started,0,
2026-06-18 21:29:58,000409,云鼎科技,2026-06-18,2026-06-18,started,0,
2026-06-18 21:29:58,000400,许继电气,2026-06-18,2026-06-18,updated,1,
2026-06-18 21:29:58,000401,金隅冀东,2026-06-18,2026-06-18,updated,1,
2026-06-18 21:29:58,000410,沈阳机床,2026-06-18,2026-06-18,started,0,
2026-06-18 21:29:58,000402,金融街,2026-06-18,2026-06-18,updated,1,
2026-06-18 21:29:58,000411,英特集团,2026-06-18,2026-06-18,started,0,
2026-06-18 21:29:58,000403,派林生物,2026-06-18,2026-06-18,updated,1,
2026-06-18 21:29:58,000415,渤海租赁,2026-06-18,2026-06-18,started,0,
2026-06-18 21:29:58,000417,合百集团,2026-06-18,2026-06-18,started,0,
2026-06-18 21:29:58,000404,长虹华意,2026-06-18,2026-06-18,updated,1,
2026-06-18 21:29:58,000419,通程控股,2026-06-18,2026-06-18,started,0,
2026-06-18 21:29:58,000407,胜利股份,2026-06-18,2026-06-18,updated,1,
2026-06-18 21:29:58,000408,藏格矿业,2026-06-18,2026-06-18,updated,1,
2026-06-18 21:29:58,000420,吉林化纤,2026-06-18,2026-06-18,started,0,
2026-06-18 21:29:58,000421,南京公用,2026-06-18,2026-06-18,started,0,
2026-06-18 21:29:58,000409,云鼎科技,2026-06-18,2026-06-18,updated,1,
2026-06-18 21:29:59,000422,湖北宜化,2026-06-18,2026-06-18,started,0,
2026-06-18 21:29:59,000411,英特集团,2026-06-18,2026-06-18,updated,1,
2026-06-18 21:29:59,000410,沈阳机床,2026-06-18,2026-06-18,updated,1,
2026-06-18 21:29:59,000423,东阿阿胶,2026-06-18,2026-06-18,started,0,
2026-06-18 21:29:59,000415,渤海租赁,2026-06-18,2026-06-18,updated,1,
2026-06-18 21:29:59,000425,徐工机械,2026-06-18,2026-06-18,started,0,
2026-06-18 21:29:59,000426,兴业银锡,2026-06-18,2026-06-18,started,0,
2026-06-18 21:29:59,000417,合百集团,2026-06-18,2026-06-18,updated,1,
2026-06-18 21:29:59,000419,通程控股,2026-06-18,2026-06-18,updated,1,
2026-06-18 21:29:59,000428,华天酒店,2026-06-18,2026-06-18,started,0,
2026-06-18 21:29:59,000429,粤高速A,2026-06-18,2026-06-18,started,0,
2026-06-18 21:29:59,000420,吉林化纤,2026-06-18,2026-06-18,updated,1,
2026-06-18 21:29:59,000430,张家界,2026-06-18,2026-06-18,started,0,
2026-06-18 21:29:59,000421,南京公用,2026-06-18,2026-06-18,updated,1,
2026-06-18 21:29:59,000422,湖北宜化,2026-06-18,2026-06-18,updated,1,
2026-06-18 21:29:59,000488,ST晨鸣,2026-06-18,2026-06-18,started,0,
2026-06-18 21:29:59,000498,山东路桥,2026-06-18,2026-06-18,started,0,
2026-06-18 21:29:59,000423,东阿阿胶,2026-06-18,2026-06-18,updated,1,
2026-06-18 21:30:00,000425,徐工机械,2026-06-18,2026-06-18,updated,1,
2026-06-18 21:30:00,000501,武商集团,2026-06-18,2026-06-18,started,0,
2026-06-18 21:30:00,000426,兴业银锡,2026-06-18,2026-06-18,updated,1,
2026-06-18 21:30:00,000503,国新健康,2026-06-18,2026-06-18,started,0,
2026-06-18 21:30:00,000429,粤高速A,2026-06-18,2026-06-18,updated,1,
2026-06-18 21:30:00,000504,*ST生物,2026-06-18,2026-06-18,started,0,
2026-06-18 21:30:00,000505,京粮控股,2026-06-18,2026-06-18,started,0,
2026-06-18 21:30:00,000428,华天酒店,2026-06-18,2026-06-18,updated,1,
2026-06-18 21:30:00,000430,张家界,2026-06-18,2026-06-18,updated,1,
2026-06-18 21:30:00,000506,招金黄金,2026-06-18,2026-06-18,started,0,
2026-06-18 21:30:00,000488,ST晨鸣,2026-06-18,2026-06-18,updated,1,
2026-06-18 21:30:00,000507,珠海港,2026-06-18,2026-06-18,started,0,
2026-06-18 21:30:00,000498,山东路桥,2026-06-18,2026-06-18,updated,1,
2026-06-18 21:30:00,000509,华塑控股,2026-06-18,2026-06-18,started,0,
2026-06-18 21:30:00,000510,新金路,2026-06-18,2026-06-18,started,0,
2026-06-18 21:30:00,000501,武商集团,2026-06-18,2026-06-18,updated,1,
2026-06-18 21:30:00,000503,国新健康,2026-06-18,2026-06-18,updated,1,
2026-06-18 21:30:00,000513,丽珠集团,2026-06-18,2026-06-18,started,0,
2026-06-18 21:30:00,000514,渝开发,2026-06-18,2026-06-18,started,0,
2026-06-18 21:30:00,000504,*ST生物,2026-06-18,2026-06-18,updated,1,
2026-06-18 21:30:01,000505,京粮控股,2026-06-18,2026-06-18,updated,1,
2026-06-18 21:30:01,000516,国际医学,2026-06-18,2026-06-18,started,0,
2026-06-18 21:30:01,000517,荣安地产,2026-06-18,2026-06-18,started,0,
2026-06-18 21:30:01,000506,招金黄金,2026-06-18,2026-06-18,updated,1,
2026-06-18 21:30:01,000507,珠海港,2026-06-18,2026-06-18,updated,1,
2026-06-18 21:30:01,000518,四环生物,2026-06-18,2026-06-18,started,0,
2026-06-18 21:30:01,000519,中兵红箭,2026-06-18,2026-06-18,started,0,
2026-06-18 21:30:01,000509,华塑控股,2026-06-18,2026-06-18,updated,1,
2026-06-18 21:30:01,000510,新金路,2026-06-18,2026-06-18,updated,1,
2026-06-18 21:30:01,000520,凤凰航运,2026-06-18,2026-06-18,started,0,
2026-06-18 21:30:01,000521,长虹美菱,2026-06-18,2026-06-18,started,0,
2026-06-18 21:30:01,000513,丽珠集团,2026-06-18,2026-06-18,updated,1,
2026-06-18 21:30:01,000514,渝开发,2026-06-18,2026-06-18,updated,1,
2026-06-18 21:30:01,000523,红棉股份,2026-06-18,2026-06-18,started,0,
2026-06-18 21:30:01,000516,国际医学,2026-06-18,2026-06-18,updated,1,
2026-06-18 21:30:01,000524,岭南控股,2026-06-18,2026-06-18,started,0,
2026-06-18 21:30:01,000525,红太阳,2026-06-18,2026-06-18,started,0,
2026-06-18 21:30:01,000517,荣安地产,2026-06-18,2026-06-18,updated,1,
2026-06-18 21:30:01,000518,四环生物,2026-06-18,2026-06-18,updated,1,
2026-06-18 21:30:01,000526,学大教育,2026-06-18,2026-06-18,started,0,
2026-06-18 21:30:02,000519,中兵红箭,2026-06-18,2026-06-18,updated,1,
2026-06-18 21:30:02,000528,柳工,2026-06-18,2026-06-18,started,0,
2026-06-18 21:30:02,000520,凤凰航运,2026-06-18,2026-06-18,updated,1,
2026-06-18 21:30:02,000529,广弘控股,2026-06-18,2026-06-18,started,0,
2026-06-18 21:30:02,000521,长虹美菱,2026-06-18,2026-06-18,updated,1,
2026-06-18 21:30:02,000530,冰山冷热,2026-06-18,2026-06-18,started,0,
2026-06-18 21:30:02,000523,红棉股份,2026-06-18,2026-06-18,updated,1,
2026-06-18 21:30:02,000531,穗恒运A,2026-06-18,2026-06-18,started,0,
2026-06-18 21:30:02,000532,华金资本,2026-06-18,2026-06-18,started,0,
2026-06-18 21:30:02,000524,岭南控股,2026-06-18,2026-06-18,updated,1,
2026-06-18 21:30:02,000525,红太阳,2026-06-18,2026-06-18,updated,1,
2026-06-18 21:30:02,000533,顺钠股份,2026-06-18,2026-06-18,started,0,
2026-06-18 21:30:02,000534,万泽股份,2026-06-18,2026-06-18,started,0,
2026-06-18 21:30:02,000526,学大教育,2026-06-18,2026-06-18,updated,1,
2026-06-18 21:30:02,000536,华映科技,2026-06-18,2026-06-18,started,0,
2026-06-18 21:30:02,000528,柳工,2026-06-18,2026-06-18,updated,1,
2026-06-18 21:30:02,000529,广弘控股,2026-06-18,2026-06-18,updated,1,
2026-06-18 21:30:02,000537,绿发电力,2026-06-18,2026-06-18,started,0,
2026-06-18 21:30:02,000530,冰山冷热,2026-06-18,2026-06-18,updated,1,
2026-06-18 21:30:02,000538,云南白药,2026-06-18,2026-06-18,started,0,
2026-06-18 21:30:03,000539,粤电力A,2026-06-18,2026-06-18,started,0,
2026-06-18 21:30:03,000531,穗恒运A,2026-06-18,2026-06-18,updated,1,
2026-06-18 21:30:03,000532,华金资本,2026-06-18,2026-06-18,updated,1,
2026-06-18 21:30:03,000541,佛山照明,2026-06-18,2026-06-18,started,0,
2026-06-18 21:30:03,000543,皖能电力,2026-06-18,2026-06-18,started,0,
2026-06-18 21:30:03,000533,顺钠股份,2026-06-18,2026-06-18,updated,1,
2026-06-18 21:30:03,000534,万泽股份,2026-06-18,2026-06-18,updated,1,
2026-06-18 21:30:03,000544,中原环保,2026-06-18,2026-06-18,started,0,
2026-06-18 21:30:03,000536,华映科技,2026-06-18,2026-06-18,updated,1,
2026-06-18 21:30:03,000545,金浦钛业,2026-06-18,2026-06-18,started,0,
2026-06-18 21:30:03,000537,绿发电力,2026-06-18,2026-06-18,updated,1,
2026-06-18 21:30:03,000546,金圆股份,2026-06-18,2026-06-18,started,0,
2026-06-18 21:30:03,000538,云南白药,2026-06-18,2026-06-18,updated,1,
2026-06-18 21:30:03,000547,航天发展,2026-06-18,2026-06-18,started,0,
2026-06-18 21:30:03,000548,湖南投资,2026-06-18,2026-06-18,started,0,
2026-06-18 21:30:03,000539,粤电力A,2026-06-18,2026-06-18,updated,1,
2026-06-18 21:30:03,000541,佛山照明,2026-06-18,2026-06-18,updated,1,
2026-06-18 21:30:03,000550,江铃汽车,2026-06-18,2026-06-18,started,0,
2026-06-18 21:30:03,000543,皖能电力,2026-06-18,2026-06-18,updated,1,
2026-06-18 21:30:04,000551,创元科技,2026-06-18,2026-06-18,started,0,
2026-06-18 21:30:04,000544,中原环保,2026-06-18,2026-06-18,updated,1,
2026-06-18 21:30:04,000552,甘肃能化,2026-06-18,2026-06-18,started,0,
2026-06-18 21:30:04,000553,安道麦A,2026-06-18,2026-06-18,started,0,
2026-06-18 21:30:04,000545,金浦钛业,2026-06-18,2026-06-18,updated,1,
2026-06-18 21:30:04,000554,泰山石油,2026-06-18,2026-06-18,started,0,
2026-06-18 21:30:04,000546,金圆股份,2026-06-18,2026-06-18,updated,1,
2026-06-18 21:30:04,000555,神州信息,2026-06-18,2026-06-18,started,0,
2026-06-18 21:30:04,000547,航天发展,2026-06-18,2026-06-18,updated,1,
2026-06-18 21:30:04,000557,西部创业,2026-06-18,2026-06-18,started,0,
2026-06-18 21:30:04,000548,湖南投资,2026-06-18,2026-06-18,updated,1,
2026-06-18 21:30:04,000550,江铃汽车,2026-06-18,2026-06-18,updated,1,
2026-06-18 21:30:04,000558,天府文旅,2026-06-18,2026-06-18,started,0,
2026-06-18 21:30:04,000551,创元科技,2026-06-18,2026-06-18,updated,1,
2026-06-18 21:30:04,000559,万向钱潮,2026-06-18,2026-06-18,started,0,
2026-06-18 21:30:04,000552,甘肃能化,2026-06-18,2026-06-18,updated,1,
2026-06-18 21:30:04,000560,我爱我家,2026-06-18,2026-06-18,started,0,
2026-06-18 21:30:04,000553,安道麦A,2026-06-18,2026-06-18,updated,1,
2026-06-18 21:30:04,000561,烽火电子,2026-06-18,2026-06-18,started,0,
2026-06-18 21:30:04,000563,陕国投A,2026-06-18,2026-06-18,started,0,
2026-06-18 21:30:04,000554,泰山石油,2026-06-18,2026-06-18,updated,1,
2026-06-18 21:30:05,000564,供销大集,2026-06-18,2026-06-18,started,0,
2026-06-18 21:30:05,000555,神州信息,2026-06-18,2026-06-18,updated,1,
2026-06-18 21:30:05,000557,西部创业,2026-06-18,2026-06-18,updated,1,
2026-06-18 21:30:05,000565,渝三峡A,2026-06-18,2026-06-18,started,0,
2026-06-18 21:30:05,000566,海南海药,2026-06-18,2026-06-18,started,0,
2026-06-18 21:30:05,000558,天府文旅,2026-06-18,2026-06-18,updated,1,
2026-06-18 21:30:05,000567,海德股份,2026-06-18,2026-06-18,started,0,
2026-06-18 21:30:05,000559,万向钱潮,2026-06-18,2026-06-18,updated,1,
2026-06-18 21:30:05,000560,我爱我家,2026-06-18,2026-06-18,updated,1,
2026-06-18 21:30:05,000561,烽火电子,2026-06-18,2026-06-18,updated,1,
2026-06-18 21:30:05,000568,泸州老窖,2026-06-18,2026-06-18,started,0,
2026-06-18 21:30:05,000570,苏常柴A,2026-06-18,2026-06-18,started,0,
2026-06-18 21:30:05,000571,新大洲A,2026-06-18,2026-06-18,started,0,
2026-06-18 21:30:05,000563,陕国投A,2026-06-18,2026-06-18,updated,1,
2026-06-18 21:30:05,000564,供销大集,2026-06-18,2026-06-18,updated,1,
2026-06-18 21:30:05,000572,海马汽车,2026-06-18,2026-06-18,started,0,
2026-06-18 21:30:05,000573,粤宏远A,2026-06-18,2026-06-18,started,0,
2026-06-18 21:30:05,000565,渝三峡A,2026-06-18,2026-06-18,updated,1,
2026-06-18 21:30:06,000566,海南海药,2026-06-18,2026-06-18,updated,1,
2026-06-18 21:30:06,000576,甘化科工,2026-06-18,2026-06-18,started,0,
2026-06-18 21:30:06,000567,海德股份,2026-06-18,2026-06-18,updated,1,
2026-06-18 21:30:06,000581,威孚高科,2026-06-18,2026-06-18,started,0,
2026-06-18 21:30:06,000568,泸州老窖,2026-06-18,2026-06-18,updated,1,
2026-06-18 21:30:06,000582,北部湾港,2026-06-18,2026-06-18,started,0,
2026-06-18 21:30:06,000571,新大洲A,2026-06-18,2026-06-18,updated,1,
2026-06-18 21:30:06,000570,苏常柴A,2026-06-18,2026-06-18,updated,1,
2026-06-18 21:30:06,000586,汇源通信,2026-06-18,2026-06-18,started,0,
2026-06-18 21:30:06,000589,贵州轮胎,2026-06-18,2026-06-18,started,0,
2026-06-18 21:30:06,000572,海马汽车,2026-06-18,2026-06-18,updated,1,
2026-06-18 21:30:06,000590,古汉医药,2026-06-18,2026-06-18,started,0,
2026-06-18 21:30:06,000591,太阳能,2026-06-18,2026-06-18,started,0,
2026-06-18 21:30:06,000573,粤宏远A,2026-06-18,2026-06-18,updated,1,
2026-06-18 21:30:06,000592,平潭发展,2026-06-18,2026-06-18,started,0,
2026-06-18 21:30:06,000576,甘化科工,2026-06-18,2026-06-18,updated,1,
2026-06-18 21:30:06,000593,德龙汇能,2026-06-18,2026-06-18,started,0,
2026-06-18 21:30:06,000581,威孚高科,2026-06-18,2026-06-18,updated,1,
2026-06-18 21:30:06,000595,*ST宝实,2026-06-18,2026-06-18,started,0,
2026-06-18 21:30:06,000582,北部湾港,2026-06-18,2026-06-18,updated,1,
2026-06-18 21:30:07,000589,贵州轮胎,2026-06-18,2026-06-18,updated,1,
2026-06-18 21:30:07,000596,古井贡酒,2026-06-18,2026-06-18,started,0,
2026-06-18 21:30:07,000586,汇源通信,2026-06-18,2026-06-18,updated,1,
2026-06-18 21:30:07,000597,东北制药,2026-06-18,2026-06-18,started,0,
2026-06-18 21:30:07,000591,太阳能,2026-06-18,2026-06-18,updated,1,
2026-06-18 21:30:07,000598,兴蓉环境,2026-06-18,2026-06-18,started,0,
2026-06-18 21:30:07,000599,青岛双星,2026-06-18,2026-06-18,started,0,
2026-06-18 21:30:07,000590,古汉医药,2026-06-18,2026-06-18,updated,1,
2026-06-18 21:30:07,000600,建投能源,2026-06-18,2026-06-18,started,0,
2026-06-18 21:30:07,000592,平潭发展,2026-06-18,2026-06-18,updated,1,
2026-06-18 21:30:07,000593,德龙汇能,2026-06-18,2026-06-18,updated,1,
2026-06-18 21:30:07,000601,韶能股份,2026-06-18,2026-06-18,started,0,
2026-06-18 21:30:07,000603,盛达资源,2026-06-18,2026-06-18,started,0,
2026-06-18 21:30:07,000595,*ST宝实,2026-06-18,2026-06-18,updated,1,
2026-06-18 21:30:07,000596,古井贡酒,2026-06-18,2026-06-18,updated,1,
2026-06-18 21:30:07,000605,渤海股份,2026-06-18,2026-06-18,started,0,
2026-06-18 21:30:07,000597,东北制药,2026-06-18,2026-06-18,updated,1,
2026-06-18 21:30:07,000607,华媒控股,2026-06-18,2026-06-18,started,0,
2026-06-18 21:30:07,000599,青岛双星,2026-06-18,2026-06-18,updated,1,
2026-06-18 21:30:07,000608,阳光股份,2026-06-18,2026-06-18,started,0,
2026-06-18 21:30:07,000598,兴蓉环境,2026-06-18,2026-06-18,updated,1,
2026-06-18 21:30:08,000609,*ST中迪,2026-06-18,2026-06-18,started,0,
2026-06-18 21:30:08,000610,*ST西旅,2026-06-18,2026-06-18,started,0,
2026-06-18 21:30:08,000600,建投能源,2026-06-18,2026-06-18,updated,1,
2026-06-18 21:30:08,000612,焦作万方,2026-06-18,2026-06-18,started,0,
2026-06-18 21:30:08,000603,盛达资源,2026-06-18,2026-06-18,updated,1,
2026-06-18 21:30:08,000615,*ST美谷,2026-06-18,2026-06-18,started,0,
2026-06-18 21:30:08,000601,韶能股份,2026-06-18,2026-06-18,updated,1,
2026-06-18 21:30:08,000605,渤海股份,2026-06-18,2026-06-18,updated,1,
2026-06-18 21:30:08,000617,中油资本,2026-06-18,2026-06-18,started,0,
2026-06-18 21:30:08,000607,华媒控股,2026-06-18,2026-06-18,updated,1,
2026-06-18 21:30:08,000619,海螺新材,2026-06-18,2026-06-18,started,0,
2026-06-18 21:30:08,000620,盈新发展,2026-06-18,2026-06-18,started,0,
2026-06-18 21:30:08,000608,阳光股份,2026-06-18,2026-06-18,updated,1,
2026-06-18 21:30:08,000609,*ST中迪,2026-06-18,2026-06-18,updated,1,
2026-06-18 21:30:08,000623,吉林敖东,2026-06-18,2026-06-18,started,0,
2026-06-18 21:30:08,000625,长安汽车,2026-06-18,2026-06-18,started,0,
2026-06-18 21:30:08,000610,*ST西旅,2026-06-18,2026-06-18,updated,1,
2026-06-18 21:30:08,000626,远大控股,2026-06-18,2026-06-18,started,0,
2026-06-18 21:30:08,000612,焦作万方,2026-06-18,2026-06-18,updated,1,
2026-06-18 21:30:09,000615,*ST美谷,2026-06-18,2026-06-18,updated,1,
2026-06-18 21:30:09,000628,高新发展,2026-06-18,2026-06-18,started,0,
2026-06-18 21:30:09,000617,中油资本,2026-06-18,2026-06-18,updated,1,
2026-06-18 21:30:09,000629,钒钛股份,2026-06-18,2026-06-18,started,0,
2026-06-18 21:30:09,000630,铜陵有色,2026-06-18,2026-06-18,started,0,
2026-06-18 21:30:09,000619,海螺新材,2026-06-18,2026-06-18,updated,1,
2026-06-18 21:30:09,000620,盈新发展,2026-06-18,2026-06-18,updated,1,
2026-06-18 21:30:09,000631,顺发恒能,2026-06-18,2026-06-18,started,0,
2026-06-18 21:30:09,000625,长安汽车,2026-06-18,2026-06-18,updated,1,
2026-06-18 21:30:09,000632,ST三木,2026-06-18,2026-06-18,started,0,
2026-06-18 21:30:09,000623,吉林敖东,2026-06-18,2026-06-18,updated,1,
2026-06-18 21:30:09,000633,合金投资,2026-06-18,2026-06-18,started,0,
2026-06-18 21:30:09,000626,远大控股,2026-06-18,2026-06-18,updated,1,
2026-06-18 21:30:09,000635,英力特,2026-06-18,2026-06-18,started,0,
2026-06-18 21:30:09,000628,高新发展,2026-06-18,2026-06-18,updated,1,
2026-06-18 21:30:09,000636,风华高科,2026-06-18,2026-06-18,started,0,
2026-06-18 21:30:09,000637,茂化实华,2026-06-18,2026-06-18,started,0,
2026-06-18 21:30:09,000629,钒钛股份,2026-06-18,2026-06-18,updated,1,
2026-06-18 21:30:09,000639,ST西王,2026-06-18,2026-06-18,started,0,
2026-06-18 21:30:09,000630,铜陵有色,2026-06-18,2026-06-18,updated,1,
2026-06-18 21:30:09,000632,ST三木,2026-06-18,2026-06-18,updated,1,
2026-06-18 21:30:10,000650,仁和药业,2026-06-18,2026-06-18,started,0,
2026-06-18 21:30:10,000631,顺发恒能,2026-06-18,2026-06-18,updated,1,
2026-06-18 21:30:10,000651,格力电器,2026-06-18,2026-06-18,started,0,
2026-06-18 21:30:10,000633,合金投资,2026-06-18,2026-06-18,updated,1,
2026-06-18 21:30:10,000652,泰达股份,2026-06-18,2026-06-18,started,0,
2026-06-18 21:30:10,000635,英力特,2026-06-18,2026-06-18,updated,1,
2026-06-18 21:30:10,000655,金岭矿业,2026-06-18,2026-06-18,started,0,
2026-06-18 21:30:10,000636,风华高科,2026-06-18,2026-06-18,updated,1,
2026-06-18 21:30:10,000656,*ST金科,2026-06-18,2026-06-18,started,0,
2026-06-18 21:30:10,000657,中钨高新,2026-06-18,2026-06-18,started,0,
2026-06-18 21:30:10,000637,茂化实华,2026-06-18,2026-06-18,updated,1,
2026-06-18 21:30:10,000639,ST西王,2026-06-18,2026-06-18,updated,1,
2026-06-18 21:30:10,000659,珠海中富,2026-06-18,2026-06-18,started,0,
2026-06-18 21:30:10,000661,长春高新,2026-06-18,2026-06-18,started,0,
2026-06-18 21:30:10,000650,仁和药业,2026-06-18,2026-06-18,updated,1,
2026-06-18 21:30:10,000663,永安林业,2026-06-18,2026-06-18,started,0,
2026-06-18 21:30:10,000651,格力电器,2026-06-18,2026-06-18,updated,1,
2026-06-18 21:30:10,000655,金岭矿业,2026-06-18,2026-06-18,updated,1,
2026-06-18 21:30:10,000665,湖北广电,2026-06-18,2026-06-18,started,0,
2026-06-18 21:30:10,000652,泰达股份,2026-06-18,2026-06-18,updated,1,
2026-06-18 21:30:10,000668,荣丰控股,2026-06-18,2026-06-18,started,0,
2026-06-18 21:30:11,000656,*ST金科,2026-06-18,2026-06-18,updated,1,
2026-06-18 21:30:11,000669,ST金鸿,2026-06-18,2026-06-18,started,0,
2026-06-18 21:30:11,000657,中钨高新,2026-06-18,2026-06-18,updated,1,
2026-06-18 21:30:11,000670,盈方微,2026-06-18,2026-06-18,started,0,
2026-06-18 21:30:11,000659,珠海中富,2026-06-18,2026-06-18,updated,1,
2026-06-18 21:30:11,000672,上峰材料,2026-06-18,2026-06-18,started,0,
2026-06-18 21:30:11,000661,长春高新,2026-06-18,2026-06-18,updated,1,
2026-06-18 21:30:11,000676,智度股份,2026-06-18,2026-06-18,started,0,
2026-06-18 21:30:11,000677,ST海龙,2026-06-18,2026-06-18,started,0,
2026-06-18 21:30:11,000663,永安林业,2026-06-18,2026-06-18,updated,1,
2026-06-18 21:30:11,000678,襄阳轴承,2026-06-18,2026-06-18,started,0,
2026-06-18 21:30:11,000665,湖北广电,2026-06-18,2026-06-18,updated,1,
2026-06-18 21:30:11,000668,荣丰控股,2026-06-18,2026-06-18,updated,1,
2026-06-18 21:30:11,000679,大连友谊,2026-06-18,2026-06-18,started,0,
2026-06-18 21:30:11,000680,山推股份,2026-06-18,2026-06-18,started,0,
2026-06-18 21:30:11,000669,ST金鸿,2026-06-18,2026-06-18,updated,1,
2026-06-18 21:30:11,000670,盈方微,2026-06-18,2026-06-18,updated,1,
2026-06-18 21:30:11,000681,视觉中国,2026-06-18,2026-06-18,started,0,
2026-06-18 21:30:11,000682,东方电子,2026-06-18,2026-06-18,started,0,
2026-06-18 21:30:11,000672,上峰材料,2026-06-18,2026-06-18,updated,1,
2026-06-18 21:30:12,000683,博源化工,2026-06-18,2026-06-18,started,0,
2026-06-18 21:30:12,000676,智度股份,2026-06-18,2026-06-18,updated,1,
2026-06-18 21:30:12,000685,中山公用,2026-06-18,2026-06-18,started,0,
2026-06-18 21:30:12,000677,ST海龙,2026-06-18,2026-06-18,updated,1,
2026-06-18 21:30:12,000678,襄阳轴承,2026-06-18,2026-06-18,updated,1,
2026-06-18 21:30:12,000686,东北证券,2026-06-18,2026-06-18,started,0,
2026-06-18 21:30:12,000688,国城矿业,2026-06-18,2026-06-18,started,0,
2026-06-18 21:30:12,000680,山推股份,2026-06-18,2026-06-18,updated,1,
2026-06-18 21:30:12,000679,大连友谊,2026-06-18,2026-06-18,updated,1,
2026-06-18 21:30:12,000690,宝新能源,2026-06-18,2026-06-18,started,0,
2026-06-18 21:30:12,000681,视觉中国,2026-06-18,2026-06-18,updated,1,
2026-06-18 21:30:12,000691,亚太实业,2026-06-18,2026-06-18,started,0,
2026-06-18 21:30:12,000692,惠天热电,2026-06-18,2026-06-18,started,0,
2026-06-18 21:30:12,000682,东方电子,2026-06-18,2026-06-18,updated,1,
2026-06-18 21:30:12,000683,博源化工,2026-06-18,2026-06-18,updated,1,
2026-06-18 21:30:12,000695,滨海能源,2026-06-18,2026-06-18,started,0,
2026-06-18 21:30:12,000685,中山公用,2026-06-18,2026-06-18,updated,1,
2026-06-18 21:30:12,000697,炼石航空,2026-06-18,2026-06-18,started,0,
2026-06-18 21:30:12,000686,东北证券,2026-06-18,2026-06-18,updated,1,
2026-06-18 21:30:12,000698,ST沈化,2026-06-18,2026-06-18,started,0,
2026-06-18 21:30:13,000700,模塑科技,2026-06-18,2026-06-18,started,0,
2026-06-18 21:30:13,000688,国城矿业,2026-06-18,2026-06-18,updated,1,
2026-06-18 21:30:13,000690,宝新能源,2026-06-18,2026-06-18,updated,1,
2026-06-18 21:30:13,000701,厦门信达,2026-06-18,2026-06-18,started,0,
2026-06-18 21:30:13,000691,亚太实业,2026-06-18,2026-06-18,updated,1,
2026-06-18 21:30:13,000702,正虹科技,2026-06-18,2026-06-18,started,0,
2026-06-18 21:30:13,000703,恒逸石化,2026-06-18,2026-06-18,started,0,
2026-06-18 21:30:13,000692,惠天热电,2026-06-18,2026-06-18,updated,1,
2026-06-18 21:30:13,000695,滨海能源,2026-06-18,2026-06-18,updated,1,
2026-06-18 21:30:13,000705,浙江震元,2026-06-18,2026-06-18,started,0,
2026-06-18 21:30:13,000707,双环科技,2026-06-18,2026-06-18,started,0,
2026-06-18 21:30:13,000697,炼石航空,2026-06-18,2026-06-18,updated,1,
2026-06-18 21:30:13,000698,ST沈化,2026-06-18,2026-06-18,updated,1,
2026-06-18 21:30:13,000708,中信特钢,2026-06-18,2026-06-18,started,0,
2026-06-18 21:30:13,000700,模塑科技,2026-06-18,2026-06-18,updated,1,
2026-06-18 21:30:13,000709,河钢股份,2026-06-18,2026-06-18,started,0,
2026-06-18 21:30:13,000702,正虹科技,2026-06-18,2026-06-18,updated,1,
2026-06-18 21:30:13,000710,贝瑞基因,2026-06-18,2026-06-18,started,0,
2026-06-18 21:30:13,000701,厦门信达,2026-06-18,2026-06-18,updated,1,
2026-06-18 21:30:13,000711,ST京蓝,2026-06-18,2026-06-18,started,0,
2026-06-18 21:30:14,000712,锦龙股份,2026-06-18,2026-06-18,started,0,
2026-06-18 21:30:14,000703,恒逸石化,2026-06-18,2026-06-18,updated,1,
2026-06-18 21:30:14,000705,浙江震元,2026-06-18,2026-06-18,updated,1,
2026-06-18 21:30:14,000713,国投丰乐,2026-06-18,2026-06-18,started,0,
2026-06-18 21:30:14,000715,中兴商业,2026-06-18,2026-06-18,started,0,
2026-06-18 21:30:14,000707,双环科技,2026-06-18,2026-06-18,updated,1,
2026-06-18 21:30:14,000709,河钢股份,2026-06-18,2026-06-18,updated,1,
2026-06-18 21:30:14,000716,黑芝麻,2026-06-18,2026-06-18,started,0,
2026-06-18 21:30:14,000708,中信特钢,2026-06-18,2026-06-18,updated,1,
2026-06-18 21:30:14,000717,中南股份,2026-06-18,2026-06-18,started,0,
2026-06-18 21:30:14,000710,贝瑞基因,2026-06-18,2026-06-18,updated,1,
2026-06-18 21:30:14,000718,苏宁环球,2026-06-18,2026-06-18,started,0,
2026-06-18 21:30:14,000711,ST京蓝,2026-06-18,2026-06-18,updated,1,
2026-06-18 21:30:14,000719,中原传媒,2026-06-18,2026-06-18,started,0,
2026-06-18 21:30:14,000720,新能泰山,2026-06-18,2026-06-18,started,0,
2026-06-18 21:30:14,000712,锦龙股份,2026-06-18,2026-06-18,updated,1,
2026-06-18 21:30:14,000721,西安饮食,2026-06-18,2026-06-18,started,0,
2026-06-18 21:30:14,000713,国投丰乐,2026-06-18,2026-06-18,updated,1,
2026-06-18 21:30:14,000722,湖南发展,2026-06-18,2026-06-18,started,0,
2026-06-18 21:30:14,000715,中兴商业,2026-06-18,2026-06-18,updated,1,
2026-06-18 21:30:15,000723,美锦能源,2026-06-18,2026-06-18,started,0,
2026-06-18 21:30:15,000716,黑芝麻,2026-06-18,2026-06-18,updated,1,
2026-06-18 21:30:15,000717,中南股份,2026-06-18,2026-06-18,updated,1,
2026-06-18 21:30:15,000725,京东方A,2026-06-18,2026-06-18,started,0,
2026-06-18 21:30:15,000726,鲁泰A,2026-06-18,2026-06-18,started,0,
2026-06-18 21:30:15,000718,苏宁环球,2026-06-18,2026-06-18,updated,1,
2026-06-18 21:30:15,000720,新能泰山,2026-06-18,2026-06-18,updated,1,
2026-06-18 21:30:15,000727,冠捷科技,2026-06-18,2026-06-18,started,0,
2026-06-18 21:30:15,000728,国元证券,2026-06-18,2026-06-18,started,0,
2026-06-18 21:30:15,000719,中原传媒,2026-06-18,2026-06-18,updated,1,
2026-06-18 21:30:15,000729,燕京啤酒,2026-06-18,2026-06-18,started,0,
2026-06-18 21:30:15,000721,西安饮食,2026-06-18,2026-06-18,updated,1,
2026-06-18 21:30:15,000731,四川美丰,2026-06-18,2026-06-18,started,0,
2026-06-18 21:30:15,000722,湖南发展,2026-06-18,2026-06-18,updated,1,
2026-06-18 21:30:15,000733,振华科技,2026-06-18,2026-06-18,started,0,
2026-06-18 21:30:15,000723,美锦能源,2026-06-18,2026-06-18,updated,1,
2026-06-18 21:30:15,000726,鲁泰A,2026-06-18,2026-06-18,updated,1,
2026-06-18 21:30:15,000735,罗牛山,2026-06-18,2026-06-18,started,0,
2026-06-18 21:30:15,000725,京东方A,2026-06-18,2026-06-18,updated,1,
2026-06-18 21:30:15,000736,中交地产,2026-06-18,2026-06-18,started,0,
2026-06-18 21:30:15,000728,国元证券,2026-06-18,2026-06-18,updated,1,
2026-06-18 21:30:16,000737,北方铜业,2026-06-18,2026-06-18,started,0,
2026-06-18 21:30:16,000727,冠捷科技,2026-06-18,2026-06-18,updated,1,
2026-06-18 21:30:16,000739,普洛药业,2026-06-18,2026-06-18,started,0,
2026-06-18 21:30:16,000738,航发控制,2026-06-18,2026-06-18,started,0,
2026-06-18 21:30:16,000729,燕京啤酒,2026-06-18,2026-06-18,updated,1,
2026-06-18 21:30:16,000750,国海证券,2026-06-18,2026-06-18,started,0,
2026-06-18 21:30:16,000731,四川美丰,2026-06-18,2026-06-18,updated,1,
2026-06-18 21:30:16,000751,锌业股份,2026-06-18,2026-06-18,started,0,
2026-06-18 21:30:16,000733,振华科技,2026-06-18,2026-06-18,updated,1,
2026-06-18 21:30:16,000752,*ST西发,2026-06-18,2026-06-18,started,0,
2026-06-18 21:30:16,000735,罗牛山,2026-06-18,2026-06-18,updated,1,
2026-06-18 21:30:16,000753,漳州发展,2026-06-18,2026-06-18,started,0,
2026-06-18 21:30:16,000737,北方铜业,2026-06-18,2026-06-18,updated,1,
2026-06-18 21:30:16,000736,中交地产,2026-06-18,2026-06-18,updated,1,
2026-06-18 21:30:16,000755,山西高速,2026-06-18,2026-06-18,started,0,
2026-06-18 21:30:16,000756,新华制药,2026-06-18,2026-06-18,started,0,
2026-06-18 21:30:16,000738,航发控制,2026-06-18,2026-06-18,updated,1,
2026-06-18 21:30:16,000739,普洛药业,2026-06-18,2026-06-18,updated,1,
2026-06-18 21:30:16,000757,浩物股份,2026-06-18,2026-06-18,started,0,
2026-06-18 21:30:16,000758,中色股份,2026-06-18,2026-06-18,started,0,
2026-06-18 21:30:16,000750,国海证券,2026-06-18,2026-06-18,updated,1,
2026-06-18 21:30:17,000751,锌业股份,2026-06-18,2026-06-18,updated,1,
2026-06-18 21:30:17,000759,中百集团,2026-06-18,2026-06-18,started,0,
2026-06-18 21:30:17,000752,*ST西发,2026-06-18,2026-06-18,updated,1,
2026-06-18 21:30:17,000761,本钢板材,2026-06-18,2026-06-18,started,0,
2026-06-18 21:30:17,000762,西藏矿业,2026-06-18,2026-06-18,started,0,
2026-06-18 21:30:17,000753,漳州发展,2026-06-18,2026-06-18,updated,1,
2026-06-18 21:30:17,000755,山西高速,2026-06-18,2026-06-18,updated,1,
2026-06-18 21:30:17,000766,通化金马,2026-06-18,2026-06-18,started,0,
2026-06-18 21:30:17,000757,浩物股份,2026-06-18,2026-06-18,updated,1,
2026-06-18 21:30:17,000767,晋控电力,2026-06-18,2026-06-18,started,0,
2026-06-18 21:30:17,000756,新华制药,2026-06-18,2026-06-18,updated,1,
2026-06-18 21:30:17,000768,中航西飞,2026-06-18,2026-06-18,started,0,
2026-06-18 21:30:17,000758,中色股份,2026-06-18,2026-06-18,updated,1,
2026-06-18 21:30:17,000776,广发证券,2026-06-18,2026-06-18,started,0,
2026-06-18 21:30:17,000759,中百集团,2026-06-18,2026-06-18,updated,1,
2026-06-18 21:30:17,000777,中核科技,2026-06-18,2026-06-18,started,0,
2026-06-18 21:30:17,000778,新兴铸管,2026-06-18,2026-06-18,started,0,
2026-06-18 21:30:17,000761,本钢板材,2026-06-18,2026-06-18,updated,1,
2026-06-18 21:30:17,000779,甘咨询,2026-06-18,2026-06-18,started,0,
2026-06-18 21:30:17,000762,西藏矿业,2026-06-18,2026-06-18,updated,1,
2026-06-18 21:30:18,000766,通化金马,2026-06-18,2026-06-18,updated,1,
2026-06-18 21:30:18,000782,恒申新材,2026-06-18,2026-06-18,started,0,
2026-06-18 21:30:18,000767,晋控电力,2026-06-18,2026-06-18,updated,1,
2026-06-18 21:30:18,000783,长江证券,2026-06-18,2026-06-18,started,0,
2026-06-18 21:30:18,000768,中航西飞,2026-06-18,2026-06-18,updated,1,
2026-06-18 21:30:18,000785,居然智家,2026-06-18,2026-06-18,started,0,
2026-06-18 21:30:18,000776,广发证券,2026-06-18,2026-06-18,updated,1,
2026-06-18 21:30:18,000786,北新建材,2026-06-18,2026-06-18,started,0,
2026-06-18 21:30:18,000777,中核科技,2026-06-18,2026-06-18,updated,1,
2026-06-18 21:30:18,000788,北大医药,2026-06-18,2026-06-18,started,0,
2026-06-18 21:30:18,000789,万年青,2026-06-18,2026-06-18,started,0,
2026-06-18 21:30:18,000778,新兴铸管,2026-06-18,2026-06-18,updated,1,
2026-06-18 21:30:18,000790,华神科技,2026-06-18,2026-06-18,started,0,
2026-06-18 21:30:18,000779,甘咨询,2026-06-18,2026-06-18,updated,1,
2026-06-18 21:30:18,000791,甘肃能源,2026-06-18,2026-06-18,started,0,
2026-06-18 21:30:18,000782,恒申新材,2026-06-18,2026-06-18,updated,1,
2026-06-18 21:30:18,000792,盐湖股份,2026-06-18,2026-06-18,started,0,
2026-06-18 21:30:18,000783,长江证券,2026-06-18,2026-06-18,updated,1,
2026-06-18 21:30:18,000786,北新建材,2026-06-18,2026-06-18,updated,1,
2026-06-18 21:30:19,000793,*ST华闻,2026-06-18,2026-06-18,started,0,
2026-06-18 21:30:19,000785,居然智家,2026-06-18,2026-06-18,updated,1,
2026-06-18 21:30:19,000795,英洛华,2026-06-18,2026-06-18,started,0,
2026-06-18 21:30:19,000788,北大医药,2026-06-18,2026-06-18,updated,1,
2026-06-18 21:30:19,000796,凯撒旅业,2026-06-18,2026-06-18,started,0,
2026-06-18 21:30:19,000797,中国武夷,2026-06-18,2026-06-18,started,0,
2026-06-18 21:30:19,000789,万年青,2026-06-18,2026-06-18,updated,1,
2026-06-18 21:30:19,000798,中水渔业,2026-06-18,2026-06-18,started,0,
2026-06-18 21:30:19,000790,华神科技,2026-06-18,2026-06-18,updated,1,
2026-06-18 21:30:19,000791,甘肃能源,2026-06-18,2026-06-18,updated,1,
2026-06-18 21:30:19,000799,酒鬼酒,2026-06-18,2026-06-18,started,0,
2026-06-18 21:30:19,000800,一汽解放,2026-06-18,2026-06-18,started,0,
2026-06-18 21:30:19,000792,盐湖股份,2026-06-18,2026-06-18,updated,1,
2026-06-18 21:30:19,000801,四川九洲,2026-06-18,2026-06-18,started,0,
2026-06-18 21:30:19,000795,英洛华,2026-06-18,2026-06-18,updated,1,
2026-06-18 21:30:19,000793,*ST华闻,2026-06-18,2026-06-18,updated,1,
2026-06-18 21:30:19,000802,北京文化,2026-06-18,2026-06-18,started,0,
2026-06-18 21:30:19,000796,凯撒旅业,2026-06-18,2026-06-18,updated,1,
2026-06-18 21:30:19,000803,山高环能,2026-06-18,2026-06-18,started,0,
2026-06-18 21:30:19,000797,中国武夷,2026-06-18,2026-06-18,updated,1,
2026-06-18 21:30:19,000807,云铝股份,2026-06-18,2026-06-18,started,0,
2026-06-18 21:30:19,000799,酒鬼酒,2026-06-18,2026-06-18,updated,1,
2026-06-18 21:30:20,000809,和展能源,2026-06-18,2026-06-18,started,0,
2026-06-18 21:30:20,000798,中水渔业,2026-06-18,2026-06-18,updated,1,
2026-06-18 21:30:20,000810,创维数字,2026-06-18,2026-06-18,started,0,
2026-06-18 21:30:20,000811,冰轮环境,2026-06-18,2026-06-18,started,0,
2026-06-18 21:30:20,000800,一汽解放,2026-06-18,2026-06-18,updated,1,
2026-06-18 21:30:20,000812,陕西金叶,2026-06-18,2026-06-18,started,0,
2026-06-18 21:30:20,000801,四川九洲,2026-06-18,2026-06-18,updated,1,
2026-06-18 21:30:20,000813,德展健康,2026-06-18,2026-06-18,started,0,
2026-06-18 21:30:20,000802,北京文化,2026-06-18,2026-06-18,updated,1,
2026-06-18 21:30:20,000803,山高环能,2026-06-18,2026-06-18,updated,1,
2026-06-18 21:30:20,000816,智慧农业,2026-06-18,2026-06-18,started,0,
2026-06-18 21:30:20,000815,美利云,2026-06-18,2026-06-18,started,0,
2026-06-18 21:30:20,000809,和展能源,2026-06-18,2026-06-18,updated,1,
2026-06-18 21:30:20,000807,云铝股份,2026-06-18,2026-06-18,updated,1,
2026-06-18 21:30:20,000818,航锦科技,2026-06-18,2026-06-18,started,0,
2026-06-18 21:30:20,000819,岳阳兴长,2026-06-18,2026-06-18,started,0,
2026-06-18 21:30:20,000810,创维数字,2026-06-18,2026-06-18,updated,1,
2026-06-18 21:30:20,000811,冰轮环境,2026-06-18,2026-06-18,updated,1,
2026-06-18 21:30:20,000820,*ST节能,2026-06-18,2026-06-18,started,0,
2026-06-18 21:30:20,000821,ST京机,2026-06-18,2026-06-18,started,0,
2026-06-18 21:30:20,000812,陕西金叶,2026-06-18,2026-06-18,updated,1,
2026-06-18 21:30:21,000822,山东海化,2026-06-18,2026-06-18,started,0,
2026-06-18 21:30:21,000813,德展健康,2026-06-18,2026-06-18,updated,1,
2026-06-18 21:30:21,000815,美利云,2026-06-18,2026-06-18,updated,1,
2026-06-18 21:30:21,000823,超声电子,2026-06-18,2026-06-18,started,0,
2026-06-18 21:30:21,000816,智慧农业,2026-06-18,2026-06-18,updated,1,
2026-06-18 21:30:21,000825,太钢不锈,2026-06-18,2026-06-18,started,0,
2026-06-18 21:30:21,000826,*ST启环,2026-06-18,2026-06-18,started,0,
2026-06-18 21:30:21,000818,航锦科技,2026-06-18,2026-06-18,updated,1,
2026-06-18 21:30:21,000819,岳阳兴长,2026-06-18,2026-06-18,updated,1,
2026-06-18 21:30:21,000828,东莞控股,2026-06-18,2026-06-18,started,0,
2026-06-18 21:30:21,000820,*ST节能,2026-06-18,2026-06-18,updated,1,
2026-06-18 21:30:21,000829,天音控股,2026-06-18,2026-06-18,started,0,
2026-06-18 21:30:21,000830,鲁西化工,2026-06-18,2026-06-18,started,0,
2026-06-18 21:30:21,000821,ST京机,2026-06-18,2026-06-18,updated,1,
2026-06-18 21:30:21,000831,中国稀土,2026-06-18,2026-06-18,started,0,
2026-06-18 21:30:21,000822,山东海化,2026-06-18,2026-06-18,updated,1,
2026-06-18 21:30:21,000833,粤桂股份,2026-06-18,2026-06-18,started,0,
2026-06-18 21:30:21,000823,超声电子,2026-06-18,2026-06-18,updated,1,
2026-06-18 21:30:21,000825,太钢不锈,2026-06-18,2026-06-18,updated,1,
2026-06-18 21:30:21,000837,秦川机床,2026-06-18,2026-06-18,started,0,
2026-06-18 21:30:22,000838,*ST发展,2026-06-18,2026-06-18,started,0,
2026-06-18 21:30:22,000826,*ST启环,2026-06-18,2026-06-18,updated,1,
2026-06-18 21:30:22,000828,东莞控股,2026-06-18,2026-06-18,updated,1,
2026-06-18 21:30:22,000839,国安股份,2026-06-18,2026-06-18,started,0,
2026-06-18 21:30:22,000830,鲁西化工,2026-06-18,2026-06-18,updated,1,
2026-06-18 21:30:22,000848,承德露露,2026-06-18,2026-06-18,started,0,
2026-06-18 21:30:22,000850,华茂股份,2026-06-18,2026-06-18,started,0,
2026-06-18 21:30:22,000829,天音控股,2026-06-18,2026-06-18,updated,1,
2026-06-18 21:30:22,000831,中国稀土,2026-06-18,2026-06-18,updated,1,
2026-06-18 21:30:22,000852,石化机械,2026-06-18,2026-06-18,started,0,
2026-06-18 21:30:22,000833,粤桂股份,2026-06-18,2026-06-18,updated,1,
2026-06-18 21:30:22,000856,冀东装备,2026-06-18,2026-06-18,started,0,
2026-06-18 21:30:22,000837,秦川机床,2026-06-18,2026-06-18,updated,1,
2026-06-18 21:30:22,000858,五粮液,2026-06-18,2026-06-18,started,0,
2026-06-18 21:30:22,000859,国风新材,2026-06-18,2026-06-18,started,0,
2026-06-18 21:30:22,000838,*ST发展,2026-06-18,2026-06-18,updated,1,
2026-06-18 21:30:22,000860,顺鑫农业,2026-06-18,2026-06-18,started,0,
2026-06-18 21:30:22,000839,国安股份,2026-06-18,2026-06-18,updated,1,
2026-06-18 21:30:22,000848,承德露露,2026-06-18,2026-06-18,updated,1,
2026-06-18 21:30:22,000862,银星能源,2026-06-18,2026-06-18,started,0,
2026-06-18 21:30:22,000863,三湘印象,2026-06-18,2026-06-18,started,0,
2026-06-18 21:30:23,000850,华茂股份,2026-06-18,2026-06-18,updated,1,
2026-06-18 21:30:23,000852,石化机械,2026-06-18,2026-06-18,updated,1,
2026-06-18 21:30:23,000868,安凯客车,2026-06-18,2026-06-18,started,0,
2026-06-18 21:30:23,000858,五粮液,2026-06-18,2026-06-18,updated,1,
2026-06-18 21:30:23,000869,张裕A,2026-06-18,2026-06-18,started,0,
2026-06-18 21:30:23,000856,冀东装备,2026-06-18,2026-06-18,updated,1,
2026-06-18 21:30:23,000875,电投绿能,2026-06-18,2026-06-18,started,0,
2026-06-18 21:30:23,000876,新希望,2026-06-18,2026-06-18,started,0,
2026-06-18 21:30:23,000859,国风新材,2026-06-18,2026-06-18,updated,1,
2026-06-18 21:30:23,000877,天山股份,2026-06-18,2026-06-18,started,0,
2026-06-18 21:30:23,000860,顺鑫农业,2026-06-18,2026-06-18,updated,1,
2026-06-18 21:30:23,000863,三湘印象,2026-06-18,2026-06-18,updated,1,
2026-06-18 21:30:23,000878,云南铜业,2026-06-18,2026-06-18,started,0,
2026-06-18 21:30:23,000862,银星能源,2026-06-18,2026-06-18,updated,1,
2026-06-18 21:30:23,000880,潍柴重机,2026-06-18,2026-06-18,started,0,
2026-06-18 21:30:23,000881,中广核技,2026-06-18,2026-06-18,started,0,
2026-06-18 21:30:23,000868,安凯客车,2026-06-18,2026-06-18,updated,1,
2026-06-18 21:30:23,000869,张裕A,2026-06-18,2026-06-18,updated,1,
2026-06-18 21:30:23,000882,华联股份,2026-06-18,2026-06-18,started,0,
2026-06-18 21:30:23,000875,电投绿能,2026-06-18,2026-06-18,updated,1,
2026-06-18 21:30:23,000883,湖北能源,2026-06-18,2026-06-18,started,0,
2026-06-18 21:30:24,000885,城发环境,2026-06-18,2026-06-18,started,0,
2026-06-18 21:30:24,000876,新希望,2026-06-18,2026-06-18,updated,1,
2026-06-18 21:30:24,000877,天山股份,2026-06-18,2026-06-18,updated,1,
2026-06-18 21:30:24,000886,海南高速,2026-06-18,2026-06-18,started,0,
2026-06-18 21:30:24,000887,中鼎股份,2026-06-18,2026-06-18,started,0,
2026-06-18 21:30:24,000878,云南铜业,2026-06-18,2026-06-18,updated,1,
2026-06-18 21:30:24,000881,中广核技,2026-06-18,2026-06-18,updated,1,
2026-06-18 21:30:24,000888,峨眉山A,2026-06-18,2026-06-18,started,0,
2026-06-18 21:30:24,000880,潍柴重机,2026-06-18,2026-06-18,updated,1,
2026-06-18 21:30:24,000889,中嘉博创,2026-06-18,2026-06-18,started,0,
2026-06-18 21:30:24,000882,华联股份,2026-06-18,2026-06-18,updated,1,
2026-06-18 21:30:24,000890,法尔胜,2026-06-18,2026-06-18,started,0,
2026-06-18 21:30:24,000892,欢瑞世纪,2026-06-18,2026-06-18,started,0,
2026-06-18 21:30:24,000883,湖北能源,2026-06-18,2026-06-18,updated,1,
2026-06-18 21:30:24,000885,城发环境,2026-06-18,2026-06-18,updated,1,
2026-06-18 21:30:24,000893,亚钾国际,2026-06-18,2026-06-18,started,0,
2026-06-18 21:30:24,000887,中鼎股份,2026-06-18,2026-06-18,updated,1,
2026-06-18 21:30:24,000895,双汇发展,2026-06-18,2026-06-18,started,0,
2026-06-18 21:30:24,000886,海南高速,2026-06-18,2026-06-18,updated,1,
2026-06-18 21:30:24,000897,津滨发展,2026-06-18,2026-06-18,started,0,
2026-06-18 21:30:24,000898,鞍钢股份,2026-06-18,2026-06-18,started,0,
2026-06-18 21:30:25,000888,峨眉山A,2026-06-18,2026-06-18,updated,1,
2026-06-18 21:30:25,000889,中嘉博创,2026-06-18,2026-06-18,updated,1,
2026-06-18 21:30:25,000899,赣能股份,2026-06-18,2026-06-18,started,0,
2026-06-18 21:30:25,000890,法尔胜,2026-06-18,2026-06-18,updated,1,
2026-06-18 21:30:25,000900,现代投资,2026-06-18,2026-06-18,started,0,
2026-06-18 21:30:25,000901,航天科技,2026-06-18,2026-06-18,started,0,
2026-06-18 21:30:25,000892,欢瑞世纪,2026-06-18,2026-06-18,updated,1,
2026-06-18 21:30:25,000893,亚钾国际,2026-06-18,2026-06-18,updated,1,
2026-06-18 21:30:25,000902,新洋丰,2026-06-18,2026-06-18,started,0,
2026-06-18 21:30:25,000903,ST云动,2026-06-18,2026-06-18,started,0,
2026-06-18 21:30:25,000895,双汇发展,2026-06-18,2026-06-18,updated,1,
2026-06-18 21:30:25,000897,津滨发展,2026-06-18,2026-06-18,updated,1,
2026-06-18 21:30:25,000905,厦门港务,2026-06-18,2026-06-18,started,0,
2026-06-18 21:30:25,000906,浙商中拓,2026-06-18,2026-06-18,started,0,
2026-06-18 21:30:25,000898,鞍钢股份,2026-06-18,2026-06-18,updated,1,
2026-06-18 21:30:25,000908,ST景峰,2026-06-18,2026-06-18,started,0,
2026-06-18 21:30:25,000899,赣能股份,2026-06-18,2026-06-18,updated,1,
2026-06-18 21:30:25,000900,现代投资,2026-06-18,2026-06-18,updated,1,
2026-06-18 21:30:25,000909,*ST数源,2026-06-18,2026-06-18,started,0,
2026-06-18 21:30:25,000901,航天科技,2026-06-18,2026-06-18,updated,1,
2026-06-18 21:30:26,000910,大亚圣象,2026-06-18,2026-06-18,started,0,
2026-06-18 21:30:26,000902,新洋丰,2026-06-18,2026-06-18,updated,1,
2026-06-18 21:30:26,000911,*ST广糖,2026-06-18,2026-06-18,started,0,
2026-06-18 21:30:26,000903,ST云动,2026-06-18,2026-06-18,updated,1,
2026-06-18 21:30:26,000912,泸天化,2026-06-18,2026-06-18,started,0,
2026-06-18 21:30:26,000905,厦门港务,2026-06-18,2026-06-18,updated,1,
2026-06-18 21:30:26,000913,钱江摩托,2026-06-18,2026-06-18,started,0,
2026-06-18 21:30:26,000915,华特达因,2026-06-18,2026-06-18,started,0,
2026-06-18 21:30:26,000906,浙商中拓,2026-06-18,2026-06-18,updated,1,
2026-06-18 21:30:26,000917,电广传媒,2026-06-18,2026-06-18,started,0,
2026-06-18 21:30:26,000908,ST景峰,2026-06-18,2026-06-18,updated,1,
2026-06-18 21:30:26,000919,金陵药业,2026-06-18,2026-06-18,started,0,
2026-06-18 21:30:26,000909,*ST数源,2026-06-18,2026-06-18,updated,1,
2026-06-18 21:30:26,000920,沃顿科技,2026-06-18,2026-06-18,started,0,
2026-06-18 21:30:26,000910,大亚圣象,2026-06-18,2026-06-18,updated,1,
2026-06-18 21:30:26,000911,*ST广糖,2026-06-18,2026-06-18,updated,1,
2026-06-18 21:30:26,000921,海信家电,2026-06-18,2026-06-18,started,0,
2026-06-18 21:30:26,000912,泸天化,2026-06-18,2026-06-18,updated,1,
2026-06-18 21:30:26,000922,佳电股份,2026-06-18,2026-06-18,started,0,
2026-06-18 21:30:26,000915,华特达因,2026-06-18,2026-06-18,updated,1,
2026-06-18 21:30:26,000923,河钢资源,2026-06-18,2026-06-18,started,0,
2026-06-18 21:30:27,000925,众合科技,2026-06-18,2026-06-18,started,0,
2026-06-18 21:30:27,000913,钱江摩托,2026-06-18,2026-06-18,updated,1,
2026-06-18 21:30:27,000926,福星股份,2026-06-18,2026-06-18,started,0,
2026-06-18 21:30:27,000917,电广传媒,2026-06-18,2026-06-18,updated,1,
2026-06-18 21:30:27,000927,中国铁物,2026-06-18,2026-06-18,started,0,
2026-06-18 21:30:27,000919,金陵药业,2026-06-18,2026-06-18,updated,1,
2026-06-18 21:30:27,000928,中钢国际,2026-06-18,2026-06-18,started,0,
2026-06-18 21:30:27,000920,沃顿科技,2026-06-18,2026-06-18,updated,1,
2026-06-18 21:30:27,000921,海信家电,2026-06-18,2026-06-18,updated,1,
2026-06-18 21:30:27,000929,*ST兰黄,2026-06-18,2026-06-18,started,0,
2026-06-18 21:30:27,000930,中粮科技,2026-06-18,2026-06-18,started,0,
2026-06-18 21:30:27,000922,佳电股份,2026-06-18,2026-06-18,updated,1,
2026-06-18 21:30:27,000923,河钢资源,2026-06-18,2026-06-18,updated,1,
2026-06-18 21:30:27,000931,中关村,2026-06-18,2026-06-18,started,0,
2026-06-18 21:30:27,000925,众合科技,2026-06-18,2026-06-18,updated,1,
2026-06-18 21:30:27,000932,华菱钢铁,2026-06-18,2026-06-18,started,0,
2026-06-18 21:30:27,000926,福星股份,2026-06-18,2026-06-18,updated,1,
2026-06-18 21:30:27,000933,神火股份,2026-06-18,2026-06-18,started,0,
2026-06-18 21:30:27,000935,四川双马,2026-06-18,2026-06-18,started,0,
2026-06-18 21:30:27,000927,中国铁物,2026-06-18,2026-06-18,updated,1,
2026-06-18 21:30:27,000936,华西股份,2026-06-18,2026-06-18,started,0,
2026-06-18 21:30:27,000928,中钢国际,2026-06-18,2026-06-18,updated,1,
2026-06-18 21:30:28,000937,冀中能源,2026-06-18,2026-06-18,started,0,
2026-06-18 21:30:28,000930,中粮科技,2026-06-18,2026-06-18,updated,1,
2026-06-18 21:30:28,000929,*ST兰黄,2026-06-18,2026-06-18,updated,1,
2026-06-18 21:30:28,000938,紫光股份,2026-06-18,2026-06-18,started,0,
2026-06-18 21:30:28,000948,南天信息,2026-06-18,2026-06-18,started,0,
2026-06-18 21:30:28,000931,中关村,2026-06-18,2026-06-18,updated,1,
2026-06-18 21:30:28,000932,华菱钢铁,2026-06-18,2026-06-18,updated,1,
2026-06-18 21:30:28,000949,新乡化纤,2026-06-18,2026-06-18,started,0,
2026-06-18 21:30:28,000933,神火股份,2026-06-18,2026-06-18,updated,1,
2026-06-18 21:30:28,000950,重药控股,2026-06-18,2026-06-18,started,0,
2026-06-18 21:30:28,000935,四川双马,2026-06-18,2026-06-18,updated,1,
2026-06-18 21:30:28,000951,中国重汽,2026-06-18,2026-06-18,started,0,
2026-06-18 21:30:28,000936,华西股份,2026-06-18,2026-06-18,updated,1,
2026-06-18 21:30:28,000952,广济药业,2026-06-18,2026-06-18,started,0,
2026-06-18 21:30:28,000953,中哲精化,2026-06-18,2026-06-18,started,0,
2026-06-18 21:30:28,000937,冀中能源,2026-06-18,2026-06-18,updated,1,
2026-06-18 21:30:28,000948,南天信息,2026-06-18,2026-06-18,updated,1,
2026-06-18 21:30:28,000955,欣龙控股,2026-06-18,2026-06-18,started,0,
2026-06-18 21:30:28,000938,紫光股份,2026-06-18,2026-06-18,updated,1,
2026-06-18 21:30:29,000958,电投产融,2026-06-18,2026-06-18,started,0,
2026-06-18 21:30:29,000950,重药控股,2026-06-18,2026-06-18,updated,1,
2026-06-18 21:30:29,000957,中通客车,2026-06-18,2026-06-18,started,0,
2026-06-18 21:30:29,000949,新乡化纤,2026-06-18,2026-06-18,updated,1,
2026-06-18 21:30:29,000959,首钢股份,2026-06-18,2026-06-18,started,0,
2026-06-18 21:30:29,000960,锡业股份,2026-06-18,2026-06-18,started,0,
2026-06-18 21:30:29,000951,中国重汽,2026-06-18,2026-06-18,updated,1,
2026-06-18 21:30:29,000952,广济药业,2026-06-18,2026-06-18,updated,1,
2026-06-18 21:30:29,000962,东方钽业,2026-06-18,2026-06-18,started,0,
2026-06-18 21:30:29,000963,华东医药,2026-06-18,2026-06-18,started,0,
2026-06-18 21:30:29,000953,中哲精化,2026-06-18,2026-06-18,updated,1,
2026-06-18 21:30:29,000965,天保基建,2026-06-18,2026-06-18,started,0,
2026-06-18 21:30:29,000955,欣龙控股,2026-06-18,2026-06-18,updated,1,
2026-06-18 21:30:29,000958,电投产融,2026-06-18,2026-06-18,updated,1,
2026-06-18 21:30:29,000966,长源电力,2026-06-18,2026-06-18,started,0,
2026-06-18 21:30:29,000957,中通客车,2026-06-18,2026-06-18,updated,1,
2026-06-18 21:30:29,000967,盈峰环境,2026-06-18,2026-06-18,started,0,
2026-06-18 21:30:29,000968,蓝焰控股,2026-06-18,2026-06-18,started,0,
2026-06-18 21:30:29,000960,锡业股份,2026-06-18,2026-06-18,updated,1,
2026-06-18 21:30:29,000969,安泰科技,2026-06-18,2026-06-18,started,0,
2026-06-18 21:30:29,000959,首钢股份,2026-06-18,2026-06-18,updated,1,
2026-06-18 21:30:30,000963,华东医药,2026-06-18,2026-06-18,updated,1,
2026-06-18 21:30:30,000970,中科三环,2026-06-18,2026-06-18,started,0,
2026-06-18 21:30:30,000972,*ST中基,2026-06-18,2026-06-18,started,0,
2026-06-18 21:30:30,000962,东方钽业,2026-06-18,2026-06-18,updated,1,
2026-06-18 21:30:30,000965,天保基建,2026-06-18,2026-06-18,updated,1,
2026-06-18 21:30:30,000973,佛塑科技,2026-06-18,2026-06-18,started,0,
2026-06-18 21:30:30,000966,长源电力,2026-06-18,2026-06-18,updated,1,
2026-06-18 21:30:30,000975,山金国际,2026-06-18,2026-06-18,started,0,
2026-06-18 21:30:30,000968,蓝焰控股,2026-06-18,2026-06-18,updated,1,
2026-06-18 21:30:30,000977,浪潮信息,2026-06-18,2026-06-18,started,0,
2026-06-18 21:30:30,000978,桂林旅游,2026-06-18,2026-06-18,started,0,
2026-06-18 21:30:30,000967,盈峰环境,2026-06-18,2026-06-18,updated,1,
2026-06-18 21:30:30,000969,安泰科技,2026-06-18,2026-06-18,updated,1,
2026-06-18 21:30:30,000980,众泰汽车,2026-06-18,2026-06-18,started,0,
2026-06-18 21:30:30,000981,山子高科,2026-06-18,2026-06-18,started,0,
2026-06-18 21:30:30,000970,中科三环,2026-06-18,2026-06-18,updated,1,
2026-06-18 21:30:30,000972,*ST中基,2026-06-18,2026-06-18,updated,1,
2026-06-18 21:30:30,000983,山西焦煤,2026-06-18,2026-06-18,started,0,
2026-06-18 21:30:30,000973,佛塑科技,2026-06-18,2026-06-18,updated,1,
2026-06-18 21:30:30,000985,大庆华科,2026-06-18,2026-06-18,started,0,
2026-06-18 21:30:30,000975,山金国际,2026-06-18,2026-06-18,updated,1,
2026-06-18 21:30:30,000987,越秀资本,2026-06-18,2026-06-18,started,0,
2026-06-18 21:30:31,000988,华工科技,2026-06-18,2026-06-18,started,0,
2026-06-18 21:30:31,000977,浪潮信息,2026-06-18,2026-06-18,updated,1,
2026-06-18 21:30:31,000978,桂林旅游,2026-06-18,2026-06-18,updated,1,
2026-06-18 21:30:31,000989,九芝堂,2026-06-18,2026-06-18,started,0,
2026-06-18 21:30:31,000990,诚志股份,2026-06-18,2026-06-18,started,0,
2026-06-18 21:30:31,000980,众泰汽车,2026-06-18,2026-06-18,updated,1,
2026-06-18 21:30:31,000981,山子高科,2026-06-18,2026-06-18,updated,1,
2026-06-18 21:30:31,000993,闽东电力,2026-06-18,2026-06-18,started,0,
2026-06-18 21:30:31,000987,越秀资本,2026-06-18,2026-06-18,updated,1,
2026-06-18 21:30:31,000995,皇台酒业,2026-06-18,2026-06-18,started,0,
2026-06-18 21:30:31,000985,大庆华科,2026-06-18,2026-06-18,updated,1,
2026-06-18 21:30:31,000997,新大陆,2026-06-18,2026-06-18,started,0,
2026-06-18 21:30:31,000998,隆平高科,2026-06-18,2026-06-18,started,0,
2026-06-18 21:30:31,000983,山西焦煤,2026-06-18,2026-06-18,updated,1,
2026-06-18 21:30:31,000988,华工科技,2026-06-18,2026-06-18,updated,1,
2026-06-18 21:30:31,000999,华润三九,2026-06-18,2026-06-18,started,0,
2026-06-18 21:30:31,000990,诚志股份,2026-06-18,2026-06-18,updated,1,
2026-06-18 21:30:31,001201,东瑞股份,2026-06-18,2026-06-18,started,0,
2026-06-18 21:30:31,000989,九芝堂,2026-06-18,2026-06-18,updated,1,
2026-06-18 21:30:31,001202,炬申股份,2026-06-18,2026-06-18,started,0,
2026-06-18 21:30:31,001203,大中矿业,2026-06-18,2026-06-18,started,0,
2026-06-18 21:30:31,000993,闽东电力,2026-06-18,2026-06-18,updated,1,
2026-06-18 21:30:32,000995,皇台酒业,2026-06-18,2026-06-18,updated,1,
2026-06-18 21:30:32,001205,盛航股份,2026-06-18,2026-06-18,started,0,
2026-06-18 21:30:32,001206,依依股份,2026-06-18,2026-06-18,started,0,
2026-06-18 21:30:32,000997,新大陆,2026-06-18,2026-06-18,updated,1,
2026-06-18 21:30:32,000998,隆平高科,2026-06-18,2026-06-18,updated,1,
2026-06-18 21:30:32,001207,联科科技,2026-06-18,2026-06-18,started,0,
2026-06-18 21:30:32,000999,华润三九,2026-06-18,2026-06-18,updated,1,
2026-06-18 21:30:32,001208,华菱线缆,2026-06-18,2026-06-18,started,0,
2026-06-18 21:30:32,001209,洪兴股份,2026-06-18,2026-06-18,started,0,
2026-06-18 21:30:32,001201,东瑞股份,2026-06-18,2026-06-18,updated,1,
2026-06-18 21:30:32,001202,炬申股份,2026-06-18,2026-06-18,updated,1,
2026-06-18 21:30:32,001210,金房能源,2026-06-18,2026-06-18,started,0,
2026-06-18 21:30:32,001203,大中矿业,2026-06-18,2026-06-18,updated,1,
2026-06-18 21:30:32,001211,双枪科技,2026-06-18,2026-06-18,started,0,
2026-06-18 21:30:32,001205,盛航股份,2026-06-18,2026-06-18,updated,1,
2026-06-18 21:30:32,001212,中旗新材,2026-06-18,2026-06-18,started,0,
2026-06-18 21:30:32,001213,中铁特货,2026-06-18,2026-06-18,started,0,
2026-06-18 21:30:32,001206,依依股份,2026-06-18,2026-06-18,updated,1,
2026-06-18 21:30:32,001215,千味央厨,2026-06-18,2026-06-18,started,0,
2026-06-18 21:30:32,001207,联科科技,2026-06-18,2026-06-18,updated,1,
2026-06-18 21:30:32,001216,华瓷股份,2026-06-18,2026-06-18,started,0,
2026-06-18 21:30:32,001208,华菱线缆,2026-06-18,2026-06-18,updated,1,
2026-06-18 21:30:32,001217,华尔泰,2026-06-18,2026-06-18,started,0,
2026-06-18 21:30:32,001209,洪兴股份,2026-06-18,2026-06-18,updated,1,
2026-06-18 21:30:32,001218,丽臣实业,2026-06-18,2026-06-18,started,0,
2026-06-18 21:30:32,001210,金房能源,2026-06-18,2026-06-18,updated,1,
2026-06-18 21:30:33,001219,青岛食品,2026-06-18,2026-06-18,started,0,
2026-06-18 21:30:33,001211,双枪科技,2026-06-18,2026-06-18,updated,1,
2026-06-18 21:30:33,001213,中铁特货,2026-06-18,2026-06-18,updated,1,
2026-06-18 21:30:33,001220,世盟股份,2026-06-18,2026-06-18,started,0,
2026-06-18 21:30:33,001212,中旗新材,2026-06-18,2026-06-18,updated,1,
2026-06-18 21:30:33,001221,悍高集团,2026-06-18,2026-06-18,started,0,
2026-06-18 21:30:33,001215,千味央厨,2026-06-18,2026-06-18,updated,1,
2026-06-18 21:30:33,001222,源飞宠物,2026-06-18,2026-06-18,started,0,
2026-06-18 21:30:33,001223,欧克科技,2026-06-18,2026-06-18,started,0,
2026-06-18 21:30:33,001216,华瓷股份,2026-06-18,2026-06-18,updated,1,
2026-06-18 21:30:33,001225,和泰机电,2026-06-18,2026-06-18,started,0,
2026-06-18 21:30:33,001217,华尔泰,2026-06-18,2026-06-18,updated,1,
2026-06-18 21:30:33,001218,丽臣实业,2026-06-18,2026-06-18,updated,1,
2026-06-18 21:30:33,001226,拓山重工,2026-06-18,2026-06-18,started,0,
2026-06-18 21:30:33,001227,兰州银行,2026-06-18,2026-06-18,started,0,
2026-06-18 21:30:33,001220,世盟股份,2026-06-18,2026-06-18,updated,1,
2026-06-18 21:30:33,001228,永泰运,2026-06-18,2026-06-18,started,0,
2026-06-18 21:30:33,001219,青岛食品,2026-06-18,2026-06-18,updated,1,
2026-06-18 21:30:33,001229,魅视科技,2026-06-18,2026-06-18,started,0,
2026-06-18 21:30:33,001221,悍高集团,2026-06-18,2026-06-18,updated,1,
2026-06-18 21:30:33,001222,源飞宠物,2026-06-18,2026-06-18,updated,1,
2026-06-18 21:30:33,001230,劲旅环境,2026-06-18,2026-06-18,started,0,
2026-06-18 21:30:33,001231,农心科技,2026-06-18,2026-06-18,started,0,
2026-06-18 21:30:33,001223,欧克科技,2026-06-18,2026-06-18,updated,1,
2026-06-18 21:30:33,001233,海安集团,2026-06-18,2026-06-18,started,0,
2026-06-18 21:30:33,001225,和泰机电,2026-06-18,2026-06-18,updated,1,
2026-06-18 21:30:33,001234,泰慕士,2026-06-18,2026-06-18,started,0,
2026-06-18 21:30:33,001226,拓山重工,2026-06-18,2026-06-18,updated,1,
2026-06-18 21:30:33,001236,弘业期货,2026-06-18,2026-06-18,started,0,
2026-06-18 21:30:34,001227,兰州银行,2026-06-18,2026-06-18,updated,1,
2026-06-18 21:30:34,001237,惠康科技,2026-06-18,2026-06-18,started,0,
2026-06-18 21:30:34,001228,永泰运,2026-06-18,2026-06-18,updated,1,
2026-06-18 21:30:34,001229,魅视科技,2026-06-18,2026-06-18,updated,1,
2026-06-18 21:30:34,001238,浙江正特,2026-06-18,2026-06-18,started,0,
2026-06-18 21:30:34,001239,永达股份,2026-06-18,2026-06-18,started,0,
2026-06-18 21:30:34,001230,劲旅环境,2026-06-18,2026-06-18,updated,1,
2026-06-18 21:30:34,001255,博菲电气,2026-06-18,2026-06-18,started,0,
2026-06-18 21:30:34,001233,海安集团,2026-06-18,2026-06-18,updated,1,
2026-06-18 21:30:34,001256,炜冈科技,2026-06-18,2026-06-18,started,0,
2026-06-18 21:30:34,001231,农心科技,2026-06-18,2026-06-18,updated,1,
2026-06-18 21:30:34,001257,盛龙股份,2026-06-18,2026-06-18,started,0,
2026-06-18 21:30:34,001234,泰慕士,2026-06-18,2026-06-18,updated,1,
2026-06-18 21:30:34,001258,立新能源,2026-06-18,2026-06-18,started,0,
2026-06-18 21:30:34,001236,弘业期货,2026-06-18,2026-06-18,updated,1,
2026-06-18 21:30:34,001259,利仁科技,2026-06-18,2026-06-18,started,0,
2026-06-18 21:30:34,001237,惠康科技,2026-06-18,2026-06-18,updated,1,
2026-06-18 21:30:34,001238,浙江正特,2026-06-18,2026-06-18,updated,1,
2026-06-18 21:30:34,001260,坤泰股份,2026-06-18,2026-06-18,started,0,
2026-06-18 21:30:34,001239,永达股份,2026-06-18,2026-06-18,updated,1,
2026-06-18 21:30:34,001266,宏英智能,2026-06-18,2026-06-18,started,0,
2026-06-18 21:30:34,001267,汇绿生态,2026-06-18,2026-06-18,started,0,
2026-06-18 21:30:34,001257,盛龙股份,2026-06-18,2026-06-18,updated,1,
2026-06-18 21:30:34,001268,联合精密,2026-06-18,2026-06-18,started,0,
2026-06-18 21:30:34,001255,博菲电气,2026-06-18,2026-06-18,updated,1,
2026-06-18 21:30:34,001269,欧晶科技,2026-06-18,2026-06-18,started,0,
2026-06-18 21:30:34,001256,炜冈科技,2026-06-18,2026-06-18,updated,1,
2026-06-18 21:30:34,001270,铖昌科技,2026-06-18,2026-06-18,started,0,
2026-06-18 21:30:34,001258,立新能源,2026-06-18,2026-06-18,updated,1,
2026-06-18 21:30:35,001277,速达股份,2026-06-18,2026-06-18,started,0,
2026-06-18 21:30:35,001259,利仁科技,2026-06-18,2026-06-18,updated,1,
2026-06-18 21:30:35,001278,一彬科技,2026-06-18,2026-06-18,started,0,
2026-06-18 21:30:35,001260,坤泰股份,2026-06-18,2026-06-18,updated,1,
2026-06-18 21:30:35,001266,宏英智能,2026-06-18,2026-06-18,updated,1,
2026-06-18 21:30:35,001279,强邦新材,2026-06-18,2026-06-18,started,0,
2026-06-18 21:30:35,001267,汇绿生态,2026-06-18,2026-06-18,updated,1,
2026-06-18 21:30:35,001280,中国铀业,2026-06-18,2026-06-18,started,0,
2026-06-18 21:30:35,001282,三联锻造,2026-06-18,2026-06-18,started,0,
2026-06-18 21:30:35,001268,联合精密,2026-06-18,2026-06-18,updated,1,
2026-06-18 21:30:35,001283,豪鹏科技,2026-06-18,2026-06-18,started,0,
2026-06-18 21:30:35,001269,欧晶科技,2026-06-18,2026-06-18,updated,1,
2026-06-18 21:30:35,001285,瑞立科密,2026-06-18,2026-06-18,started,0,
2026-06-18 21:30:35,001270,铖昌科技,2026-06-18,2026-06-18,updated,1,
2026-06-18 21:30:35,001286,陕西能源,2026-06-18,2026-06-18,started,0,
2026-06-18 21:30:35,001277,速达股份,2026-06-18,2026-06-18,updated,1,
2026-06-18 21:30:35,001287,中电港,2026-06-18,2026-06-18,started,0,
2026-06-18 21:30:35,001278,一彬科技,2026-06-18,2026-06-18,updated,1,
2026-06-18 21:30:35,001288,运机集团,2026-06-18,2026-06-18,started,0,
2026-06-18 21:30:35,001279,强邦新材,2026-06-18,2026-06-18,updated,1,
2026-06-18 21:30:35,001289,龙源电力,2026-06-18,2026-06-18,started,0,
2026-06-18 21:30:35,001280,中国铀业,2026-06-18,2026-06-18,updated,1,
2026-06-18 21:30:35,001296,长江材料,2026-06-18,2026-06-18,started,0,
2026-06-18 21:30:35,001282,三联锻造,2026-06-18,2026-06-18,updated,1,
2026-06-18 21:30:35,001298,好上好,2026-06-18,2026-06-18,started,0,
2026-06-18 21:30:35,001283,豪鹏科技,2026-06-18,2026-06-18,updated,1,
2026-06-18 21:30:35,001299,美能能源,2026-06-18,2026-06-18,started,0,
2026-06-18 21:30:35,001285,瑞立科密,2026-06-18,2026-06-18,updated,1,
2026-06-18 21:30:35,001286,陕西能源,2026-06-18,2026-06-18,updated,1,
2026-06-18 21:30:35,001300,三柏硕,2026-06-18,2026-06-18,started,0,
2026-06-18 21:30:36,001287,中电港,2026-06-18,2026-06-18,updated,1,
2026-06-18 21:30:36,001301,尚太科技,2026-06-18,2026-06-18,started,0,
2026-06-18 21:30:36,001288,运机集团,2026-06-18,2026-06-18,updated,1,
2026-06-18 21:30:36,001306,夏厦精密,2026-06-18,2026-06-18,started,0,
2026-06-18 21:30:36,001289,龙源电力,2026-06-18,2026-06-18,updated,1,
2026-06-18 21:30:36,001308,康冠科技,2026-06-18,2026-06-18,started,0,
2026-06-18 21:30:36,001309,德明利,2026-06-18,2026-06-18,started,0,
2026-06-18 21:30:36,001296,长江材料,2026-06-18,2026-06-18,updated,1,
2026-06-18 21:30:36,001311,多利科技,2026-06-18,2026-06-18,started,0,
2026-06-18 21:30:36,001298,好上好,2026-06-18,2026-06-18,updated,1,
2026-06-18 21:30:36,001299,美能能源,2026-06-18,2026-06-18,updated,1,
2026-06-18 21:30:36,001312,福恩股份,2026-06-18,2026-06-18,started,0,
2026-06-18 21:30:36,001300,三柏硕,2026-06-18,2026-06-18,updated,1,
2026-06-18 21:30:36,001313,粤海饲料,2026-06-18,2026-06-18,started,0,
2026-06-18 21:30:36,001314,亿道信息,2026-06-18,2026-06-18,started,0,
2026-06-18 21:30:36,001301,尚太科技,2026-06-18,2026-06-18,updated,1,
2026-06-18 21:30:36,001306,夏厦精密,2026-06-18,2026-06-18,updated,1,
2026-06-18 21:30:36,001316,润贝航科,2026-06-18,2026-06-18,started,0,
2026-06-18 21:30:36,001317,三羊马,2026-06-18,2026-06-18,started,0,
2026-06-18 21:30:36,001309,德明利,2026-06-18,2026-06-18,updated,1,
2026-06-18 21:30:36,001318,阳光乳业,2026-06-18,2026-06-18,started,0,
2026-06-18 21:30:36,001308,康冠科技,2026-06-18,2026-06-18,updated,1,
2026-06-18 21:30:36,001311,多利科技,2026-06-18,2026-06-18,updated,1,
2026-06-18 21:30:36,001319,铭科精技,2026-06-18,2026-06-18,started,0,
2026-06-18 21:30:36,001322,箭牌家居,2026-06-18,2026-06-18,started,0,
2026-06-18 21:30:36,001312,福恩股份,2026-06-18,2026-06-18,updated,1,
2026-06-18 21:30:36,001323,慕思股份,2026-06-18,2026-06-18,started,0,
2026-06-18 21:30:36,001313,粤海饲料,2026-06-18,2026-06-18,updated,1,
2026-06-18 21:30:37,001314,亿道信息,2026-06-18,2026-06-18,updated,1,
2026-06-18 21:30:37,001324,长青科技,2026-06-18,2026-06-18,started,0,
2026-06-18 21:30:37,001316,润贝航科,2026-06-18,2026-06-18,updated,1,
2026-06-18 21:30:37,001325,元创股份,2026-06-18,2026-06-18,started,0,
2026-06-18 21:30:37,001326,联域股份,2026-06-18,2026-06-18,started,0,
2026-06-18 21:30:37,001318,阳光乳业,2026-06-18,2026-06-18,updated,1,
2026-06-18 21:30:37,001317,三羊马,2026-06-18,2026-06-18,updated,1,
2026-06-18 21:30:37,001328,登康口腔,2026-06-18,2026-06-18,started,0,
2026-06-18 21:30:37,001330,博纳影业,2026-06-18,2026-06-18,started,0,
2026-06-18 21:30:37,001319,铭科精技,2026-06-18,2026-06-18,updated,1,
2026-06-18 21:30:37,001331,胜通能源,2026-06-18,2026-06-18,started,0,
2026-06-18 21:30:37,001322,箭牌家居,2026-06-18,2026-06-18,updated,1,
2026-06-18 21:30:37,001323,慕思股份,2026-06-18,2026-06-18,updated,1,
2026-06-18 21:30:37,001332,锡装股份,2026-06-18,2026-06-18,started,0,
2026-06-18 21:30:37,001333,光华股份,2026-06-18,2026-06-18,started,0,
2026-06-18 21:30:37,001324,长青科技,2026-06-18,2026-06-18,updated,1,
2026-06-18 21:30:37,001335,信凯科技,2026-06-18,2026-06-18,started,0,
2026-06-18 21:30:37,001325,元创股份,2026-06-18,2026-06-18,updated,1,
2026-06-18 21:30:37,001326,联域股份,2026-06-18,2026-06-18,updated,1,
2026-06-18 21:30:37,001336,楚环科技,2026-06-18,2026-06-18,started,0,
2026-06-18 21:30:37,001330,博纳影业,2026-06-18,2026-06-18,updated,1,
2026-06-18 21:30:37,001337,四川黄金,2026-06-18,2026-06-18,started,0,
2026-06-18 21:30:37,001338,永顺泰,2026-06-18,2026-06-18,started,0,
2026-06-18 21:30:37,001328,登康口腔,2026-06-18,2026-06-18,updated,1,
2026-06-18 21:30:37,001339,智微智能,2026-06-18,2026-06-18,started,0,
2026-06-18 21:30:37,001331,胜通能源,2026-06-18,2026-06-18,updated,1,
2026-06-18 21:30:37,001332,锡装股份,2026-06-18,2026-06-18,updated,1,
2026-06-18 21:30:37,001356,富岭股份,2026-06-18,2026-06-18,started,0,
2026-06-18 21:30:37,001358,兴欣新材,2026-06-18,2026-06-18,started,0,
2026-06-18 21:30:37,001333,光华股份,2026-06-18,2026-06-18,updated,1,
2026-06-18 21:30:38,001359,平安电工,2026-06-18,2026-06-18,started,0,
2026-06-18 21:30:38,001335,信凯科技,2026-06-18,2026-06-18,updated,1,
2026-06-18 21:30:38,001360,南矿集团,2026-06-18,2026-06-18,started,0,
2026-06-18 21:30:38,001336,楚环科技,2026-06-18,2026-06-18,updated,1,
2026-06-18 21:30:38,001337,四川黄金,2026-06-18,2026-06-18,updated,1,
2026-06-18 21:30:38,001365,天海电子,2026-06-18,2026-06-18,started,0,
2026-06-18 21:30:38,001366,播恩集团,2026-06-18,2026-06-18,started,0,
2026-06-18 21:30:38,001338,永顺泰,2026-06-18,2026-06-18,updated,1,
2026-06-18 21:30:38,001367,海森药业,2026-06-18,2026-06-18,started,0,
2026-06-18 21:30:38,001339,智微智能,2026-06-18,2026-06-18,updated,1,
2026-06-18 21:30:38,001368,通达创智,2026-06-18,2026-06-18,started,0,
2026-06-18 21:30:38,001356,富岭股份,2026-06-18,2026-06-18,updated,1,
2026-06-18 21:30:38,001369,双欣材料,2026-06-18,2026-06-18,started,0,
2026-06-18 21:30:38,001358,兴欣新材,2026-06-18,2026-06-18,updated,1,
2026-06-18 21:30:38,001373,翔腾新材,2026-06-18,2026-06-18,started,0,
2026-06-18 21:30:38,001359,平安电工,2026-06-18,2026-06-18,updated,1,
2026-06-18 21:30:38,001376,百通能源,2026-06-18,2026-06-18,started,0,
2026-06-18 21:30:38,001360,南矿集团,2026-06-18,2026-06-18,updated,1,
2026-06-18 21:30:38,001378,德冠新材,2026-06-18,2026-06-18,started,0,
2026-06-18 21:30:38,001365,天海电子,2026-06-18,2026-06-18,updated,1,
2026-06-18 21:30:38,001366,播恩集团,2026-06-18,2026-06-18,updated,1,
2026-06-18 21:30:38,001379,腾达科技,2026-06-18,2026-06-18,started,0,
2026-06-18 21:30:38,001380,华纬科技,2026-06-18,2026-06-18,started,0,
2026-06-18 21:30:38,001367,海森药业,2026-06-18,2026-06-18,updated,1,
2026-06-18 21:30:38,001382,新亚电缆,2026-06-18,2026-06-18,started,0,
2026-06-18 21:30:38,001369,双欣材料,2026-06-18,2026-06-18,updated,1,
2026-06-18 21:30:38,001368,通达创智,2026-06-18,2026-06-18,updated,1,
2026-06-18 21:30:38,001386,马可波罗,2026-06-18,2026-06-18,started,0,
2026-06-18 21:30:38,001373,翔腾新材,2026-06-18,2026-06-18,updated,1,
2026-06-18 21:30:38,001387,雪祺电气,2026-06-18,2026-06-18,started,0,
2026-06-18 21:30:39,001376,百通能源,2026-06-18,2026-06-18,updated,1,
2026-06-18 21:30:39,001388,信通电子,2026-06-18,2026-06-18,started,0,
2026-06-18 21:30:39,001389,广合科技,2026-06-18,2026-06-18,started,0,
2026-06-18 21:30:39,001378,德冠新材,2026-06-18,2026-06-18,updated,1,
2026-06-18 21:30:39,001379,腾达科技,2026-06-18,2026-06-18,updated,1,
2026-06-18 21:30:39,001390,古麒绒材,2026-06-18,2026-06-18,started,0,
2026-06-18 21:30:39,001391,国货航,2026-06-18,2026-06-18,started,0,
2026-06-18 21:30:39,001380,华纬科技,2026-06-18,2026-06-18,updated,1,
2026-06-18 21:30:39,001382,新亚电缆,2026-06-18,2026-06-18,updated,1,
2026-06-18 21:30:39,001393,维通利,2026-06-18,2026-06-18,started,0,
2026-06-18 21:30:39,001395,亚联机械,2026-06-18,2026-06-18,started,0,
2026-06-18 21:30:39,001386,马可波罗,2026-06-18,2026-06-18,updated,1,
2026-06-18 21:30:39,001396,誉帆科技,2026-06-18,2026-06-18,started,0,
2026-06-18 21:30:39,001387,雪祺电气,2026-06-18,2026-06-18,updated,1,
2026-06-18 21:30:39,001388,信通电子,2026-06-18,2026-06-18,updated,1,
2026-06-18 21:30:39,001400,江顺科技,2026-06-18,2026-06-18,started,0,
2026-06-18 21:30:39,001696,宗申动力,2026-06-18,2026-06-18,started,0,
2026-06-18 21:30:39,001390,古麒绒材,2026-06-18,2026-06-18,updated,1,
2026-06-18 21:30:39,001389,广合科技,2026-06-18,2026-06-18,updated,1,
2026-06-18 21:30:39,001872,招商港口,2026-06-18,2026-06-18,started,0,
2026-06-18 21:30:39,001896,豫能控股,2026-06-18,2026-06-18,started,0,
2026-06-18 21:30:39,001391,国货航,2026-06-18,2026-06-18,updated,1,
2026-06-18 21:30:39,001914,招商积余,2026-06-18,2026-06-18,started,0,
2026-06-18 21:30:39,001393,维通利,2026-06-18,2026-06-18,updated,1,
2026-06-18 21:30:39,001965,招商公路,2026-06-18,2026-06-18,started,0,
2026-06-18 21:30:39,001395,亚联机械,2026-06-18,2026-06-18,updated,1,
2026-06-18 21:30:40,001396,誉帆科技,2026-06-18,2026-06-18,updated,1,
2026-06-18 21:30:40,001979,招商蛇口,2026-06-18,2026-06-18,started,0,
2026-06-18 21:30:40,002001,新和成,2026-06-18,2026-06-18,started,0,
2026-06-18 21:30:40,001400,江顺科技,2026-06-18,2026-06-18,updated,1,
2026-06-18 21:30:40,001696,宗申动力,2026-06-18,2026-06-18,updated,1,
2026-06-18 21:30:40,002003,伟星股份,2026-06-18,2026-06-18,started,0,
2026-06-18 21:30:40,001872,招商港口,2026-06-18,2026-06-18,updated,1,
2026-06-18 21:30:40,002004,华邦健康,2026-06-18,2026-06-18,started,0,
2026-06-18 21:30:40,001896,豫能控股,2026-06-18,2026-06-18,updated,1,
2026-06-18 21:30:40,002005,ST德豪,2026-06-18,2026-06-18,started,0,
2026-06-18 21:30:40,001914,招商积余,2026-06-18,2026-06-18,updated,1,
2026-06-18 21:30:40,002006,精工科技,2026-06-18,2026-06-18,started,0,
2026-06-18 21:30:40,001965,招商公路,2026-06-18,2026-06-18,updated,1,
2026-06-18 21:30:40,002007,华兰生物,2026-06-18,2026-06-18,started,0,
2026-06-18 21:30:40,002008,大族激光,2026-06-18,2026-06-18,started,0,
2026-06-18 21:30:40,001979,招商蛇口,2026-06-18,2026-06-18,updated,1,
2026-06-18 21:30:40,002009,天奇股份,2026-06-18,2026-06-18,started,0,
2026-06-18 21:30:40,002001,新和成,2026-06-18,2026-06-18,updated,1,
2026-06-18 21:30:40,002010,传化智联,2026-06-18,2026-06-18,started,0,
2026-06-18 21:30:40,002004,华邦健康,2026-06-18,2026-06-18,updated,1,
2026-06-18 21:30:40,002003,伟星股份,2026-06-18,2026-06-18,updated,1,
2026-06-18 21:30:40,002011,盾安环境,2026-06-18,2026-06-18,started,0,
2026-06-18 21:30:40,002012,凯恩股份,2026-06-18,2026-06-18,started,0,
2026-06-18 21:30:40,002005,ST德豪,2026-06-18,2026-06-18,updated,1,
2026-06-18 21:30:41,002006,精工科技,2026-06-18,2026-06-18,updated,1,
2026-06-18 21:30:41,002007,华兰生物,2026-06-18,2026-06-18,updated,1,
2026-06-18 21:30:41,002015,协鑫能科,2026-06-18,2026-06-18,started,0,
2026-06-18 21:30:41,002014,永新股份,2026-06-18,2026-06-18,started,0,
2026-06-18 21:30:41,002016,世荣兆业,2026-06-18,2026-06-18,started,0,
2026-06-18 21:30:41,002009,天奇股份,2026-06-18,2026-06-18,updated,1,
2026-06-18 21:30:41,002017,东信和平,2026-06-18,2026-06-18,started,0,
2026-06-18 21:30:41,002008,大族激光,2026-06-18,2026-06-18,updated,1,
2026-06-18 21:30:41,002019,亿帆医药,2026-06-18,2026-06-18,started,0,
2026-06-18 21:30:41,002010,传化智联,2026-06-18,2026-06-18,updated,1,
2026-06-18 21:30:41,002020,京新药业,2026-06-18,2026-06-18,started,0,
2026-06-18 21:30:41,002011,盾安环境,2026-06-18,2026-06-18,updated,1,
2026-06-18 21:30:41,002021,中捷资源,2026-06-18,2026-06-18,started,0,
2026-06-18 21:30:41,002012,凯恩股份,2026-06-18,2026-06-18,updated,1,
2026-06-18 21:30:41,002015,协鑫能科,2026-06-18,2026-06-18,updated,1,
2026-06-18 21:30:41,002022,科华生物,2026-06-18,2026-06-18,started,0,
2026-06-18 21:30:41,002014,永新股份,2026-06-18,2026-06-18,updated,1,
2026-06-18 21:30:41,002023,海特高新,2026-06-18,2026-06-18,started,0,
2026-06-18 21:30:41,002024,ST易购,2026-06-18,2026-06-18,started,0,
2026-06-18 21:30:41,002016,世荣兆业,2026-06-18,2026-06-18,updated,1,
2026-06-18 21:30:41,002017,东信和平,2026-06-18,2026-06-18,updated,1,
2026-06-18 21:30:41,002025,航天电器,2026-06-18,2026-06-18,started,0,
2026-06-18 21:30:42,002026,山东威达,2026-06-18,2026-06-18,started,0,
2026-06-18 21:30:42,002019,亿帆医药,2026-06-18,2026-06-18,updated,1,
2026-06-18 21:30:42,002027,分众传媒,2026-06-18,2026-06-18,started,0,
2026-06-18 21:30:42,002020,京新药业,2026-06-18,2026-06-18,updated,1,
2026-06-18 21:30:42,002028,思源电气,2026-06-18,2026-06-18,started,0,
2026-06-18 21:30:42,002021,中捷资源,2026-06-18,2026-06-18,updated,1,
2026-06-18 21:30:42,002022,科华生物,2026-06-18,2026-06-18,updated,1,
2026-06-18 21:30:42,002029,七匹狼,2026-06-18,2026-06-18,started,0,
2026-06-18 21:30:42,002023,海特高新,2026-06-18,2026-06-18,updated,1,
2026-06-18 21:30:42,002030,达安基因,2026-06-18,2026-06-18,started,0,
2026-06-18 21:30:42,002031,巨轮智能,2026-06-18,2026-06-18,started,0,
2026-06-18 21:30:42,002024,ST易购,2026-06-18,2026-06-18,updated,1,
2026-06-18 21:30:42,002026,山东威达,2026-06-18,2026-06-18,updated,1,
2026-06-18 21:30:42,002032,苏泊尔,2026-06-18,2026-06-18,started,0,
2026-06-18 21:30:42,002027,分众传媒,2026-06-18,2026-06-18,updated,1,
2026-06-18 21:30:42,002033,丽江股份,2026-06-18,2026-06-18,started,0,
2026-06-18 21:30:42,002034,旺能环境,2026-06-18,2026-06-18,started,0,
2026-06-18 21:30:42,002025,航天电器,2026-06-18,2026-06-18,updated,1,
2026-06-18 21:30:42,002028,思源电气,2026-06-18,2026-06-18,updated,1,
2026-06-18 21:30:42,002035,华帝股份,2026-06-18,2026-06-18,started,0,
2026-06-18 21:30:42,002029,七匹狼,2026-06-18,2026-06-18,updated,1,
2026-06-18 21:30:42,002036,联创电子,2026-06-18,2026-06-18,started,0,
2026-06-18 21:30:42,002037,保利联合,2026-06-18,2026-06-18,started,0,
2026-06-18 21:30:42,002030,达安基因,2026-06-18,2026-06-18,updated,1,
2026-06-18 21:30:43,002038,双鹭药业,2026-06-18,2026-06-18,started,0,
2026-06-18 21:30:43,002031,巨轮智能,2026-06-18,2026-06-18,updated,1,
2026-06-18 21:30:43,002032,苏泊尔,2026-06-18,2026-06-18,updated,1,
2026-06-18 21:30:43,002039,黔源电力,2026-06-18,2026-06-18,started,0,
2026-06-18 21:30:43,002033,丽江股份,2026-06-18,2026-06-18,updated,1,
2026-06-18 21:30:43,002040,南京港,2026-06-18,2026-06-18,started,0,
2026-06-18 21:30:43,002034,旺能环境,2026-06-18,2026-06-18,updated,1,
2026-06-18 21:30:43,002041,登海种业,2026-06-18,2026-06-18,started,0,
2026-06-18 21:30:43,002035,华帝股份,2026-06-18,2026-06-18,updated,1,
2026-06-18 21:30:43,002042,华孚时尚,2026-06-18,2026-06-18,started,0,
2026-06-18 21:30:43,002037,保利联合,2026-06-18,2026-06-18,updated,1,
2026-06-18 21:30:43,002043,兔宝宝,2026-06-18,2026-06-18,started,0,
2026-06-18 21:30:43,002044,美年健康,2026-06-18,2026-06-18,started,0,
2026-06-18 21:30:43,002036,联创电子,2026-06-18,2026-06-18,updated,1,
2026-06-18 21:30:43,002045,国光电器,2026-06-18,2026-06-18,started,0,
2026-06-18 21:30:43,002038,双鹭药业,2026-06-18,2026-06-18,updated,1,
2026-06-18 21:30:43,002046,国机精工,2026-06-18,2026-06-18,started,0,
2026-06-18 21:30:43,002039,黔源电力,2026-06-18,2026-06-18,updated,1,
2026-06-18 21:30:43,002040,南京港,2026-06-18,2026-06-18,updated,1,
2026-06-18 21:30:44,002047,宝鹰股份,2026-06-18,2026-06-18,started,0,
2026-06-18 21:30:44,002041,登海种业,2026-06-18,2026-06-18,updated,1,
2026-06-18 21:30:44,002048,宁波华翔,2026-06-18,2026-06-18,started,0,
2026-06-18 21:30:44,002042,华孚时尚,2026-06-18,2026-06-18,updated,1,
2026-06-18 21:30:44,002049,紫光国微,2026-06-18,2026-06-18,started,0,
2026-06-18 21:30:44,002050,三花智控,2026-06-18,2026-06-18,started,0,
2026-06-18 21:30:44,002043,兔宝宝,2026-06-18,2026-06-18,updated,1,
2026-06-18 21:30:44,002051,中工国际,2026-06-18,2026-06-18,started,0,
2026-06-18 21:30:44,002044,美年健康,2026-06-18,2026-06-18,updated,1,
2026-06-18 21:30:44,002052,同洲电子,2026-06-18,2026-06-18,started,0,
2026-06-18 21:30:44,002045,国光电器,2026-06-18,2026-06-18,updated,1,
2026-06-18 21:30:44,002053,云南能投,2026-06-18,2026-06-18,started,0,
2026-06-18 21:30:44,002046,国机精工,2026-06-18,2026-06-18,updated,1,
2026-06-18 21:30:44,002047,宝鹰股份,2026-06-18,2026-06-18,updated,1,
2026-06-18 21:30:44,002054,德美化工,2026-06-18,2026-06-18,started,0,
2026-06-18 21:30:44,002055,ST得润,2026-06-18,2026-06-18,started,0,
2026-06-18 21:30:44,002048,宁波华翔,2026-06-18,2026-06-18,updated,1,
2026-06-18 21:30:44,002049,紫光国微,2026-06-18,2026-06-18,updated,1,
2026-06-18 21:30:44,002056,横店东磁,2026-06-18,2026-06-18,started,0,
2026-06-18 21:30:44,002050,三花智控,2026-06-18,2026-06-18,updated,1,
2026-06-18 21:30:44,002057,中钢天源,2026-06-18,2026-06-18,started,0,
2026-06-18 21:30:44,002058,*ST威尔,2026-06-18,2026-06-18,started,0,
2026-06-18 21:30:44,002051,中工国际,2026-06-18,2026-06-18,updated,1,
2026-06-18 21:30:44,002059,云南旅游,2026-06-18,2026-06-18,started,0,
2026-06-18 21:30:45,002052,同洲电子,2026-06-18,2026-06-18,updated,1,
2026-06-18 21:30:45,002060,广东建工,2026-06-18,2026-06-18,started,0,
2026-06-18 21:30:45,002053,云南能投,2026-06-18,2026-06-18,updated,1,
2026-06-18 21:30:45,002061,浙江交科,2026-06-18,2026-06-18,started,0,
2026-06-18 21:30:45,002054,德美化工,2026-06-18,2026-06-18,updated,1,
2026-06-18 21:30:45,002062,宏润建设,2026-06-18,2026-06-18,started,0,
2026-06-18 21:30:45,002055,ST得润,2026-06-18,2026-06-18,updated,1,
2026-06-18 21:30:45,002056,横店东磁,2026-06-18,2026-06-18,updated,1,
2026-06-18 21:30:45,002063,远光软件,2026-06-18,2026-06-18,started,0,
2026-06-18 21:30:45,002057,中钢天源,2026-06-18,2026-06-18,updated,1,
2026-06-18 21:30:45,002064,华峰化学,2026-06-18,2026-06-18,started,0,
2026-06-18 21:30:45,002058,*ST威尔,2026-06-18,2026-06-18,updated,1,
2026-06-18 21:30:45,002065,东华软件,2026-06-18,2026-06-18,started,0,
2026-06-18 21:30:45,002066,瑞泰科技,2026-06-18,2026-06-18,started,0,
2026-06-18 21:30:45,002059,云南旅游,2026-06-18,2026-06-18,updated,1,
2026-06-18 21:30:45,002067,景兴纸业,2026-06-18,2026-06-18,started,0,
2026-06-18 21:30:45,002060,广东建工,2026-06-18,2026-06-18,updated,1,
2026-06-18 21:30:45,002068,黑猫股份,2026-06-18,2026-06-18,started,0,
2026-06-18 21:30:45,002061,浙江交科,2026-06-18,2026-06-18,updated,1,
2026-06-18 21:30:45,002062,宏润建设,2026-06-18,2026-06-18,updated,1,
2026-06-18 21:30:45,002069,獐子岛,2026-06-18,2026-06-18,started,0,
2026-06-18 21:30:45,002063,远光软件,2026-06-18,2026-06-18,updated,1,
2026-06-18 21:30:46,002072,凯瑞德,2026-06-18,2026-06-18,started,0,
2026-06-18 21:30:46,002073,软控股份,2026-06-18,2026-06-18,started,0,
2026-06-18 21:30:46,002064,华峰化学,2026-06-18,2026-06-18,updated,1,
2026-06-18 21:30:46,002065,东华软件,2026-06-18,2026-06-18,updated,1,
2026-06-18 21:30:46,002074,国轩高科,2026-06-18,2026-06-18,started,0,
2026-06-18 21:30:46,002066,瑞泰科技,2026-06-18,2026-06-18,updated,1,
2026-06-18 21:30:46,002076,*ST星光,2026-06-18,2026-06-18,started,0,
2026-06-18 21:30:46,002075,沙钢股份,2026-06-18,2026-06-18,started,0,
2026-06-18 21:30:46,002067,景兴纸业,2026-06-18,2026-06-18,updated,1,
2026-06-18 21:30:46,002077,大港股份,2026-06-18,2026-06-18,started,0,
2026-06-18 21:30:46,002068,黑猫股份,2026-06-18,2026-06-18,updated,1,
2026-06-18 21:30:46,002078,太阳纸业,2026-06-18,2026-06-18,started,0,
2026-06-18 21:30:46,002069,獐子岛,2026-06-18,2026-06-18,updated,1,
2026-06-18 21:30:46,002079,苏州固锝,2026-06-18,2026-06-18,started,0,
2026-06-18 21:30:46,002072,凯瑞德,2026-06-18,2026-06-18,updated,1,
2026-06-18 21:30:46,002080,中材科技,2026-06-18,2026-06-18,started,0,
2026-06-18 21:30:46,002073,软控股份,2026-06-18,2026-06-18,updated,1,
2026-06-18 21:30:46,002081,金螳螂,2026-06-18,2026-06-18,started,0,
2026-06-18 21:30:46,002074,国轩高科,2026-06-18,2026-06-18,updated,1,
2026-06-18 21:30:46,002076,*ST星光,2026-06-18,2026-06-18,updated,1,
2026-06-18 21:30:46,002082,ST万邦,2026-06-18,2026-06-18,started,0,
2026-06-18 21:30:46,002083,孚日股份,2026-06-18,2026-06-18,started,0,
2026-06-18 21:30:46,002075,沙钢股份,2026-06-18,2026-06-18,updated,1,
2026-06-18 21:30:46,002084,海鸥住工,2026-06-18,2026-06-18,started,0,
2026-06-18 21:30:47,002077,大港股份,2026-06-18,2026-06-18,updated,1,
2026-06-18 21:30:47,002085,万丰奥威,2026-06-18,2026-06-18,started,0,
2026-06-18 21:30:47,002078,太阳纸业,2026-06-18,2026-06-18,updated,1,
2026-06-18 21:30:47,002086,东方海洋,2026-06-18,2026-06-18,started,0,
2026-06-18 21:30:47,002079,苏州固锝,2026-06-18,2026-06-18,updated,1,
2026-06-18 21:30:47,002088,鲁阳节能,2026-06-18,2026-06-18,started,0,
2026-06-18 21:30:47,002080,中材科技,2026-06-18,2026-06-18,updated,1,
2026-06-18 21:30:47,002081,金螳螂,2026-06-18,2026-06-18,updated,1,
2026-06-18 21:30:47,002090,金智科技,2026-06-18,2026-06-18,started,0,
2026-06-18 21:30:47,002082,ST万邦,2026-06-18,2026-06-18,updated,1,
2026-06-18 21:30:47,002091,江苏国泰,2026-06-18,2026-06-18,started,0,
2026-06-18 21:30:47,002083,孚日股份,2026-06-18,2026-06-18,updated,1,
2026-06-18 21:30:47,002092,中泰化学,2026-06-18,2026-06-18,started,0,
2026-06-18 21:30:47,002093,国脉科技,2026-06-18,2026-06-18,started,0,
2026-06-18 21:30:47,002084,海鸥住工,2026-06-18,2026-06-18,updated,1,
2026-06-18 21:30:47,002094,青岛金王,2026-06-18,2026-06-18,started,0,
2026-06-18 21:30:47,002085,万丰奥威,2026-06-18,2026-06-18,updated,1,
2026-06-18 21:30:47,002095,生意宝,2026-06-18,2026-06-18,started,0,
2026-06-18 21:30:47,002086,东方海洋,2026-06-18,2026-06-18,updated,1,
2026-06-18 21:30:47,002096,易普力,2026-06-18,2026-06-18,started,0,
2026-06-18 21:30:47,002088,鲁阳节能,2026-06-18,2026-06-18,updated,1,
2026-06-18 21:30:47,002090,金智科技,2026-06-18,2026-06-18,updated,1,
2026-06-18 21:30:48,002097,山河智能,2026-06-18,2026-06-18,started,0,
2026-06-18 21:30:48,002091,江苏国泰,2026-06-18,2026-06-18,updated,1,
2026-06-18 21:30:48,002098,浔兴股份,2026-06-18,2026-06-18,started,0,
2026-06-18 21:30:48,002099,海翔药业,2026-06-18,2026-06-18,started,0,
2026-06-18 21:30:48,002092,中泰化学,2026-06-18,2026-06-18,updated,1,
2026-06-18 21:30:48,002100,天康生物,2026-06-18,2026-06-18,started,0,
2026-06-18 21:30:48,002093,国脉科技,2026-06-18,2026-06-18,updated,1,
2026-06-18 21:30:48,002101,广东鸿图,2026-06-18,2026-06-18,started,0,
2026-06-18 21:30:48,002094,青岛金王,2026-06-18,2026-06-18,updated,1,
2026-06-18 21:30:48,002095,生意宝,2026-06-18,2026-06-18,updated,1,
2026-06-18 21:30:48,002102,ST能特,2026-06-18,2026-06-18,started,0,
2026-06-18 21:30:48,002103,广博股份,2026-06-18,2026-06-18,started,0,
2026-06-18 21:30:48,002096,易普力,2026-06-18,2026-06-18,updated,1,
2026-06-18 21:30:48,002097,山河智能,2026-06-18,2026-06-18,updated,1,
2026-06-18 21:30:48,002104,恒宝股份,2026-06-18,2026-06-18,started,0,
2026-06-18 21:30:48,002105,信隆健康,2026-06-18,2026-06-18,started,0,
2026-06-18 21:30:48,002098,浔兴股份,2026-06-18,2026-06-18,updated,1,
2026-06-18 21:30:48,002106,莱宝高科,2026-06-18,2026-06-18,started,0,
2026-06-18 21:30:48,002099,海翔药业,2026-06-18,2026-06-18,updated,1,
2026-06-18 21:30:48,002107,沃华医药,2026-06-18,2026-06-18,started,0,
2026-06-18 21:30:48,002100,天康生物,2026-06-18,2026-06-18,updated,1,
2026-06-18 21:30:48,002108,沧州明珠,2026-06-18,2026-06-18,started,0,
2026-06-18 21:30:48,002101,广东鸿图,2026-06-18,2026-06-18,updated,1,
2026-06-18 21:30:49,002109,ST兴化,2026-06-18,2026-06-18,started,0,
2026-06-18 21:30:49,002102,ST能特,2026-06-18,2026-06-18,updated,1,
2026-06-18 21:30:49,002110,三钢闽光,2026-06-18,2026-06-18,started,0,
2026-06-18 21:30:49,002103,广博股份,2026-06-18,2026-06-18,updated,1,
2026-06-18 21:30:49,002105,信隆健康,2026-06-18,2026-06-18,updated,1,
2026-06-18 21:30:49,002104,恒宝股份,2026-06-18,2026-06-18,updated,1,
2026-06-18 21:30:49,002111,威海广泰,2026-06-18,2026-06-18,started,0,
2026-06-18 21:30:49,002112,三变科技,2026-06-18,2026-06-18,started,0,
2026-06-18 21:30:49,002106,莱宝高科,2026-06-18,2026-06-18,updated,1,
2026-06-18 21:30:49,002114,罗平锌电,2026-06-18,2026-06-18,started,0,
2026-06-18 21:30:49,002115,三维通信,2026-06-18,2026-06-18,started,0,
2026-06-18 21:30:49,002107,沃华医药,2026-06-18,2026-06-18,updated,1,
2026-06-18 21:30:49,002116,中国海诚,2026-06-18,2026-06-18,started,0,
2026-06-18 21:30:49,002108,沧州明珠,2026-06-18,2026-06-18,updated,1,
2026-06-18 21:30:49,002117,东港股份,2026-06-18,2026-06-18,started,0,
2026-06-18 21:30:49,002109,ST兴化,2026-06-18,2026-06-18,updated,1,
2026-06-18 21:30:49,002119,康强电子,2026-06-18,2026-06-18,started,0,
2026-06-18 21:30:49,002110,三钢闽光,2026-06-18,2026-06-18,updated,1,
2026-06-18 21:30:49,002112,三变科技,2026-06-18,2026-06-18,updated,1,
2026-06-18 21:30:49,002120,韵达股份,2026-06-18,2026-06-18,started,0,
2026-06-18 21:30:49,002111,威海广泰,2026-06-18,2026-06-18,updated,1,
2026-06-18 21:30:49,002121,科陆电子,2026-06-18,2026-06-18,started,0,
2026-06-18 21:30:49,002114,罗平锌电,2026-06-18,2026-06-18,updated,1,
2026-06-18 21:30:49,002122,ST汇洲,2026-06-18,2026-06-18,started,0,
2026-06-18 21:30:50,002115,三维通信,2026-06-18,2026-06-18,updated,1,
2026-06-18 21:30:50,002123,梦网科技,2026-06-18,2026-06-18,started,0,
2026-06-18 21:30:50,002124,天邦食品,2026-06-18,2026-06-18,started,0,
2026-06-18 21:30:50,002116,中国海诚,2026-06-18,2026-06-18,updated,1,
2026-06-18 21:30:50,002117,东港股份,2026-06-18,2026-06-18,updated,1,
2026-06-18 21:30:50,002125,湘潭电化,2026-06-18,2026-06-18,started,0,
2026-06-18 21:30:50,002126,银轮股份,2026-06-18,2026-06-18,started,0,
2026-06-18 21:30:50,002119,康强电子,2026-06-18,2026-06-18,updated,1,
2026-06-18 21:30:50,002127,南极电商,2026-06-18,2026-06-18,started,0,
2026-06-18 21:30:50,002121,科陆电子,2026-06-18,2026-06-18,updated,1,
2026-06-18 21:30:50,002120,韵达股份,2026-06-18,2026-06-18,updated,1,
2026-06-18 21:30:50,002128,电投能源,2026-06-18,2026-06-18,started,0,
2026-06-18 21:30:50,002122,ST汇洲,2026-06-18,2026-06-18,updated,1,
2026-06-18 21:30:50,002129,TCL中环,2026-06-18,2026-06-18,started,0,
2026-06-18 21:30:50,002123,梦网科技,2026-06-18,2026-06-18,updated,1,
2026-06-18 21:30:50,002130,沃尔核材,2026-06-18,2026-06-18,started,0,
2026-06-18 21:30:50,002131,利欧股份,2026-06-18,2026-06-18,started,0,
2026-06-18 21:30:50,002124,天邦食品,2026-06-18,2026-06-18,updated,1,
2026-06-18 21:30:50,002132,恒星科技,2026-06-18,2026-06-18,started,0,
2026-06-18 21:30:50,002125,湘潭电化,2026-06-18,2026-06-18,updated,1,
2026-06-18 21:30:50,002126,银轮股份,2026-06-18,2026-06-18,updated,1,
2026-06-18 21:30:50,002133,广宇集团,2026-06-18,2026-06-18,started,0,
2026-06-18 21:30:51,002134,天津普林,2026-06-18,2026-06-18,started,0,
2026-06-18 21:30:51,002127,南极电商,2026-06-18,2026-06-18,updated,1,
2026-06-18 21:30:51,002128,电投能源,2026-06-18,2026-06-18,updated,1,
2026-06-18 21:30:51,002135,东南网架,2026-06-18,2026-06-18,started,0,
2026-06-18 21:30:51,002129,TCL中环,2026-06-18,2026-06-18,updated,1,
2026-06-18 21:30:51,002136,安纳达,2026-06-18,2026-06-18,started,0,
2026-06-18 21:30:51,002130,沃尔核材,2026-06-18,2026-06-18,updated,1,
2026-06-18 21:30:51,002137,实益达,2026-06-18,2026-06-18,started,0,
2026-06-18 21:30:51,002131,利欧股份,2026-06-18,2026-06-18,updated,1,
2026-06-18 21:30:51,002138,顺络电子,2026-06-18,2026-06-18,started,0,
2026-06-18 21:30:51,002132,恒星科技,2026-06-18,2026-06-18,updated,1,
2026-06-18 21:30:51,002139,拓邦股份,2026-06-18,2026-06-18,started,0,
2026-06-18 21:30:51,002140,东华科技,2026-06-18,2026-06-18,started,0,
2026-06-18 21:30:51,002133,广宇集团,2026-06-18,2026-06-18,updated,1,
2026-06-18 21:30:51,002141,贤丰控股,2026-06-18,2026-06-18,started,0,
2026-06-18 21:30:51,002134,天津普林,2026-06-18,2026-06-18,updated,1,
2026-06-18 21:30:51,002135,东南网架,2026-06-18,2026-06-18,updated,1,
2026-06-18 21:30:51,002142,宁波银行,2026-06-18,2026-06-18,started,0,
2026-06-18 21:30:51,002136,安纳达,2026-06-18,2026-06-18,updated,1,
2026-06-18 21:30:51,002144,宏达高科,2026-06-18,2026-06-18,started,0,
2026-06-18 21:30:51,002145,钛能化学,2026-06-18,2026-06-18,started,0,
2026-06-18 21:30:51,002137,实益达,2026-06-18,2026-06-18,updated,1,
2026-06-18 21:30:51,002138,顺络电子,2026-06-18,2026-06-18,updated,1,
2026-06-18 21:30:51,002146,荣盛发展,2026-06-18,2026-06-18,started,0,
2026-06-18 21:30:52,002140,东华科技,2026-06-18,2026-06-18,updated,1,
2026-06-18 21:30:52,002148,北纬科技,2026-06-18,2026-06-18,started,0,
2026-06-18 21:30:52,002139,拓邦股份,2026-06-18,2026-06-18,updated,1,
2026-06-18 21:30:52,002149,西部材料,2026-06-18,2026-06-18,started,0,
2026-06-18 21:30:52,002150,正泰电源,2026-06-18,2026-06-18,started,0,
2026-06-18 21:30:52,002141,贤丰控股,2026-06-18,2026-06-18,updated,1,
2026-06-18 21:30:52,002151,北斗星通,2026-06-18,2026-06-18,started,0,
2026-06-18 21:30:52,002142,宁波银行,2026-06-18,2026-06-18,updated,1,
2026-06-18 21:30:52,002152,广电运通,2026-06-18,2026-06-18,started,0,
2026-06-18 21:30:52,002144,宏达高科,2026-06-18,2026-06-18,updated,1,
2026-06-18 21:30:52,002145,钛能化学,2026-06-18,2026-06-18,updated,1,
2026-06-18 21:30:52,002146,荣盛发展,2026-06-18,2026-06-18,updated,1,
2026-06-18 21:30:52,002154,报喜鸟,2026-06-18,2026-06-18,started,0,
2026-06-18 21:30:52,002153,石基信息,2026-06-18,2026-06-18,started,0,
2026-06-18 21:30:52,002148,北纬科技,2026-06-18,2026-06-18,updated,1,
2026-06-18 21:30:52,002155,湖南黄金,2026-06-18,2026-06-18,started,0,
2026-06-18 21:30:52,002149,西部材料,2026-06-18,2026-06-18,updated,1,
2026-06-18 21:30:52,002156,通富微电,2026-06-18,2026-06-18,started,0,
2026-06-18 21:30:52,002157,正邦科技,2026-06-18,2026-06-18,started,0,
2026-06-18 21:30:52,002150,正泰电源,2026-06-18,2026-06-18,updated,1,
2026-06-18 21:30:52,002158,汉钟精机,2026-06-18,2026-06-18,started,0,
2026-06-18 21:30:52,002151,北斗星通,2026-06-18,2026-06-18,updated,1,
2026-06-18 21:30:53,002159,三特索道,2026-06-18,2026-06-18,started,0,
2026-06-18 21:30:53,002152,广电运通,2026-06-18,2026-06-18,updated,1,
2026-06-18 21:30:53,002154,报喜鸟,2026-06-18,2026-06-18,updated,1,
2026-06-18 21:30:53,002160,常铝股份,2026-06-18,2026-06-18,started,0,
2026-06-18 21:30:53,002161,远望谷,2026-06-18,2026-06-18,started,0,
2026-06-18 21:30:53,002153,石基信息,2026-06-18,2026-06-18,updated,1,
2026-06-18 21:30:53,002155,湖南黄金,2026-06-18,2026-06-18,updated,1,
2026-06-18 21:30:53,002162,悦心健康,2026-06-18,2026-06-18,started,0,
2026-06-18 21:30:53,002163,海南发展,2026-06-18,2026-06-18,started,0,
2026-06-18 21:30:53,002156,通富微电,2026-06-18,2026-06-18,updated,1,
2026-06-18 21:30:53,002164,宁波东力,2026-06-18,2026-06-18,started,0,
2026-06-18 21:30:53,002157,正邦科技,2026-06-18,2026-06-18,updated,1,
2026-06-18 21:30:53,002165,红宝丽,2026-06-18,2026-06-18,started,0,
2026-06-18 21:30:53,002158,汉钟精机,2026-06-18,2026-06-18,updated,1,
2026-06-18 21:30:53,002159,三特索道,2026-06-18,2026-06-18,updated,1,
2026-06-18 21:30:53,002166,莱茵生物,2026-06-18,2026-06-18,started,0,
2026-06-18 21:30:53,002160,常铝股份,2026-06-18,2026-06-18,updated,1,
2026-06-18 21:30:53,002167,东方锆业,2026-06-18,2026-06-18,started,0,
2026-06-18 21:30:53,002168,ST惠程,2026-06-18,2026-06-18,started,0,
2026-06-18 21:30:53,002161,远望谷,2026-06-18,2026-06-18,updated,1,
2026-06-18 21:30:53,002162,悦心健康,2026-06-18,2026-06-18,updated,1,
2026-06-18 21:30:53,002169,智光电气,2026-06-18,2026-06-18,started,0,
2026-06-18 21:30:53,002163,海南发展,2026-06-18,2026-06-18,updated,1,
2026-06-18 21:30:54,002170,芭田股份,2026-06-18,2026-06-18,started,0,
2026-06-18 21:30:54,002171,楚江新材,2026-06-18,2026-06-18,started,0,
2026-06-18 21:30:54,002164,宁波东力,2026-06-18,2026-06-18,updated,1,
2026-06-18 21:30:54,002165,红宝丽,2026-06-18,2026-06-18,updated,1,
2026-06-18 21:30:54,002172,澳洋健康,2026-06-18,2026-06-18,started,0,
2026-06-18 21:30:54,002166,莱茵生物,2026-06-18,2026-06-18,updated,1,
2026-06-18 21:30:54,002173,创新医疗,2026-06-18,2026-06-18,started,0,
2026-06-18 21:30:54,002174,游族网络,2026-06-18,2026-06-18,started,0,
2026-06-18 21:30:54,002167,东方锆业,2026-06-18,2026-06-18,updated,1,
2026-06-18 21:30:54,002175,*ST东智,2026-06-18,2026-06-18,started,0,
2026-06-18 21:30:54,002168,ST惠程,2026-06-18,2026-06-18,updated,1,
2026-06-18 21:30:54,002169,智光电气,2026-06-18,2026-06-18,updated,1,
2026-06-18 21:30:54,002176,江特电机,2026-06-18,2026-06-18,started,0,
2026-06-18 21:30:54,002177,御银股份,2026-06-18,2026-06-18,started,0,
2026-06-18 21:30:54,002170,芭田股份,2026-06-18,2026-06-18,updated,1,
2026-06-18 21:30:54,002178,延华智能,2026-06-18,2026-06-18,started,0,
2026-06-18 21:30:54,002171,楚江新材,2026-06-18,2026-06-18,updated,1,
2026-06-18 21:30:54,002179,中航光电,2026-06-18,2026-06-18,started,0,
2026-06-18 21:30:54,002172,澳洋健康,2026-06-18,2026-06-18,updated,1,
2026-06-18 21:30:54,002180,奔图科技,2026-06-18,2026-06-18,started,0,
2026-06-18 21:30:54,002173,创新医疗,2026-06-18,2026-06-18,updated,1,
2026-06-18 21:30:54,002174,游族网络,2026-06-18,2026-06-18,updated,1,
2026-06-18 21:30:54,002181,粤传媒,2026-06-18,2026-06-18,started,0,
2026-06-18 21:30:55,002175,*ST东智,2026-06-18,2026-06-18,updated,1,
2026-06-18 21:30:55,002182,宝武镁业,2026-06-18,2026-06-18,started,0,
2026-06-18 21:30:55,002177,御银股份,2026-06-18,2026-06-18,updated,1,
2026-06-18 21:30:55,002183,怡亚通,2026-06-18,2026-06-18,started,0,
2026-06-18 21:30:55,002184,海得控制,2026-06-18,2026-06-18,started,0,
2026-06-18 21:30:55,002176,江特电机,2026-06-18,2026-06-18,updated,1,
2026-06-18 21:30:55,002185,华天科技,2026-06-18,2026-06-18,started,0,
2026-06-18 21:30:55,002178,延华智能,2026-06-18,2026-06-18,updated,1,
2026-06-18 21:30:55,002186,全聚德,2026-06-18,2026-06-18,started,0,
2026-06-18 21:30:55,002179,中航光电,2026-06-18,2026-06-18,updated,1,
2026-06-18 21:30:55,002187,广百股份,2026-06-18,2026-06-18,started,0,
2026-06-18 21:30:55,002180,奔图科技,2026-06-18,2026-06-18,updated,1,
2026-06-18 21:30:55,002181,粤传媒,2026-06-18,2026-06-18,updated,1,
2026-06-18 21:30:55,002188,中天服务,2026-06-18,2026-06-18,started,0,
2026-06-18 21:30:55,002182,宝武镁业,2026-06-18,2026-06-18,updated,1,
2026-06-18 21:30:55,002189,中光学,2026-06-18,2026-06-18,started,0,
2026-06-18 21:30:55,002184,海得控制,2026-06-18,2026-06-18,updated,1,
2026-06-18 21:30:55,002190,成飞集成,2026-06-18,2026-06-18,started,0,
2026-06-18 21:30:55,002191,劲嘉股份,2026-06-18,2026-06-18,started,0,
2026-06-18 21:30:55,002183,怡亚通,2026-06-18,2026-06-18,updated,1,
2026-06-18 21:30:55,002192,融捷股份,2026-06-18,2026-06-18,started,0,
2026-06-18 21:30:55,002185,华天科技,2026-06-18,2026-06-18,updated,1,
2026-06-18 21:30:55,002186,全聚德,2026-06-18,2026-06-18,updated,1,
2026-06-18 21:30:55,002193,ST如意,2026-06-18,2026-06-18,started,0,
2026-06-18 21:30:56,002187,广百股份,2026-06-18,2026-06-18,updated,1,
2026-06-18 21:30:56,002194,武汉凡谷,2026-06-18,2026-06-18,started,0,
2026-06-18 21:30:56,002195,岩山科技,2026-06-18,2026-06-18,started,0,
2026-06-18 21:30:56,002188,中天服务,2026-06-18,2026-06-18,updated,1,
2026-06-18 21:30:56,002189,中光学,2026-06-18,2026-06-18,updated,1,
2026-06-18 21:30:56,002196,方正电机,2026-06-18,2026-06-18,started,0,
2026-06-18 21:30:56,002190,成飞集成,2026-06-18,2026-06-18,updated,1,
2026-06-18 21:30:56,002197,证通电子,2026-06-18,2026-06-18,started,0,
2026-06-18 21:30:56,002198,ST嘉应,2026-06-18,2026-06-18,started,0,
2026-06-18 21:30:56,002191,劲嘉股份,2026-06-18,2026-06-18,updated,1,
2026-06-18 21:30:56,002192,融捷股份,2026-06-18,2026-06-18,updated,1,
2026-06-18 21:30:56,002199,*ST东晶,2026-06-18,2026-06-18,started,0,
2026-06-18 21:30:56,002200,交投生态,2026-06-18,2026-06-18,started,0,
2026-06-18 21:30:56,002193,ST如意,2026-06-18,2026-06-18,updated,1,
2026-06-18 21:30:56,002195,岩山科技,2026-06-18,2026-06-18,updated,1,
2026-06-18 21:30:56,002201,九鼎新材,2026-06-18,2026-06-18,started,0,
2026-06-18 21:30:56,002202,金风科技,2026-06-18,2026-06-18,started,0,
2026-06-18 21:30:56,002194,武汉凡谷,2026-06-18,2026-06-18,updated,1,
2026-06-18 21:30:56,002203,海亮股份,2026-06-18,2026-06-18,started,0,
2026-06-18 21:30:56,002196,方正电机,2026-06-18,2026-06-18,updated,1,
2026-06-18 21:30:56,002204,大连重工,2026-06-18,2026-06-18,started,0,
2026-06-18 21:30:56,002197,证通电子,2026-06-18,2026-06-18,updated,1,
2026-06-18 21:30:57,002199,*ST东晶,2026-06-18,2026-06-18,updated,1,
2026-06-18 21:30:57,002205,国统股份,2026-06-18,2026-06-18,started,0,
2026-06-18 21:30:57,002198,ST嘉应,2026-06-18,2026-06-18,updated,1,
2026-06-18 21:30:57,002206,海利得,2026-06-18,2026-06-18,started,0,
2026-06-18 21:30:57,002201,九鼎新材,2026-06-18,2026-06-18,updated,1,
2026-06-18 21:30:57,002207,*ST准油,2026-06-18,2026-06-18,started,0,
2026-06-18 21:30:57,002200,交投生态,2026-06-18,2026-06-18,updated,1,
2026-06-18 21:30:57,002208,合肥城建,2026-06-18,2026-06-18,started,0,
2026-06-18 21:30:57,002209,达意隆,2026-06-18,2026-06-18,started,0,
2026-06-18 21:30:57,002202,金风科技,2026-06-18,2026-06-18,updated,1,
2026-06-18 21:30:57,002203,海亮股份,2026-06-18,2026-06-18,updated,1,
2026-06-18 21:30:57,002210,飞马国际,2026-06-18,2026-06-18,started,0,
2026-06-18 21:30:57,002211,ST宏达,2026-06-18,2026-06-18,started,0,
2026-06-18 21:30:57,002204,大连重工,2026-06-18,2026-06-18,updated,1,
2026-06-18 21:30:57,002206,海利得,2026-06-18,2026-06-18,updated,1,
2026-06-18 21:30:57,002212,天融信,2026-06-18,2026-06-18,started,0,
2026-06-18 21:30:57,002205,国统股份,2026-06-18,2026-06-18,updated,1,
2026-06-18 21:30:57,002213,大为股份,2026-06-18,2026-06-18,started,0,
2026-06-18 21:30:57,002207,*ST准油,2026-06-18,2026-06-18,updated,1,
2026-06-18 21:30:57,002214,*ST大立,2026-06-18,2026-06-18,started,0,
2026-06-18 21:30:57,002215,诺普信,2026-06-18,2026-06-18,started,0,
2026-06-18 21:30:57,002208,合肥城建,2026-06-18,2026-06-18,updated,1,
2026-06-18 21:30:57,002216,三全食品,2026-06-18,2026-06-18,started,0,
2026-06-18 21:30:57,002209,达意隆,2026-06-18,2026-06-18,updated,1,
2026-06-18 21:30:58,002210,飞马国际,2026-06-18,2026-06-18,updated,1,
2026-06-18 21:30:58,002217,合力泰,2026-06-18,2026-06-18,started,0,
2026-06-18 21:30:58,002218,拓日新能,2026-06-18,2026-06-18,started,0,
2026-06-18 21:30:58,002211,ST宏达,2026-06-18,2026-06-18,updated,1,
2026-06-18 21:30:58,002219,新里程,2026-06-18,2026-06-18,started,0,
2026-06-18 21:30:58,002212,天融信,2026-06-18,2026-06-18,updated,1,
2026-06-18 21:30:58,002213,大为股份,2026-06-18,2026-06-18,updated,1,
2026-06-18 21:30:58,002221,东华能源,2026-06-18,2026-06-18,started,0,
2026-06-18 21:30:58,002214,*ST大立,2026-06-18,2026-06-18,updated,1,
2026-06-18 21:30:58,002222,福晶科技,2026-06-18,2026-06-18,started,0,
2026-06-18 21:30:58,002215,诺普信,2026-06-18,2026-06-18,updated,1,
2026-06-18 21:30:58,002223,鱼跃医疗,2026-06-18,2026-06-18,started,0,
2026-06-18 21:30:58,002224,三力士,2026-06-18,2026-06-18,started,0,
2026-06-18 21:30:58,002216,三全食品,2026-06-18,2026-06-18,updated,1,
2026-06-18 21:30:58,002217,合力泰,2026-06-18,2026-06-18,updated,1,
2026-06-18 21:30:58,002225,濮耐股份,2026-06-18,2026-06-18,started,0,
2026-06-18 21:30:58,002226,江南化工,2026-06-18,2026-06-18,started,0,
2026-06-18 21:30:58,002218,拓日新能,2026-06-18,2026-06-18,updated,1,
2026-06-18 21:30:58,002227,*ST特迅,2026-06-18,2026-06-18,started,0,
2026-06-18 21:30:58,002219,新里程,2026-06-18,2026-06-18,updated,1,
2026-06-18 21:30:58,002221,东华能源,2026-06-18,2026-06-18,updated,1,
2026-06-18 21:30:58,002228,合兴包装,2026-06-18,2026-06-18,started,0,
2026-06-18 21:30:58,002229,鸿博股份,2026-06-18,2026-06-18,started,0,
2026-06-18 21:30:58,002222,福晶科技,2026-06-18,2026-06-18,updated,1,
2026-06-18 21:30:59,002230,科大讯飞,2026-06-18,2026-06-18,started,0,
2026-06-18 21:30:59,002223,鱼跃医疗,2026-06-18,2026-06-18,updated,1,
2026-06-18 21:30:59,002224,三力士,2026-06-18,2026-06-18,updated,1,
2026-06-18 21:30:59,002232,启明信息,2026-06-18,2026-06-18,started,0,
2026-06-18 21:30:59,002225,濮耐股份,2026-06-18,2026-06-18,updated,1,
2026-06-18 21:30:59,002233,塔牌集团,2026-06-18,2026-06-18,started,0,
2026-06-18 21:30:59,002226,江南化工,2026-06-18,2026-06-18,updated,1,
2026-06-18 21:30:59,002234,民和股份,2026-06-18,2026-06-18,started,0,
2026-06-18 21:30:59,002227,*ST特迅,2026-06-18,2026-06-18,updated,1,
2026-06-18 21:30:59,002235,安妮股份,2026-06-18,2026-06-18,started,0,
2026-06-18 21:30:59,002228,合兴包装,2026-06-18,2026-06-18,updated,1,
2026-06-18 21:30:59,002236,大华股份,2026-06-18,2026-06-18,started,0,
2026-06-18 21:30:59,002237,恒邦股份,2026-06-18,2026-06-18,started,0,
2026-06-18 21:30:59,002229,鸿博股份,2026-06-18,2026-06-18,updated,1,
2026-06-18 21:30:59,002230,科大讯飞,2026-06-18,2026-06-18,updated,1,
2026-06-18 21:30:59,002238,天威视讯,2026-06-18,2026-06-18,started,0,
2026-06-18 21:30:59,002239,奥特佳,2026-06-18,2026-06-18,started,0,
2026-06-18 21:30:59,002232,启明信息,2026-06-18,2026-06-18,updated,1,
2026-06-18 21:30:59,002233,塔牌集团,2026-06-18,2026-06-18,updated,1,
2026-06-18 21:30:59,002240,盛新锂能,2026-06-18,2026-06-18,started,0,
2026-06-18 21:30:59,002241,歌尔股份,2026-06-18,2026-06-18,started,0,
2026-06-18 21:30:59,002234,民和股份,2026-06-18,2026-06-18,updated,1,
2026-06-18 21:31:00,002235,安妮股份,2026-06-18,2026-06-18,updated,1,
2026-06-18 21:31:00,002242,九阳股份,2026-06-18,2026-06-18,started,0,
2026-06-18 21:31:00,002243,力合科创,2026-06-18,2026-06-18,started,0,
2026-06-18 21:31:00,002236,大华股份,2026-06-18,2026-06-18,updated,1,
2026-06-18 21:31:00,002244,滨江集团,2026-06-18,2026-06-18,started,0,
2026-06-18 21:31:00,002237,恒邦股份,2026-06-18,2026-06-18,updated,1,
2026-06-18 21:31:00,002245,蔚蓝锂芯,2026-06-18,2026-06-18,started,0,
2026-06-18 21:31:00,002238,天威视讯,2026-06-18,2026-06-18,updated,1,
2026-06-18 21:31:00,002246,北化股份,2026-06-18,2026-06-18,started,0,
2026-06-18 21:31:00,002239,奥特佳,2026-06-18,2026-06-18,updated,1,
2026-06-18 21:31:00,002247,聚力文化,2026-06-18,2026-06-18,started,0,
2026-06-18 21:31:00,002240,盛新锂能,2026-06-18,2026-06-18,updated,1,
2026-06-18 21:31:00,002241,歌尔股份,2026-06-18,2026-06-18,updated,1,
2026-06-18 21:31:00,002248,华东数控,2026-06-18,2026-06-18,started,0,
2026-06-18 21:31:00,002249,大洋电机,2026-06-18,2026-06-18,started,0,
2026-06-18 21:31:00,002243,力合科创,2026-06-18,2026-06-18,updated,1,
2026-06-18 21:31:00,002250,联化科技,2026-06-18,2026-06-18,started,0,
2026-06-18 21:31:00,002242,九阳股份,2026-06-18,2026-06-18,updated,1,
2026-06-18 21:31:00,002244,滨江集团,2026-06-18,2026-06-18,updated,1,
2026-06-18 21:31:00,002251,步步高,2026-06-18,2026-06-18,started,0,
2026-06-18 21:31:00,002245,蔚蓝锂芯,2026-06-18,2026-06-18,updated,1,
2026-06-18 21:31:00,002252,上海莱士,2026-06-18,2026-06-18,started,0,
2026-06-18 21:31:00,002253,*ST智胜,2026-06-18,2026-06-18,started,0,
2026-06-18 21:31:00,002246,北化股份,2026-06-18,2026-06-18,updated,1,
2026-06-18 21:31:01,002247,聚力文化,2026-06-18,2026-06-18,updated,1,
2026-06-18 21:31:01,002254,泰和新材,2026-06-18,2026-06-18,started,0,
2026-06-18 21:31:01,002255,海陆重工,2026-06-18,2026-06-18,started,0,
2026-06-18 21:31:01,002248,华东数控,2026-06-18,2026-06-18,updated,1,
2026-06-18 21:31:01,002256,兆新股份,2026-06-18,2026-06-18,started,0,
2026-06-18 21:31:01,002249,大洋电机,2026-06-18,2026-06-18,updated,1,
2026-06-18 21:31:01,002258,利尔化学,2026-06-18,2026-06-18,started,0,
2026-06-18 21:31:01,002250,联化科技,2026-06-18,2026-06-18,updated,1,
2026-06-18 21:31:01,002259,升达林业,2026-06-18,2026-06-18,started,0,
2026-06-18 21:31:01,002251,步步高,2026-06-18,2026-06-18,updated,1,
2026-06-18 21:31:01,002252,上海莱士,2026-06-18,2026-06-18,updated,1,
2026-06-18 21:31:01,002261,拓维信息,2026-06-18,2026-06-18,started,0,
2026-06-18 21:31:01,002253,*ST智胜,2026-06-18,2026-06-18,updated,1,
2026-06-18 21:31:01,002262,恩华药业,2026-06-18,2026-06-18,started,0,
2026-06-18 21:31:01,002254,泰和新材,2026-06-18,2026-06-18,updated,1,
2026-06-18 21:31:01,002263,大东南,2026-06-18,2026-06-18,started,0,
2026-06-18 21:31:01,002255,海陆重工,2026-06-18,2026-06-18,updated,1,
2026-06-18 21:31:01,002264,新华都,2026-06-18,2026-06-18,started,0,
2026-06-18 21:31:01,002265,建设工业,2026-06-18,2026-06-18,started,0,
2026-06-18 21:31:01,002256,兆新股份,2026-06-18,2026-06-18,updated,1,
2026-06-18 21:31:01,002258,利尔化学,2026-06-18,2026-06-18,updated,1,
2026-06-18 21:31:01,002266,浙富控股,2026-06-18,2026-06-18,started,0,
2026-06-18 21:31:02,002267,陕天然气,2026-06-18,2026-06-18,started,0,
2026-06-18 21:31:02,002259,升达林业,2026-06-18,2026-06-18,updated,1,
2026-06-18 21:31:02,002261,拓维信息,2026-06-18,2026-06-18,updated,1,
2026-06-18 21:31:02,002268,电科网安,2026-06-18,2026-06-18,started,0,
2026-06-18 21:31:02,002262,恩华药业,2026-06-18,2026-06-18,updated,1,
2026-06-18 21:31:02,002269,美邦服饰,2026-06-18,2026-06-18,started,0,
2026-06-18 21:31:02,002263,大东南,2026-06-18,2026-06-18,updated,1,
2026-06-18 21:31:02,002270,华明装备,2026-06-18,2026-06-18,started,0,
2026-06-18 21:31:02,002264,新华都,2026-06-18,2026-06-18,updated,1,
2026-06-18 21:31:02,002271,东方雨虹,2026-06-18,2026-06-18,started,0,
2026-06-18 21:31:02,002265,建设工业,2026-06-18,2026-06-18,updated,1,
2026-06-18 21:31:02,002272,川润股份,2026-06-18,2026-06-18,started,0,
2026-06-18 21:31:02,002266,浙富控股,2026-06-18,2026-06-18,updated,1,
2026-06-18 21:31:02,002273,水晶光电,2026-06-18,2026-06-18,started,0,
2026-06-18 21:31:02,002274,华昌化工,2026-06-18,2026-06-18,started,0,
2026-06-18 21:31:02,002267,陕天然气,2026-06-18,2026-06-18,updated,1,
2026-06-18 21:31:02,002275,桂林三金,2026-06-18,2026-06-18,started,0,
2026-06-18 21:31:02,002268,电科网安,2026-06-18,2026-06-18,updated,1,
2026-06-18 21:31:02,002269,美邦服饰,2026-06-18,2026-06-18,updated,1,
2026-06-18 21:31:02,002276,万马股份,2026-06-18,2026-06-18,started,0,
2026-06-18 21:31:02,002277,友阿股份,2026-06-18,2026-06-18,started,0,
2026-06-18 21:31:02,002270,华明装备,2026-06-18,2026-06-18,updated,1,
2026-06-18 21:31:02,002271,东方雨虹,2026-06-18,2026-06-18,updated,1,
2026-06-18 21:31:03,002278,神开股份,2026-06-18,2026-06-18,started,0,
2026-06-18 21:31:03,002273,水晶光电,2026-06-18,2026-06-18,updated,1,
2026-06-18 21:31:03,002279,久其软件,2026-06-18,2026-06-18,started,0,
2026-06-18 21:31:03,002281,光迅科技,2026-06-18,2026-06-18,started,0,
2026-06-18 21:31:03,002272,川润股份,2026-06-18,2026-06-18,updated,1,
2026-06-18 21:31:03,002282,博深股份,2026-06-18,2026-06-18,started,0,
2026-06-18 21:31:03,002274,华昌化工,2026-06-18,2026-06-18,updated,1,
2026-06-18 21:31:03,002283,天润工业,2026-06-18,2026-06-18,started,0,
2026-06-18 21:31:03,002275,桂林三金,2026-06-18,2026-06-18,updated,1,
2026-06-18 21:31:03,002276,万马股份,2026-06-18,2026-06-18,updated,1,
2026-06-18 21:31:03,002284,亚太股份,2026-06-18,2026-06-18,started,0,
2026-06-18 21:31:03,002277,友阿股份,2026-06-18,2026-06-18,updated,1,
2026-06-18 21:31:03,002285,世联行,2026-06-18,2026-06-18,started,0,
2026-06-18 21:31:03,002286,保龄宝,2026-06-18,2026-06-18,started,0,
2026-06-18 21:31:03,002278,神开股份,2026-06-18,2026-06-18,updated,1,
2026-06-18 21:31:03,002281,光迅科技,2026-06-18,2026-06-18,updated,1,
2026-06-18 21:31:03,002287,奇正藏药,2026-06-18,2026-06-18,started,0,
2026-06-18 21:31:03,002289,*ST宇顺,2026-06-18,2026-06-18,started,0,
2026-06-18 21:31:03,002279,久其软件,2026-06-18,2026-06-18,updated,1,
2026-06-18 21:31:03,002282,博深股份,2026-06-18,2026-06-18,updated,1,
2026-06-18 21:31:03,002290,禾盛新材,2026-06-18,2026-06-18,started,0,
2026-06-18 21:31:03,002291,遥望科技,2026-06-18,2026-06-18,started,0,
2026-06-18 21:31:03,002283,天润工业,2026-06-18,2026-06-18,updated,1,
2026-06-18 21:31:04,002292,奥飞娱乐,2026-06-18,2026-06-18,started,0,
2026-06-18 21:31:04,002284,亚太股份,2026-06-18,2026-06-18,updated,1,
2026-06-18 21:31:04,002293,罗莱生活,2026-06-18,2026-06-18,started,0,
2026-06-18 21:31:04,002285,世联行,2026-06-18,2026-06-18,updated,1,
2026-06-18 21:31:04,002286,保龄宝,2026-06-18,2026-06-18,updated,1,
2026-06-18 21:31:04,002294,信立泰,2026-06-18,2026-06-18,started,0,
2026-06-18 21:31:04,002295,精艺股份,2026-06-18,2026-06-18,started,0,
2026-06-18 21:31:04,002287,奇正藏药,2026-06-18,2026-06-18,updated,1,
2026-06-18 21:31:04,002296,辉煌科技,2026-06-18,2026-06-18,started,0,
2026-06-18 21:31:04,002289,*ST宇顺,2026-06-18,2026-06-18,updated,1,
2026-06-18 21:31:04,002290,禾盛新材,2026-06-18,2026-06-18,updated,1,
2026-06-18 21:31:04,002297,博云新材,2026-06-18,2026-06-18,started,0,
2026-06-18 21:31:04,002291,遥望科技,2026-06-18,2026-06-18,updated,1,
2026-06-18 21:31:04,002298,中电鑫龙,2026-06-18,2026-06-18,started,0,
2026-06-18 21:31:04,002299,圣农发展,2026-06-18,2026-06-18,started,0,
2026-06-18 21:31:04,002292,奥飞娱乐,2026-06-18,2026-06-18,updated,1,
2026-06-18 21:31:04,002300,太阳电缆,2026-06-18,2026-06-18,started,0,
2026-06-18 21:31:04,002293,罗莱生活,2026-06-18,2026-06-18,updated,1,
2026-06-18 21:31:04,002294,信立泰,2026-06-18,2026-06-18,updated,1,
2026-06-18 21:31:04,002301,齐心集团,2026-06-18,2026-06-18,started,0,
2026-06-18 21:31:04,002302,西部建设,2026-06-18,2026-06-18,started,0,
2026-06-18 21:31:04,002295,精艺股份,2026-06-18,2026-06-18,updated,1,
2026-06-18 21:31:04,002303,美盈森,2026-06-18,2026-06-18,started,0,
2026-06-18 21:31:04,002296,辉煌科技,2026-06-18,2026-06-18,updated,1,
2026-06-18 21:31:05,002297,博云新材,2026-06-18,2026-06-18,updated,1,
2026-06-18 21:31:05,002298,中电鑫龙,2026-06-18,2026-06-18,updated,1,
2026-06-18 21:31:05,002304,洋河股份,2026-06-18,2026-06-18,started,0,
2026-06-18 21:31:05,002305,*ST南置,2026-06-18,2026-06-18,started,0,
2026-06-18 21:31:05,002306,*ST云网,2026-06-18,2026-06-18,started,0,
2026-06-18 21:31:05,002299,圣农发展,2026-06-18,2026-06-18,updated,1,
2026-06-18 21:31:05,002300,太阳电缆,2026-06-18,2026-06-18,updated,1,
2026-06-18 21:31:05,002307,北新路桥,2026-06-18,2026-06-18,started,0,
2026-06-18 21:31:05,002309,中利集团,2026-06-18,2026-06-18,started,0,
2026-06-18 21:31:05,002301,齐心集团,2026-06-18,2026-06-18,updated,1,
2026-06-18 21:31:05,002310,东方新能,2026-06-18,2026-06-18,started,0,
2026-06-18 21:31:05,002302,西部建设,2026-06-18,2026-06-18,updated,1,
2026-06-18 21:31:05,002311,海大集团,2026-06-18,2026-06-18,started,0,
2026-06-18 21:31:05,002303,美盈森,2026-06-18,2026-06-18,updated,1,
2026-06-18 21:31:05,002304,洋河股份,2026-06-18,2026-06-18,updated,1,
2026-06-18 21:31:05,002312,川发龙蟒,2026-06-18,2026-06-18,started,0,
2026-06-18 21:31:05,002305,*ST南置,2026-06-18,2026-06-18,updated,1,
2026-06-18 21:31:05,002313,日海智能,2026-06-18,2026-06-18,started,0,
2026-06-18 21:31:05,002306,*ST云网,2026-06-18,2026-06-18,updated,1,
2026-06-18 21:31:05,002314,南山控股,2026-06-18,2026-06-18,started,0,
2026-06-18 21:31:05,002315,焦点科技,2026-06-18,2026-06-18,started,0,
2026-06-18 21:31:05,002307,北新路桥,2026-06-18,2026-06-18,updated,1,
2026-06-18 21:31:05,002309,中利集团,2026-06-18,2026-06-18,updated,1,
2026-06-18 21:31:06,002316,亚联发展,2026-06-18,2026-06-18,started,0,
2026-06-18 21:31:06,002317,众生药业,2026-06-18,2026-06-18,started,0,
2026-06-18 21:31:06,002310,东方新能,2026-06-18,2026-06-18,updated,1,
2026-06-18 21:31:06,002311,海大集团,2026-06-18,2026-06-18,updated,1,
2026-06-18 21:31:06,002318,久立特材,2026-06-18,2026-06-18,started,0,
2026-06-18 21:31:06,002319,乐通股份,2026-06-18,2026-06-18,started,0,
2026-06-18 21:31:06,002312,川发龙蟒,2026-06-18,2026-06-18,updated,1,
2026-06-18 21:31:06,002313,日海智能,2026-06-18,2026-06-18,updated,1,
2026-06-18 21:31:06,002320,海峡股份,2026-06-18,2026-06-18,started,0,
2026-06-18 21:31:06,002321,华英农业,2026-06-18,2026-06-18,started,0,
2026-06-18 21:31:06,002314,南山控股,2026-06-18,2026-06-18,updated,1,
2026-06-18 21:31:06,002322,理工能科,2026-06-18,2026-06-18,started,0,
2026-06-18 21:31:06,002315,焦点科技,2026-06-18,2026-06-18,updated,1,
2026-06-18 21:31:06,002323,*ST雅博,2026-06-18,2026-06-18,started,0,
2026-06-18 21:31:06,002316,亚联发展,2026-06-18,2026-06-18,updated,1,
2026-06-18 21:31:06,002324,普利特,2026-06-18,2026-06-18,started,0,
2026-06-18 21:31:06,002317,众生药业,2026-06-18,2026-06-18,updated,1,
2026-06-18 21:31:06,002326,永太科技,2026-06-18,2026-06-18,started,0,
2026-06-18 21:31:06,002318,久立特材,2026-06-18,2026-06-18,updated,1,
2026-06-18 21:31:06,002319,乐通股份,2026-06-18,2026-06-18,updated,1,
2026-06-18 21:31:06,002327,富安娜,2026-06-18,2026-06-18,started,0,
2026-06-18 21:31:06,002320,海峡股份,2026-06-18,2026-06-18,updated,1,
2026-06-18 21:31:06,002328,新朋股份,2026-06-18,2026-06-18,started,0,
2026-06-18 21:31:07,002329,皇氏集团,2026-06-18,2026-06-18,started,0,
2026-06-18 21:31:07,002321,华英农业,2026-06-18,2026-06-18,updated,1,
2026-06-18 21:31:07,002322,理工能科,2026-06-18,2026-06-18,updated,1,
2026-06-18 21:31:07,002330,得利斯,2026-06-18,2026-06-18,started,0,
2026-06-18 21:31:07,002323,*ST雅博,2026-06-18,2026-06-18,updated,1,
2026-06-18 21:31:07,002331,皖通科技,2026-06-18,2026-06-18,started,0,
2026-06-18 21:31:07,002332,仙琚制药,2026-06-18,2026-06-18,started,0,
2026-06-18 21:31:07,002324,普利特,2026-06-18,2026-06-18,updated,1,
2026-06-18 21:31:07,002326,永太科技,2026-06-18,2026-06-18,updated,1,
2026-06-18 21:31:07,002333,罗普斯金,2026-06-18,2026-06-18,started,0,
2026-06-18 21:31:07,002327,富安娜,2026-06-18,2026-06-18,updated,1,
2026-06-18 21:31:07,002334,英威腾,2026-06-18,2026-06-18,started,0,
2026-06-18 21:31:07,002328,新朋股份,2026-06-18,2026-06-18,updated,1,
2026-06-18 21:31:07,002335,科华数据,2026-06-18,2026-06-18,started,0,
2026-06-18 21:31:07,002337,赛象科技,2026-06-18,2026-06-18,started,0,
2026-06-18 21:31:07,002329,皇氏集团,2026-06-18,2026-06-18,updated,1,
2026-06-18 21:31:07,002338,奥普光电,2026-06-18,2026-06-18,started,0,
2026-06-18 21:31:07,002330,得利斯,2026-06-18,2026-06-18,updated,1,
2026-06-18 21:31:07,002331,皖通科技,2026-06-18,2026-06-18,updated,1,
2026-06-18 21:31:07,002332,仙琚制药,2026-06-18,2026-06-18,updated,1,
2026-06-18 21:31:07,002340,格林美,2026-06-18,2026-06-18,started,0,
2026-06-18 21:31:07,002339,积成电子,2026-06-18,2026-06-18,started,0,
2026-06-18 21:31:07,002333,罗普斯金,2026-06-18,2026-06-18,updated,1,
2026-06-18 21:31:07,002342,巨力索具,2026-06-18,2026-06-18,started,0,
2026-06-18 21:31:08,002334,英威腾,2026-06-18,2026-06-18,updated,1,
2026-06-18 21:31:08,002343,慈文传媒,2026-06-18,2026-06-18,started,0,
2026-06-18 21:31:08,002335,科华数据,2026-06-18,2026-06-18,updated,1,
2026-06-18 21:31:08,002344,海宁皮城,2026-06-18,2026-06-18,started,0,
2026-06-18 21:31:08,002337,赛象科技,2026-06-18,2026-06-18,updated,1,
2026-06-18 21:31:08,002345,潮宏基,2026-06-18,2026-06-18,started,0,
2026-06-18 21:31:08,002346,柘中股份,2026-06-18,2026-06-18,started,0,
2026-06-18 21:31:08,002338,奥普光电,2026-06-18,2026-06-18,updated,1,
2026-06-18 21:31:08,002340,格林美,2026-06-18,2026-06-18,updated,1,
2026-06-18 21:31:08,002347,泰尔股份,2026-06-18,2026-06-18,started,0,
2026-06-18 21:31:08,002339,积成电子,2026-06-18,2026-06-18,updated,1,
2026-06-18 21:31:08,002348,高乐股份,2026-06-18,2026-06-18,started,0,
2026-06-18 21:31:08,002349,精华制药,2026-06-18,2026-06-18,started,0,
2026-06-18 21:31:08,002342,巨力索具,2026-06-18,2026-06-18,updated,1,
2026-06-18 21:31:08,002343,慈文传媒,2026-06-18,2026-06-18,updated,1,
2026-06-18 21:31:08,002350,北京科锐,2026-06-18,2026-06-18,started,0,
2026-06-18 21:31:08,002351,漫步者,2026-06-18,2026-06-18,started,0,
2026-06-18 21:31:08,002344,海宁皮城,2026-06-18,2026-06-18,updated,1,
2026-06-18 21:31:08,002352,顺丰控股,2026-06-18,2026-06-18,started,0,
2026-06-18 21:31:08,002345,潮宏基,2026-06-18,2026-06-18,updated,1,
2026-06-18 21:31:08,002353,杰瑞股份,2026-06-18,2026-06-18,started,0,
2026-06-18 21:31:08,002346,柘中股份,2026-06-18,2026-06-18,updated,1,
2026-06-18 21:31:08,002347,泰尔股份,2026-06-18,2026-06-18,updated,1,
2026-06-18 21:31:08,002354,天娱数科,2026-06-18,2026-06-18,started,0,
2026-06-18 21:31:09,002348,高乐股份,2026-06-18,2026-06-18,updated,1,
2026-06-18 21:31:09,002355,兴民智通,2026-06-18,2026-06-18,started,0,
2026-06-18 21:31:09,002349,精华制药,2026-06-18,2026-06-18,updated,1,
2026-06-18 21:31:09,002351,漫步者,2026-06-18,2026-06-18,updated,1,
2026-06-18 21:31:09,002356,赫美集团,2026-06-18,2026-06-18,started,0,
2026-06-18 21:31:09,002350,北京科锐,2026-06-18,2026-06-18,updated,1,
2026-06-18 21:31:09,002357,富临运业,2026-06-18,2026-06-18,started,0,
2026-06-18 21:31:09,002358,森源电气,2026-06-18,2026-06-18,started,0,
2026-06-18 21:31:09,002360,ST同德,2026-06-18,2026-06-18,started,0,
2026-06-18 21:31:09,002352,顺丰控股,2026-06-18,2026-06-18,updated,1,
2026-06-18 21:31:09,002353,杰瑞股份,2026-06-18,2026-06-18,updated,1,
2026-06-18 21:31:09,002361,神剑股份,2026-06-18,2026-06-18,started,0,
2026-06-18 21:31:09,002362,汉王科技,2026-06-18,2026-06-18,started,0,
2026-06-18 21:31:09,002354,天娱数科,2026-06-18,2026-06-18,updated,1,
2026-06-18 21:31:09,002363,隆基机械,2026-06-18,2026-06-18,started,0,
2026-06-18 21:31:09,002355,兴民智通,2026-06-18,2026-06-18,updated,1,
2026-06-18 21:31:09,002364,中恒电气,2026-06-18,2026-06-18,started,0,
2026-06-18 21:31:09,002356,赫美集团,2026-06-18,2026-06-18,updated,1,
2026-06-18 21:31:09,002358,森源电气,2026-06-18,2026-06-18,updated,1,
2026-06-18 21:31:09,002365,永安药业,2026-06-18,2026-06-18,started,0,
2026-06-18 21:31:09,002357,富临运业,2026-06-18,2026-06-18,updated,1,
2026-06-18 21:31:09,002366,融发核电,2026-06-18,2026-06-18,started,0,
2026-06-18 21:31:09,002367,康力电梯,2026-06-18,2026-06-18,started,0,
2026-06-18 21:31:09,002360,ST同德,2026-06-18,2026-06-18,updated,1,
2026-06-18 21:31:10,002361,神剑股份,2026-06-18,2026-06-18,updated,1,
2026-06-18 21:31:10,002368,太极股份,2026-06-18,2026-06-18,started,0,
2026-06-18 21:31:10,002362,汉王科技,2026-06-18,2026-06-18,updated,1,
2026-06-18 21:31:10,002369,卓翼科技,2026-06-18,2026-06-18,started,0,
2026-06-18 21:31:10,002370,亚太药业,2026-06-18,2026-06-18,started,0,
2026-06-18 21:31:10,002363,隆基机械,2026-06-18,2026-06-18,updated,1,
2026-06-18 21:31:10,002364,中恒电气,2026-06-18,2026-06-18,updated,1,
2026-06-18 21:31:10,002371,北方华创,2026-06-18,2026-06-18,started,0,
2026-06-18 21:31:10,002372,伟星新材,2026-06-18,2026-06-18,started,0,
2026-06-18 21:31:10,002365,永安药业,2026-06-18,2026-06-18,updated,1,
2026-06-18 21:31:10,002366,融发核电,2026-06-18,2026-06-18,updated,1,
2026-06-18 21:31:10,002373,千方科技,2026-06-18,2026-06-18,started,0,
2026-06-18 21:31:10,002367,康力电梯,2026-06-18,2026-06-18,updated,1,
2026-06-18 21:31:10,002374,中锐股份,2026-06-18,2026-06-18,started,0,
2026-06-18 21:31:10,002368,太极股份,2026-06-18,2026-06-18,updated,1,
2026-06-18 21:31:10,002375,亚厦股份,2026-06-18,2026-06-18,started,0,
2026-06-18 21:31:10,002376,新北洋,2026-06-18,2026-06-18,started,0,
2026-06-18 21:31:10,002370,亚太药业,2026-06-18,2026-06-18,updated,1,
2026-06-18 21:31:10,002377,国创高新,2026-06-18,2026-06-18,started,0,
2026-06-18 21:31:10,002369,卓翼科技,2026-06-18,2026-06-18,updated,1,
2026-06-18 21:31:10,002372,伟星新材,2026-06-18,2026-06-18,updated,1,
2026-06-18 21:31:10,002378,章源钨业,2026-06-18,2026-06-18,started,0,
2026-06-18 21:31:10,002379,宏桥控股,2026-06-18,2026-06-18,started,0,
2026-06-18 21:31:10,002371,北方华创,2026-06-18,2026-06-18,updated,1,
2026-06-18 21:31:11,002380,科远智慧,2026-06-18,2026-06-18,started,0,
2026-06-18 21:31:11,002373,千方科技,2026-06-18,2026-06-18,updated,1,
2026-06-18 21:31:11,002374,中锐股份,2026-06-18,2026-06-18,updated,1,
2026-06-18 21:31:11,002381,双箭股份,2026-06-18,2026-06-18,started,0,
2026-06-18 21:31:11,002375,亚厦股份,2026-06-18,2026-06-18,updated,1,
2026-06-18 21:31:11,002382,蓝帆医疗,2026-06-18,2026-06-18,started,0,
2026-06-18 21:31:11,002383,合众思壮,2026-06-18,2026-06-18,started,0,
2026-06-18 21:31:11,002376,新北洋,2026-06-18,2026-06-18,updated,1,
2026-06-18 21:31:11,002384,东山精密,2026-06-18,2026-06-18,started,0,
2026-06-18 21:31:11,002377,国创高新,2026-06-18,2026-06-18,updated,1,
2026-06-18 21:31:11,002385,大北农,2026-06-18,2026-06-18,started,0,
2026-06-18 21:31:11,002379,宏桥控股,2026-06-18,2026-06-18,updated,1,
2026-06-18 21:31:11,002378,章源钨业,2026-06-18,2026-06-18,updated,1,
2026-06-18 21:31:11,002386,天原股份,2026-06-18,2026-06-18,started,0,
2026-06-18 21:31:11,002387,维信诺,2026-06-18,2026-06-18,started,0,
2026-06-18 21:31:11,002380,科远智慧,2026-06-18,2026-06-18,updated,1,
2026-06-18 21:31:11,002381,双箭股份,2026-06-18,2026-06-18,updated,1,
2026-06-18 21:31:11,002388,新亚制程,2026-06-18,2026-06-18,started,0,
2026-06-18 21:31:11,002383,合众思壮,2026-06-18,2026-06-18,updated,1,
2026-06-18 21:31:11,002389,航天彩虹,2026-06-18,2026-06-18,started,0,
2026-06-18 21:31:11,002390,信邦制药,2026-06-18,2026-06-18,started,0,
2026-06-18 21:31:11,002382,蓝帆医疗,2026-06-18,2026-06-18,updated,1,
2026-06-18 21:31:12,002391,长青股份,2026-06-18,2026-06-18,started,0,
2026-06-18 21:31:12,002384,东山精密,2026-06-18,2026-06-18,updated,1,
2026-06-18 21:31:12,002392,北京利尔,2026-06-18,2026-06-18,started,0,
2026-06-18 21:31:12,002385,大北农,2026-06-18,2026-06-18,updated,1,
2026-06-18 21:31:12,002386,天原股份,2026-06-18,2026-06-18,updated,1,
2026-06-18 21:31:12,002393,力生制药,2026-06-18,2026-06-18,started,0,
2026-06-18 21:31:12,002394,联发股份,2026-06-18,2026-06-18,started,0,
2026-06-18 21:31:12,002387,维信诺,2026-06-18,2026-06-18,updated,1,
2026-06-18 21:31:12,002395,双象股份,2026-06-18,2026-06-18,started,0,
2026-06-18 21:31:12,002388,新亚制程,2026-06-18,2026-06-18,updated,1,
2026-06-18 21:31:12,002396,星网锐捷,2026-06-18,2026-06-18,started,0,
2026-06-18 21:31:12,002389,航天彩虹,2026-06-18,2026-06-18,updated,1,
2026-06-18 21:31:12,002397,梦洁股份,2026-06-18,2026-06-18,started,0,
2026-06-18 21:31:12,002390,信邦制药,2026-06-18,2026-06-18,updated,1,
2026-06-18 21:31:12,002398,垒知集团,2026-06-18,2026-06-18,started,0,
2026-06-18 21:31:12,002391,长青股份,2026-06-18,2026-06-18,updated,1,
2026-06-18 21:31:12,002392,北京利尔,2026-06-18,2026-06-18,updated,1,
2026-06-18 21:31:12,002399,海普瑞,2026-06-18,2026-06-18,started,0,
2026-06-18 21:31:12,002394,联发股份,2026-06-18,2026-06-18,updated,1,
2026-06-18 21:31:12,002400,省广集团,2026-06-18,2026-06-18,started,0,
2026-06-18 21:31:12,002401,中远海科,2026-06-18,2026-06-18,started,0,
2026-06-18 21:31:12,002393,力生制药,2026-06-18,2026-06-18,updated,1,
2026-06-18 21:31:12,002402,和而泰,2026-06-18,2026-06-18,started,0,
2026-06-18 21:31:12,002395,双象股份,2026-06-18,2026-06-18,updated,1,
2026-06-18 21:31:13,002396,星网锐捷,2026-06-18,2026-06-18,updated,1,
2026-06-18 21:31:13,002403,爱仕达,2026-06-18,2026-06-18,started,0,
2026-06-18 21:31:13,002404,嘉欣丝绸,2026-06-18,2026-06-18,started,0,
2026-06-18 21:31:13,002397,梦洁股份,2026-06-18,2026-06-18,updated,1,
2026-06-18 21:31:13,002398,垒知集团,2026-06-18,2026-06-18,updated,1,
2026-06-18 21:31:13,002405,四维图新,2026-06-18,2026-06-18,started,0,
2026-06-18 21:31:13,002399,海普瑞,2026-06-18,2026-06-18,updated,1,
2026-06-18 21:31:13,002406,远东传动,2026-06-18,2026-06-18,started,0,
2026-06-18 21:31:13,002407,多氟多,2026-06-18,2026-06-18,started,0,
2026-06-18 21:31:13,002400,省广集团,2026-06-18,2026-06-18,updated,1,
2026-06-18 21:31:13,002408,齐翔腾达,2026-06-18,2026-06-18,started,0,
2026-06-18 21:31:13,002401,中远海科,2026-06-18,2026-06-18,updated,1,
2026-06-18 21:31:13,002409,雅克科技,2026-06-18,2026-06-18,started,0,
2026-06-18 21:31:13,002402,和而泰,2026-06-18,2026-06-18,updated,1,
2026-06-18 21:31:13,002404,嘉欣丝绸,2026-06-18,2026-06-18,updated,1,
2026-06-18 21:31:13,002410,广联达,2026-06-18,2026-06-18,started,0,
2026-06-18 21:31:13,002403,爱仕达,2026-06-18,2026-06-18,updated,1,
2026-06-18 21:31:13,002412,汉森制药,2026-06-18,2026-06-18,started,0,
2026-06-18 21:31:13,002405,四维图新,2026-06-18,2026-06-18,updated,1,
2026-06-18 21:31:13,002413,雷科防务,2026-06-18,2026-06-18,started,0,
2026-06-18 21:31:13,002406,远东传动,2026-06-18,2026-06-18,updated,1,
2026-06-18 21:31:13,002414,高德红外,2026-06-18,2026-06-18,started,0,
2026-06-18 21:31:13,002415,海康威视,2026-06-18,2026-06-18,started,0,
2026-06-18 21:31:13,002407,多氟多,2026-06-18,2026-06-18,updated,1,
2026-06-18 21:31:14,002416,爱施德,2026-06-18,2026-06-18,started,0,
2026-06-18 21:31:14,002408,齐翔腾达,2026-06-18,2026-06-18,updated,1,
2026-06-18 21:31:14,002409,雅克科技,2026-06-18,2026-06-18,updated,1,
2026-06-18 21:31:14,002418,康盛股份,2026-06-18,2026-06-18,started,0,
2026-06-18 21:31:14,002410,广联达,2026-06-18,2026-06-18,updated,1,
2026-06-18 21:31:14,002419,天虹股份,2026-06-18,2026-06-18,started,0,
2026-06-18 21:31:14,002420,毅昌科技,2026-06-18,2026-06-18,started,0,
2026-06-18 21:31:14,002412,汉森制药,2026-06-18,2026-06-18,updated,1,
2026-06-18 21:31:14,002421,达实智能,2026-06-18,2026-06-18,started,0,
2026-06-18 21:31:14,002413,雷科防务,2026-06-18,2026-06-18,updated,1,
2026-06-18 21:31:14,002414,高德红外,2026-06-18,2026-06-18,updated,1,
2026-06-18 21:31:14,002422,科伦药业,2026-06-18,2026-06-18,started,0,
2026-06-18 21:31:14,002423,中粮资本,2026-06-18,2026-06-18,started,0,
2026-06-18 21:31:14,002415,海康威视,2026-06-18,2026-06-18,updated,1,
2026-06-18 21:31:14,002424,ST百灵,2026-06-18,2026-06-18,started,0,
2026-06-18 21:31:14,002416,爱施德,2026-06-18,2026-06-18,updated,1,
2026-06-18 21:31:14,002418,康盛股份,2026-06-18,2026-06-18,updated,1,
2026-06-18 21:31:14,002425,凯撒文化,2026-06-18,2026-06-18,started,0,
2026-06-18 21:31:14,002426,胜利精密,2026-06-18,2026-06-18,started,0,
2026-06-18 21:31:14,002419,天虹股份,2026-06-18,2026-06-18,updated,1,
2026-06-18 21:31:14,002420,毅昌科技,2026-06-18,2026-06-18,updated,1,
2026-06-18 21:31:14,002427,尤夫股份,2026-06-18,2026-06-18,started,0,
2026-06-18 21:31:14,002421,达实智能,2026-06-18,2026-06-18,updated,1,
2026-06-18 21:31:14,002428,云南锗业,2026-06-18,2026-06-18,started,0,
2026-06-18 21:31:15,002422,科伦药业,2026-06-18,2026-06-18,updated,1,
2026-06-18 21:31:15,002429,兆驰股份,2026-06-18,2026-06-18,started,0,
2026-06-18 21:31:15,002430,杭氧股份,2026-06-18,2026-06-18,started,0,
2026-06-18 21:31:15,002423,中粮资本,2026-06-18,2026-06-18,updated,1,
2026-06-18 21:31:15,002431,ST棕榈,2026-06-18,2026-06-18,started,0,
2026-06-18 21:31:15,002424,ST百灵,2026-06-18,2026-06-18,updated,1,
2026-06-18 21:31:15,002432,九安医疗,2026-06-18,2026-06-18,started,0,
2026-06-18 21:31:15,002425,凯撒文化,2026-06-18,2026-06-18,updated,1,
2026-06-18 21:31:15,002426,胜利精密,2026-06-18,2026-06-18,updated,1,
2026-06-18 21:31:15,002434,万里扬,2026-06-18,2026-06-18,started,0,
2026-06-18 21:31:15,002436,兴森科技,2026-06-18,2026-06-18,started,0,
2026-06-18 21:31:15,002427,尤夫股份,2026-06-18,2026-06-18,updated,1,
2026-06-18 21:31:15,002437,誉衡药业,2026-06-18,2026-06-18,started,0,
2026-06-18 21:31:15,002428,云南锗业,2026-06-18,2026-06-18,updated,1,
2026-06-18 21:31:15,002438,江苏神通,2026-06-18,2026-06-18,started,0,
2026-06-18 21:31:15,002429,兆驰股份,2026-06-18,2026-06-18,updated,1,
2026-06-18 21:31:15,002439,启明星辰,2026-06-18,2026-06-18,started,0,
2026-06-18 21:31:15,002430,杭氧股份,2026-06-18,2026-06-18,updated,1,
2026-06-18 21:31:15,002440,闰土股份,2026-06-18,2026-06-18,started,0,
2026-06-18 21:31:15,002434,万里扬,2026-06-18,2026-06-18,updated,1,
2026-06-18 21:31:15,002432,九安医疗,2026-06-18,2026-06-18,updated,1,
2026-06-18 21:31:15,002431,ST棕榈,2026-06-18,2026-06-18,updated,1,
2026-06-18 21:31:15,002441,众业达,2026-06-18,2026-06-18,started,0,
2026-06-18 21:31:16,002442,龙星科技,2026-06-18,2026-06-18,started,0,
2026-06-18 21:31:16,002436,兴森科技,2026-06-18,2026-06-18,updated,1,
2026-06-18 21:31:16,002443,金洲管道,2026-06-18,2026-06-18,started,0,
2026-06-18 21:31:16,002438,江苏神通,2026-06-18,2026-06-18,updated,1,
2026-06-18 21:31:16,002444,巨星科技,2026-06-18,2026-06-18,started,0,
2026-06-18 21:31:16,002445,中南文化,2026-06-18,2026-06-18,started,0,
2026-06-18 21:31:16,002437,誉衡药业,2026-06-18,2026-06-18,updated,1,
2026-06-18 21:31:16,002446,盛路通信,2026-06-18,2026-06-18,started,0,
2026-06-18 21:31:16,002439,启明星辰,2026-06-18,2026-06-18,updated,1,
2026-06-18 21:31:16,002448,中原内配,2026-06-18,2026-06-18,started,0,
2026-06-18 21:31:16,002440,闰土股份,2026-06-18,2026-06-18,updated,1,
2026-06-18 21:31:16,002441,众业达,2026-06-18,2026-06-18,updated,1,
2026-06-18 21:31:16,002449,国星光电,2026-06-18,2026-06-18,started,0,
2026-06-18 21:31:16,002442,龙星科技,2026-06-18,2026-06-18,updated,1,
2026-06-18 21:31:16,002451,摩恩电气,2026-06-18,2026-06-18,started,0,
2026-06-18 21:31:16,002444,巨星科技,2026-06-18,2026-06-18,updated,1,
2026-06-18 21:31:16,002452,长高电气,2026-06-18,2026-06-18,started,0,
2026-06-18 21:31:16,002453,华软科技,2026-06-18,2026-06-18,started,0,
2026-06-18 21:31:16,002443,金洲管道,2026-06-18,2026-06-18,updated,1,
2026-06-18 21:31:16,002445,中南文化,2026-06-18,2026-06-18,updated,1,
2026-06-18 21:31:16,002454,松芝股份,2026-06-18,2026-06-18,started,0,
2026-06-18 21:31:16,002455,百川股份,2026-06-18,2026-06-18,started,0,
2026-06-18 21:31:16,002446,盛路通信,2026-06-18,2026-06-18,updated,1,
2026-06-18 21:31:16,002456,欧菲光,2026-06-18,2026-06-18,started,0,
2026-06-18 21:31:16,002448,中原内配,2026-06-18,2026-06-18,updated,1,
2026-06-18 21:31:17,002457,青龙管业,2026-06-18,2026-06-18,started,0,
2026-06-18 21:31:17,002449,国星光电,2026-06-18,2026-06-18,updated,1,
2026-06-18 21:31:17,002451,摩恩电气,2026-06-18,2026-06-18,updated,1,
2026-06-18 21:31:17,002458,益生股份,2026-06-18,2026-06-18,started,0,
2026-06-18 21:31:17,002459,晶澳科技,2026-06-18,2026-06-18,started,0,
2026-06-18 21:31:17,002452,长高电气,2026-06-18,2026-06-18,updated,1,
2026-06-18 21:31:17,002453,华软科技,2026-06-18,2026-06-18,updated,1,
2026-06-18 21:31:17,002460,赣锋锂业,2026-06-18,2026-06-18,started,0,
2026-06-18 21:31:17,002455,百川股份,2026-06-18,2026-06-18,updated,1,
2026-06-18 21:31:17,002461,珠江啤酒,2026-06-18,2026-06-18,started,0,
2026-06-18 21:31:17,002462,嘉事堂,2026-06-18,2026-06-18,started,0,
2026-06-18 21:31:17,002454,松芝股份,2026-06-18,2026-06-18,updated,1,
2026-06-18 21:31:17,002463,沪电股份,2026-06-18,2026-06-18,started,0,
2026-06-18 21:31:17,002456,欧菲光,2026-06-18,2026-06-18,updated,1,
2026-06-18 21:31:17,002457,青龙管业,2026-06-18,2026-06-18,updated,1,
2026-06-18 21:31:17,002465,海格通信,2026-06-18,2026-06-18,started,0,
2026-06-18 21:31:18,002458,益生股份,2026-06-18,2026-06-18,updated,1,
2026-06-18 21:31:18,002466,天齐锂业,2026-06-18,2026-06-18,started,0,
2026-06-18 21:31:18,002467,二六三,2026-06-18,2026-06-18,started,0,
2026-06-18 21:31:18,002459,晶澳科技,2026-06-18,2026-06-18,updated,1,
2026-06-18 21:31:18,002460,赣锋锂业,2026-06-18,2026-06-18,updated,1,
2026-06-18 21:31:18,002461,珠江啤酒,2026-06-18,2026-06-18,updated,1,
2026-06-18 21:31:18,002468,申通快递,2026-06-18,2026-06-18,started,0,
2026-06-18 21:31:18,002470,金正大,2026-06-18,2026-06-18,started,0,
2026-06-18 21:31:18,002469,三维化学,2026-06-18,2026-06-18,started,0,
2026-06-18 21:31:18,002462,嘉事堂,2026-06-18,2026-06-18,updated,1,
2026-06-18 21:31:18,002471,中超控股,2026-06-18,2026-06-18,started,0,
2026-06-18 21:31:18,002463,沪电股份,2026-06-18,2026-06-18,updated,1,
2026-06-18 21:31:18,002465,海格通信,2026-06-18,2026-06-18,updated,1,
2026-06-18 21:31:18,002474,榕基软件,2026-06-18,2026-06-18,started,0,
2026-06-18 21:31:18,002472,双环传动,2026-06-18,2026-06-18,started,0,
2026-06-18 21:31:18,002466,天齐锂业,2026-06-18,2026-06-18,updated,1,
2026-06-18 21:31:18,002475,立讯精密,2026-06-18,2026-06-18,started,0,
2026-06-18 21:31:18,002467,二六三,2026-06-18,2026-06-18,updated,1,
2026-06-18 21:31:18,002476,宝莫股份,2026-06-18,2026-06-18,started,0,
2026-06-18 21:31:18,002469,三维化学,2026-06-18,2026-06-18,updated,1,
2026-06-18 21:31:18,002470,金正大,2026-06-18,2026-06-18,updated,1,
2026-06-18 21:31:19,002478,常宝股份,2026-06-18,2026-06-18,started,0,
2026-06-18 21:31:19,002468,申通快递,2026-06-18,2026-06-18,updated,1,
2026-06-18 21:31:19,002479,富春环保,2026-06-18,2026-06-18,started,0,
2026-06-18 21:31:19,002471,中超控股,2026-06-18,2026-06-18,updated,1,
2026-06-18 21:31:19,002480,新筑股份,2026-06-18,2026-06-18,started,0,
2026-06-18 21:31:19,002481,双塔食品,2026-06-18,2026-06-18,started,0,
2026-06-18 21:31:19,002472,双环传动,2026-06-18,2026-06-18,updated,1,
2026-06-18 21:31:19,002474,榕基软件,2026-06-18,2026-06-18,updated,1,
2026-06-18 21:31:19,002475,立讯精密,2026-06-18,2026-06-18,updated,1,
2026-06-18 21:31:19,002482,广田集团,2026-06-18,2026-06-18,started,0,
2026-06-18 21:31:19,002483,润邦股份,2026-06-18,2026-06-18,started,0,
2026-06-18 21:31:19,002484,江海股份,2026-06-18,2026-06-18,started,0,
2026-06-18 21:31:19,002476,宝莫股份,2026-06-18,2026-06-18,updated,1,
2026-06-18 21:31:19,002485,ST雪发,2026-06-18,2026-06-18,started,0,
2026-06-18 21:31:19,002478,常宝股份,2026-06-18,2026-06-18,updated,1,
2026-06-18 21:31:19,002479,富春环保,2026-06-18,2026-06-18,updated,1,
2026-06-18 21:31:19,002486,嘉麟杰,2026-06-18,2026-06-18,started,0,
2026-06-18 21:31:19,002480,新筑股份,2026-06-18,2026-06-18,updated,1,
2026-06-18 21:31:19,002487,大金重工,2026-06-18,2026-06-18,started,0,
2026-06-18 21:31:19,002488,金固股份,2026-06-18,2026-06-18,started,0,
2026-06-18 21:31:19,002481,双塔食品,2026-06-18,2026-06-18,updated,1,
2026-06-18 21:31:19,002482,广田集团,2026-06-18,2026-06-18,updated,1,
2026-06-18 21:31:19,002489,浙江永强,2026-06-18,2026-06-18,started,0,
2026-06-18 21:31:20,002483,润邦股份,2026-06-18,2026-06-18,updated,1,
2026-06-18 21:31:20,002490,山东墨龙,2026-06-18,2026-06-18,started,0,
2026-06-18 21:31:20,002491,通鼎互联,2026-06-18,2026-06-18,started,0,
2026-06-18 21:31:20,002484,江海股份,2026-06-18,2026-06-18,updated,1,
2026-06-18 21:31:20,002485,ST雪发,2026-06-18,2026-06-18,updated,1,
2026-06-18 21:31:20,002492,恒基达鑫,2026-06-18,2026-06-18,started,0,
2026-06-18 21:31:20,002493,荣盛石化,2026-06-18,2026-06-18,started,0,
2026-06-18 21:31:20,002486,嘉麟杰,2026-06-18,2026-06-18,updated,1,
2026-06-18 21:31:20,002494,华斯股份,2026-06-18,2026-06-18,started,0,
2026-06-18 21:31:20,002488,金固股份,2026-06-18,2026-06-18,updated,1,
2026-06-18 21:31:20,002487,大金重工,2026-06-18,2026-06-18,updated,1,
2026-06-18 21:31:20,002495,佳隆股份,2026-06-18,2026-06-18,started,0,
2026-06-18 21:31:20,002496,*ST辉丰,2026-06-18,2026-06-18,started,0,
2026-06-18 21:31:20,002489,浙江永强,2026-06-18,2026-06-18,updated,1,
2026-06-18 21:31:20,002490,山东墨龙,2026-06-18,2026-06-18,updated,1,
2026-06-18 21:31:20,002497,雅化集团,2026-06-18,2026-06-18,started,0,
2026-06-18 21:31:20,002498,汉缆股份,2026-06-18,2026-06-18,started,0,
2026-06-18 21:31:20,002492,恒基达鑫,2026-06-18,2026-06-18,updated,1,
2026-06-18 21:31:20,002491,通鼎互联,2026-06-18,2026-06-18,updated,1,
2026-06-18 21:31:20,002500,山西证券,2026-06-18,2026-06-18,started,0,
2026-06-18 21:31:20,002501,*ST利源,2026-06-18,2026-06-18,started,0,
2026-06-18 21:31:20,002493,荣盛石化,2026-06-18,2026-06-18,updated,1,
2026-06-18 21:31:21,002494,华斯股份,2026-06-18,2026-06-18,updated,1,
2026-06-18 21:31:21,002506,协鑫集成,2026-06-18,2026-06-18,started,0,
2026-06-18 21:31:21,002495,佳隆股份,2026-06-18,2026-06-18,updated,1,
2026-06-18 21:31:21,002507,涪陵榨菜,2026-06-18,2026-06-18,started,0,
2026-06-18 21:31:21,002508,老板电器,2026-06-18,2026-06-18,started,0,
2026-06-18 21:31:21,002496,*ST辉丰,2026-06-18,2026-06-18,updated,1,
2026-06-18 21:31:21,002497,雅化集团,2026-06-18,2026-06-18,updated,1,
2026-06-18 21:31:21,002510,天汽模,2026-06-18,2026-06-18,started,0,
2026-06-18 21:31:21,002498,汉缆股份,2026-06-18,2026-06-18,updated,1,
2026-06-18 21:31:21,002511,中顺洁柔,2026-06-18,2026-06-18,started,0,
2026-06-18 21:31:21,002500,山西证券,2026-06-18,2026-06-18,updated,1,
2026-06-18 21:31:21,002512,ST达华,2026-06-18,2026-06-18,started,0,
2026-06-18 21:31:21,002513,蓝丰生化,2026-06-18,2026-06-18,started,0,
2026-06-18 21:31:21,002501,*ST利源,2026-06-18,2026-06-18,updated,1,
2026-06-18 21:31:21,002506,协鑫集成,2026-06-18,2026-06-18,updated,1,
2026-06-18 21:31:21,002514,*ST宝馨,2026-06-18,2026-06-18,started,0,
2026-06-18 21:31:21,002507,涪陵榨菜,2026-06-18,2026-06-18,updated,1,
2026-06-18 21:31:21,002515,金字火腿,2026-06-18,2026-06-18,started,0,
2026-06-18 21:31:21,002516,旷达科技,2026-06-18,2026-06-18,started,0,
2026-06-18 21:31:21,002508,老板电器,2026-06-18,2026-06-18,updated,1,
2026-06-18 21:31:21,002517,恺英网络,2026-06-18,2026-06-18,started,0,
2026-06-18 21:31:21,002510,天汽模,2026-06-18,2026-06-18,updated,1,
2026-06-18 21:31:22,002518,科士达,2026-06-18,2026-06-18,started,0,
2026-06-18 21:31:22,002511,中顺洁柔,2026-06-18,2026-06-18,updated,1,
2026-06-18 21:31:22,002519,银河电子,2026-06-18,2026-06-18,started,0,
2026-06-18 21:31:22,002512,ST达华,2026-06-18,2026-06-18,updated,1,
2026-06-18 21:31:22,002513,蓝丰生化,2026-06-18,2026-06-18,updated,1,
2026-06-18 21:31:22,002520,日发精机,2026-06-18,2026-06-18,started,0,
2026-06-18 21:31:22,002514,*ST宝馨,2026-06-18,2026-06-18,updated,1,
2026-06-18 21:31:22,002521,齐峰新材,2026-06-18,2026-06-18,started,0,
2026-06-18 21:31:22,002522,浙江众成,2026-06-18,2026-06-18,started,0,
2026-06-18 21:31:22,002515,金字火腿,2026-06-18,2026-06-18,updated,1,
2026-06-18 21:31:22,002516,旷达科技,2026-06-18,2026-06-18,updated,1,
2026-06-18 21:31:22,002523,天桥起重,2026-06-18,2026-06-18,started,0,
2026-06-18 21:31:22,002524,光正眼科,2026-06-18,2026-06-18,started,0,
2026-06-18 21:31:22,002517,恺英网络,2026-06-18,2026-06-18,updated,1,
2026-06-18 21:31:22,002526,山东矿机,2026-06-18,2026-06-18,started,0,
2026-06-18 21:31:22,002518,科士达,2026-06-18,2026-06-18,updated,1,
2026-06-18 21:31:22,002519,银河电子,2026-06-18,2026-06-18,updated,1,
2026-06-18 21:31:22,002527,新时达,2026-06-18,2026-06-18,started,0,
2026-06-18 21:31:22,002528,*ST英飞,2026-06-18,2026-06-18,started,0,
2026-06-18 21:31:22,002520,日发精机,2026-06-18,2026-06-18,updated,1,
2026-06-18 21:31:22,002529,*ST海源,2026-06-18,2026-06-18,started,0,
2026-06-18 21:31:22,002521,齐峰新材,2026-06-18,2026-06-18,updated,1,
2026-06-18 21:31:22,002523,天桥起重,2026-06-18,2026-06-18,updated,1,
2026-06-18 21:31:23,002530,金财互联,2026-06-18,2026-06-18,started,0,
2026-06-18 21:31:23,002531,天顺风能,2026-06-18,2026-06-18,started,0,
2026-06-18 21:31:23,002522,浙江众成,2026-06-18,2026-06-18,updated,1,
2026-06-18 21:31:23,002524,光正眼科,2026-06-18,2026-06-18,updated,1,
2026-06-18 21:31:23,002532,天山铝业,2026-06-18,2026-06-18,started,0,
2026-06-18 21:31:23,002533,金杯电工,2026-06-18,2026-06-18,started,0,
2026-06-18 21:31:23,002526,山东矿机,2026-06-18,2026-06-18,updated,1,
2026-06-18 21:31:23,002527,新时达,2026-06-18,2026-06-18,updated,1,
2026-06-18 21:31:23,002534,西子洁能,2026-06-18,2026-06-18,started,0,
2026-06-18 21:31:23,002535,林州重机,2026-06-18,2026-06-18,started,0,
2026-06-18 21:31:23,002528,*ST英飞,2026-06-18,2026-06-18,updated,1,
2026-06-18 21:31:23,002536,飞龙股份,2026-06-18,2026-06-18,started,0,
2026-06-18 21:31:23,002529,*ST海源,2026-06-18,2026-06-18,updated,1,
2026-06-18 21:31:23,002537,海联金汇,2026-06-18,2026-06-18,started,0,
2026-06-18 21:31:23,002530,金财互联,2026-06-18,2026-06-18,updated,1,
2026-06-18 21:31:23,002538,ST司特,2026-06-18,2026-06-18,started,0,
2026-06-18 21:31:23,002531,天顺风能,2026-06-18,2026-06-18,updated,1,
2026-06-18 21:31:23,002539,云图控股,2026-06-18,2026-06-18,started,0,
2026-06-18 21:31:23,002532,天山铝业,2026-06-18,2026-06-18,updated,1,
2026-06-18 21:31:23,002540,亚太科技,2026-06-18,2026-06-18,started,0,
2026-06-18 21:31:23,002533,金杯电工,2026-06-18,2026-06-18,updated,1,
2026-06-18 21:31:23,002534,西子洁能,2026-06-18,2026-06-18,updated,1,
2026-06-18 21:31:24,002541,鸿路钢构,2026-06-18,2026-06-18,started,0,
2026-06-18 21:31:24,002535,林州重机,2026-06-18,2026-06-18,updated,1,
2026-06-18 21:31:24,002542,*ST中岩,2026-06-18,2026-06-18,started,0,
2026-06-18 21:31:24,002536,飞龙股份,2026-06-18,2026-06-18,updated,1,
2026-06-18 21:31:24,002543,万和电气,2026-06-18,2026-06-18,started,0,
2026-06-18 21:31:24,002537,海联金汇,2026-06-18,2026-06-18,updated,1,
2026-06-18 21:31:24,002544,普天科技,2026-06-18,2026-06-18,started,0,
2026-06-18 21:31:24,002538,ST司特,2026-06-18,2026-06-18,updated,1,
2026-06-18 21:31:24,002545,东方铁塔,2026-06-18,2026-06-18,started,0,
2026-06-18 21:31:24,002539,云图控股,2026-06-18,2026-06-18,updated,1,
2026-06-18 21:31:24,002546,新联电子,2026-06-18,2026-06-18,started,0,
2026-06-18 21:31:24,002547,*ST春兴,2026-06-18,2026-06-18,started,0,
2026-06-18 21:31:24,002540,亚太科技,2026-06-18,2026-06-18,updated,1,
2026-06-18 21:31:24,002541,鸿路钢构,2026-06-18,2026-06-18,updated,1,
2026-06-18 21:31:24,002548,金新农,2026-06-18,2026-06-18,started,0,
2026-06-18 21:31:24,002542,*ST中岩,2026-06-18,2026-06-18,updated,1,
2026-06-18 21:31:24,002549,凯美特气,2026-06-18,2026-06-18,started,0,
2026-06-18 21:31:24,002543,万和电气,2026-06-18,2026-06-18,updated,1,
2026-06-18 21:31:24,002550,千红制药,2026-06-18,2026-06-18,started,0,
2026-06-18 21:31:24,002551,尚荣医疗,2026-06-18,2026-06-18,started,0,
2026-06-18 21:31:24,002544,普天科技,2026-06-18,2026-06-18,updated,1,
2026-06-18 21:31:24,002545,东方铁塔,2026-06-18,2026-06-18,updated,1,
2026-06-18 21:31:24,002552,宝鼎科技,2026-06-18,2026-06-18,started,0,
2026-06-18 21:31:24,002553,南方精工,2026-06-18,2026-06-18,started,0,
2026-06-18 21:31:24,002546,新联电子,2026-06-18,2026-06-18,updated,1,
2026-06-18 21:31:25,002547,*ST春兴,2026-06-18,2026-06-18,updated,1,
2026-06-18 21:31:25,002554,惠博普,2026-06-18,2026-06-18,started,0,
2026-06-18 21:31:25,002548,金新农,2026-06-18,2026-06-18,updated,1,
2026-06-18 21:31:25,002555,三七互娱,2026-06-18,2026-06-18,started,0,
2026-06-18 21:31:25,002556,辉隆股份,2026-06-18,2026-06-18,started,0,
2026-06-18 21:31:25,002549,凯美特气,2026-06-18,2026-06-18,updated,1,
2026-06-18 21:31:25,002550,千红制药,2026-06-18,2026-06-18,updated,1,
2026-06-18 21:31:25,002557,洽洽食品,2026-06-18,2026-06-18,started,0,
2026-06-18 21:31:25,002558,巨人网络,2026-06-18,2026-06-18,started,0,
2026-06-18 21:31:25,002551,尚荣医疗,2026-06-18,2026-06-18,updated,1,
2026-06-18 21:31:25,002553,南方精工,2026-06-18,2026-06-18,updated,1,
2026-06-18 21:31:25,002559,亚威股份,2026-06-18,2026-06-18,started,0,
2026-06-18 21:31:25,002560,通达股份,2026-06-18,2026-06-18,started,0,
2026-06-18 21:31:25,002552,宝鼎科技,2026-06-18,2026-06-18,updated,1,
2026-06-18 21:31:25,002561,徐家汇,2026-06-18,2026-06-18,started,0,
2026-06-18 21:31:25,002554,惠博普,2026-06-18,2026-06-18,updated,1,
2026-06-18 21:31:25,002556,辉隆股份,2026-06-18,2026-06-18,updated,1,
2026-06-18 21:31:25,002562,兄弟科技,2026-06-18,2026-06-18,started,0,
2026-06-18 21:31:25,002555,三七互娱,2026-06-18,2026-06-18,updated,1,
2026-06-18 21:31:25,002563,森马服饰,2026-06-18,2026-06-18,started,0,
2026-06-18 21:31:25,002557,洽洽食品,2026-06-18,2026-06-18,updated,1,
2026-06-18 21:31:25,002564,天沃科技,2026-06-18,2026-06-18,started,0,
2026-06-18 21:31:26,002565,顺灏股份,2026-06-18,2026-06-18,started,0,
2026-06-18 21:31:26,002558,巨人网络,2026-06-18,2026-06-18,updated,1,
2026-06-18 21:31:26,002566,益盛药业,2026-06-18,2026-06-18,started,0,
2026-06-18 21:31:26,002559,亚威股份,2026-06-18,2026-06-18,updated,1,
2026-06-18 21:31:26,002567,唐人神,2026-06-18,2026-06-18,started,0,
2026-06-18 21:31:26,002560,通达股份,2026-06-18,2026-06-18,updated,1,
2026-06-18 21:31:26,002568,百润股份,2026-06-18,2026-06-18,started,0,
2026-06-18 21:31:26,002561,徐家汇,2026-06-18,2026-06-18,updated,1,
2026-06-18 21:31:26,002562,兄弟科技,2026-06-18,2026-06-18,updated,1,
2026-06-18 21:31:26,002569,*ST步森,2026-06-18,2026-06-18,started,0,
2026-06-18 21:31:26,002570,贝因美,2026-06-18,2026-06-18,started,0,
2026-06-18 21:31:26,002563,森马服饰,2026-06-18,2026-06-18,updated,1,
2026-06-18 21:31:26,002564,天沃科技,2026-06-18,2026-06-18,updated,1,
2026-06-18 21:31:26,002571,德力股份,2026-06-18,2026-06-18,started,0,
2026-06-18 21:31:26,002565,顺灏股份,2026-06-18,2026-06-18,updated,1,
2026-06-18 21:31:26,002572,索菲亚,2026-06-18,2026-06-18,started,0,
2026-06-18 21:31:26,002566,益盛药业,2026-06-18,2026-06-18,updated,1,
2026-06-18 21:31:26,002573,清新环境,2026-06-18,2026-06-18,started,0,
2026-06-18 21:31:26,002574,明牌珠宝,2026-06-18,2026-06-18,started,0,
2026-06-18 21:31:26,002567,唐人神,2026-06-18,2026-06-18,updated,1,
2026-06-18 21:31:26,002575,群兴玩具,2026-06-18,2026-06-18,started,0,
2026-06-18 21:31:26,002568,百润股份,2026-06-18,2026-06-18,updated,1,
2026-06-18 21:31:26,002576,通达动力,2026-06-18,2026-06-18,started,0,
2026-06-18 21:31:26,002569,*ST步森,2026-06-18,2026-06-18,updated,1,
2026-06-18 21:31:27,002570,贝因美,2026-06-18,2026-06-18,updated,1,
2026-06-18 21:31:27,002577,雷柏科技,2026-06-18,2026-06-18,started,0,
2026-06-18 21:31:27,002571,德力股份,2026-06-18,2026-06-18,updated,1,
2026-06-18 21:31:27,002572,索菲亚,2026-06-18,2026-06-18,updated,1,
2026-06-18 21:31:27,002578,闽发铝业,2026-06-18,2026-06-18,started,0,
2026-06-18 21:31:27,002573,清新环境,2026-06-18,2026-06-18,updated,1,
2026-06-18 21:31:27,002579,中京电子,2026-06-18,2026-06-18,started,0,
2026-06-18 21:31:27,002580,圣阳股份,2026-06-18,2026-06-18,started,0,
2026-06-18 21:31:27,002574,明牌珠宝,2026-06-18,2026-06-18,updated,1,
2026-06-18 21:31:27,002581,*ST未名,2026-06-18,2026-06-18,started,0,
2026-06-18 21:31:27,002575,群兴玩具,2026-06-18,2026-06-18,updated,1,
2026-06-18 21:31:27,002582,好想你,2026-06-18,2026-06-18,started,0,
2026-06-18 21:31:27,002583,海能达,2026-06-18,2026-06-18,started,0,
2026-06-18 21:31:27,002576,通达动力,2026-06-18,2026-06-18,updated,1,
2026-06-18 21:31:27,002584,西陇科学,2026-06-18,2026-06-18,started,0,
2026-06-18 21:31:27,002577,雷柏科技,2026-06-18,2026-06-18,updated,1,
2026-06-18 21:31:27,002585,双星新材,2026-06-18,2026-06-18,started,0,
2026-06-18 21:31:27,002578,闽发铝业,2026-06-18,2026-06-18,updated,1,
2026-06-18 21:31:27,002582,好想你,2026-06-18,2026-06-18,updated,1,
2026-06-18 21:31:27,002579,中京电子,2026-06-18,2026-06-18,updated,1,
2026-06-18 21:31:27,002586,ST围海,2026-06-18,2026-06-18,started,0,
2026-06-18 21:31:27,002587,奥拓电子,2026-06-18,2026-06-18,started,0,
2026-06-18 21:31:27,002588,史丹利,2026-06-18,2026-06-18,started,0,
2026-06-18 21:31:27,002581,*ST未名,2026-06-18,2026-06-18,updated,1,
2026-06-18 21:31:28,002580,圣阳股份,2026-06-18,2026-06-18,updated,1,
2026-06-18 21:31:28,002589,瑞康医药,2026-06-18,2026-06-18,started,0,
2026-06-18 21:31:28,002590,万安科技,2026-06-18,2026-06-18,started,0,
2026-06-18 21:31:28,002583,海能达,2026-06-18,2026-06-18,updated,1,
2026-06-18 21:31:28,002591,恒大高新,2026-06-18,2026-06-18,started,0,
2026-06-18 21:31:28,002585,双星新材,2026-06-18,2026-06-18,updated,1,
2026-06-18 21:31:28,002592,ST八菱,2026-06-18,2026-06-18,started,0,
2026-06-18 21:31:28,002584,西陇科学,2026-06-18,2026-06-18,updated,1,
2026-06-18 21:31:28,002593,日上集团,2026-06-18,2026-06-18,started,0,
2026-06-18 21:31:28,002587,奥拓电子,2026-06-18,2026-06-18,updated,1,
2026-06-18 21:31:28,002586,ST围海,2026-06-18,2026-06-18,updated,1,
2026-06-18 21:31:28,002588,史丹利,2026-06-18,2026-06-18,updated,1,
2026-06-18 21:31:28,002594,比亚迪,2026-06-18,2026-06-18,started,0,
2026-06-18 21:31:28,002595,豪迈科技,2026-06-18,2026-06-18,started,0,
2026-06-18 21:31:28,002590,万安科技,2026-06-18,2026-06-18,updated,1,
2026-06-18 21:31:28,002596,海南瑞泽,2026-06-18,2026-06-18,started,0,
2026-06-18 21:31:28,002589,瑞康医药,2026-06-18,2026-06-18,updated,1,
2026-06-18 21:31:28,002597,金禾实业,2026-06-18,2026-06-18,started,0,
2026-06-18 21:31:28,002598,ST章鼓,2026-06-18,2026-06-18,started,0,
2026-06-18 21:31:28,002591,恒大高新,2026-06-18,2026-06-18,updated,1,
2026-06-18 21:31:28,002592,ST八菱,2026-06-18,2026-06-18,updated,1,
2026-06-18 21:31:28,002599,盛通股份,2026-06-18,2026-06-18,started,0,
2026-06-18 21:31:28,002600,领益智造,2026-06-18,2026-06-18,started,0,
2026-06-18 21:31:28,002593,日上集团,2026-06-18,2026-06-18,updated,1,
2026-06-18 21:31:29,002601,龙佰集团,2026-06-18,2026-06-18,started,0,
2026-06-18 21:31:29,002596,海南瑞泽,2026-06-18,2026-06-18,updated,1,
2026-06-18 21:31:29,002595,豪迈科技,2026-06-18,2026-06-18,updated,1,
2026-06-18 21:31:29,002597,金禾实业,2026-06-18,2026-06-18,updated,1,
2026-06-18 21:31:29,002602,世纪华通,2026-06-18,2026-06-18,started,0,
2026-06-18 21:31:29,002603,以岭药业,2026-06-18,2026-06-18,started,0,
2026-06-18 21:31:29,002598,ST章鼓,2026-06-18,2026-06-18,updated,1,
2026-06-18 21:31:29,002594,比亚迪,2026-06-18,2026-06-18,updated,1,
2026-06-18 21:31:29,002605,姚记科技,2026-06-18,2026-06-18,started,0,
2026-06-18 21:31:29,002606,大连电瓷,2026-06-18,2026-06-18,started,0,
2026-06-18 21:31:29,002599,盛通股份,2026-06-18,2026-06-18,updated,1,
2026-06-18 21:31:29,002607,中公教育,2026-06-18,2026-06-18,started,0,
2026-06-18 21:31:29,002608,江苏国信,2026-06-18,2026-06-18,started,0,
2026-06-18 21:31:29,002600,领益智造,2026-06-18,2026-06-18,updated,1,
2026-06-18 21:31:29,002609,捷顺科技,2026-06-18,2026-06-18,started,0,
2026-06-18 21:31:29,002601,龙佰集团,2026-06-18,2026-06-18,updated,1,
2026-06-18 21:31:29,002611,东方精工,2026-06-18,2026-06-18,started,0,
2026-06-18 21:31:29,002602,世纪华通,2026-06-18,2026-06-18,updated,1,
2026-06-18 21:31:29,002603,以岭药业,2026-06-18,2026-06-18,updated,1,
2026-06-18 21:31:29,002605,姚记科技,2026-06-18,2026-06-18,updated,1,
2026-06-18 21:31:29,002612,朗姿股份,2026-06-18,2026-06-18,started,0,
2026-06-18 21:31:29,002606,大连电瓷,2026-06-18,2026-06-18,updated,1,
2026-06-18 21:31:29,002613,北玻股份,2026-06-18,2026-06-18,started,0,
2026-06-18 21:31:30,002614,奥佳华,2026-06-18,2026-06-18,started,0,
2026-06-18 21:31:30,002607,中公教育,2026-06-18,2026-06-18,updated,1,
2026-06-18 21:31:30,002615,哈尔斯,2026-06-18,2026-06-18,started,0,
2026-06-18 21:31:30,002608,江苏国信,2026-06-18,2026-06-18,updated,1,
2026-06-18 21:31:30,002616,长青集团,2026-06-18,2026-06-18,started,0,
2026-06-18 21:31:30,002617,露笑科技,2026-06-18,2026-06-18,started,0,
2026-06-18 21:31:30,002609,捷顺科技,2026-06-18,2026-06-18,updated,1,
2026-06-18 21:31:30,002620,*ST瑞和,2026-06-18,2026-06-18,started,0,
2026-06-18 21:31:30,002611,东方精工,2026-06-18,2026-06-18,updated,1,
2026-06-18 21:31:30,002622,皓宸医疗,2026-06-18,2026-06-18,started,0,
2026-06-18 21:31:30,002612,朗姿股份,2026-06-18,2026-06-18,updated,1,
2026-06-18 21:31:30,002615,哈尔斯,2026-06-18,2026-06-18,updated,1,
2026-06-18 21:31:30,002623,亚玛顿,2026-06-18,2026-06-18,started,0,
2026-06-18 21:31:30,002614,奥佳华,2026-06-18,2026-06-18,updated,1,
2026-06-18 21:31:30,002624,完美世界,2026-06-18,2026-06-18,started,0,
2026-06-18 21:31:30,002613,北玻股份,2026-06-18,2026-06-18,updated,1,
2026-06-18 21:31:30,002625,光启技术,2026-06-18,2026-06-18,started,0,
2026-06-18 21:31:30,002626,金达威,2026-06-18,2026-06-18,started,0,
2026-06-18 21:31:30,002616,长青集团,2026-06-18,2026-06-18,updated,1,
2026-06-18 21:31:30,002627,三峡旅游,2026-06-18,2026-06-18,started,0,
2026-06-18 21:31:30,002617,露笑科技,2026-06-18,2026-06-18,updated,1,
2026-06-18 21:31:30,002628,成都路桥,2026-06-18,2026-06-18,started,0,
2026-06-18 21:31:30,002620,*ST瑞和,2026-06-18,2026-06-18,updated,1,
2026-06-18 21:31:30,002629,仁智股份,2026-06-18,2026-06-18,started,0,
2026-06-18 21:31:30,002622,皓宸医疗,2026-06-18,2026-06-18,updated,1,
2026-06-18 21:31:31,002630,*ST华西,2026-06-18,2026-06-18,started,0,
2026-06-18 21:31:31,002623,亚玛顿,2026-06-18,2026-06-18,updated,1,
2026-06-18 21:31:31,002631,德尔未来,2026-06-18,2026-06-18,started,0,
2026-06-18 21:31:31,002624,完美世界,2026-06-18,2026-06-18,updated,1,
2026-06-18 21:31:31,002625,光启技术,2026-06-18,2026-06-18,updated,1,
2026-06-18 21:31:31,002627,三峡旅游,2026-06-18,2026-06-18,updated,1,
2026-06-18 21:31:31,002632,道明光学,2026-06-18,2026-06-18,started,0,
2026-06-18 21:31:31,002626,金达威,2026-06-18,2026-06-18,updated,1,
2026-06-18 21:31:31,002633,申科股份,2026-06-18,2026-06-18,started,0,
2026-06-18 21:31:31,002634,*ST棒杰,2026-06-18,2026-06-18,started,0,
2026-06-18 21:31:31,002628,成都路桥,2026-06-18,2026-06-18,updated,1,
2026-06-18 21:31:31,002635,安洁科技,2026-06-18,2026-06-18,started,0,
2026-06-18 21:31:31,002629,仁智股份,2026-06-18,2026-06-18,updated,1,
2026-06-18 21:31:31,002636,金安国纪,2026-06-18,2026-06-18,started,0,
2026-06-18 21:31:31,002630,*ST华西,2026-06-18,2026-06-18,updated,1,
2026-06-18 21:31:31,002637,赞宇科技,2026-06-18,2026-06-18,started,0,
2026-06-18 21:31:31,002638,勤上股份,2026-06-18,2026-06-18,started,0,
2026-06-18 21:31:31,002631,德尔未来,2026-06-18,2026-06-18,updated,1,
2026-06-18 21:31:31,002639,雪人集团,2026-06-18,2026-06-18,started,0,
2026-06-18 21:31:31,002632,道明光学,2026-06-18,2026-06-18,updated,1,
2026-06-18 21:31:31,002634,*ST棒杰,2026-06-18,2026-06-18,updated,1,
2026-06-18 21:31:32,002640,跨境通,2026-06-18,2026-06-18,started,0,
2026-06-18 21:31:32,002633,申科股份,2026-06-18,2026-06-18,updated,1,
2026-06-18 21:31:32,002641,公元股份,2026-06-18,2026-06-18,started,0,
2026-06-18 21:31:32,002635,安洁科技,2026-06-18,2026-06-18,updated,1,
2026-06-18 21:31:32,002642,荣联科技,2026-06-18,2026-06-18,started,0,
2026-06-18 21:31:32,002636,金安国纪,2026-06-18,2026-06-18,updated,1,
2026-06-18 21:31:32,002643,万润股份,2026-06-18,2026-06-18,started,0,
2026-06-18 21:31:32,002644,佛慈制药,2026-06-18,2026-06-18,started,0,
2026-06-18 21:31:32,002637,赞宇科技,2026-06-18,2026-06-18,updated,1,
2026-06-18 21:31:32,002645,华宏科技,2026-06-18,2026-06-18,started,0,
2026-06-18 21:31:32,002638,勤上股份,2026-06-18,2026-06-18,updated,1,
2026-06-18 21:31:32,002646,天佑德酒,2026-06-18,2026-06-18,started,0,
2026-06-18 21:31:32,002639,雪人集团,2026-06-18,2026-06-18,updated,1,
2026-06-18 21:31:32,002647,仁东控股,2026-06-18,2026-06-18,started,0,
2026-06-18 21:31:32,002640,跨境通,2026-06-18,2026-06-18,updated,1,
2026-06-18 21:31:32,002648,卫星化学,2026-06-18,2026-06-18,started,0,
2026-06-18 21:31:32,002641,公元股份,2026-06-18,2026-06-18,updated,1,
2026-06-18 21:31:32,002642,荣联科技,2026-06-18,2026-06-18,updated,1,
2026-06-18 21:31:32,002649,博彦科技,2026-06-18,2026-06-18,started,0,
2026-06-18 21:31:32,002643,万润股份,2026-06-18,2026-06-18,updated,1,
2026-06-18 21:31:32,002650,ST加加,2026-06-18,2026-06-18,started,0,
2026-06-18 21:31:32,002651,利君股份,2026-06-18,2026-06-18,started,0,
2026-06-18 21:31:32,002644,佛慈制药,2026-06-18,2026-06-18,updated,1,
2026-06-18 21:31:32,002645,华宏科技,2026-06-18,2026-06-18,updated,1,
2026-06-18 21:31:33,002652,扬子新材,2026-06-18,2026-06-18,started,0,
2026-06-18 21:31:33,002646,天佑德酒,2026-06-18,2026-06-18,updated,1,
2026-06-18 21:31:33,002653,海思科,2026-06-18,2026-06-18,started,0,
2026-06-18 21:31:33,002647,仁东控股,2026-06-18,2026-06-18,updated,1,
2026-06-18 21:31:33,002654,万润科技,2026-06-18,2026-06-18,started,0,
2026-06-18 21:31:33,002655,共达电声,2026-06-18,2026-06-18,started,0,
2026-06-18 21:31:33,002648,卫星化学,2026-06-18,2026-06-18,updated,1,
2026-06-18 21:31:33,002656,*ST摩登,2026-06-18,2026-06-18,started,0,
2026-06-18 21:31:33,002649,博彦科技,2026-06-18,2026-06-18,updated,1,
2026-06-18 21:31:33,002651,利君股份,2026-06-18,2026-06-18,updated,1,
2026-06-18 21:31:33,002657,中科金财,2026-06-18,2026-06-18,started,0,
2026-06-18 21:31:33,002650,ST加加,2026-06-18,2026-06-18,updated,1,
2026-06-18 21:31:33,002658,雪迪龙,2026-06-18,2026-06-18,started,0,
2026-06-18 21:31:33,002659,凯文教育,2026-06-18,2026-06-18,started,0,
2026-06-18 21:31:33,002652,扬子新材,2026-06-18,2026-06-18,updated,1,
2026-06-18 21:31:33,002653,海思科,2026-06-18,2026-06-18,updated,1,
2026-06-18 21:31:33,002660,茂硕电源,2026-06-18,2026-06-18,started,0,
2026-06-18 21:31:33,002655,共达电声,2026-06-18,2026-06-18,updated,1,
2026-06-18 21:31:33,002661,克明食品,2026-06-18,2026-06-18,started,0,
2026-06-18 21:31:33,002654,万润科技,2026-06-18,2026-06-18,updated,1,
2026-06-18 21:31:33,002656,*ST摩登,2026-06-18,2026-06-18,updated,1,
2026-06-18 21:31:33,002662,峰璟股份,2026-06-18,2026-06-18,started,0,
2026-06-18 21:31:34,002663,普邦股份,2026-06-18,2026-06-18,started,0,
2026-06-18 21:31:34,002664,信质集团,2026-06-18,2026-06-18,started,0,
2026-06-18 21:31:34,002657,中科金财,2026-06-18,2026-06-18,updated,1,
2026-06-18 21:31:34,002659,凯文教育,2026-06-18,2026-06-18,updated,1,
2026-06-18 21:31:34,002666,德联集团,2026-06-18,2026-06-18,started,0,
2026-06-18 21:31:34,002667,*ST威领,2026-06-18,2026-06-18,started,0,
2026-06-18 21:31:34,002658,雪迪龙,2026-06-18,2026-06-18,updated,1,
2026-06-18 21:31:34,002660,茂硕电源,2026-06-18,2026-06-18,updated,1,
2026-06-18 21:31:34,002668,TCL智家,2026-06-18,2026-06-18,started,0,
2026-06-18 21:31:34,002669,康达新材,2026-06-18,2026-06-18,started,0,
2026-06-18 21:31:34,002661,克明食品,2026-06-18,2026-06-18,updated,1,
2026-06-18 21:31:34,002662,峰璟股份,2026-06-18,2026-06-18,updated,1,
2026-06-18 21:31:34,002670,国盛证券,2026-06-18,2026-06-18,started,0,
2026-06-18 21:31:34,002663,普邦股份,2026-06-18,2026-06-18,updated,1,
2026-06-18 21:31:34,002671,龙泉股份,2026-06-18,2026-06-18,started,0,
2026-06-18 21:31:34,002664,信质集团,2026-06-18,2026-06-18,updated,1,
2026-06-18 21:31:34,002672,东江环保,2026-06-18,2026-06-18,started,0,
2026-06-18 21:31:34,002673,西部证券,2026-06-18,2026-06-18,started,0,
2026-06-18 21:31:34,002666,德联集团,2026-06-18,2026-06-18,updated,1,
2026-06-18 21:31:34,002674,兴业科技,2026-06-18,2026-06-18,started,0,
2026-06-18 21:31:34,002667,*ST威领,2026-06-18,2026-06-18,updated,1,
2026-06-18 21:31:34,002668,TCL智家,2026-06-18,2026-06-18,updated,1,
2026-06-18 21:31:35,002675,东诚药业,2026-06-18,2026-06-18,started,0,
2026-06-18 21:31:35,002676,顺威股份,2026-06-18,2026-06-18,started,0,
2026-06-18 21:31:35,002669,康达新材,2026-06-18,2026-06-18,updated,1,
2026-06-18 21:31:35,002677,浙江美大,2026-06-18,2026-06-18,started,0,
2026-06-18 21:31:35,002670,国盛证券,2026-06-18,2026-06-18,updated,1,
2026-06-18 21:31:35,002672,东江环保,2026-06-18,2026-06-18,updated,1,
2026-06-18 21:31:35,002671,龙泉股份,2026-06-18,2026-06-18,updated,1,
2026-06-18 21:31:35,002678,珠江钢琴,2026-06-18,2026-06-18,started,0,
2026-06-18 21:31:35,002679,福建金森,2026-06-18,2026-06-18,started,0,
2026-06-18 21:31:35,002673,西部证券,2026-06-18,2026-06-18,updated,1,
2026-06-18 21:31:35,002681,奋达科技,2026-06-18,2026-06-18,started,0,
2026-06-18 21:31:35,002682,龙洲股份,2026-06-18,2026-06-18,started,0,
2026-06-18 21:31:35,002674,兴业科技,2026-06-18,2026-06-18,updated,1,
2026-06-18 21:31:35,002676,顺威股份,2026-06-18,2026-06-18,updated,1,
2026-06-18 21:31:35,002683,广东宏大,2026-06-18,2026-06-18,started,0,
2026-06-18 21:31:35,002675,东诚药业,2026-06-18,2026-06-18,updated,1,
2026-06-18 21:31:35,002685,华东重机,2026-06-18,2026-06-18,started,0,
2026-06-18 21:31:35,002686,亿利达,2026-06-18,2026-06-18,started,0,
2026-06-18 21:31:35,002677,浙江美大,2026-06-18,2026-06-18,updated,1,
2026-06-18 21:31:35,002679,福建金森,2026-06-18,2026-06-18,updated,1,
2026-06-18 21:31:35,002687,乔治白,2026-06-18,2026-06-18,started,0,
2026-06-18 21:31:35,002688,金河生物,2026-06-18,2026-06-18,started,0,
2026-06-18 21:31:35,002678,珠江钢琴,2026-06-18,2026-06-18,updated,1,
2026-06-18 21:31:35,002682,龙洲股份,2026-06-18,2026-06-18,updated,1,
2026-06-18 21:31:36,002689,ST远智,2026-06-18,2026-06-18,started,0,
2026-06-18 21:31:36,002681,奋达科技,2026-06-18,2026-06-18,updated,1,
2026-06-18 21:31:36,002690,美亚光电,2026-06-18,2026-06-18,started,0,
2026-06-18 21:31:36,002691,*ST冀凯,2026-06-18,2026-06-18,started,0,
2026-06-18 21:31:36,002683,广东宏大,2026-06-18,2026-06-18,updated,1,
2026-06-18 21:31:36,002685,华东重机,2026-06-18,2026-06-18,updated,1,
2026-06-18 21:31:36,002692,远程股份,2026-06-18,2026-06-18,started,0,
2026-06-18 21:31:36,002693,双成药业,2026-06-18,2026-06-18,started,0,
2026-06-18 21:31:36,002686,亿利达,2026-06-18,2026-06-18,updated,1,
2026-06-18 21:31:36,002688,金河生物,2026-06-18,2026-06-18,updated,1,
2026-06-18 21:31:36,002694,*ST顾地,2026-06-18,2026-06-18,started,0,
2026-06-18 21:31:36,002687,乔治白,2026-06-18,2026-06-18,updated,1,
2026-06-18 21:31:36,002695,煌上煌,2026-06-18,2026-06-18,started,0,
2026-06-18 21:31:36,002689,ST远智,2026-06-18,2026-06-18,updated,1,
2026-06-18 21:31:36,002696,百洋股份,2026-06-18,2026-06-18,started,0,
2026-06-18 21:31:36,002697,红旗连锁,2026-06-18,2026-06-18,started,0,
2026-06-18 21:31:36,002691,*ST冀凯,2026-06-18,2026-06-18,updated,1,
2026-06-18 21:31:36,002698,博实股份,2026-06-18,2026-06-18,started,0,
2026-06-18 21:31:36,002690,美亚光电,2026-06-18,2026-06-18,updated,1,
2026-06-18 21:31:36,002700,万憬能源,2026-06-18,2026-06-18,started,0,
2026-06-18 21:31:36,002693,双成药业,2026-06-18,2026-06-18,updated,1,
2026-06-18 21:31:36,002692,远程股份,2026-06-18,2026-06-18,updated,1,
2026-06-18 21:31:37,002701,奥瑞金,2026-06-18,2026-06-18,started,0,
2026-06-18 21:31:37,002695,煌上煌,2026-06-18,2026-06-18,updated,1,
2026-06-18 21:31:37,002702,海欣食品,2026-06-18,2026-06-18,started,0,
2026-06-18 21:31:37,002694,*ST顾地,2026-06-18,2026-06-18,updated,1,
2026-06-18 21:31:37,002703,浙江世宝,2026-06-18,2026-06-18,started,0,
2026-06-18 21:31:37,002705,新宝股份,2026-06-18,2026-06-18,started,0,
2026-06-18 21:31:37,002696,百洋股份,2026-06-18,2026-06-18,updated,1,
2026-06-18 21:31:37,002706,良信股份,2026-06-18,2026-06-18,started,0,
2026-06-18 21:31:37,002697,红旗连锁,2026-06-18,2026-06-18,updated,1,
2026-06-18 21:31:37,002707,众信旅游,2026-06-18,2026-06-18,started,0,
2026-06-18 21:31:37,002698,博实股份,2026-06-18,2026-06-18,updated,1,
2026-06-18 21:31:37,002708,光洋股份,2026-06-18,2026-06-18,started,0,
2026-06-18 21:31:37,002700,万憬能源,2026-06-18,2026-06-18,updated,1,
2026-06-18 21:31:37,002709,天赐材料,2026-06-18,2026-06-18,started,0,
2026-06-18 21:31:37,002701,奥瑞金,2026-06-18,2026-06-18,updated,1,
2026-06-18 21:31:37,002705,新宝股份,2026-06-18,2026-06-18,updated,1,
2026-06-18 21:31:37,002712,思美传媒,2026-06-18,2026-06-18,started,0,
2026-06-18 21:31:37,002702,海欣食品,2026-06-18,2026-06-18,updated,1,
2026-06-18 21:31:37,002713,*ST东易,2026-06-18,2026-06-18,started,0,
2026-06-18 21:31:37,002703,浙江世宝,2026-06-18,2026-06-18,updated,1,
2026-06-18 21:31:37,002714,牧原股份,2026-06-18,2026-06-18,started,0,
2026-06-18 21:31:37,002715,登云股份,2026-06-18,2026-06-18,started,0,
2026-06-18 21:31:37,002706,良信股份,2026-06-18,2026-06-18,updated,1,
2026-06-18 21:31:37,002716,湖南白银,2026-06-18,2026-06-18,started,0,
2026-06-18 21:31:37,002707,众信旅游,2026-06-18,2026-06-18,updated,1,
2026-06-18 21:31:38,002717,*ST岭南,2026-06-18,2026-06-18,started,0,
2026-06-18 21:31:38,002708,光洋股份,2026-06-18,2026-06-18,updated,1,
2026-06-18 21:31:38,002718,友邦吊顶,2026-06-18,2026-06-18,started,0,
2026-06-18 21:31:38,002709,天赐材料,2026-06-18,2026-06-18,updated,1,
2026-06-18 21:31:38,002712,思美传媒,2026-06-18,2026-06-18,updated,1,
2026-06-18 21:31:38,002719,ST麦趣,2026-06-18,2026-06-18,started,0,
2026-06-18 21:31:38,002713,*ST东易,2026-06-18,2026-06-18,updated,1,
2026-06-18 21:31:38,002715,登云股份,2026-06-18,2026-06-18,updated,1,
2026-06-18 21:31:38,002722,物产金轮,2026-06-18,2026-06-18,started,0,
2026-06-18 21:31:38,002721,金一文化,2026-06-18,2026-06-18,started,0,
2026-06-18 21:31:38,002714,牧原股份,2026-06-18,2026-06-18,updated,1,
2026-06-18 21:31:38,002723,小崧股份,2026-06-18,2026-06-18,started,0,
2026-06-18 21:31:38,002716,湖南白银,2026-06-18,2026-06-18,updated,1,
2026-06-18 21:31:38,002724,海洋王,2026-06-18,2026-06-18,started,0,
2026-06-18 21:31:38,002725,跃岭股份,2026-06-18,2026-06-18,started,0,
2026-06-18 21:31:38,002717,*ST岭南,2026-06-18,2026-06-18,updated,1,
2026-06-18 21:31:38,002726,ST龙大,2026-06-18,2026-06-18,started,0,
2026-06-18 21:31:38,002718,友邦吊顶,2026-06-18,2026-06-18,updated,1,
2026-06-18 21:31:38,002727,一心堂,2026-06-18,2026-06-18,started,0,
2026-06-18 21:31:38,002719,ST麦趣,2026-06-18,2026-06-18,updated,1,
2026-06-18 21:31:38,002722,物产金轮,2026-06-18,2026-06-18,updated,1,
2026-06-18 21:31:38,002728,特一药业,2026-06-18,2026-06-18,started,0,
2026-06-18 21:31:39,002721,金一文化,2026-06-18,2026-06-18,updated,1,
2026-06-18 21:31:39,002729,好利科技,2026-06-18,2026-06-18,started,0,
2026-06-18 21:31:39,002723,小崧股份,2026-06-18,2026-06-18,updated,1,
2026-06-18 21:31:39,002730,电光科技,2026-06-18,2026-06-18,started,0,
2026-06-18 21:31:39,002724,海洋王,2026-06-18,2026-06-18,updated,1,
2026-06-18 21:31:39,002725,跃岭股份,2026-06-18,2026-06-18,updated,1,
2026-06-18 21:31:39,002731,ST萃华,2026-06-18,2026-06-18,started,0,
2026-06-18 21:31:39,002732,燕塘乳业,2026-06-18,2026-06-18,started,0,
2026-06-18 21:31:39,002733,雄韬股份,2026-06-18,2026-06-18,started,0,
2026-06-18 21:31:39,002726,ST龙大,2026-06-18,2026-06-18,updated,1,
2026-06-18 21:31:39,002734,利民股份,2026-06-18,2026-06-18,started,0,
2026-06-18 21:31:39,002727,一心堂,2026-06-18,2026-06-18,updated,1,
2026-06-18 21:31:39,002735,王子新材,2026-06-18,2026-06-18,started,0,
2026-06-18 21:31:39,002728,特一药业,2026-06-18,2026-06-18,updated,1,
2026-06-18 21:31:39,002736,国信证券,2026-06-18,2026-06-18,started,0,
2026-06-18 21:31:39,002729,好利科技,2026-06-18,2026-06-18,updated,1,
2026-06-18 21:31:39,002730,电光科技,2026-06-18,2026-06-18,updated,1,
2026-06-18 21:31:39,002737,葵花药业,2026-06-18,2026-06-18,started,0,
2026-06-18 21:31:39,002731,ST萃华,2026-06-18,2026-06-18,updated,1,
2026-06-18 21:31:39,002738,中矿资源,2026-06-18,2026-06-18,started,0,
2026-06-18 21:31:39,002732,燕塘乳业,2026-06-18,2026-06-18,updated,1,
2026-06-18 21:31:39,002739,儒意电影,2026-06-18,2026-06-18,started,0,
2026-06-18 21:31:39,002733,雄韬股份,2026-06-18,2026-06-18,updated,1,
2026-06-18 21:31:39,002741,光华科技,2026-06-18,2026-06-18,started,0,
2026-06-18 21:31:40,002742,三圣股份,2026-06-18,2026-06-18,started,0,
2026-06-18 21:31:40,002734,利民股份,2026-06-18,2026-06-18,updated,1,
2026-06-18 21:31:40,002735,王子新材,2026-06-18,2026-06-18,updated,1,
2026-06-18 21:31:40,002743,富煌钢构,2026-06-18,2026-06-18,started,0,
2026-06-18 21:31:40,002745,木林森,2026-06-18,2026-06-18,started,0,
2026-06-18 21:31:40,002736,国信证券,2026-06-18,2026-06-18,updated,1,
2026-06-18 21:31:40,002746,仙坛股份,2026-06-18,2026-06-18,started,0,
2026-06-18 21:31:40,002737,葵花药业,2026-06-18,2026-06-18,updated,1,
2026-06-18 21:31:40,002747,埃斯顿,2026-06-18,2026-06-18,started,0,
2026-06-18 21:31:40,002738,中矿资源,2026-06-18,2026-06-18,updated,1,
2026-06-18 21:31:40,002739,儒意电影,2026-06-18,2026-06-18,updated,1,
2026-06-18 21:31:40,002748,世龙实业,2026-06-18,2026-06-18,started,0,
2026-06-18 21:31:40,002741,光华科技,2026-06-18,2026-06-18,updated,1,
2026-06-18 21:31:40,002749,国光股份,2026-06-18,2026-06-18,started,0,
2026-06-18 21:31:40,002742,三圣股份,2026-06-18,2026-06-18,updated,1,
2026-06-18 21:31:40,002752,昇兴股份,2026-06-18,2026-06-18,started,0,
2026-06-18 21:31:40,002743,富煌钢构,2026-06-18,2026-06-18,updated,1,
2026-06-18 21:31:40,002753,永东股份,2026-06-18,2026-06-18,started,0,
2026-06-18 21:31:40,002755,奥赛康,2026-06-18,2026-06-18,started,0,
2026-06-18 21:31:40,002745,木林森,2026-06-18,2026-06-18,updated,1,
2026-06-18 21:31:40,002756,永兴材料,2026-06-18,2026-06-18,started,0,
2026-06-18 21:31:40,002746,仙坛股份,2026-06-18,2026-06-18,updated,1,
2026-06-18 21:31:40,002757,南兴股份,2026-06-18,2026-06-18,started,0,
2026-06-18 21:31:40,002747,埃斯顿,2026-06-18,2026-06-18,updated,1,
2026-06-18 21:31:41,002748,世龙实业,2026-06-18,2026-06-18,updated,1,
2026-06-18 21:31:41,002758,浙农股份,2026-06-18,2026-06-18,started,0,
2026-06-18 21:31:41,002749,国光股份,2026-06-18,2026-06-18,updated,1,
2026-06-18 21:31:41,002759,天际股份,2026-06-18,2026-06-18,started,0,
2026-06-18 21:31:41,002752,昇兴股份,2026-06-18,2026-06-18,updated,1,
2026-06-18 21:31:41,002760,凤形股份,2026-06-18,2026-06-18,started,0,
2026-06-18 21:31:41,002755,奥赛康,2026-06-18,2026-06-18,updated,1,
2026-06-18 21:31:41,002761,浙江建投,2026-06-18,2026-06-18,started,0,
2026-06-18 21:31:41,002762,*ST金比,2026-06-18,2026-06-18,started,0,
2026-06-18 21:31:41,002753,永东股份,2026-06-18,2026-06-18,updated,1,
2026-06-18 21:31:41,002756,永兴材料,2026-06-18,2026-06-18,updated,1,
2026-06-18 21:31:41,002763,汇洁股份,2026-06-18,2026-06-18,started,0,
2026-06-18 21:31:41,002765,蓝黛科技,2026-06-18,2026-06-18,started,0,
2026-06-18 21:31:41,002757,南兴股份,2026-06-18,2026-06-18,updated,1,
2026-06-18 21:31:41,002766,索菱股份,2026-06-18,2026-06-18,started,0,
2026-06-18 21:31:41,002758,浙农股份,2026-06-18,2026-06-18,updated,1,
2026-06-18 21:31:41,002760,凤形股份,2026-06-18,2026-06-18,updated,1,
2026-06-18 21:31:41,002767,先锋电子,2026-06-18,2026-06-18,started,0,
2026-06-18 21:31:41,002759,天际股份,2026-06-18,2026-06-18,updated,1,
2026-06-18 21:31:41,002768,国恩股份,2026-06-18,2026-06-18,started,0,
2026-06-18 21:31:41,002762,*ST金比,2026-06-18,2026-06-18,updated,1,
2026-06-18 21:31:41,002769,普路通,2026-06-18,2026-06-18,started,0,
2026-06-18 21:31:41,002761,浙江建投,2026-06-18,2026-06-18,updated,1,
2026-06-18 21:31:41,002771,真视通,2026-06-18,2026-06-18,started,0,
2026-06-18 21:31:41,002772,众兴菌业,2026-06-18,2026-06-18,started,0,
2026-06-18 21:31:41,002763,汇洁股份,2026-06-18,2026-06-18,updated,1,
2026-06-18 21:31:42,002773,康弘药业,2026-06-18,2026-06-18,started,0,
2026-06-18 21:31:42,002765,蓝黛科技,2026-06-18,2026-06-18,updated,1,
2026-06-18 21:31:42,002774,快意电梯,2026-06-18,2026-06-18,started,0,
2026-06-18 21:31:42,002766,索菱股份,2026-06-18,2026-06-18,updated,1,
2026-06-18 21:31:42,002767,先锋电子,2026-06-18,2026-06-18,updated,1,
2026-06-18 21:31:42,002775,文科股份,2026-06-18,2026-06-18,started,0,
2026-06-18 21:31:42,002768,国恩股份,2026-06-18,2026-06-18,updated,1,
2026-06-18 21:31:42,002777,久远银海,2026-06-18,2026-06-18,started,0,
2026-06-18 21:31:42,002769,普路通,2026-06-18,2026-06-18,updated,1,
2026-06-18 21:31:42,002771,真视通,2026-06-18,2026-06-18,updated,1,
2026-06-18 21:31:42,002778,中晟高科,2026-06-18,2026-06-18,started,0,
2026-06-18 21:31:42,002779,中坚科技,2026-06-18,2026-06-18,started,0,
2026-06-18 21:31:42,002772,众兴菌业,2026-06-18,2026-06-18,updated,1,
2026-06-18 21:31:42,002780,三夫户外,2026-06-18,2026-06-18,started,0,
2026-06-18 21:31:42,002773,康弘药业,2026-06-18,2026-06-18,updated,1,
2026-06-18 21:31:42,002782,可立克,2026-06-18,2026-06-18,started,0,
2026-06-18 21:31:42,002783,凯龙股份,2026-06-18,2026-06-18,started,0,
2026-06-18 21:31:42,002774,快意电梯,2026-06-18,2026-06-18,updated,1,
2026-06-18 21:31:42,002785,万里石,2026-06-18,2026-06-18,started,0,
2026-06-18 21:31:42,002775,文科股份,2026-06-18,2026-06-18,updated,1,
2026-06-18 21:31:42,002777,久远银海,2026-06-18,2026-06-18,updated,1,
2026-06-18 21:31:42,002786,银宝山新,2026-06-18,2026-06-18,started,0,
2026-06-18 21:31:43,002778,中晟高科,2026-06-18,2026-06-18,updated,1,
2026-06-18 21:31:43,002787,华源控股,2026-06-18,2026-06-18,started,0,
2026-06-18 21:31:43,002779,中坚科技,2026-06-18,2026-06-18,updated,1,
2026-06-18 21:31:43,002780,三夫户外,2026-06-18,2026-06-18,updated,1,
2026-06-18 21:31:43,002788,鹭燕医药,2026-06-18,2026-06-18,started,0,
2026-06-18 21:31:43,002789,*ST建艺,2026-06-18,2026-06-18,started,0,
2026-06-18 21:31:43,002782,可立克,2026-06-18,2026-06-18,updated,1,
2026-06-18 21:31:43,002790,瑞尔特,2026-06-18,2026-06-18,started,0,
2026-06-18 21:31:43,002791,坚朗五金,2026-06-18,2026-06-18,started,0,
2026-06-18 21:31:43,002783,凯龙股份,2026-06-18,2026-06-18,updated,1,
2026-06-18 21:31:43,002785,万里石,2026-06-18,2026-06-18,updated,1,
2026-06-18 21:31:43,002792,通宇通讯,2026-06-18,2026-06-18,started,0,
2026-06-18 21:31:43,002793,罗欣药业,2026-06-18,2026-06-18,started,0,
2026-06-18 21:31:43,002786,银宝山新,2026-06-18,2026-06-18,updated,1,
2026-06-18 21:31:43,002787,华源控股,2026-06-18,2026-06-18,updated,1,
2026-06-18 21:31:43,002795,永和智控,2026-06-18,2026-06-18,started,0,
2026-06-18 21:31:43,002796,世嘉科技,2026-06-18,2026-06-18,started,0,
2026-06-18 21:31:43,002788,鹭燕医药,2026-06-18,2026-06-18,updated,1,
2026-06-18 21:31:43,002789,*ST建艺,2026-06-18,2026-06-18,updated,1,
2026-06-18 21:31:43,002797,第一创业,2026-06-18,2026-06-18,started,0,
2026-06-18 21:31:43,002798,帝欧水华,2026-06-18,2026-06-18,started,0,
2026-06-18 21:31:43,002790,瑞尔特,2026-06-18,2026-06-18,updated,1,
2026-06-18 21:31:43,002791,坚朗五金,2026-06-18,2026-06-18,updated,1,
2026-06-18 21:31:43,002799,环球印务,2026-06-18,2026-06-18,started,0,
2026-06-18 21:31:43,002792,通宇通讯,2026-06-18,2026-06-18,updated,1,
2026-06-18 21:31:44,002800,天顺股份,2026-06-18,2026-06-18,started,0,
2026-06-18 21:31:44,002801,微光股份,2026-06-18,2026-06-18,started,0,
2026-06-18 21:31:44,002793,罗欣药业,2026-06-18,2026-06-18,updated,1,
2026-06-18 21:31:44,002802,洪汇新材,2026-06-18,2026-06-18,started,0,
2026-06-18 21:31:44,002795,永和智控,2026-06-18,2026-06-18,updated,1,
2026-06-18 21:31:44,002796,世嘉科技,2026-06-18,2026-06-18,updated,1,
2026-06-18 21:31:44,002803,吉宏股份,2026-06-18,2026-06-18,started,0,
2026-06-18 21:31:44,002797,第一创业,2026-06-18,2026-06-18,updated,1,
2026-06-18 21:31:44,002805,丰元股份,2026-06-18,2026-06-18,started,0,
2026-06-18 21:31:44,002798,帝欧水华,2026-06-18,2026-06-18,updated,1,
2026-06-18 21:31:44,002806,华锋股份,2026-06-18,2026-06-18,started,0,
2026-06-18 21:31:44,002799,环球印务,2026-06-18,2026-06-18,updated,1,
2026-06-18 21:31:44,002807,江阴银行,2026-06-18,2026-06-18,started,0,
2026-06-18 21:31:44,002801,微光股份,2026-06-18,2026-06-18,updated,1,
2026-06-18 21:31:44,002808,*ST恒久,2026-06-18,2026-06-18,started,0,
2026-06-18 21:31:44,002809,红墙股份,2026-06-18,2026-06-18,started,0,
2026-06-18 21:31:44,002800,天顺股份,2026-06-18,2026-06-18,updated,1,
2026-06-18 21:31:44,002810,山东赫达,2026-06-18,2026-06-18,started,0,
2026-06-18 21:31:44,002802,洪汇新材,2026-06-18,2026-06-18,updated,1,
2026-06-18 21:31:44,002803,吉宏股份,2026-06-18,2026-06-18,updated,1,
2026-06-18 21:31:44,002811,郑中设计,2026-06-18,2026-06-18,started,0,
2026-06-18 21:31:44,002805,丰元股份,2026-06-18,2026-06-18,updated,1,
2026-06-18 21:31:44,002812,恩捷股份,2026-06-18,2026-06-18,started,0,
2026-06-18 21:31:44,002806,华锋股份,2026-06-18,2026-06-18,updated,1,
2026-06-18 21:31:44,002813,路畅科技,2026-06-18,2026-06-18,started,0,
2026-06-18 21:31:45,002815,崇达技术,2026-06-18,2026-06-18,started,0,
2026-06-18 21:31:45,002807,江阴银行,2026-06-18,2026-06-18,updated,1,
2026-06-18 21:31:45,002808,*ST恒久,2026-06-18,2026-06-18,updated,1,
2026-06-18 21:31:45,002816,*ST和科,2026-06-18,2026-06-18,started,0,
2026-06-18 21:31:45,002817,黄山胶囊,2026-06-18,2026-06-18,started,0,
2026-06-18 21:31:45,002809,红墙股份,2026-06-18,2026-06-18,updated,1,
2026-06-18 21:31:45,002818,富森美,2026-06-18,2026-06-18,started,0,
2026-06-18 21:31:45,002810,山东赫达,2026-06-18,2026-06-18,updated,1,
2026-06-18 21:31:45,002819,东方中科,2026-06-18,2026-06-18,started,0,
2026-06-18 21:31:45,002811,郑中设计,2026-06-18,2026-06-18,updated,1,
2026-06-18 21:31:45,002812,恩捷股份,2026-06-18,2026-06-18,updated,1,
2026-06-18 21:31:45,002820,桂发祥,2026-06-18,2026-06-18,started,0,
2026-06-18 21:31:45,002821,凯莱英,2026-06-18,2026-06-18,started,0,
2026-06-18 21:31:45,002813,路畅科技,2026-06-18,2026-06-18,updated,1,
2026-06-18 21:31:45,002822,ST中装,2026-06-18,2026-06-18,started,0,
2026-06-18 21:31:45,002815,崇达技术,2026-06-18,2026-06-18,updated,1,
2026-06-18 21:31:45,002823,凯中精密,2026-06-18,2026-06-18,started,0,
2026-06-18 21:31:45,002817,黄山胶囊,2026-06-18,2026-06-18,updated,1,
2026-06-18 21:31:45,002824,和胜股份,2026-06-18,2026-06-18,started,0,
2026-06-18 21:31:45,002816,*ST和科,2026-06-18,2026-06-18,updated,1,
2026-06-18 21:31:45,002825,纳尔股份,2026-06-18,2026-06-18,started,0,
2026-06-18 21:31:45,002818,富森美,2026-06-18,2026-06-18,updated,1,
2026-06-18 21:31:46,002826,易明医药,2026-06-18,2026-06-18,started,0,
2026-06-18 21:31:46,002819,东方中科,2026-06-18,2026-06-18,updated,1,
2026-06-18 21:31:46,002820,桂发祥,2026-06-18,2026-06-18,updated,1,
2026-06-18 21:31:46,002827,高争民爆,2026-06-18,2026-06-18,started,0,
2026-06-18 21:31:46,002828,贝肯能源,2026-06-18,2026-06-18,started,0,
2026-06-18 21:31:46,002822,ST中装,2026-06-18,2026-06-18,updated,1,
2026-06-18 21:31:46,002829,星网宇达,2026-06-18,2026-06-18,started,0,
2026-06-18 21:31:46,002821,凯莱英,2026-06-18,2026-06-18,updated,1,
2026-06-18 21:31:46,002823,凯中精密,2026-06-18,2026-06-18,updated,1,
2026-06-18 21:31:46,002830,名雕股份,2026-06-18,2026-06-18,started,0,
2026-06-18 21:31:46,002824,和胜股份,2026-06-18,2026-06-18,updated,1,
2026-06-18 21:31:46,002831,裕同科技,2026-06-18,2026-06-18,started,0,
2026-06-18 21:31:46,002832,比音勒芬,2026-06-18,2026-06-18,started,0,
2026-06-18 21:31:46,002825,纳尔股份,2026-06-18,2026-06-18,updated,1,
2026-06-18 21:31:46,002826,易明医药,2026-06-18,2026-06-18,updated,1,
2026-06-18 21:31:46,002833,弘亚数控,2026-06-18,2026-06-18,started,0,
2026-06-18 21:31:46,002827,高争民爆,2026-06-18,2026-06-18,updated,1,
2026-06-18 21:31:46,002835,同为股份,2026-06-18,2026-06-18,started,0,
2026-06-18 21:31:46,002828,贝肯能源,2026-06-18,2026-06-18,updated,1,
2026-06-18 21:31:46,002836,新宏泽,2026-06-18,2026-06-18,started,0,
2026-06-18 21:31:46,002829,星网宇达,2026-06-18,2026-06-18,updated,1,
2026-06-18 21:31:46,002837,英维克,2026-06-18,2026-06-18,started,0,
2026-06-18 21:31:46,002830,名雕股份,2026-06-18,2026-06-18,updated,1,
2026-06-18 21:31:46,002838,道恩股份,2026-06-18,2026-06-18,started,0,
2026-06-18 21:31:46,002839,张家港行,2026-06-18,2026-06-18,started,0,
2026-06-18 21:31:46,002831,裕同科技,2026-06-18,2026-06-18,updated,1,
2026-06-18 21:31:47,002840,华统股份,2026-06-18,2026-06-18,started,0,
2026-06-18 21:31:47,002832,比音勒芬,2026-06-18,2026-06-18,updated,1,
2026-06-18 21:31:47,002833,弘亚数控,2026-06-18,2026-06-18,updated,1,
2026-06-18 21:31:47,002841,视源股份,2026-06-18,2026-06-18,started,0,
2026-06-18 21:31:47,002842,翔鹭钨业,2026-06-18,2026-06-18,started,0,
2026-06-18 21:31:47,002835,同为股份,2026-06-18,2026-06-18,updated,1,
2026-06-18 21:31:47,002843,泰嘉股份,2026-06-18,2026-06-18,started,0,
2026-06-18 21:31:47,002837,英维克,2026-06-18,2026-06-18,updated,1,
2026-06-18 21:31:47,002836,新宏泽,2026-06-18,2026-06-18,updated,1,
2026-06-18 21:31:47,002838,道恩股份,2026-06-18,2026-06-18,updated,1,
2026-06-18 21:31:47,002845,同兴达,2026-06-18,2026-06-18,started,0,
2026-06-18 21:31:47,002846,英联股份,2026-06-18,2026-06-18,started,0,
2026-06-18 21:31:47,002847,盐津铺子,2026-06-18,2026-06-18,started,0,
2026-06-18 21:31:47,002839,张家港行,2026-06-18,2026-06-18,updated,1,
2026-06-18 21:31:47,002848,高斯贝尔,2026-06-18,2026-06-18,started,0,
2026-06-18 21:31:47,002840,华统股份,2026-06-18,2026-06-18,updated,1,
2026-06-18 21:31:47,002842,翔鹭钨业,2026-06-18,2026-06-18,updated,1,
2026-06-18 21:31:47,002849,威星智能,2026-06-18,2026-06-18,started,0,
2026-06-18 21:31:47,002850,科达利,2026-06-18,2026-06-18,started,0,
2026-06-18 21:31:47,002841,视源股份,2026-06-18,2026-06-18,updated,1,
2026-06-18 21:31:47,002843,泰嘉股份,2026-06-18,2026-06-18,updated,1,
2026-06-18 21:31:47,002851,麦格米特,2026-06-18,2026-06-18,started,0,
2026-06-18 21:31:47,002846,英联股份,2026-06-18,2026-06-18,updated,1,
2026-06-18 21:31:48,002852,道道全,2026-06-18,2026-06-18,started,0,
2026-06-18 21:31:48,002845,同兴达,2026-06-18,2026-06-18,updated,1,
2026-06-18 21:31:48,002853,皮阿诺,2026-06-18,2026-06-18,started,0,
2026-06-18 21:31:48,002847,盐津铺子,2026-06-18,2026-06-18,updated,1,
2026-06-18 21:31:48,002855,捷荣技术,2026-06-18,2026-06-18,started,0,
2026-06-18 21:31:48,002856,*ST美芝,2026-06-18,2026-06-18,started,0,
2026-06-18 21:31:48,002848,高斯贝尔,2026-06-18,2026-06-18,updated,1,
2026-06-18 21:31:48,002857,三晖电气,2026-06-18,2026-06-18,started,0,
2026-06-18 21:31:48,002849,威星智能,2026-06-18,2026-06-18,updated,1,
2026-06-18 21:31:48,002858,力盛体育,2026-06-18,2026-06-18,started,0,
2026-06-18 21:31:48,002850,科达利,2026-06-18,2026-06-18,updated,1,
2026-06-18 21:31:48,002851,麦格米特,2026-06-18,2026-06-18,updated,1,
2026-06-18 21:31:48,002859,洁美科技,2026-06-18,2026-06-18,started,0,
2026-06-18 21:31:48,002853,皮阿诺,2026-06-18,2026-06-18,updated,1,
2026-06-18 21:31:48,002860,星帅尔,2026-06-18,2026-06-18,started,0,
2026-06-18 21:31:48,002852,道道全,2026-06-18,2026-06-18,updated,1,
2026-06-18 21:31:48,002861,瀛通通讯,2026-06-18,2026-06-18,started,0,
2026-06-18 21:31:48,002862,实丰文化,2026-06-18,2026-06-18,started,0,
2026-06-18 21:31:48,002855,捷荣技术,2026-06-18,2026-06-18,updated,1,
2026-06-18 21:31:48,002856,*ST美芝,2026-06-18,2026-06-18,updated,1,
2026-06-18 21:31:48,002863,今飞凯达,2026-06-18,2026-06-18,started,0,
2026-06-18 21:31:48,002864,盘龙药业,2026-06-18,2026-06-18,started,0,
2026-06-18 21:31:48,002857,三晖电气,2026-06-18,2026-06-18,updated,1,
2026-06-18 21:31:48,002865,钧达股份,2026-06-18,2026-06-18,started,0,
2026-06-18 21:31:48,002858,力盛体育,2026-06-18,2026-06-18,updated,1,
2026-06-18 21:31:49,002866,传艺科技,2026-06-18,2026-06-18,started,0,
2026-06-18 21:31:49,002859,洁美科技,2026-06-18,2026-06-18,updated,1,
2026-06-18 21:31:49,002860,星帅尔,2026-06-18,2026-06-18,updated,1,
2026-06-18 21:31:49,002867,周大生,2026-06-18,2026-06-18,started,0,
2026-06-18 21:31:49,002861,瀛通通讯,2026-06-18,2026-06-18,updated,1,
2026-06-18 21:31:49,002868,绿康生化,2026-06-18,2026-06-18,started,0,
2026-06-18 21:31:49,002862,实丰文化,2026-06-18,2026-06-18,updated,1,
2026-06-18 21:31:49,002869,金溢科技,2026-06-18,2026-06-18,started,0,
2026-06-18 21:31:49,002870,香山股份,2026-06-18,2026-06-18,started,0,
2026-06-18 21:31:49,002863,今飞凯达,2026-06-18,2026-06-18,updated,1,
2026-06-18 21:31:49,002871,伟隆股份,2026-06-18,2026-06-18,started,0,
2026-06-18 21:31:49,002864,盘龙药业,2026-06-18,2026-06-18,updated,1,
2026-06-18 21:31:49,002872,ST天圣,2026-06-18,2026-06-18,started,0,
2026-06-18 21:31:49,002865,钧达股份,2026-06-18,2026-06-18,updated,1,
2026-06-18 21:31:49,002873,新天药业,2026-06-18,2026-06-18,started,0,
2026-06-18 21:31:49,002866,传艺科技,2026-06-18,2026-06-18,updated,1,
2026-06-18 21:31:49,002867,周大生,2026-06-18,2026-06-18,updated,1,
2026-06-18 21:31:49,002875,安奈儿,2026-06-18,2026-06-18,started,0,
2026-06-18 21:31:49,002868,绿康生化,2026-06-18,2026-06-18,updated,1,
2026-06-18 21:31:49,002876,三利谱,2026-06-18,2026-06-18,started,0,
2026-06-18 21:31:49,002870,香山股份,2026-06-18,2026-06-18,updated,1,
2026-06-18 21:31:49,002877,智能自控,2026-06-18,2026-06-18,started,0,
2026-06-18 21:31:49,002869,金溢科技,2026-06-18,2026-06-18,updated,1,
2026-06-18 21:31:49,002878,元隆雅图,2026-06-18,2026-06-18,started,0,
2026-06-18 21:31:49,002879,长缆科技,2026-06-18,2026-06-18,started,0,
2026-06-18 21:31:50,002871,伟隆股份,2026-06-18,2026-06-18,updated,1,
2026-06-18 21:31:50,002880,卫光生物,2026-06-18,2026-06-18,started,0,
2026-06-18 21:31:50,002872,ST天圣,2026-06-18,2026-06-18,updated,1,
2026-06-18 21:31:50,002881,美格智能,2026-06-18,2026-06-18,started,0,
2026-06-18 21:31:50,002873,新天药业,2026-06-18,2026-06-18,updated,1,
2026-06-18 21:31:50,002875,安奈儿,2026-06-18,2026-06-18,updated,1,
2026-06-18 21:31:50,002882,金龙羽,2026-06-18,2026-06-18,started,0,
2026-06-18 21:31:50,002883,*ST中设,2026-06-18,2026-06-18,started,0,
2026-06-18 21:31:50,002876,三利谱,2026-06-18,2026-06-18,updated,1,
2026-06-18 21:31:50,002877,智能自控,2026-06-18,2026-06-18,updated,1,
2026-06-18 21:31:50,002884,凌霄泵业,2026-06-18,2026-06-18,started,0,
2026-06-18 21:31:50,002885,京泉华,2026-06-18,2026-06-18,started,0,
2026-06-18 21:31:50,002878,元隆雅图,2026-06-18,2026-06-18,updated,1,
2026-06-18 21:31:50,002879,长缆科技,2026-06-18,2026-06-18,updated,1,
2026-06-18 21:31:50,002886,沃特股份,2026-06-18,2026-06-18,started,0,
2026-06-18 21:31:50,002887,绿茵生态,2026-06-18,2026-06-18,started,0,
2026-06-18 21:31:50,002880,卫光生物,2026-06-18,2026-06-18,updated,1,
2026-06-18 21:31:50,002881,美格智能,2026-06-18,2026-06-18,updated,1,
2026-06-18 21:31:50,002888,惠威科技,2026-06-18,2026-06-18,started,0,
2026-06-18 21:31:50,002889,东方嘉盛,2026-06-18,2026-06-18,started,0,
2026-06-18 21:31:50,002883,*ST中设,2026-06-18,2026-06-18,updated,1,
2026-06-18 21:31:50,002882,金龙羽,2026-06-18,2026-06-18,updated,1,
2026-06-18 21:31:50,002890,弘宇股份,2026-06-18,2026-06-18,started,0,
2026-06-18 21:31:50,002891,中宠股份,2026-06-18,2026-06-18,started,0,
2026-06-18 21:31:50,002884,凌霄泵业,2026-06-18,2026-06-18,updated,1,
2026-06-18 21:31:51,002885,京泉华,2026-06-18,2026-06-18,updated,1,
2026-06-18 21:31:51,002892,科力尔,2026-06-18,2026-06-18,started,0,
2026-06-18 21:31:51,002886,沃特股份,2026-06-18,2026-06-18,updated,1,
2026-06-18 21:31:51,002893,京能热力,2026-06-18,2026-06-18,started,0,
2026-06-18 21:31:51,002895,川恒股份,2026-06-18,2026-06-18,started,0,
2026-06-18 21:31:51,002887,绿茵生态,2026-06-18,2026-06-18,updated,1,
2026-06-18 21:31:51,002888,惠威科技,2026-06-18,2026-06-18,updated,1,
2026-06-18 21:31:51,002896,中大力德,2026-06-18,2026-06-18,started,0,
2026-06-18 21:31:51,002897,意华股份,2026-06-18,2026-06-18,started,0,
2026-06-18 21:31:51,002889,东方嘉盛,2026-06-18,2026-06-18,updated,1,
2026-06-18 21:31:51,002890,弘宇股份,2026-06-18,2026-06-18,updated,1,
2026-06-18 21:31:51,002898,*ST赛隆,2026-06-18,2026-06-18,started,0,
2026-06-18 21:31:51,002891,中宠股份,2026-06-18,2026-06-18,updated,1,
2026-06-18 21:31:51,002899,英派斯,2026-06-18,2026-06-18,started,0,
2026-06-18 21:31:51,002892,科力尔,2026-06-18,2026-06-18,updated,1,
2026-06-18 21:31:51,002900,哈三联,2026-06-18,2026-06-18,started,0,
2026-06-18 21:31:51,002901,大博医疗,2026-06-18,2026-06-18,started,0,
2026-06-18 21:31:51,002893,京能热力,2026-06-18,2026-06-18,updated,1,
2026-06-18 21:31:51,002902,铭普光磁,2026-06-18,2026-06-18,started,0,
2026-06-18 21:31:51,002895,川恒股份,2026-06-18,2026-06-18,updated,1,
2026-06-18 21:31:51,002896,中大力德,2026-06-18,2026-06-18,updated,1,
2026-06-18 21:31:51,002903,宇环数控,2026-06-18,2026-06-18,started,0,
2026-06-18 21:31:51,002905,金逸影视,2026-06-18,2026-06-18,started,0,
2026-06-18 21:31:51,002897,意华股份,2026-06-18,2026-06-18,updated,1,
2026-06-18 21:31:51,002898,*ST赛隆,2026-06-18,2026-06-18,updated,1,
2026-06-18 21:31:52,002906,华阳集团,2026-06-18,2026-06-18,started,0,
2026-06-18 21:31:52,002899,英派斯,2026-06-18,2026-06-18,updated,1,
2026-06-18 21:31:52,002907,华森制药,2026-06-18,2026-06-18,started,0,
2026-06-18 21:31:52,002901,大博医疗,2026-06-18,2026-06-18,updated,1,
2026-06-18 21:31:52,002908,德生科技,2026-06-18,2026-06-18,started,0,
2026-06-18 21:31:52,002909,集泰股份,2026-06-18,2026-06-18,started,0,
2026-06-18 21:31:52,002900,哈三联,2026-06-18,2026-06-18,updated,1,
2026-06-18 21:31:52,002902,铭普光磁,2026-06-18,2026-06-18,updated,1,
2026-06-18 21:31:52,002910,庄园牧场,2026-06-18,2026-06-18,started,0,
2026-06-18 21:31:52,002903,宇环数控,2026-06-18,2026-06-18,updated,1,
2026-06-18 21:31:52,002911,佛燃能源,2026-06-18,2026-06-18,started,0,
2026-06-18 21:31:52,002912,中新赛克,2026-06-18,2026-06-18,started,0,
2026-06-18 21:31:52,002905,金逸影视,2026-06-18,2026-06-18,updated,1,
2026-06-18 21:31:52,002913,奥士康,2026-06-18,2026-06-18,started,0,
2026-06-18 21:31:52,002906,华阳集团,2026-06-18,2026-06-18,updated,1,
2026-06-18 21:31:52,002908,德生科技,2026-06-18,2026-06-18,updated,1,
2026-06-18 21:31:52,002915,中欣氟材,2026-06-18,2026-06-18,started,0,
2026-06-18 21:31:52,002907,华森制药,2026-06-18,2026-06-18,updated,1,
2026-06-18 21:31:52,002916,深南电路,2026-06-18,2026-06-18,started,0,
2026-06-18 21:31:52,002909,集泰股份,2026-06-18,2026-06-18,updated,1,
2026-06-18 21:31:52,002917,金奥博,2026-06-18,2026-06-18,started,0,
2026-06-18 21:31:52,002918,蒙娜丽莎,2026-06-18,2026-06-18,started,0,
2026-06-18 21:31:52,002910,庄园牧场,2026-06-18,2026-06-18,updated,1,
2026-06-18 21:31:52,002919,名臣健康,2026-06-18,2026-06-18,started,0,
2026-06-18 21:31:52,002911,佛燃能源,2026-06-18,2026-06-18,updated,1,
2026-06-18 21:31:53,002920,德赛西威,2026-06-18,2026-06-18,started,0,
2026-06-18 21:31:53,002912,中新赛克,2026-06-18,2026-06-18,updated,1,
2026-06-18 21:31:53,002913,奥士康,2026-06-18,2026-06-18,updated,1,
2026-06-18 21:31:53,002921,联诚精密,2026-06-18,2026-06-18,started,0,
2026-06-18 21:31:53,002915,中欣氟材,2026-06-18,2026-06-18,updated,1,
2026-06-18 21:31:53,002922,伊戈尔,2026-06-18,2026-06-18,started,0,
2026-06-18 21:31:53,002917,金奥博,2026-06-18,2026-06-18,updated,1,
2026-06-18 21:31:53,002923,润都股份,2026-06-18,2026-06-18,started,0,
2026-06-18 21:31:53,002925,盈趣科技,2026-06-18,2026-06-18,started,0,
2026-06-18 21:31:53,002916,深南电路,2026-06-18,2026-06-18,updated,1,
2026-06-18 21:31:53,002926,华西证券,2026-06-18,2026-06-18,started,0,
2026-06-18 21:31:53,002918,蒙娜丽莎,2026-06-18,2026-06-18,updated,1,
2026-06-18 21:31:53,002927,泰永长征,2026-06-18,2026-06-18,started,0,
2026-06-18 21:31:53,002919,名臣健康,2026-06-18,2026-06-18,updated,1,
2026-06-18 21:31:53,002928,华夏航空,2026-06-18,2026-06-18,started,0,
2026-06-18 21:31:53,002920,德赛西威,2026-06-18,2026-06-18,updated,1,
2026-06-18 21:31:53,002921,联诚精密,2026-06-18,2026-06-18,updated,1,
2026-06-18 21:31:53,002929,润建股份,2026-06-18,2026-06-18,started,0,
2026-06-18 21:31:53,002930,宏川智慧,2026-06-18,2026-06-18,started,0,
2026-06-18 21:31:53,002922,伊戈尔,2026-06-18,2026-06-18,updated,1,
2026-06-18 21:31:53,002925,盈趣科技,2026-06-18,2026-06-18,updated,1,
2026-06-18 21:31:53,002931,锋龙股份,2026-06-18,2026-06-18,started,0,
2026-06-18 21:31:53,002923,润都股份,2026-06-18,2026-06-18,updated,1,
2026-06-18 21:31:53,002932,*ST明德,2026-06-18,2026-06-18,started,0,
2026-06-18 21:31:53,002926,华西证券,2026-06-18,2026-06-18,updated,1,
2026-06-18 21:31:53,002933,新兴装备,2026-06-18,2026-06-18,started,0,
2026-06-18 21:31:54,002935,天奥电子,2026-06-18,2026-06-18,started,0,
2026-06-18 21:31:54,002927,泰永长征,2026-06-18,2026-06-18,updated,1,
2026-06-18 21:31:54,002928,华夏航空,2026-06-18,2026-06-18,updated,1,
2026-06-18 21:31:54,002936,郑州银行,2026-06-18,2026-06-18,started,0,
2026-06-18 21:31:54,002937,兴瑞科技,2026-06-18,2026-06-18,started,0,
2026-06-18 21:31:54,002929,润建股份,2026-06-18,2026-06-18,updated,1,
2026-06-18 21:31:54,002930,宏川智慧,2026-06-18,2026-06-18,updated,1,
2026-06-18 21:31:54,002938,鹏鼎控股,2026-06-18,2026-06-18,started,0,
2026-06-18 21:31:54,002932,*ST明德,2026-06-18,2026-06-18,updated,1,
2026-06-18 21:31:54,002939,长城证券,2026-06-18,2026-06-18,started,0,
2026-06-18 21:31:54,002931,锋龙股份,2026-06-18,2026-06-18,updated,1,
2026-06-18 21:31:54,002940,昂利康,2026-06-18,2026-06-18,started,0,
2026-06-18 21:31:54,002941,新疆交建,2026-06-18,2026-06-18,started,0,
2026-06-18 21:31:54,002935,天奥电子,2026-06-18,2026-06-18,updated,1,
2026-06-18 21:31:54,002933,新兴装备,2026-06-18,2026-06-18,updated,1,
2026-06-18 21:31:54,002942,新农股份,2026-06-18,2026-06-18,started,0,
2026-06-18 21:31:54,002943,宇晶股份,2026-06-18,2026-06-18,started,0,
2026-06-18 21:31:54,002936,郑州银行,2026-06-18,2026-06-18,updated,1,
2026-06-18 21:31:54,002945,华林证券,2026-06-18,2026-06-18,started,0,
2026-06-18 21:31:54,002937,兴瑞科技,2026-06-18,2026-06-18,updated,1,
2026-06-18 21:31:54,002946,新乳业,2026-06-18,2026-06-18,started,0,
2026-06-18 21:31:54,002938,鹏鼎控股,2026-06-18,2026-06-18,updated,1,
2026-06-18 21:31:54,002947,恒铭达,2026-06-18,2026-06-18,started,0,
2026-06-18 21:31:54,002939,长城证券,2026-06-18,2026-06-18,updated,1,
2026-06-18 21:31:54,002948,青岛银行,2026-06-18,2026-06-18,started,0,
2026-06-18 21:31:54,002940,昂利康,2026-06-18,2026-06-18,updated,1,
2026-06-18 21:31:55,002942,新农股份,2026-06-18,2026-06-18,updated,1,
2026-06-18 21:31:55,002949,华阳国际,2026-06-18,2026-06-18,started,0,
2026-06-18 21:31:55,002950,奥美医疗,2026-06-18,2026-06-18,started,0,
2026-06-18 21:31:55,002941,新疆交建,2026-06-18,2026-06-18,updated,1,
2026-06-18 21:31:55,002951,金时科技,2026-06-18,2026-06-18,started,0,
2026-06-18 21:31:55,002943,宇晶股份,2026-06-18,2026-06-18,updated,1,
2026-06-18 21:31:55,002945,华林证券,2026-06-18,2026-06-18,updated,1,
2026-06-18 21:31:55,002952,亚世光电,2026-06-18,2026-06-18,started,0,
2026-06-18 21:31:55,002946,新乳业,2026-06-18,2026-06-18,updated,1,
2026-06-18 21:31:55,002953,日丰股份,2026-06-18,2026-06-18,started,0,
2026-06-18 21:31:55,002955,鸿合科技,2026-06-18,2026-06-18,started,0,
2026-06-18 21:31:55,002947,恒铭达,2026-06-18,2026-06-18,updated,1,
2026-06-18 21:31:55,002956,西麦食品,2026-06-18,2026-06-18,started,0,
2026-06-18 21:31:55,002948,青岛银行,2026-06-18,2026-06-18,updated,1,
2026-06-18 21:31:55,002957,科瑞技术,2026-06-18,2026-06-18,started,0,
2026-06-18 21:31:55,002950,奥美医疗,2026-06-18,2026-06-18,updated,1,
2026-06-18 21:31:55,002949,华阳国际,2026-06-18,2026-06-18,updated,1,
2026-06-18 21:31:55,002958,青农商行,2026-06-18,2026-06-18,started,0,
2026-06-18 21:31:55,002951,金时科技,2026-06-18,2026-06-18,updated,1,
2026-06-18 21:31:55,002959,小熊电器,2026-06-18,2026-06-18,started,0,
2026-06-18 21:31:55,002960,青鸟智控,2026-06-18,2026-06-18,started,0,
2026-06-18 21:31:55,002952,亚世光电,2026-06-18,2026-06-18,updated,1,
2026-06-18 21:31:55,002961,瑞达期货,2026-06-18,2026-06-18,started,0,
2026-06-18 21:31:55,002953,日丰股份,2026-06-18,2026-06-18,updated,1,
2026-06-18 21:31:55,002955,鸿合科技,2026-06-18,2026-06-18,updated,1,
2026-06-18 21:31:55,002962,五方光电,2026-06-18,2026-06-18,started,0,
2026-06-18 21:31:56,002963,豪尔赛,2026-06-18,2026-06-18,started,0,
2026-06-18 21:31:56,002956,西麦食品,2026-06-18,2026-06-18,updated,1,
2026-06-18 21:31:56,002965,祥鑫科技,2026-06-18,2026-06-18,started,0,
2026-06-18 21:31:56,002957,科瑞技术,2026-06-18,2026-06-18,updated,1,
2026-06-18 21:31:56,002959,小熊电器,2026-06-18,2026-06-18,updated,1,
2026-06-18 21:31:56,002966,苏州银行,2026-06-18,2026-06-18,started,0,
2026-06-18 21:31:56,002958,青农商行,2026-06-18,2026-06-18,updated,1,
2026-06-18 21:31:56,002967,广电计量,2026-06-18,2026-06-18,started,0,
2026-06-18 21:31:56,002968,新大正,2026-06-18,2026-06-18,started,0,
2026-06-18 21:31:56,002960,青鸟智控,2026-06-18,2026-06-18,updated,1,
2026-06-18 21:31:56,002969,嘉美包装,2026-06-18,2026-06-18,started,0,
2026-06-18 21:31:56,002961,瑞达期货,2026-06-18,2026-06-18,updated,1,
2026-06-18 21:31:56,002970,锐明技术,2026-06-18,2026-06-18,started,0,
2026-06-18 21:31:56,002962,五方光电,2026-06-18,2026-06-18,updated,1,
2026-06-18 21:31:56,002971,和远气体,2026-06-18,2026-06-18,started,0,
2026-06-18 21:31:56,002963,豪尔赛,2026-06-18,2026-06-18,updated,1,
2026-06-18 21:31:56,002972,科安达,2026-06-18,2026-06-18,started,0,
2026-06-18 21:31:56,002965,祥鑫科技,2026-06-18,2026-06-18,updated,1,
2026-06-18 21:31:56,002966,苏州银行,2026-06-18,2026-06-18,updated,1,
2026-06-18 21:31:56,002973,侨银股份,2026-06-18,2026-06-18,started,0,
2026-06-18 21:31:56,002967,广电计量,2026-06-18,2026-06-18,updated,1,
2026-06-18 21:31:56,002975,博杰股份,2026-06-18,2026-06-18,started,0,
2026-06-18 21:31:56,002976,瑞玛精密,2026-06-18,2026-06-18,started,0,
2026-06-18 21:31:56,002968,新大正,2026-06-18,2026-06-18,updated,1,
2026-06-18 21:31:56,002977,*ST天箭,2026-06-18,2026-06-18,started,0,
2026-06-18 21:31:56,002969,嘉美包装,2026-06-18,2026-06-18,updated,1,
2026-06-18 21:31:57,002978,安宁股份,2026-06-18,2026-06-18,started,0,
2026-06-18 21:31:57,002970,锐明技术,2026-06-18,2026-06-18,updated,1,
2026-06-18 21:31:57,002971,和远气体,2026-06-18,2026-06-18,updated,1,
2026-06-18 21:31:57,002979,雷赛智能,2026-06-18,2026-06-18,started,0,
2026-06-18 21:31:57,002980,华盛昌,2026-06-18,2026-06-18,started,0,
2026-06-18 21:31:57,002972,科安达,2026-06-18,2026-06-18,updated,1,
2026-06-18 21:31:57,002973,侨银股份,2026-06-18,2026-06-18,updated,1,
2026-06-18 21:31:57,002981,朝阳科技,2026-06-18,2026-06-18,started,0,
2026-06-18 21:31:57,002975,博杰股份,2026-06-18,2026-06-18,updated,1,
2026-06-18 21:31:57,002982,湘佳股份,2026-06-18,2026-06-18,started,0,
2026-06-18 21:31:57,002976,瑞玛精密,2026-06-18,2026-06-18,updated,1,
2026-06-18 21:31:57,002983,芯瑞达,2026-06-18,2026-06-18,started,0,
2026-06-18 21:31:57,002984,森麒麟,2026-06-18,2026-06-18,started,0,
2026-06-18 21:31:57,002977,*ST天箭,2026-06-18,2026-06-18,updated,1,
2026-06-18 21:31:57,002985,北摩高科,2026-06-18,2026-06-18,started,0,
2026-06-18 21:31:57,002978,安宁股份,2026-06-18,2026-06-18,updated,1,
2026-06-18 21:31:57,002979,雷赛智能,2026-06-18,2026-06-18,updated,1,
2026-06-18 21:31:57,002986,宇新股份,2026-06-18,2026-06-18,started,0,
2026-06-18 21:31:57,002987,京北方,2026-06-18,2026-06-18,started,0,
2026-06-18 21:31:57,002980,华盛昌,2026-06-18,2026-06-18,updated,1,
2026-06-18 21:31:57,002982,湘佳股份,2026-06-18,2026-06-18,updated,1,
2026-06-18 21:31:57,002988,豪美新材,2026-06-18,2026-06-18,started,0,
2026-06-18 21:31:57,002981,朝阳科技,2026-06-18,2026-06-18,updated,1,
2026-06-18 21:31:57,002989,中天精装,2026-06-18,2026-06-18,started,0,
2026-06-18 21:31:57,002983,芯瑞达,2026-06-18,2026-06-18,updated,1,
2026-06-18 21:31:57,002990,盛视科技,2026-06-18,2026-06-18,started,0,
2026-06-18 21:31:58,002984,森麒麟,2026-06-18,2026-06-18,updated,1,
2026-06-18 21:31:58,002991,甘源食品,2026-06-18,2026-06-18,started,0,
2026-06-18 21:31:58,002992,宝明科技,2026-06-18,2026-06-18,started,0,
2026-06-18 21:31:58,002985,北摩高科,2026-06-18,2026-06-18,updated,1,
2026-06-18 21:31:58,002993,奥海科技,2026-06-18,2026-06-18,started,0,
2026-06-18 21:31:58,002986,宇新股份,2026-06-18,2026-06-18,updated,1,
2026-06-18 21:31:58,002995,天地在线,2026-06-18,2026-06-18,started,0,
2026-06-18 21:31:58,002987,京北方,2026-06-18,2026-06-18,updated,1,
2026-06-18 21:31:58,002989,中天精装,2026-06-18,2026-06-18,updated,1,
2026-06-18 21:31:58,002996,顺博合金,2026-06-18,2026-06-18,started,0,
2026-06-18 21:31:58,002988,豪美新材,2026-06-18,2026-06-18,updated,1,
2026-06-18 21:31:58,002997,瑞鹄模具,2026-06-18,2026-06-18,started,0,
2026-06-18 21:31:58,002990,盛视科技,2026-06-18,2026-06-18,updated,1,
2026-06-18 21:31:58,002998,优彩资源,2026-06-18,2026-06-18,started,0,
2026-06-18 21:31:58,002992,宝明科技,2026-06-18,2026-06-18,updated,1,
2026-06-18 21:31:58,002999,天禾股份,2026-06-18,2026-06-18,started,0,
2026-06-18 21:31:58,003000,劲仔食品,2026-06-18,2026-06-18,started,0,
2026-06-18 21:31:58,002991,甘源食品,2026-06-18,2026-06-18,updated,1,
2026-06-18 21:31:58,002993,奥海科技,2026-06-18,2026-06-18,updated,1,
2026-06-18 21:31:58,003001,中岩大地,2026-06-18,2026-06-18,started,0,
2026-06-18 21:31:58,003002,壶化股份,2026-06-18,2026-06-18,started,0,
2026-06-18 21:31:58,002995,天地在线,2026-06-18,2026-06-18,updated,1,
2026-06-18 21:31:58,003003,天元股份,2026-06-18,2026-06-18,started,0,
2026-06-18 21:31:58,002996,顺博合金,2026-06-18,2026-06-18,updated,1,
2026-06-18 21:31:58,002997,瑞鹄模具,2026-06-18,2026-06-18,updated,1,
2026-06-18 21:31:58,003004,声迅股份,2026-06-18,2026-06-18,started,0,
2026-06-18 21:31:59,003005,竞业达,2026-06-18,2026-06-18,started,0,
2026-06-18 21:31:59,002998,优彩资源,2026-06-18,2026-06-18,updated,1,
2026-06-18 21:31:59,003006,百亚股份,2026-06-18,2026-06-18,started,0,
2026-06-18 21:31:59,002999,天禾股份,2026-06-18,2026-06-18,updated,1,
2026-06-18 21:31:59,003007,直真科技,2026-06-18,2026-06-18,started,0,
2026-06-18 21:31:59,003000,劲仔食品,2026-06-18,2026-06-18,updated,1,
2026-06-18 21:31:59,003001,中岩大地,2026-06-18,2026-06-18,updated,1,
2026-06-18 21:31:59,003008,开普检测,2026-06-18,2026-06-18,started,0,
2026-06-18 21:31:59,003009,中天火箭,2026-06-18,2026-06-18,started,0,
2026-06-18 21:31:59,003002,壶化股份,2026-06-18,2026-06-18,updated,1,
2026-06-18 21:31:59,003003,天元股份,2026-06-18,2026-06-18,updated,1,
2026-06-18 21:31:59,003010,若羽臣,2026-06-18,2026-06-18,started,0,
2026-06-18 21:31:59,003011,海象新材,2026-06-18,2026-06-18,started,0,
2026-06-18 21:31:59,003005,竞业达,2026-06-18,2026-06-18,updated,1,
2026-06-18 21:31:59,003004,声迅股份,2026-06-18,2026-06-18,updated,1,
2026-06-18 21:31:59,003012,东鹏控股,2026-06-18,2026-06-18,started,0,
2026-06-18 21:31:59,003013,地铁设计,2026-06-18,2026-06-18,started,0,
2026-06-18 21:31:59,003006,百亚股份,2026-06-18,2026-06-18,updated,1,
2026-06-18 21:31:59,003007,直真科技,2026-06-18,2026-06-18,updated,1,
2026-06-18 21:31:59,003015,日久光电,2026-06-18,2026-06-18,started,0,
2026-06-18 21:31:59,003016,欣贺股份,2026-06-18,2026-06-18,started,0,
2026-06-18 21:31:59,003008,开普检测,2026-06-18,2026-06-18,updated,1,
2026-06-18 21:31:59,003009,中天火箭,2026-06-18,2026-06-18,updated,1,
2026-06-18 21:31:59,003017,大洋生物,2026-06-18,2026-06-18,started,0,
2026-06-18 21:31:59,003010,若羽臣,2026-06-18,2026-06-18,updated,1,
2026-06-18 21:31:59,003018,金富科技,2026-06-18,2026-06-18,started,0,
2026-06-18 21:31:59,003019,宸展光电,2026-06-18,2026-06-18,started,0,
2026-06-18 21:31:59,003011,海象新材,2026-06-18,2026-06-18,updated,1,
2026-06-18 21:32:00,003020,立方制药,2026-06-18,2026-06-18,started,0,
2026-06-18 21:32:00,003012,东鹏控股,2026-06-18,2026-06-18,updated,1,
2026-06-18 21:32:00,003021,兆威机电,2026-06-18,2026-06-18,started,0,
2026-06-18 21:32:00,003013,地铁设计,2026-06-18,2026-06-18,updated,1,
2026-06-18 21:32:00,003022,联泓新科,2026-06-18,2026-06-18,started,0,
2026-06-18 21:32:00,003015,日久光电,2026-06-18,2026-06-18,updated,1,
2026-06-18 21:32:00,003023,彩虹集团,2026-06-18,2026-06-18,started,0,
2026-06-18 21:32:00,003016,欣贺股份,2026-06-18,2026-06-18,updated,1,
2026-06-18 21:32:00,003019,宸展光电,2026-06-18,2026-06-18,updated,1,
2026-06-18 21:32:00,003026,中晶科技,2026-06-18,2026-06-18,started,0,
2026-06-18 21:32:00,003025,思进智能,2026-06-18,2026-06-18,started,0,
2026-06-18 21:32:00,003018,金富科技,2026-06-18,2026-06-18,updated,1,
2026-06-18 21:32:00,003027,同兴科技,2026-06-18,2026-06-18,started,0,
2026-06-18 21:32:00,003017,大洋生物,2026-06-18,2026-06-18,updated,1,
2026-06-18 21:32:00,003020,立方制药,2026-06-18,2026-06-18,updated,1,
2026-06-18 21:32:00,003028,振邦智能,2026-06-18,2026-06-18,started,0,
2026-06-18 21:32:00,003029,吉大正元,2026-06-18,2026-06-18,started,0,
2026-06-18 21:32:00,003021,兆威机电,2026-06-18,2026-06-18,updated,1,
2026-06-18 21:32:00,003030,祖名股份,2026-06-18,2026-06-18,started,0,
2026-06-18 21:32:00,003022,联泓新科,2026-06-18,2026-06-18,updated,1,
2026-06-18 21:32:00,003023,彩虹集团,2026-06-18,2026-06-18,updated,1,
2026-06-18 21:32:00,003031,中瓷电子,2026-06-18,2026-06-18,started,0,
2026-06-18 21:32:00,003025,思进智能,2026-06-18,2026-06-18,updated,1,
2026-06-18 21:32:00,003032,*ST传智,2026-06-18,2026-06-18,started,0,
2026-06-18 21:32:00,003026,中晶科技,2026-06-18,2026-06-18,updated,1,
2026-06-18 21:32:01,003033,征和工业,2026-06-18,2026-06-18,started,0,
2026-06-18 21:32:01,003027,同兴科技,2026-06-18,2026-06-18,updated,1,
2026-06-18 21:32:01,003035,南网能源,2026-06-18,2026-06-18,started,0,
2026-06-18 21:32:01,003028,振邦智能,2026-06-18,2026-06-18,updated,1,
2026-06-18 21:32:01,003036,泰坦股份,2026-06-18,2026-06-18,started,0,
2026-06-18 21:32:01,003037,三和管桩,2026-06-18,2026-06-18,started,0,
2026-06-18 21:32:01,003029,吉大正元,2026-06-18,2026-06-18,updated,1,
2026-06-18 21:32:01,003030,祖名股份,2026-06-18,2026-06-18,updated,1,
2026-06-18 21:32:01,003038,鑫铂股份,2026-06-18,2026-06-18,started,0,
2026-06-18 21:32:01,003031,中瓷电子,2026-06-18,2026-06-18,updated,1,
2026-06-18 21:32:01,003039,顺控发展,2026-06-18,2026-06-18,started,0,
2026-06-18 21:32:01,003040,楚天龙,2026-06-18,2026-06-18,started,0,
2026-06-18 21:32:01,003032,*ST传智,2026-06-18,2026-06-18,updated,1,
2026-06-18 21:32:01,003035,南网能源,2026-06-18,2026-06-18,updated,1,
2026-06-18 21:32:01,003041,真爱美家,2026-06-18,2026-06-18,started,0,
2026-06-18 21:32:01,003033,征和工业,2026-06-18,2026-06-18,updated,1,
2026-06-18 21:32:01,003042,中农联合,2026-06-18,2026-06-18,started,0,
2026-06-18 21:32:01,003036,泰坦股份,2026-06-18,2026-06-18,updated,1,
2026-06-18 21:32:01,003043,华亚智能,2026-06-18,2026-06-18,started,0,
2026-06-18 21:32:01,003037,三和管桩,2026-06-18,2026-06-18,updated,1,
2026-06-18 21:32:01,003816,中国广核,2026-06-18,2026-06-18,started,0,
2026-06-18 21:32:01,003038,鑫铂股份,2026-06-18,2026-06-18,updated,1,
2026-06-18 21:32:01,300001,特锐德,2026-06-18,2026-06-18,started,0,
2026-06-18 21:32:01,003039,顺控发展,2026-06-18,2026-06-18,updated,1,
2026-06-18 21:32:01,300002,神州泰岳,2026-06-18,2026-06-18,started,0,
2026-06-18 21:32:01,300003,乐普医疗,2026-06-18,2026-06-18,started,0,
2026-06-18 21:32:01,003040,楚天龙,2026-06-18,2026-06-18,updated,1,
2026-06-18 21:32:02,003041,真爱美家,2026-06-18,2026-06-18,updated,1,
2026-06-18 21:32:02,300004,南风股份,2026-06-18,2026-06-18,started,0,
2026-06-18 21:32:02,003042,中农联合,2026-06-18,2026-06-18,updated,1,
2026-06-18 21:32:02,300005,探路者,2026-06-18,2026-06-18,started,0,
2026-06-18 21:32:02,003043,华亚智能,2026-06-18,2026-06-18,updated,1,
2026-06-18 21:32:02,300006,莱美药业,2026-06-18,2026-06-18,started,0,
2026-06-18 21:32:02,003816,中国广核,2026-06-18,2026-06-18,updated,1,
2026-06-18 21:32:02,300007,汉威科技,2026-06-18,2026-06-18,started,0,
2026-06-18 21:32:02,300001,特锐德,2026-06-18,2026-06-18,updated,1,
2026-06-18 21:32:02,300008,天海防务,2026-06-18,2026-06-18,started,0,
2026-06-18 21:32:02,300002,神州泰岳,2026-06-18,2026-06-18,updated,1,
2026-06-18 21:32:02,300009,安科生物,2026-06-18,2026-06-18,started,0,
2026-06-18 21:32:02,300010,ST豆神,2026-06-18,2026-06-18,started,0,
2026-06-18 21:32:02,300003,乐普医疗,2026-06-18,2026-06-18,updated,1,
2026-06-18 21:32:02,300011,鼎汉技术,2026-06-18,2026-06-18,started,0,
2026-06-18 21:32:02,300004,南风股份,2026-06-18,2026-06-18,updated,1,
2026-06-18 21:32:02,300005,探路者,2026-06-18,2026-06-18,updated,1,
2026-06-18 21:32:02,300012,华测检测,2026-06-18,2026-06-18,started,0,
2026-06-18 21:32:02,300013,新宁物流,2026-06-18,2026-06-18,started,0,
2026-06-18 21:32:02,300006,莱美药业,2026-06-18,2026-06-18,updated,1,
2026-06-18 21:32:02,300014,亿纬锂能,2026-06-18,2026-06-18,started,0,
2026-06-18 21:32:02,300007,汉威科技,2026-06-18,2026-06-18,updated,1,
2026-06-18 21:32:02,300008,天海防务,2026-06-18,2026-06-18,updated,1,
2026-06-18 21:32:03,300015,爱尔眼科,2026-06-18,2026-06-18,started,0,
2026-06-18 21:32:03,300016,北陆药业,2026-06-18,2026-06-18,started,0,
2026-06-18 21:32:03,300010,ST豆神,2026-06-18,2026-06-18,updated,1,
2026-06-18 21:32:03,300009,安科生物,2026-06-18,2026-06-18,updated,1,
2026-06-18 21:32:03,300017,网宿科技,2026-06-18,2026-06-18,started,0,
2026-06-18 21:32:03,300011,鼎汉技术,2026-06-18,2026-06-18,updated,1,
2026-06-18 21:32:03,300018,中元股份,2026-06-18,2026-06-18,started,0,
2026-06-18 21:32:03,300019,硅宝科技,2026-06-18,2026-06-18,started,0,
2026-06-18 21:32:03,300012,华测检测,2026-06-18,2026-06-18,updated,1,
2026-06-18 21:32:03,300020,ST银江,2026-06-18,2026-06-18,started,0,
2026-06-18 21:32:03,300013,新宁物流,2026-06-18,2026-06-18,updated,1,
2026-06-18 21:32:03,300014,亿纬锂能,2026-06-18,2026-06-18,updated,1,
2026-06-18 21:32:03,300022,吉峰科技,2026-06-18,2026-06-18,started,0,
2026-06-18 21:32:03,300021,大禹节水,2026-06-18,2026-06-18,started,0,
2026-06-18 21:32:03,300015,爱尔眼科,2026-06-18,2026-06-18,updated,1,
2026-06-18 21:32:03,300024,机器人,2026-06-18,2026-06-18,started,0,
2026-06-18 21:32:03,300016,北陆药业,2026-06-18,2026-06-18,updated,1,
2026-06-18 21:32:03,300025,华星创业,2026-06-18,2026-06-18,started,0,
2026-06-18 21:32:03,300017,网宿科技,2026-06-18,2026-06-18,updated,1,
2026-06-18 21:32:03,300019,硅宝科技,2026-06-18,2026-06-18,updated,1,
2026-06-18 21:32:03,300026,红日药业,2026-06-18,2026-06-18,started,0,
2026-06-18 21:32:03,300018,中元股份,2026-06-18,2026-06-18,updated,1,
2026-06-18 21:32:03,300027,ST华谊,2026-06-18,2026-06-18,started,0,
2026-06-18 21:32:04,300020,ST银江,2026-06-18,2026-06-18,updated,1,
2026-06-18 21:32:04,300029,*ST天龙,2026-06-18,2026-06-18,started,0,
2026-06-18 21:32:04,300021,大禹节水,2026-06-18,2026-06-18,updated,1,
2026-06-18 21:32:04,300030,阳普医疗,2026-06-18,2026-06-18,started,0,
2026-06-18 21:32:04,300031,宝通科技,2026-06-18,2026-06-18,started,0,
2026-06-18 21:32:04,300022,吉峰科技,2026-06-18,2026-06-18,updated,1,
2026-06-18 21:32:04,300032,金龙机电,2026-06-18,2026-06-18,started,0,
2026-06-18 21:32:04,300024,机器人,2026-06-18,2026-06-18,updated,1,
2026-06-18 21:32:04,300025,华星创业,2026-06-18,2026-06-18,updated,1,
2026-06-18 21:32:04,300033,同花顺,2026-06-18,2026-06-18,started,0,
2026-06-18 21:32:04,300026,红日药业,2026-06-18,2026-06-18,updated,1,
2026-06-18 21:32:04,300034,钢研高纳,2026-06-18,2026-06-18,started,0,
2026-06-18 21:32:04,300027,ST华谊,2026-06-18,2026-06-18,updated,1,
2026-06-18 21:32:04,300035,中科电气,2026-06-18,2026-06-18,started,0,
2026-06-18 21:32:04,300029,*ST天龙,2026-06-18,2026-06-18,updated,1,
2026-06-18 21:32:04,300036,超图软件,2026-06-18,2026-06-18,started,0,
2026-06-18 21:32:04,300030,阳普医疗,2026-06-18,2026-06-18,updated,1,
2026-06-18 21:32:04,300037,新宙邦,2026-06-18,2026-06-18,started,0,
2026-06-18 21:32:04,300039,上海凯宝,2026-06-18,2026-06-18,started,0,
2026-06-18 21:32:04,300031,宝通科技,2026-06-18,2026-06-18,updated,1,
2026-06-18 21:32:04,300032,金龙机电,2026-06-18,2026-06-18,updated,1,
2026-06-18 21:32:04,300040,九洲集团,2026-06-18,2026-06-18,started,0,
2026-06-18 21:32:04,300041,回天新材,2026-06-18,2026-06-18,started,0,
2026-06-18 21:32:04,300033,同花顺,2026-06-18,2026-06-18,updated,1,
2026-06-18 21:32:05,300034,钢研高纳,2026-06-18,2026-06-18,updated,1,
2026-06-18 21:32:05,300042,朗科科技,2026-06-18,2026-06-18,started,0,
2026-06-18 21:32:05,300035,中科电气,2026-06-18,2026-06-18,updated,1,
2026-06-18 21:32:05,300043,星辉娱乐,2026-06-18,2026-06-18,started,0,
2026-06-18 21:32:05,300036,超图软件,2026-06-18,2026-06-18,updated,1,
2026-06-18 21:32:05,300044,*ST赛为,2026-06-18,2026-06-18,started,0,
2026-06-18 21:32:05,300045,华力创通,2026-06-18,2026-06-18,started,0,
2026-06-18 21:32:05,300037,新宙邦,2026-06-18,2026-06-18,updated,1,
2026-06-18 21:32:05,300039,上海凯宝,2026-06-18,2026-06-18,updated,1,
2026-06-18 21:32:05,300046,台基股份,2026-06-18,2026-06-18,started,0,
2026-06-18 21:32:05,300040,九洲集团,2026-06-18,2026-06-18,updated,1,
2026-06-18 21:32:05,300047,天源迪科,2026-06-18,2026-06-18,started,0,
2026-06-18 21:32:05,300041,回天新材,2026-06-18,2026-06-18,updated,1,
2026-06-18 21:32:05,300048,合康新能,2026-06-18,2026-06-18,started,0,
2026-06-18 21:32:05,300042,朗科科技,2026-06-18,2026-06-18,updated,1,
2026-06-18 21:32:05,300049,福瑞医科,2026-06-18,2026-06-18,started,0,
2026-06-18 21:32:05,300043,星辉娱乐,2026-06-18,2026-06-18,updated,1,
2026-06-18 21:32:05,300050,世纪鼎利,2026-06-18,2026-06-18,started,0,
2026-06-18 21:32:05,300051,琏升科技,2026-06-18,2026-06-18,started,0,
2026-06-18 21:32:05,300044,*ST赛为,2026-06-18,2026-06-18,updated,1,
2026-06-18 21:32:05,300045,华力创通,2026-06-18,2026-06-18,updated,1,
2026-06-18 21:32:05,300052,中青宝,2026-06-18,2026-06-18,started,0,
2026-06-18 21:32:06,300046,台基股份,2026-06-18,2026-06-18,updated,1,
2026-06-18 21:32:06,300053,航宇微,2026-06-18,2026-06-18,started,0,
2026-06-18 21:32:06,300047,天源迪科,2026-06-18,2026-06-18,updated,1,
2026-06-18 21:32:06,300054,鼎龙股份,2026-06-18,2026-06-18,started,0,
2026-06-18 21:32:06,300055,万邦达,2026-06-18,2026-06-18,started,0,
2026-06-18 21:32:06,300048,合康新能,2026-06-18,2026-06-18,updated,1,
2026-06-18 21:32:06,300049,福瑞医科,2026-06-18,2026-06-18,updated,1,
2026-06-18 21:32:06,300056,中创环保,2026-06-18,2026-06-18,started,0,
2026-06-18 21:32:06,300057,万顺新材,2026-06-18,2026-06-18,started,0,
2026-06-18 21:32:06,300050,世纪鼎利,2026-06-18,2026-06-18,updated,1,
2026-06-18 21:32:06,300051,琏升科技,2026-06-18,2026-06-18,updated,1,
2026-06-18 21:32:06,300058,蓝色光标,2026-06-18,2026-06-18,started,0,
2026-06-18 21:32:06,300052,中青宝,2026-06-18,2026-06-18,updated,1,
2026-06-18 21:32:06,300059,东方财富,2026-06-18,2026-06-18,started,0,
2026-06-18 21:32:06,300053,航宇微,2026-06-18,2026-06-18,updated,1,
2026-06-18 21:32:06,300061,旗天科技,2026-06-18,2026-06-18,started,0,
2026-06-18 21:32:06,300054,鼎龙股份,2026-06-18,2026-06-18,updated,1,
2026-06-18 21:32:06,300062,中能电气,2026-06-18,2026-06-18,started,0,
2026-06-18 21:32:06,300055,万邦达,2026-06-18,2026-06-18,updated,1,
2026-06-18 21:32:06,300063,天龙集团,2026-06-18,2026-06-18,started,0,
2026-06-18 21:32:06,300056,中创环保,2026-06-18,2026-06-18,updated,1,
2026-06-18 21:32:06,300065,海兰信,2026-06-18,2026-06-18,started,0,
2026-06-18 21:32:06,300057,万顺新材,2026-06-18,2026-06-18,updated,1,
2026-06-18 21:32:07,300066,三川智慧,2026-06-18,2026-06-18,started,0,
2026-06-18 21:32:07,300067,安诺其,2026-06-18,2026-06-18,started,0,
2026-06-18 21:32:07,300058,蓝色光标,2026-06-18,2026-06-18,updated,1,
2026-06-18 21:32:07,300059,东方财富,2026-06-18,2026-06-18,updated,1,
2026-06-18 21:32:07,300068,ST南都,2026-06-18,2026-06-18,started,0,
2026-06-18 21:32:07,300069,金利华电,2026-06-18,2026-06-18,started,0,
2026-06-18 21:32:07,300062,中能电气,2026-06-18,2026-06-18,updated,1,
2026-06-18 21:32:07,300061,旗天科技,2026-06-18,2026-06-18,updated,1,
2026-06-18 21:32:07,300070,碧水源,2026-06-18,2026-06-18,started,0,
2026-06-18 21:32:07,300063,天龙集团,2026-06-18,2026-06-18,updated,1,
2026-06-18 21:32:07,300071,福石控股,2026-06-18,2026-06-18,started,0,
2026-06-18 21:32:07,300072,海新能科,2026-06-18,2026-06-18,started,0,
2026-06-18 21:32:07,300065,海兰信,2026-06-18,2026-06-18,updated,1,
2026-06-18 21:32:07,300067,安诺其,2026-06-18,2026-06-18,updated,1,
2026-06-18 21:32:07,300073,当升科技,2026-06-18,2026-06-18,started,0,
2026-06-18 21:32:07,300066,三川智慧,2026-06-18,2026-06-18,updated,1,
2026-06-18 21:32:07,300074,华平股份,2026-06-18,2026-06-18,started,0,
2026-06-18 21:32:07,300075,数字政通,2026-06-18,2026-06-18,started,0,
2026-06-18 21:32:07,300068,ST南都,2026-06-18,2026-06-18,updated,1,
2026-06-18 21:32:07,300069,金利华电,2026-06-18,2026-06-18,updated,1,
2026-06-18 21:32:07,300076,*ST宁视,2026-06-18,2026-06-18,started,0,
2026-06-18 21:32:07,300077,国民技术,2026-06-18,2026-06-18,started,0,
2026-06-18 21:32:07,300070,碧水源,2026-06-18,2026-06-18,updated,1,
2026-06-18 21:32:08,300072,海新能科,2026-06-18,2026-06-18,updated,1,
2026-06-18 21:32:08,300078,思创智联,2026-06-18,2026-06-18,started,0,
2026-06-18 21:32:08,300071,福石控股,2026-06-18,2026-06-18,updated,1,
2026-06-18 21:32:08,300079,数码视讯,2026-06-18,2026-06-18,started,0,
2026-06-18 21:32:08,300074,华平股份,2026-06-18,2026-06-18,updated,1,
2026-06-18 21:32:08,300080,易成新能,2026-06-18,2026-06-18,started,0,
2026-06-18 21:32:08,300073,当升科技,2026-06-18,2026-06-18,updated,1,
2026-06-18 21:32:08,300081,ST恒信,2026-06-18,2026-06-18,started,0,
2026-06-18 21:32:08,300082,奥克股份,2026-06-18,2026-06-18,started,0,
2026-06-18 21:32:08,300075,数字政通,2026-06-18,2026-06-18,updated,1,
2026-06-18 21:32:08,300076,*ST宁视,2026-06-18,2026-06-18,updated,1,
2026-06-18 21:32:08,300083,创世纪,2026-06-18,2026-06-18,started,0,
2026-06-18 21:32:08,300084,海默科技,2026-06-18,2026-06-18,started,0,
2026-06-18 21:32:08,300077,国民技术,2026-06-18,2026-06-18,updated,1,
2026-06-18 21:32:08,300078,思创智联,2026-06-18,2026-06-18,updated,1,
2026-06-18 21:32:08,300085,银之杰,2026-06-18,2026-06-18,started,0,
2026-06-18 21:32:08,300079,数码视讯,2026-06-18,2026-06-18,updated,1,
2026-06-18 21:32:08,300086,康芝药业,2026-06-18,2026-06-18,started,0,
2026-06-18 21:32:08,300087,荃银高科,2026-06-18,2026-06-18,started,0,
2026-06-18 21:32:08,300080,易成新能,2026-06-18,2026-06-18,updated,1,
2026-06-18 21:32:08,300081,ST恒信,2026-06-18,2026-06-18,updated,1,
2026-06-18 21:32:08,300091,*ST金灵,2026-06-18,2026-06-18,started,0,
2026-06-18 21:32:08,300088,长信科技,2026-06-18,2026-06-18,started,0,
2026-06-18 21:32:08,300082,奥克股份,2026-06-18,2026-06-18,updated,1,
2026-06-18 21:32:09,300092,科新机电,2026-06-18,2026-06-18,started,0,
2026-06-18 21:32:09,300083,创世纪,2026-06-18,2026-06-18,updated,1,
2026-06-18 21:32:09,300084,海默科技,2026-06-18,2026-06-18,updated,1,
2026-06-18 21:32:09,300085,银之杰,2026-06-18,2026-06-18,updated,1,
2026-06-18 21:32:09,300093,*ST金刚,2026-06-18,2026-06-18,started,0,
2026-06-18 21:32:09,300094,国联水产,2026-06-18,2026-06-18,started,0,
2026-06-18 21:32:09,300095,华伍股份,2026-06-18,2026-06-18,started,0,
2026-06-18 21:32:09,300086,康芝药业,2026-06-18,2026-06-18,updated,1,
2026-06-18 21:32:09,300096,ST易联众,2026-06-18,2026-06-18,started,0,
2026-06-18 21:32:09,300087,荃银高科,2026-06-18,2026-06-18,updated,1,
2026-06-18 21:32:09,300088,长信科技,2026-06-18,2026-06-18,updated,1,
2026-06-18 21:32:09,300097,智云股份,2026-06-18,2026-06-18,started,0,
2026-06-18 21:32:09,300098,高新兴,2026-06-18,2026-06-18,started,0,
2026-06-18 21:32:09,300091,*ST金灵,2026-06-18,2026-06-18,updated,1,
2026-06-18 21:32:09,300099,尤洛卡,2026-06-18,2026-06-18,started,0,
2026-06-18 21:32:09,300092,科新机电,2026-06-18,2026-06-18,updated,1,
2026-06-18 21:32:09,300093,*ST金刚,2026-06-18,2026-06-18,updated,1,
2026-06-18 21:32:09,300100,双林股份,2026-06-18,2026-06-18,started,0,
2026-06-18 21:32:09,300094,国联水产,2026-06-18,2026-06-18,updated,1,
2026-06-18 21:32:09,300101,振芯科技,2026-06-18,2026-06-18,started,0,
2026-06-18 21:32:09,300095,华伍股份,2026-06-18,2026-06-18,updated,1,
2026-06-18 21:32:09,300102,乾照光电,2026-06-18,2026-06-18,started,0,
2026-06-18 21:32:10,300096,ST易联众,2026-06-18,2026-06-18,updated,1,
2026-06-18 21:32:10,300103,达刚控股,2026-06-18,2026-06-18,started,0,
2026-06-18 21:32:10,300105,龙源技术,2026-06-18,2026-06-18,started,0,
2026-06-18 21:32:10,300097,智云股份,2026-06-18,2026-06-18,updated,1,
2026-06-18 21:32:10,300106,西部牧业,2026-06-18,2026-06-18,started,0,
2026-06-18 21:32:10,300098,高新兴,2026-06-18,2026-06-18,updated,1,
2026-06-18 21:32:10,300107,建新股份,2026-06-18,2026-06-18,started,0,
2026-06-18 21:32:10,300099,尤洛卡,2026-06-18,2026-06-18,updated,1,
2026-06-18 21:32:10,300100,双林股份,2026-06-18,2026-06-18,updated,1,
2026-06-18 21:32:10,300109,新开源,2026-06-18,2026-06-18,started,0,
2026-06-18 21:32:10,300101,振芯科技,2026-06-18,2026-06-18,updated,1,
2026-06-18 21:32:10,300110,华仁药业,2026-06-18,2026-06-18,started,0,
2026-06-18 21:32:10,300102,乾照光电,2026-06-18,2026-06-18,updated,1,
2026-06-18 21:32:10,300111,向日葵,2026-06-18,2026-06-18,started,0,
2026-06-18 21:32:10,300103,达刚控股,2026-06-18,2026-06-18,updated,1,
2026-06-18 21:32:10,300112,万讯自控,2026-06-18,2026-06-18,started,0,
2026-06-18 21:32:10,300105,龙源技术,2026-06-18,2026-06-18,updated,1,
2026-06-18 21:32:10,300113,顺网科技,2026-06-18,2026-06-18,started,0,
2026-06-18 21:32:10,300115,长盈精密,2026-06-18,2026-06-18,started,0,
2026-06-18 21:32:10,300106,西部牧业,2026-06-18,2026-06-18,updated,1,
2026-06-18 21:32:10,300107,建新股份,2026-06-18,2026-06-18,updated,1,
2026-06-18 21:32:10,300118,东方日升,2026-06-18,2026-06-18,started,0,
2026-06-18 21:32:10,300110,华仁药业,2026-06-18,2026-06-18,updated,1,
2026-06-18 21:32:11,300119,瑞普生物,2026-06-18,2026-06-18,started,0,
2026-06-18 21:32:11,300109,新开源,2026-06-18,2026-06-18,updated,1,
2026-06-18 21:32:11,300120,经纬辉开,2026-06-18,2026-06-18,started,0,
2026-06-18 21:32:11,300111,向日葵,2026-06-18,2026-06-18,updated,1,
2026-06-18 21:32:11,300121,阳谷华泰,2026-06-18,2026-06-18,started,0,
2026-06-18 21:32:11,300112,万讯自控,2026-06-18,2026-06-18,updated,1,
2026-06-18 21:32:11,300122,智飞生物,2026-06-18,2026-06-18,started,0,
2026-06-18 21:32:11,300123,ST亚光,2026-06-18,2026-06-18,started,0,
2026-06-18 21:32:11,300113,顺网科技,2026-06-18,2026-06-18,updated,1,
2026-06-18 21:32:11,300124,汇川技术,2026-06-18,2026-06-18,started,0,
2026-06-18 21:32:11,300115,长盈精密,2026-06-18,2026-06-18,updated,1,
2026-06-18 21:32:11,300125,*ST聆达,2026-06-18,2026-06-18,started,0,
2026-06-18 21:32:11,300118,东方日升,2026-06-18,2026-06-18,updated,1,
2026-06-18 21:32:11,300119,瑞普生物,2026-06-18,2026-06-18,updated,1,
2026-06-18 21:32:11,300126,锐奇股份,2026-06-18,2026-06-18,started,0,
2026-06-18 21:32:11,300127,银河磁体,2026-06-18,2026-06-18,started,0,
2026-06-18 21:32:11,300120,经纬辉开,2026-06-18,2026-06-18,updated,1,
2026-06-18 21:32:11,300128,锦富技术,2026-06-18,2026-06-18,started,0,
2026-06-18 21:32:11,300121,阳谷华泰,2026-06-18,2026-06-18,updated,1,
2026-06-18 21:32:11,300122,智飞生物,2026-06-18,2026-06-18,updated,1,
2026-06-18 21:32:11,300129,泰胜风能,2026-06-18,2026-06-18,started,0,
2026-06-18 21:32:11,300123,ST亚光,2026-06-18,2026-06-18,updated,1,
2026-06-18 21:32:12,300130,新国都,2026-06-18,2026-06-18,started,0,
2026-06-18 21:32:12,300131,英唐智控,2026-06-18,2026-06-18,started,0,
2026-06-18 21:32:12,300124,汇川技术,2026-06-18,2026-06-18,updated,1,
2026-06-18 21:32:12,300132,青松股份,2026-06-18,2026-06-18,started,0,
2026-06-18 21:32:12,300125,*ST聆达,2026-06-18,2026-06-18,updated,1,
2026-06-18 21:32:12,300133,华策影视,2026-06-18,2026-06-18,started,0,
2026-06-18 21:32:12,300126,锐奇股份,2026-06-18,2026-06-18,updated,1,
2026-06-18 21:32:12,300127,银河磁体,2026-06-18,2026-06-18,updated,1,
2026-06-18 21:32:12,300134,大富科技,2026-06-18,2026-06-18,started,0,
2026-06-18 21:32:12,300135,宝利国际,2026-06-18,2026-06-18,started,0,
2026-06-18 21:32:12,300128,锦富技术,2026-06-18,2026-06-18,updated,1,
2026-06-18 21:32:12,300136,信维通信,2026-06-18,2026-06-18,started,0,
2026-06-18 21:32:12,300129,泰胜风能,2026-06-18,2026-06-18,updated,1,
2026-06-18 21:32:12,300131,英唐智控,2026-06-18,2026-06-18,updated,1,
2026-06-18 21:32:12,300132,青松股份,2026-06-18,2026-06-18,updated,1,
2026-06-18 21:32:12,300138,晨光生物,2026-06-18,2026-06-18,started,0,
2026-06-18 21:32:12,300137,先河环保,2026-06-18,2026-06-18,started,0,
2026-06-18 21:32:12,300139,晓程科技,2026-06-18,2026-06-18,started,0,
2026-06-18 21:32:12,300130,新国都,2026-06-18,2026-06-18,updated,1,
2026-06-18 21:32:12,300140,节能环境,2026-06-18,2026-06-18,started,0,
2026-06-18 21:32:12,300133,华策影视,2026-06-18,2026-06-18,updated,1,
2026-06-18 21:32:12,300141,和顺电气,2026-06-18,2026-06-18,started,0,
2026-06-18 21:32:12,300134,大富科技,2026-06-18,2026-06-18,updated,1,
2026-06-18 21:32:13,300142,沃森生物,2026-06-18,2026-06-18,started,0,
2026-06-18 21:32:13,300135,宝利国际,2026-06-18,2026-06-18,updated,1,
2026-06-18 21:32:13,300143,盈康生命,2026-06-18,2026-06-18,started,0,
2026-06-18 21:32:13,300136,信维通信,2026-06-18,2026-06-18,updated,1,
2026-06-18 21:32:13,300138,晨光生物,2026-06-18,2026-06-18,updated,1,
2026-06-18 21:32:13,300144,宋城演艺,2026-06-18,2026-06-18,started,0,
2026-06-18 21:32:13,300139,晓程科技,2026-06-18,2026-06-18,updated,1,
2026-06-18 21:32:13,300145,南方泵业,2026-06-18,2026-06-18,started,0,
2026-06-18 21:32:13,300137,先河环保,2026-06-18,2026-06-18,updated,1,
2026-06-18 21:32:13,300146,汤臣倍健,2026-06-18,2026-06-18,started,0,
2026-06-18 21:32:13,300147,*ST香雪,2026-06-18,2026-06-18,started,0,
2026-06-18 21:32:13,300140,节能环境,2026-06-18,2026-06-18,updated,1,
2026-06-18 21:32:13,300141,和顺电气,2026-06-18,2026-06-18,updated,1,
2026-06-18 21:32:13,300148,天舟文化,2026-06-18,2026-06-18,started,0,
2026-06-18 21:32:13,300149,睿智医药,2026-06-18,2026-06-18,started,0,
2026-06-18 21:32:13,300142,沃森生物,2026-06-18,2026-06-18,updated,1,
2026-06-18 21:32:13,300143,盈康生命,2026-06-18,2026-06-18,updated,1,
2026-06-18 21:32:13,300150,世纪瑞尔,2026-06-18,2026-06-18,started,0,
2026-06-18 21:32:13,300144,宋城演艺,2026-06-18,2026-06-18,updated,1,
2026-06-18 21:32:13,300151,昌红科技,2026-06-18,2026-06-18,started,0,
2026-06-18 21:32:13,300145,南方泵业,2026-06-18,2026-06-18,updated,1,
2026-06-18 21:32:13,300152,*ST动力,2026-06-18,2026-06-18,started,0,
2026-06-18 21:32:13,300146,汤臣倍健,2026-06-18,2026-06-18,updated,1,
2026-06-18 21:32:14,300153,科泰电源,2026-06-18,2026-06-18,started,0,
2026-06-18 21:32:14,300154,瑞凌股份,2026-06-18,2026-06-18,started,0,
2026-06-18 21:32:14,300147,*ST香雪,2026-06-18,2026-06-18,updated,1,
2026-06-18 21:32:14,300149,睿智医药,2026-06-18,2026-06-18,updated,1,
2026-06-18 21:32:14,300155,安居宝,2026-06-18,2026-06-18,started,0,
2026-06-18 21:32:14,300157,新锦动力,2026-06-18,2026-06-18,started,0,
2026-06-18 21:32:14,300148,天舟文化,2026-06-18,2026-06-18,updated,1,
2026-06-18 21:32:14,300151,昌红科技,2026-06-18,2026-06-18,updated,1,
2026-06-18 21:32:14,300158,振东制药,2026-06-18,2026-06-18,started,0,
2026-06-18 21:32:14,300150,世纪瑞尔,2026-06-18,2026-06-18,updated,1,
2026-06-18 21:32:14,300159,*ST新研,2026-06-18,2026-06-18,started,0,
2026-06-18 21:32:14,300152,*ST动力,2026-06-18,2026-06-18,updated,1,
2026-06-18 21:32:14,300160,秀强股份,2026-06-18,2026-06-18,started,0,
2026-06-18 21:32:14,300153,科泰电源,2026-06-18,2026-06-18,updated,1,
2026-06-18 21:32:14,300161,华中数控,2026-06-18,2026-06-18,started,0,
2026-06-18 21:32:14,300154,瑞凌股份,2026-06-18,2026-06-18,updated,1,
2026-06-18 21:32:14,300162,雷曼光电,2026-06-18,2026-06-18,started,0,
2026-06-18 21:32:14,300163,先锋新材,2026-06-18,2026-06-18,started,0,
2026-06-18 21:32:14,300155,安居宝,2026-06-18,2026-06-18,updated,1,
2026-06-18 21:32:14,300164,通源石油,2026-06-18,2026-06-18,started,0,
2026-06-18 21:32:14,300157,新锦动力,2026-06-18,2026-06-18,updated,1,
2026-06-18 21:32:14,300158,振东制药,2026-06-18,2026-06-18,updated,1,
2026-06-18 21:32:14,300165,天瑞仪器,2026-06-18,2026-06-18,started,0,
2026-06-18 21:32:15,300159,*ST新研,2026-06-18,2026-06-18,updated,1,
2026-06-18 21:32:15,300166,东方国信,2026-06-18,2026-06-18,started,0,
2026-06-18 21:32:15,300167,ST迪威迅,2026-06-18,2026-06-18,started,0,
2026-06-18 21:32:15,300160,秀强股份,2026-06-18,2026-06-18,updated,1,
2026-06-18 21:32:15,300168,万达信息,2026-06-18,2026-06-18,started,0,
2026-06-18 21:32:15,300161,华中数控,2026-06-18,2026-06-18,updated,1,
2026-06-18 21:32:15,300162,雷曼光电,2026-06-18,2026-06-18,updated,1,
2026-06-18 21:32:15,300169,天晟新材,2026-06-18,2026-06-18,started,0,
2026-06-18 21:32:15,300163,先锋新材,2026-06-18,2026-06-18,updated,1,
2026-06-18 21:32:15,300170,汉得信息,2026-06-18,2026-06-18,started,0,
2026-06-18 21:32:15,300164,通源石油,2026-06-18,2026-06-18,updated,1,
2026-06-18 21:32:15,300171,东富龙,2026-06-18,2026-06-18,started,0,
2026-06-18 21:32:15,300165,天瑞仪器,2026-06-18,2026-06-18,updated,1,
2026-06-18 21:32:15,300172,中电环保,2026-06-18,2026-06-18,started,0,
2026-06-18 21:32:15,300166,东方国信,2026-06-18,2026-06-18,updated,1,
2026-06-18 21:32:15,300173,ST福能,2026-06-18,2026-06-18,started,0,
2026-06-18 21:32:15,300174,元力股份,2026-06-18,2026-06-18,started,0,
2026-06-18 21:32:15,300167,ST迪威迅,2026-06-18,2026-06-18,updated,1,
2026-06-18 21:32:15,300175,朗源股份,2026-06-18,2026-06-18,started,0,
2026-06-18 21:32:15,300168,万达信息,2026-06-18,2026-06-18,updated,1,
2026-06-18 21:32:15,300176,鸿特科技,2026-06-18,2026-06-18,started,0,
2026-06-18 21:32:15,300169,天晟新材,2026-06-18,2026-06-18,updated,1,
2026-06-18 21:32:16,300170,汉得信息,2026-06-18,2026-06-18,updated,1,
2026-06-18 21:32:16,300177,中海达,2026-06-18,2026-06-18,started,0,
2026-06-18 21:32:16,300171,东富龙,2026-06-18,2026-06-18,updated,1,
2026-06-18 21:32:16,300179,四方达,2026-06-18,2026-06-18,started,0,
2026-06-18 21:32:16,300172,中电环保,2026-06-18,2026-06-18,updated,1,
2026-06-18 21:32:16,300180,华峰超纤,2026-06-18,2026-06-18,started,0,
2026-06-18 21:32:16,300181,佐力药业,2026-06-18,2026-06-18,started,0,
2026-06-18 21:32:16,300173,ST福能,2026-06-18,2026-06-18,updated,1,
2026-06-18 21:32:16,300174,元力股份,2026-06-18,2026-06-18,updated,1,
2026-06-18 21:32:16,300182,捷成股份,2026-06-18,2026-06-18,started,0,
2026-06-18 21:32:16,300175,朗源股份,2026-06-18,2026-06-18,updated,1,
2026-06-18 21:32:16,300183,东软载波,2026-06-18,2026-06-18,started,0,
2026-06-18 21:32:16,300184,力源信息,2026-06-18,2026-06-18,started,0,
2026-06-18 21:32:16,300176,鸿特科技,2026-06-18,2026-06-18,updated,1,
2026-06-18 21:32:16,300185,通裕重工,2026-06-18,2026-06-18,started,0,
2026-06-18 21:32:16,300177,中海达,2026-06-18,2026-06-18,updated,1,
2026-06-18 21:32:16,300179,四方达,2026-06-18,2026-06-18,updated,1,
2026-06-18 21:32:16,300187,永清环保,2026-06-18,2026-06-18,started,0,
2026-06-18 21:32:16,300188,国投智能,2026-06-18,2026-06-18,started,0,
2026-06-18 21:32:16,300180,华峰超纤,2026-06-18,2026-06-18,updated,1,
2026-06-18 21:32:16,300189,神农种业,2026-06-18,2026-06-18,started,0,
2026-06-18 21:32:16,300181,佐力药业,2026-06-18,2026-06-18,updated,1,
2026-06-18 21:32:17,300182,捷成股份,2026-06-18,2026-06-18,updated,1,
2026-06-18 21:32:17,300190,维尔利,2026-06-18,2026-06-18,started,0,
2026-06-18 21:32:17,300191,潜能恒信,2026-06-18,2026-06-18,started,0,
2026-06-18 21:32:17,300183,东软载波,2026-06-18,2026-06-18,updated,1,
2026-06-18 21:32:17,300192,科德教育,2026-06-18,2026-06-18,started,0,
2026-06-18 21:32:17,300184,力源信息,2026-06-18,2026-06-18,updated,1,
2026-06-18 21:32:17,300185,通裕重工,2026-06-18,2026-06-18,updated,1,
2026-06-18 21:32:17,300193,佳士科技,2026-06-18,2026-06-18,started,0,
2026-06-18 21:32:17,300194,福安药业,2026-06-18,2026-06-18,started,0,
2026-06-18 21:32:17,300187,永清环保,2026-06-18,2026-06-18,updated,1,
2026-06-18 21:32:17,300195,长荣股份,2026-06-18,2026-06-18,started,0,
2026-06-18 21:32:17,300188,国投智能,2026-06-18,2026-06-18,updated,1,
2026-06-18 21:32:17,300196,长海股份,2026-06-18,2026-06-18,started,0,
2026-06-18 21:32:17,300189,神农种业,2026-06-18,2026-06-18,updated,1,
2026-06-18 21:32:17,300190,维尔利,2026-06-18,2026-06-18,updated,1,
2026-06-18 21:32:17,300197,节能铁汉,2026-06-18,2026-06-18,started,0,
2026-06-18 21:32:17,300198,*ST纳川,2026-06-18,2026-06-18,started,0,
2026-06-18 21:32:17,300191,潜能恒信,2026-06-18,2026-06-18,updated,1,
2026-06-18 21:32:17,300192,科德教育,2026-06-18,2026-06-18,updated,1,
2026-06-18 21:32:17,300199,翰宇药业,2026-06-18,2026-06-18,started,0,
2026-06-18 21:32:17,300193,佳士科技,2026-06-18,2026-06-18,updated,1,
2026-06-18 21:32:17,300200,高盟新材,2026-06-18,2026-06-18,started,0,
2026-06-18 21:32:17,300194,福安药业,2026-06-18,2026-06-18,updated,1,
2026-06-18 21:32:17,300201,海伦哲,2026-06-18,2026-06-18,started,0,
2026-06-18 21:32:18,300195,长荣股份,2026-06-18,2026-06-18,updated,1,
2026-06-18 21:32:18,300203,聚光科技,2026-06-18,2026-06-18,started,0,
2026-06-18 21:32:18,300196,长海股份,2026-06-18,2026-06-18,updated,1,
2026-06-18 21:32:18,300204,舒泰神,2026-06-18,2026-06-18,started,0,
2026-06-18 21:32:18,300197,节能铁汉,2026-06-18,2026-06-18,updated,1,
2026-06-18 21:32:18,300205,*ST天喻,2026-06-18,2026-06-18,started,0,
2026-06-18 21:32:18,300198,*ST纳川,2026-06-18,2026-06-18,updated,1,
2026-06-18 21:32:18,300206,理邦仪器,2026-06-18,2026-06-18,started,0,
2026-06-18 21:32:18,300207,欣旺达,2026-06-18,2026-06-18,started,0,
2026-06-18 21:32:18,300199,翰宇药业,2026-06-18,2026-06-18,updated,1,
2026-06-18 21:32:18,300209,行云科技,2026-06-18,2026-06-18,started,0,
2026-06-18 21:32:18,300200,高盟新材,2026-06-18,2026-06-18,updated,1,
2026-06-18 21:32:18,300210,森远股份,2026-06-18,2026-06-18,started,0,
2026-06-18 21:32:18,300201,海伦哲,2026-06-18,2026-06-18,updated,1,
2026-06-18 21:32:18,300211,*ST亿通,2026-06-18,2026-06-18,started,0,
2026-06-18 21:32:18,300203,聚光科技,2026-06-18,2026-06-18,updated,1,
2026-06-18 21:32:18,300204,舒泰神,2026-06-18,2026-06-18,updated,1,
2026-06-18 21:32:18,300212,*ST易录,2026-06-18,2026-06-18,started,0,
2026-06-18 21:32:18,300205,*ST天喻,2026-06-18,2026-06-18,updated,1,
2026-06-18 21:32:18,300213,佳讯飞鸿,2026-06-18,2026-06-18,started,0,
2026-06-18 21:32:18,300206,理邦仪器,2026-06-18,2026-06-18,updated,1,
2026-06-18 21:32:18,300214,日科化学,2026-06-18,2026-06-18,started,0,
2026-06-18 21:32:18,300207,欣旺达,2026-06-18,2026-06-18,updated,1,
2026-06-18 21:32:18,300215,电科院,2026-06-18,2026-06-18,started,0,
2026-06-18 21:32:19,300209,行云科技,2026-06-18,2026-06-18,updated,1,
2026-06-18 21:32:19,300217,东方电热,2026-06-18,2026-06-18,started,0,
2026-06-18 21:32:19,300218,安利股份,2026-06-18,2026-06-18,started,0,
2026-06-18 21:32:19,300210,森远股份,2026-06-18,2026-06-18,updated,1,
2026-06-18 21:32:19,300211,*ST亿通,2026-06-18,2026-06-18,updated,1,
2026-06-18 21:32:19,300219,鸿利智汇,2026-06-18,2026-06-18,started,0,
2026-06-18 21:32:19,300220,金运激光,2026-06-18,2026-06-18,started,0,
2026-06-18 21:32:19,300212,*ST易录,2026-06-18,2026-06-18,updated,1,
2026-06-18 21:32:19,300213,佳讯飞鸿,2026-06-18,2026-06-18,updated,1,
2026-06-18 21:32:19,300221,银禧科技,2026-06-18,2026-06-18,started,0,
2026-06-18 21:32:19,300214,日科化学,2026-06-18,2026-06-18,updated,1,
2026-06-18 21:32:19,300222,科大智能,2026-06-18,2026-06-18,started,0,
2026-06-18 21:32:19,300215,电科院,2026-06-18,2026-06-18,updated,1,
2026-06-18 21:32:19,300223,北京君正,2026-06-18,2026-06-18,started,0,
2026-06-18 21:32:19,300217,东方电热,2026-06-18,2026-06-18,updated,1,
2026-06-18 21:32:19,300224,正海磁材,2026-06-18,2026-06-18,started,0,
2026-06-18 21:32:19,300218,安利股份,2026-06-18,2026-06-18,updated,1,
2026-06-18 21:32:19,300225,*ST金泰,2026-06-18,2026-06-18,started,0,
2026-06-18 21:32:19,300219,鸿利智汇,2026-06-18,2026-06-18,updated,1,
2026-06-18 21:32:19,300226,上海钢联,2026-06-18,2026-06-18,started,0,
2026-06-18 21:32:19,300227,光韵达,2026-06-18,2026-06-18,started,0,
2026-06-18 21:32:19,300220,金运激光,2026-06-18,2026-06-18,updated,1,
2026-06-18 21:32:19,300221,银禧科技,2026-06-18,2026-06-18,updated,1,
2026-06-18 21:32:19,300228,富瑞特装,2026-06-18,2026-06-18,started,0,
2026-06-18 21:32:19,300229,拓尔思,2026-06-18,2026-06-18,started,0,
2026-06-18 21:32:20,300222,科大智能,2026-06-18,2026-06-18,updated,1,
2026-06-18 21:32:20,300223,北京君正,2026-06-18,2026-06-18,updated,1,
2026-06-18 21:32:20,300230,永利股份,2026-06-18,2026-06-18,started,0,
2026-06-18 21:32:20,300231,银信科技,2026-06-18,2026-06-18,started,0,
2026-06-18 21:32:20,300224,正海磁材,2026-06-18,2026-06-18,updated,1,
2026-06-18 21:32:20,300225,*ST金泰,2026-06-18,2026-06-18,updated,1,
2026-06-18 21:32:20,300232,洲明科技,2026-06-18,2026-06-18,started,0,
2026-06-18 21:32:20,300233,金城医药,2026-06-18,2026-06-18,started,0,
2026-06-18 21:32:20,300226,上海钢联,2026-06-18,2026-06-18,updated,1,
2026-06-18 21:32:20,300227,光韵达,2026-06-18,2026-06-18,updated,1,
2026-06-18 21:32:20,300234,开尔新材,2026-06-18,2026-06-18,started,0,
2026-06-18 21:32:20,300235,方直科技,2026-06-18,2026-06-18,started,0,
2026-06-18 21:32:20,300228,富瑞特装,2026-06-18,2026-06-18,updated,1,
2026-06-18 21:32:20,300236,上海新阳,2026-06-18,2026-06-18,started,0,
2026-06-18 21:32:20,300229,拓尔思,2026-06-18,2026-06-18,updated,1,
2026-06-18 21:32:20,300237,ST美晨,2026-06-18,2026-06-18,started,0,
2026-06-18 21:32:20,300230,永利股份,2026-06-18,2026-06-18,updated,1,
2026-06-18 21:32:20,300232,洲明科技,2026-06-18,2026-06-18,updated,1,
2026-06-18 21:32:20,300238,冠昊生物,2026-06-18,2026-06-18,started,0,
2026-06-18 21:32:20,300233,金城医药,2026-06-18,2026-06-18,updated,1,
2026-06-18 21:32:20,300239,东宝生物,2026-06-18,2026-06-18,started,0,
2026-06-18 21:32:20,300231,银信科技,2026-06-18,2026-06-18,updated,1,
2026-06-18 21:32:20,300240,飞力达,2026-06-18,2026-06-18,started,0,
2026-06-18 21:32:21,300234,开尔新材,2026-06-18,2026-06-18,updated,1,
2026-06-18 21:32:21,300241,瑞丰光电,2026-06-18,2026-06-18,started,0,
2026-06-18 21:32:21,300242,佳云科技,2026-06-18,2026-06-18,started,0,
2026-06-18 21:32:21,300235,方直科技,2026-06-18,2026-06-18,updated,1,
2026-06-18 21:32:21,300243,瑞丰高材,2026-06-18,2026-06-18,started,0,
2026-06-18 21:32:21,300236,上海新阳,2026-06-18,2026-06-18,updated,1,
2026-06-18 21:32:21,300237,ST美晨,2026-06-18,2026-06-18,updated,1,
2026-06-18 21:32:21,300244,迪安诊断,2026-06-18,2026-06-18,started,0,
2026-06-18 21:32:21,300245,ST天玑,2026-06-18,2026-06-18,started,0,
2026-06-18 21:32:21,300238,冠昊生物,2026-06-18,2026-06-18,updated,1,
2026-06-18 21:32:21,300246,宝莱特,2026-06-18,2026-06-18,started,0,
2026-06-18 21:32:21,300240,飞力达,2026-06-18,2026-06-18,updated,1,
2026-06-18 21:32:21,300239,东宝生物,2026-06-18,2026-06-18,updated,1,
2026-06-18 21:32:21,300247,融捷健康,2026-06-18,2026-06-18,started,0,
2026-06-18 21:32:21,300248,新开普,2026-06-18,2026-06-18,started,0,
2026-06-18 21:32:21,300243,瑞丰高材,2026-06-18,2026-06-18,updated,1,
2026-06-18 21:32:21,300241,瑞丰光电,2026-06-18,2026-06-18,updated,1,
2026-06-18 21:32:21,300249,依米康,2026-06-18,2026-06-18,started,0,
2026-06-18 21:32:21,300250,初灵信息,2026-06-18,2026-06-18,started,0,
2026-06-18 21:32:21,300242,佳云科技,2026-06-18,2026-06-18,updated,1,
2026-06-18 21:32:21,300251,光线传媒,2026-06-18,2026-06-18,started,0,
2026-06-18 21:32:21,300244,迪安诊断,2026-06-18,2026-06-18,updated,1,
2026-06-18 21:32:21,300252,金信诺,2026-06-18,2026-06-18,started,0,
2026-06-18 21:32:21,300245,ST天玑,2026-06-18,2026-06-18,updated,1,
2026-06-18 21:32:22,300246,宝莱特,2026-06-18,2026-06-18,updated,1,
2026-06-18 21:32:22,300253,卫宁健康,2026-06-18,2026-06-18,started,0,
2026-06-18 21:32:22,300254,仟源医药,2026-06-18,2026-06-18,started,0,
2026-06-18 21:32:22,300247,融捷健康,2026-06-18,2026-06-18,updated,1,
2026-06-18 21:32:22,300248,新开普,2026-06-18,2026-06-18,updated,1,
2026-06-18 21:32:22,300255,常山药业,2026-06-18,2026-06-18,started,0,
2026-06-18 21:32:22,300256,星星科技,2026-06-18,2026-06-18,started,0,
2026-06-18 21:32:22,300249,依米康,2026-06-18,2026-06-18,updated,1,
2026-06-18 21:32:22,300257,开山股份,2026-06-18,2026-06-18,started,0,
2026-06-18 21:32:22,300250,初灵信息,2026-06-18,2026-06-18,updated,1,
2026-06-18 21:32:22,300251,光线传媒,2026-06-18,2026-06-18,updated,1,
2026-06-18 21:32:22,300258,精锻科技,2026-06-18,2026-06-18,started,0,
2026-06-18 21:32:22,300259,新天科技,2026-06-18,2026-06-18,started,0,
2026-06-18 21:32:22,300252,金信诺,2026-06-18,2026-06-18,updated,1,
2026-06-18 21:32:22,300260,新莱应材,2026-06-18,2026-06-18,started,0,
2026-06-18 21:32:22,300253,卫宁健康,2026-06-18,2026-06-18,updated,1,
2026-06-18 21:32:22,300254,仟源医药,2026-06-18,2026-06-18,updated,1,
2026-06-18 21:32:22,300261,雅本化学,2026-06-18,2026-06-18,started,0,
2026-06-18 21:32:22,300255,常山药业,2026-06-18,2026-06-18,updated,1,
2026-06-18 21:32:22,300263,隆华科技,2026-06-18,2026-06-18,started,0,
2026-06-18 21:32:22,300264,佳创视讯,2026-06-18,2026-06-18,started,0,
2026-06-18 21:32:22,300256,星星科技,2026-06-18,2026-06-18,updated,1,
2026-06-18 21:32:23,300257,开山股份,2026-06-18,2026-06-18,updated,1,
2026-06-18 21:32:23,300265,通光线缆,2026-06-18,2026-06-18,started,0,
2026-06-18 21:32:23,300266,兴源环境,2026-06-18,2026-06-18,started,0,
2026-06-18 21:32:23,300259,新天科技,2026-06-18,2026-06-18,updated,1,
2026-06-18 21:32:23,300258,精锻科技,2026-06-18,2026-06-18,updated,1,
2026-06-18 21:32:23,300267,尔康制药,2026-06-18,2026-06-18,started,0,
2026-06-18 21:32:23,300260,新莱应材,2026-06-18,2026-06-18,updated,1,
2026-06-18 21:32:23,300268,佳沃食品,2026-06-18,2026-06-18,started,0,
2026-06-18 21:32:23,300269,联建光电,2026-06-18,2026-06-18,started,0,
2026-06-18 21:32:23,300263,隆华科技,2026-06-18,2026-06-18,updated,1,
2026-06-18 21:32:23,300270,中威电子,2026-06-18,2026-06-18,started,0,
2026-06-18 21:32:23,300261,雅本化学,2026-06-18,2026-06-18,updated,1,
2026-06-18 21:32:23,300264,佳创视讯,2026-06-18,2026-06-18,updated,1,
2026-06-18 21:32:23,300272,开能健康,2026-06-18,2026-06-18,started,0,
2026-06-18 21:32:23,300271,华宇软件,2026-06-18,2026-06-18,started,0,
2026-06-18 21:32:23,300265,通光线缆,2026-06-18,2026-06-18,updated,1,
2026-06-18 21:32:23,300266,兴源环境,2026-06-18,2026-06-18,updated,1,
2026-06-18 21:32:23,300274,阳光电源,2026-06-18,2026-06-18,started,0,
2026-06-18 21:32:23,300267,尔康制药,2026-06-18,2026-06-18,updated,1,
2026-06-18 21:32:23,300275,梅安森,2026-06-18,2026-06-18,started,0,
2026-06-18 21:32:23,300276,三丰智能,2026-06-18,2026-06-18,started,0,
2026-06-18 21:32:23,300268,佳沃食品,2026-06-18,2026-06-18,updated,1,
2026-06-18 21:32:23,300269,联建光电,2026-06-18,2026-06-18,updated,1,
2026-06-18 21:32:23,300277,汽轮科技,2026-06-18,2026-06-18,started,0,
2026-06-18 21:32:24,300270,中威电子,2026-06-18,2026-06-18,updated,1,
2026-06-18 21:32:24,300278,华昌达,2026-06-18,2026-06-18,started,0,
2026-06-18 21:32:24,300279,和晶科技,2026-06-18,2026-06-18,started,0,
2026-06-18 21:32:24,300272,开能健康,2026-06-18,2026-06-18,updated,1,
2026-06-18 21:32:24,300271,华宇软件,2026-06-18,2026-06-18,updated,1,
2026-06-18 21:32:24,300281,金明精机,2026-06-18,2026-06-18,started,0,
2026-06-18 21:32:24,300283,温州宏丰,2026-06-18,2026-06-18,started,0,
2026-06-18 21:32:24,300274,阳光电源,2026-06-18,2026-06-18,updated,1,
2026-06-18 21:32:24,300275,梅安森,2026-06-18,2026-06-18,updated,1,
2026-06-18 21:32:24,300284,苏交科,2026-06-18,2026-06-18,started,0,
2026-06-18 21:32:24,300285,国瓷材料,2026-06-18,2026-06-18,started,0,
2026-06-18 21:32:24,300276,三丰智能,2026-06-18,2026-06-18,updated,1,
2026-06-18 21:32:24,300286,安科瑞,2026-06-18,2026-06-18,started,0,
2026-06-18 21:32:24,300277,汽轮科技,2026-06-18,2026-06-18,updated,1,
2026-06-18 21:32:24,300279,和晶科技,2026-06-18,2026-06-18,updated,1,
2026-06-18 21:32:24,300287,飞利信,2026-06-18,2026-06-18,started,0,
2026-06-18 21:32:24,300278,华昌达,2026-06-18,2026-06-18,updated,1,
2026-06-18 21:32:24,300288,朗玛信息,2026-06-18,2026-06-18,started,0,
2026-06-18 21:32:24,300289,利德曼,2026-06-18,2026-06-18,started,0,
2026-06-18 21:32:24,300283,温州宏丰,2026-06-18,2026-06-18,updated,1,
2026-06-18 21:32:24,300290,荣科科技,2026-06-18,2026-06-18,started,0,
2026-06-18 21:32:24,300281,金明精机,2026-06-18,2026-06-18,updated,1,
2026-06-18 21:32:24,300291,百纳千成,2026-06-18,2026-06-18,started,0,
2026-06-18 21:32:24,300284,苏交科,2026-06-18,2026-06-18,updated,1,
2026-06-18 21:32:25,300292,吴通控股,2026-06-18,2026-06-18,started,0,
2026-06-18 21:32:25,300285,国瓷材料,2026-06-18,2026-06-18,updated,1,
2026-06-18 21:32:25,300293,蓝英装备,2026-06-18,2026-06-18,started,0,
2026-06-18 21:32:25,300286,安科瑞,2026-06-18,2026-06-18,updated,1,
2026-06-18 21:32:25,300287,飞利信,2026-06-18,2026-06-18,updated,1,
2026-06-18 21:32:25,300294,博雅生物,2026-06-18,2026-06-18,started,0,
2026-06-18 21:32:25,300295,*ST三六五,2026-06-18,2026-06-18,started,0,
2026-06-18 21:32:25,300288,朗玛信息,2026-06-18,2026-06-18,updated,1,
2026-06-18 21:32:25,300296,利亚德,2026-06-18,2026-06-18,started,0,
2026-06-18 21:32:25,300289,利德曼,2026-06-18,2026-06-18,updated,1,
2026-06-18 21:32:25,300290,荣科科技,2026-06-18,2026-06-18,updated,1,
2026-06-18 21:32:25,300298,三诺生物,2026-06-18,2026-06-18,started,0,
2026-06-18 21:32:25,300291,百纳千成,2026-06-18,2026-06-18,updated,1,
2026-06-18 21:32:25,300299,富春股份,2026-06-18,2026-06-18,started,0,
2026-06-18 21:32:25,300300,海峡创新,2026-06-18,2026-06-18,started,0,
2026-06-18 21:32:25,300292,吴通控股,2026-06-18,2026-06-18,updated,1,
2026-06-18 21:32:25,300301,ST长方,2026-06-18,2026-06-18,started,0,
2026-06-18 21:32:25,300293,蓝英装备,2026-06-18,2026-06-18,updated,1,
2026-06-18 21:32:25,300302,同有科技,2026-06-18,2026-06-18,started,0,
2026-06-18 21:32:25,300294,博雅生物,2026-06-18,2026-06-18,updated,1,
2026-06-18 21:32:25,300295,*ST三六五,2026-06-18,2026-06-18,updated,1,
2026-06-18 21:32:25,300303,聚飞光电,2026-06-18,2026-06-18,started,0,
2026-06-18 21:32:25,300304,云意电气,2026-06-18,2026-06-18,started,0,
2026-06-18 21:32:25,300296,利亚德,2026-06-18,2026-06-18,updated,1,
2026-06-18 21:32:26,300298,三诺生物,2026-06-18,2026-06-18,updated,1,
2026-06-18 21:32:26,300305,裕兴股份,2026-06-18,2026-06-18,started,0,
2026-06-18 21:32:26,300306,远方信息,2026-06-18,2026-06-18,started,0,
2026-06-18 21:32:26,300299,富春股份,2026-06-18,2026-06-18,updated,1,
2026-06-18 21:32:26,300300,海峡创新,2026-06-18,2026-06-18,updated,1,
2026-06-18 21:32:26,300307,慈星股份,2026-06-18,2026-06-18,started,0,
2026-06-18 21:32:26,300308,中际旭创,2026-06-18,2026-06-18,started,0,
2026-06-18 21:32:26,300301,ST长方,2026-06-18,2026-06-18,updated,1,
2026-06-18 21:32:26,300310,宜通世纪,2026-06-18,2026-06-18,started,0,
2026-06-18 21:32:26,300302,同有科技,2026-06-18,2026-06-18,updated,1,
2026-06-18 21:32:26,300311,ST任子行,2026-06-18,2026-06-18,started,0,
2026-06-18 21:32:26,300303,聚飞光电,2026-06-18,2026-06-18,updated,1,
2026-06-18 21:32:26,300313,*ST天山,2026-06-18,2026-06-18,started,0,
2026-06-18 21:32:26,300304,云意电气,2026-06-18,2026-06-18,updated,1,
2026-06-18 21:32:26,300314,戴维医疗,2026-06-18,2026-06-18,started,0,
2026-06-18 21:32:26,300305,裕兴股份,2026-06-18,2026-06-18,updated,1,
2026-06-18 21:32:26,300315,掌趣科技,2026-06-18,2026-06-18,started,0,
2026-06-18 21:32:26,300306,远方信息,2026-06-18,2026-06-18,updated,1,
2026-06-18 21:32:26,300308,中际旭创,2026-06-18,2026-06-18,updated,1,
2026-06-18 21:32:26,300316,晶盛机电,2026-06-18,2026-06-18,started,0,
2026-06-18 21:32:26,300307,慈星股份,2026-06-18,2026-06-18,updated,1,
2026-06-18 21:32:26,300317,珈伟新能,2026-06-18,2026-06-18,started,0,
2026-06-18 21:32:26,300311,ST任子行,2026-06-18,2026-06-18,updated,1,
2026-06-18 21:32:27,300318,博晖创新,2026-06-18,2026-06-18,started,0,
2026-06-18 21:32:27,300319,麦捷科技,2026-06-18,2026-06-18,started,0,
2026-06-18 21:32:27,300310,宜通世纪,2026-06-18,2026-06-18,updated,1,
2026-06-18 21:32:27,300320,海达股份,2026-06-18,2026-06-18,started,0,
2026-06-18 21:32:27,300313,*ST天山,2026-06-18,2026-06-18,updated,1,
2026-06-18 21:32:27,300314,戴维医疗,2026-06-18,2026-06-18,updated,1,
2026-06-18 21:32:27,300321,同大股份,2026-06-18,2026-06-18,started,0,
2026-06-18 21:32:27,300322,硕贝德,2026-06-18,2026-06-18,started,0,
2026-06-18 21:32:27,300315,掌趣科技,2026-06-18,2026-06-18,updated,1,
2026-06-18 21:32:27,300323,华灿光电,2026-06-18,2026-06-18,started,0,
2026-06-18 21:32:27,300316,晶盛机电,2026-06-18,2026-06-18,updated,1,
2026-06-18 21:32:27,300317,珈伟新能,2026-06-18,2026-06-18,updated,1,
2026-06-18 21:32:27,300319,麦捷科技,2026-06-18,2026-06-18,updated,1,
2026-06-18 21:32:27,300326,ST凯利,2026-06-18,2026-06-18,started,0,
2026-06-18 21:32:27,300324,旋极信息,2026-06-18,2026-06-18,started,0,
2026-06-18 21:32:27,300318,博晖创新,2026-06-18,2026-06-18,updated,1,
2026-06-18 21:32:27,300327,中颖电子,2026-06-18,2026-06-18,started,0,
2026-06-18 21:32:27,300328,宜安科技,2026-06-18,2026-06-18,started,0,
2026-06-18 21:32:27,300321,同大股份,2026-06-18,2026-06-18,updated,1,
2026-06-18 21:32:27,300329,海伦钢琴,2026-06-18,2026-06-18,started,0,
2026-06-18 21:32:27,300320,海达股份,2026-06-18,2026-06-18,updated,1,
2026-06-18 21:32:27,300322,硕贝德,2026-06-18,2026-06-18,updated,1,
2026-06-18 21:32:27,300331,苏大维格,2026-06-18,2026-06-18,started,0,
2026-06-18 21:32:27,300332,天壕能源,2026-06-18,2026-06-18,started,0,
2026-06-18 21:32:27,300323,华灿光电,2026-06-18,2026-06-18,updated,1,
2026-06-18 21:32:28,300333,兆日科技,2026-06-18,2026-06-18,started,0,
2026-06-18 21:32:28,300326,ST凯利,2026-06-18,2026-06-18,updated,1,
2026-06-18 21:32:28,300327,中颖电子,2026-06-18,2026-06-18,updated,1,
2026-06-18 21:32:28,300334,津膜科技,2026-06-18,2026-06-18,started,0,
2026-06-18 21:32:28,300324,旋极信息,2026-06-18,2026-06-18,updated,1,
2026-06-18 21:32:28,300335,迪森股份,2026-06-18,2026-06-18,started,0,
2026-06-18 21:32:28,300337,银邦股份,2026-06-18,2026-06-18,started,0,
2026-06-18 21:32:28,300328,宜安科技,2026-06-18,2026-06-18,updated,1,
2026-06-18 21:32:28,300329,海伦钢琴,2026-06-18,2026-06-18,updated,1,
2026-06-18 21:32:28,300338,*ST开元,2026-06-18,2026-06-18,started,0,
2026-06-18 21:32:28,300339,润和软件,2026-06-18,2026-06-18,started,0,
2026-06-18 21:32:28,300331,苏大维格,2026-06-18,2026-06-18,updated,1,
2026-06-18 21:32:28,300332,天壕能源,2026-06-18,2026-06-18,updated,1,
2026-06-18 21:32:28,300340,科恒股份,2026-06-18,2026-06-18,started,0,
2026-06-18 21:32:28,300341,麦克奥迪,2026-06-18,2026-06-18,started,0,
2026-06-18 21:32:28,300333,兆日科技,2026-06-18,2026-06-18,updated,1,
2026-06-18 21:32:28,300342,天银机电,2026-06-18,2026-06-18,started,0,
2026-06-18 21:32:28,300334,津膜科技,2026-06-18,2026-06-18,updated,1,
2026-06-18 21:32:28,300335,迪森股份,2026-06-18,2026-06-18,updated,1,
2026-06-18 21:32:28,300343,ST联创,2026-06-18,2026-06-18,started,0,
2026-06-18 21:32:28,300337,银邦股份,2026-06-18,2026-06-18,updated,1,
2026-06-18 21:32:28,300345,华民股份,2026-06-18,2026-06-18,started,0,
2026-06-18 21:32:28,300338,*ST开元,2026-06-18,2026-06-18,updated,1,
2026-06-18 21:32:28,300346,南大光电,2026-06-18,2026-06-18,started,0,
2026-06-18 21:32:29,300339,润和软件,2026-06-18,2026-06-18,updated,1,
2026-06-18 21:32:29,300341,麦克奥迪,2026-06-18,2026-06-18,updated,1,
2026-06-18 21:32:29,300347,泰格医药,2026-06-18,2026-06-18,started,0,
2026-06-18 21:32:29,300348,长亮科技,2026-06-18,2026-06-18,started,0,
2026-06-18 21:32:29,300340,科恒股份,2026-06-18,2026-06-18,updated,1,
2026-06-18 21:32:29,300349,金卡智能,2026-06-18,2026-06-18,started,0,
2026-06-18 21:32:29,300350,华鹏飞,2026-06-18,2026-06-18,started,0,
2026-06-18 21:32:29,300342,天银机电,2026-06-18,2026-06-18,updated,1,
2026-06-18 21:32:29,300351,永贵电器,2026-06-18,2026-06-18,started,0,
2026-06-18 21:32:29,300343,ST联创,2026-06-18,2026-06-18,updated,1,
2026-06-18 21:32:29,300352,ST信源,2026-06-18,2026-06-18,started,0,
2026-06-18 21:32:29,300345,华民股份,2026-06-18,2026-06-18,updated,1,
2026-06-18 21:32:29,300353,东土科技,2026-06-18,2026-06-18,started,0,
2026-06-18 21:32:29,300347,泰格医药,2026-06-18,2026-06-18,updated,1,
2026-06-18 21:32:29,300354,东华测试,2026-06-18,2026-06-18,started,0,
2026-06-18 21:32:29,300346,南大光电,2026-06-18,2026-06-18,updated,1,
2026-06-18 21:32:29,300355,蒙草生态,2026-06-18,2026-06-18,started,0,
2026-06-18 21:32:29,300350,华鹏飞,2026-06-18,2026-06-18,updated,1,
2026-06-18 21:32:29,300351,永贵电器,2026-06-18,2026-06-18,updated,1,
2026-06-18 21:32:29,300357,我武生物,2026-06-18,2026-06-18,started,0,
2026-06-18 21:32:29,300348,长亮科技,2026-06-18,2026-06-18,updated,1,
2026-06-18 21:32:29,300358,楚天科技,2026-06-18,2026-06-18,started,0,
2026-06-18 21:32:29,300359,全通教育,2026-06-18,2026-06-18,started,0,
2026-06-18 21:32:29,300349,金卡智能,2026-06-18,2026-06-18,updated,1,
2026-06-18 21:32:30,300352,ST信源,2026-06-18,2026-06-18,updated,1,
2026-06-18 21:32:30,300360,炬华科技,2026-06-18,2026-06-18,started,0,
2026-06-18 21:32:30,300353,东土科技,2026-06-18,2026-06-18,updated,1,
2026-06-18 21:32:30,300363,博腾股份,2026-06-18,2026-06-18,started,0,
2026-06-18 21:32:30,300354,东华测试,2026-06-18,2026-06-18,updated,1,
2026-06-18 21:32:30,300364,中文在线,2026-06-18,2026-06-18,started,0,
2026-06-18 21:32:30,300365,恒华科技,2026-06-18,2026-06-18,started,0,
2026-06-18 21:32:30,300355,蒙草生态,2026-06-18,2026-06-18,updated,1,
2026-06-18 21:32:30,300357,我武生物,2026-06-18,2026-06-18,updated,1,
2026-06-18 21:32:30,300366,ST创意,2026-06-18,2026-06-18,started,0,
2026-06-18 21:32:30,300368,汇金股份,2026-06-18,2026-06-18,started,0,
2026-06-18 21:32:30,300358,楚天科技,2026-06-18,2026-06-18,updated,1,
2026-06-18 21:32:30,300359,全通教育,2026-06-18,2026-06-18,updated,1,
2026-06-18 21:32:30,300369,绿盟科技,2026-06-18,2026-06-18,started,0,
2026-06-18 21:32:30,300370,安控科技,2026-06-18,2026-06-18,started,0,
2026-06-18 21:32:30,300360,炬华科技,2026-06-18,2026-06-18,updated,1,
2026-06-18 21:32:30,300371,汇中股份,2026-06-18,2026-06-18,started,0,
2026-06-18 21:32:30,300363,博腾股份,2026-06-18,2026-06-18,updated,1,
2026-06-18 21:32:30,300373,扬杰科技,2026-06-18,2026-06-18,started,0,
2026-06-18 21:32:30,300364,中文在线,2026-06-18,2026-06-18,updated,1,
2026-06-18 21:32:30,300365,恒华科技,2026-06-18,2026-06-18,updated,1,
2026-06-18 21:32:30,300374,中铁装配,2026-06-18,2026-06-18,started,0,
2026-06-18 21:32:30,300366,ST创意,2026-06-18,2026-06-18,updated,1,
2026-06-18 21:32:31,300375,鹏翎股份,2026-06-18,2026-06-18,started,0,
2026-06-18 21:32:31,300368,汇金股份,2026-06-18,2026-06-18,updated,1,
2026-06-18 21:32:31,300376,易事特,2026-06-18,2026-06-18,started,0,
2026-06-18 21:32:31,300377,赢时胜,2026-06-18,2026-06-18,started,0,
2026-06-18 21:32:31,300369,绿盟科技,2026-06-18,2026-06-18,updated,1,
2026-06-18 21:32:31,300378,鼎捷数智,2026-06-18,2026-06-18,started,0,
2026-06-18 21:32:31,300370,安控科技,2026-06-18,2026-06-18,updated,1,
2026-06-18 21:32:31,300371,汇中股份,2026-06-18,2026-06-18,updated,1,
2026-06-18 21:32:31,300380,安硕信息,2026-06-18,2026-06-18,started,0,
2026-06-18 21:32:31,300381,溢多利,2026-06-18,2026-06-18,started,0,
2026-06-18 21:32:31,300373,扬杰科技,2026-06-18,2026-06-18,updated,1,
2026-06-18 21:32:31,300382,斯莱克,2026-06-18,2026-06-18,started,0,
2026-06-18 21:32:31,300374,中铁装配,2026-06-18,2026-06-18,updated,1,
2026-06-18 21:32:31,300375,鹏翎股份,2026-06-18,2026-06-18,updated,1,
2026-06-18 21:32:31,300383,光环新网,2026-06-18,2026-06-18,started,0,
2026-06-18 21:32:31,300376,易事特,2026-06-18,2026-06-18,updated,1,
2026-06-18 21:32:31,300384,三联虹普,2026-06-18,2026-06-18,started,0,
2026-06-18 21:32:31,300385,ST雪浪,2026-06-18,2026-06-18,started,0,
2026-06-18 21:32:31,300377,赢时胜,2026-06-18,2026-06-18,updated,1,
2026-06-18 21:32:31,300378,鼎捷数智,2026-06-18,2026-06-18,updated,1,
2026-06-18 21:32:31,300386,飞天诚信,2026-06-18,2026-06-18,started,0,
2026-06-18 21:32:31,300380,安硕信息,2026-06-18,2026-06-18,updated,1,
2026-06-18 21:32:31,300387,富邦科技,2026-06-18,2026-06-18,started,0,
2026-06-18 21:32:31,300381,溢多利,2026-06-18,2026-06-18,updated,1,
2026-06-18 21:32:31,300388,节能国祯,2026-06-18,2026-06-18,started,0,
2026-06-18 21:32:32,300382,斯莱克,2026-06-18,2026-06-18,updated,1,
2026-06-18 21:32:32,300389,艾比森,2026-06-18,2026-06-18,started,0,
2026-06-18 21:32:32,300390,天华新能,2026-06-18,2026-06-18,started,0,
2026-06-18 21:32:32,300383,光环新网,2026-06-18,2026-06-18,updated,1,
2026-06-18 21:32:32,300385,ST雪浪,2026-06-18,2026-06-18,updated,1,
2026-06-18 21:32:32,300393,中来股份,2026-06-18,2026-06-18,started,0,
2026-06-18 21:32:32,300394,天孚通信,2026-06-18,2026-06-18,started,0,
2026-06-18 21:32:32,300384,三联虹普,2026-06-18,2026-06-18,updated,1,
2026-06-18 21:32:32,300395,菲利华,2026-06-18,2026-06-18,started,0,
2026-06-18 21:32:32,300386,飞天诚信,2026-06-18,2026-06-18,updated,1,
2026-06-18 21:32:32,300387,富邦科技,2026-06-18,2026-06-18,updated,1,
2026-06-18 21:32:32,300396,ST迪瑞,2026-06-18,2026-06-18,started,0,
2026-06-18 21:32:32,300388,节能国祯,2026-06-18,2026-06-18,updated,1,
2026-06-18 21:32:32,300397,天和防务,2026-06-18,2026-06-18,started,0,
2026-06-18 21:32:32,300390,天华新能,2026-06-18,2026-06-18,updated,1,
2026-06-18 21:32:32,300398,飞凯材料,2026-06-18,2026-06-18,started,0,
2026-06-18 21:32:32,300389,艾比森,2026-06-18,2026-06-18,updated,1,
2026-06-18 21:32:32,300399,天利科技,2026-06-18,2026-06-18,started,0,
2026-06-18 21:32:32,300393,中来股份,2026-06-18,2026-06-18,updated,1,
2026-06-18 21:32:32,300400,劲拓股份,2026-06-18,2026-06-18,started,0,
2026-06-18 21:32:32,300401,花园生物,2026-06-18,2026-06-18,started,0,
2026-06-18 21:32:32,300394,天孚通信,2026-06-18,2026-06-18,updated,1,
2026-06-18 21:32:32,300402,宝色股份,2026-06-18,2026-06-18,started,0,
2026-06-18 21:32:32,300395,菲利华,2026-06-18,2026-06-18,updated,1,
2026-06-18 21:32:32,300403,汉宇集团,2026-06-18,2026-06-18,started,0,
2026-06-18 21:32:33,300397,天和防务,2026-06-18,2026-06-18,updated,1,
2026-06-18 21:32:33,300396,ST迪瑞,2026-06-18,2026-06-18,updated,1,
2026-06-18 21:32:33,300404,博济医药,2026-06-18,2026-06-18,started,0,
2026-06-18 21:32:33,300398,飞凯材料,2026-06-18,2026-06-18,updated,1,
2026-06-18 21:32:33,300405,科隆股份,2026-06-18,2026-06-18,started,0,
2026-06-18 21:32:33,300399,天利科技,2026-06-18,2026-06-18,updated,1,
2026-06-18 21:32:33,300406,九强生物,2026-06-18,2026-06-18,started,0,
2026-06-18 21:32:33,300401,花园生物,2026-06-18,2026-06-18,updated,1,
2026-06-18 21:32:33,300407,凯发电气,2026-06-18,2026-06-18,started,0,
2026-06-18 21:32:33,300408,三环集团,2026-06-18,2026-06-18,started,0,
2026-06-18 21:32:33,300400,劲拓股份,2026-06-18,2026-06-18,updated,1,
2026-06-18 21:32:33,300409,道氏技术,2026-06-18,2026-06-18,started,0,
2026-06-18 21:32:33,300402,宝色股份,2026-06-18,2026-06-18,updated,1,
2026-06-18 21:32:33,300403,汉宇集团,2026-06-18,2026-06-18,updated,1,
2026-06-18 21:32:33,300410,正业科技,2026-06-18,2026-06-18,started,0,
2026-06-18 21:32:33,300411,金盾股份,2026-06-18,2026-06-18,started,0,
2026-06-18 21:32:33,300404,博济医药,2026-06-18,2026-06-18,updated,1,
2026-06-18 21:32:33,300405,科隆股份,2026-06-18,2026-06-18,updated,1,
2026-06-18 21:32:33,300412,迦南科技,2026-06-18,2026-06-18,started,0,
2026-06-18 21:32:33,300406,九强生物,2026-06-18,2026-06-18,updated,1,
2026-06-18 21:32:33,300407,凯发电气,2026-06-18,2026-06-18,updated,1,
2026-06-18 21:32:33,300413,芒果超媒,2026-06-18,2026-06-18,started,0,
2026-06-18 21:32:33,300414,中光防雷,2026-06-18,2026-06-18,started,0,
2026-06-18 21:32:33,300408,三环集团,2026-06-18,2026-06-18,updated,1,
2026-06-18 21:32:34,300415,伊之密,2026-06-18,2026-06-18,started,0,
2026-06-18 21:32:34,300409,道氏技术,2026-06-18,2026-06-18,updated,1,
2026-06-18 21:32:34,300416,苏试试验,2026-06-18,2026-06-18,started,0,
2026-06-18 21:32:34,300417,南华仪器,2026-06-18,2026-06-18,started,0,
2026-06-18 21:32:34,300410,正业科技,2026-06-18,2026-06-18,updated,1,
2026-06-18 21:32:34,300418,昆仑万维,2026-06-18,2026-06-18,started,0,
2026-06-18 21:32:34,300411,金盾股份,2026-06-18,2026-06-18,updated,1,
2026-06-18 21:32:34,300419,ST浩丰,2026-06-18,2026-06-18,started,0,
2026-06-18 21:32:34,300412,迦南科技,2026-06-18,2026-06-18,updated,1,
2026-06-18 21:32:34,300413,芒果超媒,2026-06-18,2026-06-18,updated,1,
2026-06-18 21:32:34,300420,五洋自控,2026-06-18,2026-06-18,started,0,
2026-06-18 21:32:34,300421,力星股份,2026-06-18,2026-06-18,started,0,
2026-06-18 21:32:34,300414,中光防雷,2026-06-18,2026-06-18,updated,1,
2026-06-18 21:32:34,300415,伊之密,2026-06-18,2026-06-18,updated,1,
2026-06-18 21:32:34,300422,博世科,2026-06-18,2026-06-18,started,0,
2026-06-18 21:32:34,300416,苏试试验,2026-06-18,2026-06-18,updated,1,
2026-06-18 21:32:34,300423,昇辉科技,2026-06-18,2026-06-18,started,0,
2026-06-18 21:32:34,300424,航新科技,2026-06-18,2026-06-18,started,0,
2026-06-18 21:32:34,300417,南华仪器,2026-06-18,2026-06-18,updated,1,
2026-06-18 21:32:34,300425,中建环能,2026-06-18,2026-06-18,started,0,
2026-06-18 21:32:34,300418,昆仑万维,2026-06-18,2026-06-18,updated,1,
2026-06-18 21:32:34,300419,ST浩丰,2026-06-18,2026-06-18,updated,1,
2026-06-18 21:32:35,300426,华智数媒,2026-06-18,2026-06-18,started,0,
2026-06-18 21:32:35,300427,红相股份,2026-06-18,2026-06-18,started,0,
2026-06-18 21:32:35,300420,五洋自控,2026-06-18,2026-06-18,updated,1,
2026-06-18 21:32:35,300421,力星股份,2026-06-18,2026-06-18,updated,1,
2026-06-18 21:32:35,300428,立中集团,2026-06-18,2026-06-18,started,0,
2026-06-18 21:32:35,300422,博世科,2026-06-18,2026-06-18,updated,1,
2026-06-18 21:32:35,300429,强力新材,2026-06-18,2026-06-18,started,0,
2026-06-18 21:32:35,300430,*ST益通,2026-06-18,2026-06-18,started,0,
2026-06-18 21:32:35,300424,航新科技,2026-06-18,2026-06-18,updated,1,
2026-06-18 21:32:35,300432,富临精工,2026-06-18,2026-06-18,started,0,
2026-06-18 21:32:35,300423,昇辉科技,2026-06-18,2026-06-18,updated,1,
2026-06-18 21:32:35,300425,中建环能,2026-06-18,2026-06-18,updated,1,
2026-06-18 21:32:35,300433,蓝思科技,2026-06-18,2026-06-18,started,0,
2026-06-18 21:32:35,300434,金石亚药,2026-06-18,2026-06-18,started,0,
2026-06-18 21:32:35,300426,华智数媒,2026-06-18,2026-06-18,updated,1,
2026-06-18 21:32:35,300435,中泰股份,2026-06-18,2026-06-18,started,0,
2026-06-18 21:32:35,300427,红相股份,2026-06-18,2026-06-18,updated,1,
2026-06-18 21:32:35,300436,广生堂,2026-06-18,2026-06-18,started,0,
2026-06-18 21:32:35,300428,立中集团,2026-06-18,2026-06-18,updated,1,
2026-06-18 21:32:35,300430,*ST益通,2026-06-18,2026-06-18,updated,1,
2026-06-18 21:32:35,300437,清水源,2026-06-18,2026-06-18,started,0,
2026-06-18 21:32:35,300429,强力新材,2026-06-18,2026-06-18,updated,1,
2026-06-18 21:32:35,300438,鹏辉能源,2026-06-18,2026-06-18,started,0,
2026-06-18 21:32:36,300432,富临精工,2026-06-18,2026-06-18,updated,1,
2026-06-18 21:32:36,300439,美康生物,2026-06-18,2026-06-18,started,0,
2026-06-18 21:32:36,300440,运达科技,2026-06-18,2026-06-18,started,0,
2026-06-18 21:32:36,300433,蓝思科技,2026-06-18,2026-06-18,updated,1,
2026-06-18 21:32:36,300434,金石亚药,2026-06-18,2026-06-18,updated,1,
2026-06-18 21:32:36,300435,中泰股份,2026-06-18,2026-06-18,updated,1,
2026-06-18 21:32:36,300442,润泽科技,2026-06-18,2026-06-18,started,0,
2026-06-18 21:32:36,300441,鲍斯股份,2026-06-18,2026-06-18,started,0,
2026-06-18 21:32:36,300443,金雷股份,2026-06-18,2026-06-18,started,0,
2026-06-18 21:32:36,300436,广生堂,2026-06-18,2026-06-18,updated,1,
2026-06-18 21:32:36,300444,双杰电气,2026-06-18,2026-06-18,started,0,
2026-06-18 21:32:36,300437,清水源,2026-06-18,2026-06-18,updated,1,
2026-06-18 21:32:36,300438,鹏辉能源,2026-06-18,2026-06-18,updated,1,
2026-06-18 21:32:36,300445,康斯特,2026-06-18,2026-06-18,started,0,
2026-06-18 21:32:36,300446,航天智造,2026-06-18,2026-06-18,started,0,
2026-06-18 21:32:36,300439,美康生物,2026-06-18,2026-06-18,updated,1,
2026-06-18 21:32:36,300447,全信股份,2026-06-18,2026-06-18,started,0,
2026-06-18 21:32:36,300440,运达科技,2026-06-18,2026-06-18,updated,1,
2026-06-18 21:32:36,300442,润泽科技,2026-06-18,2026-06-18,updated,1,
2026-06-18 21:32:36,300448,浩云科技,2026-06-18,2026-06-18,started,0,
2026-06-18 21:32:36,300449,汉邦高科,2026-06-18,2026-06-18,started,0,
2026-06-18 21:32:36,300441,鲍斯股份,2026-06-18,2026-06-18,updated,1,
2026-06-18 21:32:36,300450,先导智能,2026-06-18,2026-06-18,started,0,
2026-06-18 21:32:36,300443,金雷股份,2026-06-18,2026-06-18,updated,1,
2026-06-18 21:32:36,300451,创业慧康,2026-06-18,2026-06-18,started,0,
2026-06-18 21:32:37,300444,双杰电气,2026-06-18,2026-06-18,updated,1,
2026-06-18 21:32:37,300446,航天智造,2026-06-18,2026-06-18,updated,1,
2026-06-18 21:32:37,300452,山河药辅,2026-06-18,2026-06-18,started,0,
2026-06-18 21:32:37,300453,三鑫医疗,2026-06-18,2026-06-18,started,0,
2026-06-18 21:32:37,300445,康斯特,2026-06-18,2026-06-18,updated,1,
2026-06-18 21:32:37,300447,全信股份,2026-06-18,2026-06-18,updated,1,
2026-06-18 21:32:37,300454,深信服,2026-06-18,2026-06-18,started,0,
2026-06-18 21:32:37,300448,浩云科技,2026-06-18,2026-06-18,updated,1,
2026-06-18 21:32:37,300455,航天智装,2026-06-18,2026-06-18,started,0,
2026-06-18 21:32:37,300450,先导智能,2026-06-18,2026-06-18,updated,1,
2026-06-18 21:32:37,300456,赛微电子,2026-06-18,2026-06-18,started,0,
2026-06-18 21:32:37,300449,汉邦高科,2026-06-18,2026-06-18,updated,1,
2026-06-18 21:32:37,300457,赢合科技,2026-06-18,2026-06-18,started,0,
2026-06-18 21:32:37,300458,全志科技,2026-06-18,2026-06-18,started,0,
2026-06-18 21:32:37,300451,创业慧康,2026-06-18,2026-06-18,updated,1,
2026-06-18 21:32:37,300459,汤姆猫,2026-06-18,2026-06-18,started,0,
2026-06-18 21:32:37,300453,三鑫医疗,2026-06-18,2026-06-18,updated,1,
2026-06-18 21:32:37,300452,山河药辅,2026-06-18,2026-06-18,updated,1,
2026-06-18 21:32:37,300460,ST惠伦,2026-06-18,2026-06-18,started,0,
2026-06-18 21:32:37,300454,深信服,2026-06-18,2026-06-18,updated,1,
2026-06-18 21:32:37,300461,田中精机,2026-06-18,2026-06-18,started,0,
2026-06-18 21:32:37,300455,航天智装,2026-06-18,2026-06-18,updated,1,
2026-06-18 21:32:37,300462,ST华铭,2026-06-18,2026-06-18,started,0,
2026-06-18 21:32:37,300456,赛微电子,2026-06-18,2026-06-18,updated,1,
2026-06-18 21:32:38,300463,迈克生物,2026-06-18,2026-06-18,started,0,
2026-06-18 21:32:38,300457,赢合科技,2026-06-18,2026-06-18,updated,1,
2026-06-18 21:32:38,300464,星徽股份,2026-06-18,2026-06-18,started,0,
2026-06-18 21:32:38,300458,全志科技,2026-06-18,2026-06-18,updated,1,
2026-06-18 21:32:38,300465,高伟达,2026-06-18,2026-06-18,started,0,
2026-06-18 21:32:38,300466,赛摩智能,2026-06-18,2026-06-18,started,0,
2026-06-18 21:32:38,300459,汤姆猫,2026-06-18,2026-06-18,updated,1,
2026-06-18 21:32:38,300467,迅游科技,2026-06-18,2026-06-18,started,0,
2026-06-18 21:32:38,300460,ST惠伦,2026-06-18,2026-06-18,updated,1,
2026-06-18 21:32:38,300468,四方精创,2026-06-18,2026-06-18,started,0,
2026-06-18 21:32:38,300461,田中精机,2026-06-18,2026-06-18,updated,1,
2026-06-18 21:32:38,300469,信息发展,2026-06-18,2026-06-18,started,0,
2026-06-18 21:32:38,300462,ST华铭,2026-06-18,2026-06-18,updated,1,
2026-06-18 21:32:38,300470,中密控股,2026-06-18,2026-06-18,started,0,
2026-06-18 21:32:38,300463,迈克生物,2026-06-18,2026-06-18,updated,1,
2026-06-18 21:32:38,300464,星徽股份,2026-06-18,2026-06-18,updated,1,
2026-06-18 21:32:38,300471,厚普股份,2026-06-18,2026-06-18,started,0,
2026-06-18 21:32:38,300465,高伟达,2026-06-18,2026-06-18,updated,1,
2026-06-18 21:32:38,300472,*ST新元,2026-06-18,2026-06-18,started,0,
2026-06-18 21:32:38,300466,赛摩智能,2026-06-18,2026-06-18,updated,1,
2026-06-18 21:32:38,300473,德尔股份,2026-06-18,2026-06-18,started,0,
2026-06-18 21:32:38,300474,景嘉微,2026-06-18,2026-06-18,started,0,
2026-06-18 21:32:38,300467,迅游科技,2026-06-18,2026-06-18,updated,1,
2026-06-18 21:32:39,300475,香农芯创,2026-06-18,2026-06-18,started,0,
2026-06-18 21:32:39,300468,四方精创,2026-06-18,2026-06-18,updated,1,
2026-06-18 21:32:39,300469,信息发展,2026-06-18,2026-06-18,updated,1,
2026-06-18 21:32:39,300476,胜宏科技,2026-06-18,2026-06-18,started,0,
2026-06-18 21:32:39,300477,ST合纵,2026-06-18,2026-06-18,started,0,
2026-06-18 21:32:39,300470,中密控股,2026-06-18,2026-06-18,updated,1,
2026-06-18 21:32:39,300471,厚普股份,2026-06-18,2026-06-18,updated,1,
2026-06-18 21:32:39,300478,杭州高新,2026-06-18,2026-06-18,started,0,
2026-06-18 21:32:39,300479,神思电子,2026-06-18,2026-06-18,started,0,
2026-06-18 21:32:39,300472,*ST新元,2026-06-18,2026-06-18,updated,1,
2026-06-18 21:32:39,300473,德尔股份,2026-06-18,2026-06-18,updated,1,
2026-06-18 21:32:39,300480,光力科技,2026-06-18,2026-06-18,started,0,
2026-06-18 21:32:39,300474,景嘉微,2026-06-18,2026-06-18,updated,1,
2026-06-18 21:32:39,300481,濮阳惠成,2026-06-18,2026-06-18,started,0,
2026-06-18 21:32:39,300482,万孚生物,2026-06-18,2026-06-18,started,0,
2026-06-18 21:32:39,300475,香农芯创,2026-06-18,2026-06-18,updated,1,
2026-06-18 21:32:39,300476,胜宏科技,2026-06-18,2026-06-18,updated,1,
2026-06-18 21:32:39,300483,首华燃气,2026-06-18,2026-06-18,started,0,
2026-06-18 21:32:39,300484,蓝海华腾,2026-06-18,2026-06-18,started,0,
2026-06-18 21:32:39,300477,ST合纵,2026-06-18,2026-06-18,updated,1,
2026-06-18 21:32:39,300485,赛升药业,2026-06-18,2026-06-18,started,0,
2026-06-18 21:32:39,300478,杭州高新,2026-06-18,2026-06-18,updated,1,
2026-06-18 21:32:39,300486,东杰智能,2026-06-18,2026-06-18,started,0,
2026-06-18 21:32:39,300479,神思电子,2026-06-18,2026-06-18,updated,1,
2026-06-18 21:32:39,300487,蓝晓科技,2026-06-18,2026-06-18,started,0,
2026-06-18 21:32:40,300480,光力科技,2026-06-18,2026-06-18,updated,1,
2026-06-18 21:32:40,300481,濮阳惠成,2026-06-18,2026-06-18,updated,1,
2026-06-18 21:32:40,300488,恒锋工具,2026-06-18,2026-06-18,started,0,
2026-06-18 21:32:40,300485,赛升药业,2026-06-18,2026-06-18,updated,1,
2026-06-18 21:32:40,300489,光智科技,2026-06-18,2026-06-18,started,0,
2026-06-18 21:32:40,300484,蓝海华腾,2026-06-18,2026-06-18,updated,1,
2026-06-18 21:32:40,300490,华自科技,2026-06-18,2026-06-18,started,0,
2026-06-18 21:32:40,300483,首华燃气,2026-06-18,2026-06-18,updated,1,
2026-06-18 21:32:40,300492,华图山鼎,2026-06-18,2026-06-18,started,0,
2026-06-18 21:32:40,300491,通合科技,2026-06-18,2026-06-18,started,0,
2026-06-18 21:32:40,300482,万孚生物,2026-06-18,2026-06-18,updated,1,
2026-06-18 21:32:40,300493,润欣科技,2026-06-18,2026-06-18,started,0,
2026-06-18 21:32:40,300486,东杰智能,2026-06-18,2026-06-18,updated,1,
2026-06-18 21:32:40,300494,盛天网络,2026-06-18,2026-06-18,started,0,
2026-06-18 21:32:40,300487,蓝晓科技,2026-06-18,2026-06-18,updated,1,
2026-06-18 21:32:40,300496,中科创达,2026-06-18,2026-06-18,started,0,
2026-06-18 21:32:40,300488,恒锋工具,2026-06-18,2026-06-18,updated,1,
2026-06-18 21:32:40,300490,华自科技,2026-06-18,2026-06-18,updated,1,
2026-06-18 21:32:40,300497,富祥股份,2026-06-18,2026-06-18,started,0,
2026-06-18 21:32:40,300489,光智科技,2026-06-18,2026-06-18,updated,1,
2026-06-18 21:32:40,300498,温氏股份,2026-06-18,2026-06-18,started,0,
2026-06-18 21:32:40,300492,华图山鼎,2026-06-18,2026-06-18,updated,1,
2026-06-18 21:32:40,300499,高澜股份,2026-06-18,2026-06-18,started,0,
2026-06-18 21:32:40,300500,启迪设计,2026-06-18,2026-06-18,started,0,
2026-06-18 21:32:40,300491,通合科技,2026-06-18,2026-06-18,updated,1,
2026-06-18 21:32:41,300501,海顺新材,2026-06-18,2026-06-18,started,0,
2026-06-18 21:32:41,300493,润欣科技,2026-06-18,2026-06-18,updated,1,
2026-06-18 21:32:41,300494,盛天网络,2026-06-18,2026-06-18,updated,1,
2026-06-18 21:32:41,300502,新易盛,2026-06-18,2026-06-18,started,0,
2026-06-18 21:32:41,300496,中科创达,2026-06-18,2026-06-18,updated,1,
2026-06-18 21:32:41,300503,昊志机电,2026-06-18,2026-06-18,started,0,
2026-06-18 21:32:41,300504,天邑股份,2026-06-18,2026-06-18,started,0,
2026-06-18 21:32:41,300497,富祥股份,2026-06-18,2026-06-18,updated,1,
2026-06-18 21:32:41,300505,川金诺,2026-06-18,2026-06-18,started,0,
2026-06-18 21:32:41,300498,温氏股份,2026-06-18,2026-06-18,updated,1,
2026-06-18 21:32:41,300499,高澜股份,2026-06-18,2026-06-18,updated,1,
2026-06-18 21:32:41,300506,ST名家汇,2026-06-18,2026-06-18,started,0,
2026-06-18 21:32:41,300507,苏奥传感,2026-06-18,2026-06-18,started,0,
2026-06-18 21:32:41,300500,启迪设计,2026-06-18,2026-06-18,updated,1,
2026-06-18 21:32:41,300508,维宏股份,2026-06-18,2026-06-18,started,0,
2026-06-18 21:32:41,300501,海顺新材,2026-06-18,2026-06-18,updated,1,
2026-06-18 21:32:41,300502,新易盛,2026-06-18,2026-06-18,updated,1,
2026-06-18 21:32:41,300509,新美星,2026-06-18,2026-06-18,started,0,
2026-06-18 21:32:41,300504,天邑股份,2026-06-18,2026-06-18,updated,1,
2026-06-18 21:32:41,300510,金冠股份,2026-06-18,2026-06-18,started,0,
2026-06-18 21:32:41,300503,昊志机电,2026-06-18,2026-06-18,updated,1,
2026-06-18 21:32:41,300511,雪榕生物,2026-06-18,2026-06-18,started,0,
2026-06-18 21:32:42,300512,中亚股份,2026-06-18,2026-06-18,started,0,
2026-06-18 21:32:42,300505,川金诺,2026-06-18,2026-06-18,updated,1,
2026-06-18 21:32:42,300513,恒实科技,2026-06-18,2026-06-18,started,0,
2026-06-18 21:32:42,300506,ST名家汇,2026-06-18,2026-06-18,updated,1,
2026-06-18 21:32:42,300514,友讯达,2026-06-18,2026-06-18,started,0,
2026-06-18 21:32:42,300507,苏奥传感,2026-06-18,2026-06-18,updated,1,
2026-06-18 21:32:42,300508,维宏股份,2026-06-18,2026-06-18,updated,1,
2026-06-18 21:32:42,300515,三德科技,2026-06-18,2026-06-18,started,0,
2026-06-18 21:32:42,300516,久之洋,2026-06-18,2026-06-18,started,0,
2026-06-18 21:32:42,300509,新美星,2026-06-18,2026-06-18,updated,1,
2026-06-18 21:32:42,300510,金冠股份,2026-06-18,2026-06-18,updated,1,
2026-06-18 21:32:42,300517,海波重科,2026-06-18,2026-06-18,started,0,
2026-06-18 21:32:42,300511,雪榕生物,2026-06-18,2026-06-18,updated,1,
2026-06-18 21:32:42,300518,新迅达,2026-06-18,2026-06-18,started,0,
2026-06-18 21:32:42,300519,新光药业,2026-06-18,2026-06-18,started,0,
2026-06-18 21:32:42,300512,中亚股份,2026-06-18,2026-06-18,updated,1,
2026-06-18 21:32:42,300520,科大国创,2026-06-18,2026-06-18,started,0,
2026-06-18 21:32:42,300513,恒实科技,2026-06-18,2026-06-18,updated,1,
2026-06-18 21:32:42,300521,爱司凯,2026-06-18,2026-06-18,started,0,
2026-06-18 21:32:42,300514,友讯达,2026-06-18,2026-06-18,updated,1,
2026-06-18 21:32:42,300515,三德科技,2026-06-18,2026-06-18,updated,1,
2026-06-18 21:32:42,300522,世名科技,2026-06-18,2026-06-18,started,0,
2026-06-18 21:32:42,300523,辰安科技,2026-06-18,2026-06-18,started,0,
2026-06-18 21:32:42,300516,久之洋,2026-06-18,2026-06-18,updated,1,
2026-06-18 21:32:43,300517,海波重科,2026-06-18,2026-06-18,updated,1,
2026-06-18 21:32:43,300525,博思软件,2026-06-18,2026-06-18,started,0,
2026-06-18 21:32:43,300518,新迅达,2026-06-18,2026-06-18,updated,1,
2026-06-18 21:32:43,300527,ST应急,2026-06-18,2026-06-18,started,0,
2026-06-18 21:32:43,300519,新光药业,2026-06-18,2026-06-18,updated,1,
2026-06-18 21:32:43,300528,幸福蓝海,2026-06-18,2026-06-18,started,0,
2026-06-18 21:32:43,300529,健帆生物,2026-06-18,2026-06-18,started,0,
2026-06-18 21:32:43,300520,科大国创,2026-06-18,2026-06-18,updated,1,
2026-06-18 21:32:43,300521,爱司凯,2026-06-18,2026-06-18,updated,1,
2026-06-18 21:32:43,300530,领湃科技,2026-06-18,2026-06-18,started,0,
2026-06-18 21:32:43,300531,优博讯,2026-06-18,2026-06-18,started,0,
2026-06-18 21:32:43,300522,世名科技,2026-06-18,2026-06-18,updated,1,
2026-06-18 21:32:43,300532,今天国际,2026-06-18,2026-06-18,started,0,
2026-06-18 21:32:43,300523,辰安科技,2026-06-18,2026-06-18,updated,1,
2026-06-18 21:32:43,300525,博思软件,2026-06-18,2026-06-18,updated,1,
2026-06-18 21:32:43,300533,冰川网络,2026-06-18,2026-06-18,started,0,
2026-06-18 21:32:43,300527,ST应急,2026-06-18,2026-06-18,updated,1,
2026-06-18 21:32:43,300534,陇神戎发,2026-06-18,2026-06-18,started,0,
2026-06-18 21:32:43,300528,幸福蓝海,2026-06-18,2026-06-18,updated,1,
2026-06-18 21:32:43,300535,达威股份,2026-06-18,2026-06-18,started,0,
2026-06-18 21:32:43,300536,农尚环境,2026-06-18,2026-06-18,started,0,
2026-06-18 21:32:43,300529,健帆生物,2026-06-18,2026-06-18,updated,1,
2026-06-18 21:32:43,300531,优博讯,2026-06-18,2026-06-18,updated,1,
2026-06-18 21:32:43,300537,广信材料,2026-06-18,2026-06-18,started,0,
2026-06-18 21:32:43,300538,同益股份,2026-06-18,2026-06-18,started,0,
2026-06-18 21:32:44,300530,领湃科技,2026-06-18,2026-06-18,updated,1,
2026-06-18 21:32:44,300539,横河精密,2026-06-18,2026-06-18,started,0,
2026-06-18 21:32:44,300532,今天国际,2026-06-18,2026-06-18,updated,1,
2026-06-18 21:32:44,300533,冰川网络,2026-06-18,2026-06-18,updated,1,
2026-06-18 21:32:44,300540,蜀道装备,2026-06-18,2026-06-18,started,0,
2026-06-18 21:32:44,300534,陇神戎发,2026-06-18,2026-06-18,updated,1,
2026-06-18 21:32:44,300541,先进数通,2026-06-18,2026-06-18,started,0,
2026-06-18 21:32:44,300542,新晨科技,2026-06-18,2026-06-18,started,0,
2026-06-18 21:32:44,300535,达威股份,2026-06-18,2026-06-18,updated,1,
2026-06-18 21:32:44,300543,朗科智能,2026-06-18,2026-06-18,started,0,
2026-06-18 21:32:44,300536,农尚环境,2026-06-18,2026-06-18,updated,1,
2026-06-18 21:32:44,300545,联得装备,2026-06-18,2026-06-18,started,0,
2026-06-18 21:32:44,300537,广信材料,2026-06-18,2026-06-18,updated,1,
2026-06-18 21:32:44,300546,雄帝科技,2026-06-18,2026-06-18,started,0,
2026-06-18 21:32:44,300538,同益股份,2026-06-18,2026-06-18,updated,1,
2026-06-18 21:32:44,300547,川环科技,2026-06-18,2026-06-18,started,0,
2026-06-18 21:32:44,300539,横河精密,2026-06-18,2026-06-18,updated,1,
2026-06-18 21:32:44,300540,蜀道装备,2026-06-18,2026-06-18,updated,1,
2026-06-18 21:32:44,300548,长芯博创,2026-06-18,2026-06-18,started,0,
2026-06-18 21:32:44,300541,先进数通,2026-06-18,2026-06-18,updated,1,
2026-06-18 21:32:44,300549,优德精密,2026-06-18,2026-06-18,started,0,
2026-06-18 21:32:44,300550,和仁科技,2026-06-18,2026-06-18,started,0,
2026-06-18 21:32:44,300542,新晨科技,2026-06-18,2026-06-18,updated,1,
2026-06-18 21:32:45,300543,朗科智能,2026-06-18,2026-06-18,updated,1,
2026-06-18 21:32:45,300551,古鳌科技,2026-06-18,2026-06-18,started,0,
2026-06-18 21:32:45,300545,联得装备,2026-06-18,2026-06-18,updated,1,
2026-06-18 21:32:45,300552,万集科技,2026-06-18,2026-06-18,started,0,
2026-06-18 21:32:45,300553,集智股份,2026-06-18,2026-06-18,started,0,
2026-06-18 21:32:45,300546,雄帝科技,2026-06-18,2026-06-18,updated,1,
2026-06-18 21:32:45,300554,三超新材,2026-06-18,2026-06-18,started,0,
2026-06-18 21:32:45,300547,川环科技,2026-06-18,2026-06-18,updated,1,
2026-06-18 21:32:45,300548,长芯博创,2026-06-18,2026-06-18,updated,1,
2026-06-18 21:32:45,300555,ST路通,2026-06-18,2026-06-18,started,0,
2026-06-18 21:32:45,300549,优德精密,2026-06-18,2026-06-18,updated,1,
2026-06-18 21:32:45,300556,丝路视觉,2026-06-18,2026-06-18,started,0,
2026-06-18 21:32:45,300557,理工光科,2026-06-18,2026-06-18,started,0,
2026-06-18 21:32:45,300550,和仁科技,2026-06-18,2026-06-18,updated,1,
2026-06-18 21:32:45,300551,古鳌科技,2026-06-18,2026-06-18,updated,1,
2026-06-18 21:32:45,300558,贝达药业,2026-06-18,2026-06-18,started,0,
2026-06-18 21:32:45,300552,万集科技,2026-06-18,2026-06-18,updated,1,
2026-06-18 21:32:45,300559,佳发教育,2026-06-18,2026-06-18,started,0,
2026-06-18 21:32:45,300553,集智股份,2026-06-18,2026-06-18,updated,1,
2026-06-18 21:32:45,300560,中富通,2026-06-18,2026-06-18,started,0,
2026-06-18 21:32:45,300561,汇金科技,2026-06-18,2026-06-18,started,0,
2026-06-18 21:32:45,300554,三超新材,2026-06-18,2026-06-18,updated,1,
2026-06-18 21:32:45,300562,乐心医疗,2026-06-18,2026-06-18,started,0,
2026-06-18 21:32:45,300555,ST路通,2026-06-18,2026-06-18,updated,1,
2026-06-18 21:32:46,300556,丝路视觉,2026-06-18,2026-06-18,updated,1,
2026-06-18 21:32:46,300563,神宇股份,2026-06-18,2026-06-18,started,0,
2026-06-18 21:32:46,300564,筑博设计,2026-06-18,2026-06-18,started,0,
2026-06-18 21:32:46,300557,理工光科,2026-06-18,2026-06-18,updated,1,
2026-06-18 21:32:46,300558,贝达药业,2026-06-18,2026-06-18,updated,1,
2026-06-18 21:32:46,300565,科信技术,2026-06-18,2026-06-18,started,0,
2026-06-18 21:32:46,300559,佳发教育,2026-06-18,2026-06-18,updated,1,
2026-06-18 21:32:46,300566,激智科技,2026-06-18,2026-06-18,started,0,
2026-06-18 21:32:46,300560,中富通,2026-06-18,2026-06-18,updated,1,
2026-06-18 21:32:46,300567,精测电子,2026-06-18,2026-06-18,started,0,
2026-06-18 21:32:46,300568,星源材质,2026-06-18,2026-06-18,started,0,
2026-06-18 21:32:46,300561,汇金科技,2026-06-18,2026-06-18,updated,1,
2026-06-18 21:32:46,300569,天能重工,2026-06-18,2026-06-18,started,0,
2026-06-18 21:32:46,300562,乐心医疗,2026-06-18,2026-06-18,updated,1,
2026-06-18 21:32:46,300563,神宇股份,2026-06-18,2026-06-18,updated,1,
2026-06-18 21:32:46,300570,太辰光,2026-06-18,2026-06-18,started,0,
2026-06-18 21:32:46,300571,平治信息,2026-06-18,2026-06-18,started,0,
2026-06-18 21:32:46,300565,科信技术,2026-06-18,2026-06-18,updated,1,
2026-06-18 21:32:46,300564,筑博设计,2026-06-18,2026-06-18,updated,1,
2026-06-18 21:32:46,300572,安车检测,2026-06-18,2026-06-18,started,0,
2026-06-18 21:32:46,300566,激智科技,2026-06-18,2026-06-18,updated,1,
2026-06-18 21:32:46,300573,兴齐眼药,2026-06-18,2026-06-18,started,0,
2026-06-18 21:32:46,300568,星源材质,2026-06-18,2026-06-18,updated,1,
2026-06-18 21:32:46,300575,中旗股份,2026-06-18,2026-06-18,started,0,
2026-06-18 21:32:46,300567,精测电子,2026-06-18,2026-06-18,updated,1,
2026-06-18 21:32:46,300576,容大感光,2026-06-18,2026-06-18,started,0,
2026-06-18 21:32:46,300577,开润股份,2026-06-18,2026-06-18,started,0,
2026-06-18 21:32:47,300569,天能重工,2026-06-18,2026-06-18,updated,1,
2026-06-18 21:32:47,300578,会畅科技,2026-06-18,2026-06-18,started,0,
2026-06-18 21:32:47,300570,太辰光,2026-06-18,2026-06-18,updated,1,
2026-06-18 21:32:47,300579,数字认证,2026-06-18,2026-06-18,started,0,
2026-06-18 21:32:47,300571,平治信息,2026-06-18,2026-06-18,updated,1,
2026-06-18 21:32:47,300580,贝斯特,2026-06-18,2026-06-18,started,0,
2026-06-18 21:32:47,300573,兴齐眼药,2026-06-18,2026-06-18,updated,1,
2026-06-18 21:32:47,300572,安车检测,2026-06-18,2026-06-18,updated,1,
2026-06-18 21:32:47,300581,晨曦航空,2026-06-18,2026-06-18,started,0,
2026-06-18 21:32:47,300582,英飞特,2026-06-18,2026-06-18,started,0,
2026-06-18 21:32:47,300575,中旗股份,2026-06-18,2026-06-18,updated,1,
2026-06-18 21:32:47,300576,容大感光,2026-06-18,2026-06-18,updated,1,
2026-06-18 21:32:47,300583,赛托生物,2026-06-18,2026-06-18,started,0,
2026-06-18 21:32:47,300578,会畅科技,2026-06-18,2026-06-18,updated,1,
2026-06-18 21:32:47,300584,海辰药业,2026-06-18,2026-06-18,started,0,
2026-06-18 21:32:47,300585,奥联电子,2026-06-18,2026-06-18,started,0,
2026-06-18 21:32:47,300577,开润股份,2026-06-18,2026-06-18,updated,1,
2026-06-18 21:32:47,300579,数字认证,2026-06-18,2026-06-18,updated,1,
2026-06-18 21:32:47,300586,美联新材,2026-06-18,2026-06-18,started,0,
2026-06-18 21:32:47,300587,天铁科技,2026-06-18,2026-06-18,started,0,
2026-06-18 21:32:47,300580,贝斯特,2026-06-18,2026-06-18,updated,1,
2026-06-18 21:32:47,300581,晨曦航空,2026-06-18,2026-06-18,updated,1,
2026-06-18 21:32:47,300588,熙菱信息,2026-06-18,2026-06-18,started,0,
2026-06-18 21:32:47,300589,江龙船艇,2026-06-18,2026-06-18,started,0,
2026-06-18 21:32:47,300582,英飞特,2026-06-18,2026-06-18,updated,1,
2026-06-18 21:32:48,300590,移为通信,2026-06-18,2026-06-18,started,0,
2026-06-18 21:32:48,300583,赛托生物,2026-06-18,2026-06-18,updated,1,
2026-06-18 21:32:48,300591,万里马,2026-06-18,2026-06-18,started,0,
2026-06-18 21:32:48,300584,海辰药业,2026-06-18,2026-06-18,updated,1,
2026-06-18 21:32:48,300585,奥联电子,2026-06-18,2026-06-18,updated,1,
2026-06-18 21:32:48,300592,华凯易佰,2026-06-18,2026-06-18,started,0,
2026-06-18 21:32:48,300586,美联新材,2026-06-18,2026-06-18,updated,1,
2026-06-18 21:32:48,300593,新雷能,2026-06-18,2026-06-18,started,0,
2026-06-18 21:32:48,300594,ST朗进,2026-06-18,2026-06-18,started,0,
2026-06-18 21:32:48,300587,天铁科技,2026-06-18,2026-06-18,updated,1,
2026-06-18 21:32:48,300588,熙菱信息,2026-06-18,2026-06-18,updated,1,
2026-06-18 21:32:48,300595,欧普康视,2026-06-18,2026-06-18,started,0,
2026-06-18 21:32:48,300589,江龙船艇,2026-06-18,2026-06-18,updated,1,
2026-06-18 21:32:48,300596,利安隆,2026-06-18,2026-06-18,started,0,
2026-06-18 21:32:48,300590,移为通信,2026-06-18,2026-06-18,updated,1,
2026-06-18 21:32:48,300597,吉大通信,2026-06-18,2026-06-18,started,0,
2026-06-18 21:32:48,300598,诚迈科技,2026-06-18,2026-06-18,started,0,
2026-06-18 21:32:48,300591,万里马,2026-06-18,2026-06-18,updated,1,
2026-06-18 21:32:48,300592,华凯易佰,2026-06-18,2026-06-18,updated,1,
2026-06-18 21:32:48,300599,雄塑科技,2026-06-18,2026-06-18,started,0,
2026-06-18 21:32:48,300593,新雷能,2026-06-18,2026-06-18,updated,1,
2026-06-18 21:32:48,300600,国瑞科技,2026-06-18,2026-06-18,started,0,
2026-06-18 21:32:48,300601,康泰生物,2026-06-18,2026-06-18,started,0,
2026-06-18 21:32:48,300594,ST朗进,2026-06-18,2026-06-18,updated,1,
2026-06-18 21:32:48,300595,欧普康视,2026-06-18,2026-06-18,updated,1,
2026-06-18 21:32:48,300602,飞荣达,2026-06-18,2026-06-18,started,0,
2026-06-18 21:32:49,300596,利安隆,2026-06-18,2026-06-18,updated,1,
2026-06-18 21:32:49,300603,立昂技术,2026-06-18,2026-06-18,started,0,
2026-06-18 21:32:49,300604,长川科技,2026-06-18,2026-06-18,started,0,
2026-06-18 21:32:49,300597,吉大通信,2026-06-18,2026-06-18,updated,1,
2026-06-18 21:32:49,300598,诚迈科技,2026-06-18,2026-06-18,updated,1,
2026-06-18 21:32:49,300605,恒锋信息,2026-06-18,2026-06-18,started,0,
2026-06-18 21:32:49,300606,金太阳,2026-06-18,2026-06-18,started,0,
2026-06-18 21:32:49,300599,雄塑科技,2026-06-18,2026-06-18,updated,1,
2026-06-18 21:32:49,300600,国瑞科技,2026-06-18,2026-06-18,updated,1,
2026-06-18 21:32:49,300607,拓斯达,2026-06-18,2026-06-18,started,0,
2026-06-18 21:32:49,300608,思特奇,2026-06-18,2026-06-18,started,0,
2026-06-18 21:32:49,300601,康泰生物,2026-06-18,2026-06-18,updated,1,
2026-06-18 21:32:49,300602,飞荣达,2026-06-18,2026-06-18,updated,1,
2026-06-18 21:32:49,300609,汇纳科技,2026-06-18,2026-06-18,started,0,
2026-06-18 21:32:49,300603,立昂技术,2026-06-18,2026-06-18,updated,1,
2026-06-18 21:32:49,300610,晨化股份,2026-06-18,2026-06-18,started,0,
2026-06-18 21:32:49,300611,美力科技,2026-06-18,2026-06-18,started,0,
2026-06-18 21:32:49,300604,长川科技,2026-06-18,2026-06-18,updated,1,
2026-06-18 21:32:49,300605,恒锋信息,2026-06-18,2026-06-18,updated,1,
2026-06-18 21:32:49,300612,宣亚国际,2026-06-18,2026-06-18,started,0,
2026-06-18 21:32:49,300613,富瀚微,2026-06-18,2026-06-18,started,0,
2026-06-18 21:32:49,300606,金太阳,2026-06-18,2026-06-18,updated,1,
2026-06-18 21:32:49,300608,思特奇,2026-06-18,2026-06-18,updated,1,
2026-06-18 21:32:49,300614,百川畅银,2026-06-18,2026-06-18,started,0,
2026-06-18 21:32:50,300607,拓斯达,2026-06-18,2026-06-18,updated,1,
2026-06-18 21:32:50,300615,欣天科技,2026-06-18,2026-06-18,started,0,
2026-06-18 21:32:50,300616,尚品宅配,2026-06-18,2026-06-18,started,0,
2026-06-18 21:32:50,300609,汇纳科技,2026-06-18,2026-06-18,updated,1,
2026-06-18 21:32:50,300610,晨化股份,2026-06-18,2026-06-18,updated,1,
2026-06-18 21:32:50,300617,安靠智电,2026-06-18,2026-06-18,started,0,
2026-06-18 21:32:50,300618,寒锐钴业,2026-06-18,2026-06-18,started,0,
2026-06-18 21:32:50,300611,美力科技,2026-06-18,2026-06-18,updated,1,
2026-06-18 21:32:50,300612,宣亚国际,2026-06-18,2026-06-18,updated,1,
2026-06-18 21:32:50,300619,金银河,2026-06-18,2026-06-18,started,0,
2026-06-18 21:32:50,300613,富瀚微,2026-06-18,2026-06-18,updated,1,
2026-06-18 21:32:50,300620,光库科技,2026-06-18,2026-06-18,started,0,
2026-06-18 21:32:50,300614,百川畅银,2026-06-18,2026-06-18,updated,1,
2026-06-18 21:32:50,300621,维业股份,2026-06-18,2026-06-18,started,0,
2026-06-18 21:32:50,300615,欣天科技,2026-06-18,2026-06-18,updated,1,
2026-06-18 21:32:50,300622,博士眼镜,2026-06-18,2026-06-18,started,0,
2026-06-18 21:32:50,300623,捷捷微电,2026-06-18,2026-06-18,started,0,
2026-06-18 21:32:50,300616,尚品宅配,2026-06-18,2026-06-18,updated,1,
2026-06-18 21:32:50,300624,万兴科技,2026-06-18,2026-06-18,started,0,
2026-06-18 21:32:50,300617,安靠智电,2026-06-18,2026-06-18,updated,1,
2026-06-18 21:32:51,300618,寒锐钴业,2026-06-18,2026-06-18,updated,1,
2026-06-18 21:32:51,300625,三雄极光,2026-06-18,2026-06-18,started,0,
2026-06-18 21:32:51,300619,金银河,2026-06-18,2026-06-18,updated,1,
2026-06-18 21:32:51,300626,华瑞股份,2026-06-18,2026-06-18,started,0,
2026-06-18 21:32:51,300620,光库科技,2026-06-18,2026-06-18,updated,1,
2026-06-18 21:32:51,300627,华测导航,2026-06-18,2026-06-18,started,0,
2026-06-18 21:32:51,300621,维业股份,2026-06-18,2026-06-18,updated,1,
2026-06-18 21:32:51,300628,亿联网络,2026-06-18,2026-06-18,started,0,
2026-06-18 21:32:51,300629,新劲刚,2026-06-18,2026-06-18,started,0,
2026-06-18 21:32:51,300622,博士眼镜,2026-06-18,2026-06-18,updated,1,
2026-06-18 21:32:51,300623,捷捷微电,2026-06-18,2026-06-18,updated,1,
2026-06-18 21:32:51,300631,久吾高科,2026-06-18,2026-06-18,started,0,
2026-06-18 21:32:51,300632,光莆股份,2026-06-18,2026-06-18,started,0,
2026-06-18 21:32:51,300624,万兴科技,2026-06-18,2026-06-18,updated,1,
2026-06-18 21:32:51,300633,开立医疗,2026-06-18,2026-06-18,started,0,
2026-06-18 21:32:51,300625,三雄极光,2026-06-18,2026-06-18,updated,1,
2026-06-18 21:32:51,300626,华瑞股份,2026-06-18,2026-06-18,updated,1,
2026-06-18 21:32:51,300634,彩讯股份,2026-06-18,2026-06-18,started,0,
2026-06-18 21:32:52,300627,华测导航,2026-06-18,2026-06-18,updated,1,
2026-06-18 21:32:52,300635,中达安,2026-06-18,2026-06-18,started,0,
2026-06-18 21:32:52,300628,亿联网络,2026-06-18,2026-06-18,updated,1,
2026-06-18 21:32:52,300636,同和药业,2026-06-18,2026-06-18,started,0,
2026-06-18 21:32:52,300629,新劲刚,2026-06-18,2026-06-18,updated,1,
2026-06-18 21:32:52,300637,扬帆新材,2026-06-18,2026-06-18,started,0,
2026-06-18 21:32:52,300631,久吾高科,2026-06-18,2026-06-18,updated,1,
2026-06-18 21:32:52,300638,广和通,2026-06-18,2026-06-18,started,0,
2026-06-18 21:32:52,300639,凯普生物,2026-06-18,2026-06-18,started,0,
2026-06-18 21:32:52,300632,光莆股份,2026-06-18,2026-06-18,updated,1,
2026-06-18 21:32:52,300633,开立医疗,2026-06-18,2026-06-18,updated,1,
2026-06-18 21:32:52,300640,德艺文创,2026-06-18,2026-06-18,started,0,
2026-06-18 21:32:52,300634,彩讯股份,2026-06-18,2026-06-18,updated,1,
2026-06-18 21:32:52,300641,正丹股份,2026-06-18,2026-06-18,started,0,
2026-06-18 21:32:52,300642,透景生命,2026-06-18,2026-06-18,started,0,
2026-06-18 21:32:52,300636,同和药业,2026-06-18,2026-06-18,updated,1,
2026-06-18 21:32:52,300635,中达安,2026-06-18,2026-06-18,updated,1,
2026-06-18 21:32:52,300638,广和通,2026-06-18,2026-06-18,updated,1,
2026-06-18 21:32:52,300643,万通智控,2026-06-18,2026-06-18,started,0,
2026-06-18 21:32:53,300644,南京聚隆,2026-06-18,2026-06-18,started,0,
2026-06-18 21:32:53,300637,扬帆新材,2026-06-18,2026-06-18,updated,1,
2026-06-18 21:32:53,300645,正元智慧,2026-06-18,2026-06-18,started,0,
2026-06-18 21:32:53,300639,凯普生物,2026-06-18,2026-06-18,updated,1,
2026-06-18 21:32:53,300640,德艺文创,2026-06-18,2026-06-18,updated,1,
2026-06-18 21:32:53,300647,超频三,2026-06-18,2026-06-18,started,0,
2026-06-18 21:32:53,300648,星云股份,2026-06-18,2026-06-18,started,0,
2026-06-18 21:32:53,300649,杭州园林,2026-06-18,2026-06-18,started,0,
2026-06-18 21:32:53,300641,正丹股份,2026-06-18,2026-06-18,updated,1,
2026-06-18 21:32:53,300642,透景生命,2026-06-18,2026-06-18,updated,1,
2026-06-18 21:32:53,300650,太龙股份,2026-06-18,2026-06-18,started,0,
2026-06-18 21:32:53,300651,金陵体育,2026-06-18,2026-06-18,started,0,
2026-06-18 21:32:53,300644,南京聚隆,2026-06-18,2026-06-18,updated,1,
2026-06-18 21:32:53,300643,万通智控,2026-06-18,2026-06-18,updated,1,
2026-06-18 21:32:53,300652,雷迪克,2026-06-18,2026-06-18,started,0,
2026-06-18 21:32:53,300647,超频三,2026-06-18,2026-06-18,updated,1,
2026-06-18 21:32:54,300653,正海生物,2026-06-18,2026-06-18,started,0,
2026-06-18 21:32:54,300645,正元智慧,2026-06-18,2026-06-18,updated,1,
2026-06-18 21:32:54,300654,世纪天鸿,2026-06-18,2026-06-18,started,0,
2026-06-18 21:32:54,300655,晶瑞电材,2026-06-18,2026-06-18,started,0,
2026-06-18 21:32:54,300648,星云股份,2026-06-18,2026-06-18,updated,1,
2026-06-18 21:32:54,300656,民德电子,2026-06-18,2026-06-18,started,0,
2026-06-18 21:32:54,300649,杭州园林,2026-06-18,2026-06-18,updated,1,
2026-06-18 21:32:54,300650,太龙股份,2026-06-18,2026-06-18,updated,1,
2026-06-18 21:32:54,300657,弘信电子,2026-06-18,2026-06-18,started,0,
2026-06-18 21:32:54,300658,延江股份,2026-06-18,2026-06-18,started,0,
2026-06-18 21:32:54,300651,金陵体育,2026-06-18,2026-06-18,updated,1,
2026-06-18 21:32:54,300659,中孚信息,2026-06-18,2026-06-18,started,0,
2026-06-18 21:32:54,300653,正海生物,2026-06-18,2026-06-18,updated,1,
2026-06-18 21:32:54,300652,雷迪克,2026-06-18,2026-06-18,updated,1,
2026-06-18 21:32:54,300660,江苏雷利,2026-06-18,2026-06-18,started,0,
2026-06-18 21:32:54,300655,晶瑞电材,2026-06-18,2026-06-18,updated,1,
2026-06-18 21:32:54,300661,圣邦股份,2026-06-18,2026-06-18,started,0,
2026-06-18 21:32:54,300654,世纪天鸿,2026-06-18,2026-06-18,updated,1,
2026-06-18 21:32:54,300662,科锐国际,2026-06-18,2026-06-18,started,0,
2026-06-18 21:32:55,300663,科蓝软件,2026-06-18,2026-06-18,started,0,
2026-06-18 21:32:55,300656,民德电子,2026-06-18,2026-06-18,updated,1,
2026-06-18 21:32:55,300664,鹏鹞环保,2026-06-18,2026-06-18,started,0,
2026-06-18 21:32:55,300657,弘信电子,2026-06-18,2026-06-18,updated,1,
2026-06-18 21:32:55,300665,飞鹿股份,2026-06-18,2026-06-18,started,0,
2026-06-18 21:32:55,300658,延江股份,2026-06-18,2026-06-18,updated,1,
2026-06-18 21:32:55,300666,江丰电子,2026-06-18,2026-06-18,started,0,
2026-06-18 21:32:55,300659,中孚信息,2026-06-18,2026-06-18,updated,1,
2026-06-18 21:32:55,300660,江苏雷利,2026-06-18,2026-06-18,updated,1,
2026-06-18 21:32:55,300667,必创科技,2026-06-18,2026-06-18,started,0,
2026-06-18 21:32:55,300661,圣邦股份,2026-06-18,2026-06-18,updated,1,
2026-06-18 21:32:55,300668,杰恩股份,2026-06-18,2026-06-18,started,0,
2026-06-18 21:32:55,300662,科锐国际,2026-06-18,2026-06-18,updated,1,
2026-06-18 21:32:55,300669,沪宁股份,2026-06-18,2026-06-18,started,0,
2026-06-18 21:32:55,300663,科蓝软件,2026-06-18,2026-06-18,updated,1,
2026-06-18 21:32:55,300670,大烨智能,2026-06-18,2026-06-18,started,0,
2026-06-18 21:32:55,300664,鹏鹞环保,2026-06-18,2026-06-18,updated,1,
2026-06-18 21:32:55,300671,富满微,2026-06-18,2026-06-18,started,0,
2026-06-18 21:32:55,300665,飞鹿股份,2026-06-18,2026-06-18,updated,1,
2026-06-18 21:32:55,300672,国科微,2026-06-18,2026-06-18,started,0,
2026-06-18 21:32:56,300666,江丰电子,2026-06-18,2026-06-18,updated,1,
2026-06-18 21:32:56,300673,佩蒂股份,2026-06-18,2026-06-18,started,0,
2026-06-18 21:32:56,300674,宇信科技,2026-06-18,2026-06-18,started,0,
2026-06-18 21:32:56,300667,必创科技,2026-06-18,2026-06-18,updated,1,
2026-06-18 21:32:56,300675,建科院,2026-06-18,2026-06-18,started,0,
2026-06-18 21:32:56,300669,沪宁股份,2026-06-18,2026-06-18,updated,1,
2026-06-18 21:32:56,300668,杰恩股份,2026-06-18,2026-06-18,updated,1,
2026-06-18 21:32:56,300670,大烨智能,2026-06-18,2026-06-18,updated,1,
2026-06-18 21:32:56,300676,华大基因,2026-06-18,2026-06-18,started,0,
2026-06-18 21:32:56,300677,英科医疗,2026-06-18,2026-06-18,started,0,
2026-06-18 21:32:56,300671,富满微,2026-06-18,2026-06-18,updated,1,
2026-06-18 21:32:56,300678,中科信息,2026-06-18,2026-06-18,started,0,
2026-06-18 21:32:56,300672,国科微,2026-06-18,2026-06-18,updated,1,
2026-06-18 21:32:56,300673,佩蒂股份,2026-06-18,2026-06-18,updated,1,
2026-06-18 21:32:56,300679,电连技术,2026-06-18,2026-06-18,started,0,
2026-06-18 21:32:56,300680,隆盛科技,2026-06-18,2026-06-18,started,0,
2026-06-18 21:32:56,300674,宇信科技,2026-06-18,2026-06-18,updated,1,
2026-06-18 21:32:56,300681,英搏尔,2026-06-18,2026-06-18,started,0,
2026-06-18 21:32:56,300682,朗新科技,2026-06-18,2026-06-18,started,0,
2026-06-18 21:32:57,300675,建科院,2026-06-18,2026-06-18,updated,1,
2026-06-18 21:32:57,300683,海特生物,2026-06-18,2026-06-18,started,0,
2026-06-18 21:32:57,300678,中科信息,2026-06-18,2026-06-18,updated,1,
2026-06-18 21:32:57,300676,华大基因,2026-06-18,2026-06-18,updated,1,
2026-06-18 21:32:57,300677,英科医疗,2026-06-18,2026-06-18,updated,1,
2026-06-18 21:32:57,300680,隆盛科技,2026-06-18,2026-06-18,updated,1,
2026-06-18 21:32:57,300684,中石科技,2026-06-18,2026-06-18,started,0,
2026-06-18 21:32:57,300685,艾德生物,2026-06-18,2026-06-18,started,0,
2026-06-18 21:32:57,300679,电连技术,2026-06-18,2026-06-18,updated,1,
2026-06-18 21:32:57,300687,赛意信息,2026-06-18,2026-06-18,started,0,
2026-06-18 21:32:57,300686,智动力,2026-06-18,2026-06-18,started,0,
2026-06-18 21:32:57,300688,创业黑马,2026-06-18,2026-06-18,started,0,
2026-06-18 21:32:57,300681,英搏尔,2026-06-18,2026-06-18,updated,1,
2026-06-18 21:32:57,300689,澄天伟业,2026-06-18,2026-06-18,started,0,
2026-06-18 21:32:57,300682,朗新科技,2026-06-18,2026-06-18,updated,1,
2026-06-18 21:32:57,300683,海特生物,2026-06-18,2026-06-18,updated,1,
2026-06-18 21:32:57,300690,双一科技,2026-06-18,2026-06-18,started,0,
2026-06-18 21:32:57,300691,联合光电,2026-06-18,2026-06-18,started,0,
2026-06-18 21:32:58,300684,中石科技,2026-06-18,2026-06-18,updated,1,
2026-06-18 21:32:58,300687,赛意信息,2026-06-18,2026-06-18,updated,1,
2026-06-18 21:32:58,300685,艾德生物,2026-06-18,2026-06-18,updated,1,
2026-06-18 21:32:58,300692,中赋科技,2026-06-18,2026-06-18,started,0,
2026-06-18 21:32:58,300686,智动力,2026-06-18,2026-06-18,updated,1,
2026-06-18 21:32:58,300693,盛弘股份,2026-06-18,2026-06-18,started,0,
2026-06-18 21:32:58,300694,蠡湖股份,2026-06-18,2026-06-18,started,0,
2026-06-18 21:32:58,300688,创业黑马,2026-06-18,2026-06-18,updated,1,
2026-06-18 21:32:58,300695,兆丰股份,2026-06-18,2026-06-18,started,0,
2026-06-18 21:32:58,300689,澄天伟业,2026-06-18,2026-06-18,updated,1,
2026-06-18 21:32:58,300696,爱乐达,2026-06-18,2026-06-18,started,0,
2026-06-18 21:32:58,300690,双一科技,2026-06-18,2026-06-18,updated,1,
2026-06-18 21:32:58,300697,电工合金,2026-06-18,2026-06-18,started,0,
2026-06-18 21:32:58,300698,万马科技,2026-06-18,2026-06-18,started,0,
2026-06-18 21:32:58,300691,联合光电,2026-06-18,2026-06-18,updated,1,
2026-06-18 21:32:58,300699,光威复材,2026-06-18,2026-06-18,started,0,
2026-06-18 21:32:58,300692,中赋科技,2026-06-18,2026-06-18,updated,1,
2026-06-18 21:32:58,300700,岱勒新材,2026-06-18,2026-06-18,started,0,
2026-06-18 21:32:58,300693,盛弘股份,2026-06-18,2026-06-18,updated,1,
2026-06-18 21:32:58,300694,蠡湖股份,2026-06-18,2026-06-18,updated,1,
2026-06-18 21:32:59,300701,森霸传感,2026-06-18,2026-06-18,started,0,
2026-06-18 21:32:59,300695,兆丰股份,2026-06-18,2026-06-18,updated,1,
2026-06-18 21:32:59,300702,天宇股份,2026-06-18,2026-06-18,started,0,
2026-06-18 21:32:59,300696,爱乐达,2026-06-18,2026-06-18,updated,1,
2026-06-18 21:32:59,300703,创源股份,2026-06-18,2026-06-18,started,0,
2026-06-18 21:32:59,300697,电工合金,2026-06-18,2026-06-18,updated,1,
2026-06-18 21:32:59,300698,万马科技,2026-06-18,2026-06-18,updated,1,
2026-06-18 21:32:59,300705,九典制药,2026-06-18,2026-06-18,started,0,
2026-06-18 21:32:59,300706,阿石创,2026-06-18,2026-06-18,started,0,
2026-06-18 21:32:59,300707,威唐工业,2026-06-18,2026-06-18,started,0,
2026-06-18 21:32:59,300699,光威复材,2026-06-18,2026-06-18,updated,1,
2026-06-18 21:32:59,300700,岱勒新材,2026-06-18,2026-06-18,updated,1,
2026-06-18 21:32:59,300708,聚灿光电,2026-06-18,2026-06-18,started,0,
2026-06-18 21:32:59,300701,森霸传感,2026-06-18,2026-06-18,updated,1,
2026-06-18 21:32:59,300709,精研科技,2026-06-18,2026-06-18,started,0,
2026-06-18 21:32:59,300702,天宇股份,2026-06-18,2026-06-18,updated,1,
2026-06-18 21:32:59,300710,万隆光电,2026-06-18,2026-06-18,started,0,
2026-06-18 21:32:59,300705,九典制药,2026-06-18,2026-06-18,updated,1,
2026-06-18 21:32:59,300711,广哈通信,2026-06-18,2026-06-18,started,0,
2026-06-18 21:32:59,300706,阿石创,2026-06-18,2026-06-18,updated,1,
2026-06-18 21:32:59,300712,永福股份,2026-06-18,2026-06-18,started,0,
2026-06-18 21:33:00,300703,创源股份,2026-06-18,2026-06-18,updated,1,
2026-06-18 21:33:00,300713,英可瑞,2026-06-18,2026-06-18,started,0,
2026-06-18 21:33:00,300715,凯伦股份,2026-06-18,2026-06-18,started,0,
2026-06-18 21:33:00,300707,威唐工业,2026-06-18,2026-06-18,updated,1,
2026-06-18 21:33:00,300716,*ST泉为,2026-06-18,2026-06-18,started,0,
2026-06-18 21:33:00,300708,聚灿光电,2026-06-18,2026-06-18,updated,1,
2026-06-18 21:33:00,300717,华信新材,2026-06-18,2026-06-18,started,0,
2026-06-18 21:33:00,300709,精研科技,2026-06-18,2026-06-18,updated,1,
2026-06-18 21:33:00,300710,万隆光电,2026-06-18,2026-06-18,updated,1,
2026-06-18 21:33:00,300718,长盛轴承,2026-06-18,2026-06-18,started,0,
2026-06-18 21:33:00,300711,广哈通信,2026-06-18,2026-06-18,updated,1,
2026-06-18 21:33:00,300719,安达维尔,2026-06-18,2026-06-18,started,0,
2026-06-18 21:33:00,300712,永福股份,2026-06-18,2026-06-18,updated,1,
2026-06-18 21:33:00,300720,海川智能,2026-06-18,2026-06-18,started,0,
2026-06-18 21:33:00,300713,英可瑞,2026-06-18,2026-06-18,updated,1,
2026-06-18 21:33:00,300721,怡达股份,2026-06-18,2026-06-18,started,0,
2026-06-18 21:33:00,300715,凯伦股份,2026-06-18,2026-06-18,updated,1,
2026-06-18 21:33:00,300722,新余国科,2026-06-18,2026-06-18,started,0,
2026-06-18 21:33:00,300716,*ST泉为,2026-06-18,2026-06-18,updated,1,
2026-06-18 21:33:00,300723,一品红,2026-06-18,2026-06-18,started,0,
2026-06-18 21:33:00,300724,捷佳伟创,2026-06-18,2026-06-18,started,0,
2026-06-18 21:33:01,300717,华信新材,2026-06-18,2026-06-18,updated,1,
2026-06-18 21:33:01,300718,长盛轴承,2026-06-18,2026-06-18,updated,1,
2026-06-18 21:33:01,300725,药石科技,2026-06-18,2026-06-18,started,0,
2026-06-18 21:33:01,300719,安达维尔,2026-06-18,2026-06-18,updated,1,
2026-06-18 21:33:01,300726,宏达电子,2026-06-18,2026-06-18,started,0,
2026-06-18 21:33:01,300720,海川智能,2026-06-18,2026-06-18,updated,1,
2026-06-18 21:33:01,300727,润禾材料,2026-06-18,2026-06-18,started,0,
2026-06-18 21:33:01,300721,怡达股份,2026-06-18,2026-06-18,updated,1,
2026-06-18 21:33:01,300729,乐歌股份,2026-06-18,2026-06-18,started,0,
2026-06-18 21:33:01,300722,新余国科,2026-06-18,2026-06-18,updated,1,
2026-06-18 21:33:01,300730,科创信息,2026-06-18,2026-06-18,started,0,
2026-06-18 21:33:01,300723,一品红,2026-06-18,2026-06-18,updated,1,
2026-06-18 21:33:01,300731,科创新源,2026-06-18,2026-06-18,started,0,
2026-06-18 21:33:01,300732,设研院,2026-06-18,2026-06-18,started,0,
2026-06-18 21:33:01,300724,捷佳伟创,2026-06-18,2026-06-18,updated,1,
2026-06-18 21:33:01,300733,西菱动力,2026-06-18,2026-06-18,started,0,
2026-06-18 21:33:01,300725,药石科技,2026-06-18,2026-06-18,updated,1,
2026-06-18 21:33:01,300726,宏达电子,2026-06-18,2026-06-18,updated,1,
2026-06-18 21:33:01,300735,光弘科技,2026-06-18,2026-06-18,started,0,
2026-06-18 21:33:01,300727,润禾材料,2026-06-18,2026-06-18,updated,1,
2026-06-18 21:33:02,300736,百邦科技,2026-06-18,2026-06-18,started,0,
2026-06-18 21:33:02,300729,乐歌股份,2026-06-18,2026-06-18,updated,1,
2026-06-18 21:33:02,300737,科顺股份,2026-06-18,2026-06-18,started,0,
2026-06-18 21:33:02,300730,科创信息,2026-06-18,2026-06-18,updated,1,
2026-06-18 21:33:02,300731,科创新源,2026-06-18,2026-06-18,updated,1,
2026-06-18 21:33:02,300738,奥飞数据,2026-06-18,2026-06-18,started,0,
2026-06-18 21:33:02,300732,设研院,2026-06-18,2026-06-18,updated,1,
2026-06-18 21:33:02,300739,明阳电路,2026-06-18,2026-06-18,started,0,
2026-06-18 21:33:02,300740,水羊股份,2026-06-18,2026-06-18,started,0,
2026-06-18 21:33:02,300733,西菱动力,2026-06-18,2026-06-18,updated,1,
2026-06-18 21:33:02,300741,华宝股份,2026-06-18,2026-06-18,started,0,
2026-06-18 21:33:02,300743,天地数码,2026-06-18,2026-06-18,started,0,
2026-06-18 21:33:02,300736,百邦科技,2026-06-18,2026-06-18,updated,1,
2026-06-18 21:33:02,300745,欣锐科技,2026-06-18,2026-06-18,started,0,
2026-06-18 21:33:02,300735,光弘科技,2026-06-18,2026-06-18,updated,1,
2026-06-18 21:33:02,300737,科顺股份,2026-06-18,2026-06-18,updated,1,
2026-06-18 21:33:03,300746,汉嘉数智,2026-06-18,2026-06-18,started,0,
2026-06-18 21:33:03,300738,奥飞数据,2026-06-18,2026-06-18,updated,1,
2026-06-18 21:33:03,300747,锐科激光,2026-06-18,2026-06-18,started,0,
2026-06-18 21:33:03,300739,明阳电路,2026-06-18,2026-06-18,updated,1,
2026-06-18 21:33:03,300748,金力永磁,2026-06-18,2026-06-18,started,0,
2026-06-18 21:33:03,300749,顶固集创,2026-06-18,2026-06-18,started,0,
2026-06-18 21:33:03,300740,水羊股份,2026-06-18,2026-06-18,updated,1,
2026-06-18 21:33:03,300750,宁德时代,2026-06-18,2026-06-18,started,0,
2026-06-18 21:33:03,300741,华宝股份,2026-06-18,2026-06-18,updated,1,
2026-06-18 21:33:03,300743,天地数码,2026-06-18,2026-06-18,updated,1,
2026-06-18 21:33:03,300751,迈为股份,2026-06-18,2026-06-18,started,0,
2026-06-18 21:33:03,300745,欣锐科技,2026-06-18,2026-06-18,updated,1,
2026-06-18 21:33:03,300752,隆利科技,2026-06-18,2026-06-18,started,0,
2026-06-18 21:33:03,300746,汉嘉数智,2026-06-18,2026-06-18,updated,1,
2026-06-18 21:33:03,300753,爱朋医疗,2026-06-18,2026-06-18,started,0,
2026-06-18 21:33:03,300755,华致酒行,2026-06-18,2026-06-18,started,0,
2026-06-18 21:33:03,300747,锐科激光,2026-06-18,2026-06-18,updated,1,
2026-06-18 21:33:03,300749,顶固集创,2026-06-18,2026-06-18,updated,1,
2026-06-18 21:33:03,300756,金马游乐,2026-06-18,2026-06-18,started,0,
2026-06-18 21:33:03,300748,金力永磁,2026-06-18,2026-06-18,updated,1,
2026-06-18 21:33:03,300757,罗博特科,2026-06-18,2026-06-18,started,0,
2026-06-18 21:33:03,300758,七彩化学,2026-06-18,2026-06-18,started,0,
2026-06-18 21:33:04,300750,宁德时代,2026-06-18,2026-06-18,updated,1,
2026-06-18 21:33:04,300751,迈为股份,2026-06-18,2026-06-18,updated,1,
2026-06-18 21:33:04,300759,康龙化成,2026-06-18,2026-06-18,started,0,
2026-06-18 21:33:04,300753,爱朋医疗,2026-06-18,2026-06-18,updated,1,
2026-06-18 21:33:04,300760,迈瑞医疗,2026-06-18,2026-06-18,started,0,
2026-06-18 21:33:04,300761,立华股份,2026-06-18,2026-06-18,started,0,
2026-06-18 21:33:04,300752,隆利科技,2026-06-18,2026-06-18,updated,1,
2026-06-18 21:33:04,300755,华致酒行,2026-06-18,2026-06-18,updated,1,
2026-06-18 21:33:04,300757,罗博特科,2026-06-18,2026-06-18,updated,1,
2026-06-18 21:33:04,300762,上海瀚讯,2026-06-18,2026-06-18,started,0,
2026-06-18 21:33:04,300763,锦浪科技,2026-06-18,2026-06-18,started,0,
2026-06-18 21:33:04,300765,新诺威,2026-06-18,2026-06-18,started,0,
2026-06-18 21:33:04,300756,金马游乐,2026-06-18,2026-06-18,updated,1,
2026-06-18 21:33:04,300766,每日互动,2026-06-18,2026-06-18,started,0,
2026-06-18 21:33:04,300758,七彩化学,2026-06-18,2026-06-18,updated,1,
2026-06-18 21:33:04,300759,康龙化成,2026-06-18,2026-06-18,updated,1,
2026-06-18 21:33:04,300767,震安科技,2026-06-18,2026-06-18,started,0,
2026-06-18 21:33:04,300768,迪普科技,2026-06-18,2026-06-18,started,0,
2026-06-18 21:33:04,300760,迈瑞医疗,2026-06-18,2026-06-18,updated,1,
2026-06-18 21:33:04,300761,立华股份,2026-06-18,2026-06-18,updated,1,
2026-06-18 21:33:04,300763,锦浪科技,2026-06-18,2026-06-18,updated,1,
2026-06-18 21:33:04,300769,德方纳米,2026-06-18,2026-06-18,started,0,
2026-06-18 21:33:05,300762,上海瀚讯,2026-06-18,2026-06-18,updated,1,
2026-06-18 21:33:05,300770,新媒股份,2026-06-18,2026-06-18,started,0,
2026-06-18 21:33:05,300771,智莱科技,2026-06-18,2026-06-18,started,0,
2026-06-18 21:33:05,300765,新诺威,2026-06-18,2026-06-18,updated,1,
2026-06-18 21:33:05,300772,运达股份,2026-06-18,2026-06-18,started,0,
2026-06-18 21:33:05,300766,每日互动,2026-06-18,2026-06-18,updated,1,
2026-06-18 21:33:05,300774,倍杰特,2026-06-18,2026-06-18,started,0,
2026-06-18 21:33:05,300773,拉卡拉,2026-06-18,2026-06-18,started,0,
2026-06-18 21:33:05,300767,震安科技,2026-06-18,2026-06-18,updated,1,
2026-06-18 21:33:05,300768,迪普科技,2026-06-18,2026-06-18,updated,1,
2026-06-18 21:33:05,300775,三角防务,2026-06-18,2026-06-18,started,0,
2026-06-18 21:33:05,300776,帝尔激光,2026-06-18,2026-06-18,started,0,
2026-06-18 21:33:05,300769,德方纳米,2026-06-18,2026-06-18,updated,1,
2026-06-18 21:33:05,300777,中简科技,2026-06-18,2026-06-18,started,0,
2026-06-18 21:33:05,300770,新媒股份,2026-06-18,2026-06-18,updated,1,
2026-06-18 21:33:05,300778,新城市,2026-06-18,2026-06-18,started,0,
2026-06-18 21:33:05,300772,运达股份,2026-06-18,2026-06-18,updated,1,
2026-06-18 21:33:05,300773,拉卡拉,2026-06-18,2026-06-18,updated,1,
2026-06-18 21:33:05,300779,惠城环保,2026-06-18,2026-06-18,started,0,
2026-06-18 21:33:05,300780,德恩精工,2026-06-18,2026-06-18,started,0,
2026-06-18 21:33:05,300771,智莱科技,2026-06-18,2026-06-18,updated,1,
2026-06-18 21:33:05,300774,倍杰特,2026-06-18,2026-06-18,updated,1,
2026-06-18 21:33:05,300781,因赛集团,2026-06-18,2026-06-18,started,0,
2026-06-18 21:33:06,300776,帝尔激光,2026-06-18,2026-06-18,updated,1,
2026-06-18 21:33:06,300782,卓胜微,2026-06-18,2026-06-18,started,0,
2026-06-18 21:33:06,300777,中简科技,2026-06-18,2026-06-18,updated,1,
2026-06-18 21:33:06,300783,三只松鼠,2026-06-18,2026-06-18,started,0,
2026-06-18 21:33:06,300784,利安科技,2026-06-18,2026-06-18,started,0,
2026-06-18 21:33:06,300775,三角防务,2026-06-18,2026-06-18,updated,1,
2026-06-18 21:33:06,300778,新城市,2026-06-18,2026-06-18,updated,1,
2026-06-18 21:33:06,300785,值得买,2026-06-18,2026-06-18,started,0,
2026-06-18 21:33:06,300780,德恩精工,2026-06-18,2026-06-18,updated,1,
2026-06-18 21:33:06,300786,国林科技,2026-06-18,2026-06-18,started,0,
2026-06-18 21:33:06,300787,海能实业,2026-06-18,2026-06-18,started,0,
2026-06-18 21:33:06,300779,惠城环保,2026-06-18,2026-06-18,updated,1,
2026-06-18 21:33:06,300781,因赛集团,2026-06-18,2026-06-18,updated,1,
2026-06-18 21:33:06,300788,中信出版,2026-06-18,2026-06-18,started,0,
2026-06-18 21:33:06,300782,卓胜微,2026-06-18,2026-06-18,updated,1,
2026-06-18 21:33:06,300789,唐源电气,2026-06-18,2026-06-18,started,0,
2026-06-18 21:33:06,300790,宇瞳光学,2026-06-18,2026-06-18,started,0,
2026-06-18 21:33:06,300784,利安科技,2026-06-18,2026-06-18,updated,1,
2026-06-18 21:33:06,300791,仙乐健康,2026-06-18,2026-06-18,started,0,
2026-06-18 21:33:06,300783,三只松鼠,2026-06-18,2026-06-18,updated,1,
2026-06-18 21:33:06,300792,壹网壹创,2026-06-18,2026-06-18,started,0,
2026-06-18 21:33:06,300785,值得买,2026-06-18,2026-06-18,updated,1,
2026-06-18 21:33:06,300787,海能实业,2026-06-18,2026-06-18,updated,1,
2026-06-18 21:33:06,300793,佳禾智能,2026-06-18,2026-06-18,started,0,
2026-06-18 21:33:07,300786,国林科技,2026-06-18,2026-06-18,updated,1,
2026-06-18 21:33:07,300795,米奥会展,2026-06-18,2026-06-18,started,0,
2026-06-18 21:33:07,300788,中信出版,2026-06-18,2026-06-18,updated,1,
2026-06-18 21:33:07,300796,贝斯美,2026-06-18,2026-06-18,started,0,
2026-06-18 21:33:07,300789,唐源电气,2026-06-18,2026-06-18,updated,1,
2026-06-18 21:33:07,300797,钢研纳克,2026-06-18,2026-06-18,started,0,
2026-06-18 21:33:07,300798,锦鸡股份,2026-06-18,2026-06-18,started,0,
2026-06-18 21:33:07,300790,宇瞳光学,2026-06-18,2026-06-18,updated,1,
2026-06-18 21:33:07,300791,仙乐健康,2026-06-18,2026-06-18,updated,1,
2026-06-18 21:33:07,300800,力合科技,2026-06-18,2026-06-18,started,0,
2026-06-18 21:33:07,300801,泰和科技,2026-06-18,2026-06-18,started,0,
2026-06-18 21:33:07,300792,壹网壹创,2026-06-18,2026-06-18,updated,1,
2026-06-18 21:33:07,300793,佳禾智能,2026-06-18,2026-06-18,updated,1,
2026-06-18 21:33:07,300802,矩子科技,2026-06-18,2026-06-18,started,0,
2026-06-18 21:33:07,300795,米奥会展,2026-06-18,2026-06-18,updated,1,
2026-06-18 21:33:07,300803,指南针,2026-06-18,2026-06-18,started,0,
2026-06-18 21:33:07,300804,广康生化,2026-06-18,2026-06-18,started,0,
2026-06-18 21:33:07,300796,贝斯美,2026-06-18,2026-06-18,updated,1,
2026-06-18 21:33:07,300797,钢研纳克,2026-06-18,2026-06-18,updated,1,
2026-06-18 21:33:07,300805,电声股份,2026-06-18,2026-06-18,started,0,
2026-06-18 21:33:07,300798,锦鸡股份,2026-06-18,2026-06-18,updated,1,
2026-06-18 21:33:07,300806,斯迪克,2026-06-18,2026-06-18,started,0,
2026-06-18 21:33:07,300807,天迈科技,2026-06-18,2026-06-18,started,0,
2026-06-18 21:33:07,300800,力合科技,2026-06-18,2026-06-18,updated,1,
2026-06-18 21:33:08,300801,泰和科技,2026-06-18,2026-06-18,updated,1,
2026-06-18 21:33:08,300808,久量股份,2026-06-18,2026-06-18,started,0,
2026-06-18 21:33:08,300802,矩子科技,2026-06-18,2026-06-18,updated,1,
2026-06-18 21:33:08,300809,华辰装备,2026-06-18,2026-06-18,started,0,
2026-06-18 21:33:08,300810,中科海讯,2026-06-18,2026-06-18,started,0,
2026-06-18 21:33:08,300803,指南针,2026-06-18,2026-06-18,updated,1,
2026-06-18 21:33:08,300811,铂科新材,2026-06-18,2026-06-18,started,0,
2026-06-18 21:33:08,300804,广康生化,2026-06-18,2026-06-18,updated,1,
2026-06-18 21:33:08,300812,易天股份,2026-06-18,2026-06-18,started,0,
2026-06-18 21:33:08,300805,电声股份,2026-06-18,2026-06-18,updated,1,
2026-06-18 21:33:08,300806,斯迪克,2026-06-18,2026-06-18,updated,1,
2026-06-18 21:33:08,300813,泰林生物,2026-06-18,2026-06-18,started,0,
2026-06-18 21:33:08,300808,久量股份,2026-06-18,2026-06-18,updated,1,
2026-06-18 21:33:08,300814,中富电路,2026-06-18,2026-06-18,started,0,
2026-06-18 21:33:08,300807,天迈科技,2026-06-18,2026-06-18,updated,1,
2026-06-18 21:33:08,300815,玉禾田,2026-06-18,2026-06-18,started,0,
2026-06-18 21:33:08,300809,华辰装备,2026-06-18,2026-06-18,updated,1,
2026-06-18 21:33:08,300816,艾可蓝,2026-06-18,2026-06-18,started,0,
2026-06-18 21:33:08,300810,中科海讯,2026-06-18,2026-06-18,updated,1,
2026-06-18 21:33:08,300817,双飞集团,2026-06-18,2026-06-18,started,0,
2026-06-18 21:33:08,300818,耐普矿机,2026-06-18,2026-06-18,started,0,
2026-06-18 21:33:08,300811,铂科新材,2026-06-18,2026-06-18,updated,1,
2026-06-18 21:33:08,300819,聚杰微纤,2026-06-18,2026-06-18,started,0,
2026-06-18 21:33:08,300812,易天股份,2026-06-18,2026-06-18,updated,1,
2026-06-18 21:33:09,300813,泰林生物,2026-06-18,2026-06-18,updated,1,
2026-06-18 21:33:09,300820,英杰电气,2026-06-18,2026-06-18,started,0,
2026-06-18 21:33:09,300814,中富电路,2026-06-18,2026-06-18,updated,1,
2026-06-18 21:33:09,300821,东岳硅材,2026-06-18,2026-06-18,started,0,
2026-06-18 21:33:09,300822,贝仕达克,2026-06-18,2026-06-18,started,0,
2026-06-18 21:33:09,300815,玉禾田,2026-06-18,2026-06-18,updated,1,
2026-06-18 21:33:09,300816,艾可蓝,2026-06-18,2026-06-18,updated,1,
2026-06-18 21:33:09,300823,建科智能,2026-06-18,2026-06-18,started,0,
2026-06-18 21:33:09,300824,北鼎股份,2026-06-18,2026-06-18,started,0,
2026-06-18 21:33:09,300817,双飞集团,2026-06-18,2026-06-18,updated,1,
2026-06-18 21:33:09,300818,耐普矿机,2026-06-18,2026-06-18,updated,1,
2026-06-18 21:33:09,300825,阿尔特,2026-06-18,2026-06-18,started,0,
2026-06-18 21:33:09,300819,聚杰微纤,2026-06-18,2026-06-18,updated,1,
2026-06-18 21:33:09,300826,测绘股份,2026-06-18,2026-06-18,started,0,
2026-06-18 21:33:09,300827,上能电气,2026-06-18,2026-06-18,started,0,
2026-06-18 21:33:09,300820,英杰电气,2026-06-18,2026-06-18,updated,1,
2026-06-18 21:33:09,300828,锐新科技,2026-06-18,2026-06-18,started,0,
2026-06-18 21:33:09,300821,东岳硅材,2026-06-18,2026-06-18,updated,1,
2026-06-18 21:33:09,300829,金丹科技,2026-06-18,2026-06-18,started,0,
2026-06-18 21:33:09,300825,阿尔特,2026-06-18,2026-06-18,updated,1,
2026-06-18 21:33:09,300823,建科智能,2026-06-18,2026-06-18,updated,1,
2026-06-18 21:33:09,300830,金现代,2026-06-18,2026-06-18,started,0,
2026-06-18 21:33:09,300822,贝仕达克,2026-06-18,2026-06-18,updated,1,
2026-06-18 21:33:09,300831,ST派瑞,2026-06-18,2026-06-18,started,0,
2026-06-18 21:33:10,300832,新产业,2026-06-18,2026-06-18,started,0,
2026-06-18 21:33:10,300824,北鼎股份,2026-06-18,2026-06-18,updated,1,
2026-06-18 21:33:10,300826,测绘股份,2026-06-18,2026-06-18,updated,1,
2026-06-18 21:33:10,300833,浩洋股份,2026-06-18,2026-06-18,started,0,
2026-06-18 21:33:10,300834,星辉环材,2026-06-18,2026-06-18,started,0,
2026-06-18 21:33:10,300827,上能电气,2026-06-18,2026-06-18,updated,1,
2026-06-18 21:33:10,300835,龙磁科技,2026-06-18,2026-06-18,started,0,
2026-06-18 21:33:10,300828,锐新科技,2026-06-18,2026-06-18,updated,1,
2026-06-18 21:33:10,300836,佰奥智能,2026-06-18,2026-06-18,started,0,
2026-06-18 21:33:10,300829,金丹科技,2026-06-18,2026-06-18,updated,1,
2026-06-18 21:33:10,300837,浙矿股份,2026-06-18,2026-06-18,started,0,
2026-06-18 21:33:10,300831,ST派瑞,2026-06-18,2026-06-18,updated,1,
2026-06-18 21:33:10,300838,浙江力诺,2026-06-18,2026-06-18,started,0,
2026-06-18 21:33:10,300830,金现代,2026-06-18,2026-06-18,updated,1,
2026-06-18 21:33:10,300839,博汇股份,2026-06-18,2026-06-18,started,0,
2026-06-18 21:33:10,300832,新产业,2026-06-18,2026-06-18,updated,1,
2026-06-18 21:33:10,300840,酷特智能,2026-06-18,2026-06-18,started,0,
2026-06-18 21:33:10,300834,星辉环材,2026-06-18,2026-06-18,updated,1,
2026-06-18 21:33:10,300841,康华生物,2026-06-18,2026-06-18,started,0,
2026-06-18 21:33:10,300839,博汇股份,2026-06-18,2026-06-18,updated,1,
2026-06-18 21:33:10,300835,龙磁科技,2026-06-18,2026-06-18,updated,1,
2026-06-18 21:33:10,300842,帝科股份,2026-06-18,2026-06-18,started,0,
2026-06-18 21:33:10,300843,胜蓝股份,2026-06-18,2026-06-18,started,0,
2026-06-18 21:33:10,300833,浩洋股份,2026-06-18,2026-06-18,updated,1,
2026-06-18 21:33:11,300844,山水比德,2026-06-18,2026-06-18,started,0,
2026-06-18 21:33:11,300840,酷特智能,2026-06-18,2026-06-18,updated,1,
2026-06-18 21:33:11,300845,捷安高科,2026-06-18,2026-06-18,started,0,
2026-06-18 21:33:11,300836,佰奥智能,2026-06-18,2026-06-18,updated,1,
2026-06-18 21:33:11,300846,首都在线,2026-06-18,2026-06-18,started,0,
2026-06-18 21:33:11,300837,浙矿股份,2026-06-18,2026-06-18,updated,1,
2026-06-18 21:33:11,300841,康华生物,2026-06-18,2026-06-18,updated,1,
2026-06-18 21:33:11,300847,中船汉光,2026-06-18,2026-06-18,started,0,
2026-06-18 21:33:11,300848,美瑞新材,2026-06-18,2026-06-18,started,0,
2026-06-18 21:33:11,300838,浙江力诺,2026-06-18,2026-06-18,updated,1,
2026-06-18 21:33:11,300849,锦盛新材,2026-06-18,2026-06-18,started,0,
2026-06-18 21:33:11,300842,帝科股份,2026-06-18,2026-06-18,updated,1,
2026-06-18 21:33:11,300843,胜蓝股份,2026-06-18,2026-06-18,updated,1,
2026-06-18 21:33:11,300850,新强联,2026-06-18,2026-06-18,started,0,
2026-06-18 21:33:11,300851,交大思诺,2026-06-18,2026-06-18,started,0,
2026-06-18 21:33:11,300844,山水比德,2026-06-18,2026-06-18,updated,1,
2026-06-18 21:33:11,300845,捷安高科,2026-06-18,2026-06-18,updated,1,
2026-06-18 21:33:11,300852,四会富仕,2026-06-18,2026-06-18,started,0,
2026-06-18 21:33:11,300846,首都在线,2026-06-18,2026-06-18,updated,1,
2026-06-18 21:33:11,300853,申昊科技,2026-06-18,2026-06-18,started,0,
2026-06-18 21:33:11,300847,中船汉光,2026-06-18,2026-06-18,updated,1,
2026-06-18 21:33:11,300854,中兰环保,2026-06-18,2026-06-18,started,0,
2026-06-18 21:33:11,300848,美瑞新材,2026-06-18,2026-06-18,updated,1,
2026-06-18 21:33:11,300855,图南股份,2026-06-18,2026-06-18,started,0,
2026-06-18 21:33:11,300850,新强联,2026-06-18,2026-06-18,updated,1,
2026-06-18 21:33:11,300856,科思股份,2026-06-18,2026-06-18,started,0,
2026-06-18 21:33:12,300857,协创数据,2026-06-18,2026-06-18,started,0,
2026-06-18 21:33:12,300849,锦盛新材,2026-06-18,2026-06-18,updated,1,
2026-06-18 21:33:12,300851,交大思诺,2026-06-18,2026-06-18,updated,1,
2026-06-18 21:33:12,300858,科拓生物,2026-06-18,2026-06-18,started,0,
2026-06-18 21:33:12,300859,西域旅游,2026-06-18,2026-06-18,started,0,
2026-06-18 21:33:12,300852,四会富仕,2026-06-18,2026-06-18,updated,1,
2026-06-18 21:33:12,300853,申昊科技,2026-06-18,2026-06-18,updated,1,
2026-06-18 21:33:12,300860,锋尚文化,2026-06-18,2026-06-18,started,0,
2026-06-18 21:33:12,300854,中兰环保,2026-06-18,2026-06-18,updated,1,
2026-06-18 21:33:12,300861,美畅股份,2026-06-18,2026-06-18,started,0,
2026-06-18 21:33:12,300855,图南股份,2026-06-18,2026-06-18,updated,1,
2026-06-18 21:33:12,300862,蓝盾光电,2026-06-18,2026-06-18,started,0,
2026-06-18 21:33:12,300863,卡倍亿,2026-06-18,2026-06-18,started,0,
2026-06-18 21:33:12,300856,科思股份,2026-06-18,2026-06-18,updated,1,
2026-06-18 21:33:12,300857,协创数据,2026-06-18,2026-06-18,updated,1,
2026-06-18 21:33:12,300864,南大环境,2026-06-18,2026-06-18,started,0,
2026-06-18 21:33:12,300865,大宏立,2026-06-18,2026-06-18,started,0,
2026-06-18 21:33:12,300858,科拓生物,2026-06-18,2026-06-18,updated,1,
2026-06-18 21:33:12,300866,安克创新,2026-06-18,2026-06-18,started,0,
2026-06-18 21:33:12,300859,西域旅游,2026-06-18,2026-06-18,updated,1,
2026-06-18 21:33:12,300860,锋尚文化,2026-06-18,2026-06-18,updated,1,
2026-06-18 21:33:12,300867,圣元环保,2026-06-18,2026-06-18,started,0,
2026-06-18 21:33:12,300868,杰美特,2026-06-18,2026-06-18,started,0,
2026-06-18 21:33:12,300861,美畅股份,2026-06-18,2026-06-18,updated,1,
2026-06-18 21:33:13,300862,蓝盾光电,2026-06-18,2026-06-18,updated,1,
2026-06-18 21:33:13,300869,康泰医学,2026-06-18,2026-06-18,started,0,
2026-06-18 21:33:13,300870,欧陆通,2026-06-18,2026-06-18,started,0,
2026-06-18 21:33:13,300863,卡倍亿,2026-06-18,2026-06-18,updated,1,
2026-06-18 21:33:13,300865,大宏立,2026-06-18,2026-06-18,updated,1,
2026-06-18 21:33:13,300871,回盛生物,2026-06-18,2026-06-18,started,0,
2026-06-18 21:33:13,300864,南大环境,2026-06-18,2026-06-18,updated,1,
2026-06-18 21:33:13,300872,天阳科技,2026-06-18,2026-06-18,started,0,
2026-06-18 21:33:13,300866,安克创新,2026-06-18,2026-06-18,updated,1,
2026-06-18 21:33:13,300873,海晨股份,2026-06-18,2026-06-18,started,0,
2026-06-18 21:33:13,300875,捷强装备,2026-06-18,2026-06-18,started,0,
2026-06-18 21:33:13,300867,圣元环保,2026-06-18,2026-06-18,updated,1,
2026-06-18 21:33:13,300876,蒙泰高新,2026-06-18,2026-06-18,started,0,
2026-06-18 21:33:13,300868,杰美特,2026-06-18,2026-06-18,updated,1,
2026-06-18 21:33:13,300877,金春股份,2026-06-18,2026-06-18,started,0,
2026-06-18 21:33:13,300869,康泰医学,2026-06-18,2026-06-18,updated,1,
2026-06-18 21:33:13,300878,维康药业,2026-06-18,2026-06-18,started,0,
2026-06-18 21:33:13,300870,欧陆通,2026-06-18,2026-06-18,updated,1,
2026-06-18 21:33:13,300871,回盛生物,2026-06-18,2026-06-18,updated,1,
2026-06-18 21:33:13,300879,大叶股份,2026-06-18,2026-06-18,started,0,
2026-06-18 21:33:13,300872,天阳科技,2026-06-18,2026-06-18,updated,1,
2026-06-18 21:33:13,300880,迦南智能,2026-06-18,2026-06-18,started,0,
2026-06-18 21:33:13,300873,海晨股份,2026-06-18,2026-06-18,updated,1,
2026-06-18 21:33:13,300881,盛德鑫泰,2026-06-18,2026-06-18,started,0,
2026-06-18 21:33:13,300882,万胜智能,2026-06-18,2026-06-18,started,0,
2026-06-18 21:33:13,300875,捷强装备,2026-06-18,2026-06-18,updated,1,
2026-06-18 21:33:14,300876,蒙泰高新,2026-06-18,2026-06-18,updated,1,
2026-06-18 21:33:14,300883,龙利得,2026-06-18,2026-06-18,started,0,
2026-06-18 21:33:14,300884,狄耐克,2026-06-18,2026-06-18,started,0,
2026-06-18 21:33:14,300877,金春股份,2026-06-18,2026-06-18,updated,1,
2026-06-18 21:33:14,300885,海昌新材,2026-06-18,2026-06-18,started,0,
2026-06-18 21:33:14,300878,维康药业,2026-06-18,2026-06-18,updated,1,
2026-06-18 21:33:14,300880,迦南智能,2026-06-18,2026-06-18,updated,1,
2026-06-18 21:33:14,300886,华业香料,2026-06-18,2026-06-18,started,0,
2026-06-18 21:33:14,300879,大叶股份,2026-06-18,2026-06-18,updated,1,
2026-06-18 21:33:14,300887,谱尼测试,2026-06-18,2026-06-18,started,0,
2026-06-18 21:33:14,300888,稳健医疗,2026-06-18,2026-06-18,started,0,
2026-06-18 21:33:14,300881,盛德鑫泰,2026-06-18,2026-06-18,updated,1,
2026-06-18 21:33:14,300889,爱克股份,2026-06-18,2026-06-18,started,0,
2026-06-18 21:33:14,300882,万胜智能,2026-06-18,2026-06-18,updated,1,
2026-06-18 21:33:14,300890,翔丰华,2026-06-18,2026-06-18,started,0,
2026-06-18 21:33:14,300883,龙利得,2026-06-18,2026-06-18,updated,1,
2026-06-18 21:33:14,300891,惠云钛业,2026-06-18,2026-06-18,started,0,
2026-06-18 21:33:14,300884,狄耐克,2026-06-18,2026-06-18,updated,1,
2026-06-18 21:33:14,300892,品渥食品,2026-06-18,2026-06-18,started,0,
2026-06-18 21:33:14,300885,海昌新材,2026-06-18,2026-06-18,updated,1,
2026-06-18 21:33:14,300893,松原安全,2026-06-18,2026-06-18,started,0,
2026-06-18 21:33:14,300887,谱尼测试,2026-06-18,2026-06-18,updated,1,
2026-06-18 21:33:14,300886,华业香料,2026-06-18,2026-06-18,updated,1,
2026-06-18 21:33:14,300894,火星人,2026-06-18,2026-06-18,started,0,
2026-06-18 21:33:14,300888,稳健医疗,2026-06-18,2026-06-18,updated,1,
2026-06-18 21:33:15,300895,铜牛信息,2026-06-18,2026-06-18,started,0,
2026-06-18 21:33:15,300889,爱克股份,2026-06-18,2026-06-18,updated,1,
2026-06-18 21:33:15,300896,爱美客,2026-06-18,2026-06-18,started,0,
2026-06-18 21:33:15,300897,山科智能,2026-06-18,2026-06-18,started,0,
2026-06-18 21:33:15,300890,翔丰华,2026-06-18,2026-06-18,updated,1,
2026-06-18 21:33:15,300898,熊猫乳品,2026-06-18,2026-06-18,started,0,
2026-06-18 21:33:15,300891,惠云钛业,2026-06-18,2026-06-18,updated,1,
2026-06-18 21:33:15,300899,上海凯鑫,2026-06-18,2026-06-18,started,0,
2026-06-18 21:33:15,300892,品渥食品,2026-06-18,2026-06-18,updated,1,
2026-06-18 21:33:15,300900,广联航空,2026-06-18,2026-06-18,started,0,
2026-06-18 21:33:15,300893,松原安全,2026-06-18,2026-06-18,updated,1,
2026-06-18 21:33:15,300901,中胤时尚,2026-06-18,2026-06-18,started,0,
2026-06-18 21:33:15,300894,火星人,2026-06-18,2026-06-18,updated,1,
2026-06-18 21:33:15,300895,铜牛信息,2026-06-18,2026-06-18,updated,1,
2026-06-18 21:33:15,300902,国安达,2026-06-18,2026-06-18,started,0,
2026-06-18 21:33:15,300903,科翔股份,2026-06-18,2026-06-18,started,0,
2026-06-18 21:33:15,300896,爱美客,2026-06-18,2026-06-18,updated,1,
2026-06-18 21:33:15,300904,威力传动,2026-06-18,2026-06-18,started,0,
2026-06-18 21:33:15,300897,山科智能,2026-06-18,2026-06-18,updated,1,
2026-06-18 21:33:15,300905,宝丽迪,2026-06-18,2026-06-18,started,0,
2026-06-18 21:33:15,300898,熊猫乳品,2026-06-18,2026-06-18,updated,1,
2026-06-18 21:33:15,300906,日月明,2026-06-18,2026-06-18,started,0,
2026-06-18 21:33:15,300899,上海凯鑫,2026-06-18,2026-06-18,updated,1,
2026-06-18 21:33:15,300907,康平科技,2026-06-18,2026-06-18,started,0,
2026-06-18 21:33:15,300900,广联航空,2026-06-18,2026-06-18,updated,1,
2026-06-18 21:33:15,300901,中胤时尚,2026-06-18,2026-06-18,updated,1,
2026-06-18 21:33:15,300908,仲景食品,2026-06-18,2026-06-18,started,0,
2026-06-18 21:33:15,300903,科翔股份,2026-06-18,2026-06-18,updated,1,
2026-06-18 21:33:16,300909,汇创达,2026-06-18,2026-06-18,started,0,
2026-06-18 21:33:16,300910,瑞丰新材,2026-06-18,2026-06-18,started,0,
2026-06-18 21:33:16,300902,国安达,2026-06-18,2026-06-18,updated,1,
2026-06-18 21:33:16,300911,亿田智能,2026-06-18,2026-06-18,started,0,
2026-06-18 21:33:16,300904,威力传动,2026-06-18,2026-06-18,updated,1,
2026-06-18 21:33:16,300912,凯龙高科,2026-06-18,2026-06-18,started,0,
2026-06-18 21:33:16,300905,宝丽迪,2026-06-18,2026-06-18,updated,1,
2026-06-18 21:33:16,300913,兆龙互连,2026-06-18,2026-06-18,started,0,
2026-06-18 21:33:16,300906,日月明,2026-06-18,2026-06-18,updated,1,
2026-06-18 21:33:16,300907,康平科技,2026-06-18,2026-06-18,updated,1,
2026-06-18 21:33:16,300915,海融科技,2026-06-18,2026-06-18,started,0,
2026-06-18 21:33:16,300916,朗特智能,2026-06-18,2026-06-18,started,0,
2026-06-18 21:33:16,300908,仲景食品,2026-06-18,2026-06-18,updated,1,
2026-06-18 21:33:16,300909,汇创达,2026-06-18,2026-06-18,updated,1,
2026-06-18 21:33:16,300917,特发服务,2026-06-18,2026-06-18,started,0,
2026-06-18 21:33:16,300910,瑞丰新材,2026-06-18,2026-06-18,updated,1,
2026-06-18 21:33:16,300918,南山智尚,2026-06-18,2026-06-18,started,0,
2026-06-18 21:33:16,300919,中伟新材,2026-06-18,2026-06-18,started,0,
2026-06-18 21:33:16,300911,亿田智能,2026-06-18,2026-06-18,updated,1,
2026-06-18 21:33:16,300920,润阳科技,2026-06-18,2026-06-18,started,0,
2026-06-18 21:33:16,300912,凯龙高科,2026-06-18,2026-06-18,updated,1,
2026-06-18 21:33:16,300921,南凌科技,2026-06-18,2026-06-18,started,0,
2026-06-18 21:33:16,300913,兆龙互连,2026-06-18,2026-06-18,updated,1,
2026-06-18 21:33:16,300915,海融科技,2026-06-18,2026-06-18,updated,1,
2026-06-18 21:33:16,300922,天秦装备,2026-06-18,2026-06-18,started,0,
2026-06-18 21:33:16,300923,研奥股份,2026-06-18,2026-06-18,started,0,
2026-06-18 21:33:16,300916,朗特智能,2026-06-18,2026-06-18,updated,1,
2026-06-18 21:33:17,300917,特发服务,2026-06-18,2026-06-18,updated,1,
2026-06-18 21:33:17,300918,南山智尚,2026-06-18,2026-06-18,updated,1,
2026-06-18 21:33:17,300925,法本信息,2026-06-18,2026-06-18,started,0,
2026-06-18 21:33:17,300926,博俊科技,2026-06-18,2026-06-18,started,0,
2026-06-18 21:33:17,300919,中伟新材,2026-06-18,2026-06-18,updated,1,
2026-06-18 21:33:17,300927,江天化学,2026-06-18,2026-06-18,started,0,
2026-06-18 21:33:17,300920,润阳科技,2026-06-18,2026-06-18,updated,1,
2026-06-18 21:33:17,300928,华安鑫创,2026-06-18,2026-06-18,started,0,
2026-06-18 21:33:17,300921,南凌科技,2026-06-18,2026-06-18,updated,1,
2026-06-18 21:33:17,300929,华骐环保,2026-06-18,2026-06-18,started,0,
2026-06-18 21:33:17,300930,屹通新材,2026-06-18,2026-06-18,started,0,
2026-06-18 21:33:17,300922,天秦装备,2026-06-18,2026-06-18,updated,1,
2026-06-18 21:33:17,300931,通用电梯,2026-06-18,2026-06-18,started,0,
2026-06-18 21:33:17,300923,研奥股份,2026-06-18,2026-06-18,updated,1,
2026-06-18 21:33:17,300932,三友联众,2026-06-18,2026-06-18,started,0,
2026-06-18 21:33:17,300926,博俊科技,2026-06-18,2026-06-18,updated,1,
2026-06-18 21:33:17,300925,法本信息,2026-06-18,2026-06-18,updated,1,
2026-06-18 21:33:17,300933,中辰股份,2026-06-18,2026-06-18,started,0,
2026-06-18 21:33:17,300928,华安鑫创,2026-06-18,2026-06-18,updated,1,
2026-06-18 21:33:17,300935,盈建科,2026-06-18,2026-06-18,started,0,
2026-06-18 21:33:17,300927,江天化学,2026-06-18,2026-06-18,updated,1,
2026-06-18 21:33:17,300936,中英科技,2026-06-18,2026-06-18,started,0,
2026-06-18 21:33:17,300937,药易购,2026-06-18,2026-06-18,started,0,
2026-06-18 21:33:17,300929,华骐环保,2026-06-18,2026-06-18,updated,1,
2026-06-18 21:33:17,300938,信测标准,2026-06-18,2026-06-18,started,0,
2026-06-18 21:33:17,300930,屹通新材,2026-06-18,2026-06-18,updated,1,
2026-06-18 21:33:18,300939,秋田微,2026-06-18,2026-06-18,started,0,
2026-06-18 21:33:18,300931,通用电梯,2026-06-18,2026-06-18,updated,1,
2026-06-18 21:33:18,300932,三友联众,2026-06-18,2026-06-18,updated,1,
2026-06-18 21:33:18,300940,南极光,2026-06-18,2026-06-18,started,0,
2026-06-18 21:33:18,300933,中辰股份,2026-06-18,2026-06-18,updated,1,
2026-06-18 21:33:18,300941,创识科技,2026-06-18,2026-06-18,started,0,
2026-06-18 21:33:18,300935,盈建科,2026-06-18,2026-06-18,updated,1,
2026-06-18 21:33:18,300942,易瑞生物,2026-06-18,2026-06-18,started,0,
2026-06-18 21:33:18,300943,春晖智控,2026-06-18,2026-06-18,started,0,
2026-06-18 21:33:18,300936,中英科技,2026-06-18,2026-06-18,updated,1,
2026-06-18 21:33:18,300945,曼卡龙,2026-06-18,2026-06-18,started,0,
2026-06-18 21:33:18,300937,药易购,2026-06-18,2026-06-18,updated,1,
2026-06-18 21:33:18,300946,恒而达,2026-06-18,2026-06-18,started,0,
2026-06-18 21:33:18,300938,信测标准,2026-06-18,2026-06-18,updated,1,
2026-06-18 21:33:18,300940,南极光,2026-06-18,2026-06-18,updated,1,
2026-06-18 21:33:18,300947,德必集团,2026-06-18,2026-06-18,started,0,
2026-06-18 21:33:18,300948,冠中生态,2026-06-18,2026-06-18,started,0,
2026-06-18 21:33:18,300939,秋田微,2026-06-18,2026-06-18,updated,1,
2026-06-18 21:33:18,300941,创识科技,2026-06-18,2026-06-18,updated,1,
2026-06-18 21:33:18,300949,奥雅股份,2026-06-18,2026-06-18,started,0,
2026-06-18 21:33:18,300950,德固特,2026-06-18,2026-06-18,started,0,
2026-06-18 21:33:18,300942,易瑞生物,2026-06-18,2026-06-18,updated,1,
2026-06-18 21:33:18,300943,春晖智控,2026-06-18,2026-06-18,updated,1,
2026-06-18 21:33:18,300951,博硕科技,2026-06-18,2026-06-18,started,0,
2026-06-18 21:33:18,300952,恒辉安防,2026-06-18,2026-06-18,started,0,
2026-06-18 21:33:18,300945,曼卡龙,2026-06-18,2026-06-18,updated,1,
2026-06-18 21:33:18,300953,震裕科技,2026-06-18,2026-06-18,started,0,
2026-06-18 21:33:18,300946,恒而达,2026-06-18,2026-06-18,updated,1,
2026-06-18 21:33:19,300955,嘉亨家化,2026-06-18,2026-06-18,started,0,
2026-06-18 21:33:19,300947,德必集团,2026-06-18,2026-06-18,updated,1,
2026-06-18 21:33:19,300956,英力股份,2026-06-18,2026-06-18,started,0,
2026-06-18 21:33:19,300948,冠中生态,2026-06-18,2026-06-18,updated,1,
2026-06-18 21:33:19,300949,奥雅股份,2026-06-18,2026-06-18,updated,1,
2026-06-18 21:33:19,300957,贝泰妮,2026-06-18,2026-06-18,started,0,
2026-06-18 21:33:19,300950,德固特,2026-06-18,2026-06-18,updated,1,
2026-06-18 21:33:19,300959,线上线下,2026-06-18,2026-06-18,started,0,
2026-06-18 21:33:19,300958,建工修复,2026-06-18,2026-06-18,started,0,
2026-06-18 21:33:19,300951,博硕科技,2026-06-18,2026-06-18,updated,1,
2026-06-18 21:33:19,300960,通业科技,2026-06-18,2026-06-18,started,0,
2026-06-18 21:33:19,300952,恒辉安防,2026-06-18,2026-06-18,updated,1,
2026-06-18 21:33:19,300961,深水海纳,2026-06-18,2026-06-18,started,0,
2026-06-18 21:33:19,300953,震裕科技,2026-06-18,2026-06-18,updated,1,
2026-06-18 21:33:19,300955,嘉亨家化,2026-06-18,2026-06-18,updated,1,
2026-06-18 21:33:19,300962,中金辐照,2026-06-18,2026-06-18,started,0,
2026-06-18 21:33:19,300963,中洲特材,2026-06-18,2026-06-18,started,0,
2026-06-18 21:33:19,300956,英力股份,2026-06-18,2026-06-18,updated,1,
2026-06-18 21:33:19,300964,本川智能,2026-06-18,2026-06-18,started,0,
2026-06-18 21:33:19,300957,贝泰妮,2026-06-18,2026-06-18,updated,1,
2026-06-18 21:33:19,300958,建工修复,2026-06-18,2026-06-18,updated,1,
2026-06-18 21:33:19,300965,恒宇信通,2026-06-18,2026-06-18,started,0,
2026-06-18 21:33:19,300966,共同药业,2026-06-18,2026-06-18,started,0,
2026-06-18 21:33:19,300959,线上线下,2026-06-18,2026-06-18,updated,1,
2026-06-18 21:33:19,300967,晓鸣股份,2026-06-18,2026-06-18,started,0,
2026-06-18 21:33:19,300960,通业科技,2026-06-18,2026-06-18,updated,1,
2026-06-18 21:33:20,300968,格林精密,2026-06-18,2026-06-18,started,0,
2026-06-18 21:33:20,300961,深水海纳,2026-06-18,2026-06-18,updated,1,
2026-06-18 21:33:20,300969,恒帅股份,2026-06-18,2026-06-18,started,0,
2026-06-18 21:33:20,300962,中金辐照,2026-06-18,2026-06-18,updated,1,
2026-06-18 21:33:20,300970,华绿生物,2026-06-18,2026-06-18,started,0,
2026-06-18 21:33:20,300963,中洲特材,2026-06-18,2026-06-18,updated,1,
2026-06-18 21:33:20,300964,本川智能,2026-06-18,2026-06-18,updated,1,
2026-06-18 21:33:20,300972,万辰集团,2026-06-18,2026-06-18,started,0,
2026-06-18 21:33:20,300971,博亚精工,2026-06-18,2026-06-18,started,0,
2026-06-18 21:33:20,300965,恒宇信通,2026-06-18,2026-06-18,updated,1,
2026-06-18 21:33:20,300966,共同药业,2026-06-18,2026-06-18,updated,1,
2026-06-18 21:33:20,300973,立高食品,2026-06-18,2026-06-18,started,0,
2026-06-18 21:33:20,300975,商络电子,2026-06-18,2026-06-18,started,0,
2026-06-18 21:33:20,300967,晓鸣股份,2026-06-18,2026-06-18,updated,1,
2026-06-18 21:33:20,300968,格林精密,2026-06-18,2026-06-18,updated,1,
2026-06-18 21:33:20,300976,达瑞电子,2026-06-18,2026-06-18,started,0,
2026-06-18 21:33:20,300977,深圳瑞捷,2026-06-18,2026-06-18,started,0,
2026-06-18 21:33:20,300969,恒帅股份,2026-06-18,2026-06-18,updated,1,
2026-06-18 21:33:20,300978,东箭科技,2026-06-18,2026-06-18,started,0,
2026-06-18 21:33:20,300970,华绿生物,2026-06-18,2026-06-18,updated,1,
2026-06-18 21:33:20,300972,万辰集团,2026-06-18,2026-06-18,updated,1,
2026-06-18 21:33:20,300979,华利集团,2026-06-18,2026-06-18,started,0,
2026-06-18 21:33:20,300980,祥源新材,2026-06-18,2026-06-18,started,0,
2026-06-18 21:33:20,300971,博亚精工,2026-06-18,2026-06-18,updated,1,
2026-06-18 21:33:20,300973,立高食品,2026-06-18,2026-06-18,updated,1,
2026-06-18 21:33:20,300981,中红医疗,2026-06-18,2026-06-18,started,0,
2026-06-18 21:33:20,300975,商络电子,2026-06-18,2026-06-18,updated,1,
2026-06-18 21:33:21,300982,苏文电能,2026-06-18,2026-06-18,started,0,
2026-06-18 21:33:21,300983,尤安设计,2026-06-18,2026-06-18,started,0,
2026-06-18 21:33:21,300976,达瑞电子,2026-06-18,2026-06-18,updated,1,
2026-06-18 21:33:21,300984,金沃股份,2026-06-18,2026-06-18,started,0,
2026-06-18 21:33:21,300977,深圳瑞捷,2026-06-18,2026-06-18,updated,1,
2026-06-18 21:33:21,300978,东箭科技,2026-06-18,2026-06-18,updated,1,
2026-06-18 21:33:21,300980,祥源新材,2026-06-18,2026-06-18,updated,1,
2026-06-18 21:33:21,300985,致远新能,2026-06-18,2026-06-18,started,0,
2026-06-18 21:33:21,300986,志特新材,2026-06-18,2026-06-18,started,0,
2026-06-18 21:33:21,300987,川网传媒,2026-06-18,2026-06-18,started,0,
2026-06-18 21:33:21,300979,华利集团,2026-06-18,2026-06-18,updated,1,
2026-06-18 21:33:21,300981,中红医疗,2026-06-18,2026-06-18,updated,1,
2026-06-18 21:33:21,300988,津荣天宇,2026-06-18,2026-06-18,started,0,
2026-06-18 21:33:21,300982,苏文电能,2026-06-18,2026-06-18,updated,1,
2026-06-18 21:33:21,300989,蕾奥规划,2026-06-18,2026-06-18,started,0,
2026-06-18 21:33:21,300983,尤安设计,2026-06-18,2026-06-18,updated,1,
2026-06-18 21:33:21,300990,同飞股份,2026-06-18,2026-06-18,started,0,
2026-06-18 21:33:21,300991,创益通,2026-06-18,2026-06-18,started,0,
2026-06-18 21:33:21,300984,金沃股份,2026-06-18,2026-06-18,updated,1,
2026-06-18 21:33:21,300992,泰福泵业,2026-06-18,2026-06-18,started,0,
2026-06-18 21:33:21,300985,致远新能,2026-06-18,2026-06-18,updated,1,
2026-06-18 21:33:21,300993,玉马科技,2026-06-18,2026-06-18,started,0,
2026-06-18 21:33:21,300986,志特新材,2026-06-18,2026-06-18,updated,1,
2026-06-18 21:33:21,300994,久祺股份,2026-06-18,2026-06-18,started,0,
2026-06-18 21:33:21,300987,川网传媒,2026-06-18,2026-06-18,updated,1,
2026-06-18 21:33:21,300995,奇德新材,2026-06-18,2026-06-18,started,0,
2026-06-18 21:33:21,300989,蕾奥规划,2026-06-18,2026-06-18,updated,1,
2026-06-18 21:33:22,300988,津荣天宇,2026-06-18,2026-06-18,updated,1,
2026-06-18 21:33:22,300992,泰福泵业,2026-06-18,2026-06-18,updated,1,
2026-06-18 21:33:22,300996,普联软件,2026-06-18,2026-06-18,started,0,
2026-06-18 21:33:22,300997,欢乐家,2026-06-18,2026-06-18,started,0,
2026-06-18 21:33:22,300991,创益通,2026-06-18,2026-06-18,updated,1,
2026-06-18 21:33:22,300998,宁波方正,2026-06-18,2026-06-18,started,0,
2026-06-18 21:33:22,300990,同飞股份,2026-06-18,2026-06-18,updated,1,
2026-06-18 21:33:22,300999,金龙鱼,2026-06-18,2026-06-18,started,0,
2026-06-18 21:33:22,301000,肇民科技,2026-06-18,2026-06-18,started,0,
2026-06-18 21:33:22,300993,玉马科技,2026-06-18,2026-06-18,updated,1,
2026-06-18 21:33:22,301001,凯淳股份,2026-06-18,2026-06-18,started,0,
2026-06-18 21:33:22,300994,久祺股份,2026-06-18,2026-06-18,updated,1,
2026-06-18 21:33:22,301002,崧盛股份,2026-06-18,2026-06-18,started,0,
2026-06-18 21:33:22,300995,奇德新材,2026-06-18,2026-06-18,updated,1,
2026-06-18 21:33:22,301003,江苏博云,2026-06-18,2026-06-18,started,0,
2026-06-18 21:33:22,300996,普联软件,2026-06-18,2026-06-18,updated,1,
2026-06-18 21:33:22,300997,欢乐家,2026-06-18,2026-06-18,updated,1,
2026-06-18 21:33:22,301004,嘉益股份,2026-06-18,2026-06-18,started,0,
2026-06-18 21:33:22,301005,超捷股份,2026-06-18,2026-06-18,started,0,
2026-06-18 21:33:22,300998,宁波方正,2026-06-18,2026-06-18,updated,1,
2026-06-18 21:33:22,301006,迈拓股份,2026-06-18,2026-06-18,started,0,
2026-06-18 21:33:22,300999,金龙鱼,2026-06-18,2026-06-18,updated,1,
2026-06-18 21:33:22,301007,德迈仕,2026-06-18,2026-06-18,started,0,
2026-06-18 21:33:22,301001,凯淳股份,2026-06-18,2026-06-18,updated,1,
2026-06-18 21:33:22,301008,宏昌科技,2026-06-18,2026-06-18,started,0,
2026-06-18 21:33:22,301002,崧盛股份,2026-06-18,2026-06-18,updated,1,
2026-06-18 21:33:22,301009,可靠股份,2026-06-18,2026-06-18,started,0,
2026-06-18 21:33:22,301003,江苏博云,2026-06-18,2026-06-18,updated,1,
2026-06-18 21:33:22,301010,晶雪节能,2026-06-18,2026-06-18,started,0,
2026-06-18 21:33:23,301004,嘉益股份,2026-06-18,2026-06-18,updated,1,
2026-06-18 21:33:23,301011,华立科技,2026-06-18,2026-06-18,started,0,
2026-06-18 21:33:23,301005,超捷股份,2026-06-18,2026-06-18,updated,1,
2026-06-18 21:33:23,301006,迈拓股份,2026-06-18,2026-06-18,updated,1,
2026-06-18 21:33:23,301012,扬电科技,2026-06-18,2026-06-18,started,0,
2026-06-18 21:33:23,301013,利和兴,2026-06-18,2026-06-18,started,0,
2026-06-18 21:33:23,301007,德迈仕,2026-06-18,2026-06-18,updated,1,
2026-06-18 21:33:23,301015,百洋医药,2026-06-18,2026-06-18,started,0,
2026-06-18 21:33:23,301008,宏昌科技,2026-06-18,2026-06-18,updated,1,
2026-06-18 21:33:23,301009,可靠股份,2026-06-18,2026-06-18,updated,1,
2026-06-18 21:33:23,301017,漱玉平民,2026-06-18,2026-06-18,started,0,
2026-06-18 21:33:23,301016,雷尔伟,2026-06-18,2026-06-18,started,0,
2026-06-18 21:33:23,301010,晶雪节能,2026-06-18,2026-06-18,updated,1,
2026-06-18 21:33:23,301018,申菱环境,2026-06-18,2026-06-18,started,0,
2026-06-18 21:33:23,301011,华立科技,2026-06-18,2026-06-18,updated,1,
2026-06-18 21:33:23,301012,扬电科技,2026-06-18,2026-06-18,updated,1,
2026-06-18 21:33:23,301019,宁波色母,2026-06-18,2026-06-18,started,0,
2026-06-18 21:33:23,301013,利和兴,2026-06-18,2026-06-18,updated,1,
2026-06-18 21:33:23,301020,密封科技,2026-06-18,2026-06-18,started,0,
2026-06-18 21:33:23,301021,英诺激光,2026-06-18,2026-06-18,started,0,
2026-06-18 21:33:23,301015,百洋医药,2026-06-18,2026-06-18,updated,1,
2026-06-18 21:33:24,301017,漱玉平民,2026-06-18,2026-06-18,updated,1,
2026-06-18 21:33:24,301016,雷尔伟,2026-06-18,2026-06-18,updated,1,
2026-06-18 21:33:24,301022,海泰科,2026-06-18,2026-06-18,started,0,
2026-06-18 21:33:24,301023,奕帆传动,2026-06-18,2026-06-18,started,0,
2026-06-18 21:33:24,301024,霍普股份,2026-06-18,2026-06-18,started,0,
2026-06-18 21:33:24,301018,申菱环境,2026-06-18,2026-06-18,updated,1,
2026-06-18 21:33:24,301000,肇民科技,2026-06-18,2026-06-18,updated,1,
2026-06-18 21:33:24,301025,读客文化,2026-06-18,2026-06-18,started,0,
2026-06-18 21:33:24,301026,浩通科技,2026-06-18,2026-06-18,started,0,
2026-06-18 21:33:24,301020,密封科技,2026-06-18,2026-06-18,updated,1,
2026-06-18 21:33:24,301027,华蓝集团,2026-06-18,2026-06-18,started,0,
2026-06-18 21:33:24,301019,宁波色母,2026-06-18,2026-06-18,updated,1,
2026-06-18 21:33:24,301028,鼎熔岩,2026-06-18,2026-06-18,started,0,
2026-06-18 21:33:24,301021,英诺激光,2026-06-18,2026-06-18,updated,1,
2026-06-18 21:33:24,301029,怡合达,2026-06-18,2026-06-18,started,0,
2026-06-18 21:33:24,301022,海泰科,2026-06-18,2026-06-18,updated,1,
2026-06-18 21:33:24,301030,*ST仕净,2026-06-18,2026-06-18,started,0,
2026-06-18 21:33:24,301023,奕帆传动,2026-06-18,2026-06-18,updated,1,
2026-06-18 21:33:24,301031,中熔电气,2026-06-18,2026-06-18,started,0,
2026-06-18 21:33:24,301024,霍普股份,2026-06-18,2026-06-18,updated,1,
2026-06-18 21:33:24,301025,读客文化,2026-06-18,2026-06-18,updated,1,
2026-06-18 21:33:24,301032,新柴股份,2026-06-18,2026-06-18,started,0,
2026-06-18 21:33:24,301026,浩通科技,2026-06-18,2026-06-18,updated,1,
2026-06-18 21:33:25,301033,迈普医学,2026-06-18,2026-06-18,started,0,
2026-06-18 21:33:25,301035,润丰股份,2026-06-18,2026-06-18,started,0,
2026-06-18 21:33:25,301027,华蓝集团,2026-06-18,2026-06-18,updated,1,
2026-06-18 21:33:25,301036,双乐股份,2026-06-18,2026-06-18,started,0,
2026-06-18 21:33:25,301028,鼎熔岩,2026-06-18,2026-06-18,updated,1,
2026-06-18 21:33:25,301037,保立佳,2026-06-18,2026-06-18,started,0,
2026-06-18 21:33:25,301029,怡合达,2026-06-18,2026-06-18,updated,1,
2026-06-18 21:33:25,301030,*ST仕净,2026-06-18,2026-06-18,updated,1,
2026-06-18 21:33:25,301039,中集车辆,2026-06-18,2026-06-18,started,0,
2026-06-18 21:33:25,301038,深水规院,2026-06-18,2026-06-18,started,0,
2026-06-18 21:33:25,301031,中熔电气,2026-06-18,2026-06-18,updated,1,
2026-06-18 21:33:25,301032,新柴股份,2026-06-18,2026-06-18,updated,1,
2026-06-18 21:33:25,301040,中环海陆,2026-06-18,2026-06-18,started,0,
2026-06-18 21:33:25,301035,润丰股份,2026-06-18,2026-06-18,updated,1,
2026-06-18 21:33:25,301041,金百泽,2026-06-18,2026-06-18,started,0,
2026-06-18 21:33:25,301033,迈普医学,2026-06-18,2026-06-18,updated,1,
2026-06-18 21:33:25,301042,安联锐视,2026-06-18,2026-06-18,started,0,
2026-06-18 21:33:25,301043,绿岛风,2026-06-18,2026-06-18,started,0,
2026-06-18 21:33:25,301036,双乐股份,2026-06-18,2026-06-18,updated,1,
2026-06-18 21:33:25,301045,天禄科技,2026-06-18,2026-06-18,started,0,
2026-06-18 21:33:25,301037,保立佳,2026-06-18,2026-06-18,updated,1,
2026-06-18 21:33:25,301046,能辉科技,2026-06-18,2026-06-18,started,0,
2026-06-18 21:33:25,301039,中集车辆,2026-06-18,2026-06-18,updated,1,
2026-06-18 21:33:25,301047,义翘神州,2026-06-18,2026-06-18,started,0,
2026-06-18 21:33:25,301038,深水规院,2026-06-18,2026-06-18,updated,1,
2026-06-18 21:33:25,301048,金鹰重工,2026-06-18,2026-06-18,started,0,
2026-06-18 21:33:25,301040,中环海陆,2026-06-18,2026-06-18,updated,1,
2026-06-18 21:33:26,301049,超越科技,2026-06-18,2026-06-18,started,0,
2026-06-18 21:33:26,301041,金百泽,2026-06-18,2026-06-18,updated,1,
2026-06-18 21:33:26,301042,安联锐视,2026-06-18,2026-06-18,updated,1,
2026-06-18 21:33:26,301050,雷电微力,2026-06-18,2026-06-18,started,0,
2026-06-18 21:33:26,301043,绿岛风,2026-06-18,2026-06-18,updated,1,
2026-06-18 21:33:26,301051,信濠光电,2026-06-18,2026-06-18,started,0,
2026-06-18 21:33:26,301045,天禄科技,2026-06-18,2026-06-18,updated,1,
2026-06-18 21:33:26,301052,果麦文化,2026-06-18,2026-06-18,started,0,
2026-06-18 21:33:26,301053,远信工业,2026-06-18,2026-06-18,started,0,
2026-06-18 21:33:26,301046,能辉科技,2026-06-18,2026-06-18,updated,1,
2026-06-18 21:33:26,301055,张小泉,2026-06-18,2026-06-18,started,0,
2026-06-18 21:33:26,301047,义翘神州,2026-06-18,2026-06-18,updated,1,
2026-06-18 21:33:26,301048,金鹰重工,2026-06-18,2026-06-18,updated,1,
2026-06-18 21:33:26,301056,森赫股份,2026-06-18,2026-06-18,started,0,
2026-06-18 21:33:26,301049,超越科技,2026-06-18,2026-06-18,updated,1,
2026-06-18 21:33:26,301057,汇隆新材,2026-06-18,2026-06-18,started,0,
2026-06-18 21:33:26,301050,雷电微力,2026-06-18,2026-06-18,updated,1,
2026-06-18 21:33:26,301058,中粮科工,2026-06-18,2026-06-18,started,0,
2026-06-18 21:33:26,301051,信濠光电,2026-06-18,2026-06-18,updated,1,
2026-06-18 21:33:26,301059,金三江,2026-06-18,2026-06-18,started,0,
2026-06-18 21:33:26,301052,果麦文化,2026-06-18,2026-06-18,updated,1,
2026-06-18 21:33:26,301060,兰卫医学,2026-06-18,2026-06-18,started,0,
2026-06-18 21:33:26,301061,匠心家居,2026-06-18,2026-06-18,started,0,
2026-06-18 21:33:26,301053,远信工业,2026-06-18,2026-06-18,updated,1,
2026-06-18 21:33:26,301062,上海艾录,2026-06-18,2026-06-18,started,0,
2026-06-18 21:33:26,301055,张小泉,2026-06-18,2026-06-18,updated,1,
2026-06-18 21:33:26,301063,海锅股份,2026-06-18,2026-06-18,started,0,
2026-06-18 21:33:27,301056,森赫股份,2026-06-18,2026-06-18,updated,1,
2026-06-18 21:33:27,301065,本立科技,2026-06-18,2026-06-18,started,0,
2026-06-18 21:33:27,301057,汇隆新材,2026-06-18,2026-06-18,updated,1,
2026-06-18 21:33:27,301066,万事利,2026-06-18,2026-06-18,started,0,
2026-06-18 21:33:27,301058,中粮科工,2026-06-18,2026-06-18,updated,1,
2026-06-18 21:33:27,301059,金三江,2026-06-18,2026-06-18,updated,1,
2026-06-18 21:33:27,301060,兰卫医学,2026-06-18,2026-06-18,updated,1,
2026-06-18 21:33:27,301067,显盈科技,2026-06-18,2026-06-18,started,0,
2026-06-18 21:33:27,301068,大地海洋,2026-06-18,2026-06-18,started,0,
2026-06-18 21:33:27,301061,匠心家居,2026-06-18,2026-06-18,updated,1,
2026-06-18 21:33:27,301069,凯盛新材,2026-06-18,2026-06-18,started,0,
2026-06-18 21:33:27,301062,上海艾录,2026-06-18,2026-06-18,updated,1,
2026-06-18 21:33:27,301070,开勒股份,2026-06-18,2026-06-18,started,0,
2026-06-18 21:33:27,301071,力量钻石,2026-06-18,2026-06-18,started,0,
2026-06-18 21:33:27,301063,海锅股份,2026-06-18,2026-06-18,updated,1,
2026-06-18 21:33:27,301072,中捷精工,2026-06-18,2026-06-18,started,0,
2026-06-18 21:33:27,301065,本立科技,2026-06-18,2026-06-18,updated,1,
2026-06-18 21:33:27,301066,万事利,2026-06-18,2026-06-18,updated,1,
2026-06-18 21:33:27,301073,君亭酒店,2026-06-18,2026-06-18,started,0,
2026-06-18 21:33:27,301067,显盈科技,2026-06-18,2026-06-18,updated,1,
2026-06-18 21:33:27,301075,多瑞医药,2026-06-18,2026-06-18,started,0,
2026-06-18 21:33:27,301068,大地海洋,2026-06-18,2026-06-18,updated,1,
2026-06-18 21:33:27,301076,新瀚新材,2026-06-18,2026-06-18,started,0,
2026-06-18 21:33:27,301069,凯盛新材,2026-06-18,2026-06-18,updated,1,
2026-06-18 21:33:27,301077,星华新材,2026-06-18,2026-06-18,started,0,
2026-06-18 21:33:28,301078,孩子王,2026-06-18,2026-06-18,started,0,
2026-06-18 21:33:28,301070,开勒股份,2026-06-18,2026-06-18,updated,1,
2026-06-18 21:33:28,301079,邵阳液压,2026-06-18,2026-06-18,started,0,
2026-06-18 21:33:28,301071,力量钻石,2026-06-18,2026-06-18,updated,1,
2026-06-18 21:33:28,301072,中捷精工,2026-06-18,2026-06-18,updated,1,
2026-06-18 21:33:28,301080,百普赛斯,2026-06-18,2026-06-18,started,0,
2026-06-18 21:33:28,301073,君亭酒店,2026-06-18,2026-06-18,updated,1,
2026-06-18 21:33:28,301075,多瑞医药,2026-06-18,2026-06-18,updated,1,
2026-06-18 21:33:28,301081,严牌股份,2026-06-18,2026-06-18,started,0,
2026-06-18 21:33:28,301082,久盛电气,2026-06-18,2026-06-18,started,0,
2026-06-18 21:33:28,301076,新瀚新材,2026-06-18,2026-06-18,updated,1,
2026-06-18 21:33:28,301083,百胜智能,2026-06-18,2026-06-18,started,0,
2026-06-18 21:33:28,301085,亚康股份,2026-06-18,2026-06-18,started,0,
2026-06-18 21:33:28,301077,星华新材,2026-06-18,2026-06-18,updated,1,
2026-06-18 21:33:28,301078,孩子王,2026-06-18,2026-06-18,updated,1,
2026-06-18 21:33:28,301086,鸿富瀚,2026-06-18,2026-06-18,started,0,
2026-06-18 21:33:28,301087,可孚医疗,2026-06-18,2026-06-18,started,0,
2026-06-18 21:33:28,301079,邵阳液压,2026-06-18,2026-06-18,updated,1,
2026-06-18 21:33:28,301088,戎美股份,2026-06-18,2026-06-18,started,0,
2026-06-18 21:33:28,301080,百普赛斯,2026-06-18,2026-06-18,updated,1,
2026-06-18 21:33:28,301082,久盛电气,2026-06-18,2026-06-18,updated,1,
2026-06-18 21:33:28,301089,拓新药业,2026-06-18,2026-06-18,started,0,
2026-06-18 21:33:28,301083,百胜智能,2026-06-18,2026-06-18,updated,1,
2026-06-18 21:33:28,301090,华润材料,2026-06-18,2026-06-18,started,0,
2026-06-18 21:33:28,301091,深城交,2026-06-18,2026-06-18,started,0,
2026-06-18 21:33:28,301081,严牌股份,2026-06-18,2026-06-18,updated,1,
2026-06-18 21:33:29,301085,亚康股份,2026-06-18,2026-06-18,updated,1,
2026-06-18 21:33:29,301092,争光股份,2026-06-18,2026-06-18,started,0,
2026-06-18 21:33:29,301093,华兰股份,2026-06-18,2026-06-18,started,0,
2026-06-18 21:33:29,301086,鸿富瀚,2026-06-18,2026-06-18,updated,1,
2026-06-18 21:33:29,301095,广立微,2026-06-18,2026-06-18,started,0,
2026-06-18 21:33:29,301087,可孚医疗,2026-06-18,2026-06-18,updated,1,
2026-06-18 21:33:29,301088,戎美股份,2026-06-18,2026-06-18,updated,1,
2026-06-18 21:33:29,301096,百诚医药,2026-06-18,2026-06-18,started,0,
2026-06-18 21:33:29,301089,拓新药业,2026-06-18,2026-06-18,updated,1,
2026-06-18 21:33:29,301097,天益医疗,2026-06-18,2026-06-18,started,0,
2026-06-18 21:33:29,301098,金埔园林,2026-06-18,2026-06-18,started,0,
2026-06-18 21:33:29,301091,深城交,2026-06-18,2026-06-18,updated,1,
2026-06-18 21:33:29,301090,华润材料,2026-06-18,2026-06-18,updated,1,
2026-06-18 21:33:29,301099,雅创电子,2026-06-18,2026-06-18,started,0,
2026-06-18 21:33:29,301092,争光股份,2026-06-18,2026-06-18,updated,1,
2026-06-18 21:33:29,301100,风光股份,2026-06-18,2026-06-18,started,0,
2026-06-18 21:33:29,301093,华兰股份,2026-06-18,2026-06-18,updated,1,
2026-06-18 21:33:29,301101,明月镜片,2026-06-18,2026-06-18,started,0,
2026-06-18 21:33:29,301102,兆讯传媒,2026-06-18,2026-06-18,started,0,
2026-06-18 21:33:29,301095,广立微,2026-06-18,2026-06-18,updated,1,
2026-06-18 21:33:29,301103,何氏眼科,2026-06-18,2026-06-18,started,0,
2026-06-18 21:33:29,301096,百诚医药,2026-06-18,2026-06-18,updated,1,
2026-06-18 21:33:29,301105,鸿铭股份,2026-06-18,2026-06-18,started,0,
2026-06-18 21:33:29,301097,天益医疗,2026-06-18,2026-06-18,updated,1,
2026-06-18 21:33:30,301106,骏成科技,2026-06-18,2026-06-18,started,0,
2026-06-18 21:33:30,301098,金埔园林,2026-06-18,2026-06-18,updated,1,
2026-06-18 21:33:30,301099,雅创电子,2026-06-18,2026-06-18,updated,1,
2026-06-18 21:33:30,301107,瑜欣电子,2026-06-18,2026-06-18,started,0,
2026-06-18 21:33:30,301100,风光股份,2026-06-18,2026-06-18,updated,1,
2026-06-18 21:33:30,301108,洁雅股份,2026-06-18,2026-06-18,started,0,
2026-06-18 21:33:30,301109,军信股份,2026-06-18,2026-06-18,started,0,
2026-06-18 21:33:30,301101,明月镜片,2026-06-18,2026-06-18,updated,1,
2026-06-18 21:33:30,301102,兆讯传媒,2026-06-18,2026-06-18,updated,1,
2026-06-18 21:33:30,301110,青木科技,2026-06-18,2026-06-18,started,0,
2026-06-18 21:33:30,301111,粤万年青,2026-06-18,2026-06-18,started,0,
2026-06-18 21:33:30,301103,何氏眼科,2026-06-18,2026-06-18,updated,1,
2026-06-18 21:33:30,301105,鸿铭股份,2026-06-18,2026-06-18,updated,1,
2026-06-18 21:33:30,301112,信邦智能,2026-06-18,2026-06-18,started,0,
2026-06-18 21:33:30,301106,骏成科技,2026-06-18,2026-06-18,updated,1,
2026-06-18 21:33:30,301113,雅艺科技,2026-06-18,2026-06-18,started,0,
2026-06-18 21:33:30,301107,瑜欣电子,2026-06-18,2026-06-18,updated,1,
2026-06-18 21:33:30,301115,联检科技,2026-06-18,2026-06-18,started,0,
2026-06-18 21:33:30,301108,洁雅股份,2026-06-18,2026-06-18,updated,1,
2026-06-18 21:33:30,301116,益客食品,2026-06-18,2026-06-18,started,0,
2026-06-18 21:33:30,301117,佳缘科技,2026-06-18,2026-06-18,started,0,
2026-06-18 21:33:30,301109,军信股份,2026-06-18,2026-06-18,updated,1,
2026-06-18 21:33:30,301110,青木科技,2026-06-18,2026-06-18,updated,1,
2026-06-18 21:33:30,301118,恒光股份,2026-06-18,2026-06-18,started,0,
2026-06-18 21:33:30,301111,粤万年青,2026-06-18,2026-06-18,updated,1,
2026-06-18 21:33:30,301119,正强股份,2026-06-18,2026-06-18,started,0,
2026-06-18 21:33:31,301120,新特电气,2026-06-18,2026-06-18,started,0,
2026-06-18 21:33:31,301112,信邦智能,2026-06-18,2026-06-18,updated,1,
2026-06-18 21:33:31,301113,雅艺科技,2026-06-18,2026-06-18,updated,1,
2026-06-18 21:33:31,301121,紫建电子,2026-06-18,2026-06-18,started,0,
2026-06-18 21:33:31,301115,联检科技,2026-06-18,2026-06-18,updated,1,
2026-06-18 21:33:31,301116,益客食品,2026-06-18,2026-06-18,updated,1,
2026-06-18 21:33:31,301122,采纳股份,2026-06-18,2026-06-18,started,0,
2026-06-18 21:33:31,301123,奕东电子,2026-06-18,2026-06-18,started,0,
2026-06-18 21:33:31,301125,腾亚精工,2026-06-18,2026-06-18,started,0,
2026-06-18 21:33:31,301117,佳缘科技,2026-06-18,2026-06-18,updated,1,
2026-06-18 21:33:31,301119,正强股份,2026-06-18,2026-06-18,updated,1,
2026-06-18 21:33:31,301126,达嘉维康,2026-06-18,2026-06-18,started,0,
2026-06-18 21:33:31,301118,恒光股份,2026-06-18,2026-06-18,updated,1,
2026-06-18 21:33:31,301127,武汉天源,2026-06-18,2026-06-18,started,0,
2026-06-18 21:33:31,301128,强瑞技术,2026-06-18,2026-06-18,started,0,
2026-06-18 21:33:31,301120,新特电气,2026-06-18,2026-06-18,updated,1,
2026-06-18 21:33:31,301129,瑞纳智能,2026-06-18,2026-06-18,started,0,
2026-06-18 21:33:31,301121,紫建电子,2026-06-18,2026-06-18,updated,1,
2026-06-18 21:33:31,301122,采纳股份,2026-06-18,2026-06-18,updated,1,
2026-06-18 21:33:31,301123,奕东电子,2026-06-18,2026-06-18,updated,1,
2026-06-18 21:33:31,301130,西点药业,2026-06-18,2026-06-18,started,0,
2026-06-18 21:33:31,301131,聚赛龙,2026-06-18,2026-06-18,started,0,
2026-06-18 21:33:31,301132,满坤科技,2026-06-18,2026-06-18,started,0,
2026-06-18 21:33:31,301125,腾亚精工,2026-06-18,2026-06-18,updated,1,
2026-06-18 21:33:32,301126,达嘉维康,2026-06-18,2026-06-18,updated,1,
2026-06-18 21:33:32,301133,金钟股份,2026-06-18,2026-06-18,started,0,
2026-06-18 21:33:32,301135,瑞德智能,2026-06-18,2026-06-18,started,0,
2026-06-18 21:33:32,301127,武汉天源,2026-06-18,2026-06-18,updated,1,
2026-06-18 21:33:32,301128,强瑞技术,2026-06-18,2026-06-18,updated,1,
2026-06-18 21:33:32,301136,招标股份,2026-06-18,2026-06-18,started,0,
2026-06-18 21:33:32,301137,哈焊华通,2026-06-18,2026-06-18,started,0,
2026-06-18 21:33:32,301129,瑞纳智能,2026-06-18,2026-06-18,updated,1,
2026-06-18 21:33:32,301131,聚赛龙,2026-06-18,2026-06-18,updated,1,
2026-06-18 21:33:32,301138,华研精机,2026-06-18,2026-06-18,started,0,
2026-06-18 21:33:32,301139,*ST元道,2026-06-18,2026-06-18,started,0,
2026-06-18 21:33:32,301130,西点药业,2026-06-18,2026-06-18,updated,1,
2026-06-18 21:33:32,301141,中科磁业,2026-06-18,2026-06-18,started,0,
2026-06-18 21:33:32,301132,满坤科技,2026-06-18,2026-06-18,updated,1,
2026-06-18 21:33:32,301148,嘉戎技术,2026-06-18,2026-06-18,started,0,
2026-06-18 21:33:32,301133,金钟股份,2026-06-18,2026-06-18,updated,1,
2026-06-18 21:33:32,301135,瑞德智能,2026-06-18,2026-06-18,updated,1,
2026-06-18 21:33:32,301149,隆华新材,2026-06-18,2026-06-18,started,0,
2026-06-18 21:33:32,301150,中一科技,2026-06-18,2026-06-18,started,0,
2026-06-18 21:33:32,301136,招标股份,2026-06-18,2026-06-18,updated,1,
2026-06-18 21:33:32,301137,哈焊华通,2026-06-18,2026-06-18,updated,1,
2026-06-18 21:33:32,301151,冠龙节能,2026-06-18,2026-06-18,started,0,
2026-06-18 21:33:32,301152,天力锂能,2026-06-18,2026-06-18,started,0,
2026-06-18 21:33:32,301138,华研精机,2026-06-18,2026-06-18,updated,1,
2026-06-18 21:33:33,301139,*ST元道,2026-06-18,2026-06-18,updated,1,
2026-06-18 21:33:33,301153,中科江南,2026-06-18,2026-06-18,started,0,
2026-06-18 21:33:33,301155,海力风电,2026-06-18,2026-06-18,started,0,
2026-06-18 21:33:33,301141,中科磁业,2026-06-18,2026-06-18,updated,1,
2026-06-18 21:33:33,301148,嘉戎技术,2026-06-18,2026-06-18,updated,1,
2026-06-18 21:33:33,301156,美农生物,2026-06-18,2026-06-18,started,0,
2026-06-18 21:33:33,301157,华塑科技,2026-06-18,2026-06-18,started,0,
2026-06-18 21:33:33,301149,隆华新材,2026-06-18,2026-06-18,updated,1,
2026-06-18 21:33:33,301152,天力锂能,2026-06-18,2026-06-18,updated,1,
2026-06-18 21:33:33,301158,德石股份,2026-06-18,2026-06-18,started,0,
2026-06-18 21:33:33,301150,中一科技,2026-06-18,2026-06-18,updated,1,
2026-06-18 21:33:33,301159,三维天地,2026-06-18,2026-06-18,started,0,
2026-06-18 21:33:33,301151,冠龙节能,2026-06-18,2026-06-18,updated,1,
2026-06-18 21:33:33,301160,翔楼新材,2026-06-18,2026-06-18,started,0,
2026-06-18 21:33:33,301161,唯万密封,2026-06-18,2026-06-18,started,0,
2026-06-18 21:33:33,301153,中科江南,2026-06-18,2026-06-18,updated,1,
2026-06-18 21:33:33,301155,海力风电,2026-06-18,2026-06-18,updated,1,
2026-06-18 21:33:33,301162,国能日新,2026-06-18,2026-06-18,started,0,
2026-06-18 21:33:33,301163,宏德股份,2026-06-18,2026-06-18,started,0,
2026-06-18 21:33:33,301156,美农生物,2026-06-18,2026-06-18,updated,1,
2026-06-18 21:33:33,301165,锐捷网络,2026-06-18,2026-06-18,started,0,
2026-06-18 21:33:33,301157,华塑科技,2026-06-18,2026-06-18,updated,1,
2026-06-18 21:33:33,301158,德石股份,2026-06-18,2026-06-18,updated,1,
2026-06-18 21:33:34,301166,优宁维,2026-06-18,2026-06-18,started,0,
2026-06-18 21:33:34,301159,三维天地,2026-06-18,2026-06-18,updated,1,
2026-06-18 21:33:34,301167,建研设计,2026-06-18,2026-06-18,started,0,
2026-06-18 21:33:34,301168,通灵股份,2026-06-18,2026-06-18,started,0,
2026-06-18 21:33:34,301160,翔楼新材,2026-06-18,2026-06-18,updated,1,
2026-06-18 21:33:34,301161,唯万密封,2026-06-18,2026-06-18,updated,1,
2026-06-18 21:33:34,301169,零点有数,2026-06-18,2026-06-18,started,0,
2026-06-18 21:33:34,301162,国能日新,2026-06-18,2026-06-18,updated,1,
2026-06-18 21:33:34,301170,锡南科技,2026-06-18,2026-06-18,started,0,
2026-06-18 21:33:34,301171,易点天下,2026-06-18,2026-06-18,started,0,
2026-06-18 21:33:34,301163,宏德股份,2026-06-18,2026-06-18,updated,1,
2026-06-18 21:33:34,301172,君逸数码,2026-06-18,2026-06-18,started,0,
2026-06-18 21:33:34,301165,锐捷网络,2026-06-18,2026-06-18,updated,1,
2026-06-18 21:33:34,301166,优宁维,2026-06-18,2026-06-18,updated,1,
2026-06-18 21:33:34,301173,毓恬冠佳,2026-06-18,2026-06-18,started,0,
2026-06-18 21:33:34,301167,建研设计,2026-06-18,2026-06-18,updated,1,
2026-06-18 21:33:34,301175,中科环保,2026-06-18,2026-06-18,started,0,
2026-06-18 21:33:34,301176,逸豪新材,2026-06-18,2026-06-18,started,0,
2026-06-18 21:33:34,301168,通灵股份,2026-06-18,2026-06-18,updated,1,
2026-06-18 21:33:34,301169,零点有数,2026-06-18,2026-06-18,updated,1,
2026-06-18 21:33:34,301177,迪阿股份,2026-06-18,2026-06-18,started,0,
2026-06-18 21:33:34,301170,锡南科技,2026-06-18,2026-06-18,updated,1,
2026-06-18 21:33:34,301178,天亿马,2026-06-18,2026-06-18,started,0,
2026-06-18 21:33:34,301171,易点天下,2026-06-18,2026-06-18,updated,1,
2026-06-18 21:33:34,301179,泽宇智能,2026-06-18,2026-06-18,started,0,
2026-06-18 21:33:35,301172,君逸数码,2026-06-18,2026-06-18,updated,1,
2026-06-18 21:33:35,301180,万祥科技,2026-06-18,2026-06-18,started,0,
2026-06-18 21:33:35,301181,标榜股份,2026-06-18,2026-06-18,started,0,
2026-06-18 21:33:35,301173,毓恬冠佳,2026-06-18,2026-06-18,updated,1,
2026-06-18 21:33:35,301182,凯旺科技,2026-06-18,2026-06-18,started,0,
2026-06-18 21:33:35,301175,中科环保,2026-06-18,2026-06-18,updated,1,
2026-06-18 21:33:35,301183,东田微,2026-06-18,2026-06-18,started,0,
2026-06-18 21:33:35,301176,逸豪新材,2026-06-18,2026-06-18,updated,1,
2026-06-18 21:33:35,301185,鸥玛软件,2026-06-18,2026-06-18,started,0,
2026-06-18 21:33:35,301177,迪阿股份,2026-06-18,2026-06-18,updated,1,
2026-06-18 21:33:35,301178,天亿马,2026-06-18,2026-06-18,updated,1,
2026-06-18 21:33:35,301186,超达装备,2026-06-18,2026-06-18,started,0,
2026-06-18 21:33:35,301180,万祥科技,2026-06-18,2026-06-18,updated,1,
2026-06-18 21:33:35,301187,欧圣电气,2026-06-18,2026-06-18,started,0,
2026-06-18 21:33:35,301188,力诺药包,2026-06-18,2026-06-18,started,0,
2026-06-18 21:33:35,301179,泽宇智能,2026-06-18,2026-06-18,updated,1,
2026-06-18 21:33:35,301181,标榜股份,2026-06-18,2026-06-18,updated,1,
2026-06-18 21:33:35,301189,奥尼电子,2026-06-18,2026-06-18,started,0,
2026-06-18 21:33:35,301190,善水科技,2026-06-18,2026-06-18,started,0,
2026-06-18 21:33:35,301182,凯旺科技,2026-06-18,2026-06-18,updated,1,
2026-06-18 21:33:35,301191,菲菱科思,2026-06-18,2026-06-18,started,0,
2026-06-18 21:33:35,301183,东田微,2026-06-18,2026-06-18,updated,1,
2026-06-18 21:33:35,301185,鸥玛软件,2026-06-18,2026-06-18,updated,1,
2026-06-18 21:33:35,301192,泰祥股份,2026-06-18,2026-06-18,started,0,
2026-06-18 21:33:36,301186,超达装备,2026-06-18,2026-06-18,updated,1,
2026-06-18 21:33:36,301193,家联科技,2026-06-18,2026-06-18,started,0,
2026-06-18 21:33:36,301188,力诺药包,2026-06-18,2026-06-18,updated,1,
2026-06-18 21:33:36,301195,北路智控,2026-06-18,2026-06-18,started,0,
2026-06-18 21:33:36,301187,欧圣电气,2026-06-18,2026-06-18,updated,1,
2026-06-18 21:33:36,301196,唯科科技,2026-06-18,2026-06-18,started,0,
2026-06-18 21:33:36,301197,工大科雅,2026-06-18,2026-06-18,started,0,
2026-06-18 21:33:36,301190,善水科技,2026-06-18,2026-06-18,updated,1,
2026-06-18 21:33:36,301198,喜悦智行,2026-06-18,2026-06-18,started,0,
2026-06-18 21:33:36,301189,奥尼电子,2026-06-18,2026-06-18,updated,1,
2026-06-18 21:33:36,301191,菲菱科思,2026-06-18,2026-06-18,updated,1,
2026-06-18 21:33:36,301199,迈赫股份,2026-06-18,2026-06-18,started,0,
2026-06-18 21:33:36,301192,泰祥股份,2026-06-18,2026-06-18,updated,1,
2026-06-18 21:33:36,301200,大族数控,2026-06-18,2026-06-18,started,0,
2026-06-18 21:33:36,301201,诚达药业,2026-06-18,2026-06-18,started,0,
2026-06-18 21:33:36,301193,家联科技,2026-06-18,2026-06-18,updated,1,
2026-06-18 21:33:36,301195,北路智控,2026-06-18,2026-06-18,updated,1,
2026-06-18 21:33:36,301202,朗威股份,2026-06-18,2026-06-18,started,0,
2026-06-18 21:33:36,301197,工大科雅,2026-06-18,2026-06-18,updated,1,
2026-06-18 21:33:36,301203,国泰环保,2026-06-18,2026-06-18,started,0,
2026-06-18 21:33:36,301205,联特科技,2026-06-18,2026-06-18,started,0,
2026-06-18 21:33:36,301198,喜悦智行,2026-06-18,2026-06-18,updated,1,
2026-06-18 21:33:36,301196,唯科科技,2026-06-18,2026-06-18,updated,1,
2026-06-18 21:33:36,301206,三元生物,2026-06-18,2026-06-18,started,0,
2026-06-18 21:33:36,301207,华兰疫苗,2026-06-18,2026-06-18,started,0,
2026-06-18 21:33:36,301199,迈赫股份,2026-06-18,2026-06-18,updated,1,
2026-06-18 21:33:37,301208,中亦科技,2026-06-18,2026-06-18,started,0,
2026-06-18 21:33:37,301200,大族数控,2026-06-18,2026-06-18,updated,1,
2026-06-18 21:33:37,301201,诚达药业,2026-06-18,2026-06-18,updated,1,
2026-06-18 21:33:37,301209,联合化学,2026-06-18,2026-06-18,started,0,
2026-06-18 21:33:37,301210,金杨精密,2026-06-18,2026-06-18,started,0,
2026-06-18 21:33:37,301202,朗威股份,2026-06-18,2026-06-18,updated,1,
2026-06-18 21:33:37,301211,亨迪药业,2026-06-18,2026-06-18,started,0,
2026-06-18 21:33:37,301205,联特科技,2026-06-18,2026-06-18,updated,1,
2026-06-18 21:33:37,301212,联盛化学,2026-06-18,2026-06-18,started,0,
2026-06-18 21:33:37,301203,国泰环保,2026-06-18,2026-06-18,updated,1,
2026-06-18 21:33:37,301213,观想科技,2026-06-18,2026-06-18,started,0,
2026-06-18 21:33:37,301206,三元生物,2026-06-18,2026-06-18,updated,1,
2026-06-18 21:33:37,301215,中汽股份,2026-06-18,2026-06-18,started,0,
2026-06-18 21:33:37,301207,华兰疫苗,2026-06-18,2026-06-18,updated,1,
2026-06-18 21:33:37,301216,万凯新材,2026-06-18,2026-06-18,started,0,
2026-06-18 21:33:37,301208,中亦科技,2026-06-18,2026-06-18,updated,1,
2026-06-18 21:33:37,301217,铜冠铜箔,2026-06-18,2026-06-18,started,0,
2026-06-18 21:33:37,301211,亨迪药业,2026-06-18,2026-06-18,updated,1,
2026-06-18 21:33:38,301210,金杨精密,2026-06-18,2026-06-18,updated,1,
2026-06-18 21:33:38,301212,联盛化学,2026-06-18,2026-06-18,updated,1,
2026-06-18 21:33:38,301219,腾远钴业,2026-06-18,2026-06-18,started,0,
2026-06-18 21:33:38,301218,华是科技,2026-06-18,2026-06-18,started,0,
2026-06-18 21:33:38,301220,亚香股份,2026-06-18,2026-06-18,started,0,
2026-06-18 21:33:38,301215,中汽股份,2026-06-18,2026-06-18,updated,1,
2026-06-18 21:33:38,301221,光庭信息,2026-06-18,2026-06-18,started,0,
2026-06-18 21:33:38,301213,观想科技,2026-06-18,2026-06-18,updated,1,
2026-06-18 21:33:38,301222,浙江恒威,2026-06-18,2026-06-18,started,0,
2026-06-18 21:33:38,301209,联合化学,2026-06-18,2026-06-18,updated,1,
2026-06-18 21:33:38,301223,中荣股份,2026-06-18,2026-06-18,started,0,
2026-06-18 21:33:38,301216,万凯新材,2026-06-18,2026-06-18,updated,1,
2026-06-18 21:33:38,301225,恒勃股份,2026-06-18,2026-06-18,started,0,
2026-06-18 21:33:38,301217,铜冠铜箔,2026-06-18,2026-06-18,updated,1,
2026-06-18 21:33:38,301226,祥明智能,2026-06-18,2026-06-18,started,0,
2026-06-18 21:33:38,301219,腾远钴业,2026-06-18,2026-06-18,updated,1,
2026-06-18 21:33:38,301227,森鹰窗业,2026-06-18,2026-06-18,started,0,
2026-06-18 21:33:39,301218,华是科技,2026-06-18,2026-06-18,updated,1,
2026-06-18 21:33:39,301223,中荣股份,2026-06-18,2026-06-18,updated,1,
2026-06-18 21:33:39,301220,亚香股份,2026-06-18,2026-06-18,updated,1,
2026-06-18 21:33:39,301228,实朴检测,2026-06-18,2026-06-18,started,0,
2026-06-18 21:33:39,301222,浙江恒威,2026-06-18,2026-06-18,updated,1,
2026-06-18 21:33:39,301229,纽泰格,2026-06-18,2026-06-18,started,0,
2026-06-18 21:33:39,301230,泓博医药,2026-06-18,2026-06-18,started,0,
2026-06-18 21:33:39,301231,荣信文化,2026-06-18,2026-06-18,started,0,
2026-06-18 21:33:39,301221,光庭信息,2026-06-18,2026-06-18,updated,1,
2026-06-18 21:33:39,301232,飞沃科技,2026-06-18,2026-06-18,started,0,
2026-06-18 21:33:39,301225,恒勃股份,2026-06-18,2026-06-18,updated,1,
2026-06-18 21:33:39,301233,盛帮股份,2026-06-18,2026-06-18,started,0,
2026-06-18 21:33:39,301226,祥明智能,2026-06-18,2026-06-18,updated,1,
2026-06-18 21:33:39,301234,五洲医疗,2026-06-18,2026-06-18,started,0,
2026-06-18 21:33:39,301227,森鹰窗业,2026-06-18,2026-06-18,updated,1,
2026-06-18 21:33:39,301228,实朴检测,2026-06-18,2026-06-18,updated,1,
2026-06-18 21:33:39,301235,华康洁净,2026-06-18,2026-06-18,started,0,
2026-06-18 21:33:39,301236,软通动力,2026-06-18,2026-06-18,started,0,
2026-06-18 21:33:39,301230,泓博医药,2026-06-18,2026-06-18,updated,1,
2026-06-18 21:33:39,301237,和顺科技,2026-06-18,2026-06-18,started,0,
2026-06-18 21:33:39,301229,纽泰格,2026-06-18,2026-06-18,updated,1,
2026-06-18 21:33:39,301238,瑞泰新材,2026-06-18,2026-06-18,started,0,
2026-06-18 21:33:39,301231,荣信文化,2026-06-18,2026-06-18,updated,1,
2026-06-18 21:33:39,301239,普瑞眼科,2026-06-18,2026-06-18,started,0,
2026-06-18 21:33:39,301232,飞沃科技,2026-06-18,2026-06-18,updated,1,
2026-06-18 21:33:39,301246,宏源药业,2026-06-18,2026-06-18,started,0,
2026-06-18 21:33:40,301233,盛帮股份,2026-06-18,2026-06-18,updated,1,
2026-06-18 21:33:40,301248,杰创智能,2026-06-18,2026-06-18,started,0,
2026-06-18 21:33:40,301234,五洲医疗,2026-06-18,2026-06-18,updated,1,
2026-06-18 21:33:40,301251,威尔高,2026-06-18,2026-06-18,started,0,
2026-06-18 21:33:40,301235,华康洁净,2026-06-18,2026-06-18,updated,1,
2026-06-18 21:33:40,301246,宏源药业,2026-06-18,2026-06-18,updated,1,
2026-06-18 21:33:40,301236,软通动力,2026-06-18,2026-06-18,updated,1,
2026-06-18 21:33:40,301252,同星科技,2026-06-18,2026-06-18,started,0,
2026-06-18 21:33:40,301255,通力科技,2026-06-18,2026-06-18,started,0,
2026-06-18 21:33:40,301256,华融化学,2026-06-18,2026-06-18,started,0,
2026-06-18 21:33:40,301248,杰创智能,2026-06-18,2026-06-18,updated,1,
2026-06-18 21:33:40,301257,普蕊斯,2026-06-18,2026-06-18,started,0,
2026-06-18 21:33:40,301237,和顺科技,2026-06-18,2026-06-18,updated,1,
2026-06-18 21:33:40,301258,富士莱,2026-06-18,2026-06-18,started,0,
2026-06-18 21:33:40,301239,普瑞眼科,2026-06-18,2026-06-18,updated,1,
2026-06-18 21:33:40,301259,艾布鲁,2026-06-18,2026-06-18,started,0,
2026-06-18 21:33:40,301238,瑞泰新材,2026-06-18,2026-06-18,updated,1,
2026-06-18 21:33:40,301260,格力博,2026-06-18,2026-06-18,started,0,
2026-06-18 21:33:40,301251,威尔高,2026-06-18,2026-06-18,updated,1,
2026-06-18 21:33:41,301255,通力科技,2026-06-18,2026-06-18,updated,1,
2026-06-18 21:33:41,301261,恒工精密,2026-06-18,2026-06-18,started,0,
2026-06-18 21:33:41,301262,海看股份,2026-06-18,2026-06-18,started,0,
2026-06-18 21:33:41,301252,同星科技,2026-06-18,2026-06-18,updated,1,
2026-06-18 21:33:41,301256,华融化学,2026-06-18,2026-06-18,updated,1,
2026-06-18 21:33:41,301263,泰恩康,2026-06-18,2026-06-18,started,0,
2026-06-18 21:33:41,301265,华新科技,2026-06-18,2026-06-18,started,0,
2026-06-18 21:33:41,301257,普蕊斯,2026-06-18,2026-06-18,updated,1,
2026-06-18 21:33:41,301266,宇邦新材,2026-06-18,2026-06-18,started,0,
2026-06-18 21:33:41,301258,富士莱,2026-06-18,2026-06-18,updated,1,
2026-06-18 21:33:41,301267,华厦眼科,2026-06-18,2026-06-18,started,0,
2026-06-18 21:33:41,301259,艾布鲁,2026-06-18,2026-06-18,updated,1,
2026-06-18 21:33:41,301260,格力博,2026-06-18,2026-06-18,updated,1,
2026-06-18 21:33:41,301268,铭利达,2026-06-18,2026-06-18,started,0,
2026-06-18 21:33:41,301261,恒工精密,2026-06-18,2026-06-18,updated,1,
2026-06-18 21:33:41,301269,华大九天,2026-06-18,2026-06-18,started,0,
2026-06-18 21:33:41,301262,海看股份,2026-06-18,2026-06-18,updated,1,
2026-06-18 21:33:41,301270,汉仪股份,2026-06-18,2026-06-18,started,0,
2026-06-18 21:33:41,301263,泰恩康,2026-06-18,2026-06-18,updated,1,
2026-06-18 21:33:41,301272,英华特,2026-06-18,2026-06-18,started,0,
2026-06-18 21:33:41,301265,华新科技,2026-06-18,2026-06-18,updated,1,
2026-06-18 21:33:41,301273,瑞晨环保,2026-06-18,2026-06-18,started,0,
2026-06-18 21:33:41,301275,汉朔科技,2026-06-18,2026-06-18,started,0,
2026-06-18 21:33:41,301266,宇邦新材,2026-06-18,2026-06-18,updated,1,
2026-06-18 21:33:41,301267,华厦眼科,2026-06-18,2026-06-18,updated,1,
2026-06-18 21:33:41,301276,嘉曼服饰,2026-06-18,2026-06-18,started,0,
2026-06-18 21:33:42,301277,新天地,2026-06-18,2026-06-18,started,0,
2026-06-18 21:33:42,301268,铭利达,2026-06-18,2026-06-18,updated,1,
2026-06-18 21:33:42,301278,快可电子,2026-06-18,2026-06-18,started,0,
2026-06-18 21:33:42,301270,汉仪股份,2026-06-18,2026-06-18,updated,1,
2026-06-18 21:33:42,301279,金道科技,2026-06-18,2026-06-18,started,0,
2026-06-18 21:33:42,301269,华大九天,2026-06-18,2026-06-18,updated,1,
2026-06-18 21:33:42,301280,珠城科技,2026-06-18,2026-06-18,started,0,
2026-06-18 21:33:42,301272,英华特,2026-06-18,2026-06-18,updated,1,
2026-06-18 21:33:42,301281,科源制药,2026-06-18,2026-06-18,started,0,
2026-06-18 21:33:42,301273,瑞晨环保,2026-06-18,2026-06-18,updated,1,
2026-06-18 21:33:42,301282,金禄电子,2026-06-18,2026-06-18,started,0,
2026-06-18 21:33:42,301275,汉朔科技,2026-06-18,2026-06-18,updated,1,
2026-06-18 21:33:42,301283,聚胶股份,2026-06-18,2026-06-18,started,0,
2026-06-18 21:33:42,301276,嘉曼服饰,2026-06-18,2026-06-18,updated,1,
2026-06-18 21:33:42,301277,新天地,2026-06-18,2026-06-18,updated,1,
2026-06-18 21:33:42,301285,鸿日达,2026-06-18,2026-06-18,started,0,
2026-06-18 21:33:42,301286,侨源股份,2026-06-18,2026-06-18,started,0,
2026-06-18 21:33:42,301279,金道科技,2026-06-18,2026-06-18,updated,1,
2026-06-18 21:33:42,301278,快可电子,2026-06-18,2026-06-18,updated,1,
2026-06-18 21:33:42,301287,康力源,2026-06-18,2026-06-18,started,0,
2026-06-18 21:33:42,301280,珠城科技,2026-06-18,2026-06-18,updated,1,
2026-06-18 21:33:42,301288,清研环境,2026-06-18,2026-06-18,started,0,
2026-06-18 21:33:42,301289,国缆检测,2026-06-18,2026-06-18,started,0,
2026-06-18 21:33:42,301281,科源制药,2026-06-18,2026-06-18,updated,1,
2026-06-18 21:33:42,301290,东星医疗,2026-06-18,2026-06-18,started,0,
2026-06-18 21:33:42,301282,金禄电子,2026-06-18,2026-06-18,updated,1,
2026-06-18 21:33:42,301283,聚胶股份,2026-06-18,2026-06-18,updated,1,
2026-06-18 21:33:42,301291,明阳电气,2026-06-18,2026-06-18,started,0,
2026-06-18 21:33:43,301292,海科新源,2026-06-18,2026-06-18,started,0,
2026-06-18 21:33:43,301285,鸿日达,2026-06-18,2026-06-18,updated,1,
2026-06-18 21:33:43,301293,三博脑科,2026-06-18,2026-06-18,started,0,
2026-06-18 21:33:43,301286,侨源股份,2026-06-18,2026-06-18,updated,1,
2026-06-18 21:33:43,301287,康力源,2026-06-18,2026-06-18,updated,1,
2026-06-18 21:33:43,301295,美硕科技,2026-06-18,2026-06-18,started,0,
2026-06-18 21:33:43,301296,新巨丰,2026-06-18,2026-06-18,started,0,
2026-06-18 21:33:43,301288,清研环境,2026-06-18,2026-06-18,updated,1,
2026-06-18 21:33:43,301297,富乐德,2026-06-18,2026-06-18,started,0,
2026-06-18 21:33:43,301289,国缆检测,2026-06-18,2026-06-18,updated,1,
2026-06-18 21:33:43,301290,东星医疗,2026-06-18,2026-06-18,updated,1,
2026-06-18 21:33:43,301298,东利机械,2026-06-18,2026-06-18,started,0,
2026-06-18 21:33:43,301299,卓创资讯,2026-06-18,2026-06-18,started,0,
2026-06-18 21:33:43,301291,明阳电气,2026-06-18,2026-06-18,updated,1,
2026-06-18 21:33:43,301300,远翔新材,2026-06-18,2026-06-18,started,0,
2026-06-18 21:33:43,301292,海科新源,2026-06-18,2026-06-18,updated,1,
2026-06-18 21:33:43,301293,三博脑科,2026-06-18,2026-06-18,updated,1,
2026-06-18 21:33:43,301301,川宁生物,2026-06-18,2026-06-18,started,0,
2026-06-18 21:33:43,301302,华如科技,2026-06-18,2026-06-18,started,0,
2026-06-18 21:33:43,301296,新巨丰,2026-06-18,2026-06-18,updated,1,
2026-06-18 21:33:43,301295,美硕科技,2026-06-18,2026-06-18,updated,1,
2026-06-18 21:33:43,301303,真兰仪表,2026-06-18,2026-06-18,started,0,
2026-06-18 21:33:43,301305,朗坤科技,2026-06-18,2026-06-18,started,0,
2026-06-18 21:33:43,301297,富乐德,2026-06-18,2026-06-18,updated,1,
2026-06-18 21:33:43,301306,西测测试,2026-06-18,2026-06-18,started,0,
2026-06-18 21:33:43,301298,东利机械,2026-06-18,2026-06-18,updated,1,
2026-06-18 21:33:43,301307,美利信,2026-06-18,2026-06-18,started,0,
2026-06-18 21:33:43,301299,卓创资讯,2026-06-18,2026-06-18,updated,1,
2026-06-18 21:33:44,301308,江波龙,2026-06-18,2026-06-18,started,0,
2026-06-18 21:33:44,301300,远翔新材,2026-06-18,2026-06-18,updated,1,
2026-06-18 21:33:44,301301,川宁生物,2026-06-18,2026-06-18,updated,1,
2026-06-18 21:33:44,301309,万得凯,2026-06-18,2026-06-18,started,0,
2026-06-18 21:33:44,301302,华如科技,2026-06-18,2026-06-18,updated,1,
2026-06-18 21:33:44,301310,鑫宏业,2026-06-18,2026-06-18,started,0,
2026-06-18 21:33:44,301311,昆船智能,2026-06-18,2026-06-18,started,0,
2026-06-18 21:33:44,301305,朗坤科技,2026-06-18,2026-06-18,updated,1,
2026-06-18 21:33:44,301312,智立方,2026-06-18,2026-06-18,started,0,
2026-06-18 21:33:44,301303,真兰仪表,2026-06-18,2026-06-18,updated,1,
2026-06-18 21:33:44,301307,美利信,2026-06-18,2026-06-18,updated,1,
2026-06-18 21:33:44,301313,凡拓数创,2026-06-18,2026-06-18,started,0,
2026-06-18 21:33:44,301314,科瑞思,2026-06-18,2026-06-18,started,0,
2026-06-18 21:33:44,301306,西测测试,2026-06-18,2026-06-18,updated,1,
2026-06-18 21:33:44,301315,威士顿,2026-06-18,2026-06-18,started,0,
2026-06-18 21:33:44,301308,江波龙,2026-06-18,2026-06-18,updated,1,
2026-06-18 21:33:44,301309,万得凯,2026-06-18,2026-06-18,updated,1,
2026-06-18 21:33:44,301316,慧博云通,2026-06-18,2026-06-18,started,0,
2026-06-18 21:33:44,301310,鑫宏业,2026-06-18,2026-06-18,updated,1,
2026-06-18 21:33:44,301317,鑫磊股份,2026-06-18,2026-06-18,started,0,
2026-06-18 21:33:44,301318,维海德,2026-06-18,2026-06-18,started,0,
2026-06-18 21:33:44,301311,昆船智能,2026-06-18,2026-06-18,updated,1,
2026-06-18 21:33:44,301319,唯特偶,2026-06-18,2026-06-18,started,0,
2026-06-18 21:33:44,301312,智立方,2026-06-18,2026-06-18,updated,1,
2026-06-18 21:33:45,301314,科瑞思,2026-06-18,2026-06-18,updated,1,
2026-06-18 21:33:45,301320,豪江智能,2026-06-18,2026-06-18,started,0,
2026-06-18 21:33:45,301321,翰博高新,2026-06-18,2026-06-18,started,0,
2026-06-18 21:33:45,301313,凡拓数创,2026-06-18,2026-06-18,updated,1,
2026-06-18 21:33:45,301316,慧博云通,2026-06-18,2026-06-18,updated,1,
2026-06-18 21:33:45,301322,绿通科技,2026-06-18,2026-06-18,started,0,
2026-06-18 21:33:45,301323,新莱福,2026-06-18,2026-06-18,started,0,
2026-06-18 21:33:45,301315,威士顿,2026-06-18,2026-06-18,updated,1,
2026-06-18 21:33:45,301325,曼恩斯特,2026-06-18,2026-06-18,started,0,
2026-06-18 21:33:45,301317,鑫磊股份,2026-06-18,2026-06-18,updated,1,
2026-06-18 21:33:45,301326,捷邦科技,2026-06-18,2026-06-18,started,0,
2026-06-18 21:33:45,301318,维海德,2026-06-18,2026-06-18,updated,1,
2026-06-18 21:33:45,301319,唯特偶,2026-06-18,2026-06-18,updated,1,
2026-06-18 21:33:45,301327,华宝新能,2026-06-18,2026-06-18,started,0,
2026-06-18 21:33:45,301328,维峰电子,2026-06-18,2026-06-18,started,0,
2026-06-18 21:33:45,301320,豪江智能,2026-06-18,2026-06-18,updated,1,
2026-06-18 21:33:45,301321,翰博高新,2026-06-18,2026-06-18,updated,1,
2026-06-18 21:33:45,301329,信音电子,2026-06-18,2026-06-18,started,0,
2026-06-18 21:33:45,301322,绿通科技,2026-06-18,2026-06-18,updated,1,
2026-06-18 21:33:45,301330,熵基科技,2026-06-18,2026-06-18,started,0,
2026-06-18 21:33:45,301323,新莱福,2026-06-18,2026-06-18,updated,1,
2026-06-18 21:33:45,301331,恩威医药,2026-06-18,2026-06-18,started,0,
2026-06-18 21:33:45,301325,曼恩斯特,2026-06-18,2026-06-18,updated,1,
2026-06-18 21:33:45,301332,德尔玛,2026-06-18,2026-06-18,started,0,
2026-06-18 21:33:45,301326,捷邦科技,2026-06-18,2026-06-18,updated,1,
2026-06-18 21:33:45,301333,诺思格,2026-06-18,2026-06-18,started,0,
2026-06-18 21:33:46,301335,天元宠物,2026-06-18,2026-06-18,started,0,
2026-06-18 21:33:46,301327,华宝新能,2026-06-18,2026-06-18,updated,1,
2026-06-18 21:33:46,301336,趣睡科技,2026-06-18,2026-06-18,started,0,
2026-06-18 21:33:46,301328,维峰电子,2026-06-18,2026-06-18,updated,1,
2026-06-18 21:33:46,301337,亚华电子,2026-06-18,2026-06-18,started,0,
2026-06-18 21:33:46,301329,信音电子,2026-06-18,2026-06-18,updated,1,
2026-06-18 21:33:46,301338,凯格精机,2026-06-18,2026-06-18,started,0,
2026-06-18 21:33:46,301330,熵基科技,2026-06-18,2026-06-18,updated,1,
2026-06-18 21:33:46,301331,恩威医药,2026-06-18,2026-06-18,updated,1,
2026-06-18 21:33:46,301339,通行宝,2026-06-18,2026-06-18,started,0,
2026-06-18 21:33:46,301345,涛涛车业,2026-06-18,2026-06-18,started,0,
2026-06-18 21:33:46,301332,德尔玛,2026-06-18,2026-06-18,updated,1,
2026-06-18 21:33:46,301348,蓝箭电子,2026-06-18,2026-06-18,started,0,
2026-06-18 21:33:46,301333,诺思格,2026-06-18,2026-06-18,updated,1,
2026-06-18 21:33:46,301335,天元宠物,2026-06-18,2026-06-18,updated,1,
2026-06-18 21:33:46,301349,信德新材,2026-06-18,2026-06-18,started,0,
2026-06-18 21:33:46,301353,普莱得,2026-06-18,2026-06-18,started,0,
2026-06-18 21:33:46,301336,趣睡科技,2026-06-18,2026-06-18,updated,1,
2026-06-18 21:33:46,301337,亚华电子,2026-06-18,2026-06-18,updated,1,
2026-06-18 21:33:46,301355,南王科技,2026-06-18,2026-06-18,started,0,
2026-06-18 21:33:46,301338,凯格精机,2026-06-18,2026-06-18,updated,1,
2026-06-18 21:33:46,301356,天振股份,2026-06-18,2026-06-18,started,0,
2026-06-18 21:33:46,301339,通行宝,2026-06-18,2026-06-18,updated,1,
2026-06-18 21:33:46,301357,北方长龙,2026-06-18,2026-06-18,started,0,
2026-06-18 21:33:46,301348,蓝箭电子,2026-06-18,2026-06-18,updated,1,
2026-06-18 21:33:46,301358,湖南裕能,2026-06-18,2026-06-18,started,0,
2026-06-18 21:33:46,301359,东南电子,2026-06-18,2026-06-18,started,0,
2026-06-18 21:33:47,301345,涛涛车业,2026-06-18,2026-06-18,updated,1,
2026-06-18 21:33:47,301360,荣旗科技,2026-06-18,2026-06-18,started,0,
2026-06-18 21:33:47,301349,信德新材,2026-06-18,2026-06-18,updated,1,
2026-06-18 21:33:47,301361,众智科技,2026-06-18,2026-06-18,started,0,
2026-06-18 21:33:47,301353,普莱得,2026-06-18,2026-06-18,updated,1,
2026-06-18 21:33:47,301362,民爆光电,2026-06-18,2026-06-18,started,0,
2026-06-18 21:33:47,301356,天振股份,2026-06-18,2026-06-18,updated,1,
2026-06-18 21:33:47,301363,美好医疗,2026-06-18,2026-06-18,started,0,
2026-06-18 21:33:47,301355,南王科技,2026-06-18,2026-06-18,updated,1,
2026-06-18 21:33:47,301365,矩阵股份,2026-06-18,2026-06-18,started,0,
2026-06-18 21:33:47,301358,湖南裕能,2026-06-18,2026-06-18,updated,1,
2026-06-18 21:33:47,301357,北方长龙,2026-06-18,2026-06-18,updated,1,
2026-06-18 21:33:47,301366,一博科技,2026-06-18,2026-06-18,started,0,
2026-06-18 21:33:47,301360,荣旗科技,2026-06-18,2026-06-18,updated,1,
2026-06-18 21:33:47,301367,瑞迈特,2026-06-18,2026-06-18,started,0,
2026-06-18 21:33:47,301368,丰立智能,2026-06-18,2026-06-18,started,0,
2026-06-18 21:33:47,301359,东南电子,2026-06-18,2026-06-18,updated,1,
2026-06-18 21:33:47,301361,众智科技,2026-06-18,2026-06-18,updated,1,
2026-06-18 21:33:47,301369,联动科技,2026-06-18,2026-06-18,started,0,
2026-06-18 21:33:47,301370,国科恒泰,2026-06-18,2026-06-18,started,0,
2026-06-18 21:33:47,301362,民爆光电,2026-06-18,2026-06-18,updated,1,
2026-06-18 21:33:47,301371,敷尔佳,2026-06-18,2026-06-18,started,0,
2026-06-18 21:33:47,301363,美好医疗,2026-06-18,2026-06-18,updated,1,
2026-06-18 21:33:47,301372,科净源,2026-06-18,2026-06-18,started,0,
2026-06-18 21:33:47,301365,矩阵股份,2026-06-18,2026-06-18,updated,1,
2026-06-18 21:33:48,301366,一博科技,2026-06-18,2026-06-18,updated,1,
2026-06-18 21:33:48,301373,凌玮科技,2026-06-18,2026-06-18,started,0,
2026-06-18 21:33:48,301376,致欧科技,2026-06-18,2026-06-18,started,0,
2026-06-18 21:33:48,301368,丰立智能,2026-06-18,2026-06-18,updated,1,
2026-06-18 21:33:48,301377,鼎泰高科,2026-06-18,2026-06-18,started,0,
2026-06-18 21:33:48,301367,瑞迈特,2026-06-18,2026-06-18,updated,1,
2026-06-18 21:33:48,301369,联动科技,2026-06-18,2026-06-18,updated,1,
2026-06-18 21:33:48,301378,通达海,2026-06-18,2026-06-18,started,0,
2026-06-18 21:33:48,301379,天山电子,2026-06-18,2026-06-18,started,0,
2026-06-18 21:33:48,301370,国科恒泰,2026-06-18,2026-06-18,updated,1,
2026-06-18 21:33:48,301371,敷尔佳,2026-06-18,2026-06-18,updated,1,
2026-06-18 21:33:48,301380,挖金客,2026-06-18,2026-06-18,started,0,
2026-06-18 21:33:48,301381,赛维时代,2026-06-18,2026-06-18,started,0,
2026-06-18 21:33:48,301372,科净源,2026-06-18,2026-06-18,updated,1,
2026-06-18 21:33:48,301382,蜂助手,2026-06-18,2026-06-18,started,0,
2026-06-18 21:33:48,301373,凌玮科技,2026-06-18,2026-06-18,updated,1,
2026-06-18 21:33:48,301383,天键股份,2026-06-18,2026-06-18,started,0,
2026-06-18 21:33:48,301376,致欧科技,2026-06-18,2026-06-18,updated,1,
2026-06-18 21:33:48,301386,未来电器,2026-06-18,2026-06-18,started,0,
2026-06-18 21:33:48,301377,鼎泰高科,2026-06-18,2026-06-18,updated,1,
2026-06-18 21:33:48,301387,光大同创,2026-06-18,2026-06-18,started,0,
2026-06-18 21:33:48,301379,天山电子,2026-06-18,2026-06-18,updated,1,
2026-06-18 21:33:48,301378,通达海,2026-06-18,2026-06-18,updated,1,
2026-06-18 21:33:48,301388,欣灵电气,2026-06-18,2026-06-18,started,0,
2026-06-18 21:33:48,301380,挖金客,2026-06-18,2026-06-18,updated,1,
2026-06-18 21:33:49,301389,隆扬电子,2026-06-18,2026-06-18,started,0,
2026-06-18 21:33:49,301390,经纬股份,2026-06-18,2026-06-18,started,0,
2026-06-18 21:33:49,301382,蜂助手,2026-06-18,2026-06-18,updated,1,
2026-06-18 21:33:49,301381,赛维时代,2026-06-18,2026-06-18,updated,1,
2026-06-18 21:33:49,301391,卡莱特,2026-06-18,2026-06-18,started,0,
2026-06-18 21:33:49,301392,汇成真空,2026-06-18,2026-06-18,started,0,
2026-06-18 21:33:49,301383,天键股份,2026-06-18,2026-06-18,updated,1,
2026-06-18 21:33:49,301386,未来电器,2026-06-18,2026-06-18,updated,1,
2026-06-18 21:33:49,301393,昊帆生物,2026-06-18,2026-06-18,started,0,
2026-06-18 21:33:49,301395,仁信新材,2026-06-18,2026-06-18,started,0,
2026-06-18 21:33:49,301387,光大同创,2026-06-18,2026-06-18,updated,1,
2026-06-18 21:33:49,301396,宏景科技,2026-06-18,2026-06-18,started,0,
2026-06-18 21:33:49,301388,欣灵电气,2026-06-18,2026-06-18,updated,1,
2026-06-18 21:33:49,301389,隆扬电子,2026-06-18,2026-06-18,updated,1,
2026-06-18 21:33:49,301397,溯联股份,2026-06-18,2026-06-18,started,0,
2026-06-18 21:33:49,301390,经纬股份,2026-06-18,2026-06-18,updated,1,
2026-06-18 21:33:49,301398,星源卓镁,2026-06-18,2026-06-18,started,0,
2026-06-18 21:33:49,301399,英特科技,2026-06-18,2026-06-18,started,0,
2026-06-18 21:33:49,301392,汇成真空,2026-06-18,2026-06-18,updated,1,
2026-06-18 21:33:49,301391,卡莱特,2026-06-18,2026-06-18,updated,1,
2026-06-18 21:33:49,301408,华人健康,2026-06-18,2026-06-18,started,0,
2026-06-18 21:33:49,301413,安培龙,2026-06-18,2026-06-18,started,0,
2026-06-18 21:33:49,301393,昊帆生物,2026-06-18,2026-06-18,updated,1,
2026-06-18 21:33:49,301418,协昌科技,2026-06-18,2026-06-18,started,0,
2026-06-18 21:33:49,301395,仁信新材,2026-06-18,2026-06-18,updated,1,
2026-06-18 21:33:49,301396,宏景科技,2026-06-18,2026-06-18,updated,1,
2026-06-18 21:33:49,301419,阿莱德,2026-06-18,2026-06-18,started,0,
2026-06-18 21:33:49,301421,波长光电,2026-06-18,2026-06-18,started,0,
2026-06-18 21:33:49,301397,溯联股份,2026-06-18,2026-06-18,updated,1,
2026-06-18 21:33:50,301399,英特科技,2026-06-18,2026-06-18,updated,1,
2026-06-18 21:33:50,301428,世纪恒通,2026-06-18,2026-06-18,started,0,
2026-06-18 21:33:50,301398,星源卓镁,2026-06-18,2026-06-18,updated,1,
2026-06-18 21:33:50,301429,森泰股份,2026-06-18,2026-06-18,started,0,
2026-06-18 21:33:50,301439,泓淋电力,2026-06-18,2026-06-18,started,0,
2026-06-18 21:33:50,301408,华人健康,2026-06-18,2026-06-18,updated,1,
2026-06-18 21:33:50,301413,安培龙,2026-06-18,2026-06-18,updated,1,
2026-06-18 21:33:50,301446,福事特,2026-06-18,2026-06-18,started,0,
2026-06-18 21:33:50,301418,协昌科技,2026-06-18,2026-06-18,updated,1,
2026-06-18 21:33:50,301448,开创电气,2026-06-18,2026-06-18,started,0,
2026-06-18 21:33:50,301449,天溯计量,2026-06-18,2026-06-18,started,0,
2026-06-18 21:33:50,301419,阿莱德,2026-06-18,2026-06-18,updated,1,
2026-06-18 21:33:50,301456,盘古智能,2026-06-18,2026-06-18,started,0,
2026-06-18 21:33:50,301421,波长光电,2026-06-18,2026-06-18,updated,1,
2026-06-18 21:33:50,301428,世纪恒通,2026-06-18,2026-06-18,updated,1,
2026-06-18 21:33:50,301458,钧崴电子,2026-06-18,2026-06-18,started,0,
2026-06-18 21:33:50,301439,泓淋电力,2026-06-18,2026-06-18,updated,1,
2026-06-18 21:33:50,301459,丰茂股份,2026-06-18,2026-06-18,started,0,
2026-06-18 21:33:50,301468,博盈特焊,2026-06-18,2026-06-18,started,0,
2026-06-18 21:33:50,301429,森泰股份,2026-06-18,2026-06-18,updated,1,
2026-06-18 21:33:50,301469,恒达新材,2026-06-18,2026-06-18,started,0,
2026-06-18 21:33:50,301446,福事特,2026-06-18,2026-06-18,updated,1,
2026-06-18 21:33:50,301479,弘景光电,2026-06-18,2026-06-18,started,0,
2026-06-18 21:33:50,301449,天溯计量,2026-06-18,2026-06-18,updated,1,
2026-06-18 21:33:50,301486,致尚科技,2026-06-18,2026-06-18,started,0,
2026-06-18 21:33:50,301448,开创电气,2026-06-18,2026-06-18,updated,1,
2026-06-18 21:33:50,301487,盟固利,2026-06-18,2026-06-18,started,0,
2026-06-18 21:33:50,301456,盘古智能,2026-06-18,2026-06-18,updated,1,
2026-06-18 21:33:51,301458,钧崴电子,2026-06-18,2026-06-18,updated,1,
2026-06-18 21:33:51,301488,豪恩汽电,2026-06-18,2026-06-18,started,0,
2026-06-18 21:33:51,301489,思泉新材,2026-06-18,2026-06-18,started,0,
2026-06-18 21:33:51,301459,丰茂股份,2026-06-18,2026-06-18,updated,1,
2026-06-18 21:33:51,301469,恒达新材,2026-06-18,2026-06-18,updated,1,
2026-06-18 21:33:51,301491,汉桑科技,2026-06-18,2026-06-18,started,0,
2026-06-18 21:33:51,301468,博盈特焊,2026-06-18,2026-06-18,updated,1,
2026-06-18 21:33:51,301498,乖宝宠物,2026-06-18,2026-06-18,started,0,
2026-06-18 21:33:51,301499,维科精密,2026-06-18,2026-06-18,started,0,
2026-06-18 21:33:51,301479,弘景光电,2026-06-18,2026-06-18,updated,1,
2026-06-18 21:33:51,301486,致尚科技,2026-06-18,2026-06-18,updated,1,
2026-06-18 21:33:51,301500,飞南资源,2026-06-18,2026-06-18,started,0,
2026-06-18 21:33:51,301501,恒鑫生活,2026-06-18,2026-06-18,started,0,
2026-06-18 21:33:51,301487,盟固利,2026-06-18,2026-06-18,updated,1,
2026-06-18 21:33:51,301488,豪恩汽电,2026-06-18,2026-06-18,updated,1,
2026-06-18 21:33:51,301502,华阳智能,2026-06-18,2026-06-18,started,0,
2026-06-18 21:33:51,301503,智迪科技,2026-06-18,2026-06-18,started,0,
2026-06-18 21:33:51,301491,汉桑科技,2026-06-18,2026-06-18,updated,1,
2026-06-18 21:33:51,301505,苏州规划,2026-06-18,2026-06-18,started,0,
2026-06-18 21:33:51,301489,思泉新材,2026-06-18,2026-06-18,updated,1,
2026-06-18 21:33:51,301507,民生健康,2026-06-18,2026-06-18,started,0,
2026-06-18 21:33:51,301498,乖宝宠物,2026-06-18,2026-06-18,updated,1,
2026-06-18 21:33:51,301508,中机认检,2026-06-18,2026-06-18,started,0,
2026-06-18 21:33:51,301499,维科精密,2026-06-18,2026-06-18,updated,1,
2026-06-18 21:33:51,301500,飞南资源,2026-06-18,2026-06-18,updated,1,
2026-06-18 21:33:51,301509,金凯生科,2026-06-18,2026-06-18,started,0,
2026-06-18 21:33:52,301501,恒鑫生活,2026-06-18,2026-06-18,updated,1,
2026-06-18 21:33:52,301510,固高科技,2026-06-18,2026-06-18,started,0,
2026-06-18 21:33:52,301503,智迪科技,2026-06-18,2026-06-18,updated,1,
2026-06-18 21:33:52,301511,德福科技,2026-06-18,2026-06-18,started,0,
2026-06-18 21:33:52,301512,智信精密,2026-06-18,2026-06-18,started,0,
2026-06-18 21:33:52,301502,华阳智能,2026-06-18,2026-06-18,updated,1,
2026-06-18 21:33:52,301505,苏州规划,2026-06-18,2026-06-18,updated,1,
2026-06-18 21:33:52,301513,尚水智能,2026-06-18,2026-06-18,started,0,
2026-06-18 21:33:52,301507,民生健康,2026-06-18,2026-06-18,updated,1,
2026-06-18 21:33:52,301515,港通医疗,2026-06-18,2026-06-18,started,0,
2026-06-18 21:33:52,301516,中远通,2026-06-18,2026-06-18,started,0,
2026-06-18 21:33:52,301508,中机认检,2026-06-18,2026-06-18,updated,1,
2026-06-18 21:33:52,301517,陕西华达,2026-06-18,2026-06-18,started,0,
2026-06-18 21:33:52,301509,金凯生科,2026-06-18,2026-06-18,updated,1,
2026-06-18 21:33:52,301511,德福科技,2026-06-18,2026-06-18,updated,1,
2026-06-18 21:33:52,301518,长华化学,2026-06-18,2026-06-18,started,0,
2026-06-18 21:33:52,301519,舜禹股份,2026-06-18,2026-06-18,started,0,
2026-06-18 21:33:52,301510,固高科技,2026-06-18,2026-06-18,updated,1,
2026-06-18 21:33:52,301520,万邦医药,2026-06-18,2026-06-18,started,0,
2026-06-18 21:33:52,301512,智信精密,2026-06-18,2026-06-18,updated,1,
2026-06-18 21:33:52,301522,上大股份,2026-06-18,2026-06-18,started,0,
2026-06-18 21:33:52,301513,尚水智能,2026-06-18,2026-06-18,updated,1,
2026-06-18 21:33:52,301525,儒竞科技,2026-06-18,2026-06-18,started,0,
2026-06-18 21:33:52,301515,港通医疗,2026-06-18,2026-06-18,updated,1,
2026-06-18 21:33:52,301516,中远通,2026-06-18,2026-06-18,updated,1,
2026-06-18 21:33:52,301526,国际复材,2026-06-18,2026-06-18,started,0,
2026-06-18 21:33:52,301528,多浦乐,2026-06-18,2026-06-18,started,0,
2026-06-18 21:33:52,301517,陕西华达,2026-06-18,2026-06-18,updated,1,
2026-06-18 21:33:52,301529,福赛科技,2026-06-18,2026-06-18,started,0,
2026-06-18 21:33:53,301519,舜禹股份,2026-06-18,2026-06-18,updated,1,
2026-06-18 21:33:53,301531,春光集团,2026-06-18,2026-06-18,started,0,
2026-06-18 21:33:53,301518,长华化学,2026-06-18,2026-06-18,updated,1,
2026-06-18 21:33:53,301520,万邦医药,2026-06-18,2026-06-18,updated,1,
2026-06-18 21:33:53,301533,威马农机,2026-06-18,2026-06-18,started,0,
2026-06-18 21:33:53,301535,浙江华远,2026-06-18,2026-06-18,started,0,
2026-06-18 21:33:53,301522,上大股份,2026-06-18,2026-06-18,updated,1,
2026-06-18 21:33:53,301525,儒竞科技,2026-06-18,2026-06-18,updated,1,
2026-06-18 21:33:53,301536,星宸科技,2026-06-18,2026-06-18,started,0,
2026-06-18 21:33:53,301538,骏鼎达,2026-06-18,2026-06-18,started,0,
2026-06-18 21:33:53,301526,国际复材,2026-06-18,2026-06-18,updated,1,
2026-06-18 21:33:53,301539,宏鑫科技,2026-06-18,2026-06-18,started,0,
2026-06-18 21:33:53,301528,多浦乐,2026-06-18,2026-06-18,updated,1,
2026-06-18 21:33:53,301548,崇德科技,2026-06-18,2026-06-18,started,0,
2026-06-18 21:33:53,301529,福赛科技,2026-06-18,2026-06-18,updated,1,
2026-06-18 21:33:53,301531,春光集团,2026-06-18,2026-06-18,updated,1,
2026-06-18 21:33:53,301550,斯菱智驱,2026-06-18,2026-06-18,started,0,
2026-06-18 21:33:53,301551,无线传媒,2026-06-18,2026-06-18,started,0,
2026-06-18 21:33:53,301533,威马农机,2026-06-18,2026-06-18,updated,1,
2026-06-18 21:33:53,301552,科力装备,2026-06-18,2026-06-18,started,0,
2026-06-18 21:33:53,301535,浙江华远,2026-06-18,2026-06-18,updated,1,
2026-06-18 21:33:53,301555,惠柏新材,2026-06-18,2026-06-18,started,0,
2026-06-18 21:33:53,301536,星宸科技,2026-06-18,2026-06-18,updated,1,
2026-06-18 21:33:53,301538,骏鼎达,2026-06-18,2026-06-18,updated,1,
2026-06-18 21:33:53,301556,托普云农,2026-06-18,2026-06-18,started,0,
2026-06-18 21:33:53,301557,常友科技,2026-06-18,2026-06-18,started,0,
2026-06-18 21:33:53,301539,宏鑫科技,2026-06-18,2026-06-18,updated,1,
2026-06-18 21:33:53,301558,三态股份,2026-06-18,2026-06-18,started,0,
2026-06-18 21:33:53,301548,崇德科技,2026-06-18,2026-06-18,updated,1,
2026-06-18 21:33:54,301559,中集环科,2026-06-18,2026-06-18,started,0,
2026-06-18 21:33:54,301551,无线传媒,2026-06-18,2026-06-18,updated,1,
2026-06-18 21:33:54,301560,众捷汽车,2026-06-18,2026-06-18,started,0,
2026-06-18 21:33:54,301550,斯菱智驱,2026-06-18,2026-06-18,updated,1,
2026-06-18 21:33:54,301552,科力装备,2026-06-18,2026-06-18,updated,1,
2026-06-18 21:33:54,301563,云汉芯城,2026-06-18,2026-06-18,started,0,
2026-06-18 21:33:54,301555,惠柏新材,2026-06-18,2026-06-18,updated,1,
2026-06-18 21:33:54,301565,中仑新材,2026-06-18,2026-06-18,started,0,
2026-06-18 21:33:54,301566,达利凯普,2026-06-18,2026-06-18,started,0,
2026-06-18 21:33:54,301556,托普云农,2026-06-18,2026-06-18,updated,1,
2026-06-18 21:33:54,301567,贝隆精密,2026-06-18,2026-06-18,started,0,
2026-06-18 21:33:54,301557,常友科技,2026-06-18,2026-06-18,updated,1,
2026-06-18 21:33:54,301558,三态股份,2026-06-18,2026-06-18,updated,1,
2026-06-18 21:33:54,301568,思泰克,2026-06-18,2026-06-18,started,0,
2026-06-18 21:33:54,301571,国科天成,2026-06-18,2026-06-18,started,0,
2026-06-18 21:33:54,301559,中集环科,2026-06-18,2026-06-18,updated,1,
2026-06-18 21:33:54,301575,艾芬达,2026-06-18,2026-06-18,started,0,
2026-06-18 21:33:54,301560,众捷汽车,2026-06-18,2026-06-18,updated,1,
2026-06-18 21:33:54,301577,美信科技,2026-06-18,2026-06-18,started,0,
2026-06-18 21:33:54,301563,云汉芯城,2026-06-18,2026-06-18,updated,1,
2026-06-18 21:33:54,301578,辰奕智能,2026-06-18,2026-06-18,started,0,
2026-06-18 21:33:54,301565,中仑新材,2026-06-18,2026-06-18,updated,1,
2026-06-18 21:33:54,301566,达利凯普,2026-06-18,2026-06-18,updated,1,
2026-06-18 21:33:54,301580,爱迪特,2026-06-18,2026-06-18,started,0,
2026-06-18 21:33:54,301567,贝隆精密,2026-06-18,2026-06-18,updated,1,
2026-06-18 21:33:54,301581,黄山谷捷,2026-06-18,2026-06-18,started,0,
2026-06-18 21:33:54,301584,建发致新,2026-06-18,2026-06-18,started,0,
2026-06-18 21:33:54,301571,国科天成,2026-06-18,2026-06-18,updated,1,
2026-06-18 21:33:55,301585,蓝宇股份,2026-06-18,2026-06-18,started,0,
2026-06-18 21:33:55,301568,思泰克,2026-06-18,2026-06-18,updated,1,
2026-06-18 21:33:55,301586,佳力奇,2026-06-18,2026-06-18,started,0,
2026-06-18 21:33:55,301575,艾芬达,2026-06-18,2026-06-18,updated,1,
2026-06-18 21:33:55,301577,美信科技,2026-06-18,2026-06-18,updated,1,
2026-06-18 21:33:55,301587,中瑞股份,2026-06-18,2026-06-18,started,0,
2026-06-18 21:33:55,301578,辰奕智能,2026-06-18,2026-06-18,updated,1,
2026-06-18 21:33:55,301588,美新科技,2026-06-18,2026-06-18,started,0,
2026-06-18 21:33:55,301589,诺瓦星云,2026-06-18,2026-06-18,started,0,
2026-06-18 21:33:55,301580,爱迪特,2026-06-18,2026-06-18,updated,1,
2026-06-18 21:33:55,301590,优优绿能,2026-06-18,2026-06-18,started,0,
2026-06-18 21:33:55,301581,黄山谷捷,2026-06-18,2026-06-18,updated,1,
2026-06-18 21:33:55,301591,肯特股份,2026-06-18,2026-06-18,started,0,
2026-06-18 21:33:55,301584,建发致新,2026-06-18,2026-06-18,updated,1,
2026-06-18 21:33:55,301592,六九一二,2026-06-18,2026-06-18,started,0,
2026-06-18 21:33:55,301585,蓝宇股份,2026-06-18,2026-06-18,updated,1,
2026-06-18 21:33:55,301595,太力科技,2026-06-18,2026-06-18,started,0,
2026-06-18 21:33:55,301586,佳力奇,2026-06-18,2026-06-18,updated,1,
2026-06-18 21:33:55,301587,中瑞股份,2026-06-18,2026-06-18,updated,1,
2026-06-18 21:33:55,301596,瑞迪智驱,2026-06-18,2026-06-18,started,0,
2026-06-18 21:33:55,301598,博科测试,2026-06-18,2026-06-18,started,0,
2026-06-18 21:33:55,301588,美新科技,2026-06-18,2026-06-18,updated,1,
2026-06-18 21:33:55,301599,理奇智能,2026-06-18,2026-06-18,started,0,
2026-06-18 21:33:55,301589,诺瓦星云,2026-06-18,2026-06-18,updated,1,
2026-06-18 21:33:55,301600,慧翰股份,2026-06-18,2026-06-18,started,0,
2026-06-18 21:33:55,301590,优优绿能,2026-06-18,2026-06-18,updated,1,
2026-06-18 21:33:55,301601,惠通科技,2026-06-18,2026-06-18,started,0,
2026-06-18 21:33:55,301592,六九一二,2026-06-18,2026-06-18,updated,1,
2026-06-18 21:33:55,301602,超研股份,2026-06-18,2026-06-18,started,0,
2026-06-18 21:33:56,301591,肯特股份,2026-06-18,2026-06-18,updated,1,
2026-06-18 21:33:56,301595,太力科技,2026-06-18,2026-06-18,updated,1,
2026-06-18 21:33:56,301603,乔锋智能,2026-06-18,2026-06-18,started,0,
2026-06-18 21:33:56,301606,绿联科技,2026-06-18,2026-06-18,started,0,
2026-06-18 21:33:56,301598,博科测试,2026-06-18,2026-06-18,updated,1,
2026-06-18 21:33:56,301607,富特科技,2026-06-18,2026-06-18,started,0,
2026-06-18 21:33:56,301599,理奇智能,2026-06-18,2026-06-18,updated,1,
2026-06-18 21:33:56,301596,瑞迪智驱,2026-06-18,2026-06-18,updated,1,
2026-06-18 21:33:56,301608,博实结,2026-06-18,2026-06-18,started,0,
2026-06-18 21:33:56,301609,山大电力,2026-06-18,2026-06-18,started,0,
2026-06-18 21:33:56,301601,惠通科技,2026-06-18,2026-06-18,updated,1,
2026-06-18 21:33:56,301600,慧翰股份,2026-06-18,2026-06-18,updated,1,
2026-06-18 21:33:56,301611,珂玛科技,2026-06-18,2026-06-18,started,0,
2026-06-18 21:33:56,301613,新铝时代,2026-06-18,2026-06-18,started,0,
2026-06-18 21:33:56,301602,超研股份,2026-06-18,2026-06-18,updated,1,
2026-06-18 21:33:56,301616,浙江华业,2026-06-18,2026-06-18,started,0,
2026-06-18 21:33:56,301606,绿联科技,2026-06-18,2026-06-18,updated,1,
2026-06-18 21:33:56,301603,乔锋智能,2026-06-18,2026-06-18,updated,1,
2026-06-18 21:33:56,301617,博苑新材,2026-06-18,2026-06-18,started,0,
2026-06-18 21:33:56,301618,长联科技,2026-06-18,2026-06-18,started,0,
2026-06-18 21:33:56,301608,博实结,2026-06-18,2026-06-18,updated,1,
2026-06-18 21:33:56,301607,富特科技,2026-06-18,2026-06-18,updated,1,
2026-06-18 21:33:56,301622,英思特,2026-06-18,2026-06-18,started,0,
2026-06-18 21:33:56,301626,苏州天脉,2026-06-18,2026-06-18,started,0,
2026-06-18 21:33:56,301611,珂玛科技,2026-06-18,2026-06-18,updated,1,
2026-06-18 21:33:56,301609,山大电力,2026-06-18,2026-06-18,updated,1,
2026-06-18 21:33:56,301628,强达电路,2026-06-18,2026-06-18,started,0,
2026-06-18 21:33:56,301629,矽电股份,2026-06-18,2026-06-18,started,0,
2026-06-18 21:33:56,301616,浙江华业,2026-06-18,2026-06-18,updated,1,
2026-06-18 21:33:56,301613,新铝时代,2026-06-18,2026-06-18,updated,1,
2026-06-18 21:33:56,301630,同宇新材,2026-06-18,2026-06-18,started,0,
2026-06-18 21:33:57,301617,博苑新材,2026-06-18,2026-06-18,updated,1,
2026-06-18 21:33:57,301631,壹连科技,2026-06-18,2026-06-18,started,0,
2026-06-18 21:33:57,301618,长联科技,2026-06-18,2026-06-18,updated,1,
2026-06-18 21:33:57,301632,广东建科,2026-06-18,2026-06-18,started,0,
2026-06-18 21:33:57,301633,港迪技术,2026-06-18,2026-06-18,started,0,
2026-06-18 21:33:57,301622,英思特,2026-06-18,2026-06-18,updated,1,
2026-06-18 21:33:57,301636,泽润新能,2026-06-18,2026-06-18,started,0,
2026-06-18 21:33:57,301626,苏州天脉,2026-06-18,2026-06-18,updated,1,
2026-06-18 21:33:57,301638,南网数字,2026-06-18,2026-06-18,started,0,
2026-06-18 21:33:57,301628,强达电路,2026-06-18,2026-06-18,updated,1,
2026-06-18 21:33:57,301656,联合动力,2026-06-18,2026-06-18,started,0,
2026-06-18 21:33:57,301629,矽电股份,2026-06-18,2026-06-18,updated,1,
2026-06-18 21:33:57,301658,首航新能,2026-06-18,2026-06-18,started,0,
2026-06-18 21:33:57,301630,同宇新材,2026-06-18,2026-06-18,updated,1,
2026-06-18 21:33:57,301662,宏工科技,2026-06-18,2026-06-18,started,0,
2026-06-18 21:33:57,301631,壹连科技,2026-06-18,2026-06-18,updated,1,
2026-06-18 21:33:57,301665,泰禾股份,2026-06-18,2026-06-18,started,0,
2026-06-18 21:33:57,301632,广东建科,2026-06-18,2026-06-18,updated,1,
2026-06-18 21:33:57,301666,大普微,2026-06-18,2026-06-18,started,0,
2026-06-18 21:33:57,301633,港迪技术,2026-06-18,2026-06-18,updated,1,
2026-06-18 21:33:57,301636,泽润新能,2026-06-18,2026-06-18,updated,1,
2026-06-18 21:33:57,301667,纳百川,2026-06-18,2026-06-18,started,0,
2026-06-18 21:33:57,301668,昊创瑞通,2026-06-18,2026-06-18,started,0,
2026-06-18 21:33:57,301638,南网数字,2026-06-18,2026-06-18,updated,1,
2026-06-18 21:33:57,301669,高特电子,2026-06-18,2026-06-18,started,0,
2026-06-18 21:33:57,301656,联合动力,2026-06-18,2026-06-18,updated,1,
2026-06-18 21:33:57,301678,新恒汇,2026-06-18,2026-06-18,started,0,
2026-06-18 21:33:57,301658,首航新能,2026-06-18,2026-06-18,updated,1,
2026-06-18 21:33:58,301680,固德电材,2026-06-18,2026-06-18,started,0,
2026-06-18 21:33:58,301662,宏工科技,2026-06-18,2026-06-18,updated,1,
2026-06-18 21:33:58,301682,宏明电子,2026-06-18,2026-06-18,started,0,
2026-06-18 21:33:58,301666,大普微,2026-06-18,2026-06-18,updated,1,
2026-06-18 21:33:58,301683,慧谷新材,2026-06-18,2026-06-18,started,0,
2026-06-18 21:33:58,301665,泰禾股份,2026-06-18,2026-06-18,updated,1,
2026-06-18 21:33:58,301687,新广益,2026-06-18,2026-06-18,started,0,
2026-06-18 21:33:58,301667,纳百川,2026-06-18,2026-06-18,updated,1,
2026-06-18 21:33:58,301696,三瑞智能,2026-06-18,2026-06-18,started,0,
2026-06-18 21:33:58,301668,昊创瑞通,2026-06-18,2026-06-18,updated,1,
2026-06-18 21:33:58,301669,高特电子,2026-06-18,2026-06-18,updated,1,
2026-06-18 21:33:58,302132,中航成飞,2026-06-18,2026-06-18,started,0,
2026-06-18 21:33:58,600000,浦发银行,2026-06-18,2026-06-18,started,0,
2026-06-18 21:33:58,301678,新恒汇,2026-06-18,2026-06-18,updated,1,
2026-06-18 21:33:58,600004,白云机场,2026-06-18,2026-06-18,started,0,
2026-06-18 21:33:58,301682,宏明电子,2026-06-18,2026-06-18,updated,1,
2026-06-18 21:33:58,600006,东风股份,2026-06-18,2026-06-18,started,0,
2026-06-18 21:33:58,301680,固德电材,2026-06-18,2026-06-18,updated,1,
2026-06-18 21:33:58,600007,中国国贸,2026-06-18,2026-06-18,started,0,
2026-06-18 21:33:58,301683,慧谷新材,2026-06-18,2026-06-18,updated,1,
2026-06-18 21:33:58,600008,首创环保,2026-06-18,2026-06-18,started,0,
2026-06-18 21:33:58,301687,新广益,2026-06-18,2026-06-18,updated,1,
2026-06-18 21:33:58,600009,上海机场,2026-06-18,2026-06-18,started,0,
2026-06-18 21:33:58,301696,三瑞智能,2026-06-18,2026-06-18,updated,1,
2026-06-18 21:33:58,302132,中航成飞,2026-06-18,2026-06-18,updated,1,
2026-06-18 21:33:59,600010,包钢股份,2026-06-18,2026-06-18,started,0,
2026-06-18 21:33:59,600011,华能国际,2026-06-18,2026-06-18,started,0,
2026-06-18 21:33:59,600000,浦发银行,2026-06-18,2026-06-18,updated,1,
2026-06-18 21:33:59,600004,白云机场,2026-06-18,2026-06-18,updated,1,
2026-06-18 21:33:59,600012,皖通高速,2026-06-18,2026-06-18,started,0,
2026-06-18 21:33:59,600015,华夏银行,2026-06-18,2026-06-18,started,0,
2026-06-18 21:33:59,600006,东风股份,2026-06-18,2026-06-18,updated,1,
2026-06-18 21:33:59,600016,民生银行,2026-06-18,2026-06-18,started,0,
2026-06-18 21:33:59,600007,中国国贸,2026-06-18,2026-06-18,updated,1,
2026-06-18 21:33:59,600017,日照港,2026-06-18,2026-06-18,started,0,
2026-06-18 21:33:59,600008,首创环保,2026-06-18,2026-06-18,updated,1,
2026-06-18 21:33:59,600018,上港集团,2026-06-18,2026-06-18,started,0,
2026-06-18 21:33:59,600011,华能国际,2026-06-18,2026-06-18,updated,1,
2026-06-18 21:33:59,600010,包钢股份,2026-06-18,2026-06-18,updated,1,
2026-06-18 21:33:59,600019,宝钢股份,2026-06-18,2026-06-18,started,0,
2026-06-18 21:33:59,600009,上海机场,2026-06-18,2026-06-18,updated,1,
2026-06-18 21:33:59,600020,中原高速,2026-06-18,2026-06-18,started,0,
2026-06-18 21:33:59,600021,上海电力,2026-06-18,2026-06-18,started,0,
2026-06-18 21:33:59,600015,华夏银行,2026-06-18,2026-06-18,updated,1,
2026-06-18 21:33:59,600022,山东钢铁,2026-06-18,2026-06-18,started,0,
2026-06-18 21:33:59,600012,皖通高速,2026-06-18,2026-06-18,updated,1,
2026-06-18 21:33:59,600023,浙能电力,2026-06-18,2026-06-18,started,0,
2026-06-18 21:33:59,600016,民生银行,2026-06-18,2026-06-18,updated,1,
2026-06-18 21:33:59,600025,华能水电,2026-06-18,2026-06-18,started,0,
2026-06-18 21:34:00,600019,宝钢股份,2026-06-18,2026-06-18,updated,1,
2026-06-18 21:34:00,600018,上港集团,2026-06-18,2026-06-18,updated,1,
2026-06-18 21:34:00,600017,日照港,2026-06-18,2026-06-18,updated,1,
2026-06-18 21:34:00,600026,中远海能,2026-06-18,2026-06-18,started,0,
2026-06-18 21:34:00,600022,山东钢铁,2026-06-18,2026-06-18,updated,1,
2026-06-18 21:34:00,600027,华电国际,2026-06-18,2026-06-18,started,0,
2026-06-18 21:34:00,600028,中国石化,2026-06-18,2026-06-18,started,0,
2026-06-18 21:34:00,600029,南方航空,2026-06-18,2026-06-18,started,0,
2026-06-18 21:34:00,600021,上海电力,2026-06-18,2026-06-18,updated,1,
2026-06-18 21:34:00,600023,浙能电力,2026-06-18,2026-06-18,updated,1,
2026-06-18 21:34:00,600030,中信证券,2026-06-18,2026-06-18,started,0,
2026-06-18 21:34:00,600031,三一重工,2026-06-18,2026-06-18,started,0,
2026-06-18 21:34:00,600020,中原高速,2026-06-18,2026-06-18,updated,1,
2026-06-18 21:34:00,600032,浙江新能,2026-06-18,2026-06-18,started,0,
2026-06-18 21:34:00,600025,华能水电,2026-06-18,2026-06-18,updated,1,
2026-06-18 21:34:00,600033,福建高速,2026-06-18,2026-06-18,started,0,
2026-06-18 21:34:00,600029,南方航空,2026-06-18,2026-06-18,updated,1,
2026-06-18 21:34:00,600026,中远海能,2026-06-18,2026-06-18,updated,1,
2026-06-18 21:34:00,600035,楚天高速,2026-06-18,2026-06-18,started,0,
2026-06-18 21:34:01,600028,中国石化,2026-06-18,2026-06-18,updated,1,
2026-06-18 21:34:01,600036,招商银行,2026-06-18,2026-06-18,started,0,
2026-06-18 21:34:01,600027,华电国际,2026-06-18,2026-06-18,updated,1,
2026-06-18 21:34:01,600037,歌华有线,2026-06-18,2026-06-18,started,0,
2026-06-18 21:34:01,600038,中直股份,2026-06-18,2026-06-18,started,0,
2026-06-18 21:34:01,600030,中信证券,2026-06-18,2026-06-18,updated,1,
2026-06-18 21:34:01,600039,四川路桥,2026-06-18,2026-06-18,started,0,
2026-06-18 21:34:01,600031,三一重工,2026-06-18,2026-06-18,updated,1,
2026-06-18 21:34:01,600032,浙江新能,2026-06-18,2026-06-18,updated,1,
2026-06-18 21:34:01,600048,保利发展,2026-06-18,2026-06-18,started,0,
2026-06-18 21:34:01,600033,福建高速,2026-06-18,2026-06-18,updated,1,
2026-06-18 21:34:01,600050,中国联通,2026-06-18,2026-06-18,started,0,
2026-06-18 21:34:01,600035,楚天高速,2026-06-18,2026-06-18,updated,1,
2026-06-18 21:34:01,600051,宁波联合,2026-06-18,2026-06-18,started,0,
2026-06-18 21:34:01,600036,招商银行,2026-06-18,2026-06-18,updated,1,
2026-06-18 21:34:01,600052,东望时代,2026-06-18,2026-06-18,started,0,
2026-06-18 21:34:01,600038,中直股份,2026-06-18,2026-06-18,updated,1,
2026-06-18 21:34:01,600053,*ST九鼎,2026-06-18,2026-06-18,started,0,
2026-06-18 21:34:01,600054,黄山旅游,2026-06-18,2026-06-18,started,0,
2026-06-18 21:34:01,600037,歌华有线,2026-06-18,2026-06-18,updated,1,
2026-06-18 21:34:01,600055,万东医疗,2026-06-18,2026-06-18,started,0,
2026-06-18 21:34:01,600039,四川路桥,2026-06-18,2026-06-18,updated,1,
2026-06-18 21:34:02,600048,保利发展,2026-06-18,2026-06-18,updated,1,
2026-06-18 21:34:02,600056,中国医药,2026-06-18,2026-06-18,started,0,
2026-06-18 21:34:02,600050,中国联通,2026-06-18,2026-06-18,updated,1,
2026-06-18 21:34:02,600057,厦门象屿,2026-06-18,2026-06-18,started,0,
2026-06-18 21:34:02,600058,五矿发展,2026-06-18,2026-06-18,started,0,
2026-06-18 21:34:02,600051,宁波联合,2026-06-18,2026-06-18,updated,1,
2026-06-18 21:34:02,600052,东望时代,2026-06-18,2026-06-18,updated,1,
2026-06-18 21:34:02,600059,古越龙山,2026-06-18,2026-06-18,started,0,
2026-06-18 21:34:02,600053,*ST九鼎,2026-06-18,2026-06-18,updated,1,
2026-06-18 21:34:02,600060,海信视像,2026-06-18,2026-06-18,started,0,
2026-06-18 21:34:02,600054,黄山旅游,2026-06-18,2026-06-18,updated,1,
2026-06-18 21:34:02,600061,国投资本,2026-06-18,2026-06-18,started,0,
2026-06-18 21:34:02,600055,万东医疗,2026-06-18,2026-06-18,updated,1,
2026-06-18 21:34:02,600062,华润双鹤,2026-06-18,2026-06-18,started,0,
2026-06-18 21:34:02,600063,皖维高新,2026-06-18,2026-06-18,started,0,
2026-06-18 21:34:02,600056,中国医药,2026-06-18,2026-06-18,updated,1,
2026-06-18 21:34:02,600058,五矿发展,2026-06-18,2026-06-18,updated,1,
2026-06-18 21:34:02,600064,南京高科,2026-06-18,2026-06-18,started,0,
2026-06-18 21:34:03,600057,厦门象屿,2026-06-18,2026-06-18,updated,1,
2026-06-18 21:34:03,600066,宇通客车,2026-06-18,2026-06-18,started,0,
2026-06-18 21:34:03,600067,冠城新材,2026-06-18,2026-06-18,started,0,
2026-06-18 21:34:03,600059,古越龙山,2026-06-18,2026-06-18,updated,1,
2026-06-18 21:34:03,600071,凤凰光学,2026-06-18,2026-06-18,started,0,
2026-06-18 21:34:03,600060,海信视像,2026-06-18,2026-06-18,updated,1,
2026-06-18 21:34:03,600062,华润双鹤,2026-06-18,2026-06-18,updated,1,
2026-06-18 21:34:03,600072,中船科技,2026-06-18,2026-06-18,started,0,
2026-06-18 21:34:03,600073,光明肉业,2026-06-18,2026-06-18,started,0,
2026-06-18 21:34:03,600061,国投资本,2026-06-18,2026-06-18,updated,1,
2026-06-18 21:34:03,600063,皖维高新,2026-06-18,2026-06-18,updated,1,
2026-06-18 21:34:03,600075,新疆天业,2026-06-18,2026-06-18,started,0,
2026-06-18 21:34:03,600066,宇通客车,2026-06-18,2026-06-18,updated,1,
2026-06-18 21:34:03,600076,康欣新材,2026-06-18,2026-06-18,started,0,
2026-06-18 21:34:03,600078,澄星股份,2026-06-18,2026-06-18,started,0,
2026-06-18 21:34:03,600064,南京高科,2026-06-18,2026-06-18,updated,1,
2026-06-18 21:34:03,600067,冠城新材,2026-06-18,2026-06-18,updated,1,
2026-06-18 21:34:03,600079,ST人福,2026-06-18,2026-06-18,started,0,
2026-06-18 21:34:03,600071,凤凰光学,2026-06-18,2026-06-18,updated,1,
2026-06-18 21:34:03,600080,ST金花,2026-06-18,2026-06-18,started,0,
2026-06-18 21:34:04,600081,东风科技,2026-06-18,2026-06-18,started,0,
2026-06-18 21:34:04,600072,中船科技,2026-06-18,2026-06-18,updated,1,
2026-06-18 21:34:04,600073,光明肉业,2026-06-18,2026-06-18,updated,1,
2026-06-18 21:34:04,600082,ST海泰,2026-06-18,2026-06-18,started,0,
2026-06-18 21:34:04,600075,新疆天业,2026-06-18,2026-06-18,updated,1,
2026-06-18 21:34:04,600084,*ST尼雅,2026-06-18,2026-06-18,started,0,
2026-06-18 21:34:04,600076,康欣新材,2026-06-18,2026-06-18,updated,1,
2026-06-18 21:34:04,600085,同仁堂,2026-06-18,2026-06-18,started,0,
2026-06-18 21:34:04,600088,中视传媒,2026-06-18,2026-06-18,started,0,
2026-06-18 21:34:04,600078,澄星股份,2026-06-18,2026-06-18,updated,1,
2026-06-18 21:34:04,600089,特变电工,2026-06-18,2026-06-18,started,0,
2026-06-18 21:34:04,600079,ST人福,2026-06-18,2026-06-18,updated,1,
2026-06-18 21:34:04,600080,ST金花,2026-06-18,2026-06-18,updated,1,
2026-06-18 21:34:04,600094,大名城,2026-06-18,2026-06-18,started,0,
2026-06-18 21:34:04,600095,湘财股份,2026-06-18,2026-06-18,started,0,
2026-06-18 21:34:04,600081,东风科技,2026-06-18,2026-06-18,updated,1,
2026-06-18 21:34:04,600082,ST海泰,2026-06-18,2026-06-18,updated,1,
2026-06-18 21:34:04,600096,云天化,2026-06-18,2026-06-18,started,0,
2026-06-18 21:34:04,600084,*ST尼雅,2026-06-18,2026-06-18,updated,1,
2026-06-18 21:34:04,600097,开创国际,2026-06-18,2026-06-18,started,0,
2026-06-18 21:34:05,600098,广州发展,2026-06-18,2026-06-18,started,0,
2026-06-18 21:34:05,600085,同仁堂,2026-06-18,2026-06-18,updated,1,
2026-06-18 21:34:05,600099,林海股份,2026-06-18,2026-06-18,started,0,
2026-06-18 21:34:05,600088,中视传媒,2026-06-18,2026-06-18,updated,1,
2026-06-18 21:34:05,600100,同方股份,2026-06-18,2026-06-18,started,0,
2026-06-18 21:34:05,600089,特变电工,2026-06-18,2026-06-18,updated,1,
2026-06-18 21:34:05,600101,明星电力,2026-06-18,2026-06-18,started,0,
2026-06-18 21:34:05,600094,大名城,2026-06-18,2026-06-18,updated,1,
2026-06-18 21:34:05,600095,湘财股份,2026-06-18,2026-06-18,updated,1,
2026-06-18 21:34:05,600103,青山纸业,2026-06-18,2026-06-18,started,0,
2026-06-18 21:34:05,600096,云天化,2026-06-18,2026-06-18,updated,1,
2026-06-18 21:34:05,600104,上汽集团,2026-06-18,2026-06-18,started,0,
2026-06-18 21:34:05,600097,开创国际,2026-06-18,2026-06-18,updated,1,
2026-06-18 21:34:05,600105,永鼎股份,2026-06-18,2026-06-18,started,0,
2026-06-18 21:34:05,600098,广州发展,2026-06-18,2026-06-18,updated,1,
2026-06-18 21:34:05,600106,重庆路桥,2026-06-18,2026-06-18,started,0,
2026-06-18 21:34:05,600107,*ST尔雅,2026-06-18,2026-06-18,started,0,
2026-06-18 21:34:05,600099,林海股份,2026-06-18,2026-06-18,updated,1,
2026-06-18 21:34:05,600100,同方股份,2026-06-18,2026-06-18,updated,1,
2026-06-18 21:34:05,600108,亚盛集团,2026-06-18,2026-06-18,started,0,
2026-06-18 21:34:06,600109,国金证券,2026-06-18,2026-06-18,started,0,
2026-06-18 21:34:06,600101,明星电力,2026-06-18,2026-06-18,updated,1,
2026-06-18 21:34:06,600110,诺德股份,2026-06-18,2026-06-18,started,0,
2026-06-18 21:34:06,600103,青山纸业,2026-06-18,2026-06-18,updated,1,
2026-06-18 21:34:06,600105,永鼎股份,2026-06-18,2026-06-18,updated,1,
2026-06-18 21:34:06,600111,北方稀土,2026-06-18,2026-06-18,started,0,
2026-06-18 21:34:06,600113,浙江东日,2026-06-18,2026-06-18,started,0,
2026-06-18 21:34:06,600104,上汽集团,2026-06-18,2026-06-18,updated,1,
2026-06-18 21:34:06,600114,东睦股份,2026-06-18,2026-06-18,started,0,
2026-06-18 21:34:06,600106,重庆路桥,2026-06-18,2026-06-18,updated,1,
2026-06-18 21:34:06,600107,*ST尔雅,2026-06-18,2026-06-18,updated,1,
2026-06-18 21:34:06,600115,中国东航,2026-06-18,2026-06-18,started,0,
2026-06-18 21:34:06,600116,三峡水利,2026-06-18,2026-06-18,started,0,
2026-06-18 21:34:06,600108,亚盛集团,2026-06-18,2026-06-18,updated,1,
2026-06-18 21:34:06,600117,西宁特钢,2026-06-18,2026-06-18,started,0,
2026-06-18 21:34:06,600109,国金证券,2026-06-18,2026-06-18,updated,1,
2026-06-18 21:34:06,600118,中国卫星,2026-06-18,2026-06-18,started,0,
2026-06-18 21:34:06,600110,诺德股份,2026-06-18,2026-06-18,updated,1,
2026-06-18 21:34:07,600111,北方稀土,2026-06-18,2026-06-18,updated,1,
2026-06-18 21:34:07,600119,*ST长投,2026-06-18,2026-06-18,started,0,
2026-06-18 21:34:07,600113,浙江东日,2026-06-18,2026-06-18,updated,1,
2026-06-18 21:34:07,600120,浙江东方,2026-06-18,2026-06-18,started,0,
2026-06-18 21:34:07,600121,郑州煤电,2026-06-18,2026-06-18,started,0,
2026-06-18 21:34:07,600114,东睦股份,2026-06-18,2026-06-18,updated,1,
2026-06-18 21:34:07,600123,兰花科创,2026-06-18,2026-06-18,started,0,
2026-06-18 21:34:07,600115,中国东航,2026-06-18,2026-06-18,updated,1,
2026-06-18 21:34:07,600125,铁龙物流,2026-06-18,2026-06-18,started,0,
2026-06-18 21:34:07,600116,三峡水利,2026-06-18,2026-06-18,updated,1,
2026-06-18 21:34:07,600126,杭钢股份,2026-06-18,2026-06-18,started,0,
2026-06-18 21:34:07,600117,西宁特钢,2026-06-18,2026-06-18,updated,1,
2026-06-18 21:34:07,600127,金健米业,2026-06-18,2026-06-18,started,0,
2026-06-18 21:34:07,600118,中国卫星,2026-06-18,2026-06-18,updated,1,
2026-06-18 21:34:07,600119,*ST长投,2026-06-18,2026-06-18,updated,1,
2026-06-18 21:34:07,600128,苏豪弘业,2026-06-18,2026-06-18,started,0,
2026-06-18 21:34:07,600120,浙江东方,2026-06-18,2026-06-18,updated,1,
2026-06-18 21:34:07,600129,太极集团,2026-06-18,2026-06-18,started,0,
2026-06-18 21:34:07,600121,郑州煤电,2026-06-18,2026-06-18,updated,1,
2026-06-18 21:34:07,600130,波导股份,2026-06-18,2026-06-18,started,0,
2026-06-18 21:34:08,600123,兰花科创,2026-06-18,2026-06-18,updated,1,
2026-06-18 21:34:08,600131,国网信通,2026-06-18,2026-06-18,started,0,
2026-06-18 21:34:08,600132,重庆啤酒,2026-06-18,2026-06-18,started,0,
2026-06-18 21:34:08,600125,铁龙物流,2026-06-18,2026-06-18,updated,1,
2026-06-18 21:34:08,600133,东湖高新,2026-06-18,2026-06-18,started,0,
2026-06-18 21:34:08,600126,杭钢股份,2026-06-18,2026-06-18,updated,1,
2026-06-18 21:34:08,600135,乐凯胶片,2026-06-18,2026-06-18,started,0,
2026-06-18 21:34:08,600127,金健米业,2026-06-18,2026-06-18,updated,1,
2026-06-18 21:34:08,600136,ST明诚,2026-06-18,2026-06-18,started,0,
2026-06-18 21:34:08,600128,苏豪弘业,2026-06-18,2026-06-18,updated,1,
2026-06-18 21:34:08,600137,浪莎股份,2026-06-18,2026-06-18,started,0,
2026-06-18 21:34:08,600129,太极集团,2026-06-18,2026-06-18,updated,1,
2026-06-18 21:34:08,600130,波导股份,2026-06-18,2026-06-18,updated,1,
2026-06-18 21:34:08,600138,中青旅,2026-06-18,2026-06-18,started,0,
2026-06-18 21:34:08,600141,兴发集团,2026-06-18,2026-06-18,started,0,
2026-06-18 21:34:08,600131,国网信通,2026-06-18,2026-06-18,updated,1,
2026-06-18 21:34:08,600143,金发科技,2026-06-18,2026-06-18,started,0,
2026-06-18 21:34:08,600132,重庆啤酒,2026-06-18,2026-06-18,updated,1,
2026-06-18 21:34:08,600148,长春一东,2026-06-18,2026-06-18,started,0,
2026-06-18 21:34:08,600133,东湖高新,2026-06-18,2026-06-18,updated,1,
2026-06-18 21:34:09,600135,乐凯胶片,2026-06-18,2026-06-18,updated,1,
2026-06-18 21:34:09,600149,廊坊发展,2026-06-18,2026-06-18,started,0,
2026-06-18 21:34:09,600136,ST明诚,2026-06-18,2026-06-18,updated,1,
2026-06-18 21:34:09,600150,中国船舶,2026-06-18,2026-06-18,started,0,
2026-06-18 21:34:09,600137,浪莎股份,2026-06-18,2026-06-18,updated,1,
2026-06-18 21:34:09,600151,航天机电,2026-06-18,2026-06-18,started,0,
2026-06-18 21:34:09,600152,维科技术,2026-06-18,2026-06-18,started,0,
2026-06-18 21:34:09,600138,中青旅,2026-06-18,2026-06-18,updated,1,
2026-06-18 21:34:09,600153,建发股份,2026-06-18,2026-06-18,started,0,
2026-06-18 21:34:09,600141,兴发集团,2026-06-18,2026-06-18,updated,1,
2026-06-18 21:34:09,600143,金发科技,2026-06-18,2026-06-18,updated,1,
2026-06-18 21:34:09,600155,华创云信,2026-06-18,2026-06-18,started,0,
2026-06-18 21:34:09,600148,长春一东,2026-06-18,2026-06-18,updated,1,
2026-06-18 21:34:09,600156,华升股份,2026-06-18,2026-06-18,started,0,
2026-06-18 21:34:09,600157,永泰能源,2026-06-18,2026-06-18,started,0,
2026-06-18 21:34:09,600149,廊坊发展,2026-06-18,2026-06-18,updated,1,
2026-06-18 21:34:09,600150,中国船舶,2026-06-18,2026-06-18,updated,1,
2026-06-18 21:34:09,600158,中体产业,2026-06-18,2026-06-18,started,0,
2026-06-18 21:34:09,600153,建发股份,2026-06-18,2026-06-18,updated,1,
2026-06-18 21:34:10,600151,航天机电,2026-06-18,2026-06-18,updated,1,
2026-06-18 21:34:10,600159,大龙地产,2026-06-18,2026-06-18,started,0,
2026-06-18 21:34:10,600160,巨化股份,2026-06-18,2026-06-18,started,0,
2026-06-18 21:34:10,600161,天坛生物,2026-06-18,2026-06-18,started,0,
2026-06-18 21:34:10,600152,维科技术,2026-06-18,2026-06-18,updated,1,
2026-06-18 21:34:10,600155,华创云信,2026-06-18,2026-06-18,updated,1,
2026-06-18 21:34:10,600162,香江控股,2026-06-18,2026-06-18,started,0,
2026-06-18 21:34:10,600163,中闽能源,2026-06-18,2026-06-18,started,0,
2026-06-18 21:34:10,600156,华升股份,2026-06-18,2026-06-18,updated,1,
2026-06-18 21:34:10,600165,ST宁科,2026-06-18,2026-06-18,started,0,
2026-06-18 21:34:10,600157,永泰能源,2026-06-18,2026-06-18,updated,1,
2026-06-18 21:34:10,600166,福田汽车,2026-06-18,2026-06-18,started,0,
2026-06-18 21:34:10,600158,中体产业,2026-06-18,2026-06-18,updated,1,
2026-06-18 21:34:10,600160,巨化股份,2026-06-18,2026-06-18,updated,1,
2026-06-18 21:34:10,600167,联美控股,2026-06-18,2026-06-18,started,0,
2026-06-18 21:34:10,600159,大龙地产,2026-06-18,2026-06-18,updated,1,
2026-06-18 21:34:10,600168,武汉控股,2026-06-18,2026-06-18,started,0,
2026-06-18 21:34:10,600169,ST太重,2026-06-18,2026-06-18,started,0,
2026-06-18 21:34:10,600161,天坛生物,2026-06-18,2026-06-18,updated,1,
2026-06-18 21:34:11,600170,上海建工,2026-06-18,2026-06-18,started,0,
2026-06-18 21:34:11,600162,香江控股,2026-06-18,2026-06-18,updated,1,
2026-06-18 21:34:11,600163,中闽能源,2026-06-18,2026-06-18,updated,1,
2026-06-18 21:34:11,600171,上海贝岭,2026-06-18,2026-06-18,started,0,
2026-06-18 21:34:11,600172,黄河旋风,2026-06-18,2026-06-18,started,0,
2026-06-18 21:34:11,600165,ST宁科,2026-06-18,2026-06-18,updated,1,
2026-06-18 21:34:11,600173,卧龙新能,2026-06-18,2026-06-18,started,0,
2026-06-18 21:34:11,600166,福田汽车,2026-06-18,2026-06-18,updated,1,
2026-06-18 21:34:11,600167,联美控股,2026-06-18,2026-06-18,updated,1,
2026-06-18 21:34:11,600176,中国巨石,2026-06-18,2026-06-18,started,0,
2026-06-18 21:34:11,600168,武汉控股,2026-06-18,2026-06-18,updated,1,
2026-06-18 21:34:11,600177,雅戈尔,2026-06-18,2026-06-18,started,0,
2026-06-18 21:34:11,600178,东安动力,2026-06-18,2026-06-18,started,0,
2026-06-18 21:34:11,600169,ST太重,2026-06-18,2026-06-18,updated,1,
2026-06-18 21:34:11,600170,上海建工,2026-06-18,2026-06-18,updated,1,
2026-06-18 21:34:11,600179,安通控股,2026-06-18,2026-06-18,started,0,
2026-06-18 21:34:11,600171,上海贝岭,2026-06-18,2026-06-18,updated,1,
2026-06-18 21:34:11,600180,*ST瑞茂,2026-06-18,2026-06-18,started,0,
2026-06-18 21:34:11,600172,黄河旋风,2026-06-18,2026-06-18,updated,1,
2026-06-18 21:34:11,600182,S佳通,2026-06-18,2026-06-18,started,0,
2026-06-18 21:34:11,600183,生益科技,2026-06-18,2026-06-18,started,0,
2026-06-18 21:34:11,600173,卧龙新能,2026-06-18,2026-06-18,updated,1,
2026-06-18 21:34:12,600184,光电股份,2026-06-18,2026-06-18,started,0,
2026-06-18 21:34:12,600176,中国巨石,2026-06-18,2026-06-18,updated,1,
2026-06-18 21:34:12,600177,雅戈尔,2026-06-18,2026-06-18,updated,1,
2026-06-18 21:34:12,600185,珠免集团,2026-06-18,2026-06-18,started,0,
2026-06-18 21:34:12,600186,莲花控股,2026-06-18,2026-06-18,started,0,
2026-06-18 21:34:12,600178,东安动力,2026-06-18,2026-06-18,updated,1,
2026-06-18 21:34:12,600180,*ST瑞茂,2026-06-18,2026-06-18,updated,1,
2026-06-18 21:34:12,600187,*ST国中,2026-06-18,2026-06-18,started,0,
2026-06-18 21:34:12,600179,安通控股,2026-06-18,2026-06-18,updated,1,
2026-06-18 21:34:12,600188,兖矿能源,2026-06-18,2026-06-18,started,0,
2026-06-18 21:34:12,600182,S佳通,2026-06-18,2026-06-18,updated,1,
2026-06-18 21:34:12,600189,泉阳泉,2026-06-18,2026-06-18,started,0,
2026-06-18 21:34:12,600183,生益科技,2026-06-18,2026-06-18,updated,1,
2026-06-18 21:34:12,600191,华资实业,2026-06-18,2026-06-18,started,0,
2026-06-18 21:34:12,600184,光电股份,2026-06-18,2026-06-18,updated,1,
2026-06-18 21:34:12,600192,长城电工,2026-06-18,2026-06-18,started,0,
2026-06-18 21:34:12,600193,退市创兴,2026-06-18,2026-06-18,started,0,
2026-06-18 21:34:12,600185,珠免集团,2026-06-18,2026-06-18,updated,1,
2026-06-18 21:34:12,600186,莲花控股,2026-06-18,2026-06-18,updated,1,
2026-06-18 21:34:13,600195,中牧股份,2026-06-18,2026-06-18,started,0,
2026-06-18 21:34:13,600187,*ST国中,2026-06-18,2026-06-18,updated,1,
2026-06-18 21:34:13,600196,复星医药,2026-06-18,2026-06-18,started,0,
2026-06-18 21:34:13,600197,伊力特,2026-06-18,2026-06-18,started,0,
2026-06-18 21:34:13,600188,兖矿能源,2026-06-18,2026-06-18,updated,1,
2026-06-18 21:34:13,600189,泉阳泉,2026-06-18,2026-06-18,updated,1,
2026-06-18 21:34:13,600198,大唐电信,2026-06-18,2026-06-18,started,0,
2026-06-18 21:34:13,600191,华资实业,2026-06-18,2026-06-18,updated,1,
2026-06-18 21:34:13,600199,金种子酒,2026-06-18,2026-06-18,started,0,
2026-06-18 21:34:13,600192,长城电工,2026-06-18,2026-06-18,updated,1,
2026-06-18 21:34:13,600201,生物股份,2026-06-18,2026-06-18,started,0,
2026-06-18 21:34:13,600202,哈空调,2026-06-18,2026-06-18,started,0,
2026-06-18 21:34:13,600193,退市创兴,2026-06-18,2026-06-18,updated,1,
2026-06-18 21:34:13,600203,福日电子,2026-06-18,2026-06-18,started,0,
2026-06-18 21:34:13,600195,中牧股份,2026-06-18,2026-06-18,updated,1,
2026-06-18 21:34:13,600206,有研新材,2026-06-18,2026-06-18,started,0,
2026-06-18 21:34:13,600196,复星医药,2026-06-18,2026-06-18,updated,1,
2026-06-18 21:34:13,600207,安彩高科,2026-06-18,2026-06-18,started,0,
2026-06-18 21:34:13,600197,伊力特,2026-06-18,2026-06-18,updated,1,
2026-06-18 21:34:14,600198,大唐电信,2026-06-18,2026-06-18,updated,1,
2026-06-18 21:34:14,600208,衢州发展,2026-06-18,2026-06-18,started,0,
2026-06-18 21:34:14,600210,紫江企业,2026-06-18,2026-06-18,started,0,
2026-06-18 21:34:14,600199,金种子酒,2026-06-18,2026-06-18,updated,1,
2026-06-18 21:34:14,600203,福日电子,2026-06-18,2026-06-18,updated,1,
2026-06-18 21:34:14,600211,西藏药业,2026-06-18,2026-06-18,started,0,
2026-06-18 21:34:14,600202,哈空调,2026-06-18,2026-06-18,updated,1,
2026-06-18 21:34:14,600212,绿能慧充,2026-06-18,2026-06-18,started,0,
2026-06-18 21:34:14,600201,生物股份,2026-06-18,2026-06-18,updated,1,
2026-06-18 21:34:14,600215,派斯林,2026-06-18,2026-06-18,started,0,
2026-06-18 21:34:14,600206,有研新材,2026-06-18,2026-06-18,updated,1,
2026-06-18 21:34:14,600216,浙江医药,2026-06-18,2026-06-18,started,0,
2026-06-18 21:34:14,600207,安彩高科,2026-06-18,2026-06-18,updated,1,
2026-06-18 21:34:14,600217,中再资环,2026-06-18,2026-06-18,started,0,
2026-06-18 21:34:14,600218,全柴动力,2026-06-18,2026-06-18,started,0,
2026-06-18 21:34:14,600210,紫江企业,2026-06-18,2026-06-18,updated,1,
2026-06-18 21:34:14,600219,南山铝业,2026-06-18,2026-06-18,started,0,
2026-06-18 21:34:14,600208,衢州发展,2026-06-18,2026-06-18,updated,1,
2026-06-18 21:34:14,600221,海航控股,2026-06-18,2026-06-18,started,0,
2026-06-18 21:34:14,600211,西藏药业,2026-06-18,2026-06-18,updated,1,
2026-06-18 21:34:15,600215,派斯林,2026-06-18,2026-06-18,updated,1,
2026-06-18 21:34:15,600222,太龙药业,2026-06-18,2026-06-18,started,0,
2026-06-18 21:34:15,600223,福瑞达,2026-06-18,2026-06-18,started,0,
2026-06-18 21:34:15,600212,绿能慧充,2026-06-18,2026-06-18,updated,1,
2026-06-18 21:34:15,600216,浙江医药,2026-06-18,2026-06-18,updated,1,
2026-06-18 21:34:15,600226,亨通股份,2026-06-18,2026-06-18,started,0,
2026-06-18 21:34:15,600218,全柴动力,2026-06-18,2026-06-18,updated,1,
2026-06-18 21:34:15,600227,赤天化,2026-06-18,2026-06-18,started,0,
2026-06-18 21:34:15,600228,返利科技,2026-06-18,2026-06-18,started,0,
2026-06-18 21:34:15,600217,中再资环,2026-06-18,2026-06-18,updated,1,
2026-06-18 21:34:15,600229,城市传媒,2026-06-18,2026-06-18,started,0,
2026-06-18 21:34:15,600219,南山铝业,2026-06-18,2026-06-18,updated,1,
2026-06-18 21:34:15,600230,沧州大化,2026-06-18,2026-06-18,started,0,
2026-06-18 21:34:15,600221,海航控股,2026-06-18,2026-06-18,updated,1,
2026-06-18 21:34:15,600223,福瑞达,2026-06-18,2026-06-18,updated,1,
2026-06-18 21:34:15,600231,凌钢股份,2026-06-18,2026-06-18,started,0,
2026-06-18 21:34:15,600222,太龙药业,2026-06-18,2026-06-18,updated,1,
2026-06-18 21:34:15,600232,金鹰股份,2026-06-18,2026-06-18,started,0,
2026-06-18 21:34:15,600226,亨通股份,2026-06-18,2026-06-18,updated,1,
2026-06-18 21:34:15,600233,圆通速递,2026-06-18,2026-06-18,started,0,
2026-06-18 21:34:16,600227,赤天化,2026-06-18,2026-06-18,updated,1,
2026-06-18 21:34:16,600234,科新发展,2026-06-18,2026-06-18,started,0,
2026-06-18 21:34:16,600228,返利科技,2026-06-18,2026-06-18,updated,1,
2026-06-18 21:34:16,600235,民丰特纸,2026-06-18,2026-06-18,started,0,
2026-06-18 21:34:16,600236,桂冠电力,2026-06-18,2026-06-18,started,0,
2026-06-18 21:34:16,600229,城市传媒,2026-06-18,2026-06-18,updated,1,
2026-06-18 21:34:16,600230,沧州大化,2026-06-18,2026-06-18,updated,1,
2026-06-18 21:34:16,600237,铜峰电子,2026-06-18,2026-06-18,started,0,
2026-06-18 21:34:16,600238,*ST椰岛,2026-06-18,2026-06-18,started,0,
2026-06-18 21:34:16,600231,凌钢股份,2026-06-18,2026-06-18,updated,1,
2026-06-18 21:34:16,600232,金鹰股份,2026-06-18,2026-06-18,updated,1,
2026-06-18 21:34:16,600239,ST云城,2026-06-18,2026-06-18,started,0,
2026-06-18 21:34:16,600234,科新发展,2026-06-18,2026-06-18,updated,1,
2026-06-18 21:34:16,600241,时代万恒,2026-06-18,2026-06-18,started,0,
2026-06-18 21:34:16,600233,圆通速递,2026-06-18,2026-06-18,updated,1,
2026-06-18 21:34:16,600243,*ST海华,2026-06-18,2026-06-18,started,0,
2026-06-18 21:34:16,600246,万通发展,2026-06-18,2026-06-18,started,0,
2026-06-18 21:34:16,600235,民丰特纸,2026-06-18,2026-06-18,updated,1,
2026-06-18 21:34:16,600236,桂冠电力,2026-06-18,2026-06-18,updated,1,
2026-06-18 21:34:16,600248,陕建股份,2026-06-18,2026-06-18,started,0,
2026-06-18 21:34:16,600249,两面针,2026-06-18,2026-06-18,started,0,
2026-06-18 21:34:17,600237,铜峰电子,2026-06-18,2026-06-18,updated,1,
2026-06-18 21:34:17,600250,南京商旅,2026-06-18,2026-06-18,started,0,
2026-06-18 21:34:17,600238,*ST椰岛,2026-06-18,2026-06-18,updated,1,
2026-06-18 21:34:17,600251,冠农股份,2026-06-18,2026-06-18,started,0,
2026-06-18 21:34:17,600239,ST云城,2026-06-18,2026-06-18,updated,1,
2026-06-18 21:34:17,600252,中恒集团,2026-06-18,2026-06-18,started,0,
2026-06-18 21:34:17,600241,时代万恒,2026-06-18,2026-06-18,updated,1,
2026-06-18 21:34:17,600243,*ST海华,2026-06-18,2026-06-18,updated,1,
2026-06-18 21:34:17,600255,鑫科材料,2026-06-18,2026-06-18,started,0,
2026-06-18 21:34:17,600246,万通发展,2026-06-18,2026-06-18,updated,1,
2026-06-18 21:34:17,600256,广汇能源,2026-06-18,2026-06-18,started,0,
2026-06-18 21:34:17,600248,陕建股份,2026-06-18,2026-06-18,updated,1,
2026-06-18 21:34:17,600257,大湖股份,2026-06-18,2026-06-18,started,0,
2026-06-18 21:34:17,600249,两面针,2026-06-18,2026-06-18,updated,1,
2026-06-18 21:34:17,600258,首旅酒店,2026-06-18,2026-06-18,started,0,
2026-06-18 21:34:17,600259,中稀有色,2026-06-18,2026-06-18,started,0,
2026-06-18 21:34:17,600250,南京商旅,2026-06-18,2026-06-18,updated,1,
2026-06-18 21:34:17,600251,冠农股份,2026-06-18,2026-06-18,updated,1,
2026-06-18 21:34:17,600261,阳光照明,2026-06-18,2026-06-18,started,0,
2026-06-18 21:34:17,600262,北方股份,2026-06-18,2026-06-18,started,0,
2026-06-18 21:34:18,600252,中恒集团,2026-06-18,2026-06-18,updated,1,
2026-06-18 21:34:18,600265,*ST景谷,2026-06-18,2026-06-18,started,0,
2026-06-18 21:34:18,600255,鑫科材料,2026-06-18,2026-06-18,updated,1,
2026-06-18 21:34:18,600256,广汇能源,2026-06-18,2026-06-18,updated,1,
2026-06-18 21:34:18,600266,城建发展,2026-06-18,2026-06-18,started,0,
2026-06-18 21:34:18,600257,大湖股份,2026-06-18,2026-06-18,updated,1,
2026-06-18 21:34:18,600267,海正药业,2026-06-18,2026-06-18,started,0,
2026-06-18 21:34:18,600258,首旅酒店,2026-06-18,2026-06-18,updated,1,
2026-06-18 21:34:18,600268,国电南自,2026-06-18,2026-06-18,started,0,
2026-06-18 21:34:18,600259,中稀有色,2026-06-18,2026-06-18,updated,1,
2026-06-18 21:34:18,600269,赣粤高速,2026-06-18,2026-06-18,started,0,
2026-06-18 21:34:18,600261,阳光照明,2026-06-18,2026-06-18,updated,1,
2026-06-18 21:34:18,600271,航天信息,2026-06-18,2026-06-18,started,0,
2026-06-18 21:34:18,600262,北方股份,2026-06-18,2026-06-18,updated,1,
2026-06-18 21:34:18,600272,开开实业,2026-06-18,2026-06-18,started,0,
2026-06-18 21:34:18,600265,*ST景谷,2026-06-18,2026-06-18,updated,1,
2026-06-18 21:34:18,600273,嘉化能源,2026-06-18,2026-06-18,started,0,
2026-06-18 21:34:18,600266,城建发展,2026-06-18,2026-06-18,updated,1,
2026-06-18 21:34:18,600276,恒瑞医药,2026-06-18,2026-06-18,started,0,
2026-06-18 21:34:19,600278,东方创业,2026-06-18,2026-06-18,started,0,
2026-06-18 21:34:19,600267,海正药业,2026-06-18,2026-06-18,updated,1,
2026-06-18 21:34:19,600268,国电南自,2026-06-18,2026-06-18,updated,1,
2026-06-18 21:34:19,600279,重庆港,2026-06-18,2026-06-18,started,0,
2026-06-18 21:34:19,600269,赣粤高速,2026-06-18,2026-06-18,updated,1,
2026-06-18 21:34:19,600280,中央商场,2026-06-18,2026-06-18,started,0,
2026-06-18 21:34:19,600271,航天信息,2026-06-18,2026-06-18,updated,1,
2026-06-18 21:34:19,600281,华阳新材,2026-06-18,2026-06-18,started,0,
2026-06-18 21:34:19,600282,南钢股份,2026-06-18,2026-06-18,started,0,
2026-06-18 21:34:19,600272,开开实业,2026-06-18,2026-06-18,updated,1,
2026-06-18 21:34:19,600273,嘉化能源,2026-06-18,2026-06-18,updated,1,
2026-06-18 21:34:19,600283,钱江水利,2026-06-18,2026-06-18,started,0,
2026-06-18 21:34:19,600284,浦东建设,2026-06-18,2026-06-18,started,0,
2026-06-18 21:34:19,600276,恒瑞医药,2026-06-18,2026-06-18,updated,1,
2026-06-18 21:34:19,600278,东方创业,2026-06-18,2026-06-18,updated,1,
2026-06-18 21:34:19,600285,羚锐制药,2026-06-18,2026-06-18,started,0,
2026-06-18 21:34:19,600287,苏豪时尚,2026-06-18,2026-06-18,started,0,
2026-06-18 21:34:19,600279,重庆港,2026-06-18,2026-06-18,updated,1,
2026-06-18 21:34:19,600288,大恒科技,2026-06-18,2026-06-18,started,0,
2026-06-18 21:34:19,600280,中央商场,2026-06-18,2026-06-18,updated,1,
2026-06-18 21:34:20,600282,南钢股份,2026-06-18,2026-06-18,updated,1,
2026-06-18 21:34:20,600289,ST信通,2026-06-18,2026-06-18,started,0,
2026-06-18 21:34:20,600281,华阳新材,2026-06-18,2026-06-18,updated,1,
2026-06-18 21:34:20,600292,电投水电,2026-06-18,2026-06-18,started,0,
2026-06-18 21:34:20,600283,钱江水利,2026-06-18,2026-06-18,updated,1,
2026-06-18 21:34:20,600293,三峡新材,2026-06-18,2026-06-18,started,0,
2026-06-18 21:34:20,600284,浦东建设,2026-06-18,2026-06-18,updated,1,
2026-06-18 21:34:20,600295,鄂尔多斯,2026-06-18,2026-06-18,started,0,
2026-06-18 21:34:20,600285,羚锐制药,2026-06-18,2026-06-18,updated,1,
2026-06-18 21:34:20,600298,安琪酵母,2026-06-18,2026-06-18,started,0,
2026-06-18 21:34:20,600287,苏豪时尚,2026-06-18,2026-06-18,updated,1,
2026-06-18 21:34:20,600299,安迪苏,2026-06-18,2026-06-18,started,0,
2026-06-18 21:34:20,600300,维维股份,2026-06-18,2026-06-18,started,0,
2026-06-18 21:34:20,600288,大恒科技,2026-06-18,2026-06-18,updated,1,
2026-06-18 21:34:20,600301,华锡有色,2026-06-18,2026-06-18,started,0,
2026-06-18 21:34:20,600289,ST信通,2026-06-18,2026-06-18,updated,1,
2026-06-18 21:34:20,600292,电投水电,2026-06-18,2026-06-18,updated,1,
2026-06-18 21:34:20,600302,ST标准,2026-06-18,2026-06-18,started,0,
2026-06-18 21:34:20,600293,三峡新材,2026-06-18,2026-06-18,updated,1,
2026-06-18 21:34:21,600303,曙光股份,2026-06-18,2026-06-18,started,0,
2026-06-18 21:34:21,600295,鄂尔多斯,2026-06-18,2026-06-18,updated,1,
2026-06-18 21:34:21,600305,恒顺醋业,2026-06-18,2026-06-18,started,0,
2026-06-18 21:34:21,600298,安琪酵母,2026-06-18,2026-06-18,updated,1,
2026-06-18 21:34:21,600307,酒钢宏兴,2026-06-18,2026-06-18,started,0,
2026-06-18 21:34:21,600308,华泰股份,2026-06-18,2026-06-18,started,0,
2026-06-18 21:34:21,600299,安迪苏,2026-06-18,2026-06-18,updated,1,
2026-06-18 21:34:21,600309,万华化学,2026-06-18,2026-06-18,started,0,
2026-06-18 21:34:21,600300,维维股份,2026-06-18,2026-06-18,updated,1,
2026-06-18 21:34:21,600310,广西能源,2026-06-18,2026-06-18,started,0,
2026-06-18 21:34:21,600301,华锡有色,2026-06-18,2026-06-18,updated,1,
2026-06-18 21:34:21,600302,ST标准,2026-06-18,2026-06-18,updated,1,
2026-06-18 21:34:21,600312,平高电气,2026-06-18,2026-06-18,started,0,
2026-06-18 21:34:21,600303,曙光股份,2026-06-18,2026-06-18,updated,1,
2026-06-18 21:34:21,600313,农发种业,2026-06-18,2026-06-18,started,0,
2026-06-18 21:34:21,600315,上海家化,2026-06-18,2026-06-18,started,0,
2026-06-18 21:34:21,600305,恒顺醋业,2026-06-18,2026-06-18,updated,1,
2026-06-18 21:34:21,600316,洪都航空,2026-06-18,2026-06-18,started,0,
2026-06-18 21:34:21,600307,酒钢宏兴,2026-06-18,2026-06-18,updated,1,
2026-06-18 21:34:21,600308,华泰股份,2026-06-18,2026-06-18,updated,1,
2026-06-18 21:34:21,600318,新力金融,2026-06-18,2026-06-18,started,0,
2026-06-18 21:34:22,600309,万华化学,2026-06-18,2026-06-18,updated,1,
2026-06-18 21:34:22,600319,亚星化学,2026-06-18,2026-06-18,started,0,
2026-06-18 21:34:22,600320,振华重工,2026-06-18,2026-06-18,started,0,
2026-06-18 21:34:22,600310,广西能源,2026-06-18,2026-06-18,updated,1,
2026-06-18 21:34:22,600322,津投城开,2026-06-18,2026-06-18,started,0,
2026-06-18 21:34:22,600312,平高电气,2026-06-18,2026-06-18,updated,1,
2026-06-18 21:34:22,600315,上海家化,2026-06-18,2026-06-18,updated,1,
2026-06-18 21:34:22,600323,瀚蓝环境,2026-06-18,2026-06-18,started,0,
2026-06-18 21:34:22,600313,农发种业,2026-06-18,2026-06-18,updated,1,
2026-06-18 21:34:22,600325,华发股份,2026-06-18,2026-06-18,started,0,
2026-06-18 21:34:22,600316,洪都航空,2026-06-18,2026-06-18,updated,1,
2026-06-18 21:34:22,600326,西藏天路,2026-06-18,2026-06-18,started,0,
2026-06-18 21:34:22,600318,新力金融,2026-06-18,2026-06-18,updated,1,
2026-06-18 21:34:22,600327,大东方,2026-06-18,2026-06-18,started,0,
2026-06-18 21:34:22,600319,亚星化学,2026-06-18,2026-06-18,updated,1,
2026-06-18 21:34:22,600328,中盐化工,2026-06-18,2026-06-18,started,0,
2026-06-18 21:34:22,600320,振华重工,2026-06-18,2026-06-18,updated,1,
2026-06-18 21:34:22,600329,达仁堂,2026-06-18,2026-06-18,started,0,
2026-06-18 21:34:22,600322,津投城开,2026-06-18,2026-06-18,updated,1,
2026-06-18 21:34:22,600330,天通股份,2026-06-18,2026-06-18,started,0,
2026-06-18 21:34:22,600331,宏达股份,2026-06-18,2026-06-18,started,0,
2026-06-18 21:34:22,600323,瀚蓝环境,2026-06-18,2026-06-18,updated,1,
2026-06-18 21:34:23,600332,白云山,2026-06-18,2026-06-18,started,0,
2026-06-18 21:34:23,600325,华发股份,2026-06-18,2026-06-18,updated,1,
2026-06-18 21:34:23,600333,长春燃气,2026-06-18,2026-06-18,started,0,
2026-06-18 21:34:23,600326,西藏天路,2026-06-18,2026-06-18,updated,1,
2026-06-18 21:34:23,600327,大东方,2026-06-18,2026-06-18,updated,1,
2026-06-18 21:34:23,600328,中盐化工,2026-06-18,2026-06-18,updated,1,
2026-06-18 21:34:23,600335,国机汽车,2026-06-18,2026-06-18,started,0,
2026-06-18 21:34:23,600336,澳柯玛,2026-06-18,2026-06-18,started,0,
2026-06-18 21:34:23,600329,达仁堂,2026-06-18,2026-06-18,updated,1,
2026-06-18 21:34:23,600337,ST美克,2026-06-18,2026-06-18,started,0,
2026-06-18 21:34:23,600330,天通股份,2026-06-18,2026-06-18,updated,1,
2026-06-18 21:34:23,600331,宏达股份,2026-06-18,2026-06-18,updated,1,
2026-06-18 21:34:23,600339,中油工程,2026-06-18,2026-06-18,started,0,
2026-06-18 21:34:23,600338,西藏珠峰,2026-06-18,2026-06-18,started,0,
2026-06-18 21:34:23,600332,白云山,2026-06-18,2026-06-18,updated,1,
2026-06-18 21:34:23,600340,*ST华幸,2026-06-18,2026-06-18,started,0,
2026-06-18 21:34:23,600343,航天动力,2026-06-18,2026-06-18,started,0,
2026-06-18 21:34:23,600333,长春燃气,2026-06-18,2026-06-18,updated,1,
2026-06-18 21:34:23,600345,长江通信,2026-06-18,2026-06-18,started,0,
2026-06-18 21:34:24,600335,国机汽车,2026-06-18,2026-06-18,updated,1,
2026-06-18 21:34:24,600336,澳柯玛,2026-06-18,2026-06-18,updated,1,
2026-06-18 21:34:24,600346,恒力石化,2026-06-18,2026-06-18,started,0,
2026-06-18 21:34:24,600337,ST美克,2026-06-18,2026-06-18,updated,1,
2026-06-18 21:34:24,600348,华阳股份,2026-06-18,2026-06-18,started,0,
2026-06-18 21:34:24,600339,中油工程,2026-06-18,2026-06-18,updated,1,
2026-06-18 21:34:24,600338,西藏珠峰,2026-06-18,2026-06-18,updated,1,
2026-06-18 21:34:24,600350,山东高速,2026-06-18,2026-06-18,started,0,
2026-06-18 21:34:24,600351,亚宝药业,2026-06-18,2026-06-18,started,0,
2026-06-18 21:34:24,600352,浙江龙盛,2026-06-18,2026-06-18,started,0,
2026-06-18 21:34:24,600340,*ST华幸,2026-06-18,2026-06-18,updated,1,
2026-06-18 21:34:24,600353,旭光电子,2026-06-18,2026-06-18,started,0,
2026-06-18 21:34:24,600343,航天动力,2026-06-18,2026-06-18,updated,1,
2026-06-18 21:34:24,600354,敦煌种业,2026-06-18,2026-06-18,started,0,
2026-06-18 21:34:24,600345,长江通信,2026-06-18,2026-06-18,updated,1,
2026-06-18 21:34:24,600356,恒丰纸业,2026-06-18,2026-06-18,started,0,
2026-06-18 21:34:24,600346,恒力石化,2026-06-18,2026-06-18,updated,1,
2026-06-18 21:34:24,600358,国旅联合,2026-06-18,2026-06-18,started,0,
2026-06-18 21:34:24,600348,华阳股份,2026-06-18,2026-06-18,updated,1,
2026-06-18 21:34:24,600350,山东高速,2026-06-18,2026-06-18,updated,1,
2026-06-18 21:34:25,600351,亚宝药业,2026-06-18,2026-06-18,updated,1,
2026-06-18 21:34:25,600359,新农开发,2026-06-18,2026-06-18,started,0,
2026-06-18 21:34:25,600360,华微电子,2026-06-18,2026-06-18,started,0,
2026-06-18 21:34:25,600361,创新新材,2026-06-18,2026-06-18,started,0,
2026-06-18 21:34:25,600352,浙江龙盛,2026-06-18,2026-06-18,updated,1,
2026-06-18 21:34:25,600353,旭光电子,2026-06-18,2026-06-18,updated,1,
2026-06-18 21:34:25,600362,江西铜业,2026-06-18,2026-06-18,started,0,
2026-06-18 21:34:25,600363,联创光电,2026-06-18,2026-06-18,started,0,
2026-06-18 21:34:25,600354,敦煌种业,2026-06-18,2026-06-18,updated,1,
2026-06-18 21:34:25,600356,恒丰纸业,2026-06-18,2026-06-18,updated,1,
2026-06-18 21:34:25,600365,ST通葡,2026-06-18,2026-06-18,started,0,
2026-06-18 21:34:25,600366,宁波韵升,2026-06-18,2026-06-18,started,0,
2026-06-18 21:34:25,600358,国旅联合,2026-06-18,2026-06-18,updated,1,
2026-06-18 21:34:25,600367,红星发展,2026-06-18,2026-06-18,started,0,
2026-06-18 21:34:25,600360,华微电子,2026-06-18,2026-06-18,updated,1,
2026-06-18 21:34:25,600359,新农开发,2026-06-18,2026-06-18,updated,1,
2026-06-18 21:34:25,600368,五洲交通,2026-06-18,2026-06-18,started,0,
2026-06-18 21:34:25,600361,创新新材,2026-06-18,2026-06-18,updated,1,
2026-06-18 21:34:25,600369,西南证券,2026-06-18,2026-06-18,started,0,
2026-06-18 21:34:25,600362,江西铜业,2026-06-18,2026-06-18,updated,1,
2026-06-18 21:34:26,600370,*ST三房,2026-06-18,2026-06-18,started,0,
2026-06-18 21:34:26,600363,联创光电,2026-06-18,2026-06-18,updated,1,
2026-06-18 21:34:26,600371,万向德农,2026-06-18,2026-06-18,started,0,
2026-06-18 21:34:26,600365,ST通葡,2026-06-18,2026-06-18,updated,1,
2026-06-18 21:34:26,600372,中航机载,2026-06-18,2026-06-18,started,0,
2026-06-18 21:34:26,600366,宁波韵升,2026-06-18,2026-06-18,updated,1,
2026-06-18 21:34:26,600373,中文传媒,2026-06-18,2026-06-18,started,0,
2026-06-18 21:34:26,600367,红星发展,2026-06-18,2026-06-18,updated,1,
2026-06-18 21:34:26,600375,汉马科技,2026-06-18,2026-06-18,started,0,
2026-06-18 21:34:26,600376,首开股份,2026-06-18,2026-06-18,started,0,
2026-06-18 21:34:26,600368,五洲交通,2026-06-18,2026-06-18,updated,1,
2026-06-18 21:34:26,600377,宁沪高速,2026-06-18,2026-06-18,started,0,
2026-06-18 21:34:26,600369,西南证券,2026-06-18,2026-06-18,updated,1,
2026-06-18 21:34:26,600370,*ST三房,2026-06-18,2026-06-18,updated,1,
2026-06-18 21:34:26,600378,昊华科技,2026-06-18,2026-06-18,started,0,
2026-06-18 21:34:26,600379,宝光股份,2026-06-18,2026-06-18,started,0,
2026-06-18 21:34:26,600371,万向德农,2026-06-18,2026-06-18,updated,1,
2026-06-18 21:34:26,600372,中航机载,2026-06-18,2026-06-18,updated,1,
2026-06-18 21:34:26,600380,健康元,2026-06-18,2026-06-18,started,0,
2026-06-18 21:34:26,600375,汉马科技,2026-06-18,2026-06-18,updated,1,
2026-06-18 21:34:26,600381,*ST春天,2026-06-18,2026-06-18,started,0,
2026-06-18 21:34:26,600382,广东明珠,2026-06-18,2026-06-18,started,0,
2026-06-18 21:34:26,600373,中文传媒,2026-06-18,2026-06-18,updated,1,
2026-06-18 21:34:27,600376,首开股份,2026-06-18,2026-06-18,updated,1,
2026-06-18 21:34:27,600383,金地集团,2026-06-18,2026-06-18,started,0,
2026-06-18 21:34:27,600377,宁沪高速,2026-06-18,2026-06-18,updated,1,
2026-06-18 21:34:27,600386,北巴传媒,2026-06-18,2026-06-18,started,0,
2026-06-18 21:34:27,600388,龙净环保,2026-06-18,2026-06-18,started,0,
2026-06-18 21:34:27,600378,昊华科技,2026-06-18,2026-06-18,updated,1,
2026-06-18 21:34:27,600389,江山股份,2026-06-18,2026-06-18,started,0,
2026-06-18 21:34:27,600379,宝光股份,2026-06-18,2026-06-18,updated,1,
2026-06-18 21:34:27,600390,五矿资本,2026-06-18,2026-06-18,started,0,
2026-06-18 21:34:27,600380,健康元,2026-06-18,2026-06-18,updated,1,
2026-06-18 21:34:27,600382,广东明珠,2026-06-18,2026-06-18,updated,1,
2026-06-18 21:34:27,600391,航发科技,2026-06-18,2026-06-18,started,0,
2026-06-18 21:34:27,600381,*ST春天,2026-06-18,2026-06-18,updated,1,
2026-06-18 21:34:27,600392,盛和资源,2026-06-18,2026-06-18,started,0,
2026-06-18 21:34:27,600383,金地集团,2026-06-18,2026-06-18,updated,1,
2026-06-18 21:34:27,600395,盘江股份,2026-06-18,2026-06-18,started,0,
2026-06-18 21:34:27,600386,北巴传媒,2026-06-18,2026-06-18,updated,1,
2026-06-18 21:34:27,600396,华电辽能,2026-06-18,2026-06-18,started,0,
2026-06-18 21:34:27,600397,江钨装备,2026-06-18,2026-06-18,started,0,
2026-06-18 21:34:27,600388,龙净环保,2026-06-18,2026-06-18,updated,1,
2026-06-18 21:34:28,600398,海澜之家,2026-06-18,2026-06-18,started,0,
2026-06-18 21:34:28,600389,江山股份,2026-06-18,2026-06-18,updated,1,
2026-06-18 21:34:28,600399,抚顺特钢,2026-06-18,2026-06-18,started,0,
2026-06-18 21:34:28,600390,五矿资本,2026-06-18,2026-06-18,updated,1,
2026-06-18 21:34:28,600391,航发科技,2026-06-18,2026-06-18,updated,1,
2026-06-18 21:34:28,600400,红豆股份,2026-06-18,2026-06-18,started,0,
2026-06-18 21:34:28,600403,大有能源,2026-06-18,2026-06-18,started,0,
2026-06-18 21:34:28,600392,盛和资源,2026-06-18,2026-06-18,updated,1,
2026-06-18 21:34:28,600395,盘江股份,2026-06-18,2026-06-18,updated,1,
2026-06-18 21:34:28,600406,国电南瑞,2026-06-18,2026-06-18,started,0,
2026-06-18 21:34:28,600405,动力源,2026-06-18,2026-06-18,started,0,
2026-06-18 21:34:28,600396,华电辽能,2026-06-18,2026-06-18,updated,1,
2026-06-18 21:34:28,600397,江钨装备,2026-06-18,2026-06-18,updated,1,
2026-06-18 21:34:28,600408,安泰集团,2026-06-18,2026-06-18,started,0,
2026-06-18 21:34:28,600398,海澜之家,2026-06-18,2026-06-18,updated,1,
2026-06-18 21:34:28,600409,三友化工,2026-06-18,2026-06-18,started,0,
2026-06-18 21:34:28,600410,华胜天成,2026-06-18,2026-06-18,started,0,
2026-06-18 21:34:28,600399,抚顺特钢,2026-06-18,2026-06-18,updated,1,
2026-06-18 21:34:28,600400,红豆股份,2026-06-18,2026-06-18,updated,1,
2026-06-18 21:34:28,600415,小商品城,2026-06-18,2026-06-18,started,0,
2026-06-18 21:34:29,600416,湘电股份,2026-06-18,2026-06-18,started,0,
2026-06-18 21:34:29,600403,大有能源,2026-06-18,2026-06-18,updated,1,
2026-06-18 21:34:29,600405,动力源,2026-06-18,2026-06-18,updated,1,
2026-06-18 21:34:29,600418,江淮汽车,2026-06-18,2026-06-18,started,0,
2026-06-18 21:34:29,600419,天润乳业,2026-06-18,2026-06-18,started,0,
2026-06-18 21:34:29,600406,国电南瑞,2026-06-18,2026-06-18,updated,1,
2026-06-18 21:34:29,600420,国药现代,2026-06-18,2026-06-18,started,0,
2026-06-18 21:34:29,600408,安泰集团,2026-06-18,2026-06-18,updated,1,
2026-06-18 21:34:29,600421,退市华嵘,2026-06-18,2026-06-18,started,0,
2026-06-18 21:34:29,600409,三友化工,2026-06-18,2026-06-18,updated,1,
2026-06-18 21:34:29,600410,华胜天成,2026-06-18,2026-06-18,updated,1,
2026-06-18 21:34:29,600422,昆药集团,2026-06-18,2026-06-18,started,0,
2026-06-18 21:34:29,600416,湘电股份,2026-06-18,2026-06-18,updated,1,
2026-06-18 21:34:29,600423,*ST柳化,2026-06-18,2026-06-18,started,0,
2026-06-18 21:34:29,600415,小商品城,2026-06-18,2026-06-18,updated,1,
2026-06-18 21:34:29,600425,青松建化,2026-06-18,2026-06-18,started,0,
2026-06-18 21:34:29,600426,华鲁恒升,2026-06-18,2026-06-18,started,0,
2026-06-18 21:34:29,600418,江淮汽车,2026-06-18,2026-06-18,updated,1,
2026-06-18 21:34:29,600419,天润乳业,2026-06-18,2026-06-18,updated,1,
2026-06-18 21:34:29,600428,中远海特,2026-06-18,2026-06-18,started,0,
2026-06-18 21:34:30,600429,三元股份,2026-06-18,2026-06-18,started,0,
2026-06-18 21:34:30,600420,国药现代,2026-06-18,2026-06-18,updated,1,
2026-06-18 21:34:30,600433,冠豪高新,2026-06-18,2026-06-18,started,0,
2026-06-18 21:34:30,600421,退市华嵘,2026-06-18,2026-06-18,updated,1,
2026-06-18 21:34:30,600422,昆药集团,2026-06-18,2026-06-18,updated,1,
2026-06-18 21:34:30,600435,北方导航,2026-06-18,2026-06-18,started,0,
2026-06-18 21:34:30,600423,*ST柳化,2026-06-18,2026-06-18,updated,1,
2026-06-18 21:34:30,600436,片仔癀,2026-06-18,2026-06-18,started,0,
2026-06-18 21:34:30,600425,青松建化,2026-06-18,2026-06-18,updated,1,
2026-06-18 21:34:30,600426,华鲁恒升,2026-06-18,2026-06-18,updated,1,
2026-06-18 21:34:30,600438,通威股份,2026-06-18,2026-06-18,started,0,
2026-06-18 21:34:30,600439,瑞贝卡,2026-06-18,2026-06-18,started,0,
2026-06-18 21:34:30,600428,中远海特,2026-06-18,2026-06-18,updated,1,
2026-06-18 21:34:30,600444,国机通用,2026-06-18,2026-06-18,started,0,
2026-06-18 21:34:30,600446,金证股份,2026-06-18,2026-06-18,started,0,
2026-06-18 21:34:30,600429,三元股份,2026-06-18,2026-06-18,updated,1,
2026-06-18 21:34:30,600433,冠豪高新,2026-06-18,2026-06-18,updated,1,
2026-06-18 21:34:30,600448,华纺股份,2026-06-18,2026-06-18,started,0,
2026-06-18 21:34:30,600449,宁夏建材,2026-06-18,2026-06-18,started,0,
2026-06-18 21:34:30,600435,北方导航,2026-06-18,2026-06-18,updated,1,
2026-06-18 21:34:30,600452,涪陵电力,2026-06-18,2026-06-18,started,0,
2026-06-18 21:34:31,600436,片仔癀,2026-06-18,2026-06-18,updated,1,
2026-06-18 21:34:31,600439,瑞贝卡,2026-06-18,2026-06-18,updated,1,
2026-06-18 21:34:31,600455,博通股份,2026-06-18,2026-06-18,started,0,
2026-06-18 21:34:31,600438,通威股份,2026-06-18,2026-06-18,updated,1,
2026-06-18 21:34:31,600456,宝钛股份,2026-06-18,2026-06-18,started,0,
2026-06-18 21:34:31,600444,国机通用,2026-06-18,2026-06-18,updated,1,
2026-06-18 21:34:31,600458,时代新材,2026-06-18,2026-06-18,started,0,
2026-06-18 21:34:31,600446,金证股份,2026-06-18,2026-06-18,updated,1,
2026-06-18 21:34:31,600459,贵研铂业,2026-06-18,2026-06-18,started,0,
2026-06-18 21:34:31,600448,华纺股份,2026-06-18,2026-06-18,updated,1,
2026-06-18 21:34:31,600460,士兰微,2026-06-18,2026-06-18,started,0,
2026-06-18 21:34:31,600461,洪城环境,2026-06-18,2026-06-18,started,0,
2026-06-18 21:34:31,600449,宁夏建材,2026-06-18,2026-06-18,updated,1,
2026-06-18 21:34:31,600463,空港股份,2026-06-18,2026-06-18,started,0,
2026-06-18 21:34:31,600452,涪陵电力,2026-06-18,2026-06-18,updated,1,
2026-06-18 21:34:31,600467,好当家,2026-06-18,2026-06-18,started,0,
2026-06-18 21:34:31,600455,博通股份,2026-06-18,2026-06-18,updated,1,
2026-06-18 21:34:31,600456,宝钛股份,2026-06-18,2026-06-18,updated,1,
2026-06-18 21:34:31,600468,百利电气,2026-06-18,2026-06-18,started,0,
2026-06-18 21:34:31,600458,时代新材,2026-06-18,2026-06-18,updated,1,
2026-06-18 21:34:31,600469,风神股份,2026-06-18,2026-06-18,started,0,
2026-06-18 21:34:32,600470,六国化工,2026-06-18,2026-06-18,started,0,
2026-06-18 21:34:32,600459,贵研铂业,2026-06-18,2026-06-18,updated,1,
2026-06-18 21:34:32,600460,士兰微,2026-06-18,2026-06-18,updated,1,
2026-06-18 21:34:32,600475,华光环能,2026-06-18,2026-06-18,started,0,
2026-06-18 21:34:32,600476,*ST湘邮,2026-06-18,2026-06-18,started,0,
2026-06-18 21:34:32,600461,洪城环境,2026-06-18,2026-06-18,updated,1,
2026-06-18 21:34:32,600477,杭萧钢构,2026-06-18,2026-06-18,started,0,
2026-06-18 21:34:32,600463,空港股份,2026-06-18,2026-06-18,updated,1,
2026-06-18 21:34:32,600478,科力远,2026-06-18,2026-06-18,started,0,
2026-06-18 21:34:32,600467,好当家,2026-06-18,2026-06-18,updated,1,
2026-06-18 21:34:32,600468,百利电气,2026-06-18,2026-06-18,updated,1,
2026-06-18 21:34:32,600479,千金药业,2026-06-18,2026-06-18,started,0,
2026-06-18 21:34:32,600469,风神股份,2026-06-18,2026-06-18,updated,1,
2026-06-18 21:34:32,600480,凌云股份,2026-06-18,2026-06-18,started,0,
2026-06-18 21:34:32,600470,六国化工,2026-06-18,2026-06-18,updated,1,
2026-06-18 21:34:32,600481,双良节能,2026-06-18,2026-06-18,started,0,
2026-06-18 21:34:32,600475,华光环能,2026-06-18,2026-06-18,updated,1,
2026-06-18 21:34:32,600482,中国动力,2026-06-18,2026-06-18,started,0,
2026-06-18 21:34:32,600483,福能股份,2026-06-18,2026-06-18,started,0,
2026-06-18 21:34:32,600476,*ST湘邮,2026-06-18,2026-06-18,updated,1,
2026-06-18 21:34:32,600477,杭萧钢构,2026-06-18,2026-06-18,updated,1,
2026-06-18 21:34:32,600486,扬农化工,2026-06-18,2026-06-18,started,0,
2026-06-18 21:34:32,600487,亨通光电,2026-06-18,2026-06-18,started,0,
2026-06-18 21:34:33,600478,科力远,2026-06-18,2026-06-18,updated,1,
2026-06-18 21:34:33,600488,津药药业,2026-06-18,2026-06-18,started,0,
2026-06-18 21:34:33,600479,千金药业,2026-06-18,2026-06-18,updated,1,
2026-06-18 21:34:33,600480,凌云股份,2026-06-18,2026-06-18,updated,1,
2026-06-18 21:34:33,600489,中金黄金,2026-06-18,2026-06-18,started,0,
2026-06-18 21:34:33,600481,双良节能,2026-06-18,2026-06-18,updated,1,
2026-06-18 21:34:33,600490,鹏欣资源,2026-06-18,2026-06-18,started,0,
2026-06-18 21:34:33,600483,福能股份,2026-06-18,2026-06-18,updated,1,
2026-06-18 21:34:33,600491,ST龙元,2026-06-18,2026-06-18,started,0,
2026-06-18 21:34:33,600493,凤竹纺织,2026-06-18,2026-06-18,started,0,
2026-06-18 21:34:33,600482,中国动力,2026-06-18,2026-06-18,updated,1,
2026-06-18 21:34:33,600486,扬农化工,2026-06-18,2026-06-18,updated,1,
2026-06-18 21:34:33,600495,晋西车轴,2026-06-18,2026-06-18,started,0,
2026-06-18 21:34:33,600496,精工钢构,2026-06-18,2026-06-18,started,0,
2026-06-18 21:34:33,600487,亨通光电,2026-06-18,2026-06-18,updated,1,
2026-06-18 21:34:33,600497,驰宏锌锗,2026-06-18,2026-06-18,started,0,
2026-06-18 21:34:33,600488,津药药业,2026-06-18,2026-06-18,updated,1,
2026-06-18 21:34:33,600498,烽火通信,2026-06-18,2026-06-18,started,0,
2026-06-18 21:34:33,600489,中金黄金,2026-06-18,2026-06-18,updated,1,
2026-06-18 21:34:34,600490,鹏欣资源,2026-06-18,2026-06-18,updated,1,
2026-06-18 21:34:34,600499,科达制造,2026-06-18,2026-06-18,started,0,
2026-06-18 21:34:34,600491,ST龙元,2026-06-18,2026-06-18,updated,1,
2026-06-18 21:34:34,600500,中化国际,2026-06-18,2026-06-18,started,0,
2026-06-18 21:34:34,600493,凤竹纺织,2026-06-18,2026-06-18,updated,1,
2026-06-18 21:34:34,600501,航天晨光,2026-06-18,2026-06-18,started,0,
2026-06-18 21:34:34,600495,晋西车轴,2026-06-18,2026-06-18,updated,1,
2026-06-18 21:34:34,600503,华丽家族,2026-06-18,2026-06-18,started,0,
2026-06-18 21:34:34,600502,安徽建工,2026-06-18,2026-06-18,started,0,
2026-06-18 21:34:34,600496,精工钢构,2026-06-18,2026-06-18,updated,1,
2026-06-18 21:34:34,600505,西昌电力,2026-06-18,2026-06-18,started,0,
2026-06-18 21:34:34,600497,驰宏锌锗,2026-06-18,2026-06-18,updated,1,
2026-06-18 21:34:34,600506,统一股份,2026-06-18,2026-06-18,started,0,
2026-06-18 21:34:34,600498,烽火通信,2026-06-18,2026-06-18,updated,1,
2026-06-18 21:34:34,600507,方大特钢,2026-06-18,2026-06-18,started,0,
2026-06-18 21:34:34,600499,科达制造,2026-06-18,2026-06-18,updated,1,
2026-06-18 21:34:34,600500,中化国际,2026-06-18,2026-06-18,updated,1,
2026-06-18 21:34:34,600508,上海能源,2026-06-18,2026-06-18,started,0,
2026-06-18 21:34:34,600501,航天晨光,2026-06-18,2026-06-18,updated,1,
2026-06-18 21:34:34,600509,天富能源,2026-06-18,2026-06-18,started,0,
2026-06-18 21:34:34,600503,华丽家族,2026-06-18,2026-06-18,updated,1,
2026-06-18 21:34:34,600510,黑牡丹,2026-06-18,2026-06-18,started,0,
2026-06-18 21:34:35,600502,安徽建工,2026-06-18,2026-06-18,updated,1,
2026-06-18 21:34:35,600511,国药股份,2026-06-18,2026-06-18,started,0,
2026-06-18 21:34:35,600512,腾达建设,2026-06-18,2026-06-18,started,0,
2026-06-18 21:34:35,600505,西昌电力,2026-06-18,2026-06-18,updated,1,
2026-06-18 21:34:35,600506,统一股份,2026-06-18,2026-06-18,updated,1,
2026-06-18 21:34:35,600513,联环药业,2026-06-18,2026-06-18,started,0,
2026-06-18 21:34:35,600515,海南机场,2026-06-18,2026-06-18,started,0,
2026-06-18 21:34:35,600507,方大特钢,2026-06-18,2026-06-18,updated,1,
2026-06-18 21:34:35,600516,方大炭素,2026-06-18,2026-06-18,started,0,
2026-06-18 21:34:35,600508,上海能源,2026-06-18,2026-06-18,updated,1,
2026-06-18 21:34:35,600510,黑牡丹,2026-06-18,2026-06-18,updated,1,
2026-06-18 21:34:35,600517,国网英大,2026-06-18,2026-06-18,started,0,
2026-06-18 21:34:35,600509,天富能源,2026-06-18,2026-06-18,updated,1,
2026-06-18 21:34:35,600512,腾达建设,2026-06-18,2026-06-18,updated,1,
2026-06-18 21:34:35,600518,康美药业,2026-06-18,2026-06-18,started,0,
2026-06-18 21:34:35,600519,贵州茅台,2026-06-18,2026-06-18,started,0,
2026-06-18 21:34:35,600520,三佳科技,2026-06-18,2026-06-18,started,0,
2026-06-18 21:34:35,600511,国药股份,2026-06-18,2026-06-18,updated,1,
2026-06-18 21:34:35,600513,联环药业,2026-06-18,2026-06-18,updated,1,
2026-06-18 21:34:35,600521,华海药业,2026-06-18,2026-06-18,started,0,
2026-06-18 21:34:35,600515,海南机场,2026-06-18,2026-06-18,updated,1,
2026-06-18 21:34:36,600522,中天科技,2026-06-18,2026-06-18,started,0,
2026-06-18 21:34:36,600523,贵航股份,2026-06-18,2026-06-18,started,0,
2026-06-18 21:34:36,600516,方大炭素,2026-06-18,2026-06-18,updated,1,
2026-06-18 21:34:36,600525,ST长园,2026-06-18,2026-06-18,started,0,
2026-06-18 21:34:36,600517,国网英大,2026-06-18,2026-06-18,updated,1,
2026-06-18 21:34:36,600526,菲达环保,2026-06-18,2026-06-18,started,0,
2026-06-18 21:34:36,600518,康美药业,2026-06-18,2026-06-18,updated,1,
2026-06-18 21:34:36,600519,贵州茅台,2026-06-18,2026-06-18,updated,1,
2026-06-18 21:34:36,600527,江南高纤,2026-06-18,2026-06-18,started,0,
2026-06-18 21:34:36,600528,中铁工业,2026-06-18,2026-06-18,started,0,
2026-06-18 21:34:36,600520,三佳科技,2026-06-18,2026-06-18,updated,1,
2026-06-18 21:34:36,600521,华海药业,2026-06-18,2026-06-18,updated,1,
2026-06-18 21:34:36,600529,山东药玻,2026-06-18,2026-06-18,started,0,
2026-06-18 21:34:36,600530,交大昂立,2026-06-18,2026-06-18,started,0,
2026-06-18 21:34:36,600522,中天科技,2026-06-18,2026-06-18,updated,1,
2026-06-18 21:34:36,600523,贵航股份,2026-06-18,2026-06-18,updated,1,
2026-06-18 21:34:36,600531,豫光金铅,2026-06-18,2026-06-18,started,0,
2026-06-18 21:34:36,600525,ST长园,2026-06-18,2026-06-18,updated,1,
2026-06-18 21:34:36,600533,栖霞建设,2026-06-18,2026-06-18,started,0,
2026-06-18 21:34:37,600535,天士力,2026-06-18,2026-06-18,started,0,
2026-06-18 21:34:37,600526,菲达环保,2026-06-18,2026-06-18,updated,1,
2026-06-18 21:34:37,600527,江南高纤,2026-06-18,2026-06-18,updated,1,
2026-06-18 21:34:37,600536,中国软件,2026-06-18,2026-06-18,started,0,
2026-06-18 21:34:37,600537,*ST亿晶,2026-06-18,2026-06-18,started,0,
2026-06-18 21:34:37,600528,中铁工业,2026-06-18,2026-06-18,updated,1,
2026-06-18 21:34:37,600529,山东药玻,2026-06-18,2026-06-18,updated,1,
2026-06-18 21:34:37,600538,国发股份,2026-06-18,2026-06-18,started,0,
2026-06-18 21:34:37,600530,交大昂立,2026-06-18,2026-06-18,updated,1,
2026-06-18 21:34:37,600539,狮头股份,2026-06-18,2026-06-18,started,0,
2026-06-18 21:34:37,600531,豫光金铅,2026-06-18,2026-06-18,updated,1,
2026-06-18 21:34:37,600540,新赛股份,2026-06-18,2026-06-18,started,0,
2026-06-18 21:34:37,600533,栖霞建设,2026-06-18,2026-06-18,updated,1,
2026-06-18 21:34:37,600543,*ST莫高,2026-06-18,2026-06-18,started,0,
2026-06-18 21:34:37,600545,卓郎智能,2026-06-18,2026-06-18,started,0,
2026-06-18 21:34:37,600535,天士力,2026-06-18,2026-06-18,updated,1,
2026-06-18 21:34:37,600537,*ST亿晶,2026-06-18,2026-06-18,updated,1,
2026-06-18 21:34:37,600546,山煤国际,2026-06-18,2026-06-18,started,0,
2026-06-18 21:34:37,600536,中国软件,2026-06-18,2026-06-18,updated,1,
2026-06-18 21:34:37,600547,山东黄金,2026-06-18,2026-06-18,started,0,
2026-06-18 21:34:37,600548,深高速,2026-06-18,2026-06-18,started,0,
2026-06-18 21:34:38,600538,国发股份,2026-06-18,2026-06-18,updated,1,
2026-06-18 21:34:38,600540,新赛股份,2026-06-18,2026-06-18,updated,1,
2026-06-18 21:34:38,600549,厦门钨业,2026-06-18,2026-06-18,started,0,
2026-06-18 21:34:38,600539,狮头股份,2026-06-18,2026-06-18,updated,1,
2026-06-18 21:34:38,600550,保变电气,2026-06-18,2026-06-18,started,0,
2026-06-18 21:34:38,600543,*ST莫高,2026-06-18,2026-06-18,updated,1,
2026-06-18 21:34:38,600551,时代出版,2026-06-18,2026-06-18,started,0,
2026-06-18 21:34:38,600545,卓郎智能,2026-06-18,2026-06-18,updated,1,
2026-06-18 21:34:38,600552,凯盛科技,2026-06-18,2026-06-18,started,0,
2026-06-18 21:34:38,600556,天下秀,2026-06-18,2026-06-18,started,0,
2026-06-18 21:34:38,600546,山煤国际,2026-06-18,2026-06-18,updated,1,
2026-06-18 21:34:38,600547,山东黄金,2026-06-18,2026-06-18,updated,1,
2026-06-18 21:34:38,600557,康缘药业,2026-06-18,2026-06-18,started,0,
2026-06-18 21:34:38,600548,深高速,2026-06-18,2026-06-18,updated,1,
2026-06-18 21:34:38,600558,大西洋,2026-06-18,2026-06-18,started,0,
2026-06-18 21:34:38,600559,老白干酒,2026-06-18,2026-06-18,started,0,
2026-06-18 21:34:38,600549,厦门钨业,2026-06-18,2026-06-18,updated,1,
2026-06-18 21:34:38,600550,保变电气,2026-06-18,2026-06-18,updated,1,
2026-06-18 21:34:38,600560,金自天正,2026-06-18,2026-06-18,started,0,
2026-06-18 21:34:38,600551,时代出版,2026-06-18,2026-06-18,updated,1,
2026-06-18 21:34:39,600561,江西长运,2026-06-18,2026-06-18,started,0,
2026-06-18 21:34:39,600552,凯盛科技,2026-06-18,2026-06-18,updated,1,
2026-06-18 21:34:39,600562,国睿科技,2026-06-18,2026-06-18,started,0,
2026-06-18 21:34:39,600556,天下秀,2026-06-18,2026-06-18,updated,1,
2026-06-18 21:34:39,600563,法拉电子,2026-06-18,2026-06-18,started,0,
2026-06-18 21:34:39,600557,康缘药业,2026-06-18,2026-06-18,updated,1,
2026-06-18 21:34:39,600566,济川药业,2026-06-18,2026-06-18,started,0,
2026-06-18 21:34:39,600558,大西洋,2026-06-18,2026-06-18,updated,1,
2026-06-18 21:34:39,600567,山鹰国际,2026-06-18,2026-06-18,started,0,
2026-06-18 21:34:39,600568,ST中珠,2026-06-18,2026-06-18,started,0,
2026-06-18 21:34:39,600559,老白干酒,2026-06-18,2026-06-18,updated,1,
2026-06-18 21:34:39,600560,金自天正,2026-06-18,2026-06-18,updated,1,
2026-06-18 21:34:39,600569,安阳钢铁,2026-06-18,2026-06-18,started,0,
2026-06-18 21:34:39,600561,江西长运,2026-06-18,2026-06-18,updated,1,
2026-06-18 21:34:39,600570,恒生电子,2026-06-18,2026-06-18,started,0,
2026-06-18 21:34:39,600571,信雅达,2026-06-18,2026-06-18,started,0,
2026-06-18 21:34:39,600562,国睿科技,2026-06-18,2026-06-18,updated,1,
2026-06-18 21:34:39,600563,法拉电子,2026-06-18,2026-06-18,updated,1,
2026-06-18 21:34:40,600572,康恩贝,2026-06-18,2026-06-18,started,0,
2026-06-18 21:34:40,600566,济川药业,2026-06-18,2026-06-18,updated,1,
2026-06-18 21:34:40,600573,惠泉啤酒,2026-06-18,2026-06-18,started,0,
2026-06-18 21:34:40,600575,淮河能源,2026-06-18,2026-06-18,started,0,
2026-06-18 21:34:40,600567,山鹰国际,2026-06-18,2026-06-18,updated,1,
2026-06-18 21:34:40,600576,祥源文旅,2026-06-18,2026-06-18,started,0,
2026-06-18 21:34:40,600568,ST中珠,2026-06-18,2026-06-18,updated,1,
2026-06-18 21:34:40,600569,安阳钢铁,2026-06-18,2026-06-18,updated,1,
2026-06-18 21:34:40,600577,精达股份,2026-06-18,2026-06-18,started,0,
2026-06-18 21:34:40,600570,恒生电子,2026-06-18,2026-06-18,updated,1,
2026-06-18 21:34:40,600578,京能电力,2026-06-18,2026-06-18,started,0,
2026-06-18 21:34:40,600571,信雅达,2026-06-18,2026-06-18,updated,1,
2026-06-18 21:34:40,600579,中化装备,2026-06-18,2026-06-18,started,0,
2026-06-18 21:34:40,600572,康恩贝,2026-06-18,2026-06-18,updated,1,
2026-06-18 21:34:40,600580,卧龙电驱,2026-06-18,2026-06-18,started,0,
2026-06-18 21:34:40,600581,*ST八钢,2026-06-18,2026-06-18,started,0,
2026-06-18 21:34:40,600573,惠泉啤酒,2026-06-18,2026-06-18,updated,1,
2026-06-18 21:34:40,600582,天地科技,2026-06-18,2026-06-18,started,0,
2026-06-18 21:34:40,600575,淮河能源,2026-06-18,2026-06-18,updated,1,
2026-06-18 21:34:40,600583,海油工程,2026-06-18,2026-06-18,started,0,
2026-06-18 21:34:40,600576,祥源文旅,2026-06-18,2026-06-18,updated,1,
2026-06-18 21:34:41,600577,精达股份,2026-06-18,2026-06-18,updated,1,
2026-06-18 21:34:41,600584,长电科技,2026-06-18,2026-06-18,started,0,
2026-06-18 21:34:41,600585,海螺水泥,2026-06-18,2026-06-18,started,0,
2026-06-18 21:34:41,600578,京能电力,2026-06-18,2026-06-18,updated,1,
2026-06-18 21:34:41,600579,中化装备,2026-06-18,2026-06-18,updated,1,
2026-06-18 21:34:41,600586,金晶科技,2026-06-18,2026-06-18,started,0,
2026-06-18 21:34:41,600580,卧龙电驱,2026-06-18,2026-06-18,updated,1,
2026-06-18 21:34:41,600587,新华医疗,2026-06-18,2026-06-18,started,0,
2026-06-18 21:34:41,600581,*ST八钢,2026-06-18,2026-06-18,updated,1,
2026-06-18 21:34:41,600588,用友网络,2026-06-18,2026-06-18,started,0,
2026-06-18 21:34:41,600582,天地科技,2026-06-18,2026-06-18,updated,1,
2026-06-18 21:34:41,600589,大位科技,2026-06-18,2026-06-18,started,0,
2026-06-18 21:34:41,600590,泰豪科技,2026-06-18,2026-06-18,started,0,
2026-06-18 21:34:41,600583,海油工程,2026-06-18,2026-06-18,updated,1,
2026-06-18 21:34:41,600584,长电科技,2026-06-18,2026-06-18,updated,1,
2026-06-18 21:34:41,600592,龙溪股份,2026-06-18,2026-06-18,started,0,
2026-06-18 21:34:41,600585,海螺水泥,2026-06-18,2026-06-18,updated,1,
2026-06-18 21:34:41,600593,大连圣亚,2026-06-18,2026-06-18,started,0,
2026-06-18 21:34:41,600594,益佰制药,2026-06-18,2026-06-18,started,0,
2026-06-18 21:34:41,600586,金晶科技,2026-06-18,2026-06-18,updated,1,
2026-06-18 21:34:41,600587,新华医疗,2026-06-18,2026-06-18,updated,1,
2026-06-18 21:34:42,600595,中孚实业,2026-06-18,2026-06-18,started,0,
2026-06-18 21:34:42,600596,新安股份,2026-06-18,2026-06-18,started,0,
2026-06-18 21:34:42,600589,大位科技,2026-06-18,2026-06-18,updated,1,
2026-06-18 21:34:42,600597,光明乳业,2026-06-18,2026-06-18,started,0,
2026-06-18 21:34:42,600588,用友网络,2026-06-18,2026-06-18,updated,1,
2026-06-18 21:34:42,600592,龙溪股份,2026-06-18,2026-06-18,updated,1,
2026-06-18 21:34:42,600598,北大荒,2026-06-18,2026-06-18,started,0,
2026-06-18 21:34:42,600593,大连圣亚,2026-06-18,2026-06-18,updated,1,
2026-06-18 21:34:42,600599,退市熊猫,2026-06-18,2026-06-18,started,0,
2026-06-18 21:34:42,600600,青岛啤酒,2026-06-18,2026-06-18,started,0,
2026-06-18 21:34:42,600590,泰豪科技,2026-06-18,2026-06-18,updated,1,
2026-06-18 21:34:42,600594,益佰制药,2026-06-18,2026-06-18,updated,1,
2026-06-18 21:34:42,600601,方正科技,2026-06-18,2026-06-18,started,0,
2026-06-18 21:34:42,600602,云赛智联,2026-06-18,2026-06-18,started,0,
2026-06-18 21:34:42,600595,中孚实业,2026-06-18,2026-06-18,updated,1,
2026-06-18 21:34:42,600596,新安股份,2026-06-18,2026-06-18,updated,1,
2026-06-18 21:34:42,600603,广汇物流,2026-06-18,2026-06-18,started,0,
2026-06-18 21:34:42,600604,市北高新,2026-06-18,2026-06-18,started,0,
2026-06-18 21:34:42,600597,光明乳业,2026-06-18,2026-06-18,updated,1,
2026-06-18 21:34:43,600598,北大荒,2026-06-18,2026-06-18,updated,1,
2026-06-18 21:34:43,600605,汇通能源,2026-06-18,2026-06-18,started,0,
2026-06-18 21:34:43,600606,绿地控股,2026-06-18,2026-06-18,started,0,
2026-06-18 21:34:43,600599,退市熊猫,2026-06-18,2026-06-18,updated,1,
2026-06-18 21:34:43,600600,青岛啤酒,2026-06-18,2026-06-18,updated,1,
2026-06-18 21:34:43,600608,退市沪科,2026-06-18,2026-06-18,started,0,
2026-06-18 21:34:43,600601,方正科技,2026-06-18,2026-06-18,updated,1,
2026-06-18 21:34:43,600609,金杯汽车,2026-06-18,2026-06-18,started,0,
2026-06-18 21:34:43,600610,中毅达,2026-06-18,2026-06-18,started,0,
2026-06-18 21:34:43,600602,云赛智联,2026-06-18,2026-06-18,updated,1,
2026-06-18 21:34:43,600603,广汇物流,2026-06-18,2026-06-18,updated,1,
2026-06-18 21:34:43,600611,大众交通,2026-06-18,2026-06-18,started,0,
2026-06-18 21:34:43,600604,市北高新,2026-06-18,2026-06-18,updated,1,
2026-06-18 21:34:43,600612,老凤祥,2026-06-18,2026-06-18,started,0,
2026-06-18 21:34:43,600605,汇通能源,2026-06-18,2026-06-18,updated,1,
2026-06-18 21:34:43,600613,神奇制药,2026-06-18,2026-06-18,started,0,
2026-06-18 21:34:43,600615,鑫源智造,2026-06-18,2026-06-18,started,0,
2026-06-18 21:34:43,600606,绿地控股,2026-06-18,2026-06-18,updated,1,
2026-06-18 21:34:44,600608,退市沪科,2026-06-18,2026-06-18,updated,1,
2026-06-18 21:34:44,600616,金枫酒业,2026-06-18,2026-06-18,started,0,
2026-06-18 21:34:44,600609,金杯汽车,2026-06-18,2026-06-18,updated,1,
2026-06-18 21:34:44,600617,国新能源,2026-06-18,2026-06-18,started,0,
2026-06-18 21:34:44,600618,氯碱化工,2026-06-18,2026-06-18,started,0,
2026-06-18 21:34:44,600610,中毅达,2026-06-18,2026-06-18,updated,1,
2026-06-18 21:34:44,600612,老凤祥,2026-06-18,2026-06-18,updated,1,
2026-06-18 21:34:44,600619,海立股份,2026-06-18,2026-06-18,started,0,
2026-06-18 21:34:44,600611,大众交通,2026-06-18,2026-06-18,updated,1,
2026-06-18 21:34:44,600620,天宸股份,2026-06-18,2026-06-18,started,0,
2026-06-18 21:34:44,600613,神奇制药,2026-06-18,2026-06-18,updated,1,
2026-06-18 21:34:44,600621,华鑫股份,2026-06-18,2026-06-18,started,0,
2026-06-18 21:34:44,600615,鑫源智造,2026-06-18,2026-06-18,updated,1,
2026-06-18 21:34:44,600622,光大嘉宝,2026-06-18,2026-06-18,started,0,
2026-06-18 21:34:44,600623,华谊集团,2026-06-18,2026-06-18,started,0,
2026-06-18 21:34:44,600616,金枫酒业,2026-06-18,2026-06-18,updated,1,
2026-06-18 21:34:45,600617,国新能源,2026-06-18,2026-06-18,updated,1,
2026-06-18 21:34:45,600624,ST复华,2026-06-18,2026-06-18,started,0,
2026-06-18 21:34:45,600618,氯碱化工,2026-06-18,2026-06-18,updated,1,
2026-06-18 21:34:45,600626,申达股份,2026-06-18,2026-06-18,started,0,
2026-06-18 21:34:45,600619,海立股份,2026-06-18,2026-06-18,updated,1,
2026-06-18 21:34:45,600628,新世界,2026-06-18,2026-06-18,started,0,
2026-06-18 21:34:45,600620,天宸股份,2026-06-18,2026-06-18,updated,1,
2026-06-18 21:34:45,600629,华建集团,2026-06-18,2026-06-18,started,0,
2026-06-18 21:34:45,600621,华鑫股份,2026-06-18,2026-06-18,updated,1,
2026-06-18 21:34:45,600630,龙头股份,2026-06-18,2026-06-18,started,0,
2026-06-18 21:34:45,600622,光大嘉宝,2026-06-18,2026-06-18,updated,1,
2026-06-18 21:34:45,600633,浙数文化,2026-06-18,2026-06-18,started,0,
2026-06-18 21:34:45,600635,大众公用,2026-06-18,2026-06-18,started,0,
2026-06-18 21:34:45,600623,华谊集团,2026-06-18,2026-06-18,updated,1,
2026-06-18 21:34:45,600624,ST复华,2026-06-18,2026-06-18,updated,1,
2026-06-18 21:34:45,600636,退市国化,2026-06-18,2026-06-18,started,0,
2026-06-18 21:34:45,600637,东方明珠,2026-06-18,2026-06-18,started,0,
2026-06-18 21:34:45,600626,申达股份,2026-06-18,2026-06-18,updated,1,
2026-06-18 21:34:46,600629,华建集团,2026-06-18,2026-06-18,updated,1,
2026-06-18 21:34:46,600638,新黄浦,2026-06-18,2026-06-18,started,0,
2026-06-18 21:34:46,600639,浦东金桥,2026-06-18,2026-06-18,started,0,
2026-06-18 21:34:46,600628,新世界,2026-06-18,2026-06-18,updated,1,
2026-06-18 21:34:46,600630,龙头股份,2026-06-18,2026-06-18,updated,1,
2026-06-18 21:34:46,600640,国脉文化,2026-06-18,2026-06-18,started,0,
2026-06-18 21:34:46,600633,浙数文化,2026-06-18,2026-06-18,updated,1,
2026-06-18 21:34:46,600641,先导基电,2026-06-18,2026-06-18,started,0,
2026-06-18 21:34:46,600635,大众公用,2026-06-18,2026-06-18,updated,1,
2026-06-18 21:34:46,600642,申能股份,2026-06-18,2026-06-18,started,0,
2026-06-18 21:34:46,600643,爱建集团,2026-06-18,2026-06-18,started,0,
2026-06-18 21:34:46,600636,退市国化,2026-06-18,2026-06-18,updated,1,
2026-06-18 21:34:46,600637,东方明珠,2026-06-18,2026-06-18,updated,1,
2026-06-18 21:34:46,600644,乐山电力,2026-06-18,2026-06-18,started,0,
2026-06-18 21:34:46,600645,中源协和,2026-06-18,2026-06-18,started,0,
2026-06-18 21:34:46,600639,浦东金桥,2026-06-18,2026-06-18,updated,1,
2026-06-18 21:34:46,600638,新黄浦,2026-06-18,2026-06-18,updated,1,
2026-06-18 21:34:46,600648,外高桥,2026-06-18,2026-06-18,started,0,
2026-06-18 21:34:46,600640,国脉文化,2026-06-18,2026-06-18,updated,1,
2026-06-18 21:34:46,600649,城投控股,2026-06-18,2026-06-18,started,0,
2026-06-18 21:34:47,600650,锦江在线,2026-06-18,2026-06-18,started,0,
2026-06-18 21:34:47,600641,先导基电,2026-06-18,2026-06-18,updated,1,
2026-06-18 21:34:47,600651,飞乐音响,2026-06-18,2026-06-18,started,0,
2026-06-18 21:34:47,600642,申能股份,2026-06-18,2026-06-18,updated,1,
2026-06-18 21:34:47,600643,爱建集团,2026-06-18,2026-06-18,updated,1,
2026-06-18 21:34:47,600653,申华控股,2026-06-18,2026-06-18,started,0,
2026-06-18 21:34:47,600654,中安科,2026-06-18,2026-06-18,started,0,
2026-06-18 21:34:47,600644,乐山电力,2026-06-18,2026-06-18,updated,1,
2026-06-18 21:34:47,600645,中源协和,2026-06-18,2026-06-18,updated,1,
2026-06-18 21:34:47,600655,豫园股份,2026-06-18,2026-06-18,started,0,
2026-06-18 21:34:47,600648,外高桥,2026-06-18,2026-06-18,updated,1,
2026-06-18 21:34:47,600657,信达地产,2026-06-18,2026-06-18,started,0,
2026-06-18 21:34:47,600658,电子城,2026-06-18,2026-06-18,started,0,
2026-06-18 21:34:47,600649,城投控股,2026-06-18,2026-06-18,updated,1,
2026-06-18 21:34:47,600660,福耀玻璃,2026-06-18,2026-06-18,started,0,
2026-06-18 21:34:47,600650,锦江在线,2026-06-18,2026-06-18,updated,1,
2026-06-18 21:34:47,600651,飞乐音响,2026-06-18,2026-06-18,updated,1,
2026-06-18 21:34:48,600661,昂立教育,2026-06-18,2026-06-18,started,0,
2026-06-18 21:34:48,600662,外服控股,2026-06-18,2026-06-18,started,0,
2026-06-18 21:34:48,600653,申华控股,2026-06-18,2026-06-18,updated,1,
2026-06-18 21:34:48,600654,中安科,2026-06-18,2026-06-18,updated,1,
2026-06-18 21:34:48,600663,陆家嘴,2026-06-18,2026-06-18,started,0,
2026-06-18 21:34:48,600655,豫园股份,2026-06-18,2026-06-18,updated,1,
2026-06-18 21:34:48,600664,哈药股份,2026-06-18,2026-06-18,started,0,
2026-06-18 21:34:48,600665,天地源,2026-06-18,2026-06-18,started,0,
2026-06-18 21:34:48,600658,电子城,2026-06-18,2026-06-18,updated,1,
2026-06-18 21:34:48,600666,奥瑞德,2026-06-18,2026-06-18,started,0,
2026-06-18 21:34:48,600657,信达地产,2026-06-18,2026-06-18,updated,1,
2026-06-18 21:34:48,600667,太极实业,2026-06-18,2026-06-18,started,0,
2026-06-18 21:34:48,600660,福耀玻璃,2026-06-18,2026-06-18,updated,1,
2026-06-18 21:34:48,600661,昂立教育,2026-06-18,2026-06-18,updated,1,
2026-06-18 21:34:48,600668,尖峰集团,2026-06-18,2026-06-18,started,0,
2026-06-18 21:34:48,600671,天目药业,2026-06-18,2026-06-18,started,0,
2026-06-18 21:34:48,600662,外服控股,2026-06-18,2026-06-18,updated,1,
2026-06-18 21:34:48,600663,陆家嘴,2026-06-18,2026-06-18,updated,1,
2026-06-18 21:34:49,600673,东阳光,2026-06-18,2026-06-18,started,0,
2026-06-18 21:34:49,600674,川投能源,2026-06-18,2026-06-18,started,0,
2026-06-18 21:34:49,600665,天地源,2026-06-18,2026-06-18,updated,1,
2026-06-18 21:34:49,600664,哈药股份,2026-06-18,2026-06-18,updated,1,
2026-06-18 21:34:49,600675,中华企业,2026-06-18,2026-06-18,started,0,
2026-06-18 21:34:49,600666,奥瑞德,2026-06-18,2026-06-18,updated,1,
2026-06-18 21:34:49,600676,交运股份,2026-06-18,2026-06-18,started,0,
2026-06-18 21:34:49,600678,ST金顶,2026-06-18,2026-06-18,started,0,
2026-06-18 21:34:49,600667,太极实业,2026-06-18,2026-06-18,updated,1,
2026-06-18 21:34:49,600679,上海凤凰,2026-06-18,2026-06-18,started,0,
2026-06-18 21:34:49,600668,尖峰集团,2026-06-18,2026-06-18,updated,1,
2026-06-18 21:34:49,600681,百川能源,2026-06-18,2026-06-18,started,0,
2026-06-18 21:34:49,600671,天目药业,2026-06-18,2026-06-18,updated,1,
2026-06-18 21:34:49,600673,东阳光,2026-06-18,2026-06-18,updated,1,
2026-06-18 21:34:49,600682,南京新百,2026-06-18,2026-06-18,started,0,
2026-06-18 21:34:49,600674,川投能源,2026-06-18,2026-06-18,updated,1,
2026-06-18 21:34:49,600683,京投发展,2026-06-18,2026-06-18,started,0,
2026-06-18 21:34:49,600684,珠江股份,2026-06-18,2026-06-18,started,0,
2026-06-18 21:34:49,600675,中华企业,2026-06-18,2026-06-18,updated,1,
2026-06-18 21:34:50,600676,交运股份,2026-06-18,2026-06-18,updated,1,
2026-06-18 21:34:50,600685,中船防务,2026-06-18,2026-06-18,started,0,
2026-06-18 21:34:50,600686,金龙汽车,2026-06-18,2026-06-18,started,0,
2026-06-18 21:34:50,600678,ST金顶,2026-06-18,2026-06-18,updated,1,
2026-06-18 21:34:50,600688,上海石化,2026-06-18,2026-06-18,started,0,
2026-06-18 21:34:50,600679,上海凤凰,2026-06-18,2026-06-18,updated,1,
2026-06-18 21:34:50,600681,百川能源,2026-06-18,2026-06-18,updated,1,
2026-06-18 21:34:50,600689,上海三毛,2026-06-18,2026-06-18,started,0,
2026-06-18 21:34:50,600682,南京新百,2026-06-18,2026-06-18,updated,1,
2026-06-18 21:34:50,600690,海尔智家,2026-06-18,2026-06-18,started,0,
2026-06-18 21:34:50,600691,潞化科技,2026-06-18,2026-06-18,started,0,
2026-06-18 21:34:50,600683,京投发展,2026-06-18,2026-06-18,updated,1,
2026-06-18 21:34:50,600692,亚通股份,2026-06-18,2026-06-18,started,0,
2026-06-18 21:34:50,600684,珠江股份,2026-06-18,2026-06-18,updated,1,
2026-06-18 21:34:50,600693,东百集团,2026-06-18,2026-06-18,started,0,
2026-06-18 21:34:50,600685,中船防务,2026-06-18,2026-06-18,updated,1,
2026-06-18 21:34:50,600694,大商股份,2026-06-18,2026-06-18,started,0,
2026-06-18 21:34:51,600686,金龙汽车,2026-06-18,2026-06-18,updated,1,
2026-06-18 21:34:51,600696,退市岩石,2026-06-18,2026-06-18,started,0,
2026-06-18 21:34:51,600688,上海石化,2026-06-18,2026-06-18,updated,1,
2026-06-18 21:34:51,600689,上海三毛,2026-06-18,2026-06-18,updated,1,
2026-06-18 21:34:51,600697,欧亚集团,2026-06-18,2026-06-18,started,0,
2026-06-18 21:34:51,600691,潞化科技,2026-06-18,2026-06-18,updated,1,
2026-06-18 21:34:51,600698,湖南天雁,2026-06-18,2026-06-18,started,0,
2026-06-18 21:34:51,600690,海尔智家,2026-06-18,2026-06-18,updated,1,
2026-06-18 21:34:51,600699,均胜电子,2026-06-18,2026-06-18,started,0,
2026-06-18 21:34:51,600692,亚通股份,2026-06-18,2026-06-18,updated,1,
2026-06-18 21:34:51,600702,舍得酒业,2026-06-18,2026-06-18,started,0,
2026-06-18 21:34:51,600703,三安光电,2026-06-18,2026-06-18,started,0,
2026-06-18 21:34:51,600693,东百集团,2026-06-18,2026-06-18,updated,1,
2026-06-18 21:34:51,600704,物产中大,2026-06-18,2026-06-18,started,0,
2026-06-18 21:34:51,600694,大商股份,2026-06-18,2026-06-18,updated,1,
2026-06-18 21:34:51,600706,曲江文旅,2026-06-18,2026-06-18,started,0,
2026-06-18 21:34:51,600696,退市岩石,2026-06-18,2026-06-18,updated,1,
2026-06-18 21:34:51,600697,欧亚集团,2026-06-18,2026-06-18,updated,1,
2026-06-18 21:34:52,600707,彩虹股份,2026-06-18,2026-06-18,started,0,
2026-06-18 21:34:52,600708,光明地产,2026-06-18,2026-06-18,started,0,
2026-06-18 21:34:52,600698,湖南天雁,2026-06-18,2026-06-18,updated,1,
2026-06-18 21:34:52,600699,均胜电子,2026-06-18,2026-06-18,updated,1,
2026-06-18 21:34:52,600710,苏美达,2026-06-18,2026-06-18,started,0,
2026-06-18 21:34:52,600711,盛屯矿业,2026-06-18,2026-06-18,started,0,
2026-06-18 21:34:52,600702,舍得酒业,2026-06-18,2026-06-18,updated,1,
2026-06-18 21:34:52,600712,南宁百货,2026-06-18,2026-06-18,started,0,
2026-06-18 21:34:52,600703,三安光电,2026-06-18,2026-06-18,updated,1,
2026-06-18 21:34:52,600713,南京医药,2026-06-18,2026-06-18,started,0,
2026-06-18 21:34:52,600704,物产中大,2026-06-18,2026-06-18,updated,1,
2026-06-18 21:34:52,600714,金瑞矿业,2026-06-18,2026-06-18,started,0,
2026-06-18 21:34:52,600706,曲江文旅,2026-06-18,2026-06-18,updated,1,
2026-06-18 21:34:52,600707,彩虹股份,2026-06-18,2026-06-18,updated,1,
2026-06-18 21:34:52,600715,文投控股,2026-06-18,2026-06-18,started,0,
2026-06-18 21:34:52,600708,光明地产,2026-06-18,2026-06-18,updated,1,
2026-06-18 21:34:52,600716,凤凰股份,2026-06-18,2026-06-18,started,0,
2026-06-18 21:34:52,600710,苏美达,2026-06-18,2026-06-18,updated,1,
2026-06-18 21:34:52,600717,天津港,2026-06-18,2026-06-18,started,0,
2026-06-18 21:34:53,600711,盛屯矿业,2026-06-18,2026-06-18,updated,1,
2026-06-18 21:34:53,600718,东软集团,2026-06-18,2026-06-18,started,0,
2026-06-18 21:34:53,600719,大连热电,2026-06-18,2026-06-18,started,0,
2026-06-18 21:34:53,600712,南宁百货,2026-06-18,2026-06-18,updated,1,
2026-06-18 21:34:53,600720,中交设计,2026-06-18,2026-06-18,started,0,
2026-06-18 21:34:53,600713,南京医药,2026-06-18,2026-06-18,updated,1,
2026-06-18 21:34:53,600714,金瑞矿业,2026-06-18,2026-06-18,updated,1,
2026-06-18 21:34:53,600721,百花医药,2026-06-18,2026-06-18,started,0,
2026-06-18 21:34:53,600715,文投控股,2026-06-18,2026-06-18,updated,1,
2026-06-18 21:34:53,600722,金牛化工,2026-06-18,2026-06-18,started,0,
2026-06-18 21:34:53,600716,凤凰股份,2026-06-18,2026-06-18,updated,1,
2026-06-18 21:34:53,600724,宁波富达,2026-06-18,2026-06-18,started,0,
2026-06-18 21:34:53,600725,云维股份,2026-06-18,2026-06-18,started,0,
2026-06-18 21:34:53,600717,天津港,2026-06-18,2026-06-18,updated,1,
2026-06-18 21:34:53,600726,华电能源,2026-06-18,2026-06-18,started,0,
2026-06-18 21:34:53,600718,东软集团,2026-06-18,2026-06-18,updated,1,
2026-06-18 21:34:53,600719,大连热电,2026-06-18,2026-06-18,updated,1,
2026-06-18 21:34:53,600727,鲁北化工,2026-06-18,2026-06-18,started,0,
2026-06-18 21:34:54,600728,佳都科技,2026-06-18,2026-06-18,started,0,
2026-06-18 21:34:54,600720,中交设计,2026-06-18,2026-06-18,updated,1,
2026-06-18 21:34:54,600722,金牛化工,2026-06-18,2026-06-18,updated,1,
2026-06-18 21:34:54,600729,重百集团,2026-06-18,2026-06-18,started,0,
2026-06-18 21:34:54,600730,*ST高科,2026-06-18,2026-06-18,started,0,
2026-06-18 21:34:54,600721,百花医药,2026-06-18,2026-06-18,updated,1,
2026-06-18 21:34:54,600725,云维股份,2026-06-18,2026-06-18,updated,1,
2026-06-18 21:34:54,600731,湖南海利,2026-06-18,2026-06-18,started,0,
2026-06-18 21:34:54,600724,宁波富达,2026-06-18,2026-06-18,updated,1,
2026-06-18 21:34:54,600726,华电能源,2026-06-18,2026-06-18,updated,1,
2026-06-18 21:34:54,600732,爱旭股份,2026-06-18,2026-06-18,started,0,
2026-06-18 21:34:54,600733,北汽蓝谷,2026-06-18,2026-06-18,started,0,
2026-06-18 21:34:54,600734,*ST实达,2026-06-18,2026-06-18,started,0,
2026-06-18 21:34:54,600727,鲁北化工,2026-06-18,2026-06-18,updated,1,
2026-06-18 21:34:54,600735,ST新华锦,2026-06-18,2026-06-18,started,0,
2026-06-18 21:34:54,600728,佳都科技,2026-06-18,2026-06-18,updated,1,
2026-06-18 21:34:54,600736,苏州高新,2026-06-18,2026-06-18,started,0,
2026-06-18 21:34:54,600729,重百集团,2026-06-18,2026-06-18,updated,1,
2026-06-18 21:34:54,600730,*ST高科,2026-06-18,2026-06-18,updated,1,
2026-06-18 21:34:54,600737,中粮糖业,2026-06-18,2026-06-18,started,0,
2026-06-18 21:34:55,600738,丽尚国潮,2026-06-18,2026-06-18,started,0,
2026-06-18 21:34:55,600731,湖南海利,2026-06-18,2026-06-18,updated,1,
2026-06-18 21:34:55,600734,*ST实达,2026-06-18,2026-06-18,updated,1,
2026-06-18 21:34:55,600733,北汽蓝谷,2026-06-18,2026-06-18,updated,1,
2026-06-18 21:34:55,600739,辽宁成大,2026-06-18,2026-06-18,started,0,
2026-06-18 21:34:55,600740,山西焦化,2026-06-18,2026-06-18,started,0,
2026-06-18 21:34:55,600741,华域汽车,2026-06-18,2026-06-18,started,0,
2026-06-18 21:34:55,600732,爱旭股份,2026-06-18,2026-06-18,updated,1,
2026-06-18 21:34:55,600735,ST新华锦,2026-06-18,2026-06-18,updated,1,
2026-06-18 21:34:55,600742,富维股份,2026-06-18,2026-06-18,started,0,
2026-06-18 21:34:55,600736,苏州高新,2026-06-18,2026-06-18,updated,1,
2026-06-18 21:34:55,600743,华远控股,2026-06-18,2026-06-18,started,0,
2026-06-18 21:34:55,600744,华银电力,2026-06-18,2026-06-18,started,0,
2026-06-18 21:34:55,600737,中粮糖业,2026-06-18,2026-06-18,updated,1,
2026-06-18 21:34:55,600745,*ST闻泰,2026-06-18,2026-06-18,started,0,
2026-06-18 21:34:55,600738,丽尚国潮,2026-06-18,2026-06-18,updated,1,
2026-06-18 21:34:55,600739,辽宁成大,2026-06-18,2026-06-18,updated,1,
2026-06-18 21:34:55,600746,江苏索普,2026-06-18,2026-06-18,started,0,
2026-06-18 21:34:56,600741,华域汽车,2026-06-18,2026-06-18,updated,1,
2026-06-18 21:34:56,600748,上实发展,2026-06-18,2026-06-18,started,0,
2026-06-18 21:34:56,600749,西藏旅游,2026-06-18,2026-06-18,started,0,
2026-06-18 21:34:56,600740,山西焦化,2026-06-18,2026-06-18,updated,1,
2026-06-18 21:34:56,600742,富维股份,2026-06-18,2026-06-18,updated,1,
2026-06-18 21:34:56,600750,华润江中,2026-06-18,2026-06-18,started,0,
2026-06-18 21:34:56,600743,华远控股,2026-06-18,2026-06-18,updated,1,
2026-06-18 21:34:56,600751,海航科技,2026-06-18,2026-06-18,started,0,
2026-06-18 21:34:56,600744,华银电力,2026-06-18,2026-06-18,updated,1,
2026-06-18 21:34:56,600753,*ST海钦,2026-06-18,2026-06-18,started,0,
2026-06-18 21:34:56,600754,锦江酒店,2026-06-18,2026-06-18,started,0,
2026-06-18 21:34:56,600745,*ST闻泰,2026-06-18,2026-06-18,updated,1,
2026-06-18 21:34:56,600755,厦门国贸,2026-06-18,2026-06-18,started,0,
2026-06-18 21:34:56,600746,江苏索普,2026-06-18,2026-06-18,updated,1,
2026-06-18 21:34:56,600748,上实发展,2026-06-18,2026-06-18,updated,1,
2026-06-18 21:34:56,600756,浪潮软件,2026-06-18,2026-06-18,started,0,
2026-06-18 21:34:56,600749,西藏旅游,2026-06-18,2026-06-18,updated,1,
2026-06-18 21:34:56,600757,长江传媒,2026-06-18,2026-06-18,started,0,
2026-06-18 21:34:57,600750,华润江中,2026-06-18,2026-06-18,updated,1,
2026-06-18 21:34:57,600758,辽宁能源,2026-06-18,2026-06-18,started,0,
2026-06-18 21:34:57,600751,海航科技,2026-06-18,2026-06-18,updated,1,
2026-06-18 21:34:57,600759,ST洲际,2026-06-18,2026-06-18,started,0,
2026-06-18 21:34:57,600760,中航沈飞,2026-06-18,2026-06-18,started,0,
2026-06-18 21:34:57,600753,*ST海钦,2026-06-18,2026-06-18,updated,1,
2026-06-18 21:34:57,600761,安徽合力,2026-06-18,2026-06-18,started,0,
2026-06-18 21:34:57,600754,锦江酒店,2026-06-18,2026-06-18,updated,1,
2026-06-18 21:34:57,600763,通策医疗,2026-06-18,2026-06-18,started,0,
2026-06-18 21:34:57,600755,厦门国贸,2026-06-18,2026-06-18,updated,1,
2026-06-18 21:34:57,600764,中国海防,2026-06-18,2026-06-18,started,0,
2026-06-18 21:34:57,600756,浪潮软件,2026-06-18,2026-06-18,updated,1,
2026-06-18 21:34:57,600757,长江传媒,2026-06-18,2026-06-18,updated,1,
2026-06-18 21:34:57,600765,中航重机,2026-06-18,2026-06-18,started,0,
2026-06-18 21:34:57,600758,辽宁能源,2026-06-18,2026-06-18,updated,1,
2026-06-18 21:34:57,600768,宁波富邦,2026-06-18,2026-06-18,started,0,
2026-06-18 21:34:57,600759,ST洲际,2026-06-18,2026-06-18,updated,1,
2026-06-18 21:34:57,600769,祥龙电业,2026-06-18,2026-06-18,started,0,
2026-06-18 21:34:57,600760,中航沈飞,2026-06-18,2026-06-18,updated,1,
2026-06-18 21:34:57,600770,综艺股份,2026-06-18,2026-06-18,started,0,
2026-06-18 21:34:58,600771,广誉远,2026-06-18,2026-06-18,started,0,
2026-06-18 21:34:58,600761,安徽合力,2026-06-18,2026-06-18,updated,1,
2026-06-18 21:34:58,600773,西藏城投,2026-06-18,2026-06-18,started,0,
2026-06-18 21:34:58,600763,通策医疗,2026-06-18,2026-06-18,updated,1,
2026-06-18 21:34:58,600774,汉商集团,2026-06-18,2026-06-18,started,0,
2026-06-18 21:34:58,600764,中国海防,2026-06-18,2026-06-18,updated,1,
2026-06-18 21:34:58,600765,中航重机,2026-06-18,2026-06-18,updated,1,
2026-06-18 21:34:58,600775,南京熊猫,2026-06-18,2026-06-18,started,0,
2026-06-18 21:34:58,600768,宁波富邦,2026-06-18,2026-06-18,updated,1,
2026-06-18 21:34:58,600776,东方通信,2026-06-18,2026-06-18,started,0,
2026-06-18 21:34:58,600769,祥龙电业,2026-06-18,2026-06-18,updated,1,
2026-06-18 21:34:58,600777,*ST新潮,2026-06-18,2026-06-18,started,0,
2026-06-18 21:34:58,600778,友好集团,2026-06-18,2026-06-18,started,0,
2026-06-18 21:34:58,600770,综艺股份,2026-06-18,2026-06-18,updated,1,
2026-06-18 21:34:58,600771,广誉远,2026-06-18,2026-06-18,updated,1,
2026-06-18 21:34:58,600779,水井坊,2026-06-18,2026-06-18,started,0,
2026-06-18 21:34:58,600773,西藏城投,2026-06-18,2026-06-18,updated,1,
2026-06-18 21:34:58,600780,通宝能源,2026-06-18,2026-06-18,started,0,
2026-06-18 21:34:59,600774,汉商集团,2026-06-18,2026-06-18,updated,1,
2026-06-18 21:34:59,600782,新钢股份,2026-06-18,2026-06-18,started,0,
2026-06-18 21:34:59,600783,鲁信创投,2026-06-18,2026-06-18,started,0,
2026-06-18 21:34:59,600775,南京熊猫,2026-06-18,2026-06-18,updated,1,
2026-06-18 21:34:59,600784,鲁银投资,2026-06-18,2026-06-18,started,0,
2026-06-18 21:34:59,600776,东方通信,2026-06-18,2026-06-18,updated,1,
2026-06-18 21:34:59,600778,友好集团,2026-06-18,2026-06-18,updated,1,
2026-06-18 21:34:59,600785,新华百货,2026-06-18,2026-06-18,started,0,
2026-06-18 21:34:59,600787,中储股份,2026-06-18,2026-06-18,started,0,
2026-06-18 21:34:59,600777,*ST新潮,2026-06-18,2026-06-18,updated,1,
2026-06-18 21:34:59,600779,水井坊,2026-06-18,2026-06-18,updated,1,
2026-06-18 21:34:59,600789,鲁抗医药,2026-06-18,2026-06-18,started,0,
2026-06-18 21:34:59,600780,通宝能源,2026-06-18,2026-06-18,updated,1,
2026-06-18 21:34:59,600790,轻纺城,2026-06-18,2026-06-18,started,0,
2026-06-18 21:34:59,600791,京能置业,2026-06-18,2026-06-18,started,0,
2026-06-18 21:34:59,600782,新钢股份,2026-06-18,2026-06-18,updated,1,
2026-06-18 21:34:59,600783,鲁信创投,2026-06-18,2026-06-18,updated,1,
2026-06-18 21:34:59,600792,云煤能源,2026-06-18,2026-06-18,started,0,
2026-06-18 21:35:00,600793,宜宾纸业,2026-06-18,2026-06-18,started,0,
2026-06-18 21:35:00,600784,鲁银投资,2026-06-18,2026-06-18,updated,1,
2026-06-18 21:35:00,600785,新华百货,2026-06-18,2026-06-18,updated,1,
2026-06-18 21:35:00,600794,保税科技,2026-06-18,2026-06-18,started,0,
2026-06-18 21:35:00,600787,中储股份,2026-06-18,2026-06-18,updated,1,
2026-06-18 21:35:00,600795,国电电力,2026-06-18,2026-06-18,started,0,
2026-06-18 21:35:00,600796,钱江生化,2026-06-18,2026-06-18,started,0,
2026-06-18 21:35:00,600789,鲁抗医药,2026-06-18,2026-06-18,updated,1,
2026-06-18 21:35:00,600790,轻纺城,2026-06-18,2026-06-18,updated,1,
2026-06-18 21:35:00,600797,浙大网新,2026-06-18,2026-06-18,started,0,
2026-06-18 21:35:00,600791,京能置业,2026-06-18,2026-06-18,updated,1,
2026-06-18 21:35:00,600798,宁波海运,2026-06-18,2026-06-18,started,0,
2026-06-18 21:35:00,600800,渤海化学,2026-06-18,2026-06-18,started,0,
2026-06-18 21:35:00,600792,云煤能源,2026-06-18,2026-06-18,updated,1,
2026-06-18 21:35:00,600793,宜宾纸业,2026-06-18,2026-06-18,updated,1,
2026-06-18 21:35:00,600801,华新建材,2026-06-18,2026-06-18,started,0,
2026-06-18 21:35:00,600802,福建水泥,2026-06-18,2026-06-18,started,0,
2026-06-18 21:35:00,600794,保税科技,2026-06-18,2026-06-18,updated,1,
2026-06-18 21:35:00,600803,新奥股份,2026-06-18,2026-06-18,started,0,
2026-06-18 21:35:01,600795,国电电力,2026-06-18,2026-06-18,updated,1,
2026-06-18 21:35:01,600796,钱江生化,2026-06-18,2026-06-18,updated,1,
2026-06-18 21:35:01,600805,悦达投资,2026-06-18,2026-06-18,started,0,
2026-06-18 21:35:01,600807,济高发展,2026-06-18,2026-06-18,started,0,
2026-06-18 21:35:01,600797,浙大网新,2026-06-18,2026-06-18,updated,1,
2026-06-18 21:35:01,600808,马钢股份,2026-06-18,2026-06-18,started,0,
2026-06-18 21:35:01,600798,宁波海运,2026-06-18,2026-06-18,updated,1,
2026-06-18 21:35:01,600800,渤海化学,2026-06-18,2026-06-18,updated,1,
2026-06-18 21:35:01,600809,山西汾酒,2026-06-18,2026-06-18,started,0,
2026-06-18 21:35:01,600810,神马股份,2026-06-18,2026-06-18,started,0,
2026-06-18 21:35:01,600801,华新建材,2026-06-18,2026-06-18,updated,1,
2026-06-18 21:35:01,600812,华北制药,2026-06-18,2026-06-18,started,0,
2026-06-18 21:35:01,600802,福建水泥,2026-06-18,2026-06-18,updated,1,
2026-06-18 21:35:01,600814,杭州解百,2026-06-18,2026-06-18,started,0,
2026-06-18 21:35:01,600803,新奥股份,2026-06-18,2026-06-18,updated,1,
2026-06-18 21:35:01,600815,厦工股份,2026-06-18,2026-06-18,started,0,
2026-06-18 21:35:01,600805,悦达投资,2026-06-18,2026-06-18,updated,1,
2026-06-18 21:35:02,600816,建元信托,2026-06-18,2026-06-18,started,0,
2026-06-18 21:35:02,600807,济高发展,2026-06-18,2026-06-18,updated,1,
2026-06-18 21:35:02,600817,宇通重工,2026-06-18,2026-06-18,started,0,
2026-06-18 21:35:02,600808,马钢股份,2026-06-18,2026-06-18,updated,1,
2026-06-18 21:35:02,600812,华北制药,2026-06-18,2026-06-18,updated,1,
2026-06-18 21:35:02,600818,ST中路,2026-06-18,2026-06-18,started,0,
2026-06-18 21:35:02,600809,山西汾酒,2026-06-18,2026-06-18,updated,1,
2026-06-18 21:35:02,600810,神马股份,2026-06-18,2026-06-18,updated,1,
2026-06-18 21:35:02,600819,耀皮玻璃,2026-06-18,2026-06-18,started,0,
2026-06-18 21:35:02,600820,隧道股份,2026-06-18,2026-06-18,started,0,
2026-06-18 21:35:02,600814,杭州解百,2026-06-18,2026-06-18,updated,1,
2026-06-18 21:35:02,600821,金开新能,2026-06-18,2026-06-18,started,0,
2026-06-18 21:35:02,600822,上海物贸,2026-06-18,2026-06-18,started,0,
2026-06-18 21:35:02,600815,厦工股份,2026-06-18,2026-06-18,updated,1,
2026-06-18 21:35:02,600824,益民集团,2026-06-18,2026-06-18,started,0,
2026-06-18 21:35:02,600816,建元信托,2026-06-18,2026-06-18,updated,1,
2026-06-18 21:35:02,600825,新华传媒,2026-06-18,2026-06-18,started,0,
2026-06-18 21:35:02,600817,宇通重工,2026-06-18,2026-06-18,updated,1,
2026-06-18 21:35:03,600826,兰生股份,2026-06-18,2026-06-18,started,0,
2026-06-18 21:35:03,600818,ST中路,2026-06-18,2026-06-18,updated,1,
2026-06-18 21:35:03,600820,隧道股份,2026-06-18,2026-06-18,updated,1,
2026-06-18 21:35:03,600819,耀皮玻璃,2026-06-18,2026-06-18,updated,1,
2026-06-18 21:35:03,600827,百联股份,2026-06-18,2026-06-18,started,0,
2026-06-18 21:35:03,600828,茂业商业,2026-06-18,2026-06-18,started,0,
2026-06-18 21:35:03,600829,人民同泰,2026-06-18,2026-06-18,started,0,
2026-06-18 21:35:03,600821,金开新能,2026-06-18,2026-06-18,updated,1,
2026-06-18 21:35:03,600830,香溢融通,2026-06-18,2026-06-18,started,0,
2026-06-18 21:35:03,600822,上海物贸,2026-06-18,2026-06-18,updated,1,
2026-06-18 21:35:03,600831,广电网络,2026-06-18,2026-06-18,started,0,
2026-06-18 21:35:03,600824,益民集团,2026-06-18,2026-06-18,updated,1,
2026-06-18 21:35:03,600833,第一医药,2026-06-18,2026-06-18,started,0,
2026-06-18 21:35:03,600825,新华传媒,2026-06-18,2026-06-18,updated,1,
2026-06-18 21:35:03,600834,申通地铁,2026-06-18,2026-06-18,started,0,
2026-06-18 21:35:03,600826,兰生股份,2026-06-18,2026-06-18,updated,1,
2026-06-18 21:35:03,600835,上海机电,2026-06-18,2026-06-18,started,0,
2026-06-18 21:35:03,600828,茂业商业,2026-06-18,2026-06-18,updated,1,
2026-06-18 21:35:04,600830,香溢融通,2026-06-18,2026-06-18,updated,1,
2026-06-18 21:35:04,600827,百联股份,2026-06-18,2026-06-18,updated,1,
2026-06-18 21:35:04,600838,上海九百,2026-06-18,2026-06-18,started,0,
2026-06-18 21:35:04,600831,广电网络,2026-06-18,2026-06-18,updated,1,
2026-06-18 21:35:04,600841,动力新科,2026-06-18,2026-06-18,started,0,
2026-06-18 21:35:04,600839,四川长虹,2026-06-18,2026-06-18,started,0,
2026-06-18 21:35:04,600843,上工申贝,2026-06-18,2026-06-18,started,0,
2026-06-18 21:35:04,600829,人民同泰,2026-06-18,2026-06-18,updated,1,
2026-06-18 21:35:04,600844,金煤科技,2026-06-18,2026-06-18,started,0,
2026-06-18 21:35:04,600833,第一医药,2026-06-18,2026-06-18,updated,1,
2026-06-18 21:35:04,600845,宝信软件,2026-06-18,2026-06-18,started,0,
2026-06-18 21:35:04,600834,申通地铁,2026-06-18,2026-06-18,updated,1,
2026-06-18 21:35:04,600846,同济科技,2026-06-18,2026-06-18,started,0,
2026-06-18 21:35:04,600838,上海九百,2026-06-18,2026-06-18,updated,1,
2026-06-18 21:35:04,600847,万里股份,2026-06-18,2026-06-18,started,0,
2026-06-18 21:35:04,600835,上海机电,2026-06-18,2026-06-18,updated,1,
2026-06-18 21:35:04,600841,动力新科,2026-06-18,2026-06-18,updated,1,
2026-06-18 21:35:04,600848,上海临港,2026-06-18,2026-06-18,started,0,
2026-06-18 21:35:04,600839,四川长虹,2026-06-18,2026-06-18,updated,1,
2026-06-18 21:35:05,600850,电科数字,2026-06-18,2026-06-18,started,0,
2026-06-18 21:35:05,600843,上工申贝,2026-06-18,2026-06-18,updated,1,
2026-06-18 21:35:05,600853,龙建股份,2026-06-18,2026-06-18,started,0,
2026-06-18 21:35:05,600851,海欣股份,2026-06-18,2026-06-18,started,0,
2026-06-18 21:35:05,600844,金煤科技,2026-06-18,2026-06-18,updated,1,
2026-06-18 21:35:05,600854,春兰股份,2026-06-18,2026-06-18,started,0,
2026-06-18 21:35:05,600845,宝信软件,2026-06-18,2026-06-18,updated,1,
2026-06-18 21:35:05,600855,航天长峰,2026-06-18,2026-06-18,started,0,
2026-06-18 21:35:05,600846,同济科技,2026-06-18,2026-06-18,updated,1,
2026-06-18 21:35:05,600847,万里股份,2026-06-18,2026-06-18,updated,1,
2026-06-18 21:35:05,600857,宁波中百,2026-06-18,2026-06-18,started,0,
2026-06-18 21:35:05,600850,电科数字,2026-06-18,2026-06-18,updated,1,
2026-06-18 21:35:05,600858,银座股份,2026-06-18,2026-06-18,started,0,
2026-06-18 21:35:05,600848,上海临港,2026-06-18,2026-06-18,updated,1,
2026-06-18 21:35:05,600859,王府井,2026-06-18,2026-06-18,started,0,
2026-06-18 21:35:05,600853,龙建股份,2026-06-18,2026-06-18,updated,1,
2026-06-18 21:35:05,600860,京城股份,2026-06-18,2026-06-18,started,0,
2026-06-18 21:35:05,600861,北京人力,2026-06-18,2026-06-18,started,0,
2026-06-18 21:35:05,600851,海欣股份,2026-06-18,2026-06-18,updated,1,
2026-06-18 21:35:05,600862,中航高科,2026-06-18,2026-06-18,started,0,
2026-06-18 21:35:05,600854,春兰股份,2026-06-18,2026-06-18,updated,1,
2026-06-18 21:35:06,600855,航天长峰,2026-06-18,2026-06-18,updated,1,
2026-06-18 21:35:06,600863,华能蒙电,2026-06-18,2026-06-18,started,0,
2026-06-18 21:35:06,600864,哈投股份,2026-06-18,2026-06-18,started,0,
2026-06-18 21:35:06,600857,宁波中百,2026-06-18,2026-06-18,updated,1,
2026-06-18 21:35:06,600865,百大集团,2026-06-18,2026-06-18,started,0,
2026-06-18 21:35:06,600858,银座股份,2026-06-18,2026-06-18,updated,1,
2026-06-18 21:35:06,600859,王府井,2026-06-18,2026-06-18,updated,1,
2026-06-18 21:35:06,600866,星湖科技,2026-06-18,2026-06-18,started,0,
2026-06-18 21:35:06,600861,北京人力,2026-06-18,2026-06-18,updated,1,
2026-06-18 21:35:06,600867,通化东宝,2026-06-18,2026-06-18,started,0,
2026-06-18 21:35:06,600868,梅雁吉祥,2026-06-18,2026-06-18,started,0,
2026-06-18 21:35:06,600860,京城股份,2026-06-18,2026-06-18,updated,1,
2026-06-18 21:35:06,600869,远东股份,2026-06-18,2026-06-18,started,0,
2026-06-18 21:35:06,600862,中航高科,2026-06-18,2026-06-18,updated,1,
2026-06-18 21:35:06,600863,华能蒙电,2026-06-18,2026-06-18,updated,1,
2026-06-18 21:35:06,600871,石化油服,2026-06-18,2026-06-18,started,0,
2026-06-18 21:35:06,600872,中炬高新,2026-06-18,2026-06-18,started,0,
2026-06-18 21:35:06,600864,哈投股份,2026-06-18,2026-06-18,updated,1,
2026-06-18 21:35:07,600865,百大集团,2026-06-18,2026-06-18,updated,1,
2026-06-18 21:35:07,600873,梅花生物,2026-06-18,2026-06-18,started,0,
2026-06-18 21:35:07,600874,创业环保,2026-06-18,2026-06-18,started,0,
2026-06-18 21:35:07,600866,星湖科技,2026-06-18,2026-06-18,updated,1,
2026-06-18 21:35:07,600867,通化东宝,2026-06-18,2026-06-18,updated,1,
2026-06-18 21:35:07,600875,东方电气,2026-06-18,2026-06-18,started,0,
2026-06-18 21:35:07,600868,梅雁吉祥,2026-06-18,2026-06-18,updated,1,
2026-06-18 21:35:07,600876,凯盛新能,2026-06-18,2026-06-18,started,0,
2026-06-18 21:35:07,600877,电科芯片,2026-06-18,2026-06-18,started,0,
2026-06-18 21:35:07,600869,远东股份,2026-06-18,2026-06-18,updated,1,
2026-06-18 21:35:07,600879,航天电子,2026-06-18,2026-06-18,started,0,
2026-06-18 21:35:07,600871,石化油服,2026-06-18,2026-06-18,updated,1,
2026-06-18 21:35:07,600873,梅花生物,2026-06-18,2026-06-18,updated,1,
2026-06-18 21:35:07,600880,博瑞传播,2026-06-18,2026-06-18,started,0,
2026-06-18 21:35:07,600872,中炬高新,2026-06-18,2026-06-18,updated,1,
2026-06-18 21:35:07,600881,亚泰集团,2026-06-18,2026-06-18,started,0,
2026-06-18 21:35:07,600874,创业环保,2026-06-18,2026-06-18,updated,1,
2026-06-18 21:35:08,600882,妙可蓝多,2026-06-18,2026-06-18,started,0,
2026-06-18 21:35:08,600875,东方电气,2026-06-18,2026-06-18,updated,1,
2026-06-18 21:35:08,600883,博闻科技,2026-06-18,2026-06-18,started,0,
2026-06-18 21:35:08,600884,杉杉股份,2026-06-18,2026-06-18,started,0,
2026-06-18 21:35:08,600876,凯盛新能,2026-06-18,2026-06-18,updated,1,
2026-06-18 21:35:08,600885,宏发股份,2026-06-18,2026-06-18,started,0,
2026-06-18 21:35:08,600877,电科芯片,2026-06-18,2026-06-18,updated,1,
2026-06-18 21:35:08,600879,航天电子,2026-06-18,2026-06-18,updated,1,
2026-06-18 21:35:08,600886,国投电力,2026-06-18,2026-06-18,started,0,
2026-06-18 21:35:08,600887,伊利股份,2026-06-18,2026-06-18,started,0,
2026-06-18 21:35:08,600880,博瑞传播,2026-06-18,2026-06-18,updated,1,
2026-06-18 21:35:08,600888,新疆众和,2026-06-18,2026-06-18,started,0,
2026-06-18 21:35:08,600881,亚泰集团,2026-06-18,2026-06-18,updated,1,
2026-06-18 21:35:08,600882,妙可蓝多,2026-06-18,2026-06-18,updated,1,
2026-06-18 21:35:08,600889,*ST京化,2026-06-18,2026-06-18,started,0,
2026-06-18 21:35:08,600883,博闻科技,2026-06-18,2026-06-18,updated,1,
2026-06-18 21:35:08,600892,*ST大晟,2026-06-18,2026-06-18,started,0,
2026-06-18 21:35:08,600884,杉杉股份,2026-06-18,2026-06-18,updated,1,
2026-06-18 21:35:09,600893,航发动力,2026-06-18,2026-06-18,started,0,
2026-06-18 21:35:09,600885,宏发股份,2026-06-18,2026-06-18,updated,1,
2026-06-18 21:35:09,600894,广日股份,2026-06-18,2026-06-18,started,0,
2026-06-18 21:35:09,600895,张江高科,2026-06-18,2026-06-18,started,0,
2026-06-18 21:35:09,600886,国投电力,2026-06-18,2026-06-18,updated,1,
2026-06-18 21:35:09,600897,厦门空港,2026-06-18,2026-06-18,started,0,
2026-06-18 21:35:09,600887,伊利股份,2026-06-18,2026-06-18,updated,1,
2026-06-18 21:35:09,600888,新疆众和,2026-06-18,2026-06-18,updated,1,
2026-06-18 21:35:09,600900,长江电力,2026-06-18,2026-06-18,started,0,
2026-06-18 21:35:09,600901,江苏金租,2026-06-18,2026-06-18,started,0,
2026-06-18 21:35:09,600889,*ST京化,2026-06-18,2026-06-18,updated,1,
2026-06-18 21:35:09,600892,*ST大晟,2026-06-18,2026-06-18,updated,1,
2026-06-18 21:35:09,600903,贵州燃气,2026-06-18,2026-06-18,started,0,
2026-06-18 21:35:09,600893,航发动力,2026-06-18,2026-06-18,updated,1,
2026-06-18 21:35:09,600905,三峡能源,2026-06-18,2026-06-18,started,0,
2026-06-18 21:35:09,600894,广日股份,2026-06-18,2026-06-18,updated,1,
2026-06-18 21:35:09,600906,财达证券,2026-06-18,2026-06-18,started,0,
2026-06-18 21:35:09,600908,无锡银行,2026-06-18,2026-06-18,started,0,
2026-06-18 21:35:09,600895,张江高科,2026-06-18,2026-06-18,updated,1,
2026-06-18 21:35:09,600909,华安证券,2026-06-18,2026-06-18,started,0,
2026-06-18 21:35:09,600897,厦门空港,2026-06-18,2026-06-18,updated,1,
2026-06-18 21:35:09,600916,中国黄金,2026-06-18,2026-06-18,started,0,
2026-06-18 21:35:09,600900,长江电力,2026-06-18,2026-06-18,updated,1,
2026-06-18 21:35:09,600917,重庆燃气,2026-06-18,2026-06-18,started,0,
2026-06-18 21:35:10,600901,江苏金租,2026-06-18,2026-06-18,updated,1,
2026-06-18 21:35:10,600918,中泰证券,2026-06-18,2026-06-18,started,0,
2026-06-18 21:35:10,600908,无锡银行,2026-06-18,2026-06-18,updated,1,
2026-06-18 21:35:10,600919,江苏银行,2026-06-18,2026-06-18,started,0,
2026-06-18 21:35:10,600909,华安证券,2026-06-18,2026-06-18,updated,1,
2026-06-18 21:35:10,600925,苏能股份,2026-06-18,2026-06-18,started,0,
2026-06-18 21:35:10,600916,中国黄金,2026-06-18,2026-06-18,updated,1,
2026-06-18 21:35:10,600926,杭州银行,2026-06-18,2026-06-18,started,0,
2026-06-18 21:35:10,600917,重庆燃气,2026-06-18,2026-06-18,updated,1,
2026-06-18 21:35:10,600927,永安期货,2026-06-18,2026-06-18,started,0,
2026-06-18 21:35:10,600906,财达证券,2026-06-18,2026-06-18,updated,1,
2026-06-18 21:35:10,600928,西安银行,2026-06-18,2026-06-18,started,0,
2026-06-18 21:35:10,600918,中泰证券,2026-06-18,2026-06-18,updated,1,
2026-06-18 21:35:10,600905,三峡能源,2026-06-18,2026-06-18,updated,1,
2026-06-18 21:35:10,600930,华电新能,2026-06-18,2026-06-18,started,0,
2026-06-18 21:35:10,600929,雪天盐业,2026-06-18,2026-06-18,started,0,
2026-06-18 21:35:10,600919,江苏银行,2026-06-18,2026-06-18,updated,1,
2026-06-18 21:35:10,600933,爱柯迪,2026-06-18,2026-06-18,started,0,
2026-06-18 21:35:10,600903,贵州燃气,2026-06-18,2026-06-18,updated,1,
2026-06-18 21:35:10,600935,华塑股份,2026-06-18,2026-06-18,started,0,
2026-06-18 21:35:10,600925,苏能股份,2026-06-18,2026-06-18,updated,1,
2026-06-18 21:35:10,600936,北投科技,2026-06-18,2026-06-18,started,0,
2026-06-18 21:35:10,600926,杭州银行,2026-06-18,2026-06-18,updated,1,
2026-06-18 21:35:10,600938,中国海油,2026-06-18,2026-06-18,started,0,
2026-06-18 21:35:10,600927,永安期货,2026-06-18,2026-06-18,updated,1,
2026-06-18 21:35:11,600928,西安银行,2026-06-18,2026-06-18,updated,1,
2026-06-18 21:35:11,600939,重庆建工,2026-06-18,2026-06-18,started,0,
2026-06-18 21:35:11,600941,中国移动,2026-06-18,2026-06-18,started,0,
2026-06-18 21:35:11,600930,华电新能,2026-06-18,2026-06-18,updated,1,
2026-06-18 21:35:11,600955,维远股份,2026-06-18,2026-06-18,started,0,
2026-06-18 21:35:11,600929,雪天盐业,2026-06-18,2026-06-18,updated,1,
2026-06-18 21:35:11,600933,爱柯迪,2026-06-18,2026-06-18,updated,1,
2026-06-18 21:35:11,600956,新天绿能,2026-06-18,2026-06-18,started,0,
2026-06-18 21:35:11,600935,华塑股份,2026-06-18,2026-06-18,updated,1,
2026-06-18 21:35:11,600958,东方证券,2026-06-18,2026-06-18,started,0,
2026-06-18 21:35:11,600959,江苏有线,2026-06-18,2026-06-18,started,0,
2026-06-18 21:35:11,600938,中国海油,2026-06-18,2026-06-18,updated,1,
2026-06-18 21:35:11,600960,渤海汽车,2026-06-18,2026-06-18,started,0,
2026-06-18 21:35:11,600936,北投科技,2026-06-18,2026-06-18,updated,1,
2026-06-18 21:35:11,600955,维远股份,2026-06-18,2026-06-18,updated,1,
2026-06-18 21:35:11,600961,株冶集团,2026-06-18,2026-06-18,started,0,
2026-06-18 21:35:11,600941,中国移动,2026-06-18,2026-06-18,updated,1,
2026-06-18 21:35:11,600962,国投中鲁,2026-06-18,2026-06-18,started,0,
2026-06-18 21:35:11,600939,重庆建工,2026-06-18,2026-06-18,updated,1,
2026-06-18 21:35:11,600963,岳阳林纸,2026-06-18,2026-06-18,started,0,
2026-06-18 21:35:11,600956,新天绿能,2026-06-18,2026-06-18,updated,1,
2026-06-18 21:35:12,600965,*ST福成,2026-06-18,2026-06-18,started,0,
2026-06-18 21:35:12,600966,博汇纸业,2026-06-18,2026-06-18,started,0,
2026-06-18 21:35:12,600959,江苏有线,2026-06-18,2026-06-18,updated,1,
2026-06-18 21:35:12,600967,内蒙一机,2026-06-18,2026-06-18,started,0,
2026-06-18 21:35:12,600958,东方证券,2026-06-18,2026-06-18,updated,1,
2026-06-18 21:35:12,600968,海油发展,2026-06-18,2026-06-18,started,0,
2026-06-18 21:35:12,600960,渤海汽车,2026-06-18,2026-06-18,updated,1,
2026-06-18 21:35:12,600961,株冶集团,2026-06-18,2026-06-18,updated,1,
2026-06-18 21:35:12,600969,郴电国际,2026-06-18,2026-06-18,started,0,
2026-06-18 21:35:12,600962,国投中鲁,2026-06-18,2026-06-18,updated,1,
2026-06-18 21:35:12,600970,中材国际,2026-06-18,2026-06-18,started,0,
2026-06-18 21:35:12,600963,岳阳林纸,2026-06-18,2026-06-18,updated,1,
2026-06-18 21:35:12,600971,恒源煤电,2026-06-18,2026-06-18,started,0,
2026-06-18 21:35:12,600966,博汇纸业,2026-06-18,2026-06-18,updated,1,
2026-06-18 21:35:12,600973,宝胜股份,2026-06-18,2026-06-18,started,0,
2026-06-18 21:35:12,600975,新五丰,2026-06-18,2026-06-18,started,0,
2026-06-18 21:35:12,600965,*ST福成,2026-06-18,2026-06-18,updated,1,
2026-06-18 21:35:12,600967,内蒙一机,2026-06-18,2026-06-18,updated,1,
2026-06-18 21:35:12,600977,中国电影,2026-06-18,2026-06-18,started,0,
2026-06-18 21:35:12,600976,健民集团,2026-06-18,2026-06-18,started,0,
2026-06-18 21:35:12,600968,海油发展,2026-06-18,2026-06-18,updated,1,
2026-06-18 21:35:13,600969,郴电国际,2026-06-18,2026-06-18,updated,1,
2026-06-18 21:35:13,600980,北矿科技,2026-06-18,2026-06-18,started,0,
2026-06-18 21:35:13,600979,广安爱众,2026-06-18,2026-06-18,started,0,
2026-06-18 21:35:13,600970,中材国际,2026-06-18,2026-06-18,updated,1,
2026-06-18 21:35:13,600971,恒源煤电,2026-06-18,2026-06-18,updated,1,
2026-06-18 21:35:13,600981,苏豪汇鸿,2026-06-18,2026-06-18,started,0,
2026-06-18 21:35:13,600982,宁波能源,2026-06-18,2026-06-18,started,0,
2026-06-18 21:35:13,600973,宝胜股份,2026-06-18,2026-06-18,updated,1,
2026-06-18 21:35:13,600983,惠而浦,2026-06-18,2026-06-18,started,0,
2026-06-18 21:35:13,600975,新五丰,2026-06-18,2026-06-18,updated,1,
2026-06-18 21:35:13,600977,中国电影,2026-06-18,2026-06-18,updated,1,
2026-06-18 21:35:13,600984,建设机械,2026-06-18,2026-06-18,started,0,
2026-06-18 21:35:13,600976,健民集团,2026-06-18,2026-06-18,updated,1,
2026-06-18 21:35:13,600985,淮北矿业,2026-06-18,2026-06-18,started,0,
2026-06-18 21:35:13,600979,广安爱众,2026-06-18,2026-06-18,updated,1,
2026-06-18 21:35:13,600986,浙文互联,2026-06-18,2026-06-18,started,0,
2026-06-18 21:35:13,600980,北矿科技,2026-06-18,2026-06-18,updated,1,
2026-06-18 21:35:13,600987,航民股份,2026-06-18,2026-06-18,started,0,
2026-06-18 21:35:13,600988,赤峰黄金,2026-06-18,2026-06-18,started,0,
2026-06-18 21:35:13,600981,苏豪汇鸿,2026-06-18,2026-06-18,updated,1,
2026-06-18 21:35:14,600989,宝丰能源,2026-06-18,2026-06-18,started,0,
2026-06-18 21:35:14,600982,宁波能源,2026-06-18,2026-06-18,updated,1,
2026-06-18 21:35:14,600990,四创电子,2026-06-18,2026-06-18,started,0,
2026-06-18 21:35:14,600983,惠而浦,2026-06-18,2026-06-18,updated,1,
2026-06-18 21:35:14,600984,建设机械,2026-06-18,2026-06-18,updated,1,
2026-06-18 21:35:14,600992,贵绳股份,2026-06-18,2026-06-18,started,0,
2026-06-18 21:35:14,600985,淮北矿业,2026-06-18,2026-06-18,updated,1,
2026-06-18 21:35:14,600993,马应龙,2026-06-18,2026-06-18,started,0,
2026-06-18 21:35:14,600986,浙文互联,2026-06-18,2026-06-18,updated,1,
2026-06-18 21:35:14,600995,南网储能,2026-06-18,2026-06-18,started,0,
2026-06-18 21:35:14,600996,贵广网络,2026-06-18,2026-06-18,started,0,
2026-06-18 21:35:14,600987,航民股份,2026-06-18,2026-06-18,updated,1,
2026-06-18 21:35:14,600997,开滦股份,2026-06-18,2026-06-18,started,0,
2026-06-18 21:35:14,600988,赤峰黄金,2026-06-18,2026-06-18,updated,1,
2026-06-18 21:35:14,600998,九州通,2026-06-18,2026-06-18,started,0,
2026-06-18 21:35:14,600989,宝丰能源,2026-06-18,2026-06-18,updated,1,
2026-06-18 21:35:14,600999,招商证券,2026-06-18,2026-06-18,started,0,
2026-06-18 21:35:14,600990,四创电子,2026-06-18,2026-06-18,updated,1,
2026-06-18 21:35:14,601000,唐山港,2026-06-18,2026-06-18,started,0,
2026-06-18 21:35:14,600992,贵绳股份,2026-06-18,2026-06-18,updated,1,
2026-06-18 21:35:15,601001,晋控煤业,2026-06-18,2026-06-18,started,0,
2026-06-18 21:35:15,600993,马应龙,2026-06-18,2026-06-18,updated,1,
2026-06-18 21:35:15,600995,南网储能,2026-06-18,2026-06-18,updated,1,
2026-06-18 21:35:15,600996,贵广网络,2026-06-18,2026-06-18,updated,1,
2026-06-18 21:35:15,601002,晋亿实业,2026-06-18,2026-06-18,started,0,
2026-06-18 21:35:15,601003,柳钢股份,2026-06-18,2026-06-18,started,0,
2026-06-18 21:35:15,600997,开滦股份,2026-06-18,2026-06-18,updated,1,
2026-06-18 21:35:15,601005,重庆钢铁,2026-06-18,2026-06-18,started,0,
2026-06-18 21:35:15,600998,九州通,2026-06-18,2026-06-18,updated,1,
2026-06-18 21:35:15,601006,大秦铁路,2026-06-18,2026-06-18,started,0,
2026-06-18 21:35:15,601007,金陵饭店,2026-06-18,2026-06-18,started,0,
2026-06-18 21:35:15,600999,招商证券,2026-06-18,2026-06-18,updated,1,
2026-06-18 21:35:15,601008,连云港,2026-06-18,2026-06-18,started,0,
2026-06-18 21:35:15,601000,唐山港,2026-06-18,2026-06-18,updated,1,
2026-06-18 21:35:15,601009,南京银行,2026-06-18,2026-06-18,started,0,
2026-06-18 21:35:15,601002,晋亿实业,2026-06-18,2026-06-18,updated,1,
2026-06-18 21:35:15,601001,晋控煤业,2026-06-18,2026-06-18,updated,1,
2026-06-18 21:35:15,601005,重庆钢铁,2026-06-18,2026-06-18,updated,1,
2026-06-18 21:35:15,601010,ST文峰,2026-06-18,2026-06-18,started,0,
2026-06-18 21:35:15,601011,宝泰隆,2026-06-18,2026-06-18,started,0,
2026-06-18 21:35:15,601003,柳钢股份,2026-06-18,2026-06-18,updated,1,
2026-06-18 21:35:16,601012,隆基绿能,2026-06-18,2026-06-18,started,0,
2026-06-18 21:35:16,601006,大秦铁路,2026-06-18,2026-06-18,updated,1,
2026-06-18 21:35:16,601015,陕西黑猫,2026-06-18,2026-06-18,started,0,
2026-06-18 21:35:16,601016,节能风电,2026-06-18,2026-06-18,started,0,
2026-06-18 21:35:16,601007,金陵饭店,2026-06-18,2026-06-18,updated,1,
2026-06-18 21:35:16,601018,宁波港,2026-06-18,2026-06-18,started,0,
2026-06-18 21:35:16,601008,连云港,2026-06-18,2026-06-18,updated,1,
2026-06-18 21:35:16,601019,山东出版,2026-06-18,2026-06-18,started,0,
2026-06-18 21:35:16,601009,南京银行,2026-06-18,2026-06-18,updated,1,
2026-06-18 21:35:16,601020,华钰矿业,2026-06-18,2026-06-18,started,0,
2026-06-18 21:35:16,601011,宝泰隆,2026-06-18,2026-06-18,updated,1,
2026-06-18 21:35:16,601021,春秋航空,2026-06-18,2026-06-18,started,0,
2026-06-18 21:35:16,601010,ST文峰,2026-06-18,2026-06-18,updated,1,
2026-06-18 21:35:16,601012,隆基绿能,2026-06-18,2026-06-18,updated,1,
2026-06-18 21:35:16,601022,宁波远洋,2026-06-18,2026-06-18,started,0,
2026-06-18 21:35:16,601015,陕西黑猫,2026-06-18,2026-06-18,updated,1,
2026-06-18 21:35:16,601016,节能风电,2026-06-18,2026-06-18,updated,1,
2026-06-18 21:35:16,601026,道生天合,2026-06-18,2026-06-18,started,0,
2026-06-18 21:35:16,601033,永兴股份,2026-06-18,2026-06-18,started,0,
2026-06-18 21:35:16,601038,一拖股份,2026-06-18,2026-06-18,started,0,
2026-06-18 21:35:16,601018,宁波港,2026-06-18,2026-06-18,updated,1,
2026-06-18 21:35:16,601058,赛轮轮胎,2026-06-18,2026-06-18,started,0,
2026-06-18 21:35:16,601019,山东出版,2026-06-18,2026-06-18,updated,1,
2026-06-18 21:35:16,601059,信达证券,2026-06-18,2026-06-18,started,0,
2026-06-18 21:35:16,601020,华钰矿业,2026-06-18,2026-06-18,updated,1,
2026-06-18 21:35:16,601061,中信金属,2026-06-18,2026-06-18,started,0,
2026-06-18 21:35:17,601021,春秋航空,2026-06-18,2026-06-18,updated,1,
2026-06-18 21:35:17,601065,江盐集团,2026-06-18,2026-06-18,started,0,
2026-06-18 21:35:17,601026,道生天合,2026-06-18,2026-06-18,updated,1,
2026-06-18 21:35:17,601022,宁波远洋,2026-06-18,2026-06-18,updated,1,
2026-06-18 21:35:17,601059,信达证券,2026-06-18,2026-06-18,updated,1,
2026-06-18 21:35:17,601066,中信建投,2026-06-18,2026-06-18,started,0,
2026-06-18 21:35:17,601068,中铝国际,2026-06-18,2026-06-18,started,0,
2026-06-18 21:35:17,601038,一拖股份,2026-06-18,2026-06-18,updated,1,
2026-06-18 21:35:17,601069,西部黄金,2026-06-18,2026-06-18,started,0,
2026-06-18 21:35:17,601077,渝农商行,2026-06-18,2026-06-18,started,0,
2026-06-18 21:35:17,601033,永兴股份,2026-06-18,2026-06-18,updated,1,
2026-06-18 21:35:17,601058,赛轮轮胎,2026-06-18,2026-06-18,updated,1,
2026-06-18 21:35:17,601083,锦江航运,2026-06-18,2026-06-18,started,0,
2026-06-18 21:35:17,601086,国芳集团,2026-06-18,2026-06-18,started,0,
2026-06-18 21:35:17,601061,中信金属,2026-06-18,2026-06-18,updated,1,
2026-06-18 21:35:17,601088,中国神华,2026-06-18,2026-06-18,started,0,
2026-06-18 21:35:17,601065,江盐集团,2026-06-18,2026-06-18,updated,1,
2026-06-18 21:35:17,601089,福元医药,2026-06-18,2026-06-18,started,0,
2026-06-18 21:35:17,601068,中铝国际,2026-06-18,2026-06-18,updated,1,
2026-06-18 21:35:17,601066,中信建投,2026-06-18,2026-06-18,updated,1,
2026-06-18 21:35:17,601096,宏盛华源,2026-06-18,2026-06-18,started,0,
2026-06-18 21:35:17,601069,西部黄金,2026-06-18,2026-06-18,updated,1,
2026-06-18 21:35:17,601098,中南传媒,2026-06-18,2026-06-18,started,0,
2026-06-18 21:35:17,601083,锦江航运,2026-06-18,2026-06-18,updated,1,
2026-06-18 21:35:17,601077,渝农商行,2026-06-18,2026-06-18,updated,1,
2026-06-18 21:35:17,601099,太平洋,2026-06-18,2026-06-18,started,0,
2026-06-18 21:35:18,601100,恒立液压,2026-06-18,2026-06-18,started,0,
2026-06-18 21:35:18,601101,昊华能源,2026-06-18,2026-06-18,started,0,
2026-06-18 21:35:18,601086,国芳集团,2026-06-18,2026-06-18,updated,1,
2026-06-18 21:35:18,601089,福元医药,2026-06-18,2026-06-18,updated,1,
2026-06-18 21:35:18,601106,中国一重,2026-06-18,2026-06-18,started,0,
2026-06-18 21:35:18,601088,中国神华,2026-06-18,2026-06-18,updated,1,
2026-06-18 21:35:18,601107,四川成渝,2026-06-18,2026-06-18,started,0,
2026-06-18 21:35:18,601108,财通证券,2026-06-18,2026-06-18,started,0,
2026-06-18 21:35:18,601096,宏盛华源,2026-06-18,2026-06-18,updated,1,
2026-06-18 21:35:18,601111,中国国航,2026-06-18,2026-06-18,started,0,
2026-06-18 21:35:18,601098,中南传媒,2026-06-18,2026-06-18,updated,1,
2026-06-18 21:35:18,601099,太平洋,2026-06-18,2026-06-18,updated,1,
2026-06-18 21:35:18,601100,恒立液压,2026-06-18,2026-06-18,updated,1,
2026-06-18 21:35:18,601113,华鼎股份,2026-06-18,2026-06-18,started,0,
2026-06-18 21:35:18,601112,振石股份,2026-06-18,2026-06-18,started,0,
2026-06-18 21:35:18,601101,昊华能源,2026-06-18,2026-06-18,updated,1,
2026-06-18 21:35:18,601116,三江购物,2026-06-18,2026-06-18,started,0,
2026-06-18 21:35:18,601117,中国化学,2026-06-18,2026-06-18,started,0,
2026-06-18 21:35:18,601106,中国一重,2026-06-18,2026-06-18,updated,1,
2026-06-18 21:35:18,601118,海南橡胶,2026-06-18,2026-06-18,started,0,
2026-06-18 21:35:18,601107,四川成渝,2026-06-18,2026-06-18,updated,1,
2026-06-18 21:35:18,601108,财通证券,2026-06-18,2026-06-18,updated,1,
2026-06-18 21:35:18,601121,宝地矿业,2026-06-18,2026-06-18,started,0,
2026-06-18 21:35:18,601126,四方股份,2026-06-18,2026-06-18,started,0,
2026-06-18 21:35:19,601111,中国国航,2026-06-18,2026-06-18,updated,1,
2026-06-18 21:35:19,601127,赛力斯,2026-06-18,2026-06-18,started,0,
2026-06-18 21:35:19,601112,振石股份,2026-06-18,2026-06-18,updated,1,
2026-06-18 21:35:19,601113,华鼎股份,2026-06-18,2026-06-18,updated,1,
2026-06-18 21:35:19,601128,常熟银行,2026-06-18,2026-06-18,started,0,
2026-06-18 21:35:19,601116,三江购物,2026-06-18,2026-06-18,updated,1,
2026-06-18 21:35:19,601133,柏诚股份,2026-06-18,2026-06-18,started,0,
2026-06-18 21:35:19,601117,中国化学,2026-06-18,2026-06-18,updated,1,
2026-06-18 21:35:19,601136,首创证券,2026-06-18,2026-06-18,started,0,
2026-06-18 21:35:19,601137,博威合金,2026-06-18,2026-06-18,started,0,
2026-06-18 21:35:19,601118,海南橡胶,2026-06-18,2026-06-18,updated,1,
2026-06-18 21:35:19,601138,工业富联,2026-06-18,2026-06-18,started,0,
2026-06-18 21:35:19,601121,宝地矿业,2026-06-18,2026-06-18,updated,1,
2026-06-18 21:35:19,601139,深圳燃气,2026-06-18,2026-06-18,started,0,
2026-06-18 21:35:19,601126,四方股份,2026-06-18,2026-06-18,updated,1,
2026-06-18 21:35:19,601155,新城控股,2026-06-18,2026-06-18,started,0,
2026-06-18 21:35:19,601127,赛力斯,2026-06-18,2026-06-18,updated,1,
2026-06-18 21:35:19,601156,东航物流,2026-06-18,2026-06-18,started,0,
2026-06-18 21:35:19,601128,常熟银行,2026-06-18,2026-06-18,updated,1,
2026-06-18 21:35:19,601138,工业富联,2026-06-18,2026-06-18,updated,1,
2026-06-18 21:35:19,601158,重庆水务,2026-06-18,2026-06-18,started,0,
2026-06-18 21:35:19,601133,柏诚股份,2026-06-18,2026-06-18,updated,1,
2026-06-18 21:35:19,601162,天风证券,2026-06-18,2026-06-18,started,0,
2026-06-18 21:35:19,601163,三角轮胎,2026-06-18,2026-06-18,started,0,
2026-06-18 21:35:19,601136,首创证券,2026-06-18,2026-06-18,updated,1,
2026-06-18 21:35:20,601166,兴业银行,2026-06-18,2026-06-18,started,0,
2026-06-18 21:35:20,601137,博威合金,2026-06-18,2026-06-18,updated,1,
2026-06-18 21:35:20,601168,西部矿业,2026-06-18,2026-06-18,started,0,
2026-06-18 21:35:20,601139,深圳燃气,2026-06-18,2026-06-18,updated,1,
2026-06-18 21:35:20,601169,北京银行,2026-06-18,2026-06-18,started,0,
2026-06-18 21:35:20,601156,东航物流,2026-06-18,2026-06-18,updated,1,
2026-06-18 21:35:20,601177,杭齿前进,2026-06-18,2026-06-18,started,0,
2026-06-18 21:35:20,601155,新城控股,2026-06-18,2026-06-18,updated,1,
2026-06-18 21:35:20,601179,中国西电,2026-06-18,2026-06-18,started,0,
2026-06-18 21:35:20,601158,重庆水务,2026-06-18,2026-06-18,updated,1,
2026-06-18 21:35:20,601163,三角轮胎,2026-06-18,2026-06-18,updated,1,
2026-06-18 21:35:20,601186,中国铁建,2026-06-18,2026-06-18,started,0,
2026-06-18 21:35:20,601162,天风证券,2026-06-18,2026-06-18,updated,1,
2026-06-18 21:35:20,601187,厦门银行,2026-06-18,2026-06-18,started,0,
2026-06-18 21:35:20,601168,西部矿业,2026-06-18,2026-06-18,updated,1,
2026-06-18 21:35:20,601166,兴业银行,2026-06-18,2026-06-18,updated,1,
2026-06-18 21:35:20,601198,东兴证券,2026-06-18,2026-06-18,started,0,
2026-06-18 21:35:20,601188,龙江交通,2026-06-18,2026-06-18,started,0,
2026-06-18 21:35:20,601199,江南水务,2026-06-18,2026-06-18,started,0,
2026-06-18 21:35:20,601169,北京银行,2026-06-18,2026-06-18,updated,1,
2026-06-18 21:35:20,601200,上海环境,2026-06-18,2026-06-18,started,0,
2026-06-18 21:35:20,601179,中国西电,2026-06-18,2026-06-18,updated,1,
2026-06-18 21:35:20,601208,东材科技,2026-06-18,2026-06-18,started,0,
2026-06-18 21:35:20,601177,杭齿前进,2026-06-18,2026-06-18,updated,1,
2026-06-18 21:35:21,601211,国泰海通,2026-06-18,2026-06-18,started,0,
2026-06-18 21:35:21,601186,中国铁建,2026-06-18,2026-06-18,updated,1,
2026-06-18 21:35:21,601187,厦门银行,2026-06-18,2026-06-18,updated,1,
2026-06-18 21:35:21,601212,白银有色,2026-06-18,2026-06-18,started,0,
2026-06-18 21:35:21,601198,东兴证券,2026-06-18,2026-06-18,updated,1,
2026-06-18 21:35:21,601216,君正集团,2026-06-18,2026-06-18,started,0,
2026-06-18 21:35:21,601199,江南水务,2026-06-18,2026-06-18,updated,1,
2026-06-18 21:35:21,601218,吉鑫科技,2026-06-18,2026-06-18,started,0,
2026-06-18 21:35:21,601200,上海环境,2026-06-18,2026-06-18,updated,1,
2026-06-18 21:35:21,601222,林洋能源,2026-06-18,2026-06-18,started,0,
2026-06-18 21:35:21,601188,龙江交通,2026-06-18,2026-06-18,updated,1,
2026-06-18 21:35:21,601225,陕西煤业,2026-06-18,2026-06-18,started,0,
2026-06-18 21:35:21,601226,华电科工,2026-06-18,2026-06-18,started,0,
2026-06-18 21:35:21,601208,东材科技,2026-06-18,2026-06-18,updated,1,
2026-06-18 21:35:21,601228,广州港,2026-06-18,2026-06-18,started,0,
2026-06-18 21:35:21,601211,国泰海通,2026-06-18,2026-06-18,updated,1,
2026-06-18 21:35:21,601212,白银有色,2026-06-18,2026-06-18,updated,1,
2026-06-18 21:35:21,601229,上海银行,2026-06-18,2026-06-18,started,0,
2026-06-18 21:35:21,601216,君正集团,2026-06-18,2026-06-18,updated,1,
2026-06-18 21:35:21,601231,环旭电子,2026-06-18,2026-06-18,started,0,
2026-06-18 21:35:21,601222,林洋能源,2026-06-18,2026-06-18,updated,1,
2026-06-18 21:35:22,601233,桐昆股份,2026-06-18,2026-06-18,started,0,
2026-06-18 21:35:22,601236,红塔证券,2026-06-18,2026-06-18,started,0,
2026-06-18 21:35:22,601218,吉鑫科技,2026-06-18,2026-06-18,updated,1,
2026-06-18 21:35:22,601238,广汽集团,2026-06-18,2026-06-18,started,0,
2026-06-18 21:35:22,601225,陕西煤业,2026-06-18,2026-06-18,updated,1,
2026-06-18 21:35:22,601279,英利汽车,2026-06-18,2026-06-18,started,0,
2026-06-18 21:35:22,601226,华电科工,2026-06-18,2026-06-18,updated,1,
2026-06-18 21:35:22,601228,广州港,2026-06-18,2026-06-18,updated,1,
2026-06-18 21:35:22,601288,农业银行,2026-06-18,2026-06-18,started,0,
2026-06-18 21:35:22,601298,青岛港,2026-06-18,2026-06-18,started,0,
2026-06-18 21:35:22,601229,上海银行,2026-06-18,2026-06-18,updated,1,
2026-06-18 21:35:22,601236,红塔证券,2026-06-18,2026-06-18,updated,1,
2026-06-18 21:35:22,601311,骆驼股份,2026-06-18,2026-06-18,started,0,
2026-06-18 21:35:22,601231,环旭电子,2026-06-18,2026-06-18,updated,1,
2026-06-18 21:35:22,601233,桐昆股份,2026-06-18,2026-06-18,updated,1,
2026-06-18 21:35:22,601318,中国平安,2026-06-18,2026-06-18,started,0,
2026-06-18 21:35:22,601319,中国人保,2026-06-18,2026-06-18,started,0,
2026-06-18 21:35:22,601326,秦港股份,2026-06-18,2026-06-18,started,0,
2026-06-18 21:35:22,601279,英利汽车,2026-06-18,2026-06-18,updated,1,
2026-06-18 21:35:22,601238,广汽集团,2026-06-18,2026-06-18,updated,1,
2026-06-18 21:35:22,601328,交通银行,2026-06-18,2026-06-18,started,0,
2026-06-18 21:35:22,601330,绿色动力,2026-06-18,2026-06-18,started,0,
2026-06-18 21:35:22,601298,青岛港,2026-06-18,2026-06-18,updated,1,
2026-06-18 21:35:23,601333,广深铁路,2026-06-18,2026-06-18,started,0,
2026-06-18 21:35:23,601288,农业银行,2026-06-18,2026-06-18,updated,1,
2026-06-18 21:35:23,601311,骆驼股份,2026-06-18,2026-06-18,updated,1,
2026-06-18 21:35:23,601336,新华保险,2026-06-18,2026-06-18,started,0,
2026-06-18 21:35:23,601339,百隆东方,2026-06-18,2026-06-18,started,0,
2026-06-18 21:35:23,601319,中国人保,2026-06-18,2026-06-18,updated,1,
2026-06-18 21:35:23,601318,中国平安,2026-06-18,2026-06-18,updated,1,
2026-06-18 21:35:23,601360,三六零,2026-06-18,2026-06-18,started,0,
2026-06-18 21:35:23,601326,秦港股份,2026-06-18,2026-06-18,updated,1,
2026-06-18 21:35:23,601366,利群股份,2026-06-18,2026-06-18,started,0,
2026-06-18 21:35:23,601330,绿色动力,2026-06-18,2026-06-18,updated,1,
2026-06-18 21:35:23,601368,绿城水务,2026-06-18,2026-06-18,started,0,
2026-06-18 21:35:23,601369,陕鼓动力,2026-06-18,2026-06-18,started,0,
2026-06-18 21:35:23,601328,交通银行,2026-06-18,2026-06-18,updated,1,
2026-06-18 21:35:23,601333,广深铁路,2026-06-18,2026-06-18,updated,1,
2026-06-18 21:35:23,601375,中原证券,2026-06-18,2026-06-18,started,0,
2026-06-18 21:35:23,601336,新华保险,2026-06-18,2026-06-18,updated,1,
2026-06-18 21:35:23,601377,兴业证券,2026-06-18,2026-06-18,started,0,
2026-06-18 21:35:23,601339,百隆东方,2026-06-18,2026-06-18,updated,1,
2026-06-18 21:35:23,601388,怡球资源,2026-06-18,2026-06-18,started,0,
2026-06-18 21:35:23,601366,利群股份,2026-06-18,2026-06-18,updated,1,
2026-06-18 21:35:23,601390,中国中铁,2026-06-18,2026-06-18,started,0,
2026-06-18 21:35:24,601360,三六零,2026-06-18,2026-06-18,updated,1,
2026-06-18 21:35:24,601398,工商银行,2026-06-18,2026-06-18,started,0,
2026-06-18 21:35:24,601399,国机重装,2026-06-18,2026-06-18,started,0,
2026-06-18 21:35:24,601368,绿城水务,2026-06-18,2026-06-18,updated,1,
2026-06-18 21:35:24,601369,陕鼓动力,2026-06-18,2026-06-18,updated,1,
2026-06-18 21:35:24,601456,国联民生,2026-06-18,2026-06-18,started,0,
2026-06-18 21:35:24,601375,中原证券,2026-06-18,2026-06-18,updated,1,
2026-06-18 21:35:24,601500,通用股份,2026-06-18,2026-06-18,started,0,
2026-06-18 21:35:24,601512,中新集团,2026-06-18,2026-06-18,started,0,
2026-06-18 21:35:24,601377,兴业证券,2026-06-18,2026-06-18,updated,1,
2026-06-18 21:35:24,601388,怡球资源,2026-06-18,2026-06-18,updated,1,
2026-06-18 21:35:24,601515,衢州东峰,2026-06-18,2026-06-18,started,0,
2026-06-18 21:35:24,601518,吉林高速,2026-06-18,2026-06-18,started,0,
2026-06-18 21:35:24,601390,中国中铁,2026-06-18,2026-06-18,updated,1,
2026-06-18 21:35:24,601399,国机重装,2026-06-18,2026-06-18,updated,1,
2026-06-18 21:35:24,601398,工商银行,2026-06-18,2026-06-18,updated,1,
2026-06-18 21:35:24,601519,大智慧,2026-06-18,2026-06-18,started,0,
2026-06-18 21:35:24,601528,瑞丰银行,2026-06-18,2026-06-18,started,0,
2026-06-18 21:35:24,601456,国联民生,2026-06-18,2026-06-18,updated,1,
2026-06-18 21:35:25,601555,东吴证券,2026-06-18,2026-06-18,started,0,
2026-06-18 21:35:25,601566,九牧王,2026-06-18,2026-06-18,started,0,
2026-06-18 21:35:25,601500,通用股份,2026-06-18,2026-06-18,updated,1,
2026-06-18 21:35:25,601512,中新集团,2026-06-18,2026-06-18,updated,1,
2026-06-18 21:35:25,601567,三星电气,2026-06-18,2026-06-18,started,0,
2026-06-18 21:35:25,601515,衢州东峰,2026-06-18,2026-06-18,updated,1,
2026-06-18 21:35:25,601568,北元化工,2026-06-18,2026-06-18,started,0,
2026-06-18 21:35:25,601577,长沙银行,2026-06-18,2026-06-18,started,0,
2026-06-18 21:35:25,601518,吉林高速,2026-06-18,2026-06-18,updated,1,
2026-06-18 21:35:25,601528,瑞丰银行,2026-06-18,2026-06-18,updated,1,
2026-06-18 21:35:25,601579,会稽山,2026-06-18,2026-06-18,started,0,
2026-06-18 21:35:25,601519,大智慧,2026-06-18,2026-06-18,updated,1,
2026-06-18 21:35:25,601588,北辰实业,2026-06-18,2026-06-18,started,0,
2026-06-18 21:35:25,601555,东吴证券,2026-06-18,2026-06-18,updated,1,
2026-06-18 21:35:25,601595,上海电影,2026-06-18,2026-06-18,started,0,
2026-06-18 21:35:25,601566,九牧王,2026-06-18,2026-06-18,updated,1,
2026-06-18 21:35:25,601598,中国外运,2026-06-18,2026-06-18,started,0,
2026-06-18 21:35:25,601599,浙文影业,2026-06-18,2026-06-18,started,0,
2026-06-18 21:35:25,601567,三星电气,2026-06-18,2026-06-18,updated,1,
2026-06-18 21:35:25,601600,中国铝业,2026-06-18,2026-06-18,started,0,
2026-06-18 21:35:25,601568,北元化工,2026-06-18,2026-06-18,updated,1,
2026-06-18 21:35:26,601601,中国太保,2026-06-18,2026-06-18,started,0,
2026-06-18 21:35:26,601577,长沙银行,2026-06-18,2026-06-18,updated,1,
2026-06-18 21:35:26,601579,会稽山,2026-06-18,2026-06-18,updated,1,
2026-06-18 21:35:26,601606,长城军工,2026-06-18,2026-06-18,started,0,
2026-06-18 21:35:26,601588,北辰实业,2026-06-18,2026-06-18,updated,1,
2026-06-18 21:35:26,601595,上海电影,2026-06-18,2026-06-18,updated,1,
2026-06-18 21:35:26,601607,上海医药,2026-06-18,2026-06-18,started,0,
2026-06-18 21:35:26,601608,中信重工,2026-06-18,2026-06-18,started,0,
2026-06-18 21:35:26,601598,中国外运,2026-06-18,2026-06-18,updated,1,
2026-06-18 21:35:26,601599,浙文影业,2026-06-18,2026-06-18,updated,1,
2026-06-18 21:35:26,601609,金田股份,2026-06-18,2026-06-18,started,0,
2026-06-18 21:35:26,601611,中国核建,2026-06-18,2026-06-18,started,0,
2026-06-18 21:35:26,601600,中国铝业,2026-06-18,2026-06-18,updated,1,
2026-06-18 21:35:26,601615,明阳智能,2026-06-18,2026-06-18,started,0,
2026-06-18 21:35:26,601616,广电电气,2026-06-18,2026-06-18,started,0,
2026-06-18 21:35:26,601601,中国太保,2026-06-18,2026-06-18,updated,1,
2026-06-18 21:35:26,601618,中国中冶,2026-06-18,2026-06-18,started,0,
2026-06-18 21:35:26,601606,长城军工,2026-06-18,2026-06-18,updated,1,
2026-06-18 21:35:26,601619,嘉泽新能,2026-06-18,2026-06-18,started,0,
2026-06-18 21:35:27,601607,上海医药,2026-06-18,2026-06-18,updated,1,
2026-06-18 21:35:27,601608,中信重工,2026-06-18,2026-06-18,updated,1,
2026-06-18 21:35:27,601609,金田股份,2026-06-18,2026-06-18,updated,1,
2026-06-18 21:35:27,601628,中国人寿,2026-06-18,2026-06-18,started,0,
2026-06-18 21:35:27,601633,长城汽车,2026-06-18,2026-06-18,started,0,
2026-06-18 21:35:27,601611,中国核建,2026-06-18,2026-06-18,updated,1,
2026-06-18 21:35:27,601636,旗滨集团,2026-06-18,2026-06-18,started,0,
2026-06-18 21:35:27,601615,明阳智能,2026-06-18,2026-06-18,updated,1,
2026-06-18 21:35:27,601658,邮储银行,2026-06-18,2026-06-18,started,0,
2026-06-18 21:35:27,601616,广电电气,2026-06-18,2026-06-18,updated,1,
2026-06-18 21:35:27,601665,齐鲁银行,2026-06-18,2026-06-18,started,0,
2026-06-18 21:35:27,601666,平煤股份,2026-06-18,2026-06-18,started,0,
2026-06-18 21:35:27,601618,中国中冶,2026-06-18,2026-06-18,updated,1,
2026-06-18 21:35:27,601619,嘉泽新能,2026-06-18,2026-06-18,updated,1,
2026-06-18 21:35:27,601668,中国建筑,2026-06-18,2026-06-18,started,0,
2026-06-18 21:35:27,601669,中国电建,2026-06-18,2026-06-18,started,0,
2026-06-18 21:35:27,601633,长城汽车,2026-06-18,2026-06-18,updated,1,
2026-06-18 21:35:27,601628,中国人寿,2026-06-18,2026-06-18,updated,1,
2026-06-18 21:35:27,601677,明泰铝业,2026-06-18,2026-06-18,started,0,
2026-06-18 21:35:27,601678,滨化股份,2026-06-18,2026-06-18,started,0,
2026-06-18 21:35:27,601665,齐鲁银行,2026-06-18,2026-06-18,updated,1,
2026-06-18 21:35:28,601658,邮储银行,2026-06-18,2026-06-18,updated,1,
2026-06-18 21:35:28,601636,旗滨集团,2026-06-18,2026-06-18,updated,1,
2026-06-18 21:35:28,601686,友发集团,2026-06-18,2026-06-18,started,0,
2026-06-18 21:35:28,601666,平煤股份,2026-06-18,2026-06-18,updated,1,
2026-06-18 21:35:28,601688,华泰证券,2026-06-18,2026-06-18,started,0,
2026-06-18 21:35:28,601689,拓普集团,2026-06-18,2026-06-18,started,0,
2026-06-18 21:35:28,601696,中银证券,2026-06-18,2026-06-18,started,0,
2026-06-18 21:35:28,601669,中国电建,2026-06-18,2026-06-18,updated,1,
2026-06-18 21:35:28,601668,中国建筑,2026-06-18,2026-06-18,updated,1,
2026-06-18 21:35:28,601698,中国卫通,2026-06-18,2026-06-18,started,0,
2026-06-18 21:35:28,601677,明泰铝业,2026-06-18,2026-06-18,updated,1,
2026-06-18 21:35:28,601699,潞安环能,2026-06-18,2026-06-18,started,0,
2026-06-18 21:35:28,601700,风范股份,2026-06-18,2026-06-18,started,0,
2026-06-18 21:35:28,601678,滨化股份,2026-06-18,2026-06-18,updated,1,
2026-06-18 21:35:28,601686,友发集团,2026-06-18,2026-06-18,updated,1,
2026-06-18 21:35:28,601702,华峰铝业,2026-06-18,2026-06-18,started,0,
2026-06-18 21:35:28,601688,华泰证券,2026-06-18,2026-06-18,updated,1,
2026-06-18 21:35:28,601717,中创智领,2026-06-18,2026-06-18,started,0,
2026-06-18 21:35:28,601689,拓普集团,2026-06-18,2026-06-18,updated,1,
2026-06-18 21:35:28,601718,ST际华,2026-06-18,2026-06-18,started,0,
2026-06-18 21:35:28,601696,中银证券,2026-06-18,2026-06-18,updated,1,
2026-06-18 21:35:28,601727,上海电气,2026-06-18,2026-06-18,started,0,
2026-06-18 21:35:29,601728,中国电信,2026-06-18,2026-06-18,started,0,
2026-06-18 21:35:29,601698,中国卫通,2026-06-18,2026-06-18,updated,1,
2026-06-18 21:35:29,601699,潞安环能,2026-06-18,2026-06-18,updated,1,
2026-06-18 21:35:29,601766,中国中车,2026-06-18,2026-06-18,started,0,
2026-06-18 21:35:29,601700,风范股份,2026-06-18,2026-06-18,updated,1,
2026-06-18 21:35:29,601777,千里科技,2026-06-18,2026-06-18,started,0,
2026-06-18 21:35:29,601778,晶科科技,2026-06-18,2026-06-18,started,0,
2026-06-18 21:35:29,601702,华峰铝业,2026-06-18,2026-06-18,updated,1,
2026-06-18 21:35:29,601788,光大证券,2026-06-18,2026-06-18,started,0,
2026-06-18 21:35:29,601718,ST际华,2026-06-18,2026-06-18,updated,1,
2026-06-18 21:35:29,601717,中创智领,2026-06-18,2026-06-18,updated,1,
2026-06-18 21:35:29,601789,宁波建工,2026-06-18,2026-06-18,started,0,
2026-06-18 21:35:29,601798,蓝科高新,2026-06-18,2026-06-18,started,0,
2026-06-18 21:35:29,601728,中国电信,2026-06-18,2026-06-18,updated,1,
2026-06-18 21:35:29,601799,星宇股份,2026-06-18,2026-06-18,started,0,
2026-06-18 21:35:29,601727,上海电气,2026-06-18,2026-06-18,updated,1,
2026-06-18 21:35:29,601766,中国中车,2026-06-18,2026-06-18,updated,1,
2026-06-18 21:35:29,601800,中国交建,2026-06-18,2026-06-18,started,0,
2026-06-18 21:35:29,601801,皖新传媒,2026-06-18,2026-06-18,started,0,
2026-06-18 21:35:29,601777,千里科技,2026-06-18,2026-06-18,updated,1,
2026-06-18 21:35:29,601778,晶科科技,2026-06-18,2026-06-18,updated,1,
2026-06-18 21:35:30,601808,中海油服,2026-06-18,2026-06-18,started,0,
2026-06-18 21:35:30,601811,新华文轩,2026-06-18,2026-06-18,started,0,
2026-06-18 21:35:30,601788,光大证券,2026-06-18,2026-06-18,updated,1,
2026-06-18 21:35:30,601798,蓝科高新,2026-06-18,2026-06-18,updated,1,
2026-06-18 21:35:30,601816,京沪高铁,2026-06-18,2026-06-18,started,0,
2026-06-18 21:35:30,601818,光大银行,2026-06-18,2026-06-18,started,0,
2026-06-18 21:35:30,601789,宁波建工,2026-06-18,2026-06-18,updated,1,
2026-06-18 21:35:30,601825,沪农商行,2026-06-18,2026-06-18,started,0,
2026-06-18 21:35:30,601799,星宇股份,2026-06-18,2026-06-18,updated,1,
2026-06-18 21:35:30,601827,三峰环境,2026-06-18,2026-06-18,started,0,
2026-06-18 21:35:30,601800,中国交建,2026-06-18,2026-06-18,updated,1,
2026-06-18 21:35:30,601828,美凯龙,2026-06-18,2026-06-18,started,0,
2026-06-18 21:35:30,601801,皖新传媒,2026-06-18,2026-06-18,updated,1,
2026-06-18 21:35:30,601808,中海油服,2026-06-18,2026-06-18,updated,1,
2026-06-18 21:35:30,601838,成都银行,2026-06-18,2026-06-18,started,0,
2026-06-18 21:35:30,601811,新华文轩,2026-06-18,2026-06-18,updated,1,
2026-06-18 21:35:30,601857,中国石油,2026-06-18,2026-06-18,started,0,
2026-06-18 21:35:30,601816,京沪高铁,2026-06-18,2026-06-18,updated,1,
2026-06-18 21:35:30,601858,中国科传,2026-06-18,2026-06-18,started,0,
2026-06-18 21:35:30,601818,光大银行,2026-06-18,2026-06-18,updated,1,
2026-06-18 21:35:30,601860,紫金银行,2026-06-18,2026-06-18,started,0,
2026-06-18 21:35:30,601865,福莱特,2026-06-18,2026-06-18,started,0,
2026-06-18 21:35:30,601825,沪农商行,2026-06-18,2026-06-18,updated,1,
2026-06-18 21:35:31,601866,中远海发,2026-06-18,2026-06-18,started,0,
2026-06-18 21:35:31,601827,三峰环境,2026-06-18,2026-06-18,updated,1,
2026-06-18 21:35:31,601868,中国能建,2026-06-18,2026-06-18,started,0,
2026-06-18 21:35:31,601828,美凯龙,2026-06-18,2026-06-18,updated,1,
2026-06-18 21:35:31,601869,长飞光纤,2026-06-18,2026-06-18,started,0,
2026-06-18 21:35:31,601838,成都银行,2026-06-18,2026-06-18,updated,1,
2026-06-18 21:35:31,601857,中国石油,2026-06-18,2026-06-18,updated,1,
2026-06-18 21:35:31,601872,招商轮船,2026-06-18,2026-06-18,started,0,
2026-06-18 21:35:31,601858,中国科传,2026-06-18,2026-06-18,updated,1,
2026-06-18 21:35:31,601877,正泰电器,2026-06-18,2026-06-18,started,0,
2026-06-18 21:35:31,601860,紫金银行,2026-06-18,2026-06-18,updated,1,
2026-06-18 21:35:31,601878,浙商证券,2026-06-18,2026-06-18,started,0,
2026-06-18 21:35:31,601865,福莱特,2026-06-18,2026-06-18,updated,1,
2026-06-18 21:35:31,601880,辽港股份,2026-06-18,2026-06-18,started,0,
2026-06-18 21:35:31,601881,中国银河,2026-06-18,2026-06-18,started,0,
2026-06-18 21:35:31,601866,中远海发,2026-06-18,2026-06-18,updated,1,
2026-06-18 21:35:31,601868,中国能建,2026-06-18,2026-06-18,updated,1,
2026-06-18 21:35:31,601882,海天精工,2026-06-18,2026-06-18,started,0,
2026-06-18 21:35:31,601869,长飞光纤,2026-06-18,2026-06-18,updated,1,
2026-06-18 21:35:31,601886,江河集团,2026-06-18,2026-06-18,started,0,
2026-06-18 21:35:31,601872,招商轮船,2026-06-18,2026-06-18,updated,1,
2026-06-18 21:35:31,601888,中国中免,2026-06-18,2026-06-18,started,0,
2026-06-18 21:35:32,601890,亚星锚链,2026-06-18,2026-06-18,started,0,
2026-06-18 21:35:32,601878,浙商证券,2026-06-18,2026-06-18,updated,1,
2026-06-18 21:35:32,601898,中煤能源,2026-06-18,2026-06-18,started,0,
2026-06-18 21:35:32,601877,正泰电器,2026-06-18,2026-06-18,updated,1,
2026-06-18 21:35:32,601881,中国银河,2026-06-18,2026-06-18,updated,1,
2026-06-18 21:35:32,601899,紫金矿业,2026-06-18,2026-06-18,started,0,
2026-06-18 21:35:32,601880,辽港股份,2026-06-18,2026-06-18,updated,1,
2026-06-18 21:35:32,601900,南方传媒,2026-06-18,2026-06-18,started,0,
2026-06-18 21:35:32,601901,方正证券,2026-06-18,2026-06-18,started,0,
2026-06-18 21:35:32,601882,海天精工,2026-06-18,2026-06-18,updated,1,
2026-06-18 21:35:32,601886,江河集团,2026-06-18,2026-06-18,updated,1,
2026-06-18 21:35:32,601908,京运通,2026-06-18,2026-06-18,started,0,
2026-06-18 21:35:32,601888,中国中免,2026-06-18,2026-06-18,updated,1,
2026-06-18 21:35:32,601916,浙商银行,2026-06-18,2026-06-18,started,0,
2026-06-18 21:35:32,601890,亚星锚链,2026-06-18,2026-06-18,updated,1,
2026-06-18 21:35:32,601918,新集能源,2026-06-18,2026-06-18,started,0,
2026-06-18 21:35:32,601898,中煤能源,2026-06-18,2026-06-18,updated,1,
2026-06-18 21:35:32,601919,中远海控,2026-06-18,2026-06-18,started,0,
2026-06-18 21:35:32,601899,紫金矿业,2026-06-18,2026-06-18,updated,1,
2026-06-18 21:35:32,601921,浙版传媒,2026-06-18,2026-06-18,started,0,
2026-06-18 21:35:32,601928,凤凰传媒,2026-06-18,2026-06-18,started,0,
2026-06-18 21:35:32,601900,南方传媒,2026-06-18,2026-06-18,updated,1,
2026-06-18 21:35:33,601929,吉视传媒,2026-06-18,2026-06-18,started,0,
2026-06-18 21:35:33,601901,方正证券,2026-06-18,2026-06-18,updated,1,
2026-06-18 21:35:33,601933,永辉超市,2026-06-18,2026-06-18,started,0,
2026-06-18 21:35:33,601916,浙商银行,2026-06-18,2026-06-18,updated,1,
2026-06-18 21:35:33,601908,京运通,2026-06-18,2026-06-18,updated,1,
2026-06-18 21:35:33,601939,建设银行,2026-06-18,2026-06-18,started,0,
2026-06-18 21:35:33,601918,新集能源,2026-06-18,2026-06-18,updated,1,
2026-06-18 21:35:33,601949,中国出版,2026-06-18,2026-06-18,started,0,
2026-06-18 21:35:33,601919,中远海控,2026-06-18,2026-06-18,updated,1,
2026-06-18 21:35:33,601952,苏垦农发,2026-06-18,2026-06-18,started,0,
2026-06-18 21:35:33,601921,浙版传媒,2026-06-18,2026-06-18,updated,1,
2026-06-18 21:35:33,601956,东贝集团,2026-06-18,2026-06-18,started,0,
2026-06-18 21:35:33,601958,金钼股份,2026-06-18,2026-06-18,started,0,
2026-06-18 21:35:33,601928,凤凰传媒,2026-06-18,2026-06-18,updated,1,
2026-06-18 21:35:33,601963,重庆银行,2026-06-18,2026-06-18,started,0,
2026-06-18 21:35:33,601929,吉视传媒,2026-06-18,2026-06-18,updated,1,
2026-06-18 21:35:33,601933,永辉超市,2026-06-18,2026-06-18,updated,1,
2026-06-18 21:35:33,601965,中国汽研,2026-06-18,2026-06-18,started,0,
2026-06-18 21:35:33,601966,玲珑轮胎,2026-06-18,2026-06-18,started,0,
2026-06-18 21:35:33,601939,建设银行,2026-06-18,2026-06-18,updated,1,
2026-06-18 21:35:33,601949,中国出版,2026-06-18,2026-06-18,updated,1,
2026-06-18 21:35:33,601968,宝钢包装,2026-06-18,2026-06-18,started,0,
2026-06-18 21:35:34,601956,东贝集团,2026-06-18,2026-06-18,updated,1,
2026-06-18 21:35:34,601969,海南矿业,2026-06-18,2026-06-18,started,0,
2026-06-18 21:35:34,601952,苏垦农发,2026-06-18,2026-06-18,updated,1,
2026-06-18 21:35:34,601975,招商南油,2026-06-18,2026-06-18,started,0,
2026-06-18 21:35:34,601985,中国核电,2026-06-18,2026-06-18,started,0,
2026-06-18 21:35:34,601958,金钼股份,2026-06-18,2026-06-18,updated,1,
2026-06-18 21:35:34,601963,重庆银行,2026-06-18,2026-06-18,updated,1,
2026-06-18 21:35:34,601988,中国银行,2026-06-18,2026-06-18,started,0,
2026-06-18 21:35:34,601990,南京证券,2026-06-18,2026-06-18,started,0,
2026-06-18 21:35:34,601965,中国汽研,2026-06-18,2026-06-18,updated,1,
2026-06-18 21:35:34,601991,大唐发电,2026-06-18,2026-06-18,started,0,
2026-06-18 21:35:34,601966,玲珑轮胎,2026-06-18,2026-06-18,updated,1,
2026-06-18 21:35:34,601992,金隅集团,2026-06-18,2026-06-18,started,0,
2026-06-18 21:35:34,601968,宝钢包装,2026-06-18,2026-06-18,updated,1,
2026-06-18 21:35:34,601969,海南矿业,2026-06-18,2026-06-18,updated,1,
2026-06-18 21:35:34,601995,中金公司,2026-06-18,2026-06-18,started,0,
2026-06-18 21:35:34,601996,丰林集团,2026-06-18,2026-06-18,started,0,
2026-06-18 21:35:34,601975,招商南油,2026-06-18,2026-06-18,updated,1,
2026-06-18 21:35:34,601985,中国核电,2026-06-18,2026-06-18,updated,1,
2026-06-18 21:35:34,601997,贵阳银行,2026-06-18,2026-06-18,started,0,
2026-06-18 21:35:34,601990,南京证券,2026-06-18,2026-06-18,updated,1,
2026-06-18 21:35:35,601998,中信银行,2026-06-18,2026-06-18,started,0,
2026-06-18 21:35:35,601999,出版传媒,2026-06-18,2026-06-18,started,0,
2026-06-18 21:35:35,601988,中国银行,2026-06-18,2026-06-18,updated,1,
2026-06-18 21:35:35,601991,大唐发电,2026-06-18,2026-06-18,updated,1,
2026-06-18 21:35:35,603000,人民网,2026-06-18,2026-06-18,started,0,
2026-06-18 21:35:35,603001,奥康国际,2026-06-18,2026-06-18,started,0,
2026-06-18 21:35:35,601992,金隅集团,2026-06-18,2026-06-18,updated,1,
2026-06-18 21:35:35,601995,中金公司,2026-06-18,2026-06-18,updated,1,
2026-06-18 21:35:35,603002,宏昌电子,2026-06-18,2026-06-18,started,0,
2026-06-18 21:35:35,603004,鼎龙科技,2026-06-18,2026-06-18,started,0,
2026-06-18 21:35:35,601996,丰林集团,2026-06-18,2026-06-18,updated,1,
2026-06-18 21:35:35,601997,贵阳银行,2026-06-18,2026-06-18,updated,1,
2026-06-18 21:35:35,603005,晶方科技,2026-06-18,2026-06-18,started,0,
2026-06-18 21:35:35,603006,联明股份,2026-06-18,2026-06-18,started,0,
2026-06-18 21:35:35,601998,中信银行,2026-06-18,2026-06-18,updated,1,
2026-06-18 21:35:36,601999,出版传媒,2026-06-18,2026-06-18,updated,1,
2026-06-18 21:35:36,603007,顺景科技,2026-06-18,2026-06-18,started,0,
2026-06-18 21:35:36,603000,人民网,2026-06-18,2026-06-18,updated,1,
2026-06-18 21:35:36,603008,ST喜临门,2026-06-18,2026-06-18,started,0,
2026-06-18 21:35:36,603009,北特科技,2026-06-18,2026-06-18,started,0,
2026-06-18 21:35:36,603001,奥康国际,2026-06-18,2026-06-18,updated,1,
2026-06-18 21:35:36,603010,万盛股份,2026-06-18,2026-06-18,started,0,
2026-06-18 21:35:36,603004,鼎龙科技,2026-06-18,2026-06-18,updated,1,
2026-06-18 21:35:36,603002,宏昌电子,2026-06-18,2026-06-18,updated,1,
2026-06-18 21:35:36,603011,合锻智能,2026-06-18,2026-06-18,started,0,
2026-06-18 21:35:36,603012,创力集团,2026-06-18,2026-06-18,started,0,
2026-06-18 21:35:36,603006,联明股份,2026-06-18,2026-06-18,updated,1,
2026-06-18 21:35:36,603005,晶方科技,2026-06-18,2026-06-18,updated,1,
2026-06-18 21:35:36,603013,亚普股份,2026-06-18,2026-06-18,started,0,
2026-06-18 21:35:36,603014,威高血净,2026-06-18,2026-06-18,started,0,
2026-06-18 21:35:36,603007,顺景科技,2026-06-18,2026-06-18,updated,1,
2026-06-18 21:35:37,603008,ST喜临门,2026-06-18,2026-06-18,updated,1,
2026-06-18 21:35:37,603015,弘讯科技,2026-06-18,2026-06-18,started,0,
2026-06-18 21:35:37,603016,新宏泰,2026-06-18,2026-06-18,started,0,
2026-06-18 21:35:37,603009,北特科技,2026-06-18,2026-06-18,updated,1,
2026-06-18 21:35:37,603010,万盛股份,2026-06-18,2026-06-18,updated,1,
2026-06-18 21:35:37,603017,中衡设计,2026-06-18,2026-06-18,started,0,
2026-06-18 21:35:37,603012,创力集团,2026-06-18,2026-06-18,updated,1,
2026-06-18 21:35:37,603018,华设集团,2026-06-18,2026-06-18,started,0,
2026-06-18 21:35:37,603011,合锻智能,2026-06-18,2026-06-18,updated,1,
2026-06-18 21:35:37,603019,中科曙光,2026-06-18,2026-06-18,started,0,
2026-06-18 21:35:37,603020,爱普股份,2026-06-18,2026-06-18,started,0,
2026-06-18 21:35:37,603013,亚普股份,2026-06-18,2026-06-18,updated,1,
2026-06-18 21:35:37,603021,*ST华鹏,2026-06-18,2026-06-18,started,0,
2026-06-18 21:35:37,603014,威高血净,2026-06-18,2026-06-18,updated,1,
2026-06-18 21:35:37,603022,新通联,2026-06-18,2026-06-18,started,0,
2026-06-18 21:35:37,603015,弘讯科技,2026-06-18,2026-06-18,updated,1,
2026-06-18 21:35:38,603023,威帝股份,2026-06-18,2026-06-18,started,0,
2026-06-18 21:35:38,603016,新宏泰,2026-06-18,2026-06-18,updated,1,
2026-06-18 21:35:38,603018,华设集团,2026-06-18,2026-06-18,updated,1,
2026-06-18 21:35:38,603025,大豪科技,2026-06-18,2026-06-18,started,0,
2026-06-18 21:35:38,603017,中衡设计,2026-06-18,2026-06-18,updated,1,
2026-06-18 21:35:38,603019,中科曙光,2026-06-18,2026-06-18,updated,1,
2026-06-18 21:35:38,603026,石大胜华,2026-06-18,2026-06-18,started,0,
2026-06-18 21:35:38,603027,千禾味业,2026-06-18,2026-06-18,started,0,
2026-06-18 21:35:38,603020,爱普股份,2026-06-18,2026-06-18,updated,1,
2026-06-18 21:35:38,603028,赛福天,2026-06-18,2026-06-18,started,0,
2026-06-18 21:35:38,603021,*ST华鹏,2026-06-18,2026-06-18,updated,1,
2026-06-18 21:35:38,603029,天鹅股份,2026-06-18,2026-06-18,started,0,
2026-06-18 21:35:38,603022,新通联,2026-06-18,2026-06-18,updated,1,
2026-06-18 21:35:38,603030,全筑股份,2026-06-18,2026-06-18,started,0,
2026-06-18 21:35:38,603031,安孚科技,2026-06-18,2026-06-18,started,0,
2026-06-18 21:35:38,603023,威帝股份,2026-06-18,2026-06-18,updated,1,
2026-06-18 21:35:38,603025,大豪科技,2026-06-18,2026-06-18,updated,1,
2026-06-18 21:35:38,603032,德新科技,2026-06-18,2026-06-18,started,0,
2026-06-18 21:35:38,603033,三维股份,2026-06-18,2026-06-18,started,0,
2026-06-18 21:35:38,603026,石大胜华,2026-06-18,2026-06-18,updated,1,
2026-06-18 21:35:39,603027,千禾味业,2026-06-18,2026-06-18,updated,1,
2026-06-18 21:35:39,603035,常熟汽饰,2026-06-18,2026-06-18,started,0,
2026-06-18 21:35:39,603028,赛福天,2026-06-18,2026-06-18,updated,1,
2026-06-18 21:35:39,603036,如通股份,2026-06-18,2026-06-18,started,0,
2026-06-18 21:35:39,603030,全筑股份,2026-06-18,2026-06-18,updated,1,
2026-06-18 21:35:39,603037,凯众股份,2026-06-18,2026-06-18,started,0,
2026-06-18 21:35:39,603029,天鹅股份,2026-06-18,2026-06-18,updated,1,
2026-06-18 21:35:39,603038,华立股份,2026-06-18,2026-06-18,started,0,
2026-06-18 21:35:39,603031,安孚科技,2026-06-18,2026-06-18,updated,1,
2026-06-18 21:35:39,603039,泛微网络,2026-06-18,2026-06-18,started,0,
2026-06-18 21:35:39,603040,新坐标,2026-06-18,2026-06-18,started,0,
2026-06-18 21:35:39,603032,德新科技,2026-06-18,2026-06-18,updated,1,
2026-06-18 21:35:39,603041,美思德,2026-06-18,2026-06-18,started,0,
2026-06-18 21:35:39,603033,三维股份,2026-06-18,2026-06-18,updated,1,
2026-06-18 21:35:39,603042,华脉科技,2026-06-18,2026-06-18,started,0,
2026-06-18 21:35:39,603035,常熟汽饰,2026-06-18,2026-06-18,updated,1,
2026-06-18 21:35:39,603036,如通股份,2026-06-18,2026-06-18,updated,1,
2026-06-18 21:35:39,603038,华立股份,2026-06-18,2026-06-18,updated,1,
2026-06-18 21:35:39,603043,广州酒家,2026-06-18,2026-06-18,started,0,
2026-06-18 21:35:39,603037,凯众股份,2026-06-18,2026-06-18,updated,1,
2026-06-18 21:35:39,603045,福达合金,2026-06-18,2026-06-18,started,0,
2026-06-18 21:35:40,603048,浙江黎明,2026-06-18,2026-06-18,started,0,
2026-06-18 21:35:40,603039,泛微网络,2026-06-18,2026-06-18,updated,1,
2026-06-18 21:35:40,603049,中策橡胶,2026-06-18,2026-06-18,started,0,
2026-06-18 21:35:40,603040,新坐标,2026-06-18,2026-06-18,updated,1,
2026-06-18 21:35:40,603050,科林电气,2026-06-18,2026-06-18,started,0,
2026-06-18 21:35:40,603051,鹿山新材,2026-06-18,2026-06-18,started,0,
2026-06-18 21:35:40,603042,华脉科技,2026-06-18,2026-06-18,updated,1,
2026-06-18 21:35:40,603052,可川科技,2026-06-18,2026-06-18,started,0,
2026-06-18 21:35:40,603041,美思德,2026-06-18,2026-06-18,updated,1,
2026-06-18 21:35:40,603053,成都燃气,2026-06-18,2026-06-18,started,0,
2026-06-18 21:35:40,603045,福达合金,2026-06-18,2026-06-18,updated,1,
2026-06-18 21:35:40,603043,广州酒家,2026-06-18,2026-06-18,updated,1,
2026-06-18 21:35:40,603055,台华新材,2026-06-18,2026-06-18,started,0,
2026-06-18 21:35:40,603048,浙江黎明,2026-06-18,2026-06-18,updated,1,
2026-06-18 21:35:40,603049,中策橡胶,2026-06-18,2026-06-18,updated,1,
2026-06-18 21:35:40,603057,紫燕食品,2026-06-18,2026-06-18,started,0,
2026-06-18 21:35:40,603058,永吉股份,2026-06-18,2026-06-18,started,0,
2026-06-18 21:35:40,603051,鹿山新材,2026-06-18,2026-06-18,updated,1,
2026-06-18 21:35:40,603059,倍加洁,2026-06-18,2026-06-18,started,0,
2026-06-18 21:35:40,603060,国检集团,2026-06-18,2026-06-18,started,0,
2026-06-18 21:35:40,603050,科林电气,2026-06-18,2026-06-18,updated,1,
2026-06-18 21:35:40,603061,金海通,2026-06-18,2026-06-18,started,0,
2026-06-18 21:35:40,603052,可川科技,2026-06-18,2026-06-18,updated,1,
2026-06-18 21:35:41,603062,麦加芯彩,2026-06-18,2026-06-18,started,0,
2026-06-18 21:35:41,603053,成都燃气,2026-06-18,2026-06-18,updated,1,
2026-06-18 21:35:41,603055,台华新材,2026-06-18,2026-06-18,updated,1,
2026-06-18 21:35:41,603063,禾望电气,2026-06-18,2026-06-18,started,0,
2026-06-18 21:35:41,603065,宿迁联盛,2026-06-18,2026-06-18,started,0,
2026-06-18 21:35:41,603057,紫燕食品,2026-06-18,2026-06-18,updated,1,
2026-06-18 21:35:41,603059,倍加洁,2026-06-18,2026-06-18,updated,1,
2026-06-18 21:35:41,603066,音飞储存,2026-06-18,2026-06-18,started,0,
2026-06-18 21:35:41,603067,振华股份,2026-06-18,2026-06-18,started,0,
2026-06-18 21:35:41,603058,永吉股份,2026-06-18,2026-06-18,updated,1,
2026-06-18 21:35:41,603068,博通集成,2026-06-18,2026-06-18,started,0,
2026-06-18 21:35:41,603060,国检集团,2026-06-18,2026-06-18,updated,1,
2026-06-18 21:35:41,603061,金海通,2026-06-18,2026-06-18,updated,1,
2026-06-18 21:35:41,603069,海汽集团,2026-06-18,2026-06-18,started,0,
2026-06-18 21:35:41,603070,万控智造,2026-06-18,2026-06-18,started,0,
2026-06-18 21:35:41,603062,麦加芯彩,2026-06-18,2026-06-18,updated,1,
2026-06-18 21:35:42,603063,禾望电气,2026-06-18,2026-06-18,updated,1,
2026-06-18 21:35:42,603071,物产环能,2026-06-18,2026-06-18,started,0,
2026-06-18 21:35:42,603072,天和磁材,2026-06-18,2026-06-18,started,0,
2026-06-18 21:35:42,603065,宿迁联盛,2026-06-18,2026-06-18,updated,1,
2026-06-18 21:35:42,603066,音飞储存,2026-06-18,2026-06-18,updated,1,
2026-06-18 21:35:42,603073,彩蝶实业,2026-06-18,2026-06-18,started,0,
2026-06-18 21:35:42,603067,振华股份,2026-06-18,2026-06-18,updated,1,
2026-06-18 21:35:42,603075,热威股份,2026-06-18,2026-06-18,started,0,
2026-06-18 21:35:42,603068,博通集成,2026-06-18,2026-06-18,updated,1,
2026-06-18 21:35:42,603076,乐惠国际,2026-06-18,2026-06-18,started,0,
2026-06-18 21:35:42,603070,万控智造,2026-06-18,2026-06-18,updated,1,
2026-06-18 21:35:42,603077,和邦生物,2026-06-18,2026-06-18,started,0,
2026-06-18 21:35:42,603078,江化微,2026-06-18,2026-06-18,started,0,
2026-06-18 21:35:42,603069,海汽集团,2026-06-18,2026-06-18,updated,1,
2026-06-18 21:35:42,603071,物产环能,2026-06-18,2026-06-18,updated,1,
2026-06-18 21:35:42,603079,圣达生物,2026-06-18,2026-06-18,started,0,
2026-06-18 21:35:43,603080,新疆火炬,2026-06-18,2026-06-18,started,0,
2026-06-18 21:35:43,603072,天和磁材,2026-06-18,2026-06-18,updated,1,
2026-06-18 21:35:43,603081,大丰实业,2026-06-18,2026-06-18,started,0,
2026-06-18 21:35:43,603073,彩蝶实业,2026-06-18,2026-06-18,updated,1,
2026-06-18 21:35:43,603082,北自科技,2026-06-18,2026-06-18,started,0,
2026-06-18 21:35:43,603075,热威股份,2026-06-18,2026-06-18,updated,1,
2026-06-18 21:35:43,603083,剑桥科技,2026-06-18,2026-06-18,started,0,
2026-06-18 21:35:43,603076,乐惠国际,2026-06-18,2026-06-18,updated,1,
2026-06-18 21:35:43,603078,江化微,2026-06-18,2026-06-18,updated,1,
2026-06-18 21:35:43,603085,天成自控,2026-06-18,2026-06-18,started,0,
2026-06-18 21:35:43,603086,先达股份,2026-06-18,2026-06-18,started,0,
2026-06-18 21:35:43,603077,和邦生物,2026-06-18,2026-06-18,updated,1,
2026-06-18 21:35:43,603079,圣达生物,2026-06-18,2026-06-18,updated,1,
2026-06-18 21:35:43,603087,甘李药业,2026-06-18,2026-06-18,started,0,
2026-06-18 21:35:44,603088,宁波精达,2026-06-18,2026-06-18,started,0,
2026-06-18 21:35:44,603080,新疆火炬,2026-06-18,2026-06-18,updated,1,
2026-06-18 21:35:44,603081,大丰实业,2026-06-18,2026-06-18,updated,1,
2026-06-18 21:35:44,603090,宏盛股份,2026-06-18,2026-06-18,started,0,
2026-06-18 21:35:44,603089,正裕工业,2026-06-18,2026-06-18,started,0,
2026-06-18 21:35:44,603082,北自科技,2026-06-18,2026-06-18,updated,1,
2026-06-18 21:35:44,603083,剑桥科技,2026-06-18,2026-06-18,updated,1,
2026-06-18 21:35:44,603091,众鑫股份,2026-06-18,2026-06-18,started,0,
2026-06-18 21:35:44,603085,天成自控,2026-06-18,2026-06-18,updated,1,
2026-06-18 21:35:44,603092,德力佳,2026-06-18,2026-06-18,started,0,
2026-06-18 21:35:44,603093,南华期货,2026-06-18,2026-06-18,started,0,
2026-06-18 21:35:44,603086,先达股份,2026-06-18,2026-06-18,updated,1,
2026-06-18 21:35:44,603087,甘李药业,2026-06-18,2026-06-18,updated,1,
2026-06-18 21:35:44,603095,越剑智能,2026-06-18,2026-06-18,started,0,
2026-06-18 21:35:44,603088,宁波精达,2026-06-18,2026-06-18,updated,1,
2026-06-18 21:35:44,603096,新经典,2026-06-18,2026-06-18,started,0,
2026-06-18 21:35:44,603089,正裕工业,2026-06-18,2026-06-18,updated,1,
2026-06-18 21:35:44,603097,江苏华辰,2026-06-18,2026-06-18,started,0,
2026-06-18 21:35:44,603098,森特股份,2026-06-18,2026-06-18,started,0,
2026-06-18 21:35:44,603090,宏盛股份,2026-06-18,2026-06-18,updated,1,
2026-06-18 21:35:45,603091,众鑫股份,2026-06-18,2026-06-18,updated,1,
2026-06-18 21:35:45,603099,长白山,2026-06-18,2026-06-18,started,0,
2026-06-18 21:35:45,603092,德力佳,2026-06-18,2026-06-18,updated,1,
2026-06-18 21:35:45,603100,川仪股份,2026-06-18,2026-06-18,started,0,
2026-06-18 21:35:45,603093,南华期货,2026-06-18,2026-06-18,updated,1,
2026-06-18 21:35:45,603101,汇嘉时代,2026-06-18,2026-06-18,started,0,
2026-06-18 21:35:45,603095,越剑智能,2026-06-18,2026-06-18,updated,1,
2026-06-18 21:35:45,603102,百合股份,2026-06-18,2026-06-18,started,0,
2026-06-18 21:35:45,603096,新经典,2026-06-18,2026-06-18,updated,1,
2026-06-18 21:35:45,603103,横店影视,2026-06-18,2026-06-18,started,0,
2026-06-18 21:35:45,603097,江苏华辰,2026-06-18,2026-06-18,updated,1,
2026-06-18 21:35:45,603105,芯能科技,2026-06-18,2026-06-18,started,0,
2026-06-18 21:35:45,603106,恒银科技,2026-06-18,2026-06-18,started,0,
2026-06-18 21:35:45,603098,森特股份,2026-06-18,2026-06-18,updated,1,
2026-06-18 21:35:45,603099,长白山,2026-06-18,2026-06-18,updated,1,
2026-06-18 21:35:45,603107,上海汽配,2026-06-18,2026-06-18,started,0,
2026-06-18 21:35:45,603100,川仪股份,2026-06-18,2026-06-18,updated,1,
2026-06-18 21:35:45,603108,润达医疗,2026-06-18,2026-06-18,started,0,
2026-06-18 21:35:45,603109,神驰机电,2026-06-18,2026-06-18,started,0,
2026-06-18 21:35:45,603101,汇嘉时代,2026-06-18,2026-06-18,updated,1,
2026-06-18 21:35:46,603110,东方材料,2026-06-18,2026-06-18,started,0,
2026-06-18 21:35:46,603102,百合股份,2026-06-18,2026-06-18,updated,1,
2026-06-18 21:35:46,603103,横店影视,2026-06-18,2026-06-18,updated,1,
2026-06-18 21:35:46,603106,恒银科技,2026-06-18,2026-06-18,updated,1,
2026-06-18 21:35:46,603112,华翔股份,2026-06-18,2026-06-18,started,0,
2026-06-18 21:35:46,603111,康尼机电,2026-06-18,2026-06-18,started,0,
2026-06-18 21:35:46,603113,金能科技,2026-06-18,2026-06-18,started,0,
2026-06-18 21:35:46,603105,芯能科技,2026-06-18,2026-06-18,updated,1,
2026-06-18 21:35:46,603107,上海汽配,2026-06-18,2026-06-18,updated,1,
2026-06-18 21:35:46,603115,海星股份,2026-06-18,2026-06-18,started,0,
2026-06-18 21:35:46,603116,红蜻蜓,2026-06-18,2026-06-18,started,0,
2026-06-18 21:35:46,603108,润达医疗,2026-06-18,2026-06-18,updated,1,
2026-06-18 21:35:46,603109,神驰机电,2026-06-18,2026-06-18,updated,1,
2026-06-18 21:35:46,603117,万林物流,2026-06-18,2026-06-18,started,0,
2026-06-18 21:35:46,603110,东方材料,2026-06-18,2026-06-18,updated,1,
2026-06-18 21:35:46,603118,共进股份,2026-06-18,2026-06-18,started,0,
2026-06-18 21:35:46,603112,华翔股份,2026-06-18,2026-06-18,updated,1,
2026-06-18 21:35:46,603119,浙江荣泰,2026-06-18,2026-06-18,started,0,
2026-06-18 21:35:46,603113,金能科技,2026-06-18,2026-06-18,updated,1,
2026-06-18 21:35:46,603120,肯特催化,2026-06-18,2026-06-18,started,0,
2026-06-18 21:35:46,603111,康尼机电,2026-06-18,2026-06-18,updated,1,
2026-06-18 21:35:46,603121,华培动力,2026-06-18,2026-06-18,started,0,
2026-06-18 21:35:47,603122,合富中国,2026-06-18,2026-06-18,started,0,
2026-06-18 21:35:47,603116,红蜻蜓,2026-06-18,2026-06-18,updated,1,
2026-06-18 21:35:47,603123,翠微股份,2026-06-18,2026-06-18,started,0,
2026-06-18 21:35:47,603115,海星股份,2026-06-18,2026-06-18,updated,1,
2026-06-18 21:35:47,603117,万林物流,2026-06-18,2026-06-18,updated,1,
2026-06-18 21:35:47,603124,江南新材,2026-06-18,2026-06-18,started,0,
2026-06-18 21:35:47,603119,浙江荣泰,2026-06-18,2026-06-18,updated,1,
2026-06-18 21:35:47,603125,常青科技,2026-06-18,2026-06-18,started,0,
2026-06-18 21:35:47,603120,肯特催化,2026-06-18,2026-06-18,updated,1,
2026-06-18 21:35:47,603126,中材节能,2026-06-18,2026-06-18,started,0,
2026-06-18 21:35:47,603118,共进股份,2026-06-18,2026-06-18,updated,1,
2026-06-18 21:35:47,603127,昭衍新药,2026-06-18,2026-06-18,started,0,
2026-06-18 21:35:47,603121,华培动力,2026-06-18,2026-06-18,updated,1,
2026-06-18 21:35:47,603128,华贸物流,2026-06-18,2026-06-18,started,0,
2026-06-18 21:35:47,603129,春风动力,2026-06-18,2026-06-18,started,0,
2026-06-18 21:35:47,603122,合富中国,2026-06-18,2026-06-18,updated,1,
2026-06-18 21:35:47,603130,云中马,2026-06-18,2026-06-18,started,0,
2026-06-18 21:35:47,603124,江南新材,2026-06-18,2026-06-18,updated,1,
2026-06-18 21:35:47,603131,上海沪工,2026-06-18,2026-06-18,started,0,
2026-06-18 21:35:47,603123,翠微股份,2026-06-18,2026-06-18,updated,1,
2026-06-18 21:35:47,603125,常青科技,2026-06-18,2026-06-18,updated,1,
2026-06-18 21:35:47,603132,金徽股份,2026-06-18,2026-06-18,started,0,
2026-06-18 21:35:48,603126,中材节能,2026-06-18,2026-06-18,updated,1,
2026-06-18 21:35:48,603135,中重科技,2026-06-18,2026-06-18,started,0,
2026-06-18 21:35:48,603136,天目湖,2026-06-18,2026-06-18,started,0,
2026-06-18 21:35:48,603127,昭衍新药,2026-06-18,2026-06-18,updated,1,
2026-06-18 21:35:48,603137,恒尚节能,2026-06-18,2026-06-18,started,0,
2026-06-18 21:35:48,603128,华贸物流,2026-06-18,2026-06-18,updated,1,
2026-06-18 21:35:48,603129,春风动力,2026-06-18,2026-06-18,updated,1,
2026-06-18 21:35:48,603138,海量数据,2026-06-18,2026-06-18,started,0,
2026-06-18 21:35:48,603130,云中马,2026-06-18,2026-06-18,updated,1,
2026-06-18 21:35:48,603139,康惠股份,2026-06-18,2026-06-18,started,0,
2026-06-18 21:35:48,603150,万朗磁塑,2026-06-18,2026-06-18,started,0,
2026-06-18 21:35:48,603131,上海沪工,2026-06-18,2026-06-18,updated,1,
2026-06-18 21:35:48,603132,金徽股份,2026-06-18,2026-06-18,updated,1,
2026-06-18 21:35:48,603151,邦基科技,2026-06-18,2026-06-18,started,0,
2026-06-18 21:35:48,603135,中重科技,2026-06-18,2026-06-18,updated,1,
2026-06-18 21:35:48,603153,上海建科,2026-06-18,2026-06-18,started,0,
2026-06-18 21:35:48,603136,天目湖,2026-06-18,2026-06-18,updated,1,
2026-06-18 21:35:48,603155,新亚强,2026-06-18,2026-06-18,started,0,
2026-06-18 21:35:48,603137,恒尚节能,2026-06-18,2026-06-18,updated,1,
2026-06-18 21:35:48,603156,养元饮品,2026-06-18,2026-06-18,started,0,
2026-06-18 21:35:48,603158,腾龙股份,2026-06-18,2026-06-18,started,0,
2026-06-18 21:35:48,603138,海量数据,2026-06-18,2026-06-18,updated,1,
2026-06-18 21:35:48,603139,康惠股份,2026-06-18,2026-06-18,updated,1,
2026-06-18 21:35:49,603159,上海亚虹,2026-06-18,2026-06-18,started,0,
2026-06-18 21:35:49,603160,汇顶科技,2026-06-18,2026-06-18,started,0,
2026-06-18 21:35:49,603150,万朗磁塑,2026-06-18,2026-06-18,updated,1,
2026-06-18 21:35:49,603151,邦基科技,2026-06-18,2026-06-18,updated,1,
2026-06-18 21:35:49,603161,科华控股,2026-06-18,2026-06-18,started,0,
2026-06-18 21:35:49,603153,上海建科,2026-06-18,2026-06-18,updated,1,
2026-06-18 21:35:49,603162,海通发展,2026-06-18,2026-06-18,started,0,
2026-06-18 21:35:49,603155,新亚强,2026-06-18,2026-06-18,updated,1,
2026-06-18 21:35:49,603163,圣晖集成,2026-06-18,2026-06-18,started,0,
2026-06-18 21:35:49,603156,养元饮品,2026-06-18,2026-06-18,updated,1,
2026-06-18 21:35:49,603165,荣晟环保,2026-06-18,2026-06-18,started,0,
2026-06-18 21:35:49,603158,腾龙股份,2026-06-18,2026-06-18,updated,1,
2026-06-18 21:35:49,603166,福达股份,2026-06-18,2026-06-18,started,0,
2026-06-18 21:35:49,603159,上海亚虹,2026-06-18,2026-06-18,updated,1,
2026-06-18 21:35:49,603167,渤海轮渡,2026-06-18,2026-06-18,started,0,
2026-06-18 21:35:49,603168,莎普爱思,2026-06-18,2026-06-18,started,0,
2026-06-18 21:35:49,603160,汇顶科技,2026-06-18,2026-06-18,updated,1,
2026-06-18 21:35:49,603169,兰石重装,2026-06-18,2026-06-18,started,0,
2026-06-18 21:35:49,603161,科华控股,2026-06-18,2026-06-18,updated,1,
2026-06-18 21:35:49,603170,宝立食品,2026-06-18,2026-06-18,started,0,
2026-06-18 21:35:49,603162,海通发展,2026-06-18,2026-06-18,updated,1,
2026-06-18 21:35:49,603163,圣晖集成,2026-06-18,2026-06-18,updated,1,
2026-06-18 21:35:49,603171,税友股份,2026-06-18,2026-06-18,started,0,
2026-06-18 21:35:50,603172,万丰股份,2026-06-18,2026-06-18,started,0,
2026-06-18 21:35:50,603165,荣晟环保,2026-06-18,2026-06-18,updated,1,
2026-06-18 21:35:50,603166,福达股份,2026-06-18,2026-06-18,updated,1,
2026-06-18 21:35:50,603173,福斯达,2026-06-18,2026-06-18,started,0,
2026-06-18 21:35:50,603167,渤海轮渡,2026-06-18,2026-06-18,updated,1,
2026-06-18 21:35:50,603175,超颖电子,2026-06-18,2026-06-18,started,0,
2026-06-18 21:35:50,603168,莎普爱思,2026-06-18,2026-06-18,updated,1,
2026-06-18 21:35:50,603176,汇通集团,2026-06-18,2026-06-18,started,0,
2026-06-18 21:35:50,603169,兰石重装,2026-06-18,2026-06-18,updated,1,
2026-06-18 21:35:50,603177,德创环保,2026-06-18,2026-06-18,started,0,
2026-06-18 21:35:50,603170,宝立食品,2026-06-18,2026-06-18,updated,1,
2026-06-18 21:35:50,603178,圣龙股份,2026-06-18,2026-06-18,started,0,
2026-06-18 21:35:50,603172,万丰股份,2026-06-18,2026-06-18,updated,1,
2026-06-18 21:35:50,603179,新泉股份,2026-06-18,2026-06-18,started,0,
2026-06-18 21:35:50,603180,金牌家居,2026-06-18,2026-06-18,started,0,
2026-06-18 21:35:50,603171,税友股份,2026-06-18,2026-06-18,updated,1,
2026-06-18 21:35:50,603175,超颖电子,2026-06-18,2026-06-18,updated,1,
2026-06-18 21:35:50,603181,皇马科技,2026-06-18,2026-06-18,started,0,
2026-06-18 21:35:50,603182,嘉华股份,2026-06-18,2026-06-18,started,0,
2026-06-18 21:35:50,603173,福斯达,2026-06-18,2026-06-18,updated,1,
2026-06-18 21:35:50,603183,建研院,2026-06-18,2026-06-18,started,0,
2026-06-18 21:35:50,603176,汇通集团,2026-06-18,2026-06-18,updated,1,
2026-06-18 21:35:50,603185,弘元绿能,2026-06-18,2026-06-18,started,0,
2026-06-18 21:35:50,603177,德创环保,2026-06-18,2026-06-18,updated,1,
2026-06-18 21:35:51,603179,新泉股份,2026-06-18,2026-06-18,updated,1,
2026-06-18 21:35:51,603180,金牌家居,2026-06-18,2026-06-18,updated,1,
2026-06-18 21:35:51,603186,华正新材,2026-06-18,2026-06-18,started,0,
2026-06-18 21:35:51,603187,海容冷链,2026-06-18,2026-06-18,started,0,
2026-06-18 21:35:51,603178,圣龙股份,2026-06-18,2026-06-18,updated,1,
2026-06-18 21:35:51,603188,亚邦股份,2026-06-18,2026-06-18,started,0,
2026-06-18 21:35:51,603189,*ST网达,2026-06-18,2026-06-18,started,0,
2026-06-18 21:35:51,603182,嘉华股份,2026-06-18,2026-06-18,updated,1,
2026-06-18 21:35:51,603190,亚通精工,2026-06-18,2026-06-18,started,0,
2026-06-18 21:35:51,603181,皇马科技,2026-06-18,2026-06-18,updated,1,
2026-06-18 21:35:51,603191,望变电气,2026-06-18,2026-06-18,started,0,
2026-06-18 21:35:51,603183,建研院,2026-06-18,2026-06-18,updated,1,
2026-06-18 21:35:51,603192,汇得科技,2026-06-18,2026-06-18,started,0,
2026-06-18 21:35:51,603185,弘元绿能,2026-06-18,2026-06-18,updated,1,
2026-06-18 21:35:51,603193,润本股份,2026-06-18,2026-06-18,started,0,
2026-06-18 21:35:51,603186,华正新材,2026-06-18,2026-06-18,updated,1,
2026-06-18 21:35:51,603187,海容冷链,2026-06-18,2026-06-18,updated,1,
2026-06-18 21:35:51,603194,中力股份,2026-06-18,2026-06-18,started,0,
2026-06-18 21:35:51,603188,亚邦股份,2026-06-18,2026-06-18,updated,1,
2026-06-18 21:35:51,603195,公牛集团,2026-06-18,2026-06-18,started,0,
2026-06-18 21:35:51,603189,*ST网达,2026-06-18,2026-06-18,updated,1,
2026-06-18 21:35:51,603196,璞源材料,2026-06-18,2026-06-18,started,0,
2026-06-18 21:35:51,603191,望变电气,2026-06-18,2026-06-18,updated,1,
2026-06-18 21:35:51,603197,保隆科技,2026-06-18,2026-06-18,started,0,
2026-06-18 21:35:52,603190,亚通精工,2026-06-18,2026-06-18,updated,1,
2026-06-18 21:35:52,603198,迎驾贡酒,2026-06-18,2026-06-18,started,0,
2026-06-18 21:35:52,603199,九华旅游,2026-06-18,2026-06-18,started,0,
2026-06-18 21:35:52,603192,汇得科技,2026-06-18,2026-06-18,updated,1,
2026-06-18 21:35:52,603193,润本股份,2026-06-18,2026-06-18,updated,1,
2026-06-18 21:35:52,603200,上海洗霸,2026-06-18,2026-06-18,started,0,
2026-06-18 21:35:52,603201,常润股份,2026-06-18,2026-06-18,started,0,
2026-06-18 21:35:52,603194,中力股份,2026-06-18,2026-06-18,updated,1,
2026-06-18 21:35:52,603195,公牛集团,2026-06-18,2026-06-18,updated,1,
2026-06-18 21:35:52,603202,天有为,2026-06-18,2026-06-18,started,0,
2026-06-18 21:35:52,603196,璞源材料,2026-06-18,2026-06-18,updated,1,
2026-06-18 21:35:52,603203,快克智能,2026-06-18,2026-06-18,started,0,
2026-06-18 21:35:52,603205,健尔康,2026-06-18,2026-06-18,started,0,
2026-06-18 21:35:52,603197,保隆科技,2026-06-18,2026-06-18,updated,1,
2026-06-18 21:35:52,603199,九华旅游,2026-06-18,2026-06-18,updated,1,
2026-06-18 21:35:52,603206,嘉环科技,2026-06-18,2026-06-18,started,0,
2026-06-18 21:35:52,603198,迎驾贡酒,2026-06-18,2026-06-18,updated,1,
2026-06-18 21:35:52,603207,小方制药,2026-06-18,2026-06-18,started,0,
2026-06-18 21:35:52,603200,上海洗霸,2026-06-18,2026-06-18,updated,1,
2026-06-18 21:35:52,603208,江山欧派,2026-06-18,2026-06-18,started,0,
2026-06-18 21:35:52,603209,兴通股份,2026-06-18,2026-06-18,started,0,
2026-06-18 21:35:52,603201,常润股份,2026-06-18,2026-06-18,updated,1,
2026-06-18 21:35:52,603210,泰鸿万立,2026-06-18,2026-06-18,started,0,
2026-06-18 21:35:52,603202,天有为,2026-06-18,2026-06-18,updated,1,
2026-06-18 21:35:52,603203,快克智能,2026-06-18,2026-06-18,updated,1,
2026-06-18 21:35:53,603211,晋拓股份,2026-06-18,2026-06-18,started,0,
2026-06-18 21:35:53,603212,赛伍技术,2026-06-18,2026-06-18,started,0,
2026-06-18 21:35:53,603205,健尔康,2026-06-18,2026-06-18,updated,1,
2026-06-18 21:35:53,603213,镇洋发展,2026-06-18,2026-06-18,started,0,
2026-06-18 21:35:53,603206,嘉环科技,2026-06-18,2026-06-18,updated,1,
2026-06-18 21:35:53,603210,泰鸿万立,2026-06-18,2026-06-18,updated,1,
2026-06-18 21:35:53,603214,爱婴室,2026-06-18,2026-06-18,started,0,
2026-06-18 21:35:53,603215,比依股份,2026-06-18,2026-06-18,started,0,
2026-06-18 21:35:53,603207,小方制药,2026-06-18,2026-06-18,updated,1,
2026-06-18 21:35:53,603216,梦天家居,2026-06-18,2026-06-18,started,0,
2026-06-18 21:35:53,603209,兴通股份,2026-06-18,2026-06-18,updated,1,
2026-06-18 21:35:53,603217,元利科技,2026-06-18,2026-06-18,started,0,
2026-06-18 21:35:53,603208,江山欧派,2026-06-18,2026-06-18,updated,1,
2026-06-18 21:35:53,603211,晋拓股份,2026-06-18,2026-06-18,updated,1,
2026-06-18 21:35:53,603218,日月股份,2026-06-18,2026-06-18,started,0,
2026-06-18 21:35:53,603219,富佳股份,2026-06-18,2026-06-18,started,0,
2026-06-18 21:35:53,603212,赛伍技术,2026-06-18,2026-06-18,updated,1,
2026-06-18 21:35:53,603213,镇洋发展,2026-06-18,2026-06-18,updated,1,
2026-06-18 21:35:53,603220,中贝通信,2026-06-18,2026-06-18,started,0,
2026-06-18 21:35:53,603221,爱丽家居,2026-06-18,2026-06-18,started,0,
2026-06-18 21:35:53,603214,爱婴室,2026-06-18,2026-06-18,updated,1,
2026-06-18 21:35:53,603222,济民健康,2026-06-18,2026-06-18,started,0,
2026-06-18 21:35:53,603215,比依股份,2026-06-18,2026-06-18,updated,1,
2026-06-18 21:35:54,603216,梦天家居,2026-06-18,2026-06-18,updated,1,
2026-06-18 21:35:54,603223,恒通股份,2026-06-18,2026-06-18,started,0,
2026-06-18 21:35:54,603225,新凤鸣,2026-06-18,2026-06-18,started,0,
2026-06-18 21:35:54,603217,元利科技,2026-06-18,2026-06-18,updated,1,
2026-06-18 21:35:54,603219,富佳股份,2026-06-18,2026-06-18,updated,1,
2026-06-18 21:35:54,603226,菲林格尔,2026-06-18,2026-06-18,started,0,
2026-06-18 21:35:54,603218,日月股份,2026-06-18,2026-06-18,updated,1,
2026-06-18 21:35:54,603227,雪峰科技,2026-06-18,2026-06-18,started,0,
2026-06-18 21:35:54,603228,景旺电子,2026-06-18,2026-06-18,started,0,
2026-06-18 21:35:54,603221,爱丽家居,2026-06-18,2026-06-18,updated,1,
2026-06-18 21:35:54,603229,奥翔药业,2026-06-18,2026-06-18,started,0,
2026-06-18 21:35:54,603220,中贝通信,2026-06-18,2026-06-18,updated,1,
2026-06-18 21:35:54,603230,内蒙新华,2026-06-18,2026-06-18,started,0,
2026-06-18 21:35:54,603222,济民健康,2026-06-18,2026-06-18,updated,1,
2026-06-18 21:35:54,603231,索宝蛋白,2026-06-18,2026-06-18,started,0,
2026-06-18 21:35:54,603223,恒通股份,2026-06-18,2026-06-18,updated,1,
2026-06-18 21:35:54,603225,新凤鸣,2026-06-18,2026-06-18,updated,1,
2026-06-18 21:35:54,603232,格尔软件,2026-06-18,2026-06-18,started,0,
2026-06-18 21:35:54,603226,菲林格尔,2026-06-18,2026-06-18,updated,1,
2026-06-18 21:35:54,603233,大参林,2026-06-18,2026-06-18,started,0,
2026-06-18 21:35:54,603227,雪峰科技,2026-06-18,2026-06-18,updated,1,
2026-06-18 21:35:54,603235,天新药业,2026-06-18,2026-06-18,started,0,
2026-06-18 21:35:54,603228,景旺电子,2026-06-18,2026-06-18,updated,1,
2026-06-18 21:35:54,603236,移远通信,2026-06-18,2026-06-18,started,0,
2026-06-18 21:35:54,603229,奥翔药业,2026-06-18,2026-06-18,updated,1,
2026-06-18 21:35:55,603237,五芳斋,2026-06-18,2026-06-18,started,0,
2026-06-18 21:35:55,603238,诺邦股份,2026-06-18,2026-06-18,started,0,
2026-06-18 21:35:55,603230,内蒙新华,2026-06-18,2026-06-18,updated,1,
2026-06-18 21:35:55,603239,浙江仙通,2026-06-18,2026-06-18,started,0,
2026-06-18 21:35:55,603231,索宝蛋白,2026-06-18,2026-06-18,updated,1,
2026-06-18 21:35:55,603248,锡华科技,2026-06-18,2026-06-18,started,0,
2026-06-18 21:35:55,603232,格尔软件,2026-06-18,2026-06-18,updated,1,
2026-06-18 21:35:55,603255,鼎际得,2026-06-18,2026-06-18,started,0,
2026-06-18 21:35:55,603233,大参林,2026-06-18,2026-06-18,updated,1,
2026-06-18 21:35:55,603235,天新药业,2026-06-18,2026-06-18,updated,1,
2026-06-18 21:35:55,603256,宏和科技,2026-06-18,2026-06-18,started,0,
2026-06-18 21:35:55,603236,移远通信,2026-06-18,2026-06-18,updated,1,
2026-06-18 21:35:55,603257,中国瑞林,2026-06-18,2026-06-18,started,0,
2026-06-18 21:35:55,603237,五芳斋,2026-06-18,2026-06-18,updated,1,
2026-06-18 21:35:55,603258,电魂网络,2026-06-18,2026-06-18,started,0,
2026-06-18 21:35:55,603259,药明康德,2026-06-18,2026-06-18,started,0,
2026-06-18 21:35:55,603248,锡华科技,2026-06-18,2026-06-18,updated,1,
2026-06-18 21:35:55,603260,合盛硅业,2026-06-18,2026-06-18,started,0,
2026-06-18 21:35:55,603238,诺邦股份,2026-06-18,2026-06-18,updated,1,
2026-06-18 21:35:55,603261,*ST立航,2026-06-18,2026-06-18,started,0,
2026-06-18 21:35:55,603239,浙江仙通,2026-06-18,2026-06-18,updated,1,
2026-06-18 21:35:55,603255,鼎际得,2026-06-18,2026-06-18,updated,1,
2026-06-18 21:35:55,603262,技源集团,2026-06-18,2026-06-18,started,0,
2026-06-18 21:35:55,603266,天龙股份,2026-06-18,2026-06-18,started,0,
2026-06-18 21:35:55,603256,宏和科技,2026-06-18,2026-06-18,updated,1,
2026-06-18 21:35:56,603257,中国瑞林,2026-06-18,2026-06-18,updated,1,
2026-06-18 21:35:56,603267,鸿远电子,2026-06-18,2026-06-18,started,0,
2026-06-18 21:35:56,603258,电魂网络,2026-06-18,2026-06-18,updated,1,
2026-06-18 21:35:56,603268,松发股份,2026-06-18,2026-06-18,started,0,
2026-06-18 21:35:56,603259,药明康德,2026-06-18,2026-06-18,updated,1,
2026-06-18 21:35:56,603261,*ST立航,2026-06-18,2026-06-18,updated,1,
2026-06-18 21:35:56,603269,海鸥股份,2026-06-18,2026-06-18,started,0,
2026-06-18 21:35:56,603271,永杰新材,2026-06-18,2026-06-18,started,0,
2026-06-18 21:35:56,603260,合盛硅业,2026-06-18,2026-06-18,updated,1,
2026-06-18 21:35:56,603270,金帝股份,2026-06-18,2026-06-18,started,0,
2026-06-18 21:35:56,603262,技源集团,2026-06-18,2026-06-18,updated,1,
2026-06-18 21:35:56,603272,*ST联翔,2026-06-18,2026-06-18,started,0,
2026-06-18 21:35:56,603273,天元智能,2026-06-18,2026-06-18,started,0,
2026-06-18 21:35:56,603266,天龙股份,2026-06-18,2026-06-18,updated,1,
2026-06-18 21:35:56,603267,鸿远电子,2026-06-18,2026-06-18,updated,1,
2026-06-18 21:35:56,603275,众辰科技,2026-06-18,2026-06-18,started,0,
2026-06-18 21:35:56,603271,永杰新材,2026-06-18,2026-06-18,updated,1,
2026-06-18 21:35:56,603276,恒兴新材,2026-06-18,2026-06-18,started,0,
2026-06-18 21:35:56,603277,银都股份,2026-06-18,2026-06-18,started,0,
2026-06-18 21:35:56,603268,松发股份,2026-06-18,2026-06-18,updated,1,
2026-06-18 21:35:56,603278,大业股份,2026-06-18,2026-06-18,started,0,
2026-06-18 21:35:56,603269,海鸥股份,2026-06-18,2026-06-18,updated,1,
2026-06-18 21:35:56,603279,景津装备,2026-06-18,2026-06-18,started,0,
2026-06-18 21:35:56,603270,金帝股份,2026-06-18,2026-06-18,updated,1,
2026-06-18 21:35:57,603280,南方路机,2026-06-18,2026-06-18,started,0,
2026-06-18 21:35:57,603272,*ST联翔,2026-06-18,2026-06-18,updated,1,
2026-06-18 21:35:57,603273,天元智能,2026-06-18,2026-06-18,updated,1,
2026-06-18 21:35:57,603281,江瀚新材,2026-06-18,2026-06-18,started,0,
2026-06-18 21:35:57,603282,亚光股份,2026-06-18,2026-06-18,started,0,
2026-06-18 21:35:57,603275,众辰科技,2026-06-18,2026-06-18,updated,1,
2026-06-18 21:35:57,603276,恒兴新材,2026-06-18,2026-06-18,updated,1,
2026-06-18 21:35:57,603283,赛腾股份,2026-06-18,2026-06-18,started,0,
2026-06-18 21:35:57,603277,银都股份,2026-06-18,2026-06-18,updated,1,
2026-06-18 21:35:57,603284,林平发展,2026-06-18,2026-06-18,started,0,
2026-06-18 21:35:57,603278,大业股份,2026-06-18,2026-06-18,updated,1,
2026-06-18 21:35:57,603285,键邦股份,2026-06-18,2026-06-18,started,0,
2026-06-18 21:35:57,603286,日盈电子,2026-06-18,2026-06-18,started,0,
2026-06-18 21:35:57,603279,景津装备,2026-06-18,2026-06-18,updated,1,
2026-06-18 21:35:57,603288,海天味业,2026-06-18,2026-06-18,started,0,
2026-06-18 21:35:57,603280,南方路机,2026-06-18,2026-06-18,updated,1,
2026-06-18 21:35:57,603289,泰瑞机器,2026-06-18,2026-06-18,started,0,
2026-06-18 21:35:57,603281,江瀚新材,2026-06-18,2026-06-18,updated,1,
2026-06-18 21:35:57,603290,斯达半导,2026-06-18,2026-06-18,started,0,
2026-06-18 21:35:57,603282,亚光股份,2026-06-18,2026-06-18,updated,1,
2026-06-18 21:35:57,603291,联合水务,2026-06-18,2026-06-18,started,0,
2026-06-18 21:35:57,603285,键邦股份,2026-06-18,2026-06-18,updated,1,
2026-06-18 21:35:57,603284,林平发展,2026-06-18,2026-06-18,updated,1,
2026-06-18 21:35:57,603293,埃泰克,2026-06-18,2026-06-18,started,0,
2026-06-18 21:35:57,603286,日盈电子,2026-06-18,2026-06-18,updated,1,
2026-06-18 21:35:57,603296,华勤技术,2026-06-18,2026-06-18,started,0,
2026-06-18 21:35:58,603283,赛腾股份,2026-06-18,2026-06-18,updated,1,
2026-06-18 21:35:58,603297,永新光学,2026-06-18,2026-06-18,started,0,
2026-06-18 21:35:58,603289,泰瑞机器,2026-06-18,2026-06-18,updated,1,
2026-06-18 21:35:58,603298,杭叉集团,2026-06-18,2026-06-18,started,0,
2026-06-18 21:35:58,603288,海天味业,2026-06-18,2026-06-18,updated,1,
2026-06-18 21:35:58,603300,海南华铁,2026-06-18,2026-06-18,started,0,
2026-06-18 21:35:58,603299,苏盐井神,2026-06-18,2026-06-18,started,0,
2026-06-18 21:35:58,603290,斯达半导,2026-06-18,2026-06-18,updated,1,
2026-06-18 21:35:58,603301,振德医疗,2026-06-18,2026-06-18,started,0,
2026-06-18 21:35:58,603291,联合水务,2026-06-18,2026-06-18,updated,1,
2026-06-18 21:35:58,603303,得邦照明,2026-06-18,2026-06-18,started,0,
2026-06-18 21:35:58,603293,埃泰克,2026-06-18,2026-06-18,updated,1,
2026-06-18 21:35:58,603296,华勤技术,2026-06-18,2026-06-18,updated,1,
2026-06-18 21:35:58,603305,旭升集团,2026-06-18,2026-06-18,started,0,
2026-06-18 21:35:58,603306,华懋科技,2026-06-18,2026-06-18,started,0,
2026-06-18 21:35:58,603297,永新光学,2026-06-18,2026-06-18,updated,1,
2026-06-18 21:35:58,603298,杭叉集团,2026-06-18,2026-06-18,updated,1,
2026-06-18 21:35:58,603307,扬州金泉,2026-06-18,2026-06-18,started,0,
2026-06-18 21:35:58,603300,海南华铁,2026-06-18,2026-06-18,updated,1,
2026-06-18 21:35:58,603308,应流股份,2026-06-18,2026-06-18,started,0,
2026-06-18 21:35:58,603309,维力医疗,2026-06-18,2026-06-18,started,0,
2026-06-18 21:35:58,603299,苏盐井神,2026-06-18,2026-06-18,updated,1,
2026-06-18 21:35:58,603310,巍华新材,2026-06-18,2026-06-18,started,0,
2026-06-18 21:35:58,603301,振德医疗,2026-06-18,2026-06-18,updated,1,
2026-06-18 21:35:59,603303,得邦照明,2026-06-18,2026-06-18,updated,1,
2026-06-18 21:35:59,603311,金海高科,2026-06-18,2026-06-18,started,0,
2026-06-18 21:35:59,603312,西典新能,2026-06-18,2026-06-18,started,0,
2026-06-18 21:35:59,603305,旭升集团,2026-06-18,2026-06-18,updated,1,
2026-06-18 21:35:59,603313,梦百合,2026-06-18,2026-06-18,started,0,
2026-06-18 21:35:59,603306,华懋科技,2026-06-18,2026-06-18,updated,1,
2026-06-18 21:35:59,603307,扬州金泉,2026-06-18,2026-06-18,updated,1,
2026-06-18 21:35:59,603315,福鞍股份,2026-06-18,2026-06-18,started,0,
2026-06-18 21:35:59,603309,维力医疗,2026-06-18,2026-06-18,updated,1,
2026-06-18 21:35:59,603316,诚邦股份,2026-06-18,2026-06-18,started,0,
2026-06-18 21:35:59,603317,天味食品,2026-06-18,2026-06-18,started,0,
2026-06-18 21:35:59,603308,应流股份,2026-06-18,2026-06-18,updated,1,
2026-06-18 21:35:59,603310,巍华新材,2026-06-18,2026-06-18,updated,1,
2026-06-18 21:35:59,603318,水发燃气,2026-06-18,2026-06-18,started,0,
2026-06-18 21:35:59,603319,美湖股份,2026-06-18,2026-06-18,started,0,
2026-06-18 21:35:59,603312,西典新能,2026-06-18,2026-06-18,updated,1,
2026-06-18 21:35:59,603320,迪贝电气,2026-06-18,2026-06-18,started,0,
2026-06-18 21:35:59,603311,金海高科,2026-06-18,2026-06-18,updated,1,
2026-06-18 21:35:59,603313,梦百合,2026-06-18,2026-06-18,updated,1,
2026-06-18 21:35:59,603321,梅轮电梯,2026-06-18,2026-06-18,started,0,
2026-06-18 21:35:59,603315,福鞍股份,2026-06-18,2026-06-18,updated,1,
2026-06-18 21:35:59,603322,超讯通信,2026-06-18,2026-06-18,started,0,
2026-06-18 21:36:00,603323,苏农银行,2026-06-18,2026-06-18,started,0,
2026-06-18 21:36:00,603316,诚邦股份,2026-06-18,2026-06-18,updated,1,
2026-06-18 21:36:00,603317,天味食品,2026-06-18,2026-06-18,updated,1,
2026-06-18 21:36:00,603324,盛剑科技,2026-06-18,2026-06-18,started,0,
2026-06-18 21:36:00,603318,水发燃气,2026-06-18,2026-06-18,updated,1,
2026-06-18 21:36:00,603325,博隆技术,2026-06-18,2026-06-18,started,0,
2026-06-18 21:36:00,603319,美湖股份,2026-06-18,2026-06-18,updated,1,
2026-06-18 21:36:00,603326,我乐家居,2026-06-18,2026-06-18,started,0,
2026-06-18 21:36:00,603327,福蓉科技,2026-06-18,2026-06-18,started,0,
2026-06-18 21:36:00,603320,迪贝电气,2026-06-18,2026-06-18,updated,1,
2026-06-18 21:36:00,603321,梅轮电梯,2026-06-18,2026-06-18,updated,1,
2026-06-18 21:36:00,603328,依顿电子,2026-06-18,2026-06-18,started,0,
2026-06-18 21:36:00,603322,超讯通信,2026-06-18,2026-06-18,updated,1,
2026-06-18 21:36:00,603329,上海雅仕,2026-06-18,2026-06-18,started,0,
2026-06-18 21:36:00,603330,天洋新材,2026-06-18,2026-06-18,started,0,
2026-06-18 21:36:00,603323,苏农银行,2026-06-18,2026-06-18,updated,1,
2026-06-18 21:36:00,603331,百达精工,2026-06-18,2026-06-18,started,0,
2026-06-18 21:36:00,603324,盛剑科技,2026-06-18,2026-06-18,updated,1,
2026-06-18 21:36:00,603325,博隆技术,2026-06-18,2026-06-18,updated,1,
2026-06-18 21:36:00,603332,苏州龙杰,2026-06-18,2026-06-18,started,0,
2026-06-18 21:36:00,603333,尚纬股份,2026-06-18,2026-06-18,started,0,
2026-06-18 21:36:00,603326,我乐家居,2026-06-18,2026-06-18,updated,1,
2026-06-18 21:36:00,603327,福蓉科技,2026-06-18,2026-06-18,updated,1,
2026-06-18 21:36:00,603334,丰倍生物,2026-06-18,2026-06-18,started,0,
2026-06-18 21:36:00,603328,依顿电子,2026-06-18,2026-06-18,updated,1,
2026-06-18 21:36:01,603335,迪生力,2026-06-18,2026-06-18,started,0,
2026-06-18 21:36:01,603336,宏辉果蔬,2026-06-18,2026-06-18,started,0,
2026-06-18 21:36:01,603329,上海雅仕,2026-06-18,2026-06-18,updated,1,
2026-06-18 21:36:01,603330,天洋新材,2026-06-18,2026-06-18,updated,1,
2026-06-18 21:36:01,603337,杰克科技,2026-06-18,2026-06-18,started,0,
2026-06-18 21:36:01,603331,百达精工,2026-06-18,2026-06-18,updated,1,
2026-06-18 21:36:01,603338,浙江鼎力,2026-06-18,2026-06-18,started,0,
2026-06-18 21:36:01,603339,四方科技,2026-06-18,2026-06-18,started,0,
2026-06-18 21:36:01,603332,苏州龙杰,2026-06-18,2026-06-18,updated,1,
2026-06-18 21:36:01,603341,龙旗科技,2026-06-18,2026-06-18,started,0,
2026-06-18 21:36:01,603334,丰倍生物,2026-06-18,2026-06-18,updated,1,
2026-06-18 21:36:01,603333,尚纬股份,2026-06-18,2026-06-18,updated,1,
2026-06-18 21:36:01,603344,星德胜,2026-06-18,2026-06-18,started,0,
2026-06-18 21:36:01,603345,安井食品,2026-06-18,2026-06-18,started,0,
2026-06-18 21:36:01,603336,宏辉果蔬,2026-06-18,2026-06-18,updated,1,
2026-06-18 21:36:01,603335,迪生力,2026-06-18,2026-06-18,updated,1,
2026-06-18 21:36:01,603348,文灿股份,2026-06-18,2026-06-18,started,0,
2026-06-18 21:36:01,603337,杰克科技,2026-06-18,2026-06-18,updated,1,
2026-06-18 21:36:01,603350,安乃达,2026-06-18,2026-06-18,started,0,
2026-06-18 21:36:01,603338,浙江鼎力,2026-06-18,2026-06-18,updated,1,
2026-06-18 21:36:01,603351,威尔药业,2026-06-18,2026-06-18,started,0,
2026-06-18 21:36:01,603352,至信股份,2026-06-18,2026-06-18,started,0,
2026-06-18 21:36:01,603339,四方科技,2026-06-18,2026-06-18,updated,1,
2026-06-18 21:36:01,603353,和顺石油,2026-06-18,2026-06-18,started,0,
2026-06-18 21:36:01,603341,龙旗科技,2026-06-18,2026-06-18,updated,1,
2026-06-18 21:36:02,603344,星德胜,2026-06-18,2026-06-18,updated,1,
2026-06-18 21:36:02,603355,莱克电气,2026-06-18,2026-06-18,started,0,
2026-06-18 21:36:02,603356,华菱精工,2026-06-18,2026-06-18,started,0,
2026-06-18 21:36:02,603345,安井食品,2026-06-18,2026-06-18,updated,1,
2026-06-18 21:36:02,603350,安乃达,2026-06-18,2026-06-18,updated,1,
2026-06-18 21:36:02,603357,设计总院,2026-06-18,2026-06-18,started,0,
2026-06-18 21:36:02,603358,华达科技,2026-06-18,2026-06-18,started,0,
2026-06-18 21:36:02,603352,至信股份,2026-06-18,2026-06-18,updated,1,
2026-06-18 21:36:02,603348,文灿股份,2026-06-18,2026-06-18,updated,1,
2026-06-18 21:36:02,603359,*ST东珠,2026-06-18,2026-06-18,started,0,
2026-06-18 21:36:02,603351,威尔药业,2026-06-18,2026-06-18,updated,1,
2026-06-18 21:36:02,603360,百傲化学,2026-06-18,2026-06-18,started,0,
2026-06-18 21:36:02,603363,傲农生物,2026-06-18,2026-06-18,started,0,
2026-06-18 21:36:02,603353,和顺石油,2026-06-18,2026-06-18,updated,1,
2026-06-18 21:36:02,603355,莱克电气,2026-06-18,2026-06-18,updated,1,
2026-06-18 21:36:02,603365,水星家纺,2026-06-18,2026-06-18,started,0,
2026-06-18 21:36:02,603356,华菱精工,2026-06-18,2026-06-18,updated,1,
2026-06-18 21:36:02,603366,日出东方,2026-06-18,2026-06-18,started,0,
2026-06-18 21:36:02,603367,辰欣药业,2026-06-18,2026-06-18,started,0,
2026-06-18 21:36:02,603357,设计总院,2026-06-18,2026-06-18,updated,1,
2026-06-18 21:36:02,603368,柳药集团,2026-06-18,2026-06-18,started,0,
2026-06-18 21:36:02,603358,华达科技,2026-06-18,2026-06-18,updated,1,
2026-06-18 21:36:02,603359,*ST东珠,2026-06-18,2026-06-18,updated,1,
2026-06-18 21:36:02,603369,今世缘,2026-06-18,2026-06-18,started,0,
2026-06-18 21:36:02,603370,华新精科,2026-06-18,2026-06-18,started,0,
2026-06-18 21:36:02,603360,百傲化学,2026-06-18,2026-06-18,updated,1,
2026-06-18 21:36:03,603363,傲农生物,2026-06-18,2026-06-18,updated,1,
2026-06-18 21:36:03,603373,安邦护卫,2026-06-18,2026-06-18,started,0,
2026-06-18 21:36:03,603365,水星家纺,2026-06-18,2026-06-18,updated,1,
2026-06-18 21:36:03,603375,盛景微,2026-06-18,2026-06-18,started,0,
2026-06-18 21:36:03,603367,辰欣药业,2026-06-18,2026-06-18,updated,1,
2026-06-18 21:36:03,603376,大明电子,2026-06-18,2026-06-18,started,0,
2026-06-18 21:36:03,603377,ST东时,2026-06-18,2026-06-18,started,0,
2026-06-18 21:36:03,603366,日出东方,2026-06-18,2026-06-18,updated,1,
2026-06-18 21:36:03,603378,*ST亚士,2026-06-18,2026-06-18,started,0,
2026-06-18 21:36:03,603368,柳药集团,2026-06-18,2026-06-18,updated,1,
2026-06-18 21:36:03,603379,三美股份,2026-06-18,2026-06-18,started,0,
2026-06-18 21:36:03,603370,华新精科,2026-06-18,2026-06-18,updated,1,
2026-06-18 21:36:03,603380,易德龙,2026-06-18,2026-06-18,started,0,
2026-06-18 21:36:03,603369,今世缘,2026-06-18,2026-06-18,updated,1,
2026-06-18 21:36:03,603381,永臻股份,2026-06-18,2026-06-18,started,0,
2026-06-18 21:36:03,603373,安邦护卫,2026-06-18,2026-06-18,updated,1,
2026-06-18 21:36:03,603382,海阳科技,2026-06-18,2026-06-18,started,0,
2026-06-18 21:36:03,603376,大明电子,2026-06-18,2026-06-18,updated,1,
2026-06-18 21:36:03,603383,顶点软件,2026-06-18,2026-06-18,started,0,
2026-06-18 21:36:03,603375,盛景微,2026-06-18,2026-06-18,updated,1,
2026-06-18 21:36:03,603385,惠达卫浴,2026-06-18,2026-06-18,started,0,
2026-06-18 21:36:03,603377,ST东时,2026-06-18,2026-06-18,updated,1,
2026-06-18 21:36:03,603378,*ST亚士,2026-06-18,2026-06-18,updated,1,
2026-06-18 21:36:03,603386,骏亚科技,2026-06-18,2026-06-18,started,0,
2026-06-18 21:36:03,603387,基蛋生物,2026-06-18,2026-06-18,started,0,
2026-06-18 21:36:03,603379,三美股份,2026-06-18,2026-06-18,updated,1,
2026-06-18 21:36:04,603389,*ST亚振,2026-06-18,2026-06-18,started,0,
2026-06-18 21:36:04,603380,易德龙,2026-06-18,2026-06-18,updated,1,
2026-06-18 21:36:04,603390,通达电气,2026-06-18,2026-06-18,started,0,
2026-06-18 21:36:04,603381,永臻股份,2026-06-18,2026-06-18,updated,1,
2026-06-18 21:36:04,603391,力聚热能,2026-06-18,2026-06-18,started,0,
2026-06-18 21:36:04,603382,海阳科技,2026-06-18,2026-06-18,updated,1,
2026-06-18 21:36:04,603383,顶点软件,2026-06-18,2026-06-18,updated,1,
2026-06-18 21:36:04,603392,万泰生物,2026-06-18,2026-06-18,started,0,
2026-06-18 21:36:04,603393,新天然气,2026-06-18,2026-06-18,started,0,
2026-06-18 21:36:04,603385,惠达卫浴,2026-06-18,2026-06-18,updated,1,
2026-06-18 21:36:04,603395,红四方,2026-06-18,2026-06-18,started,0,
2026-06-18 21:36:04,603387,基蛋生物,2026-06-18,2026-06-18,updated,1,
2026-06-18 21:36:04,603386,骏亚科技,2026-06-18,2026-06-18,updated,1,
2026-06-18 21:36:04,603396,金辰股份,2026-06-18,2026-06-18,started,0,
2026-06-18 21:36:04,603398,*ST沐邦,2026-06-18,2026-06-18,started,0,
2026-06-18 21:36:04,603391,力聚热能,2026-06-18,2026-06-18,updated,1,
2026-06-18 21:36:04,603399,永杉锂业,2026-06-18,2026-06-18,started,0,
2026-06-18 21:36:04,603389,*ST亚振,2026-06-18,2026-06-18,updated,1,
2026-06-18 21:36:04,603400,华之杰,2026-06-18,2026-06-18,started,0,
2026-06-18 21:36:04,603390,通达电气,2026-06-18,2026-06-18,updated,1,
2026-06-18 21:36:04,603402,陕西旅游,2026-06-18,2026-06-18,started,0,
2026-06-18 21:36:04,603392,万泰生物,2026-06-18,2026-06-18,updated,1,
2026-06-18 21:36:04,603406,天富龙,2026-06-18,2026-06-18,started,0,
2026-06-18 21:36:04,603393,新天然气,2026-06-18,2026-06-18,updated,1,
2026-06-18 21:36:04,603407,长裕集团,2026-06-18,2026-06-18,started,0,
2026-06-18 21:36:05,603395,红四方,2026-06-18,2026-06-18,updated,1,
2026-06-18 21:36:05,603408,建霖家居,2026-06-18,2026-06-18,started,0,
2026-06-18 21:36:05,603396,金辰股份,2026-06-18,2026-06-18,updated,1,
2026-06-18 21:36:05,603398,*ST沐邦,2026-06-18,2026-06-18,updated,1,
2026-06-18 21:36:05,603409,汇通控股,2026-06-18,2026-06-18,started,0,
2026-06-18 21:36:05,603402,陕西旅游,2026-06-18,2026-06-18,updated,1,
2026-06-18 21:36:05,603416,信捷电气,2026-06-18,2026-06-18,started,0,
2026-06-18 21:36:05,603418,友升股份,2026-06-18,2026-06-18,started,0,
2026-06-18 21:36:05,603406,天富龙,2026-06-18,2026-06-18,updated,1,
2026-06-18 21:36:05,603421,鼎信通讯,2026-06-18,2026-06-18,started,0,
2026-06-18 21:36:05,603400,华之杰,2026-06-18,2026-06-18,updated,1,
2026-06-18 21:36:05,603407,长裕集团,2026-06-18,2026-06-18,updated,1,
2026-06-18 21:36:05,603429,*ST集友,2026-06-18,2026-06-18,started,0,
2026-06-18 21:36:05,603435,嘉德利,2026-06-18,2026-06-18,started,0,
2026-06-18 21:36:05,603399,永杉锂业,2026-06-18,2026-06-18,updated,1,
2026-06-18 21:36:05,603439,三力制药,2026-06-18,2026-06-18,started,0,
2026-06-18 21:36:05,603408,建霖家居,2026-06-18,2026-06-18,updated,1,
2026-06-18 21:36:05,603444,吉比特,2026-06-18,2026-06-18,started,0,
2026-06-18 21:36:05,603409,汇通控股,2026-06-18,2026-06-18,updated,1,
2026-06-18 21:36:05,603456,九洲药业,2026-06-18,2026-06-18,started,0,
2026-06-18 21:36:05,603418,友升股份,2026-06-18,2026-06-18,updated,1,
2026-06-18 21:36:05,603458,勘设股份,2026-06-18,2026-06-18,started,0,
2026-06-18 21:36:05,603416,信捷电气,2026-06-18,2026-06-18,updated,1,
2026-06-18 21:36:05,603459,红板科技,2026-06-18,2026-06-18,started,0,
2026-06-18 21:36:05,603421,鼎信通讯,2026-06-18,2026-06-18,updated,1,
2026-06-18 21:36:05,603466,风语筑,2026-06-18,2026-06-18,started,0,
2026-06-18 21:36:06,603435,嘉德利,2026-06-18,2026-06-18,updated,1,
2026-06-18 21:36:06,603429,*ST集友,2026-06-18,2026-06-18,updated,1,
2026-06-18 21:36:06,603477,巨星农牧,2026-06-18,2026-06-18,started,0,
2026-06-18 21:36:06,603439,三力制药,2026-06-18,2026-06-18,updated,1,
2026-06-18 21:36:06,603486,科沃斯,2026-06-18,2026-06-18,started,0,
2026-06-18 21:36:06,603444,吉比特,2026-06-18,2026-06-18,updated,1,
2026-06-18 21:36:06,603488,展鹏科技,2026-06-18,2026-06-18,started,0,
2026-06-18 21:36:06,603489,八方股份,2026-06-18,2026-06-18,started,0,
2026-06-18 21:36:06,603456,九洲药业,2026-06-18,2026-06-18,updated,1,
2026-06-18 21:36:06,603496,恒为科技,2026-06-18,2026-06-18,started,0,
2026-06-18 21:36:06,603459,红板科技,2026-06-18,2026-06-18,updated,1,
2026-06-18 21:36:06,603499,翔港科技,2026-06-18,2026-06-18,started,0,
2026-06-18 21:36:06,603458,勘设股份,2026-06-18,2026-06-18,updated,1,
2026-06-18 21:36:06,603500,祥和实业,2026-06-18,2026-06-18,started,0,
2026-06-18 21:36:06,603466,风语筑,2026-06-18,2026-06-18,updated,1,
2026-06-18 21:36:06,603501,豪威集团,2026-06-18,2026-06-18,started,0,
2026-06-18 21:36:06,603477,巨星农牧,2026-06-18,2026-06-18,updated,1,
2026-06-18 21:36:06,603486,科沃斯,2026-06-18,2026-06-18,updated,1,
2026-06-18 21:36:06,603505,金石资源,2026-06-18,2026-06-18,started,0,
2026-06-18 21:36:06,603506,南都物业,2026-06-18,2026-06-18,started,0,
2026-06-18 21:36:06,603489,八方股份,2026-06-18,2026-06-18,updated,1,
2026-06-18 21:36:06,603488,展鹏科技,2026-06-18,2026-06-18,updated,1,
2026-06-18 21:36:06,603507,振江股份,2026-06-18,2026-06-18,started,0,
2026-06-18 21:36:06,603508,思维列控,2026-06-18,2026-06-18,started,0,
2026-06-18 21:36:06,603496,恒为科技,2026-06-18,2026-06-18,updated,1,
2026-06-18 21:36:07,603511,爱慕股份,2026-06-18,2026-06-18,started,0,
2026-06-18 21:36:07,603499,翔港科技,2026-06-18,2026-06-18,updated,1,
2026-06-18 21:36:07,603515,欧普照明,2026-06-18,2026-06-18,started,0,
2026-06-18 21:36:07,603500,祥和实业,2026-06-18,2026-06-18,updated,1,
2026-06-18 21:36:07,603501,豪威集团,2026-06-18,2026-06-18,updated,1,
2026-06-18 21:36:07,603516,淳中科技,2026-06-18,2026-06-18,started,0,
2026-06-18 21:36:07,603517,ST绝味,2026-06-18,2026-06-18,started,0,
2026-06-18 21:36:07,603505,金石资源,2026-06-18,2026-06-18,updated,1,
2026-06-18 21:36:07,603518,锦泓集团,2026-06-18,2026-06-18,started,0,
2026-06-18 21:36:07,603506,南都物业,2026-06-18,2026-06-18,updated,1,
2026-06-18 21:36:07,603519,立霸股份,2026-06-18,2026-06-18,started,0,
2026-06-18 21:36:07,603507,振江股份,2026-06-18,2026-06-18,updated,1,
2026-06-18 21:36:07,603520,司太立,2026-06-18,2026-06-18,started,0,
2026-06-18 21:36:07,603508,思维列控,2026-06-18,2026-06-18,updated,1,
2026-06-18 21:36:07,603511,爱慕股份,2026-06-18,2026-06-18,updated,1,
2026-06-18 21:36:07,603527,众源新材,2026-06-18,2026-06-18,started,0,
2026-06-18 21:36:07,603515,欧普照明,2026-06-18,2026-06-18,updated,1,
2026-06-18 21:36:07,603528,多伦科技,2026-06-18,2026-06-18,started,0,
2026-06-18 21:36:07,603516,淳中科技,2026-06-18,2026-06-18,updated,1,
2026-06-18 21:36:07,603529,爱玛科技,2026-06-18,2026-06-18,started,0,
2026-06-18 21:36:07,603530,神马电力,2026-06-18,2026-06-18,started,0,
2026-06-18 21:36:07,603517,ST绝味,2026-06-18,2026-06-18,updated,1,
2026-06-18 21:36:07,603533,掌阅科技,2026-06-18,2026-06-18,started,0,
2026-06-18 21:36:07,603518,锦泓集团,2026-06-18,2026-06-18,updated,1,
2026-06-18 21:36:08,603535,嘉诚国际,2026-06-18,2026-06-18,started,0,
2026-06-18 21:36:08,603519,立霸股份,2026-06-18,2026-06-18,updated,1,
2026-06-18 21:36:08,603520,司太立,2026-06-18,2026-06-18,updated,1,
2026-06-18 21:36:08,603536,惠发食品,2026-06-18,2026-06-18,started,0,
2026-06-18 21:36:08,603527,众源新材,2026-06-18,2026-06-18,updated,1,
2026-06-18 21:36:08,603538,美诺华,2026-06-18,2026-06-18,started,0,
2026-06-18 21:36:08,603528,多伦科技,2026-06-18,2026-06-18,updated,1,
2026-06-18 21:36:08,603551,奥普科技,2026-06-18,2026-06-18,started,0,
2026-06-18 21:36:08,603530,神马电力,2026-06-18,2026-06-18,updated,1,
2026-06-18 21:36:08,603556,海兴电力,2026-06-18,2026-06-18,started,0,
2026-06-18 21:36:08,603557,*ST起步,2026-06-18,2026-06-18,started,0,
2026-06-18 21:36:08,603529,爱玛科技,2026-06-18,2026-06-18,updated,1,
2026-06-18 21:36:08,603533,掌阅科技,2026-06-18,2026-06-18,updated,1,
2026-06-18 21:36:08,603558,健盛集团,2026-06-18,2026-06-18,started,0,
2026-06-18 21:36:08,603559,ST通脉,2026-06-18,2026-06-18,started,0,
2026-06-18 21:36:08,603535,嘉诚国际,2026-06-18,2026-06-18,updated,1,
2026-06-18 21:36:08,603536,惠发食品,2026-06-18,2026-06-18,updated,1,
2026-06-18 21:36:08,603565,中谷物流,2026-06-18,2026-06-18,started,0,
2026-06-18 21:36:08,603566,普莱柯,2026-06-18,2026-06-18,started,0,
2026-06-18 21:36:08,603538,美诺华,2026-06-18,2026-06-18,updated,1,
2026-06-18 21:36:08,603551,奥普科技,2026-06-18,2026-06-18,updated,1,
2026-06-18 21:36:08,603567,珍宝岛,2026-06-18,2026-06-18,started,0,
2026-06-18 21:36:08,603556,海兴电力,2026-06-18,2026-06-18,updated,1,
2026-06-18 21:36:09,603568,伟明环保,2026-06-18,2026-06-18,started,0,
2026-06-18 21:36:09,603558,健盛集团,2026-06-18,2026-06-18,updated,1,
2026-06-18 21:36:09,603569,长久物流,2026-06-18,2026-06-18,started,0,
2026-06-18 21:36:09,603557,*ST起步,2026-06-18,2026-06-18,updated,1,
2026-06-18 21:36:09,603577,汇金通,2026-06-18,2026-06-18,started,0,
2026-06-18 21:36:09,603578,三星新材,2026-06-18,2026-06-18,started,0,
2026-06-18 21:36:09,603559,ST通脉,2026-06-18,2026-06-18,updated,1,
2026-06-18 21:36:09,603565,中谷物流,2026-06-18,2026-06-18,updated,1,
2026-06-18 21:36:09,603580,*ST艾艾,2026-06-18,2026-06-18,started,0,
2026-06-18 21:36:09,603579,荣泰健康,2026-06-18,2026-06-18,started,0,
2026-06-18 21:36:09,603566,普莱柯,2026-06-18,2026-06-18,updated,1,
2026-06-18 21:36:09,603583,捷昌驱动,2026-06-18,2026-06-18,started,0,
2026-06-18 21:36:09,603567,珍宝岛,2026-06-18,2026-06-18,updated,1,
2026-06-18 21:36:09,603585,苏利股份,2026-06-18,2026-06-18,started,0,
2026-06-18 21:36:09,603568,伟明环保,2026-06-18,2026-06-18,updated,1,
2026-06-18 21:36:09,603586,金麒麟,2026-06-18,2026-06-18,started,0,
2026-06-18 21:36:09,603569,长久物流,2026-06-18,2026-06-18,updated,1,
2026-06-18 21:36:09,603587,地素时尚,2026-06-18,2026-06-18,started,0,
2026-06-18 21:36:09,603577,汇金通,2026-06-18,2026-06-18,updated,1,
2026-06-18 21:36:09,603578,三星新材,2026-06-18,2026-06-18,updated,1,
2026-06-18 21:36:09,603588,高能环境,2026-06-18,2026-06-18,started,0,
2026-06-18 21:36:10,603579,荣泰健康,2026-06-18,2026-06-18,updated,1,
2026-06-18 21:36:10,603589,口子窖,2026-06-18,2026-06-18,started,0,
2026-06-18 21:36:10,603590,康辰药业,2026-06-18,2026-06-18,started,0,
2026-06-18 21:36:10,603580,*ST艾艾,2026-06-18,2026-06-18,updated,1,
2026-06-18 21:36:10,603583,捷昌驱动,2026-06-18,2026-06-18,updated,1,
2026-06-18 21:36:10,603595,ST东尼,2026-06-18,2026-06-18,started,0,
2026-06-18 21:36:10,603596,伯特利,2026-06-18,2026-06-18,started,0,
2026-06-18 21:36:10,603585,苏利股份,2026-06-18,2026-06-18,updated,1,
2026-06-18 21:36:10,603586,金麒麟,2026-06-18,2026-06-18,updated,1,
2026-06-18 21:36:10,603598,引力传媒,2026-06-18,2026-06-18,started,0,
2026-06-18 21:36:10,603587,地素时尚,2026-06-18,2026-06-18,updated,1,
2026-06-18 21:36:10,603599,广信股份,2026-06-18,2026-06-18,started,0,
2026-06-18 21:36:10,603588,高能环境,2026-06-18,2026-06-18,updated,1,
2026-06-18 21:36:10,603600,永艺股份,2026-06-18,2026-06-18,started,0,
2026-06-18 21:36:10,603590,康辰药业,2026-06-18,2026-06-18,updated,1,
2026-06-18 21:36:10,603601,再升科技,2026-06-18,2026-06-18,started,0,
2026-06-18 21:36:10,603602,纵横通信,2026-06-18,2026-06-18,started,0,
2026-06-18 21:36:10,603589,口子窖,2026-06-18,2026-06-18,updated,1,
2026-06-18 21:36:10,603596,伯特利,2026-06-18,2026-06-18,updated,1,
2026-06-18 21:36:10,603605,珀莱雅,2026-06-18,2026-06-18,started,0,
2026-06-18 21:36:10,603595,ST东尼,2026-06-18,2026-06-18,updated,1,
2026-06-18 21:36:10,603606,东方电缆,2026-06-18,2026-06-18,started,0,
2026-06-18 21:36:10,603607,京华激光,2026-06-18,2026-06-18,started,0,
2026-06-18 21:36:10,603598,引力传媒,2026-06-18,2026-06-18,updated,1,
2026-06-18 21:36:11,603600,永艺股份,2026-06-18,2026-06-18,updated,1,
2026-06-18 21:36:11,603599,广信股份,2026-06-18,2026-06-18,updated,1,
2026-06-18 21:36:11,603609,禾丰股份,2026-06-18,2026-06-18,started,0,
2026-06-18 21:36:11,603608,天创时尚,2026-06-18,2026-06-18,started,0,
2026-06-18 21:36:11,603610,麒盛科技,2026-06-18,2026-06-18,started,0,
2026-06-18 21:36:11,603601,再升科技,2026-06-18,2026-06-18,updated,1,
2026-06-18 21:36:11,603602,纵横通信,2026-06-18,2026-06-18,updated,1,
2026-06-18 21:36:11,603611,诺力股份,2026-06-18,2026-06-18,started,0,
2026-06-18 21:36:11,603612,索通发展,2026-06-18,2026-06-18,started,0,
2026-06-18 21:36:11,603605,珀莱雅,2026-06-18,2026-06-18,updated,1,
2026-06-18 21:36:11,603613,国联股份,2026-06-18,2026-06-18,started,0,
2026-06-18 21:36:11,603606,东方电缆,2026-06-18,2026-06-18,updated,1,
2026-06-18 21:36:11,603615,茶花股份,2026-06-18,2026-06-18,started,0,
2026-06-18 21:36:11,603607,京华激光,2026-06-18,2026-06-18,updated,1,
2026-06-18 21:36:11,603608,天创时尚,2026-06-18,2026-06-18,updated,1,
2026-06-18 21:36:11,603616,韩建河山,2026-06-18,2026-06-18,started,0,
2026-06-18 21:36:11,603617,君禾股份,2026-06-18,2026-06-18,started,0,
2026-06-18 21:36:11,603610,麒盛科技,2026-06-18,2026-06-18,updated,1,
2026-06-18 21:36:11,603609,禾丰股份,2026-06-18,2026-06-18,updated,1,
2026-06-18 21:36:11,603618,杭电股份,2026-06-18,2026-06-18,started,0,
2026-06-18 21:36:11,603611,诺力股份,2026-06-18,2026-06-18,updated,1,
2026-06-18 21:36:11,603619,中曼石油,2026-06-18,2026-06-18,started,0,
2026-06-18 21:36:11,603626,科森科技,2026-06-18,2026-06-18,started,0,
2026-06-18 21:36:11,603612,索通发展,2026-06-18,2026-06-18,updated,1,
2026-06-18 21:36:12,603628,清源股份,2026-06-18,2026-06-18,started,0,
2026-06-18 21:36:12,603613,国联股份,2026-06-18,2026-06-18,updated,1,
2026-06-18 21:36:12,603629,利通电子,2026-06-18,2026-06-18,started,0,
2026-06-18 21:36:12,603615,茶花股份,2026-06-18,2026-06-18,updated,1,
2026-06-18 21:36:12,603617,君禾股份,2026-06-18,2026-06-18,updated,1,
2026-06-18 21:36:12,603630,拉芳家化,2026-06-18,2026-06-18,started,0,
2026-06-18 21:36:12,603616,韩建河山,2026-06-18,2026-06-18,updated,1,
2026-06-18 21:36:12,603633,徕木股份,2026-06-18,2026-06-18,started,0,
2026-06-18 21:36:12,603619,中曼石油,2026-06-18,2026-06-18,updated,1,
2026-06-18 21:36:12,603636,南威软件,2026-06-18,2026-06-18,started,0,
2026-06-18 21:36:12,603618,杭电股份,2026-06-18,2026-06-18,updated,1,
2026-06-18 21:36:12,603637,镇海股份,2026-06-18,2026-06-18,started,0,
2026-06-18 21:36:12,603638,艾迪精密,2026-06-18,2026-06-18,started,0,
2026-06-18 21:36:12,603626,科森科技,2026-06-18,2026-06-18,updated,1,
2026-06-18 21:36:12,603628,清源股份,2026-06-18,2026-06-18,updated,1,
2026-06-18 21:36:12,603639,海利尔,2026-06-18,2026-06-18,started,0,
2026-06-18 21:36:12,603629,利通电子,2026-06-18,2026-06-18,updated,1,
2026-06-18 21:36:12,603648,畅联股份,2026-06-18,2026-06-18,started,0,
2026-06-18 21:36:12,603650,彤程新材,2026-06-18,2026-06-18,started,0,
2026-06-18 21:36:12,603630,拉芳家化,2026-06-18,2026-06-18,updated,1,
2026-06-18 21:36:12,603655,朗博科技,2026-06-18,2026-06-18,started,0,
2026-06-18 21:36:12,603633,徕木股份,2026-06-18,2026-06-18,updated,1,
2026-06-18 21:36:13,603636,南威软件,2026-06-18,2026-06-18,updated,1,
2026-06-18 21:36:13,603656,泰禾智能,2026-06-18,2026-06-18,started,0,
2026-06-18 21:36:13,603657,春光科技,2026-06-18,2026-06-18,started,0,
2026-06-18 21:36:13,603637,镇海股份,2026-06-18,2026-06-18,updated,1,
2026-06-18 21:36:13,603658,安图生物,2026-06-18,2026-06-18,started,0,
2026-06-18 21:36:13,603638,艾迪精密,2026-06-18,2026-06-18,updated,1,
2026-06-18 21:36:13,603659,璞泰来,2026-06-18,2026-06-18,started,0,
2026-06-18 21:36:13,603639,海利尔,2026-06-18,2026-06-18,updated,1,
2026-06-18 21:36:13,603660,苏州科达,2026-06-18,2026-06-18,started,0,
2026-06-18 21:36:13,603648,畅联股份,2026-06-18,2026-06-18,updated,1,
2026-06-18 21:36:13,603650,彤程新材,2026-06-18,2026-06-18,updated,1,
2026-06-18 21:36:13,603661,恒林股份,2026-06-18,2026-06-18,started,0,
2026-06-18 21:36:13,603662,柯力传感,2026-06-18,2026-06-18,started,0,
2026-06-18 21:36:13,603655,朗博科技,2026-06-18,2026-06-18,updated,1,
2026-06-18 21:36:13,603656,泰禾智能,2026-06-18,2026-06-18,updated,1,
2026-06-18 21:36:13,603663,三祥新材,2026-06-18,2026-06-18,started,0,
2026-06-18 21:36:13,603657,春光科技,2026-06-18,2026-06-18,updated,1,
2026-06-18 21:36:13,603665,康隆达,2026-06-18,2026-06-18,started,0,
2026-06-18 21:36:13,603658,安图生物,2026-06-18,2026-06-18,updated,1,
2026-06-18 21:36:13,603666,亿嘉和,2026-06-18,2026-06-18,started,0,
2026-06-18 21:36:13,603660,苏州科达,2026-06-18,2026-06-18,updated,1,
2026-06-18 21:36:13,603667,五洲新春,2026-06-18,2026-06-18,started,0,
2026-06-18 21:36:13,603668,天马科技,2026-06-18,2026-06-18,started,0,
2026-06-18 21:36:13,603659,璞泰来,2026-06-18,2026-06-18,updated,1,
2026-06-18 21:36:13,603661,恒林股份,2026-06-18,2026-06-18,updated,1,
2026-06-18 21:36:13,603669,灵康药业,2026-06-18,2026-06-18,started,0,
2026-06-18 21:36:14,603676,卫信康,2026-06-18,2026-06-18,started,0,
2026-06-18 21:36:14,603662,柯力传感,2026-06-18,2026-06-18,updated,1,
2026-06-18 21:36:14,603677,奇精机械,2026-06-18,2026-06-18,started,0,
2026-06-18 21:36:14,603663,三祥新材,2026-06-18,2026-06-18,updated,1,
2026-06-18 21:36:14,603665,康隆达,2026-06-18,2026-06-18,updated,1,
2026-06-18 21:36:14,603678,火炬电子,2026-06-18,2026-06-18,started,0,
2026-06-18 21:36:14,603666,亿嘉和,2026-06-18,2026-06-18,updated,1,
2026-06-18 21:36:14,603679,华体科技,2026-06-18,2026-06-18,started,0,
2026-06-18 21:36:14,603667,五洲新春,2026-06-18,2026-06-18,updated,1,
2026-06-18 21:36:14,603680,今创集团,2026-06-18,2026-06-18,started,0,
2026-06-18 21:36:14,603681,永冠新材,2026-06-18,2026-06-18,started,0,
2026-06-18 21:36:14,603668,天马科技,2026-06-18,2026-06-18,updated,1,
2026-06-18 21:36:14,603682,锦和商管,2026-06-18,2026-06-18,started,0,
2026-06-18 21:36:14,603669,灵康药业,2026-06-18,2026-06-18,updated,1,
2026-06-18 21:36:14,603683,晶华新材,2026-06-18,2026-06-18,started,0,
2026-06-18 21:36:14,603676,卫信康,2026-06-18,2026-06-18,updated,1,
2026-06-18 21:36:14,603685,晨丰科技,2026-06-18,2026-06-18,started,0,
2026-06-18 21:36:14,603677,奇精机械,2026-06-18,2026-06-18,updated,1,
2026-06-18 21:36:14,603679,华体科技,2026-06-18,2026-06-18,updated,1,
2026-06-18 21:36:14,603686,福龙马,2026-06-18,2026-06-18,started,0,
2026-06-18 21:36:14,603678,火炬电子,2026-06-18,2026-06-18,updated,1,
2026-06-18 21:36:15,603680,今创集团,2026-06-18,2026-06-18,updated,1,
2026-06-18 21:36:15,603687,大胜达,2026-06-18,2026-06-18,started,0,
2026-06-18 21:36:15,603681,永冠新材,2026-06-18,2026-06-18,updated,1,
2026-06-18 21:36:15,603688,石英股份,2026-06-18,2026-06-18,started,0,
2026-06-18 21:36:15,603689,皖天然气,2026-06-18,2026-06-18,started,0,
2026-06-18 21:36:15,603682,锦和商管,2026-06-18,2026-06-18,updated,1,
2026-06-18 21:36:15,603690,至纯科技,2026-06-18,2026-06-18,started,0,
2026-06-18 21:36:15,603693,江苏新能,2026-06-18,2026-06-18,started,0,
2026-06-18 21:36:15,603683,晶华新材,2026-06-18,2026-06-18,updated,1,
2026-06-18 21:36:15,603696,安记食品,2026-06-18,2026-06-18,started,0,
2026-06-18 21:36:15,603685,晨丰科技,2026-06-18,2026-06-18,updated,1,
2026-06-18 21:36:15,603697,有友食品,2026-06-18,2026-06-18,started,0,
2026-06-18 21:36:15,603686,福龙马,2026-06-18,2026-06-18,updated,1,
2026-06-18 21:36:15,603687,大胜达,2026-06-18,2026-06-18,updated,1,
2026-06-18 21:36:15,603689,皖天然气,2026-06-18,2026-06-18,updated,1,
2026-06-18 21:36:15,603698,航天工程,2026-06-18,2026-06-18,started,0,
2026-06-18 21:36:15,603688,石英股份,2026-06-18,2026-06-18,updated,1,
2026-06-18 21:36:15,603699,纽威股份,2026-06-18,2026-06-18,started,0,
2026-06-18 21:36:15,603690,至纯科技,2026-06-18,2026-06-18,updated,1,
2026-06-18 21:36:15,603700,宁水集团,2026-06-18,2026-06-18,started,0,
2026-06-18 21:36:15,603701,德宏股份,2026-06-18,2026-06-18,started,0,
2026-06-18 21:36:15,603703,盛洋科技,2026-06-18,2026-06-18,started,0,
2026-06-18 21:36:15,603693,江苏新能,2026-06-18,2026-06-18,updated,1,
2026-06-18 21:36:15,603706,东方环宇,2026-06-18,2026-06-18,started,0,
2026-06-18 21:36:15,603696,安记食品,2026-06-18,2026-06-18,updated,1,
2026-06-18 21:36:16,603707,健友股份,2026-06-18,2026-06-18,started,0,
2026-06-18 21:36:16,603697,有友食品,2026-06-18,2026-06-18,updated,1,
2026-06-18 21:36:16,603708,家家悦,2026-06-18,2026-06-18,started,0,
2026-06-18 21:36:16,603698,航天工程,2026-06-18,2026-06-18,updated,1,
2026-06-18 21:36:16,603699,纽威股份,2026-06-18,2026-06-18,updated,1,
2026-06-18 21:36:16,603709,中源家居,2026-06-18,2026-06-18,started,0,
2026-06-18 21:36:16,603700,宁水集团,2026-06-18,2026-06-18,updated,1,
2026-06-18 21:36:16,603711,香飘飘,2026-06-18,2026-06-18,started,0,
2026-06-18 21:36:16,603703,盛洋科技,2026-06-18,2026-06-18,updated,1,
2026-06-18 21:36:16,603712,七一二,2026-06-18,2026-06-18,started,0,
2026-06-18 21:36:16,603701,德宏股份,2026-06-18,2026-06-18,updated,1,
2026-06-18 21:36:16,603713,密尔克卫,2026-06-18,2026-06-18,started,0,
2026-06-18 21:36:16,603716,塞力医疗,2026-06-18,2026-06-18,started,0,
2026-06-18 21:36:16,603706,东方环宇,2026-06-18,2026-06-18,updated,1,
2026-06-18 21:36:16,603717,天域生物,2026-06-18,2026-06-18,started,0,
2026-06-18 21:36:16,603707,健友股份,2026-06-18,2026-06-18,updated,1,
2026-06-18 21:36:16,603718,*ST海利,2026-06-18,2026-06-18,started,0,
2026-06-18 21:36:16,603708,家家悦,2026-06-18,2026-06-18,updated,1,
2026-06-18 21:36:16,603719,良品铺子,2026-06-18,2026-06-18,started,0,
2026-06-18 21:36:16,603709,中源家居,2026-06-18,2026-06-18,updated,1,
2026-06-18 21:36:16,603712,七一二,2026-06-18,2026-06-18,updated,1,
2026-06-18 21:36:16,603721,中广天择,2026-06-18,2026-06-18,started,0,
2026-06-18 21:36:16,603711,香飘飘,2026-06-18,2026-06-18,updated,1,
2026-06-18 21:36:17,603722,阿科力,2026-06-18,2026-06-18,started,0,
2026-06-18 21:36:17,603713,密尔克卫,2026-06-18,2026-06-18,updated,1,
2026-06-18 21:36:17,603725,天安新材,2026-06-18,2026-06-18,started,0,
2026-06-18 21:36:17,603726,朗迪集团,2026-06-18,2026-06-18,started,0,
2026-06-18 21:36:17,603716,塞力医疗,2026-06-18,2026-06-18,updated,1,
2026-06-18 21:36:17,603727,博迈科,2026-06-18,2026-06-18,started,0,
2026-06-18 21:36:17,603717,天域生物,2026-06-18,2026-06-18,updated,1,
2026-06-18 21:36:17,603728,鸣志电器,2026-06-18,2026-06-18,started,0,
2026-06-18 21:36:17,603718,*ST海利,2026-06-18,2026-06-18,updated,1,
2026-06-18 21:36:17,603729,ST龙韵,2026-06-18,2026-06-18,started,0,
2026-06-18 21:36:17,603719,良品铺子,2026-06-18,2026-06-18,updated,1,
2026-06-18 21:36:17,603721,中广天择,2026-06-18,2026-06-18,updated,1,
2026-06-18 21:36:17,603730,岱美股份,2026-06-18,2026-06-18,started,0,
2026-06-18 21:36:17,603722,阿科力,2026-06-18,2026-06-18,updated,1,
2026-06-18 21:36:17,603733,仙鹤股份,2026-06-18,2026-06-18,started,0,
2026-06-18 21:36:17,603725,天安新材,2026-06-18,2026-06-18,updated,1,
2026-06-18 21:36:17,603737,三棵树,2026-06-18,2026-06-18,started,0,
2026-06-18 21:36:17,603726,朗迪集团,2026-06-18,2026-06-18,updated,1,
2026-06-18 21:36:17,603738,泰晶科技,2026-06-18,2026-06-18,started,0,
2026-06-18 21:36:17,603727,博迈科,2026-06-18,2026-06-18,updated,1,
2026-06-18 21:36:17,603739,蔚蓝生物,2026-06-18,2026-06-18,started,0,
2026-06-18 21:36:17,603755,日辰股份,2026-06-18,2026-06-18,started,0,
2026-06-18 21:36:17,603728,鸣志电器,2026-06-18,2026-06-18,updated,1,
2026-06-18 21:36:17,603757,大元泵业,2026-06-18,2026-06-18,started,0,
2026-06-18 21:36:17,603729,ST龙韵,2026-06-18,2026-06-18,updated,1,
2026-06-18 21:36:18,603730,岱美股份,2026-06-18,2026-06-18,updated,1,
2026-06-18 21:36:18,603758,秦安股份,2026-06-18,2026-06-18,started,0,
2026-06-18 21:36:18,603733,仙鹤股份,2026-06-18,2026-06-18,updated,1,
2026-06-18 21:36:18,603759,海天股份,2026-06-18,2026-06-18,started,0,
2026-06-18 21:36:18,603766,隆鑫通用,2026-06-18,2026-06-18,started,0,
2026-06-18 21:36:18,603738,泰晶科技,2026-06-18,2026-06-18,updated,1,
2026-06-18 21:36:18,603737,三棵树,2026-06-18,2026-06-18,updated,1,
2026-06-18 21:36:18,603767,中马传动,2026-06-18,2026-06-18,started,0,
2026-06-18 21:36:18,603739,蔚蓝生物,2026-06-18,2026-06-18,updated,1,
2026-06-18 21:36:18,603768,常青股份,2026-06-18,2026-06-18,started,0,
2026-06-18 21:36:18,603773,沃格光电,2026-06-18,2026-06-18,started,0,
2026-06-18 21:36:18,603755,日辰股份,2026-06-18,2026-06-18,updated,1,
2026-06-18 21:36:18,603757,大元泵业,2026-06-18,2026-06-18,updated,1,
2026-06-18 21:36:18,603776,永安行,2026-06-18,2026-06-18,started,0,
2026-06-18 21:36:18,603777,来伊份,2026-06-18,2026-06-18,started,0,
2026-06-18 21:36:18,603758,秦安股份,2026-06-18,2026-06-18,updated,1,
2026-06-18 21:36:18,603759,海天股份,2026-06-18,2026-06-18,updated,1,
2026-06-18 21:36:18,603778,国晟科技,2026-06-18,2026-06-18,started,0,
2026-06-18 21:36:18,603779,威龙股份,2026-06-18,2026-06-18,started,0,
2026-06-18 21:36:18,603766,隆鑫通用,2026-06-18,2026-06-18,updated,1,
2026-06-18 21:36:18,603767,中马传动,2026-06-18,2026-06-18,updated,1,
2026-06-18 21:36:18,603786,科博达,2026-06-18,2026-06-18,started,0,
2026-06-18 21:36:18,603773,沃格光电,2026-06-18,2026-06-18,updated,1,
2026-06-18 21:36:19,603787,新日股份,2026-06-18,2026-06-18,started,0,
2026-06-18 21:36:19,603768,常青股份,2026-06-18,2026-06-18,updated,1,
2026-06-18 21:36:19,603788,宁波高发,2026-06-18,2026-06-18,started,0,
2026-06-18 21:36:19,603789,ST星农,2026-06-18,2026-06-18,started,0,
2026-06-18 21:36:19,603776,永安行,2026-06-18,2026-06-18,updated,1,
2026-06-18 21:36:19,603790,雅运股份,2026-06-18,2026-06-18,started,0,
2026-06-18 21:36:19,603777,来伊份,2026-06-18,2026-06-18,updated,1,
2026-06-18 21:36:19,603797,联泰环保,2026-06-18,2026-06-18,started,0,
2026-06-18 21:36:19,603778,国晟科技,2026-06-18,2026-06-18,updated,1,
2026-06-18 21:36:19,603798,康普顿,2026-06-18,2026-06-18,started,0,
2026-06-18 21:36:19,603779,威龙股份,2026-06-18,2026-06-18,updated,1,
2026-06-18 21:36:19,603786,科博达,2026-06-18,2026-06-18,updated,1,
2026-06-18 21:36:19,603799,华友钴业,2026-06-18,2026-06-18,started,0,
2026-06-18 21:36:19,603787,新日股份,2026-06-18,2026-06-18,updated,1,
2026-06-18 21:36:19,603800,洪田股份,2026-06-18,2026-06-18,started,0,
2026-06-18 21:36:19,603801,志邦家居,2026-06-18,2026-06-18,started,0,
2026-06-18 21:36:19,603789,ST星农,2026-06-18,2026-06-18,updated,1,
2026-06-18 21:36:19,603788,宁波高发,2026-06-18,2026-06-18,updated,1,
2026-06-18 21:36:19,603806,福斯特,2026-06-18,2026-06-18,started,0,
2026-06-18 21:36:19,603803,瑞斯康达,2026-06-18,2026-06-18,started,0,
2026-06-18 21:36:19,603790,雅运股份,2026-06-18,2026-06-18,updated,1,
2026-06-18 21:36:19,603797,联泰环保,2026-06-18,2026-06-18,updated,1,
2026-06-18 21:36:20,603808,歌力思,2026-06-18,2026-06-18,started,0,
2026-06-18 21:36:20,603809,豪能股份,2026-06-18,2026-06-18,started,0,
2026-06-18 21:36:20,603798,康普顿,2026-06-18,2026-06-18,updated,1,
2026-06-18 21:36:20,603810,丰山集团,2026-06-18,2026-06-18,started,0,
2026-06-18 21:36:20,603799,华友钴业,2026-06-18,2026-06-18,updated,1,
2026-06-18 21:36:20,603800,洪田股份,2026-06-18,2026-06-18,updated,1,
2026-06-18 21:36:20,603811,诚意药业,2026-06-18,2026-06-18,started,0,
2026-06-18 21:36:20,603801,志邦家居,2026-06-18,2026-06-18,updated,1,
2026-06-18 21:36:20,603813,*ST原尚,2026-06-18,2026-06-18,started,0,
2026-06-18 21:36:20,603815,交建股份,2026-06-18,2026-06-18,started,0,
2026-06-18 21:36:20,603806,福斯特,2026-06-18,2026-06-18,updated,1,
2026-06-18 21:36:20,603803,瑞斯康达,2026-06-18,2026-06-18,updated,1,
2026-06-18 21:36:20,603816,顾家家居,2026-06-18,2026-06-18,started,0,
2026-06-18 21:36:20,603817,海峡环保,2026-06-18,2026-06-18,started,0,
2026-06-18 21:36:20,603808,歌力思,2026-06-18,2026-06-18,updated,1,
2026-06-18 21:36:20,603818,曲美家居,2026-06-18,2026-06-18,started,0,
2026-06-18 21:36:20,603809,豪能股份,2026-06-18,2026-06-18,updated,1,
2026-06-18 21:36:20,603819,神力股份,2026-06-18,2026-06-18,started,0,
2026-06-18 21:36:20,603810,丰山集团,2026-06-18,2026-06-18,updated,1,
2026-06-18 21:36:20,603813,*ST原尚,2026-06-18,2026-06-18,updated,1,
2026-06-18 21:36:20,603822,ST嘉澳,2026-06-18,2026-06-18,started,0,
2026-06-18 21:36:20,603811,诚意药业,2026-06-18,2026-06-18,updated,1,
2026-06-18 21:36:20,603823,百合花,2026-06-18,2026-06-18,started,0,
2026-06-18 21:36:21,603815,交建股份,2026-06-18,2026-06-18,updated,1,
2026-06-18 21:36:21,603825,ST华扬,2026-06-18,2026-06-18,started,0,
2026-06-18 21:36:21,603817,海峡环保,2026-06-18,2026-06-18,updated,1,
2026-06-18 21:36:21,603826,坤彩科技,2026-06-18,2026-06-18,started,0,
2026-06-18 21:36:21,603828,*ST利达,2026-06-18,2026-06-18,started,0,
2026-06-18 21:36:21,603816,顾家家居,2026-06-18,2026-06-18,updated,1,
2026-06-18 21:36:21,603829,洛凯股份,2026-06-18,2026-06-18,started,0,
2026-06-18 21:36:21,603818,曲美家居,2026-06-18,2026-06-18,updated,1,
2026-06-18 21:36:21,603833,欧派家居,2026-06-18,2026-06-18,started,0,
2026-06-18 21:36:21,603819,神力股份,2026-06-18,2026-06-18,updated,1,
2026-06-18 21:36:21,603823,百合花,2026-06-18,2026-06-18,updated,1,
2026-06-18 21:36:21,603836,海程邦达,2026-06-18,2026-06-18,started,0,
2026-06-18 21:36:21,603838,*ST四通,2026-06-18,2026-06-18,started,0,
2026-06-18 21:36:21,603822,ST嘉澳,2026-06-18,2026-06-18,updated,1,
2026-06-18 21:36:21,603825,ST华扬,2026-06-18,2026-06-18,updated,1,
2026-06-18 21:36:21,603839,安正时尚,2026-06-18,2026-06-18,started,0,
2026-06-18 21:36:21,603826,坤彩科技,2026-06-18,2026-06-18,updated,1,
2026-06-18 21:36:21,603843,*ST正平,2026-06-18,2026-06-18,started,0,
2026-06-18 21:36:21,603848,好太太,2026-06-18,2026-06-18,started,0,
2026-06-18 21:36:21,603828,*ST利达,2026-06-18,2026-06-18,updated,1,
2026-06-18 21:36:21,603855,华荣股份,2026-06-18,2026-06-18,started,0,
2026-06-18 21:36:21,603829,洛凯股份,2026-06-18,2026-06-18,updated,1,
2026-06-18 21:36:21,603833,欧派家居,2026-06-18,2026-06-18,updated,1,
2026-06-18 21:36:21,603856,东宏股份,2026-06-18,2026-06-18,started,0,
2026-06-18 21:36:21,603858,步长制药,2026-06-18,2026-06-18,started,0,
2026-06-18 21:36:22,603836,海程邦达,2026-06-18,2026-06-18,updated,1,
2026-06-18 21:36:22,603859,能科科技,2026-06-18,2026-06-18,started,0,
2026-06-18 21:36:22,603838,*ST四通,2026-06-18,2026-06-18,updated,1,
2026-06-18 21:36:22,603860,中公高科,2026-06-18,2026-06-18,started,0,
2026-06-18 21:36:22,603839,安正时尚,2026-06-18,2026-06-18,updated,1,
2026-06-18 21:36:22,603848,好太太,2026-06-18,2026-06-18,updated,1,
2026-06-18 21:36:22,603843,*ST正平,2026-06-18,2026-06-18,updated,1,
2026-06-18 21:36:22,603861,白云电器,2026-06-18,2026-06-18,started,0,
2026-06-18 21:36:22,603863,松炀资源,2026-06-18,2026-06-18,started,0,
2026-06-18 21:36:22,603855,华荣股份,2026-06-18,2026-06-18,updated,1,
2026-06-18 21:36:22,603866,桃李面包,2026-06-18,2026-06-18,started,0,
2026-06-18 21:36:22,603856,东宏股份,2026-06-18,2026-06-18,updated,1,
2026-06-18 21:36:22,603867,新化股份,2026-06-18,2026-06-18,started,0,
2026-06-18 21:36:22,603868,飞科电器,2026-06-18,2026-06-18,started,0,
2026-06-18 21:36:22,603858,步长制药,2026-06-18,2026-06-18,updated,1,
2026-06-18 21:36:22,603869,ST智知,2026-06-18,2026-06-18,started,0,
2026-06-18 21:36:22,603859,能科科技,2026-06-18,2026-06-18,updated,1,
2026-06-18 21:36:22,603871,嘉友国际,2026-06-18,2026-06-18,started,0,
2026-06-18 21:36:22,603860,中公高科,2026-06-18,2026-06-18,updated,1,
2026-06-18 21:36:22,603876,鼎胜新材,2026-06-18,2026-06-18,started,0,
2026-06-18 21:36:22,603863,松炀资源,2026-06-18,2026-06-18,updated,1,
2026-06-18 21:36:22,603861,白云电器,2026-06-18,2026-06-18,updated,1,
2026-06-18 21:36:22,603877,太平鸟,2026-06-18,2026-06-18,started,0,
2026-06-18 21:36:23,603866,桃李面包,2026-06-18,2026-06-18,updated,1,
2026-06-18 21:36:23,603878,武进不锈,2026-06-18,2026-06-18,started,0,
2026-06-18 21:36:23,603867,新化股份,2026-06-18,2026-06-18,updated,1,
2026-06-18 21:36:23,603879,永悦科技,2026-06-18,2026-06-18,started,0,
2026-06-18 21:36:23,603868,飞科电器,2026-06-18,2026-06-18,updated,1,
2026-06-18 21:36:23,603880,南卫股份,2026-06-18,2026-06-18,started,0,
2026-06-18 21:36:23,603881,数据港,2026-06-18,2026-06-18,started,0,
2026-06-18 21:36:23,603869,ST智知,2026-06-18,2026-06-18,updated,1,
2026-06-18 21:36:23,603871,嘉友国际,2026-06-18,2026-06-18,updated,1,
2026-06-18 21:36:23,603882,金域医学,2026-06-18,2026-06-18,started,0,
2026-06-18 21:36:23,603876,鼎胜新材,2026-06-18,2026-06-18,updated,1,
2026-06-18 21:36:23,603883,老百姓,2026-06-18,2026-06-18,started,0,
2026-06-18 21:36:23,603885,吉祥航空,2026-06-18,2026-06-18,started,0,
2026-06-18 21:36:23,603877,太平鸟,2026-06-18,2026-06-18,updated,1,
2026-06-18 21:36:23,603878,武进不锈,2026-06-18,2026-06-18,updated,1,
2026-06-18 21:36:23,603886,元祖股份,2026-06-18,2026-06-18,started,0,
2026-06-18 21:36:23,603887,城地香江,2026-06-18,2026-06-18,started,0,
2026-06-18 21:36:23,603879,永悦科技,2026-06-18,2026-06-18,updated,1,
2026-06-18 21:36:23,603888,新华网,2026-06-18,2026-06-18,started,0,
2026-06-18 21:36:23,603880,南卫股份,2026-06-18,2026-06-18,updated,1,
2026-06-18 21:36:23,603889,新澳股份,2026-06-18,2026-06-18,started,0,
2026-06-18 21:36:23,603881,数据港,2026-06-18,2026-06-18,updated,1,
2026-06-18 21:36:23,603882,金域医学,2026-06-18,2026-06-18,updated,1,
2026-06-18 21:36:24,603890,春秋电子,2026-06-18,2026-06-18,started,0,
2026-06-18 21:36:24,603883,老百姓,2026-06-18,2026-06-18,updated,1,
2026-06-18 21:36:24,603893,瑞芯微,2026-06-18,2026-06-18,started,0,
2026-06-18 21:36:24,603895,天永智能,2026-06-18,2026-06-18,started,0,
2026-06-18 21:36:24,603885,吉祥航空,2026-06-18,2026-06-18,updated,1,
2026-06-18 21:36:24,603886,元祖股份,2026-06-18,2026-06-18,updated,1,
2026-06-18 21:36:24,603896,寿仙谷,2026-06-18,2026-06-18,started,0,
2026-06-18 21:36:24,603897,长城科技,2026-06-18,2026-06-18,started,0,
2026-06-18 21:36:24,603887,城地香江,2026-06-18,2026-06-18,updated,1,
2026-06-18 21:36:24,603898,好莱客,2026-06-18,2026-06-18,started,0,
2026-06-18 21:36:24,603888,新华网,2026-06-18,2026-06-18,updated,1,
2026-06-18 21:36:24,603889,新澳股份,2026-06-18,2026-06-18,updated,1,
2026-06-18 21:36:24,603899,晨光股份,2026-06-18,2026-06-18,started,0,
2026-06-18 21:36:24,603900,莱绅通灵,2026-06-18,2026-06-18,started,0,
2026-06-18 21:36:24,603890,春秋电子,2026-06-18,2026-06-18,updated,1,
2026-06-18 21:36:24,603901,永创智能,2026-06-18,2026-06-18,started,0,
2026-06-18 21:36:24,603893,瑞芯微,2026-06-18,2026-06-18,updated,1,
2026-06-18 21:36:24,603895,天永智能,2026-06-18,2026-06-18,updated,1,
2026-06-18 21:36:24,603903,中持股份,2026-06-18,2026-06-18,started,0,
2026-06-18 21:36:24,603906,龙蟠科技,2026-06-18,2026-06-18,started,0,
2026-06-18 21:36:24,603897,长城科技,2026-06-18,2026-06-18,updated,1,
2026-06-18 21:36:24,603908,牧高笛,2026-06-18,2026-06-18,started,0,
2026-06-18 21:36:24,603896,寿仙谷,2026-06-18,2026-06-18,updated,1,
2026-06-18 21:36:25,603898,好莱客,2026-06-18,2026-06-18,updated,1,
2026-06-18 21:36:25,603909,建发合诚,2026-06-18,2026-06-18,started,0,
2026-06-18 21:36:25,603912,佳力图,2026-06-18,2026-06-18,started,0,
2026-06-18 21:36:25,603900,莱绅通灵,2026-06-18,2026-06-18,updated,1,
2026-06-18 21:36:25,603915,国茂股份,2026-06-18,2026-06-18,started,0,
2026-06-18 21:36:25,603899,晨光股份,2026-06-18,2026-06-18,updated,1,
2026-06-18 21:36:25,603916,苏博特,2026-06-18,2026-06-18,started,0,
2026-06-18 21:36:25,603901,永创智能,2026-06-18,2026-06-18,updated,1,
2026-06-18 21:36:25,603917,合力科技,2026-06-18,2026-06-18,started,0,
2026-06-18 21:36:25,603903,中持股份,2026-06-18,2026-06-18,updated,1,
2026-06-18 21:36:25,603918,金桥信息,2026-06-18,2026-06-18,started,0,
2026-06-18 21:36:25,603906,龙蟠科技,2026-06-18,2026-06-18,updated,1,
2026-06-18 21:36:25,603908,牧高笛,2026-06-18,2026-06-18,updated,1,
2026-06-18 21:36:25,603919,金徽酒,2026-06-18,2026-06-18,started,0,
2026-06-18 21:36:25,603909,建发合诚,2026-06-18,2026-06-18,updated,1,
2026-06-18 21:36:25,603920,世运电路,2026-06-18,2026-06-18,started,0,
2026-06-18 21:36:25,603922,ST金鸿顺,2026-06-18,2026-06-18,started,0,
2026-06-18 21:36:25,603912,佳力图,2026-06-18,2026-06-18,updated,1,
2026-06-18 21:36:25,603915,国茂股份,2026-06-18,2026-06-18,updated,1,
2026-06-18 21:36:25,603926,铁流股份,2026-06-18,2026-06-18,started,0,
2026-06-18 21:36:25,603917,合力科技,2026-06-18,2026-06-18,updated,1,
2026-06-18 21:36:25,603927,中科软,2026-06-18,2026-06-18,started,0,
2026-06-18 21:36:25,603928,兴业股份,2026-06-18,2026-06-18,started,0,
2026-06-18 21:36:25,603916,苏博特,2026-06-18,2026-06-18,updated,1,
2026-06-18 21:36:26,603929,亚翔集成,2026-06-18,2026-06-18,started,0,
2026-06-18 21:36:26,603918,金桥信息,2026-06-18,2026-06-18,updated,1,
2026-06-18 21:36:26,603931,格林达,2026-06-18,2026-06-18,started,0,
2026-06-18 21:36:26,603919,金徽酒,2026-06-18,2026-06-18,updated,1,
2026-06-18 21:36:26,603933,睿能科技,2026-06-18,2026-06-18,started,0,
2026-06-18 21:36:26,603920,世运电路,2026-06-18,2026-06-18,updated,1,
2026-06-18 21:36:26,603922,ST金鸿顺,2026-06-18,2026-06-18,updated,1,
2026-06-18 21:36:26,603936,博敏电子,2026-06-18,2026-06-18,started,0,
2026-06-18 21:36:26,603937,丽岛新材,2026-06-18,2026-06-18,started,0,
2026-06-18 21:36:26,603926,铁流股份,2026-06-18,2026-06-18,updated,1,
2026-06-18 21:36:26,603927,中科软,2026-06-18,2026-06-18,updated,1,
2026-06-18 21:36:26,603938,三孚股份,2026-06-18,2026-06-18,started,0,
2026-06-18 21:36:26,603939,益丰药房,2026-06-18,2026-06-18,started,0,
2026-06-18 21:36:26,603928,兴业股份,2026-06-18,2026-06-18,updated,1,
2026-06-18 21:36:26,603948,建业股份,2026-06-18,2026-06-18,started,0,
2026-06-18 21:36:26,603929,亚翔集成,2026-06-18,2026-06-18,updated,1,
2026-06-18 21:36:26,603949,雪龙集团,2026-06-18,2026-06-18,started,0,
2026-06-18 21:36:26,603931,格林达,2026-06-18,2026-06-18,updated,1,
2026-06-18 21:36:26,603950,长源东谷,2026-06-18,2026-06-18,started,0,
2026-06-18 21:36:26,603933,睿能科技,2026-06-18,2026-06-18,updated,1,
2026-06-18 21:36:26,603936,博敏电子,2026-06-18,2026-06-18,updated,1,
2026-06-18 21:36:26,603955,大千生态,2026-06-18,2026-06-18,started,0,
2026-06-18 21:36:26,603956,威派格,2026-06-18,2026-06-18,started,0,
2026-06-18 21:36:26,603937,丽岛新材,2026-06-18,2026-06-18,updated,1,
2026-06-18 21:36:26,603938,三孚股份,2026-06-18,2026-06-18,updated,1,
2026-06-18 21:36:27,603958,哈森股份,2026-06-18,2026-06-18,started,0,
2026-06-18 21:36:27,603959,ST百利,2026-06-18,2026-06-18,started,0,
2026-06-18 21:36:27,603939,益丰药房,2026-06-18,2026-06-18,updated,1,
2026-06-18 21:36:27,603960,克来机电,2026-06-18,2026-06-18,started,0,
2026-06-18 21:36:27,603948,建业股份,2026-06-18,2026-06-18,updated,1,
2026-06-18 21:36:27,603949,雪龙集团,2026-06-18,2026-06-18,updated,1,
2026-06-18 21:36:27,603966,法兰泰克,2026-06-18,2026-06-18,started,0,
2026-06-18 21:36:27,603950,长源东谷,2026-06-18,2026-06-18,updated,1,
2026-06-18 21:36:27,603967,中创物流,2026-06-18,2026-06-18,started,0,
2026-06-18 21:36:27,603955,大千生态,2026-06-18,2026-06-18,updated,1,
2026-06-18 21:36:27,603968,醋化股份,2026-06-18,2026-06-18,started,0,
2026-06-18 21:36:27,603956,威派格,2026-06-18,2026-06-18,updated,1,
2026-06-18 21:36:27,603969,银龙股份,2026-06-18,2026-06-18,started,0,
2026-06-18 21:36:27,603970,中农立华,2026-06-18,2026-06-18,started,0,
2026-06-18 21:36:27,603959,ST百利,2026-06-18,2026-06-18,updated,1,
2026-06-18 21:36:27,603958,哈森股份,2026-06-18,2026-06-18,updated,1,
2026-06-18 21:36:27,603976,正川股份,2026-06-18,2026-06-18,started,0,
2026-06-18 21:36:27,603977,国泰集团,2026-06-18,2026-06-18,started,0,
2026-06-18 21:36:27,603960,克来机电,2026-06-18,2026-06-18,updated,1,
2026-06-18 21:36:27,603966,法兰泰克,2026-06-18,2026-06-18,updated,1,
2026-06-18 21:36:27,603978,深圳新星,2026-06-18,2026-06-18,started,0,
2026-06-18 21:36:27,603967,中创物流,2026-06-18,2026-06-18,updated,1,
2026-06-18 21:36:27,603979,金诚信,2026-06-18,2026-06-18,started,0,
2026-06-18 21:36:27,603968,醋化股份,2026-06-18,2026-06-18,updated,1,
2026-06-18 21:36:27,603980,吉华集团,2026-06-18,2026-06-18,started,0,
2026-06-18 21:36:28,603982,泉峰汽车,2026-06-18,2026-06-18,started,0,
2026-06-18 21:36:28,603969,银龙股份,2026-06-18,2026-06-18,updated,1,
2026-06-18 21:36:28,603983,丸美生物,2026-06-18,2026-06-18,started,0,
2026-06-18 21:36:28,603970,中农立华,2026-06-18,2026-06-18,updated,1,
2026-06-18 21:36:28,603985,恒润股份,2026-06-18,2026-06-18,started,0,
2026-06-18 21:36:28,603976,正川股份,2026-06-18,2026-06-18,updated,1,
2026-06-18 21:36:28,603977,国泰集团,2026-06-18,2026-06-18,updated,1,
2026-06-18 21:36:28,603986,兆易创新,2026-06-18,2026-06-18,started,0,
2026-06-18 21:36:28,603987,康德莱,2026-06-18,2026-06-18,started,0,
2026-06-18 21:36:28,603978,深圳新星,2026-06-18,2026-06-18,updated,1,
2026-06-18 21:36:28,603979,金诚信,2026-06-18,2026-06-18,updated,1,
2026-06-18 21:36:28,603988,中电电机,2026-06-18,2026-06-18,started,0,
2026-06-18 21:36:28,603982,泉峰汽车,2026-06-18,2026-06-18,updated,1,
2026-06-18 21:36:28,603989,艾华集团,2026-06-18,2026-06-18,started,0,
2026-06-18 21:36:28,603990,麦迪科技,2026-06-18,2026-06-18,started,0,
2026-06-18 21:36:28,603980,吉华集团,2026-06-18,2026-06-18,updated,1,
2026-06-18 21:36:28,603991,领先股份,2026-06-18,2026-06-18,started,0,
2026-06-18 21:36:28,603983,丸美生物,2026-06-18,2026-06-18,updated,1,
2026-06-18 21:36:28,603992,松霖科技,2026-06-18,2026-06-18,started,0,
2026-06-18 21:36:28,603985,恒润股份,2026-06-18,2026-06-18,updated,1,
2026-06-18 21:36:28,603986,兆易创新,2026-06-18,2026-06-18,updated,1,
2026-06-18 21:36:28,603993,洛阳钼业,2026-06-18,2026-06-18,started,0,
2026-06-18 21:36:28,603995,甬金股份,2026-06-18,2026-06-18,started,0,
2026-06-18 21:36:28,603987,康德莱,2026-06-18,2026-06-18,updated,1,
2026-06-18 21:36:28,603988,中电电机,2026-06-18,2026-06-18,updated,1,
2026-06-18 21:36:29,603997,继峰股份,2026-06-18,2026-06-18,started,0,
2026-06-18 21:36:29,603998,方盛制药,2026-06-18,2026-06-18,started,0,
2026-06-18 21:36:29,603989,艾华集团,2026-06-18,2026-06-18,updated,1,
2026-06-18 21:36:29,603991,领先股份,2026-06-18,2026-06-18,updated,1,
2026-06-18 21:36:29,603999,读者传媒,2026-06-18,2026-06-18,started,0,
2026-06-18 21:36:29,605001,威奥股份,2026-06-18,2026-06-18,started,0,
2026-06-18 21:36:29,603990,麦迪科技,2026-06-18,2026-06-18,updated,1,
2026-06-18 21:36:29,605003,众望布艺,2026-06-18,2026-06-18,started,0,
2026-06-18 21:36:29,603992,松霖科技,2026-06-18,2026-06-18,updated,1,
2026-06-18 21:36:29,605005,合兴股份,2026-06-18,2026-06-18,started,0,
2026-06-18 21:36:29,603993,洛阳钼业,2026-06-18,2026-06-18,updated,1,
2026-06-18 21:36:29,605006,山东玻纤,2026-06-18,2026-06-18,started,0,
2026-06-18 21:36:29,603995,甬金股份,2026-06-18,2026-06-18,updated,1,
2026-06-18 21:36:29,603997,继峰股份,2026-06-18,2026-06-18,updated,1,
2026-06-18 21:36:29,605007,五洲特纸,2026-06-18,2026-06-18,started,0,
2026-06-18 21:36:29,605001,威奥股份,2026-06-18,2026-06-18,updated,1,
2026-06-18 21:36:29,603998,方盛制药,2026-06-18,2026-06-18,updated,1,
2026-06-18 21:36:29,605008,长鸿高科,2026-06-18,2026-06-18,started,0,
2026-06-18 21:36:29,605009,豪悦护理,2026-06-18,2026-06-18,started,0,
2026-06-18 21:36:29,603999,读者传媒,2026-06-18,2026-06-18,updated,1,
2026-06-18 21:36:29,605011,杭州热电,2026-06-18,2026-06-18,started,0,
2026-06-18 21:36:29,605003,众望布艺,2026-06-18,2026-06-18,updated,1,
2026-06-18 21:36:29,605016,百龙创园,2026-06-18,2026-06-18,started,0,
2026-06-18 21:36:29,605018,长华集团,2026-06-18,2026-06-18,started,0,
2026-06-18 21:36:29,605005,合兴股份,2026-06-18,2026-06-18,updated,1,
2026-06-18 21:36:29,605020,永和股份,2026-06-18,2026-06-18,started,0,
2026-06-18 21:36:29,605006,山东玻纤,2026-06-18,2026-06-18,updated,1,
2026-06-18 21:36:30,605028,世茂能源,2026-06-18,2026-06-18,started,0,
2026-06-18 21:36:30,605007,五洲特纸,2026-06-18,2026-06-18,updated,1,
2026-06-18 21:36:30,605033,美邦股份,2026-06-18,2026-06-18,started,0,
2026-06-18 21:36:30,605008,长鸿高科,2026-06-18,2026-06-18,updated,1,
2026-06-18 21:36:30,605009,豪悦护理,2026-06-18,2026-06-18,updated,1,
2026-06-18 21:36:30,605050,福然德,2026-06-18,2026-06-18,started,0,
2026-06-18 21:36:30,605011,杭州热电,2026-06-18,2026-06-18,updated,1,
2026-06-18 21:36:30,605055,迎丰股份,2026-06-18,2026-06-18,started,0,
2026-06-18 21:36:30,605056,咸亨国际,2026-06-18,2026-06-18,started,0,
2026-06-18 21:36:30,605016,百龙创园,2026-06-18,2026-06-18,updated,1,
2026-06-18 21:36:30,605018,长华集团,2026-06-18,2026-06-18,updated,1,
2026-06-18 21:36:30,605058,澳弘电子,2026-06-18,2026-06-18,started,0,
2026-06-18 21:36:30,605060,联德股份,2026-06-18,2026-06-18,started,0,
2026-06-18 21:36:30,605020,永和股份,2026-06-18,2026-06-18,updated,1,
2026-06-18 21:36:30,605066,天正电气,2026-06-18,2026-06-18,started,0,
2026-06-18 21:36:30,605028,世茂能源,2026-06-18,2026-06-18,updated,1,
2026-06-18 21:36:30,605033,美邦股份,2026-06-18,2026-06-18,updated,1,
2026-06-18 21:36:30,605068,明新旭腾,2026-06-18,2026-06-18,started,0,
2026-06-18 21:36:30,605069,正和生态,2026-06-18,2026-06-18,started,0,
2026-06-18 21:36:30,605050,福然德,2026-06-18,2026-06-18,updated,1,
2026-06-18 21:36:30,605056,咸亨国际,2026-06-18,2026-06-18,updated,1,
2026-06-18 21:36:30,605077,华康股份,2026-06-18,2026-06-18,started,0,
2026-06-18 21:36:30,605055,迎丰股份,2026-06-18,2026-06-18,updated,1,
2026-06-18 21:36:30,605080,浙江自然,2026-06-18,2026-06-18,started,0,
2026-06-18 21:36:30,605058,澳弘电子,2026-06-18,2026-06-18,updated,1,
2026-06-18 21:36:31,605081,退市太和,2026-06-18,2026-06-18,started,0,
2026-06-18 21:36:31,605086,龙高股份,2026-06-18,2026-06-18,started,0,
2026-06-18 21:36:31,605060,联德股份,2026-06-18,2026-06-18,updated,1,
2026-06-18 21:36:31,605088,冠盛股份,2026-06-18,2026-06-18,started,0,
2026-06-18 21:36:31,605066,天正电气,2026-06-18,2026-06-18,updated,1,
2026-06-18 21:36:31,605068,明新旭腾,2026-06-18,2026-06-18,updated,1,
2026-06-18 21:36:31,605089,味知香,2026-06-18,2026-06-18,started,0,
2026-06-18 21:36:31,605069,正和生态,2026-06-18,2026-06-18,updated,1,
2026-06-18 21:36:31,605090,九丰能源,2026-06-18,2026-06-18,started,0,
2026-06-18 21:36:31,605077,华康股份,2026-06-18,2026-06-18,updated,1,
2026-06-18 21:36:31,605098,行动教育,2026-06-18,2026-06-18,started,0,
2026-06-18 21:36:31,605080,浙江自然,2026-06-18,2026-06-18,updated,1,
2026-06-18 21:36:31,605099,共创草坪,2026-06-18,2026-06-18,started,0,
2026-06-18 21:36:31,605086,龙高股份,2026-06-18,2026-06-18,updated,1,
2026-06-18 21:36:31,605100,华丰股份,2026-06-18,2026-06-18,started,0,
2026-06-18 21:36:31,605108,同庆楼,2026-06-18,2026-06-18,started,0,
2026-06-18 21:36:31,605081,退市太和,2026-06-18,2026-06-18,updated,1,
2026-06-18 21:36:31,605111,新洁能,2026-06-18,2026-06-18,started,0,
2026-06-18 21:36:31,605088,冠盛股份,2026-06-18,2026-06-18,updated,1,
2026-06-18 21:36:31,605089,味知香,2026-06-18,2026-06-18,updated,1,
2026-06-18 21:36:31,605116,奥锐特,2026-06-18,2026-06-18,started,0,
2026-06-18 21:36:31,605090,九丰能源,2026-06-18,2026-06-18,updated,1,
2026-06-18 21:36:31,605117,德业股份,2026-06-18,2026-06-18,started,0,
2026-06-18 21:36:31,605118,力鼎光电,2026-06-18,2026-06-18,started,0,
2026-06-18 21:36:31,605098,行动教育,2026-06-18,2026-06-18,updated,1,
2026-06-18 21:36:31,605099,共创草坪,2026-06-18,2026-06-18,updated,1,
2026-06-18 21:36:31,605122,四方新材,2026-06-18,2026-06-18,started,0,
2026-06-18 21:36:32,605100,华丰股份,2026-06-18,2026-06-18,updated,1,
2026-06-18 21:36:32,605123,派克新材,2026-06-18,2026-06-18,started,0,
2026-06-18 21:36:32,605128,上海沿浦,2026-06-18,2026-06-18,started,0,
2026-06-18 21:36:32,605108,同庆楼,2026-06-18,2026-06-18,updated,1,
2026-06-18 21:36:32,605133,嵘泰股份,2026-06-18,2026-06-18,started,0,
2026-06-18 21:36:32,605111,新洁能,2026-06-18,2026-06-18,updated,1,
2026-06-18 21:36:32,605136,丽人丽妆,2026-06-18,2026-06-18,started,0,
2026-06-18 21:36:32,605116,奥锐特,2026-06-18,2026-06-18,updated,1,
2026-06-18 21:36:32,605117,德业股份,2026-06-18,2026-06-18,updated,1,
2026-06-18 21:36:32,605138,盛泰集团,2026-06-18,2026-06-18,started,0,
2026-06-18 21:36:32,605118,力鼎光电,2026-06-18,2026-06-18,updated,1,
2026-06-18 21:36:32,605151,西上海,2026-06-18,2026-06-18,started,0,
2026-06-18 21:36:32,605122,四方新材,2026-06-18,2026-06-18,updated,1,
2026-06-18 21:36:32,605155,西大门,2026-06-18,2026-06-18,started,0,
2026-06-18 21:36:32,605158,华达新材,2026-06-18,2026-06-18,started,0,
2026-06-18 21:36:32,605123,派克新材,2026-06-18,2026-06-18,updated,1,
2026-06-18 21:36:32,605162,新中港,2026-06-18,2026-06-18,started,0,
2026-06-18 21:36:32,605128,上海沿浦,2026-06-18,2026-06-18,updated,1,
2026-06-18 21:36:32,605133,嵘泰股份,2026-06-18,2026-06-18,updated,1,
2026-06-18 21:36:32,605166,聚合顺,2026-06-18,2026-06-18,started,0,
2026-06-18 21:36:32,605136,丽人丽妆,2026-06-18,2026-06-18,updated,1,
2026-06-18 21:36:32,605167,利柏特,2026-06-18,2026-06-18,started,0,
2026-06-18 21:36:32,605138,盛泰集团,2026-06-18,2026-06-18,updated,1,
2026-06-18 21:36:32,605168,三人行,2026-06-18,2026-06-18,started,0,
2026-06-18 21:36:32,605169,洪通燃气,2026-06-18,2026-06-18,started,0,
2026-06-18 21:36:32,605151,西上海,2026-06-18,2026-06-18,updated,1,
2026-06-18 21:36:33,605155,西大门,2026-06-18,2026-06-18,updated,1,
2026-06-18 21:36:33,605177,东亚药业,2026-06-18,2026-06-18,started,0,
2026-06-18 21:36:33,605158,华达新材,2026-06-18,2026-06-18,updated,1,
2026-06-18 21:36:33,605178,时空科技,2026-06-18,2026-06-18,started,0,
2026-06-18 21:36:33,605179,一鸣食品,2026-06-18,2026-06-18,started,0,
2026-06-18 21:36:33,605162,新中港,2026-06-18,2026-06-18,updated,1,
2026-06-18 21:36:33,605180,华生科技,2026-06-18,2026-06-18,started,0,
2026-06-18 21:36:33,605166,聚合顺,2026-06-18,2026-06-18,updated,1,
2026-06-18 21:36:33,605183,确成股份,2026-06-18,2026-06-18,started,0,
2026-06-18 21:36:33,605167,利柏特,2026-06-18,2026-06-18,updated,1,
2026-06-18 21:36:33,605186,健麾信息,2026-06-18,2026-06-18,started,0,
2026-06-18 21:36:33,605169,洪通燃气,2026-06-18,2026-06-18,updated,1,
2026-06-18 21:36:33,605177,东亚药业,2026-06-18,2026-06-18,updated,1,
2026-06-18 21:36:33,605188,国光连锁,2026-06-18,2026-06-18,started,0,
2026-06-18 21:36:33,605168,三人行,2026-06-18,2026-06-18,updated,1,
2026-06-18 21:36:33,605189,富春染织,2026-06-18,2026-06-18,started,0,
2026-06-18 21:36:33,605178,时空科技,2026-06-18,2026-06-18,updated,1,
2026-06-18 21:36:33,605196,华通线缆,2026-06-18,2026-06-18,started,0,
2026-06-18 21:36:33,605198,安德利,2026-06-18,2026-06-18,started,0,
2026-06-18 21:36:33,605179,一鸣食品,2026-06-18,2026-06-18,updated,1,
2026-06-18 21:36:33,605199,ST葫芦娃,2026-06-18,2026-06-18,started,0,
2026-06-18 21:36:33,605180,华生科技,2026-06-18,2026-06-18,updated,1,
2026-06-18 21:36:33,605208,永茂泰,2026-06-18,2026-06-18,started,0,
2026-06-18 21:36:33,605183,确成股份,2026-06-18,2026-06-18,updated,1,
2026-06-18 21:36:33,605218,伟时电子,2026-06-18,2026-06-18,started,0,
2026-06-18 21:36:33,605186,健麾信息,2026-06-18,2026-06-18,updated,1,
2026-06-18 21:36:34,605188,国光连锁,2026-06-18,2026-06-18,updated,1,
2026-06-18 21:36:34,605222,起帆电缆,2026-06-18,2026-06-18,started,0,
2026-06-18 21:36:34,605189,富春染织,2026-06-18,2026-06-18,updated,1,
2026-06-18 21:36:34,605228,神通科技,2026-06-18,2026-06-18,started,0,
2026-06-18 21:36:34,605198,安德利,2026-06-18,2026-06-18,updated,1,
2026-06-18 21:36:34,605255,天普股份,2026-06-18,2026-06-18,started,0,
2026-06-18 21:36:34,605258,协和电子,2026-06-18,2026-06-18,started,0,
2026-06-18 21:36:34,605196,华通线缆,2026-06-18,2026-06-18,updated,1,
2026-06-18 21:36:34,605259,绿田机械,2026-06-18,2026-06-18,started,0,
2026-06-18 21:36:34,605199,ST葫芦娃,2026-06-18,2026-06-18,updated,1,
2026-06-18 21:36:34,605266,健之佳,2026-06-18,2026-06-18,started,0,
2026-06-18 21:36:34,605208,永茂泰,2026-06-18,2026-06-18,updated,1,
2026-06-18 21:36:34,605268,王力安防,2026-06-18,2026-06-18,started,0,
2026-06-18 21:36:34,605218,伟时电子,2026-06-18,2026-06-18,updated,1,
2026-06-18 21:36:34,605277,新亚电子,2026-06-18,2026-06-18,started,0,
2026-06-18 21:36:34,605222,起帆电缆,2026-06-18,2026-06-18,updated,1,
2026-06-18 21:36:34,605255,天普股份,2026-06-18,2026-06-18,updated,1,
2026-06-18 21:36:34,605286,同力天启,2026-06-18,2026-06-18,started,0,
2026-06-18 21:36:34,605258,协和电子,2026-06-18,2026-06-18,updated,1,
2026-06-18 21:36:34,605287,德才股份,2026-06-18,2026-06-18,started,0,
2026-06-18 21:36:34,605228,神通科技,2026-06-18,2026-06-18,updated,1,
2026-06-18 21:36:34,605288,凯迪股份,2026-06-18,2026-06-18,started,0,
2026-06-18 21:36:34,605289,罗曼股份,2026-06-18,2026-06-18,started,0,
2026-06-18 21:36:34,605259,绿田机械,2026-06-18,2026-06-18,updated,1,
2026-06-18 21:36:34,605296,神农集团,2026-06-18,2026-06-18,started,0,
2026-06-18 21:36:34,605266,健之佳,2026-06-18,2026-06-18,updated,1,
2026-06-18 21:36:35,605298,必得科技,2026-06-18,2026-06-18,started,0,
2026-06-18 21:36:35,605268,王力安防,2026-06-18,2026-06-18,updated,1,
2026-06-18 21:36:35,605299,舒华体育,2026-06-18,2026-06-18,started,0,
2026-06-18 21:36:35,605277,新亚电子,2026-06-18,2026-06-18,updated,1,
2026-06-18 21:36:35,605286,同力天启,2026-06-18,2026-06-18,updated,1,
2026-06-18 21:36:35,605300,佳禾食品,2026-06-18,2026-06-18,started,0,
2026-06-18 21:36:35,605287,德才股份,2026-06-18,2026-06-18,updated,1,
2026-06-18 21:36:35,605303,园林股份,2026-06-18,2026-06-18,started,0,
2026-06-18 21:36:35,605305,中际联合,2026-06-18,2026-06-18,started,0,
2026-06-18 21:36:35,605289,罗曼股份,2026-06-18,2026-06-18,updated,1,
2026-06-18 21:36:35,605288,凯迪股份,2026-06-18,2026-06-18,updated,1,
2026-06-18 21:36:35,605318,法狮龙,2026-06-18,2026-06-18,started,0,
2026-06-18 21:36:35,605319,无锡振华,2026-06-18,2026-06-18,started,0,
2026-06-18 21:36:35,605298,必得科技,2026-06-18,2026-06-18,updated,1,
2026-06-18 21:36:35,605296,神农集团,2026-06-18,2026-06-18,updated,1,
2026-06-18 21:36:35,605333,沪光股份,2026-06-18,2026-06-18,started,0,
2026-06-18 21:36:35,605336,*ST帅电,2026-06-18,2026-06-18,started,0,
2026-06-18 21:36:35,605299,舒华体育,2026-06-18,2026-06-18,updated,1,
2026-06-18 21:36:35,605300,佳禾食品,2026-06-18,2026-06-18,updated,1,
2026-06-18 21:36:35,605337,李子园,2026-06-18,2026-06-18,started,0,
2026-06-18 21:36:35,605338,巴比食品,2026-06-18,2026-06-18,started,0,
2026-06-18 21:36:35,605303,园林股份,2026-06-18,2026-06-18,updated,1,
2026-06-18 21:36:35,605339,南侨食品,2026-06-18,2026-06-18,started,0,
2026-06-18 21:36:35,605305,中际联合,2026-06-18,2026-06-18,updated,1,
2026-06-18 21:36:35,605319,无锡振华,2026-06-18,2026-06-18,updated,1,
2026-06-18 21:36:35,605358,立昂微,2026-06-18,2026-06-18,started,0,
2026-06-18 21:36:36,605318,法狮龙,2026-06-18,2026-06-18,updated,1,
2026-06-18 21:36:36,605365,立达信,2026-06-18,2026-06-18,started,0,
2026-06-18 21:36:36,605333,沪光股份,2026-06-18,2026-06-18,updated,1,
2026-06-18 21:36:36,605366,宏柏新材,2026-06-18,2026-06-18,started,0,
2026-06-18 21:36:36,605336,*ST帅电,2026-06-18,2026-06-18,updated,1,
2026-06-18 21:36:36,605368,蓝天燃气,2026-06-18,2026-06-18,started,0,
2026-06-18 21:36:36,605369,拱东医疗,2026-06-18,2026-06-18,started,0,
2026-06-18 21:36:36,605337,李子园,2026-06-18,2026-06-18,updated,1,
2026-06-18 21:36:36,605376,博迁新材,2026-06-18,2026-06-18,started,0,
2026-06-18 21:36:36,605338,巴比食品,2026-06-18,2026-06-18,updated,1,
2026-06-18 21:36:36,605339,南侨食品,2026-06-18,2026-06-18,updated,1,
2026-06-18 21:36:36,605377,华旺科技,2026-06-18,2026-06-18,started,0,
2026-06-18 21:36:36,605378,野马电池,2026-06-18,2026-06-18,started,0,
2026-06-18 21:36:36,605358,立昂微,2026-06-18,2026-06-18,updated,1,
2026-06-18 21:36:36,605365,立达信,2026-06-18,2026-06-18,updated,1,
2026-06-18 21:36:36,605388,均瑶健康,2026-06-18,2026-06-18,started,0,
2026-06-18 21:36:36,605389,长龄液压,2026-06-18,2026-06-18,started,0,
2026-06-18 21:36:36,605366,宏柏新材,2026-06-18,2026-06-18,updated,1,
2026-06-18 21:36:36,605368,蓝天燃气,2026-06-18,2026-06-18,updated,1,
2026-06-18 21:36:36,605398,新炬网络,2026-06-18,2026-06-18,started,0,
2026-06-18 21:36:36,605399,晨光新材,2026-06-18,2026-06-18,started,0,
2026-06-18 21:36:36,605369,拱东医疗,2026-06-18,2026-06-18,updated,1,
2026-06-18 21:36:36,605376,博迁新材,2026-06-18,2026-06-18,updated,1,
2026-06-18 21:36:36,605488,福莱新材,2026-06-18,2026-06-18,started,0,
2026-06-18 21:36:36,605499,东鹏饮料,2026-06-18,2026-06-18,started,0,
2026-06-18 21:36:36,605377,华旺科技,2026-06-18,2026-06-18,updated,1,
2026-06-18 21:36:36,605500,森林包装,2026-06-18,2026-06-18,started,0,
2026-06-18 21:36:36,605378,野马电池,2026-06-18,2026-06-18,updated,1,
2026-06-18 21:36:37,605389,长龄液压,2026-06-18,2026-06-18,updated,1,
2026-06-18 21:36:37,605507,国邦医药,2026-06-18,2026-06-18,started,0,
2026-06-18 21:36:37,605388,均瑶健康,2026-06-18,2026-06-18,updated,1,
2026-06-18 21:36:37,605555,德昌股份,2026-06-18,2026-06-18,started,0,
2026-06-18 21:36:37,605398,新炬网络,2026-06-18,2026-06-18,updated,1,
2026-06-18 21:36:37,605566,福莱蒽特,2026-06-18,2026-06-18,started,0,
2026-06-18 21:36:37,605399,晨光新材,2026-06-18,2026-06-18,updated,1,
2026-06-18 21:36:37,605567,春雪食品,2026-06-18,2026-06-18,started,0,
2026-06-18 21:36:37,605499,东鹏饮料,2026-06-18,2026-06-18,updated,1,
2026-06-18 21:36:37,605577,龙版传媒,2026-06-18,2026-06-18,started,0,
2026-06-18 21:36:37,605580,恒盛能源,2026-06-18,2026-06-18,started,0,
2026-06-18 21:36:37,605488,福莱新材,2026-06-18,2026-06-18,updated,1,
2026-06-18 21:36:37,605588,冠石科技,2026-06-18,2026-06-18,started,0,
2026-06-18 21:36:37,605500,森林包装,2026-06-18,2026-06-18,updated,1,
2026-06-18 21:36:37,605507,国邦医药,2026-06-18,2026-06-18,updated,1,
2026-06-18 21:36:37,605589,圣泉集团,2026-06-18,2026-06-18,started,0,
2026-06-18 21:36:37,605555,德昌股份,2026-06-18,2026-06-18,updated,1,
2026-06-18 21:36:37,605598,上海港湾,2026-06-18,2026-06-18,started,0,
2026-06-18 21:36:37,605566,福莱蒽特,2026-06-18,2026-06-18,updated,1,
2026-06-18 21:36:37,605599,菜百股份,2026-06-18,2026-06-18,started,0,
2026-06-18 21:36:37,605567,春雪食品,2026-06-18,2026-06-18,updated,1,
2026-06-18 21:36:37,688001,华兴源创,2026-06-18,2026-06-18,started,0,
2026-06-18 21:36:37,688002,睿创微纳,2026-06-18,2026-06-18,started,0,
2026-06-18 21:36:37,605577,龙版传媒,2026-06-18,2026-06-18,updated,1,
2026-06-18 21:36:37,688003,天准科技,2026-06-18,2026-06-18,started,0,
2026-06-18 21:36:37,605580,恒盛能源,2026-06-18,2026-06-18,updated,1,
2026-06-18 21:36:38,688004,博汇科技,2026-06-18,2026-06-18,started,0,
2026-06-18 21:36:38,605588,冠石科技,2026-06-18,2026-06-18,updated,1,
2026-06-18 21:36:38,605589,圣泉集团,2026-06-18,2026-06-18,updated,1,
2026-06-18 21:36:38,688005,容百科技,2026-06-18,2026-06-18,started,0,
2026-06-18 21:36:38,605598,上海港湾,2026-06-18,2026-06-18,updated,1,
2026-06-18 21:36:38,688006,杭可科技,2026-06-18,2026-06-18,started,0,
2026-06-18 21:36:38,605599,菜百股份,2026-06-18,2026-06-18,updated,1,
2026-06-18 21:36:38,688007,光峰科技,2026-06-18,2026-06-18,started,0,
2026-06-18 21:36:38,688001,华兴源创,2026-06-18,2026-06-18,updated,1,
2026-06-18 21:36:38,688008,澜起科技,2026-06-18,2026-06-18,started,0,
2026-06-18 21:36:38,688002,睿创微纳,2026-06-18,2026-06-18,updated,1,
2026-06-18 21:36:38,688009,中国通号,2026-06-18,2026-06-18,started,0,
2026-06-18 21:36:38,688010,福光股份,2026-06-18,2026-06-18,started,0,
2026-06-18 21:36:38,688003,天准科技,2026-06-18,2026-06-18,updated,1,
2026-06-18 21:36:38,688011,新光光电,2026-06-18,2026-06-18,started,0,
2026-06-18 21:36:38,688004,博汇科技,2026-06-18,2026-06-18,updated,1,
2026-06-18 21:36:38,688012,中微公司,2026-06-18,2026-06-18,started,0,
2026-06-18 21:36:38,688005,容百科技,2026-06-18,2026-06-18,updated,1,
2026-06-18 21:36:38,688013,天臣医疗,2026-06-18,2026-06-18,started,0,
2026-06-18 21:36:38,688006,杭可科技,2026-06-18,2026-06-18,updated,1,
2026-06-18 21:36:38,688007,光峰科技,2026-06-18,2026-06-18,updated,1,
2026-06-18 21:36:38,688015,交控科技,2026-06-18,2026-06-18,started,0,
2026-06-18 21:36:38,688008,澜起科技,2026-06-18,2026-06-18,updated,1,
2026-06-18 21:36:38,688016,心脉医疗,2026-06-18,2026-06-18,started,0,
2026-06-18 21:36:39,688017,绿的谐波,2026-06-18,2026-06-18,started,0,
2026-06-18 21:36:39,688009,中国通号,2026-06-18,2026-06-18,updated,1,
2026-06-18 21:36:39,688010,福光股份,2026-06-18,2026-06-18,updated,1,
2026-06-18 21:36:39,688018,乐鑫科技,2026-06-18,2026-06-18,started,0,
2026-06-18 21:36:39,688019,安集科技,2026-06-18,2026-06-18,started,0,
2026-06-18 21:36:39,688011,新光光电,2026-06-18,2026-06-18,updated,1,
2026-06-18 21:36:39,688020,方邦股份,2026-06-18,2026-06-18,started,0,
2026-06-18 21:36:39,688012,中微公司,2026-06-18,2026-06-18,updated,1,
2026-06-18 21:36:39,688021,奥福科技,2026-06-18,2026-06-18,started,0,
2026-06-18 21:36:39,688013,天臣医疗,2026-06-18,2026-06-18,updated,1,
2026-06-18 21:36:39,688015,交控科技,2026-06-18,2026-06-18,updated,1,
2026-06-18 21:36:39,688022,ST瀚川,2026-06-18,2026-06-18,started,0,
2026-06-18 21:36:39,688016,心脉医疗,2026-06-18,2026-06-18,updated,1,
2026-06-18 21:36:39,688023,安恒信息,2026-06-18,2026-06-18,started,0,
2026-06-18 21:36:39,688025,杰普特,2026-06-18,2026-06-18,started,0,
2026-06-18 21:36:39,688017,绿的谐波,2026-06-18,2026-06-18,updated,1,
2026-06-18 21:36:39,688018,乐鑫科技,2026-06-18,2026-06-18,updated,1,
2026-06-18 21:36:39,688026,洁特生物,2026-06-18,2026-06-18,started,0,
2026-06-18 21:36:39,688027,国盾量子,2026-06-18,2026-06-18,started,0,
2026-06-18 21:36:39,688019,安集科技,2026-06-18,2026-06-18,updated,1,
2026-06-18 21:36:39,688020,方邦股份,2026-06-18,2026-06-18,updated,1,
2026-06-18 21:36:39,688028,沃尔德,2026-06-18,2026-06-18,started,0,
2026-06-18 21:36:39,688029,南微医学,2026-06-18,2026-06-18,started,0,
2026-06-18 21:36:39,688021,奥福科技,2026-06-18,2026-06-18,updated,1,
2026-06-18 21:36:39,688030,山石网科,2026-06-18,2026-06-18,started,0,
2026-06-18 21:36:39,688022,ST瀚川,2026-06-18,2026-06-18,updated,1,
2026-06-18 21:36:39,688023,安恒信息,2026-06-18,2026-06-18,updated,1,
2026-06-18 21:36:39,688031,星环科技,2026-06-18,2026-06-18,started,0,
2026-06-18 21:36:40,688025,杰普特,2026-06-18,2026-06-18,updated,1,
2026-06-18 21:36:40,688032,禾迈股份,2026-06-18,2026-06-18,started,0,
2026-06-18 21:36:40,688026,洁特生物,2026-06-18,2026-06-18,updated,1,
2026-06-18 21:36:40,688033,*ST天宜,2026-06-18,2026-06-18,started,0,
2026-06-18 21:36:40,688035,德邦科技,2026-06-18,2026-06-18,started,0,
2026-06-18 21:36:40,688027,国盾量子,2026-06-18,2026-06-18,updated,1,
2026-06-18 21:36:40,688036,传音控股,2026-06-18,2026-06-18,started,0,
2026-06-18 21:36:40,688028,沃尔德,2026-06-18,2026-06-18,updated,1,
2026-06-18 21:36:40,688037,芯源微,2026-06-18,2026-06-18,started,0,
2026-06-18 21:36:40,688029,南微医学,2026-06-18,2026-06-18,updated,1,
2026-06-18 21:36:40,688030,山石网科,2026-06-18,2026-06-18,updated,1,
2026-06-18 21:36:40,688038,中科通达,2026-06-18,2026-06-18,started,0,
2026-06-18 21:36:40,688039,当虹科技,2026-06-18,2026-06-18,started,0,
2026-06-18 21:36:40,688031,星环科技,2026-06-18,2026-06-18,updated,1,
2026-06-18 21:36:40,688032,禾迈股份,2026-06-18,2026-06-18,updated,1,
2026-06-18 21:36:40,688041,海光信息,2026-06-18,2026-06-18,started,0,
2026-06-18 21:36:40,688045,必易微,2026-06-18,2026-06-18,started,0,
2026-06-18 21:36:40,688033,*ST天宜,2026-06-18,2026-06-18,updated,1,
2026-06-18 21:36:40,688035,德邦科技,2026-06-18,2026-06-18,updated,1,
2026-06-18 21:36:40,688046,药康生物,2026-06-18,2026-06-18,started,0,
2026-06-18 21:36:40,688047,龙芯中科,2026-06-18,2026-06-18,started,0,
2026-06-18 21:36:40,688036,传音控股,2026-06-18,2026-06-18,updated,1,
2026-06-18 21:36:40,688037,芯源微,2026-06-18,2026-06-18,updated,1,
2026-06-18 21:36:40,688048,长光华芯,2026-06-18,2026-06-18,started,0,
2026-06-18 21:36:40,688039,当虹科技,2026-06-18,2026-06-18,updated,1,
2026-06-18 21:36:40,688049,炬芯科技,2026-06-18,2026-06-18,started,0,
2026-06-18 21:36:41,688050,爱博医疗,2026-06-18,2026-06-18,started,0,
2026-06-18 21:36:41,688038,中科通达,2026-06-18,2026-06-18,updated,1,
2026-06-18 21:36:41,688051,佳华科技,2026-06-18,2026-06-18,started,0,
2026-06-18 21:36:41,688041,海光信息,2026-06-18,2026-06-18,updated,1,
2026-06-18 21:36:41,688045,必易微,2026-06-18,2026-06-18,updated,1,
2026-06-18 21:36:41,688052,纳芯微,2026-06-18,2026-06-18,started,0,
2026-06-18 21:36:41,688046,药康生物,2026-06-18,2026-06-18,updated,1,
2026-06-18 21:36:41,688053,ST思科瑞,2026-06-18,2026-06-18,started,0,
2026-06-18 21:36:41,688055,龙腾光电,2026-06-18,2026-06-18,started,0,
2026-06-18 21:36:41,688047,龙芯中科,2026-06-18,2026-06-18,updated,1,
2026-06-18 21:36:41,688056,莱伯泰科,2026-06-18,2026-06-18,started,0,
2026-06-18 21:36:41,688048,长光华芯,2026-06-18,2026-06-18,updated,1,
2026-06-18 21:36:41,688057,金达莱,2026-06-18,2026-06-18,started,0,
2026-06-18 21:36:41,688050,爱博医疗,2026-06-18,2026-06-18,updated,1,
2026-06-18 21:36:41,688049,炬芯科技,2026-06-18,2026-06-18,updated,1,
2026-06-18 21:36:41,688058,宝兰德,2026-06-18,2026-06-18,started,0,
2026-06-18 21:36:41,688059,华锐精密,2026-06-18,2026-06-18,started,0,
2026-06-18 21:36:41,688051,佳华科技,2026-06-18,2026-06-18,updated,1,
2026-06-18 21:36:41,688052,纳芯微,2026-06-18,2026-06-18,updated,1,
2026-06-18 21:36:41,688060,云涌科技,2026-06-18,2026-06-18,started,0,
2026-06-18 21:36:41,688053,ST思科瑞,2026-06-18,2026-06-18,updated,1,
2026-06-18 21:36:41,688061,灿瑞科技,2026-06-18,2026-06-18,started,0,
2026-06-18 21:36:41,688055,龙腾光电,2026-06-18,2026-06-18,updated,1,
2026-06-18 21:36:41,688062,迈威生物,2026-06-18,2026-06-18,started,0,
2026-06-18 21:36:41,688063,派能科技,2026-06-18,2026-06-18,started,0,
2026-06-18 21:36:41,688056,莱伯泰科,2026-06-18,2026-06-18,updated,1,
2026-06-18 21:36:42,688065,凯赛生物,2026-06-18,2026-06-18,started,0,
2026-06-18 21:36:42,688057,金达莱,2026-06-18,2026-06-18,updated,1,
2026-06-18 21:36:42,688059,华锐精密,2026-06-18,2026-06-18,updated,1,
2026-06-18 21:36:42,688066,*ST航图,2026-06-18,2026-06-18,started,0,
2026-06-18 21:36:42,688058,宝兰德,2026-06-18,2026-06-18,updated,1,
2026-06-18 21:36:42,688067,爱威科技,2026-06-18,2026-06-18,started,0,
2026-06-18 21:36:42,688068,热景生物,2026-06-18,2026-06-18,started,0,
2026-06-18 21:36:42,688060,云涌科技,2026-06-18,2026-06-18,updated,1,
2026-06-18 21:36:42,688061,灿瑞科技,2026-06-18,2026-06-18,updated,1,
2026-06-18 21:36:42,688069,德林海,2026-06-18,2026-06-18,started,0,
2026-06-18 21:36:42,688062,迈威生物,2026-06-18,2026-06-18,updated,1,
2026-06-18 21:36:42,688070,纵横股份,2026-06-18,2026-06-18,started,0,
2026-06-18 21:36:42,688071,华依科技,2026-06-18,2026-06-18,started,0,
2026-06-18 21:36:42,688063,派能科技,2026-06-18,2026-06-18,updated,1,
2026-06-18 21:36:42,688065,凯赛生物,2026-06-18,2026-06-18,updated,1,
2026-06-18 21:36:42,688072,拓荆科技,2026-06-18,2026-06-18,started,0,
2026-06-18 21:36:42,688066,*ST航图,2026-06-18,2026-06-18,updated,1,
2026-06-18 21:36:42,688073,毕得医药,2026-06-18,2026-06-18,started,0,
2026-06-18 21:36:42,688067,爱威科技,2026-06-18,2026-06-18,updated,1,
2026-06-18 21:36:42,688075,安旭生物,2026-06-18,2026-06-18,started,0,
2026-06-18 21:36:42,688068,热景生物,2026-06-18,2026-06-18,updated,1,
2026-06-18 21:36:42,688076,ST诺泰,2026-06-18,2026-06-18,started,0,
2026-06-18 21:36:42,688069,德林海,2026-06-18,2026-06-18,updated,1,
2026-06-18 21:36:42,688077,大地熊,2026-06-18,2026-06-18,started,0,
2026-06-18 21:36:42,688078,龙软科技,2026-06-18,2026-06-18,started,0,
2026-06-18 21:36:42,688070,纵横股份,2026-06-18,2026-06-18,updated,1,
2026-06-18 21:36:42,688072,拓荆科技,2026-06-18,2026-06-18,updated,1,
2026-06-18 21:36:42,688079,美迪凯,2026-06-18,2026-06-18,started,0,
2026-06-18 21:36:43,688071,华依科技,2026-06-18,2026-06-18,updated,1,
2026-06-18 21:36:43,688080,映翰通,2026-06-18,2026-06-18,started,0,
2026-06-18 21:36:43,688081,兴图新科,2026-06-18,2026-06-18,started,0,
2026-06-18 21:36:43,688073,毕得医药,2026-06-18,2026-06-18,updated,1,
2026-06-18 21:36:43,688082,盛美上海,2026-06-18,2026-06-18,started,0,
2026-06-18 21:36:43,688075,安旭生物,2026-06-18,2026-06-18,updated,1,
2026-06-18 21:36:43,688083,中望软件,2026-06-18,2026-06-18,started,0,
2026-06-18 21:36:43,688076,ST诺泰,2026-06-18,2026-06-18,updated,1,
2026-06-18 21:36:43,688077,大地熊,2026-06-18,2026-06-18,updated,1,
2026-06-18 21:36:43,688084,晶品特装,2026-06-18,2026-06-18,started,0,
2026-06-18 21:36:43,688078,龙软科技,2026-06-18,2026-06-18,updated,1,
2026-06-18 21:36:43,688085,三友医疗,2026-06-18,2026-06-18,started,0,
2026-06-18 21:36:43,688079,美迪凯,2026-06-18,2026-06-18,updated,1,
2026-06-18 21:36:43,688087,英科再生,2026-06-18,2026-06-18,started,0,
2026-06-18 21:36:43,688080,映翰通,2026-06-18,2026-06-18,updated,1,
2026-06-18 21:36:43,688088,虹软科技,2026-06-18,2026-06-18,started,0,
2026-06-18 21:36:43,688089,嘉必优,2026-06-18,2026-06-18,started,0,
2026-06-18 21:36:43,688081,兴图新科,2026-06-18,2026-06-18,updated,1,
2026-06-18 21:36:43,688090,瑞松科技,2026-06-18,2026-06-18,started,0,
2026-06-18 21:36:43,688082,盛美上海,2026-06-18,2026-06-18,updated,1,
2026-06-18 21:36:43,688091,上海谊众,2026-06-18,2026-06-18,started,0,
2026-06-18 21:36:43,688083,中望软件,2026-06-18,2026-06-18,updated,1,
2026-06-18 21:36:43,688084,晶品特装,2026-06-18,2026-06-18,updated,1,
2026-06-18 21:36:43,688092,爱科科技,2026-06-18,2026-06-18,started,0,
2026-06-18 21:36:43,688093,世华科技,2026-06-18,2026-06-18,started,0,
2026-06-18 21:36:43,688085,三友医疗,2026-06-18,2026-06-18,updated,1,
2026-06-18 21:36:44,688095,福昕软件,2026-06-18,2026-06-18,started,0,
2026-06-18 21:36:44,688087,英科再生,2026-06-18,2026-06-18,updated,1,
2026-06-18 21:36:44,688088,虹软科技,2026-06-18,2026-06-18,updated,1,
2026-06-18 21:36:44,688096,京源环保,2026-06-18,2026-06-18,started,0,
2026-06-18 21:36:44,688090,瑞松科技,2026-06-18,2026-06-18,updated,1,
2026-06-18 21:36:44,688097,博众精工,2026-06-18,2026-06-18,started,0,
2026-06-18 21:36:44,688089,嘉必优,2026-06-18,2026-06-18,updated,1,
2026-06-18 21:36:44,688098,申联生物,2026-06-18,2026-06-18,started,0,
2026-06-18 21:36:44,688091,上海谊众,2026-06-18,2026-06-18,updated,1,
2026-06-18 21:36:44,688099,晶晨股份,2026-06-18,2026-06-18,started,0,
2026-06-18 21:36:44,688100,威胜信息,2026-06-18,2026-06-18,started,0,
2026-06-18 21:36:44,688092,爱科科技,2026-06-18,2026-06-18,updated,1,
2026-06-18 21:36:44,688093,世华科技,2026-06-18,2026-06-18,updated,1,
2026-06-18 21:36:44,688101,三达膜,2026-06-18,2026-06-18,started,0,
2026-06-18 21:36:44,688095,福昕软件,2026-06-18,2026-06-18,updated,1,
2026-06-18 21:36:44,688102,斯瑞新材,2026-06-18,2026-06-18,started,0,
2026-06-18 21:36:44,688096,京源环保,2026-06-18,2026-06-18,updated,1,
2026-06-18 21:36:44,688103,国力电子,2026-06-18,2026-06-18,started,0,
2026-06-18 21:36:44,688097,博众精工,2026-06-18,2026-06-18,updated,1,
2026-06-18 21:36:44,688105,诺唯赞,2026-06-18,2026-06-18,started,0,
2026-06-18 21:36:44,688106,金宏气体,2026-06-18,2026-06-18,started,0,
2026-06-18 21:36:44,688098,申联生物,2026-06-18,2026-06-18,updated,1,
2026-06-18 21:36:44,688107,安路科技,2026-06-18,2026-06-18,started,0,
2026-06-18 21:36:44,688099,晶晨股份,2026-06-18,2026-06-18,updated,1,
2026-06-18 21:36:44,688108,赛诺医疗,2026-06-18,2026-06-18,started,0,
2026-06-18 21:36:44,688100,威胜信息,2026-06-18,2026-06-18,updated,1,
2026-06-18 21:36:45,688101,三达膜,2026-06-18,2026-06-18,updated,1,
2026-06-18 21:36:45,688109,品茗科技,2026-06-18,2026-06-18,started,0,
2026-06-18 21:36:45,688102,斯瑞新材,2026-06-18,2026-06-18,updated,1,
2026-06-18 21:36:45,688110,东芯股份,2026-06-18,2026-06-18,started,0,
2026-06-18 21:36:45,688103,国力电子,2026-06-18,2026-06-18,updated,1,
2026-06-18 21:36:45,688111,金山办公,2026-06-18,2026-06-18,started,0,
2026-06-18 21:36:45,688105,诺唯赞,2026-06-18,2026-06-18,updated,1,
2026-06-18 21:36:45,688112,鼎阳科技,2026-06-18,2026-06-18,started,0,
2026-06-18 21:36:45,688113,联测科技,2026-06-18,2026-06-18,started,0,
2026-06-18 21:36:45,688106,金宏气体,2026-06-18,2026-06-18,updated,1,
2026-06-18 21:36:45,688114,华大智造,2026-06-18,2026-06-18,started,0,
2026-06-18 21:36:45,688107,安路科技,2026-06-18,2026-06-18,updated,1,
2026-06-18 21:36:45,688115,思林杰,2026-06-18,2026-06-18,started,0,
2026-06-18 21:36:45,688108,赛诺医疗,2026-06-18,2026-06-18,updated,1,
2026-06-18 21:36:45,688109,品茗科技,2026-06-18,2026-06-18,updated,1,
2026-06-18 21:36:45,688116,天奈科技,2026-06-18,2026-06-18,started,0,
2026-06-18 21:36:45,688110,东芯股份,2026-06-18,2026-06-18,updated,1,
2026-06-18 21:36:45,688117,圣诺生物,2026-06-18,2026-06-18,started,0,
2026-06-18 21:36:45,688111,金山办公,2026-06-18,2026-06-18,updated,1,
2026-06-18 21:36:45,688118,普元信息,2026-06-18,2026-06-18,started,0,
2026-06-18 21:36:45,688119,中钢洛耐,2026-06-18,2026-06-18,started,0,
2026-06-18 21:36:45,688112,鼎阳科技,2026-06-18,2026-06-18,updated,1,
2026-06-18 21:36:45,688120,华海清科,2026-06-18,2026-06-18,started,0,
2026-06-18 21:36:45,688113,联测科技,2026-06-18,2026-06-18,updated,1,
2026-06-18 21:36:45,688121,卓然股份,2026-06-18,2026-06-18,started,0,
2026-06-18 21:36:45,688114,华大智造,2026-06-18,2026-06-18,updated,1,
2026-06-18 21:36:45,688122,西部超导,2026-06-18,2026-06-18,started,0,
2026-06-18 21:36:46,688115,思林杰,2026-06-18,2026-06-18,updated,1,
2026-06-18 21:36:46,688123,聚辰股份,2026-06-18,2026-06-18,started,0,
2026-06-18 21:36:46,688116,天奈科技,2026-06-18,2026-06-18,updated,1,
2026-06-18 21:36:46,688125,安达智能,2026-06-18,2026-06-18,started,0,
2026-06-18 21:36:46,688117,圣诺生物,2026-06-18,2026-06-18,updated,1,
2026-06-18 21:36:46,688119,中钢洛耐,2026-06-18,2026-06-18,updated,1,
2026-06-18 21:36:46,688126,沪硅产业,2026-06-18,2026-06-18,started,0,
2026-06-18 21:36:46,688127,蓝特光学,2026-06-18,2026-06-18,started,0,
2026-06-18 21:36:46,688118,普元信息,2026-06-18,2026-06-18,updated,1,
2026-06-18 21:36:46,688128,中国电研,2026-06-18,2026-06-18,started,0,
2026-06-18 21:36:46,688120,华海清科,2026-06-18,2026-06-18,updated,1,
2026-06-18 21:36:46,688129,东来技术,2026-06-18,2026-06-18,started,0,
2026-06-18 21:36:46,688121,卓然股份,2026-06-18,2026-06-18,updated,1,
2026-06-18 21:36:46,688130,晶华微,2026-06-18,2026-06-18,started,0,
2026-06-18 21:36:46,688122,西部超导,2026-06-18,2026-06-18,updated,1,
2026-06-18 21:36:46,688123,聚辰股份,2026-06-18,2026-06-18,updated,1,
2026-06-18 21:36:46,688131,皓元医药,2026-06-18,2026-06-18,started,0,
2026-06-18 21:36:46,688132,邦彦技术,2026-06-18,2026-06-18,started,0,
2026-06-18 21:36:46,688125,安达智能,2026-06-18,2026-06-18,updated,1,
2026-06-18 21:36:46,688127,蓝特光学,2026-06-18,2026-06-18,updated,1,
2026-06-18 21:36:46,688133,泰坦科技,2026-06-18,2026-06-18,started,0,
2026-06-18 21:36:46,688126,沪硅产业,2026-06-18,2026-06-18,updated,1,
2026-06-18 21:36:46,688135,利扬芯片,2026-06-18,2026-06-18,started,0,
2026-06-18 21:36:46,688136,科兴制药,2026-06-18,2026-06-18,started,0,
2026-06-18 21:36:46,688128,中国电研,2026-06-18,2026-06-18,updated,1,
2026-06-18 21:36:46,688137,近岸蛋白,2026-06-18,2026-06-18,started,0,
2026-06-18 21:36:46,688129,东来技术,2026-06-18,2026-06-18,updated,1,
2026-06-18 21:36:47,688138,清溢光电,2026-06-18,2026-06-18,started,0,
2026-06-18 21:36:47,688130,晶华微,2026-06-18,2026-06-18,updated,1,
2026-06-18 21:36:47,688139,海尔生物,2026-06-18,2026-06-18,started,0,
2026-06-18 21:36:47,688131,皓元医药,2026-06-18,2026-06-18,updated,1,
2026-06-18 21:36:47,688132,邦彦技术,2026-06-18,2026-06-18,updated,1,
2026-06-18 21:36:47,688141,杰华特,2026-06-18,2026-06-18,started,0,
2026-06-18 21:36:47,688133,泰坦科技,2026-06-18,2026-06-18,updated,1,
2026-06-18 21:36:47,688143,长盈通,2026-06-18,2026-06-18,started,0,
2026-06-18 21:36:47,688136,科兴制药,2026-06-18,2026-06-18,updated,1,
2026-06-18 21:36:47,688146,中船特气,2026-06-18,2026-06-18,started,0,
2026-06-18 21:36:47,688135,利扬芯片,2026-06-18,2026-06-18,updated,1,
2026-06-18 21:36:47,688147,微导纳米,2026-06-18,2026-06-18,started,0,
2026-06-18 21:36:47,688148,芳源股份,2026-06-18,2026-06-18,started,0,
2026-06-18 21:36:47,688137,近岸蛋白,2026-06-18,2026-06-18,updated,1,
2026-06-18 21:36:47,688138,清溢光电,2026-06-18,2026-06-18,updated,1,
2026-06-18 21:36:47,688150,莱特光电,2026-06-18,2026-06-18,started,0,
2026-06-18 21:36:47,688139,海尔生物,2026-06-18,2026-06-18,updated,1,
2026-06-18 21:36:47,688151,华强科技,2026-06-18,2026-06-18,started,0,
2026-06-18 21:36:47,688152,麒麟信安,2026-06-18,2026-06-18,started,0,
2026-06-18 21:36:47,688141,杰华特,2026-06-18,2026-06-18,updated,1,
2026-06-18 21:36:47,688143,长盈通,2026-06-18,2026-06-18,updated,1,
2026-06-18 21:36:47,688153,唯捷创芯,2026-06-18,2026-06-18,started,0,
2026-06-18 21:36:47,688155,先惠技术,2026-06-18,2026-06-18,started,0,
2026-06-18 21:36:47,688147,微导纳米,2026-06-18,2026-06-18,updated,1,
2026-06-18 21:36:47,688146,中船特气,2026-06-18,2026-06-18,updated,1,
2026-06-18 21:36:47,688156,路德科技,2026-06-18,2026-06-18,started,0,
2026-06-18 21:36:47,688148,芳源股份,2026-06-18,2026-06-18,updated,1,
2026-06-18 21:36:48,688157,松井股份,2026-06-18,2026-06-18,started,0,
2026-06-18 21:36:48,688158,优刻得,2026-06-18,2026-06-18,started,0,
2026-06-18 21:36:48,688150,莱特光电,2026-06-18,2026-06-18,updated,1,
2026-06-18 21:36:48,688152,麒麟信安,2026-06-18,2026-06-18,updated,1,
2026-06-18 21:36:48,688159,有方科技,2026-06-18,2026-06-18,started,0,
2026-06-18 21:36:48,688160,步科股份,2026-06-18,2026-06-18,started,0,
2026-06-18 21:36:48,688151,华强科技,2026-06-18,2026-06-18,updated,1,
2026-06-18 21:36:48,688161,威高骨科,2026-06-18,2026-06-18,started,0,
2026-06-18 21:36:48,688153,唯捷创芯,2026-06-18,2026-06-18,updated,1,
2026-06-18 21:36:48,688156,路德科技,2026-06-18,2026-06-18,updated,1,
2026-06-18 21:36:48,688162,巨一科技,2026-06-18,2026-06-18,started,0,
2026-06-18 21:36:48,688163,赛伦生物,2026-06-18,2026-06-18,started,0,
2026-06-18 21:36:48,688155,先惠技术,2026-06-18,2026-06-18,updated,1,
2026-06-18 21:36:48,688165,埃夫特,2026-06-18,2026-06-18,started,0,
2026-06-18 21:36:48,688158,优刻得,2026-06-18,2026-06-18,updated,1,
2026-06-18 21:36:48,688157,松井股份,2026-06-18,2026-06-18,updated,1,
2026-06-18 21:36:48,688159,有方科技,2026-06-18,2026-06-18,updated,1,
2026-06-18 21:36:48,688166,博瑞医药,2026-06-18,2026-06-18,started,0,
2026-06-18 21:36:48,688167,炬光科技,2026-06-18,2026-06-18,started,0,
2026-06-18 21:36:48,688168,安博通,2026-06-18,2026-06-18,started,0,
2026-06-18 21:36:48,688160,步科股份,2026-06-18,2026-06-18,updated,1,
2026-06-18 21:36:48,688161,威高骨科,2026-06-18,2026-06-18,updated,1,
2026-06-18 21:36:48,688169,石头科技,2026-06-18,2026-06-18,started,0,
2026-06-18 21:36:48,688162,巨一科技,2026-06-18,2026-06-18,updated,1,
2026-06-18 21:36:48,688170,德龙激光,2026-06-18,2026-06-18,started,0,
2026-06-18 21:36:48,688171,纬德信息,2026-06-18,2026-06-18,started,0,
2026-06-18 21:36:49,688163,赛伦生物,2026-06-18,2026-06-18,updated,1,
2026-06-18 21:36:49,688172,燕东微,2026-06-18,2026-06-18,started,0,
2026-06-18 21:36:49,688165,埃夫特,2026-06-18,2026-06-18,updated,1,
2026-06-18 21:36:49,688168,安博通,2026-06-18,2026-06-18,updated,1,
2026-06-18 21:36:49,688173,希荻微,2026-06-18,2026-06-18,started,0,
2026-06-18 21:36:49,688175,高凌信息,2026-06-18,2026-06-18,started,0,
2026-06-18 21:36:49,688166,博瑞医药,2026-06-18,2026-06-18,updated,1,
2026-06-18 21:36:49,688176,亚虹医药,2026-06-18,2026-06-18,started,0,
2026-06-18 21:36:49,688167,炬光科技,2026-06-18,2026-06-18,updated,1,
2026-06-18 21:36:49,688169,石头科技,2026-06-18,2026-06-18,updated,1,
2026-06-18 21:36:49,688177,百奥泰,2026-06-18,2026-06-18,started,0,
2026-06-18 21:36:49,688170,德龙激光,2026-06-18,2026-06-18,updated,1,
2026-06-18 21:36:49,688178,万德斯,2026-06-18,2026-06-18,started,0,
2026-06-18 21:36:49,688179,阿拉丁,2026-06-18,2026-06-18,started,0,
2026-06-18 21:36:49,688171,纬德信息,2026-06-18,2026-06-18,updated,1,
2026-06-18 21:36:49,688172,燕东微,2026-06-18,2026-06-18,updated,1,
2026-06-18 21:36:49,688180,君实生物,2026-06-18,2026-06-18,started,0,
2026-06-18 21:36:49,688173,希荻微,2026-06-18,2026-06-18,updated,1,
2026-06-18 21:36:49,688181,八亿时空,2026-06-18,2026-06-18,started,0,
2026-06-18 21:36:49,688182,灿勤科技,2026-06-18,2026-06-18,started,0,
2026-06-18 21:36:49,688175,高凌信息,2026-06-18,2026-06-18,updated,1,
2026-06-18 21:36:49,688176,亚虹医药,2026-06-18,2026-06-18,updated,1,
2026-06-18 21:36:49,688183,生益电子,2026-06-18,2026-06-18,started,0,
2026-06-18 21:36:49,688184,ST帕瓦,2026-06-18,2026-06-18,started,0,
2026-06-18 21:36:49,688177,百奥泰,2026-06-18,2026-06-18,updated,1,
2026-06-18 21:36:49,688185,康希诺,2026-06-18,2026-06-18,started,0,
2026-06-18 21:36:49,688178,万德斯,2026-06-18,2026-06-18,updated,1,
2026-06-18 21:36:50,688186,广大特材,2026-06-18,2026-06-18,started,0,
2026-06-18 21:36:50,688179,阿拉丁,2026-06-18,2026-06-18,updated,1,
2026-06-18 21:36:50,688180,君实生物,2026-06-18,2026-06-18,updated,1,
2026-06-18 21:36:50,688187,时代电气,2026-06-18,2026-06-18,started,0,
2026-06-18 21:36:50,688188,柏楚电子,2026-06-18,2026-06-18,started,0,
2026-06-18 21:36:50,688181,八亿时空,2026-06-18,2026-06-18,updated,1,
2026-06-18 21:36:50,688182,灿勤科技,2026-06-18,2026-06-18,updated,1,
2026-06-18 21:36:50,688189,南新制药,2026-06-18,2026-06-18,started,0,
2026-06-18 21:36:50,688190,云路股份,2026-06-18,2026-06-18,started,0,
2026-06-18 21:36:50,688183,生益电子,2026-06-18,2026-06-18,updated,1,
2026-06-18 21:36:50,688191,智洋创新,2026-06-18,2026-06-18,started,0,
2026-06-18 21:36:50,688184,ST帕瓦,2026-06-18,2026-06-18,updated,1,
2026-06-18 21:36:50,688192,迪哲医药,2026-06-18,2026-06-18,started,0,
2026-06-18 21:36:50,688185,康希诺,2026-06-18,2026-06-18,updated,1,
2026-06-18 21:36:50,688193,仁度生物,2026-06-18,2026-06-18,started,0,
2026-06-18 21:36:50,688186,广大特材,2026-06-18,2026-06-18,updated,1,
2026-06-18 21:36:50,688195,腾景科技,2026-06-18,2026-06-18,started,0,
2026-06-18 21:36:50,688187,时代电气,2026-06-18,2026-06-18,updated,1,
2026-06-18 21:36:50,688188,柏楚电子,2026-06-18,2026-06-18,updated,1,
2026-06-18 21:36:50,688196,卓越新能,2026-06-18,2026-06-18,started,0,
2026-06-18 21:36:50,688189,南新制药,2026-06-18,2026-06-18,updated,1,
2026-06-18 21:36:50,688197,首药控股,2026-06-18,2026-06-18,started,0,
2026-06-18 21:36:50,688190,云路股份,2026-06-18,2026-06-18,updated,1,
2026-06-18 21:36:50,688198,佰仁医疗,2026-06-18,2026-06-18,started,0,
2026-06-18 21:36:50,688199,久日新材,2026-06-18,2026-06-18,started,0,
2026-06-18 21:36:50,688191,智洋创新,2026-06-18,2026-06-18,updated,1,
2026-06-18 21:36:51,688192,迪哲医药,2026-06-18,2026-06-18,updated,1,
2026-06-18 21:36:51,688200,华峰测控,2026-06-18,2026-06-18,started,0,
2026-06-18 21:36:51,688193,仁度生物,2026-06-18,2026-06-18,updated,1,
2026-06-18 21:36:51,688201,ST信安,2026-06-18,2026-06-18,started,0,
2026-06-18 21:36:51,688195,腾景科技,2026-06-18,2026-06-18,updated,1,
2026-06-18 21:36:51,688202,美迪西,2026-06-18,2026-06-18,started,0,
2026-06-18 21:36:51,688196,卓越新能,2026-06-18,2026-06-18,updated,1,
2026-06-18 21:36:51,688203,海正生材,2026-06-18,2026-06-18,started,0,
2026-06-18 21:36:51,688205,德科立,2026-06-18,2026-06-18,started,0,
2026-06-18 21:36:51,688197,首药控股,2026-06-18,2026-06-18,updated,1,
2026-06-18 21:36:51,688198,佰仁医疗,2026-06-18,2026-06-18,updated,1,
2026-06-18 21:36:51,688206,概伦电子,2026-06-18,2026-06-18,started,0,
2026-06-18 21:36:51,688199,久日新材,2026-06-18,2026-06-18,updated,1,
2026-06-18 21:36:51,688207,格灵深瞳,2026-06-18,2026-06-18,started,0,
2026-06-18 21:36:51,688200,华峰测控,2026-06-18,2026-06-18,updated,1,
2026-06-18 21:36:51,688208,道通科技,2026-06-18,2026-06-18,started,0,
2026-06-18 21:36:51,688201,ST信安,2026-06-18,2026-06-18,updated,1,
2026-06-18 21:36:51,688209,英集芯,2026-06-18,2026-06-18,started,0,
2026-06-18 21:36:51,688202,美迪西,2026-06-18,2026-06-18,updated,1,
2026-06-18 21:36:51,688210,统联精密,2026-06-18,2026-06-18,started,0,
2026-06-18 21:36:51,688211,中科微至,2026-06-18,2026-06-18,started,0,
2026-06-18 21:36:51,688203,海正生材,2026-06-18,2026-06-18,updated,1,
2026-06-18 21:36:51,688205,德科立,2026-06-18,2026-06-18,updated,1,
2026-06-18 21:36:51,688212,澳华内镜,2026-06-18,2026-06-18,started,0,
2026-06-18 21:36:51,688213,思特威,2026-06-18,2026-06-18,started,0,
2026-06-18 21:36:51,688206,概伦电子,2026-06-18,2026-06-18,updated,1,
2026-06-18 21:36:51,688215,瑞晟智能,2026-06-18,2026-06-18,started,0,
2026-06-18 21:36:52,688207,格灵深瞳,2026-06-18,2026-06-18,updated,1,
2026-06-18 21:36:52,688208,道通科技,2026-06-18,2026-06-18,updated,1,
2026-06-18 21:36:52,688216,气派科技,2026-06-18,2026-06-18,started,0,
2026-06-18 21:36:52,688217,睿昂基因,2026-06-18,2026-06-18,started,0,
2026-06-18 21:36:52,688209,英集芯,2026-06-18,2026-06-18,updated,1,
2026-06-18 21:36:52,688218,江苏北人,2026-06-18,2026-06-18,started,0,
2026-06-18 21:36:52,688210,统联精密,2026-06-18,2026-06-18,updated,1,
2026-06-18 21:36:52,688211,中科微至,2026-06-18,2026-06-18,updated,1,
2026-06-18 21:36:52,688219,会通股份,2026-06-18,2026-06-18,started,0,
2026-06-18 21:36:52,688212,澳华内镜,2026-06-18,2026-06-18,updated,1,
2026-06-18 21:36:52,688220,翱捷科技,2026-06-18,2026-06-18,started,0,
2026-06-18 21:36:52,688213,思特威,2026-06-18,2026-06-18,updated,1,
2026-06-18 21:36:52,688221,前沿生物,2026-06-18,2026-06-18,started,0,
2026-06-18 21:36:52,688222,成都先导,2026-06-18,2026-06-18,started,0,
2026-06-18 21:36:52,688215,瑞晟智能,2026-06-18,2026-06-18,updated,1,
2026-06-18 21:36:52,688216,气派科技,2026-06-18,2026-06-18,updated,1,
2026-06-18 21:36:52,688223,晶科能源,2026-06-18,2026-06-18,started,0,
2026-06-18 21:36:52,688217,睿昂基因,2026-06-18,2026-06-18,updated,1,
2026-06-18 21:36:52,688225,亚信安全,2026-06-18,2026-06-18,started,0,
2026-06-18 21:36:52,688218,江苏北人,2026-06-18,2026-06-18,updated,1,
2026-06-18 21:36:52,688226,威腾电气,2026-06-18,2026-06-18,started,0,
2026-06-18 21:36:52,688227,品高股份,2026-06-18,2026-06-18,started,0,
2026-06-18 21:36:52,688219,会通股份,2026-06-18,2026-06-18,updated,1,
2026-06-18 21:36:52,688228,开普云,2026-06-18,2026-06-18,started,0,
2026-06-18 21:36:52,688220,翱捷科技,2026-06-18,2026-06-18,updated,1,
2026-06-18 21:36:52,688221,前沿生物,2026-06-18,2026-06-18,updated,1,
2026-06-18 21:36:53,688229,博睿数据,2026-06-18,2026-06-18,started,0,
2026-06-18 21:36:53,688230,芯导科技,2026-06-18,2026-06-18,started,0,
2026-06-18 21:36:53,688222,成都先导,2026-06-18,2026-06-18,updated,1,
2026-06-18 21:36:53,688225,亚信安全,2026-06-18,2026-06-18,updated,1,
2026-06-18 21:36:53,688231,隆达股份,2026-06-18,2026-06-18,started,0,
2026-06-18 21:36:53,688223,晶科能源,2026-06-18,2026-06-18,updated,1,
2026-06-18 21:36:53,688227,品高股份,2026-06-18,2026-06-18,updated,1,
2026-06-18 21:36:53,688232,新点软件,2026-06-18,2026-06-18,started,0,
2026-06-18 21:36:53,688233,神工股份,2026-06-18,2026-06-18,started,0,
2026-06-18 21:36:53,688234,天岳先进,2026-06-18,2026-06-18,started,0,
2026-06-18 21:36:53,688228,开普云,2026-06-18,2026-06-18,updated,1,
2026-06-18 21:36:53,688226,威腾电气,2026-06-18,2026-06-18,updated,1,
2026-06-18 21:36:53,688235,百济神州,2026-06-18,2026-06-18,started,0,
2026-06-18 21:36:53,688236,春立医疗,2026-06-18,2026-06-18,started,0,
2026-06-18 21:36:53,688230,芯导科技,2026-06-18,2026-06-18,updated,1,
2026-06-18 21:36:53,688237,超卓航科,2026-06-18,2026-06-18,started,0,
2026-06-18 21:36:53,688229,博睿数据,2026-06-18,2026-06-18,updated,1,
2026-06-18 21:36:53,688238,和元生物,2026-06-18,2026-06-18,started,0,
2026-06-18 21:36:53,688231,隆达股份,2026-06-18,2026-06-18,updated,1,
2026-06-18 21:36:53,688239,航宇科技,2026-06-18,2026-06-18,started,0,
2026-06-18 21:36:53,688232,新点软件,2026-06-18,2026-06-18,updated,1,
2026-06-18 21:36:53,688233,神工股份,2026-06-18,2026-06-18,updated,1,
2026-06-18 21:36:53,688244,永信至诚,2026-06-18,2026-06-18,started,0,
2026-06-18 21:36:53,688234,天岳先进,2026-06-18,2026-06-18,updated,1,
2026-06-18 21:36:53,688246,嘉和美康,2026-06-18,2026-06-18,started,0,
2026-06-18 21:36:53,688247,宣泰医药,2026-06-18,2026-06-18,started,0,
2026-06-18 21:36:53,688235,百济神州,2026-06-18,2026-06-18,updated,1,
2026-06-18 21:36:53,688248,南网科技,2026-06-18,2026-06-18,started,0,
2026-06-18 21:36:53,688236,春立医疗,2026-06-18,2026-06-18,updated,1,
2026-06-18 21:36:54,688237,超卓航科,2026-06-18,2026-06-18,updated,1,
2026-06-18 21:36:54,688249,晶合集成,2026-06-18,2026-06-18,started,0,
2026-06-18 21:36:54,688251,井松智能,2026-06-18,2026-06-18,started,0,
2026-06-18 21:36:54,688238,和元生物,2026-06-18,2026-06-18,updated,1,
2026-06-18 21:36:54,688252,天德钰,2026-06-18,2026-06-18,started,0,
2026-06-18 21:36:54,688239,航宇科技,2026-06-18,2026-06-18,updated,1,
2026-06-18 21:36:54,688253,英诺特,2026-06-18,2026-06-18,started,0,
2026-06-18 21:36:54,688247,宣泰医药,2026-06-18,2026-06-18,updated,1,
2026-06-18 21:36:54,688246,嘉和美康,2026-06-18,2026-06-18,updated,1,
2026-06-18 21:36:54,688256,寒武纪,2026-06-18,2026-06-18,started,0,
2026-06-18 21:36:54,688244,永信至诚,2026-06-18,2026-06-18,updated,1,
2026-06-18 21:36:54,688255,凯尔达,2026-06-18,2026-06-18,started,0,
2026-06-18 21:36:54,688257,新锐股份,2026-06-18,2026-06-18,started,0,
2026-06-18 21:36:54,688248,南网科技,2026-06-18,2026-06-18,updated,1,
2026-06-18 21:36:54,688249,晶合集成,2026-06-18,2026-06-18,updated,1,
2026-06-18 21:36:54,688258,卓易信息,2026-06-18,2026-06-18,started,0,
2026-06-18 21:36:54,688259,创耀科技,2026-06-18,2026-06-18,started,0,
2026-06-18 21:36:54,688251,井松智能,2026-06-18,2026-06-18,updated,1,
2026-06-18 21:36:54,688260,昀冢科技,2026-06-18,2026-06-18,started,0,
2026-06-18 21:36:54,688252,天德钰,2026-06-18,2026-06-18,updated,1,
2026-06-18 21:36:54,688253,英诺特,2026-06-18,2026-06-18,updated,1,
2026-06-18 21:36:54,688261,东微半导,2026-06-18,2026-06-18,started,0,
2026-06-18 21:36:54,688255,凯尔达,2026-06-18,2026-06-18,updated,1,
2026-06-18 21:36:54,688262,国芯科技,2026-06-18,2026-06-18,started,0,
2026-06-18 21:36:54,688257,新锐股份,2026-06-18,2026-06-18,updated,1,
2026-06-18 21:36:54,688265,南模生物,2026-06-18,2026-06-18,started,0,
2026-06-18 21:36:55,688256,寒武纪,2026-06-18,2026-06-18,updated,1,
2026-06-18 21:36:55,688266,泽璟制药,2026-06-18,2026-06-18,started,0,
2026-06-18 21:36:55,688267,中触媒,2026-06-18,2026-06-18,started,0,
2026-06-18 21:36:55,688259,创耀科技,2026-06-18,2026-06-18,updated,1,
2026-06-18 21:36:55,688268,华特气体,2026-06-18,2026-06-18,started,0,
2026-06-18 21:36:55,688258,卓易信息,2026-06-18,2026-06-18,updated,1,
2026-06-18 21:36:55,688269,凯立新材,2026-06-18,2026-06-18,started,0,
2026-06-18 21:36:55,688260,昀冢科技,2026-06-18,2026-06-18,updated,1,
2026-06-18 21:36:55,688270,ST臻镭,2026-06-18,2026-06-18,started,0,
2026-06-18 21:36:55,688261,东微半导,2026-06-18,2026-06-18,updated,1,
2026-06-18 21:36:55,688265,南模生物,2026-06-18,2026-06-18,updated,1,
2026-06-18 21:36:55,688271,联影医疗,2026-06-18,2026-06-18,started,0,
2026-06-18 21:36:55,688262,国芯科技,2026-06-18,2026-06-18,updated,1,
2026-06-18 21:36:55,688266,泽璟制药,2026-06-18,2026-06-18,updated,1,
2026-06-18 21:36:55,688272,富吉瑞,2026-06-18,2026-06-18,started,0,
2026-06-18 21:36:55,688273,麦澜德,2026-06-18,2026-06-18,started,0,
2026-06-18 21:36:55,688267,中触媒,2026-06-18,2026-06-18,updated,1,
2026-06-18 21:36:55,688275,万润新能,2026-06-18,2026-06-18,started,0,
2026-06-18 21:36:55,688276,百克生物,2026-06-18,2026-06-18,started,0,
2026-06-18 21:36:55,688268,华特气体,2026-06-18,2026-06-18,updated,1,
2026-06-18 21:36:55,688270,ST臻镭,2026-06-18,2026-06-18,updated,1,
2026-06-18 21:36:55,688277,天智航,2026-06-18,2026-06-18,started,0,
2026-06-18 21:36:55,688278,特宝生物,2026-06-18,2026-06-18,started,0,
2026-06-18 21:36:55,688269,凯立新材,2026-06-18,2026-06-18,updated,1,
2026-06-18 21:36:55,688279,峰岹科技,2026-06-18,2026-06-18,started,0,
2026-06-18 21:36:55,688271,联影医疗,2026-06-18,2026-06-18,updated,1,
2026-06-18 21:36:55,688280,精进电动,2026-06-18,2026-06-18,started,0,
2026-06-18 21:36:56,688272,富吉瑞,2026-06-18,2026-06-18,updated,1,
2026-06-18 21:36:56,688273,麦澜德,2026-06-18,2026-06-18,updated,1,
2026-06-18 21:36:56,688281,华秦科技,2026-06-18,2026-06-18,started,0,
2026-06-18 21:36:56,688282,理工导航,2026-06-18,2026-06-18,started,0,
2026-06-18 21:36:56,688275,万润新能,2026-06-18,2026-06-18,updated,1,
2026-06-18 21:36:56,688283,坤恒顺维,2026-06-18,2026-06-18,started,0,
2026-06-18 21:36:56,688276,百克生物,2026-06-18,2026-06-18,updated,1,
2026-06-18 21:36:56,688285,高铁电气,2026-06-18,2026-06-18,started,0,
2026-06-18 21:36:56,688277,天智航,2026-06-18,2026-06-18,updated,1,
2026-06-18 21:36:56,688286,敏芯股份,2026-06-18,2026-06-18,started,0,
2026-06-18 21:36:56,688278,特宝生物,2026-06-18,2026-06-18,updated,1,
2026-06-18 21:36:56,688279,峰岹科技,2026-06-18,2026-06-18,updated,1,
2026-06-18 21:36:56,688288,鸿泉技术,2026-06-18,2026-06-18,started,0,
2026-06-18 21:36:56,688289,圣湘生物,2026-06-18,2026-06-18,started,0,
2026-06-18 21:36:56,688280,精进电动,2026-06-18,2026-06-18,updated,1,
2026-06-18 21:36:56,688282,理工导航,2026-06-18,2026-06-18,updated,1,
2026-06-18 21:36:56,688290,景业智能,2026-06-18,2026-06-18,started,0,
2026-06-18 21:36:56,688281,华秦科技,2026-06-18,2026-06-18,updated,1,
2026-06-18 21:36:56,688291,金橙子,2026-06-18,2026-06-18,started,0,
2026-06-18 21:36:56,688283,坤恒顺维,2026-06-18,2026-06-18,updated,1,
2026-06-18 21:36:56,688292,浩瀚深度,2026-06-18,2026-06-18,started,0,
2026-06-18 21:36:56,688293,奥浦迈,2026-06-18,2026-06-18,started,0,
2026-06-18 21:36:56,688285,高铁电气,2026-06-18,2026-06-18,updated,1,
2026-06-18 21:36:56,688295,中复神鹰,2026-06-18,2026-06-18,started,0,
2026-06-18 21:36:56,688286,敏芯股份,2026-06-18,2026-06-18,updated,1,
2026-06-18 21:36:57,688296,和达科技,2026-06-18,2026-06-18,started,0,
2026-06-18 21:36:57,688288,鸿泉技术,2026-06-18,2026-06-18,updated,1,
2026-06-18 21:36:57,688297,中无人机,2026-06-18,2026-06-18,started,0,
2026-06-18 21:36:57,688289,圣湘生物,2026-06-18,2026-06-18,updated,1,
2026-06-18 21:36:57,688298,东方生物,2026-06-18,2026-06-18,started,0,
2026-06-18 21:36:57,688290,景业智能,2026-06-18,2026-06-18,updated,1,
2026-06-18 21:36:57,688291,金橙子,2026-06-18,2026-06-18,updated,1,
2026-06-18 21:36:57,688299,长阳科技,2026-06-18,2026-06-18,started,0,
2026-06-18 21:36:57,688293,奥浦迈,2026-06-18,2026-06-18,updated,1,
2026-06-18 21:36:57,688300,联瑞新材,2026-06-18,2026-06-18,started,0,
2026-06-18 21:36:57,688301,奕瑞科技,2026-06-18,2026-06-18,started,0,
2026-06-18 21:36:57,688292,浩瀚深度,2026-06-18,2026-06-18,updated,1,
2026-06-18 21:36:57,688295,中复神鹰,2026-06-18,2026-06-18,updated,1,
2026-06-18 21:36:57,688302,海创药业,2026-06-18,2026-06-18,started,0,
2026-06-18 21:36:57,688303,大全能源,2026-06-18,2026-06-18,started,0,
2026-06-18 21:36:57,688296,和达科技,2026-06-18,2026-06-18,updated,1,
2026-06-18 21:36:57,688305,科德数控,2026-06-18,2026-06-18,started,0,
2026-06-18 21:36:57,688297,中无人机,2026-06-18,2026-06-18,updated,1,
2026-06-18 21:36:57,688306,均普智能,2026-06-18,2026-06-18,started,0,
2026-06-18 21:36:57,688298,东方生物,2026-06-18,2026-06-18,updated,1,
2026-06-18 21:36:57,688307,中润光学,2026-06-18,2026-06-18,started,0,
2026-06-18 21:36:57,688299,长阳科技,2026-06-18,2026-06-18,updated,1,
2026-06-18 21:36:57,688308,欧科亿,2026-06-18,2026-06-18,started,0,
2026-06-18 21:36:57,688300,联瑞新材,2026-06-18,2026-06-18,updated,1,
2026-06-18 21:36:57,688309,恒誉环保,2026-06-18,2026-06-18,started,0,
2026-06-18 21:36:57,688302,海创药业,2026-06-18,2026-06-18,updated,1,
2026-06-18 21:36:57,688310,迈得医疗,2026-06-18,2026-06-18,started,0,
2026-06-18 21:36:58,688303,大全能源,2026-06-18,2026-06-18,updated,1,
2026-06-18 21:36:58,688306,均普智能,2026-06-18,2026-06-18,updated,1,
2026-06-18 21:36:58,688305,科德数控,2026-06-18,2026-06-18,updated,1,
2026-06-18 21:36:58,688311,盟升电子,2026-06-18,2026-06-18,started,0,
2026-06-18 21:36:58,688307,中润光学,2026-06-18,2026-06-18,updated,1,
2026-06-18 21:36:58,688312,燕麦科技,2026-06-18,2026-06-18,started,0,
2026-06-18 21:36:58,688313,仕佳光子,2026-06-18,2026-06-18,started,0,
2026-06-18 21:36:58,688314,康拓医疗,2026-06-18,2026-06-18,started,0,
2026-06-18 21:36:58,688308,欧科亿,2026-06-18,2026-06-18,updated,1,
2026-06-18 21:36:58,688315,诺禾致源,2026-06-18,2026-06-18,started,0,
2026-06-18 21:36:58,688301,奕瑞科技,2026-06-18,2026-06-18,updated,1,
2026-06-18 21:36:58,688316,青云科技,2026-06-18,2026-06-18,started,0,
2026-06-18 21:36:58,688309,恒誉环保,2026-06-18,2026-06-18,updated,1,
2026-06-18 21:36:58,688317,之江生物,2026-06-18,2026-06-18,started,0,
2026-06-18 21:36:58,688310,迈得医疗,2026-06-18,2026-06-18,updated,1,
2026-06-18 21:36:58,688318,财富趋势,2026-06-18,2026-06-18,started,0,
2026-06-18 21:36:58,688311,盟升电子,2026-06-18,2026-06-18,updated,1,
2026-06-18 21:36:58,688319,欧林生物,2026-06-18,2026-06-18,started,0,
2026-06-18 21:36:58,688312,燕麦科技,2026-06-18,2026-06-18,updated,1,
2026-06-18 21:36:58,688315,诺禾致源,2026-06-18,2026-06-18,updated,1,
2026-06-18 21:36:58,688320,禾川科技,2026-06-18,2026-06-18,started,0,
2026-06-18 21:36:58,688313,仕佳光子,2026-06-18,2026-06-18,updated,1,
2026-06-18 21:36:58,688321,微芯生物,2026-06-18,2026-06-18,started,0,
2026-06-18 21:36:58,688322,奥比中光,2026-06-18,2026-06-18,started,0,
2026-06-18 21:36:58,688314,康拓医疗,2026-06-18,2026-06-18,updated,1,
2026-06-18 21:36:58,688323,瑞华泰,2026-06-18,2026-06-18,started,0,
2026-06-18 21:36:58,688316,青云科技,2026-06-18,2026-06-18,updated,1,
2026-06-18 21:36:58,688325,赛微微电,2026-06-18,2026-06-18,started,0,
2026-06-18 21:36:59,688317,之江生物,2026-06-18,2026-06-18,updated,1,
2026-06-18 21:36:59,688326,经纬恒润,2026-06-18,2026-06-18,started,0,
2026-06-18 21:36:59,688318,财富趋势,2026-06-18,2026-06-18,updated,1,
2026-06-18 21:36:59,688319,欧林生物,2026-06-18,2026-06-18,updated,1,
2026-06-18 21:36:59,688327,云从科技,2026-06-18,2026-06-18,started,0,
2026-06-18 21:36:59,688320,禾川科技,2026-06-18,2026-06-18,updated,1,
2026-06-18 21:36:59,688328,深科达,2026-06-18,2026-06-18,started,0,
2026-06-18 21:36:59,688321,微芯生物,2026-06-18,2026-06-18,updated,1,
2026-06-18 21:36:59,688329,艾隆科技,2026-06-18,2026-06-18,started,0,
2026-06-18 21:36:59,688322,奥比中光,2026-06-18,2026-06-18,updated,1,
2026-06-18 21:36:59,688330,宏力达,2026-06-18,2026-06-18,started,0,
2026-06-18 21:36:59,688323,瑞华泰,2026-06-18,2026-06-18,updated,1,
2026-06-18 21:36:59,688331,荣昌生物,2026-06-18,2026-06-18,started,0,
2026-06-18 21:36:59,688332,中科蓝讯,2026-06-18,2026-06-18,started,0,
2026-06-18 21:36:59,688325,赛微微电,2026-06-18,2026-06-18,updated,1,
2026-06-18 21:36:59,688333,铂力特,2026-06-18,2026-06-18,started,0,
2026-06-18 21:36:59,688326,经纬恒润,2026-06-18,2026-06-18,updated,1,
2026-06-18 21:36:59,688334,西高院,2026-06-18,2026-06-18,started,0,
2026-06-18 21:36:59,688327,云从科技,2026-06-18,2026-06-18,updated,1,
2026-06-18 21:36:59,688335,复洁科技,2026-06-18,2026-06-18,started,0,
2026-06-18 21:36:59,688328,深科达,2026-06-18,2026-06-18,updated,1,
2026-06-18 21:36:59,688330,宏力达,2026-06-18,2026-06-18,updated,1,
2026-06-18 21:36:59,688336,三生国健,2026-06-18,2026-06-18,started,0,
2026-06-18 21:36:59,688329,艾隆科技,2026-06-18,2026-06-18,updated,1,
2026-06-18 21:36:59,688337,普源精电,2026-06-18,2026-06-18,started,0,
2026-06-18 21:36:59,688332,中科蓝讯,2026-06-18,2026-06-18,updated,1,
2026-06-18 21:36:59,688338,赛科希德,2026-06-18,2026-06-18,started,0,
2026-06-18 21:37:00,688339,亿华通,2026-06-18,2026-06-18,started,0,
2026-06-18 21:37:00,688331,荣昌生物,2026-06-18,2026-06-18,updated,1,
2026-06-18 21:37:00,688343,云天励飞,2026-06-18,2026-06-18,started,0,
2026-06-18 21:37:00,688333,铂力特,2026-06-18,2026-06-18,updated,1,
2026-06-18 21:37:00,688334,西高院,2026-06-18,2026-06-18,updated,1,
2026-06-18 21:37:00,688345,博力威,2026-06-18,2026-06-18,started,0,
2026-06-18 21:37:00,688347,华虹宏力,2026-06-18,2026-06-18,started,0,
2026-06-18 21:37:00,688335,复洁科技,2026-06-18,2026-06-18,updated,1,
2026-06-18 21:37:00,688348,昱能科技,2026-06-18,2026-06-18,started,0,
2026-06-18 21:37:00,688336,三生国健,2026-06-18,2026-06-18,updated,1,
2026-06-18 21:37:00,688337,普源精电,2026-06-18,2026-06-18,updated,1,
2026-06-18 21:37:00,688349,三一重能,2026-06-18,2026-06-18,started,0,
2026-06-18 21:37:00,688350,富淼科技,2026-06-18,2026-06-18,started,0,
2026-06-18 21:37:00,688339,亿华通,2026-06-18,2026-06-18,updated,1,
2026-06-18 21:37:00,688351,微电生理,2026-06-18,2026-06-18,started,0,
2026-06-18 21:37:00,688338,赛科希德,2026-06-18,2026-06-18,updated,1,
2026-06-18 21:37:00,688352,颀中科技,2026-06-18,2026-06-18,started,0,
2026-06-18 21:37:00,688343,云天励飞,2026-06-18,2026-06-18,updated,1,
2026-06-18 21:37:00,688353,华盛锂电,2026-06-18,2026-06-18,started,0,
2026-06-18 21:37:00,688345,博力威,2026-06-18,2026-06-18,updated,1,
2026-06-18 21:37:00,688355,明志科技,2026-06-18,2026-06-18,started,0,
2026-06-18 21:37:00,688347,华虹宏力,2026-06-18,2026-06-18,updated,1,
2026-06-18 21:37:00,688356,键凯科技,2026-06-18,2026-06-18,started,0,
2026-06-18 21:37:00,688348,昱能科技,2026-06-18,2026-06-18,updated,1,
2026-06-18 21:37:00,688357,建龙微纳,2026-06-18,2026-06-18,started,0,
2026-06-18 21:37:00,688349,三一重能,2026-06-18,2026-06-18,updated,1,
2026-06-18 21:37:01,688350,富淼科技,2026-06-18,2026-06-18,updated,1,
2026-06-18 21:37:01,688358,祥生医疗,2026-06-18,2026-06-18,started,0,
2026-06-18 21:37:01,688352,颀中科技,2026-06-18,2026-06-18,updated,1,
2026-06-18 21:37:01,688359,三孚新科,2026-06-18,2026-06-18,started,0,
2026-06-18 21:37:01,688360,德马科技,2026-06-18,2026-06-18,started,0,
2026-06-18 21:37:01,688351,微电生理,2026-06-18,2026-06-18,updated,1,
2026-06-18 21:37:01,688361,中科飞测,2026-06-18,2026-06-18,started,0,
2026-06-18 21:37:01,688353,华盛锂电,2026-06-18,2026-06-18,updated,1,
2026-06-18 21:37:01,688362,甬矽电子,2026-06-18,2026-06-18,started,0,
2026-06-18 21:37:01,688355,明志科技,2026-06-18,2026-06-18,updated,1,
2026-06-18 21:37:01,688363,华熙生物,2026-06-18,2026-06-18,started,0,
2026-06-18 21:37:01,688356,键凯科技,2026-06-18,2026-06-18,updated,1,
2026-06-18 21:37:01,688365,光云科技,2026-06-18,2026-06-18,started,0,
2026-06-18 21:37:01,688357,建龙微纳,2026-06-18,2026-06-18,updated,1,
2026-06-18 21:37:01,688358,祥生医疗,2026-06-18,2026-06-18,updated,1,
2026-06-18 21:37:01,688366,昊海生科,2026-06-18,2026-06-18,started,0,
2026-06-18 21:37:01,688367,工大高科,2026-06-18,2026-06-18,started,0,
2026-06-18 21:37:01,688360,德马科技,2026-06-18,2026-06-18,updated,1,
2026-06-18 21:37:01,688368,晶丰明源,2026-06-18,2026-06-18,started,0,
2026-06-18 21:37:01,688359,三孚新科,2026-06-18,2026-06-18,updated,1,
2026-06-18 21:37:01,688361,中科飞测,2026-06-18,2026-06-18,updated,1,
2026-06-18 21:37:01,688369,致远互联,2026-06-18,2026-06-18,started,0,
2026-06-18 21:37:01,688370,丛麟科技,2026-06-18,2026-06-18,started,0,
2026-06-18 21:37:01,688362,甬矽电子,2026-06-18,2026-06-18,updated,1,
2026-06-18 21:37:01,688363,华熙生物,2026-06-18,2026-06-18,updated,1,
2026-06-18 21:37:01,688371,菲沃泰,2026-06-18,2026-06-18,started,0,
2026-06-18 21:37:02,688365,光云科技,2026-06-18,2026-06-18,updated,1,
2026-06-18 21:37:02,688372,伟测科技,2026-06-18,2026-06-18,started,0,
2026-06-18 21:37:02,688367,工大高科,2026-06-18,2026-06-18,updated,1,
2026-06-18 21:37:02,688373,盟科药业,2026-06-18,2026-06-18,started,0,
2026-06-18 21:37:02,688375,国博电子,2026-06-18,2026-06-18,started,0,
2026-06-18 21:37:02,688366,昊海生科,2026-06-18,2026-06-18,updated,1,
2026-06-18 21:37:02,688368,晶丰明源,2026-06-18,2026-06-18,updated,1,
2026-06-18 21:37:02,688376,美埃科技,2026-06-18,2026-06-18,started,0,
2026-06-18 21:37:02,688377,迪威尔,2026-06-18,2026-06-18,started,0,
2026-06-18 21:37:02,688369,致远互联,2026-06-18,2026-06-18,updated,1,
2026-06-18 21:37:02,688370,丛麟科技,2026-06-18,2026-06-18,updated,1,
2026-06-18 21:37:02,688378,奥来德,2026-06-18,2026-06-18,started,0,
2026-06-18 21:37:02,688371,菲沃泰,2026-06-18,2026-06-18,updated,1,
2026-06-18 21:37:02,688379,华光新材,2026-06-18,2026-06-18,started,0,
2026-06-18 21:37:02,688372,伟测科技,2026-06-18,2026-06-18,updated,1,
2026-06-18 21:37:02,688380,中微半导,2026-06-18,2026-06-18,started,0,
2026-06-18 21:37:02,688373,盟科药业,2026-06-18,2026-06-18,updated,1,
2026-06-18 21:37:02,688381,帝奥微,2026-06-18,2026-06-18,started,0,
2026-06-18 21:37:02,688375,国博电子,2026-06-18,2026-06-18,updated,1,
2026-06-18 21:37:02,688382,益方生物,2026-06-18,2026-06-18,started,0,
2026-06-18 21:37:02,688383,新益昌,2026-06-18,2026-06-18,started,0,
2026-06-18 21:37:02,688376,美埃科技,2026-06-18,2026-06-18,updated,1,
2026-06-18 21:37:02,688377,迪威尔,2026-06-18,2026-06-18,updated,1,
2026-06-18 21:37:02,688385,复旦微电,2026-06-18,2026-06-18,started,0,
2026-06-18 21:37:02,688378,奥来德,2026-06-18,2026-06-18,updated,1,
2026-06-18 21:37:02,688386,泛亚微透,2026-06-18,2026-06-18,started,0,
2026-06-18 21:37:02,688387,信科移动,2026-06-18,2026-06-18,started,0,
2026-06-18 21:37:02,688379,华光新材,2026-06-18,2026-06-18,updated,1,
2026-06-18 21:37:03,688380,中微半导,2026-06-18,2026-06-18,updated,1,
2026-06-18 21:37:03,688388,嘉元科技,2026-06-18,2026-06-18,started,0,
2026-06-18 21:37:03,688381,帝奥微,2026-06-18,2026-06-18,updated,1,
2026-06-18 21:37:03,688389,普门科技,2026-06-18,2026-06-18,started,0,
2026-06-18 21:37:03,688390,固德威,2026-06-18,2026-06-18,started,0,
2026-06-18 21:37:03,688382,益方生物,2026-06-18,2026-06-18,updated,1,
2026-06-18 21:37:03,688383,新益昌,2026-06-18,2026-06-18,updated,1,
2026-06-18 21:37:03,688391,钜泉科技,2026-06-18,2026-06-18,started,0,
2026-06-18 21:37:03,688392,骄成超声,2026-06-18,2026-06-18,started,0,
2026-06-18 21:37:03,688385,复旦微电,2026-06-18,2026-06-18,updated,1,
2026-06-18 21:37:03,688393,安必平,2026-06-18,2026-06-18,started,0,
2026-06-18 21:37:03,688386,泛亚微透,2026-06-18,2026-06-18,updated,1,
2026-06-18 21:37:03,688395,正弦电气,2026-06-18,2026-06-18,started,0,
2026-06-18 21:37:03,688387,信科移动,2026-06-18,2026-06-18,updated,1,
2026-06-18 21:37:03,688396,华润微,2026-06-18,2026-06-18,started,0,
2026-06-18 21:37:03,688388,嘉元科技,2026-06-18,2026-06-18,updated,1,
2026-06-18 21:37:03,688398,赛特新材,2026-06-18,2026-06-18,started,0,
2026-06-18 21:37:03,688389,普门科技,2026-06-18,2026-06-18,updated,1,
2026-06-18 21:37:03,688399,硕世生物,2026-06-18,2026-06-18,started,0,
2026-06-18 21:37:03,688393,安必平,2026-06-18,2026-06-18,updated,1,
2026-06-18 21:37:03,688391,钜泉科技,2026-06-18,2026-06-18,updated,1,
2026-06-18 21:37:03,688390,固德威,2026-06-18,2026-06-18,updated,1,
2026-06-18 21:37:03,688400,凌云光,2026-06-18,2026-06-18,started,0,
2026-06-18 21:37:03,688401,路维光电,2026-06-18,2026-06-18,started,0,
2026-06-18 21:37:03,688403,汇成股份,2026-06-18,2026-06-18,started,0,
2026-06-18 21:37:03,688395,正弦电气,2026-06-18,2026-06-18,updated,1,
2026-06-18 21:37:04,688408,中信博,2026-06-18,2026-06-18,started,0,
2026-06-18 21:37:04,688392,骄成超声,2026-06-18,2026-06-18,updated,1,
2026-06-18 21:37:04,688409,富创精密,2026-06-18,2026-06-18,started,0,
2026-06-18 21:37:04,688396,华润微,2026-06-18,2026-06-18,updated,1,
2026-06-18 21:37:04,688410,山外山,2026-06-18,2026-06-18,started,0,
2026-06-18 21:37:04,688401,路维光电,2026-06-18,2026-06-18,updated,1,
2026-06-18 21:37:04,688411,海博思创,2026-06-18,2026-06-18,started,0,
2026-06-18 21:37:04,688400,凌云光,2026-06-18,2026-06-18,updated,1,
2026-06-18 21:37:04,688398,赛特新材,2026-06-18,2026-06-18,updated,1,
2026-06-18 21:37:04,688416,恒烁股份,2026-06-18,2026-06-18,started,0,
2026-06-18 21:37:04,688418,震有科技,2026-06-18,2026-06-18,started,0,
2026-06-18 21:37:04,688408,中信博,2026-06-18,2026-06-18,updated,1,
2026-06-18 21:37:04,688419,耐科装备,2026-06-18,2026-06-18,started,0,
2026-06-18 21:37:04,688403,汇成股份,2026-06-18,2026-06-18,updated,1,
2026-06-18 21:37:04,688420,美腾科技,2026-06-18,2026-06-18,started,0,
2026-06-18 21:37:04,688399,硕世生物,2026-06-18,2026-06-18,updated,1,
2026-06-18 21:37:04,688425,铁建重工,2026-06-18,2026-06-18,started,0,
2026-06-18 21:37:04,688411,海博思创,2026-06-18,2026-06-18,updated,1,
2026-06-18 21:37:04,688426,康为世纪,2026-06-18,2026-06-18,started,0,
2026-06-18 21:37:04,688410,山外山,2026-06-18,2026-06-18,updated,1,
2026-06-18 21:37:04,688428,诺诚健华,2026-06-18,2026-06-18,started,0,
2026-06-18 21:37:04,688409,富创精密,2026-06-18,2026-06-18,updated,1,
2026-06-18 21:37:04,688429,时创能源,2026-06-18,2026-06-18,started,0,
2026-06-18 21:37:05,688416,恒烁股份,2026-06-18,2026-06-18,updated,1,
2026-06-18 21:37:05,688432,有研硅,2026-06-18,2026-06-18,started,0,
2026-06-18 21:37:05,688418,震有科技,2026-06-18,2026-06-18,updated,1,
2026-06-18 21:37:05,688426,康为世纪,2026-06-18,2026-06-18,updated,1,
2026-06-18 21:37:05,688433,华曙高科,2026-06-18,2026-06-18,started,0,
2026-06-18 21:37:05,688419,耐科装备,2026-06-18,2026-06-18,updated,1,
2026-06-18 21:37:05,688435,英方软件,2026-06-18,2026-06-18,started,0,
2026-06-18 21:37:05,688439,振华风光,2026-06-18,2026-06-18,started,0,
2026-06-18 21:37:05,688425,铁建重工,2026-06-18,2026-06-18,updated,1,
2026-06-18 21:37:05,688443,智翔金泰,2026-06-18,2026-06-18,started,0,
2026-06-18 21:37:05,688420,美腾科技,2026-06-18,2026-06-18,updated,1,
2026-06-18 21:37:05,688448,磁谷科技,2026-06-18,2026-06-18,started,0,
2026-06-18 21:37:05,688428,诺诚健华,2026-06-18,2026-06-18,updated,1,
2026-06-18 21:37:05,688449,联芸科技,2026-06-18,2026-06-18,started,0,
2026-06-18 21:37:05,688429,时创能源,2026-06-18,2026-06-18,updated,1,
2026-06-18 21:37:05,688450,光格科技,2026-06-18,2026-06-18,started,0,
2026-06-18 21:37:05,688432,有研硅,2026-06-18,2026-06-18,updated,1,
2026-06-18 21:37:05,688455,科捷智能,2026-06-18,2026-06-18,started,0,
2026-06-18 21:37:05,688435,英方软件,2026-06-18,2026-06-18,updated,1,
2026-06-18 21:37:05,688443,智翔金泰,2026-06-18,2026-06-18,updated,1,
2026-06-18 21:37:05,688456,有研粉材,2026-06-18,2026-06-18,started,0,
2026-06-18 21:37:05,688458,美芯晟,2026-06-18,2026-06-18,started,0,
2026-06-18 21:37:05,688433,华曙高科,2026-06-18,2026-06-18,updated,1,
2026-06-18 21:37:05,688459,哈铁科技,2026-06-18,2026-06-18,started,0,
2026-06-18 21:37:05,688439,振华风光,2026-06-18,2026-06-18,updated,1,
2026-06-18 21:37:05,688466,金科环境,2026-06-18,2026-06-18,started,0,
2026-06-18 21:37:05,688449,联芸科技,2026-06-18,2026-06-18,updated,1,
2026-06-18 21:37:05,688468,科美诊断,2026-06-18,2026-06-18,started,0,
2026-06-18 21:37:05,688448,磁谷科技,2026-06-18,2026-06-18,updated,1,
2026-06-18 21:37:06,688450,光格科技,2026-06-18,2026-06-18,updated,1,
2026-06-18 21:37:06,688469,芯联集成,2026-06-18,2026-06-18,started,0,
2026-06-18 21:37:06,688472,阿特斯,2026-06-18,2026-06-18,started,0,
2026-06-18 21:37:06,688455,科捷智能,2026-06-18,2026-06-18,updated,1,
2026-06-18 21:37:06,688475,萤石网络,2026-06-18,2026-06-18,started,0,
2026-06-18 21:37:06,688456,有研粉材,2026-06-18,2026-06-18,updated,1,
2026-06-18 21:37:06,688478,晶升股份,2026-06-18,2026-06-18,started,0,
2026-06-18 21:37:06,688458,美芯晟,2026-06-18,2026-06-18,updated,1,
2026-06-18 21:37:06,688479,友车科技,2026-06-18,2026-06-18,started,0,
2026-06-18 21:37:06,688459,哈铁科技,2026-06-18,2026-06-18,updated,1,
2026-06-18 21:37:06,688480,赛恩斯,2026-06-18,2026-06-18,started,0,
2026-06-18 21:37:06,688479,友车科技,2026-06-18,2026-06-18,updated,1,
2026-06-18 21:37:06,688472,阿特斯,2026-06-18,2026-06-18,updated,1,
2026-06-18 21:37:06,688484,南芯科技,2026-06-18,2026-06-18,started,0,
2026-06-18 21:37:06,688468,科美诊断,2026-06-18,2026-06-18,updated,1,
2026-06-18 21:37:06,688485,九州一轨,2026-06-18,2026-06-18,started,0,
2026-06-18 21:37:06,688486,龙迅股份,2026-06-18,2026-06-18,started,0,
2026-06-18 21:37:06,688469,芯联集成,2026-06-18,2026-06-18,updated,1,
2026-06-18 21:37:06,688488,艾迪药业,2026-06-18,2026-06-18,started,0,
2026-06-18 21:37:06,688478,晶升股份,2026-06-18,2026-06-18,updated,1,
2026-06-18 21:37:06,688489,三未信安,2026-06-18,2026-06-18,started,0,
2026-06-18 21:37:06,688475,萤石网络,2026-06-18,2026-06-18,updated,1,
2026-06-18 21:37:06,688496,*ST清越,2026-06-18,2026-06-18,started,0,
2026-06-18 21:37:06,688466,金科环境,2026-06-18,2026-06-18,updated,1,
2026-06-18 21:37:07,688480,赛恩斯,2026-06-18,2026-06-18,updated,1,
2026-06-18 21:37:07,688498,源杰科技,2026-06-18,2026-06-18,started,0,
2026-06-18 21:37:07,688499,利元亨,2026-06-18,2026-06-18,started,0,
2026-06-18 21:37:07,688484,南芯科技,2026-06-18,2026-06-18,updated,1,
2026-06-18 21:37:07,688500,慧辰股份,2026-06-18,2026-06-18,started,0,
2026-06-18 21:37:07,688485,九州一轨,2026-06-18,2026-06-18,updated,1,
2026-06-18 21:37:07,688501,青达环保,2026-06-18,2026-06-18,started,0,
2026-06-18 21:37:07,688486,龙迅股份,2026-06-18,2026-06-18,updated,1,
2026-06-18 21:37:07,688502,茂莱光学,2026-06-18,2026-06-18,started,0,
2026-06-18 21:37:07,688488,艾迪药业,2026-06-18,2026-06-18,updated,1,
2026-06-18 21:37:07,688503,聚和材料,2026-06-18,2026-06-18,started,0,
2026-06-18 21:37:07,688489,三未信安,2026-06-18,2026-06-18,updated,1,
2026-06-18 21:37:07,688505,复旦张江,2026-06-18,2026-06-18,started,0,
2026-06-18 21:37:07,688496,*ST清越,2026-06-18,2026-06-18,updated,1,
2026-06-18 21:37:07,688506,百利天恒,2026-06-18,2026-06-18,started,0,
2026-06-18 21:37:07,688499,利元亨,2026-06-18,2026-06-18,updated,1,
2026-06-18 21:37:07,688507,索辰科技,2026-06-18,2026-06-18,started,0,
2026-06-18 21:37:07,688498,源杰科技,2026-06-18,2026-06-18,updated,1,
2026-06-18 21:37:07,688500,慧辰股份,2026-06-18,2026-06-18,updated,1,
2026-06-18 21:37:07,688508,芯朋微,2026-06-18,2026-06-18,started,0,
2026-06-18 21:37:07,688509,正元地信,2026-06-18,2026-06-18,started,0,
2026-06-18 21:37:07,688502,茂莱光学,2026-06-18,2026-06-18,updated,1,
2026-06-18 21:37:07,688510,航亚科技,2026-06-18,2026-06-18,started,0,
2026-06-18 21:37:07,688503,聚和材料,2026-06-18,2026-06-18,updated,1,
2026-06-18 21:37:07,688511,天微电子,2026-06-18,2026-06-18,started,0,
2026-06-18 21:37:07,688501,青达环保,2026-06-18,2026-06-18,updated,1,
2026-06-18 21:37:07,688512,慧智微,2026-06-18,2026-06-18,started,0,
2026-06-18 21:37:07,688505,复旦张江,2026-06-18,2026-06-18,updated,1,
2026-06-18 21:37:07,688513,苑东生物,2026-06-18,2026-06-18,started,0,
2026-06-18 21:37:08,688506,百利天恒,2026-06-18,2026-06-18,updated,1,
2026-06-18 21:37:08,688515,裕太微,2026-06-18,2026-06-18,started,0,
2026-06-18 21:37:08,688507,索辰科技,2026-06-18,2026-06-18,updated,1,
2026-06-18 21:37:08,688516,奥特维,2026-06-18,2026-06-18,started,0,
2026-06-18 21:37:08,688509,正元地信,2026-06-18,2026-06-18,updated,1,
2026-06-18 21:37:08,688508,芯朋微,2026-06-18,2026-06-18,updated,1,
2026-06-18 21:37:08,688510,航亚科技,2026-06-18,2026-06-18,updated,1,
2026-06-18 21:37:08,688517,金冠电气,2026-06-18,2026-06-18,started,0,
2026-06-18 21:37:08,688518,联赢激光,2026-06-18,2026-06-18,started,0,
2026-06-18 21:37:08,688519,南亚新材,2026-06-18,2026-06-18,started,0,
2026-06-18 21:37:08,688512,慧智微,2026-06-18,2026-06-18,updated,1,
2026-06-18 21:37:08,688520,神州细胞,2026-06-18,2026-06-18,started,0,
2026-06-18 21:37:08,688511,天微电子,2026-06-18,2026-06-18,updated,1,
2026-06-18 21:37:08,688513,苑东生物,2026-06-18,2026-06-18,updated,1,
2026-06-18 21:37:08,688521,芯原股份,2026-06-18,2026-06-18,started,0,
2026-06-18 21:37:08,688515,裕太微,2026-06-18,2026-06-18,updated,1,
2026-06-18 21:37:08,688522,纳睿雷达,2026-06-18,2026-06-18,started,0,
2026-06-18 21:37:08,688516,奥特维,2026-06-18,2026-06-18,updated,1,
2026-06-18 21:37:08,688523,航天环宇,2026-06-18,2026-06-18,started,0,
2026-06-18 21:37:08,688525,佰维存储,2026-06-18,2026-06-18,started,0,
2026-06-18 21:37:08,688517,金冠电气,2026-06-18,2026-06-18,updated,1,
2026-06-18 21:37:08,688518,联赢激光,2026-06-18,2026-06-18,updated,1,
2026-06-18 21:37:08,688526,科前生物,2026-06-18,2026-06-18,started,0,
2026-06-18 21:37:08,688519,南亚新材,2026-06-18,2026-06-18,updated,1,
2026-06-18 21:37:08,688528,秦川物联,2026-06-18,2026-06-18,started,0,
2026-06-18 21:37:08,688529,豪森智能,2026-06-18,2026-06-18,started,0,
2026-06-18 21:37:08,688520,神州细胞,2026-06-18,2026-06-18,updated,1,
2026-06-18 21:37:09,688521,芯原股份,2026-06-18,2026-06-18,updated,1,
2026-06-18 21:37:09,688530,欧莱新材,2026-06-18,2026-06-18,started,0,
2026-06-18 21:37:09,688531,日联科技,2026-06-18,2026-06-18,started,0,
2026-06-18 21:37:09,688522,纳睿雷达,2026-06-18,2026-06-18,updated,1,
2026-06-18 21:37:09,688533,上声电子,2026-06-18,2026-06-18,started,0,
2026-06-18 21:37:09,688523,航天环宇,2026-06-18,2026-06-18,updated,1,
2026-06-18 21:37:09,688525,佰维存储,2026-06-18,2026-06-18,updated,1,
2026-06-18 21:37:09,688535,华海诚科,2026-06-18,2026-06-18,started,0,
2026-06-18 21:37:09,688536,思瑞浦,2026-06-18,2026-06-18,started,0,
2026-06-18 21:37:09,688526,科前生物,2026-06-18,2026-06-18,updated,1,
2026-06-18 21:37:09,688528,秦川物联,2026-06-18,2026-06-18,updated,1,
2026-06-18 21:37:09,688538,和辉光电,2026-06-18,2026-06-18,started,0,
2026-06-18 21:37:09,688539,高华科技,2026-06-18,2026-06-18,started,0,
2026-06-18 21:37:09,688529,豪森智能,2026-06-18,2026-06-18,updated,1,
2026-06-18 21:37:09,688543,国科军工,2026-06-18,2026-06-18,started,0,
2026-06-18 21:37:09,688530,欧莱新材,2026-06-18,2026-06-18,updated,1,
2026-06-18 21:37:09,688531,日联科技,2026-06-18,2026-06-18,updated,1,
2026-06-18 21:37:09,688545,兴福电子,2026-06-18,2026-06-18,started,0,
2026-06-18 21:37:09,688533,上声电子,2026-06-18,2026-06-18,updated,1,
2026-06-18 21:37:09,688548,广钢气体,2026-06-18,2026-06-18,started,0,
2026-06-18 21:37:09,688549,中巨芯,2026-06-18,2026-06-18,started,0,
2026-06-18 21:37:09,688535,华海诚科,2026-06-18,2026-06-18,updated,1,
2026-06-18 21:37:09,688536,思瑞浦,2026-06-18,2026-06-18,updated,1,
2026-06-18 21:37:09,688550,瑞联新材,2026-06-18,2026-06-18,started,0,
2026-06-18 21:37:09,688539,高华科技,2026-06-18,2026-06-18,updated,1,
2026-06-18 21:37:09,688551,科威尔,2026-06-18,2026-06-18,started,0,
2026-06-18 21:37:10,688552,航天南湖,2026-06-18,2026-06-18,started,0,
2026-06-18 21:37:10,688538,和辉光电,2026-06-18,2026-06-18,updated,1,
2026-06-18 21:37:10,688553,汇宇制药,2026-06-18,2026-06-18,started,0,
2026-06-18 21:37:10,688543,国科军工,2026-06-18,2026-06-18,updated,1,
2026-06-18 21:37:10,688556,高测股份,2026-06-18,2026-06-18,started,0,
2026-06-18 21:37:10,688545,兴福电子,2026-06-18,2026-06-18,updated,1,
2026-06-18 21:37:10,688557,兰剑智能,2026-06-18,2026-06-18,started,0,
2026-06-18 21:37:10,688548,广钢气体,2026-06-18,2026-06-18,updated,1,
2026-06-18 21:37:10,688549,中巨芯,2026-06-18,2026-06-18,updated,1,
2026-06-18 21:37:10,688558,国盛智科,2026-06-18,2026-06-18,started,0,
2026-06-18 21:37:10,688559,海目星,2026-06-18,2026-06-18,started,0,
2026-06-18 21:37:10,688550,瑞联新材,2026-06-18,2026-06-18,updated,1,
2026-06-18 21:37:10,688551,科威尔,2026-06-18,2026-06-18,updated,1,
2026-06-18 21:37:10,688560,明冠新材,2026-06-18,2026-06-18,started,0,
2026-06-18 21:37:10,688553,汇宇制药,2026-06-18,2026-06-18,updated,1,
2026-06-18 21:37:10,688561,奇安信,2026-06-18,2026-06-18,started,0,
2026-06-18 21:37:10,688562,航天软件,2026-06-18,2026-06-18,started,0,
2026-06-18 21:37:10,688552,航天南湖,2026-06-18,2026-06-18,updated,1,
2026-06-18 21:37:10,688563,航材股份,2026-06-18,2026-06-18,started,0,
2026-06-18 21:37:10,688556,高测股份,2026-06-18,2026-06-18,updated,1,
2026-06-18 21:37:10,688557,兰剑智能,2026-06-18,2026-06-18,updated,1,
2026-06-18 21:37:10,688565,力源科技,2026-06-18,2026-06-18,started,0,
2026-06-18 21:37:10,688566,吉贝尔,2026-06-18,2026-06-18,started,0,
2026-06-18 21:37:10,688558,国盛智科,2026-06-18,2026-06-18,updated,1,
2026-06-18 21:37:10,688567,孚能科技,2026-06-18,2026-06-18,started,0,
2026-06-18 21:37:10,688559,海目星,2026-06-18,2026-06-18,updated,1,
2026-06-18 21:37:10,688568,中科星图,2026-06-18,2026-06-18,started,0,
2026-06-18 21:37:10,688560,明冠新材,2026-06-18,2026-06-18,updated,1,
2026-06-18 21:37:11,688561,奇安信,2026-06-18,2026-06-18,updated,1,
2026-06-18 21:37:11,688569,铁科轨道,2026-06-18,2026-06-18,started,0,
2026-06-18 21:37:11,688570,天玛智控,2026-06-18,2026-06-18,started,0,
2026-06-18 21:37:11,688562,航天软件,2026-06-18,2026-06-18,updated,1,
2026-06-18 21:37:11,688563,航材股份,2026-06-18,2026-06-18,updated,1,
2026-06-18 21:37:11,688571,杭华股份,2026-06-18,2026-06-18,started,0,
2026-06-18 21:37:11,688565,力源科技,2026-06-18,2026-06-18,updated,1,
2026-06-18 21:37:11,688573,信宇人,2026-06-18,2026-06-18,started,0,
2026-06-18 21:37:11,688575,亚辉龙,2026-06-18,2026-06-18,started,0,
2026-06-18 21:37:11,688566,吉贝尔,2026-06-18,2026-06-18,updated,1,
2026-06-18 21:37:11,688567,孚能科技,2026-06-18,2026-06-18,updated,1,
2026-06-18 21:37:11,688576,西山科技,2026-06-18,2026-06-18,started,0,
2026-06-18 21:37:11,688577,浙海德曼,2026-06-18,2026-06-18,started,0,
2026-06-18 21:37:11,688568,中科星图,2026-06-18,2026-06-18,updated,1,
2026-06-18 21:37:11,688578,艾力斯,2026-06-18,2026-06-18,started,0,
2026-06-18 21:37:11,688569,铁科轨道,2026-06-18,2026-06-18,updated,1,
2026-06-18 21:37:11,688579,地纬智能,2026-06-18,2026-06-18,started,0,
2026-06-18 21:37:11,688570,天玛智控,2026-06-18,2026-06-18,updated,1,
2026-06-18 21:37:11,688571,杭华股份,2026-06-18,2026-06-18,updated,1,
2026-06-18 21:37:11,688580,伟思医疗,2026-06-18,2026-06-18,started,0,
2026-06-18 21:37:11,688581,安杰思,2026-06-18,2026-06-18,started,0,
2026-06-18 21:37:11,688573,信宇人,2026-06-18,2026-06-18,updated,1,
2026-06-18 21:37:11,688582,芯动联科,2026-06-18,2026-06-18,started,0,
2026-06-18 21:37:11,688575,亚辉龙,2026-06-18,2026-06-18,updated,1,
2026-06-18 21:37:11,688577,浙海德曼,2026-06-18,2026-06-18,updated,1,
2026-06-18 21:37:12,688583,思看科技,2026-06-18,2026-06-18,started,0,
2026-06-18 21:37:12,688576,西山科技,2026-06-18,2026-06-18,updated,1,
2026-06-18 21:37:12,688578,艾力斯,2026-06-18,2026-06-18,updated,1,
2026-06-18 21:37:12,688584,上海合晶,2026-06-18,2026-06-18,started,0,
2026-06-18 21:37:12,688585,上纬新材,2026-06-18,2026-06-18,started,0,
2026-06-18 21:37:12,688586,江航装备,2026-06-18,2026-06-18,started,0,
2026-06-18 21:37:12,688579,地纬智能,2026-06-18,2026-06-18,updated,1,
2026-06-18 21:37:12,688580,伟思医疗,2026-06-18,2026-06-18,updated,1,
2026-06-18 21:37:12,688588,凌志软件,2026-06-18,2026-06-18,started,0,
2026-06-18 21:37:12,688589,力合微,2026-06-18,2026-06-18,started,0,
2026-06-18 21:37:12,688581,安杰思,2026-06-18,2026-06-18,updated,1,
2026-06-18 21:37:12,688582,芯动联科,2026-06-18,2026-06-18,updated,1,
2026-06-18 21:37:12,688590,新致软件,2026-06-18,2026-06-18,started,0,
2026-06-18 21:37:12,688591,泰凌微,2026-06-18,2026-06-18,started,0,
2026-06-18 21:37:12,688583,思看科技,2026-06-18,2026-06-18,updated,1,
2026-06-18 21:37:12,688584,上海合晶,2026-06-18,2026-06-18,updated,1,
2026-06-18 21:37:12,688592,司南导航,2026-06-18,2026-06-18,started,0,
2026-06-18 21:37:12,688585,上纬新材,2026-06-18,2026-06-18,updated,1,
2026-06-18 21:37:12,688593,新相微,2026-06-18,2026-06-18,started,0,
2026-06-18 21:37:12,688595,芯海科技,2026-06-18,2026-06-18,started,0,
2026-06-18 21:37:12,688586,江航装备,2026-06-18,2026-06-18,updated,1,
2026-06-18 21:37:12,688596,正帆科技,2026-06-18,2026-06-18,started,0,
2026-06-18 21:37:12,688588,凌志软件,2026-06-18,2026-06-18,updated,1,
2026-06-18 21:37:12,688597,煜邦电力,2026-06-18,2026-06-18,started,0,
2026-06-18 21:37:12,688589,力合微,2026-06-18,2026-06-18,updated,1,
2026-06-18 21:37:12,688598,金博股份,2026-06-18,2026-06-18,started,0,
2026-06-18 21:37:12,688591,泰凌微,2026-06-18,2026-06-18,updated,1,
2026-06-18 21:37:13,688599,天合光能,2026-06-18,2026-06-18,started,0,
2026-06-18 21:37:13,688590,新致软件,2026-06-18,2026-06-18,updated,1,
2026-06-18 21:37:13,688600,皖仪科技,2026-06-18,2026-06-18,started,0,
2026-06-18 21:37:13,688592,司南导航,2026-06-18,2026-06-18,updated,1,
2026-06-18 21:37:13,688601,力芯微,2026-06-18,2026-06-18,started,0,
2026-06-18 21:37:13,688593,新相微,2026-06-18,2026-06-18,updated,1,
2026-06-18 21:37:13,688597,煜邦电力,2026-06-18,2026-06-18,updated,1,
2026-06-18 21:37:13,688602,康鹏科技,2026-06-18,2026-06-18,started,0,
2026-06-18 21:37:13,688603,天承科技,2026-06-18,2026-06-18,started,0,
2026-06-18 21:37:13,688595,芯海科技,2026-06-18,2026-06-18,updated,1,
2026-06-18 21:37:13,688605,先锋精科,2026-06-18,2026-06-18,started,0,
2026-06-18 21:37:13,688596,正帆科技,2026-06-18,2026-06-18,updated,1,
2026-06-18 21:37:13,688606,奥泰生物,2026-06-18,2026-06-18,started,0,
2026-06-18 21:37:13,688598,金博股份,2026-06-18,2026-06-18,updated,1,
2026-06-18 21:37:13,688607,康众医疗,2026-06-18,2026-06-18,started,0,
2026-06-18 21:37:13,688599,天合光能,2026-06-18,2026-06-18,updated,1,
2026-06-18 21:37:13,688608,恒玄科技,2026-06-18,2026-06-18,started,0,
2026-06-18 21:37:13,688600,皖仪科技,2026-06-18,2026-06-18,updated,1,
2026-06-18 21:37:13,688609,九联科技,2026-06-18,2026-06-18,started,0,
2026-06-18 21:37:13,688601,力芯微,2026-06-18,2026-06-18,updated,1,
2026-06-18 21:37:13,688605,先锋精科,2026-06-18,2026-06-18,updated,1,
2026-06-18 21:37:13,688610,埃科光电,2026-06-18,2026-06-18,started,0,
2026-06-18 21:37:13,688611,杭州柯林,2026-06-18,2026-06-18,started,0,
2026-06-18 21:37:13,688603,天承科技,2026-06-18,2026-06-18,updated,1,
2026-06-18 21:37:13,688602,康鹏科技,2026-06-18,2026-06-18,updated,1,
2026-06-18 21:37:13,688612,威迈斯,2026-06-18,2026-06-18,started,0,
2026-06-18 21:37:13,688613,奥精医疗,2026-06-18,2026-06-18,started,0,
2026-06-18 21:37:13,688606,奥泰生物,2026-06-18,2026-06-18,updated,1,
2026-06-18 21:37:14,688608,恒玄科技,2026-06-18,2026-06-18,updated,1,
2026-06-18 21:37:14,688615,合合信息,2026-06-18,2026-06-18,started,0,
2026-06-18 21:37:14,688616,西力科技,2026-06-18,2026-06-18,started,0,
2026-06-18 21:37:14,688607,康众医疗,2026-06-18,2026-06-18,updated,1,
2026-06-18 21:37:14,688617,惠泰医疗,2026-06-18,2026-06-18,started,0,
2026-06-18 21:37:14,688609,九联科技,2026-06-18,2026-06-18,updated,1,
2026-06-18 21:37:14,688618,三旺通信,2026-06-18,2026-06-18,started,0,
2026-06-18 21:37:14,688612,威迈斯,2026-06-18,2026-06-18,updated,1,
2026-06-18 21:37:14,688611,杭州柯林,2026-06-18,2026-06-18,updated,1,
2026-06-18 21:37:14,688619,罗普特,2026-06-18,2026-06-18,started,0,
2026-06-18 21:37:14,688620,安凯微,2026-06-18,2026-06-18,started,0,
2026-06-18 21:37:14,688610,埃科光电,2026-06-18,2026-06-18,updated,1,
2026-06-18 21:37:14,688621,阳光诺和,2026-06-18,2026-06-18,started,0,
2026-06-18 21:37:14,688613,奥精医疗,2026-06-18,2026-06-18,updated,1,
2026-06-18 21:37:14,688622,*ST禾信,2026-06-18,2026-06-18,started,0,
2026-06-18 21:37:14,688615,合合信息,2026-06-18,2026-06-18,updated,1,
2026-06-18 21:37:14,688623,双元科技,2026-06-18,2026-06-18,started,0,
2026-06-18 21:37:14,688616,西力科技,2026-06-18,2026-06-18,updated,1,
2026-06-18 21:37:14,688625,呈和科技,2026-06-18,2026-06-18,started,0,
2026-06-18 21:37:14,688617,惠泰医疗,2026-06-18,2026-06-18,updated,1,
2026-06-18 21:37:14,688626,翔宇医疗,2026-06-18,2026-06-18,started,0,
2026-06-18 21:37:14,688619,罗普特,2026-06-18,2026-06-18,updated,1,
2026-06-18 21:37:15,688627,精智达,2026-06-18,2026-06-18,started,0,
2026-06-18 21:37:15,688622,*ST禾信,2026-06-18,2026-06-18,updated,1,
2026-06-18 21:37:15,688621,阳光诺和,2026-06-18,2026-06-18,updated,1,
2026-06-18 21:37:15,688628,优利德,2026-06-18,2026-06-18,started,0,
2026-06-18 21:37:15,688629,华丰科技,2026-06-18,2026-06-18,started,0,
2026-06-18 21:37:15,688623,双元科技,2026-06-18,2026-06-18,updated,1,
2026-06-18 21:37:15,688625,呈和科技,2026-06-18,2026-06-18,updated,1,
2026-06-18 21:37:15,688630,芯碁微装,2026-06-18,2026-06-18,started,0,
2026-06-18 21:37:15,688631,莱斯信息,2026-06-18,2026-06-18,started,0,
2026-06-18 21:37:15,688620,安凯微,2026-06-18,2026-06-18,updated,1,
2026-06-18 21:37:15,688633,星球石墨,2026-06-18,2026-06-18,started,0,
2026-06-18 21:37:15,688618,三旺通信,2026-06-18,2026-06-18,updated,1,
2026-06-18 21:37:15,688626,翔宇医疗,2026-06-18,2026-06-18,updated,1,
2026-06-18 21:37:15,688635,长进光子,2026-06-18,2026-06-18,started,0,
2026-06-18 21:37:15,688636,智明达,2026-06-18,2026-06-18,started,0,
2026-06-18 21:37:15,688627,精智达,2026-06-18,2026-06-18,updated,1,
2026-06-18 21:37:15,688628,优利德,2026-06-18,2026-06-18,updated,1,
2026-06-18 21:37:15,688638,誉辰智能,2026-06-18,2026-06-18,started,0,
2026-06-18 21:37:15,688639,华恒生物,2026-06-18,2026-06-18,started,0,
2026-06-18 21:37:15,688630,芯碁微装,2026-06-18,2026-06-18,updated,1,
2026-06-18 21:37:15,688629,华丰科技,2026-06-18,2026-06-18,updated,1,
2026-06-18 21:37:15,688646,ST逸飞,2026-06-18,2026-06-18,started,0,
2026-06-18 21:37:15,688648,中邮科技,2026-06-18,2026-06-18,started,0,
2026-06-18 21:37:15,688631,莱斯信息,2026-06-18,2026-06-18,updated,1,
2026-06-18 21:37:15,688633,星球石墨,2026-06-18,2026-06-18,updated,1,
2026-06-18 21:37:15,688651,盛邦安全,2026-06-18,2026-06-18,started,0,
2026-06-18 21:37:15,688635,长进光子,2026-06-18,2026-06-18,updated,1,
2026-06-18 21:37:15,688652,京仪装备,2026-06-18,2026-06-18,started,0,
2026-06-18 21:37:16,688636,智明达,2026-06-18,2026-06-18,updated,1,
2026-06-18 21:37:16,688653,康希通信,2026-06-18,2026-06-18,started,0,
2026-06-18 21:37:16,688639,华恒生物,2026-06-18,2026-06-18,updated,1,
2026-06-18 21:37:16,688655,迅捷兴,2026-06-18,2026-06-18,started,0,
2026-06-18 21:37:16,688638,誉辰智能,2026-06-18,2026-06-18,updated,1,
2026-06-18 21:37:16,688656,浩欧博,2026-06-18,2026-06-18,started,0,
2026-06-18 21:37:16,688657,浩辰软件,2026-06-18,2026-06-18,started,0,
2026-06-18 21:37:16,688648,中邮科技,2026-06-18,2026-06-18,updated,1,
2026-06-18 21:37:16,688658,悦康药业,2026-06-18,2026-06-18,started,0,
2026-06-18 21:37:16,688646,ST逸飞,2026-06-18,2026-06-18,updated,1,
2026-06-18 21:37:16,688651,盛邦安全,2026-06-18,2026-06-18,updated,1,
2026-06-18 21:37:16,688659,元琛科技,2026-06-18,2026-06-18,started,0,
2026-06-18 21:37:16,688660,电气风电,2026-06-18,2026-06-18,started,0,
2026-06-18 21:37:16,688652,京仪装备,2026-06-18,2026-06-18,updated,1,
2026-06-18 21:37:16,688661,和林微纳,2026-06-18,2026-06-18,started,0,
2026-06-18 21:37:16,688653,康希通信,2026-06-18,2026-06-18,updated,1,
2026-06-18 21:37:16,688662,富信科技,2026-06-18,2026-06-18,started,0,
2026-06-18 21:37:16,688655,迅捷兴,2026-06-18,2026-06-18,updated,1,
2026-06-18 21:37:16,688656,浩欧博,2026-06-18,2026-06-18,updated,1,
2026-06-18 21:37:16,688663,新风光,2026-06-18,2026-06-18,started,0,
2026-06-18 21:37:16,688665,四方光电,2026-06-18,2026-06-18,started,0,
2026-06-18 21:37:16,688657,浩辰软件,2026-06-18,2026-06-18,updated,1,
2026-06-18 21:37:16,688667,菱电电控,2026-06-18,2026-06-18,started,0,
2026-06-18 21:37:16,688658,悦康药业,2026-06-18,2026-06-18,updated,1,
2026-06-18 21:37:16,688659,元琛科技,2026-06-18,2026-06-18,updated,1,
2026-06-18 21:37:16,688668,鼎通科技,2026-06-18,2026-06-18,started,0,
2026-06-18 21:37:17,688669,聚石化学,2026-06-18,2026-06-18,started,0,
2026-06-18 21:37:17,688660,电气风电,2026-06-18,2026-06-18,updated,1,
2026-06-18 21:37:17,688661,和林微纳,2026-06-18,2026-06-18,updated,1,
2026-06-18 21:37:17,688670,金迪克,2026-06-18,2026-06-18,started,0,
2026-06-18 21:37:17,688671,碧兴物联,2026-06-18,2026-06-18,started,0,
2026-06-18 21:37:17,688662,富信科技,2026-06-18,2026-06-18,updated,1,
2026-06-18 21:37:17,688663,新风光,2026-06-18,2026-06-18,updated,1,
2026-06-18 21:37:17,688676,金盘科技,2026-06-18,2026-06-18,started,0,
2026-06-18 21:37:17,688677,海泰新光,2026-06-18,2026-06-18,started,0,
2026-06-18 21:37:17,688665,四方光电,2026-06-18,2026-06-18,updated,1,
2026-06-18 21:37:17,688678,福立旺,2026-06-18,2026-06-18,started,0,
2026-06-18 21:37:17,688667,菱电电控,2026-06-18,2026-06-18,updated,1,
2026-06-18 21:37:17,688679,通源环境,2026-06-18,2026-06-18,started,0,
2026-06-18 21:37:17,688668,鼎通科技,2026-06-18,2026-06-18,updated,1,
2026-06-18 21:37:17,688669,聚石化学,2026-06-18,2026-06-18,updated,1,
2026-06-18 21:37:17,688680,海优新材,2026-06-18,2026-06-18,started,0,
2026-06-18 21:37:17,688670,金迪克,2026-06-18,2026-06-18,updated,1,
2026-06-18 21:37:17,688681,科汇股份,2026-06-18,2026-06-18,started,0,
2026-06-18 21:37:17,688671,碧兴物联,2026-06-18,2026-06-18,updated,1,
2026-06-18 21:37:17,688682,霍莱沃,2026-06-18,2026-06-18,started,0,
2026-06-18 21:37:17,688676,金盘科技,2026-06-18,2026-06-18,updated,1,
2026-06-18 21:37:17,688683,莱尔科技,2026-06-18,2026-06-18,started,0,
2026-06-18 21:37:17,688677,海泰新光,2026-06-18,2026-06-18,updated,1,
2026-06-18 21:37:17,688685,迈信林,2026-06-18,2026-06-18,started,0,
2026-06-18 21:37:17,688686,奥普特,2026-06-18,2026-06-18,started,0,
2026-06-18 21:37:17,688678,福立旺,2026-06-18,2026-06-18,updated,1,
2026-06-18 21:37:18,688687,凯因科技,2026-06-18,2026-06-18,started,0,
2026-06-18 21:37:18,688679,通源环境,2026-06-18,2026-06-18,updated,1,
2026-06-18 21:37:18,688689,银河微电,2026-06-18,2026-06-18,started,0,
2026-06-18 21:37:18,688680,海优新材,2026-06-18,2026-06-18,updated,1,
2026-06-18 21:37:18,688690,纳微科技,2026-06-18,2026-06-18,started,0,
2026-06-18 21:37:18,688681,科汇股份,2026-06-18,2026-06-18,updated,1,
2026-06-18 21:37:18,688683,莱尔科技,2026-06-18,2026-06-18,updated,1,
2026-06-18 21:37:18,688691,灿芯股份,2026-06-18,2026-06-18,started,0,
2026-06-18 21:37:18,688692,达梦数据,2026-06-18,2026-06-18,started,0,
2026-06-18 21:37:18,688682,霍莱沃,2026-06-18,2026-06-18,updated,1,
2026-06-18 21:37:18,688685,迈信林,2026-06-18,2026-06-18,updated,1,
2026-06-18 21:37:18,688693,锴威特,2026-06-18,2026-06-18,started,0,
2026-06-18 21:37:18,688695,中创股份,2026-06-18,2026-06-18,started,0,
2026-06-18 21:37:18,688687,凯因科技,2026-06-18,2026-06-18,updated,1,
2026-06-18 21:37:18,688686,奥普特,2026-06-18,2026-06-18,updated,1,
2026-06-18 21:37:18,688696,极米科技,2026-06-18,2026-06-18,started,0,
2026-06-18 21:37:18,688697,纽威数控,2026-06-18,2026-06-18,started,0,
2026-06-18 21:37:18,688689,银河微电,2026-06-18,2026-06-18,updated,1,
2026-06-18 21:37:18,688698,伟创电气,2026-06-18,2026-06-18,started,0,
2026-06-18 21:37:18,688690,纳微科技,2026-06-18,2026-06-18,updated,1,
2026-06-18 21:37:18,688699,明微电子,2026-06-18,2026-06-18,started,0,
2026-06-18 21:37:18,688691,灿芯股份,2026-06-18,2026-06-18,updated,1,
2026-06-18 21:37:18,688693,锴威特,2026-06-18,2026-06-18,updated,1,
2026-06-18 21:37:18,688700,东威科技,2026-06-18,2026-06-18,started,0,
2026-06-18 21:37:18,688701,卓锦股份,2026-06-18,2026-06-18,started,0,
2026-06-18 21:37:18,688692,达梦数据,2026-06-18,2026-06-18,updated,1,
2026-06-18 21:37:18,688702,盛科通信,2026-06-18,2026-06-18,started,0,
2026-06-18 21:37:18,688695,中创股份,2026-06-18,2026-06-18,updated,1,
2026-06-18 21:37:19,688707,振华新材,2026-06-18,2026-06-18,started,0,
2026-06-18 21:37:19,688696,极米科技,2026-06-18,2026-06-18,updated,1,
2026-06-18 21:37:19,688708,佳驰科技,2026-06-18,2026-06-18,started,0,
2026-06-18 21:37:19,688697,纽威数控,2026-06-18,2026-06-18,updated,1,
2026-06-18 21:37:19,688709,成都华微,2026-06-18,2026-06-18,started,0,
2026-06-18 21:37:19,688698,伟创电气,2026-06-18,2026-06-18,updated,1,
2026-06-18 21:37:19,688699,明微电子,2026-06-18,2026-06-18,updated,1,
2026-06-18 21:37:19,688710,益诺思,2026-06-18,2026-06-18,started,0,
2026-06-18 21:37:19,688701,卓锦股份,2026-06-18,2026-06-18,updated,1,
2026-06-18 21:37:19,688711,宏微科技,2026-06-18,2026-06-18,started,0,
2026-06-18 21:37:19,688712,北芯生命,2026-06-18,2026-06-18,started,0,
2026-06-18 21:37:19,688700,东威科技,2026-06-18,2026-06-18,updated,1,
2026-06-18 21:37:19,688716,中研股份,2026-06-18,2026-06-18,started,0,
2026-06-18 21:37:19,688702,盛科通信,2026-06-18,2026-06-18,updated,1,
2026-06-18 21:37:19,688717,艾罗能源,2026-06-18,2026-06-18,started,0,
2026-06-18 21:37:19,688707,振华新材,2026-06-18,2026-06-18,updated,1,
2026-06-18 21:37:19,688718,唯赛勃,2026-06-18,2026-06-18,started,0,
2026-06-18 21:37:19,688708,佳驰科技,2026-06-18,2026-06-18,updated,1,
2026-06-18 21:37:19,688719,爱科赛博,2026-06-18,2026-06-18,started,0,
2026-06-18 21:37:19,688709,成都华微,2026-06-18,2026-06-18,updated,1,
2026-06-18 21:37:19,688710,益诺思,2026-06-18,2026-06-18,updated,1,
2026-06-18 21:37:19,688720,艾森股份,2026-06-18,2026-06-18,started,0,
2026-06-18 21:37:19,688721,龙图光罩,2026-06-18,2026-06-18,started,0,
2026-06-18 21:37:19,688711,宏微科技,2026-06-18,2026-06-18,updated,1,
2026-06-18 21:37:19,688712,北芯生命,2026-06-18,2026-06-18,updated,1,
2026-06-18 21:37:19,688722,同益中,2026-06-18,2026-06-18,started,0,
2026-06-18 21:37:19,688726,拉普拉斯,2026-06-18,2026-06-18,started,0,
2026-06-18 21:37:20,688716,中研股份,2026-06-18,2026-06-18,updated,1,
2026-06-18 21:37:20,688727,恒坤新材,2026-06-18,2026-06-18,started,0,
2026-06-18 21:37:20,688717,艾罗能源,2026-06-18,2026-06-18,updated,1,
2026-06-18 21:37:20,688728,格科微,2026-06-18,2026-06-18,started,0,
2026-06-18 21:37:20,688718,唯赛勃,2026-06-18,2026-06-18,updated,1,
2026-06-18 21:37:20,688719,爱科赛博,2026-06-18,2026-06-18,updated,1,
2026-06-18 21:37:20,688729,屹唐股份,2026-06-18,2026-06-18,started,0,
2026-06-18 21:37:20,688733,壹石通,2026-06-18,2026-06-18,started,0,
2026-06-18 21:37:20,688720,艾森股份,2026-06-18,2026-06-18,updated,1,
2026-06-18 21:37:20,688721,龙图光罩,2026-06-18,2026-06-18,updated,1,
2026-06-18 21:37:20,688737,中自科技,2026-06-18,2026-06-18,started,0,
2026-06-18 21:37:20,688722,同益中,2026-06-18,2026-06-18,updated,1,
2026-06-18 21:37:20,688739,成大生物,2026-06-18,2026-06-18,started,0,
2026-06-18 21:37:20,688726,拉普拉斯,2026-06-18,2026-06-18,updated,1,
2026-06-18 21:37:20,688750,金天钛业,2026-06-18,2026-06-18,started,0,
2026-06-18 21:37:20,688727,恒坤新材,2026-06-18,2026-06-18,updated,1,
2026-06-18 21:37:20,688755,汉邦科技,2026-06-18,2026-06-18,started,0,
2026-06-18 21:37:20,688757,胜科纳米,2026-06-18,2026-06-18,started,0,
2026-06-18 21:37:20,688728,格科微,2026-06-18,2026-06-18,updated,1,
2026-06-18 21:37:20,688729,屹唐股份,2026-06-18,2026-06-18,updated,1,
2026-06-18 21:37:20,688758,赛分科技,2026-06-18,2026-06-18,started,0,
2026-06-18 21:37:20,688759,必贝特,2026-06-18,2026-06-18,started,0,
2026-06-18 21:37:20,688733,壹石通,2026-06-18,2026-06-18,updated,1,
2026-06-18 21:37:20,688739,成大生物,2026-06-18,2026-06-18,updated,1,
2026-06-18 21:37:20,688765,禾元生物,2026-06-18,2026-06-18,started,0,
2026-06-18 21:37:20,688766,普冉股份,2026-06-18,2026-06-18,started,0,
2026-06-18 21:37:20,688737,中自科技,2026-06-18,2026-06-18,updated,1,
2026-06-18 21:37:20,688767,博拓生物,2026-06-18,2026-06-18,started,0,
2026-06-18 21:37:20,688750,金天钛业,2026-06-18,2026-06-18,updated,1,
2026-06-18 21:37:21,688768,容知日新,2026-06-18,2026-06-18,started,0,
2026-06-18 21:37:21,688755,汉邦科技,2026-06-18,2026-06-18,updated,1,
2026-06-18 21:37:21,688757,胜科纳米,2026-06-18,2026-06-18,updated,1,
2026-06-18 21:37:21,688772,珠海冠宇,2026-06-18,2026-06-18,started,0,
2026-06-18 21:37:21,688775,影石创新,2026-06-18,2026-06-18,started,0,
2026-06-18 21:37:21,688765,禾元生物,2026-06-18,2026-06-18,updated,1,
2026-06-18 21:37:21,688759,必贝特,2026-06-18,2026-06-18,updated,1,
2026-06-18 21:37:21,688758,赛分科技,2026-06-18,2026-06-18,updated,1,
2026-06-18 21:37:21,688776,国光电气,2026-06-18,2026-06-18,started,0,
2026-06-18 21:37:21,688777,中控技术,2026-06-18,2026-06-18,started,0,
2026-06-18 21:37:21,688778,厦钨新能,2026-06-18,2026-06-18,started,0,
2026-06-18 21:37:21,688766,普冉股份,2026-06-18,2026-06-18,updated,1,
2026-06-18 21:37:21,688767,博拓生物,2026-06-18,2026-06-18,updated,1,
2026-06-18 21:37:21,688779,五矿新能,2026-06-18,2026-06-18,started,0,
2026-06-18 21:37:21,688781,视涯科技,2026-06-18,2026-06-18,started,0,
2026-06-18 21:37:21,688768,容知日新,2026-06-18,2026-06-18,updated,1,
2026-06-18 21:37:21,688783,西安奕材,2026-06-18,2026-06-18,started,0,
2026-06-18 21:37:21,688772,珠海冠宇,2026-06-18,2026-06-18,updated,1,
2026-06-18 21:37:21,688785,恒运昌,2026-06-18,2026-06-18,started,0,
2026-06-18 21:37:21,688775,影石创新,2026-06-18,2026-06-18,updated,1,
2026-06-18 21:37:21,688776,国光电气,2026-06-18,2026-06-18,updated,1,
2026-06-18 21:37:21,688786,悦安新材,2026-06-18,2026-06-18,started,0,
2026-06-18 21:37:21,688787,海天瑞声,2026-06-18,2026-06-18,started,0,
2026-06-18 21:37:21,688778,厦钨新能,2026-06-18,2026-06-18,updated,1,
2026-06-18 21:37:21,688788,科思科技,2026-06-18,2026-06-18,started,0,
2026-06-18 21:37:21,688777,中控技术,2026-06-18,2026-06-18,updated,1,
2026-06-18 21:37:21,688781,视涯科技,2026-06-18,2026-06-18,updated,1,
2026-06-18 21:37:21,688789,宏华数科,2026-06-18,2026-06-18,started,0,
2026-06-18 21:37:22,688790,昂瑞微,2026-06-18,2026-06-18,started,0,
2026-06-18 21:37:22,688779,五矿新能,2026-06-18,2026-06-18,updated,1,
2026-06-18 21:37:22,688783,西安奕材,2026-06-18,2026-06-18,updated,1,
2026-06-18 21:37:22,688793,倍轻松,2026-06-18,2026-06-18,started,0,
2026-06-18 21:37:22,688795,摩尔线程,2026-06-18,2026-06-18,started,0,
2026-06-18 21:37:22,688786,悦安新材,2026-06-18,2026-06-18,updated,1,
2026-06-18 21:37:22,688796,百奥赛图,2026-06-18,2026-06-18,started,0,
2026-06-18 21:37:22,688785,恒运昌,2026-06-18,2026-06-18,updated,1,
2026-06-18 21:37:22,688787,海天瑞声,2026-06-18,2026-06-18,updated,1,
2026-06-18 21:37:22,688798,艾为电子,2026-06-18,2026-06-18,started,0,
2026-06-18 21:37:22,688799,华纳药厂,2026-06-18,2026-06-18,started,0,
2026-06-18 21:37:22,688788,科思科技,2026-06-18,2026-06-18,updated,1,
2026-06-18 21:37:22,688800,瑞可达,2026-06-18,2026-06-18,started,0,
2026-06-18 21:37:22,688790,昂瑞微,2026-06-18,2026-06-18,updated,1,
2026-06-18 21:37:22,688802,沐曦股份,2026-06-18,2026-06-18,started,0,
2026-06-18 21:37:22,688789,宏华数科,2026-06-18,2026-06-18,updated,1,
2026-06-18 21:37:22,688805,健信超导,2026-06-18,2026-06-18,started,0,
2026-06-18 21:37:22,688795,摩尔线程,2026-06-18,2026-06-18,updated,1,
2026-06-18 21:37:22,688807,优迅股份,2026-06-18,2026-06-18,started,0,
2026-06-18 21:37:22,688793,倍轻松,2026-06-18,2026-06-18,updated,1,
2026-06-18 21:37:22,688808,联讯仪器,2026-06-18,2026-06-18,started,0,
2026-06-18 21:37:22,688796,百奥赛图,2026-06-18,2026-06-18,updated,1,
2026-06-18 21:37:22,688809,强一股份,2026-06-18,2026-06-18,started,0,
2026-06-18 21:37:22,688799,华纳药厂,2026-06-18,2026-06-18,updated,1,
2026-06-18 21:37:22,688811,有研复材,2026-06-18,2026-06-18,started,0,
2026-06-18 21:37:22,688798,艾为电子,2026-06-18,2026-06-18,updated,1,
2026-06-18 21:37:22,688813,泰金新能,2026-06-18,2026-06-18,started,0,
2026-06-18 21:37:22,688800,瑞可达,2026-06-18,2026-06-18,updated,1,
2026-06-18 21:37:22,688816,易思维,2026-06-18,2026-06-18,started,0,
2026-06-18 21:37:22,688802,沐曦股份,2026-06-18,2026-06-18,updated,1,
2026-06-18 21:37:23,688818,电科蓝天,2026-06-18,2026-06-18,started,0,
2026-06-18 21:37:23,688805,健信超导,2026-06-18,2026-06-18,updated,1,
2026-06-18 21:37:23,688819,天能股份,2026-06-18,2026-06-18,started,0,
2026-06-18 21:37:23,688807,优迅股份,2026-06-18,2026-06-18,updated,1,
2026-06-18 21:37:23,688820,盛合晶微,2026-06-18,2026-06-18,started,0,
2026-06-18 21:37:23,688808,联讯仪器,2026-06-18,2026-06-18,updated,1,
2026-06-18 21:37:23,688981,中芯国际,2026-06-18,2026-06-18,started,0,
2026-06-18 21:37:23,688809,强一股份,2026-06-18,2026-06-18,updated,1,
2026-06-18 21:37:23,689009,九号公司,2026-06-18,2026-06-18,started,0,
2026-06-18 21:37:23,688811,有研复材,2026-06-18,2026-06-18,updated,1,
2026-06-18 21:37:23,688813,泰金新能,2026-06-18,2026-06-18,updated,1,
2026-06-18 21:37:23,688816,易思维,2026-06-18,2026-06-18,updated,1,
2026-06-18 21:37:23,688818,电科蓝天,2026-06-18,2026-06-18,updated,1,
2026-06-18 21:37:23,688819,天能股份,2026-06-18,2026-06-18,updated,1,
2026-06-18 21:37:23,688820,盛合晶微,2026-06-18,2026-06-18,updated,1,
2026-06-18 21:37:23,688981,中芯国际,2026-06-18,2026-06-18,updated,1,
2026-06-18 21:37:23,689009,九号公司,2026-06-18,2026-06-18,updated,1,
