rank,rank_score,probability_score,code,name,current_stage,latest_date,latest_close,current_low_date,current_low_price,current_low_to_latest_pct,current_low_to_high_pct,current_drawdown_pct,current_is_bottom_confirmed,latest_pct_chg,latest_turn,historical_valid_event_count,history_sample_count,history_success_count,history_success_rate_pct,history_avg_rebound_pct,history_max_rebound_pct,upside_to_20pct_target_pct,risk_back_to_low_pct,reason
1,88.93517708341106,86.292625466744,002176,江特电机,bottom_area,2025-04-08,6.74,2025-04-08,6.58,2.4316109422492422,3.9513677811550116,27.85087719298245,False,0.4471,2.4731,4,4,4,100.0,18.369346317592864,39.01808785529715,5.568389057750759,2.4316109422492422,历史4/4次成功; 当前距低点2.43%; 最新日涨幅0.45%; 状态bottom_area; 底部未确认
2,88.65122444607888,84.01455628980646,002685,华东重机,confirmed_rebound,2025-04-08,5.03,2025-04-08,4.97,1.2072434607645974,8.04828973843059,28.898426323319033,False,-8.8768,4.5952,5,5,5,100.0,34.01651279757917,109.52380952380952,6.792756539235404,1.2072434607645974,历史5/5次成功; 当前距低点1.21%; 最新日涨幅-8.88%; 状态confirmed_rebound; 底部未确认
3,88.58537984923278,86.87445231187293,300644,南京聚隆,confirmed_rebound,2025-04-08,18.97,2025-04-07,18.42,2.9858849077089964,16.612377850162858,27.136075949367083,True,2.93,5.2927,3,3,3,100.0,45.97994570671739,78.38246409674981,5.014115092291004,2.9858849077089964,历史3/3次成功; 当前距低点2.99%; 最新日涨幅2.93%; 状态confirmed_rebound; 底部已确认
4,88.56898687319246,84.76185211782783,600992,贵绳股份,bottom_area,2025-04-08,12.45,2025-04-08,12.24,1.7156862745097965,5.065359477124177,29.411764705882348,False,-2.5059,2.4815,6,6,6,100.0,23.836649589839553,61.79906542056074,6.284313725490204,1.7156862745097965,历史6/6次成功; 当前距低点1.72%; 最新日涨幅-2.51%; 状态bottom_area; 底部未确认
5,88.00565117332401,85.52208968876234,301360,荣旗科技,bottom_area,2025-04-08,40.0,2025-04-08,39.02,2.5115325474115755,7.201435161455651,32.479667762588676,False,0.4268,5.4112,5,5,5,100.0,15.206365036885606,23.857583403420236,5.4884674525884245,2.5115325474115755,历史5/5次成功; 当前距低点2.51%; 最新日涨幅0.43%; 状态bottom_area; 底部未确认
6,87.60331328838524,86.3058059095883,301313,凡拓数创,confirmed_rebound,2025-04-08,19.21,2025-04-07,18.61,3.2240730789897984,18.162278344975817,27.86821705426357,True,3.2241,4.8591,5,5,5,100.0,29.1757662886292,52.43243243243245,4.7759269210102016,3.2240730789897984,历史5/5次成功; 当前距低点3.22%; 最新日涨幅3.22%; 状态confirmed_rebound; 底部已确认
7,87.24217615426831,85.61416234465685,603000,人民网,bottom_area,2025-04-08,19.1,2025-04-08,18.54,3.020496224379732,4.0992448759439135,27.179890023566383,False,0.4206,1.5317,5,5,5,100.0,21.940288904530274,48.493150684931514,4.979503775620269,3.020496224379732,历史5/5次成功; 当前距低点3.02%; 最新日涨幅0.42%; 状态bottom_area; 底部未确认
8,86.88719958149328,84.9770949689176,301381,赛维时代,bottom_area,2025-04-08,18.08,2025-04-08,17.58,2.8441410693970424,6.655290102389088,28.44932844932846,False,1.8018,2.4312,2,2,2,100.0,49.686755952380956,66.46875000000001,5.155858930602958,2.8441410693970424,历史2/2次成功; 当前距低点2.84%; 最新日涨幅1.80%; 状态bottom_area; 底部未确认
9,86.29682652789904,84.99233537825637,688005,容百科技,confirmed_rebound,2025-04-08,18.66,2025-04-07,18.08,3.207964601769922,18.086283185840728,28.95874263261297,True,3.208,4.0624,5,5,5,100.0,21.916638012321442,38.76758854924795,4.7920353982300785,3.207964601769922,历史5/5次成功; 当前距低点3.21%; 最新日涨幅3.21%; 状态confirmed_rebound; 底部已确认
10,86.04322711964592,81.76047115349756,600367,红星发展,bottom_area,2025-04-08,12.05,2025-04-08,11.89,1.3456686291000852,6.980656013456686,29.099582587954675,False,-8.7812,9.1188,6,6,6,100.0,13.379546386267538,24.161490683229793,6.654331370899914,1.3456686291000852,历史6/6次成功; 当前距低点1.35%; 最新日涨幅-8.78%; 状态bottom_area; 底部未确认
11,85.92031754507094,83.85204340487967,603273,天元智能,bottom_area,2025-04-08,14.66,2025-04-08,14.27,2.7330063069376354,6.517168885774351,29.94599901816397,False,-3.4891,7.2185,6,6,6,100.0,41.630633251061624,201.34228187919464,5.266993693062365,2.7330063069376354,历史6/6次成功; 当前距低点2.73%; 最新日涨幅-3.49%; 状态bottom_area; 底部未确认
12,85.88027970682106,84.36918974130514,300620,光库科技,bottom_area,2025-04-08,36.18,2025-04-08,35.1,3.0769230769230718,6.467236467236456,28.745432399512783,False,2.088,2.8888,7,7,7,100.0,15.938571810159868,22.444343480236245,4.923076923076929,3.0769230769230718,历史7/7次成功; 当前距低点3.08%; 最新日涨幅2.09%; 状态bottom_area; 底部未确认
13,85.74346514753657,81.31189563416493,000006,深振业A,confirmed_rebound,2025-04-08,5.71,2025-04-08,5.64,1.2411347517730547,8.865248226950355,31.386861313868625,False,-8.9314,5.6296,4,4,4,100.0,19.901520796814452,32.20338983050848,6.758865248226946,1.2411347517730547,历史4/4次成功; 当前距低点1.24%; 最新日涨幅-8.93%; 状态confirmed_rebound; 底部未确认
14,85.4164813953832,82.78490815598755,000813,德展健康,bottom_area,2025-04-08,3.02,2025-04-08,2.95,2.372881355932198,6.101694915254227,28.04878048780487,False,-1.9481,2.1954,4,4,4,100.0,21.26385831996215,39.9103139013453,5.627118644067802,2.372881355932198,历史4/4次成功; 当前距低点2.37%; 最新日涨幅-1.95%; 状态bottom_area; 底部未确认
15,85.27920708901102,81.65427002321577,002693,双成药业,confirmed_rebound,2025-04-08,7.01,2025-04-08,6.89,1.7416545718432528,8.417997097242381,28.895768833849328,False,-8.366,7.075,9,9,9,100.0,27.877647564614914,102.85714285714285,6.258345428156748,1.7416545718432528,历史9/9次成功; 当前距低点1.74%; 最新日涨幅-8.37%; 状态confirmed_rebound; 底部未确认
16,84.79949304258896,81.35391544717905,301577,美信科技,bottom_area,2025-04-08,44.2,2025-04-08,43.4,1.8433179723502402,5.599078341013825,32.07074659571138,False,0.4317,5.4408,2,2,2,100.0,17.939142065255847,20.630568882796446,6.15668202764976,1.8433179723502402,历史2/2次成功; 当前距低点1.84%; 最新日涨幅0.43%; 状态bottom_area; 底部未确认
17,84.72801096427445,83.24563030502222,300389,艾比森,bottom_area,2025-04-08,9.03,2025-04-08,8.76,3.0821917808219133,6.164383561643846,28.431372549019613,False,2.6136,2.9201,3,3,3,100.0,26.62918045858155,56.07985480943739,4.917808219178086,3.0821917808219133,历史3/3次成功; 当前距低点3.08%; 最新日涨幅2.61%; 状态bottom_area; 底部未确认
18,84.65370836626747,80.76213220676831,301587,中瑞股份,bottom_area,2025-04-08,18.96,2025-04-08,18.67,1.5532940546330964,4.713444027852163,31.586661780872106,False,1.0123,4.4128,2,2,2,100.0,11.202379845869716,13.552068473609118,6.4467059453669044,1.5532940546330964,历史2/2次成功; 当前距低点1.55%; 最新日涨幅1.01%; 状态bottom_area; 底部未确认
19,84.64287753789392,84.30735992276979,688339,亿华通,confirmed_rebound,2025-04-08,19.7,2025-04-07,18.98,3.7934668071654314,15.542676501580607,28.078817733990146,True,1.4418,2.5753,6,6,6,100.0,25.411098081220295,76.30996309963099,4.206533192834569,3.7934668071654314,历史6/6次成功; 当前距低点3.79%; 最新日涨幅1.44%; 状态confirmed_rebound; 底部已确认
20,84.20206352990854,80.85947126069325,000670,盈方微,bottom_area,2025-04-08,5.38,2025-04-08,5.28,1.8939393939393872,7.575757575757565,29.973474801061005,False,-4.2705,4.496,5,5,5,100.0,15.256199348790634,23.28519855595668,6.1060606060606135,1.8939393939393872,历史5/5次成功; 当前距低点1.89%; 最新日涨幅-4.27%; 状态bottom_area; 底部未确认
21,84.18597558278442,80.00441166635622,002213,大为股份,confirmed_rebound,2025-04-08,12.0,2025-04-08,11.84,1.3513513513513526,10.64189189189189,31.481481481481488,False,-8.7452,8.6193,4,4,4,100.0,14.223079287297208,20.248254460822338,6.648648648648647,1.3513513513513526,历史4/4次成功; 当前距低点1.35%; 最新日涨幅-8.75%; 状态confirmed_rebound; 底部未确认
22,83.95578315432444,82.41375054739706,688251,井松智能,confirmed_rebound,2025-04-08,16.29,2025-04-07,15.81,3.0360531309297825,14.800759013282718,30.044247787610622,True,2.6465,3.489,3,3,3,100.0,22.61264347267183,39.7972972972973,4.963946869070218,3.0360531309297825,历史3/3次成功; 当前距低点3.04%; 最新日涨幅2.65%; 状态confirmed_rebound; 底部已确认
23,83.92975984082493,81.21179896278625,600202,哈空调,bottom_area,2025-04-08,4.47,2025-04-08,4.37,2.2883295194507927,7.3226544622425696,29.855537720706266,False,-7.8351,12.7244,6,6,6,100.0,21.984893909322835,41.50485436893204,5.711670480549208,2.2883295194507927,历史6/6次成功; 当前距低点2.29%; 最新日涨幅-7.84%; 状态bottom_area; 底部未确认
24,83.79403683920145,80.35509988166423,002558,巨人网络,bottom_area,2025-04-08,12.3,2025-04-08,12.08,1.8211920529801375,5.71192052980132,29.356725146198837,False,-2.148,1.8296,3,3,3,100.0,18.10439657235994,22.512562814070357,6.1788079470198625,1.8211920529801375,历史3/3次成功; 当前距低点1.82%; 最新日涨幅-2.15%; 状态bottom_area; 底部未确认
25,83.71061083668258,81.94594059405942,000628,高新发展,bottom_area,2025-04-08,39.49,2025-04-08,38.38,2.8921313183949957,6.878582595101617,29.7069597069597,False,-4.3362,6.1118,3,3,3,100.0,50.322228985477345,99.77973568281939,5.107868681605004,2.8921313183949957,历史3/3次成功; 当前距低点2.89%; 最新日涨幅-4.34%; 状态bottom_area; 底部未确认
26,83.63628123881492,80.63191403108148,688038,中科通达,bottom_area,2025-04-08,11.68,2025-04-08,11.44,2.0979020979020997,7.342657342657341,30.03058103975536,False,-0.0855,2.3068,3,3,3,100.0,22.98457427042072,44.92753623188406,5.902097902097901,2.0979020979020997,历史3/3次成功; 当前距低点2.10%; 最新日涨幅-0.09%; 状态bottom_area; 底部未确认
27,83.61165855924519,82.63193514720346,300512,中亚股份,bottom_area,2025-04-08,6.41,2025-04-08,6.2,3.387096774193548,7.258064516129036,30.726256983240212,False,2.2329,1.9504,4,4,4,100.0,10.400622539595343,12.999999999999995,4.612903225806452,3.387096774193548,历史4/4次成功; 当前距低点3.39%; 最新日涨幅2.23%; 状态bottom_area; 底部未确认
28,83.60807592667967,79.79345477768456,002855,捷荣技术,confirmed_rebound,2025-04-08,14.86,2025-04-08,14.63,1.5721120984278785,8.680792891319204,31.120527306967976,False,-8.5538,2.1723,4,4,4,100.0,15.79500194677479,21.093749999999993,6.427887901572121,1.5721120984278785,历史4/4次成功; 当前距低点1.57%; 最新日涨幅-8.55%; 状态confirmed_rebound; 底部未确认
29,83.59854467592962,77.40605988512002,601689,拓普集团,bottom_area,2025-04-08,45.86,2025-04-08,45.86,0.0,6.628870475359788,28.455538221528855,False,-9.9902,2.9277,4,4,4,100.0,25.570214436129103,47.99107142857144,8.0,0.0,历史4/4次成功; 当前距低点0.00%; 最新日涨幅-9.99%; 状态bottom_area; 底部未确认
30,83.58230106678276,77.39101950628033,603215,比依股份,bottom_area,2025-04-08,13.42,2025-04-08,13.42,0.0,5.812220566318922,32.4269889224572,False,-9.9933,5.0427,4,4,4,100.0,25.48935218430281,36.01562499999999,8.0,0.0,历史4/4次成功; 当前距低点0.00%; 最新日涨幅-9.99%; 状态bottom_area; 底部未确认
31,83.51037675009233,81.27032084773462,002700,万憬能源,bottom_area,2025-04-08,8.33,2025-04-08,8.12,2.586206896551735,5.418719211822676,30.300429184549365,False,1.7094,1.9024,2,2,2,100.0,26.59608909608909,29.54545454545454,5.413793103448265,2.586206896551735,历史2/2次成功; 当前距低点2.59%; 最新日涨幅1.71%; 状态bottom_area; 底部未确认
32,83.50861681853878,81.56285011150844,002405,四维图新,bottom_area,2025-04-08,7.78,2025-04-08,7.57,2.7741083223249663,6.605019815059444,27.281460134486068,False,-2.75,3.1126,5,5,5,100.0,19.61191981940518,41.62162162162163,5.225891677675034,2.7741083223249663,历史5/5次成功; 当前距低点2.77%; 最新日涨幅-2.75%; 状态bottom_area; 底部未确认
33,83.48730778866391,83.34313656674559,688070,纵横股份,confirmed_rebound,2025-04-08,35.61,2025-04-07,34.27,3.910125474175653,19.929967901955056,31.66500498504486,True,1.6557,1.4211,5,5,5,100.0,21.657111010032576,34.23295454545453,4.089874525824348,3.910125474175653,历史5/5次成功; 当前距低点3.91%; 最新日涨幅1.66%; 状态confirmed_rebound; 底部已确认
34,83.43528834325511,81.73947526121496,300615,欣天科技,bottom_area,2025-04-08,10.18,2025-04-08,9.89,2.9322548028311335,6.370070778564196,30.35211267605633,False,2.1063,4.8978,3,3,3,100.0,16.693635546612654,24.306326304106545,5.0677451971688665,2.9322548028311335,历史3/3次成功; 当前距低点2.93%; 最新日涨幅2.11%; 状态bottom_area; 底部未确认
35,83.41438726665754,77.23554376542364,002862,实丰文化,bottom_area,2025-04-08,21.46,2025-04-08,21.46,0.0,4.7996272134203055,28.371161548731642,False,-9.9832,4.4994,6,6,6,100.0,24.653461104428136,45.40647719762062,8.0,0.0,历史6/6次成功; 当前距低点0.00%; 最新日涨幅-9.98%; 状态bottom_area; 底部未确认
36,83.4054997260663,79.1824364487971,002636,金安国纪,confirmed_rebound,2025-04-08,7.02,2025-04-08,6.93,1.2987012987012967,10.822510822510822,28.99590163934426,False,-8.8312,2.9747,2,2,2,100.0,42.49180327868853,69.0,6.701298701298704,1.2987012987012967,历史2/2次成功; 当前距低点1.30%; 最新日涨幅-8.83%; 状态confirmed_rebound; 底部未确认
37,83.21259084456534,80.9461000433515,600198,大唐电信,bottom_area,2025-04-08,7.2,2025-04-08,7.02,2.564102564102573,6.980056980056984,29.019211324570282,False,-3.8718,2.4153,5,5,5,100.0,23.936848868308463,43.60189573459716,5.435897435897427,2.564102564102573,历史5/5次成功; 当前距低点2.56%; 最新日涨幅-3.87%; 状态bottom_area; 底部未确认
38,83.11510986504169,80.7146734790477,300739,明阳电路,confirmed_rebound,2025-04-08,10.76,2025-04-07,10.5,2.476190476190474,18.0952380952381,32.17054263565892,False,2.4762,2.9711,3,3,3,100.0,15.808536369688117,20.239999999999995,5.523809523809526,2.476190476190474,历史3/3次成功; 当前距低点2.48%; 最新日涨幅2.48%; 状态confirmed_rebound; 底部未确认
39,82.96990453756571,78.93878041851217,605068,明新旭腾,confirmed_rebound,2025-04-08,12.94,2025-04-08,12.76,1.4106583072100292,9.404388714733551,29.619415333701042,False,-8.7447,3.466,2,2,2,100.0,42.554200854575384,50.84621044885945,6.589341692789971,1.4106583072100292,历史2/2次成功; 当前距低点1.41%; 最新日涨幅-8.74%; 状态confirmed_rebound; 底部未确认
40,82.96971322858387,77.11607456132477,603236,移远通信,confirmed_rebound,2025-04-08,60.98,2025-04-08,60.86,0.19717384160367638,9.185014788038126,31.60260732748933,False,-9.8196,7.7892,5,5,5,100.0,24.38511247409218,43.55271994627266,7.802826158396324,0.19717384160367638,历史5/5次成功; 当前距低点0.20%; 最新日涨幅-9.82%; 状态confirmed_rebound; 底部未确认
41,82.90569037239119,80.37428624058882,300471,厚普股份,confirmed_rebound,2025-04-08,7.29,2025-04-07,7.12,2.387640449438201,18.25842696629213,30.73929961089494,True,2.3876,2.6652,2,2,2,100.0,20.366163791978032,20.386007237635724,5.612359550561799,2.387640449438201,历史2/2次成功; 当前距低点2.39%; 最新日涨幅2.39%; 状态confirmed_rebound; 底部已确认
42,82.82471873511267,81.42741446276075,600110,诺德股份,bottom_area,2025-04-08,3.31,2025-04-08,3.21,3.1152647975077907,6.5420560747663545,28.982300884955748,False,-1.7804,2.2479,5,5,5,100.0,23.06568925311025,36.28808864265928,4.88473520249221,3.1152647975077907,历史5/5次成功; 当前距低点3.12%; 最新日涨幅-1.78%; 状态bottom_area; 底部未确认
43,82.7543626817816,81.10322884718654,300448,浩云科技,confirmed_rebound,2025-04-08,5.58,2025-04-07,5.42,2.9520295202952056,16.78966789667897,32.50311332503113,True,2.952,3.7878,3,3,3,100.0,14.536861040105457,17.703349282296656,5.047970479704794,2.9520295202952056,历史3/3次成功; 当前距低点2.95%; 最新日涨幅2.95%; 状态confirmed_rebound; 底部已确认
44,82.75117405468336,81.31415183137763,300488,恒锋工具,confirmed_rebound,2025-04-08,28.7,2025-04-08,27.84,3.0890804597701127,8.47701149425287,31.546594541431034,False,-0.3126,3.4389,4,4,4,100.0,32.35083483684665,65.52470248827983,4.910919540229887,3.0890804597701127,历史4/4次成功; 当前距低点3.09%; 最新日涨幅-0.31%; 状态confirmed_rebound; 底部未确认
45,82.74050164280797,83.10164728671658,300545,联得装备,confirmed_rebound,2025-04-08,26.14,2025-04-08,25.08,4.226475279106867,9.569377990430631,31.193415637860095,False,1.1219,7.3723,4,4,4,100.0,33.43016625311952,49.416135881104026,3.773524720893133,4.226475279106867,历史4/4次成功; 当前距低点4.23%; 最新日涨幅1.12%; 状态confirmed_rebound; 底部未确认
46,82.65927295027117,80.34123087900801,002494,华斯股份,bottom_area,2025-04-08,3.66,2025-04-08,3.57,2.5210084033613533,6.442577030812324,28.0241935483871,False,-4.1885,5.8037,5,5,5,100.0,20.156613111139137,35.67251461988303,5.478991596638647,2.5210084033613533,历史5/5次成功; 当前距低点2.52%; 最新日涨幅-4.19%; 状态bottom_area; 底部未确认
47,82.65285391730178,82.3272389133735,301337,亚华电子,confirmed_rebound,2025-04-08,24.07,2025-04-07,23.19,3.794739111686067,18.844329452350138,32.78260869565217,True,3.7947,6.1071,4,4,4,100.0,14.780882193643663,18.994064354889115,4.2052608883139335,3.794739111686067,历史4/4次成功; 当前距低点3.79%; 最新日涨幅3.79%; 状态confirmed_rebound; 底部已确认
48,82.52692174833432,80.8353010975632,002759,天际股份,bottom_area,2025-04-08,6.69,2025-04-08,6.5,2.923076923076929,5.846153846153845,31.72268907563025,False,-2.193,2.6663,4,4,4,100.0,17.526432699884932,27.166666666666668,5.07692307692307,2.923076923076929,历史4/4次成功; 当前距低点2.92%; 最新日涨幅-2.19%; 状态bottom_area; 底部未确认
49,82.52159104191898,76.65869271577195,002363,隆基机械,bottom_area,2025-04-08,5.91,2025-04-08,5.9,0.1694915254237252,7.627118644067784,31.31548311990686,False,-9.9085,7.4696,3,3,3,100.0,28.038351579236803,54.96828752642705,7.830508474576275,0.1694915254237252,历史3/3次成功; 当前距低点0.17%; 最新日涨幅-9.91%; 状态bottom_area; 底部未确认
50,82.5190520238585,76.40652965172083,603063,禾望电气,bottom_area,2025-04-08,25.6,2025-04-08,25.6,0.0,5.468749999999995,29.125138427463998,False,-9.9859,4.9303,4,4,4,100.0,20.196395976993703,28.846153846153843,8.0,0.0,历史4/4次成功; 当前距低点0.00%; 最新日涨幅-9.99%; 状态bottom_area; 底部未确认
51,82.3213414052467,80.82086956521736,300337,银邦股份,confirmed_rebound,2025-04-08,9.48,2025-04-07,9.2,3.043478260869578,15.760869565217403,29.50191570881227,False,3.0435,5.0701,4,5,4,80.0,51.38046630670999,131.5277777777778,4.956521739130422,3.043478260869578,历史4/5次成功; 当前距低点3.04%; 最新日涨幅3.04%; 状态confirmed_rebound; 底部未确认
52,82.27743426321354,78.65604570972108,000953,中哲精化,bottom_area,2025-04-08,4.9,2025-04-08,4.82,1.6597510373443998,6.63900414937758,30.846484935437584,False,-8.5821,16.9638,3,3,3,100.0,17.205796101431773,29.981024667931695,6.3402489626556005,1.6597510373443998,历史3/3次成功; 当前距低点1.66%; 最新日涨幅-8.58%; 状态bottom_area; 底部未确认
53,82.18134416840827,80.8002510960159,300411,金盾股份,confirmed_rebound,2025-04-08,10.25,2025-04-07,9.94,3.118712273641856,17.706237424547282,30.586592178770957,True,3.1187,4.6021,2,2,2,100.0,31.617823010318947,33.550488599348526,4.881287726358144,3.118712273641856,历史2/2次成功; 当前距低点3.12%; 最新日涨幅3.12%; 状态confirmed_rebound; 底部已确认
54,82.08001962684035,82.2450993962378,300486,东杰智能,confirmed_rebound,2025-04-08,5.58,2025-04-07,5.36,4.104477611940293,17.53731343283581,30.92783505154639,True,4.1045,3.5747,4,4,4,100.0,18.1360664057079,21.839080459770123,3.895522388059707,4.104477611940293,历史4/4次成功; 当前距低点4.10%; 最新日涨幅4.10%; 状态confirmed_rebound; 底部已确认
55,81.98087913919126,79.43316115915565,002374,中锐股份,bottom_area,2025-04-08,2.17,2025-04-08,2.12,2.3584905660377276,5.188679245283013,27.147766323024054,False,-3.9823,2.0892,4,4,4,100.0,13.28236370818097,20.94240837696336,5.6415094339622724,2.3584905660377276,历史4/4次成功; 当前距低点2.36%; 最新日涨幅-3.98%; 状态bottom_area; 底部未确认
56,81.88163911800267,80.03814203231514,000985,大庆华科,bottom_area,2025-04-08,14.97,2025-04-08,14.56,2.8159340659340666,7.005494505494503,30.03363767419509,False,-3.6059,2.2776,3,3,3,100.0,38.808987648627976,56.687898089171995,5.184065934065933,2.8159340659340666,历史3/3次成功; 当前距低点2.82%; 最新日涨幅-3.61%; 状态bottom_area; 底部未确认
57,81.80459658927487,77.78315458359256,002709,天赐材料,bottom_area,2025-04-08,16.17,2025-04-08,15.95,1.3793103448276014,5.768025078369917,29.111111111111114,False,-3.2895,2.4515,2,2,2,100.0,25.74183962257791,29.287749287749286,6.620689655172399,1.3793103448276014,历史2/2次成功; 当前距低点1.38%; 最新日涨幅-3.29%; 状态bottom_area; 底部未确认
58,81.76997168258252,79.7975667113777,002339,积成电子,confirmed_rebound,2025-04-08,6.02,2025-04-08,5.86,2.7303754266211477,9.215017064846416,27.832512315270925,False,-5.7903,5.7077,6,6,6,100.0,30.015175720827465,82.94930875576038,5.269624573378852,2.7303754266211477,历史6/6次成功; 当前距低点2.73%; 最新日涨幅-5.79%; 状态confirmed_rebound; 底部未确认
59,81.68973468556749,77.26106315282017,002448,中原内配,confirmed_rebound,2025-04-08,6.42,2025-04-08,6.35,1.102362204724414,10.078740157480324,30.143014301430142,False,-8.9362,8.7713,2,2,2,100.0,29.755102040816322,42.17687074829931,6.897637795275586,1.102362204724414,历史2/2次成功; 当前距低点1.10%; 最新日涨幅-8.94%; 状态confirmed_rebound; 底部未确认
60,81.5718245266277,79.08034925351687,688049,炬芯科技,confirmed_rebound,2025-04-08,35.6,2025-04-08,34.77,2.3871153293068685,8.31176301409259,28.968335035750766,False,-2.4658,8.6826,5,5,5,100.0,11.736409700733955,15.472312703583075,5.6128846706931315,2.3871153293068685,历史5/5次成功; 当前距低点2.39%; 最新日涨幅-2.47%; 状态confirmed_rebound; 底部未确认
61,81.44366386434655,80.36422707721388,300731,科创新源,confirmed_rebound,2025-04-08,20.31,2025-04-08,19.66,3.3062054933875817,9.308240081383511,30.28368794326241,False,-0.636,7.3005,4,4,4,100.0,29.905245172782635,53.7536092396535,4.693794506612418,3.3062054933875817,历史4/4次成功; 当前距低点3.31%; 最新日涨幅-0.64%; 状态confirmed_rebound; 底部未确认
62,81.38758590261959,80.31434301159605,301538,骏鼎达,confirmed_rebound,2025-04-08,58.37,2025-04-07,56.5,3.3097345132743317,15.823008849557517,30.246913580246915,True,0.8814,4.0859,3,3,3,100.0,14.680310225061985,24.70246332687516,4.690265486725669,3.3097345132743317,历史3/3次成功; 当前距低点3.31%; 最新日涨幅0.88%; 状态confirmed_rebound; 底部已确认
63,81.36922941654866,79.87529463284591,002044,美年健康,bottom_area,2025-04-08,5.09,2025-04-08,4.94,3.0364372469635517,4.65587044534412,32.42134062927496,False,-0.5859,2.8757,4,4,4,100.0,13.754685784531162,18.108108108108105,4.963562753036449,3.0364372469635517,历史4/4次成功; 当前距低点3.04%; 最新日涨幅-0.59%; 状态bottom_area; 底部未确认
64,81.27791539182782,80.15824467259162,688333,铂力特,bottom_area,2025-04-08,54.81,2025-04-08,53.07,3.2786885245901676,6.180516299227437,31.94408822775071,False,0.1828,3.8322,3,3,3,100.0,12.43900273471616,17.757827895774028,4.721311475409832,3.2786885245901676,历史3/3次成功; 当前距低点3.28%; 最新日涨幅0.18%; 状态bottom_area; 底部未确认
65,81.17037865819411,82.04050522880262,300589,江龙船艇,confirmed_rebound,2025-04-08,10.56,2025-04-07,10.1,4.554455445544563,15.544554455445548,28.823114869626497,False,4.5545,8.0642,4,4,4,100.0,31.745503465829096,44.07616361071933,3.4455445544554375,4.554455445544563,历史4/4次成功; 当前距低点4.55%; 最新日涨幅4.55%; 状态confirmed_rebound; 底部未确认
66,81.11547369985492,80.15508058260615,603131,上海沪工,bottom_area,2025-04-08,15.29,2025-04-08,14.79,3.3806626098715347,7.7755240027045325,31.464318813716403,False,-2.7354,3.2201,5,5,5,100.0,19.47844802749052,30.158730158730158,4.619337390128465,3.3806626098715347,历史5/5次成功; 当前距低点3.38%; 最新日涨幅-2.74%; 状态bottom_area; 底部未确认
67,81.09903284521262,80.7415854685158,300354,东华测试,bottom_area,2025-04-08,35.78,2025-04-08,34.48,3.770301624129943,6.902552204176342,27.3646513587529,False,3.59,7.0503,2,2,2,100.0,38.26813533081753,39.34343434343434,4.229698375870057,3.770301624129943,历史2/2次成功; 当前距低点3.77%; 最新日涨幅3.59%; 状态bottom_area; 底部未确认
68,80.71645243674678,79.45144555784051,688182,灿勤科技,confirmed_rebound,2025-04-08,20.45,2025-04-08,19.82,3.1786074672048388,9.38446014127144,29.66643009226402,False,-1.7771,3.3067,4,4,4,100.0,23.433712812190997,49.999999999999986,4.821392532795161,3.1786074672048388,历史4/4次成功; 当前距低点3.18%; 最新日涨幅-1.78%; 状态confirmed_rebound; 底部未确认
69,80.70506865995095,81.13067218617348,300554,三超新材,confirmed_rebound,2025-04-08,17.08,2025-04-07,16.38,4.273504273504269,19.413919413919416,27.361419068736147,True,4.0829,4.4658,4,4,4,100.0,14.216461987974302,21.15606936416185,3.7264957264957315,4.273504273504269,历史4/4次成功; 当前距低点4.27%; 最新日涨幅4.08%; 状态confirmed_rebound; 底部已确认
70,80.6442808223683,77.91880905959128,002377,国创高新,bottom_area,2025-04-08,2.31,2025-04-08,2.26,2.2123893805309858,5.752212389380547,28.25396825396826,False,-5.3279,2.8197,3,3,3,100.0,20.016434662375936,34.87179487179487,5.787610619469015,2.2123893805309858,历史3/3次成功; 当前距低点2.21%; 最新日涨幅-5.33%; 状态bottom_area; 底部未确认
71,80.57381674724321,76.73696833070781,000700,模塑科技,confirmed_rebound,2025-04-08,6.24,2025-04-08,6.15,1.4634146341463392,10.406504065040645,31.666666666666664,False,-8.6384,6.2648,2,2,2,100.0,31.363191916997117,52.926829268292686,6.536585365853662,1.4634146341463392,历史2/2次成功; 当前距低点1.46%; 最新日涨幅-8.64%; 状态confirmed_rebound; 底部未确认
72,80.48374741618089,78.87176964246623,001696,宗申动力,confirmed_rebound,2025-04-08,17.81,2025-04-08,17.3,2.9479768786127054,9.132947976878603,30.8,False,-6.8027,5.8094,4,4,4,100.0,27.705144761845098,65.16853932584267,5.052023121387295,2.9479768786127054,历史4/4次成功; 当前距低点2.95%; 最新日涨幅-6.80%; 状态confirmed_rebound; 底部未确认
73,80.46259867306458,74.5024061787635,603305,旭升集团,confirmed_rebound,2025-04-08,10.93,2025-04-08,10.93,0.0,9.0576395242452,31.25786163522013,False,-9.9671,3.9632,6,6,6,100.0,20.174226767545644,32.41061130334487,8.0,0.0,历史6/6次成功; 当前距低点0.00%; 最新日涨幅-9.97%; 状态confirmed_rebound; 底部未确认
74,80.4217190905683,77.74826981279497,605258,协和电子,confirmed_rebound,2025-04-08,25.08,2025-04-08,24.53,2.2421524663677013,10.640032613126781,30.92086736130667,False,-7.9971,3.8818,3,3,3,100.0,29.679448581254412,49.971379507727534,5.757847533632299,2.2421524663677013,历史3/3次成功; 当前距低点2.24%; 最新日涨幅-8.00%; 状态confirmed_rebound; 底部未确认
75,80.39437956929132,78.3014785818192,300577,开润股份,bottom_area,2025-04-08,17.18,2025-04-08,16.74,2.6284348864994107,6.750298685782573,32.363636363636374,False,-2.9927,4.4538,3,3,3,100.0,16.95865657547232,23.626373626373624,5.37156511350059,2.6284348864994107,历史3/3次成功; 当前距低点2.63%; 最新日涨幅-2.99%; 状态bottom_area; 底部未确认
76,80.26788306764908,76.99933966943628,603185,弘元绿能,bottom_area,2025-04-08,12.74,2025-04-08,12.51,1.8385291766586764,7.513988808952835,29.12181303116147,False,-3.265,1.8954,6,7,6,85.71428571428571,24.77596263097275,43.51028702057404,6.161470823341324,1.8385291766586764,历史6/7次成功; 当前距低点1.84%; 最新日涨幅-3.27%; 状态bottom_area; 底部未确认
77,80.19224001351542,81.35377837904053,603033,三维股份,bottom_area,2025-04-08,10.59,2025-04-08,10.11,4.74777448071217,4.74777448071217,28.601694915254246,False,2.4178,0.6308,5,5,5,100.0,20.208087070238054,43.461160275319564,3.2522255192878298,4.74777448071217,历史5/5次成功; 当前距低点4.75%; 最新日涨幅2.42%; 状态bottom_area; 底部未确认
78,80.18189338181627,78.40543153668216,300502,新易盛,confirmed_rebound,2025-04-08,70.37,2025-04-08,68.43,2.8350138827999376,11.354669004822439,32.68076733890801,False,-5.1873,9.8375,6,6,6,100.0,23.813242954118294,34.5909668057319,5.164986117200063,2.8350138827999376,历史6/6次成功; 当前距低点2.84%; 最新日涨幅-5.19%; 状态confirmed_rebound; 底部未确认
79,80.13419981853998,78.88577163584564,300438,鹏辉能源,confirmed_rebound,2025-04-08,22.04,2025-04-07,21.36,3.1835205992509352,18.305243445692884,30.196078431372552,False,3.1835,3.9126,2,2,2,100.0,31.312895710418175,42.98561151079138,4.816479400749065,3.1835205992509352,历史2/2次成功; 当前距低点3.18%; 最新日涨幅3.18%; 状态confirmed_rebound; 底部未确认
80,80.11620457323386,80.9174302083023,300365,恒华科技,confirmed_rebound,2025-04-08,5.09,2025-04-07,4.87,4.517453798767962,18.480492813141673,30.32904148783977,True,4.3033,3.3906,4,4,4,100.0,16.06034876071641,20.0892857142857,3.4825462012320383,4.517453798767962,历史4/4次成功; 当前距低点4.52%; 最新日涨幅4.30%; 状态confirmed_rebound; 底部已确认
81,79.99608321242347,78.37115130098387,603005,晶方科技,confirmed_rebound,2025-04-08,25.62,2025-04-08,24.89,2.9329047810365627,9.481719566090797,31.95735374521596,False,-4.7584,7.3016,5,5,5,100.0,24.828893557780685,40.10416666666666,5.067095218963438,2.9329047810365627,历史5/5次成功; 当前距低点2.93%; 最新日涨幅-4.76%; 状态confirmed_rebound; 底部未确认
82,79.8487125714451,80.78508514931211,300342,天银机电,confirmed_rebound,2025-04-08,14.08,2025-04-07,13.46,4.606240713224363,17.979197622585435,31.64042661249365,True,4.6062,5.5774,5,5,5,100.0,16.43717191109488,26.68539325842696,3.3937592867756377,4.606240713224363,历史5/5次成功; 当前距低点4.61%; 最新日涨幅4.61%; 状态confirmed_rebound; 底部已确认
83,79.80257147762937,77.31594281095862,002416,爱施德,confirmed_rebound,2025-04-08,10.87,2025-04-08,10.62,2.354048964218456,8.380414312617708,27.210418094585336,False,-4.5654,2.9118,5,5,5,100.0,12.060077684820877,17.222222222222214,5.645951035781544,2.354048964218456,历史5/5次成功; 当前距低点2.35%; 最新日涨幅-4.57%; 状态confirmed_rebound; 底部未确认
84,79.77697204433301,76.8600203294057,002236,大华股份,bottom_area,2025-04-08,14.84,2025-04-08,14.54,2.063273727647873,3.9202200825309514,28.86497064579257,False,0.135,3.4598,1,1,1,100.0,13.14131413141315,13.14131413141315,5.936726272352128,2.063273727647873,历史1/1次成功; 当前距低点2.06%; 最新日涨幅0.14%; 状态bottom_area; 底部未确认
85,79.72824492388284,79.34395362437596,301489,思泉新材,confirmed_rebound,2025-04-08,52.03,2025-04-08,50.15,3.748753738783654,9.591226321036894,28.316180674671237,False,-2.0151,10.6352,4,4,4,100.0,29.84468897205742,71.56118143459918,4.251246261216346,3.748753738783654,历史4/4次成功; 当前距低点3.75%; 最新日涨幅-2.02%; 状态confirmed_rebound; 底部未确认
86,79.71844564876324,79.13923094704155,300578,会畅科技,bottom_area,2025-04-08,15.74,2025-04-08,15.19,3.620803159973672,7.044107965766965,31.360144600090372,False,2.474,3.1694,3,3,3,100.0,11.15409759022329,16.75438596491228,4.379196840026328,3.620803159973672,历史3/3次成功; 当前距低点3.62%; 最新日涨幅2.47%; 状态bottom_area; 底部未确认
87,79.67914828881318,76.73261584053658,000823,超声电子,confirmed_rebound,2025-04-08,8.5,2025-04-08,8.33,2.0408163265306114,10.6842737094838,29.64527027027027,False,-8.2073,6.2473,2,2,2,100.0,38.41761862917399,43.585237258347966,5.959183673469388,2.0408163265306114,历史2/2次成功; 当前距低点2.04%; 最新日涨幅-8.21%; 状态confirmed_rebound; 底部未确认
88,79.46159035167177,76.58862789399544,002590,万安科技,confirmed_rebound,2025-04-08,10.77,2025-04-08,10.55,2.085308056872027,9.004739336492884,28.231292517006796,False,-8.1058,4.6081,3,3,3,100.0,21.522205718621752,30.204778156996575,5.9146919431279725,2.085308056872027,历史3/3次成功; 当前距低点2.09%; 最新日涨幅-8.11%; 状态confirmed_rebound; 底部未确认
89,79.43944406015734,75.95307347444509,002841,视源股份,bottom_area,2025-04-08,32.33,2025-04-08,31.8,1.666666666666659,7.044025157232698,28.184281842818425,False,-4.2641,1.4895,2,2,2,100.0,19.425126206693953,30.356569225827172,6.333333333333341,1.666666666666659,历史2/2次成功; 当前距低点1.67%; 最新日涨幅-4.26%; 状态bottom_area; 底部未确认
90,79.3512029508225,78.18636076848142,300798,锦鸡股份,confirmed_rebound,2025-04-08,6.39,2025-04-07,6.19,3.2310177705977265,16.15508885298869,27.85547785547785,False,3.231,9.8923,1,1,1,100.0,44.801512287334596,44.801512287334596,4.7689822294022735,3.2310177705977265,历史1/1次成功; 当前距低点3.23%; 最新日涨幅3.23%; 状态confirmed_rebound; 底部未确认
91,79.28887081337801,78.40911517673142,603004,鼎龙科技,confirmed_rebound,2025-04-08,17.54,2025-04-08,16.96,3.4198113207547065,10.259433962264142,29.274395329441198,False,-6.9002,11.9198,5,5,5,100.0,31.00153219382874,55.7168784029038,4.5801886792452935,3.4198113207547065,历史5/5次成功; 当前距低点3.42%; 最新日涨幅-6.90%; 状态confirmed_rebound; 底部未确认
92,79.28495587044534,73.41199617633828,600397,江钨装备,bottom_area,2025-04-08,4.78,2025-04-08,4.78,0.0,0.0,29.394387001477096,False,-9.9812,0.8832,3,3,3,100.0,20.763420302893984,28.36538461538461,8.0,0.0,历史3/3次成功; 当前距低点0.00%; 最新日涨幅-9.98%; 状态bottom_area; 底部未确认
93,79.28306982745906,79.80403053881646,300424,航新科技,confirmed_rebound,2025-04-08,12.5,2025-04-07,11.98,4.34056761268781,19.782971619365604,32.84753363228699,True,4.3406,4.077,3,3,3,100.0,24.572713417982058,52.29885057471265,3.6594323873121906,4.34056761268781,历史3/3次成功; 当前距低点4.34%; 最新日涨幅4.34%; 状态confirmed_rebound; 底部已确认
94,79.27758994819239,79.6122218540042,300539,横河精密,confirmed_rebound,2025-04-08,11.61,2025-04-07,11.14,4.219030520646309,15.529622980251334,30.635118306351174,True,4.219,6.155,3,3,3,100.0,22.051674414396718,39.25845147219192,3.7809694793536908,4.219030520646309,历史3/3次成功; 当前距低点4.22%; 最新日涨幅4.22%; 状态confirmed_rebound; 底部已确认
95,79.22026822833625,79.55523765002056,300359,全通教育,confirmed_rebound,2025-04-08,4.94,2025-04-07,4.74,4.2194092827004255,17.72151898734177,31.89655172413793,False,4.2194,3.2872,4,4,4,100.0,14.276832336438266,18.19484240687678,3.780590717299575,4.2194092827004255,历史4/4次成功; 当前距低点4.22%; 最新日涨幅4.22%; 状态confirmed_rebound; 底部未确认
96,79.2125335391858,79.7646902940235,301499,维科精密,confirmed_rebound,2025-04-08,20.34,2025-04-08,19.49,4.361210877373019,9.594663930220632,30.26833631484795,False,0.7929,7.9942,4,4,4,100.0,17.141134916311575,21.950454687989964,3.6387891226269806,4.361210877373019,历史4/4次成功; 当前距低点4.36%; 最新日涨幅0.79%; 状态confirmed_rebound; 底部未确认
97,79.20020557382198,77.3473906598005,605319,无锡振华,bottom_area,2025-04-08,26.35,2025-04-08,25.64,2.7691107644305806,5.694227769110768,31.97134518439904,False,-0.3027,2.9076,3,3,3,100.0,13.553565605925918,17.248790972595383,5.230889235569419,2.7691107644305806,历史3/3次成功; 当前距低点2.77%; 最新日涨幅-0.30%; 状态bottom_area; 底部未确认
98,79.15618127017439,77.63221380135622,300591,万里马,confirmed_rebound,2025-04-08,3.79,2025-04-07,3.68,2.9891304347826053,17.39130434782609,27.55905511811023,True,1.6086,7.876,1,1,1,100.0,29.663608562691135,29.663608562691135,5.010869565217395,2.9891304347826053,历史1/1次成功; 当前距低点2.99%; 最新日涨幅1.61%; 状态confirmed_rebound; 底部已确认
99,79.12730749960497,77.01846848165489,002115,三维通信,confirmed_rebound,2025-04-08,6.72,2025-04-08,6.55,2.5954198473282433,8.549618320610696,30.979978925184408,False,-7.6923,17.8906,4,4,4,100.0,13.419493191200443,20.720720720720706,5.404580152671757,2.5954198473282433,历史4/4次成功; 当前距低点2.60%; 最新日涨幅-7.69%; 状态confirmed_rebound; 底部未确认
100,79.12408957859253,78.02734279625798,688169,石头科技,confirmed_rebound,2025-04-08,184.52,2025-04-08,178.67,3.274192645659609,8.020372754239666,32.51878989311478,False,-1.8876,2.9376,4,4,4,100.0,16.94893563635416,29.71190476190475,4.725807354340391,3.274192645659609,历史4/4次成功; 当前距低点3.27%; 最新日涨幅-1.89%; 状态confirmed_rebound; 底部未确认
101,79.11302866714203,76.94165754232878,601137,博威合金,bottom_area,2025-04-08,16.47,2025-04-08,16.06,2.5529265255292666,7.970112079701129,29.406593406593412,False,-5.0173,3.618,3,3,3,100.0,18.937258174922082,25.82417582417582,5.447073474470733,2.5529265255292666,历史3/3次成功; 当前距低点2.55%; 最新日涨幅-5.02%; 状态bottom_area; 底部未确认
102,79.02918810405208,75.71269896600126,001287,中电港,bottom_area,2025-04-08,16.09,2025-04-08,15.81,1.7710309930423742,4.68058191018343,28.78378378378378,False,-1.2883,2.472,3,4,3,75.0,30.030374355579976,42.36351071181756,6.228969006957626,1.7710309930423742,历史3/4次成功; 当前距低点1.77%; 最新日涨幅-1.29%; 状态bottom_area; 底部未确认
103,79.02845181166806,74.93623106817921,603186,华正新材,confirmed_rebound,2025-04-08,20.48,2025-04-08,20.23,1.2357884330202669,9.787444389520516,27.360861759425497,False,-8.8968,6.4159,2,2,2,100.0,18.891552126158196,19.78891820580475,6.764211566979733,1.2357884330202669,历史2/2次成功; 当前距低点1.24%; 最新日涨幅-8.90%; 状态confirmed_rebound; 底部未确认
104,79.01209174148026,77.6689043330563,002230,科大讯飞,bottom_area,2025-04-08,42.79,2025-04-08,41.5,3.108433734939757,5.445783132530116,30.099376789624387,False,-1.3828,2.629,2,2,2,100.0,36.10824327268251,53.5211267605634,4.891566265060243,3.108433734939757,历史2/2次成功; 当前距低点3.11%; 最新日涨幅-1.38%; 状态bottom_area; 底部未确认
105,78.9914102978852,76.05515170470842,000020,深华发A,confirmed_rebound,2025-04-08,10.05,2025-04-08,9.85,2.030456852791889,9.746192893401025,27.466863033873345,False,-8.1353,3.0582,3,3,3,100.0,17.981684564913593,23.076923076923073,5.969543147208111,2.030456852791889,历史3/3次成功; 当前距低点2.03%; 最新日涨幅-8.14%; 状态confirmed_rebound; 底部未确认
106,78.95743898633063,78.03402483942652,300703,创源股份,bottom_area,2025-04-08,11.29,2025-04-08,10.92,3.388278388278381,6.501831501831509,30.357142857142854,False,2.1719,5.1513,2,2,2,100.0,19.02849228333993,20.914127423822727,4.611721611721619,3.388278388278381,历史2/2次成功; 当前距低点3.39%; 最新日涨幅2.17%; 状态bottom_area; 底部未确认
107,78.9367324284512,78.81776222132466,002777,久远银海,bottom_area,2025-04-08,15.9,2025-04-08,15.3,3.9215686274509776,6.666666666666663,30.39126478616924,False,-1.3035,3.8364,6,6,6,100.0,18.91902522533803,51.99999999999999,4.078431372549023,3.9215686274509776,历史6/6次成功; 当前距低点3.92%; 最新日涨幅-1.30%; 状态bottom_area; 底部未确认
108,78.87881642666916,76.30152061909097,000668,荣丰控股,bottom_area,2025-04-08,4.5,2025-04-08,4.4,2.2727272727272645,7.954545454545446,29.599999999999994,False,-2.5974,3.57,2,2,2,100.0,18.512574198436226,20.604914933837428,5.7272727272727355,2.2727272727272645,历史2/2次成功; 当前距低点2.27%; 最新日涨幅-2.60%; 状态bottom_area; 底部未确认
109,78.84851319936878,79.60001646036099,300677,英科医疗,confirmed_rebound,2025-04-08,20.93,2025-04-07,20.03,4.49326010983524,14.078881677483777,28.946434905995034,True,1.0623,2.9992,2,2,2,100.0,42.014244681641536,69.06438631790746,3.50673989016476,4.49326010983524,历史2/2次成功; 当前距低点4.49%; 最新日涨幅1.06%; 状态confirmed_rebound; 底部已确认
110,78.79328922109826,77.49676538948708,000868,安凯客车,confirmed_rebound,2025-04-08,5.26,2025-04-08,5.1,3.137254901960787,8.235294117647058,28.870292887029294,False,-6.4057,6.2413,7,7,7,100.0,22.632830999772345,69.53846153846153,4.8627450980392135,3.137254901960787,历史7/7次成功; 当前距低点3.14%; 最新日涨幅-6.41%; 状态confirmed_rebound; 底部未确认
111,78.75511469812196,75.53008952620871,001311,多利科技,confirmed_rebound,2025-04-08,23.42,2025-04-08,23.0,1.8260869565217466,9.086956521739129,31.669637551990487,False,-6.656,7.1296,2,2,2,100.0,29.32025691977575,46.9244288224956,6.173913043478254,1.8260869565217466,历史2/2次成功; 当前距低点1.83%; 最新日涨幅-6.66%; 状态confirmed_rebound; 底部未确认
112,78.72407342801847,75.81894665440676,603012,创力集团,bottom_area,2025-04-08,4.99,2025-04-08,4.89,2.0449897750511354,6.95296523517384,28.61313868613139,False,-4.9524,4.0173,2,2,2,100.0,23.341523341523335,35.13513513513512,5.955010224948865,2.0449897750511354,历史2/2次成功; 当前距低点2.04%; 最新日涨幅-4.95%; 状态bottom_area; 底部未确认
113,78.68414702738623,76.60000476573973,002522,浙江众成,confirmed_rebound,2025-04-08,3.94,2025-04-08,3.84,2.604166666666669,9.375000000000009,27.954971857410886,False,-7.2941,6.6475,3,3,3,100.0,27.943574009353377,37.41339491916859,5.395833333333331,2.604166666666669,历史3/3次成功; 当前距低点2.60%; 最新日涨幅-7.29%; 状态confirmed_rebound; 底部未确认
114,78.62436925080058,77.64078347242722,688259,创耀科技,confirmed_rebound,2025-04-08,34.29,2025-04-08,33.18,3.345388788426761,10.91018685955394,31.304347826086953,False,-2.0006,5.721,6,6,6,100.0,15.743386613119558,22.000256114739393,4.654611211573239,3.345388788426761,历史6/6次成功; 当前距低点3.35%; 最新日涨幅-2.00%; 状态confirmed_rebound; 底部未确认
115,78.56297846105086,75.64818178210146,605122,四方新材,bottom_area,2025-04-08,9.53,2025-04-08,9.34,2.034261241970016,4.49678800856531,29.66867469879518,False,-0.6257,1.7726,2,2,2,100.0,12.07686781609196,12.176724137931044,5.9657387580299845,2.034261241970016,历史2/2次成功; 当前距低点2.03%; 最新日涨幅-0.63%; 状态bottom_area; 底部未确认
116,78.48357822658508,77.92183203588023,300480,光力科技,confirmed_rebound,2025-04-08,11.43,2025-04-07,11.03,3.6264732547597496,18.857660924750682,29.56577266922095,True,3.4389,4.069,5,6,5,83.33333333333334,25.144396362360865,39.69465648854962,4.373526745240251,3.6264732547597496,历史5/6次成功; 当前距低点3.63%; 最新日涨幅3.44%; 状态confirmed_rebound; 底部已确认
117,78.42447307683743,74.69324392527167,002778,中晟高科,bottom_area,2025-04-08,15.23,2025-04-08,15.01,1.4656895403064667,5.729513657561622,29.131255901794145,False,-2.0579,2.6388,1,1,1,100.0,16.63987138263666,16.63987138263666,6.5343104596935335,1.4656895403064667,历史1/1次成功; 当前距低点1.47%; 最新日涨幅-2.06%; 状态bottom_area; 底部未确认
118,78.41892408971944,75.51228705368405,603116,红蜻蜓,confirmed_rebound,2025-04-08,4.51,2025-04-08,4.42,2.036199095022621,8.144796380090504,30.173775671406005,False,-8.1466,3.589,3,3,3,100.0,15.133446184600086,23.86831275720163,5.963800904977379,2.036199095022621,历史3/3次成功; 当前距低点2.04%; 最新日涨幅-8.15%; 状态confirmed_rebound; 底部未确认
119,78.33822678973641,77.98265819279516,301321,翰博高新,confirmed_rebound,2025-04-08,11.58,2025-04-08,11.16,3.763440860215053,8.69175627240144,32.075471698113205,False,0.0,4.4586,3,3,3,100.0,16.89948039830902,19.679430097951904,4.236559139784947,3.763440860215053,历史3/3次成功; 当前距低点3.76%; 最新日涨幅0.00%; 状态confirmed_rebound; 底部未确认
120,78.33095645969946,78.22776561465975,300563,神宇股份,bottom_area,2025-04-08,30.93,2025-04-08,29.76,3.9314516129032198,7.123655913978485,30.108031939877872,False,-0.4185,8.4382,4,4,4,100.0,15.86814673160799,20.477137176938378,4.06854838709678,3.9314516129032198,历史4/4次成功; 当前距低点3.93%; 最新日涨幅-0.42%; 状态bottom_area; 底部未确认
121,78.3230678214439,76.29653534123403,000619,海螺新材,confirmed_rebound,2025-04-08,5.06,2025-04-08,4.93,2.636916835699795,8.722109533468572,27.178729689807973,False,-6.4695,3.7771,3,3,3,100.0,26.71347164854606,32.01692524682651,5.363083164300205,2.636916835699795,历史3/3次成功; 当前距低点2.64%; 最新日涨幅-6.47%; 状态confirmed_rebound; 底部未确认
122,78.31890159499112,72.51750147684362,603129,春风动力,bottom_area,2025-04-08,139.46,2025-04-08,139.46,0.0,5.4065681915961505,29.315762797769896,False,-9.9968,3.771,3,3,3,100.0,15.954309015288315,20.09633197480549,8.0,0.0,历史3/3次成功; 当前距低点0.00%; 最新日涨幅-10.00%; 状态bottom_area; 底部未确认
123,78.31882467335683,78.23365483881068,301326,捷邦科技,confirmed_rebound,2025-04-08,48.5,2025-04-08,46.66,3.9434204886412423,11.658808401200183,28.45752836553205,False,-3.5594,8.2682,4,4,4,100.0,36.47663200490698,57.57370382921043,4.056579511358758,3.9434204886412423,历史4/4次成功; 当前距低点3.94%; 最新日涨幅-3.56%; 状态confirmed_rebound; 底部未确认
124,78.28177453609393,75.06471530858325,002554,惠博普,bottom_area,2025-04-08,2.24,2025-04-08,2.2,1.8181818181818195,4.999999999999994,32.51533742331287,False,-2.1834,3.1623,4,5,4,80.0,16.29123577439678,28.404669260700388,6.181818181818181,1.8181818181818195,历史4/5次成功; 当前距低点1.82%; 最新日涨幅-2.18%; 状态bottom_area; 底部未确认
125,78.14357274458332,75.30287878081907,000039,中集集团,bottom_area,2025-04-08,7.38,2025-04-08,7.23,2.0746887966804906,3.457814661134163,28.768472906403943,False,-2.122,4.1332,2,2,2,100.0,10.71596364113223,12.219644238205724,5.9253112033195094,2.0746887966804906,历史2/2次成功; 当前距低点2.07%; 最新日涨幅-2.12%; 状态bottom_area; 底部未确认
126,78.13472536033326,74.6864142292367,301525,儒竞科技,confirmed_rebound,2025-04-08,60.87,2025-04-08,59.88,1.6533066132264442,9.936539746158978,29.13609467455621,False,-1.9017,4.0557,1,1,1,100.0,29.118028534370954,29.118028534370954,6.3466933867735555,1.6533066132264442,历史1/1次成功; 当前距低点1.65%; 最新日涨幅-1.90%; 状态confirmed_rebound; 底部未确认
127,78.12789566895628,77.43485858292225,688286,敏芯股份,confirmed_rebound,2025-04-08,55.33,2025-04-08,53.44,3.5366766467065878,9.80538922155689,27.764260610975946,False,-0.8956,3.9776,6,6,6,100.0,16.98108245921111,25.016501650165008,4.463323353293412,3.5366766467065878,历史6/6次成功; 当前距低点3.54%; 最新日涨幅-0.90%; 状态confirmed_rebound; 底部未确认
128,77.94977078691332,75.06596371101406,001288,运机集团,confirmed_rebound,2025-04-08,24.51,2025-04-08,24.02,2.0399666944213237,10.116569525395501,32.26170332769318,False,-8.099,7.8857,2,2,2,100.0,29.446708463949843,50.27272727272728,5.960033305578677,2.0399666944213237,历史2/2次成功; 当前距低点2.04%; 最新日涨幅-8.10%; 状态confirmed_rebound; 底部未确认
129,77.92119186873008,73.28324136456943,002130,沃尔核材,confirmed_rebound,2025-04-08,16.18,2025-04-08,16.05,0.8099688473520187,8.411214953271013,28.316212594908443,False,-9.2541,8.2861,2,2,2,100.0,44.62349643296797,58.35694050991501,7.190031152647982,0.8099688473520187,历史2/2次成功; 当前距低点0.81%; 最新日涨幅-9.25%; 状态confirmed_rebound; 底部未确认
130,77.89807348652296,78.35407548937098,300706,阿石创,confirmed_rebound,2025-04-08,18.42,2025-04-07,17.66,4.3035107587769055,17.723669309173268,30.08709422011085,True,4.1266,4.2194,3,3,3,100.0,16.323010856894204,28.81508078994613,3.696489241223095,4.3035107587769055,历史3/3次成功; 当前距低点4.30%; 最新日涨幅4.13%; 状态confirmed_rebound; 底部已确认
131,77.8540712948029,75.99528149899308,605299,舒华体育,bottom_area,2025-04-08,7.49,2025-04-08,7.29,2.7434842249657088,6.9958847736625485,29.90384615384616,False,-3.4794,1.6605,2,2,2,100.0,32.85175017158546,56.12903225806454,5.256515775034291,2.7434842249657088,历史2/2次成功; 当前距低点2.74%; 最新日涨幅-3.48%; 状态bottom_area; 底部未确认
132,77.84303126109369,72.70621465701178,600156,华升股份,confirmed_rebound,2025-04-08,4.45,2025-04-08,4.43,0.45146726862303527,11.060948081264115,30.564263322884017,False,-9.5528,5.519,3,3,3,100.0,20.460000158453216,35.05747126436782,7.548532731376965,0.45146726862303527,历史3/3次成功; 当前距低点0.45%; 最新日涨幅-9.55%; 状态confirmed_rebound; 底部未确认
133,77.82557574707621,78.97429273227291,300688,创业黑马,confirmed_rebound,2025-04-08,23.98,2025-04-07,22.89,4.761904761904761,18.74180865006553,32.59717314487632,False,4.7619,5.4329,5,5,5,100.0,17.803417147396512,39.651707970529145,3.238095238095239,4.761904761904761,历史5/5次成功; 当前距低点4.76%; 最新日涨幅4.76%; 状态confirmed_rebound; 底部未确认
134,77.77207293580173,75.79172531134756,301459,丰茂股份,confirmed_rebound,2025-04-08,43.63,2025-04-08,42.5,2.658823529411771,8.164705882352937,28.45117845117845,False,-1.3788,8.4328,3,3,3,100.0,14.052919131217203,20.772345063843044,5.34117647058823,2.658823529411771,历史3/3次成功; 当前距低点2.66%; 最新日涨幅-1.38%; 状态confirmed_rebound; 底部未确认
135,77.72298755761186,76.57308458096934,688800,瑞可达,bottom_area,2025-04-08,38.09,2025-04-08,36.9,3.224932249322506,6.124661246612461,31.66666666666667,False,2.5027,4.6284,1,1,1,100.0,25.83833392163784,25.83833392163784,4.775067750677494,3.224932249322506,历史1/1次成功; 当前距低点3.22%; 最新日涨幅2.50%; 状态bottom_area; 底部未确认
136,77.66088050267011,77.12765228931188,000811,冰轮环境,confirmed_rebound,2025-04-08,10.53,2025-04-08,10.16,3.641732283464559,8.267716535433069,28.045325779036823,False,-4.2727,3.4384,4,4,4,100.0,26.832268255973535,47.451868629671566,4.358267716535441,3.641732283464559,历史4/4次成功; 当前距低点3.64%; 最新日涨幅-4.27%; 状态confirmed_rebound; 底部未确认
137,77.64481086033209,75.3617918712901,002063,远光软件,bottom_area,2025-04-08,5.44,2025-04-08,5.31,2.448210922787209,6.026365348399253,27.260273972602743,False,-2.1583,4.2304,2,2,2,100.0,15.611359006693187,21.311475409836078,5.551789077212792,2.448210922787209,历史2/2次成功; 当前距低点2.45%; 最新日涨幅-2.16%; 状态bottom_area; 底部未确认
138,77.6093505363211,76.37583712825379,000977,浪潮信息,confirmed_rebound,2025-04-08,44.63,2025-04-08,43.26,3.1668978270920127,8.136846971798436,30.225806451612907,False,-5.0021,6.2234,4,4,4,100.0,16.969699860341773,40.11544011544013,4.833102172907988,3.1668978270920127,历史4/4次成功; 当前距低点3.17%; 最新日涨幅-5.00%; 状态confirmed_rebound; 底部未确认
139,77.6081871579537,74.41251433337548,603311,金海高科,confirmed_rebound,2025-04-08,8.42,2025-04-08,8.27,1.813784764207985,10.27811366384522,27.77292576419214,False,-8.3787,3.1033,2,2,2,100.0,23.16098707403056,26.75675675675676,6.186215235792016,1.813784764207985,历史2/2次成功; 当前距低点1.81%; 最新日涨幅-8.38%; 状态confirmed_rebound; 底部未确认
140,77.58717335033937,75.41906870581892,002439,启明星辰,bottom_area,2025-04-08,14.61,2025-04-08,14.25,2.5263157894736805,4.982456140350884,28.39195979899497,False,-0.6122,3.6436,2,2,2,100.0,16.87671347214464,22.924411400247834,5.4736842105263195,2.5263157894736805,历史2/2次成功; 当前距低点2.53%; 最新日涨幅-0.61%; 状态bottom_area; 底部未确认
141,77.55210032070393,76.18754723588215,002156,通富微电,confirmed_rebound,2025-04-08,22.78,2025-04-08,22.1,3.0769230769230753,9.095022624434378,31.999999999999996,False,-4.6463,3.8074,4,4,4,100.0,14.854472318638509,21.92170818505337,4.923076923076924,3.0769230769230753,历史4/4次成功; 当前距低点3.08%; 最新日涨幅-4.65%; 状态confirmed_rebound; 底部未确认
142,77.48751252462819,74.58978006179582,001336,楚环科技,confirmed_rebound,2025-04-08,16.68,2025-04-08,16.35,2.0183486238532002,8.012232415902131,31.78973717146432,False,-4.4674,16.785,2,2,2,100.0,26.62158561387693,40.95427435387674,5.9816513761468,2.0183486238532002,历史2/2次成功; 当前距低点2.02%; 最新日涨幅-4.47%; 状态confirmed_rebound; 底部未确认
143,77.48564625120575,75.04436885766191,603161,科华控股,bottom_area,2025-04-08,9.64,2025-04-08,9.42,2.3354564755838707,7.855626326963909,29.753914988814316,False,-7.8394,4.5803,1,1,1,100.0,39.40435280641466,39.40435280641466,5.664543524416129,2.3354564755838707,历史1/1次成功; 当前距低点2.34%; 最新日涨幅-7.84%; 状态bottom_area; 底部未确认
144,77.4730427389425,75.70559689698943,002449,国星光电,confirmed_rebound,2025-04-08,7.71,2025-04-08,7.5,2.7999999999999994,8.533333333333342,29.5774647887324,False,-6.7715,6.2609,3,3,3,100.0,25.535467188115152,41.61849710982658,5.2,2.7999999999999994,历史3/3次成功; 当前距低点2.80%; 最新日涨幅-6.77%; 状态confirmed_rebound; 底部未确认
145,77.36162104870769,76.41059137295008,300364,中文在线,confirmed_rebound,2025-04-08,19.09,2025-04-07,18.47,3.356794802382247,17.920952896589075,30.51166290443943,False,3.3568,4.7168,7,8,7,87.5,13.87948130312683,20.7773851590106,4.643205197617753,3.356794802382247,历史7/8次成功; 当前距低点3.36%; 最新日涨幅3.36%; 状态confirmed_rebound; 底部未确认
146,77.31661506621019,73.58551836060218,002095,生意宝,confirmed_rebound,2025-04-08,14.2,2025-04-08,14.0,1.4285714285714235,9.857142857142863,31.03448275862069,False,-8.7404,3.9031,5,6,5,83.33333333333334,16.770580023718793,33.84030418250951,6.5714285714285765,1.4285714285714235,历史5/6次成功; 当前距低点1.43%; 最新日涨幅-8.74%; 状态confirmed_rebound; 底部未确认
147,77.29842065589419,76.80404976088163,300694,蠡湖股份,bottom_area,2025-04-08,11.31,2025-04-08,10.91,3.6663611365719557,7.516040329972505,32.06724782067247,False,0.7124,4.0517,2,2,2,100.0,15.824479313256395,17.840909090909072,4.333638863428044,3.6663611365719557,历史2/2次成功; 当前距低点3.67%; 最新日涨幅0.71%; 状态bottom_area; 底部未确认
148,77.27296129255214,77.07809117490902,300771,智莱科技,confirmed_rebound,2025-04-08,8.86,2025-04-07,8.53,3.868698710433764,17.23329425556859,28.797996661101845,False,3.8687,4.6298,3,3,3,100.0,13.326474380096718,16.305732484076447,4.131301289566236,3.868698710433764,历史3/3次成功; 当前距低点3.87%; 最新日涨幅3.87%; 状态confirmed_rebound; 底部未确认
149,77.25955310541589,77.65081022655744,300767,震安科技,confirmed_rebound,2025-04-08,9.05,2025-04-07,8.68,4.262672811059919,17.511520737327185,29.659643435980556,True,3.4286,4.3223,3,3,3,100.0,12.041420622441112,15.487804878048797,3.737327188940081,4.262672811059919,历史3/3次成功; 当前距低点4.26%; 最新日涨幅3.43%; 状态confirmed_rebound; 底部已确认
150,77.24375457701663,75.96065448150244,300445,康斯特,confirmed_rebound,2025-04-08,16.15,2025-04-08,15.66,3.128991060025533,10.727969348659002,30.02680965147453,False,0.8115,6.3511,1,1,1,100.0,31.584699453551895,31.584699453551895,4.871008939974467,3.128991060025533,历史1/1次成功; 当前距低点3.13%; 最新日涨幅0.81%; 状态confirmed_rebound; 底部未确认
151,77.17357335360487,74.98863409549448,688244,永信至诚,bottom_area,2025-04-08,34.76,2025-04-08,33.91,2.5066352108522603,6.104393984075496,28.369243768483326,False,0.8706,4.5041,1,1,1,100.0,8.514851485148508,8.514851485148508,5.49336478914774,2.5066352108522603,历史1/1次成功; 当前距低点2.51%; 最新日涨幅0.87%; 状态bottom_area; 底部未确认
152,77.16535343575492,75.26513026460387,301413,安培龙,bottom_area,2025-04-08,68.0,2025-04-08,66.21,2.7035191058752552,6.90228062226251,28.149755832881183,False,-1.8617,6.0573,2,2,2,100.0,18.221257129029343,23.654937570942117,5.296480894124745,2.7035191058752552,历史2/2次成功; 当前距低点2.70%; 最新日涨幅-1.86%; 状态bottom_area; 底部未确认
153,77.14279778821403,76.75900277434233,301567,贝隆精密,bottom_area,2025-04-08,33.28,2025-04-08,32.08,3.740648379052378,6.608478802992533,30.921619293712315,False,1.5253,4.6538,2,2,2,100.0,16.4929090246331,16.59192825112107,4.259351620947622,3.740648379052378,历史2/2次成功; 当前距低点3.74%; 最新日涨幅1.53%; 状态bottom_area; 底部未确认
154,76.82209193497607,71.13156660645932,603011,合锻智能,bottom_area,2025-04-08,10.08,2025-04-08,10.08,0.0,3.174603174603177,30.958904109589042,False,-10.0,13.6002,2,2,2,100.0,25.169712937953285,41.201716738197426,8.0,0.0,历史2/2次成功; 当前距低点0.00%; 最新日涨幅-10.00%; 状态bottom_area; 底部未确认
155,76.77961136908577,76.34056794412207,605289,罗曼股份,confirmed_rebound,2025-04-08,20.17,2025-04-08,19.45,3.701799485861195,10.53984575835476,30.161579892280077,False,-6.4037,2.9441,6,6,6,100.0,23.336939633793495,53.38199513381995,4.298200514138805,3.701799485861195,历史6/6次成功; 当前距低点3.70%; 最新日涨幅-6.40%; 状态confirmed_rebound; 底部未确认
156,76.7551479731501,73.73527329879667,002614,奥佳华,bottom_area,2025-04-08,5.86,2025-04-08,5.75,1.913043478260875,7.652173913043485,27.94486215538847,False,-8.2942,7.6672,2,2,2,100.0,10.521572200169194,10.62992125984252,6.0869565217391255,1.913043478260875,历史2/2次成功; 当前距低点1.91%; 最新日涨幅-8.29%; 状态bottom_area; 底部未确认
157,76.66188130825594,74.69241319355591,000856,冀东装备,confirmed_rebound,2025-04-08,8.92,2025-04-08,8.69,2.6467203682393605,9.436133486766401,30.48,False,-7.5648,8.1156,3,3,3,100.0,18.209331360976563,25.237449118046136,5.353279631760639,2.6467203682393605,历史3/3次成功; 当前距低点2.65%; 最新日涨幅-7.56%; 状态confirmed_rebound; 底部未确认
158,76.65350607687134,73.16266421190682,002158,汉钟精机,bottom_area,2025-04-08,16.75,2025-04-08,16.49,1.57671315949061,5.942995755003035,29.46963216424295,False,-3.291,3.064,1,1,1,100.0,19.986936642717183,19.986936642717183,6.42328684050939,1.57671315949061,历史1/1次成功; 当前距低点1.58%; 最新日涨幅-3.29%; 状态bottom_area; 底部未确认
159,76.6265302100794,75.57614982271286,002467,二六三,confirmed_rebound,2025-04-08,4.72,2025-04-08,4.57,3.282275711159725,8.971553610503284,30.229007633587777,False,-5.9761,5.8677,4,4,4,100.0,14.084615291166818,19.46107784431139,4.717724288840275,3.282275711159725,历史4/4次成功; 当前距低点3.28%; 最新日涨幅-5.98%; 状态confirmed_rebound; 底部未确认
160,76.62110327662975,70.94546599687939,002241,歌尔股份,bottom_area,2025-04-08,18.95,2025-04-08,18.95,0.0,1.2664907651715145,32.991513437057996,False,-9.9762,2.5797,2,2,2,100.0,24.169172026233326,36.8763557483731,8.0,0.0,历史2/2次成功; 当前距低点0.00%; 最新日涨幅-9.98%; 状态bottom_area; 底部未确认
161,76.60397120889374,74.2313121776273,002747,埃斯顿,confirmed_rebound,2025-04-08,17.32,2025-04-08,16.92,2.3640661938534193,9.633569739952712,32.99009900990099,False,-7.8723,7.0935,3,3,3,100.0,12.265500535554223,13.690987124463508,5.635933806146581,2.3640661938534193,历史3/3次成功; 当前距低点2.36%; 最新日涨幅-7.87%; 状态confirmed_rebound; 底部未确认
162,76.58146717526283,74.17399134199134,002486,嘉麟杰,bottom_area,2025-04-08,1.75,2025-04-08,1.71,2.3391812865497097,6.432748538011701,28.749999999999996,False,-4.3716,3.4287,2,2,2,100.0,18.1038961038961,25.54112554112554,5.660818713450291,2.3391812865497097,历史2/2次成功; 当前距低点2.34%; 最新日涨幅-4.37%; 状态bottom_area; 底部未确认
163,76.54444867636056,76.24309257920952,000833,粤桂股份,bottom_area,2025-04-08,10.12,2025-04-08,9.75,3.7948717948717867,5.025641025641027,29.50108459869848,False,-2.8791,7.6333,3,3,3,100.0,20.190324040414954,35.88039867109634,4.205128205128213,3.7948717948717867,历史3/3次成功; 当前距低点3.79%; 最新日涨幅-2.88%; 状态bottom_area; 底部未确认
164,76.49217575169465,76.02108059955349,603348,文灿股份,confirmed_rebound,2025-04-08,20.01,2025-04-08,19.3,3.678756476683942,8.963730569948188,28.14594192107222,False,-4.2125,3.6985,4,4,4,100.0,21.33680304512298,31.539888682745836,4.321243523316058,3.678756476683942,历史4/4次成功; 当前距低点3.68%; 最新日涨幅-4.21%; 状态confirmed_rebound; 底部未确认
165,76.40212727111556,75.98080837275185,688320,禾川科技,confirmed_rebound,2025-04-08,30.73,2025-04-08,29.63,3.712453594330076,9.618629767127903,27.696437286481206,False,0.163,6.8517,6,7,6,85.71428571428571,19.797556048211217,38.29133374308544,4.287546405669924,3.712453594330076,历史6/7次成功; 当前距低点3.71%; 最新日涨幅0.16%; 状态confirmed_rebound; 底部未确认
166,76.39747240208715,71.16834062422677,603275,众辰科技,confirmed_rebound,2025-04-08,31.88,2025-04-08,31.78,0.3146633102580172,12.083071113908106,32.66949152542373,False,-9.714,7.6044,2,2,2,100.0,27.181575116209928,38.17642698295033,7.685336689741982,0.3146633102580172,历史2/2次成功; 当前距低点0.31%; 最新日涨幅-9.71%; 状态confirmed_rebound; 底部未确认
167,76.36520278974848,75.52350633296182,603256,宏和科技,confirmed_rebound,2025-04-08,7.25,2025-04-08,7.01,3.4236804564907306,9.70042796005707,28.615071283095727,False,-6.8123,1.1569,4,4,4,100.0,15.534934267530545,22.318339100346023,4.576319543509269,3.4236804564907306,历史4/4次成功; 当前距低点3.42%; 最新日涨幅-6.81%; 状态confirmed_rebound; 底部未确认
168,76.34742411537817,70.6920593660909,001282,三联锻造,bottom_area,2025-04-08,21.56,2025-04-08,21.56,0.0,4.406307977736563,32.62500000000001,False,-10.0167,10.4067,2,2,2,100.0,22.80677078543491,37.31343283582089,8.0,0.0,历史2/2次成功; 当前距低点0.00%; 最新日涨幅-10.02%; 状态bottom_area; 底部未确认
169,76.29485322320582,72.75382776019228,001308,康冠科技,confirmed_rebound,2025-04-08,18.59,2025-04-08,18.31,1.5292190060076525,9.120699071545614,27.138877835256668,False,-7.3742,3.4244,1,1,1,100.0,27.421758569299566,27.421758569299566,6.4707809939923475,1.5292190060076525,历史1/1次成功; 当前距低点1.53%; 最新日涨幅-7.37%; 状态confirmed_rebound; 底部未确认
170,76.2540218475106,74.32990464118909,002301,齐心集团,bottom_area,2025-04-08,6.15,2025-04-08,5.99,2.67111853088481,7.512520868113526,29.36320754716981,False,-4.7988,2.6747,2,2,2,100.0,23.011047804335742,25.486381322957207,5.32888146911519,2.67111853088481,历史2/2次成功; 当前距低点2.67%; 最新日涨幅-4.80%; 状态bottom_area; 底部未确认
171,76.25167687634158,75.88596139971641,601929,吉视传媒,bottom_area,2025-04-08,1.66,2025-04-08,1.6,3.7499999999999893,5.624999999999991,28.571428571428577,False,-0.5988,2.4635,3,3,3,100.0,17.72022257912035,20.212765957446805,4.250000000000011,3.7499999999999893,历史3/3次成功; 当前距低点3.75%; 最新日涨幅-0.60%; 状态bottom_area; 底部未确认
172,76.23454223408673,75.55873737803475,300414,中光防雷,confirmed_rebound,2025-04-08,6.44,2025-04-07,6.22,3.536977491961425,18.9710610932476,30.58035714285715,False,3.2051,2.6211,2,2,2,100.0,17.758312148961235,23.327895595432295,4.463022508038575,3.536977491961425,历史2/2次成功; 当前距低点3.54%; 最新日涨幅3.21%; 状态confirmed_rebound; 底部未确认
173,76.21261924730896,73.00110824587708,603150,万朗磁塑,confirmed_rebound,2025-04-08,27.15,2025-04-08,26.68,1.7616191904047933,9.44527736131934,31.413881748071976,False,-8.4008,9.8648,1,1,1,100.0,31.6,31.6,6.238380809595206,1.7616191904047933,历史1/1次成功; 当前距低点1.76%; 最新日涨幅-8.40%; 状态confirmed_rebound; 底部未确认
174,76.1871910963409,73.74239807894871,002152,广电运通,bottom_area,2025-04-08,11.1,2025-04-08,10.85,2.3041474654377883,7.834101382488476,27.618412274849902,False,-5.047,2.6937,2,2,2,100.0,15.354055377133658,17.811704834605592,5.695852534562213,2.3041474654377883,历史2/2次成功; 当前距低点2.30%; 最新日涨幅-5.05%; 状态bottom_area; 底部未确认
175,76.11696962250583,71.20039497969728,603890,春秋电子,bottom_area,2025-04-08,9.5,2025-04-08,9.45,0.5291005291005366,5.820105820105828,32.35504652827488,False,-9.5238,5.0811,1,1,1,100.0,36.434108527131784,36.434108527131784,7.4708994708994645,0.5291005291005366,历史1/1次成功; 当前距低点0.53%; 最新日涨幅-9.52%; 状态bottom_area; 底部未确认
176,76.10764676198482,73.94344827586205,002348,高乐股份,bottom_area,2025-04-08,2.87,2025-04-08,2.8,2.50000000000001,4.642857142857156,27.46113989637306,False,-1.7123,3.0529,1,1,1,100.0,25.287356321839088,25.287356321839088,5.499999999999989,2.50000000000001,历史1/1次成功; 当前距低点2.50%; 最新日涨幅-1.71%; 状态bottom_area; 底部未确认
177,76.02732948685427,76.05287201313912,000422,湖北宜化,bottom_area,2025-04-08,11.91,2025-04-08,11.45,4.0174672489083045,4.978165938864631,30.60606060606061,False,1.7949,8.0287,1,1,1,100.0,32.75643731532291,32.75643731532291,3.9825327510916955,4.0174672489083045,历史1/1次成功; 当前距低点4.02%; 最新日涨幅1.79%; 状态bottom_area; 底部未确认
178,75.91425877825883,74.2639488048184,300853,申昊科技,bottom_area,2025-04-08,18.36,2025-04-08,17.85,2.8571428571428457,7.394957983193279,28.024193548387093,False,2.3411,8.9996,1,1,1,100.0,8.915239350021963,8.915239350021963,5.142857142857155,2.8571428571428457,历史1/1次成功; 当前距低点2.86%; 最新日涨幅2.34%; 状态bottom_area; 底部未确认
179,75.91138559100366,74.31364228194192,002421,达实智能,bottom_area,2025-04-08,3.2,2025-04-08,3.11,2.8938906752411677,5.78778135048232,28.99543378995434,False,-1.8405,3.6153,2,2,2,100.0,15.43931731984829,22.619047619047613,5.106109324758832,2.8938906752411677,历史2/2次成功; 当前距低点2.89%; 最新日涨幅-1.84%; 状态bottom_area; 底部未确认
180,75.86322474557662,70.24372661627464,002801,微光股份,bottom_area,2025-04-08,28.63,2025-04-08,28.63,0.0,4.855047153335664,29.931473323543813,False,-9.9969,4.2392,2,2,2,100.0,20.3963796573906,29.019607843137262,8.0,0.0,历史2/2次成功; 当前距低点0.00%; 最新日涨幅-10.00%; 状态bottom_area; 底部未确认
181,75.8528881663113,70.2341557095475,603286,日盈电子,confirmed_rebound,2025-04-08,24.69,2025-04-08,24.69,0.0,9.356014580801938,27.76477472205968,False,-9.9891,6.1072,3,3,3,100.0,13.893310266384404,16.874999999999986,8.0,0.0,历史3/3次成功; 当前距低点0.00%; 最新日涨幅-9.99%; 状态confirmed_rebound; 底部未确认
182,75.8339086963545,76.2782480051222,300518,新迅达,confirmed_rebound,2025-04-08,8.24,2025-04-07,7.9,4.3037974683544284,20.25316455696202,31.124673060156933,False,4.3038,2.9493,3,3,3,100.0,14.359710929947731,16.514806378132132,3.696202531645572,4.3037974683544284,历史3/3次成功; 当前距低点4.30%; 最新日涨幅4.30%; 状态confirmed_rebound; 底部未确认
183,75.81561595519726,70.19964440296042,600105,永鼎股份,bottom_area,2025-04-08,5.07,2025-04-08,5.07,0.0,6.114398422090721,28.89200561009817,False,-9.9467,8.0769,2,2,2,100.0,20.159378510539884,29.56081081081081,8.0,0.0,历史2/2次成功; 当前距低点0.00%; 最新日涨幅-9.95%; 状态bottom_area; 底部未确认
184,75.75838716653715,75.5633848829682,002853,皮阿诺,bottom_area,2025-04-08,12.09,2025-04-08,11.64,3.865979381443293,7.216494845360823,29.87951807228916,False,-4.878,3.7774,5,5,5,100.0,10.956010068058575,16.164817749603813,4.134020618556708,3.865979381443293,历史5/5次成功; 当前距低点3.87%; 最新日涨幅-4.88%; 状态bottom_area; 底部未确认
185,75.71194106753863,75.84776040862123,301539,宏鑫科技,confirmed_rebound,2025-04-08,16.53,2025-04-07,15.88,4.093198992443327,16.30982367758185,29.26503340757238,True,3.3125,9.919,2,2,2,100.0,16.93685006124736,18.61137897782063,3.9068010075566733,4.093198992443327,历史2/2次成功; 当前距低点4.09%; 最新日涨幅3.31%; 状态confirmed_rebound; 底部已确认
186,75.675373321448,75.52533850517284,688073,毕得医药,confirmed_rebound,2025-04-08,38.66,2025-04-08,37.21,3.8968019349637077,8.304219295888192,28.235294117647058,False,2.2481,3.7949,1,1,1,100.0,38.65616621983914,38.65616621983914,4.103198065036293,3.8968019349637077,历史1/1次成功; 当前距低点3.90%; 最新日涨幅2.25%; 状态confirmed_rebound; 底部未确认
187,75.66227962455697,74.25322957519005,300566,激智科技,bottom_area,2025-04-08,16.02,2025-04-08,15.55,3.0225080385852015,6.430868167202572,31.49779735682819,False,1.8436,4.7846,3,4,3,75.0,15.05133281271136,23.495850622406625,4.977491961414798,3.0225080385852015,历史3/4次成功; 当前距低点3.02%; 最新日涨幅1.84%; 状态bottom_area; 底部未确认
188,75.64293034290463,76.28460848136083,605133,嵘泰股份,confirmed_rebound,2025-04-08,26.82,2025-04-08,25.68,4.4392523364486,9.774143302180692,29.950900163666116,False,-5.9937,3.6369,3,3,3,100.0,48.742493593890515,60.01483679525222,3.5607476635514,4.4392523364486,历史3/3次成功; 当前距低点4.44%; 最新日涨幅-5.99%; 状态confirmed_rebound; 底部未确认
189,75.62421433583748,71.03987391586033,002050,三花智控,confirmed_rebound,2025-04-08,22.86,2025-04-08,22.69,0.7492287351255977,9.299250771264871,27.041800643086816,False,-9.3217,5.1383,3,3,3,100.0,15.151158236272574,18.86697015680324,7.250771264874402,0.7492287351255977,历史3/3次成功; 当前距低点0.75%; 最新日涨幅-9.32%; 状态confirmed_rebound; 底部未确认
190,75.60938587150441,75.90498246524947,300648,星云股份,confirmed_rebound,2025-04-08,21.57,2025-04-07,20.7,4.202898550724642,14.782608695652186,29.687500000000007,True,1.6494,3.8286,6,7,6,85.71428571428571,16.20824740884154,26.78362573099414,3.797101449275358,4.202898550724642,历史6/7次成功; 当前距低点4.20%; 最新日涨幅1.65%; 状态confirmed_rebound; 底部已确认
191,75.58184069902575,73.45161522081779,002208,合肥城建,bottom_area,2025-04-08,5.71,2025-04-08,5.57,2.5134649910233335,5.026929982046667,30.807453416149073,False,-3.2203,2.2016,2,2,2,100.0,16.356534410489104,22.54758418740848,5.4865350089766665,2.5134649910233335,历史2/2次成功; 当前距低点2.51%; 最新日涨幅-3.22%; 状态bottom_area; 底部未确认
192,75.47710566226729,73.98087811388412,300619,金银河,bottom_area,2025-04-08,22.27,2025-04-08,21.63,2.95885344429034,7.4895977808599214,31.420418516169946,False,2.4379,3.358,1,1,1,100.0,8.640128854118736,8.640128854118736,5.04114655570966,2.95885344429034,历史1/1次成功; 当前距低点2.96%; 最新日涨幅2.44%; 状态bottom_area; 底部未确认
193,75.44026088031148,75.2173945261599,002272,川润股份,confirmed_rebound,2025-04-08,7.56,2025-04-08,7.28,3.8461538461538374,10.851648351648352,30.73263558515699,False,-6.5513,8.858,5,5,5,100.0,19.067877932207704,48.337595907928375,4.153846153846163,3.8461538461538374,历史5/5次成功; 当前距低点3.85%; 最新日涨幅-6.55%; 状态confirmed_rebound; 底部未确认
194,75.42345497090817,69.83653238047052,601138,工业富联,bottom_area,2025-04-08,15.44,2025-04-08,15.44,0.0,7.772020725388608,29.076711070280204,False,-9.9708,1.0814,2,2,2,100.0,18.207163335863047,21.11581920903954,8.0,0.0,历史2/2次成功; 当前距低点0.00%; 最新日涨幅-9.97%; 状态bottom_area; 底部未确认
195,75.42263817620746,71.67995938104451,688369,致远互联,confirmed_rebound,2025-04-08,26.2,2025-04-08,25.85,1.3539651837524096,14.15860735009671,30.09734991887506,False,-5.6196,6.657,1,1,1,100.0,19.5,19.5,6.646034816247591,1.3539651837524096,历史1/1次成功; 当前距低点1.35%; 最新日涨幅-5.62%; 状态confirmed_rebound; 底部未确认
196,75.2847223405293,70.15349525874666,002379,宏桥控股,confirmed_rebound,2025-04-08,9.1,2025-04-08,9.07,0.330760749724359,10.253583241455344,28.24367088607595,False,-9.7222,3.2099,2,2,2,100.0,21.922740688807522,28.020565552699235,7.669239250275642,0.330760749724359,历史2/2次成功; 当前距低点0.33%; 最新日涨幅-9.72%; 状态confirmed_rebound; 底部未确认
197,75.27725349110159,75.3929524339527,603232,格尔软件,confirmed_rebound,2025-04-08,11.99,2025-04-08,11.52,4.079861111111117,9.027777777777786,30.392749244712995,False,-3.8492,3.852,7,7,7,100.0,22.876536383258298,48.01488833746897,3.9201388888888835,4.079861111111117,历史7/7次成功; 当前距低点4.08%; 最新日涨幅-3.85%; 状态confirmed_rebound; 底部未确认
198,75.26037916776667,75.21859106162132,002343,慈文传媒,confirmed_rebound,2025-04-08,5.76,2025-04-08,5.54,3.9711191335740024,9.205776173285194,28.60824742268041,False,-5.2632,5.3638,4,4,4,100.0,20.60614347403244,40.33149171270718,4.028880866425998,3.9711191335740024,历史4/4次成功; 当前距低点3.97%; 最新日涨幅-5.26%; 状态confirmed_rebound; 底部未确认
199,75.214297337088,73.81066289962823,605588,冠石科技,bottom_area,2025-04-08,44.34,2025-04-08,43.04,3.020446096654285,5.71561338289963,31.671693919669792,False,1.1405,9.4771,1,1,1,100.0,8.479999999999999,8.479999999999999,4.979553903345716,3.020446096654285,历史1/1次成功; 当前距低点3.02%; 最新日涨幅1.14%; 状态bottom_area; 底部未确认
200,75.19896230658964,69.71677204304714,002835,同为股份,confirmed_rebound,2025-04-08,15.24,2025-04-08,15.23,0.06565988181221133,9.323703217334197,29.228624535315983,False,-9.9291,6.3148,2,2,2,100.0,16.325142868704255,16.35782747603834,7.934340118187788,0.06565988181221133,历史2/2次成功; 当前距低点0.07%; 最新日涨幅-9.93%; 状态confirmed_rebound; 底部未确认
201,75.15714919978484,73.47151835473848,603332,苏州龙杰,confirmed_rebound,2025-04-08,8.02,2025-04-08,7.8,2.8205128205128176,11.025641025641029,30.04484304932736,False,-6.4177,5.6505,3,3,3,100.0,13.775739707030569,17.241379310344836,5.179487179487182,2.8205128205128176,历史3/3次成功; 当前距低点2.82%; 最新日涨幅-6.42%; 状态confirmed_rebound; 底部未确认
202,75.1280660556858,73.33086516440478,301618,长联科技,confirmed_rebound,2025-04-08,65.97,2025-04-07,64.21,2.7410060738202855,18.361625914966528,27.756525652565262,False,2.741,5.5313,1,1,1,100.0,12.690102218898028,12.690102218898028,5.2589939261797145,2.7410060738202855,历史1/1次成功; 当前距低点2.74%; 最新日涨幅2.74%; 状态confirmed_rebound; 底部未确认
203,75.1172582876574,74.61283349781304,002057,中钢天源,bottom_area,2025-04-08,7.1,2025-04-08,6.85,3.649635036496351,5.839416058394166,27.513227513227513,False,-2.7397,5.607,2,2,2,100.0,26.31183538185334,32.31597845601436,4.350364963503649,3.649635036496351,历史2/2次成功; 当前距低点3.65%; 最新日涨幅-2.74%; 状态bottom_area; 底部未确认
204,75.09920677088799,74.28060419405553,600320,振华重工,bottom_area,2025-04-08,3.92,2025-04-08,3.79,3.43007915567282,4.749340369393145,29.814814814814817,False,2.3499,4.4862,1,1,1,100.0,16.02787456445993,16.02787456445993,4.56992084432718,3.43007915567282,历史1/1次成功; 当前距低点3.43%; 最新日涨幅2.35%; 状态bottom_area; 底部未确认
205,75.05761610843042,74.27253782268302,688668,鼎通科技,bottom_area,2025-04-08,35.95,2025-04-08,34.75,3.4532374100719507,7.884892086330941,30.969408025427104,False,1.5537,3.7531,1,1,1,100.0,16.26838235294117,16.26838235294117,4.54676258992805,3.4532374100719507,历史1/1次成功; 当前距低点3.45%; 最新日涨幅1.55%; 状态bottom_area; 底部未确认
206,75.03998908439229,74.08406565656564,000839,国安股份,bottom_area,2025-04-08,2.48,2025-04-08,2.4,3.3333333333333366,5.000000000000004,30.43478260869566,False,-1.5873,1.4116,2,2,2,100.0,19.591750841750834,21.75925925925925,4.666666666666663,3.3333333333333366,历史2/2次成功; 当前距低点3.33%; 最新日涨幅-1.59%; 状态bottom_area; 底部未确认
207,74.77022748406826,73.17509809716667,002698,博实股份,confirmed_rebound,2025-04-08,15.01,2025-04-08,14.59,2.878684030157642,8.430431802604527,29.686746987951807,False,-3.5967,3.4855,3,3,3,100.0,12.895148849065032,17.43119266055046,5.121315969842358,2.878684030157642,历史3/3次成功; 当前距低点2.88%; 最新日涨幅-3.60%; 状态confirmed_rebound; 底部未确认
208,74.75319394318505,73.31220695605248,002649,博彦科技,confirmed_rebound,2025-04-08,11.03,2025-04-08,10.71,2.987861811391209,9.80392156862744,31.609195402298845,False,-6.6836,5.9549,1,1,1,100.0,48.303934871099045,48.303934871099045,5.012138188608791,2.987861811391209,历史1/1次成功; 当前距低点2.99%; 最新日涨幅-6.68%; 状态confirmed_rebound; 底部未确认
209,74.74159674272036,69.90273391812866,603328,依顿电子,confirmed_rebound,2025-04-08,7.72,2025-04-08,7.68,0.5208333333333338,8.723958333333332,31.550802139037437,False,-9.4959,3.77,1,1,1,100.0,39.57115009746589,39.57115009746589,7.479166666666666,0.5208333333333338,历史1/1次成功; 当前距低点0.52%; 最新日涨幅-9.50%; 状态confirmed_rebound; 底部未确认
210,74.71409499762352,75.99066923678865,300450,先导智能,confirmed_rebound,2025-04-08,17.62,2025-04-07,16.8,4.880952380952382,15.476190476190462,30.949445129469783,True,1.8497,1.7983,2,2,2,100.0,27.361508953548753,36.81257014590347,3.1190476190476177,4.880952380952382,历史2/2次成功; 当前距低点4.88%; 最新日涨幅1.85%; 状态confirmed_rebound; 底部已确认
211,74.68891904484569,69.15640652300526,002444,巨星科技,bottom_area,2025-04-08,22.16,2025-04-08,22.16,0.0,1.850180505415163,27.841094106154348,False,-9.9919,2.7856,1,1,1,100.0,31.217239370995912,31.217239370995912,8.0,0.0,历史1/1次成功; 当前距低点0.00%; 最新日涨幅-9.99%; 状态bottom_area; 底部未确认
212,74.57398102176143,71.62092380677853,002576,通达动力,confirmed_rebound,2025-04-08,12.34,2025-04-08,12.11,1.8992568125516136,9.496284062758056,27.61506276150628,False,-8.321,7.5655,2,2,2,100.0,9.200157738689308,9.731113956466078,6.100743187448386,1.8992568125516136,历史2/2次成功; 当前距低点1.90%; 最新日涨幅-8.32%; 状态confirmed_rebound; 底部未确认
213,74.54643452136881,73.29047057180324,600301,华锡有色,bottom_area,2025-04-08,18.86,2025-04-08,18.29,3.1164570803717897,7.271733187534182,31.626168224299068,False,-3.7264,6.7032,2,2,2,100.0,22.881681263714675,32.51582278481012,4.88354291962821,3.1164570803717897,历史2/2次成功; 当前距低点3.12%; 最新日涨幅-3.73%; 状态bottom_area; 底部未确认
214,74.44116778735543,72.32435732894722,603002,宏昌电子,bottom_area,2025-04-08,4.92,2025-04-08,4.8,2.500000000000002,7.916666666666665,32.10749646393211,False,-4.2802,2.823,2,2,2,100.0,10.130953381436617,12.133072407045011,5.499999999999998,2.500000000000002,历史2/2次成功; 当前距低点2.50%; 最新日涨幅-4.28%; 状态bottom_area; 底部未确认
215,74.36444272982652,74.59695271230645,301468,博盈特焊,confirmed_rebound,2025-04-08,20.02,2025-04-07,19.22,4.162330905306976,12.33090530697191,27.471698113207548,False,2.4565,1.9285,1,1,1,100.0,36.91971600218461,36.91971600218461,3.837669094693024,4.162330905306976,历史1/1次成功; 当前距低点4.16%; 最新日涨幅2.46%; 状态confirmed_rebound; 底部未确认
216,74.35585056817033,72.71876480767591,000586,汇源通信,confirmed_rebound,2025-04-08,7.96,2025-04-08,7.74,2.842377260981909,8.139534883720916,32.22416812609457,False,-5.0119,5.5515,2,2,2,100.0,26.66336001459488,30.06430868167203,5.157622739018092,2.842377260981909,历史2/2次成功; 当前距低点2.84%; 最新日涨幅-5.01%; 状态confirmed_rebound; 底部未确认
217,74.14779457802487,75.04097845138674,300550,和仁科技,confirmed_rebound,2025-04-08,11.09,2025-04-07,10.6,4.622641509433965,19.9056603773585,32.868904369854334,True,4.3274,1.7878,2,2,2,100.0,19.089253187613846,27.62295081967214,3.3773584905660354,4.622641509433965,历史2/2次成功; 当前距低点4.62%; 最新日涨幅4.33%; 状态confirmed_rebound; 底部已确认
218,74.10199067420415,72.02759591194028,000036,华联控股,confirmed_rebound,2025-04-08,3.25,2025-04-08,3.17,2.5236593059936934,8.201892744479503,28.60360360360361,False,-6.3401,2.6311,2,2,2,100.0,19.040532954870415,20.532319391634985,5.476340694006307,2.5236593059936934,历史2/2次成功; 当前距低点2.52%; 最新日涨幅-6.34%; 状态confirmed_rebound; 底部未确认
219,74.08356141556867,73.55533637873754,300531,优博讯,bottom_area,2025-04-08,11.14,2025-04-08,10.75,3.627906976744191,7.255813953488365,31.485022307202037,False,3.4355,2.4131,1,1,1,100.0,14.553571428571436,14.553571428571436,4.372093023255809,3.627906976744191,历史1/1次成功; 当前距低点3.63%; 最新日涨幅3.44%; 状态bottom_area; 底部未确认
220,74.073093629491,74.26486862917899,300727,润禾材料,confirmed_rebound,2025-04-08,30.98,2025-04-08,29.75,4.134453781512606,8.773109243697478,28.895793499043982,False,2.4471,4.5878,6,7,6,85.71428571428571,15.744979076186002,26.812499999999993,3.8655462184873937,4.134453781512606,历史6/7次成功; 当前距低点4.13%; 最新日涨幅2.45%; 状态confirmed_rebound; 底部未确认
221,74.00816901026579,72.06203506953443,002662,峰璟股份,confirmed_rebound,2025-04-08,3.14,2025-04-08,3.06,2.6143790849673225,9.477124183006538,29.330254041570434,False,-7.6471,3.5328,1,1,1,100.0,37.004405286343605,37.004405286343605,5.385620915032678,2.6143790849673225,历史1/1次成功; 当前距低点2.61%; 最新日涨幅-7.65%; 状态confirmed_rebound; 底部未确认
222,73.99185601284319,72.6127364147501,301598,博科测试,confirmed_rebound,2025-04-08,54.21,2025-04-07,52.62,3.0216647662485814,18.54808057772711,28.766752402869916,False,3.0217,9.5703,1,1,1,100.0,12.269527321488448,12.269527321488448,4.978335233751419,3.0216647662485814,历史1/1次成功; 当前距低点3.02%; 最新日涨幅3.02%; 状态confirmed_rebound; 底部未确认
223,73.94350573248407,72.94,002097,山河智能,confirmed_rebound,2025-04-08,6.28,2025-04-08,6.08,3.2894736842105288,10.855263157894738,31.9910514541387,False,-6.8249,4.8097,1,1,1,100.0,50.210970464135016,50.210970464135016,4.710526315789472,3.2894736842105288,历史1/1次成功; 当前距低点3.29%; 最新日涨幅-6.82%; 状态confirmed_rebound; 底部未确认
224,73.93915242519515,73.24161325137256,002003,伟星股份,bottom_area,2025-04-08,10.92,2025-04-08,10.55,3.507109004739329,5.1184834123222664,27.739726027397253,False,1.8657,1.7504,1,1,1,100.0,11.386138613861391,11.386138613861391,4.492890995260671,3.507109004739329,历史1/1次成功; 当前距低点3.51%; 最新日涨幅1.87%; 状态bottom_area; 底部未确认
225,73.93718970749948,74.94772077411679,002127,南极电商,bottom_area,2025-04-08,3.56,2025-04-08,3.4,4.70588235294118,5.588235294117646,27.81316348195329,False,1.7143,3.0503,2,2,2,100.0,18.586734079691826,19.17659804983748,3.2941176470588203,4.70588235294118,历史2/2次成功; 当前距低点4.71%; 最新日涨幅1.71%; 状态bottom_area; 底部未确认
226,73.8927594970109,70.90667161410018,000878,云南铜业,bottom_area,2025-04-08,10.98,2025-04-08,10.78,1.855287569573294,4.545454545454548,27.553763440860223,False,-4.1885,3.9784,1,1,1,100.0,11.272727272727277,11.272727272727277,6.144712430426706,1.855287569573294,历史1/1次成功; 当前距低点1.86%; 最新日涨幅-4.19%; 状态bottom_area; 底部未确认
227,73.79322051847772,72.84816326530616,002611,东方精工,confirmed_rebound,2025-04-08,9.62,2025-04-08,9.31,3.32975295381309,10.096670247046182,32.19227967953386,False,-6.9632,9.452,1,1,1,100.0,145.12534818941506,145.12534818941506,4.67024704618691,3.32975295381309,历史1/1次成功; 当前距低点3.33%; 最新日涨幅-6.96%; 状态confirmed_rebound; 底部未确认
228,73.72492077323781,70.91965444197739,002825,纳尔股份,confirmed_rebound,2025-04-08,7.2,2025-04-08,7.06,1.9830028328611982,8.356940509915026,27.066115702479344,False,-6.0052,3.8844,1,1,1,100.0,23.123123123123136,23.123123123123136,6.016997167138801,1.9830028328611982,历史1/1次成功; 当前距低点1.98%; 最新日涨幅-6.01%; 状态confirmed_rebound; 底部未确认
229,73.63470995665719,72.54651227256865,002491,通鼎互联,confirmed_rebound,2025-04-08,3.84,2025-04-08,3.72,3.225806451612894,9.946236559139775,29.811320754716974,False,-5.8824,2.7462,2,2,2,100.0,30.437370872290508,52.39520958083833,4.774193548387106,3.225806451612894,历史2/2次成功; 当前距低点3.23%; 最新日涨幅-5.88%; 状态confirmed_rebound; 底部未确认
230,73.61031719652763,71.08852251407129,603066,音飞储存,bottom_area,2025-04-08,9.81,2025-04-08,9.6,2.187500000000009,7.08333333333333,27.382753403933442,False,-4.572,3.3379,1,1,1,100.0,16.322701688555348,16.322701688555348,5.812499999999991,2.187500000000009,历史1/1次成功; 当前距低点2.19%; 最新日涨幅-4.57%; 状态bottom_area; 底部未确认
231,73.56598913615785,73.94995107494648,688308,欧科亿,confirmed_rebound,2025-04-08,15.87,2025-04-07,15.22,4.270696452036784,15.111695137976339,27.69596199524941,True,1.341,1.5501,4,5,4,80.0,18.909349384894398,40.26548672566372,3.7293035479632164,4.270696452036784,历史4/5次成功; 当前距低点4.27%; 最新日涨幅1.34%; 状态confirmed_rebound; 底部已确认
232,73.49026861875392,72.57440013257381,002334,英威腾,confirmed_rebound,2025-04-08,7.1,2025-04-08,6.87,3.3478893740902405,9.024745269286756,31.845238095238095,False,-6.4559,6.7011,2,2,2,100.0,32.08380594354603,51.62523900573612,4.65211062590976,3.3478893740902405,历史2/2次成功; 当前距低点3.35%; 最新日涨幅-6.46%; 状态confirmed_rebound; 底部未确认
233,73.46614541209621,68.02420871490389,002463,沪电股份,confirmed_rebound,2025-04-08,24.94,2025-04-08,24.94,0.0,8.660785886126703,32.93896208658241,False,-9.9964,3.9994,2,2,2,100.0,18.678541477977923,18.842105263157887,8.0,0.0,历史2/2次成功; 当前距低点0.00%; 最新日涨幅-10.00%; 状态confirmed_rebound; 底部未确认
234,73.44824772880665,74.56736644213063,688292,浩瀚深度,confirmed_rebound,2025-04-08,18.39,2025-04-07,17.55,4.786324786324785,17.948717948717942,31.31115459882583,True,2.7949,2.5566,2,2,2,100.0,18.54939223092011,19.078104993597968,3.2136752136752147,4.786324786324785,历史2/2次成功; 当前距低点4.79%; 最新日涨幅2.79%; 状态confirmed_rebound; 底部已确认
235,73.44683579333602,68.36940224431007,002729,好利科技,confirmed_rebound,2025-04-08,10.88,2025-04-08,10.85,0.2764976958525451,10.41474654377881,29.40793754066363,False,-9.7844,6.8148,2,2,2,100.0,11.665682746526251,13.144449605202036,7.723502304147455,0.2764976958525451,历史2/2次成功; 当前距低点0.28%; 最新日涨幅-9.78%; 状态confirmed_rebound; 底部未确认
236,73.26543157995731,74.45035956887965,601921,浙版传媒,bottom_area,2025-04-08,7.59,2025-04-07,7.24,4.834254143646404,6.21546961325967,29.57198443579766,False,3.5471,1.1886,1,1,1,100.0,34.15300546448087,34.15300546448087,3.1657458563535967,4.834254143646404,历史1/1次成功; 当前距低点4.83%; 最新日涨幅3.55%; 状态bottom_area; 底部未确认
237,73.08834765677742,71.65368460385876,001359,平安电工,confirmed_rebound,2025-04-08,27.05,2025-04-08,26.27,2.969166349448044,10.011419870574796,28.224043715846996,False,-7.3313,17.601,2,2,2,100.0,22.491311186023104,33.681252509032504,5.030833650551957,2.969166349448044,历史2/2次成功; 当前距低点2.97%; 最新日涨幅-7.33%; 状态confirmed_rebound; 底部未确认
238,72.88777723057426,70.95305724704909,002532,天山铝业,confirmed_rebound,2025-04-08,7.1,2025-04-08,6.92,2.6011560693641576,10.693641618497113,29.959514170040492,False,-7.4316,3.6786,2,2,2,100.0,14.213403683867579,16.548797736916548,5.3988439306358424,2.6011560693641576,历史2/2次成功; 当前距低点2.60%; 最新日涨幅-7.43%; 状态confirmed_rebound; 底部未确认
239,72.85558382076367,73.57798586378996,300819,聚杰微纤,confirmed_rebound,2025-04-08,22.0,2025-04-07,21.05,4.5130641330166235,18.14726840855107,29.005059021922424,True,4.5131,6.4181,1,1,1,100.0,26.54716175842936,26.54716175842936,3.486935866983377,4.5130641330166235,历史1/1次成功; 当前距低点4.51%; 最新日涨幅4.51%; 状态confirmed_rebound; 底部已确认
240,72.83534002754693,71.97333382016588,000801,四川九洲,bottom_area,2025-04-08,13.76,2025-04-08,13.31,3.3809166040570946,5.409466566491352,27.267759562841533,False,-1.9244,4.3704,2,2,2,100.0,8.827009018365866,9.517923362175521,4.619083395942906,3.3809166040570946,历史2/2次成功; 当前距低点3.38%; 最新日涨幅-1.92%; 状态bottom_area; 底部未确认
241,72.83122695153025,67.4363212514169,002735,王子新材,bottom_area,2025-04-08,8.34,2025-04-08,8.34,0.0,4.916067146282976,27.729636048526856,False,-10.0324,14.3373,4,5,4,80.0,15.30280242697252,21.043478260869563,8.0,0.0,历史4/5次成功; 当前距低点0.00%; 最新日涨幅-10.03%; 状态bottom_area; 底部未确认
242,72.80459762730472,70.64934014869888,002189,中光学,bottom_area,2025-04-08,16.39,2025-04-08,16.0,2.4375000000000036,7.187499999999991,30.039352864013996,False,-3.5315,2.3042,1,1,1,100.0,17.026022304832722,17.026022304832722,5.5624999999999964,2.4375000000000036,历史1/1次成功; 当前距低点2.44%; 最新日涨幅-3.53%; 状态bottom_area; 底部未确认
243,72.7920150141892,71.75437300326308,002351,漫步者,confirmed_rebound,2025-04-08,12.06,2025-04-08,11.68,3.253424657534253,9.07534246575343,29.083181542197934,False,-5.2632,4.5443,2,2,2,100.0,26.517103346457983,40.4505386875612,4.746575342465746,3.253424657534253,历史2/2次成功; 当前距低点3.25%; 最新日涨幅-5.26%; 状态confirmed_rebound; 底部未确认
244,72.74367378599679,71.72376189189406,301550,斯菱智驱,confirmed_rebound,2025-04-08,80.0,2025-04-08,77.47,3.2657803020524088,9.074480444042857,28.255232450453793,False,-2.9126,8.7548,1,1,1,100.0,32.95559666975023,32.95559666975023,4.734219697947592,3.2657803020524088,历史1/1次成功; 当前距低点3.27%; 最新日涨幅-2.91%; 状态confirmed_rebound; 底部未确认
245,72.57518813316752,72.10493853403254,002628,成都路桥,bottom_area,2025-04-08,3.68,2025-04-08,3.55,3.6619718309859253,5.915492957746478,28.85771543086173,False,-2.3873,2.5194,2,2,2,100.0,12.979754347744429,14.683544303797468,4.338028169014075,3.6619718309859253,历史2/2次成功; 当前距低点3.66%; 最新日涨幅-2.39%; 状态bottom_area; 底部未确认
246,72.53752393561808,73.87082182046485,300553,集智股份,confirmed_rebound,2025-04-08,36.7,2025-04-08,34.97,4.947097512153286,12.953960537603665,28.55975485188969,False,-0.2717,11.0301,4,4,4,100.0,15.10862445255024,17.361392148927557,3.052902487846714,4.947097512153286,历史4/4次成功; 当前距低点4.95%; 最新日涨幅-0.27%; 状态confirmed_rebound; 底部未确认
247,72.42643719359201,70.59285650514663,603106,恒银科技,confirmed_rebound,2025-04-08,6.93,2025-04-08,6.75,2.6666666666666625,10.518518518518517,27.497314715359835,False,-7.6,3.1514,4,5,4,80.0,23.07987368358397,34.60144927536232,5.3333333333333375,2.6666666666666625,历史4/5次成功; 当前距低点2.67%; 最新日涨幅-7.60%; 状态confirmed_rebound; 底部未确认
248,72.36192763934952,73.32500229637655,300375,鹏翎股份,confirmed_rebound,2025-04-08,4.02,2025-04-07,3.84,4.687499999999993,17.708333333333325,28.888888888888896,True,3.6082,6.4767,2,2,2,100.0,10.658614496647974,11.74785100286532,3.312500000000007,4.687499999999993,历史2/2次成功; 当前距低点4.69%; 最新日涨幅3.61%; 状态confirmed_rebound; 底部已确认
249,72.33465487936311,72.02508432627963,002148,北纬科技,confirmed_rebound,2025-04-08,5.77,2025-04-08,5.56,3.7769784172661867,10.071942446043176,30.06289308176101,False,-6.483,6.4061,3,3,3,100.0,17.72362966476626,19.756097560975626,4.223021582733813,3.7769784172661867,历史3/3次成功; 当前距低点3.78%; 最新日涨幅-6.48%; 状态confirmed_rebound; 底部未确认
250,72.33020845340964,70.99385356281549,002632,道明光学,confirmed_rebound,2025-04-08,7.48,2025-04-08,7.26,3.030303030303039,11.157024793388437,30.85714285714286,False,-6.1481,3.7781,2,2,2,100.0,19.693249848959194,25.259515570934255,4.969696969696962,3.030303030303039,历史2/2次成功; 当前距低点3.03%; 最新日涨幅-6.15%; 状态confirmed_rebound; 底部未确认
251,72.29622714302157,70.93122757457611,001255,博菲电气,confirmed_rebound,2025-04-08,23.28,2025-04-08,22.6,3.0088495575221224,10.176991150442465,29.81366459627329,False,-5.2889,8.644,2,2,2,100.0,19.093572934013746,26.78321678321677,4.991150442477878,3.0088495575221224,历史2/2次成功; 当前距低点3.01%; 最新日涨幅-5.29%; 状态confirmed_rebound; 底部未确认
252,72.24597554592816,72.97793332494855,001266,宏英智能,confirmed_rebound,2025-04-08,20.1,2025-04-08,19.23,4.524180967238695,10.244409776391048,29.32745314222712,False,-5.5895,12.475,5,5,5,100.0,15.339064141143957,23.285351397121083,3.4758190327613057,4.524180967238695,历史5/5次成功; 当前距低点4.52%; 最新日涨幅-5.59%; 状态confirmed_rebound; 底部未确认
253,72.20871157678519,70.70956877588308,002451,摩恩电气,confirmed_rebound,2025-04-08,5.66,2025-04-08,5.5,2.9090909090909114,9.272727272727268,27.055702917771885,False,-6.6007,4.8125,2,2,2,100.0,16.679011014034202,23.464566929133863,5.090909090909089,2.9090909090909114,历史2/2次成功; 当前距低点2.91%; 最新日涨幅-6.60%; 状态confirmed_rebound; 底部未确认
254,72.02994617722102,72.72389277268314,300496,中科创达,confirmed_rebound,2025-04-08,47.62,2025-04-07,45.57,4.49857362299758,18.16984858459513,32.4288256227758,True,4.4986,5.9611,4,5,4,80.0,15.11097114579368,21.017452655031576,3.50142637700242,4.49857362299758,历史4/5次成功; 当前距低点4.50%; 最新日涨幅4.50%; 状态confirmed_rebound; 底部已确认
255,72.0119240160849,68.88184157841965,605058,澳弘电子,confirmed_rebound,2025-04-08,19.26,2025-04-08,18.94,1.6895459345300963,11.668426610348453,27.984790874524712,False,-8.4601,3.5952,1,1,1,100.0,8.569926393270237,8.569926393270237,6.310454065469903,1.6895459345300963,历史1/1次成功; 当前距低点1.69%; 最新日涨幅-8.46%; 状态confirmed_rebound; 底部未确认
256,71.91697391086919,70.25575410927065,002206,海利得,confirmed_rebound,2025-04-08,4.06,2025-04-08,3.95,2.784810126582264,9.367088607594939,29.96453900709219,False,-6.6667,8.1415,2,2,2,100.0,12.715705364936547,13.167259786476862,5.215189873417736,2.784810126582264,历史2/2次成功; 当前距低点2.78%; 最新日涨幅-6.67%; 状态confirmed_rebound; 底部未确认
257,71.89632480102715,72.03244911431402,300597,吉大通信,confirmed_rebound,2025-04-08,7.62,2025-04-07,7.32,4.098360655737703,19.672131147540973,30.352045670789717,True,2.973,3.2999,1,1,1,100.0,13.154362416107377,13.154362416107377,3.9016393442622976,4.098360655737703,历史1/1次成功; 当前距低点4.10%; 最新日涨幅2.97%; 状态confirmed_rebound; 底部已确认
258,71.86439080490179,72.9566289541315,000948,南天信息,bottom_area,2025-04-08,15.55,2025-04-08,14.84,4.784366576819413,7.008086253369279,29.333333333333332,False,-2.0781,4.0697,2,2,2,100.0,31.317122307955756,41.16485686080947,3.2156334231805874,4.784366576819413,历史2/2次成功; 当前距低点4.78%; 最新日涨幅-2.08%; 状态bottom_area; 底部未确认
259,71.84493304981612,68.98957749381698,002635,安洁科技,confirmed_rebound,2025-04-08,12.39,2025-04-08,12.16,1.891447368421056,11.430921052631584,30.712250712250714,False,-8.2902,6.5324,1,1,1,100.0,11.624072547403118,11.624072547403118,6.108552631578943,1.891447368421056,历史1/1次成功; 当前距低点1.89%; 最新日涨幅-8.29%; 状态confirmed_rebound; 底部未确认
260,71.83013027218331,71.71915285963453,300570,太辰光,bottom_area,2025-04-08,62.04,2025-04-08,59.7,3.9195979899497426,7.822445561139031,30.460104834012807,False,-1.6799,9.6905,2,2,2,100.0,14.063635896343833,14.728682170542637,4.080402010050258,3.9195979899497426,历史2/2次成功; 当前距低点3.92%; 最新日涨幅-1.68%; 状态bottom_area; 底部未确认
261,71.82336858223088,70.30987095838769,002075,沙钢股份,confirmed_rebound,2025-04-08,4.98,2025-04-08,4.84,2.892561983471086,11.157024793388432,27.436281859070466,False,-7.4349,4.4333,1,1,1,100.0,30.994152046783608,30.994152046783608,5.107438016528914,2.892561983471086,历史1/1次成功; 当前距低点2.89%; 最新日涨幅-7.43%; 状态confirmed_rebound; 底部未确认
262,71.68410115872726,66.37416773956227,002851,麦格米特,bottom_area,2025-04-08,45.97,2025-04-08,45.97,0.0,7.657167718077014,27.537831021437576,False,-10.0039,6.891,1,1,1,100.0,16.25896634173258,16.25896634173258,8.0,0.0,历史1/1次成功; 当前距低点0.00%; 最新日涨幅-10.00%; 状态bottom_area; 底部未确认
263,71.6154985158962,69.36049077914942,002591,恒大高新,confirmed_rebound,2025-04-08,4.38,2025-04-08,4.28,2.3364485981308327,9.112149532710273,28.666666666666664,False,-4.9892,7.1044,1,1,1,100.0,19.073083778966122,19.073083778966122,5.663551401869167,2.3364485981308327,历史1/1次成功; 当前距低点2.34%; 最新日涨幅-4.99%; 状态confirmed_rebound; 底部未确认
264,71.59026876857071,70.81366865061304,603123,翠微股份,bottom_area,2025-04-08,6.93,2025-04-08,6.7,3.4328358208955154,6.716417910447764,27.48917748917749,False,-3.0769,2.4651,5,6,5,83.33333333333334,16.22151069312622,29.08496732026144,4.567164179104485,3.4328358208955154,历史5/6次成功; 当前距低点3.43%; 最新日涨幅-3.08%; 状态bottom_area; 底部未确认
265,71.57821088329369,69.63743817037498,002373,千方科技,bottom_area,2025-04-08,7.98,2025-04-08,7.78,2.5706940874036013,6.555269922879163,29.909909909909903,False,-3.6232,2.8576,1,1,1,100.0,13.218390804597707,13.218390804597707,5.4293059125964,2.5706940874036013,历史1/1次成功; 当前距低点2.57%; 最新日涨幅-3.62%; 状态bottom_area; 底部未确认
266,71.54499339455833,70.5527813683976,000551,创元科技,confirmed_rebound,2025-04-08,10.41,2025-04-08,10.08,3.2738095238095246,10.615079365079367,28.510638297872337,False,-6.2162,5.3226,1,1,1,100.0,36.97347893915756,36.97347893915756,4.726190476190475,3.2738095238095246,历史1/1次成功; 当前距低点3.27%; 最新日涨幅-6.22%; 状态confirmed_rebound; 底部未确认
267,71.4837653980967,72.14336184929017,000886,海南高速,bottom_area,2025-04-08,5.6,2025-04-08,5.36,4.477611940298495,4.850746268656712,32.74780426599748,False,0.5386,3.7141,1,1,1,100.0,17.378048780487816,17.378048780487816,3.5223880597015054,4.477611940298495,历史1/1次成功; 当前距低点4.48%; 最新日涨幅0.54%; 状态bottom_area; 底部未确认
268,71.39309509017164,68.51865399571717,002328,新朋股份,confirmed_rebound,2025-04-08,4.92,2025-04-08,4.83,1.8633540372670776,9.73084886128364,29.796511627906973,False,-8.209,5.1445,1,1,1,100.0,8.747855917667234,8.747855917667234,6.136645962732922,1.8633540372670776,历史1/1次成功; 当前距低点1.86%; 最新日涨幅-8.21%; 状态confirmed_rebound; 底部未确认
269,71.32261586356282,71.45732887613775,688160,步科股份,confirmed_rebound,2025-04-08,72.14,2025-04-08,69.3,4.098124098124104,12.626262626262626,30.12704174228676,False,-5.65,4.2364,3,3,3,100.0,18.60780548312207,26.542553191489354,3.9018759018758966,4.098124098124104,历史3/3次成功; 当前距低点4.10%; 最新日涨幅-5.65%; 状态confirmed_rebound; 底部未确认
270,71.10430435378493,69.21692455191852,002534,西子洁能,confirmed_rebound,2025-04-08,10.65,2025-04-08,10.38,2.6011560693641576,9.730250481695565,28.364389233954444,False,-5.6687,2.2562,3,4,3,75.0,25.712690269187092,33.11594202898551,5.3988439306358424,2.6011560693641576,历史3/4次成功; 当前距低点2.60%; 最新日涨幅-5.67%; 状态confirmed_rebound; 底部未确认
271,71.0766195946623,65.90081408401859,603201,常润股份,confirmed_rebound,2025-04-08,14.24,2025-04-08,14.23,0.07027406886858599,10.260014054813766,30.449657869012707,False,-9.9304,6.1631,1,1,1,100.0,12.53246753246752,12.53246753246752,7.929725931131413,0.07027406886858599,历史1/1次成功; 当前距低点0.07%; 最新日涨幅-9.93%; 状态confirmed_rebound; 底部未确认
272,71.04736702668049,69.35274693831282,688220,翱捷科技,confirmed_rebound,2025-04-08,75.99,2025-04-08,73.96,2.744726879394269,11.95240670632775,30.226415094339625,False,-4.3309,5.0559,3,4,3,75.0,28.20281840500936,45.103092783505154,5.2552731206057315,2.744726879394269,历史3/4次成功; 当前距低点2.74%; 最新日涨幅-4.33%; 状态confirmed_rebound; 底部未确认
273,71.01233357124856,69.91673118565886,000695,滨海能源,confirmed_rebound,2025-04-08,8.73,2025-04-08,8.46,3.1914893617021227,8.037825059101651,30.825838103025344,False,-2.784,2.2823,4,5,4,80.0,15.663048012579045,21.910112359550556,4.808510638297878,3.1914893617021227,历史4/5次成功; 当前距低点3.19%; 最新日涨幅-2.78%; 状态confirmed_rebound; 底部未确认
274,70.8072891633326,70.71666308328994,002850,科达利,confirmed_rebound,2025-04-08,99.88,2025-04-08,96.1,3.93340270551509,9.240374609781487,30.109090909090913,False,-5.9422,5.1482,3,3,3,100.0,12.60656587023842,13.44718098343773,4.06659729448491,3.93340270551509,历史3/3次成功; 当前距低点3.93%; 最新日涨幅-5.94%; 状态confirmed_rebound; 底部未确认
275,70.72217475754168,70.82196304206278,002232,启明信息,confirmed_rebound,2025-04-08,15.33,2025-04-08,14.73,4.073319755600812,11.269517990495588,30.18957345971564,False,-6.3531,3.6109,3,3,3,100.0,14.887806907702295,17.044757817290016,3.926680244399188,4.073319755600812,历史3/3次成功; 当前距低点4.07%; 最新日涨幅-6.35%; 状态confirmed_rebound; 底部未确认
276,70.71451037135685,69.21304656934902,603197,保隆科技,confirmed_rebound,2025-04-08,34.96,2025-04-08,33.98,2.884049440847569,8.00470865214834,29.428868120456908,False,-6.9718,4.6803,4,5,4,80.0,18.32623276602941,23.07435811937312,5.115950559152431,2.884049440847569,历史4/5次成功; 当前距低点2.88%; 最新日涨幅-6.97%; 状态confirmed_rebound; 底部未确认
277,70.70378252545152,70.65837955063988,688238,和元生物,confirmed_rebound,2025-04-08,4.98,2025-04-07,4.79,3.9665970772442667,21.711899791231733,27.64350453172206,True,-0.7968,3.8779,5,6,5,83.33333333333334,12.73595458829821,20.425531914893615,4.033402922755734,3.9665970772442667,历史5/6次成功; 当前距低点3.97%; 最新日涨幅-0.80%; 状态confirmed_rebound; 底部已确认
278,70.64317821876608,71.67054483921218,300508,维宏股份,bottom_area,2025-04-08,26.9,2025-04-08,25.68,4.7507788161993725,7.359813084112152,27.375565610859727,False,2.2036,4.3167,3,4,3,75.0,22.351185699713707,42.06627680311891,3.2492211838006275,4.7507788161993725,历史3/4次成功; 当前距低点4.75%; 最新日涨幅2.20%; 状态bottom_area; 底部未确认
279,70.62219928825624,65.39092526690392,605088,冠盛股份,bottom_area,2025-04-08,27.78,2025-04-08,27.78,0.0,6.371490280777536,29.222929936305732,False,-10.0097,3.8266,1,1,1,100.0,10.972716488730732,10.972716488730732,8.0,0.0,历史1/1次成功; 当前距低点0.00%; 最新日涨幅-10.01%; 状态bottom_area; 底部未确认
280,70.48703326750429,68.25328925550592,002291,遥望科技,confirmed_rebound,2025-04-08,5.28,2025-04-08,5.16,2.325581395348839,9.689922480620154,31.926121372031663,False,-7.8534,7.6012,3,4,3,75.0,17.153843209146633,27.107438016528935,5.674418604651161,2.325581395348839,历史3/4次成功; 当前距低点2.33%; 最新日涨幅-7.85%; 状态confirmed_rebound; 底部未确认
281,70.36512380270318,69.6079105874957,600171,上海贝岭,bottom_area,2025-04-08,29.49,2025-04-08,28.51,3.4373903893370636,7.716590669940369,29.933644630130246,False,-2.2215,4.7254,3,4,3,75.0,17.635272447226892,31.741821396993807,4.562609610662936,3.4373903893370636,历史3/4次成功; 当前距低点3.44%; 最新日涨幅-2.22%; 状态bottom_area; 底部未确认
282,70.25109289665505,69.15597514120564,600288,大恒科技,confirmed_rebound,2025-04-08,7.78,2025-04-08,7.54,3.183023872679048,9.018567639257302,29.59850606909431,False,-4.4226,3.4535,2,2,2,100.0,11.684245004913208,12.112676056338033,4.816976127320952,3.183023872679048,历史2/2次成功; 当前距低点3.18%; 最新日涨幅-4.42%; 状态confirmed_rebound; 底部未确认
283,70.23798722976264,69.85521890698465,600143,金发科技,bottom_area,2025-04-08,9.49,2025-04-08,9.15,3.7158469945355175,5.46448087431694,29.831288343558278,False,-2.8659,3.1891,1,1,1,100.0,18.211559432933477,18.211559432933477,4.284153005464483,3.7158469945355175,历史1/1次成功; 当前距低点3.72%; 最新日涨幅-2.87%; 状态bottom_area; 底部未确认
284,70.2085138429557,68.76091561938959,600218,全柴动力,bottom_area,2025-04-08,7.41,2025-04-08,7.2,2.916666666666666,6.66666666666666,31.947069943289225,False,-4.7558,3.9778,1,1,1,100.0,12.746858168761218,12.746858168761218,5.083333333333334,2.916666666666666,历史1/1次成功; 当前距低点2.92%; 最新日涨幅-4.76%; 状态bottom_area; 底部未确认
285,70.18780130876573,68.96858144207438,600130,波导股份,bottom_area,2025-04-08,2.67,2025-04-08,2.59,3.0888030888030915,7.335907335907334,32.727272727272734,False,-4.9822,5.1996,3,4,3,75.0,20.140067121211995,28.301886792452823,4.9111969111969085,3.0888030888030915,历史3/4次成功; 当前距低点3.09%; 最新日涨幅-4.98%; 状态bottom_area; 底部未确认
286,70.02888184862223,69.92919660755656,688020,方邦股份,confirmed_rebound,2025-04-08,28.06,2025-04-07,27.0,3.9259259259259207,16.70370370370371,29.356357927786497,True,1.2996,0.7988,5,7,5,71.42857142857143,11.637599101899854,19.635890767230173,4.074074074074079,3.9259259259259207,历史5/7次成功; 当前距低点3.93%; 最新日涨幅1.30%; 状态confirmed_rebound; 底部已确认
287,69.99881835325209,69.10711366085398,002229,鸿博股份,confirmed_rebound,2025-04-08,9.92,2025-04-08,9.6,3.3333333333333366,8.333333333333341,30.785868781542895,False,-7.0291,6.1415,2,2,2,100.0,13.264051940075175,16.987740805604197,4.666666666666663,3.3333333333333366,历史2/2次成功; 当前距低点3.33%; 最新日涨幅-7.03%; 状态confirmed_rebound; 底部未确认
288,69.9504134177371,69.45539598091614,300684,中石科技,confirmed_rebound,2025-04-08,19.98,2025-04-08,19.28,3.6307053941908674,14.782157676348536,27.681920480120027,False,-5.7992,11.2357,2,2,2,100.0,18.78174343909313,29.26023778071334,4.369294605809133,3.6307053941908674,历史2/2次成功; 当前距低点3.63%; 最新日涨幅-5.80%; 状态confirmed_rebound; 底部未确认
289,69.94945311448056,71.2604201072553,300499,高澜股份,confirmed_rebound,2025-04-08,15.22,2025-04-08,14.5,4.965517241379315,15.448275862068956,29.577464788732392,False,-3.9141,11.4925,6,6,6,100.0,11.515050632258854,18.11955168119552,3.034482758620685,4.965517241379315,历史6/6次成功; 当前距低点4.97%; 最新日涨幅-3.91%; 状态confirmed_rebound; 底部未确认
290,69.89538621428818,70.5034239568317,300753,爱朋医疗,confirmed_rebound,2025-04-08,19.48,2025-04-08,18.65,4.450402144772128,8.579088471849875,29.087452471482898,False,3.3422,13.2674,3,4,3,75.0,22.60935939200075,28.044496487119456,3.549597855227872,4.450402144772128,历史3/4次成功; 当前距低点4.45%; 最新日涨幅3.34%; 状态confirmed_rebound; 底部未确认
291,69.87667917536984,70.5542594267282,601858,中国科传,bottom_area,2025-04-08,17.41,2025-04-08,16.66,4.501800720288116,7.32292917166866,27.47061384414453,False,-2.846,0.7316,5,6,5,83.33333333333334,17.715224385224563,28.20936639118458,3.498199279711885,4.501800720288116,历史5/6次成功; 当前距低点4.50%; 最新日涨幅-2.85%; 状态bottom_area; 底部未确认
292,69.83373005562935,69.17713353395118,600241,时代万恒,confirmed_rebound,2025-04-08,5.9,2025-04-08,5.7,3.5087719298245648,8.596491228070178,30.8252427184466,False,-5.6,2.4318,2,2,2,100.0,15.79104050511391,22.50673854447439,4.491228070175436,3.5087719298245648,历史2/2次成功; 当前距低点3.51%; 最新日涨幅-5.60%; 状态confirmed_rebound; 底部未确认
293,69.76050591955546,68.97225161537969,002638,勤上股份,confirmed_rebound,2025-04-08,1.82,2025-04-08,1.76,3.4090909090909123,9.659090909090905,31.517509727626454,False,-5.6995,2.7464,2,2,2,100.0,13.467628430682618,17.241379310344833,4.590909090909088,3.4090909090909123,历史2/2次成功; 当前距低点3.41%; 最新日涨幅-5.70%; 状态confirmed_rebound; 底部未确认
294,69.7181016420173,68.71218572529942,600120,浙江东方,bottom_area,2025-04-08,5.41,2025-04-08,5.24,3.244274809160304,4.961832061068698,30.319148936170205,False,-4.078,3.8471,1,1,1,100.0,16.500711237553332,16.500711237553332,4.755725190839696,3.244274809160304,历史1/1次成功; 当前距低点3.24%; 最新日涨幅-4.08%; 状态bottom_area; 底部未确认
295,69.64688271292597,70.20981216457962,301516,中远通,confirmed_rebound,2025-04-08,13.47,2025-04-07,12.9,4.418604651162792,17.829457364341074,31.0529128808124,False,4.3377,7.1582,1,1,1,100.0,16.47435897435899,16.47435897435899,3.581395348837208,4.418604651162792,历史1/1次成功; 当前距低点4.42%; 最新日涨幅4.34%; 状态confirmed_rebound; 底部未确认
296,69.61979751390194,68.96876492464278,600100,同方股份,bottom_area,2025-04-08,6.78,2025-04-08,6.55,3.5114503816793956,6.564885496183215,27.6243093922652,False,-2.0231,2.6351,1,1,1,100.0,10.94017094017095,10.94017094017095,4.488549618320604,3.5114503816793956,历史1/1次成功; 当前距低点3.51%; 最新日涨幅-2.02%; 状态bottom_area; 底部未确认
297,69.61781151741006,70.65223452645257,300913,兆龙互连,confirmed_rebound,2025-04-08,39.56,2025-04-07,37.76,4.766949152542384,17.50529661016949,30.3192470935597,False,4.7669,3.2076,1,1,1,100.0,23.123003194888174,23.123003194888174,3.2330508474576156,4.766949152542384,历史1/1次成功; 当前距低点4.77%; 最新日涨幅4.77%; 状态confirmed_rebound; 底部未确认
298,69.53536286361187,68.56567417345431,002177,御银股份,confirmed_rebound,2025-04-08,3.79,2025-04-08,3.67,3.2697547683923736,8.174386920980933,27.470355731225293,False,-4.0506,4.8587,4,5,4,80.0,19.57373680316629,29.666666666666668,4.730245231607626,3.2697547683923736,历史4/5次成功; 当前距低点3.27%; 最新日涨幅-4.05%; 状态confirmed_rebound; 底部未确认
299,69.464912293751,69.22060427864989,002455,百川股份,confirmed_rebound,2025-04-08,6.8,2025-04-08,6.55,3.816793893129771,10.992366412213737,27.6243093922652,False,-5.9474,6.3488,5,6,5,83.33333333333334,22.578285062647424,35.42600896860987,4.183206106870229,3.816793893129771,历史5/6次成功; 当前距低点3.82%; 最新日涨幅-5.95%; 状态confirmed_rebound; 底部未确认
300,69.41937402343129,68.06096143236874,600232,金鹰股份,confirmed_rebound,2025-04-08,4.85,2025-04-08,4.71,2.972399150743093,9.55414012738854,27.981651376146786,False,-6.3707,3.0996,1,1,1,100.0,19.881889763779522,19.881889763779522,5.027600849256907,2.972399150743093,历史1/1次成功; 当前距低点2.97%; 最新日涨幅-6.37%; 状态confirmed_rebound; 底部未确认
301,69.40688869872011,67.27646723623921,001222,源飞宠物,confirmed_rebound,2025-04-08,12.48,2025-04-08,12.19,2.3789991796554633,9.35192780968007,28.294117647058826,False,-7.7605,8.4589,1,1,1,100.0,8.39024390243902,8.39024390243902,5.621000820344537,2.3789991796554633,历史1/1次成功; 当前距低点2.38%; 最新日涨幅-7.76%; 状态confirmed_rebound; 底部未确认
302,69.2895993587466,68.69406235724075,600206,有研新材,bottom_area,2025-04-08,14.58,2025-04-08,14.08,3.5511363636363638,5.397727272727272,31.65048543689321,False,-1.0183,4.8228,1,1,1,100.0,9.949748743718596,9.949748743718596,4.448863636363636,3.5511363636363638,历史1/1次成功; 当前距低点3.55%; 最新日涨幅-1.02%; 状态bottom_area; 底部未确认
303,68.91201281675762,67.31110016420361,002533,金杯电工,confirmed_rebound,2025-04-08,8.88,2025-04-08,8.64,2.77777777777778,8.796296296296294,29.238329238329236,False,-5.4313,5.8807,1,1,1,100.0,13.464696223316919,13.464696223316919,5.22222222222222,2.77777777777778,历史1/1次成功; 当前距低点2.78%; 最新日涨幅-5.43%; 状态confirmed_rebound; 底部未确认
304,68.88209554678097,68.44195436117853,603138,海量数据,confirmed_rebound,2025-04-08,12.44,2025-04-08,12.0,3.6666666666666625,9.500000000000004,28.22966507177033,False,-5.0382,3.3406,2,2,2,100.0,13.77394817837919,15.114503816793897,4.3333333333333375,3.6666666666666625,历史2/2次成功; 当前距低点3.67%; 最新日涨幅-5.04%; 状态confirmed_rebound; 底部未确认
305,68.88174341598861,68.64325594228053,688228,开普云,confirmed_rebound,2025-04-08,52.73,2025-04-08,50.79,3.81964953731049,9.23410120102382,27.109644087256036,False,-0.1137,4.3926,3,4,3,75.0,27.349768211550817,41.53424657534245,4.1803504626895105,3.81964953731049,历史3/4次成功; 当前距低点3.82%; 最新日涨幅-0.11%; 状态confirmed_rebound; 底部未确认
306,68.68930851770394,69.35177321709108,300493,润欣科技,confirmed_rebound,2025-04-08,17.42,2025-04-08,16.67,4.499100179964007,8.818236352729446,28.7911149081589,False,0.8686,7.9422,1,1,1,100.0,12.847965738758035,12.847965738758035,3.5008998200359938,4.499100179964007,历史1/1次成功; 当前距低点4.50%; 最新日涨幅0.87%; 状态confirmed_rebound; 底部未确认
307,68.5234067232859,65.66634470792363,601218,吉鑫科技,bottom_area,2025-04-08,2.85,2025-04-08,2.8,1.7857142857142954,5.71428571428572,29.113924050632917,False,-2.7304,2.6681,2,3,2,66.66666666666666,10.919928025191178,11.111111111111114,6.214285714285705,1.7857142857142954,历史2/3次成功; 当前距低点1.79%; 最新日涨幅-2.73%; 状态bottom_area; 底部未确认
308,68.41649153295882,67.25458355251843,301591,肯特股份,bottom_area,2025-04-08,30.84,2025-04-08,29.91,3.1093279839518546,7.355399531929119,32.17687074829932,False,2.9716,6.4257,2,3,2,66.66666666666666,13.210670372376288,16.816218012628774,4.890672016048145,3.1093279839518546,历史2/3次成功; 当前距低点3.11%; 最新日涨幅2.97%; 状态bottom_area; 底部未确认
309,68.40956199917956,67.1916077921124,688210,统联精密,confirmed_rebound,2025-04-08,15.8,2025-04-08,15.33,3.0658838878017,10.1761252446184,31.531933899062082,False,-4.9338,7.0426,1,1,1,100.0,16.353887399463808,16.353887399463808,4.9341161121983,3.0658838878017,历史1/1次成功; 当前距低点3.07%; 最新日涨幅-4.93%; 状态confirmed_rebound; 底部未确认
310,68.39484068388333,67.84223484370192,600336,澳柯玛,confirmed_rebound,2025-04-08,5.5,2025-04-08,5.31,3.5781544256120603,9.227871939736351,27.45901639344263,False,-6.7797,3.0821,2,2,2,100.0,9.464660936007638,10.333333333333334,4.42184557438794,3.5781544256120603,历史2/2次成功; 当前距低点3.58%; 最新日涨幅-6.78%; 状态confirmed_rebound; 底部未确认
311,68.22327942268147,69.19043123235362,301270,汉仪股份,confirmed_rebound,2025-04-08,28.33,2025-04-08,27.05,4.731977818853965,10.092421441774494,32.97819623389494,False,1.2509,5.5189,1,1,1,100.0,14.835164835164832,14.835164835164832,3.2680221811460353,4.731977818853965,历史1/1次成功; 当前距低点4.73%; 最新日涨幅1.25%; 状态confirmed_rebound; 底部未确认
312,68.21433718292656,69.4376429504287,301345,涛涛车业,confirmed_rebound,2025-04-08,55.4,2025-04-07,52.8,4.924242424242427,15.75757575757576,29.392885798341805,True,2.802,6.1503,1,1,1,100.0,9.327503643556105,9.327503643556105,3.0757575757575726,4.924242424242427,历史1/1次成功; 当前距低点4.92%; 最新日涨幅2.80%; 状态confirmed_rebound; 底部已确认
313,68.0579173386083,67.21069859028866,688312,燕麦科技,confirmed_rebound,2025-04-08,22.53,2025-04-08,21.8,3.3486238532110106,10.917431192660546,30.395913154533844,False,-2.5519,2.3879,1,1,1,100.0,9.707317073170724,9.707317073170724,4.65137614678899,3.3486238532110106,历史1/1次成功; 当前距低点3.35%; 最新日涨幅-2.55%; 状态confirmed_rebound; 底部未确认
314,68.00189678763911,67.81389786287076,002276,万马股份,bottom_area,2025-04-08,12.12,2025-04-08,11.67,3.856041131105392,5.998286203941725,27.33499377334993,False,-2.6506,13.2149,1,1,1,100.0,8.955223880597005,8.955223880597005,4.143958868894608,3.856041131105392,历史1/1次成功; 当前距低点3.86%; 最新日涨幅-2.65%; 状态bottom_area; 底部未确认
315,67.9336216271137,63.86622000779381,000533,顺钠股份,confirmed_rebound,2025-04-08,5.1,2025-04-08,5.06,0.7905138339920956,8.300395256917014,27.610872675250363,False,-9.2527,8.5455,1,1,1,100.0,10.42253521126761,10.42253521126761,7.209486166007904,0.7905138339920956,历史1/1次成功; 当前距低点0.79%; 最新日涨幅-9.25%; 状态confirmed_rebound; 底部未确认
316,67.84276294404668,66.10145599995086,002617,露笑科技,bottom_area,2025-04-08,6.59,2025-04-08,6.42,2.6479750778816187,7.78816199376947,28.666666666666668,False,-3.2305,4.2677,4,6,4,66.66666666666666,17.377271563732705,36.60589060308556,5.352024922118382,2.6479750778816187,历史4/6次成功; 当前距低点2.65%; 最新日涨幅-3.23%; 状态bottom_area; 底部未确认
317,67.83560077198786,66.97145299145299,300827,上能电气,confirmed_rebound,2025-04-08,25.42,2025-04-08,24.6,3.333333333333334,8.414634146341465,27.964860907759874,False,-0.4699,7.7533,1,1,1,100.0,8.233618233618236,8.233618233618236,4.666666666666666,3.333333333333334,历史1/1次成功; 当前距低点3.33%; 最新日涨幅-0.47%; 状态confirmed_rebound; 底部未确认
318,67.83148698573447,68.03414187643021,601616,广电电气,confirmed_rebound,2025-04-08,3.76,2025-04-08,3.61,4.15512465373961,8.864265927977847,27.217741935483875,False,-6.0,5.408,2,2,2,100.0,17.568957456755495,20.645161290322584,3.84487534626039,4.15512465373961,历史2/2次成功; 当前距低点4.16%; 最新日涨幅-6.00%; 状态confirmed_rebound; 底部未确认
319,67.82972957369776,66.92878167450922,002952,亚世光电,confirmed_rebound,2025-04-08,15.63,2025-04-08,15.13,3.304692663582286,11.169861202908125,32.42518981688253,False,-6.1261,4.0887,1,1,1,100.0,17.868177136972186,17.868177136972186,4.695307336417714,3.304692663582286,历史1/1次成功; 当前距低点3.30%; 最新日涨幅-6.13%; 状态confirmed_rebound; 底部未确认
320,67.79739104795229,67.10687107027266,605287,德才股份,confirmed_rebound,2025-04-08,11.04,2025-04-08,10.67,3.467666354264285,10.965323336457358,27.661016949152543,False,-6.7568,4.6918,1,1,1,100.0,20.823389021479702,20.823389021479702,4.532333645735715,3.467666354264285,历史1/1次成功; 当前距低点3.47%; 最新日涨幅-6.76%; 状态confirmed_rebound; 底部未确认
321,67.72802545741011,67.57645210688999,002849,威星智能,confirmed_rebound,2025-04-08,12.84,2025-04-08,12.36,3.8834951456310716,12.2168284789644,29.25014310246136,False,-6.4822,4.6149,2,2,2,100.0,11.77860773617655,13.006756756756765,4.116504854368928,3.8834951456310716,历史2/2次成功; 当前距低点3.88%; 最新日涨幅-6.48%; 状态confirmed_rebound; 底部未确认
322,67.716219182919,67.7913342347026,301325,曼恩斯特,confirmed_rebound,2025-04-08,46.93,2025-04-08,45.1,4.057649667405761,9.046563192904653,29.032258064516125,False,-0.0852,10.7239,1,1,1,100.0,21.520298260149133,21.520298260149133,3.942350332594239,4.057649667405761,历史1/1次成功; 当前距低点4.06%; 最新日涨幅-0.09%; 状态confirmed_rebound; 底部未确认
323,67.68556737784392,67.46536791312747,002008,大族激光,confirmed_rebound,2025-04-08,23.04,2025-04-08,22.19,3.830554303740414,11.176205497972061,27.601957585644364,False,-6.4935,7.8002,2,2,2,100.0,10.53242863255701,13.050919982884041,4.1694456962595865,3.830554303740414,历史2/2次成功; 当前距低点3.83%; 最新日涨幅-6.49%; 状态confirmed_rebound; 底部未确认
324,67.59425917146832,66.44271258886644,603344,星德胜,confirmed_rebound,2025-04-08,20.91,2025-04-08,20.28,3.10650887573964,10.946745562130172,29.89975803664016,False,-7.0667,12.6617,1,1,1,100.0,12.825552825552823,12.825552825552823,4.89349112426036,3.10650887573964,历史1/1次成功; 当前距低点3.11%; 最新日涨幅-7.07%; 状态confirmed_rebound; 底部未确认
325,67.50318226914187,67.9562237608811,301377,鼎泰高科,confirmed_rebound,2025-04-08,21.6,2025-04-08,20.7,4.347826086956532,8.695652173913047,28.274428274428274,False,-1.5497,10.3247,2,2,2,100.0,9.29713569431178,9.512485136741983,3.6521739130434683,4.347826086956532,历史2/2次成功; 当前距低点4.35%; 最新日涨幅-1.55%; 状态confirmed_rebound; 底部未确认
326,67.48531774009926,66.75235075145582,002383,合众思壮,confirmed_rebound,2025-04-08,6.63,2025-04-08,6.41,3.4321372854914154,8.268330733229332,32.09745762711864,False,-3.4934,3.6303,1,1,1,100.0,18.48184818481848,18.48184818481848,4.567862714508585,3.4321372854914154,历史1/1次成功; 当前距低点3.43%; 最新日涨幅-3.49%; 状态confirmed_rebound; 底部未确认
327,67.46416467800815,67.67390462454426,002811,郑中设计,confirmed_rebound,2025-04-08,8.26,2025-04-08,7.93,4.161412358133671,8.827238335435071,31.93133047210301,False,-3.9535,3.2484,2,2,2,100.0,15.709273124134537,16.78832116788322,3.83858764186633,4.161412358133671,历史2/2次成功; 当前距低点4.16%; 最新日涨幅-3.95%; 状态confirmed_rebound; 底部未确认
328,67.3427482906771,67.62613399503724,301319,唯特偶,confirmed_rebound,2025-04-08,29.4,2025-04-08,28.21,4.218362282878404,10.811768876285008,29.825870646766173,False,-3.2258,18.4768,1,1,1,100.0,32.817204301075265,32.817204301075265,3.781637717121596,4.218362282878404,历史1/1次成功; 当前距低点4.22%; 最新日涨幅-3.23%; 状态confirmed_rebound; 底部未确认
329,67.30242096781112,67.66654587836733,300378,鼎捷数智,confirmed_rebound,2025-04-08,28.99,2025-04-08,27.8,4.2805755395683365,8.848920863309354,29.06353661648379,False,-0.6511,6.8063,4,5,4,80.0,16.91536617517821,26.480086114101198,3.719424460431664,4.2805755395683365,历史4/5次成功; 当前距低点4.28%; 最新日涨幅-0.65%; 状态confirmed_rebound; 底部未确认
330,67.10737904312906,65.72487424678282,300363,博腾股份,confirmed_rebound,2025-04-08,14.11,2025-04-08,13.71,2.917578409919756,13.420860685630926,30.33536585365853,False,-6.3703,6.8106,4,6,4,66.66666666666666,28.872507283511805,46.29503738953092,5.082421590080244,2.917578409919756,历史4/6次成功; 当前距低点2.92%; 最新日涨幅-6.37%; 状态confirmed_rebound; 底部未确认
331,67.06330103624215,67.56649898665326,002526,山东矿机,confirmed_rebound,2025-04-08,3.33,2025-04-08,3.19,4.388714733542324,10.03134796238244,28.31460674157304,False,-5.3977,6.2585,2,2,2,100.0,17.918110640482592,27.67295597484275,3.6112852664576764,4.388714733542324,历史2/2次成功; 当前距低点4.39%; 最新日涨幅-5.40%; 状态confirmed_rebound; 底部未确认
332,67.0546115985434,67.45600268892377,300870,欧陆通,confirmed_rebound,2025-04-08,90.75,2025-04-08,87.0,4.310344827586207,11.494252873563218,31.818181818181817,False,-3.0345,5.8217,2,2,2,100.0,16.363381160324387,21.28571428571428,3.689655172413793,4.310344827586207,历史2/2次成功; 当前距低点4.31%; 最新日涨幅-3.03%; 状态confirmed_rebound; 底部未确认
333,66.88120881935035,66.88120881935035,002587,奥拓电子,confirmed_rebound,2025-04-08,4.94,2025-04-08,4.75,4.000000000000008,9.263157894736851,28.571428571428577,False,-6.0837,4.5574,2,2,2,100.0,9.468864620163234,10.683012259194403,3.9999999999999925,4.000000000000008,历史2/2次成功; 当前距低点4.00%; 最新日涨幅-6.08%; 状态confirmed_rebound; 底部未确认
334,66.82874886547755,67.39077229465302,603360,百傲化学,bottom_area,2025-04-08,25.9,2025-04-08,24.8,4.435483870967733,7.419354838709677,28.69465209890742,False,-0.7282,2.8414,1,1,1,100.0,13.783201722900214,13.783201722900214,3.564516129032267,4.435483870967733,历史1/1次成功; 当前距低点4.44%; 最新日涨幅-0.73%; 状态bottom_area; 底部未确认
335,66.41773762148382,66.89723223402831,600410,华胜天成,confirmed_rebound,2025-04-08,6.92,2025-04-08,6.63,4.374057315233786,9.200603318250382,27.382256297918957,False,-5.7221,7.4968,2,2,2,100.0,14.14023071377073,16.43835616438356,3.6259426847662137,4.374057315233786,历史2/2次成功; 当前距低点4.37%; 最新日涨幅-5.72%; 状态confirmed_rebound; 底部未确认
336,66.3824561293269,65.85787393005718,000803,山高环能,confirmed_rebound,2025-04-08,4.62,2025-04-08,4.46,3.587443946188344,9.192825112107625,28.29581993569132,False,-6.8548,4.4687,1,1,1,100.0,15.576592082616184,15.576592082616184,4.412556053811656,3.587443946188344,历史1/1次成功; 当前距低点3.59%; 最新日涨幅-6.85%; 状态confirmed_rebound; 底部未确认
337,66.32953608053481,63.98539813033921,002472,双环传动,confirmed_rebound,2025-04-08,27.82,2025-04-08,27.24,2.1292217327459686,9.765051395007344,30.510204081632665,False,-8.0026,5.2296,2,3,2,66.66666666666666,26.523424808243806,30.182421227197352,5.870778267254032,2.1292217327459686,历史2/3次成功; 当前距低点2.13%; 最新日涨幅-8.00%; 状态confirmed_rebound; 底部未确认
338,66.12004003640952,66.3469702714659,300475,香农芯创,confirmed_rebound,2025-04-08,26.43,2025-04-08,25.37,4.178163184864007,11.549073709105242,32.77689454160043,False,-2.7236,8.6798,1,1,1,100.0,15.232163080407707,15.232163080407707,3.8218368151359927,4.178163184864007,历史1/1次成功; 当前距低点4.18%; 最新日涨幅-2.72%; 状态confirmed_rebound; 底部未确认
339,66.0268613735609,66.14239393939393,605259,绿田机械,confirmed_rebound,2025-04-08,13.74,2025-04-08,13.2,4.090909090909098,11.136363636363642,30.343007915567284,False,-6.3395,3.1337,1,1,1,100.0,23.277777777777786,23.277777777777786,3.9090909090909025,4.090909090909098,历史1/1次成功; 当前距低点4.09%; 最新日涨幅-6.34%; 状态confirmed_rebound; 底部未确认
340,65.94429654064997,65.4231768634691,002712,思美传媒,confirmed_rebound,2025-04-08,4.62,2025-04-08,4.46,3.587443946188344,8.071748878923774,28.64,False,-4.1494,3.8778,3,4,3,75.0,17.40617774612109,22.379603399433442,4.412556053811656,3.587443946188344,历史3/4次成功; 当前距低点3.59%; 最新日涨幅-4.15%; 状态confirmed_rebound; 底部未确认
341,65.93204707746091,65.35114798426743,301535,浙江华远,confirmed_rebound,2025-04-08,17.55,2025-04-08,16.95,3.5398230088495657,12.035398230088491,30.103092783505158,False,-6.8471,42.9327,1,1,1,100.0,12.26851851851851,12.26851851851851,4.460176991150434,3.5398230088495657,历史1/1次成功; 当前距低点3.54%; 最新日涨幅-6.85%; 状态confirmed_rebound; 底部未确认
342,65.72751933183118,65.40080291970807,600633,浙数文化,confirmed_rebound,2025-04-08,11.37,2025-04-08,10.96,3.740875912408744,8.576642335766419,29.517684887459804,False,-5.4077,4.722,1,1,1,100.0,15.00000000000001,15.00000000000001,4.259124087591256,3.740875912408744,历史1/1次成功; 当前距低点3.74%; 最新日涨幅-5.41%; 状态confirmed_rebound; 底部未确认
343,65.67851284258352,65.74249580687244,301387,光大同创,confirmed_rebound,2025-04-08,28.77,2025-04-08,27.65,4.050632911392409,8.499095840867998,27.0063357972545,False,-1.4388,8.3665,1,1,1,100.0,10.419026047565122,10.419026047565122,3.9493670886075916,4.050632911392409,历史1/1次成功; 当前距低点4.05%; 最新日涨幅-1.44%; 状态confirmed_rebound; 底部未确认
344,65.63169585776554,66.76753567413502,300562,乐心医疗,confirmed_rebound,2025-04-08,12.65,2025-04-08,12.06,4.892205638474294,9.369817578772794,28.55450236966824,False,-1.633,12.4442,4,5,4,80.0,19.57937919277642,22.71604938271605,3.1077943615257064,4.892205638474294,历史4/5次成功; 当前距低点4.89%; 最新日涨幅-1.63%; 状态confirmed_rebound; 底部未确认
345,65.2777376149737,65.15148906173202,002916,深南电路,confirmed_rebound,2025-04-08,104.45,2025-04-08,100.53,3.8993335322789235,9.628966477668351,31.378839590443686,False,-4.7424,2.9978,1,1,1,100.0,15.60198664154821,15.60198664154821,4.1006664677210765,3.8993335322789235,历史1/1次成功; 当前距低点3.90%; 最新日涨幅-4.74%; 状态confirmed_rebound; 底部未确认
346,64.77113786297005,65.57686037957922,301616,浙江华业,confirmed_rebound,2025-04-08,43.95,2025-04-08,42.0,4.64285714285715,15.666666666666663,31.88452805708725,False,-7.3567,50.2226,1,1,1,100.0,27.003089598352215,27.003089598352215,3.3571428571428497,4.64285714285715,历史1/1次成功; 当前距低点4.64%; 最新日涨幅-7.36%; 状态confirmed_rebound; 底部未确认
347,64.70077453060463,64.43738085702844,603110,东方材料,confirmed_rebound,2025-04-08,13.7,2025-04-08,13.2,3.787878787878788,8.181818181818183,30.453108535300323,False,-6.1644,5.3028,1,1,1,100.0,10.396475770925107,10.396475770925107,4.212121212121212,3.787878787878788,历史1/1次成功; 当前距低点3.79%; 最新日涨幅-6.16%; 状态confirmed_rebound; 底部未确认
348,64.58962999862115,64.93150327649664,300689,澄天伟业,bottom_area,2025-04-08,26.59,2025-04-08,25.5,4.2745098039215685,6.823529411764699,30.894308943089428,False,1.6437,1.2983,2,3,2,66.66666666666666,15.003865391242782,18.720602069614284,3.7254901960784315,4.2745098039215685,历史2/3次成功; 当前距低点4.27%; 最新日涨幅1.64%; 状态bottom_area; 底部未确认
349,63.97838363481519,64.21070376905499,000988,华工科技,confirmed_rebound,2025-04-08,33.83,2025-04-08,32.47,4.188481675392668,10.101632275947033,29.41304347826087,False,-5.6609,5.1742,1,1,1,100.0,14.088397790055232,14.088397790055232,3.8115183246073316,4.188481675392668,历史1/1次成功; 当前距低点4.19%; 最新日涨幅-5.66%; 状态confirmed_rebound; 底部未确认
350,63.43579239556015,63.61661670435878,300652,雷迪克,confirmed_rebound,2025-04-08,34.9,2025-04-08,33.51,4.148015517755896,12.861832288869001,29.019275577208226,False,-4.7489,8.0252,1,1,1,100.0,10.39834454216245,10.39834454216245,3.8519844822441045,4.148015517755896,历史1/1次成功; 当前距低点4.15%; 最新日涨幅-4.75%; 状态confirmed_rebound; 底部未确认
351,62.76811722648517,61.48257252816891,000925,众合科技,bottom_area,2025-04-08,7.04,2025-04-08,6.84,2.9239766081871372,7.0175438596491295,27.311370882040386,False,-3.4294,4.0684,2,3,2,66.66666666666666,12.594475957897336,16.94152923538231,5.076023391812863,2.9239766081871372,历史2/3次成功; 当前距低点2.92%; 最新日涨幅-3.43%; 状态bottom_area; 底部未确认
352,62.589523858461966,63.73400731707315,301007,德迈仕,confirmed_rebound,2025-04-08,16.35,2025-04-08,15.58,4.942233632862654,9.30680359435174,29.534147444595206,False,-1.2681,11.1288,1,1,1,100.0,10.549999999999997,10.549999999999997,3.0577663671373463,4.942233632862654,历史1/1次成功; 当前距低点4.94%; 最新日涨幅-1.27%; 状态confirmed_rebound; 底部未确认
353,62.18741704906055,62.64492880613366,600714,金瑞矿业,confirmed_rebound,2025-04-08,9.53,2025-04-08,9.13,4.381161007667016,9.529025191675784,27.53968253968253,False,-4.2211,5.0089,1,1,1,100.0,8.032128514056215,8.032128514056215,3.6188389923329844,4.381161007667016,历史1/1次成功; 当前距低点4.38%; 最新日涨幅-4.22%; 状态confirmed_rebound; 底部未确认
354,61.97269445061043,57.38212449130595,002380,科远智慧,confirmed_rebound,2025-04-08,20.17,2025-04-08,20.17,0.0,9.766980664352994,32.24722875377897,False,-9.9955,10.6309,2,3,2,66.66666666666666,17.018590455049956,25.735294117647072,8.0,0.0,历史2/3次成功; 当前距低点0.00%; 最新日涨幅-10.00%; 状态confirmed_rebound; 底部未确认
355,61.56400646851121,61.28457421303209,603158,腾龙股份,confirmed_rebound,2025-04-08,7.72,2025-04-08,7.44,3.763440860215045,9.408602150537636,32.97297297297297,False,-6.6505,6.9058,3,5,3,60.0,29.81300738883,41.37931034482758,4.236559139784955,3.763440860215045,历史3/5次成功; 当前距低点3.76%; 最新日涨幅-6.65%; 状态confirmed_rebound; 底部未确认
356,61.552225740749634,62.71948585231195,002815,崇达技术,confirmed_rebound,2025-04-08,9.07,2025-04-08,8.64,4.9768518518518485,10.879629629629624,31.26491646778043,False,-5.3236,5.1823,1,1,1,100.0,15.734989648033121,15.734989648033121,3.023148148148152,4.9768518518518485,历史1/1次成功; 当前距低点4.98%; 最新日涨幅-5.32%; 状态confirmed_rebound; 底部未确认
357,61.51827059406339,62.30972560452756,000807,云铝股份,confirmed_rebound,2025-04-08,14.36,2025-04-08,13.72,4.664723032069961,9.329446064139937,28.801245459263097,False,-5.3395,3.2403,1,1,1,100.0,9.70588235294118,9.70588235294118,3.335276967930039,4.664723032069961,历史1/1次成功; 当前距低点4.66%; 最新日涨幅-5.34%; 状态confirmed_rebound; 底部未确认
358,60.07272161919916,58.52543961060965,002652,扬子新材,confirmed_rebound,2025-04-08,2.33,2025-04-08,2.27,2.643171806167403,8.370044052863433,27.936507936507933,False,-4.5082,5.1913,2,4,2,50.0,22.913286713286713,23.426573426573423,5.356828193832596,2.643171806167403,历史2/4次成功; 当前距低点2.64%; 最新日涨幅-4.51%; 状态confirmed_rebound; 底部未确认
359,58.483025542565585,58.6158589160579,688092,爱科科技,confirmed_rebound,2025-04-08,18.71,2025-04-07,17.97,4.117974401780757,15.470228158041188,28.062449959967978,False,2.9153,1.4087,1,2,1,50.0,42.12279866730127,42.12279866730127,3.882025598219243,4.117974401780757,历史1/2次成功; 当前距低点4.12%; 最新日涨幅2.92%; 状态confirmed_rebound; 底部未确认
360,58.48075487907103,55.65535579098879,603048,浙江黎明,confirmed_rebound,2025-04-08,14.23,2025-04-08,14.03,1.4255167498218182,9.052031361368506,29.06976744186047,False,-8.7235,3.6661,1,2,1,50.0,25.889967637540458,25.889967637540458,6.574483250178181,1.4255167498218182,历史1/2次成功; 当前距低点1.43%; 最新日涨幅-8.72%; 状态confirmed_rebound; 底部未确认
361,58.47360663573769,56.04172680023293,301372,科净源,bottom_area,2025-04-08,15.91,2025-04-08,15.63,1.7914267434420945,5.8221369161868095,29.33996383363472,False,-1.3027,6.8668,1,2,1,50.0,12.022471910112362,12.022471910112362,6.208573256557906,1.7914267434420945,历史1/2次成功; 当前距低点1.79%; 最新日涨幅-1.30%; 状态bottom_area; 底部未确认
362,55.74344646335458,56.24670646859995,002769,普路通,confirmed_rebound,2025-04-08,6.08,2025-04-08,5.82,4.46735395189003,11.168384879725076,27.15894868585732,False,-5.4432,3.1823,2,3,2,66.66666666666666,13.578531248615864,14.953271028037399,3.53264604810997,4.46735395189003,历史2/3次成功; 当前距低点4.47%; 最新日涨幅-5.44%; 状态confirmed_rebound; 底部未确认
363,55.52036588217423,54.56451633126449,300504,天邑股份,confirmed_rebound,2025-04-08,12.65,2025-04-07,12.27,3.0969845150774313,18.09290953545233,31.87118267629096,True,3.097,2.5492,1,3,1,33.33333333333333,18.076923076923073,18.076923076923073,4.903015484922569,3.0969845150774313,历史1/3次成功; 当前距低点3.10%; 最新日涨幅3.10%; 状态confirmed_rebound; 底部已确认
364,51.82087254464953,48.33156902480962,002782,可立克,confirmed_rebound,2025-04-08,10.66,2025-04-08,10.62,0.3766478342749617,9.604519774011312,31.2621359223301,False,-9.661,4.718,1,2,1,50.0,13.496376811594205,13.496376811594205,7.62335216572504,0.3766478342749617,历史1/2次成功; 当前距低点0.38%; 最新日涨幅-9.66%; 状态confirmed_rebound; 底部未确认
365,49.74710838673728,50.58144144144146,002021,中捷资源,bottom_area,2025-04-08,1.94,2025-04-08,1.85,4.864864864864857,6.48648648648648,28.846153846153843,False,-3.4826,4.1561,1,3,1,33.33333333333333,50.76923076923077,50.76923076923077,3.1351351351351435,4.864864864864857,历史1/3次成功; 当前距低点4.86%; 最新日涨幅-3.48%; 状态bottom_area; 底部未确认
366,47.09352077602269,47.14605119518166,002771,真视通,confirmed_rebound,2025-04-08,14.36,2025-04-08,13.8,4.057971014492744,8.91304347826086,30.05575266092245,False,-3.8178,5.324,1,2,1,50.0,12.40981240981242,12.40981240981242,3.942028985507256,4.057971014492744,历史1/2次成功; 当前距低点4.06%; 最新日涨幅-3.82%; 状态confirmed_rebound; 底部未确认
