rank,rank_score,probability_score,code,name,current_stage,latest_date,latest_close,current_top_date,current_top_price,current_low_date,current_low_price,current_low_to_latest_pct,current_low_to_high_pct,current_drawdown_pct,close_drawdown_pct,current_is_bottom_confirmed,latest_pct_chg,latest_turn,historical_valid_event_count,history_sample_count,history_success_count,history_success_rate_pct,history_avg_rebound_pct,history_max_rebound_pct,history_success_dates,upside_to_20pct_target_pct,risk_back_to_low_pct,reason
1,96.64908364834045,83.62037235707258,002959,小熊电器,bottom_area,2026-06-12,34.35,2026-03-26,47.25,2026-06-11,33.66,2.0499108734402998,3.6838978015448665,28.761904761904773,27.3015873015873,False,1.747630331753558,0.9376256318166878,4,5,4,80.0,42.6568233791208,54.51934124856377,2020-02-04; 2020-06-12; 2021-07-30; 2024-09-18,17.9500891265597,2.0499108734402998,历史4/5次成功; 当前距低点2.05%; 最新日涨幅1.75%; 状态bottom_area; 底部未确认
2,95.94817201489482,82.0864102790868,605158,华达新材,bottom_area,2026-06-12,6.36,2026-05-14,9.04,2026-06-11,6.27,1.4354066985646052,3.3492822966507316,30.641592920353983,29.646017699115035,False,0.15748031496063408,0.7772085565679872,3,4,3,75.0,37.710416945237164,50.9433962264151,2022-04-27; 2024-02-07; 2025-04-09,18.564593301435394,1.4354066985646052,历史3/4次成功; 当前距低点1.44%; 最新日涨幅0.16%; 状态bottom_area; 底部未确认
3,95.6599794806823,79.80001140250855,301171,易点天下,bottom_area,2026-06-12,35.1,2026-06-01,49.71,2026-06-12,35.08,0.05701254275941598,5.131128848346648,29.430698048682363,29.390464695232343,False,-2.010050251256279,9.652696873954623,2,2,2,100.0,52.77628442185404,64.71471471471472,2024-02-06; 2025-12-16,19.942987457240584,0.05701254275941598,历史2/2次成功; 当前距低点0.06%; 最新日涨幅-2.01%; 状态bottom_area; 底部未确认
4,94.3373450748858,81.49262335515854,603890,春秋电子,bottom_area,2026-06-12,22.84,2026-06-03,32.58,2026-06-11,22.4,1.9642857142857202,6.25000000000001,31.24616329036219,29.89564149785144,False,0.17543859649122862,14.155374030832393,4,5,4,80.0,30.167713891021446,36.76748582230624,2018-02-07; 2020-12-28; 2022-04-28; 2025-01-13,18.03571428571428,1.9642857142857202,历史4/5次成功; 当前距低点1.96%; 最新日涨幅0.18%; 状态bottom_area; 底部未确认
5,92.06392096250866,81.57328826756985,301088,戎美股份,bottom_area,2026-06-12,13.25,2026-05-21,17.88,2026-06-11,12.82,3.354134165366612,5.9282371294851774,28.299776286353463,25.89485458612975,False,1.067887109077037,0.7556914893617022,2,2,2,100.0,37.638248196805016,40.26888604353394,2023-04-25; 2026-03-23,16.64586583463339,3.354134165366612,历史2/2次成功; 当前距低点3.35%; 最新日涨幅1.07%; 状态bottom_area; 底部未确认
6,91.94029703659552,82.4176175144881,605005,合兴股份,bottom_area,2026-06-12,16.15,2026-04-10,21.78,2026-06-10,15.53,3.99227301996136,4.056664520283328,28.69605142332416,25.849403122130404,False,2.0859671302149163,0.33099750623441393,2,2,2,100.0,63.943952110840584,96.96521095484826,2021-03-26; 2025-04-09,16.00772698003864,3.99227301996136,历史2/2次成功; 当前距低点3.99%; 最新日涨幅2.09%; 状态bottom_area; 底部未确认
7,90.04330523613446,75.75195670342622,300128,锦富技术,bottom_area,2026-06-12,5.82,2026-06-01,8.54,2026-06-12,5.79,0.518134715025911,9.844559585492233,32.201405152224815,31.850117096018728,False,-5.519480519480513,5.82890377301174,3,3,3,100.0,27.43711749293164,32.834165280088726,2011-01-25; 2016-03-01; 2023-08-29,19.48186528497409,0.518134715025911,历史3/3次成功; 当前距低点0.52%; 最新日涨幅-5.52%; 状态bottom_area; 底部未确认
8,89.77218728197437,78.36229297515268,301616,浙江华业,bottom_area,2026-06-12,36.4,2026-04-20,52.37,2026-06-11,35.5,2.5352112676056295,4.47887323943663,32.213099102539616,30.49455795302654,False,0.22026431718060735,1.969241433506367,1,1,1,100.0,27.003089598352215,27.003089598352215,2025-04-01,17.46478873239437,2.5352112676056295,历史1/1次成功; 当前距低点2.54%; 最新日涨幅0.22%; 状态bottom_area; 底部未确认
9,89.60920666966359,80.40110692397822,603086,先达股份,bottom_area,2026-06-12,5.92,2026-04-21,7.9,2026-06-12,5.69,4.042179261862909,4.745166959578199,27.974683544303797,25.063291139240512,False,2.5996533795493937,1.7208083753660315,2,2,2,100.0,39.770299145299134,56.97115384615385,2020-06-23; 2025-01-24,15.957820738137091,4.042179261862909,历史2/2次成功; 当前距低点4.04%; 最新日涨幅2.60%; 状态bottom_area; 底部未确认
10,88.68392185191001,78.26127536622161,688317,之江生物,bottom_area,2026-06-12,17.12,2026-05-27,24.5,2026-06-11,16.6,3.1325301204819254,3.614457831325288,32.24489795918367,30.12244897959183,False,1.3617525162818334,1.124179015275718,3,4,3,75.0,37.948623875916084,40.461049284578706,2021-01-20; 2022-04-28; 2024-02-06,16.867469879518076,3.1325301204819254,历史3/4次成功; 当前距低点3.13%; 最新日涨幅1.36%; 状态bottom_area; 底部未确认
11,88.57080188818287,76.94374681405847,002519,银河电子,bottom_area,2026-06-12,6.3,2026-05-08,9.11,2026-06-11,6.16,2.2727272727272676,5.3571428571428585,32.381997804610315,30.845225027442368,False,1.123595505617958,3.343257740572086,5,7,5,71.42857142857143,28.063713495496533,43.16109422492401,2015-07-29; 2015-09-07; 2020-02-04; 2022-06-14; 2025-04-09,17.727272727272734,2.2727272727272676,历史5/7次成功; 当前距低点2.27%; 最新日涨幅1.12%; 状态bottom_area; 底部未确认
12,87.98907721367269,76.48971979132062,002427,尤夫股份,bottom_area,2026-06-12,4.43,2026-05-11,5.96,2026-06-12,4.33,2.3094688221708926,3.6951501154734445,27.348993288590602,25.67114093959732,False,0.9111617312072884,1.4199740831291963,5,7,5,71.42857142857143,26.073088280408385,28.964059196617313,2013-06-25; 2015-08-04; 2019-05-21; 2021-05-24; 2025-06-23,17.690531177829108,2.3094688221708926,历史5/7次成功; 当前距低点2.31%; 最新日涨幅0.91%; 状态bottom_area; 底部未确认
13,87.31514909031544,73.23427354461735,301439,泓淋电力,bottom_area,2026-06-12,17.08,2026-06-02,25.35,2026-06-11,17.02,0.3525264394829537,3.995299647473559,32.859960552268255,32.62327416173571,False,-0.6976744186046546,6.933323499151216,1,1,1,100.0,34.98942917547567,34.98942917547567,2024-02-06,19.64747356051705,0.3525264394829537,历史1/1次成功; 当前距低点0.35%; 最新日涨幅-0.70%; 状态bottom_area; 底部未确认
14,86.2973518949001,74.750369692351,301563,云汉芯城,bottom_area,2026-06-12,171.55,2026-06-05,232.99,2026-06-12,168.0,2.113095238095245,11.107142857142856,27.893901025795103,26.370230481994934,False,-3.677709152161701,24.053993996541838,1,1,1,100.0,35.0979937376783,35.0979937376783,2026-05-29,17.886904761904756,2.113095238095245,历史1/1次成功; 当前距低点2.11%; 最新日涨幅-3.68%; 状态bottom_area; 底部未确认
15,86.15354999536548,75.57328946961883,603105,芯能科技,bottom_area,2026-06-12,7.7,2026-05-14,10.68,2026-06-12,7.49,2.8037383177570088,3.871829105473966,29.8689138576779,27.902621722846437,False,1.049868766404205,2.216990290920821,4,6,4,66.66666666666666,37.52229122278574,51.81159420289858,2018-08-08; 2020-02-04; 2020-03-17; 2026-04-07,17.19626168224299,2.8037383177570088,历史4/6次成功; 当前距低点2.80%; 最新日涨幅1.05%; 状态bottom_area; 底部未确认
16,84.02680203207848,75.84283138915563,300579,数字认证,bottom_area,2026-06-12,21.5,2026-05-08,28.44,2026-06-11,20.6,4.368932038834944,6.213592233009697,27.566807313642755,24.402250351617443,False,3.0680728667305868,1.3871671258293103,4,5,4,80.0,29.268798052146806,41.75654853620954,2020-02-04; 2022-02-08; 2022-10-11; 2025-04-07,15.631067961165057,4.368932038834944,历史4/5次成功; 当前距低点4.37%; 最新日涨幅3.07%; 状态bottom_area; 底部未确认
17,83.39498481436466,73.73411263131746,603122,合富中国,bottom_area,2026-06-12,12.12,2026-05-11,16.4,2026-06-11,11.74,3.236797274275971,4.599659284497437,28.414634146341456,26.097560975609756,False,1.8487394957983128,2.678766459404364,2,3,2,66.66666666666666,49.609375,72.1590909090909,2022-03-16; 2022-04-13,16.76320272572403,3.236797274275971,历史2/3次成功; 当前距低点3.24%; 最新日涨幅1.85%; 状态bottom_area; 底部未确认
18,83.10333057166527,69.25277547638773,301325,曼恩斯特,bottom_area,2026-06-12,35.72,2026-05-29,52.31,2026-06-12,35.72,0.0,5.487122060470327,31.714777289237244,31.714777289237244,False,-2.1637907422623948,2.3158924035461537,1,1,1,100.0,21.520298260149133,21.520298260149133,2024-11-19,20.0,0.0,历史1/1次成功; 当前距低点0.00%; 最新日涨幅-2.16%; 状态bottom_area; 底部未确认
19,82.43135424069573,72.88050976770899,603758,秦安股份,bottom_area,2026-06-12,10.21,2026-05-11,13.77,2026-06-11,9.89,3.235591506572298,3.9433771486349722,28.17719680464778,25.853304284676824,False,2.202202202202219,0.8787434892790595,4,6,4,66.66666666666666,28.33866524745786,46.304675716440414,2018-06-22; 2022-07-06; 2024-02-06; 2025-04-09,16.764408493427702,3.235591506572298,历史4/6次成功; 当前距低点3.24%; 最新日涨幅2.20%; 状态bottom_area; 底部未确认
20,82.41689584750867,71.19452866274423,600126,杭钢股份,bottom_area,2026-06-12,6.75,2026-05-14,9.78,2026-06-11,6.62,1.963746223564953,6.042296072507545,32.31083844580777,30.981595092024534,False,1.6566265060240948,1.5756979847793167,6,11,6,54.54545454545454,29.946515433624405,55.84045584045584,2006-01-25; 2008-03-18; 2008-09-18; 2009-09-02; 2024-02-06; 2025-03-26,18.03625377643505,1.963746223564953,历史6/11次成功; 当前距低点1.96%; 最新日涨幅1.66%; 状态bottom_area; 底部未确认
21,82.35528729880265,71.85213166144202,300933,中辰股份,bottom_area,2026-06-12,6.54,2026-05-18,9.16,2026-06-11,6.38,2.5078369905956137,4.388714733542324,30.34934497816594,28.602620087336245,False,0.7704160246533087,1.8357657200373252,2,4,2,50.0,60.565909290545484,99.89795918367346,2021-01-27; 2024-01-24,17.492163009404386,2.5078369905956137,历史2/4次成功; 当前距低点2.51%; 最新日涨幅0.77%; 状态bottom_area; 底部未确认
22,82.24869812155465,71.63052602799328,002879,长缆科技,bottom_area,2026-06-12,14.45,2026-05-13,19.89,2026-06-11,14.11,2.4096385542168663,4.1105598866052455,29.059829059829063,27.35042735042736,False,0.8374040474528943,3.0910707675206734,2,3,2,66.66666666666666,28.160404650220833,28.340444644060174,2017-08-11; 2018-01-16,17.590361445783135,2.4096385542168663,历史2/3次成功; 当前距低点2.41%; 最新日涨幅0.84%; 状态bottom_area; 底部未确认
23,81.89784623889017,71.46332407354977,600517,国网英大,bottom_area,2026-06-12,4.89,2026-04-15,6.59,2026-06-11,4.77,2.515723270440254,3.144654088050322,27.617602427921096,25.79666160849773,False,2.0876826722338038,0.70370644419032,6,11,6,54.54545454545454,38.157822302878344,88.35616438356165,2003-11-19; 2005-07-18; 2008-03-18; 2015-06-30; 2020-02-04; 2022-04-26,17.48427672955975,2.515723270440254,历史6/11次成功; 当前距低点2.52%; 最新日涨幅2.09%; 状态bottom_area; 底部未确认
24,81.84314612945114,69.74513318574047,603191,望变电气,bottom_area,2026-06-12,15.75,2026-05-29,22.72,2026-06-11,15.56,1.2210796915167064,3.406169665809764,31.51408450704225,30.677816901408445,False,0.31847133757962887,2.472871261998505,2,5,2,40.0,44.5655638838632,54.24528301886794,2024-02-06; 2025-04-09,18.778920308483293,1.2210796915167064,历史2/5次成功; 当前距低点1.22%; 最新日涨幅0.32%; 状态bottom_area; 底部未确认
25,81.67533553665125,69.9737643261511,002703,浙江世宝,bottom_area,2026-06-12,15.44,2026-05-26,22.58,2026-06-11,15.21,1.51216305062458,3.4845496383957877,32.639503985828156,31.620903454384408,False,0.7832898172323688,3.950341372238346,4,8,4,50.0,27.696215492339505,34.06504065040649,2015-09-16; 2018-02-07; 2019-11-13; 2023-07-24,18.48783694937542,1.51216305062458,历史4/8次成功; 当前距低点1.51%; 最新日涨幅0.78%; 状态bottom_area; 底部未确认
26,81.57017475147055,70.85357198824804,688517,金冠电气,bottom_area,2026-06-12,17.6,2026-05-29,24.5,2026-06-11,17.21,2.266124346310288,6.333527019174897,29.755102040816322,28.163265306122444,False,0.3993154592127901,1.667774378963417,2,3,2,66.66666666666666,22.22402597402597,22.85714285714285,2021-06-21; 2021-07-28,17.73387565368971,2.266124346310288,历史2/3次成功; 当前距低点2.27%; 最新日涨幅0.40%; 状态bottom_area; 底部未确认
27,80.80752183632387,71.110619215965,300261,雅本化学,bottom_area,2026-06-12,4.84,2026-04-02,6.58,2026-06-09,4.7,2.9787234042553123,5.319148936170213,28.57142857142857,26.443768996960486,False,2.1097046413502074,0.9041498214734057,9,16,9,56.25,38.24386332079092,81.5282392026578,2015-08-26; 2016-03-01; 2016-06-15; 2020-02-04; 2020-09-11; 2022-01-07; 2022-04-27; 2022-06-02; 2024-02-05,17.021276595744688,2.9787234042553123,历史9/16次成功; 当前距低点2.98%; 最新日涨幅2.11%; 状态bottom_area; 底部未确认
28,80.29583436077046,70.6450078628908,002686,亿利达,bottom_area,2026-06-12,5.9,2026-05-13,8.25,2026-06-11,5.73,2.966841186736473,4.363001745200698,30.545454545454543,28.48484848484848,False,0.6825938566553003,1.4302824868889676,2,4,2,50.0,49.136590154032014,75.68181818181817,2018-02-09; 2022-04-28,17.033158813263526,2.966841186736473,历史2/4次成功; 当前距低点2.97%; 最新日涨幅0.68%; 状态bottom_area; 底部未确认
29,80.26208788265706,68.28142131979696,600845,宝信软件,bottom_area,2026-06-12,17.93,2026-05-20,25.0,2026-06-12,17.73,1.1280315848843727,2.820078962210942,29.080000000000002,28.28,False,0.1116694584031297,1.036032721462457,5,15,5,33.33333333333333,50.25800350976688,156.4102564102564,1994-07-29; 1995-04-27; 2010-05-12; 2015-06-30; 2021-06-09,18.871968415115628,1.1280315848843727,历史5/15次成功; 当前距低点1.13%; 最新日涨幅0.11%; 状态bottom_area; 底部未确认
30,79.5265270588235,69.40199999999999,600615,鑫源智造,bottom_area,2026-06-12,9.35,2026-05-21,12.98,2026-06-11,9.12,2.5219298245614086,6.140350877192988,29.73805855161788,27.966101694915256,False,1.1904761904761862,1.1328380394575026,11,25,11,44.0,66.65194781298148,272.25130890052355,1993-02-24; 1993-03-05; 1994-07-29; 1994-08-10; 1997-05-23; 2005-07-20; 2012-04-10; 2016-01-14; 2019-11-11; 2023-04-25; 2025-04-09,17.478070175438592,2.5219298245614086,历史11/25次成功; 当前距低点2.52%; 最新日涨幅1.19%; 状态bottom_area; 底部未确认
31,79.52320276785419,71.0321592811215,300141,和顺电气,bottom_area,2026-06-12,10.39,2026-05-20,13.85,2026-06-11,10.01,3.7962037962038044,5.194805194805191,27.72563176895307,24.981949458483747,False,1.762977473065619,1.9632485233939245,9,14,9,64.28571428571429,30.432048813566137,45.07299270072992,2012-12-04; 2015-06-30; 2018-10-19; 2020-02-04; 2021-01-14; 2022-04-27; 2024-06-06; 2025-04-07; 2025-10-23,16.2037962037962,3.7962037962038044,历史9/14次成功; 当前距低点3.80%; 最新日涨幅1.76%; 状态bottom_area; 底部未确认
32,78.8052746815451,69.31682416112834,002408,齐翔腾达,bottom_area,2026-06-12,4.88,2026-04-30,6.79,2026-06-12,4.74,2.9535864978902886,5.06329113924051,30.191458026509572,28.12960235640648,False,0.2053388090349051,1.4073077670156562,5,9,5,55.55555555555556,29.7963036958565,50.143678160919535,2012-06-26; 2015-06-30; 2020-09-28; 2021-02-08; 2022-04-27,17.046413502109715,2.9535864978902886,历史5/9次成功; 当前距低点2.95%; 最新日涨幅0.21%; 状态bottom_area; 底部未确认
33,78.5595067170488,69.51853244610874,603230,内蒙新华,bottom_area,2026-06-12,9.75,2026-04-10,13.4,2026-06-11,9.44,3.283898305084751,3.283898305084751,29.552238805970156,27.238805970149254,False,2.4159663865546355,0.49753480286433793,2,3,2,66.66666666666666,27.522332876533863,31.521142229544196,2022-01-07; 2022-04-27,16.71610169491525,3.283898305084751,历史2/3次成功; 当前距低点3.28%; 最新日涨幅2.42%; 状态bottom_area; 底部未确认
34,78.54455992864806,70.58048606519071,601800,中国交建,bottom_area,2026-06-12,6.31,2026-03-13,8.55,2026-06-09,6.06,4.125412541254125,6.105610561056108,29.122807017543874,26.198830409356738,False,0.4777070063694211,0.8386562617846532,2,3,2,66.66666666666666,43.54709673431968,49.64925954793452,2015-07-03; 2024-01-23,15.874587458745875,4.125412541254125,历史2/3次成功; 当前距低点4.13%; 最新日涨幅0.48%; 状态bottom_area; 底部未确认
35,78.41581334192081,69.96674820342224,600452,涪陵电力,bottom_area,2026-06-12,10.55,2026-05-28,14.08,2026-06-10,10.17,3.736479842674541,6.1946902654867335,27.769886363636363,25.071022727272723,False,2.9268292682926855,2.3742733148617936,7,12,7,58.333333333333336,36.8687575881014,79.2298716452742,2005-04-01; 2005-07-18; 2008-04-22; 2008-08-18; 2014-05-09; 2015-06-30; 2016-03-14,16.263520157325463,3.736479842674541,历史7/12次成功; 当前距低点3.74%; 最新日涨幅2.93%; 状态bottom_area; 底部未确认
36,78.25196494148597,67.42936954270992,603680,今创集团,bottom_area,2026-06-12,11.14,2026-05-15,15.3,2026-06-11,10.94,1.8281535648994613,2.833638025594155,28.496732026143796,27.18954248366013,False,0.723327305605781,0.46081577606605373,3,7,3,42.857142857142854,33.36629623253827,39.99999999999999,2021-01-13; 2021-10-29; 2025-04-09,18.171846435100537,1.8281535648994613,历史3/7次成功; 当前距低点1.83%; 最新日涨幅0.72%; 状态bottom_area; 底部未确认
37,78.20944200580139,67.1050414272543,002243,力合科创,bottom_area,2026-06-12,7.01,2026-05-29,9.58,2026-06-12,6.9,1.5942028985507162,3.7681159420289823,27.97494780793319,26.826722338204593,False,0.0,1.7527164856260171,5,15,5,33.33333333333333,49.38973496030429,131.57894736842107,2012-03-30; 2015-01-19; 2018-07-11; 2019-02-28; 2025-04-09,18.405797101449284,1.5942028985507162,历史5/15次成功; 当前距低点1.59%; 最新日涨幅0.00%; 状态bottom_area; 底部未确认
38,78.14118379854922,67.84970449452162,603895,天永智能,bottom_area,2026-06-12,30.05,2026-05-28,41.78,2026-06-11,29.39,2.2456617897243967,7.179312691391628,29.65533748204883,28.07563427477262,True,-1.3136288998357948,1.6766284233900814,2,4,2,50.0,38.54738373706048,56.99624530663328,2018-02-06; 2024-03-05,17.754338210275606,2.2456617897243967,历史2/4次成功; 当前距低点2.25%; 最新日涨幅-1.31%; 状态bottom_area; 底部已确认
39,77.99927625038517,65.39772187010009,002385,大北农,bottom_area,2026-06-12,3.01,2026-03-30,4.13,2026-06-12,3.0,0.33333333333332626,4.33333333333333,27.360774818401936,27.118644067796616,False,-3.833865814696491,6.202025495167958,6,9,6,66.66666666666666,25.059436577598955,33.263598326359826,2010-07-02; 2015-06-30; 2015-08-26; 2019-05-24; 2020-02-04; 2022-04-27,19.666666666666675,0.33333333333332626,历史6/9次成功; 当前距低点0.33%; 最新日涨幅-3.83%; 状态bottom_area; 底部未确认
40,77.99785744016253,67.16576001596209,600699,均胜电子,bottom_area,2026-06-12,23.86,2026-05-27,33.13,2026-06-11,23.44,1.7918088737201285,4.479522184300329,29.24841533353456,27.980682161183225,False,1.4024649383765242,2.6225088191276567,11,25,11,44.0,29.027334666903105,61.01694915254237,1993-12-20; 1994-08-10; 1995-05-24; 1996-06-25; 1996-12-25; 1997-07-07; 2004-10-22; 2005-05-10; 2014-03-12; 2018-02-07; 2026-03-24,18.20819112627987,1.7918088737201285,历史11/25次成功; 当前距低点1.79%; 最新日涨幅1.40%; 状态bottom_area; 底部未确认
41,77.92248193156799,66.32777864220539,000839,国安股份,bottom_area,2026-06-12,2.62,2026-05-19,3.71,2026-06-11,2.59,1.158301158301168,3.8610038610038644,30.188679245283023,29.38005390835579,False,0.3831417624521105,1.1530562100807402,7,19,7,36.84210526315789,32.26525194666353,51.898734177215175,2001-02-16; 2009-08-20; 2011-08-09; 2017-01-17; 2020-02-04; 2020-05-25; 2021-11-02,18.841698841698832,1.158301158301168,历史7/19次成功; 当前距低点1.16%; 最新日涨幅0.38%; 状态bottom_area; 底部未确认
42,77.91770820362798,68.01127542143406,600877,电科芯片,bottom_area,2026-06-12,13.36,2026-05-11,18.14,2026-06-11,13.03,2.5326170376055264,4.834996162701464,28.169790518191846,26.35060639470783,False,1.7517136329017413,1.515641699286393,8,16,8,50.0,29.653990683734705,55.348837209302324,1996-12-18; 1997-07-08; 2005-07-19; 2008-04-22; 2008-09-18; 2009-08-19; 2015-09-08; 2022-04-27,17.467382962394474,2.5326170376055264,历史8/16次成功; 当前距低点2.53%; 最新日涨幅1.75%; 状态bottom_area; 底部未确认
43,77.89739765732457,67.15112609040443,300652,雷迪克,bottom_area,2026-06-12,38.53,2026-05-26,52.57,2026-06-11,37.83,1.8503832936822704,4.652392281258274,28.038805402320722,26.70724747955107,False,1.581861323490652,1.47956153108304,1,2,1,50.0,54.41115272575945,54.41115272575945,2025-12-17,18.14961670631773,1.8503832936822704,历史1/2次成功; 当前距低点1.85%; 最新日涨幅1.58%; 状态bottom_area; 底部未确认
44,77.89490114536235,69.49822120827255,603043,广州酒家,bottom_area,2026-06-12,14.17,2026-02-05,18.88,2026-05-29,13.66,3.733528550512444,8.565153733528549,27.648305084745754,24.947033898305083,True,1.2142857142857233,0.44689673974328104,2,3,2,66.66666666666666,23.731180842872412,24.877783813145022,2017-12-25; 2020-10-26,16.266471449487558,3.733528550512444,历史2/3次成功; 当前距低点3.73%; 最新日涨幅1.21%; 状态bottom_area; 底部已确认
45,77.69375834218127,65.71026556580026,000582,北部湾港,bottom_area,2026-06-12,11.23,2026-06-03,15.46,2026-06-11,11.14,0.8078994614003578,3.7701974865350083,27.943078913324708,27.36093143596378,False,0.1784121320249632,1.9710983090271548,8,15,8,53.333333333333336,28.7577580884933,37.39279588336192,1997-06-11; 2001-10-22; 2003-05-13; 2003-11-13; 2007-05-25; 2013-06-25; 2015-06-30; 2018-07-06,19.192100538599643,0.8078994614003578,历史8/15次成功; 当前距低点0.81%; 最新日涨幅0.18%; 状态bottom_area; 底部未确认
46,77.49523827105226,69.35709525497717,688670,金迪克,bottom_area,2026-06-12,15.17,2026-05-19,21.2,2026-06-10,14.6,3.9041095890410977,4.863013698630143,31.132075471698112,28.44339622641509,False,1.9489247311827995,1.0469967532467532,3,5,3,60.0,32.034758698875706,48.272552783109404,2022-08-02; 2022-10-12; 2025-11-21,16.0958904109589,3.9041095890410977,历史3/5次成功; 当前距低点3.90%; 最新日涨幅1.95%; 状态bottom_area; 底部未确认
47,77.4892778712208,69.43156234629546,603759,海天股份,bottom_area,2026-06-12,7.6,2026-03-31,10.36,2026-06-12,7.31,3.9671682626538995,4.103967168262663,29.440154440154444,26.640926640926637,False,1.8766756032171594,1.0187759875259876,2,3,2,66.66666666666666,35.430318916557454,39.90825688073395,2024-02-06; 2025-01-13,16.0328317373461,3.9671682626538995,历史2/3次成功; 当前距低点3.97%; 最新日涨幅1.88%; 状态bottom_area; 底部未确认
48,77.46252513567957,64.85209293502537,301329,信音电子,bottom_area,2026-06-12,23.78,2026-06-03,33.28,2026-06-12,23.72,0.25295109612142613,8.30522765598652,28.72596153846154,28.545673076923077,False,-2.4610336341263195,13.595022242032378,2,3,2,66.66666666666666,27.592229932879352,28.5628382441371,2025-03-26; 2025-04-09,19.747048903878575,0.25295109612142613,历史2/3次成功; 当前距低点0.25%; 最新日涨幅-2.46%; 状态bottom_area; 底部未确认
49,77.38240435625602,68.589874455703,601177,杭齿前进,bottom_area,2026-06-12,13.48,2026-05-28,18.68,2026-06-11,13.04,3.374233128834366,5.291411042944795,30.192719486081376,27.8372591006424,False,1.9667170953101332,2.1093086037094437,5,9,5,55.55555555555556,31.044285486862684,40.789473684210535,2011-01-20; 2015-06-30; 2016-01-08; 2024-02-06; 2025-04-09,16.625766871165634,3.374233128834366,历史5/9次成功; 当前距低点3.37%; 最新日涨幅1.97%; 状态bottom_area; 底部未确认
50,77.21349985374094,67.89129371731215,002788,鹭燕医药,bottom_area,2026-06-12,11.23,2026-05-12,15.64,2026-06-11,10.91,2.9330889092575645,3.7580201649862524,30.24296675191816,28.19693094629156,False,1.5370705244122984,3.208236395754331,3,6,3,50.0,33.91793779795371,37.636080870917574,2021-02-04; 2024-02-06; 2026-03-23,17.066911090742437,2.9330889092575645,历史3/6次成功; 当前距低点2.93%; 最新日涨幅1.54%; 状态bottom_area; 底部未确认
51,77.11064825704025,66.70471302512134,002548,金新农,bottom_area,2026-06-12,4.0,2026-04-30,5.48,2026-06-08,3.92,2.040816326530614,8.92857142857142,28.467153284671536,27.007299270073,False,0.5025125628140614,3.3527105091803766,3,8,3,37.5,43.684270159199585,59.57142857142858,2012-12-04; 2013-06-25; 2020-06-15,17.959183673469386,2.040816326530614,历史3/8次成功; 当前距低点2.04%; 最新日涨幅0.50%; 状态bottom_area; 底部未确认
52,76.91858230711077,67.40908621593434,600871,石化油服,bottom_area,2026-06-12,2.24,2026-03-30,3.07,2026-06-10,2.18,2.7522935779816535,5.045871559633022,28.990228013029306,27.035830618892497,False,0.9009009009008917,1.2160710710202711,7,16,7,43.75,42.650890181357546,106.80851063829789,1996-08-27; 1997-07-08; 1997-09-23; 1998-08-18; 2001-07-31; 2014-04-29; 2015-07-16,17.247706422018346,2.7522935779816535,历史7/16次成功; 当前距低点2.75%; 最新日涨幅0.90%; 状态bottom_area; 底部未确认
53,76.78805285412258,66.77221987315008,600429,三元股份,bottom_area,2026-06-12,4.4,2026-04-30,6.11,2026-06-12,4.3,2.32558139534885,3.4883720930232642,29.62356792144027,27.986906710310965,False,0.6864988558352492,0.8081092044879745,4,11,4,36.36363636363637,66.24257752712204,150.82508250825083,2006-06-14; 2008-04-23; 2008-09-16; 2021-02-08,17.67441860465115,2.32558139534885,历史4/11次成功; 当前距低点2.33%; 最新日涨幅0.69%; 状态bottom_area; 底部未确认
54,76.5130655993979,68.1694393843488,688089,嘉必优,bottom_area,2026-06-12,12.19,2026-05-12,17.33,2026-06-11,11.76,3.6564625850340113,6.122448979591842,32.140796306982104,29.659549913444888,False,0.5775577557755707,1.2680241176425535,3,6,3,50.0,44.28050579691581,58.830478440637926,2020-02-04; 2021-10-28; 2025-01-13,16.34353741496599,3.6564625850340113,历史3/6次成功; 当前距低点3.66%; 最新日涨幅0.58%; 状态bottom_area; 底部未确认
55,76.49074320333224,66.70435964321975,600708,光明地产,bottom_area,2026-06-12,2.89,2026-05-11,4.16,2026-06-11,2.82,2.4822695035461093,4.609929078014197,32.21153846153847,30.52884615384615,False,1.403508771929829,0.950991372004254,9,20,9,45.0,32.843731781209016,48.909657320872284,1997-05-23; 1997-07-08; 2004-08-30; 2005-07-18; 2007-05-21; 2015-06-30; 2025-01-06; 2025-04-09; 2025-12-17,17.517730496453893,2.4822695035461093,历史9/20次成功; 当前距低点2.48%; 最新日涨幅1.40%; 状态bottom_area; 底部未确认
56,76.2427824961536,66.44597046809342,002358,森源电气,bottom_area,2026-06-12,5.86,2026-05-13,8.03,2026-06-11,5.72,2.4475524475524577,3.8461538461538574,28.767123287671232,27.023661270236605,False,1.559792027729645,1.7353698337928654,4,9,4,44.44444444444444,32.232682459150055,42.73127753303966,2010-05-12; 2020-02-04; 2022-04-27; 2025-02-05,17.552447552447543,2.4475524475524577,历史4/9次成功; 当前距低点2.45%; 最新日涨幅1.56%; 状态bottom_area; 底部未确认
57,76.21911457351285,66.03326500063595,002131,利欧股份,bottom_area,2026-06-12,5.29,2026-05-19,7.59,2026-06-11,5.18,2.1235521235521295,4.633204633204638,31.752305665349144,30.303030303030305,False,0.5703422053231932,4.501106037163105,4,11,4,36.36363636363637,43.550636493491076,90.33101045296168,2015-09-02; 2017-12-29; 2019-01-04; 2026-01-23,17.87644787644787,2.1235521235521295,历史4/11次成功; 当前距低点2.12%; 最新日涨幅0.57%; 状态bottom_area; 底部未确认
58,76.19159470382304,68.71710281832142,301062,上海艾录,bottom_area,2026-06-12,6.27,2026-05-11,8.45,2026-06-10,6.01,4.326123128119797,7.986688851913485,28.87573964497041,25.798816568047332,True,1.7857142857142794,2.3257952238867765,3,6,3,50.0,46.24012661523953,91.6354556803995,2021-09-17; 2021-09-29; 2024-09-10,15.673876871880205,4.326123128119797,历史3/6次成功; 当前距低点4.33%; 最新日涨幅1.79%; 状态bottom_area; 底部已确认
59,76.16144958536407,65.39008451459993,600585,海螺水泥,bottom_area,2026-06-12,18.71,2026-03-13,25.97,2026-06-11,18.41,1.6295491580662722,2.6615969581748966,29.11051212938005,27.95533307662687,False,0.7539041464728058,0.826516472162617,4,10,4,40.0,26.158368790274366,30.065359477124165,2006-03-10; 2008-03-18; 2008-09-18; 2015-08-25,18.370450841933728,1.6295491580662722,历史4/10次成功; 当前距低点1.63%; 最新日涨幅0.75%; 状态bottom_area; 底部未确认
60,75.95166579068903,66.40345637700241,688015,交控科技,bottom_area,2026-06-12,16.83,2026-04-27,23.28,2026-06-11,16.4,2.6219512195121935,3.292682926829285,29.55326460481101,27.706185567010323,False,2.247873633049813,0.7232324118995674,2,4,2,50.0,22.104866438119394,23.111997720148185,2019-08-12; 2021-01-08,17.37804878048781,2.6219512195121935,历史2/4次成功; 当前距低点2.62%; 最新日涨幅2.25%; 状态bottom_area; 底部未确认
61,75.82573921992802,67.49073956078756,301063,海锅股份,bottom_area,2026-06-12,18.98,2026-04-20,26.24,2026-06-11,18.32,3.6026200873362453,4.421397379912657,30.182926829268286,27.66768292682926,False,2.0979020979021046,1.531341204791423,2,3,2,66.66666666666666,20.52713275939531,20.8467556373677,2021-09-28; 2025-03-31,16.397379912663755,3.6026200873362453,历史2/3次成功; 当前距低点3.60%; 最新日涨幅2.10%; 状态bottom_area; 底部未确认
62,75.63802291409186,64.85665661898747,002101,广东鸿图,bottom_area,2026-06-12,8.47,2026-04-14,11.51,2026-06-11,8.34,1.5587529976019279,3.3573141486810476,27.541268462206776,26.411815812337093,False,1.0739856801909253,0.9893203604018538,5,14,5,35.714285714285715,31.70836726162755,39.710444674250255,2008-09-18; 2008-11-04; 2016-04-22; 2024-02-06; 2025-04-09,18.44124700239807,1.5587529976019279,历史5/14次成功; 当前距低点1.56%; 最新日涨幅1.07%; 状态bottom_area; 底部未确认
63,75.6182470900813,67.09608972248591,600604,市北高新,bottom_area,2026-06-12,4.22,2026-05-21,5.94,2026-06-08,4.08,3.4313725490195996,7.107843137254903,31.313131313131315,28.956228956228962,True,2.9268292682926855,0.7242790093953947,12,27,12,44.44444444444444,38.594129156663875,125.68218298555377,1992-09-08; 1993-02-24; 1993-03-10; 1993-07-26; 1994-03-10; 1994-08-10; 1994-10-14; 2007-10-26; 2008-04-23; 2019-02-01; 2020-02-04; 2024-02-06,16.5686274509804,3.4313725490195996,历史12/27次成功; 当前距低点3.43%; 最新日涨幅2.93%; 状态bottom_area; 底部已确认
64,75.48522994906946,66.96270398707776,300441,鲍斯股份,bottom_area,2026-06-12,6.05,2026-03-11,8.05,2026-06-11,5.85,3.4188034188034218,4.615384615384623,27.329192546583865,24.844720496894418,False,2.195945945945943,1.1617676656132618,6,11,6,54.54545454545454,25.030954839415937,29.15291529152916,2015-06-30; 2015-07-29; 2016-03-01; 2020-02-04; 2021-11-05; 2022-04-27,16.58119658119658,3.4188034188034218,历史6/11次成功; 当前距低点3.42%; 最新日涨幅2.20%; 状态bottom_area; 底部未确认
65,75.43476971010328,65.73154207104434,688567,孚能科技,bottom_area,2026-06-12,10.92,2026-05-21,15.5,2026-06-11,10.66,2.4390243902439006,5.1594746716698,31.225806451612904,29.548387096774192,False,1.5813953488372112,1.6637128722048873,2,5,2,40.0,37.91676172473357,52.88270377733598,2021-03-25; 2024-02-05,17.560975609756103,2.4390243902439006,历史2/5次成功; 当前距低点2.44%; 最新日涨幅1.58%; 状态bottom_area; 底部未确认
66,75.27970188174338,65.29304904270516,000020,深华发A,bottom_area,2026-06-12,11.69,2026-04-30,16.22,2026-06-11,11.44,2.1853146853146854,4.370629370629371,29.469790382244142,27.928483353884094,False,0.0,1.649266446362677,9,21,9,42.857142857142854,26.25880620319397,42.08242950108458,1992-06-17; 1992-10-26; 1999-01-18; 2010-07-02; 2016-01-05; 2016-02-29; 2022-08-31; 2022-09-30; 2025-04-09,17.814685314685317,2.1853146853146854,历史9/21次成功; 当前距低点2.19%; 最新日涨幅0.00%; 状态bottom_area; 底部未确认
67,75.09694727298535,66.8797141068129,600821,金开新能,bottom_area,2026-06-12,6.56,2026-06-05,8.8,2026-06-11,6.33,3.6334913112164227,5.6872037914692,28.068181818181827,25.454545454545464,False,2.499999999999991,5.386273239042863,11,21,11,52.38095238095239,31.90618541323943,53.57917570498915,1994-03-11; 1994-08-10; 1997-07-08; 2003-11-06; 2007-10-29; 2008-03-18; 2008-04-22; 2014-01-10; 2020-02-04; 2021-10-14; 2021-12-23,16.36650868878358,3.6334913112164227,历史11/21次成功; 当前距低点3.63%; 最新日涨幅2.50%; 状态bottom_area; 底部未确认
68,75.065936517162,63.246046278827485,002579,中京电子,bottom_area,2026-06-12,15.1,2026-06-03,21.88,2026-06-12,15.01,0.5996002664890064,10.126582278481022,31.398537477148082,30.987202925045704,False,-1.2426422498364897,20.963935951931475,2,4,2,50.0,42.65126283022806,58.76494023904383,2012-12-04; 2019-05-10,19.400399733510994,0.5996002664890064,历史2/4次成功; 当前距低点0.60%; 最新日涨幅-1.24%; 状态bottom_area; 底部未确认
69,75.0431149191562,66.1723796019872,300384,三联虹普,bottom_area,2026-06-12,12.01,2026-04-16,16.25,2026-06-11,11.65,3.090128755364802,4.291845493562231,28.307692307692307,26.092307692307692,False,2.3870417732310356,1.3327669825163881,2,5,2,40.0,48.268135291499775,52.20293724966623,2020-02-04; 2025-01-13,16.909871244635198,3.090128755364802,历史2/5次成功; 当前距低点3.09%; 最新日涨幅2.39%; 状态bottom_area; 底部未确认
70,75.01302489841089,67.98604364329043,300018,中元股份,bottom_area,2026-06-12,11.61,2026-05-25,15.5,2026-06-11,11.1,4.594594594594593,9.00900900900901,28.387096774193548,25.096774193548395,True,1.4860139860139787,3.237571300468832,9,17,9,52.94117647058824,39.22809248020988,96.93251533742333,2010-02-03; 2015-06-30; 2015-09-02; 2016-03-01; 2018-02-07; 2018-10-19; 2020-02-04; 2022-04-27; 2025-04-07,15.405405405405409,4.594594594594593,历史9/17次成功; 当前距低点4.59%; 最新日涨幅1.49%; 状态bottom_area; 底部已确认
71,74.95211236349931,66.89768158056204,300940,南极光,bottom_area,2026-06-12,16.03,2026-05-21,21.99,2026-06-11,15.45,3.754045307443378,7.766990291262131,29.740791268758528,27.103228740336505,True,1.1356466876971671,2.6378052536755954,2,4,2,50.0,29.445725169531865,35.40630182421225,2021-03-10; 2025-04-09,16.245954692556623,3.754045307443378,历史2/4次成功; 当前距低点3.75%; 最新日涨幅1.14%; 状态bottom_area; 底部已确认
72,74.81923989923332,66.33051347267123,688326,经纬恒润,bottom_area,2026-06-12,73.92,2026-05-21,98.65,2026-06-11,71.5,3.3846153846153872,4.825174825174829,27.52154080081095,25.068423720223016,False,2.8380634390651194,1.5760122748014347,2,4,2,50.0,31.061486825775873,34.48938586529221,2023-08-29; 2025-04-07,16.615384615384617,3.3846153846153872,历史2/4次成功; 当前距低点3.38%; 最新日涨幅2.84%; 状态bottom_area; 底部未确认
73,74.81324414556288,66.41384597778428,603028,赛福天,bottom_area,2026-06-12,7.48,2026-05-19,10.08,2026-06-10,7.23,3.457814661134163,5.809128630705393,28.27380952380952,25.79365079365079,False,1.3550135501354976,1.2525775009676625,3,6,3,50.0,32.40679250091491,43.67816091954023,2017-01-17; 2022-04-27; 2022-10-11,16.54218533886584,3.457814661134163,历史3/6次成功; 当前距低点3.46%; 最新日涨幅1.36%; 状态bottom_area; 底部未确认
74,74.81240517910102,64.87364543534204,300763,锦浪科技,bottom_area,2026-06-12,90.73,2026-06-01,124.8,2026-06-10,88.8,2.173423423423431,6.193693693693693,28.84615384615385,27.299679487179485,False,-1.7009750812567614,4.9424975819339645,3,6,3,50.0,30.855112047029355,36.020348268440614,2021-08-03; 2024-02-05; 2024-06-28,17.82657657657657,2.173423423423431,历史3/6次成功; 当前距低点2.17%; 最新日涨幅-1.70%; 状态bottom_area; 底部未确认
75,74.59513715723297,63.792623254248696,600654,中安科,bottom_area,2026-06-12,2.87,2026-05-19,4.09,2026-06-11,2.83,1.413427561837457,6.360424028268541,30.80684596577017,29.828850855745713,False,0.7017543859649145,3.0173486761072534,5,21,5,23.809523809523807,73.34541849495714,157.57575757575756,1992-09-08; 1992-10-27; 1993-02-24; 1993-12-20; 1994-10-14,18.586572438162545,1.413427561837457,历史5/21次成功; 当前距低点1.41%; 最新日涨幅0.70%; 状态bottom_area; 底部未确认
76,74.53552713240022,64.96930354141071,000572,海马汽车,bottom_area,2026-06-12,4.17,2026-04-15,5.92,2026-06-11,4.07,2.457002457002448,4.422604422604415,31.249999999999993,29.56081081081081,False,1.213592233009697,2.411169106467677,9,24,9,37.5,39.45574808266819,95.5116696588869,1995-04-27; 1999-01-18; 2000-07-03; 2001-10-22; 2015-06-30; 2018-02-09; 2023-05-26; 2025-04-09; 2025-10-23,17.54299754299755,2.457002457002448,历史9/24次成功; 当前距低点2.46%; 最新日涨幅1.21%; 状态bottom_area; 底部未确认
77,74.20124675808518,65.54053341408155,000919,金陵药业,bottom_area,2026-06-12,6.16,2026-04-16,8.83,2026-06-11,5.97,3.1825795644891186,3.5175879396984917,32.389580973952434,30.237825594563983,False,1.9867549668874274,1.5095532965915925,7,14,7,50.0,24.33771409202549,31.2267657992565,2008-03-18; 2013-06-25; 2015-06-30; 2015-08-25; 2022-04-27; 2022-12-29; 2024-02-06,16.817420435510883,3.1825795644891186,历史7/14次成功; 当前距低点3.18%; 最新日涨幅1.99%; 状态bottom_area; 底部未确认
78,74.18960929158753,65.72752329634906,000930,中粮科技,bottom_area,2026-06-12,4.94,2026-04-13,7.03,2026-06-11,4.78,3.347280334728036,4.184100418410045,32.005689900426745,29.729729729729726,False,1.8556701030927991,0.9038283161462508,5,10,5,50.0,27.36194870714509,40.599769319492495,2004-09-13; 2008-04-03; 2015-05-08; 2015-06-23; 2015-08-04,16.652719665271963,3.347280334728036,历史5/10次成功; 当前距低点3.35%; 最新日涨幅1.86%; 状态bottom_area; 底部未确认
79,73.98621433335225,64.54400251066525,002322,理工能科,bottom_area,2026-06-12,10.65,2026-04-20,14.57,2026-06-11,10.39,2.5024061597690066,3.176130895091435,28.689087165408374,26.90459849004804,False,1.7191977077363862,0.6951628265178807,4,10,4,40.0,32.30907825235801,40.487804878048784,2012-12-04; 2022-04-27; 2022-10-11; 2024-02-06,17.497593840230998,2.5024061597690066,历史4/10次成功; 当前距低点2.50%; 最新日涨幅1.72%; 状态bottom_area; 底部未确认
80,73.89357454785466,64.99999425309058,300423,昇辉科技,bottom_area,2026-06-12,5.92,2026-05-13,8.31,2026-06-11,5.75,2.9565217391304333,4.3478260869565215,30.80625752105897,28.76052948255115,False,1.7182130584192379,2.9108350702150405,5,11,5,45.45454545454545,28.509043011430897,45.50084889643465,2015-06-30; 2016-01-14; 2017-08-11; 2023-04-25; 2025-04-09,17.04347826086957,2.9565217391304333,历史5/11次成功; 当前距低点2.96%; 最新日涨幅1.72%; 状态bottom_area; 底部未确认
81,73.7407431238916,65.12030880285758,600416,湘电股份,bottom_area,2026-06-12,9.76,2026-05-25,13.38,2026-06-11,9.46,3.1712473572938578,5.179704016913302,29.297458893871447,27.055306427503744,False,2.1989528795811397,1.8196518012109468,10,21,10,47.61904761904761,27.09826122049123,35.943517329910144,2005-12-08; 2007-11-12; 2009-02-27; 2015-09-08; 2016-02-01; 2018-02-09; 2019-11-15; 2022-02-11; 2024-02-05; 2025-04-09,16.828752642706142,3.1712473572938578,历史10/21次成功; 当前距低点3.17%; 最新日涨幅2.20%; 状态bottom_area; 底部未确认
82,73.71097705332717,64.23665946940618,605369,拱东医疗,bottom_area,2026-06-12,16.34,2026-05-08,22.68,2026-06-10,15.95,2.4451410658307244,3.1347962382445145,29.67372134038801,27.954144620811288,False,0.3685503685503688,0.5781138776795879,2,5,2,40.0,29.954737094087246,39.201877934272304,2022-09-23; 2024-02-06,17.554858934169275,2.4451410658307244,历史2/5次成功; 当前距低点2.45%; 最新日涨幅0.37%; 状态bottom_area; 底部未确认
83,73.64833873886002,63.781037114652065,600376,首开股份,bottom_area,2026-06-12,3.4,2026-06-02,4.58,2026-06-11,3.33,2.1021021021020974,3.603603603603607,27.292576419213972,25.764192139737997,False,1.1904761904761862,2.4762931836020337,7,18,7,38.88888888888889,25.70756820012164,31.975736568457553,2008-06-20; 2008-07-18; 2008-09-18; 2008-12-31; 2019-08-08; 2021-08-06; 2025-04-09,17.897897897897906,2.1021021021020974,历史7/18次成功; 当前距低点2.10%; 最新日涨幅1.19%; 状态bottom_area; 底部未确认
84,73.50489398706897,63.69916076467095,600992,贵绳股份,bottom_area,2026-06-12,10.03,2026-05-29,13.5,2026-06-11,9.82,2.1384928716904184,4.8879837067209815,27.259259259259256,25.703703703703706,False,0.19980019980019303,2.8503814925129545,5,15,5,33.33333333333333,37.750490208557856,61.79906542056074,2008-03-18; 2009-08-19; 2018-10-19; 2022-04-27; 2024-02-06,17.861507128309583,2.1384928716904184,历史5/15次成功; 当前距低点2.14%; 最新日涨幅0.20%; 状态bottom_area; 底部未确认
85,73.24332453149516,63.8927076971311,301169,零点有数,bottom_area,2026-06-12,73.81,2026-05-21,99.5,2026-06-11,72.01,2.4996528259963853,5.485349257047616,27.628140703517584,25.819095477386934,False,0.2444655710987398,1.8061631429936702,2,5,2,40.0,28.773742690337933,36.13845665290568,2022-04-28; 2022-12-30,17.500347174003615,2.4996528259963853,历史2/5次成功; 当前距低点2.50%; 最新日涨幅0.24%; 状态bottom_area; 底部未确认
86,73.24003789021133,65.01426453804946,603300,海南华铁,bottom_area,2026-06-12,5.09,2026-04-20,7.22,2026-06-11,4.92,3.455284552845527,4.471544715447149,31.855955678670362,29.50138504155125,False,2.620967741935476,2.20491168423712,4,9,4,44.44444444444444,36.88818391089332,61.26900198281559,2015-07-09; 2015-08-25; 2016-12-13; 2025-04-09,16.544715447154474,3.455284552845527,历史4/9次成功; 当前距低点3.46%; 最新日涨幅2.62%; 状态bottom_area; 底部未确认
87,72.88394215950062,62.97912480503716,002819,东方中科,bottom_area,2026-06-12,21.11,2026-05-14,29.06,2026-06-11,20.7,1.9806763285024163,4.685990338164263,28.768066070199588,27.35719201651755,False,0.8600095556617227,0.8560898256370446,3,9,3,33.33333333333333,31.94480376714694,51.677148846960186,2020-02-04; 2021-08-16; 2024-02-06,18.019323671497585,1.9806763285024163,历史3/9次成功; 当前距低点1.98%; 最新日涨幅0.86%; 状态bottom_area; 底部未确认
88,72.8602357934305,62.406856822055204,600839,四川长虹,bottom_area,2026-06-12,6.77,2026-04-20,9.88,2026-06-11,6.67,1.4992503748125883,3.4482758620689715,32.48987854251013,31.47773279352228,False,1.4992503748125774,1.5019787554980855,4,16,4,25.0,41.022299336709146,89.25233644859811,1996-12-17; 1999-12-27; 2018-10-19; 2020-02-04,18.500749625187414,1.4992503748125883,历史4/16次成功; 当前距低点1.50%; 最新日涨幅1.50%; 状态bottom_area; 底部未确认
89,72.75464449867685,64.10956658094356,002074,国轩高科,bottom_area,2026-06-12,29.04,2026-05-06,39.39,2026-06-11,28.18,3.0518097941802678,4.932576295244857,28.45899974612846,26.27570449352628,False,2.4338624338624326,1.9932833923736923,4,9,4,44.44444444444444,27.078396777222913,34.1,2013-06-25; 2016-01-11; 2016-01-29; 2018-10-19,16.94819020581973,3.0518097941802678,历史4/9次成功; 当前距低点3.05%; 最新日涨幅2.43%; 状态bottom_area; 底部未确认
90,72.6341360672022,62.881142531676815,600250,南京商旅,bottom_area,2026-06-12,8.82,2026-04-16,11.88,2026-06-11,8.64,2.08333333333333,3.5879629629629477,27.27272727272727,25.75757575757576,False,1.379310344827589,2.6687114265947005,7,20,7,35.0,29.065282428369905,53.93258426966293,2007-06-26; 2008-04-22; 2008-09-18; 2009-08-19; 2020-02-04; 2025-04-09; 2025-06-23,17.91666666666667,2.08333333333333,历史7/20次成功; 当前距低点2.08%; 最新日涨幅1.38%; 状态bottom_area; 底部未确认
91,72.59296155102054,64.07174473813191,000516,国际医学,bottom_area,2026-06-12,3.94,2026-03-27,5.28,2026-06-11,3.82,3.141361256544505,3.4031413612565538,27.65151515151516,25.378787878787882,False,2.0725388601036343,0.9071871066571379,7,16,7,43.75,29.477410769104228,43.67816091954024,1997-05-26; 2001-10-22; 2008-09-18; 2012-12-04; 2015-07-08; 2022-03-16; 2026-03-04,16.858638743455494,3.141361256544505,历史7/16次成功; 当前距低点3.14%; 最新日涨幅2.07%; 状态bottom_area; 底部未确认
92,72.56028858656418,63.962605084668375,002162,悦心健康,bottom_area,2026-06-12,3.69,2026-03-26,4.95,2026-06-11,3.58,3.0726256983240186,4.469273743016763,27.67676767676768,25.454545454545457,False,0.27173913043476716,1.256306433662983,7,16,7,43.75,28.04807353143622,43.23432343234324,2009-08-18; 2010-07-02; 2012-07-31; 2015-08-26; 2018-02-06; 2024-02-06; 2025-04-09,16.927374301675982,3.0726256983240186,历史7/16次成功; 当前距低点3.07%; 最新日涨幅0.27%; 状态bottom_area; 底部未确认
93,72.49985424378639,64.07815400334655,000401,金隅冀东,bottom_area,2026-06-12,3.85,2026-03-26,5.12,2026-06-12,3.73,3.2171581769437028,3.7533512064343197,27.1484375,24.8046875,False,1.3157894736842257,0.36389621078021245,10,23,10,43.47826086956522,31.02976084055601,53.51562499999998,1998-08-18; 2006-05-24; 2007-06-05; 2008-09-18; 2012-09-05; 2015-05-07; 2015-06-30; 2018-07-05; 2020-02-04; 2022-11-01,16.782841823056298,3.2171581769437028,历史10/23次成功; 当前距低点3.22%; 最新日涨幅1.32%; 状态bottom_area; 底部未确认
94,72.46475893744983,63.30033427448549,603275,众辰科技,bottom_area,2026-06-12,39.44,2026-05-12,55.6,2026-06-11,38.45,2.5747724317295053,4.811443433029893,30.845323741007192,29.064748201438857,False,0.9211873080859689,2.717401708067397,1,2,1,50.0,38.17642698295033,38.17642698295033,2024-02-06,17.425227568270497,2.5747724317295053,历史1/2次成功; 当前距低点2.57%; 最新日涨幅0.92%; 状态bottom_area; 底部未确认
95,72.38836792837151,62.5565957653575,600850,电科数字,bottom_area,2026-06-12,18.49,2026-06-02,25.8,2026-06-11,18.13,1.9856591285162686,4.908990623276341,29.72868217054264,28.333333333333343,False,1.259583789704255,1.986213360179038,8,24,8,33.33333333333333,29.734221747533645,33.97129186602872,1994-08-10; 1995-01-03; 1996-12-25; 1998-05-12; 2006-04-25; 2008-04-22; 2008-09-18; 2018-08-20,18.014340871483732,1.9856591285162686,历史8/24次成功; 当前距低点1.99%; 最新日涨幅1.26%; 状态bottom_area; 底部未确认
96,72.31839696342531,62.83602838436253,600326,西藏天路,bottom_area,2026-06-12,7.17,2026-05-11,9.79,2026-06-11,7.01,2.2824536376604874,3.8516405135520753,28.396322778345244,26.76200204290091,False,1.2711864406779627,1.4008586463040547,6,17,6,35.294117647058826,30.62630788421362,51.7747858017136,2003-11-07; 2007-02-01; 2009-08-19; 2015-09-02; 2017-07-05; 2024-06-06,17.717546362339515,2.2824536376604874,历史6/17次成功; 当前距低点2.28%; 最新日涨幅1.27%; 状态bottom_area; 底部未确认
97,71.9390078687148,63.6656418704283,002019,亿帆医药,bottom_area,2026-06-12,10.05,2026-04-02,13.57,2026-06-10,9.73,3.2887975334018527,5.858170606372048,28.297715549005158,25.939572586588056,False,1.823708206686936,1.0070404629573135,7,17,7,41.17647058823529,34.67732580390166,54.60251046025103,2005-06-02; 2006-04-26; 2008-11-04; 2012-12-04; 2014-02-28; 2014-12-11; 2015-06-30,16.71120246659815,3.2887975334018527,历史7/17次成功; 当前距低点3.29%; 最新日涨幅1.82%; 状态bottom_area; 底部未确认
98,71.55793858243868,63.68358418592266,003015,日久光电,bottom_area,2026-06-12,12.39,2026-04-15,16.95,2026-06-08,11.96,3.5953177257525057,8.695652173913036,29.43952802359881,26.902654867256633,True,-0.8006405124099225,3.579334686613933,2,4,2,50.0,32.69305699267948,37.847866419294995,2022-04-27; 2024-09-24,16.404682274247495,3.5953177257525057,历史2/4次成功; 当前距低点3.60%; 最新日涨幅-0.80%; 状态bottom_area; 底部已确认
99,71.53768084493093,63.46932374743138,000715,中兴商业,bottom_area,2026-06-12,4.83,2026-04-27,6.68,2026-06-11,4.67,3.426124197002144,5.353319057815846,30.089820359281433,27.694610778443106,False,1.4705882352941346,1.378813641136668,7,16,7,43.75,29.72923073438855,49.785407725321896,1997-05-23; 1997-07-08; 2015-07-16; 2020-02-04; 2021-02-04; 2023-01-19; 2025-06-23,16.573875802997858,3.426124197002144,历史7/16次成功; 当前距低点3.43%; 最新日涨幅1.47%; 状态bottom_area; 底部未确认
100,71.48885198040168,59.702860824060366,688390,固德威,bottom_area,2026-06-12,110.46,2026-06-01,152.96,2026-06-11,110.33,0.11782833318226725,5.864225505302274,27.87003138075314,27.785041841004194,False,-2.652683528686006,3.298209169543709,2,5,2,40.0,39.3629538909459,52.46368555966959,2021-08-04; 2022-06-22,19.882171666817733,0.11782833318226725,历史2/5次成功; 当前距低点0.12%; 最新日涨幅-2.65%; 状态bottom_area; 底部未确认
101,71.46327189681202,65.09145057472884,688251,井松智能,bottom_area,2026-06-12,23.7,2026-05-08,32.99,2026-06-11,22.6,4.867256637168132,6.902654867256632,31.49439224007275,28.160048499545326,False,0.5089058524172962,1.8379773096992815,2,4,2,50.0,42.57417047028053,45.35104364326376,2025-01-06; 2025-04-07,15.132743362831869,4.867256637168132,历史2/4次成功; 当前距低点4.87%; 最新日涨幅0.51%; 状态bottom_area; 底部未确认
102,71.37051899308375,62.947463049244966,601226,华电科工,bottom_area,2026-06-12,6.98,2026-05-13,9.45,2026-06-11,6.77,3.101920236336793,4.135893648449044,28.359788359788357,26.137566137566125,False,1.8978102189781243,1.0336822670819,2,5,2,40.0,31.07441498974651,39.54659949622166,2015-06-30; 2022-04-26,16.89807976366321,3.101920236336793,历史2/5次成功; 当前距低点3.10%; 最新日涨幅1.90%; 状态bottom_area; 底部未确认
103,71.2899330603924,63.32352895751087,002829,星网宇达,bottom_area,2026-06-12,19.57,2026-05-25,27.7,2026-06-11,18.91,3.490216816499207,9.994711792702276,31.732851985559563,29.350180505415157,True,3.4902168164992142,8.227041645983464,4,10,4,40.0,28.662490855532578,46.666666666666664,2019-01-31; 2022-04-27; 2024-04-16; 2024-08-07,16.509783183500794,3.490216816499207,历史4/10次成功; 当前距低点3.49%; 最新日涨幅3.49%; 状态bottom_area; 底部已确认
104,71.21176381909011,60.65130184992644,002402,和而泰,bottom_area,2026-06-12,23.8,2026-05-11,33.92,2026-06-11,23.52,1.1904761904761954,3.826530612244907,30.66037735849057,29.83490566037736,False,-0.25146689019278634,3.311387763462812,4,12,4,33.33333333333333,32.21642059612279,50.57692307692307,2015-06-30; 2015-09-07; 2016-02-01; 2020-02-04,18.809523809523807,1.1904761904761954,历史4/12次成功; 当前距低点1.19%; 最新日涨幅-0.25%; 状态bottom_area; 底部未确认
105,71.16253683601788,62.93340407289107,300617,安靠智电,bottom_area,2026-06-12,54.65,2026-05-28,74.0,2026-06-11,52.93,3.2495749102588305,7.217079161156245,28.472972972972972,26.14864864864865,True,1.9589552238805874,5.0864610864762705,3,8,3,37.5,29.031907893985014,34.81727574750829,2017-04-24; 2018-02-07; 2023-04-25,16.75042508974117,3.2495749102588305,历史3/8次成功; 当前距低点3.25%; 最新日涨幅1.96%; 状态bottom_area; 底部已确认
106,71.15259078472828,60.5853743315508,002328,新朋股份,bottom_area,2026-06-12,7.74,2026-06-02,10.66,2026-06-11,7.65,1.1764705882352922,6.405228758169937,28.236397748592868,27.392120075046904,False,0.1293661060802087,5.066931558476087,1,4,1,25.0,27.27272727272727,27.27272727272727,2010-02-03,18.82352941176471,1.1764705882352922,历史1/4次成功; 当前距低点1.18%; 最新日涨幅0.13%; 状态bottom_area; 底部未确认
107,71.0506122260316,62.58344082085685,600199,金种子酒,bottom_area,2026-06-12,6.8,2026-05-27,9.4,2026-06-11,6.6,3.030303030303033,4.5454545454545565,29.787234042553195,27.65957446808511,False,1.9490254872563728,2.1015760590009336,7,17,7,41.17647058823529,25.690398295101822,33.667781493868446,2003-11-07; 2007-07-17; 2013-10-29; 2015-08-26; 2020-12-03; 2022-03-29; 2023-05-17,16.96969696969697,3.030303030303033,历史7/17次成功; 当前距低点3.03%; 最新日涨幅1.95%; 状态bottom_area; 底部未确认
108,71.04057450466709,64.0401545562303,603079,圣达生物,bottom_area,2026-06-12,13.1,2026-04-24,18.25,2026-06-11,12.56,4.299363057324833,5.095541401273875,31.17808219178082,28.21917808219178,False,2.584181675802655,1.0165603189645802,4,8,4,50.0,29.960765198553307,39.7635135135135,2019-04-22; 2020-02-04; 2022-04-27; 2024-09-18,15.700636942675168,4.299363057324833,历史4/8次成功; 当前距低点4.30%; 最新日涨幅2.58%; 状态bottom_area; 底部未确认
109,71.03330742273559,62.33850132342922,300002,神州泰岳,bottom_area,2026-06-12,7.27,2026-05-08,10.23,2026-06-11,7.07,2.8288543140028186,6.0820367751060775,30.889540566959923,28.9345063538612,False,2.250351617440205,4.638701180780126,4,11,4,36.36363636363637,32.33195540220536,50.374064837905244,2012-12-04; 2013-06-25; 2018-10-16; 2022-04-27,17.171145685997182,2.8288543140028186,历史4/11次成功; 当前距低点2.83%; 最新日涨幅2.25%; 状态bottom_area; 底部未确认
110,70.98935631879404,62.66580645392196,300080,易成新能,bottom_area,2026-06-12,3.93,2026-05-14,5.25,2026-06-10,3.81,3.1496062992126013,8.661417322834636,27.42857142857143,25.14285714285714,True,0.5115089514066584,0.9212538179687384,6,17,6,35.294117647058826,31.147201098720352,47.50733137829912,2015-06-30; 2015-08-26; 2018-07-06; 2019-01-31; 2020-09-10; 2025-04-07,16.8503937007874,3.1496062992126013,历史6/17次成功; 当前距低点3.15%; 最新日涨幅0.51%; 状态bottom_area; 底部已确认
111,70.96133356300648,62.95733142739611,000006,深振业A,bottom_area,2026-06-12,7.85,2026-05-19,11.25,2026-06-09,7.59,3.425559947299075,7.905138339920945,32.53333333333334,30.22222222222223,True,0.0,1.761419775198865,8,21,8,38.095238095238095,30.028102983102457,52.879581151832454,1994-02-01; 1996-12-18; 1997-05-26; 2003-05-14; 2008-03-18; 2008-04-21; 2015-06-30; 2023-10-23,16.574440052700925,3.425559947299075,历史8/21次成功; 当前距低点3.43%; 最新日涨幅0.00%; 状态bottom_area; 底部已确认
112,70.9184405859756,61.18008481714365,601002,晋亿实业,bottom_area,2026-06-12,4.85,2026-04-20,6.81,2026-06-11,4.76,1.8907563025210055,2.7310924369747878,30.102790014684288,28.781204111600587,False,0.8316008316008316,1.1326633456226531,3,10,3,30.0,28.39252251016957,35.164835164835154,2007-06-05; 2008-04-02; 2025-04-09,18.109243697479,1.8907563025210055,历史3/10次成功; 当前距低点1.89%; 最新日涨幅0.83%; 状态bottom_area; 底部未确认
113,70.88549305343692,60.85778915807267,688298,东方生物,bottom_area,2026-06-12,19.36,2026-05-11,26.88,2026-06-11,19.05,1.6272965879265027,3.4120734908136408,29.129464285714278,27.976190476190478,False,0.4149377593360981,0.6117063492063493,3,11,3,27.27272727272727,29.339334879763456,43.41065934979629,2020-03-24; 2020-09-10; 2024-10-18,18.3727034120735,1.6272965879265027,历史3/11次成功; 当前距低点1.63%; 最新日涨幅0.41%; 状态bottom_area; 底部未确认
114,70.83544015205571,62.214729028668415,002123,梦网科技,bottom_area,2026-06-12,7.52,2026-05-25,10.16,2026-06-11,7.31,2.872777017783857,5.335157318741459,28.05118110236221,25.98425196850394,False,1.7591339648173276,2.063142144313935,2,6,2,33.33333333333333,38.770576859582086,54.50450450450449,2019-05-08; 2024-02-06,17.127222982216146,2.872777017783857,历史2/6次成功; 当前距低点2.87%; 最新日涨幅1.76%; 状态bottom_area; 底部未确认
115,70.74765338216221,60.306456953642375,603657,春光科技,bottom_area,2026-06-12,22.93,2026-05-27,31.03,2026-06-10,22.65,1.2362030905077313,13.730684326710833,27.00612310667097,26.10377054463423,True,-10.007849293563586,5.466232709519935,1,4,1,25.0,120.64323111443534,120.64323111443534,2025-04-09,18.76379690949227,1.2362030905077313,历史1/4次成功; 当前距低点1.24%; 最新日涨幅-10.01%; 状态bottom_area; 底部已确认
116,70.66006843331516,63.040958866176744,300436,广生堂,bottom_area,2026-06-12,87.01,2026-05-29,119.78,2026-06-11,83.88,3.7315212207916186,6.342393896041974,29.971614626815835,27.35849056603773,False,1.5878575598365474,4.539576594356721,5,13,5,38.46153846153847,42.62810349237441,95.87945879458793,2015-07-08; 2015-08-26; 2025-04-09; 2025-06-20; 2025-08-22,16.268478779208383,3.7315212207916186,历史5/13次成功; 当前距低点3.73%; 最新日涨幅1.59%; 状态bottom_area; 底部未确认
117,70.6219998054152,63.225776852821056,002172,澳洋健康,bottom_area,2026-06-12,3.18,2026-03-27,4.2,2026-06-11,3.06,3.921568627450984,4.248366013071892,27.142857142857146,24.285714285714285,False,2.580645161290329,1.8258994643652653,10,21,10,47.61904761904761,26.110092112543636,35.395189003436414,2008-09-18; 2009-03-04; 2009-09-02; 2009-09-29; 2011-08-09; 2012-01-06; 2019-05-08; 2020-02-04; 2022-01-28; 2022-04-27,16.07843137254902,3.921568627450984,历史10/21次成功; 当前距低点3.92%; 最新日涨幅2.58%; 状态bottom_area; 底部未确认
118,70.5770379792228,63.25554509960853,601019,山东出版,bottom_area,2026-06-12,7.05,2026-04-10,9.43,2026-06-08,6.78,3.982300884955746,3.982300884955746,28.101802757158,25.23860021208908,False,2.1739130434782483,0.34245052470171067,2,4,2,50.0,21.855866222084103,22.896281800391385,2023-05-25; 2024-11-25,16.017699115044255,3.982300884955746,历史2/4次成功; 当前距低点3.98%; 最新日涨幅2.17%; 状态bottom_area; 底部未确认
119,70.45254333489649,61.612060522334076,002073,软控股份,bottom_area,2026-06-12,5.45,2026-04-17,7.52,2026-06-11,5.31,2.636534839924681,3.5781544256120603,29.388297872340424,27.526595744680844,False,1.869158878504673,1.5590758852145024,3,9,3,33.33333333333333,32.63455174209148,42.93628808864266,2015-06-29; 2020-02-04; 2022-10-10,17.36346516007532,2.636534839924681,历史3/9次成功; 当前距低点2.64%; 最新日涨幅1.87%; 状态bottom_area; 底部未确认
120,70.41011219568837,61.787080133149864,600587,新华医疗,bottom_area,2026-06-12,12.74,2026-01-14,17.27,2026-06-11,12.39,2.824858757062144,2.986279257465692,28.257093225246088,26.230457440648518,False,1.2718600953895098,0.7180976760032244,5,13,5,38.46153846153847,24.77289300672874,30.013736263736256,2008-04-22; 2015-07-16; 2019-06-06; 2021-07-28; 2021-11-08,17.17514124293786,2.824858757062144,历史5/13次成功; 当前距低点2.82%; 最新日涨幅1.27%; 状态bottom_area; 底部未确认
121,70.38223255936241,61.25174144774023,300349,金卡智能,bottom_area,2026-06-12,11.23,2026-05-25,16.15,2026-06-11,10.97,2.3701002734731063,6.472196900638096,32.07430340557275,30.464396284829714,False,1.5370705244122984,2.3680107243432573,1,4,1,25.0,45.48693586698337,45.48693586698337,2024-02-06,17.629899726526897,2.3701002734731063,历史1/4次成功; 当前距低点2.37%; 最新日涨幅1.54%; 状态bottom_area; 底部未确认
122,70.34974178647954,63.03274481145866,300288,朗玛信息,bottom_area,2026-06-12,9.7,2026-04-15,12.95,2026-06-11,9.33,3.9657020364415776,5.037513397642022,27.95366795366795,25.096525096525095,False,1.8907563025210017,1.7813114492279556,4,11,4,36.36363636363637,69.40710351619818,114.64788732394366,2014-04-02; 2015-07-03; 2015-09-02; 2020-02-04,16.034297963558426,3.9657020364415776,历史4/11次成功; 当前距低点3.97%; 最新日涨幅1.89%; 状态bottom_area; 底部未确认
123,70.32612776399827,62.867296031453,000565,渝三峡A,bottom_area,2026-06-12,6.49,2026-05-13,8.78,2026-06-08,6.25,3.840000000000003,5.760000000000005,28.81548974943052,26.082004555808645,False,0.7763975155279379,2.079419385295082,11,27,11,40.74074074074074,38.085900607174686,57.568807339449535,1994-08-15; 1995-03-20; 1996-05-02; 1996-08-27; 2007-06-26; 2008-04-03; 2009-09-29; 2018-02-09; 2018-07-06; 2022-04-27; 2025-05-26,16.159999999999997,3.840000000000003,历史11/27次成功; 当前距低点3.84%; 最新日涨幅0.78%; 状态bottom_area; 底部未确认
124,70.29329976358328,61.466075326823685,300917,特发服务,bottom_area,2026-06-12,26.14,2026-05-29,35.1,2026-06-11,25.47,2.630545740086383,5.810757754220654,27.435897435897445,25.527065527065528,False,0.11489850631942744,3.179171597633136,3,9,3,33.33333333333333,31.776270327351053,47.40277400054392,2020-12-23; 2022-04-27; 2024-08-28,17.36945425991362,2.630545740086383,历史3/9次成功; 当前距低点2.63%; 最新日涨幅0.11%; 状态bottom_area; 底部未确认
125,70.2906745400212,62.507836121030195,000931,中关村,bottom_area,2026-06-12,4.08,2026-04-09,5.51,2026-06-11,3.94,3.55329949238579,4.314720812182751,28.49364791288566,25.952813067150633,False,1.7456359102244523,0.755656037992847,5,12,5,41.66666666666667,30.63275428496302,45.10582010582012,2003-05-13; 2005-05-11; 2007-06-26; 2014-01-14; 2020-02-04,16.446700507614214,3.55329949238579,历史5/12次成功; 当前距低点3.55%; 最新日涨幅1.75%; 状态bottom_area; 底部未确认
126,70.2566359158968,59.363443950905605,300032,金龙机电,bottom_area,2026-06-12,4.0,2026-05-11,5.49,2026-06-11,3.97,0.7556675062972242,4.282115869017619,27.686703096539162,27.140255009107474,False,-0.4975124378109319,2.9161835466142882,5,11,5,45.45454545454545,33.538623909040105,52.14007782101169,2015-06-30; 2015-09-16; 2019-01-31; 2020-09-10; 2024-08-28,19.244332493702775,0.7556675062972242,历史5/11次成功; 当前距低点0.76%; 最新日涨幅-0.50%; 状态bottom_area; 底部未确认
127,70.23696509499943,62.678077256810184,002104,恒宝股份,bottom_area,2026-06-12,11.36,2026-05-06,15.65,2026-06-11,10.95,3.744292237442924,5.205479452054798,30.031948881789145,27.41214057507988,False,1.9748653500897495,3.996921125030867,8,18,8,44.44444444444444,27.870712081015792,43.85245901639344,2009-08-19; 2016-01-14; 2018-10-19; 2019-05-08; 2020-02-04; 2021-02-04; 2022-04-27; 2024-02-06,16.255707762557076,3.744292237442924,历史8/18次成功; 当前距低点3.74%; 最新日涨幅1.97%; 状态bottom_area; 底部未确认
128,70.21719066956328,63.196367687224985,300046,台基股份,bottom_area,2026-06-12,28.21,2026-05-27,37.6,2026-06-08,27.07,4.211304026597712,10.306612486147023,28.00531914893617,24.97340425531915,True,-1.9464720194647178,3.124320832130511,6,11,6,54.54545454545454,27.775928419621447,37.61467889908256,2010-02-03; 2013-05-02; 2020-09-11; 2021-02-05; 2024-11-04; 2025-04-07,15.78869597340229,4.211304026597712,历史6/11次成功; 当前距低点4.21%; 最新日涨幅-1.95%; 状态bottom_area; 底部已确认
129,70.20724324402647,60.995284222718624,300369,绿盟科技,bottom_area,2026-06-12,5.84,2026-05-08,8.08,2026-06-11,5.71,2.2767075306479843,4.903677758318743,29.33168316831683,27.722772277227726,False,1.388888888888884,2.1546041498667567,2,6,2,33.33333333333333,24.90776375947682,26.689189189189182,2016-03-01; 2024-06-06,17.723292469352018,2.2767075306479843,历史2/6次成功; 当前距低点2.28%; 最新日涨幅1.39%; 状态bottom_area; 底部未确认
130,70.19753131071694,62.487616445766626,002107,沃华医药,bottom_area,2026-06-12,6.03,2026-04-21,8.33,2026-06-10,5.82,3.6082474226804115,3.9518900343642533,30.132052821128447,27.611044417767104,False,2.0304568527918843,2.088278897974704,4,11,4,36.36363636363637,42.68750061791668,80.27777777777779,2008-09-18; 2008-11-06; 2015-05-29; 2025-04-09,16.39175257731959,3.6082474226804115,历史4/11次成功; 当前距低点3.61%; 最新日涨幅2.03%; 状态bottom_area; 底部未确认
131,70.13963322563713,61.22500358305017,002042,华孚时尚,bottom_area,2026-06-12,3.64,2026-05-25,5.02,2026-06-11,3.55,2.5352112676056424,5.633802816901413,29.28286852589641,27.490039840637444,False,0.27548209366392573,1.75613138887988,3,10,3,30.0,36.53379179134964,42.41758241758243,2015-06-29; 2019-05-08; 2025-04-09,17.46478873239436,2.5352112676056424,历史3/10次成功; 当前距低点2.54%; 最新日涨幅0.28%; 状态bottom_area; 底部未确认
132,70.12376154071247,61.35594951798914,603421,鼎信通讯,bottom_area,2026-06-12,6.55,2026-05-12,9.07,2026-06-12,6.38,2.664576802507836,4.075235109717865,29.65821389195149,27.783902976846754,False,1.393188854489158,1.2596012823850775,2,6,2,33.33333333333333,31.601351045019722,42.086956521739125,2018-02-07; 2024-02-06,17.335423197492165,2.664576802507836,历史2/6次成功; 当前距低点2.66%; 最新日涨幅1.39%; 状态bottom_area; 底部未确认
133,69.98044191251793,60.557178048337555,000818,航锦科技,bottom_area,2026-06-12,12.39,2026-05-25,16.78,2026-06-12,12.14,2.059308072487644,3.706754530477754,27.65196662693683,26.162097735399286,False,-0.16116035455278066,4.21744438586292,6,17,6,35.294117647058826,38.11220990239073,55.25902668759812,2005-07-18; 2008-03-20; 2008-04-22; 2011-03-11; 2020-02-04; 2024-02-06,17.940691927512358,2.059308072487644,历史6/17次成功; 当前距低点2.06%; 最新日涨幅-0.16%; 状态bottom_area; 底部未确认
134,69.8201157912242,59.91714346803507,688558,国盛智科,bottom_area,2026-06-12,31.68,2026-05-15,46.01,2026-06-10,31.18,1.603592046183451,6.350224502886456,32.2321234514236,31.145403173223208,False,-1.1852776044915858,1.6744696969696968,1,3,1,33.33333333333333,52.00752823086575,52.00752823086575,2024-02-06,18.396407953816553,1.603592046183451,历史1/3次成功; 当前距低点1.60%; 最新日涨幅-1.19%; 状态bottom_area; 底部未确认
135,69.81683451002525,61.0917149823339,300250,初灵信息,bottom_area,2026-06-12,15.39,2026-05-19,20.99,2026-06-11,14.99,2.6684456304202824,4.60306871247498,28.58504049547403,26.679371129109093,False,1.3166556945358954,3.4256956216236407,6,17,6,35.294117647058826,25.979793591007727,32.18725204972228,2011-08-09; 2014-12-10; 2015-06-30; 2022-10-11; 2023-02-28; 2024-06-06,17.33155436957972,2.6684456304202824,历史6/17次成功; 当前距低点2.67%; 最新日涨幅1.32%; 状态bottom_area; 底部未确认
136,69.71893806200043,61.89295904586655,600594,益佰制药,bottom_area,2026-06-12,3.29,2026-04-28,4.45,2026-06-12,3.18,3.4591194968553416,4.40251572327043,28.539325842696627,26.06741573033708,False,1.2307692307692353,2.0946742771862676,6,15,6,40.0,29.78361020804689,37.32057416267944,2005-06-16; 2008-01-23; 2008-03-19; 2015-07-06; 2018-02-09; 2024-02-06,16.54088050314466,3.4591194968553416,历史6/15次成功; 当前距低点3.46%; 最新日涨幅1.23%; 状态bottom_area; 底部未确认
137,69.69305307186215,62.49433816886618,603239,浙江仙通,bottom_area,2026-06-12,17.38,2026-05-19,24.35,2026-06-12,16.71,4.009575104727697,6.104129263913821,31.37577002053388,28.624229979466126,False,2.7186761229314182,1.8380614657210401,2,5,2,40.0,39.76435165400716,40.42081949058694,2022-04-27; 2024-02-06,15.990424895272303,4.009575104727697,历史2/5次成功; 当前距低点4.01%; 最新日涨幅2.72%; 状态bottom_area; 底部未确认
138,69.69168831921857,62.548290266498654,300253,卫宁健康,bottom_area,2026-06-12,7.18,2026-05-08,10.13,2026-06-11,6.9,4.057971014492744,5.507246376811593,31.885488647581443,29.12142152023693,False,3.3093525179856087,3.1718750868818915,5,12,5,41.66666666666667,37.036545768147555,72.9818780889621,2015-07-03; 2015-09-02; 2020-06-22; 2022-04-27; 2025-01-13,15.942028985507257,4.057971014492744,历史5/12次成功; 当前距低点4.06%; 最新日涨幅3.31%; 状态bottom_area; 底部未确认
139,69.65837954048028,60.88478287881445,300981,中红医疗,bottom_area,2026-06-12,11.02,2026-05-25,15.8,2026-06-11,10.74,2.607076350093104,3.6312849162011225,32.025316455696206,30.25316455696203,False,0.7312614259597838,0.9010747030062322,2,6,2,33.33333333333333,28.3633528155558,31.785714285714278,2021-04-28; 2026-03-30,17.392923649906898,2.607076350093104,历史2/6次成功; 当前距低点2.61%; 最新日涨幅0.73%; 状态bottom_area; 底部未确认
140,69.54693586326856,61.857928799578964,301277,新天地,bottom_area,2026-06-12,9.3,2026-04-02,12.58,2026-06-11,8.98,3.563474387527843,3.7861915367483276,28.61685214626391,26.07313195548489,False,2.085620197585092,0.6312513032759014,2,5,2,40.0,30.8744645330239,36.71274961597543,2022-12-29; 2024-02-06,16.43652561247216,3.563474387527843,历史2/5次成功; 当前距低点3.56%; 最新日涨幅2.09%; 状态bottom_area; 底部未确认
141,69.48362274466534,62.09482046457797,002540,亚太科技,bottom_area,2026-06-12,5.16,2026-04-20,6.95,2026-06-12,4.97,3.8229376257545358,5.231388329979893,28.489208633093533,25.755395683453237,False,1.976284584980248,1.4509884637880377,3,7,3,42.857142857142854,29.138116558439492,37.79527559055118,2015-06-30; 2022-04-27; 2024-02-06,16.177062374245466,3.8229376257545358,历史3/7次成功; 当前距低点3.82%; 最新日涨幅1.98%; 状态bottom_area; 底部未确认
142,69.39153699751373,60.94606382978724,300920,润阳科技,bottom_area,2026-06-12,38.68,2026-06-08,51.88,2026-06-11,37.6,2.8723404255319105,13.48404255319149,27.525057825751738,25.443330763299926,False,0.5720228809152239,7.527821779763502,1,4,1,25.0,60.89860352155435,60.89860352155435,2025-04-09,17.12765957446809,2.8723404255319105,历史1/4次成功; 当前距低点2.87%; 最新日涨幅0.57%; 状态bottom_area; 底部未确认
143,69.26841833306506,61.613179655623185,600273,嘉化能源,bottom_area,2026-06-12,6.97,2026-04-09,9.51,2026-06-11,6.73,3.566121842496275,5.646359583952449,29.23238696109358,26.708727655099896,False,0.4322766570605152,2.2356590706471993,5,12,5,41.66666666666667,25.979950483053894,40.27777777777777,2009-08-19; 2010-07-02; 2012-01-20; 2012-11-30; 2018-08-07,16.433878157503727,3.566121842496275,历史5/12次成功; 当前距低点3.57%; 最新日涨幅0.43%; 状态bottom_area; 底部未确认
144,69.18952371269691,60.51888844619175,002020,京新药业,bottom_area,2026-06-12,12.41,2026-04-02,17.18,2026-06-08,12.09,2.646815550041359,5.624483043837881,29.627473806752036,27.764842840512223,False,0.8943089430894169,1.5170827112197138,3,9,3,33.33333333333333,26.883304123401725,32.730732635585156,2008-09-18; 2015-08-25; 2018-10-18,17.353184449958643,2.646815550041359,历史3/9次成功; 当前距低点2.65%; 最新日涨幅0.89%; 状态bottom_area; 底部未确认
145,69.18753864937607,60.66205995324443,600138,中青旅,bottom_area,2026-06-12,7.4,2026-01-15,10.59,2026-06-11,7.2,2.77777777777778,3.194444444444438,32.01133144475921,30.122757318224735,False,1.7881705639614998,1.6679791114058355,5,14,5,35.714285714285715,24.099656686670006,26.73160173160174,2005-03-31; 2011-06-20; 2015-06-30; 2015-08-25; 2020-02-04,17.22222222222222,2.77777777777778,历史5/14次成功; 当前距低点2.78%; 最新日涨幅1.79%; 状态bottom_area; 底部未确认
146,69.03715951359531,60.270536083297486,002021,中捷资源,bottom_area,2026-06-12,2.42,2026-05-11,3.4,2026-06-11,2.36,2.5423728813559343,4.661016949152557,30.58823529411765,28.823529411764703,False,0.8333333333333304,2.230663776773744,5,17,5,29.411764705882355,32.76454342106684,50.76923076923077,2012-11-28; 2013-06-25; 2020-12-25; 2022-04-27; 2025-04-09,17.457627118644066,2.5423728813559343,历史5/17次成功; 当前距低点2.54%; 最新日涨幅0.83%; 状态bottom_area; 底部未确认
147,68.99872283887447,60.08474229223329,000789,万年青,bottom_area,2026-06-12,4.26,2026-03-26,5.76,2026-06-12,4.16,2.4038461538461453,3.3653846153846074,27.777777777777775,26.041666666666668,False,-1.1600928074245953,0.4801232568422057,7,17,7,41.17647058823529,27.05050470937456,47.599999999999994,2004-06-29; 2005-02-01; 2008-09-18; 2008-11-04; 2020-10-26; 2021-07-30; 2022-10-31,17.596153846153857,2.4038461538461453,历史7/17次成功; 当前距低点2.40%; 最新日涨幅-1.16%; 状态bottom_area; 底部未确认
148,68.81129200181152,60.954537355677,002580,圣阳股份,bottom_area,2026-06-12,20.73,2026-06-02,28.49,2026-06-11,20.06,3.3399800598205474,7.676969092721849,29.589329589329587,27.237627237627233,False,1.023391812865504,10.360092595841415,4,11,4,36.36363636363637,31.15670127700203,44.10526315789473,2015-09-07; 2018-06-20; 2022-09-02; 2025-04-09,16.660019940179456,3.3399800598205474,历史4/11次成功; 当前距低点3.34%; 最新日涨幅1.02%; 状态bottom_area; 底部未确认
149,68.80414938544989,60.43100882927563,300092,科新机电,bottom_area,2026-06-12,12.89,2026-05-13,17.28,2026-06-11,12.53,2.8731045490822127,4.8683160415004085,27.488425925925934,25.40509259259259,False,0.8607198748043832,2.3593115222628245,4,12,4,33.33333333333333,29.184698214245973,35.53299492385786,2012-12-04; 2015-06-30; 2020-02-04; 2022-04-27,17.12689545091779,2.8731045490822127,历史4/12次成功; 当前距低点2.87%; 最新日涨幅0.86%; 状态bottom_area; 底部未确认
150,68.7371818594192,60.53055081225285,600192,长城电工,bottom_area,2026-06-12,6.83,2026-05-14,9.88,2026-06-11,6.63,3.016591251885372,4.374057315233786,32.894736842105274,30.87044534412956,False,1.6369047619047672,1.0749114689874184,3,10,3,30.0,38.70096164812636,60.875706214689274,2009-03-02; 2024-04-17; 2025-06-23,16.983408748114627,3.016591251885372,历史3/10次成功; 当前距低点3.02%; 最新日涨幅1.64%; 状态bottom_area; 底部未确认
151,68.73406748484888,60.419278330816,002291,遥望科技,bottom_area,2026-06-12,5.29,2026-05-15,7.05,2026-06-11,5.14,2.9182879377431976,4.474708171206234,27.092198581560282,24.964539007092196,False,2.1235521235521304,3.355362247762949,6,19,6,31.57894736842105,33.47666150213328,61.10375275938191,2015-06-23; 2015-06-30; 2018-02-09; 2020-02-03; 2020-02-28; 2025-01-24,17.081712062256805,2.9182879377431976,历史6/19次成功; 当前距低点2.92%; 最新日涨幅2.12%; 状态bottom_area; 底部未确认
152,68.69250624717118,59.17599026437264,603958,哈森股份,bottom_area,2026-06-12,19.09,2026-05-25,26.8,2026-06-11,18.75,1.8133333333333324,4.53333333333334,30.037313432835823,28.76865671641791,False,0.20997375328084544,1.7790390226112327,2,8,2,25.0,27.502098195551827,30.00419639110366,2017-01-17; 2023-10-23,18.186666666666667,1.8133333333333324,历史2/8次成功; 当前距低点1.81%; 最新日涨幅0.21%; 状态bottom_area; 底部未确认
153,68.66397433821639,60.44966513722172,600216,浙江医药,bottom_area,2026-06-12,12.01,2026-03-30,16.87,2026-06-11,11.66,3.0017152658662063,4.288164665523156,30.88322465915827,28.808535862477775,False,2.2998296422487297,2.431201862144728,3,11,3,27.27272727272727,43.99283254025576,63.98144242935471,2000-10-23; 2010-07-02; 2025-04-09,16.998284734133794,3.0017152658662063,历史3/11次成功; 当前距低点3.00%; 最新日涨幅2.30%; 状态bottom_area; 底部未确认
154,68.64882985751011,60.039587741064835,688122,西部超导,bottom_area,2026-06-12,54.41,2026-05-25,73.88,2026-06-11,53.01,2.6410111299754737,5.829088851160165,28.248511099079586,26.353546291283163,False,1.3221601489757706,2.734442194952671,1,2,1,50.0,21.457489878542514,21.457489878542514,2024-07-09,17.35898887002453,2.6410111299754737,历史1/2次成功; 当前距低点2.64%; 最新日涨幅1.32%; 状态bottom_area; 底部未确认
155,68.4953139750232,59.779960404724555,300269,联建光电,bottom_area,2026-06-12,4.87,2026-05-21,6.8,2026-06-11,4.75,2.5263157894736867,6.105263157894738,30.14705882352941,28.38235294117647,False,0.4123711340206171,4.115675314253757,3,10,3,30.0,28.655701100669656,37.731481481481474,2019-02-01; 2021-02-08; 2024-01-16,17.473684210526315,2.5263157894736867,历史3/10次成功; 当前距低点2.53%; 最新日涨幅0.41%; 状态bottom_area; 底部未确认
156,68.46307766855995,61.1678316874839,300535,达威股份,bottom_area,2026-06-12,15.26,2026-05-06,20.29,2026-06-11,14.7,3.8095238095238133,5.374149659863952,27.550517496303602,24.790537210448495,False,1.3280212483399723,2.3842732059931273,3,7,3,42.857142857142854,23.989878504137753,26.329787234042563,2018-02-06; 2022-04-27; 2024-04-16,16.19047619047619,3.8095238095238133,历史3/7次成功; 当前距低点3.81%; 最新日涨幅1.33%; 状态bottom_area; 底部未确认
157,68.43509417256821,60.505130236888775,600241,时代万恒,bottom_area,2026-06-12,7.34,2026-05-07,10.04,2026-06-11,7.11,3.234880450070317,4.641350210970465,29.183266932270907,26.892430278884454,False,1.3812154696132506,2.2092264353142643,5,15,5,33.33333333333333,34.01787274040733,54.53639082751746,2011-04-29; 2015-07-09; 2016-01-14; 2018-10-19; 2022-03-16,16.765119549929686,3.234880450070317,历史5/15次成功; 当前距低点3.23%; 最新日涨幅1.38%; 状态bottom_area; 底部未确认
158,68.41195840103799,60.18271113699129,600835,上海机电,bottom_area,2026-06-12,20.17,2026-05-20,26.9,2026-06-11,19.59,2.9606942317509026,4.849412965798874,27.17472118959107,25.018587360594786,False,1.868686868686864,0.6804675463310749,6,20,6,30.0,36.1456665880825,63.124999999999986,1997-04-29; 1998-08-18; 2008-04-02; 2013-05-02; 2015-06-30; 2015-08-26,17.0393057682491,2.9606942317509026,历史6/20次成功; 当前距低点2.96%; 最新日涨幅1.87%; 状态bottom_area; 底部未确认
159,68.36601366671978,60.60816814425512,600583,海油工程,bottom_area,2026-06-12,5.5,2026-04-16,7.33,2026-06-10,5.32,3.3834586466165355,6.203007518796993,27.421555252387446,24.965893587994543,False,1.2891344383057168,1.1868511736540024,2,5,2,40.0,21.948676658821576,22.909698996655504,2011-08-09; 2017-05-11,16.616541353383464,3.3834586466165355,历史2/5次成功; 当前距低点3.38%; 最新日涨幅1.29%; 状态bottom_area; 底部未确认
160,68.25894044930558,60.85464467326993,300030,阳普医疗,bottom_area,2026-06-12,6.46,2026-05-11,8.57,2026-06-11,6.23,3.6918138041733473,4.654895666131607,27.30455075845974,24.620770128354728,False,1.4128728414442682,2.2811794445034757,4,11,4,36.36363636363637,34.93244458193392,48.36016696481813,2012-12-04; 2015-07-29; 2020-03-24; 2021-10-29,16.308186195826654,3.6918138041733473,历史4/11次成功; 当前距低点3.69%; 最新日涨幅1.41%; 状态bottom_area; 底部未确认
161,68.24056812727748,61.711430582249434,000576,甘化科工,bottom_area,2026-06-12,7.24,2026-04-15,9.95,2026-06-08,6.93,4.473304473304481,6.782106782106792,30.351758793969847,27.236180904522605,False,2.5495750708215414,2.1937446018575013,11,26,11,42.30769230769231,36.2395955988368,90.05145797598628,1995-05-03; 1996-12-25; 1997-07-08; 1997-09-23; 2006-11-14; 2015-08-26; 2017-01-17; 2018-10-19; 2020-02-04; 2021-10-28; 2025-04-09,15.526695526695523,4.473304473304481,历史11/26次成功; 当前距低点4.47%; 最新日涨幅2.55%; 状态bottom_area; 底部未确认
162,68.17545383104293,59.93090500709404,300653,正海生物,bottom_area,2026-06-12,14.8,2026-04-01,20.17,2026-06-10,14.38,2.9207232267037546,4.033379694019472,28.705999008428364,26.623698562221122,False,1.1619958988380086,0.8032777777777778,2,6,2,33.33333333333333,27.079680809920802,29.647513278609367,2019-06-17; 2022-10-12,17.079276773296247,2.9207232267037546,历史2/6次成功; 当前距低点2.92%; 最新日涨幅1.16%; 状态bottom_area; 底部未确认
163,68.14816232436895,59.22399821046349,601311,骆驼股份,bottom_area,2026-06-12,8.03,2026-04-22,11.28,2026-06-11,7.85,2.292993630573245,3.057324840764334,30.407801418439718,28.812056737588655,False,1.9035532994923887,1.47164961738168,2,7,2,28.57142857142857,25.90181706389658,31.35802469135804,2012-07-31; 2020-02-04,17.707006369426757,2.292993630573245,历史2/7次成功; 当前距低点2.29%; 最新日涨幅1.90%; 状态bottom_area; 底部未确认
164,68.11398977019853,61.0382214264907,300111,向日葵,bottom_area,2026-06-12,3.14,2026-05-13,4.16,2026-06-11,3.02,3.973509933774838,9.602649006622517,27.403846153846157,24.519230769230766,True,2.28013029315961,2.3416523749238074,5,13,5,38.46153846153847,25.63346277149106,32.967032967032964,2015-06-30; 2015-08-26; 2020-02-04; 2022-04-27; 2025-04-07,16.026490066225165,3.973509933774838,历史5/13次成功; 当前距低点3.97%; 最新日涨幅2.28%; 状态bottom_area; 底部已确认
165,67.94411603593791,60.07746977007991,300039,上海凯宝,bottom_area,2026-06-12,4.46,2026-04-09,6.16,2026-06-11,4.32,3.240740740740733,3.47222222222221,29.87012987012987,27.5974025974026,False,2.2935779816513735,1.9419771745906862,3,9,3,33.33333333333333,31.790458739975485,49.888971132494454,2015-05-04; 2022-01-25; 2024-01-22,16.759259259259267,3.240740740740733,历史3/9次成功; 当前距低点3.24%; 最新日涨幅2.29%; 状态bottom_area; 底部未确认
166,67.84234354160006,60.04382309217775,000927,中国铁物,bottom_area,2026-06-12,2.51,2026-04-10,3.33,2026-06-10,2.43,3.292181069958832,3.292181069958832,27.027027027027025,24.624624624624634,False,2.4489795918367196,0.7840058029694766,3,9,3,33.33333333333333,32.24012149650835,40.51094890510949,2007-06-26; 2008-04-22; 2012-12-04,16.707818930041167,3.292181069958832,历史3/9次成功; 当前距低点3.29%; 最新日涨幅2.45%; 状态bottom_area; 底部未确认
167,67.69771441192533,56.65449574843101,300776,帝尔激光,bottom_area,2026-06-12,134.31,2026-06-05,184.88,2026-06-12,134.0,0.23134328358209122,14.059701492537316,27.520553872782344,27.352877542189525,False,-8.508174386920986,11.295435697472572,2,5,2,40.0,34.58042169353857,35.19495998637836,2020-02-04; 2021-08-20,19.768656716417908,0.23134328358209122,历史2/5次成功; 当前距低点0.23%; 最新日涨幅-8.51%; 状态bottom_area; 底部未确认
168,67.67192990093511,60.761768044853696,002075,沙钢股份,bottom_area,2026-06-12,3.57,2026-05-08,4.82,2026-06-11,3.43,4.081632653061215,6.413994169096203,28.838174273858925,25.93360995850623,False,3.1791907514450823,1.6666075043125366,4,10,4,40.0,31.33274459050137,37.25055432372507,2019-05-20; 2020-02-04; 2021-02-08; 2025-04-09,15.918367346938785,4.081632653061215,历史4/10次成功; 当前距低点4.08%; 最新日涨幅3.18%; 状态bottom_area; 底部未确认
169,67.56334534776353,60.54819961105018,002423,中粮资本,bottom_area,2026-06-12,8.89,2026-03-19,11.99,2026-06-11,8.55,3.9766081871345014,4.678362573099398,28.6905754795663,25.854879065888237,False,3.252032520325221,0.8503646615592981,3,8,3,37.5,34.313797192025966,50.0,2015-06-30; 2016-03-01; 2024-02-06,16.0233918128655,3.9766081871345014,历史3/8次成功; 当前距低点3.98%; 最新日涨幅3.25%; 状态bottom_area; 底部未确认
170,67.55088274257713,57.01870391416788,301085,亚康股份,bottom_area,2026-06-12,59.01,2026-05-29,81.68,2026-06-12,58.6,0.6996587030716664,4.061433447098968,28.256611165524,27.754652301665043,False,-1.2880562060889944,3.677537787452686,2,5,2,40.0,32.064116974039145,42.41158451684769,2023-04-26; 2024-10-14,19.300341296928334,0.6996587030716664,历史2/5次成功; 当前距低点0.70%; 最新日涨幅-1.29%; 状态bottom_area; 底部未确认
171,67.5423268745585,61.304274717363036,301186,超达装备,bottom_area,2026-06-12,58.67,2026-05-11,80.39,2026-06-10,56.05,4.674397859054424,8.010704727921503,30.277397686279393,27.018285856449804,True,0.548414738646108,1.5877362259544483,2,6,2,33.33333333333333,46.76649732620321,52.372994652406426,2022-04-27; 2025-04-09,15.325602140945577,4.674397859054424,历史2/6次成功; 当前距低点4.67%; 最新日涨幅0.55%; 状态bottom_area; 底部已确认
172,67.52073686908587,59.686839221291365,000981,山子高科,bottom_area,2026-06-12,3.2,2026-05-14,4.58,2026-06-11,3.1,3.2258064516129057,4.838709677419352,32.314410480349345,30.131004366812224,False,1.9108280254777066,2.371793866123746,7,23,7,30.434782608695656,35.78742225626044,65.60376372190278,2003-05-13; 2007-10-29; 2008-04-07; 2008-04-23; 2015-07-06; 2016-09-26; 2024-11-18,16.774193548387096,3.2258064516129057,历史7/23次成功; 当前距低点3.23%; 最新日涨幅1.91%; 状态bottom_area; 底部未确认
173,67.50331187923403,59.823075709779175,000888,峨眉山A,bottom_area,2026-06-12,9.83,2026-04-08,13.3,2026-06-11,9.51,3.364879074658258,3.575184016824394,28.496240601503764,26.09022556390978,False,2.8242677824267703,1.809653290928332,2,8,2,25.0,68.86736133724087,115.66265060240966,2015-08-26; 2024-02-06,16.63512092534174,3.364879074658258,历史2/8次成功; 当前距低点3.36%; 最新日涨幅2.82%; 状态bottom_area; 底部未确认
174,67.44473195509653,59.79539859366096,601186,中国铁建,bottom_area,2026-06-12,6.41,2025-07-23,8.93,2026-05-28,6.2,3.387096774193548,4.838709677419352,30.571108622620375,28.21948488241881,False,1.5847860538827252,0.5449105882731351,3,8,3,37.5,23.040210961409922,24.590163934426215,2012-01-06; 2015-05-08; 2025-04-07,16.612903225806452,3.387096774193548,历史3/8次成功; 当前距低点3.39%; 最新日涨幅1.58%; 状态bottom_area; 底部未确认
175,67.34673347593662,59.87693733335912,300171,东富龙,bottom_area,2026-06-12,11.11,2026-04-15,15.15,2026-06-11,10.73,3.541472506989739,4.193849021435222,29.174917491749174,26.66666666666667,False,3.156917363045486,1.1644743515129485,4,11,4,36.36363636363637,27.833060186829478,32.678485864877814,2015-06-30; 2015-07-06; 2019-08-06; 2022-09-26,16.458527493010262,3.541472506989739,历史4/11次成功; 当前距低点3.54%; 最新日涨幅3.16%; 状态bottom_area; 底部未确认
176,67.29436130536132,59.78130536130537,002998,优彩资源,bottom_area,2026-06-12,7.4,2026-05-08,10.45,2026-06-12,7.15,3.4965034965034962,4.195804195804193,31.578947368421044,29.186602870813388,False,1.5089163237311354,2.4452642330930145,1,3,1,33.33333333333333,56.29770992366411,56.29770992366411,2025-04-09,16.503496503496507,3.4965034965034962,历史1/3次成功; 当前距低点3.50%; 最新日涨幅1.51%; 状态bottom_area; 底部未确认
177,67.28111644083023,59.360776395392875,603069,海汽集团,bottom_area,2026-06-12,14.21,2026-05-22,19.06,2026-06-11,13.78,3.120464441219169,4.281567489114658,27.701993704092338,25.445960125918145,False,2.083333333333348,1.3041139240506328,3,12,3,25.0,44.518469469745064,76.0375880971026,2017-01-16; 2021-06-25; 2024-02-06,16.879535558780834,3.120464441219169,历史3/12次成功; 当前距低点3.12%; 最新日涨幅2.08%; 状态bottom_area; 底部未确认
178,67.23879574602134,60.46654293706953,688355,明志科技,bottom_area,2026-06-12,18.0,2026-05-25,24.07,2026-06-11,17.28,4.16666666666666,5.497685185185181,28.209389281262983,25.218113834648943,False,1.1235955056179803,1.1364506950820938,2,5,2,40.0,30.787865253061884,35.08474576271185,2021-05-25; 2025-04-07,15.833333333333341,4.16666666666666,历史2/5次成功; 当前距低点4.17%; 最新日涨幅1.12%; 状态bottom_area; 底部未确认
179,67.10433128185848,59.13092747280743,600468,百利电气,bottom_area,2026-06-12,5.74,2026-05-14,8.07,2026-06-12,5.57,3.0520646319569105,3.9497307001795288,30.978934324659228,28.872366790582404,False,1.9538188277087087,2.6955914424263945,5,16,5,31.25,28.902606632630025,36.741214057507996,2001-10-22; 2005-12-08; 2008-01-23; 2008-04-03; 2020-02-04,16.94793536804309,3.0520646319569105,历史5/16次成功; 当前距低点3.05%; 最新日涨幅1.95%; 状态bottom_area; 底部未确认
180,67.09972147570083,59.065725678689,600120,浙江东方,bottom_area,2026-06-12,4.47,2026-04-24,6.02,2026-06-11,4.34,2.9953917050691223,4.838709677419354,27.906976744186046,25.747508305647838,False,2.054794520547931,1.0832406079079195,4,14,4,28.57142857142857,33.660930386886456,44.736842105263165,2009-03-03; 2011-01-25; 2018-02-07; 2020-02-04,17.00460829493088,2.9953917050691223,历史4/14次成功; 当前距低点3.00%; 最新日涨幅2.05%; 状态bottom_area; 底部未确认
181,67.06977036384772,58.817133765712825,002451,摩恩电气,bottom_area,2026-06-12,7.74,2026-05-13,10.48,2026-06-11,7.53,2.788844621513944,4.249667994687907,28.148854961832058,26.14503816793893,False,1.4416775884665833,1.9965889281239442,4,13,4,30.76923076923077,25.030642487981847,35.29411764705884,2020-02-04; 2022-07-07; 2025-04-09; 2025-11-24,17.21115537848606,2.788844621513944,历史4/13次成功; 当前距低点2.79%; 最新日涨幅1.44%; 状态bottom_area; 底部未确认
182,66.98221954559779,60.64997602654704,688687,凯因科技,bottom_area,2026-06-12,16.34,2026-04-15,21.98,2026-06-11,15.63,4.542546385156744,4.670505438259748,28.889899909008186,25.659690627843496,False,2.445141065830714,1.0503415481528224,2,5,2,40.0,36.38162249841081,48.75675675675675,2024-02-06; 2024-10-14,15.457453614843258,4.542546385156744,历史2/5次成功; 当前距低点4.54%; 最新日涨幅2.45%; 状态bottom_area; 底部未确认
183,66.97643514414958,59.13466442669634,300386,飞天诚信,bottom_area,2026-06-12,10.12,2026-05-11,13.57,2026-06-11,9.81,3.160040774719661,5.09683995922528,27.708179808400885,25.423728813559332,False,1.810865191146882,2.4936821947606607,5,15,5,33.33333333333333,25.73238741787002,31.195335276967924,2015-07-17; 2020-02-04; 2024-07-01; 2024-07-09; 2024-10-10,16.83995922528034,3.160040774719661,历史5/15次成功; 当前距低点3.16%; 最新日涨幅1.81%; 状态bottom_area; 底部未确认
184,66.80172325771535,59.01095156264681,600528,中铁工业,bottom_area,2026-06-12,7.12,2026-04-01,9.6,2026-06-11,6.9,3.1884057971014457,3.1884057971014457,28.124999999999993,25.83333333333333,False,2.741702741702756,0.9510830338874928,6,20,6,30.0,32.63718698945215,53.020134228187906,2005-12-06; 2008-04-22; 2008-09-18; 2010-02-03; 2012-07-10; 2015-06-30,16.811594202898554,3.1884057971014457,历史6/20次成功; 当前距低点3.19%; 最新日涨幅2.74%; 状态bottom_area; 底部未确认
185,66.72300768424435,60.52616305286625,300542,新晨科技,bottom_area,2026-06-12,12.17,2026-05-13,16.52,2026-06-11,11.63,4.643164230438514,6.276870163370581,29.600484261501204,26.331719128329294,False,2.700421940928277,1.8992092108375083,6,14,6,42.857142857142854,30.758865198051076,61.233480176211465,2017-01-17; 2021-09-29; 2022-12-29; 2024-04-16; 2024-10-10; 2024-10-30,15.356835769561487,4.643164230438514,历史6/14次成功; 当前距低点4.64%; 最新日涨幅2.70%; 状态bottom_area; 底部未确认
186,66.72204878719273,58.478067556111604,600880,博瑞传播,bottom_area,2026-06-12,4.1,2026-05-07,5.5,2026-06-11,3.99,2.7568922305764265,5.012531328320806,27.45454545454545,25.454545454545464,False,1.7369727047146233,1.7508024387763177,4,16,4,25.0,35.31603140766592,50.000000000000014,1998-08-18; 2022-04-28; 2024-02-06; 2025-04-09,17.243107769423574,2.7568922305764265,历史4/16次成功; 当前距低点2.76%; 最新日涨幅1.74%; 状态bottom_area; 底部未确认
187,66.71534704837367,58.6525200084521,300324,旋极信息,bottom_area,2026-06-12,3.87,2026-05-20,5.21,2026-06-11,3.76,2.9255319148936256,6.382978723404261,27.83109404990403,25.719769673704413,False,1.8421052631579116,2.697827409705517,2,6,2,33.33333333333333,20.265588392882993,20.366513952519767,2015-06-09; 2015-07-29,17.074468085106375,2.9255319148936256,历史2/6次成功; 当前距低点2.93%; 最新日涨幅1.84%; 状态bottom_area; 底部未确认
188,66.70323099152665,58.00593988145639,688395,正弦电气,bottom_area,2026-06-12,24.17,2026-05-19,33.28,2026-06-11,23.62,2.3285351397121112,5.249788314987292,29.026442307692307,27.373798076923073,False,-0.8206811653672541,1.5036196925347591,1,4,1,25.0,67.22759781236853,67.22759781236853,2021-10-28,17.671464860287887,2.3285351397121112,历史1/4次成功; 当前距低点2.33%; 最新日涨幅-0.82%; 状态bottom_area; 底部未确认
189,66.56483492957746,55.47069577464788,603897,长城科技,bottom_area,2026-06-12,35.79,2026-05-29,51.59,2026-06-12,35.79,0.0,6.174909192511877,30.626090327582872,30.626090327582872,False,-1.2417218543046449,3.918750428118319,2,5,2,40.0,27.42309556262304,31.712857791912754,2020-02-04; 2025-06-23,20.0,0.0,历史2/5次成功; 当前距低点0.00%; 最新日涨幅-1.24%; 状态bottom_area; 底部未确认
190,66.54727288156886,59.12444418963829,300986,志特新材,bottom_area,2026-06-12,18.32,2026-05-11,25.4,2026-06-11,17.7,3.5028248587570676,5.254237288135592,30.314960629921263,27.87401574803149,False,1.8909899888765347,3.332644197341142,2,8,2,25.0,47.93486487959358,54.76987447698747,2025-04-09; 2026-01-19,16.497175141242934,3.5028248587570676,历史2/8次成功; 当前距低点3.50%; 最新日涨幅1.89%; 状态bottom_area; 底部未确认
191,66.45242769712036,59.476264358795476,603023,威帝股份,bottom_area,2026-06-12,3.99,2026-05-19,5.37,2026-06-11,3.84,3.9062500000000098,4.687499999999993,28.491620111731848,25.698324022346362,False,2.0460358056265893,1.6375408259001294,5,14,5,35.714285714285715,31.55729685988359,56.01092896174863,2015-07-29; 2018-02-09; 2019-10-09; 2020-02-04; 2024-06-07,16.09374999999999,3.9062500000000098,历史5/14次成功; 当前距低点3.91%; 最新日涨幅2.05%; 状态bottom_area; 底部未确认
192,66.41258390577889,56.9596978753943,002724,海洋王,bottom_area,2026-06-12,5.17,2026-04-28,7.32,2026-06-11,5.09,1.5717092337917498,3.5363457760314283,30.464480874316948,29.371584699453557,False,0.19379844961240345,1.5621149521195086,2,10,2,20.0,23.45803724967472,25.204081632653047,2015-06-30; 2022-04-27,18.428290766208253,1.5717092337917498,历史2/10次成功; 当前距低点1.57%; 最新日涨幅0.19%; 状态bottom_area; 底部未确认
193,66.36391652250195,60.409355589304695,688302,海创药业,bottom_area,2026-06-12,34.27,2026-05-08,47.07,2026-06-11,32.69,4.833282349342324,5.842765371673306,30.550244316974723,27.193541533885696,False,2.5740796168811864,1.0554902917854343,2,5,2,40.0,38.6518244398128,40.24920312952768,2023-04-03; 2023-10-23,15.166717650657677,4.833282349342324,历史2/5次成功; 当前距低点4.83%; 最新日涨幅2.57%; 状态bottom_area; 底部未确认
194,66.30804987691506,58.28041789382543,688137,近岸蛋白,bottom_area,2026-06-12,36.75,2026-05-21,49.2,2026-06-11,35.71,2.91234948193783,6.356762811537372,27.418699186991873,25.304878048780495,False,0.27285129604366354,1.1390031201115618,1,4,1,25.0,36.159003831417635,36.159003831417635,2022-10-12,17.08765051806217,2.91234948193783,历史1/4次成功; 当前距低点2.91%; 最新日涨幅0.27%; 状态bottom_area; 底部未确认
195,66.26196741078877,58.228969709398235,002045,国光电器,bottom_area,2026-06-12,8.51,2026-04-29,11.93,2026-06-11,8.27,2.902055622732772,5.441354292623955,30.67896060352054,28.667225481978203,False,1.6726403823178027,2.6068811348860796,5,19,5,26.31578947368421,32.90534070609789,40.89958158995815,2014-05-21; 2021-02-08; 2022-04-27; 2022-10-11; 2024-02-06,17.09794437726723,2.902055622732772,历史5/19次成功; 当前距低点2.90%; 最新日涨幅1.67%; 状态bottom_area; 底部未确认
196,66.26073671136854,59.3548152421319,002274,华昌化工,bottom_area,2026-06-12,5.26,2026-04-28,7.06,2026-06-12,5.06,3.9525691699604777,5.3359683794466495,28.328611898016998,25.495750708215297,False,0.9596928982725572,1.7185601227809513,4,11,4,36.36363636363637,30.065201586539388,43.47014925373134,2009-08-19; 2010-02-05; 2012-12-04; 2021-09-29,16.047430830039524,3.9525691699604777,历史4/11次成功; 当前距低点3.95%; 最新日涨幅0.96%; 状态bottom_area; 底部未确认
197,66.24836941570943,60.305466282350864,688293,奥浦迈,bottom_area,2026-06-12,35.78,2026-06-01,46.83,2026-06-11,34.13,4.834456489891586,5.566949897450919,27.119367926542807,23.595985479393548,False,3.680092726745876,1.3803350061792226,1,2,1,50.0,49.77433913604127,49.77433913604127,2024-02-05,15.165543510108414,4.834456489891586,历史1/2次成功; 当前距低点4.83%; 最新日涨幅3.68%; 状态bottom_area; 底部未确认
198,66.23216886072696,59.59786399995659,300132,青松股份,bottom_area,2026-06-12,6.45,2026-05-26,8.48,2026-06-08,6.19,4.200323101777056,5.6542810985460354,27.004716981132077,23.93867924528302,False,1.0971786833855912,2.3959551871044256,2,5,2,40.0,26.530111139829415,27.16981132075473,2011-01-26; 2015-08-26,15.799676898222945,4.200323101777056,历史2/5次成功; 当前距低点4.20%; 最新日涨幅1.10%; 状态bottom_area; 底部未确认
199,66.08108268024418,56.58527492589812,301020,密封科技,bottom_area,2026-06-12,23.24,2026-05-25,32.88,2026-06-11,22.9,1.4847161572052396,6.943231441048035,30.35279805352799,29.318734793187357,False,-0.9377664109121997,3.595765027322404,1,3,1,33.33333333333333,30.629539951573843,30.629539951573843,2022-04-27,18.515283842794762,1.4847161572052396,历史1/3次成功; 当前距低点1.48%; 最新日涨幅-0.94%; 状态bottom_area; 底部未确认
200,66.07505154639179,57.225714285714304,603081,大丰实业,bottom_area,2026-06-12,9.7,2026-05-15,13.33,2026-06-11,9.5,2.1052631578947296,3.7894736842105203,28.732183045761438,27.231807951988003,False,0.9365244536940764,0.6501078913167068,1,5,1,20.0,31.428571428571434,31.428571428571434,2020-02-04,17.89473684210527,2.1052631578947296,历史1/5次成功; 当前距低点2.11%; 最新日涨幅0.94%; 状态bottom_area; 底部未确认
201,66.0695587799763,58.90084396311342,603320,迪贝电气,bottom_area,2026-06-12,19.67,2026-05-25,26.2,2026-06-11,18.97,3.690036900369019,5.8513442277279895,27.595419847328245,24.923664122137396,False,1.4963880288957787,1.429469864635103,2,6,2,33.33333333333333,30.972014852803454,38.22861468584406,2024-04-17; 2025-04-09,16.30996309963098,3.690036900369019,历史2/6次成功; 当前距低点3.69%; 最新日涨幅1.50%; 状态bottom_area; 底部未确认
202,65.88036313479657,56.836776868468576,603390,通达电气,bottom_area,2026-06-12,11.3,2026-05-19,15.68,2026-06-11,11.09,1.893597835888195,3.2461677186654594,29.272959183673468,27.93367346938775,False,0.7130124777183555,1.4702697690756743,1,6,1,16.666666666666664,33.96512509476878,33.96512509476878,2020-02-04,18.106402164111806,1.893597835888195,历史1/6次成功; 当前距低点1.89%; 最新日涨幅0.71%; 状态bottom_area; 底部未确认
203,65.8324726440343,58.34862700627319,002321,华英农业,bottom_area,2026-06-12,1.84,2026-04-14,2.44,2026-06-09,1.78,3.3707865168539355,4.494382022471914,27.04918032786885,24.590163934426222,False,1.098901098901095,1.3324098013182475,3,9,3,33.33333333333333,24.089714684767927,25.609756097560986,2015-06-30; 2020-02-04; 2024-02-07,16.629213483146067,3.3707865168539355,历史3/9次成功; 当前距低点3.37%; 最新日涨幅1.10%; 状态bottom_area; 底部未确认
204,65.82700602434133,58.50249380051664,002919,名臣健康,bottom_area,2026-06-12,20.0,2026-05-25,26.6,2026-06-12,19.32,3.5196687370600404,4.865424430641829,27.368421052631582,24.812030075187973,False,1.2145748987854255,1.9617861741967821,3,9,3,33.33333333333333,26.741963374624696,36.109700355510405,2019-05-06; 2020-02-04; 2025-04-09,16.480331262939963,3.5196687370600404,历史3/9次成功; 当前距低点3.52%; 最新日涨幅1.21%; 状态bottom_area; 底部未确认
205,65.7881518484797,57.92812002691205,688626,翔宇医疗,bottom_area,2026-06-12,47.89,2026-05-19,66.01,2026-06-11,46.49,3.0114003011400268,4.215960421596044,29.571277079230423,27.45038630510529,False,2.768240343347639,0.7980625,1,3,1,33.33333333333333,34.09021172138692,34.09021172138692,2024-02-05,16.988599698859975,3.0114003011400268,历史1/3次成功; 当前距低点3.01%; 最新日涨幅2.77%; 状态bottom_area; 底部未确认
206,65.76175965439229,56.80417777455813,600104,上汽集团,bottom_area,2026-06-12,10.92,2026-04-01,14.84,2026-06-11,10.71,1.9607843137254815,3.4547152194210944,27.83018867924528,26.41509433962264,False,0.4599816007359703,1.2625349844751463,2,10,2,20.0,27.391215106732346,30.357142857142854,2015-08-25; 2025-04-07,18.03921568627452,1.9607843137254815,历史2/10次成功; 当前距低点1.96%; 最新日涨幅0.46%; 状态bottom_area; 底部未确认
207,65.68478857152408,58.39280857399147,300753,爱朋医疗,bottom_area,2026-06-12,20.5,2026-05-19,29.2,2026-06-11,19.8,3.535353535353532,4.242424242424241,32.1917808219178,29.794520547945204,False,1.888667992047699,3.027282728908422,2,6,2,33.33333333333333,26.344523125076314,28.044496487119456,2022-12-27; 2025-03-31,16.46464646464647,3.535353535353532,历史2/6次成功; 当前距低点3.54%; 最新日涨幅1.89%; 状态bottom_area; 底部未确认
208,65.66539860583383,57.973977288452325,000526,学大教育,bottom_area,2026-06-12,26.14,2026-05-08,36.26,2026-06-11,25.34,3.1570639305445964,4.656669297553274,30.11583011583011,27.909542195256478,False,1.1609907120743168,1.8129156447092873,7,24,7,29.166666666666668,28.483421416275988,40.679442508710785,2001-02-26; 2007-10-25; 2008-03-20; 2010-02-03; 2017-07-12; 2019-05-06; 2020-02-04,16.842936069455405,3.1570639305445964,历史7/24次成功; 当前距低点3.16%; 最新日涨幅1.16%; 状态bottom_area; 底部未确认
209,65.57766090530393,58.20502447216327,002437,誉衡药业,bottom_area,2026-06-12,2.7,2026-04-27,3.79,2026-06-11,2.61,3.4482758620689773,4.2145593869731925,31.13456464379948,28.759894459102895,False,1.5037593984962516,2.3798874859245807,3,10,3,30.0,31.48974966494909,32.934131736526965,2011-01-25; 2015-06-30; 2024-02-06,16.551724137931025,3.4482758620689773,历史3/10次成功; 当前距低点3.45%; 最新日涨幅1.50%; 状态bottom_area; 底部未确认
210,65.57645095471202,58.20395055151955,600963,岳阳林纸,bottom_area,2026-06-12,3.6,2026-05-08,4.81,2026-06-11,3.48,3.448275862068969,5.172413793103453,27.650727650727646,25.155925155925146,False,3.151862464183375,1.6773691342279289,4,14,4,28.57142857142857,34.57921399328539,40.707964601769895,2005-12-06; 2015-06-30; 2020-06-12; 2024-02-06,16.551724137931032,3.448275862068969,历史4/14次成功; 当前距低点3.45%; 最新日涨幅3.15%; 状态bottom_area; 底部未确认
211,65.5206481432197,57.37561707591077,600059,古越龙山,bottom_area,2026-06-12,7.96,2026-01-29,10.89,2026-06-11,7.75,2.709677419354838,2.9677419354838768,28.833792470156112,26.905417814508723,False,2.051282051282044,0.7951357859013521,1,6,1,16.666666666666664,46.86567164179104,46.86567164179104,2020-12-28,17.290322580645164,2.709677419354838,历史1/6次成功; 当前距低点2.71%; 最新日涨幅2.05%; 状态bottom_area; 底部未确认
212,65.48562663454953,56.98929347780919,000856,冀东装备,bottom_area,2026-06-12,8.21,2026-05-25,11.03,2026-06-11,8.02,2.369077306733183,3.865336658354121,27.28921124206709,25.566636446056197,False,1.1083743842364768,2.202114537444934,4,19,4,21.052631578947366,31.11064091852178,42.43448858833475,2012-11-30; 2019-01-31; 2020-02-04; 2022-10-12,17.630922693266818,2.369077306733183,历史4/19次成功; 当前距低点2.37%; 最新日涨幅1.11%; 状态bottom_area; 底部未确认
213,65.47019046366037,58.358282747247856,688289,圣湘生物,bottom_area,2026-06-12,14.36,2026-05-11,19.1,2026-06-12,13.85,3.6823104693140785,4.4765342960288885,27.486910994764408,24.81675392670158,False,0.1394700139470073,1.6555572208363984,1,2,1,50.0,25.182530200451346,25.182530200451346,2021-07-28,16.31768953068592,3.6823104693140785,历史1/2次成功; 当前距低点3.68%; 最新日涨幅0.14%; 状态bottom_area; 底部未确认
214,65.38106977452256,57.29585210114849,600969,郴电国际,bottom_area,2026-06-12,9.34,2026-05-28,12.5,2026-06-11,9.09,2.7502750275027505,11.661166116611668,27.279999999999998,25.28,True,-2.198952879581162,3.8809026597192764,3,11,3,27.27272727272727,37.23424770400896,58.988015978695074,2008-04-22; 2012-12-04; 2021-02-04,17.249724972497248,2.7502750275027505,历史3/11次成功; 当前距低点2.75%; 最新日涨幅-2.20%; 状态bottom_area; 底部已确认
215,65.13480766505141,57.727206260229934,600828,茂业商业,bottom_area,2026-06-12,3.99,2026-06-05,5.45,2026-06-12,3.86,3.367875647668403,5.958549222797927,29.17431192660551,26.78899082568807,False,0.2512562814070307,2.444575142105128,7,25,7,28.000000000000004,32.26861686512844,35.7142857142857,1994-06-01; 1997-07-09; 2001-02-23; 2002-06-06; 2007-06-06; 2008-09-18; 2012-12-04,16.632124352331598,3.367875647668403,历史7/25次成功; 当前距低点3.37%; 最新日涨幅0.25%; 状态bottom_area; 底部未确认
216,65.10353254568271,54.953275166389346,002957,科瑞技术,bottom_area,2026-06-12,50.35,2026-06-03,72.4,2026-06-12,50.0,0.7000000000000028,8.400000000000006,30.93922651933702,30.45580110497238,False,-2.93040293040292,4.703845570724494,2,6,2,33.33333333333333,35.40828942503236,43.38602329450915,2020-02-04; 2023-08-25,19.299999999999997,0.7000000000000028,历史2/6次成功; 当前距低点0.70%; 最新日涨幅-2.93%; 状态bottom_area; 底部未确认
217,65.08155711656856,57.57494974478071,600866,星湖科技,bottom_area,2026-06-12,4.74,2026-05-11,6.33,2026-06-08,4.59,3.2679738562091583,5.446623093681917,27.488151658767773,25.118483412322274,False,2.155172413793105,1.4914841481320558,6,21,6,28.57142857142857,28.98733560565523,38.64864864864864,1994-10-18; 2000-07-25; 2005-12-06; 2012-12-04; 2018-10-19; 2022-01-10,16.732026143790844,3.2679738562091583,历史6/21次成功; 当前距低点3.27%; 最新日涨幅2.16%; 状态bottom_area; 底部未确认
218,65.05891886692267,56.588120220081905,002518,科士达,bottom_area,2026-06-12,45.48,2026-05-20,65.58,2026-06-11,44.44,2.3402340234023384,6.210621062106222,32.23543763342482,30.64958828911254,False,-0.17559262510975504,2.1418368850661884,3,10,3,30.0,31.687385986232485,41.51162790697675,2011-01-25; 2011-06-20; 2024-02-05,17.65976597659766,2.3402340234023384,历史3/10次成功; 当前距低点2.34%; 最新日涨幅-0.18%; 状态bottom_area; 底部未确认
219,65.0343857338785,56.177078439408476,300950,德固特,bottom_area,2026-06-12,17.15,2026-05-11,23.66,2026-06-11,16.82,1.961950059453022,3.507728894173602,28.909551986475062,27.51479289940829,False,0.8823529411764675,1.672845648169562,1,5,1,20.0,24.03400309119012,24.03400309119012,2025-04-09,18.03804994054698,1.961950059453022,历史1/5次成功; 当前距低点1.96%; 最新日涨幅0.88%; 状态bottom_area; 底部未确认
220,64.98348649590181,56.54345687439831,002355,兴民智通,bottom_area,2026-06-12,4.77,2026-05-15,6.77,2026-06-11,4.66,2.360515021459215,10.085836909871238,31.166912850812402,29.542097488921716,True,0.8456659619450191,3.7777032827353314,2,13,2,15.384615384615385,31.6958662544372,42.253521126760575,2020-02-04; 2023-07-26,17.639484978540786,2.360515021459215,历史2/13次成功; 当前距低点2.36%; 最新日涨幅0.85%; 状态bottom_area; 底部已确认
221,64.96043726924975,54.569620619666246,605162,新中港,bottom_area,2026-06-12,9.18,2026-06-05,13.5,2026-06-12,9.14,0.4376367614879556,5.251641137855565,32.29629629629629,32.0,False,-3.57142857142857,4.6408653538698745,2,5,2,40.0,25.900174386337582,26.46502835538753,2021-08-20; 2025-02-05,19.562363238512045,0.4376367614879556,历史2/5次成功; 当前距低点0.44%; 最新日涨幅-3.57%; 状态bottom_area; 底部未确认
222,64.93525550105663,56.66126507584921,600775,南京熊猫,bottom_area,2026-06-12,10.19,2026-05-19,13.7,2026-06-11,9.94,2.5150905432595576,3.923541247484915,27.44525547445256,25.620437956204377,False,1.5952143569292199,1.8542551089692894,4,21,4,19.047619047619047,35.48108085102427,44.15584415584415,1997-07-08; 2020-02-04; 2022-04-27; 2025-04-09,17.484909456740443,2.5150905432595576,历史4/21次成功; 当前距低点2.52%; 最新日涨幅1.60%; 状态bottom_area; 底部未确认
223,64.92520921718874,57.03270910974466,002121,科陆电子,bottom_area,2026-06-12,6.07,2026-05-28,8.78,2026-06-11,5.9,2.8813559322033884,5.423728813559311,32.8018223234624,30.865603644646917,False,2.360876897133224,2.5515009495512864,2,11,2,18.181818181818183,43.84369842954653,54.0059347181009,2011-08-09; 2025-04-09,17.118644067796613,2.8813559322033884,历史2/11次成功; 当前距低点2.88%; 最新日涨幅2.36%; 状态bottom_area; 底部未确认
224,64.84516567794145,57.56963328275822,000753,漳州发展,bottom_area,2026-06-12,5.08,2026-05-07,6.93,2026-06-11,4.91,3.462321792260691,4.073319755600818,29.148629148629148,26.695526695526688,False,3.0425963488843966,1.989700068347874,4,14,4,28.57142857142857,31.34108201519824,43.344709897610926,2011-01-21; 2020-02-04; 2022-04-27; 2025-11-28,16.537678207739308,3.462321792260691,历史4/14次成功; 当前距低点3.46%; 最新日涨幅3.04%; 状态bottom_area; 底部未确认
225,64.81312025352666,54.42323074723612,600936,北投科技,bottom_area,2026-06-12,4.84,2026-06-04,6.66,2026-06-12,4.82,0.41493775933609073,5.39419087136929,27.627627627627625,27.327327327327332,False,-2.0242914979757165,4.687730070069216,2,6,2,33.33333333333333,29.06427690961868,34.03614457831326,2016-10-21; 2025-04-09,19.585062240663913,0.41493775933609073,历史2/6次成功; 当前距低点0.41%; 最新日涨幅-2.02%; 状态bottom_area; 底部未确认
226,64.76795637523166,57.64687216643658,601515,衢州东峰,bottom_area,2026-06-12,3.74,2026-05-11,5.2,2026-06-11,3.61,3.6011080332410064,6.3711911357340725,30.57692307692308,28.076923076923077,False,1.9073569482289,0.952313834356396,2,7,2,28.57142857142857,33.45759552656104,34.48275862068966,2015-08-26; 2024-02-06,16.398891966758995,3.6011080332410064,历史2/7次成功; 当前距低点3.60%; 最新日涨幅1.91%; 状态bottom_area; 底部未确认
227,64.72980868746673,57.03512861408696,002663,普邦股份,bottom_area,2026-06-12,1.69,2026-05-19,2.34,2026-06-11,1.64,3.048780487804881,4.878048780487809,29.914529914529915,27.777777777777775,False,1.8072289156626509,2.745202618743744,2,11,2,18.181818181818183,45.90900752155568,66.45569620253163,2022-04-27; 2025-04-09,16.95121951219512,3.048780487804881,历史2/11次成功; 当前距低点3.05%; 最新日涨幅1.81%; 状态bottom_area; 底部未确认
228,64.62766201533894,58.05051057130004,002790,瑞尔特,bottom_area,2026-06-12,6.09,2026-04-02,8.16,2026-06-11,5.85,4.102564102564107,4.273504273504273,28.308823529411768,25.367647058823533,False,1.1627906976744207,1.6694061124483357,1,4,1,25.0,49.512670565302145,49.512670565302145,2022-04-27,15.897435897435894,4.102564102564107,历史1/4次成功; 当前距低点4.10%; 最新日涨幅1.16%; 状态bottom_area; 底部未确认
229,64.60972375849788,58.52065837042274,600692,亚通股份,bottom_area,2026-06-12,6.42,2026-05-11,8.47,2026-06-11,6.14,4.560260586319222,5.7003257328990316,27.508854781582066,24.20306965761512,False,2.0667726550079424,2.228927760176549,11,31,11,35.483870967741936,34.93576616790628,129.8850574712644,1993-12-20; 1994-07-29; 2005-06-23; 2005-12-07; 2008-03-18; 2008-09-08; 2008-09-18; 2009-03-03; 2014-01-13; 2015-01-19; 2015-07-16,15.439739413680778,4.560260586319222,历史11/31次成功; 当前距低点4.56%; 最新日涨幅2.07%; 状态bottom_area; 底部未确认
230,64.57997903945004,57.26270490712149,002922,伊戈尔,bottom_area,2026-06-12,34.12,2026-05-29,48.77,2026-06-11,33.0,3.393939393939386,7.363636363636362,32.33545212220628,30.03895837605086,True,0.05865102639295294,5.851087533156499,2,10,2,20.0,38.230573791953134,52.203721841332005,2018-06-22; 2022-04-27,16.606060606060616,3.393939393939386,历史2/10次成功; 当前距低点3.39%; 最新日涨幅0.06%; 状态bottom_area; 底部已确认
231,64.52370371160006,58.77370642652797,002673,西部证券,bottom_area,2026-06-12,6.46,2025-09-12,9.04,2026-06-11,6.16,4.870129870129867,5.3571428571428585,31.85840707964601,28.539823008849552,False,3.8585209003215493,1.0620188788645692,2,6,2,33.33333333333333,44.75413546822973,44.83091787439614,2012-12-04; 2015-07-09,15.129870129870135,4.870129870129867,历史2/6次成功; 当前距低点4.87%; 最新日涨幅3.86%; 状态bottom_area; 底部未确认
232,64.42489021879427,57.50037676193185,300795,米奥会展,bottom_area,2026-06-12,9.4,2026-05-27,12.99,2026-06-11,9.06,3.752759381898453,4.635761589403972,30.254041570438794,27.636643571978443,False,2.5081788440567188,2.692355514264526,2,6,2,33.33333333333333,24.211477523263383,26.767850983097624,2020-09-11; 2024-01-09,16.24724061810155,3.752759381898453,历史2/6次成功; 当前距低点3.75%; 最新日涨幅2.51%; 状态bottom_area; 底部未确认
233,64.36816341982825,58.483760420627526,601566,九牧王,bottom_area,2026-06-12,9.74,2026-06-01,13.0,2026-06-12,9.3,4.731182795698919,6.881720430107513,28.461538461538456,25.076923076923073,False,-1.5166835187057637,2.5711705281390227,3,6,3,50.0,27.85407093989817,38.914728682170555,2015-08-26; 2024-09-18; 2025-11-27,15.268817204301083,4.731182795698919,历史3/6次成功; 当前距低点4.73%; 最新日涨幅-1.52%; 状态bottom_area; 底部未确认
234,64.13236928254628,58.00629221675081,002110,三钢闽光,bottom_area,2026-06-12,3.03,2026-03-31,3.98,2026-06-11,2.9,4.482758620689651,5.172413793103446,27.1356783919598,23.869346733668344,False,3.0612244897959107,0.963884933624459,6,16,6,37.5,26.85205307485596,29.150326797385624,2008-03-18; 2008-09-18; 2016-01-28; 2021-11-10; 2025-01-13; 2025-04-09,15.51724137931035,4.482758620689651,历史6/16次成功; 当前距低点4.48%; 最新日涨幅3.06%; 状态bottom_area; 底部未确认
235,64.13162873981067,57.22877633635357,000566,海南海药,bottom_area,2026-06-12,3.88,2026-04-16,5.57,2026-06-12,3.74,3.743315508021382,4.278074866310152,32.85457809694793,30.3411131059246,False,2.37467018469657,1.9133583994810046,9,31,9,29.03225806451613,31.95449298194798,38.29787234042554,1995-01-03; 1996-12-25; 1997-05-26; 1997-06-11; 2001-02-23; 2003-11-10; 2014-01-13; 2022-04-27; 2025-04-09,16.256684491978618,3.743315508021382,历史9/31次成功; 当前距低点3.74%; 最新日涨幅2.37%; 状态bottom_area; 底部未确认
236,64.10743674552683,55.748223210967836,002163,海南发展,bottom_area,2026-06-12,9.23,2026-05-13,13.15,2026-06-11,9.02,2.3281596452328257,3.991130820399127,31.406844106463883,29.80988593155893,False,1.317233809001106,2.812087705458189,3,15,3,20.0,26.217350548917622,32.54716981132074,2015-09-08; 2016-03-01; 2024-02-06,17.671840354767177,2.3281596452328257,历史3/15次成功; 当前距低点2.33%; 最新日涨幅1.32%; 状态bottom_area; 底部未确认
237,64.00152426260328,57.813081713038585,300507,苏奥传感,bottom_area,2026-06-12,7.1,2026-05-11,9.58,2026-06-11,6.8,4.411764705882351,6.6176470588235325,29.018789144050107,25.887265135699376,False,0.14104372355430161,1.7200316293766102,4,12,4,33.33333333333333,33.97081671568287,48.92221180880975,2018-02-09; 2019-05-06; 2020-02-04; 2022-04-27,15.58823529411765,4.411764705882351,历史4/12次成功; 当前距低点4.41%; 最新日涨幅0.14%; 状态bottom_area; 底部未确认
238,63.85579390081843,56.27040630338628,688560,明冠新材,bottom_area,2026-06-12,13.16,2026-05-07,18.48,2026-06-11,12.77,3.054032889584969,5.090054815974944,30.898268398268403,28.78787878787879,False,1.3867488443759513,2.278965138744794,2,8,2,25.0,27.089254256129024,30.203498750446258,2021-08-20; 2023-04-26,16.945967110415033,3.054032889584969,历史2/8次成功; 当前距低点3.05%; 最新日涨幅1.39%; 状态bottom_area; 底部未确认
239,63.755842210060536,56.94749325493906,002148,北纬科技,bottom_area,2026-06-12,6.29,2026-05-11,8.35,2026-06-11,6.06,3.7953795379538025,5.115511551155124,27.425149700598805,24.670658682634727,False,1.944894651539708,2.9240340234684004,5,17,5,29.411764705882355,30.258158198941604,40.94292803970222,2013-10-17; 2018-02-07; 2019-01-31; 2020-02-04; 2025-09-05,16.204620462046197,3.7953795379538025,历史5/17次成功; 当前距低点3.80%; 最新日涨幅1.94%; 状态bottom_area; 底部未确认
240,63.65002348205107,55.8942477738207,603727,博迈科,bottom_area,2026-06-12,14.01,2026-05-20,19.48,2026-06-10,13.62,2.8634361233480217,4.698972099853162,30.082135523613967,28.080082135523615,False,0.5743000717875146,1.0972624290524118,2,9,2,22.22222222222222,28.749067631713114,36.00944510035418,2017-01-16; 2024-02-06,17.136563876651977,2.8634361233480217,历史2/9次成功; 当前距低点2.86%; 最新日涨幅0.57%; 状态bottom_area; 底部未确认
241,63.510193379001365,56.46933246610983,300195,长荣股份,bottom_area,2026-06-12,5.55,2026-04-08,7.75,2026-06-11,5.36,3.544776119402976,5.223880597014913,30.838709677419352,28.387096774193548,False,1.0928961748633892,2.7616331862424928,1,4,1,25.0,34.17431192660549,34.17431192660549,2022-04-27,16.455223880597025,3.544776119402976,历史1/4次成功; 当前距低点3.54%; 最新日涨幅1.09%; 状态bottom_area; 底部未确认
242,63.44263937621833,55.46851851851853,002546,新联电子,bottom_area,2026-06-12,6.65,2026-05-14,8.9,2026-06-11,6.48,2.6234567901234556,3.8580246913580245,27.191011235955052,25.280898876404496,False,1.8376722817764257,1.8585375980021395,1,10,1,10.0,70.3703703703704,70.3703703703704,2025-04-09,17.376543209876548,2.6234567901234556,历史1/10次成功; 当前距低点2.62%; 最新日涨幅1.84%; 状态bottom_area; 底部未确认
243,63.31563093820613,56.705449149471384,600550,保变电气,bottom_area,2026-06-12,12.13,2026-05-13,17.32,2026-06-11,11.67,3.941730934018859,5.3984575835475646,32.621247113163975,29.965357967667433,False,2.2765598650927643,1.8015361220833712,5,19,5,26.31578947368421,37.45877699537444,56.0234541577825,2007-11-12; 2015-06-30; 2017-04-24; 2024-02-06; 2025-04-09,16.058269065981143,3.941730934018859,历史5/19次成功; 当前距低点3.94%; 最新日涨幅2.28%; 状态bottom_area; 底部未确认
244,63.23489556121103,52.695746301009194,002558,巨人网络,bottom_area,2026-06-12,23.44,2026-05-14,33.15,2026-06-12,23.44,0.0,5.503412969283272,29.291101055806934,29.291101055806934,False,-0.8879492600422756,4.175343855933406,2,6,2,33.33333333333333,26.948456815461654,31.38435081685295,2024-04-22; 2025-04-09,20.0,0.0,历史2/6次成功; 当前距低点0.00%; 最新日涨幅-0.89%; 状态bottom_area; 底部未确认
245,63.2088982610165,56.277906422213505,600838,上海九百,bottom_area,2026-06-12,7.73,2026-04-20,10.55,2026-06-11,7.46,3.619302949061668,4.55764075067024,29.28909952606635,26.729857819905213,False,2.2486772486772555,2.072355496605678,5,19,5,26.31578947368421,31.207817140749334,41.49484536082475,1996-07-15; 1997-07-08; 2006-11-14; 2008-04-22; 2018-02-07,16.380697050938334,3.619302949061668,历史5/19次成功; 当前距低点3.62%; 最新日涨幅2.25%; 状态bottom_area; 底部未确认
246,63.11208237784029,56.020987214354655,300231,银信科技,bottom_area,2026-06-12,8.39,2026-05-19,11.63,2026-06-11,8.11,3.4525277435265247,5.055487053020964,30.266552020636293,27.858985382631126,False,1.8203883495145678,2.026766801920654,2,8,2,25.0,30.63306704083404,37.33451015004414,2015-09-02; 2024-10-14,16.547472256473476,3.4525277435265247,历史2/8次成功; 当前距低点3.45%; 最新日涨幅1.82%; 状态bottom_area; 底部未确认
247,63.054473569267934,57.08584508136787,000822,山东海化,bottom_area,2026-06-12,4.61,2026-04-29,6.15,2026-06-10,4.41,4.535147392290254,6.122448979591827,28.292682926829272,25.040650406504067,False,0.43572984749455923,1.7601542020207768,5,15,5,33.33333333333333,31.573375282023164,38.70192307692306,1998-08-18; 2007-06-04; 2008-04-22; 2015-06-30; 2022-08-02,15.464852607709748,4.535147392290254,历史5/15次成功; 当前距低点4.54%; 最新日涨幅0.44%; 状态bottom_area; 底部未确认
248,62.93193424075415,56.26961216090321,300713,英可瑞,bottom_area,2026-06-12,13.75,2026-05-13,18.98,2026-06-11,13.24,3.8519637462235634,5.664652567975831,30.24236037934668,27.55532139093783,False,1.7011834319526686,4.123502675734532,3,10,3,30.0,26.03273925963939,34.12103746397693,2019-01-31; 2020-10-26; 2023-11-02,16.14803625377644,3.8519637462235634,历史3/10次成功; 当前距低点3.85%; 最新日涨幅1.70%; 状态bottom_area; 底部未确认
249,62.87311821082323,54.16352662444288,603289,泰瑞机器,bottom_area,2026-06-12,8.98,2026-05-26,12.7,2026-06-11,8.82,1.8140589569161012,5.215419501133776,30.551181102362197,29.291338582677156,False,-0.7734806629834279,2.1452125529358637,2,10,2,20.0,33.86871530221285,40.702947845804985,2022-04-25; 2022-12-23,18.1859410430839,1.8140589569161012,历史2/10次成功; 当前距低点1.81%; 最新日涨幅-0.77%; 状态bottom_area; 底部未确认
250,62.83101385913585,55.12020870672032,002383,合众思壮,bottom_area,2026-06-12,7.32,2026-05-11,9.89,2026-06-11,7.12,2.8089887640449462,4.915730337078647,28.00808897876643,25.98584428715875,False,1.6666666666666607,1.8780585297783636,2,11,2,18.181818181818183,32.67435678209713,34.530938123752506,2015-06-30; 2019-05-08,17.191011235955056,2.8089887640449462,历史2/11次成功; 当前距低点2.81%; 最新日涨幅1.67%; 状态bottom_area; 底部未确认
251,62.68642308023073,55.9810665952327,301025,读客文化,bottom_area,2026-06-12,9.05,2026-05-14,11.98,2026-06-11,8.72,3.784403669724771,4.243119266055037,27.212020033388978,24.45742904841402,False,1.3437849944009095,1.7933925275875124,2,9,2,22.22222222222222,40.50511508951406,56.01023017902812,2021-08-02; 2025-04-09,16.215596330275233,3.784403669724771,历史2/9次成功; 当前距低点3.78%; 最新日涨幅1.34%; 状态bottom_area; 底部未确认
252,62.62181213279371,56.181277657110805,000852,石化机械,bottom_area,2026-06-12,5.67,2026-05-12,7.55,2026-06-11,5.45,4.036697247706417,4.770642201834859,27.81456953642384,24.90066225165563,False,2.5316455696202445,1.404827664565759,5,16,5,31.25,25.113964418717398,33.53115727002968,2007-06-05; 2007-06-26; 2007-10-30; 2008-04-22; 2017-07-18,15.963302752293584,4.036697247706417,历史5/16次成功; 当前距低点4.04%; 最新日涨幅2.53%; 状态bottom_area; 底部未确认
253,62.46684903369023,55.18047032648625,002556,辉隆股份,bottom_area,2026-06-12,5.18,2026-04-24,6.89,2026-06-09,5.02,3.1872509960159396,7.171314741035864,27.140783744557336,24.81857764876633,True,1.3698630136986134,1.604736416056876,1,7,1,14.285714285714285,36.88311688311687,36.88311688311687,2024-02-06,16.812749003984063,3.1872509960159396,历史1/7次成功; 当前距低点3.19%; 最新日涨幅1.37%; 状态bottom_area; 底部已确认
254,62.44098153272885,56.01863461127932,000661,长春高新,bottom_area,2026-06-12,66.5,2026-05-11,90.0,2026-06-12,63.92,4.036295369211511,4.036295369211511,28.977777777777774,26.111111111111114,False,3.3893034825870805,3.8508351894510864,4,15,4,26.666666666666668,34.165168744166095,44.403632282420155,1997-07-08; 2008-09-18; 2015-07-09; 2024-02-05,15.963704630788488,4.036295369211511,历史4/15次成功; 当前距低点4.04%; 最新日涨幅3.39%; 状态bottom_area; 底部未确认
255,62.40228793969048,55.027329215172216,688593,新相微,bottom_area,2026-06-12,28.01,2026-06-05,37.99,2026-06-12,27.17,3.091645196908354,11.7776959882223,28.481179257699395,26.27007107133456,False,-3.280386740331487,4.464523787199762,1,2,1,50.0,32.72193690388847,32.72193690388847,2025-04-09,16.908354803091648,3.091645196908354,历史1/2次成功; 当前距低点3.09%; 最新日涨幅-3.28%; 状态bottom_area; 底部未确认
256,62.281749308241444,53.09790570414524,688333,铂力特,bottom_area,2026-06-12,74.04,2026-06-04,102.95,2026-06-11,73.13,1.2443593600437726,5.975659783946403,28.965517241379317,28.081593006313742,False,-0.10793308148947522,3.774102035720569,1,6,1,16.666666666666664,28.378378378378372,28.378378378378372,2020-02-03,18.755640639956226,1.2443593600437726,历史1/6次成功; 当前距低点1.24%; 最新日涨幅-0.11%; 状态bottom_area; 底部未确认
257,62.257254941420726,55.046027978629006,688161,威高骨科,bottom_area,2026-06-12,22.32,2026-04-23,32.18,2026-06-11,21.62,3.2377428307123,3.8390379278445805,32.81541330018645,30.640149160969543,False,2.244617498854806,0.26615,1,5,1,20.0,33.591836734693864,33.591836734693864,2024-02-06,16.7622571692877,3.2377428307123,历史1/5次成功; 当前距低点3.24%; 最新日涨幅2.24%; 状态bottom_area; 底部未确认
258,62.21620945972718,55.51446342467619,603686,福龙马,bottom_area,2026-06-12,14.43,2026-05-08,20.28,2026-06-11,13.91,3.7383177570093427,4.457225017972676,31.410256410256416,28.84615384615385,False,2.77777777777779,3.0911315805953503,3,11,3,27.27272727272727,26.488810858862294,29.942693409742116,2015-02-10; 2019-05-24; 2024-02-06,16.26168224299066,3.7383177570093427,历史3/11次成功; 当前距低点3.74%; 最新日涨幅2.78%; 状态bottom_area; 底部未确认
259,62.18047408366094,54.9501863995143,301136,招标股份,bottom_area,2026-06-12,12.54,2026-05-11,16.76,2026-06-11,12.15,3.2098765432098664,5.514403292181069,27.505966587112173,25.178997613365166,False,1.9512195121951015,1.7472343009910944,1,4,1,25.0,21.901639344262293,21.901639344262293,2023-09-11,16.790123456790134,3.2098765432098664,历史1/4次成功; 当前距低点3.21%; 最新日涨幅1.95%; 状态bottom_area; 底部未确认
260,62.08292863669231,55.71990654735336,605066,天正电气,bottom_area,2026-06-12,6.41,2026-05-28,8.7,2026-06-11,6.16,4.058441558441558,10.714285714285717,29.195402298850563,26.321839080459764,True,2.7243589743589647,2.9665243824834575,1,3,1,33.33333333333333,25.859247135842878,25.859247135842878,2025-04-09,15.941558441558442,4.058441558441558,历史1/3次成功; 当前距低点4.06%; 最新日涨幅2.72%; 状态bottom_area; 底部已确认
261,61.931396288679196,51.83343576050121,688190,云路股份,bottom_area,2026-06-12,97.6,2026-05-28,133.66,2026-06-12,97.37,0.2362123857450855,7.0555612611687275,27.150980098758037,26.978901690857406,False,-3.0591974572904412,1.9178333333333333,1,2,1,50.0,20.38709677419354,20.38709677419354,2025-12-10,19.763787614254916,0.2362123857450855,历史1/2次成功; 当前距低点0.24%; 最新日涨幅-3.06%; 状态bottom_area; 底部未确认
262,61.89661525979588,55.25291168013062,600339,中油工程,bottom_area,2026-06-12,3.31,2026-05-20,4.4,2026-06-12,3.19,3.7617554858934206,4.388714733542324,27.500000000000007,24.772727272727277,False,1.533742331288357,1.35276562190055,4,16,4,25.0,30.294162300901174,36.60565723793679,2004-09-13; 2007-10-26; 2008-03-18; 2008-04-22,16.238244514106583,3.7617554858934206,历史4/16次成功; 当前距低点3.76%; 最新日涨幅1.53%; 状态bottom_area; 底部未确认
263,61.87017775803992,54.0059417464256,601789,宁波建工,bottom_area,2026-06-12,4.45,2026-05-18,6.45,2026-06-11,4.34,2.5345622119815743,4.1474654377880125,32.713178294573645,31.007751937984494,False,1.3667425968109548,3.111358460938384,1,6,1,16.666666666666664,26.602564102564102,26.602564102564102,2020-02-04,17.465437788018427,2.5345622119815743,历史1/6次成功; 当前距低点2.53%; 最新日涨幅1.37%; 状态bottom_area; 底部未确认
264,61.787462858374454,54.274139777267635,605388,均瑶健康,bottom_area,2026-06-12,5.36,2026-05-07,7.31,2026-06-11,5.21,2.879078694817665,4.222648752399227,28.727770177838575,26.67578659370724,False,1.5151515151515138,1.337904125513339,1,5,1,20.0,25.045372050816695,25.045372050816695,2025-04-09,17.120921305182335,2.879078694817665,历史1/5次成功; 当前距低点2.88%; 最新日涨幅1.52%; 状态bottom_area; 底部未确认
265,61.68106787138916,56.2201649693855,601990,南京证券,bottom_area,2026-06-12,6.63,2025-08-25,9.05,2026-06-11,6.32,4.905063291139234,5.063291139240497,30.165745856353592,26.740331491712716,False,4.409448818897643,0.9207183066294631,1,3,1,33.33333333333333,48.12030075187968,48.12030075187968,2018-10-19,15.094936708860768,4.905063291139234,历史1/3次成功; 当前距低点4.91%; 最新日涨幅4.41%; 状态bottom_area; 底部未确认
266,61.67808689749607,55.39875336508591,601390,中国中铁,bottom_area,2026-06-12,4.57,2026-02-25,6.47,2026-06-11,4.39,4.1002277904328155,5.239179954441924,32.1483771251932,29.366306027820706,False,2.4663677130045025,0.9385994050197931,1,5,1,20.0,46.06060606060606,46.06060606060606,2024-09-18,15.899772209567187,4.1002277904328155,历史1/5次成功; 当前距低点4.10%; 最新日涨幅2.47%; 状态bottom_area; 底部未确认
267,61.467976489023805,52.93223711955582,600513,联环药业,bottom_area,2026-06-12,15.9,2026-05-14,21.88,2026-06-12,15.62,1.7925736235595464,3.649167733674789,28.610603290676416,27.330895795246796,False,0.8243500317057784,2.850418699829761,2,16,2,12.5,20.76239237242789,20.901639344262303,2005-04-28; 2012-06-28,18.207426376440456,1.7925736235595464,历史2/16次成功; 当前距低点1.79%; 最新日涨幅0.82%; 状态bottom_area; 底部未确认
268,61.197655593159,54.49479571964291,300011,鼎汉技术,bottom_area,2026-06-12,6.0,2026-03-31,8.22,2026-06-11,5.79,3.6269430051813467,5.1813471502590644,29.56204379562044,27.007299270073,False,1.6949152542372836,1.5583846729269628,2,9,2,22.22222222222222,30.584248472585113,40.183486238532105,2019-01-31; 2021-02-10,16.373056994818654,3.6269430051813467,历史2/9次成功; 当前距低点3.63%; 最新日涨幅1.69%; 状态bottom_area; 底部未确认
269,61.17686965250212,55.385425605200346,002588,史丹利,bottom_area,2026-06-12,8.76,2026-04-23,12.1,2026-06-09,8.38,4.534606205250585,7.756563245823371,30.743801652892554,27.603305785123965,False,2.3364485981308247,1.9540685770212582,2,7,2,28.57142857142857,32.742161499386924,34.848484848484844,2018-10-19; 2022-04-27,15.465393794749415,4.534606205250585,历史2/7次成功; 当前距低点4.53%; 最新日涨幅2.34%; 状态bottom_area; 底部未确认
270,61.03733618761295,53.68171225630949,300067,安诺其,bottom_area,2026-06-12,5.24,2026-05-20,7.37,2026-06-11,5.09,2.9469548133595356,5.108055009823179,30.936227951153327,28.90094979647218,False,1.3539651837524147,4.354153609555742,2,10,2,20.0,22.692307692307693,24.444444444444436,2012-07-17; 2024-10-11,17.053045186640464,2.9469548133595356,历史2/10次成功; 当前距低点2.95%; 最新日涨幅1.35%; 状态bottom_area; 底部未确认
271,60.93369507198781,54.138220517453306,000932,华菱钢铁,bottom_area,2026-06-12,3.84,2026-03-25,5.29,2026-06-09,3.71,3.5040431266846332,5.121293800539082,29.867674858223065,27.410207939508506,False,2.127659574468077,2.2297681312091426,2,12,2,16.666666666666664,39.197699890470965,55.72289156626506,2008-03-18; 2024-09-12,16.495956873315368,3.5040431266846332,历史2/12次成功; 当前距低点3.50%; 最新日涨幅2.13%; 状态bottom_area; 底部未确认
272,60.885013255992575,55.014236115727655,600844,金煤科技,bottom_area,2026-06-12,2.83,2026-04-30,3.84,2026-06-12,2.71,4.428044280442808,6.642066420664213,29.427083333333332,26.302083333333332,False,-1.736111111111105,5.544038183822318,10,27,10,37.03703703703704,33.571242737695286,83.48623853211008,1994-08-10; 1995-02-17; 1995-05-10; 1999-12-29; 2010-05-13; 2012-01-05; 2014-01-30; 2015-06-30; 2015-07-07; 2020-02-04,15.571955719557193,4.428044280442808,历史10/27次成功; 当前距低点4.43%; 最新日涨幅-1.74%; 状态bottom_area; 底部未确认
273,60.846137452621065,55.08164295379736,300699,光威复材,bottom_area,2026-06-12,28.15,2026-05-11,37.19,2026-06-11,26.93,4.530263646490898,6.386929075380612,27.588061306802903,24.307609572465715,False,3.1513374862587096,2.3813050334504466,1,5,1,20.0,49.6271186440678,49.6271186440678,2021-10-13,15.469736353509104,4.530263646490898,历史1/5次成功; 当前距低点4.53%; 最新日涨幅3.15%; 状态bottom_area; 底部未确认
274,60.81629460382351,51.27202791214452,300179,四方达,bottom_area,2026-06-12,39.71,2026-06-05,54.21,2026-06-12,39.46,0.6335529650278764,12.290927521540803,27.209002029145914,26.747832503228185,False,-4.543269230769232,16.659335025914626,4,12,4,33.33333333333333,25.017179242337367,33.751205400192866,2015-08-26; 2020-09-11; 2020-09-30; 2024-12-18,19.366447034972126,0.6335529650278764,历史4/12次成功; 当前距低点0.63%; 最新日涨幅-4.54%; 状态bottom_area; 底部未确认
275,60.72796335535781,54.20039337558564,603999,读者传媒,bottom_area,2026-06-12,5.53,2026-05-19,7.45,2026-06-11,5.33,3.752345215759853,4.690431519699812,28.456375838926174,25.77181208053691,False,1.8416206261510304,1.2315625000000001,2,8,2,25.0,24.52011004041987,26.27599243856332,2020-02-04; 2025-04-09,16.247654784240147,3.752345215759853,历史2/8次成功; 当前距低点3.75%; 最新日涨幅1.84%; 状态bottom_area; 底部未确认
276,60.64951251763394,50.541260431361614,600421,退市华嵘,bottom_area,2026-06-12,0.26,2026-06-05,0.36,2026-06-11,0.26,0.0,7.692307692307699,27.777777777777775,27.777777777777775,True,-3.703703703703709,3.4430981595092023,6,22,6,27.27272727272727,29.51801795942214,44.900662251655625,2005-07-21; 2009-08-18; 2019-07-01; 2022-04-28; 2025-03-21; 2025-04-09,20.0,0.0,历史6/22次成功; 当前距低点0.00%; 最新日涨幅-3.70%; 状态bottom_area; 底部已确认
277,60.64410114978138,51.46480481547946,300650,太龙股份,bottom_area,2026-06-12,12.2,2026-05-11,17.39,2026-06-11,12.08,0.993377483443702,6.788079470198678,30.534790109258196,29.84473835537666,False,-0.326797385620925,4.536374246289046,2,7,2,28.57142857142857,30.5667729217494,39.52308472856417,2018-02-07; 2020-09-29,19.0066225165563,0.993377483443702,历史2/7次成功; 当前距低点0.99%; 最新日涨幅-0.33%; 状态bottom_area; 底部未确认
278,60.620636920965104,53.3145666731615,002550,千红制药,bottom_area,2026-06-12,5.94,2026-04-15,8.08,2026-06-11,5.77,2.9462738301559934,3.119584055459283,28.589108910891092,26.48514851485148,False,1.7123287671233056,1.1935635122376351,1,5,1,20.0,20.71005917159764,20.71005917159764,2021-02-04,17.05372616984401,2.9462738301559934,历史1/5次成功; 当前距低点2.95%; 最新日涨幅1.71%; 状态bottom_area; 底部未确认
279,60.61087350803729,50.85230652471072,003033,征和工业,bottom_area,2026-06-12,48.89,2026-06-04,67.5,2026-06-12,48.71,0.36953397659618087,5.501950318209812,27.83703703703704,27.570370370370366,False,-3.168944345414937,1.8447282821435935,1,3,1,33.33333333333333,36.19091751621873,36.19091751621873,2024-02-06,19.63046602340382,0.36953397659618087,历史1/3次成功; 当前距低点0.37%; 最新日涨幅-3.17%; 状态bottom_area; 底部未确认
280,60.52788253317011,55.161935500087644,000017,深中华A,bottom_area,2026-06-12,5.14,2026-03-31,7.11,2026-06-11,4.9,4.897959183673455,6.326530612244889,31.082981715893105,27.70745428973278,False,2.39043824701195,2.0931578196024594,8,25,8,32.0,28.56603461754367,46.874999999999986,1992-06-04; 1996-06-17; 1997-05-26; 2000-05-16; 2005-10-11; 2016-03-01; 2020-02-04; 2022-04-27,15.102040816326545,4.897959183673455,历史8/25次成功; 当前距低点4.90%; 最新日涨幅2.39%; 状态bottom_area; 底部未确认
281,60.47752843358442,54.623377434296906,000545,金浦钛业,bottom_area,2026-06-12,2.37,2026-05-08,3.15,2026-06-11,2.27,4.405286343612339,7.488986784140966,27.936507936507933,24.761904761904756,True,2.155172413793105,4.857788531977712,5,27,5,18.51851851851852,39.64767384284986,94.35975609756099,1995-01-23; 2008-04-23; 2020-02-04; 2022-04-27; 2025-04-09,15.594713656387663,4.405286343612339,历史5/27次成功; 当前距低点4.41%; 最新日涨幅2.16%; 状态bottom_area; 底部已确认
282,60.40989500417164,53.66504021221168,600233,圆通速递,bottom_area,2026-06-12,17.17,2026-04-23,22.86,2026-06-09,16.59,3.4960819770946463,5.063291139240506,27.42782152230971,24.890638670166222,False,1.2979351032448516,0.5364189848492816,3,13,3,23.076923076923077,22.66724258057775,26.027397260273965,2009-08-19; 2015-08-26; 2016-12-26,16.503918022905356,3.4960819770946463,历史3/13次成功; 当前距低点3.50%; 最新日涨幅1.30%; 状态bottom_area; 底部未确认
283,60.26394311570781,50.21995259642318,002421,达实智能,bottom_area,2026-06-12,4.4,2026-06-09,6.16,2026-06-12,4.4,0.0,5.454545454545439,28.57142857142857,28.57142857142857,False,-10.020449897750494,33.1611542821364,3,9,3,33.33333333333333,23.85279173704221,24.73118279569892,2018-02-07; 2020-02-04; 2022-04-27,20.0,0.0,历史3/9次成功; 当前距低点0.00%; 最新日涨幅-10.02%; 状态bottom_area; 底部未确认
284,60.145740487520655,54.16906392251413,300584,海辰药业,bottom_area,2026-06-12,31.16,2026-04-29,44.31,2026-06-11,29.89,4.248912679826027,5.018400802944129,32.543443917851505,29.67727375310314,False,2.940204823257342,2.888323980792702,2,10,2,20.0,41.271961465147655,54.23197492163009,2022-01-24; 2022-03-09,15.751087320173973,4.248912679826027,历史2/10次成功; 当前距低点4.25%; 最新日涨幅2.94%; 状态bottom_area; 底部未确认
285,60.10291877083251,53.63234926942213,300805,电声股份,bottom_area,2026-06-12,8.04,2026-05-08,10.98,2026-06-11,7.75,3.741935483870957,4.645161290322573,29.41712204007286,26.77595628415302,False,2.420382165605095,2.106492954591591,1,4,1,25.0,21.338506304558674,21.338506304558674,2020-04-28,16.258064516129046,3.741935483870957,历史1/4次成功; 当前距低点3.74%; 最新日涨幅2.42%; 状态bottom_area; 底部未确认
286,60.07349328196088,53.253555638839714,000995,皇台酒业,bottom_area,2026-06-12,11.01,2026-05-27,14.89,2026-06-11,10.65,3.3802816901408397,5.070422535211259,28.475486903962395,26.05775688381464,False,1.8501387604070274,5.993810612674483,4,20,4,20.0,25.702139206240957,35.25641025641026,2001-10-22; 2008-04-22; 2023-08-29; 2024-04-17,16.61971830985916,3.3802816901408397,历史4/20次成功; 当前距低点3.38%; 最新日涨幅1.85%; 状态bottom_area; 底部未确认
287,59.95803674668411,53.96542629250638,300694,蠡湖股份,bottom_area,2026-06-12,10.14,2026-04-21,13.47,2026-06-11,9.73,4.2137718396711215,5.9609455292908535,27.765404602821086,24.721603563474385,False,2.2177419354838745,2.109750709411806,1,4,1,25.0,28.913043478260875,28.913043478260875,2019-01-31,15.78622816032888,4.2137718396711215,历史1/4次成功; 当前距低点4.21%; 最新日涨幅2.22%; 状态bottom_area; 底部未确认
288,59.88906856246317,52.649151463117995,000858,五粮液,bottom_area,2026-06-12,79.92,2026-01-30,110.78,2026-06-11,77.65,2.9233741146168652,4.2112041210560145,29.90612023831016,27.857013901426246,False,0.16292768517356393,0.923206903106335,1,6,1,16.666666666666664,24.074074074074055,24.074074074074055,2006-03-31,17.076625885383134,2.9233741146168652,历史1/6次成功; 当前距低点2.92%; 最新日涨幅0.16%; 状态bottom_area; 底部未确认
289,59.86596147973561,50.71601060500479,000601,韶能股份,bottom_area,2026-06-12,6.74,2026-06-03,9.89,2026-06-12,6.68,0.8982035928143787,5.389221556886232,32.457027300303345,31.850353892821033,False,-2.3188405797101463,6.764143252343839,5,18,5,27.77777777777778,27.093926624608244,32.73273273273273,2015-06-30; 2015-11-30; 2017-05-24; 2018-10-19; 2026-04-07,19.101796407185624,0.8982035928143787,历史5/18次成功; 当前距低点0.90%; 最新日涨幅-2.32%; 状态bottom_area; 底部未确认
290,59.80099414110113,54.24308226382273,002177,御银股份,bottom_area,2026-06-12,6.09,2026-05-21,8.28,2026-06-11,5.82,4.639175257731951,6.185567010309268,29.710144927536223,26.449275362318836,False,1.8394648829431315,4.532529193608075,4,15,4,26.666666666666668,32.00932895045652,48.84393063583816,2020-02-04; 2024-04-17; 2025-04-09; 2026-01-30,15.36082474226805,4.639175257731951,历史4/15次成功; 当前距低点4.64%; 最新日涨幅1.84%; 状态bottom_area; 底部未确认
291,59.75130641301074,50.196976974275934,002543,万和电气,bottom_area,2026-06-12,6.83,2026-03-25,9.55,2026-06-12,6.8,0.44117647058823894,2.499999999999999,28.795811518324616,28.481675392670162,False,-2.8449502133712667,0.9176743759853919,1,6,1,16.666666666666664,42.775229357798146,42.775229357798146,2025-04-09,19.55882352941176,0.44117647058823894,历史1/6次成功; 当前距低点0.44%; 最新日涨幅-2.84%; 状态bottom_area; 底部未确认
292,59.53803839231516,53.55932323994879,000707,双环科技,bottom_area,2026-06-12,4.73,2026-04-22,6.48,2026-06-11,4.54,4.185022026431726,5.066079295154175,29.938271604938276,27.00617283950617,False,2.159827213822907,1.742026038848598,4,19,4,21.052631578947366,34.92990824675987,62.17564870259482,2008-04-03; 2008-04-22; 2021-01-14; 2024-02-06,15.814977973568276,4.185022026431726,历史4/19次成功; 当前距低点4.19%; 最新日涨幅2.16%; 状态bottom_area; 底部未确认
293,59.19890223601526,53.120986195356615,603196,璞源材料,bottom_area,2026-06-12,21.85,2026-05-11,30.09,2026-06-12,21.0,4.047619047619054,5.904761904761897,30.209371884346957,27.38451312728481,False,2.389878163074055,2.016344260137446,2,8,2,25.0,22.33633131144113,22.85714285714286,2021-04-23; 2021-07-28,15.952380952380949,4.047619047619054,历史2/8次成功; 当前距低点4.05%; 最新日涨幅2.39%; 状态bottom_area; 底部未确认
294,58.95311641006548,53.09764966113744,000721,西安饮食,bottom_area,2026-06-12,6.13,2026-04-16,8.38,2026-06-11,5.88,4.2517006802721085,4.761904761904766,29.832935560859198,26.849642004773276,False,3.3726812816188945,2.121866142784039,8,33,8,24.242424242424242,26.353926034735903,39.05429071803854,2005-07-18; 2008-04-03; 2009-08-19; 2015-08-04; 2015-08-27; 2015-09-16; 2022-04-28; 2023-10-23,15.748299319727893,4.2517006802721085,历史8/33次成功; 当前距低点4.25%; 最新日涨幅3.37%; 状态bottom_area; 底部未确认
295,58.75533259359259,52.9439111015829,603709,中源家居,bottom_area,2026-06-12,15.36,2026-05-08,20.19,2026-06-11,14.73,4.276985743380848,5.906313645621176,27.043090638930167,23.92273402674592,False,1.7892644135188762,1.7897151178438355,1,4,1,25.0,24.19590643274853,24.19590643274853,2025-09-23,15.723014256619154,4.276985743380848,历史1/4次成功; 当前距低点4.28%; 最新日涨幅1.79%; 状态bottom_area; 底部未确认
296,58.75223727443124,52.3136359292881,300577,开润股份,bottom_area,2026-06-12,15.73,2026-05-07,22.36,2026-06-11,15.18,3.6231884057971064,5.07246376811594,32.11091234347048,29.651162790697672,False,0.768737988468926,1.8415247049048213,1,5,1,20.0,23.626373626373624,23.626373626373624,2022-04-28,16.376811594202895,3.6231884057971064,历史1/5次成功; 当前距低点3.62%; 最新日涨幅0.77%; 状态bottom_area; 底部未确认
297,58.67127291290865,52.94836743633857,601595,上海电影,bottom_area,2026-06-12,18.43,2026-04-21,25.9,2026-06-11,17.66,4.360135900339748,5.43601359003398,31.814671814671808,28.841698841698836,False,3.7725225225225145,1.2712405176260597,2,8,2,25.0,25.239125210286,27.67123287671234,2020-02-04; 2020-07-31,15.639864099660253,4.360135900339748,历史2/8次成功; 当前距低点4.36%; 最新日涨幅3.77%; 状态bottom_area; 底部未确认
298,58.559494743820686,52.018525492922244,002487,大金重工,bottom_area,2026-06-12,59.55,2026-05-26,79.81,2026-06-11,57.54,3.493222106360789,5.822036843934657,27.90377145721088,25.38529006390177,False,1.8296853625171083,3.655849961242134,1,9,1,11.11111111111111,39.70588235294118,39.70588235294118,2024-02-05,16.506777893639214,3.493222106360789,历史1/9次成功; 当前距低点3.49%; 最新日涨幅1.83%; 状态bottom_area; 底部未确认
299,58.528243433791985,52.736598438949855,605108,同庆楼,bottom_area,2026-06-12,12.93,2026-04-23,17.8,2026-06-11,12.4,4.274193548387092,4.67741935483871,30.337078651685395,27.359550561797757,False,2.945859872611467,1.0919615384615384,1,3,1,33.33333333333333,21.658206429780034,21.658206429780034,2024-10-18,15.72580645161291,4.274193548387092,历史1/3次成功; 当前距低点4.27%; 最新日涨幅2.95%; 状态bottom_area; 底部未确认
300,58.30817815341967,51.8507731584844,000850,华茂股份,bottom_area,2026-06-12,3.79,2026-04-21,5.18,2026-06-11,3.66,3.5519125683060078,4.371584699453543,29.343629343629335,26.83397683397683,False,2.156334231805923,1.1113709456692453,2,16,2,12.5,36.5141602915166,52.66903914590747,2018-10-19; 2021-02-08,16.448087431693992,3.5519125683060078,历史2/16次成功; 当前距低点3.55%; 最新日涨幅2.16%; 状态bottom_area; 底部未确认
301,58.22707800547699,52.75662536433742,300841,康华生物,bottom_area,2026-06-12,45.23,2026-05-11,62.0,2026-06-10,43.25,4.578034682080918,6.057803468208086,30.241935483870968,27.048387096774203,False,-0.26460859977950335,1.5312219635149684,1,4,1,25.0,49.35238945958015,49.35238945958015,2024-02-05,15.421965317919085,4.578034682080918,历史1/4次成功; 当前距低点4.58%; 最新日涨幅-0.26%; 状态bottom_area; 底部未确认
302,58.13230900649517,50.87449371636852,300557,理工光科,bottom_area,2026-06-12,29.16,2026-06-03,39.9,2026-06-08,28.4,2.6760563380281748,16.161971830985927,28.82205513784461,26.917293233082706,True,-9.860896445131385,10.180543374174055,2,10,2,20.0,27.773667564907296,29.482758620689648,2018-02-07; 2020-02-04,17.32394366197183,2.6760563380281748,历史2/10次成功; 当前距低点2.68%; 最新日涨幅-9.86%; 状态bottom_area; 底部已确认
303,58.09608125724058,52.69949691510254,601865,福莱特,bottom_area,2026-06-12,10.82,2026-04-20,15.09,2026-06-09,10.34,4.642166344294008,7.640232108317225,31.477799867461897,28.296885354539427,True,-0.2764976958525289,1.202519495647168,1,3,1,33.33333333333333,39.24894003634159,39.24894003634159,2022-04-26,15.357833655705994,4.642166344294008,历史1/3次成功; 当前距低点4.64%; 最新日涨幅-0.28%; 状态bottom_area; 底部已确认
304,58.088079169795016,51.497611084567616,601007,金陵饭店,bottom_area,2026-06-12,6.72,2026-04-22,9.08,2026-06-11,6.5,3.384615384615381,3.8461538461538463,28.41409691629956,25.991189427312776,False,2.595419847328251,2.034128205128205,1,7,1,14.285714285714285,28.69565217391305,28.69565217391305,2020-02-04,16.61538461538462,3.384615384615381,历史1/7次成功; 当前距低点3.38%; 最新日涨幅2.60%; 状态bottom_area; 底部未确认
305,58.082678930472014,51.166513437058015,603896,寿仙谷,bottom_area,2026-06-12,15.61,2026-03-04,22.35,2026-05-29,15.15,3.03630363036303,6.006600660065995,32.214765100671144,30.156599552572715,False,-1.6383112791430343,1.6277927836684765,1,4,1,25.0,21.90476190476191,21.90476190476191,2022-04-27,16.96369636963697,3.03630363036303,历史1/4次成功; 当前距低点3.04%; 最新日涨幅-1.64%; 状态bottom_area; 底部未确认
306,57.93965443095611,51.79599119757859,000905,厦门港务,bottom_area,2026-06-12,8.65,2026-05-14,11.86,2026-06-11,8.33,3.8415366146458614,4.681872749099647,29.76391231028667,27.06576728499156,False,3.4688995215311103,1.5322841576693418,1,11,1,9.090909090909092,47.156227501799854,47.156227501799854,2008-03-18,16.15846338535414,3.8415366146458614,历史1/11次成功; 当前距低点3.84%; 最新日涨幅3.47%; 状态bottom_area; 底部未确认
307,57.745433379209885,52.11726495067093,603396,金辰股份,bottom_area,2026-06-12,29.41,2026-05-14,39.14,2026-06-10,28.18,4.364797728885736,6.068133427963097,28.002043944813494,24.85947879407256,False,0.9958791208791284,1.7841222861886628,1,5,1,20.0,31.661310605002114,31.661310605002114,2022-12-23,15.635202271114265,4.364797728885736,历史1/5次成功; 当前距低点4.36%; 最新日涨幅1.00%; 状态bottom_area; 底部未确认
308,57.5654918135254,52.07773092079633,600390,五矿资本,bottom_area,2026-06-12,4.65,2026-01-23,6.4,2026-06-09,4.45,4.494382022471914,5.168539325842686,30.46875,27.34375,False,3.10421286031044,0.80915010057449,3,14,3,21.428571428571427,29.941976593107544,38.6578449905482,2009-03-02; 2009-04-28; 2015-09-02,15.505617977528086,4.494382022471914,历史3/14次成功; 当前距低点4.49%; 最新日涨幅3.10%; 状态bottom_area; 底部未确认
309,57.138270555651744,50.1455031446541,000876,新希望,bottom_area,2026-06-12,6.54,2026-04-16,9.0,2026-06-12,6.36,2.8301886792452784,4.40251572327043,29.33333333333333,27.333333333333332,False,-1.0590015128593033,2.058689395536615,1,12,1,8.333333333333332,66.13520408163266,66.13520408163266,2020-02-04,17.169811320754725,2.8301886792452784,历史1/12次成功; 当前距低点2.83%; 最新日涨幅-1.06%; 状态bottom_area; 底部未确认
310,57.0767183671533,50.86936767830675,600742,富维股份,bottom_area,2026-06-12,7.9,2026-04-17,10.54,2026-06-08,7.62,3.6745406824147016,4.330708661417323,27.70398481973434,25.047438330170767,False,-0.2525252525252486,1.049877822229741,4,16,4,25.0,28.130755022646614,32.21153846153846,1998-08-18; 2008-04-03; 2008-04-22; 2020-06-29,16.3254593175853,3.6745406824147016,历史4/16次成功; 当前距低点3.67%; 最新日涨幅-0.25%; 状态bottom_area; 底部未确认
311,56.91544536064083,51.635853364146925,600754,锦江酒店,bottom_area,2026-06-12,20.03,2026-04-30,27.42,2026-06-11,19.14,4.649947753396032,5.1724137931034395,30.19693654266959,26.951130561633846,False,3.8361845515811455,1.6248988994395623,2,10,2,20.0,32.56846366607461,36.62477558348294,2008-04-22; 2009-09-02,15.350052246603967,4.649947753396032,历史2/10次成功; 当前距低点4.65%; 最新日涨幅3.84%; 状态bottom_area; 底部未确认
312,56.84117383136369,51.57810218031148,600354,敦煌种业,bottom_area,2026-06-12,5.39,2026-03-30,7.15,2026-06-11,5.15,4.660194174757268,5.242718446601933,27.97202797202797,24.615384615384624,False,1.6981132075471583,2.635609019538129,2,12,2,16.666666666666664,39.60579694672788,52.58620689655174,2005-07-18; 2017-04-24,15.339805825242733,4.660194174757268,历史2/12次成功; 当前距低点4.66%; 最新日涨幅1.70%; 状态bottom_area; 底部未确认
313,56.34964380179218,50.730213250005384,300492,华图山鼎,bottom_area,2026-06-12,37.23,2026-05-25,49.35,2026-06-11,35.72,4.227323628219479,7.138857782754772,27.61904761904762,24.559270516717334,True,3.4741523068371416,1.512600902952829,1,8,1,12.5,29.575328614762377,29.575328614762377,2020-02-04,15.772676371780522,4.227323628219479,历史1/8次成功; 当前距低点4.23%; 最新日涨幅3.47%; 状态bottom_area; 底部已确认
314,56.3135130873085,50.19801845339265,600375,汉马科技,bottom_area,2026-06-12,3.94,2026-05-06,5.42,2026-06-11,3.8,3.6842105263157925,4.210526315789478,29.88929889298893,27.30627306273063,False,2.0725388601036343,1.44664016504741,2,14,2,14.285714285714285,25.38105159274082,28.688524590163926,2020-02-04; 2022-04-27,16.31578947368421,3.6842105263157925,历史2/14次成功; 当前距低点3.68%; 最新日涨幅2.07%; 状态bottom_area; 底部未确认
315,56.02681481172529,49.73470032397408,300365,恒华科技,bottom_area,2026-06-12,4.79,2026-05-19,6.59,2026-06-11,4.63,3.4557235421166337,5.183585313174951,29.74203338391502,27.31411229135053,False,1.9148936170212627,2.8882918134525175,1,7,1,14.285714285714285,20.0892857142857,20.0892857142857,2024-04-16,16.544276457883367,3.4557235421166337,历史1/7次成功; 当前距低点3.46%; 最新日涨幅1.91%; 状态bottom_area; 底部未确认
316,55.92582218796123,49.074620295698935,605169,洪通燃气,bottom_area,2026-06-12,10.2,2026-05-11,13.81,2026-06-12,9.92,2.822580645161284,6.249999999999992,28.16799420709631,26.140477914554676,False,-2.485659655831751,2.801011029411765,1,6,1,16.666666666666664,26.09375,26.09375,2021-07-28,17.17741935483872,2.822580645161284,历史1/6次成功; 当前距低点2.82%; 最新日涨幅-2.49%; 状态bottom_area; 底部未确认
317,55.82773518174086,47.08897172342124,688515,裕太微,bottom_area,2026-06-12,178.5,2026-06-03,260.0,2026-06-12,177.33,0.6597868380984534,10.094174702531989,31.796153846153842,31.346153846153847,False,-3.3934080207825956,8.656266536169268,1,5,1,20.0,31.738095238095234,31.738095238095234,2025-04-07,19.34021316190155,0.6597868380984534,历史1/5次成功; 当前距低点0.66%; 最新日涨幅-3.39%; 状态bottom_area; 底部未确认
318,55.19859562973936,50.35328000647479,300963,中洲特材,bottom_area,2026-06-12,13.78,2026-05-14,18.4,2026-06-10,13.13,4.95049504950494,7.083015993907081,28.64130434782608,25.108695652173914,True,1.8477457501847816,2.8362457109131984,1,5,1,20.0,20.163487738419626,20.163487738419626,2025-06-09,15.049504950495063,4.95049504950494,历史1/5次成功; 当前距低点4.95%; 最新日涨幅1.85%; 状态bottom_area; 底部已确认
319,55.17669784579827,49.281832497105995,000788,北大医药,bottom_area,2026-06-12,5.2,2026-04-16,6.99,2026-06-11,5.01,3.7924151696606865,4.590818363273462,28.326180257510735,25.608011444921313,False,2.564102564102555,2.4418469953714546,3,21,3,14.285714285714285,21.78170014402955,23.809523809523807,2001-02-26; 2008-03-18; 2018-02-09,16.207584830339314,3.7924151696606865,历史3/21次成功; 当前距低点3.79%; 最新日涨幅2.56%; 状态bottom_area; 底部未确认
320,54.985794078991425,49.1214168857727,300015,爱尔眼科,bottom_area,2026-06-12,8.46,2026-04-24,11.29,2026-06-09,8.15,3.8036809815950976,5.644171779141092,27.81222320637732,25.06643046944197,False,0.5945303210463715,1.2015046777042486,1,7,1,14.285714285714285,21.05734767025089,21.05734767025089,2015-08-26,16.196319018404903,3.8036809815950976,历史1/7次成功; 当前距低点3.80%; 最新日涨幅0.59%; 状态bottom_area; 底部未确认
321,54.92184757463458,49.55761694234501,002923,润都股份,bottom_area,2026-06-12,10.07,2026-04-28,13.79,2026-06-10,9.65,4.352331606217616,4.974093264248709,30.021754894851334,26.976069615663516,False,1.8200202224469164,2.5154909867169084,1,6,1,16.666666666666664,24.969173859432807,24.969173859432807,2022-05-27,15.647668393782386,4.352331606217616,历史1/6次成功; 当前距低点4.35%; 最新日涨幅1.82%; 状态bottom_area; 底部未确认
322,54.34599684109045,49.26032445520578,600399,抚顺特钢,bottom_area,2026-06-12,4.32,2026-04-20,6.09,2026-06-11,4.13,4.6004842615012205,5.326876513317185,32.18390804597701,29.064039408866986,False,3.8461538461538547,4.010724608285584,1,10,1,10.0,40.85714285714285,40.85714285714285,2014-07-24,15.399515738498781,4.6004842615012205,历史1/10次成功; 当前距低点4.60%; 最新日涨幅3.85%; 状态bottom_area; 底部未确认
323,54.25183990656993,49.529688976925215,688176,亚虹医药,bottom_area,2026-06-12,10.3,2026-04-15,14.59,2026-06-10,9.81,4.994903160040776,5.40265035677879,32.76216586703221,29.40370116518163,False,4.040404040404044,1.6345261633528811,1,5,1,20.0,25.473484848484844,25.473484848484844,2022-04-27,15.005096839959226,4.994903160040776,历史1/5次成功; 当前距低点4.99%; 最新日涨幅4.04%; 状态bottom_area; 底部未确认
324,54.10032702099433,49.16119878148196,603900,莱绅通灵,bottom_area,2026-06-12,6.41,2026-04-30,8.45,2026-06-11,6.12,4.738562091503269,6.699346405228761,27.573964497041416,24.14201183431952,False,2.7243589743589647,2.2687949445441045,1,5,1,20.0,20.350109409190363,20.350109409190363,2024-06-06,15.261437908496733,4.738562091503269,历史1/5次成功; 当前距低点4.74%; 最新日涨幅2.72%; 状态bottom_area; 底部未确认
325,53.947611372849906,48.203531456953655,003007,直真科技,bottom_area,2026-06-12,39.19,2026-05-22,54.34,2026-06-11,37.75,3.814569536423835,5.192052980132453,30.52999631947001,27.880014722119995,False,1.5548069448043433,2.3200900365607042,1,8,1,12.5,20.124999999999993,20.124999999999993,2025-04-09,16.185430463576168,3.814569536423835,历史1/8次成功; 当前距低点3.81%; 最新日涨幅1.55%; 状态bottom_area; 底部未确认
326,53.791733335159826,48.503732431025476,300639,凯普生物,bottom_area,2026-06-12,5.32,2026-05-11,7.55,2026-06-11,5.1,4.3137254901960915,4.705882352941181,32.450331125827816,29.536423841059595,False,3.100775193798455,1.614259201711368,1,10,1,10.0,33.27433628318583,33.27433628318583,2024-02-05,15.68627450980391,4.3137254901960915,历史1/10次成功; 当前距低点4.31%; 最新日涨幅3.10%; 状态bottom_area; 底部未确认
327,52.961484029484026,44.134570024570024,300715,凯伦股份,bottom_area,2026-06-12,19.78,2026-06-04,28.16,2026-06-12,19.78,0.0,14.762386248736087,29.758522727272723,29.758522727272723,False,-10.90090090090089,8.68239187667352,1,5,1,20.0,20.02457002457001,20.02457002457001,2025-01-17,20.0,0.0,历史1/5次成功; 当前距低点0.00%; 最新日涨幅-10.90%; 状态bottom_area; 底部未确认
