rank,rank_score,probability_score,code,name,current_stage,latest_date,latest_close,current_top_date,current_top_price,current_low_date,current_low_price,current_low_to_latest_pct,current_low_to_high_pct,current_drawdown_pct,close_drawdown_pct,current_is_bottom_confirmed,latest_pct_chg,latest_turn,historical_valid_event_count,history_sample_count,history_success_count,history_success_rate_pct,history_avg_rebound_pct,history_max_rebound_pct,history_success_dates,upside_to_20pct_target_pct,risk_back_to_low_pct,reason
1,97.73313401580998,85.6804740323166,603666,亿嘉和,bottom_area,2024-01-23,22.99,2023-12-29,31.75,2024-01-23,22.37,2.7715690657129968,4.067948144836835,29.543307086614167,27.59055118110237,False,0.3054101221640293,1.198070996951865,3,3,3,100.0,35.91210485022705,41.10592938041307,2020-06-29; 2022-11-01; 2023-10-24,17.228430934287005,2.7715690657129968,历史3/3次成功; 当前距低点2.77%; 最新日涨幅0.31%; 状态bottom_area; 底部未确认
2,93.38199917581932,81.79805295515024,688403,汇成股份,bottom_area,2024-01-23,8.29,2023-11-15,11.65,2024-01-23,8.07,2.7261462205699982,4.213135068153654,30.72961373390558,28.841201716738208,False,0.8515815085157863,0.8415156438315361,2,2,2,100.0,31.148743752956115,31.53638814016172,2022-10-11; 2023-05-10,17.273853779430006,2.7261462205699982,历史2/2次成功; 当前距低点2.73%; 最新日涨幅0.85%; 状态bottom_area; 底部未确认
3,92.4004520685496,79.67593133016854,688155,先惠技术,bottom_area,2024-01-23,45.86,2023-12-06,62.35,2024-01-22,45.02,1.865837405597504,11.594846734784536,27.79470729751403,26.447473937449885,False,-0.7574118156243315,0.2840963104634061,2,2,2,100.0,31.66688502650995,38.11460912628228,2021-01-13; 2022-04-27,18.134162594402497,1.865837405597504,历史2/2次成功; 当前距低点1.87%; 最新日涨幅-0.76%; 状态bottom_area; 底部未确认
4,92.25091030006294,80.753193676587,603566,普莱柯,bottom_area,2024-01-23,16.8,2024-01-02,22.85,2024-01-23,16.36,2.689486552567245,3.3007334963325135,28.402625820568932,26.477024070021884,False,1.2048192771084265,1.1120540861782588,2,2,2,100.0,25.081844174410296,29.16368834882059,2018-02-09; 2020-02-04,17.310513447432758,2.689486552567245,历史2/2次成功; 当前距低点2.69%; 最新日涨幅1.20%; 状态bottom_area; 底部未确认
5,91.79063736038363,79.89588187038554,002990,盛视科技,bottom_area,2024-01-23,24.96,2023-12-15,35.66,2024-01-23,24.38,2.3789991796554633,3.2813781788351135,31.63208076275939,30.00560852495793,False,0.20072260136492215,3.783040740162901,1,1,1,100.0,33.33333333333333,33.33333333333333,2022-04-27,17.621000820344538,2.3789991796554633,历史1/1次成功; 当前距低点2.38%; 最新日涨幅0.20%; 状态bottom_area; 底部未确认
6,90.75926534840326,80.0382116005267,002666,德联集团,bottom_area,2024-01-23,4.33,2024-01-03,5.86,2024-01-23,4.2,3.0952380952380927,3.809523809523813,28.327645051194537,26.10921501706485,False,-0.45977011494251485,2.231698938402437,3,3,3,100.0,32.018034718653496,51.275510204081634,2014-12-10; 2015-06-30; 2022-04-27,16.90476190476191,3.0952380952380927,历史3/3次成功; 当前距低点3.10%; 最新日涨幅-0.46%; 状态bottom_area; 底部未确认
7,89.46244668790791,76.75851180696434,301130,西点药业,bottom_area,2024-01-23,22.96,2023-11-23,32.16,2024-01-23,22.6,1.5929203539822985,3.7610619469026454,29.726368159203968,28.606965174129346,False,-1.0344827586206806,2.1300496973383445,3,4,3,75.0,33.46973233356975,48.044909020518794,2022-02-24; 2022-05-19; 2022-10-11,18.407079646017703,1.5929203539822985,历史3/4次成功; 当前距低点1.59%; 最新日涨幅-1.03%; 状态bottom_area; 底部未确认
8,89.20018388694857,76.83678517397881,688280,精进电动,bottom_area,2024-01-23,6.19,2023-11-29,9.0,2024-01-23,6.08,1.8092105263157947,5.09868421052631,32.44444444444444,31.222222222222218,False,-0.4823151125401881,0.8763522603189615,1,1,1,100.0,32.37518910741301,32.37518910741301,2021-11-01,18.19078947368421,1.8092105263157947,历史1/1次成功; 当前距低点1.81%; 最新日涨幅-0.48%; 状态bottom_area; 底部未确认
9,89.07404984973549,77.17911564161388,688329,艾隆科技,bottom_area,2024-01-23,20.14,2023-11-20,29.09,2024-01-23,19.72,2.1298174442190754,3.600405679513189,32.210381574424204,30.766586455826744,False,-0.1982160555004886,1.552461139896373,2,2,2,100.0,21.479029109856874,21.72890326374596,2021-07-28; 2021-09-29,17.870182555780925,2.1298174442190754,历史2/2次成功; 当前距低点2.13%; 最新日涨幅-0.20%; 状态bottom_area; 底部未确认
10,88.69638093421264,76.01999833955617,688610,埃科光电,bottom_area,2024-01-23,35.73,2023-12-29,52.3,2024-01-23,35.19,1.5345268542199464,3.8363171355498764,32.7151051625239,31.68260038240918,False,-1.271069356175747,2.1826123868714484,1,1,1,100.0,24.61677186654644,24.61677186654644,2023-10-27,18.465473145780052,1.5345268542199464,历史1/1次成功; 当前距低点1.53%; 最新日涨幅-1.27%; 状态bottom_area; 底部未确认
11,88.65884437258397,77.7182241892741,301207,华兰疫苗,bottom_area,2024-01-23,23.03,2023-12-04,32.56,2024-01-23,22.41,2.766622043730482,3.4359660865684942,31.173218673218678,29.26904176904177,False,1.008771929824559,0.41951345011775687,1,1,1,100.0,26.377002413868777,26.377002413868777,2022-08-02,17.233377956269518,2.766622043730482,历史1/1次成功; 当前距低点2.77%; 最新日涨幅1.01%; 状态bottom_area; 底部未确认
12,87.49577458878855,76.67405648934327,688378,奥来德,bottom_area,2024-01-23,34.76,2024-01-02,48.68,2024-01-23,33.83,2.7490393142181486,3.458468814661548,30.50534100246508,28.594905505341007,False,0.31746031746031633,0.7806255285343502,1,1,1,100.0,20.547667342799194,20.547667342799194,2023-03-02,17.250960685781852,2.7490393142181486,历史1/1次成功; 当前距低点2.75%; 最新日涨幅0.32%; 状态bottom_area; 底部未确认
13,87.43210507138711,75.45801612725063,688183,生益电子,bottom_area,2024-01-23,8.52,2024-01-02,11.46,2024-01-23,8.36,1.913875598086126,3.7081339712918724,27.050610820244337,25.654450261780116,False,-0.4672897196261738,0.4401306583418104,1,1,1,100.0,26.24544349939247,26.24544349939247,2022-04-27,18.086124401913874,1.913875598086126,历史1/1次成功; 当前距低点1.91%; 最新日涨幅-0.47%; 状态bottom_area; 底部未确认
14,87.39964351811257,75.38889496102226,605158,华达新材,bottom_area,2024-01-23,7.03,2024-01-09,9.59,2024-01-23,6.9,1.8840579710144911,3.6231884057971016,28.050052137643373,26.694473409801873,False,-0.4249291784702458,1.9047553869617928,1,1,1,100.0,25.5083179297597,25.5083179297597,2022-04-27,18.11594202898551,1.8840579710144911,历史1/1次成功; 当前距低点1.88%; 最新日涨幅-0.42%; 状态bottom_area; 底部未确认
15,87.18522318866331,77.66192285845017,300395,菲利华,bottom_area,2024-01-23,27.58,2024-01-02,38.05,2024-01-23,26.61,3.645246148064633,3.9458850056369816,30.065703022339026,27.516425755584756,False,2.4136650575566243,1.5346794487114432,4,5,4,80.0,30.177871376545944,45.51181102362204,2015-06-30; 2015-08-26; 2016-01-29; 2020-02-04,16.354753851935367,3.645246148064633,历史4/5次成功; 当前距低点3.65%; 最新日涨幅2.41%; 状态bottom_area; 底部未确认
16,87.02438579540978,76.46944791428336,300267,尔康制药,bottom_area,2024-01-23,2.84,2023-11-20,3.93,2024-01-23,2.76,2.898550724637684,3.2608695652174022,29.770992366412223,27.735368956743013,False,1.0676156583629748,1.1208604291819846,3,4,3,75.0,25.447008421813305,32.64653641207817,2015-06-30; 2015-07-03; 2015-08-25,17.101449275362317,2.898550724637684,历史3/4次成功; 当前距低点2.90%; 最新日涨幅1.07%; 状态bottom_area; 底部未确认
17,87.02040493233622,77.02689553197959,300258,精锻科技,bottom_area,2024-01-23,10.02,2023-12-13,14.4,2024-01-22,9.7,3.2989690721649514,8.350515463917532,32.63888888888889,30.41666666666667,False,2.6639344262294973,1.6346094397631346,3,4,3,75.0,33.35239256191224,47.651006711409394,2015-06-30; 2022-04-27; 2023-10-24,16.70103092783505,3.2989690721649514,历史3/4次成功; 当前距低点3.30%; 最新日涨幅2.66%; 状态bottom_area; 底部未确认
18,86.45170869196271,76.61274336283188,300719,安达维尔,bottom_area,2024-01-23,11.68,2024-01-16,15.48,2024-01-23,11.3,3.3628318584070707,4.424778761061947,27.002583979328165,24.547803617571063,False,0.9507346585998278,4.590214380895219,1,1,1,100.0,27.741935483870968,27.741935483870968,2020-02-04,16.63716814159293,3.3628318584070707,历史1/1次成功; 当前距低点3.36%; 最新日涨幅0.95%; 状态bottom_area; 底部未确认
19,86.25253719582909,77.92527109287694,688337,普源精电,bottom_area,2024-01-23,36.14,2023-11-16,50.68,2024-01-23,34.61,4.4206876625252844,6.038717133776375,31.708760852407263,28.68981846882399,False,0.13854253255749516,0.5082375682191839,2,2,2,100.0,31.09913421201392,33.36842105263158,2022-04-12; 2023-10-26,15.579312337474715,4.4206876625252844,历史2/2次成功; 当前距低点4.42%; 最新日涨幅0.14%; 状态bottom_area; 底部未确认
20,86.15229787438334,72.44950298821686,688009,中国通号,bottom_area,2024-01-23,4.05,2023-08-30,5.77,2024-01-23,4.03,0.49627791563274376,1.985111662531019,30.155979202772954,29.809358752166375,False,-0.24630541871920597,0.3006489445235913,1,1,1,100.0,32.532347504621065,32.532347504621065,2020-02-03,19.503722084367258,0.49627791563274376,历史1/1次成功; 当前距低点0.50%; 最新日涨幅-0.25%; 状态bottom_area; 底部未确认
21,85.78592667794697,75.23451776649746,300607,拓斯达,bottom_area,2024-01-23,12.15,2023-12-13,16.71,2024-01-22,11.82,2.791878172588833,10.067681895093058,29.263913824057454,27.289048473967686,False,1.673640167364021,2.10432957927589,3,5,3,60.0,54.43447706105011,89.30666666666666,2020-02-04; 2022-04-26; 2022-10-11,17.20812182741117,2.791878172588833,历史3/5次成功; 当前距低点2.79%; 最新日涨幅1.67%; 状态bottom_area; 底部未确认
22,84.54375679750778,73.51890690712919,605398,新炬网络,bottom_area,2024-01-23,24.62,2023-12-07,33.52,2024-01-23,24.06,2.327514546965928,3.2418952618453916,28.221957040572804,26.551312649164682,False,-0.32388663967610754,0.7811751166220416,1,1,1,100.0,20.890538033395174,20.890538033395174,2022-04-27,17.672485453034074,2.327514546965928,历史1/1次成功; 当前距低点2.33%; 最新日涨幅-0.32%; 状态bottom_area; 底部未确认
23,84.4265267110575,72.87221885493717,002997,瑞鹄模具,bottom_area,2024-01-23,25.48,2023-12-12,36.1,2024-01-23,25.0,1.9200000000000015,2.799999999999997,30.747922437673132,29.418282548476455,False,0.9508716323296529,2.3861402518239054,2,3,2,66.66666666666666,28.83415154984148,36.67279411764704,2022-04-27; 2022-08-08,18.08,1.9200000000000015,历史2/3次成功; 当前距低点1.92%; 最新日涨幅0.95%; 状态bottom_area; 底部未确认
24,84.01908955089633,72.9277226568114,000541,佛山照明,bottom_area,2024-01-23,5.51,2023-11-15,7.88,2024-01-23,5.39,2.2263450834879426,2.7829313543599326,31.59898477157361,30.0761421319797,False,0.1818181818181719,1.1261405076324418,8,13,8,61.53846153846154,27.33220132883818,46.76616915422888,1994-02-01; 1996-01-25; 2006-04-25; 2007-06-08; 2007-06-26; 2008-04-17; 2015-07-06; 2020-06-12,17.773654916512058,2.2263450834879426,历史8/13次成功; 当前距低点2.23%; 最新日涨幅0.18%; 状态bottom_area; 底部未确认
25,83.70157057607508,72.80206188276908,300078,思创智联,bottom_area,2024-01-23,3.5,2023-11-21,5.08,2024-01-23,3.42,2.3391812865497097,3.5087719298245648,32.67716535433071,31.10236220472441,False,0.0,1.2039604805215371,5,8,5,62.5,25.95642589302377,31.703356189101395,2015-06-30; 2015-07-03; 2015-08-26; 2018-02-07; 2022-10-11,17.66081871345029,2.3391812865497097,历史5/8次成功; 当前距低点2.34%; 最新日涨幅0.00%; 状态bottom_area; 底部未确认
26,83.63636897347448,72.37669003267877,688107,安路科技,bottom_area,2024-01-23,29.71,2023-12-12,41.4,2024-01-23,29.11,2.0611473720371056,4.294057025077294,29.68599033816425,28.236714975845405,False,0.7118644067796609,0.35966124669829547,2,4,2,50.0,47.34465613399662,67.95615731785945,2022-04-27; 2023-08-29,17.938852627962895,2.0611473720371056,历史2/4次成功; 当前距低点2.06%; 最新日涨幅0.71%; 状态bottom_area; 底部未确认
27,83.62233193578012,73.08707266083346,301263,泰恩康,bottom_area,2024-01-23,14.18,2023-11-17,20.5,2024-01-23,13.82,2.6049204052098367,4.558610709117214,32.58536585365854,30.829268292682926,False,0.7102272727272707,1.2983413116046425,2,3,2,66.66666666666666,38.385078054006485,47.88621098380087,2022-04-01; 2022-10-12,17.395079594790165,2.6049204052098367,历史2/3次成功; 当前距低点2.60%; 最新日涨幅0.71%; 状态bottom_area; 底部未确认
28,83.52974597624366,75.09357732793526,603075,热威股份,bottom_area,2024-01-23,20.58,2024-01-10,28.05,2024-01-22,19.76,4.149797570850185,9.919028340080956,29.554367201426025,26.631016042780757,False,2.7972027972027913,6.544050452965765,1,1,1,100.0,29.221052631578953,29.221052631578953,2023-10-23,15.850202429149816,4.149797570850185,历史1/1次成功; 当前距低点4.15%; 最新日涨幅2.80%; 状态bottom_area; 底部未确认
29,83.40635248103374,72.3904191344821,300032,金龙机电,bottom_area,2024-01-23,4.6,2024-01-02,6.39,2024-01-23,4.5,2.2222222222222143,3.555555555555559,29.57746478873239,28.012519561815342,False,0.0,1.696503433515512,4,7,4,57.14285714285714,33.916743938587715,52.14007782101169,2015-06-30; 2015-09-16; 2019-01-31; 2020-09-10,17.777777777777786,2.2222222222222143,历史4/7次成功; 当前距低点2.22%; 最新日涨幅0.00%; 状态bottom_area; 底部未确认
30,83.13215945233144,71.51631136428193,300830,金现代,bottom_area,2024-01-23,6.44,2024-01-04,8.7,2024-01-23,6.33,1.7377567140600365,3.7914691943127994,27.241379310344822,25.97701149425286,False,-1.8292682926829174,1.8588497353978637,3,5,3,60.0,39.56127243192911,60.00000000000001,2021-09-27; 2021-10-11; 2022-10-11,18.262243285939963,1.7377567140600365,历史3/5次成功; 当前距低点1.74%; 最新日涨幅-1.83%; 状态bottom_area; 底部未确认
31,82.8377391368703,72.01596449387281,688579,地纬智能,bottom_area,2024-01-23,9.29,2023-12-29,12.9,2024-01-22,9.08,2.3127753303964655,11.013215859030836,29.612403100775197,27.984496124031015,False,0.8686210640607817,1.4562885927851803,2,3,2,66.66666666666666,29.04529881994672,36.901408450704245,2020-09-11; 2022-10-11,17.687224669603534,2.3127753303964655,历史2/3次成功; 当前距低点2.31%; 最新日涨幅0.87%; 状态bottom_area; 底部未确认
32,82.82997258258645,72.26811050076168,001309,德明利,bottom_area,2024-01-23,69.45,2024-01-02,95.8,2024-01-23,67.75,2.5092250922509267,3.5867158671586816,29.27974947807933,27.505219206680582,False,0.988803257234272,0.7315292294624663,2,3,2,66.66666666666666,32.809016367887764,45.392,2022-09-02; 2023-05-10,17.490774907749074,2.5092250922509267,历史2/3次成功; 当前距低点2.51%; 最新日涨幅0.99%; 状态bottom_area; 底部未确认
33,82.66952101954487,72.02592705167173,300287,飞利信,bottom_area,2024-01-23,3.37,2023-11-14,4.91,2024-01-23,3.29,2.4316109422492422,3.6474164133738634,32.9938900203666,31.364562118126273,False,0.5970149253731405,1.4637915528241248,3,6,3,50.0,50.26388462886463,108.78787878787878,2014-03-12; 2019-02-01; 2021-02-04,17.568389057750757,2.4316109422492422,历史3/6次成功; 当前距低点2.43%; 最新日涨幅0.60%; 状态bottom_area; 底部未确认
34,81.91369002131633,70.59767310486814,002313,日海智能,bottom_area,2024-01-23,8.31,2024-01-02,11.66,2024-01-23,8.16,1.8382352941176512,4.289215686274506,30.017152658662095,28.730703259005143,False,-1.0714285714285676,2.2176236625188714,5,8,5,62.5,30.43736330890526,47.69520225776104,2013-11-01; 2016-02-01; 2016-03-01; 2018-02-08; 2023-12-26,18.161764705882348,1.8382352941176512,历史5/8次成功; 当前距低点1.84%; 最新日涨幅-1.07%; 状态bottom_area; 底部未确认
35,81.17751241197914,72.74317128909114,300314,戴维医疗,bottom_area,2024-01-23,12.04,2023-12-25,16.2,2024-01-23,11.58,3.9723661485319437,6.131260794473222,28.518518518518515,25.679012345679013,False,-1.8744906275468654,4.986454963778743,4,5,4,80.0,30.21594681582777,40.253853127833196,2012-12-04; 2016-01-14; 2016-03-01; 2021-10-28,16.027633851468057,3.9723661485319437,历史4/5次成功; 当前距低点3.97%; 最新日涨幅-1.87%; 状态bottom_area; 底部未确认
36,80.99813063970082,69.28325677714791,300375,鹏翎股份,bottom_area,2024-01-23,4.27,2023-12-22,6.18,2024-01-23,4.21,1.4251781472683993,2.8503562945368195,31.87702265372168,30.90614886731392,False,0.0,2.7618672318805224,3,6,3,50.0,22.917542757633665,24.333925399644762,2015-06-30; 2015-07-03; 2019-08-15,18.574821852731603,1.4251781472683993,历史3/6次成功; 当前距低点1.43%; 最新日涨幅0.00%; 状态bottom_area; 底部未确认
37,80.3299027934741,68.15101670981409,688296,和达科技,bottom_area,2024-01-23,13.43,2024-01-02,18.26,2024-01-23,13.3,0.9774436090225488,5.939849624060144,27.163198247535597,26.45125958378971,False,-3.450754852624016,2.1840302102452074,1,1,1,100.0,25.535420098846778,25.535420098846778,2022-10-11,19.022556390977453,0.9774436090225488,历史1/1次成功; 当前距低点0.98%; 最新日涨幅-3.45%; 状态bottom_area; 底部未确认
38,80.09979884258554,68.5106193138022,002657,中科金财,bottom_area,2024-01-23,14.98,2023-12-04,21.44,2024-01-23,14.77,1.4218009478673044,3.114421123899803,31.110074626865682,30.130597014925375,False,-0.13333333333332975,2.693413409002191,4,8,4,50.0,41.1952982523637,56.540447504302946,2012-12-04; 2014-12-10; 2015-09-02; 2022-01-27,18.578199052132696,1.4218009478673044,历史4/8次成功; 当前距低点1.42%; 最新日涨幅-0.13%; 状态bottom_area; 底部未确认
39,79.57535643026749,68.60869872079043,301166,优宁维,bottom_area,2024-01-23,30.68,2023-11-08,44.54,2024-01-23,30.12,1.8592297476759585,2.9880478087649354,32.375392905253705,31.11809609339919,False,-0.19518542615484247,1.5003412399811058,2,4,2,50.0,47.08463734135277,61.69565217391303,2022-04-27; 2022-10-11,18.140770252324042,1.8592297476759585,历史2/4次成功; 当前距低点1.86%; 最新日涨幅-0.20%; 状态bottom_area; 底部未确认
40,79.39024329772724,69.87530777140788,301215,中汽股份,bottom_area,2024-01-23,5.17,2023-12-04,7.1,2024-01-23,5.02,2.988047808764948,3.386454183266949,29.295774647887324,27.183098591549292,False,1.1741682974559575,0.7288793103448276,2,3,2,66.66666666666666,25.813925315727303,28.03234501347709,2022-03-15; 2022-04-27,17.011952191235054,2.988047808764948,历史2/3次成功; 当前距低点2.99%; 最新日涨幅1.17%; 状态bottom_area; 底部未确认
41,79.32443280229697,71.18149172552484,600509,天富能源,bottom_area,2024-01-23,5.14,2023-12-12,7.08,2024-01-23,4.94,4.048582995951403,4.858299595141687,30.225988700564965,27.401129943502827,False,0.7843137254901933,1.2708406400396173,8,12,8,66.66666666666666,29.16986177219013,39.936102236421725,2005-07-19; 2007-06-26; 2007-11-13; 2009-08-20; 2018-07-20; 2019-05-06; 2020-02-04; 2022-01-28,15.951417004048599,4.048582995951403,历史8/12次成功; 当前距低点4.05%; 最新日涨幅0.78%; 状态bottom_area; 底部未确认
42,79.2550949995748,67.38245264747027,300200,高盟新材,bottom_area,2024-01-23,6.47,2024-01-02,8.87,2024-01-22,6.4,1.0937499999999907,7.656249999999989,27.846674182638097,27.05749718151071,False,-0.15432098765433278,1.6286213079173353,4,8,4,50.0,31.108616384248677,51.32924335378325,2015-06-30; 2016-01-14; 2018-10-12; 2020-02-04,18.90625000000001,1.0937499999999907,历史4/8次成功; 当前距低点1.09%; 最新日涨幅-0.15%; 状态bottom_area; 底部未确认
43,78.98472352169956,68.58055197775693,002676,顺威股份,bottom_area,2024-01-23,4.1,2023-11-21,5.83,2024-01-23,4.01,2.244389027431418,3.740648379052378,31.217838765008583,29.674099485420246,False,-1.4423076923077094,1.6978054513282173,3,5,3,60.0,29.987951399465256,39.33333333333333,2020-02-04; 2022-03-09; 2022-04-27,17.755610972568583,2.244389027431418,历史3/5次成功; 当前距低点2.24%; 最新日涨幅-1.44%; 状态bottom_area; 底部未确认
44,78.30648648648646,67.38,603273,天元智能,bottom_area,2024-01-23,20.35,2024-01-12,28.88,2024-01-22,20.0,1.750000000000007,8.000000000000007,30.747922437673125,29.536011080332404,False,0.5931784478497404,9.829749250049648,1,2,1,50.0,201.34228187919464,201.34228187919464,2023-10-24,18.249999999999993,1.750000000000007,历史1/2次成功; 当前距低点1.75%; 最新日涨幅0.59%; 状态bottom_area; 底部未确认
45,78.23503018276142,68.97035555585546,002495,佳隆股份,bottom_area,2024-01-23,2.68,2024-01-03,3.61,2024-01-22,2.6,3.0769230769230793,10.769230769230761,27.97783933518005,25.761772853185587,False,0.3745318352059934,3.4920830568894723,5,9,5,55.55555555555556,29.4454370018881,38.07339449541283,2011-08-09; 2012-12-04; 2015-06-23; 2015-07-16; 2022-04-27,16.92307692307692,3.0769230769230793,历史5/9次成功; 当前距低点3.08%; 最新日涨幅0.37%; 状态bottom_area; 底部未确认
46,77.56876312952619,67.84894801598675,603392,万泰生物,bottom_area,2024-01-23,64.36,2024-01-08,88.0,2024-01-22,62.7,2.6475279106858,7.145135566188205,28.749999999999996,26.863636363636363,False,1.354330708661422,0.9473084536377021,2,4,2,50.0,30.189847593281584,34.871138518820196,2021-09-17; 2022-05-31,17.3524720893142,2.6475279106858,历史2/4次成功; 当前距低点2.65%; 最新日涨幅1.35%; 状态bottom_area; 底部未确认
47,77.20673181463118,68.77566302193132,002877,智能自控,bottom_area,2024-01-23,8.81,2024-01-10,12.21,2024-01-23,8.5,3.647058823529418,4.470588235294127,30.384930384930392,27.846027846027848,False,0.6857142857142895,4.729858210925986,3,6,3,50.0,47.42450075042143,92.04892966360853,2018-02-07; 2018-06-01; 2020-02-04,16.352941176470583,3.647058823529418,历史3/6次成功; 当前距低点3.65%; 最新日涨幅0.69%; 状态bottom_area; 底部未确认
48,77.0384091915704,67.6579450912672,000795,英洛华,bottom_area,2024-01-23,5.02,2023-12-13,6.71,2024-01-23,4.88,2.868852459016387,3.2786885245901667,27.272727272727277,25.186289120715355,False,0.40000000000000036,0.895444773961513,6,12,6,50.0,31.87596074099221,50.505050505050505,2009-08-18; 2015-06-30; 2018-06-22; 2019-06-06; 2020-02-04; 2022-01-28,17.131147540983616,2.868852459016387,历史6/12次成功; 当前距低点2.87%; 最新日涨幅0.40%; 状态bottom_area; 底部未确认
49,76.93513981318453,68.43923480313963,002761,浙江建投,bottom_area,2024-01-23,8.99,2023-10-25,12.88,2024-01-23,8.68,3.5714285714285774,3.917050691244238,32.60869565217392,30.20186335403727,False,2.1590909090908994,1.630863461260421,3,6,3,50.0,44.68866637632674,60.40955631399317,2019-01-31; 2019-08-15; 2022-05-25,16.428571428571423,3.5714285714285774,历史3/6次成功; 当前距低点3.57%; 最新日涨幅2.16%; 状态bottom_area; 底部未确认
50,76.89538817326888,67.74689072497503,002442,龙星科技,bottom_area,2024-01-23,5.08,2024-01-04,7.07,2024-01-23,4.93,3.0425963488843886,4.259634888438133,30.268741159830277,28.147100424328148,False,-0.39215686274508554,3.5371042413795566,5,8,5,62.5,29.873711830276534,35.84905660377359,2012-12-04; 2015-06-30; 2015-11-30; 2016-01-14; 2022-04-27,16.957403651115612,3.0425963488843886,历史5/8次成功; 当前距低点3.04%; 最新日涨幅-0.39%; 状态bottom_area; 底部未确认
51,76.76685583073646,67.67604395604397,300735,光弘科技,bottom_area,2024-01-23,18.09,2023-12-29,24.1,2024-01-22,17.55,3.0769230769230718,8.660968660968658,27.178423236514526,24.937759336099592,False,2.6091888825864995,3.0322799449114464,3,7,3,42.857142857142854,50.43111523258737,93.48973607038124,2021-05-12; 2022-04-27; 2023-10-20,16.92307692307693,3.0769230769230718,历史3/7次成功; 当前距低点3.08%; 最新日涨幅2.61%; 状态bottom_area; 底部未确认
52,76.76108567543677,66.76045859000746,300252,金信诺,bottom_area,2024-01-23,7.45,2023-12-04,10.38,2024-01-23,7.28,2.335164835164834,3.159340659340653,29.86512524084779,28.227360308285164,False,1.085481682496603,1.3278425628666095,5,11,5,45.45454545454545,30.357272021513175,44.2369607211848,2012-12-04; 2013-06-25; 2015-09-02; 2016-01-29; 2022-10-10,17.664835164835168,2.335164835164834,历史5/11次成功; 当前距低点2.34%; 最新日涨幅1.09%; 状态bottom_area; 底部未确认
53,76.70700619230378,67.40343365907881,300319,麦捷科技,bottom_area,2024-01-23,7.81,2023-11-07,11.07,2024-01-23,7.59,2.898550724637678,3.293807641633729,31.436314363143637,29.448961156278237,False,1.1658031088082943,1.8232209244819608,4,8,4,50.0,30.871662963724255,40.64064064064065,2012-07-18; 2016-03-01; 2018-10-19; 2020-02-04,17.101449275362324,2.898550724637678,历史4/8次成功; 当前距低点2.90%; 最新日涨幅1.17%; 状态bottom_area; 底部未确认
54,76.6903024429563,65.75694936315416,300016,北陆药业,bottom_area,2024-01-23,5.87,2023-11-13,8.32,2024-01-23,5.78,1.5570934256055338,3.979238754325251,30.52884615384615,29.447115384615387,False,-1.67504187604689,1.620097234506764,4,8,4,50.0,28.049045019004154,32.639999999999986,2010-02-03; 2015-08-04; 2017-01-17; 2022-04-27,18.44290657439447,1.5570934256055338,历史4/8次成功; 当前距低点1.56%; 最新日涨幅-1.68%; 状态bottom_area; 底部未确认
55,76.55107501896194,67.5450661932017,600812,华北制药,bottom_area,2024-01-23,4.62,2023-11-30,6.66,2024-01-23,4.48,3.124999999999993,3.7946428571428554,32.73273273273273,30.630630630630627,False,0.2169197396963085,1.0243684495141192,7,16,7,43.75,47.95062469463277,93.5275080906149,1994-03-11; 1994-08-10; 1994-08-30; 1998-08-18; 2012-01-06; 2012-12-04; 2020-03-19,16.875000000000007,3.124999999999993,历史7/16次成功; 当前距低点3.12%; 最新日涨幅0.22%; 状态bottom_area; 底部未确认
56,76.53264338467002,67.10800035658751,300381,溢多利,bottom_area,2024-01-23,5.91,2023-10-31,8.27,2024-01-23,5.75,2.7826086956521765,5.043478260869566,30.471584038694072,28.53688029020556,False,-1.9900497512437831,1.73576014242511,3,5,3,60.0,28.668538616529432,33.457711442786085,2015-09-02; 2018-02-02; 2019-11-12,17.217391304347824,2.7826086956521765,历史3/5次成功; 当前距低点2.78%; 最新日涨幅-1.99%; 状态bottom_area; 底部未确认
57,76.53070153920574,68.93989968177193,300187,永清环保,bottom_area,2024-01-23,4.65,2024-01-12,6.15,2024-01-23,4.46,4.260089686098664,4.48430493273543,27.47967479674797,24.390243902439025,False,1.3071895424836777,0.8260620529010267,6,10,6,60.0,34.15539874234878,45.32967032967032,2012-12-04; 2015-06-23; 2016-03-01; 2019-01-31; 2020-02-04; 2020-09-10,15.739910313901337,4.260089686098664,历史6/10次成功; 当前距低点4.26%; 最新日涨幅1.31%; 状态bottom_area; 底部未确认
58,76.44581881213952,68.08455737956176,002081,金螳螂,bottom_area,2024-01-23,3.42,2023-09-04,4.76,2024-01-23,3.3,3.63636363636364,4.242424242424246,30.672268907563026,28.15126050420168,False,2.0895522388059584,0.49704576415347534,3,5,3,60.0,21.91111005629487,22.905457340507308,2013-07-29; 2015-08-26; 2018-07-06,16.36363636363636,3.63636363636364,历史3/5次成功; 当前距低点3.64%; 最新日涨幅2.09%; 状态bottom_area; 底部未确认
59,76.22800079844389,65.16871621621618,300508,维宏股份,bottom_area,2024-01-23,22.51,2023-11-21,32.05,2024-01-23,22.2,1.3963963963964068,4.054054054054064,30.733229329173163,29.76599063962557,False,-1.9172113289760206,2.2449341566011216,3,8,3,37.5,55.003410251403395,92.9530201342282,2018-02-06; 2018-10-12; 2021-08-18,18.603603603603595,1.3963963963964068,历史3/8次成功; 当前距低点1.40%; 最新日涨幅-1.92%; 状态bottom_area; 底部未确认
60,76.17130056647686,65.60418372488469,300101,振芯科技,bottom_area,2024-01-23,16.39,2023-12-29,22.83,2024-01-23,16.1,1.8012422360248395,2.7329192546583707,29.478756022777038,28.208497590889177,False,-0.9667673716012071,2.289254611513154,7,14,7,50.0,30.220516252802838,44.650929181315924,2012-01-19; 2012-12-04; 2015-08-03; 2015-09-08; 2016-01-12; 2022-03-09; 2023-10-26,18.198757763975163,1.8012422360248395,历史7/14次成功; 当前距低点1.80%; 最新日涨幅-0.97%; 状态bottom_area; 底部未确认
61,76.14511553457174,66.88192625637049,603158,腾龙股份,bottom_area,2024-01-23,7.87,2023-12-25,10.87,2024-01-22,7.65,2.875816993464049,7.581699346405229,29.622815087396496,27.598896044158227,True,2.075226977950706,3.573525892058855,2,5,2,40.0,40.26230645950821,45.253807106598984,2015-06-30; 2022-04-27,17.124183006535954,2.875816993464049,历史2/5次成功; 当前距低点2.88%; 最新日涨幅2.08%; 状态bottom_area; 底部已确认
62,76.03951275611304,65.41376464541825,600305,恒顺醋业,bottom_area,2024-01-23,8.2,2023-08-04,11.43,2024-01-23,8.06,1.736972704714625,2.3573200992555767,29.4838145231846,28.25896762904637,False,-0.4854368932038944,0.3703666084937303,5,10,5,50.0,28.40893769982583,34.796642995480944,2007-06-05; 2012-11-29; 2015-06-30; 2015-08-26; 2020-06-12,18.263027295285376,1.736972704714625,历史5/10次成功; 当前距低点1.74%; 最新日涨幅-0.49%; 状态bottom_area; 底部未确认
63,75.8256112699772,66.2577107942703,000813,德展健康,bottom_area,2024-01-23,2.77,2023-11-24,3.74,2024-01-23,2.7,2.592592592592587,2.962962962962949,27.807486631016044,25.935828877005353,False,0.36231884057971175,1.2217990744203837,6,13,6,46.15384615384615,29.294741426781723,49.99999999999999,2001-02-23; 2004-08-20; 2008-03-18; 2011-04-19; 2016-01-27; 2022-04-27,17.407407407407415,2.592592592592587,历史6/13次成功; 当前距低点2.59%; 最新日涨幅0.36%; 状态bottom_area; 底部未确认
64,75.78465767137702,68.561338433438,300593,新雷能,bottom_area,2024-01-23,11.39,2023-12-25,15.75,2024-01-23,10.9,4.495412844036699,5.596330275229352,30.79365079365079,27.68253968253968,False,1.878354203935606,2.4197853926620003,2,3,2,66.66666666666666,37.22695188803755,48.95424836601306,2020-02-04; 2023-10-24,15.5045871559633,4.495412844036699,历史2/3次成功; 当前距低点4.50%; 最新日涨幅1.88%; 状态bottom_area; 底部未确认
65,75.76712968214991,65.56770837878358,603590,康辰药业,bottom_area,2024-01-23,30.69,2023-11-29,41.95,2024-01-23,30.07,2.061855670103096,3.0595277685400672,28.319427890345654,26.841477949940405,False,0.032594524119944346,0.9819654086517008,1,2,1,50.0,44.07924358397118,44.07924358397118,2022-04-27,17.938144329896904,2.061855670103096,历史1/2次成功; 当前距低点2.06%; 最新日涨幅0.03%; 状态bottom_area; 底部未确认
66,75.72513350418188,67.168794864281,688320,禾川科技,bottom_area,2024-01-23,30.6,2023-12-29,41.17,2024-01-23,29.59,3.4133153092260957,4.731328151402496,28.127277143551133,25.67403449113432,False,1.5936254980079667,1.532311294964117,2,4,2,50.0,35.920181555465064,38.29133374308544,2022-10-12; 2023-10-23,16.586684690773907,3.4133153092260957,历史2/4次成功; 当前距低点3.41%; 最新日涨幅1.59%; 状态bottom_area; 底部未确认
67,75.44977817730773,64.2040072681126,688176,亚虹医药,bottom_area,2024-01-23,7.97,2023-12-29,10.92,2024-01-23,7.88,1.1421319796954297,2.6649746192893398,27.83882783882784,27.014652014652018,False,0.12562814070351536,1.5739550039588261,1,2,1,50.0,25.473484848484844,25.473484848484844,2022-04-27,18.857868020304572,1.1421319796954297,历史1/2次成功; 当前距低点1.14%; 最新日涨幅0.13%; 状态bottom_area; 底部未确认
68,75.38326092802822,65.03772511848341,300636,同和药业,bottom_area,2024-01-23,8.6,2023-11-20,12.05,2024-01-23,8.44,1.8957345971564,3.31753554502371,29.9585062240664,28.63070539419088,False,-0.6928406466512715,0.8258435956865526,2,5,2,40.0,78.42120189867751,122.63187748156552,2021-01-13; 2022-04-27,18.104265402843602,1.8957345971564,历史2/5次成功; 当前距低点1.90%; 最新日涨幅-0.69%; 状态bottom_area; 底部未确认
69,75.31858904708825,64.59062032770504,300161,华中数控,bottom_area,2024-01-23,27.25,2023-12-13,39.02,2024-01-23,26.83,1.565411852404032,3.0935519940365332,31.24038954382369,30.164018452075865,False,0.7393715341959206,1.313833297207811,3,8,3,37.5,26.490641673044262,29.268292682926823,2012-12-04; 2014-09-11; 2018-10-19,18.43458814759597,1.565411852404032,历史3/8次成功; 当前距低点1.57%; 最新日涨幅0.74%; 状态bottom_area; 底部未确认
70,75.19548087583745,64.33289929565136,301181,标榜股份,bottom_area,2024-01-23,22.6,2023-11-29,31.67,2024-01-23,22.28,1.4362657091561952,2.5134649910233335,29.649510577833915,28.639090622039788,False,-1.0507880910682998,0.825176000683053,2,5,2,40.0,40.578414583481106,50.795180722891565,2022-04-27; 2022-08-08,18.563734290843804,1.4362657091561952,历史2/5次成功; 当前距低点1.44%; 最新日涨幅-1.05%; 状态bottom_area; 底部未确认
71,75.18993041593606,65.37640898136789,300961,深水海纳,bottom_area,2024-01-23,9.26,2024-01-12,12.98,2024-01-23,9.05,2.320441988950266,5.966850828729272,30.27734976887519,28.65947611710324,False,-3.0366492146596924,2.3377689530616306,2,3,2,66.66666666666666,26.130914244665775,27.118644067796616,2021-07-28; 2022-01-28,17.679558011049735,2.320441988950266,历史2/3次成功; 当前距低点2.32%; 最新日涨幅-3.04%; 状态bottom_area; 底部未确认
72,75.07416692554769,64.88870302736476,000665,湖北广电,bottom_area,2024-01-23,4.09,2023-12-14,5.66,2024-01-23,4.01,1.9950124688279323,2.992518703241898,29.151943462897535,27.738515901060072,False,0.49140049140048436,1.0305598719022355,7,18,7,38.88888888888889,30.350049645538853,58.752997601918466,1997-01-07; 2008-04-03; 2008-09-18; 2011-06-22; 2012-12-04; 2020-02-04; 2022-04-18,18.004987531172066,1.9950124688279323,历史7/18次成功; 当前距低点2.00%; 最新日涨幅0.49%; 状态bottom_area; 底部未确认
73,75.03371571217043,65.95265322077026,002399,海普瑞,bottom_area,2024-01-23,9.18,2023-11-22,12.97,2024-01-23,8.92,2.9147982062780247,3.363228699551578,31.22590593677718,29.221279876638402,False,0.4376367614879584,0.5769796410489432,3,6,3,50.0,23.270930812280408,28.307123034227555,2015-06-30; 2015-09-30; 2022-04-27,17.08520179372198,2.9147982062780247,历史3/6次成功; 当前距低点2.91%; 最新日涨幅0.44%; 状态bottom_area; 底部未确认
74,74.9890172792908,66.35988708580143,300151,昌红科技,bottom_area,2024-01-23,14.15,2023-12-04,19.85,2024-01-23,13.7,3.284671532846723,4.233576642335767,30.982367758186406,28.715365239294716,False,0.49715909090908283,1.0380111843911446,4,8,4,50.0,29.99429129404283,40.46890927624871,2012-12-04; 2016-03-01; 2017-01-17; 2022-03-09,16.715328467153277,3.284671532846723,历史4/8次成功; 当前距低点3.28%; 最新日涨幅0.50%; 状态bottom_area; 底部未确认
75,74.90765680059768,65.90552384440677,603121,华培动力,bottom_area,2024-01-23,7.98,2024-01-08,11.19,2024-01-23,7.75,2.9677419354838768,4.258064516129033,30.741733690795346,28.68632707774798,False,-0.992555831265507,2.3970729465988603,3,5,3,60.0,24.472986329623662,26.97525937749402,2019-05-08; 2020-02-04; 2020-06-29,17.032258064516125,2.9677419354838768,历史3/5次成功; 当前距低点2.97%; 最新日涨幅-0.99%; 状态bottom_area; 底部未确认
76,74.89543104588523,64.88332142604129,300421,力星股份,bottom_area,2024-01-23,9.63,2023-12-28,13.1,2024-01-23,9.43,2.1208907741251437,5.514316012725341,28.015267175572518,26.4885496183206,False,-2.0345879959308144,5.497241191390105,3,6,3,50.0,30.26318489810007,43.59974009096816,2018-02-07; 2020-02-04; 2021-10-13,17.879109225874856,2.1208907741251437,历史3/6次成功; 当前距低点2.12%; 最新日涨幅-2.03%; 状态bottom_area; 底部未确认
77,74.6385304593645,66.58624086623807,002337,赛象科技,bottom_area,2024-01-23,4.73,2024-01-11,6.42,2024-01-23,4.56,3.728070175438615,3.947368421052645,28.971962616822434,26.323987538940802,False,0.6382978723404209,2.6183319814173,4,8,4,50.0,36.6464562700974,60.465116279069754,2013-06-25; 2015-05-07; 2019-02-01; 2022-08-08,16.271929824561386,3.728070175438615,历史4/8次成功; 当前距低点3.73%; 最新日涨幅0.64%; 状态bottom_area; 底部未确认
78,74.58574706227657,63.50019326809171,300538,同益股份,bottom_area,2024-01-23,14.71,2024-01-02,20.45,2024-01-22,14.54,1.169188445667137,9.697386519944981,28.899755501222497,28.068459657701705,False,-0.7422402159244279,2.9519314249774236,3,7,3,42.857142857142854,26.637173939700038,30.150753768844226,2019-07-08; 2021-02-08; 2022-04-27,18.830811554332865,1.169188445667137,历史3/7次成功; 当前距低点1.17%; 最新日涨幅-0.74%; 状态bottom_area; 底部未确认
79,74.572145168113,65.32154305195019,600343,航天动力,bottom_area,2024-01-23,8.29,2024-01-04,11.23,2024-01-23,8.07,2.7261462205699982,3.221809169764557,28.138913624220834,26.179875333926994,False,0.6067961165048485,0.8241847697685971,9,21,9,42.857142857142854,33.04154765280218,55.72413793103447,2005-07-19; 2008-04-02; 2008-11-03; 2009-08-19; 2009-09-02; 2015-06-30; 2020-02-04; 2022-02-07; 2022-04-27,17.273853779430006,2.7261462205699982,历史9/21次成功; 当前距低点2.73%; 最新日涨幅0.61%; 状态bottom_area; 底部未确认
80,74.45354361219813,63.78630240199256,002347,泰尔股份,bottom_area,2024-01-23,4.7,2024-01-12,6.76,2024-01-23,4.63,1.5118790496760321,3.887688984881203,31.50887573964497,30.473372781065084,False,-0.4237288135593098,7.2667700241049475,4,9,4,44.44444444444444,28.936965183563473,33.1444759206799,2017-04-27; 2018-02-07; 2020-02-04; 2022-04-26,18.488120950323967,1.5118790496760321,历史4/9次成功; 当前距低点1.51%; 最新日涨幅-0.42%; 状态bottom_area; 底部未确认
81,74.4324999074483,66.05884366786037,300166,东方国信,bottom_area,2024-01-23,7.81,2023-12-12,10.76,2024-01-23,7.55,3.4437086092715203,3.9735099337748316,29.83271375464684,27.416356877323423,False,2.493438320209962,2.047453982830009,3,7,3,42.857142857142854,45.80145551382182,50.36290322580644,2014-12-10; 2015-07-07; 2015-09-02,16.556291390728482,3.4437086092715203,历史3/7次成功; 当前距低点3.44%; 最新日涨幅2.49%; 状态bottom_area; 底部未确认
82,74.23170775613185,65.16830097445394,600613,神奇制药,bottom_area,2024-01-23,6.5,2023-12-01,9.09,2024-01-23,6.32,2.84810126582278,3.6392405063291062,30.473047304730468,28.49284928492849,False,0.46367851622874934,1.1769590252858215,11,26,11,42.30769230769231,34.903074518977895,79.72972972972973,1992-08-24; 1993-03-10; 1994-03-10; 1994-10-05; 1995-04-27; 1996-11-01; 2002-01-23; 2008-03-18; 2008-09-18; 2012-01-06; 2017-01-16,17.15189873417722,2.84810126582278,历史11/26次成功; 当前距低点2.85%; 最新日涨幅0.46%; 状态bottom_area; 底部未确认
83,74.18637698555203,63.58010333689372,300602,飞荣达,bottom_area,2024-01-23,13.26,2023-12-29,18.11,2024-01-22,13.06,1.5313935681470083,11.485451761102603,27.88514632799558,26.780784097183876,False,0.302571860816947,2.443476113230735,1,2,1,50.0,26.890756302520995,26.890756302520995,2021-02-09,18.468606431852994,1.5313935681470083,历史1/2次成功; 当前距低点1.53%; 最新日涨幅0.30%; 状态bottom_area; 底部未确认
84,74.04985420181247,63.76639961587245,000536,华映科技,bottom_area,2024-01-23,2.84,2023-12-29,4.03,2024-01-23,2.79,1.7921146953404954,3.9426523297490994,30.76923076923077,29.52853598014889,False,0.0,2.00352867728889,8,22,8,36.36363636363637,27.300406810232946,41.90283400809715,1995-04-27; 1996-08-27; 1997-05-26; 2004-10-26; 2009-04-13; 2009-09-29; 2015-09-02; 2020-02-04,18.207885304659506,1.7921146953404954,历史8/22次成功; 当前距低点1.79%; 最新日涨幅0.00%; 状态bottom_area; 底部未确认
85,74.04173956043955,64.66527472527473,002330,得利斯,bottom_area,2024-01-23,4.8,2023-12-06,6.61,2024-01-23,4.68,2.5641025641025665,2.991452991453004,29.198184568835106,27.382753403933442,False,-0.8264462809917328,1.5190288699382897,3,7,3,42.857142857142854,68.35845891996996,148.3574244415243,2015-09-08; 2018-10-19; 2020-02-04,17.435897435897434,2.5641025641025665,历史3/7次成功; 当前距低点2.56%; 最新日涨幅-0.83%; 状态bottom_area; 底部未确认
86,74.0391622423246,65.62104539322276,688609,九联科技,bottom_area,2024-01-23,10.43,2024-01-15,14.38,2024-01-23,10.09,3.369672943508423,6.6402378592666,29.833101529902645,27.46870653685675,False,-0.2868068833652093,5.83334,2,3,2,66.66666666666666,30.092650740619796,30.853994490358133,2021-06-16; 2022-04-27,16.630327056491577,3.369672943508423,历史2/3次成功; 当前距低点3.37%; 最新日涨幅-0.29%; 状态bottom_area; 底部未确认
87,73.97681948784557,65.04361424084364,600626,申达股份,bottom_area,2024-01-23,3.16,2023-12-29,4.42,2024-01-23,3.07,2.931596091205222,4.560260586319222,30.542986425339368,28.506787330316737,False,0.31746031746031633,1.115942058620685,7,17,7,41.17647058823529,37.70718108458461,58.98617511520739,1993-03-10; 1994-03-10; 1994-10-05; 2005-07-22; 2012-07-17; 2015-05-07; 2018-02-09,17.068403908794778,2.931596091205222,历史7/17次成功; 当前距低点2.93%; 最新日涨幅0.32%; 状态bottom_area; 底部未确认
88,73.87751850392893,65.22583491910363,300676,华大基因,bottom_area,2024-01-23,40.5,2023-11-21,55.58,2024-01-23,39.26,3.1584309730005145,3.897096281202245,29.363080244692334,27.13206189276718,False,2.015113350125941,0.48001937888058793,2,4,2,50.0,22.349771707230076,23.258538343696497,2018-02-06; 2021-03-25,16.841569026999487,3.1584309730005145,历史2/4次成功; 当前距低点3.16%; 最新日涨幅2.02%; 状态bottom_area; 底部未确认
89,73.76048120030687,64.31431603296512,000546,金圆股份,bottom_area,2024-01-23,7.04,2024-01-16,9.77,2024-01-22,6.87,2.4745269286753993,9.170305676855893,29.682702149437045,27.94268167860798,False,1.8813314037626538,5.475098810506192,8,25,8,32.0,48.06579263626357,166.41221374045801,1994-08-03; 1994-10-07; 1997-05-26; 2005-07-12; 2007-09-12; 2007-10-29; 2018-10-18; 2020-02-04,17.5254730713246,2.4745269286753993,历史8/25次成功; 当前距低点2.47%; 最新日涨幅1.88%; 状态bottom_area; 底部未确认
90,73.70883755881107,63.73646541850133,688286,敏芯股份,bottom_area,2024-01-23,48.51,2024-01-04,67.28,2024-01-23,47.55,2.0189274447949543,4.942166140904314,29.32520808561237,27.898335315101075,False,-1.0000000000000009,2.1430686591562598,2,4,2,50.0,22.847419315235673,25.016501650165008,2023-05-10; 2023-08-25,17.981072555205046,2.0189274447949543,历史2/4次成功; 当前距低点2.02%; 最新日涨幅-1.00%; 状态bottom_area; 底部未确认
91,73.68152730833668,64.51377967089387,002957,科瑞技术,bottom_area,2024-01-23,14.44,2023-12-29,19.68,2024-01-23,14.06,2.7027027027026955,3.9829302987197632,28.556910569105685,26.626016260162604,False,-0.06920415224913601,1.6243720596090285,2,4,2,50.0,35.40828942503236,43.38602329450915,2020-02-04; 2023-08-25,17.297297297297305,2.7027027027026955,历史2/4次成功; 当前距低点2.70%; 最新日涨幅-0.07%; 状态bottom_area; 底部未确认
92,73.59948564298519,63.013258255980475,300507,苏奥传感,bottom_area,2024-01-23,5.5,2023-12-13,7.43,2024-01-23,5.42,1.4760147601476028,2.583025830258297,27.052489905787347,25.975773889636606,False,-0.5424954792043413,1.6692052695734994,4,10,4,40.0,33.97081671568287,48.92221180880975,2018-02-09; 2019-05-06; 2020-02-04; 2022-04-27,18.523985239852397,1.4760147601476028,历史4/10次成功; 当前距低点1.48%; 最新日涨幅-0.54%; 状态bottom_area; 底部未确认
93,73.51262898446274,63.84598750307369,600468,百利电气,bottom_area,2024-01-23,4.98,2023-12-29,6.98,2024-01-23,4.87,2.25872689938399,3.4907597535934274,30.229226361031518,28.653295128939828,False,0.809716599190291,1.7558775356941443,5,13,5,38.46153846153847,28.902606632630025,36.741214057507996,2001-10-22; 2005-12-08; 2008-01-23; 2008-04-03; 2020-02-04,17.741273100616013,2.25872689938399,历史5/13次成功; 当前距低点2.26%; 最新日涨幅0.81%; 状态bottom_area; 底部未确认
94,73.50766603415565,63.96645161290325,002255,海陆重工,bottom_area,2024-01-23,4.76,2024-01-04,6.44,2024-01-23,4.65,2.36559139784945,4.086021505376333,27.795031055900623,26.08695652173914,False,-1.449275362318847,4.539069346185252,4,10,4,40.0,68.07758899660088,162.29508196721315,2019-01-31; 2020-02-04; 2020-03-02; 2021-10-13,17.63440860215055,2.36559139784945,历史4/10次成功; 当前距低点2.37%; 最新日涨幅-1.45%; 状态bottom_area; 底部未确认
95,73.19861978665234,63.0117243500594,300446,航天智造,bottom_area,2024-01-23,13.2,2023-11-28,17.93,2024-01-23,12.97,1.773323053199681,2.6985350809560495,27.663134411600666,26.38036809815951,False,0.917431192660545,1.161338936652717,3,11,3,27.27272727272727,42.70963344325585,51.92697768762679,2020-02-04; 2020-11-03; 2022-04-27,18.226676946800318,1.773323053199681,历史3/11次成功; 当前距低点1.77%; 最新日涨幅0.92%; 状态bottom_area; 底部未确认
96,73.197406063177,65.28417297526596,301308,江波龙,bottom_area,2024-01-23,72.6,2023-12-14,100.0,2024-01-22,70.0,3.714285714285706,7.900000000000001,30.0,27.40000000000001,False,1.5952980688497043,1.1356673707386074,2,4,2,50.0,29.477120450738543,32.89363484087102,2022-08-09; 2022-10-12,16.285714285714295,3.714285714285706,历史2/4次成功; 当前距低点3.71%; 最新日涨幅1.60%; 状态bottom_area; 底部未确认
97,73.14660989885877,63.68116105693328,600206,有研新材,bottom_area,2024-01-23,10.28,2023-11-09,14.13,2024-01-23,10.04,2.3904382470119545,3.0876494023904435,28.945506015569723,27.246992215145088,False,0.7843137254901933,0.8503420671539119,6,15,6,40.0,26.297635807099645,31.707317073170753,2008-06-19; 2009-08-19; 2011-08-09; 2012-12-04; 2015-07-29; 2019-05-08,17.609561752988046,2.3904382470119545,历史6/15次成功; 当前距低点2.39%; 最新日涨幅0.78%; 状态bottom_area; 底部未确认
98,73.09193855534934,65.7431999179089,002362,汉王科技,bottom_area,2024-01-23,19.95,2024-01-08,27.2,2024-01-23,19.15,4.177545691906009,5.796344647519598,29.595588235294123,26.65441176470588,False,2.2028688524590168,5.063780623377523,6,11,6,54.54545454545454,27.7751930840667,47.466666666666676,2010-09-30; 2011-01-27; 2012-12-04; 2013-10-29; 2015-07-29; 2018-02-07,15.822454308093992,4.177545691906009,历史6/11次成功; 当前距低点4.18%; 最新日涨幅2.20%; 状态bottom_area; 底部未确认
99,73.07460395604134,64.61082437875108,300034,钢研高纳,bottom_area,2024-01-23,16.26,2024-01-02,21.69,2024-01-23,15.75,3.2380952380952484,4.126984126984118,27.385892116182575,25.03457814661134,False,1.4981273408239737,1.4677923711231424,4,9,4,44.44444444444444,32.0568301639631,44.0983606557377,2015-07-29; 2016-01-14; 2016-05-19; 2020-02-04,16.761904761904752,3.2380952380952484,历史4/9次成功; 当前距低点3.24%; 最新日涨幅1.50%; 状态bottom_area; 底部未确认
100,72.85921863978339,64.1235470171563,300323,华灿光电,bottom_area,2024-01-23,5.52,2023-12-29,7.54,2024-01-23,5.36,2.9850746268656576,5.597014925373131,28.91246684350132,26.790450928381972,False,-1.0752688172043112,1.0137375585290904,3,6,3,50.0,36.77159766887099,55.76592082616181,2017-01-16; 2018-06-26; 2020-02-04,17.014925373134343,2.9850746268656576,历史3/6次成功; 当前距低点2.99%; 最新日涨幅-1.08%; 状态bottom_area; 底部未确认
101,72.85249617972558,63.169229934924076,301281,科源制药,bottom_area,2024-01-23,28.26,2023-12-13,38.99,2024-01-23,27.66,2.1691973969631286,3.506869125090379,29.05873300846371,27.51987689151064,False,0.4978662873399653,1.5144040624954838,1,2,1,50.0,32.500000000000014,32.500000000000014,2023-08-29,17.830802603036872,2.1691973969631286,历史1/2次成功; 当前距低点2.17%; 最新日涨幅0.50%; 状态bottom_area; 底部未确认
102,72.73993561972453,62.77233936842681,601800,中国交建,bottom_area,2024-01-23,6.94,2023-08-28,10.1,2024-01-23,6.81,1.9089574155653568,2.64317180616741,32.57425742574257,31.287128712871283,False,-0.2873563218390718,0.26609398444995935,1,2,1,50.0,49.64925954793452,49.64925954793452,2015-07-03,18.091042584434643,1.9089574155653568,历史1/2次成功; 当前距低点1.91%; 最新日涨幅-0.29%; 状态bottom_area; 底部未确认
103,72.69632750340219,64.76084382360796,000401,金隅冀东,bottom_area,2024-01-23,5.68,2023-10-25,7.62,2024-01-23,5.48,3.649635036496337,4.379562043795607,28.083989501312328,25.459317585301843,False,1.610017889087656,0.30851029086134935,10,21,10,47.61904761904761,31.02976084055601,53.51562499999998,1998-08-18; 2006-05-24; 2007-06-05; 2008-09-18; 2012-09-05; 2015-05-07; 2015-06-30; 2018-07-05; 2020-02-04; 2022-11-01,16.350364963503665,3.649635036496337,历史10/21次成功; 当前距低点3.65%; 最新日涨幅1.61%; 状态bottom_area; 底部未确认
104,72.46912424118773,63.88725426525762,600100,同方股份,bottom_area,2024-01-23,6.03,2023-12-12,8.33,2024-01-22,5.85,3.0769230769230873,7.863247863247863,29.771908763505404,27.611044417767104,False,2.203389830508473,1.0863064132451659,6,14,6,42.857142857142854,29.63016295276174,36.65430954587581,2001-02-16; 2002-01-18; 2008-04-22; 2014-05-09; 2015-06-30; 2018-06-22,16.923076923076913,3.0769230769230873,历史6/14次成功; 当前距低点3.08%; 最新日涨幅2.20%; 状态bottom_area; 底部未确认
105,72.4523982220386,63.88041139396019,300168,万达信息,bottom_area,2024-01-23,7.02,2023-12-12,9.51,2024-01-23,6.81,3.083700440528634,3.8179148311307003,28.391167192429023,26.182965299684547,False,2.183406113537112,0.8062215876026843,3,8,3,37.5,41.28359353959932,66.82352941176471,2015-08-04; 2015-09-02; 2020-02-04,16.91629955947137,3.083700440528634,历史3/8次成功; 当前距低点3.08%; 最新日涨幅2.18%; 状态bottom_area; 底部未确认
106,72.41117875541816,64.6041732088411,601177,杭齿前进,bottom_area,2024-01-23,8.06,2024-01-02,10.72,2024-01-23,7.77,3.7323037323037447,4.633204633204649,27.518656716417915,24.813432835820894,False,0.1242236024844745,2.303029545568165,3,6,3,50.0,26.042073755342148,30.007855459544388,2011-01-20; 2015-06-30; 2016-01-08,16.26769626769626,3.7323037323037447,历史3/6次成功; 当前距低点3.73%; 最新日涨幅0.12%; 状态bottom_area; 底部未确认
107,72.3646050814366,62.529818149227914,300007,汉威科技,bottom_area,2024-01-23,15.45,2024-01-02,21.15,2024-01-23,15.15,1.9801980198019733,3.498349834983494,28.368794326241126,26.95035460992908,False,1.245085190039319,3.660270406591467,3,11,3,27.27272727272727,42.654626577781265,54.92753623188405,2010-09-30; 2011-01-25; 2023-04-25,18.01980198019803,1.9801980198019733,历史3/11次成功; 当前距低点1.98%; 最新日涨幅1.25%; 状态bottom_area; 底部未确认
108,72.28829900846358,65.128024923326,600871,石化油服,bottom_area,2024-01-23,1.71,2023-08-28,2.27,2024-01-23,1.64,4.268292682926833,4.878048780487809,27.753303964757713,24.66960352422908,False,2.39520958083832,0.3719609766359926,7,15,7,46.666666666666664,42.650890181357546,106.80851063829789,1996-08-27; 1997-07-08; 1997-09-23; 1998-08-18; 2001-07-31; 2014-04-29; 2015-07-16,15.731707317073168,4.268292682926833,历史7/15次成功; 当前距低点4.27%; 最新日涨幅2.40%; 状态bottom_area; 底部未确认
109,72.25979425665648,63.868334278464125,300171,东富龙,bottom_area,2024-01-23,15.07,2023-11-09,20.2,2024-01-23,14.6,3.219178082191785,3.2876712328767157,27.72277227722772,25.39603960396039,False,2.031144211239,0.8031887193768797,4,9,4,44.44444444444444,27.833060186829478,32.678485864877814,2015-06-30; 2015-07-06; 2019-08-06; 2022-09-26,16.78082191780822,3.219178082191785,历史4/9次成功; 当前距低点3.22%; 最新日涨幅2.03%; 状态bottom_area; 底部未确认
110,72.22753876364708,62.05090093918408,688001,华兴源创,bottom_area,2024-01-23,25.67,2024-01-02,36.2,2024-01-23,25.25,1.66336633663367,2.8910891089108928,30.24861878453039,29.088397790055247,False,-0.7347254447022333,0.27425665454972586,2,5,2,40.0,31.093420358649794,35.3639240506329,2022-04-27; 2022-10-12,18.33663366336633,1.66336633663367,历史2/5次成功; 当前距低点1.66%; 最新日涨幅-0.73%; 状态bottom_area; 底部未确认
111,72.16807683711079,65.87499109557793,300975,商络电子,bottom_area,2024-01-23,7.16,2024-01-16,9.4,2024-01-23,6.82,4.985337243401757,6.011730205278594,27.4468085106383,23.829787234042556,False,1.5602836879432758,4.246989380710254,2,3,2,66.66666666666666,28.789749160576726,30.12048192771084,2022-04-27; 2023-10-23,15.014662756598243,4.985337243401757,历史2/3次成功; 当前距低点4.99%; 最新日涨幅1.56%; 状态bottom_area; 底部未确认
112,72.11404036852296,63.08348468042131,002467,二六三,bottom_area,2024-01-23,3.87,2023-12-08,5.18,2024-01-23,3.77,2.6525198938992065,3.183023872679048,27.220077220077215,25.289575289575282,False,1.0443864229765065,1.6413781372119547,5,13,5,38.46153846153847,29.63026902425535,43.69942196531791,2011-09-30; 2015-07-29; 2016-03-01; 2018-02-07; 2019-05-06,17.347480106100793,2.6525198938992065,历史5/13次成功; 当前距低点2.65%; 最新日涨幅1.04%; 状态bottom_area; 底部未确认
113,72.0958685191301,63.44436429683448,300633,开立医疗,bottom_area,2024-01-23,38.72,2023-11-30,52.3,2024-01-23,37.6,2.9787234042553123,4.202127659574463,28.10707456978967,25.965583173996176,False,1.175855761693212,1.1398362586448143,1,2,1,50.0,43.90243902439025,43.90243902439025,2018-02-07,17.021276595744688,2.9787234042553123,历史1/2次成功; 当前距低点2.98%; 最新日涨幅1.18%; 状态bottom_area; 底部未确认
114,72.03846906282199,63.07515724394551,000561,烽火电子,bottom_area,2024-01-23,6.84,2024-01-05,9.14,2024-01-23,6.66,2.702702702702698,3.3033033033032995,27.13347921225383,25.164113785557994,False,0.8849557522123908,0.9948505253390083,8,21,8,38.095238095238095,30.994292761971593,66.28440366972475,1998-03-04; 1998-08-18; 1999-01-05; 2007-10-29; 2012-12-04; 2015-09-08; 2020-02-04; 2023-04-25,17.297297297297305,2.702702702702698,历史8/21次成功; 当前距低点2.70%; 最新日涨幅0.88%; 状态bottom_area; 底部未确认
115,72.02768774259765,61.92084992765776,300847,中船汉光,bottom_area,2024-01-23,13.16,2024-01-02,17.94,2024-01-23,12.94,1.7001545595054144,2.6275115919629046,27.870680044593094,26.644370122630995,False,0.15220700152207556,1.5680889159150029,1,2,1,50.0,20.038722168441435,20.038722168441435,2022-04-27,18.299845440494586,1.7001545595054144,历史1/2次成功; 当前距低点1.70%; 最新日涨幅0.15%; 状态bottom_area; 底部未确认
116,71.97795214123813,62.13575857016813,300112,万讯自控,bottom_area,2024-01-23,8.99,2024-01-09,12.14,2024-01-23,8.82,1.9274376417233552,3.7414965986394564,27.347611202635914,25.947281713344317,False,-0.6629834254143652,3.9457337584615817,3,7,3,42.857142857142854,28.59617108531614,41.134751773049636,2020-02-04; 2021-10-12; 2023-05-15,18.072562358276645,1.9274376417233552,历史3/7次成功; 当前距低点1.93%; 最新日涨幅-0.66%; 状态bottom_area; 底部未确认
117,71.82575257243076,62.30238760929559,300942,易瑞生物,bottom_area,2024-01-23,9.8,2023-11-13,14.05,2024-01-23,9.59,2.189781021897819,2.8154327424400374,31.743772241992886,30.249110320284693,False,0.512820512820511,0.5528566361754886,1,2,1,50.0,28.091872791519428,28.091872791519428,2021-03-05,17.81021897810218,2.189781021897819,历史1/2次成功; 当前距低点2.19%; 最新日涨幅0.51%; 状态bottom_area; 底部未确认
118,71.82378059063495,61.162867480777905,002861,瀛通通讯,bottom_area,2024-01-23,11.13,2024-01-02,15.38,2024-01-23,11.0,1.181818181818189,4.818181818181812,28.478543563068925,27.633289986996097,False,-3.5528596187174855,3.9428453406154453,2,6,2,33.33333333333333,45.07569678489274,53.23383084577114,2018-02-07; 2020-02-04,18.818181818181813,1.181818181818189,历史2/6次成功; 当前距低点1.18%; 最新日涨幅-3.55%; 状态bottom_area; 底部未确认
119,71.81545837772315,64.41613091607978,000783,长江证券,bottom_area,2024-01-23,4.91,2023-08-28,6.89,2024-01-23,4.72,4.025423728813568,4.661016949152557,31.494920174165458,28.737300435413637,False,2.7196652719665204,0.6872712013188795,7,14,7,50.0,28.624177514917786,42.60958205912334,1997-08-19; 1999-12-24; 2008-10-13; 2013-06-25; 2015-06-30; 2015-07-09; 2018-10-19,15.974576271186432,4.025423728813568,历史7/14次成功; 当前距低点4.03%; 最新日涨幅2.72%; 状态bottom_area; 底部未确认
120,71.73556901940445,62.284692466054345,600287,苏豪时尚,bottom_area,2024-01-23,5.47,2023-12-12,7.85,2024-01-23,5.35,2.24299065420561,3.7383177570093498,31.84713375796179,30.318471337579616,False,-0.18248175182482562,2.1801934898828295,6,14,6,42.857142857142854,33.26496014093852,46.909090909090914,2007-10-26; 2008-04-22; 2008-11-04; 2009-08-18; 2010-07-05; 2022-04-28,17.75700934579439,2.24299065420561,历史6/14次成功; 当前距低点2.24%; 最新日涨幅-0.18%; 状态bottom_area; 底部未确认
121,71.71589747473996,62.9915304828352,300657,弘信电子,bottom_area,2024-01-23,15.74,2023-12-19,22.25,2024-01-22,15.3,2.875816993464049,10.326797385620903,31.23595505617977,29.258426966292134,False,2.141466580142759,2.1223088788280515,2,6,2,33.33333333333333,42.98419298171985,52.493809692253265,2020-02-04; 2022-04-27,17.124183006535954,2.875816993464049,历史2/6次成功; 当前距低点2.88%; 最新日涨幅2.14%; 状态bottom_area; 底部未确认
122,71.64803412709091,62.9872827490909,002185,华天科技,bottom_area,2024-01-23,7.04,2023-11-15,9.38,2024-01-23,6.84,2.9239766081871372,3.654970760233918,27.078891257995743,24.946695095948833,False,1.0043041606886627,0.4571879154094462,4,10,4,40.0,29.107254923427778,37.14953271028037,2008-03-18; 2008-09-18; 2015-06-30; 2019-05-08,17.076023391812864,2.9239766081871372,历史4/10次成功; 当前距低点2.92%; 最新日涨幅1.00%; 状态bottom_area; 底部未确认
123,71.60172383707217,61.65862731061522,300650,太龙股份,bottom_area,2024-01-23,10.79,2023-12-29,14.59,2024-01-23,10.6,1.7924528301886746,2.8301886792452895,27.3474982864976,26.045236463331058,False,-1.0999083409715893,2.7343872664884823,2,5,2,40.0,30.5667729217494,39.52308472856417,2018-02-07; 2020-09-29,18.207547169811328,1.7924528301886746,历史2/5次成功; 当前距低点1.79%; 最新日涨幅-1.10%; 状态bottom_area; 底部未确认
124,71.51164988874062,62.06671499777485,000069,华侨城A,bottom_area,2024-01-23,2.76,2023-11-08,3.82,2024-01-23,2.7,2.2222222222222077,3.7037037037036904,29.319371727748685,27.748691099476442,False,-0.3610108303249149,0.6330326172069467,7,16,7,43.75,29.90393367979293,42.51893939393939,1999-07-19; 2007-06-05; 2008-01-22; 2008-07-17; 2008-09-12; 2012-05-28; 2015-08-26,17.777777777777793,2.2222222222222077,历史7/16次成功; 当前距低点2.22%; 最新日涨幅-0.36%; 状态bottom_area; 底部未确认
125,71.49171197888737,62.33382086985737,300194,福安药业,bottom_area,2024-01-23,3.73,2023-11-27,5.09,2024-01-23,3.64,2.4725274725274686,3.0219780219780183,28.487229862475438,26.719056974459722,False,0.8108108108108025,2.177923881987342,3,8,3,37.5,25.476793049569885,30.667506297229213,2011-06-23; 2012-12-04; 2019-09-30,17.527472527472533,2.4725274725274686,历史3/8次成功; 当前距低点2.47%; 最新日涨幅0.81%; 状态bottom_area; 底部未确认
126,71.4736525197353,61.379822408784925,603567,珍宝岛,bottom_area,2024-01-23,10.52,2023-11-03,14.37,2024-01-23,10.35,1.6425120772946853,2.705314009661847,27.97494780793319,26.791927627000696,False,-0.5671077504725952,0.5752375053246068,2,5,2,40.0,27.229838414068798,28.436018957345976,2015-08-25; 2017-01-16,18.357487922705314,1.6425120772946853,历史2/5次成功; 当前距低点1.64%; 最新日涨幅-0.57%; 状态bottom_area; 底部未确认
127,71.46563688480967,64.76389632692513,002093,国脉科技,bottom_area,2024-01-23,6.61,2023-11-20,8.88,2024-01-22,6.32,4.588607594936709,11.234177215189872,28.828828828828833,25.56306306306307,False,1.5360983102918668,0.7379950372208437,6,12,6,50.0,37.397428190219614,73.3013589128697,2008-04-03; 2008-04-22; 2008-09-18; 2011-06-23; 2012-12-04; 2015-06-30,15.411392405063292,4.588607594936709,历史6/12次成功; 当前距低点4.59%; 最新日涨幅1.54%; 状态bottom_area; 底部未确认
128,71.44062182460449,62.65364192066873,300066,三川智慧,bottom_area,2024-01-23,4.05,2023-11-08,5.61,2024-01-23,3.94,2.7918781725888295,3.2994923857868104,29.768270944741538,27.807486631016047,False,0.24752475247524774,1.4631810728375831,4,12,4,33.33333333333333,40.13866032708566,65.81632653061224,2016-01-18; 2017-01-16; 2019-05-08; 2022-04-27,17.208121827411173,2.7918781725888295,历史4/12次成功; 当前距低点2.79%; 最新日涨幅0.25%; 状态bottom_area; 底部未确认
129,71.29824416416704,60.768905289052896,603811,诚意药业,bottom_area,2024-01-23,8.23,2023-11-27,11.43,2024-01-23,8.13,1.2300123001229968,3.8130381303812877,28.871391076115476,27.996500437445317,False,-1.2004801920768249,2.292820495071602,1,3,1,33.33333333333333,59.49367088607595,59.49367088607595,2020-06-04,18.769987699877007,1.2300123001229968,历史1/3次成功; 当前距低点1.23%; 最新日涨幅-1.20%; 状态bottom_area; 底部未确认
130,71.19772078323582,61.69780735022976,300083,创世纪,bottom_area,2024-01-23,4.78,2024-01-02,6.42,2024-01-22,4.68,2.1367521367521483,8.760683760683765,27.10280373831776,25.54517133956386,False,0.6315789473684275,1.716300462156354,3,9,3,33.33333333333333,26.969187573609222,33.41433778857837,2014-07-24; 2020-02-04; 2022-10-10,17.863247863247853,2.1367521367521483,历史3/9次成功; 当前距低点2.14%; 最新日涨幅0.63%; 状态bottom_area; 底部未确认
131,71.16535056767839,61.719075883031785,600071,凤凰光学,bottom_area,2024-01-23,16.87,2024-01-04,23.5,2024-01-23,16.51,2.1804966686856413,3.9975772259236835,29.74468085106382,28.212765957446805,False,-0.17751479289939143,1.6340647687413328,7,16,7,43.75,27.523431653951803,38.88888888888889,2009-03-02; 2011-05-06; 2011-12-15; 2012-12-04; 2017-04-19; 2020-02-04; 2022-04-27,17.81950333131436,2.1804966686856413,历史7/16次成功; 当前距低点2.18%; 最新日涨幅-0.18%; 状态bottom_area; 底部未确认
132,71.09433114873671,63.701751991454245,603893,瑞芯微,bottom_area,2024-01-23,52.15,2023-12-14,68.8,2024-01-23,50.16,3.9673046251993664,5.263157894736844,27.093023255813954,24.200581395348834,False,2.8802525152890057,0.5164967528240116,2,4,2,50.0,24.071002886606408,24.385660595547833,2022-02-11; 2023-05-10,16.032695374800635,3.9673046251993664,历史2/4次成功; 当前距低点3.97%; 最新日涨幅2.88%; 状态bottom_area; 底部未确认
133,71.08685959665276,62.95386327558889,600536,中国软件,bottom_area,2024-01-23,27.03,2023-12-27,37.17,2024-01-22,26.16,3.325688073394499,6.498470948012229,29.62066182405166,27.280064568200164,False,2.0000000000000018,1.8442470808782758,8,20,8,40.0,33.85178539208785,76.7116271128564,2005-06-06; 2010-05-21; 2012-12-04; 2015-06-30; 2016-03-01; 2019-05-07; 2020-02-04; 2020-11-02,16.6743119266055,3.325688073394499,历史8/20次成功; 当前距低点3.33%; 最新日涨幅2.00%; 状态bottom_area; 底部未确认
134,71.08341493802403,62.04184941640639,002577,雷柏科技,bottom_area,2024-01-23,15.0,2024-01-12,20.5,2024-01-22,14.63,2.5290498974709448,10.731373889268616,28.634146341463413,26.82926829268293,False,0.06671114076051143,2.465395605345355,2,7,2,28.57142857142857,43.94514767932489,50.0,2018-02-07; 2022-04-27,17.470950102529056,2.5290498974709448,历史2/7次成功; 当前距低点2.53%; 最新日涨幅0.07%; 状态bottom_area; 底部未确认
135,71.07782630701148,62.17969722181999,002020,京新药业,bottom_area,2024-01-23,10.44,2023-12-12,14.22,2024-01-23,10.17,2.654867256637164,3.048180924287124,28.48101265822785,26.582278481012665,False,2.152641878669259,1.848202118617913,3,8,3,37.5,26.883304123401725,32.730732635585156,2008-09-18; 2015-08-25; 2018-10-18,17.345132743362836,2.654867256637164,历史3/8次成功; 当前距低点2.65%; 最新日涨幅2.15%; 状态bottom_area; 底部未确认
136,71.0477401359739,62.53265517585718,300063,天龙集团,bottom_area,2024-01-23,5.17,2024-01-02,7.14,2024-01-23,5.02,2.988047808764948,4.183266932270933,29.691876750700285,27.591036414565824,False,0.0,5.644268302529454,5,13,5,38.46153846153847,30.781742902372322,43.39536995006808,2015-08-25; 2018-05-03; 2020-02-04; 2020-09-11; 2023-11-16,17.011952191235054,2.988047808764948,历史5/13次成功; 当前距低点2.99%; 最新日涨幅0.00%; 状态bottom_area; 底部未确认
137,70.99676782667154,61.85483316263469,300072,海新能科,bottom_area,2024-01-23,2.95,2023-11-28,4.12,2024-01-23,2.88,2.4305555555555656,3.472222222222225,30.09708737864078,28.398058252427184,False,0.0,0.7789226144167919,3,10,3,30.0,38.637095856459005,70.90327737809751,2015-07-08; 2018-10-17; 2020-02-04,17.569444444444436,2.4305555555555656,历史3/10次成功; 当前距低点2.43%; 最新日涨幅0.00%; 状态bottom_area; 底部未确认
138,70.89442080702185,62.096535960305154,600850,电科数字,bottom_area,2024-01-23,17.73,2023-12-13,24.24,2024-01-23,17.26,2.7230590961761227,3.418308227114715,28.795379537953785,26.856435643564353,False,1.8380241240666395,0.7576020109009947,8,22,8,36.36363636363637,29.734221747533645,33.97129186602872,1994-08-10; 1995-01-03; 1996-12-25; 1998-05-12; 2006-04-25; 2008-04-22; 2008-09-18; 2018-08-20,17.276940903823878,2.7230590961761227,历史8/22次成功; 当前距低点2.72%; 最新日涨幅1.84%; 状态bottom_area; 底部未确认
139,70.8837205128205,61.907179487179484,002426,胜利精密,bottom_area,2024-01-23,2.0,2023-11-30,2.75,2024-01-23,1.95,2.5641025641025665,3.076923076923068,29.090909090909093,27.27272727272727,False,0.5025125628140614,0.802512784341386,1,3,1,33.33333333333333,51.31578947368419,51.31578947368419,2022-04-27,17.435897435897434,2.5641025641025665,历史1/3次成功; 当前距低点2.56%; 最新日涨幅0.50%; 状态bottom_area; 底部未确认
140,70.82933075847959,63.34198348041055,300353,东土科技,bottom_area,2024-01-23,7.8,2023-12-04,10.97,2024-01-22,7.51,3.8615179760319576,9.187749667110513,31.54056517775753,28.896991795806752,False,2.4967148488830526,1.9019878313869036,2,4,2,50.0,20.840024009480672,21.377672209026137,2022-04-11; 2023-10-24,16.13848202396804,3.8615179760319576,历史2/4次成功; 当前距低点3.86%; 最新日涨幅2.50%; 状态bottom_area; 底部未确认
141,70.81534514406033,63.03223445485246,300253,卫宁健康,bottom_area,2024-01-23,5.75,2023-12-11,7.89,2024-01-22,5.55,3.603603603603607,7.747747747747759,29.65779467680608,27.12294043092522,False,2.4955436720142554,1.3451819030896002,4,9,4,44.44444444444444,28.050212687943915,31.17713426100039,2015-07-03; 2015-09-02; 2020-06-22; 2022-04-27,16.396396396396394,3.603603603603607,历史4/9次成功; 当前距低点3.60%; 最新日涨幅2.50%; 状态bottom_area; 底部未确认
142,70.76958217388704,62.03672071884907,300420,五洋自控,bottom_area,2024-01-23,2.6,2023-11-24,3.54,2024-01-23,2.53,2.7667984189723436,3.1620553359683825,28.53107344632769,26.55367231638418,False,0.0,1.0691635136237907,3,8,3,37.5,27.486672656483975,38.36477987421384,2015-08-25; 2021-10-28; 2022-04-27,17.233201581027657,2.7667984189723436,历史3/8次成功; 当前距低点2.77%; 最新日涨幅0.00%; 状态bottom_area; 底部未确认
143,70.73438679216723,61.63354183590579,688246,嘉和美康,bottom_area,2024-01-23,25.22,2023-12-29,35.01,2024-01-23,24.62,2.4370430544272863,4.630381803411862,29.677235075692654,27.963439017423593,False,-0.5912495072920909,0.8271941508003008,1,2,1,50.0,58.0508474576271,58.0508474576271,2023-10-24,17.562956945572715,2.4370430544272863,历史1/2次成功; 当前距低点2.44%; 最新日涨幅-0.59%; 状态bottom_area; 底部未确认
144,70.61186039469221,61.502038758498855,002213,大为股份,bottom_area,2024-01-23,11.45,2024-01-05,15.33,2024-01-23,11.18,2.4150268336314813,3.3094812164579697,27.07110241356817,25.309849967384217,False,0.0,1.6047542841933227,6,18,6,33.33333333333333,29.327777450781184,49.19191919191918,2008-09-18; 2012-11-30; 2016-01-14; 2018-02-01; 2020-02-04; 2023-08-29,17.58497316636852,2.4150268336314813,历史6/18次成功; 当前距低点2.42%; 最新日涨幅0.00%; 状态bottom_area; 底部未确认
145,70.57888046832846,60.47039630918167,688389,普门科技,bottom_area,2024-01-23,18.09,2023-12-01,25.0,2024-01-23,17.82,1.5151515151515127,2.974186307519647,28.720000000000002,27.639999999999997,False,-0.1104362230811673,0.8458391898650353,1,2,1,50.0,32.445923460898506,32.445923460898506,2022-04-27,18.484848484848488,1.5151515151515127,历史1/2次成功; 当前距低点1.52%; 最新日涨幅-0.11%; 状态bottom_area; 底部未确认
146,70.51646182952652,62.308878520910085,600664,哈药股份,bottom_area,2024-01-23,2.9,2023-11-27,3.9,2024-01-23,2.81,3.2028469750889625,3.9145907473309567,27.948717948717945,25.641025641025646,False,0.0,1.6926914185304145,6,16,6,37.5,34.29499797910168,69.4501018329939,1994-08-10; 1994-09-09; 2011-06-20; 2015-06-30; 2015-08-27; 2022-04-27,16.797153024911037,3.2028469750889625,历史6/16次成功; 当前距低点3.20%; 最新日涨幅0.00%; 状态bottom_area; 底部未确认
147,70.4855517578081,64.14352105505345,600877,电科芯片,bottom_area,2024-01-23,11.53,2023-11-29,15.47,2024-01-22,11.0,4.818181818181812,9.454545454545448,28.894634776987722,25.46864899806077,False,1.945181255526074,0.5837037596161827,8,15,8,53.333333333333336,29.653990683734705,55.348837209302324,1996-12-18; 1997-07-08; 2005-07-19; 2008-04-22; 2008-09-18; 2009-08-19; 2015-09-08; 2022-04-27,15.181818181818189,4.818181818181812,历史8/15次成功; 当前距低点4.82%; 最新日涨幅1.95%; 状态bottom_area; 底部未确认
148,70.45362988454687,60.6595481032109,300410,正业科技,bottom_area,2024-01-23,6.85,2024-01-05,9.25,2024-01-23,6.73,1.7830609212481308,4.457652303120354,27.24324324324324,25.945945945945947,False,-2.1428571428571463,1.537039620290783,3,8,3,37.5,30.496919374498056,39.77474807350324,2015-06-30; 2019-02-11; 2023-08-29,18.21693907875187,1.7830609212481308,历史3/8次成功; 当前距低点1.78%; 最新日涨幅-2.14%; 状态bottom_area; 底部未确认
149,70.37499408194768,61.46722534299265,600460,士兰微,bottom_area,2024-01-23,20.37,2023-11-10,27.85,2024-01-23,19.86,2.567975830815718,3.1218529707955742,28.689407540394978,26.858168761220824,False,0.9915716410510589,0.4671372743439943,6,18,6,33.33333333333333,31.015467225371808,41.15323854660348,2004-08-30; 2005-06-03; 2009-03-02; 2013-06-25; 2015-06-30; 2019-05-07,17.43202416918428,2.567975830815718,历史6/18次成功; 当前距低点2.57%; 最新日涨幅0.99%; 状态bottom_area; 底部未确认
150,70.12353429389788,62.8861147695434,300324,旋极信息,bottom_area,2024-01-23,2.85,2023-11-21,4.07,2024-01-23,2.74,4.014598540145981,4.744525547445251,32.67813267813268,29.97542997542998,False,1.7857142857143016,1.5314117647381322,2,4,2,50.0,20.265588392882993,20.366513952519767,2015-06-09; 2015-07-29,15.985401459854021,4.014598540145981,历史2/4次成功; 当前距低点4.01%; 最新日涨幅1.79%; 状态bottom_area; 底部未确认
151,69.98155696590685,60.48292506993914,603348,文灿股份,bottom_area,2024-01-23,28.17,2023-12-26,40.7,2024-01-23,27.62,1.9913106444605384,3.330919623461253,32.137592137592144,30.786240786240786,False,0.1421969427657377,1.0709838184442149,2,7,2,28.57142857142857,28.97219153238415,31.539888682745836,2021-09-30; 2022-04-15,18.008689355539463,1.9913106444605384,历史2/7次成功; 当前距低点1.99%; 最新日涨幅0.14%; 状态bottom_area; 底部未确认
152,69.95629581614286,61.64813444193344,002268,电科网安,bottom_area,2024-01-23,17.2,2023-12-04,24.82,2024-01-22,16.69,3.055721989215087,8.568004793289392,32.75584206285254,30.7010475423046,False,1.8957345971563955,1.277437694895528,3,8,3,37.5,28.939142888945398,41.07485604606526,2015-08-06; 2016-03-01; 2020-02-04,16.944278010784913,3.055721989215087,历史3/8次成功; 当前距低点3.06%; 最新日涨幅1.90%; 状态bottom_area; 底部未确认
153,69.83636602223068,61.13688759121801,002397,梦洁股份,bottom_area,2024-01-23,3.05,2024-01-02,4.43,2024-01-23,2.97,2.693602693602681,4.377104377104373,32.95711060948081,31.15124153498871,False,-1.9292604501607746,3.1029187916655085,3,7,3,42.857142857142854,32.617597640879325,42.36641221374045,2015-06-30; 2020-05-27; 2022-04-28,17.30639730639732,2.693602693602681,历史3/7次成功; 当前距低点2.69%; 最新日涨幅-1.93%; 状态bottom_area; 底部未确认
154,69.81511805753397,62.48234539811758,000576,甘化科工,bottom_area,2024-01-23,7.72,2023-11-29,10.76,2024-01-23,7.43,3.9030955585464344,4.172274562584125,30.947955390334574,28.25278810408922,False,0.7832898172323688,0.9093731563474952,10,23,10,43.47826086956522,30.85840936112185,71.09826589595376,1995-05-03; 1996-12-25; 1997-07-08; 1997-09-23; 2006-11-14; 2015-08-26; 2017-01-17; 2018-10-19; 2020-02-04; 2021-10-28,16.096904441453567,3.9030955585464344,历史10/23次成功; 当前距低点3.90%; 最新日涨幅0.78%; 状态bottom_area; 底部未确认
155,69.68557181708536,60.30482176478542,688131,皓元医药,bottom_area,2024-01-23,39.6,2023-12-29,53.5,2024-01-23,38.8,2.0618556701031037,3.7371134020618633,27.4766355140187,25.981308411214947,False,0.3802281368821214,0.6029589147054828,1,3,1,33.33333333333333,35.228598705844924,35.228598705844924,2022-10-12,17.9381443298969,2.0618556701031037,历史1/3次成功; 当前距低点2.06%; 最新日涨幅0.38%; 状态bottom_area; 底部未确认
156,69.4333168233821,62.47588905004147,600416,湘电股份,bottom_area,2024-01-23,12.41,2024-01-02,16.81,2024-01-23,11.91,4.198152812762385,4.701931150293874,29.149315883402732,26.17489589530041,False,1.7213114754098369,0.770194876509885,8,17,8,47.05882352941176,26.68264290745575,35.943517329910144,2005-12-08; 2007-11-12; 2009-02-27; 2015-09-08; 2016-02-01; 2018-02-09; 2019-11-15; 2022-02-11,15.801847187237616,4.198152812762385,历史8/17次成功; 当前距低点4.20%; 最新日涨幅1.72%; 状态bottom_area; 底部未确认
157,69.31120919443148,59.131593157236374,300050,世纪鼎利,bottom_area,2024-01-23,3.95,2023-11-17,5.81,2024-01-23,3.9,1.282051282051289,3.076923076923068,32.87435456110155,32.01376936316694,False,-1.741293532338295,2.0183675732802584,2,7,2,28.57142857142857,35.485937451761295,36.885245901639344,2018-06-22; 2019-08-06,18.717948717948712,1.282051282051289,历史2/7次成功; 当前距低点1.28%; 最新日涨幅-1.74%; 状态bottom_area; 底部未确认
158,69.30842563516498,60.16992202392337,301201,诚达药业,bottom_area,2024-01-23,21.03,2023-11-09,29.17,2024-01-23,20.57,2.2362664073894063,2.5765678172095337,29.482344874871448,27.905382242029482,False,-0.18984337921215122,1.7416852422722002,1,2,1,50.0,39.66994318694201,39.66994318694201,2022-03-08,17.763733592610595,2.2362664073894063,历史1/2次成功; 当前距低点2.24%; 最新日涨幅-0.19%; 状态bottom_area; 底部未确认
159,69.27641199912057,60.81898132607628,301047,义翘神州,bottom_area,2024-01-23,68.23,2023-11-08,92.21,2024-01-23,66.34,2.8489599035272843,3.059993970455232,28.055525431081218,26.00585619780934,False,0.9917110716400224,0.4142812611754314,1,2,1,50.0,28.196827452249927,28.196827452249927,2021-11-02,17.151040096472716,2.8489599035272843,历史1/2次成功; 当前距低点2.85%; 最新日涨幅0.99%; 状态bottom_area; 底部未确认
160,69.25618881622931,60.20412036265235,300139,晓程科技,bottom_area,2024-01-23,8.42,2023-12-04,11.48,2024-01-23,8.23,2.3086269744835906,3.1591737545564977,28.310104529616726,26.655052264808365,False,0.0,2.409834502055486,3,12,3,25.0,39.10102077674697,63.12500000000001,2014-12-22; 2018-07-06; 2020-09-11,17.69137302551641,2.3086269744835906,历史3/12次成功; 当前距低点2.31%; 最新日涨幅0.00%; 状态bottom_area; 底部未确认
161,69.23963261860776,58.82837784232628,000989,九芝堂,bottom_area,2024-01-23,8.6,2023-12-14,11.69,2024-01-23,8.51,1.057579318448882,3.6427732079906052,27.2027373823781,26.43284858853721,False,-0.5780346820809301,2.0348659659709343,2,6,2,33.33333333333333,20.786695457292502,20.87026591458501,2008-03-18; 2022-04-27,18.94242068155112,1.057579318448882,历史2/6次成功; 当前距低点1.06%; 最新日涨幅-0.58%; 状态bottom_area; 底部未确认
162,69.18664203505962,59.4168555823413,000837,秦川机床,bottom_area,2024-01-23,8.04,2024-01-02,10.9,2024-01-22,7.91,1.6434892541087105,8.59671302149178,27.431192660550458,26.238532110091757,False,0.7518796992481036,1.7129482943619596,3,11,3,27.27272727272727,21.790870918279914,21.915584415584412,2010-05-21; 2015-06-30; 2022-04-27,18.356510745891292,1.6434892541087105,历史3/11次成功; 当前距低点1.64%; 最新日涨幅0.75%; 状态bottom_area; 底部未确认
163,69.08774963079689,61.35915524903712,600771,广誉远,bottom_area,2024-01-23,21.69,2023-12-13,31.19,2024-01-22,20.96,3.4828244274809177,9.494274809160297,32.79897403013787,30.458480282141707,False,2.553191489361706,1.4859923076996742,8,21,8,38.095238095238095,31.33125801781001,64.91228070175441,2007-07-02; 2007-12-03; 2008-03-20; 2008-04-03; 2009-03-03; 2012-05-04; 2016-03-16; 2018-09-18,16.517175572519083,3.4828244274809177,历史8/21次成功; 当前距低点3.48%; 最新日涨幅2.55%; 状态bottom_area; 底部未确认
164,69.06369344525332,61.09531824165278,000555,神州信息,bottom_area,2024-01-23,9.17,2023-12-12,12.45,2024-01-22,8.88,3.265765765765756,8.783783783783775,28.674698795180714,26.34538152610442,False,2.0022246941045596,1.0364737187546191,7,20,7,35.0,33.95840961074568,43.359941944847606,1997-05-26; 2010-05-21; 2015-06-29; 2015-07-07; 2015-09-07; 2018-02-07; 2019-01-31,16.734234234234247,3.265765765765756,历史7/20次成功; 当前距低点3.27%; 最新日涨幅2.00%; 状态bottom_area; 底部未确认
165,68.99307547561945,58.887261556833806,002298,中电鑫龙,bottom_area,2024-01-23,4.65,2023-11-21,6.42,2024-01-22,4.59,1.307189542483671,8.496732026143803,28.504672897196265,27.570093457943916,False,-0.8528784648187626,2.1139994490221325,3,9,3,33.33333333333333,24.16301279765181,24.64589235127478,2015-09-02; 2018-02-09; 2022-10-10,18.69281045751633,1.307189542483671,历史3/9次成功; 当前距低点1.31%; 最新日涨幅-0.85%; 状态bottom_area; 底部未确认
166,68.98237541488795,60.78870310825294,688158,优刻得,bottom_area,2024-01-23,12.82,2023-12-11,18.52,2024-01-22,12.44,3.054662379421228,9.405144694533762,32.82937365010799,30.77753779697624,False,1.746031746031762,2.420739491962821,1,3,1,33.33333333333333,174.03218790778604,174.03218790778604,2020-02-03,16.945337620578773,3.054662379421228,历史1/3次成功; 当前距低点3.05%; 最新日涨幅1.75%; 状态bottom_area; 底部未确认
167,68.85620985036378,60.71388221841054,300580,贝斯特,bottom_area,2024-01-23,24.04,2023-12-22,32.29,2024-01-23,23.32,3.0874785591766676,4.2024013722126945,27.779498296686278,25.549705791266646,False,1.1784511784511675,0.9655464274189708,1,3,1,33.33333333333333,53.89266817838245,53.89266817838245,2022-04-27,16.912521440823333,3.0874785591766676,历史1/3次成功; 当前距低点3.09%; 最新日涨幅1.18%; 状态bottom_area; 底部未确认
168,68.73165346501244,61.86303687122234,002617,露笑科技,bottom_area,2024-01-23,5.44,2023-11-29,7.29,2024-01-23,5.22,4.2145593869731925,4.5977011494252915,28.395061728395067,25.37722908093278,False,3.4220532319391817,1.36804967720138,4,10,4,40.0,38.88296921247969,43.64820846905539,2012-12-04; 2015-09-02; 2019-01-30; 2022-04-27,15.785440613026807,4.2145593869731925,历史4/10次成功; 当前距低点4.21%; 最新日涨幅3.42%; 状态bottom_area; 底部未确认
169,68.63476971438601,61.334220381575165,600992,贵绳股份,bottom_area,2024-01-23,12.77,2024-01-03,17.4,2024-01-23,12.3,3.8211382113821046,4.471544715447146,29.3103448275862,26.609195402298845,False,0.0,2.1582275898649477,4,11,4,36.36363636363637,39.09607553215544,61.79906542056074,2008-03-18; 2009-08-19; 2018-10-19; 2022-04-27,16.178861788617898,3.8211382113821046,历史4/11次成功; 当前距低点3.82%; 最新日涨幅0.00%; 状态bottom_area; 底部未确认
170,68.51416819922787,61.455363311165236,600325,华发股份,bottom_area,2024-01-23,6.46,2023-11-23,8.53,2024-01-23,6.21,4.025764895330113,4.669887278582931,27.198124267291906,24.267291910902692,False,3.3600000000000074,1.067895159776661,5,12,5,41.66666666666667,30.765809708877484,47.383112351709705,2008-04-22; 2008-08-11; 2015-06-30; 2015-08-26; 2021-11-10,15.974235104669887,4.025764895330113,历史5/12次成功; 当前距低点4.03%; 最新日涨幅3.36%; 状态bottom_area; 底部未确认
171,68.46835124508519,57.05695937090432,603679,华体科技,bottom_area,2024-01-23,12.72,2024-01-19,17.5,2024-01-23,12.72,0.0,5.345911949685532,27.314285714285713,27.314285714285713,False,-9.97876857749469,15.088735814423536,2,5,2,40.0,46.16644823066842,63.76146788990826,2017-07-18; 2017-08-11,20.0,0.0,历史2/5次成功; 当前距低点0.00%; 最新日涨幅-9.98%; 状态bottom_area; 底部未确认
172,68.38912829816834,61.190272687834835,000723,美锦能源,bottom_area,2024-01-23,5.61,2023-11-28,7.53,2024-01-22,5.4,3.8888888888888884,8.888888888888879,28.28685258964143,25.49800796812749,False,1.4466546112115841,0.719041121886994,7,17,7,41.17647058823529,28.724847889476706,39.72413793103449,2008-04-03; 2008-09-18; 2009-03-02; 2012-12-04; 2015-07-29; 2022-04-27; 2023-06-14,16.11111111111111,3.8888888888888884,历史7/17次成功; 当前距低点3.89%; 最新日涨幅1.45%; 状态bottom_area; 底部未确认
173,68.35313749510794,59.28293701220597,002970,锐明技术,bottom_area,2024-01-23,26.68,2023-12-05,35.85,2024-01-23,26.11,2.18307162006894,3.3703561853695865,27.168758716875875,25.57880055788006,False,-0.7440476190476164,1.147714535306881,1,2,1,50.0,34.24914142990946,34.24914142990946,2021-10-28,17.81692837993106,2.18307162006894,历史1/2次成功; 当前距低点2.18%; 最新日涨幅-0.74%; 状态bottom_area; 底部未确认
174,68.35097206440567,60.054666335130094,603078,江化微,bottom_area,2024-01-23,13.16,2023-11-08,18.98,2024-01-23,12.79,2.8928850664581782,3.362001563721669,32.613277133825086,30.663856691253955,False,1.3086989992301845,1.2613665589074092,2,6,2,33.33333333333333,27.403822329684964,30.24410426148117,2019-05-06; 2021-02-08,17.107114933541823,2.8928850664581782,历史2/6次成功; 当前距低点2.89%; 最新日涨幅1.31%; 状态bottom_area; 底部未确认
175,68.33537916219231,59.526993031221075,002151,北斗星通,bottom_area,2024-01-23,26.64,2023-11-16,36.45,2024-01-23,26.01,2.4221453287197194,3.344867358708179,28.641975308641975,26.913580246913583,False,0.909090909090926,1.0269522930660167,3,10,3,30.0,26.018733229580853,28.90843662534986,2015-06-30; 2019-05-08; 2022-04-27,17.57785467128028,2.4221453287197194,历史3/10次成功; 当前距低点2.42%; 最新日涨幅0.91%; 状态bottom_area; 底部未确认
176,68.27454570524496,58.82217809165574,301117,佳缘科技,bottom_area,2024-01-23,38.62,2024-01-02,55.99,2024-01-23,37.93,1.8191405220142307,2.7682573161086137,32.255759957135204,31.023397035184864,False,0.23358422008823432,1.6062319278408355,1,3,1,33.33333333333333,24.28217821782179,24.28217821782179,2022-04-28,18.18085947798577,1.8191405220142307,历史1/3次成功; 当前距低点1.82%; 最新日涨幅0.23%; 状态bottom_area; 底部未确认
177,68.08111612473343,58.26977777283864,002164,宁波东力,bottom_area,2024-01-23,4.87,2024-01-09,6.68,2024-01-23,4.8,1.4583333333333393,3.3333333333333366,28.143712574850298,27.09580838323353,False,-2.012072434607637,3.2676762269438524,3,10,3,30.0,29.918160069024996,45.468509984639034,2008-04-03; 2018-08-22; 2021-01-25,18.54166666666666,1.4583333333333393,历史3/10次成功; 当前距低点1.46%; 最新日涨幅-2.01%; 状态bottom_area; 底部未确认
178,68.02481209591265,59.27473253170813,000701,厦门信达,bottom_area,2024-01-23,4.62,2024-01-02,6.24,2024-01-23,4.51,2.43902439024391,3.5476718403547705,27.72435897435898,25.961538461538463,False,0.43478260869567187,2.5053217701888206,4,15,4,26.666666666666668,32.09162083224506,48.08558558558558,1997-08-20; 1999-04-27; 2018-02-07; 2023-10-27,17.560975609756092,2.43902439024391,历史4/15次成功; 当前距低点2.44%; 最新日涨幅0.43%; 状态bottom_area; 底部未确认
179,67.97089410689252,60.294289519977916,601890,亚星锚链,bottom_area,2024-01-23,7.87,2024-01-02,10.45,2024-01-23,7.61,3.416557161629432,3.8107752956636007,27.17703349282296,24.688995215311,False,0.8974358974358942,2.2831561392537,4,11,4,36.36363636363637,28.545668784664375,36.991150442477874,2015-08-04; 2015-09-08; 2020-02-04; 2022-04-27,16.58344283837057,3.416557161629432,历史4/11次成功; 当前距低点3.42%; 最新日涨幅0.90%; 状态bottom_area; 底部未确认
180,67.96686753057853,59.62362930077696,603516,淳中科技,bottom_area,2024-01-23,17.58,2023-12-29,23.93,2024-01-23,17.1,2.8070175438596303,3.6257309941520313,28.54157960718762,26.53572921019641,False,-0.5656108597285159,2.53841842538586,1,2,1,50.0,43.72918978912319,43.72918978912319,2019-01-31,17.19298245614037,2.8070175438596303,历史1/2次成功; 当前距低点2.81%; 最新日涨幅-0.57%; 状态bottom_area; 底部未确认
181,67.75236451363202,58.56057764307363,002609,捷顺科技,bottom_area,2024-01-23,8.69,2023-12-12,12.41,2024-01-22,8.52,1.995305164319248,8.802816901408452,31.345688960515716,29.975825946817086,False,1.1641443538998875,2.6138262352520636,1,4,1,25.0,26.42405063291139,26.42405063291139,2022-04-28,18.004694835680755,1.995305164319248,历史1/4次成功; 当前距低点2.00%; 最新日涨幅1.16%; 状态bottom_area; 底部未确认
182,67.74554009546176,59.72791774701825,688220,翱捷科技,bottom_area,2024-01-23,53.19,2024-01-02,70.75,2024-01-23,51.6,3.0813953488372023,4.224806201550387,27.067137809187276,24.819787985865727,False,1.740627390971694,0.5942201273528391,1,2,1,50.0,25.180102915951984,25.180102915951984,2022-10-12,16.9186046511628,3.0813953488372023,历史1/2次成功; 当前距低点3.08%; 最新日涨幅1.74%; 状态bottom_area; 底部未确认
183,67.71149950318767,59.39151208095383,000002,万科A,bottom_area,2024-01-23,9.18,2023-11-24,12.3,2024-01-23,8.93,2.799552071668533,3.1354983202687694,27.398373983739845,25.36585365853659,False,1.4364640883977708,0.8045221561298549,6,20,6,30.0,29.916617227731617,37.09677419354839,1991-10-11; 1993-01-15; 2007-02-06; 2008-04-22; 2016-07-20; 2022-10-31,17.20044792833147,2.799552071668533,历史6/20次成功; 当前距低点2.80%; 最新日涨幅1.44%; 状态bottom_area; 底部未确认
184,67.60210053007977,58.952642511583385,300572,安车检测,bottom_area,2024-01-23,12.8,2024-01-02,18.28,2024-01-23,12.49,2.4819855884707804,3.442754203362688,31.67396061269147,29.978118161925604,False,0.0,3.45767483193319,2,7,2,28.57142857142857,26.75959106995183,31.306715063520883,2020-12-28; 2022-04-27,17.51801441152922,2.4819855884707804,历史2/7次成功; 当前距低点2.48%; 最新日涨幅0.00%; 状态bottom_area; 底部未确认
185,67.54748958129278,58.26446216697815,301282,金禄电子,bottom_area,2024-01-23,18.39,2023-12-29,25.03,2024-01-23,18.05,1.88365650969529,4.1551246537396125,27.886536156612067,26.528166200559326,False,-1.0226049515608016,1.8524402961334785,1,2,1,50.0,25.103220478943033,25.103220478943033,2023-05-10,18.11634349030471,1.88365650969529,历史1/2次成功; 当前距低点1.88%; 最新日涨幅-1.02%; 状态bottom_area; 底部未确认
186,67.54168305703541,59.84606743476789,688088,虹软科技,bottom_area,2024-01-23,30.5,2023-12-29,41.27,2024-01-22,29.51,3.3547949847509266,9.58996950186378,28.49527501817301,26.096438090622737,False,1.6666666666666607,1.1707494146521673,1,4,1,25.0,80.72368421052632,80.72368421052632,2020-02-03,16.645205015249076,3.3547949847509266,历史1/4次成功; 当前距低点3.35%; 最新日涨幅1.67%; 状态bottom_area; 底部未确认
187,67.47104348870121,57.919022470746626,688396,华润微,bottom_area,2024-01-23,39.51,2023-11-20,55.09,2024-01-22,38.88,1.6203703703703585,5.658436213991759,29.424577963332727,28.28099473588674,False,-0.35308953341740557,0.275950209327681,1,2,1,50.0,20.01863932898416,20.01863932898416,2021-02-04,18.379629629629644,1.6203703703703585,历史1/2次成功; 当前距低点1.62%; 最新日涨幅-0.35%; 状态bottom_area; 底部未确认
188,67.3984493537015,60.85597514854284,600610,中毅达,bottom_area,2024-01-23,6.66,2024-01-08,9.33,2024-01-23,6.38,4.388714733542324,5.329153605015672,31.618435155412648,28.617363344051444,False,1.6793893129771087,3.831716694397589,10,24,10,41.66666666666667,31.99235523845516,43.902439024390254,1992-09-08; 1993-03-10; 1994-03-10; 1994-07-25; 1994-08-10; 2005-12-06; 2015-06-30; 2016-12-13; 2023-07-12; 2023-10-27,15.611285266457678,4.388714733542324,历史10/24次成功; 当前距低点4.39%; 最新日涨幅1.68%; 状态bottom_area; 底部未确认
189,67.30527831575488,59.688576525941464,300458,全志科技,bottom_area,2024-01-23,17.93,2023-12-13,24.42,2024-01-22,17.34,3.4025374855824673,8.419838523644756,28.992628992629,26.57657657657658,False,2.281802624073004,1.117179834414384,4,11,4,36.36363636363637,25.117293217871094,29.36660268714012,2015-06-30; 2015-08-26; 2015-09-02; 2018-06-26,16.597462514417533,3.4025374855824673,历史4/11次成功; 当前距低点3.40%; 最新日涨幅2.28%; 状态bottom_area; 底部未确认
190,67.27409936560868,58.427992143832206,600506,统一股份,bottom_area,2024-01-23,11.77,2024-01-12,16.36,2024-01-23,11.51,2.258905299739355,4.083405734144228,29.645476772616135,28.056234718826406,False,0.8568980291345341,3.827547301494901,5,18,5,27.77777777777778,22.923934316094016,26.011560693641616,2008-04-03; 2008-06-11; 2015-06-30; 2020-02-04; 2022-04-28,17.741094700260646,2.258905299739355,历史5/18次成功; 当前距低点2.26%; 最新日涨幅0.86%; 状态bottom_area; 底部未确认
191,67.26460959370783,58.603602536640764,603353,和顺石油,bottom_area,2024-01-23,21.49,2023-12-22,28.76,2024-01-23,20.98,2.430886558627255,3.1458531935176364,27.051460361613355,25.27816411682894,False,1.1770244821092346,1.219765461809095,2,7,2,28.57142857142857,24.256656860350496,27.079174983366617,2022-04-27; 2023-12-08,17.569113441372746,2.430886558627255,历史2/7次成功; 当前距低点2.43%; 最新日涨幅1.18%; 状态bottom_area; 底部未确认
192,67.18900069653786,56.6995786468674,603901,永创智能,bottom_area,2024-01-23,8.8,2024-01-05,12.0,2024-01-23,8.74,0.686498855835246,3.6613272311212848,27.166666666666668,26.66666666666666,False,-2.8697571743929284,0.9508844347253171,2,6,2,33.33333333333333,44.63151991848613,62.649494020239196,2015-07-09; 2017-01-16,19.313501144164753,0.686498855835246,历史2/6次成功; 当前距低点0.69%; 最新日涨幅-2.87%; 状态bottom_area; 底部未确认
193,67.16078818894228,59.1947969293102,002279,久其软件,bottom_area,2024-01-23,5.38,2023-12-13,7.33,2024-01-23,5.22,3.065134099616861,3.6398467432950268,28.785811732605733,26.603001364256485,False,1.5094339622641506,1.8509255831955382,3,9,3,33.33333333333333,24.89230829625431,25.915492957746476,2014-12-09; 2015-07-29; 2022-04-27,16.93486590038314,3.065134099616861,历史3/9次成功; 当前距低点3.07%; 最新日涨幅1.51%; 状态bottom_area; 底部未确认
194,67.12968026167754,58.82497754889271,300039,上海凯宝,bottom_area,2024-01-23,5.61,2023-12-13,7.58,2024-01-22,5.46,2.747252747252754,8.424908424908423,27.96833773087071,25.989445910290232,False,2.0000000000000018,1.4536282350246752,2,8,2,25.0,37.06297748725261,49.888971132494454,2015-05-04; 2022-01-25,17.25274725274725,2.747252747252754,历史2/8次成功; 当前距低点2.75%; 最新日涨幅2.00%; 状态bottom_area; 底部未确认
195,67.12589219976178,58.298377609108165,300292,吴通控股,bottom_area,2024-01-23,3.17,2023-11-21,4.25,2024-01-23,3.1,2.2580645161290267,2.5806451612903247,27.058823529411764,25.411764705882355,False,0.9554140127388422,1.7822387462753146,1,4,1,25.0,28.23529411764707,28.23529411764707,2019-02-01,17.741935483870975,2.2580645161290267,历史1/4次成功; 当前距低点2.26%; 最新日涨幅0.96%; 状态bottom_area; 底部未确认
196,67.1101184925572,58.006592729648034,300328,宜安科技,bottom_area,2024-01-23,5.62,2023-11-06,7.78,2024-01-23,5.51,1.9963702359346702,3.2667876588021887,29.177377892030854,27.76349614395887,False,-0.5309734513274433,1.2783197546003342,3,11,3,27.27272727272727,41.00756869177414,75.50847457627118,2015-09-07; 2017-01-16; 2020-02-04,18.00362976406533,1.9963702359346702,历史3/11次成功; 当前距低点2.00%; 最新日涨幅-0.53%; 状态bottom_area; 底部未确认
197,67.07352312585363,59.6977405140759,688456,有研粉材,bottom_area,2024-01-23,23.31,2023-12-06,32.0,2024-01-23,22.5,3.5999999999999943,4.355555555555558,29.6875,27.156250000000004,False,0.47413793103447954,0.8666795292301755,1,2,1,50.0,31.374949000407998,31.374949000407998,2021-11-03,16.400000000000006,3.5999999999999943,历史1/2次成功; 当前距低点3.60%; 最新日涨幅0.47%; 状态bottom_area; 底部未确认
198,67.03900976255944,57.67695353636662,300935,盈建科,bottom_area,2024-01-23,22.77,2023-11-15,31.79,2024-01-23,22.38,1.7426273458445065,5.406613047363722,29.600503302925453,28.373702422145332,False,-2.400342906129438,2.613363783233745,1,2,1,50.0,20.2158273381295,20.2158273381295,2023-04-27,18.257372654155496,1.7426273458445065,历史1/2次成功; 当前距低点1.74%; 最新日涨幅-2.40%; 状态bottom_area; 底部未确认
199,67.00831852030613,57.07121316859741,002277,友阿股份,bottom_area,2024-01-23,3.4,2023-12-04,4.65,2024-01-23,3.36,1.1904761904761916,3.2738095238095335,27.74193548387098,26.881720430107535,False,-0.2932551319648202,1.34994742626284,2,7,2,28.57142857142857,23.28609230428717,26.255380200860845,2013-06-25; 2015-06-30,18.80952380952381,1.1904761904761916,历史2/7次成功; 当前距低点1.19%; 最新日涨幅-0.29%; 状态bottom_area; 底部未确认
200,66.9809578000075,58.354960568330746,600418,江淮汽车,bottom_area,2024-01-23,13.07,2023-12-12,18.24,2024-01-23,12.76,2.4294670846395023,2.8996865203761835,30.0438596491228,28.344298245614024,False,0.5384615384615321,1.9120380853365833,6,22,6,27.27272727272727,25.716324894622144,42.760617760617755,2015-06-30; 2015-07-07; 2015-08-26; 2016-01-28; 2021-10-12; 2022-10-11,17.5705329153605,2.4294670846395023,历史6/22次成功; 当前距低点2.43%; 最新日涨幅0.54%; 状态bottom_area; 底部未确认
201,66.92362340189091,59.137396985201995,000029,深深房A,bottom_area,2024-01-23,9.98,2023-11-24,13.38,2024-01-23,9.67,3.205791106515,3.826266804550147,27.727952167414056,25.411061285500747,False,1.1144883485309176,0.43633223425969536,6,21,6,28.57142857142857,36.62534942887349,65.35796766743648,1998-08-18; 2005-03-30; 2008-04-22; 2015-06-30; 2016-02-29; 2022-04-27,16.794208893485003,3.205791106515,历史6/21次成功; 当前距低点3.21%; 最新日涨幅1.11%; 状态bottom_area; 底部未确认
202,66.79620653620128,57.599933530057626,300805,电声股份,bottom_area,2024-01-23,8.18,2024-01-11,11.69,2024-01-23,8.03,1.867995018679955,5.853051058530519,31.308810949529516,30.025662959794698,False,-1.800720288115254,4.0770753069697765,1,2,1,50.0,21.338506304558674,21.338506304558674,2020-04-28,18.132004981320048,1.867995018679955,历史1/2次成功; 当前距低点1.87%; 最新日涨幅-1.80%; 状态bottom_area; 底部未确认
203,66.79207700612346,60.310145482322454,002366,融发核电,bottom_area,2024-01-23,4.28,2024-01-03,5.79,2024-01-23,4.1,4.390243902439039,5.365853658536601,29.188255613126085,26.079447322970633,False,2.392344497607679,1.2254284730884684,4,10,4,40.0,32.68764290259925,40.98477640342532,2015-06-30; 2015-07-06; 2015-09-16; 2022-05-16,15.609756097560961,4.390243902439039,历史4/10次成功; 当前距低点4.39%; 最新日涨幅2.39%; 状态bottom_area; 底部未确认
204,66.78171991885182,57.76965390904137,301069,凯盛新材,bottom_area,2024-01-23,15.5,2024-01-02,21.7,2024-01-23,15.19,2.0408163265306154,3.2916392363396976,30.0,28.57142857142857,False,-0.4495825305073864,0.7003234658255701,1,2,1,50.0,24.369436201780413,24.369436201780413,2022-12-23,17.959183673469386,2.0408163265306154,历史1/2次成功; 当前距低点2.04%; 最新日涨幅-0.45%; 状态bottom_area; 底部未确认
205,66.77567508477206,57.88037530158162,603706,东方环宇,bottom_area,2024-01-23,14.25,2023-11-13,20.64,2024-01-23,13.95,2.1505376344086073,3.2974910394265295,32.412790697674424,30.959302325581394,False,0.14054813773716202,0.9077914944462859,1,5,1,20.0,35.50323176361958,35.50323176361958,2019-01-31,17.849462365591396,2.1505376344086073,历史1/5次成功; 当前距低点2.15%; 最新日涨幅0.14%; 状态bottom_area; 底部未确认
206,66.77521078129647,58.115601313981344,600351,亚宝药业,bottom_area,2024-01-23,6.04,2023-11-23,8.29,2024-01-23,5.9,2.372881355932198,2.8813559322033884,28.829915560916756,27.14113389626055,False,0.8347245409014992,2.260274311294898,2,7,2,28.57142857142857,20.921962856027136,21.215242018537577,2007-10-26; 2015-08-26,17.627118644067803,2.372881355932198,历史2/7次成功; 当前距低点2.37%; 最新日涨幅0.83%; 状态bottom_area; 底部未确认
207,66.77291372725013,57.36827799101771,603226,菲林格尔,bottom_area,2024-01-23,5.49,2024-01-03,7.58,2024-01-23,5.4,1.6666666666666639,6.851851851851837,28.759894459102895,27.572559366754618,False,-3.3450704225352013,1.7011644299984945,3,8,3,37.5,21.59020425278332,23.390275952693827,2020-02-04; 2020-03-19; 2022-06-14,18.33333333333334,1.6666666666666639,历史3/8次成功; 当前距低点1.67%; 最新日涨幅-3.35%; 状态bottom_area; 底部未确认
208,66.70654126104414,59.67740968437889,600765,中航重机,bottom_area,2024-01-23,14.45,2024-01-02,19.88,2024-01-22,13.91,3.882099209202007,6.829618979151684,30.030181086519107,27.313883299798793,False,2.9202279202279247,1.541049216870071,6,16,6,37.5,28.473633770749807,37.344398340248965,2006-11-20; 2008-03-19; 2008-04-03; 2009-08-19; 2010-07-02; 2016-01-14,16.117900790797997,3.882099209202007,历史6/16次成功; 当前距低点3.88%; 最新日涨幅2.92%; 状态bottom_area; 底部未确认
209,66.62982455784105,57.10922057324681,300414,中光防雷,bottom_area,2024-01-23,7.93,2023-11-16,10.77,2024-01-23,7.81,1.5364916773367492,3.713188220230475,27.483751160631385,26.369545032497676,False,-0.2515723270440362,1.7856106039167923,2,9,2,22.22222222222222,41.488527107629295,48.535564853556465,2018-02-09; 2020-02-04,18.46350832266325,1.5364916773367492,历史2/9次成功; 当前距低点1.54%; 最新日涨幅-0.25%; 状态bottom_area; 底部未确认
210,66.59586811320499,58.208516442794675,300655,晶瑞电材,bottom_area,2024-01-23,7.87,2023-12-12,10.57,2024-01-23,7.67,2.60756192959583,3.1290743155149965,27.436140018921478,25.543992431409652,False,1.8111254851228997,1.094351731066229,2,9,2,22.22222222222222,38.05484992858934,44.62686567164178,2019-05-08; 2022-10-12,17.39243807040417,2.60756192959583,历史2/9次成功; 当前距低点2.61%; 最新日涨幅1.81%; 状态bottom_area; 底部未确认
211,66.52300424893917,58.359107274956216,600592,龙溪股份,bottom_area,2024-01-23,9.15,2024-01-08,12.24,2024-01-23,8.9,2.8089887640449436,4.606741573033709,27.287581699346404,25.245098039215684,False,0.5494505494505475,3.048577259856019,3,11,3,27.27272727272727,30.390820247685944,35.607476635514026,2010-05-18; 2015-07-29; 2021-10-29,17.191011235955056,2.8089887640449436,历史3/11次成功; 当前距低点2.81%; 最新日涨幅0.55%; 状态bottom_area; 底部未确认
212,66.50985435997102,57.3667618826607,300075,数字政通,bottom_area,2024-01-23,13.54,2023-12-12,19.75,2024-01-22,13.29,1.8811136192626037,8.954100827690002,32.708860759493675,31.443037974683545,False,0.8190618019359608,2.9099105994849954,1,5,1,20.0,29.43925233644859,29.43925233644859,2022-04-15,18.118886380737397,1.8811136192626037,历史1/5次成功; 当前距低点1.88%; 最新日涨幅0.82%; 状态bottom_area; 底部未确认
213,66.49429564673268,57.81201952590398,002009,天奇股份,bottom_area,2024-01-23,11.04,2023-12-29,15.66,2024-01-23,10.79,2.3169601482854496,4.170528266913819,31.098339719029376,29.501915708812266,False,-0.6300630063006296,2.878454621713468,4,12,4,33.33333333333333,30.75997489602941,44.78798586572438,2006-11-14; 2007-06-05; 2015-06-30; 2023-04-26,17.68303985171455,2.3169601482854496,历史4/12次成功; 当前距低点2.32%; 最新日涨幅-0.63%; 状态bottom_area; 底部未确认
214,66.48078942083633,59.215956427779645,000021,深科技,bottom_area,2024-01-23,12.52,2023-12-04,17.8,2024-01-23,12.08,3.6423841059602604,4.635761589403978,32.13483146067416,29.662921348314615,False,2.622950819672143,1.6499050572287035,4,11,4,36.36363636363637,25.51638029475045,31.45985401459856,1995-04-27; 1996-06-13; 2001-02-16; 2022-10-10,16.35761589403974,3.6423841059602604,历史4/11次成功; 当前距低点3.64%; 最新日涨幅2.62%; 状态bottom_area; 底部未确认
215,66.47970039951532,57.512123732304374,300909,汇创达,bottom_area,2024-01-23,23.46,2023-12-29,31.56,2024-01-22,22.99,2.0443671161374617,7.438016528925624,27.154626108998738,25.665399239543717,False,-0.17021276595744483,1.5356215155688036,1,2,1,50.0,23.02839116719243,23.02839116719243,2023-10-24,17.95563288386254,2.0443671161374617,历史1/2次成功; 当前距低点2.04%; 最新日涨幅-0.17%; 状态bottom_area; 底部未确认
216,66.43101656052241,56.84875189260003,301221,光庭信息,bottom_area,2024-01-23,44.08,2023-12-22,62.03,2024-01-23,43.45,1.4499424626006798,2.7157652474108165,29.953248428179908,28.93761083346768,False,-0.22634676324129188,2.4102130065988066,1,4,1,25.0,33.008713480266515,33.008713480266515,2022-04-28,18.550057537399322,1.4499424626006798,历史1/4次成功; 当前距低点1.45%; 最新日涨幅-0.23%; 状态bottom_area; 底部未确认
217,66.18324387587171,58.07623374464414,300762,上海瀚讯,bottom_area,2024-01-23,11.29,2023-12-29,15.36,2024-01-23,10.98,2.823315118397074,3.8251366120218573,28.515624999999993,26.497395833333336,False,1.5287769784172678,2.6070210334410637,1,3,1,33.33333333333333,32.580961727183514,32.580961727183514,2022-10-11,17.176684881602927,2.823315118397074,历史1/3次成功; 当前距低点2.82%; 最新日涨幅1.53%; 状态bottom_area; 底部未确认
218,66.14658448161481,58.35771238506039,600841,动力新科,bottom_area,2024-01-23,4.96,2023-12-08,6.85,2024-01-23,4.81,3.1185031185031264,3.742203742203755,29.781021897810223,27.591240875912405,False,1.2244897959183598,0.8118313372603143,6,21,6,28.57142857142857,31.363514951407552,45.95141700404857,1997-09-23; 2008-03-18; 2016-03-01; 2017-04-27; 2018-02-06; 2021-10-28,16.881496881496876,3.1185031185031264,历史6/21次成功; 当前距低点3.12%; 最新日涨幅1.22%; 状态bottom_area; 底部未确认
219,66.14024622910888,59.169166292364764,002291,遥望科技,bottom_area,2024-01-23,6.96,2024-01-02,9.52,2024-01-22,6.7,3.88059701492537,10.0,29.621848739495793,26.89075630252101,False,2.35294117647058,2.907152962618754,5,15,5,33.33333333333333,34.75050619925415,61.10375275938191,2015-06-23; 2015-06-30; 2018-02-09; 2020-02-03; 2020-02-28,16.119402985074633,3.88059701492537,历史5/15次成功; 当前距低点3.88%; 最新日涨幅2.35%; 状态bottom_area; 底部未确认
220,66.12783594065837,56.118502954648854,002928,华夏航空,bottom_area,2024-01-23,6.1,2023-12-12,8.41,2024-01-23,6.04,0.993377483443702,2.6490066225165587,28.1807372175981,27.467300832342456,False,-1.6129032258064613,1.6641226926116204,2,5,2,40.0,30.824750628497277,36.84210526315789,2020-02-04; 2023-10-23,19.0066225165563,0.993377483443702,历史2/5次成功; 当前距低点0.99%; 最新日涨幅-1.61%; 状态bottom_area; 底部未确认
221,66.06809950108438,58.27905724682603,600682,南京新百,bottom_area,2024-01-23,6.3,2023-12-13,8.5,2024-01-23,6.11,3.1096563011456544,3.7643207855973735,28.117647058823525,25.882352941176475,False,0.6389776357827559,0.7099288508730084,5,18,5,27.77777777777778,32.55176972577242,39.71774193548387,1993-12-20; 1994-08-10; 1998-08-18; 2008-09-18; 2016-03-01,16.890343698854345,3.1096563011456544,历史5/18次成功; 当前距低点3.11%; 最新日涨幅0.64%; 状态bottom_area; 底部未确认
222,66.02145055051295,57.2428630692254,603733,仙鹤股份,bottom_area,2024-01-23,14.15,2023-11-06,19.1,2024-01-23,13.85,2.1660649819494635,3.1768953068592025,27.486910994764408,25.916230366492147,False,1.1436740528949274,0.37325273461259517,1,3,1,33.33333333333333,20.04385964912281,20.04385964912281,2018-06-21,17.833935018050536,2.1660649819494635,历史1/3次成功; 当前距低点2.17%; 最新日涨幅1.14%; 状态bottom_area; 底部未确认
223,65.99419738754567,58.19805957571451,002881,美格智能,bottom_area,2024-01-23,21.32,2024-01-05,28.36,2024-01-23,20.68,3.094777562862672,4.9323017408123775,27.08039492242595,24.82369534555712,False,-0.9293680297397744,1.7552547507094691,3,8,3,37.5,33.34221730667419,39.64181994191675,2018-02-07; 2020-02-04; 2023-05-15,16.90522243713733,3.094777562862672,历史3/8次成功; 当前距低点3.09%; 最新日涨幅-0.93%; 状态bottom_area; 底部未确认
224,65.9909444297148,57.45862662925081,002434,万里扬,bottom_area,2024-01-23,5.98,2023-11-20,8.66,2024-01-23,5.84,2.3972602739726128,3.253424657534253,32.5635103926097,30.946882217090067,False,0.3355704697986628,1.0956514486234652,1,4,1,25.0,25.426774483378257,25.426774483378257,2015-08-26,17.602739726027387,2.3972602739726128,历史1/4次成功; 当前距低点2.40%; 最新日涨幅0.34%; 状态bottom_area; 底部未确认
225,65.95561657036517,59.20727564650434,688326,经纬恒润,bottom_area,2024-01-23,83.63,2023-12-29,118.5,2024-01-23,80.36,4.069188651070179,6.5953210552513655,32.18565400843882,29.426160337552748,False,2.0749420236787275,0.9295533971884768,1,2,1,50.0,34.48938586529221,34.48938586529221,2023-08-29,15.930811348929822,4.069188651070179,历史1/2次成功; 当前距低点4.07%; 最新日涨幅2.07%; 状态bottom_area; 底部未确认
226,65.94285145794915,56.59497441703516,600386,北巴传媒,bottom_area,2024-01-23,3.79,2023-12-18,5.3,2024-01-23,3.73,1.6085790884718514,2.949061662198388,29.62264150943396,28.49056603773585,False,-0.5249343832021025,1.7826016865079366,3,10,3,30.0,22.75556311156447,25.49019607843137,2008-04-03; 2015-06-30; 2020-02-04,18.39142091152815,1.6085790884718514,历史3/10次成功; 当前距低点1.61%; 最新日涨幅-0.52%; 状态bottom_area; 底部未确认
227,65.91173672652293,58.25448939524935,002110,三钢闽光,bottom_area,2024-01-23,3.53,2023-10-30,4.87,2024-01-23,3.42,3.2163742690058443,3.801169590643272,29.774127310061605,27.515400410677625,False,1.1461318051575908,0.41603057952585887,4,13,4,30.76923076923077,27.24635875582081,29.150326797385624,2008-03-18; 2008-09-18; 2016-01-28; 2021-11-10,16.783625730994157,3.2163742690058443,历史4/13次成功; 当前距低点3.22%; 最新日涨幅1.15%; 状态bottom_area; 底部未确认
228,65.9079943900083,58.70617153301083,300206,理邦仪器,bottom_area,2024-01-23,8.82,2023-11-24,11.86,2024-01-23,8.51,3.6427732079906052,4.230317273795528,28.246205733558178,25.632377740303536,False,1.730103806228378,1.530174944513824,3,10,3,30.0,36.56824971628712,40.95238095238097,2012-12-04; 2013-05-17; 2015-05-29,16.357226792009396,3.6427732079906052,历史3/10次成功; 当前距低点3.64%; 最新日涨幅1.73%; 状态bottom_area; 底部未确认
229,65.71334867949273,59.673821965850514,600756,浪潮软件,bottom_area,2024-01-23,11.58,2023-11-20,15.22,2024-01-23,11.06,4.701627486437609,5.244122965641954,27.33245729303548,23.915900131406048,False,3.5778175313059046,1.9326822049048387,6,15,6,40.0,33.08350878993687,40.22313564298295,1997-07-08; 2004-09-14; 2011-08-09; 2018-02-07; 2020-02-04; 2022-04-27,15.298372513562391,4.701627486437609,历史6/15次成功; 当前距低点4.70%; 最新日涨幅3.58%; 状态bottom_area; 底部未确认
230,65.66262808451938,57.982491104842815,600516,方大炭素,bottom_area,2024-01-23,4.56,2023-10-18,6.2,2024-01-23,4.42,3.1674208144796308,3.8461538461538445,28.70967741935484,26.45161290322581,False,2.0134228187919323,0.557309126953479,5,17,5,29.411764705882355,28.125104222504234,34.63414634146339,2006-04-28; 2008-04-02; 2015-07-07; 2020-02-04; 2021-02-08,16.83257918552037,3.1674208144796308,历史5/17次成功; 当前距低点3.17%; 最新日涨幅2.01%; 状态bottom_area; 底部未确认
231,65.6554965710626,59.92161764156776,600575,淮河能源,bottom_area,2024-01-23,2.32,2023-09-05,3.11,2024-01-22,2.21,4.977375565610854,5.882352941176466,28.938906752411576,25.401929260450164,False,3.5714285714285587,0.8763024549223286,3,8,3,37.5,43.212548016991946,49.508196721311464,2008-03-18; 2008-04-22; 2022-04-27,15.022624434389147,4.977375565610854,历史3/8次成功; 当前距低点4.98%; 最新日涨幅3.57%; 状态bottom_area; 底部未确认
232,65.59596923142442,56.9104446020585,301186,超达装备,bottom_area,2024-01-23,33.43,2023-11-29,45.32,2024-01-23,32.71,2.201161724243347,3.6991745643534113,27.824360105913502,26.23565754633716,False,-0.5059523809523903,0.797177248552364,1,3,1,33.33333333333333,41.16,41.16,2022-04-27,17.798838275756655,2.201161724243347,历史1/3次成功; 当前距低点2.20%; 最新日涨幅-0.51%; 状态bottom_area; 底部未确认
233,65.56775922527514,57.97326191447847,300941,创识科技,bottom_area,2024-01-23,22.0,2024-01-16,30.96,2024-01-23,21.31,3.237916471140316,6.100422336931022,31.16925064599484,28.9405684754522,False,-0.5874378671486657,9.090093766920692,2,5,2,40.0,28.471567035905267,35.012987012987004,2021-02-19; 2022-02-08,16.762083528859684,3.237916471140316,历史2/5次成功; 当前距低点3.24%; 最新日涨幅-0.59%; 状态bottom_area; 底部未确认
234,65.55443018000568,57.88442654568355,603033,三维股份,bottom_area,2024-01-23,13.69,2023-12-05,18.92,2024-01-23,13.27,3.165033911077618,4.6721929163526825,29.862579281183944,27.64270613107823,False,1.7087667161961306,0.26830783038513406,2,7,2,28.57142857142857,29.38934488524091,33.85620915032679,2018-06-22; 2021-09-29,16.834966088922382,3.165033911077618,历史2/7次成功; 当前距低点3.17%; 最新日涨幅1.71%; 状态bottom_area; 底部未确认
235,65.48838481078059,56.39672184355726,600050,中国联通,bottom_area,2024-01-23,3.97,2023-08-22,5.56,2024-01-18,3.9,1.7948717948718023,4.102564102564095,29.856115107913666,28.59712230215826,False,-0.5012531328320802,0.45037126001237154,1,3,1,33.33333333333333,33.41772151898733,33.41772151898733,2008-09-18,18.205128205128197,1.7948717948718023,历史1/3次成功; 当前距低点1.79%; 最新日涨幅-0.50%; 状态bottom_area; 底部未确认
236,65.45037037751496,58.35974005185671,600501,航天晨光,bottom_area,2024-01-23,11.21,2024-01-03,15.58,2024-01-23,10.81,3.7002775208140637,4.347826086956511,30.616174582798454,28.048780487804876,False,1.5398550724637916,1.1093107383837186,5,16,5,31.25,32.70227311458487,38.62745098039217,2008-09-18; 2014-01-10; 2015-09-08; 2018-02-09; 2022-04-27,16.299722479185938,3.7002775208140637,历史5/16次成功; 当前距低点3.70%; 最新日涨幅1.54%; 状态bottom_area; 底部未确认
237,65.36791603567904,57.210925942134864,002635,安洁科技,bottom_area,2024-01-23,12.26,2023-12-29,16.95,2024-01-23,11.94,2.6800670016750443,3.3500837520938056,29.557522123893804,27.66961651917404,False,-0.24410089503661414,2.942383434856064,3,9,3,33.33333333333333,31.97927619688515,46.67178699436763,2013-06-25; 2015-06-30; 2015-08-26,17.31993299832496,2.6800670016750443,历史3/9次成功; 当前距低点2.68%; 最新日涨幅-0.24%; 状态bottom_area; 底部未确认
238,65.35437584677587,55.64360073739299,688173,希荻微,bottom_area,2024-01-23,12.95,2024-01-02,17.7,2024-01-23,12.8,1.171874999999989,3.8281249999999876,27.683615819209034,26.836158192090398,False,-1.5957446808510745,1.1079948073005659,1,4,1,25.0,23.120837297811605,23.120837297811605,2022-10-11,18.82812500000001,1.171874999999989,历史1/4次成功; 当前距低点1.17%; 最新日涨幅-1.60%; 状态bottom_area; 底部未确认
239,65.31650420157945,56.32155921361714,301007,德迈仕,bottom_area,2024-01-23,13.65,2023-11-29,19.87,2024-01-23,13.4,1.8656716417910446,3.5820895522388088,32.561650729743334,31.303472571716156,False,-0.7272727272727209,4.472886589754958,1,4,1,25.0,35.27037933817596,35.27037933817596,2022-04-27,18.134328358208958,1.8656716417910446,历史1/4次成功; 当前距低点1.87%; 最新日涨幅-0.73%; 状态bottom_area; 底部未确认
240,65.31584617167513,58.58273693943596,002887,绿茵生态,bottom_area,2024-01-23,7.5,2024-01-12,10.16,2024-01-23,7.21,4.0221914008321775,4.576976421636616,29.035433070866144,26.18110236220473,False,1.3513513513513375,2.9790365126890324,1,3,1,33.33333333333333,84.02282453637662,84.02282453637662,2022-04-27,15.977808599167822,4.0221914008321775,历史1/3次成功; 当前距低点4.02%; 最新日涨幅1.35%; 状态bottom_area; 底部未确认
241,65.16100368882748,56.13026734297926,300448,浩云科技,bottom_area,2024-01-23,4.5,2023-11-15,6.31,2024-01-23,4.42,1.8099547511312233,4.072398190045242,29.952456418383516,28.684627575277332,False,-1.5317286652078876,1.4216413922718918,2,7,2,28.57142857142857,25.820851942326513,27.957493358337228,2016-01-14; 2020-07-27,18.190045248868778,1.8099547511312233,历史2/7次成功; 当前距低点1.81%; 最新日涨幅-1.53%; 状态bottom_area; 底部未确认
242,64.96581828331703,56.39393948204605,002589,瑞康医药,bottom_area,2024-01-23,2.75,2023-11-24,3.76,2024-01-23,2.69,2.2304832713754665,2.6022304832713696,28.457446808510632,26.86170212765957,False,0.36496350364962904,1.5799746126506988,1,5,1,20.0,28.49162011173183,28.49162011173183,2022-02-24,17.769516728624534,2.2304832713754665,历史1/5次成功; 当前距低点2.23%; 最新日涨幅0.36%; 状态bottom_area; 底部未确认
243,64.90924553331074,57.21073440153495,002152,广电运通,bottom_area,2024-01-23,9.75,2023-12-13,13.44,2024-01-23,9.46,3.0655391120507307,3.69978858350951,29.613095238095227,27.45535714285714,False,2.4159663865546355,0.7586295460508524,2,9,2,22.22222222222222,38.30434420137123,49.963423555230435,2008-04-22; 2018-02-07,16.93446088794927,3.0655391120507307,历史2/9次成功; 当前距低点3.07%; 最新日涨幅2.42%; 状态bottom_area; 底部未确认
244,64.89584960748061,57.256190729203574,000547,航天发展,bottom_area,2024-01-23,6.94,2023-11-20,9.94,2024-01-23,6.73,3.1203566121842488,3.7147102526002973,32.29376257545271,30.18108651911468,False,1.90895741556536,0.9304954832048965,5,18,5,27.77777777777778,27.18365247601727,39.79591836734692,1995-02-21; 2006-11-14; 2007-06-26; 2008-03-19; 2011-06-20,16.87964338781575,3.1203566121842488,历史5/18次成功; 当前距低点3.12%; 最新日涨幅1.91%; 状态bottom_area; 底部未确认
245,64.85460450812991,55.79004398237672,300689,澄天伟业,bottom_area,2024-01-23,15.83,2023-11-21,21.57,2024-01-23,15.56,1.7352185089974266,5.912596401028277,27.86277236903106,26.61103384330088,False,-1.3092269326683281,1.4638938865021205,1,3,1,33.33333333333333,29.424778761061937,29.424778761061937,2020-11-17,18.264781491002573,1.7352185089974266,历史1/3次成功; 当前距低点1.74%; 最新日涨幅-1.31%; 状态bottom_area; 底部未确认
246,64.7286804526846,56.75263452012631,600170,上海建工,bottom_area,2024-01-23,2.22,2023-08-28,2.96,2024-01-23,2.16,2.77777777777778,3.240740740740733,27.027027027027025,24.999999999999993,False,1.3698630136986356,0.6149186242535961,3,14,3,21.428571428571427,34.033621331964284,43.76854599406527,2015-06-30; 2015-07-07; 2015-08-26,17.22222222222222,2.77777777777778,历史3/14次成功; 当前距低点2.78%; 最新日涨幅1.37%; 状态bottom_area; 底部未确认
247,64.59897138687533,57.432216202617134,600751,海航科技,bottom_area,2024-01-23,2.34,2023-11-14,3.12,2024-01-22,2.26,3.539823008849561,7.522123893805327,27.564102564102573,25.000000000000007,False,2.183406113537112,0.8226329074877294,5,18,5,27.77777777777778,33.271872141665014,49.66974900924702,2007-07-12; 2007-10-30; 2012-08-03; 2013-12-03; 2015-07-16,16.46017699115044,3.539823008849561,历史5/18次成功; 当前距低点3.54%; 最新日涨幅2.18%; 状态bottom_area; 底部未确认
248,64.54686718225307,57.63113141272596,000868,安凯客车,bottom_area,2024-01-23,4.4,2023-12-12,6.02,2024-01-23,4.24,3.7735849056603805,4.481132075471686,29.568106312292354,26.910299003322248,False,-0.9009009009009028,1.7261344093354045,5,14,5,35.714285714285715,42.484128251475795,69.53846153846153,2009-08-19; 2010-07-02; 2018-06-22; 2020-02-07; 2022-04-27,16.226415094339618,3.7735849056603805,历史5/14次成功; 当前距低点3.77%; 最新日涨幅-0.90%; 状态bottom_area; 底部未确认
249,64.51369606336208,56.78022888871861,688003,天准科技,bottom_area,2024-01-23,30.0,2023-11-21,41.36,2024-01-23,29.13,2.986611740473742,4.256779951939588,29.56963249516441,27.466150870406185,False,1.0101010101010166,0.6817087989900706,1,4,1,25.0,29.003783102143764,29.003783102143764,2019-11-27,17.01338825952626,2.986611740473742,历史1/4次成功; 当前距低点2.99%; 最新日涨幅1.01%; 状态bottom_area; 底部未确认
250,64.46021112874884,56.01763480392157,300718,长盛轴承,bottom_area,2024-01-23,14.73,2024-01-05,19.9,2024-01-23,14.4,2.2916666666666674,4.72222222222222,27.63819095477386,25.97989949748743,False,-1.5374331550802145,1.8858185847167912,1,3,1,33.33333333333333,37.46936274509803,37.46936274509803,2018-02-06,17.708333333333336,2.2916666666666674,历史1/3次成功; 当前距低点2.29%; 最新日涨幅-1.54%; 状态bottom_area; 底部未确认
251,64.44686228624249,55.238942320277054,300553,集智股份,bottom_area,2024-01-23,25.76,2024-01-03,35.93,2024-01-23,25.37,1.537248718959403,2.877414268821444,29.39048149178959,28.305037573058723,False,-0.6172839506172867,2.4844691117481545,2,8,2,25.0,25.424029029594024,27.453271028037385,2017-07-24; 2018-02-09,18.4627512810406,1.537248718959403,历史2/8次成功; 当前距低点1.54%; 最新日涨幅-0.62%; 状态bottom_area; 底部未确认
252,64.43543465582073,57.02572289156627,600936,北投科技,bottom_area,2024-01-23,3.14,2023-12-13,4.34,2024-01-23,3.04,3.2894736842105288,3.6184210526315748,29.953917050691242,27.649769585253452,False,1.6181229773462924,0.590463495112659,1,4,1,25.0,34.03614457831326,34.03614457831326,2016-10-21,16.710526315789473,3.2894736842105288,历史1/4次成功; 当前距低点3.29%; 最新日涨幅1.62%; 状态bottom_area; 底部未确认
253,64.42733576205337,56.32114410653946,002057,中钢天源,bottom_area,2024-01-23,6.67,2023-11-20,8.96,2024-01-23,6.5,2.615384615384614,3.23076923076923,27.45535714285715,25.558035714285722,False,0.7552870090634434,1.1846854181181525,2,9,2,22.22222222222222,28.003577817531305,35.076923076923066,2020-02-04; 2020-11-02,17.384615384615387,2.615384615384614,历史2/9次成功; 当前距低点2.62%; 最新日涨幅0.76%; 状态bottom_area; 底部未确认
254,64.34719642241792,57.38994936397219,000566,海南海药,bottom_area,2024-01-23,3.91,2023-12-13,5.21,2024-01-23,3.77,3.713527851458889,4.244031830238731,27.63915547024952,24.952015355086367,False,0.773195876288657,0.8825314720569969,8,27,8,29.629629629629626,31.161570562138287,38.259833134684136,1995-01-03; 1996-12-25; 1997-05-26; 1997-06-11; 2001-02-23; 2003-11-10; 2014-01-13; 2022-04-27,16.28647214854111,3.713527851458889,历史8/27次成功; 当前距低点3.71%; 最新日涨幅0.77%; 状态bottom_area; 底部未确认
255,64.30738122933063,56.3832489451477,688143,长盈通,bottom_area,2024-01-23,24.79,2024-01-11,33.18,2024-01-23,24.12,2.77777777777777,4.560530679933656,27.305605786618443,25.28631705846896,False,-1.704996034892936,1.135776723887589,1,2,1,50.0,25.949367088607595,25.949367088607595,2023-06-29,17.222222222222232,2.77777777777777,历史1/2次成功; 当前距低点2.78%; 最新日涨幅-1.70%; 状态bottom_area; 底部未确认
256,64.28765455135652,55.24246047378133,002331,皖通科技,bottom_area,2024-01-23,7.28,2023-12-05,10.03,2024-01-23,7.16,1.6759776536312863,3.3519553072625725,28.61415752741774,27.417746759720828,False,-0.952380952380949,2.256434110178415,2,8,2,25.0,27.143492064842256,33.03909205548551,2018-02-07; 2022-10-11,18.324022346368714,1.6759776536312863,历史2/8次成功; 当前距低点1.68%; 最新日涨幅-0.95%; 状态bottom_area; 底部未确认
257,64.2776099462913,54.852725190989425,301072,中捷精工,bottom_area,2024-01-23,21.08,2023-11-30,29.54,2024-01-23,20.81,1.2974531475252262,3.796251802018274,29.553148273527423,28.63913337846988,False,-1.4031805425631427,1.5944318693213766,1,4,1,25.0,20.408163265306122,20.408163265306122,2023-07-24,18.702546852474775,1.2974531475252262,历史1/4次成功; 当前距低点1.30%; 最新日涨幅-1.40%; 状态bottom_area; 底部未确认
258,64.20448206577802,57.69761452466986,600792,云煤能源,bottom_area,2024-01-23,4.54,2024-01-10,5.98,2024-01-23,4.36,4.1284403669724705,4.587155963302736,27.09030100334448,24.080267558528433,False,1.7937219730941756,2.419815215320987,4,13,4,30.76923076923077,35.43257291057573,63.99026763990266,2006-04-25; 2012-12-04; 2014-06-20; 2020-02-04,15.871559633027532,4.1284403669724705,历史4/13次成功; 当前距低点4.13%; 最新日涨幅1.79%; 状态bottom_area; 底部未确认
259,64.19924458277255,54.86478365349085,300478,杭州高新,bottom_area,2024-01-23,11.05,2024-01-03,15.25,2024-01-23,10.9,1.376146788990829,5.7798165137614586,28.52459016393442,27.540983606557372,False,-3.2399299474605847,3.4281970640601975,2,7,2,28.57142857142857,23.91458396830234,27.500000000000004,2015-08-26; 2017-08-14,18.623853211009173,1.376146788990829,历史2/7次成功; 当前距低点1.38%; 最新日涨幅-3.24%; 状态bottom_area; 底部未确认
260,64.19339306036746,55.82034179162388,300485,赛升药业,bottom_area,2024-01-23,8.8,2023-11-24,12.05,2024-01-23,8.6,2.32558139534885,3.2558139534883854,28.63070539419088,26.970954356846473,False,-0.4524886877827927,1.3421727727945787,2,8,2,25.0,38.2132654463401,47.71365960555149,2015-07-08; 2020-07-03,17.67441860465115,2.32558139534885,历史2/8次成功; 当前距低点2.33%; 最新日涨幅-0.45%; 状态bottom_area; 底部未确认
261,64.1161388578511,56.1182836988676,600722,金牛化工,bottom_area,2024-01-23,4.21,2024-01-04,5.78,2024-01-23,4.1,2.6829268292683004,4.634146341463424,29.065743944636687,27.162629757785474,False,-1.8648018648018683,1.4647084573750484,5,16,5,31.25,30.6538003741899,47.55905511811023,2016-01-18; 2017-11-29; 2020-02-04; 2021-03-10; 2022-04-27,17.3170731707317,2.6829268292683004,历史5/16次成功; 当前距低点2.68%; 最新日涨幅-1.86%; 状态bottom_area; 底部未确认
262,64.04931551287628,56.85500862219438,000670,盈方微,bottom_area,2024-01-23,5.69,2023-12-08,7.96,2024-01-23,5.5,3.4545454545454617,4.363636363636368,30.90452261306533,28.517587939698487,False,0.707964601769917,1.3948677000469114,3,10,3,30.0,24.30845300300019,29.447852760736197,2001-10-22; 2020-02-04; 2023-08-25,16.54545454545454,3.4545454545454617,历史3/10次成功; 当前距低点3.45%; 最新日涨幅0.71%; 状态bottom_area; 底部未确认
263,63.970967873831746,56.19781249999999,300955,嘉亨家化,bottom_area,2024-01-23,18.19,2024-01-09,24.57,2024-01-23,17.68,2.8846153846153935,4.751131221719456,28.042328042328045,25.966625966625962,False,-1.6756756756756697,1.594345238095238,1,2,1,50.0,26.262019230769234,26.262019230769234,2022-09-26,17.115384615384606,2.8846153846153935,历史1/2次成功; 当前距低点2.88%; 最新日涨幅-1.68%; 状态bottom_area; 底部未确认
264,63.9299506147935,55.95557781643168,002655,共达电声,bottom_area,2024-01-23,9.95,2024-01-02,13.84,2024-01-23,9.69,2.6831785345717214,3.818369453044386,29.98554913294798,28.106936416184976,False,-0.20060180541626726,2.331088189835069,3,9,3,33.33333333333333,25.268234096354163,33.66568914956011,2016-01-14; 2018-05-30; 2020-02-04,17.316821465428276,2.6831785345717214,历史3/9次成功; 当前距低点2.68%; 最新日涨幅-0.20%; 状态bottom_area; 底部未确认
265,63.89886082148601,58.19722012516546,002172,澳洋健康,bottom_area,2024-01-23,3.45,2024-01-18,4.64,2024-01-23,3.29,4.8632218844984845,9.118541033434644,29.09482758620689,25.64655172413792,False,-5.479452054794509,7.919928942807802,10,18,10,55.55555555555556,26.110092112543636,35.395189003436414,2008-09-18; 2009-03-04; 2009-09-02; 2009-09-29; 2011-08-09; 2012-01-06; 2019-05-08; 2020-02-04; 2022-01-28; 2022-04-27,15.136778115501517,4.8632218844984845,历史10/18次成功; 当前距低点4.86%; 最新日涨幅-5.48%; 状态bottom_area; 底部未确认
266,63.82412563215181,56.00911138406058,300682,朗新科技,bottom_area,2024-01-23,12.37,2023-12-29,16.55,2024-01-23,12.03,2.8262676641729,4.073150457190359,27.311178247734148,25.256797583081582,False,0.6509357200976451,1.4859923349461717,1,3,1,33.33333333333333,21.503593145384194,21.503593145384194,2022-04-27,17.1737323358271,2.8262676641729,历史1/3次成功; 当前距低点2.83%; 最新日涨幅0.65%; 状态bottom_area; 底部未确认
267,63.782289454618756,54.74501683434578,002022,科华生物,bottom_area,2024-01-23,8.19,2023-12-29,11.85,2024-01-23,8.06,1.612903225806439,3.7220843672456443,31.983122362869192,30.886075949367093,False,-0.8474576271186529,1.5335300494382897,3,12,3,25.0,23.69589349023904,24.245196706312903,2005-10-28; 2015-06-23; 2015-06-30,18.387096774193562,1.612903225806439,历史3/12次成功; 当前距低点1.61%; 最新日涨幅-0.85%; 状态bottom_area; 底部未确认
268,63.76956576633896,55.44604286386393,300534,陇神戎发,bottom_area,2024-01-23,8.38,2024-01-03,11.9,2024-01-22,8.19,2.3199023199023356,9.157509157509159,31.1764705882353,29.579831932773104,False,0.9638554216867545,2.049352484575368,2,10,2,20.0,24.491506200221796,26.86762778505898,2022-03-09; 2022-04-27,17.680097680097663,2.3199023199023356,历史2/10次成功; 当前距低点2.32%; 最新日涨幅0.96%; 状态bottom_area; 底部未确认
269,63.76023326398531,57.066465845545665,688435,英方软件,bottom_area,2024-01-23,36.71,2023-12-29,48.55,2024-01-23,35.33,3.9060288706481816,4.613642796490242,27.229660144181256,24.387229660144175,False,0.054510765876258915,2.259666227329326,1,2,1,50.0,20.97963263776083,20.97963263776083,2023-06-15,16.093971129351818,3.9060288706481816,历史1/2次成功; 当前距低点3.91%; 最新日涨幅0.05%; 状态bottom_area; 底部未确认
270,63.612356991458114,55.96104585468872,600831,广电网络,bottom_area,2024-01-23,4.52,2023-12-14,6.47,2024-01-23,4.39,2.961275626423688,3.4168564920273434,32.1483771251932,30.13910355486863,False,0.8928571428571175,1.326709246315599,4,21,4,19.047619047619047,37.185826917979846,54.36241610738255,2010-06-07; 2011-06-10; 2018-10-19; 2020-02-04,17.038724373576315,2.961275626423688,历史4/21次成功; 当前距低点2.96%; 最新日涨幅0.89%; 状态bottom_area; 底部未确认
271,63.594959526782944,54.88850673442576,600686,金龙汽车,bottom_area,2024-01-23,6.38,2023-12-13,8.89,2024-01-23,6.26,1.9169329073482444,3.0351437699680575,29.583802024746912,28.2339707536558,False,-0.7776049766718529,1.9086324812678555,4,18,4,22.22222222222222,34.212678535614,54.365079365079374,1994-03-11; 2000-09-22; 2007-05-24; 2008-09-18,18.083067092651756,1.9169329073482444,历史4/18次成功; 当前距低点1.92%; 最新日涨幅-0.78%; 状态bottom_area; 底部未确认
272,63.592367313343075,55.210103434271254,603289,泰瑞机器,bottom_area,2024-01-23,8.22,2024-01-02,11.54,2024-01-23,8.04,2.2388059701492726,3.9800995024875663,30.32928942807626,28.769497400346612,False,-2.026221692491059,1.9145016573079185,2,8,2,25.0,33.86871530221285,40.702947845804985,2022-04-25; 2022-12-23,17.76119402985073,2.2388059701492726,历史2/8次成功; 当前距低点2.24%; 最新日涨幅-2.03%; 状态bottom_area; 底部未确认
273,63.55937282254696,55.46279513926966,300358,楚天科技,bottom_area,2024-01-23,8.96,2023-11-21,12.16,2024-01-23,8.74,2.517162471395888,3.3180778032036513,28.125,26.315789473684205,False,0.6741573033707926,0.5931980155169331,2,9,2,22.22222222222222,22.18478504568129,23.815789473684205,2015-06-30; 2021-01-14,17.48283752860411,2.517162471395888,历史2/9次成功; 当前距低点2.52%; 最新日涨幅0.67%; 状态bottom_area; 底部未确认
274,63.41598038897557,57.01875429710521,600839,四川长虹,bottom_area,2024-01-23,4.51,2023-12-04,6.06,2024-01-22,4.33,4.157043879907615,8.545034642032334,28.547854785478542,25.577557755775576,False,2.9680365296803624,2.8529009062107002,4,15,4,26.666666666666668,41.022299336709146,89.25233644859811,1996-12-17; 1999-12-27; 2018-10-19; 2020-02-04,15.842956120092385,4.157043879907615,历史4/15次成功; 当前距低点4.16%; 最新日涨幅2.97%; 状态bottom_area; 底部未确认
275,63.34486551277013,55.68258770393585,603989,艾华集团,bottom_area,2024-01-23,17.63,2023-11-06,23.6,2024-01-23,17.13,2.918855808523059,3.6193812025685994,27.415254237288146,25.296610169491533,False,0.742857142857134,0.5950652395397954,1,5,1,20.0,33.10526315789473,33.10526315789473,2015-07-07,17.081144191476945,2.918855808523059,历史1/5次成功; 当前距低点2.92%; 最新日涨幅0.74%; 状态bottom_area; 底部未确认
276,63.15009419292376,56.1578867277962,000633,合金投资,bottom_area,2024-01-23,6.12,2023-11-24,8.67,2024-01-23,5.91,3.5532994923857864,4.0609137055837605,31.833910034602077,29.411764705882348,False,0.3278688524590345,1.3521339343504533,4,14,4,28.57142857142857,24.86625729112941,30.12820512820511,1997-08-20; 2004-06-29; 2006-05-08; 2020-02-04,16.446700507614214,3.5532994923857864,历史4/14次成功; 当前距低点3.55%; 最新日涨幅0.33%; 状态bottom_area; 底部未确认
277,63.12955856308857,55.35800847068752,600345,长江通信,bottom_area,2024-01-23,15.5,2023-12-18,21.8,2024-01-23,15.08,2.785145888594164,3.5145888594164414,30.825688073394495,28.899082568807344,False,0.5188067444876765,1.175746013879826,4,18,4,22.22222222222222,24.90637387702508,29.481834425253123,2009-08-19; 2015-06-30; 2015-08-26; 2020-02-04,17.214854111405835,2.785145888594164,历史4/18次成功; 当前距低点2.79%; 最新日涨幅0.52%; 状态bottom_area; 底部未确认
278,63.02869028519696,56.33638183859835,600320,振华重工,bottom_area,2024-01-23,2.98,2023-07-27,4.0,2024-01-23,2.87,3.8327526132404137,4.529616724738672,28.249999999999996,25.5,False,1.7064846416382284,0.6265833725035423,2,8,2,25.0,36.989558047239235,40.487804878048784,2008-11-07; 2009-06-26,16.167247386759588,3.8327526132404137,历史2/8次成功; 当前距低点3.83%; 最新日涨幅1.71%; 状态bottom_area; 底部未确认
279,63.01164968544377,54.020449454245615,300658,延江股份,bottom_area,2024-01-23,5.9,2024-01-10,8.2,2024-01-23,5.81,1.5490533562822848,6.54044750430294,29.146341463414632,28.04878048780487,False,-4.53074433656957,4.6916395276358225,3,11,3,27.27272727272727,24.308505460538264,26.72018348623853,2020-03-13; 2020-03-24; 2021-05-10,18.450946643717717,1.5490533562822848,历史3/11次成功; 当前距低点1.55%; 最新日涨幅-4.53%; 状态bottom_area; 底部未确认
280,62.96273304275488,54.150073949080934,002900,哈三联,bottom_area,2024-01-23,11.22,2023-11-23,15.49,2024-01-23,11.03,1.7225747960108913,4.623753399818675,28.79276952872822,27.5661717236927,False,-1.405975395430581,1.8529391050355133,1,4,1,25.0,21.841637010676155,21.841637010676155,2018-02-07,18.277425203989107,1.7225747960108913,历史1/4次成功; 当前距低点1.72%; 最新日涨幅-1.41%; 状态bottom_area; 底部未确认
281,62.95466027116579,53.00685632916684,688081,兴图新科,bottom_area,2024-01-23,12.49,2024-01-02,17.56,2024-01-23,12.42,0.5636070853462181,7.246376811594206,29.271070615034162,28.872437357630975,False,-6.0902255639097795,2.5589091614906834,1,2,1,50.0,30.70903485890442,30.70903485890442,2020-02-04,19.436392914653783,0.5636070853462181,历史1/2次成功; 当前距低点0.56%; 最新日涨幅-6.09%; 状态bottom_area; 底部未确认
282,62.87905451501265,55.520659090909085,688070,纵横股份,bottom_area,2024-01-23,28.37,2024-01-12,39.8,2024-01-23,27.5,3.163636363636367,4.872727272727272,30.90452261306532,28.718592964824115,False,-0.10563380281689572,0.5245390042409875,1,2,1,50.0,26.04166666666665,26.04166666666665,2021-10-28,16.836363636363632,3.163636363636367,历史1/2次成功; 当前距低点3.16%; 最新日涨幅-0.11%; 状态bottom_area; 底部未确认
283,62.87383181849303,55.02176713377693,000800,一汽解放,bottom_area,2024-01-23,7.68,2023-11-29,10.86,2024-01-23,7.48,2.6737967914438405,3.3422459893048124,31.12338858195211,29.2817679558011,False,0.6553079947575258,0.2910886242574785,3,14,3,21.428571428571427,23.453277056745172,25.555555555555564,1999-06-15; 1999-12-28; 2010-02-01,17.32620320855616,2.6737967914438405,历史3/14次成功; 当前距低点2.67%; 最新日涨幅0.66%; 状态bottom_area; 底部未确认
284,62.737364841244656,52.979913201294096,300782,卓胜微,bottom_area,2024-01-23,104.25,2023-12-14,147.95,2024-01-23,103.5,0.7246376811594203,4.444444444444439,30.043933761405878,29.53700574518418,False,-2.542769000654388,2.2403471296549338,1,2,1,50.0,22.32304900181489,22.32304900181489,2022-04-14,19.275362318840582,0.7246376811594203,历史1/2次成功; 当前距低点0.72%; 最新日涨幅-2.54%; 状态bottom_area; 底部未确认
285,62.69772554728011,54.03021051684216,002664,信质集团,bottom_area,2024-01-23,13.34,2023-11-29,19.36,2024-01-23,13.1,1.8320610687022918,3.4351145038168025,32.33471074380165,31.09504132231405,False,-0.224382946896029,1.3374365948673523,1,6,1,16.666666666666664,40.59485530546623,40.59485530546623,2020-02-04,18.16793893129771,1.8320610687022918,历史1/6次成功; 当前距低点1.83%; 最新日涨幅-0.22%; 状态bottom_area; 底部未确认
286,62.646864360120496,54.396560080739455,603520,司太立,bottom_area,2024-01-23,11.38,2023-11-09,16.49,2024-01-23,11.13,2.2461814914645104,3.324348607367468,32.50454821103698,30.988477865372943,False,-0.9573542210617902,0.9473098492572545,1,6,1,16.666666666666664,47.6407914764079,47.6407914764079,2020-06-03,17.753818508535492,2.2461814914645104,历史1/6次成功; 当前距低点2.25%; 最新日涨幅-0.96%; 状态bottom_area; 底部未确认
287,62.63462745808475,54.14974599848035,000679,大连友谊,bottom_area,2024-01-23,5.08,2024-01-10,7.07,2024-01-23,4.98,2.0080321285140488,5.02008032128514,29.56152758132956,28.147100424328148,False,-1.5503875968992276,3.5427328843995514,4,17,4,23.52941176470588,28.525302743633894,35.63829787234042,2011-12-28; 2016-05-12; 2018-02-07; 2022-10-12,17.991967871485954,2.0080321285140488,历史4/17次成功; 当前距低点2.01%; 最新日涨幅-1.55%; 状态bottom_area; 底部未确认
288,62.62465354475601,55.164113178527195,300191,潜能恒信,bottom_area,2024-01-23,12.57,2023-11-21,17.92,2024-01-23,12.2,3.03278688524591,4.754098360655738,31.919642857142865,29.854910714285722,False,0.7211538461538547,1.2771084337349397,1,4,1,25.0,20.88100686498855,20.88100686498855,2020-02-04,16.96721311475409,3.03278688524591,历史1/4次成功; 当前距低点3.03%; 最新日涨幅0.72%; 状态bottom_area; 底部未确认
289,62.6037274966664,53.75761353592192,000860,顺鑫农业,bottom_area,2024-01-23,18.0,2023-11-23,25.84,2024-01-23,17.71,1.637492941840763,3.218520609824959,31.46284829721362,30.340557275541798,False,-1.4778325123152691,1.0915961021285954,2,9,2,22.22222222222222,24.707214450340352,26.266280752532555,2005-07-12; 2008-03-18,18.36250705815924,1.637492941840763,历史2/9次成功; 当前距低点1.64%; 最新日涨幅-1.48%; 状态bottom_area; 底部未确认
290,62.589080731224655,53.88463904012719,300246,宝莱特,bottom_area,2024-01-23,8.58,2023-11-24,12.2,2024-01-23,8.43,1.7793594306049865,3.914590747330962,30.901639344262293,29.67213114754098,False,-1.6055045871559703,2.7416280050299715,3,14,3,21.428571428571427,28.848732560173502,31.498829039812666,2015-05-29; 2015-09-02; 2018-02-07,18.220640569395012,1.7793594306049865,历史3/14次成功; 当前距低点1.78%; 最新日涨幅-1.61%; 状态bottom_area; 底部未确认
291,62.54302884770944,56.13960513679388,000042,中洲控股,bottom_area,2024-01-23,5.12,2023-11-24,7.12,2024-01-23,4.92,4.065040650406507,4.674796747967489,30.898876404494384,28.08988764044944,False,0.9861932938856066,0.9405030604550155,4,13,4,30.76923076923077,26.279020536132837,29.558745348219045,1996-12-18; 2007-06-05; 2008-03-18; 2022-04-27,15.934959349593495,4.065040650406507,历史4/13次成功; 当前距低点4.07%; 最新日涨幅0.99%; 状态bottom_area; 底部未确认
292,62.42340531118769,55.289301847051945,002735,王子新材,bottom_area,2024-01-23,11.16,2024-01-16,15.13,2024-01-23,10.8,3.3333333333333277,6.944444444444444,28.618638466622603,26.239259748843363,False,-0.8000000000000007,3.8565660269697175,3,8,3,37.5,20.62796691963402,21.043478260869563,2015-06-30; 2015-08-26; 2021-05-21,16.666666666666675,3.3333333333333277,历史3/8次成功; 当前距低点3.33%; 最新日涨幅-0.80%; 状态bottom_area; 底部未确认
293,62.358139279866165,54.270735550736774,300939,秋田微,bottom_area,2024-01-23,28.05,2024-01-02,38.61,2024-01-23,27.4,2.3722627737226354,2.8102189781022013,29.033929033929034,27.35042735042735,False,0.2143622722400984,1.86075,1,6,1,16.666666666666664,26.03670972127803,26.03670972127803,2023-05-15,17.627737226277365,2.3722627737226354,历史1/6次成功; 当前距低点2.37%; 最新日涨幅0.21%; 状态bottom_area; 底部未确认
294,62.262080742552335,54.62898911305673,600597,光明乳业,bottom_area,2024-01-23,8.03,2023-08-04,11.25,2024-01-23,7.81,2.8169014084507014,3.201024327784903,30.577777777777783,28.622222222222227,False,0.8793969849246075,0.30389813597965293,2,10,2,20.0,26.190990990990997,31.73333333333334,2011-06-22; 2022-10-31,17.1830985915493,2.8169014084507014,历史2/10次成功; 当前距低点2.82%; 最新日涨幅0.88%; 状态bottom_area; 底部未确认
295,62.259530430063364,55.30360336538054,688039,当虹科技,bottom_area,2024-01-23,26.38,2023-12-29,36.38,2024-01-23,25.49,3.4915653197332315,4.864652805021585,29.934029686641022,27.487630566245198,False,1.111536987351469,2.697524710206971,1,6,1,16.666666666666664,45.31024531024532,45.31024531024532,2019-12-16,16.50843468026677,3.4915653197332315,历史1/6次成功; 当前距低点3.49%; 最新日涨幅1.11%; 状态bottom_area; 底部未确认
296,62.2086099518348,56.2333486685459,002117,东港股份,bottom_area,2024-01-23,7.51,2023-12-05,10.18,2024-01-23,7.19,4.450625869262857,5.006954102920715,29.371316306483298,26.227897838899807,False,1.4864864864864824,1.6630643508165142,3,9,3,33.33333333333333,25.953990952321917,29.695577254451454,2008-09-18; 2015-06-30; 2017-12-25,15.549374130737146,4.450625869262857,历史3/9次成功; 当前距低点4.45%; 最新日涨幅1.49%; 状态bottom_area; 底部未确认
297,62.12720184357764,54.87946281188876,002010,传化智联,bottom_area,2024-01-23,4.21,2023-07-07,5.91,2024-01-23,4.08,3.1862745098039187,3.921568627450984,30.96446700507614,28.76480541455161,False,0.9592326139088669,0.4849591542527631,2,9,2,22.22222222222222,27.250608272506078,28.9537712895377,2008-04-03; 2008-09-18,16.81372549019608,3.1862745098039187,历史2/9次成功; 当前距低点3.19%; 最新日涨幅0.96%; 状态bottom_area; 底部未确认
298,62.10399918109978,54.697284346637666,603229,奥翔药业,bottom_area,2024-01-23,10.9,2023-11-09,15.78,2024-01-23,10.58,3.0245746691871482,3.5916824196597426,32.9531051964512,30.92522179974651,False,1.5843429636533068,0.5578846352345823,1,7,1,14.285714285714285,41.48479427549196,41.48479427549196,2022-04-01,16.975425330812854,3.0245746691871482,历史1/7次成功; 当前距低点3.02%; 最新日涨幅1.58%; 状态bottom_area; 底部未确认
299,62.09355974790533,53.68673413443159,605081,退市太和,bottom_area,2024-01-23,12.67,2024-01-12,17.02,2024-01-23,12.42,2.0128824476650564,4.4283413848631294,27.027027027027025,25.558166862514685,False,-0.07886435331230235,3.2095303213391144,1,4,1,25.0,22.909172661870517,22.909172661870517,2021-03-10,17.987117552334944,2.0128824476650564,历史1/4次成功; 当前距低点2.01%; 最新日涨幅-0.08%; 状态bottom_area; 底部未确认
300,62.0669120060428,55.92572678117048,603978,深圳新星,bottom_area,2024-01-23,13.66,2024-01-15,18.6,2024-01-23,13.1,4.274809160305348,6.030534351145046,29.569892473118287,26.55913978494624,False,-2.5677603423680417,1.3467441054001712,2,5,2,40.0,30.173611111111104,38.88888888888889,2020-02-04; 2021-01-14,15.725190839694653,4.274809160305348,历史2/5次成功; 当前距低点4.27%; 最新日涨幅-2.57%; 状态bottom_area; 底部未确认
301,61.973494768563185,54.67471748837396,600463,空港股份,bottom_area,2024-01-23,8.27,2023-12-05,11.37,2024-01-23,8.02,3.117206982543641,3.865336658354121,29.463500439753737,27.264731750219877,False,0.1210653753026536,1.1143999999999998,2,10,2,20.0,30.11800757297553,37.30569948186528,2005-07-18; 2015-06-30,16.88279301745636,3.117206982543641,历史2/10次成功; 当前距低点3.12%; 最新日涨幅0.12%; 状态bottom_area; 底部未确认
302,61.8954999992389,54.691826257376604,002457,青龙管业,bottom_area,2024-01-23,7.41,2023-12-26,10.25,2024-01-23,7.18,3.203342618384407,3.4818941504178276,29.951219512195127,27.707317073170728,False,0.6793478260869623,3.0808317476823555,1,4,1,25.0,20.432513049962704,20.432513049962704,2015-06-30,16.796657381615592,3.203342618384407,历史1/4次成功; 当前距低点3.20%; 最新日涨幅0.68%; 状态bottom_area; 底部未确认
303,61.85900091193332,54.42754733368075,300285,国瓷材料,bottom_area,2024-01-23,18.72,2023-11-21,26.03,2024-01-22,18.18,2.970297029702966,6.820682068206832,30.157510564733002,28.082981175566662,False,2.2950819672131084,1.1013816297357721,1,6,1,16.666666666666664,34.21052631578947,34.21052631578947,2015-06-30,17.029702970297034,2.970297029702966,历史1/6次成功; 当前距低点2.97%; 最新日涨幅2.30%; 状态bottom_area; 底部未确认
304,61.797896731679906,54.72054943817694,601319,中国人保,bottom_area,2024-01-23,4.67,2023-08-28,6.33,2024-01-23,4.52,3.318584070796468,4.2035398230088585,28.593996840442347,26.224328593996844,False,1.0822510822510845,0.18099960258052922,1,3,1,33.33333333333333,20.610687022900773,20.610687022900773,2019-11-29,16.68141592920353,3.318584070796468,历史1/3次成功; 当前距低点3.32%; 最新日涨幅1.08%; 状态bottom_area; 底部未确认
305,61.754573211132815,54.28458581641957,000705,浙江震元,bottom_area,2024-01-23,8.11,2024-01-05,11.42,2024-01-23,7.88,2.918781725888319,3.6802030456852797,30.998248686514884,28.98423817863398,False,0.4956629491945419,5.739853378503623,3,16,3,18.75,28.296549201316907,35.0,1997-05-26; 2002-01-23; 2016-01-29,17.08121827411168,2.918781725888319,历史3/16次成功; 当前距低点2.92%; 最新日涨幅0.50%; 状态bottom_area; 底部未确认
306,61.72053029110449,56.055930952723955,001914,招商积余,bottom_area,2024-01-23,10.45,2023-11-06,14.16,2024-01-23,9.98,4.709418837675339,5.811623246492986,29.519774011299432,26.200564971751415,False,2.1505376344086002,0.6591339015505095,5,14,5,35.714285714285715,23.013703009497767,27.05667276051189,1994-10-07; 1996-12-18; 2003-05-14; 2006-04-14; 2008-09-18,15.290581162324662,4.709418837675339,历史5/14次成功; 当前距低点4.71%; 最新日涨幅2.15%; 状态bottom_area; 底部未确认
307,61.507690702701254,53.43231389772326,601633,长城汽车,bottom_area,2024-01-23,22.51,2023-10-18,31.3,2024-01-23,22.01,2.2716946842344385,2.907769195820068,29.68051118210862,28.083067092651753,False,0.4910714285714324,0.21670916043519795,1,6,1,16.666666666666664,20.296296296296283,20.296296296296283,2018-09-11,17.728305315765564,2.2716946842344385,历史1/6次成功; 当前距低点2.27%; 最新日涨幅0.49%; 状态bottom_area; 底部未确认
308,61.2635053081671,55.12689861016709,600588,用友网络,bottom_area,2024-01-23,12.9,2024-01-03,18.28,2024-01-23,12.38,4.200323101777056,5.088852988691429,32.27571115973742,29.431072210065643,False,2.3809523809523947,0.746298468172716,6,20,6,30.0,24.159329474294413,34.73972602739726,2005-06-06; 2015-05-05; 2015-07-29; 2018-05-03; 2021-02-04; 2023-05-30,15.799676898222945,4.200323101777056,历史6/20次成功; 当前距低点4.20%; 最新日涨幅2.38%; 状态bottom_area; 底部未确认
309,61.152981057181115,55.38636222942061,600720,中交设计,bottom_area,2024-01-23,8.26,2023-10-25,11.09,2024-01-23,7.9,4.556962025316448,5.4430379746835404,28.76465284039675,25.51848512173129,False,1.4742014742014753,0.6580052070957538,6,19,6,31.57894736842105,26.50494547133566,31.623931623931632,1996-12-18; 1998-08-18; 2001-10-19; 2005-07-18; 2008-08-13; 2012-07-10,15.443037974683554,4.556962025316448,历史6/19次成功; 当前距低点4.56%; 最新日涨幅1.47%; 状态bottom_area; 底部未确认
310,61.11108513327949,53.07455886917697,603788,宁波高发,bottom_area,2024-01-23,12.68,2023-12-04,17.06,2024-01-22,12.4,2.2580645161290267,9.596774193548383,27.315357561547472,25.674091441969516,False,-0.2360346184107076,1.5135940294895347,1,5,1,20.0,33.456698741672845,33.456698741672845,2020-02-04,17.741935483870975,2.2580645161290267,历史1/5次成功; 当前距低点2.26%; 最新日涨幅-0.24%; 状态bottom_area; 底部未确认
311,61.09787272807954,54.21254488264486,002705,新宝股份,bottom_area,2024-01-23,12.96,2023-11-06,17.2,2024-01-23,12.53,3.4317637669593095,4.229848363926585,27.151162790697676,24.65116279069767,False,1.7268445839874413,0.744312744953508,1,8,1,12.5,47.73906597479614,47.73906597479614,2015-07-08,16.568236233040693,3.4317637669593095,历史1/8次成功; 当前距低点3.43%; 最新日涨幅1.73%; 状态bottom_area; 底部未确认
312,60.828428556847015,54.629615504455664,301236,软通动力,bottom_area,2024-01-23,37.12,2024-01-11,49.4,2024-01-23,35.66,4.094223219293329,6.225462703309047,27.81376518218624,24.858299595141702,False,2.5414364640883758,6.656610200298735,1,3,1,33.33333333333333,29.629629629629626,29.629629629629626,2022-10-10,15.90577678070667,4.094223219293329,历史1/3次成功; 当前距低点4.09%; 最新日涨幅2.54%; 状态bottom_area; 底部未确认
313,60.77534229420977,54.81039157180114,000987,越秀资本,bottom_area,2024-01-23,5.55,2023-08-28,7.63,2024-01-23,5.32,4.323308270676683,5.26315789473683,30.27522935779816,27.260812581913502,False,2.20994475138121,0.47843109730324124,3,10,3,30.0,23.965238865290235,28.551912568306008,2003-11-07; 2016-01-14; 2020-02-04,15.67669172932332,4.323308270676683,历史3/10次成功; 当前距低点4.32%; 最新日涨幅2.21%; 状态bottom_area; 底部未确认
314,60.746499325066075,52.61793549662235,300386,飞天诚信,bottom_area,2024-01-23,8.7,2023-12-04,11.7,2024-01-23,8.52,2.112676056338025,3.521126760563389,27.17948717948718,25.641025641025646,False,-0.6849315068493178,1.9038697871466743,2,9,2,22.22222222222222,24.404738438266115,27.651792245793704,2015-07-17; 2020-02-04,17.887323943661976,2.112676056338025,历史2/9次成功; 当前距低点2.11%; 最新日涨幅-0.68%; 状态bottom_area; 底部未确认
315,60.70861081567485,53.97640879688825,603160,汇顶科技,bottom_area,2024-01-23,58.16,2023-11-06,80.0,2024-01-23,56.17,3.5428164500623014,4.3261527505786,29.7875,27.3,False,2.3763421932758266,0.8901303981603633,1,4,1,25.0,20.747474747474755,20.747474747474755,2022-04-28,16.4571835499377,3.5428164500623014,历史1/4次成功; 当前距低点3.54%; 最新日涨幅2.38%; 状态bottom_area; 底部未确认
316,60.696255975619515,53.38213879870133,300115,长盈精密,bottom_area,2024-01-23,9.78,2023-12-29,13.7,2024-01-23,9.5,2.9473684210526248,4.210526315789478,30.65693430656934,28.61313868613139,False,0.4106776180698102,1.6578591930056854,2,11,2,18.181818181818183,25.026161674347165,28.85416666666667,2011-01-25; 2013-02-05,17.052631578947373,2.9473684210526248,历史2/11次成功; 当前距低点2.95%; 最新日涨幅0.41%; 状态bottom_area; 底部未确认
317,60.48855651034046,54.116016275973486,002285,世联行,bottom_area,2024-01-23,2.14,2023-12-14,2.83,2024-01-23,2.06,3.883495145631071,4.368932038834945,27.208480565371023,24.381625441696112,False,0.9433962264151052,0.857293969098351,2,9,2,22.22222222222222,31.69263254009016,33.08223477715003,2015-07-07; 2020-02-04,16.11650485436893,3.883495145631071,历史2/9次成功; 当前距低点3.88%; 最新日涨幅0.94%; 状态bottom_area; 底部未确认
318,60.41090906712675,55.01556064833271,600397,江钨装备,bottom_area,2024-01-23,2.59,2024-01-12,3.47,2024-01-23,2.47,4.858299595141687,5.668016194331971,28.818443804034583,25.36023054755044,False,1.171875,2.4816362091735895,3,12,3,25.0,42.45958992072982,69.43005181347151,2010-07-05; 2019-11-18; 2021-02-08,15.141700404858316,4.858299595141687,历史3/12次成功; 当前距低点4.86%; 最新日涨幅1.17%; 状态bottom_area; 底部未确认
319,60.39761728065866,54.00103965799525,300948,冠中生态,bottom_area,2024-01-23,12.41,2024-01-12,16.98,2024-01-22,11.95,3.8493723849372463,12.05020920502093,29.623085983510016,26.914016489988224,False,0.08064516129031585,1.8668775263403337,1,4,1,25.0,24.637681159420286,24.637681159420286,2021-03-11,16.150627615062753,3.8493723849372463,历史1/4次成功; 当前距低点3.85%; 最新日涨幅0.08%; 状态bottom_area; 底部未确认
320,60.25881503054337,53.38443913070954,002626,金达威,bottom_area,2024-01-23,13.59,2023-11-24,18.53,2024-01-23,13.15,3.3460076045627343,4.030418250950565,29.033998920669184,26.65947112790071,False,1.7977528089887729,0.6514600313250223,1,6,1,16.666666666666664,33.20790216368767,33.20790216368767,2012-12-04,16.653992395437268,3.3460076045627343,历史1/6次成功; 当前距低点3.35%; 最新日涨幅1.80%; 状态bottom_area; 底部未确认
321,60.25638062916069,50.213650524300576,603038,华立股份,bottom_area,2024-01-23,13.53,2024-01-19,19.6,2024-01-23,13.53,0.0,4.730229120473027,30.96938775510205,30.96938775510205,False,-9.980039920159678,14.081028371939249,2,6,2,33.33333333333333,23.818909628856108,26.50306748466258,2021-01-06; 2022-04-28,20.0,0.0,历史2/6次成功; 当前距低点0.00%; 最新日涨幅-9.98%; 状态bottom_area; 底部未确认
322,60.01498888520735,54.087582575557256,002235,安妮股份,bottom_area,2024-01-23,5.84,2023-12-29,7.69,2024-01-23,5.6,4.28571428571429,5.535714285714295,27.17815344603382,24.05721716514955,False,2.2767075306479923,5.519129097877699,3,14,3,21.428571428571427,38.18976807135244,46.16438356164384,2015-06-30; 2021-04-14; 2023-01-20,15.714285714285712,4.28571428571429,历史3/14次成功; 当前距低点4.29%; 最新日涨幅2.28%; 状态bottom_area; 底部未确认
323,59.99111241567756,50.912189884542414,603390,通达电气,bottom_area,2024-01-23,8.12,2024-01-09,11.75,2024-01-23,8.04,0.9950248756218916,3.2338308457711644,31.57446808510639,30.893617021276604,False,-0.6119951040391758,2.149044550211765,1,3,1,33.33333333333333,33.96512509476878,33.96512509476878,2020-02-04,19.00497512437811,0.9950248756218916,历史1/3次成功; 当前距低点1.00%; 最新日涨幅-0.61%; 状态bottom_area; 底部未确认
324,59.799081165351836,51.96755592996738,600505,西昌电力,bottom_area,2024-01-23,7.14,2024-01-03,9.8,2024-01-23,6.98,2.2922636103151754,3.724928366762174,28.775510204081634,27.142857142857153,False,-1.3812154696132617,2.216489401825451,3,15,3,20.0,27.924284739171917,32.275862068965516,2018-07-06; 2020-02-04; 2023-10-23,17.707736389684825,2.2922636103151754,历史3/15次成功; 当前距低点2.29%; 最新日涨幅-1.38%; 状态bottom_area; 底部未确认
325,59.785784245616384,52.25937101540757,002183,怡亚通,bottom_area,2024-01-23,3.93,2023-11-24,5.29,2024-01-23,3.83,2.6109660574412556,3.394255874673626,27.5992438563327,25.708884688090734,False,0.5115089514066584,0.6425428629565841,1,7,1,14.285714285714285,23.307692307692314,23.307692307692314,2009-08-19,17.389033942558747,2.6109660574412556,历史1/7次成功; 当前距低点2.61%; 最新日涨幅0.51%; 状态bottom_area; 底部未确认
326,59.73859674286142,52.82779133545588,300006,莱美药业,bottom_area,2024-01-23,3.18,2023-12-15,4.23,2024-01-23,3.08,3.2467532467532494,4.220779220779217,27.186761229314428,24.822695035460995,False,-0.6249999999999978,1.7634429607056357,3,11,3,27.27272727272727,28.491826059915,31.506849315068497,2010-02-03; 2015-07-16; 2020-12-29,16.753246753246753,3.2467532467532494,历史3/11次成功; 当前距低点3.25%; 最新日涨幅-0.62%; 状态bottom_area; 底部未确认
327,59.72785897761879,54.17469208211142,002600,领益智造,bottom_area,2024-01-23,5.19,2023-12-29,6.82,2024-01-22,4.96,4.637096774193557,9.677419354838717,27.272727272727277,23.900293255131963,False,3.592814371257491,1.0412857193454454,2,11,2,18.181818181818183,66.6906005221932,94.99999999999999,2015-08-26; 2022-04-27,15.362903225806445,4.637096774193557,历史2/11次成功; 当前距低点4.64%; 最新日涨幅3.59%; 状态bottom_area; 底部未确认
328,59.600623350021166,54.33675063249793,002329,皇氏集团,bottom_area,2024-01-23,5.12,2024-01-17,6.72,2024-01-23,4.88,4.9180327868852505,5.122950819672131,27.38095238095238,23.809523809523807,False,1.3861386138613874,3.003240256539593,3,10,3,30.0,28.708953691377975,33.95138030490317,2015-09-02; 2017-12-28; 2022-02-07,15.08196721311475,4.9180327868852505,历史3/10次成功; 当前距低点4.92%; 最新日涨幅1.39%; 状态bottom_area; 底部未确认
329,59.551571744194746,52.66747640329202,002008,大族激光,bottom_area,2024-01-23,17.78,2023-11-08,23.79,2024-01-22,17.22,3.252032520325217,5.865272938443679,27.616645649432535,25.262715426649844,False,2.9530978575564637,1.414760557822897,2,11,2,18.181818181818183,24.918482915918215,29.085520745131234,2008-04-03; 2015-06-30,16.747967479674784,3.252032520325217,历史2/11次成功; 当前距低点3.25%; 最新日涨幅2.95%; 状态bottom_area; 底部未确认
330,59.53877102430676,53.251698934131795,603515,欧普照明,bottom_area,2024-01-23,16.11,2023-10-27,21.51,2024-01-23,15.51,3.868471953578334,4.190844616376534,27.894002789400286,25.10460251046026,False,0.3113325031133263,0.3680696802269878,1,4,1,25.0,20.84309133489461,20.84309133489461,2018-10-17,16.131528046421668,3.868471953578334,历史1/4次成功; 当前距低点3.87%; 最新日涨幅0.31%; 状态bottom_area; 底部未确认
331,59.42830480786358,53.30288984253375,002373,千方科技,bottom_area,2024-01-23,9.05,2023-12-13,12.5,2024-01-22,8.7,4.022988505747143,8.620689655172415,30.400000000000006,27.599999999999998,False,2.9579067121729308,1.2841728030371944,1,4,1,25.0,23.012385137834592,23.012385137834592,2016-03-01,15.977011494252856,4.022988505747143,历史1/4次成功; 当前距低点4.02%; 最新日涨幅2.96%; 状态bottom_area; 底部未确认
332,59.14225556631172,49.285212971926434,300517,海波重科,bottom_area,2024-01-23,9.97,2023-12-27,14.47,2024-01-23,9.97,0.0,8.02407221664994,31.098825155494126,31.098825155494126,False,-7.342007434944231,3.8043757613675635,1,4,1,25.0,36.88286544046467,36.88286544046467,2022-04-27,20.0,0.0,历史1/4次成功; 当前距低点0.00%; 最新日涨幅-7.34%; 状态bottom_area; 底部未确认
333,59.12860306451437,52.097885783996844,688536,思瑞浦,bottom_area,2024-01-23,111.61,2023-12-29,149.79,2024-01-23,108.31,3.046810082171542,5.364232296186873,27.69210227652046,25.489017958475195,False,2.4697025339698753,0.678810734678439,1,6,1,16.666666666666664,22.623366154200497,22.623366154200497,2021-07-19,16.95318991782846,3.046810082171542,历史1/6次成功; 当前距低点3.05%; 最新日涨幅2.47%; 状态bottom_area; 底部未确认
334,59.128075270908035,53.03957781067821,603650,彤程新材,bottom_area,2024-01-23,27.11,2023-12-12,35.71,2024-01-22,26.06,4.029163468917885,9.171143514965467,27.0232427891347,24.082889946793617,False,2.9233105542900484,0.7461022741843419,1,3,1,33.33333333333333,20.283533260632492,20.283533260632492,2019-05-08,15.970836531082117,4.029163468917885,历史1/3次成功; 当前距低点4.03%; 最新日涨幅2.92%; 状态bottom_area; 底部未确认
335,59.04848160232381,52.98142144892144,688083,中望软件,bottom_area,2024-01-23,76.69,2024-01-03,101.66,2024-01-23,73.71,4.042870709537382,4.46343779677114,27.493606138107417,24.562266378123155,False,2.1171770972037374,0.5368227623395229,1,4,1,25.0,21.52777777777778,21.52777777777778,2021-10-27,15.957129290462618,4.042870709537382,历史1/4次成功; 当前距低点4.04%; 最新日涨幅2.12%; 状态bottom_area; 底部未确认
336,58.81129083393411,53.200319623629454,000948,南天信息,bottom_area,2024-01-23,12.8,2023-11-21,17.41,2024-01-23,12.25,4.489795918367353,5.306122448979594,29.63813900057438,26.479035037334864,False,3.0595813204508993,1.6778650385426062,4,17,4,23.52941176470588,31.3693622383363,37.383177570093466,2008-02-01; 2009-08-19; 2012-12-04; 2015-09-02,15.510204081632647,4.489795918367353,历史4/17次成功; 当前距低点4.49%; 最新日涨幅3.06%; 状态bottom_area; 底部未确认
337,58.76579698020133,51.3320867574648,600789,鲁抗医药,bottom_area,2024-01-23,5.98,2023-11-30,8.48,2024-01-23,5.83,2.5728987993139,3.25900514579759,31.25,29.481132075471695,False,0.0,2.6478251575180014,1,8,1,12.5,21.72470978441127,21.72470978441127,2007-06-26,17.427101200686103,2.5728987993139,历史1/8次成功; 当前距低点2.57%; 最新日涨幅0.00%; 状态bottom_area; 底部未确认
338,58.57433123727708,50.828965123256985,600545,卓郎智能,bottom_area,2024-01-23,2.31,2023-11-14,3.12,2024-01-23,2.26,2.2123893805309858,3.0973451327433756,27.564102564102573,25.961538461538463,False,0.43478260869567187,0.8914308046798299,1,11,1,9.090909090909092,21.986970684039097,21.986970684039097,2019-08-26,17.787610619469017,2.2123893805309858,历史1/11次成功; 当前距低点2.21%; 最新日涨幅0.43%; 状态bottom_area; 底部未确认
339,58.55014692245025,51.99540680878908,603489,八方股份,bottom_area,2024-01-23,41.36,2024-01-02,55.43,2024-01-23,39.97,3.477608206154618,4.753565173880407,27.891033736243916,25.383366408082264,False,1.621621621621605,0.46684396062016364,1,5,1,20.0,20.13093289689035,20.13093289689035,2023-06-27,16.522391793845383,3.477608206154618,历史1/5次成功; 当前距低点3.48%; 最新日涨幅1.62%; 状态bottom_area; 底部未确认
340,58.209464447552044,50.93328139160804,002272,川润股份,bottom_area,2024-01-23,5.39,2024-01-04,7.2,2024-01-23,5.25,2.6666666666666607,5.714285714285711,27.083333333333336,25.138888888888893,False,-3.2315978456014416,2.6354393629452404,2,11,2,18.181818181818183,41.10757346416826,48.337595907928375,2012-12-04; 2022-04-27,17.33333333333334,2.6666666666666607,历史2/11次成功; 当前距低点2.67%; 最新日涨幅-3.23%; 状态bottom_area; 底部未确认
341,57.762831345139595,48.969164418973754,603528,多伦科技,bottom_area,2024-01-23,7.54,2023-12-04,10.88,2024-01-23,7.47,0.9370816599732301,2.945113788487291,31.341911764705888,30.698529411764707,False,-0.6587615283267456,1.3758583394007928,2,8,2,25.0,24.197368837165172,26.407766990291247,2018-10-12; 2021-11-02,19.062918340026773,0.9370816599732301,历史2/8次成功; 当前距低点0.94%; 最新日涨幅-0.66%; 状态bottom_area; 底部未确认
342,57.039223900112034,51.884668589281446,300416,苏试试验,bottom_area,2024-01-23,13.77,2023-12-29,18.42,2024-01-23,13.14,4.794520547945198,5.327245053272445,28.664495114006517,25.24429967426711,False,2.1513353115726996,2.2948020968485077,1,3,1,33.33333333333333,23.4561403508772,23.4561403508772,2015-08-27,15.205479452054805,4.794520547945198,历史1/3次成功; 当前距低点4.79%; 最新日涨幅2.15%; 状态bottom_area; 底部未确认
343,57.03129857877362,51.83021751775816,000619,海螺新材,bottom_area,2024-01-23,5.74,2024-01-17,7.6,2024-01-23,5.48,4.744525547445251,8.576642335766419,27.894736842105257,24.473684210526308,False,-4.333333333333334,7.325916666666667,3,8,3,37.5,29.544278311469512,32.01692524682651,1996-11-04; 2022-07-12; 2022-08-03,15.25547445255475,4.744525547445251,历史3/8次成功; 当前距低点4.74%; 最新日涨幅-4.33%; 状态bottom_area; 底部未确认
344,56.89438407693269,49.159162121191144,002454,松芝股份,bottom_area,2024-01-23,6.19,2023-12-04,8.57,2024-01-23,6.07,1.97693574958814,2.800658978583195,29.171528588098017,27.77129521586931,False,-0.9599999999999942,1.0391701609865602,1,8,1,12.5,25.210084033613438,25.210084033613438,2014-06-10,18.02306425041186,1.97693574958814,历史1/8次成功; 当前距低点1.98%; 最新日涨幅-0.96%; 状态bottom_area; 底部未确认
345,56.57328843596941,47.77848901098901,300244,迪安诊断,bottom_area,2024-01-23,19.34,2023-11-17,27.98,2024-01-23,19.2,0.7291666666666696,2.187500000000009,31.379556826304505,30.879199428162973,False,-0.4119464469619083,1.0065626457416883,1,7,1,14.285714285714285,38.461538461538474,38.461538461538474,2018-02-07,19.270833333333332,0.7291666666666696,历史1/7次成功; 当前距低点0.73%; 最新日涨幅-0.41%; 状态bottom_area; 底部未确认
346,56.5080365046923,47.64573950962222,688115,思林杰,bottom_area,2024-01-23,25.15,2024-01-02,35.17,2024-01-23,24.99,0.6402561024409771,3.641456582633054,28.94512368495878,28.49019050326984,False,-3.454894433781197,2.192290385480726,1,4,1,25.0,23.658728081654015,23.658728081654015,2022-12-23,19.359743897559024,0.6402561024409771,历史1/4次成功; 当前距低点0.64%; 最新日涨幅-3.45%; 状态bottom_area; 底部未确认
347,56.00622079866621,50.29822049527037,600966,博汇纸业,bottom_area,2024-01-23,5.34,2023-10-31,7.17,2024-01-23,5.13,4.093567251461987,4.873294346978558,28.451882845188287,25.523012552301257,False,-0.18691588785045843,0.7513291271432968,4,15,4,26.666666666666668,26.585414849123882,30.111524163568777,2005-07-21; 2008-03-18; 2008-09-18; 2015-06-30,15.906432748538013,4.093567251461987,历史4/15次成功; 当前距低点4.09%; 最新日涨幅-0.19%; 状态bottom_area; 底部未确认
348,55.93129657053825,49.07224522506959,600360,华微电子,bottom_area,2024-01-23,6.21,2023-11-27,8.89,2024-01-22,6.04,2.8145695364238397,8.112582781456958,32.058492688413956,30.146231721034876,False,1.80327868852459,1.3711615404766437,1,12,1,8.333333333333332,21.56521739130435,21.56521739130435,2015-08-26,17.18543046357616,2.8145695364238397,历史1/12次成功; 当前距低点2.81%; 最新日涨幅1.80%; 状态bottom_area; 底部未确认
349,55.600092066677256,49.77969675391214,300087,荃银高科,bottom_area,2024-01-23,7.15,2023-11-29,10.04,2024-01-23,6.88,3.9244186046511698,4.215116279069768,31.474103585657364,28.784860557768916,False,0.9887005649717562,0.7517267581624238,1,10,1,10.0,35.36221060492905,35.36221060492905,2021-02-05,16.07558139534883,3.9244186046511698,历史1/10次成功; 当前距低点3.92%; 最新日涨幅0.99%; 状态bottom_area; 底部未确认
350,55.10298710013972,47.83544294120587,000729,燕京啤酒,bottom_area,2024-01-23,7.78,2023-11-01,10.66,2024-01-23,7.61,2.2339027595269374,3.416557161629432,28.61163227016885,27.01688555347092,False,-0.12836970474967568,0.8719493710512286,1,9,1,11.11111111111111,24.252491694352173,24.252491694352173,2018-07-05,17.766097240473062,2.2339027595269374,历史1/9次成功; 当前距低点2.23%; 最新日涨幅-0.13%; 状态bottom_area; 底部未确认
351,55.019857346137876,48.07882271106864,002799,环球印务,bottom_area,2024-01-23,8.7,2024-01-02,12.23,2024-01-23,8.48,2.594339622641496,3.6556603773584753,30.662305805396567,28.863450531479977,False,-1.1363636363636576,2.231228931021269,1,7,1,14.285714285714285,23.1009365244537,23.1009365244537,2017-12-26,17.405660377358505,2.594339622641496,历史1/7次成功; 当前距低点2.59%; 最新日涨幅-1.14%; 状态bottom_area; 底部未确认
352,54.991961514552095,49.96702868622034,003029,吉大正元,bottom_area,2024-01-23,17.7,2024-01-12,23.47,2024-01-23,16.9,4.733727810650892,6.50887573964498,27.993182786536007,24.584576054537706,False,-2.7472527472527486,3.6019510952922986,1,3,1,33.33333333333333,34.87416538263998,34.87416538263998,2022-02-08,15.26627218934911,4.733727810650892,历史1/3次成功; 当前距低点4.73%; 最新日涨幅-2.75%; 状态bottom_area; 底部未确认
353,54.519590725722985,48.89755320721255,600266,城建发展,bottom_area,2024-01-23,4.14,2023-12-07,5.66,2024-01-23,3.98,4.020100502512555,5.025125628140697,29.681978798586574,26.855123674911667,False,2.9850746268656803,2.0040482483760713,1,8,1,12.5,26.37571157495256,26.37571157495256,2008-03-20,15.979899497487446,4.020100502512555,历史1/8次成功; 当前距低点4.02%; 最新日涨幅2.99%; 状态bottom_area; 底部未确认
354,54.201473854481705,47.21212173175125,603192,汇得科技,bottom_area,2024-01-23,17.36,2024-01-16,23.57,2024-01-23,16.95,2.4188790560471984,5.014749262536881,28.08655070004243,26.347051336444636,False,-3.5555555555555562,2.8023082786920503,1,6,1,16.666666666666664,21.346770499312875,21.346770499312875,2020-02-04,17.5811209439528,2.4188790560471984,历史1/6次成功; 当前距低点2.42%; 最新日涨幅-3.56%; 状态bottom_area; 底部未确认
355,54.10156852841104,49.06086391296329,601318,中国平安,bottom_area,2024-01-23,39.36,2023-09-04,51.9,2024-01-11,37.62,4.6251993620414735,6.140350877192989,27.514450867052027,24.161849710982658,False,-0.3039513677811523,0.5644618489662118,1,4,1,25.0,30.060851926977705,30.060851926977705,2015-08-25,15.374800637958527,4.6251993620414735,历史1/4次成功; 当前距低点4.63%; 最新日涨幅-0.30%; 状态bottom_area; 底部未确认
356,54.09442366222706,48.952635996416404,600825,新华传媒,bottom_area,2024-01-23,4.17,2024-01-09,5.64,2024-01-23,3.99,4.511278195488715,6.265664160401002,29.25531914893616,26.063829787234038,False,2.7093596059113434,2.671138438606298,2,14,2,14.285714285714285,28.82369583326784,34.22818791946308,1994-08-09; 2020-02-04,15.488721804511286,4.511278195488715,历史2/14次成功; 当前距低点4.51%; 最新日涨幅2.71%; 状态bottom_area; 底部未确认
357,54.03555301748482,47.88323338192826,600171,上海贝岭,bottom_area,2024-01-23,11.69,2023-11-15,16.63,2024-01-23,11.31,3.359858532272316,3.8019451812555234,31.990378833433546,29.70535177390258,False,2.0960698689956425,0.9602308430324243,1,16,1,6.25,26.37075718015665,26.37075718015665,2012-12-04,16.640141467727684,3.359858532272316,历史1/16次成功; 当前距低点3.36%; 最新日涨幅2.10%; 状态bottom_area; 底部未确认
358,53.35818017263454,47.53363603835698,000637,茂化实华,bottom_area,2024-01-23,2.84,2023-11-23,3.88,2024-01-23,2.74,3.649635036496337,4.014598540145981,29.381443298969064,26.804123711340207,False,0.35335689045936647,0.7186991012789862,1,12,1,8.333333333333332,23.52941176470589,23.52941176470589,2021-02-09,16.350364963503665,3.649635036496337,历史1/12次成功; 当前距低点3.65%; 最新日涨幅0.35%; 状态bottom_area; 底部未确认
359,53.186316667647624,46.472057286781414,002357,富临运业,bottom_area,2024-01-23,6.34,2024-01-17,8.6,2024-01-23,6.18,2.588996763754048,3.8834951456310716,28.13953488372093,26.27906976744186,False,-3.0581039755351758,8.877885650666917,1,7,1,14.285714285714285,24.611973392461206,24.611973392461206,2022-04-28,17.411003236245953,2.588996763754048,历史1/7次成功; 当前距低点2.59%; 最新日涨幅-3.06%; 状态bottom_area; 底部未确认
360,52.702462239644326,46.81290136724168,002036,联创电子,bottom_area,2024-01-23,7.71,2023-12-29,10.27,2024-01-22,7.45,3.489932885906037,10.469798657718124,27.45861733203505,24.926971762414798,False,2.2546419098143256,2.4729129293083014,1,16,1,6.25,22.210743801652896,22.210743801652896,2022-04-26,16.510067114093964,3.489932885906037,历史1/16次成功; 当前距低点3.49%; 最新日涨幅2.25%; 状态bottom_area; 底部未确认
