rank,rank_score,probability_score,code,name,current_stage,latest_date,latest_close,current_top_date,current_top_price,current_low_date,current_low_price,current_low_to_latest_pct,current_low_to_high_pct,current_drawdown_pct,close_drawdown_pct,current_is_bottom_confirmed,latest_pct_chg,latest_turn,historical_valid_event_count,history_sample_count,history_success_count,history_success_rate_pct,history_avg_rebound_pct,history_max_rebound_pct,history_success_dates,upside_to_20pct_target_pct,risk_back_to_low_pct,reason
1,101.53256547345654,87.23220413916688,688552,航天南湖,bottom_area,2025-01-06,15.25,2024-11-29,22.38,2025-01-06,15.0,1.6666666666666667,2.6666666666666687,32.975871313672926,31.858802502234134,False,0.0,0.5130349060392198,2,2,2,100.0,47.37744160842404,63.1321370309951,2024-02-06; 2024-09-18,18.333333333333336,1.6666666666666667,历史2/2次成功; 当前距低点1.67%; 最新日涨幅0.00%; 状态bottom_area; 底部未确认
2,92.13213499979993,82.4458147149577,301456,盘古智能,bottom_area,2025-01-06,21.33,2024-11-29,28.8,2025-01-06,20.53,3.89673648319531,5.35801266439356,28.715277777777775,25.937500000000007,False,0.898770104068114,1.8832856361644175,2,2,2,100.0,48.98050482066129,55.619596541786734,2024-02-06; 2024-09-24,16.10326351680469,3.89673648319531,历史2/2次成功; 当前距低点3.90%; 最新日涨幅0.90%; 状态bottom_area; 底部未确认
3,86.72650239726978,77.3635314156798,002971,和远气体,bottom_area,2025-01-06,17.55,2024-12-03,24.08,2025-01-06,16.92,3.7234042553191427,5.496453900709217,29.73421926910298,27.11794019933554,False,2.034883720930236,1.413095681787629,3,4,3,75.0,40.36501676240559,61.79401993355482,2020-12-31; 2022-04-27; 2024-02-05,16.276595744680858,3.7234042553191427,历史3/4次成功; 当前距低点3.72%; 最新日涨幅2.03%; 状态bottom_area; 底部未确认
4,85.98569174263872,75.01783346511372,603185,弘元绿能,bottom_area,2025-01-06,15.54,2024-11-28,21.55,2025-01-06,15.16,2.506596306068595,3.9577836411609475,29.651972157772622,27.888631090487248,False,1.171875,1.4639727807127068,4,6,4,66.66666666666666,30.893582668190593,43.51028702057404,2022-02-14; 2022-04-25; 2022-06-02; 2024-02-05,17.493403693931405,2.506596306068595,历史4/6次成功; 当前距低点2.51%; 最新日涨幅1.17%; 状态bottom_area; 底部未确认
5,85.4812489351591,76.32023961531564,688793,倍轻松,bottom_area,2025-01-06,23.66,2024-12-30,32.94,2025-01-06,22.8,3.7719298245614006,5.701754385964915,30.783242258652088,28.172434729811773,False,0.8095440988495906,0.7972503436899949,15,20,15,75.0,35.35075061997653,46.927374301675975,2023-07-12; 2023-09-13; 2023-12-01; 2023-12-26; 2024-02-02; 2024-02-19; 2024-03-06; 2024-05-30; 2024-06-06; 2024-06-11; 2024-10-31; 2024-11-18; 2024-11-27; 2024-12-05; 2024-12-25,16.2280701754386,3.7719298245614006,历史15/20次成功; 当前距低点3.77%; 最新日涨幅0.81%; 状态bottom_area; 底部未确认
6,85.39913518792754,75.82784097498806,301356,天振股份,bottom_area,2025-01-06,14.91,2024-12-11,20.18,2025-01-06,14.41,3.4698126301179735,6.037473976405269,28.592666005946484,26.114965312190286,False,0.20161290322580072,0.46322934548826933,1,1,1,100.0,24.83340737450022,24.83340737450022,2023-01-03,16.530187369882025,3.4698126301179735,历史1/1次成功; 当前距低点3.47%; 最新日涨幅0.20%; 状态bottom_area; 底部未确认
7,84.97828478034371,75.35997250065488,002489,浙江永强,bottom_area,2025-01-06,3.04,2024-12-16,4.06,2025-01-06,2.94,3.40136054421769,4.42176870748299,27.58620689655172,25.123152709359598,False,0.0,1.4792829765283761,5,7,5,71.42857142857143,33.38365728901569,49.82935153583616,2014-06-23; 2015-06-30; 2015-09-02; 2020-03-31; 2022-04-28,16.598639455782312,3.40136054421769,历史5/7次成功; 当前距低点3.40%; 最新日涨幅0.00%; 状态bottom_area; 底部未确认
8,84.9452427935273,76.87781750028728,300145,南方泵业,bottom_area,2025-01-06,3.24,2024-12-26,4.26,2025-01-06,3.1,4.5161290322580685,6.129032258064514,27.2300469483568,23.943661971830977,False,0.9345794392523477,3.605226266351708,5,6,5,83.33333333333334,29.415367529582515,38.6138613861386,2015-06-30; 2015-07-07; 2016-01-14; 2018-02-07; 2024-02-06,15.483870967741934,4.5161290322580685,历史5/6次成功; 当前距低点4.52%; 最新日涨幅0.93%; 状态bottom_area; 底部未确认
9,83.30741259219367,74.68571330978698,002868,绿康生化,bottom_area,2025-01-06,15.35,2025-01-02,21.97,2025-01-06,14.76,3.9972899728997278,10.772357723577247,32.81747837960856,30.131998179335458,False,-5.5384615384615365,6.416111773089414,6,7,6,85.71428571428571,38.79934035022157,57.717157214644644,2020-02-04; 2021-10-28; 2022-03-16; 2022-12-22; 2024-02-08; 2024-12-25,16.00271002710027,3.9972899728997278,历史6/7次成功; 当前距低点4.00%; 最新日涨幅-5.54%; 状态bottom_area; 底部未确认
10,83.05863437651017,74.69301652563863,300190,维尔利,bottom_area,2025-01-06,3.25,2024-12-10,4.33,2025-01-06,3.12,4.1666666666666625,5.448717948717946,27.9445727482679,24.94226327944573,False,-0.30674846625766694,0.6165371480351459,2,2,2,100.0,33.080734008809706,43.92220421393843,2013-06-25; 2021-02-04,15.833333333333337,4.1666666666666625,历史2/2次成功; 当前距低点4.17%; 最新日涨幅-0.31%; 状态bottom_area; 底部未确认
11,82.93444296052733,72.17423963387,002761,浙江建投,bottom_area,2025-01-06,8.21,2024-12-10,11.2,2025-01-06,8.02,2.369077306733183,3.491271820448892,28.392857142857142,26.69642857142856,False,0.24420024420026554,1.4228561516088296,5,9,5,55.55555555555556,37.99380109856322,60.40955631399317,2019-01-31; 2019-08-15; 2022-05-25; 2024-01-23; 2024-02-06,17.630922693266818,2.369077306733183,历史5/9次成功; 当前距低点2.37%; 最新日涨幅0.24%; 状态bottom_area; 底部未确认
12,82.85781200517243,70.7685162935835,001287,中电港,bottom_area,2025-01-06,18.1,2024-12-10,25.51,2025-01-06,17.86,1.343784994400907,3.8073908174692037,29.988239905919258,29.04743237945904,False,-1.1469142545057154,1.3530594739995112,2,3,2,66.66666666666666,32.93376029113394,42.36351071181756,2024-01-23; 2024-02-06,18.656215005599094,1.343784994400907,历史2/3次成功; 当前距低点1.34%; 最新日涨幅-1.15%; 状态bottom_area; 底部未确认
13,82.49538307372153,70.61753264240953,300663,科蓝软件,bottom_area,2025-01-06,15.22,2024-12-20,21.29,2025-01-06,15.0,1.466666666666671,3.9333333333333322,29.544387036167212,28.511038046030997,False,-1.806451612903226,3.555084794015104,5,9,5,55.55555555555556,41.035719104949756,76.77304964539006,2018-04-23; 2018-10-12; 2020-02-04; 2021-07-01; 2024-10-10,18.533333333333328,1.466666666666671,历史5/9次成功; 当前距低点1.47%; 最新日涨幅-1.81%; 状态bottom_area; 底部未确认
14,82.47960787786265,70.24765712691641,605168,三人行,bottom_area,2025-01-06,30.61,2024-12-30,42.0,2025-01-06,30.25,1.1900826446280974,4.7603305785124,27.976190476190478,27.11904761904762,False,-3.408015146733989,2.585844690902117,2,3,2,66.66666666666666,38.46440263441825,47.67726161369193,2020-09-11; 2024-02-06,18.8099173553719,1.1900826446280974,历史2/3次成功; 当前距低点1.19%; 最新日涨幅-3.41%; 状态bottom_area; 底部未确认
15,82.28516798551894,70.48880903709454,300671,富满微,bottom_area,2025-01-06,31.67,2024-12-24,45.6,2025-01-06,31.2,1.5064102564102642,5.06410256410257,31.578947368421055,30.548245614035086,False,-1.6459627329192594,2.6244511065552047,3,5,3,60.0,31.201206568332946,51.13636363636363,2017-12-05; 2020-11-02; 2023-08-28,18.493589743589737,1.5064102564102642,历史3/5次成功; 当前距低点1.51%; 最新日涨幅-1.65%; 状态bottom_area; 底部未确认
16,82.12845667423237,69.80732415910128,300183,东软载波,bottom_area,2025-01-06,14.98,2025-01-02,20.59,2025-01-06,14.82,1.0796221322537123,4.588394062078271,28.02331228751821,27.24623603691112,False,-4.035874439461873,4.383026848264676,2,3,2,66.66666666666666,34.74298899985529,35.88835659237659,2012-01-19; 2022-04-27,18.92037786774629,1.0796221322537123,历史2/3次成功; 当前距低点1.08%; 最新日涨幅-4.04%; 状态bottom_area; 底部未确认
17,81.9262901929532,69.70003589267367,300861,美畅股份,bottom_area,2025-01-06,18.79,2024-12-03,26.96,2025-01-06,18.58,1.130247578040909,3.444564047362759,31.083086053412472,30.30415430267063,False,0.21333333333333204,1.119457957371385,2,4,2,50.0,21.543012745198546,21.957277694982622,2022-02-10; 2024-10-18,18.86975242195909,1.130247578040909,历史2/4次成功; 当前距低点1.13%; 最新日涨幅0.21%; 状态bottom_area; 底部未确认
18,81.62375834356712,72.31081519419546,301315,威士顿,bottom_area,2025-01-06,58.7,2024-12-30,78.98,2025-01-06,56.8,3.3450704225352212,5.598591549295774,28.083059002279064,25.677386680172198,False,-1.675041876046901,24.291891891891893,1,1,1,100.0,26.868686868686865,26.868686868686865,2024-01-31,16.65492957746478,3.3450704225352212,历史1/1次成功; 当前距低点3.35%; 最新日涨幅-1.68%; 状态bottom_area; 底部未确认
19,81.44572046721561,69.43909626395363,002869,金溢科技,bottom_area,2025-01-06,23.55,2024-12-10,32.7,2025-01-06,23.26,1.246775580395525,3.5683576956147816,28.868501529051986,27.981651376146793,False,-1.9975031210986316,2.768078708667785,2,4,2,50.0,44.04163756588939,63.36238198983298,2020-02-04; 2021-02-08,18.753224419604475,1.246775580395525,历史2/4次成功; 当前距低点1.25%; 最新日涨幅-2.00%; 状态bottom_area; 底部未确认
20,81.0146476599262,72.21634078370651,300706,阿石创,bottom_area,2025-01-06,21.39,2024-12-26,28.88,2025-01-06,20.63,3.683955404750371,4.07174018419777,28.566481994459835,25.934903047091407,False,0.42253521126760507,3.8308634386758835,3,5,3,60.0,44.70838229321157,83.79357175192396,2019-05-08; 2020-02-04; 2023-05-05,16.31604459524963,3.683955404750371,历史3/5次成功; 当前距低点3.68%; 最新日涨幅0.42%; 状态bottom_area; 底部未确认
21,80.73743761666647,71.67223032303937,300784,利安科技,bottom_area,2025-01-06,51.47,2024-12-12,74.0,2025-01-06,49.75,3.457286432160802,4.522613065326634,32.77027027027027,30.445945945945947,False,-0.0776548243059616,3.910199226880761,1,1,1,100.0,24.810985958956948,24.810985958956948,2024-06-26,16.542713567839197,3.457286432160802,历史1/1次成功; 当前距低点3.46%; 最新日涨幅-0.08%; 状态bottom_area; 底部未确认
22,80.5954140141677,68.71819510681667,600748,上实发展,bottom_area,2025-01-06,3.24,2024-12-16,4.46,2025-01-06,3.2,1.250000000000001,4.37499999999999,28.251121076233176,27.354260089686093,False,-2.114803625377637,0.7057715144754393,11,20,11,55.00000000000001,29.372016703315417,40.124740124740136,2003-11-13; 2007-02-02; 2007-06-05; 2007-10-19; 2008-07-18; 2008-12-31; 2009-02-27; 2014-01-13; 2015-06-30; 2019-05-07; 2020-02-04,18.75,1.250000000000001,历史11/20次成功; 当前距低点1.25%; 最新日涨幅-2.11%; 状态bottom_area; 底部未确认
23,79.78962906542088,69.02217047181738,300489,光智科技,bottom_area,2025-01-06,50.0,2024-12-02,71.8,2025-01-06,49.0,2.0408163265306123,4.040816326530606,31.75487465181058,30.36211699164345,False,-1.5748031496062964,2.6404218294574866,5,9,5,55.55555555555556,39.49646670654996,88.77805486284291,2015-08-25; 2015-09-02; 2018-10-19; 2020-02-04; 2023-08-28,17.95918367346939,2.0408163265306123,历史5/9次成功; 当前距低点2.04%; 最新日涨幅-1.57%; 状态bottom_area; 底部未确认
24,79.78432802392402,72.37877743676468,300425,中建环能,bottom_area,2025-01-06,5.18,2024-12-27,6.81,2025-01-06,4.95,4.646464646464636,5.05050505050505,27.312775330396473,23.93538913362702,False,0.5825242718446422,3.8847079205807296,3,4,3,75.0,24.880198014537847,25.531028738025817,2015-09-07; 2019-06-10; 2020-09-11,15.353535353535364,4.646464646464636,历史3/4次成功; 当前距低点4.65%; 最新日涨幅0.58%; 状态bottom_area; 底部未确认
25,78.73502797199959,67.22354508770053,603178,圣龙股份,bottom_area,2025-01-06,16.83,2024-12-17,23.5,2025-01-06,16.61,1.3245033112582714,3.973509933774835,29.319148936170215,28.38297872340426,False,-2.941176470588247,1.6094790862974273,4,8,4,50.0,33.08286364177094,44.66270354096666,2019-01-31; 2021-02-04; 2023-11-27; 2023-12-08,18.67549668874173,1.3245033112582714,历史4/8次成功; 当前距低点1.32%; 最新日涨幅-2.94%; 状态bottom_area; 底部未确认
26,78.61274318138844,69.75072945019053,603004,鼎龙科技,bottom_area,2025-01-06,19.0,2024-12-16,25.46,2025-01-06,18.37,3.429504627109412,5.606967882416971,27.847604084838963,25.37313432835821,False,0.42283298097249844,5.359714673913044,2,4,2,50.0,52.20363732099522,55.7168784029038,2023-12-28; 2024-08-28,16.57049537289059,3.429504627109412,历史2/4次成功; 当前距低点3.43%; 最新日涨幅0.42%; 状态bottom_area; 底部未确认
27,78.48855275532067,66.22704570095196,300418,昆仑万维,bottom_area,2025-01-06,35.54,2024-12-10,52.55,2025-01-06,35.3,0.6798866855524136,2.974504249291797,32.825880114176975,32.36917221693625,False,0.1973498731322243,2.511247995649072,5,9,5,55.55555555555556,25.15214223184178,32.568306010928964,2015-02-10; 2015-08-19; 2015-09-02; 2016-03-01; 2023-10-26,19.32011331444759,0.6798866855524136,历史5/9次成功; 当前距低点0.68%; 最新日涨幅0.20%; 状态bottom_area; 底部未确认
28,78.26066357547354,66.65104259647813,600158,中体产业,bottom_area,2025-01-06,7.67,2024-12-17,10.89,2025-01-06,7.58,1.187335092348283,2.9023746701846935,30.394857667584947,29.56841138659321,False,-1.1597938144329856,2.1637435528408537,10,20,10,50.0,28.323476381893663,47.27085478887744,2001-06-07; 2003-05-13; 2005-03-31; 2008-04-03; 2008-07-18; 2009-03-02; 2014-08-28; 2015-06-23; 2019-05-08; 2023-01-12,18.81266490765172,1.187335092348283,历史10/20次成功; 当前距低点1.19%; 最新日涨幅-1.16%; 状态bottom_area; 底部未确认
29,78.24840169163859,69.91671739439226,300925,法本信息,bottom_area,2025-01-06,20.14,2024-12-20,27.57,2025-01-06,19.4,3.8144329896907325,5.4639175257732076,29.633659775117888,26.949582879941964,False,1.0030090270812364,4.223893197457879,4,7,4,57.14285714285714,40.13469452857911,60.35353535353535,2021-07-28; 2022-10-11; 2024-10-11; 2024-11-04,16.185567010309267,3.8144329896907325,历史4/7次成功; 当前距低点3.81%; 最新日涨幅1.00%; 状态bottom_area; 底部未确认
30,78.21426493802944,68.46635775412378,688776,国光电气,bottom_area,2025-01-06,45.05,2024-12-12,62.68,2025-01-06,43.87,2.689765215409163,3.9434693412354775,30.00957243139758,28.126994256541167,False,0.4011589034989882,1.1994456888613374,2,4,2,50.0,34.02700239385302,46.27092846270927,2023-09-25; 2024-10-14,17.31023478459084,2.689765215409163,历史2/4次成功; 当前距低点2.69%; 最新日涨幅0.40%; 状态bottom_area; 底部未确认
31,78.19857224068873,69.60399231949847,688277,天智航,bottom_area,2025-01-06,9.2,2024-12-10,13.19,2025-01-06,8.88,3.6036036036035863,6.081081081081071,32.67626990144048,30.25018953752843,False,1.4332965821389099,0.7299908895398468,3,5,3,60.0,29.678540514594815,47.4169978207922,2020-07-08; 2021-03-17; 2024-04-16,16.396396396396415,3.6036036036035863,历史3/5次成功; 当前距低点3.60%; 最新日涨幅1.43%; 状态bottom_area; 底部未确认
32,78.18317510386304,70.59027190712975,002535,林州重机,bottom_area,2025-01-06,3.57,2024-12-06,5.02,2025-01-06,3.42,4.385964912280699,5.263157894736847,31.872509960159356,28.88446215139442,False,0.0,1.566196335016327,6,10,6,60.0,44.57135433940714,71.19244391971662,2012-12-04; 2015-07-03; 2015-08-26; 2019-05-08; 2023-05-17; 2023-07-10,15.614035087719301,4.385964912280699,历史6/10次成功; 当前距低点4.39%; 最新日涨幅0.00%; 状态bottom_area; 底部未确认
33,77.6085828494098,66.77282180879145,300456,赛微电子,bottom_area,2025-01-06,16.33,2024-12-04,22.3,2025-01-06,16.05,1.744548286604346,2.4922118380062215,28.02690582959641,26.7713004484305,False,0.6161429451632561,2.007920656395042,2,5,2,40.0,35.002107001340555,37.08529508376219,2015-06-29; 2023-08-25,18.255451713395654,1.744548286604346,历史2/5次成功; 当前距低点1.74%; 最新日涨幅0.62%; 状态bottom_area; 底部未确认
34,77.51971103002677,66.84848498633637,600227,赤天化,bottom_area,2025-01-06,2.18,2024-12-20,3.0,2025-01-06,2.14,1.8691588785046744,4.672897196261686,28.666666666666664,27.333333333333325,False,-3.111111111111109,2.5595731057451054,7,12,7,58.333333333333336,29.902332774159646,44.72049689440993,2001-10-22; 2008-03-18; 2015-01-14; 2015-07-16; 2018-10-19; 2019-08-06; 2024-04-22,18.13084112149533,1.8691588785046744,历史7/12次成功; 当前距低点1.87%; 最新日涨幅-3.11%; 状态bottom_area; 底部未确认
35,77.0434105138046,67.45736404434504,300013,新宁物流,bottom_area,2025-01-06,3.04,2024-12-23,4.21,2025-01-06,2.96,2.7027027027027053,6.4189189189189175,29.69121140142518,27.790973871733964,False,0.6622516556291425,2.589157814776665,7,14,7,50.0,28.760893583372077,34.43396226415094,2016-01-14; 2017-01-16; 2018-01-22; 2018-12-25; 2020-09-11; 2022-04-25; 2022-10-11,17.297297297297295,2.7027027027027053,历史7/14次成功; 当前距低点2.70%; 最新日涨幅0.66%; 状态bottom_area; 底部未确认
36,76.92572623664184,64.91158249373382,300798,锦鸡股份,bottom_area,2025-01-06,5.9,2024-12-26,8.1,2025-01-06,5.86,0.6825938566552906,7.849829351535835,27.654320987654312,27.160493827160487,False,-6.9400630914826404,4.763033973001379,4,6,4,66.66666666666666,26.72704204430763,30.99999999999999,2020-02-04; 2022-04-27; 2023-12-26; 2024-10-11,19.31740614334471,0.6825938566552906,历史4/6次成功; 当前距低点0.68%; 最新日涨幅-6.94%; 状态bottom_area; 底部未确认
37,76.85282880062755,69.40235474389532,301248,杰创智能,bottom_area,2025-01-06,14.01,2024-12-23,18.85,2025-01-06,13.42,4.3964232488822645,6.333830104321906,28.806366047745364,25.676392572944305,False,-0.7087172218284921,3.0366237341076374,1,1,1,100.0,24.1193535018649,24.1193535018649,2022-10-11,15.603576751117737,4.3964232488822645,历史1/1次成功; 当前距低点4.40%; 最新日涨幅-0.71%; 状态bottom_area; 底部未确认
38,76.66563965317964,67.64280613507762,002803,吉宏股份,bottom_area,2025-01-06,11.89,2024-12-20,16.36,2025-01-06,11.53,3.122289679098016,4.509973980919353,29.52322738386308,27.32273838630806,False,-1.327800829875525,2.7551550555740634,3,5,3,60.0,35.707669910866066,44.71615720524019,2017-01-17; 2018-08-20; 2022-04-27,16.877710320901983,3.122289679098016,历史3/5次成功; 当前距低点3.12%; 最新日涨幅-1.33%; 状态bottom_area; 底部未确认
39,76.52619144683244,64.96281107540953,600490,鹏欣资源,bottom_area,2025-01-06,3.0,2024-12-25,4.4,2025-01-06,2.97,1.0101010101010035,4.713804713804703,32.5,31.818181818181824,False,-3.5369774919614128,3.58497604090466,8,16,8,50.0,27.28946977655813,31.321839080459778,2007-10-26; 2008-04-22; 2008-09-18; 2016-05-12; 2020-02-04; 2021-02-05; 2022-04-27; 2024-02-06,18.989898989898997,1.0101010101010035,历史8/16次成功; 当前距低点1.01%; 最新日涨幅-3.54%; 状态bottom_area; 底部未确认
40,76.5189065998973,67.83632449792361,002590,万安科技,bottom_area,2025-01-06,11.61,2024-12-10,15.39,2025-01-06,11.23,3.38379341050756,4.986642920747985,27.030539311241064,24.561403508771935,False,1.0443864229764843,1.525021630276057,6,11,6,54.54545454545454,29.298684365928278,50.647249190938524,2016-01-12; 2016-01-29; 2016-03-01; 2019-08-06; 2020-02-04; 2022-04-27,16.616206589492442,3.38379341050756,历史6/11次成功; 当前距低点3.38%; 最新日涨幅1.04%; 状态bottom_area; 底部未确认
41,76.37224949190286,65.03331243955787,002657,中科金财,bottom_area,2025-01-06,16.3,2024-12-23,22.07,2025-01-06,16.11,1.1793916821849861,4.779639975170699,27.004984141368375,26.144086995922063,False,-2.570233114166165,4.712796639016017,4,10,4,40.0,41.1952982523637,56.540447504302946,2012-12-04; 2014-12-10; 2015-09-02; 2022-01-27,18.820608317815015,1.1793916821849861,历史4/10次成功; 当前距低点1.18%; 最新日涨幅-2.57%; 状态bottom_area; 底部未确认
42,76.34506447173206,65.94590286594796,300333,兆日科技,bottom_area,2025-01-06,13.52,2024-12-31,19.59,2025-01-06,13.26,1.9607843137254888,12.292609351432887,32.31240428790199,30.985196528841247,False,-9.746328437917228,20.815214650567636,8,14,8,57.14285714285714,28.752256304680873,43.377885783718106,2016-01-14; 2016-03-01; 2018-06-22; 2019-05-07; 2020-02-04; 2022-04-27; 2022-10-11; 2024-10-10,18.039215686274513,1.9607843137254888,历史8/14次成功; 当前距低点1.96%; 最新日涨幅-9.75%; 状态bottom_area; 底部未确认
43,76.29534941497926,67.82393475579882,688329,艾隆科技,bottom_area,2025-01-06,12.89,2024-12-10,18.1,2025-01-06,12.45,3.5341365461847496,5.702811244979927,31.21546961325968,28.784530386740332,False,0.0,1.5303108808290156,2,3,2,66.66666666666666,21.479029109856874,21.72890326374596,2021-07-28; 2021-09-29,16.465863453815253,3.5341365461847496,历史2/3次成功; 当前距低点3.53%; 最新日涨幅0.00%; 状态bottom_area; 底部未确认
44,76.28181451018922,65.80833883373303,000949,新乡化纤,bottom_area,2025-01-06,3.77,2024-12-19,5.08,2025-01-06,3.7,1.8918918918918874,3.2432432432432337,27.16535433070866,25.787401574803148,False,-0.7894736842105177,3.097289677592676,8,16,8,50.0,32.42931369487379,58.609271523178805,2007-06-04; 2008-04-23; 2015-08-26; 2015-09-08; 2017-11-20; 2018-10-19; 2020-02-04; 2024-02-06,18.108108108108116,1.8918918918918874,历史8/16次成功; 当前距低点1.89%; 最新日涨幅-0.79%; 状态bottom_area; 底部未确认
45,76.26763159328327,65.34439023976955,603108,润达医疗,bottom_area,2025-01-06,14.74,2024-12-10,21.21,2025-01-03,14.52,1.5151515151515196,6.955922865013772,31.54172560113155,30.504479019330503,False,1.0973936899862924,2.8136001957190406,2,5,2,40.0,24.510406958682818,28.21621621621621,2015-07-03; 2016-01-14,18.48484848484848,1.5151515151515196,历史2/5次成功; 当前距低点1.52%; 最新日涨幅1.10%; 状态bottom_area; 底部未确认
46,76.06983116573241,67.29957040683291,002616,长青集团,bottom_area,2025-01-06,4.42,2024-12-24,6.03,2025-01-06,4.28,3.2710280373831697,5.841121495327103,29.021558872305143,26.699834162520737,False,-1.5590200445434355,2.235104687018767,5,8,5,62.5,30.268894258422286,35.606354126307636,2015-06-23; 2015-06-30; 2015-07-07; 2015-08-26; 2021-09-01,16.728971962616832,3.2710280373831697,历史5/8次成功; 当前距低点3.27%; 最新日涨幅-1.56%; 状态bottom_area; 底部未确认
47,75.54920986525887,68.4187644787645,603759,海天股份,bottom_area,2025-01-06,7.35,2024-12-31,9.7,2025-01-06,7.03,4.551920341394017,7.965860597439539,27.52577319587628,24.226804123711336,False,-4.4213263979193895,4.708290020790021,1,1,1,100.0,30.95238095238096,30.95238095238096,2024-02-06,15.448079658605984,4.551920341394017,历史1/1次成功; 当前距低点4.55%; 最新日涨幅-4.42%; 状态bottom_area; 底部未确认
48,75.46989003895867,64.44919847328248,300855,图南股份,bottom_area,2025-01-06,21.24,2024-12-12,28.9,2025-01-06,20.96,1.3358778625954082,2.5286259541984615,27.474048442906568,26.505190311418687,False,0.09425070688029447,2.3424670612437124,1,4,1,25.0,65.52083333333336,65.52083333333336,2024-09-23,18.664122137404593,1.3358778625954082,历史1/4次成功; 当前距低点1.34%; 最新日涨幅0.09%; 状态bottom_area; 底部未确认
49,75.45030450993796,64.52836175980387,300613,富瀚微,bottom_area,2025-01-06,50.81,2024-12-27,69.88,2025-01-06,50.1,1.4171656686626763,7.145708582834327,28.30566685746994,27.289639381797357,False,-4.7967022671913,5.136763561308326,4,8,4,50.0,29.943545614810642,52.08163265306121,2018-02-07; 2019-05-08; 2020-09-11; 2024-02-05,18.582834331337324,1.4171656686626763,历史4/8次成功; 当前距低点1.42%; 最新日涨幅-4.80%; 状态bottom_area; 底部未确认
50,75.28109774056607,67.25193537925638,300005,探路者,bottom_area,2025-01-06,6.55,2024-12-16,9.16,2025-01-06,6.31,3.803486529318546,5.071315372424728,31.113537117903935,28.49344978165939,False,0.0,1.3483251254225277,5,9,5,55.55555555555556,29.11288052265464,36.75862068965516,2012-12-04; 2015-07-06; 2016-01-14; 2020-02-04; 2022-04-27,16.196513470681456,3.803486529318546,历史5/9次成功; 当前距低点3.80%; 最新日涨幅0.00%; 状态bottom_area; 底部未确认
51,75.26684654476362,66.84948789346366,300936,中英科技,bottom_area,2025-01-06,34.15,2024-12-20,46.17,2025-01-06,33.0,3.4848484848484804,5.666666666666659,28.525016244314493,26.03422135585879,False,-0.8708272859216382,2.8470388067705246,3,5,3,60.0,35.88678730601178,61.79159049360147,2021-02-01; 2022-04-27; 2024-04-16,16.515151515151523,3.4848484848484804,历史3/5次成功; 当前距低点3.48%; 最新日涨幅-0.87%; 状态bottom_area; 底部未确认
52,75.13391839944656,63.36595527664167,002077,大港股份,bottom_area,2025-01-06,13.86,2024-12-24,19.73,2025-01-06,13.77,0.6535947712418291,4.066811909949169,30.207805372529144,29.75164723770908,False,-2.6685393258427004,4.512116305113536,10,19,10,52.63157894736842,38.25604859829874,117.23446893787575,2008-09-18; 2016-01-29; 2017-05-11; 2019-05-06; 2019-05-27; 2020-02-04; 2020-05-07; 2021-10-28; 2023-04-27; 2024-07-18,19.346405228758172,0.6535947712418291,历史10/19次成功; 当前距低点0.65%; 最新日涨幅-2.67%; 状态bottom_area; 底部未确认
53,75.02580878528009,67.67999225406662,605577,龙版传媒,bottom_area,2025-01-06,13.47,2024-12-16,19.0,2025-01-06,12.91,4.337722695584822,4.570100697134003,32.05263157894736,29.105263157894733,False,1.2781954887218117,1.1188573798102426,2,4,2,50.0,50.62209104325122,80.80939947780678,2023-11-30; 2023-12-25,15.662277304415179,4.337722695584822,历史2/4次成功; 当前距低点4.34%; 最新日涨幅1.28%; 状态bottom_area; 底部未确认
54,74.92537924652642,63.79360861561392,300101,振芯科技,bottom_area,2025-01-06,16.39,2024-12-27,23.71,2025-01-06,16.2,1.1728395061728474,9.7530864197531,31.674398987768882,30.8730493462674,False,-6.235697940503426,8.994150207929264,7,15,7,46.666666666666664,30.220516252802838,44.650929181315924,2012-01-19; 2012-12-04; 2015-08-03; 2015-09-08; 2016-01-12; 2022-03-09; 2023-10-26,18.82716049382715,1.1728395061728474,历史7/15次成功; 当前距低点1.17%; 最新日涨幅-6.24%; 状态bottom_area; 底部未确认
55,74.87273028172014,67.12727542499047,002375,亚厦股份,bottom_area,2025-01-06,3.64,2024-12-09,4.94,2025-01-06,3.5,4.0000000000000036,4.571428571428576,29.149797570850204,26.315789473684216,False,0.27548209366392573,0.8728123246393761,6,11,6,54.54545454545454,33.040092705227394,40.40816326530611,2012-11-27; 2014-07-17; 2018-07-11; 2021-01-07; 2022-02-07; 2022-04-28,15.999999999999998,4.0000000000000036,历史6/11次成功; 当前距低点4.00%; 最新日涨幅0.28%; 状态bottom_area; 底部未确认
56,74.55761777017493,65.64195441651933,002232,启明信息,bottom_area,2025-01-06,17.14,2024-12-20,23.8,2025-01-06,16.64,3.004807692307692,6.550480769230768,30.084033613445378,27.983193277310924,False,-0.6376811594202891,3.0304855060872433,8,15,8,53.333333333333336,37.95474527767488,64.58616010854817,2009-08-20; 2009-09-29; 2011-01-25; 2012-12-04; 2016-03-01; 2018-02-06; 2019-05-08; 2020-02-04,16.995192307692307,3.004807692307692,历史8/15次成功; 当前距低点3.00%; 最新日涨幅-0.64%; 状态bottom_area; 底部未确认
57,74.53336367072873,63.60943134910511,688609,九联科技,bottom_area,2025-01-06,9.34,2024-12-23,12.89,2025-01-06,9.22,1.3015184381778657,5.965292841648577,28.471683475562447,27.54072924747867,False,-2.9106029106028997,2.59642,3,7,3,42.857142857142854,28.846585036140166,30.853994490358133,2021-06-16; 2022-04-27; 2024-10-14,18.698481561822135,1.3015184381778657,历史3/7次成功; 当前距低点1.30%; 最新日涨幅-2.91%; 状态bottom_area; 底部未确认
58,74.4822971456101,62.78651406771547,300098,高新兴,bottom_area,2025-01-06,4.81,2024-12-20,6.94,2025-01-06,4.78,0.6276150627614929,5.857740585774045,31.12391930835735,30.691642651296842,False,-3.2193158953722323,4.606078590426664,6,10,6,60.0,29.072453821568132,50.61224489795917,2016-02-01; 2016-03-01; 2018-10-12; 2020-02-04; 2021-07-28; 2024-02-06,19.372384937238508,0.6276150627614929,历史6/10次成功; 当前距低点0.63%; 最新日涨幅-3.22%; 状态bottom_area; 底部未确认
59,74.14353808417258,66.5593899137305,002855,捷荣技术,bottom_area,2025-01-06,17.64,2024-12-10,25.2,2025-01-06,16.95,4.070796460176998,5.191740412979345,32.73809523809524,29.999999999999993,False,0.0,1.7197530894555355,4,7,4,57.14285714285714,25.2270667438851,38.2059800664452,2018-02-07; 2019-05-08; 2022-04-28; 2023-11-28,15.929203539823003,4.070796460176998,历史4/7次成功; 当前距低点4.07%; 最新日涨幅0.00%; 状态bottom_area; 底部未确认
60,74.08157917770303,65.60305561567694,002469,三维化学,bottom_area,2025-01-06,6.84,2024-12-17,9.07,2025-01-06,6.62,3.32326283987915,4.531722054380662,27.012127894156563,24.586549062844547,False,1.0339734121122657,3.896512948189464,4,8,4,50.0,26.3983596268892,36.5,2015-06-30; 2018-02-07; 2018-06-22; 2024-02-06,16.67673716012085,3.32326283987915,历史4/8次成功; 当前距低点3.32%; 最新日涨幅1.03%; 状态bottom_area; 底部未确认
61,74.04619291662463,63.91609486288446,600843,上工申贝,bottom_area,2025-01-06,10.6,2024-12-25,15.0,2025-01-06,10.4,1.9230769230769162,5.5769230769230775,30.666666666666664,29.333333333333332,False,-2.6629935720844933,5.990034216329017,13,27,13,48.148148148148145,26.650572816108152,38.28425096030731,1994-08-10; 1995-08-04; 1997-07-07; 1997-09-23; 1999-12-29; 2002-01-18; 2005-03-30; 2005-08-22; 2008-04-03; 2008-04-22; 2013-06-25; 2015-06-30; 2024-07-09,18.076923076923084,1.9230769230769162,历史13/27次成功; 当前距低点1.92%; 最新日涨幅-2.66%; 状态bottom_area; 底部未确认
62,74.00524965392532,64.81205093915199,603976,正川股份,bottom_area,2025-01-06,15.51,2024-11-29,21.21,2025-01-06,15.1,2.715231788079471,4.63576158940398,28.80716643092881,26.87411598302688,False,1.5052356020942348,0.7660521818745124,2,5,2,40.0,36.35902911813539,43.93577041339256,2020-02-04; 2021-07-28,17.284768211920532,2.715231788079471,历史2/5次成功; 当前距低点2.72%; 最新日涨幅1.51%; 状态bottom_area; 底部未确认
63,73.77556295373563,64.08212724953398,000567,海德股份,bottom_area,2025-01-06,6.32,2024-12-03,9.0,2025-01-06,6.18,2.2653721682847987,2.912621359223311,31.333333333333336,29.777777777777775,False,0.4769475357710773,0.6472487611917738,9,25,9,36.0,35.58696663023292,65.85365853658539,1995-05-11; 1995-10-09; 2001-02-23; 2007-06-05; 2007-06-26; 2008-04-03; 2018-06-01; 2018-06-19; 2024-02-06,17.7346278317152,2.2653721682847987,历史9/25次成功; 当前距低点2.27%; 最新日涨幅0.48%; 状态bottom_area; 底部未确认
64,73.68470118353767,62.95213062148455,002402,和而泰,bottom_area,2025-01-06,16.4,2024-12-18,23.0,2025-01-06,16.18,1.3597033374536394,4.017305315203947,29.652173913043477,28.69565217391305,False,-0.6662628709872997,6.7670065439631415,4,10,4,40.0,32.21642059612279,50.57692307692307,2015-06-30; 2015-09-07; 2016-02-01; 2020-02-04,18.640296662546362,1.3597033374536394,历史4/10次成功; 当前距低点1.36%; 最新日涨幅-0.67%; 状态bottom_area; 底部未确认
65,73.67961921821818,64.02768466434006,003022,联泓新科,bottom_area,2025-01-06,13.4,2024-11-12,17.98,2025-01-06,13.1,2.290076335877868,3.6641221374045836,27.1412680756396,25.472747497219135,False,1.5151515151515138,0.3892742744922816,2,6,2,33.33333333333333,41.37486761724877,42.72076372315036,2021-10-12; 2024-02-05,17.709923664122133,2.290076335877868,历史2/6次成功; 当前距低点2.29%; 最新日涨幅1.52%; 状态bottom_area; 底部未确认
66,73.63933154437285,64.1952261577098,300409,道氏技术,bottom_area,2025-01-06,12.48,2024-12-05,16.84,2025-01-06,12.18,2.463054187192124,4.351395730706085,27.672209026128268,25.890736342042754,False,0.6451612903225712,2.8842784098237426,5,13,5,38.46153846153847,33.28489088445076,50.03460207612457,2015-07-03; 2020-02-04; 2021-04-26; 2022-04-27; 2024-02-06,17.53694581280788,2.463054187192124,历史5/13次成功; 当前距低点2.46%; 最新日涨幅0.65%; 状态bottom_area; 底部未确认
67,73.19385898238048,62.33485565261218,300083,创世纪,bottom_area,2025-01-06,5.97,2024-12-10,8.2,2025-01-06,5.9,1.1864406779660914,3.0508474576271136,28.04878048780487,27.19512195121951,False,-0.5000000000000004,2.446166963119433,4,11,4,36.36363636363637,34.65266098833016,57.703081232493005,2014-07-24; 2020-02-04; 2022-10-10; 2024-02-05,18.81355932203391,1.1864406779660914,历史4/11次成功; 当前距低点1.19%; 最新日涨幅-0.50%; 状态bottom_area; 底部未确认
68,73.03411452638386,61.80509962765467,300046,台基股份,bottom_area,2025-01-06,31.23,2024-12-25,43.11,2025-01-06,30.97,0.8395221181788879,4.9402647723603526,28.160519601020646,27.557411273486426,False,-2.2841051314142713,6.137620466626723,5,9,5,55.55555555555556,25.808178323729226,31.41524105754278,2010-02-03; 2013-05-02; 2020-09-11; 2021-02-05; 2024-11-04,19.160477881821116,0.8395221181788879,历史5/9次成功; 当前距低点0.84%; 最新日涨幅-2.28%; 状态bottom_area; 底部未确认
69,72.78343679476947,62.378333402413766,601020,华钰矿业,bottom_area,2025-01-06,11.93,2024-12-09,16.1,2025-01-06,11.75,1.531914893617019,5.106382978723401,27.018633540372676,25.900621118012428,False,-1.6488046166529324,2.5505610569357597,3,7,3,42.857142857142854,25.051993486193474,26.324110671936758,2016-07-28; 2021-05-18; 2021-09-30,18.46808510638298,1.531914893617019,历史3/7次成功; 当前距低点1.53%; 最新日涨幅-1.65%; 状态bottom_area; 底部未确认
70,72.75080073367438,62.15973772841059,002186,全聚德,bottom_area,2025-01-06,10.4,2024-12-13,15.15,2025-01-06,10.26,1.3645224171540018,4.2884990253411255,32.27722772277228,31.353135313531354,False,-3.435468895078919,2.5459775829784133,3,7,3,42.857142857142854,32.039893914479194,48.62227324913891,2007-11-28; 2008-03-18; 2022-04-28,18.635477582846,1.3645224171540018,历史3/7次成功; 当前距低点1.36%; 最新日涨幅-3.44%; 状态bottom_area; 底部未确认
71,72.74053726491216,63.12069983772102,300451,创业慧康,bottom_area,2025-01-06,4.16,2024-12-16,5.92,2025-01-06,4.07,2.2113022113022076,3.6855036855036722,31.249999999999993,29.729729729729726,False,-0.23980815347721673,2.201908536011233,3,6,3,50.0,21.894993975752964,23.89380530973452,2015-09-02; 2016-04-22; 2023-04-26,17.788697788697792,2.2113022113022076,历史3/6次成功; 当前距低点2.21%; 最新日涨幅-0.24%; 状态bottom_area; 底部未确认
72,72.73722735215193,63.25344450763387,603488,展鹏科技,bottom_area,2025-01-06,7.47,2024-12-06,10.33,2025-01-06,7.3,2.3287671232876703,3.6986301369863077,29.33204259438529,27.686350435624398,False,-0.9283819628647216,1.0155471190859502,2,4,2,50.0,24.04856746628898,25.734265734265733,2021-02-08; 2023-11-29,17.67123287671233,2.3287671232876703,历史2/4次成功; 当前距低点2.33%; 最新日涨幅-0.93%; 状态bottom_area; 底部未确认
73,72.4544207079049,61.5561217796601,000810,创维数字,bottom_area,2025-01-06,12.46,2024-12-30,17.86,2025-01-06,12.33,1.0543390105433965,12.652068126520685,30.963045912653975,30.235162374020152,False,-8.984660336011673,8.58580677964504,9,23,9,39.130434782608695,33.06693282961144,59.47488584474887,1999-05-11; 2007-06-05; 2009-08-17; 2010-06-29; 2015-06-30; 2015-09-08; 2016-01-29; 2022-12-23; 2024-02-06,18.945660989456606,1.0543390105433965,历史9/23次成功; 当前距低点1.05%; 最新日涨幅-8.98%; 状态bottom_area; 底部未确认
74,72.41578889840817,61.52316327023535,002617,露笑科技,bottom_area,2025-01-06,6.71,2024-12-27,9.3,2025-01-06,6.64,1.0542168674698837,5.7228915662650595,28.60215053763442,27.849462365591403,False,-3.453237410071941,7.085111319338458,4,11,4,36.36363636363637,38.88296921247969,43.64820846905539,2012-12-04; 2015-09-02; 2019-01-30; 2022-04-27,18.945783132530117,1.0542168674698837,历史4/11次成功; 当前距低点1.05%; 最新日涨幅-3.45%; 状态bottom_area; 底部未确认
75,72.38796123677079,63.42403145745104,600307,酒钢宏兴,bottom_area,2025-01-06,1.5,2024-12-09,2.02,2025-01-06,1.46,2.739726027397263,3.424657534246579,27.722772277227726,25.742574257425744,False,0.0,0.7824605253651895,3,7,3,42.857142857142854,23.006334561764707,25.20325203252033,2008-03-18; 2015-06-30; 2016-02-01,17.26027397260274,2.739726027397263,历史3/7次成功; 当前距低点2.74%; 最新日涨幅0.00%; 状态bottom_area; 底部未确认
76,72.20543954301527,63.93724909747797,300079,数码视讯,bottom_area,2025-01-06,4.98,2024-12-09,7.13,2025-01-06,4.82,3.3195020746887995,4.56431535269709,32.39831697054698,30.154277699859737,False,-0.39999999999998925,2.5930180809050083,7,13,7,53.84615384615385,31.53609584821734,60.89552238805969,2015-01-05; 2016-01-14; 2019-08-06; 2021-06-28; 2021-07-28; 2022-10-11; 2024-02-06,16.6804979253112,3.3195020746887995,历史7/13次成功; 当前距低点3.32%; 最新日涨幅-0.40%; 状态bottom_area; 底部未确认
77,72.10110757536744,61.865068146289914,688599,天合光能,bottom_area,2025-01-06,18.47,2024-12-03,25.66,2025-01-06,18.18,1.5951595159515906,4.290429042904297,29.15042868277475,28.020265003897123,False,-1.018220793140412,0.7457287286192975,2,5,2,40.0,29.258235713223325,32.80865715691098,2023-06-09; 2024-02-05,18.40484048404841,1.5951595159515906,历史2/5次成功; 当前距低点1.60%; 最新日涨幅-1.02%; 状态bottom_area; 底部未确认
78,72.05528269056434,65.67039468206035,301180,万祥科技,bottom_area,2025-01-06,13.7,2024-12-20,18.0,2025-01-06,13.06,4.900459418070435,6.049004594180698,27.444444444444443,23.888888888888893,False,0.0,2.4762698500904228,2,4,2,50.0,46.0937750282846,71.90357439733998,2023-04-25; 2024-06-11,15.099540581929565,4.900459418070435,历史2/4次成功; 当前距低点4.90%; 最新日涨幅0.00%; 状态bottom_area; 底部未确认
79,72.02378751384487,61.65252495797575,002819,东方中科,bottom_area,2025-01-06,24.23,2024-12-19,33.2,2025-01-06,23.88,1.4656616415410444,3.6850921273031934,28.072289156626518,27.01807228915663,False,-1.2632436837815786,1.6221116474018333,3,8,3,37.5,31.94480376714694,51.677148846960186,2020-02-04; 2021-08-16; 2024-02-06,18.534338358458957,1.4656616415410444,历史3/8次成功; 当前距低点1.47%; 最新日涨幅-1.26%; 状态bottom_area; 底部未确认
80,71.8256447661697,62.766814619411115,002312,川发龙蟒,bottom_area,2025-01-06,13.04,2024-12-18,18.19,2025-01-06,12.71,2.596380802517689,6.766325727773402,30.126443100604728,28.312259483232555,False,0.7727975270479082,5.316985780963755,5,14,5,35.714285714285715,33.19196616287256,46.05263157894737,2010-02-03; 2014-06-25; 2015-09-02; 2020-02-04; 2023-10-23,17.40361919748231,2.596380802517689,历史5/14次成功; 当前距低点2.60%; 最新日涨幅0.77%; 状态bottom_area; 底部未确认
81,71.72969587661694,61.71434011016699,300588,熙菱信息,bottom_area,2025-01-06,12.25,2024-12-30,16.98,2025-01-06,12.04,1.7441860465116352,11.461794019933562,29.093050647820974,27.856301531213195,False,-9.124629080118696,5.992410711425664,4,9,4,44.44444444444444,30.86007088764733,50.26548672566371,2018-02-07; 2019-05-07; 2020-02-04; 2021-02-09,18.255813953488364,1.7441860465116352,历史4/9次成功; 当前距低点1.74%; 最新日涨幅-9.12%; 状态bottom_area; 底部未确认
82,71.60583134781183,61.376426869553,600606,绿地控股,bottom_area,2025-01-06,1.98,2024-12-11,2.69,2025-01-06,1.95,1.5384615384615399,3.076923076923068,27.509293680297397,26.394052044609666,False,-1.492537313432829,0.6842280009338833,8,27,8,29.629629629629626,48.40526041131491,100.0,1992-05-28; 1992-09-08; 1993-06-01; 1994-08-10; 1994-10-14; 1995-04-27; 1998-08-18; 2011-08-09,18.461538461538463,1.5384615384615399,历史8/27次成功; 当前距低点1.54%; 最新日涨幅-1.49%; 状态bottom_area; 底部未确认
83,71.60474776571135,61.38830065020311,300465,高伟达,bottom_area,2025-01-06,15.07,2024-12-30,20.65,2025-01-06,14.84,1.549865229110515,9.433962264150935,28.13559322033898,27.021791767554472,False,-7.032695866748928,11.846348036551104,3,8,3,37.5,41.771469745027304,65.0,2015-07-17; 2015-09-02; 2020-02-04,18.450134770889488,1.549865229110515,历史3/8次成功; 当前距低点1.55%; 最新日涨幅-7.03%; 状态bottom_area; 底部未确认
84,71.60162243050986,62.824769453521576,300302,同有科技,bottom_area,2025-01-06,13.5,2024-12-27,18.66,2025-01-06,13.13,2.8179741051028118,6.01675552170601,29.63558413719185,27.652733118971064,False,-1.6751638747268816,3.5186851092331874,9,18,9,50.0,27.740593619118243,33.686067019400355,2015-07-29; 2015-09-02; 2016-01-29; 2018-02-09; 2018-06-21; 2020-02-04; 2021-02-09; 2022-04-27; 2022-10-11,17.18202589489719,2.8179741051028118,历史9/18次成功; 当前距低点2.82%; 最新日涨幅-1.68%; 状态bottom_area; 底部未确认
85,71.52172337515258,61.149264335923036,300520,科大国创,bottom_area,2025-01-06,20.28,2024-12-19,29.13,2025-01-06,20.0,1.4000000000000057,4.0000000000000036,31.342258839684174,30.381050463439745,False,-2.2179363548698094,4.300132674741756,3,8,3,37.5,28.434216859801335,32.59013282732449,2017-10-30; 2022-10-11; 2024-11-18,18.599999999999994,1.4000000000000057,历史3/8次成功; 当前距低点1.40%; 最新日涨幅-2.22%; 状态bottom_area; 底部未确认
86,71.30157888164045,61.91263051745497,002553,南方精工,bottom_area,2025-01-06,11.83,2024-12-11,17.2,2025-01-06,11.57,2.2471910112359534,5.272255834053582,32.73255813953488,31.220930232558135,False,-1.4987510407993287,4.105622746024297,5,13,5,38.46153846153847,40.839924855230855,83.5926449787836,2018-02-07; 2018-06-28; 2022-10-10; 2024-02-06; 2024-11-27,17.752808988764045,2.2471910112359534,历史5/13次成功; 当前距低点2.25%; 最新日涨幅-1.50%; 状态bottom_area; 底部未确认
87,71.23840998591893,64.0442647568421,603665,康隆达,bottom_area,2025-01-06,13.3,2024-12-10,17.81,2025-01-06,12.77,4.1503523884103455,5.951448707909161,28.29870859067939,25.32285233015159,False,0.37735849056603765,1.2267767205904554,3,6,3,50.0,28.15628065815961,42.40780911062906,2019-02-12; 2020-07-17; 2021-10-22,15.849647611589656,4.1503523884103455,历史3/6次成功; 当前距低点4.15%; 最新日涨幅0.38%; 状态bottom_area; 底部未确认
88,71.20505763754335,60.60741773623582,002324,普利特,bottom_area,2025-01-06,8.75,2024-12-11,12.81,2025-01-06,8.65,1.1560693641618456,3.468208092485537,32.47462919594067,31.693989071038253,False,-1.6853932584269704,1.5919983349992735,2,6,2,33.33333333333333,31.55872340425533,37.16,2015-07-07; 2024-02-06,18.843930635838156,1.1560693641618456,历史2/6次成功; 当前距低点1.16%; 最新日涨幅-1.69%; 状态bottom_area; 底部未确认
89,71.20315494865389,64.50303799324799,002332,仙琚制药,bottom_area,2025-01-06,10.07,2024-11-07,13.3,2025-01-02,9.63,4.569055036344751,4.9844236760124465,27.593984962406015,24.28571428571429,False,2.650356778797147,4.227626086635675,3,6,3,50.0,35.75528750598931,57.23114956736713,2011-01-25; 2012-12-04; 2015-08-26,15.43094496365525,4.569055036344751,历史3/6次成功; 当前距低点4.57%; 最新日涨幅2.65%; 状态bottom_area; 底部未确认
90,71.13833967610041,60.95707271328238,002246,北化股份,bottom_area,2025-01-06,9.34,2024-12-13,12.67,2025-01-06,9.2,1.521739130434789,3.695652173913042,27.38752959747435,26.28255722178374,False,-0.849256900212314,1.503529453783632,6,16,6,37.5,28.89321468104135,41.44838212634822,2012-05-28; 2012-12-04; 2015-08-04; 2022-04-27; 2024-02-06; 2024-07-25,18.478260869565215,1.521739130434789,历史6/16次成功; 当前距低点1.52%; 最新日涨幅-0.85%; 状态bottom_area; 底部未确认
91,71.09138100026249,61.36667733455574,601865,福莱特,bottom_area,2025-01-06,19.07,2024-12-03,26.82,2025-01-06,18.71,1.9241047568145344,3.4206306787814036,30.2386278896346,28.89634601043997,False,1.1134676564156898,0.7218999089471618,1,3,1,33.33333333333333,39.24894003634159,39.24894003634159,2022-04-26,18.075895243185467,1.9241047568145344,历史1/3次成功; 当前距低点1.92%; 最新日涨幅1.11%; 状态bottom_area; 底部未确认
92,70.9965946920293,61.97180353137641,300278,华昌达,bottom_area,2025-01-06,5.26,2024-12-27,7.06,2025-01-06,5.13,2.534113060428848,5.068226120857696,27.3371104815864,25.495750708215297,False,-0.7547169811320753,3.232165494201009,6,13,6,46.15384615384615,28.00850166211926,49.37106918238993,2012-08-02; 2017-08-10; 2018-05-02; 2021-12-27; 2022-10-11; 2024-04-16,17.465886939571153,2.534113060428848,历史6/13次成功; 当前距低点2.53%; 最新日涨幅-0.75%; 状态bottom_area; 底部未确认
93,70.6141449204289,61.3266460603548,603232,格尔软件,bottom_area,2025-01-06,11.78,2024-12-19,16.3,2025-01-06,11.52,2.256944444444443,3.645833333333333,29.32515337423314,27.73006134969326,False,-0.7582139848357206,2.633895373973195,4,10,4,40.0,34.47569566498993,48.01488833746897,2017-08-11; 2018-02-07; 2022-11-28; 2024-02-07,17.74305555555556,2.256944444444443,历史4/10次成功; 当前距低点2.26%; 最新日涨幅-0.76%; 状态bottom_area; 底部未确认
94,70.51054033886054,61.3135133381396,601588,北辰实业,bottom_area,2025-01-06,1.76,2024-12-16,2.45,2025-01-06,1.72,2.325581395348839,3.4883720930232593,29.795918367346946,28.163265306122454,False,-0.5649717514124353,1.1120112781954887,5,12,5,41.66666666666667,31.63533469284026,42.83837056504598,2006-12-14; 2007-06-05; 2008-03-18; 2008-04-22; 2013-06-25,17.674418604651162,2.325581395348839,历史5/12次成功; 当前距低点2.33%; 最新日涨幅-0.56%; 状态bottom_area; 底部未确认
95,70.29417370921766,61.6088311688312,600429,三元股份,bottom_area,2025-01-06,4.1,2024-12-13,5.85,2025-01-06,3.99,2.7568922305764265,6.265664160401002,31.79487179487179,29.914529914529915,False,-1.4423076923077094,0.7259153655201888,4,11,4,36.36363636363637,66.24257752712204,150.82508250825083,2006-06-14; 2008-04-23; 2008-09-16; 2021-02-08,17.243107769423574,2.7568922305764265,历史4/11次成功; 当前距低点2.76%; 最新日涨幅-1.44%; 状态bottom_area; 底部未确认
96,70.164597397886,63.53487165950309,600604,市北高新,bottom_area,2025-01-06,4.37,2024-12-19,5.95,2025-01-06,4.18,4.545454545454556,5.0239234449760755,29.74789915966387,26.554621848739497,False,0.2293577981651307,1.4356766108504146,12,26,12,46.15384615384615,38.594129156663875,125.68218298555377,1992-09-08; 1993-02-24; 1993-03-10; 1993-07-26; 1994-03-10; 1994-08-10; 1994-10-14; 2007-10-26; 2008-04-23; 2019-02-01; 2020-02-04; 2024-02-06,15.454545454545446,4.545454545454556,历史12/26次成功; 当前距低点4.55%; 最新日涨幅0.23%; 状态bottom_area; 底部未确认
97,70.13977449697582,58.44981208081319,002798,帝欧水华,bottom_area,2025-01-06,3.47,2025-01-02,4.82,2025-01-06,3.47,0.0,5.475504322766569,28.008298755186722,28.008298755186722,False,-10.103626943005173,4.66161343538439,4,8,4,50.0,31.988236993619257,40.623683101559195,2016-08-01; 2017-01-24; 2020-02-04; 2022-04-27,20.0,0.0,历史4/8次成功; 当前距低点0.00%; 最新日涨幅-10.10%; 状态bottom_area; 底部未确认
98,70.00085037876597,61.25517003301222,603386,骏亚科技,bottom_area,2025-01-06,10.38,2024-12-23,14.06,2025-01-06,10.11,2.670623145400607,4.451038575667667,28.09388335704126,26.173541963015644,False,-1.5180265654648806,1.978870003603724,3,7,3,42.857142857142854,32.971839962887266,41.30434782608695,2018-06-01; 2018-10-30; 2024-02-06,17.329376854599392,2.670623145400607,历史3/7次成功; 当前距低点2.67%; 最新日涨幅-1.52%; 状态bottom_area; 底部未确认
99,69.84076438974594,60.62435199867075,000917,电广传媒,bottom_area,2025-01-06,6.42,2024-12-12,9.01,2025-01-06,6.28,2.2292993630573195,4.299363057324833,30.299667036625966,28.745837957824637,False,-1.2307692307692353,2.6318990623628986,7,18,7,38.88888888888889,32.76845335601726,47.2972972972973,2001-10-22; 2003-11-06; 2012-11-28; 2018-10-19; 2019-08-15; 2020-02-04; 2024-02-06,17.77070063694268,2.2292993630573195,历史7/18次成功; 当前距低点2.23%; 最新日涨幅-1.23%; 状态bottom_area; 底部未确认
100,69.7854281165391,61.39511151405601,301085,亚康股份,bottom_area,2025-01-06,58.7,2024-12-26,79.52,2025-01-06,57.01,2.964392211892659,8.700228030170146,28.30734406438632,26.182092555331987,False,-4.022236756049691,7.788605762265361,2,4,2,50.0,32.064116974039145,42.41158451684769,2023-04-26; 2024-10-14,17.03560778810734,2.964392211892659,历史2/4次成功; 当前距低点2.96%; 最新日涨幅-4.02%; 状态bottom_area; 底部未确认
101,69.63819231156482,58.640939613507584,002195,岩山科技,bottom_area,2025-01-06,3.53,2024-12-23,5.12,2025-01-06,3.51,0.5698005698005704,5.128205128205133,31.445312500000007,31.054687500000007,False,-4.336043360433606,4.754167958127853,6,12,6,50.0,27.74239200351012,38.132295719844365,2008-09-18; 2009-08-20; 2012-12-04; 2013-06-25; 2015-06-30; 2020-02-04,19.43019943019943,0.5698005698005704,历史6/12次成功; 当前距低点0.57%; 最新日涨幅-4.34%; 状态bottom_area; 底部未确认
102,69.50906548202697,59.87871949755391,000420,吉林化纤,bottom_area,2025-01-06,3.37,2024-12-12,4.66,2025-01-06,3.31,1.8126888217522674,3.021148036253779,28.96995708154507,27.682403433476395,False,0.0,1.756837840785973,4,17,4,23.52941176470588,34.45858639770222,53.9249146757679,1997-07-08; 2012-01-06; 2015-11-30; 2022-04-27,18.187311178247732,1.8126888217522674,历史4/17次成功; 当前距低点1.81%; 最新日涨幅0.00%; 状态bottom_area; 底部未确认
103,69.473673375796,60.50117531361951,600990,四创电子,bottom_area,2025-01-06,19.15,2024-12-10,25.66,2025-01-06,18.7,2.4064171122994615,3.850267379679157,27.123928293063138,25.370226032735783,False,-1.3395157135497215,1.8444854411930198,6,15,6,40.0,31.86992650356071,50.260869565217405,2005-07-19; 2008-09-18; 2010-07-02; 2015-06-30; 2020-02-04; 2024-05-15,17.59358288770054,2.4064171122994615,历史6/15次成功; 当前距低点2.41%; 最新日涨幅-1.34%; 状态bottom_area; 底部未确认
104,69.45627471489658,59.62234463276837,002933,新兴装备,bottom_area,2025-01-06,26.98,2024-12-20,38.88,2025-01-06,26.55,1.6195856873822962,3.841807909604518,31.712962962962965,30.606995884773664,False,-1.8909090909090875,2.6003115967093713,2,8,2,25.0,54.46763489647112,78.38150289017341,2020-02-04; 2022-04-27,18.380414312617706,1.6195856873822962,历史2/8次成功; 当前距低点1.62%; 最新日涨幅-1.89%; 状态bottom_area; 底部未确认
105,69.41767123628277,60.09014679914393,605186,健麾信息,bottom_area,2025-01-06,18.18,2024-12-12,25.97,2025-01-06,17.81,2.0774845592363897,4.1549691184727795,31.42087023488641,29.996149403157485,False,-0.5470459518599591,1.2624264705882353,1,2,1,50.0,37.29468599033817,37.29468599033817,2021-09-29,17.92251544076361,2.0774845592363897,历史1/2次成功; 当前距低点2.08%; 最新日涨幅-0.55%; 状态bottom_area; 底部未确认
106,69.25321483778943,58.80811095023597,300231,银信科技,bottom_area,2025-01-06,10.81,2024-12-27,14.69,2025-01-06,10.7,1.0280373831775813,4.299065420560757,27.16133424098026,26.41252552756977,False,-2.436823104693142,5.5755669558233905,2,7,2,28.57142857142857,30.63306704083404,37.33451015004414,2015-09-02; 2024-10-14,18.97196261682242,1.0280373831775813,历史2/7次成功; 当前距低点1.03%; 最新日涨幅-2.44%; 状态bottom_area; 底部未确认
107,69.18317640001692,62.80096455499691,002976,瑞玛精密,bottom_area,2025-01-06,19.68,2024-12-13,26.58,2025-01-06,18.8,4.680851063829781,6.436170212765961,29.270127915726103,25.959367945823924,False,-0.7063572149344166,2.2042943212324175,3,5,3,60.0,28.781209572735467,37.69585253456221,2022-04-27; 2022-08-31; 2022-10-12,15.31914893617022,4.680851063829781,历史3/5次成功; 当前距低点4.68%; 最新日涨幅-0.71%; 状态bottom_area; 底部未确认
108,69.00491963583404,59.892734974147245,300917,特发服务,bottom_area,2025-01-06,44.59,2024-12-12,61.6,2025-01-06,43.62,2.2237505731316047,4.493351673544248,29.188311688311696,27.613636363636363,False,-1.4585635359115945,2.545562130177515,3,8,3,37.5,31.776270327351053,47.40277400054392,2020-12-23; 2022-04-27; 2024-08-28,17.776249426868397,2.2237505731316047,历史3/8次成功; 当前距低点2.22%; 最新日涨幅-1.46%; 状态bottom_area; 底部未确认
109,68.99759683580288,59.87230103713187,300507,苏奥传感,bottom_area,2025-01-06,6.01,2024-12-10,8.5,2025-01-06,5.88,2.210884353741495,4.591836734693885,30.823529411764707,29.294117647058826,False,-1.4754098360655665,2.5848023345415454,4,11,4,36.36363636363637,33.97081671568287,48.92221180880975,2018-02-09; 2019-05-06; 2020-02-04; 2022-04-27,17.78911564625851,2.210884353741495,历史4/11次成功; 当前距低点2.21%; 最新日涨幅-1.48%; 状态bottom_area; 底部未确认
110,68.54562584294789,59.28909480254978,002307,北新路桥,bottom_area,2025-01-06,3.51,2024-12-25,4.87,2025-01-06,3.44,2.0348837209302277,3.197674418604648,29.36344969199179,27.92607802874744,False,-0.5665722379603388,1.3540892731437688,4,12,4,33.33333333333333,35.24352877923315,51.14678899082568,2009-12-23; 2012-12-04; 2015-09-07; 2017-11-20,17.965116279069772,2.0348837209302277,历史4/12次成功; 当前距低点2.03%; 最新日涨幅-0.57%; 状态bottom_area; 底部未确认
111,68.52475975835961,60.0720661895592,002037,保利联合,bottom_area,2025-01-06,7.05,2024-12-24,9.52,2025-01-06,6.86,2.769679300291538,4.664723032069961,27.941176470588232,25.9453781512605,False,-0.7042253521126751,1.8604061216944288,5,12,5,41.66666666666667,30.404668427727078,43.83654170888215,2007-06-05; 2008-04-03; 2008-07-03; 2008-08-12; 2015-06-29,17.23032069970846,2.769679300291538,历史5/12次成功; 当前距低点2.77%; 最新日涨幅-0.70%; 状态bottom_area; 底部未确认
112,68.48274815035481,61.84278587722155,002565,顺灏股份,bottom_area,2025-01-06,2.85,2024-12-12,3.8,2025-01-06,2.73,4.3956043956043995,6.2271062271062245,28.157894736842103,24.999999999999993,False,-0.6968641114982632,2.138033689070153,4,8,4,50.0,41.799805909675186,90.81081081081082,2012-01-06; 2018-10-19; 2019-02-01; 2020-02-04,15.604395604395602,4.3956043956043995,历史4/8次成功; 当前距低点4.40%; 最新日涨幅-0.70%; 状态bottom_area; 底部未确认
113,68.39947405704365,60.12247181944124,300363,博腾股份,bottom_area,2025-01-06,15.53,2024-12-09,21.01,2025-01-03,15.09,2.9158383035122566,6.891981444665336,28.177058543550697,26.08281770585436,False,1.63612565445026,2.8024981495626347,3,10,3,30.0,35.27195242714612,46.29503738953092,2020-03-24; 2022-01-07; 2024-02-05,17.084161696487744,2.9158383035122566,历史3/10次成功; 当前距低点2.92%; 最新日涨幅1.64%; 状态bottom_area; 底部未确认
114,68.1999087010234,59.56599288867124,600479,千金药业,bottom_area,2025-01-06,10.39,2024-11-25,13.89,2025-01-03,10.13,2.5666337611056242,3.1589338598222954,27.069834413246934,25.197984161267094,False,2.566633761105619,2.303664569616966,3,10,3,30.0,27.999558408559487,38.22916666666667,2008-04-30; 2012-12-04; 2018-10-19,17.433366238894376,2.5666337611056242,历史3/10次成功; 当前距低点2.57%; 最新日涨幅2.57%; 状态bottom_area; 底部未确认
115,68.09046056385512,58.35320833040758,000503,国新健康,bottom_area,2025-01-06,9.96,2024-11-29,14.5,2025-01-06,9.81,1.5290519877675877,3.4658511722731893,32.34482758620689,31.3103448275862,False,-0.994035785288272,1.913390660156273,8,25,8,32.0,26.900251949019747,34.695019585898144,1994-02-01; 2001-08-07; 2008-09-18; 2015-07-03; 2016-03-01; 2018-08-20; 2020-02-04; 2022-04-27,18.470948012232412,1.5290519877675877,历史8/25次成功; 当前距低点1.53%; 最新日涨幅-0.99%; 状态bottom_area; 底部未确认
116,68.04827365937189,59.96871855862827,000430,张家界,bottom_area,2025-01-06,5.73,2024-12-13,8.07,2025-01-06,5.56,3.0575539568345476,4.856115107913678,31.102850061957877,28.99628252788104,False,-1.715265866209259,2.792529731993035,7,17,7,41.17647058823529,34.439913619097915,53.99999999999999,1997-05-26; 1997-08-19; 2007-10-30; 2012-12-04; 2020-02-04; 2021-07-30; 2024-10-18,16.942446043165454,3.0575539568345476,历史7/17次成功; 当前距低点3.06%; 最新日涨幅-1.72%; 状态bottom_area; 底部未确认
117,68.03666230696616,58.616201372155466,000718,苏宁环球,bottom_area,2025-01-06,2.24,2024-12-13,3.06,2025-01-06,2.2,1.8181818181818195,3.636363636363619,28.10457516339869,26.797385620915026,False,-0.8849557522123686,1.2221857855171194,6,21,6,28.57142857142857,39.28693657701235,58.30174374526156,2007-06-05; 2007-11-28; 2008-04-22; 2015-07-07; 2017-12-28; 2024-04-24,18.181818181818183,1.8181818181818195,历史6/21次成功; 当前距低点1.82%; 最新日涨幅-0.88%; 状态bottom_area; 底部未确认
118,68.03338592140247,58.2217683599485,300268,佳沃食品,bottom_area,2025-01-06,6.29,2024-12-12,8.63,2025-01-06,6.2,1.451612903225804,4.838709677419352,28.15758980301275,27.114716106604874,False,-1.8720748829953227,0.6790195015238487,4,13,4,30.76923076923077,27.91099881345877,38.596491228070185,2012-12-04; 2018-04-23; 2022-02-08; 2023-02-01,18.548387096774196,1.451612903225804,历史4/13次成功; 当前距低点1.45%; 最新日涨幅-1.87%; 状态bottom_area; 底部未确认
119,67.92244099667451,59.677797488256715,002903,宇环数控,bottom_area,2025-01-06,14.94,2024-12-10,20.35,2025-01-06,14.52,2.892561983471074,4.614325068870523,28.648648648648656,26.584766584766594,False,-1.059602649006619,3.1882820112543246,3,7,3,42.857142857142854,27.2118830061408,32.149901380670606,2020-02-04; 2022-04-27; 2022-09-01,17.107438016528928,2.892561983471074,历史3/7次成功; 当前距低点2.89%; 最新日涨幅-1.06%; 状态bottom_area; 底部未确认
120,67.79826429256504,58.18096854559588,000402,金融街,bottom_area,2025-01-06,3.17,2024-12-10,4.42,2025-01-06,3.12,1.6025641025640969,2.5641025641025665,29.411764705882348,28.28054298642534,False,-1.2461059190031154,1.010086793877637,4,12,4,33.33333333333333,23.986458957573564,27.201565557729936,1997-07-08; 1998-08-18; 2013-06-25; 2022-04-27,18.397435897435905,1.6025641025640969,历史4/12次成功; 当前距低点1.60%; 最新日涨幅-1.25%; 状态bottom_area; 底部未确认
121,67.52859358929618,60.907152152022384,300201,海伦哲,bottom_area,2025-01-06,4.82,2024-12-16,6.88,2025-01-06,4.62,4.329004329004333,5.411255411255411,32.848837209302324,29.94186046511627,False,1.26050420168069,2.4303613961526955,3,8,3,37.5,40.56334420511972,56.0655737704918,2015-06-30; 2019-12-03; 2024-02-06,15.67099567099567,4.329004329004333,历史3/8次成功; 当前距低点4.33%; 最新日涨幅1.26%; 状态bottom_area; 底部未确认
122,67.48569827586493,58.44099802134628,002457,青龙管业,bottom_area,2025-01-06,10.7,2024-12-09,14.5,2025-01-06,10.48,2.099236641221363,4.103053435114501,27.72413793103448,26.20689655172414,False,-1.1090573012939142,2.720133637734563,2,6,2,33.33333333333333,31.472710913965862,42.51290877796902,2015-06-30; 2024-02-06,17.900763358778637,2.099236641221363,历史2/6次成功; 当前距低点2.10%; 最新日涨幅-1.11%; 状态bottom_area; 底部未确认
123,67.44186437295964,58.652982390355376,300563,神宇股份,bottom_area,2025-01-06,51.76,2024-12-26,72.3,2025-01-03,50.58,2.3329379201265317,8.995650454725196,30.04149377593361,28.409405255878283,True,1.8897637795275646,14.376202643930519,1,3,1,33.33333333333333,20.477137176938378,20.477137176938378,2024-05-31,17.667062079873467,2.3329379201265317,历史1/3次成功; 当前距低点2.33%; 最新日涨幅1.89%; 状态bottom_area; 底部已确认
124,67.4361847070041,56.650852925916965,600830,香溢融通,bottom_area,2025-01-06,9.15,2024-12-31,12.85,2025-01-06,9.11,0.4390779363337094,6.36663007683864,29.105058365758758,28.793774319066145,False,-5.7672502574665385,5.368695038055017,8,19,8,42.10526315789473,32.5458578931518,63.375796178343954,1994-08-10; 2008-04-03; 2008-04-22; 2008-09-18; 2013-06-24; 2018-07-06; 2018-10-12; 2022-04-28,19.560922063666293,0.4390779363337094,历史8/19次成功; 当前距低点0.44%; 最新日涨幅-5.77%; 状态bottom_area; 底部未确认
125,67.39531134053107,59.89514141549692,300880,迦南智能,bottom_area,2025-01-06,20.3,2024-12-10,27.16,2025-01-06,19.61,3.5186129525752237,5.252422233554315,27.798232695139912,25.257731958762886,False,0.794438927507457,1.9606234856678677,1,2,1,50.0,31.438596491228072,31.438596491228072,2022-04-26,16.48138704742478,3.5186129525752237,历史1/2次成功; 当前距低点3.52%; 最新日涨幅0.79%; 状态bottom_area; 底部未确认
126,67.30778816294223,58.61930359675635,002777,久远银海,bottom_area,2025-01-06,15.72,2024-11-28,21.47,2025-01-06,15.35,2.410423452768736,3.5830618892508186,28.504890544946438,26.781555659059148,False,0.25510204081633514,1.9430103479370469,2,9,2,22.22222222222222,37.84684684684685,51.99999999999999,2019-06-05; 2024-02-06,17.589576547231264,2.410423452768736,历史2/9次成功; 当前距低点2.41%; 最新日涨幅0.26%; 状态bottom_area; 底部未确认
127,67.30717806449086,56.3321259414209,688107,安路科技,bottom_area,2025-01-06,25.52,2024-12-27,36.1,2025-01-06,25.46,0.23566378633149537,4.791830322073837,29.47368421052632,29.30747922437674,False,-3.698113207547171,0.8253972399431091,2,6,2,33.33333333333333,47.34465613399662,67.95615731785945,2022-04-27; 2023-08-29,19.764336213668507,0.23566378633149537,历史2/6次成功; 当前距低点0.24%; 最新日涨幅-3.70%; 状态bottom_area; 底部未确认
128,67.29613187434666,59.86982380630158,000676,智度股份,bottom_area,2025-01-06,7.82,2024-12-13,11.0,2025-01-06,7.55,3.5761589403973573,4.370860927152319,31.363636363636367,28.909090909090907,False,0.6435006435006496,2.6646973903800455,4,12,4,33.33333333333333,34.785660521904404,58.65580448065173,2000-02-21; 2016-03-01; 2020-12-28; 2022-01-27,16.423841059602644,3.5761589403973573,历史4/12次成功; 当前距低点3.58%; 最新日涨幅0.64%; 状态bottom_area; 底部未确认
129,67.23207414163339,59.3292547092547,688310,迈得医疗,bottom_area,2025-01-06,10.21,2024-12-10,13.68,2025-01-06,9.9,3.1313131313131364,4.34343434343434,27.631578947368418,25.365497076023384,False,1.6932270916334868,1.0428748356791888,1,2,1,50.0,23.648648648648653,23.648648648648653,2023-06-09,16.868686868686865,3.1313131313131364,历史1/2次成功; 当前距低点3.13%; 最新日涨幅1.69%; 状态bottom_area; 底部未确认
130,67.18417464920907,57.345115988627946,600651,飞乐音响,bottom_area,2025-01-06,3.87,2024-12-11,5.27,2025-01-06,3.82,1.3089005235602165,3.4031413612565538,27.514231499051228,26.565464895635664,False,-1.526717557251911,0.7919736136769017,8,30,8,26.666666666666668,30.33732535311065,45.98540145985401,1992-04-27; 1993-02-24; 1993-07-27; 1993-12-20; 1998-10-08; 2008-02-01; 2012-12-04; 2015-06-30,18.691099476439785,1.3089005235602165,历史8/30次成功; 当前距低点1.31%; 最新日涨幅-1.53%; 状态bottom_area; 底部未确认
131,67.12627571911533,57.39343254287363,002605,姚记科技,bottom_area,2025-01-06,24.59,2024-12-11,35.72,2025-01-06,24.25,1.4020618556701026,4.288659793814429,32.11086226203807,31.159014557670773,False,-1.4428857715430787,3.4648913406659507,3,10,3,30.0,24.516847170975655,28.730703259005143,2016-12-14; 2017-06-02; 2024-07-25,18.5979381443299,1.4020618556701026,历史3/10次成功; 当前距低点1.40%; 最新日涨幅-1.44%; 状态bottom_area; 底部未确认
132,66.98669745498758,57.82700308434207,300403,汉宇集团,bottom_area,2025-01-06,8.99,2024-12-26,12.15,2025-01-06,8.82,1.9274376417233552,4.535147392290254,27.40740740740741,26.008230452674898,False,-3.0204962243797095,6.406750825138658,2,5,2,40.0,21.836348964899514,23.364485981308412,2015-06-30; 2015-08-26,18.072562358276645,1.9274376417233552,历史2/5次成功; 当前距低点1.93%; 最新日涨幅-3.02%; 状态bottom_area; 底部未确认
133,66.9854668266758,58.0269241507678,300040,九洲集团,bottom_area,2025-01-06,6.27,2024-12-27,8.88,2025-01-06,6.14,2.117263843648207,6.514657980456032,30.855855855855868,29.391891891891902,False,-5.429864253393668,9.98436159382364,2,7,2,28.57142857142857,57.37120427411001,85.78313253012047,2010-02-03; 2018-10-19,17.882736156351793,2.117263843648207,历史2/7次成功; 当前距低点2.12%; 最新日涨幅-5.43%; 状态bottom_area; 底部未确认
134,66.95625900103718,56.54537726611982,000839,国安股份,bottom_area,2025-01-06,2.77,2024-12-11,3.8,2025-01-06,2.75,0.7272727272727278,4.363636363636368,27.631578947368418,27.105263157894733,False,-2.8070175438596467,1.2637600965093798,7,18,7,38.88888888888889,32.26525194666353,51.898734177215175,2001-02-16; 2009-08-20; 2011-08-09; 2017-01-17; 2020-02-04; 2020-05-25; 2021-11-02,19.272727272727273,0.7272727272727278,历史7/18次成功; 当前距低点0.73%; 最新日涨幅-2.81%; 状态bottom_area; 底部未确认
135,66.92597975103482,57.4956229093595,600728,佳都科技,bottom_area,2025-01-06,4.28,2024-12-16,5.84,2025-01-06,4.21,1.6627078384798168,3.087885985748216,27.910958904109588,26.71232876712328,False,-1.3824884792626668,1.887025918709087,5,20,5,25.0,39.09460634996497,82.51968503937009,2002-01-22; 2005-03-22; 2005-11-01; 2015-07-03; 2018-02-07,18.337292161520185,1.6627078384798168,历史5/20次成功; 当前距低点1.66%; 最新日涨幅-1.38%; 状态bottom_area; 底部未确认
136,66.90722717805735,60.949167560641136,300899,上海凯鑫,bottom_area,2025-01-06,19.15,2024-12-11,26.48,2025-01-06,18.26,4.874041621029556,6.188389923329677,31.042296072507547,27.68126888217523,False,-0.777202072538874,3.087739102725779,2,3,2,66.66666666666666,23.41567628990246,26.796326310102632,2021-11-02; 2022-04-27,15.125958378970445,4.874041621029556,历史2/3次成功; 当前距低点4.87%; 最新日涨幅-0.78%; 状态bottom_area; 底部未确认
137,66.81257595675983,58.73633051143721,600569,安阳钢铁,bottom_area,2025-01-06,1.76,2024-12-19,2.45,2025-01-06,1.71,2.9239766081871372,4.093567251461992,30.204081632653068,28.163265306122454,False,-1.6759776536312887,1.0557713288049237,7,17,7,41.17647058823529,26.17677167228526,32.721202003338895,2006-05-25; 2007-06-26; 2008-03-18; 2008-04-22; 2017-05-11; 2020-02-04; 2021-02-04,17.076023391812864,2.9239766081871372,历史7/17次成功; 当前距低点2.92%; 最新日涨幅-1.68%; 状态bottom_area; 底部未确认
138,66.78641104389715,57.75894910489484,301097,天益医疗,bottom_area,2025-01-06,35.74,2024-12-02,48.49,2025-01-06,35.03,2.026834142163862,3.7396517270910716,27.758300680552694,26.294081253866775,False,0.9034443817052429,0.9681570365928572,1,4,1,25.0,22.500704027034647,22.500704027034647,2022-04-28,17.973165857836136,2.026834142163862,历史1/4次成功; 当前距低点2.03%; 最新日涨幅0.90%; 状态bottom_area; 底部未确认
139,66.73043218072455,57.43777054428021,300276,三丰智能,bottom_area,2025-01-06,8.06,2024-12-25,11.23,2025-01-06,7.92,1.7676767676767748,6.439393939393937,29.474621549421197,28.227960819234195,False,-5.1764705882352935,10.66865318847096,4,13,4,30.76923076923077,37.78534179883472,52.08695652173911,2012-12-04; 2015-07-09; 2015-09-08; 2016-01-14,18.23232323232323,1.7676767676767748,历史4/13次成功; 当前距低点1.77%; 最新日涨幅-5.18%; 状态bottom_area; 底部未确认
140,66.6649489868724,57.71565399907765,002194,武汉凡谷,bottom_area,2025-01-06,10.28,2024-12-10,14.18,2025-01-06,10.07,2.0854021847070414,4.568023833167816,28.98448519040902,27.50352609308886,False,-0.7722007722007707,3.310686699545055,4,15,4,26.666666666666668,41.847872653457244,79.4335805799056,2009-08-19; 2011-06-21; 2012-12-04; 2020-02-04,17.91459781529296,2.0854021847070414,历史4/15次成功; 当前距低点2.09%; 最新日涨幅-0.77%; 状态bottom_area; 底部未确认
141,66.63857438727614,58.483128890604654,002526,山东矿机,bottom_area,2025-01-06,3.27,2024-12-18,4.5,2025-01-06,3.18,2.8301886792452784,4.40251572327043,29.33333333333333,27.333333333333332,False,-0.9090909090909038,4.80582976178083,2,5,2,40.0,26.2148337595908,29.78260869565218,2011-10-24; 2012-12-04,17.169811320754725,2.8301886792452784,历史2/5次成功; 当前距低点2.83%; 最新日涨幅-0.91%; 状态bottom_area; 底部未确认
142,66.63499092873631,58.22639747424394,688121,卓然股份,bottom_area,2025-01-06,10.29,2024-12-10,13.88,2025-01-06,10.03,2.592223330009968,3.58923230309074,27.737752161383295,25.864553314121046,False,0.586510263929596,0.9429768222243746,1,6,1,16.666666666666664,55.206611570247944,55.206611570247944,2024-02-06,17.40777666999003,2.592223330009968,历史1/6次成功; 当前距低点2.59%; 最新日涨幅0.59%; 状态bottom_area; 底部未确认
143,66.41298327344603,59.5585281086599,600939,重庆建工,bottom_area,2025-01-06,2.85,2024-12-09,3.8,2025-01-06,2.74,4.014598540145981,4.379562043795607,27.894736842105257,24.999999999999993,False,1.0638297872340496,0.7188267914164443,2,6,2,33.33333333333333,38.48644863902908,45.695364238410576,2018-06-22; 2024-02-06,15.985401459854021,4.014598540145981,历史2/6次成功; 当前距低点4.01%; 最新日涨幅1.06%; 状态bottom_area; 底部未确认
144,66.33875578545396,56.06392278783545,300077,国民技术,bottom_area,2025-01-06,21.04,2024-12-20,30.55,2025-01-06,20.88,0.7662835249042153,3.68773946360153,31.653027823240592,31.12929623567922,False,-1.7740429505135547,5.901568777059371,5,13,5,38.46153846153847,31.080909809769135,62.7906976744186,2012-12-04; 2013-06-25; 2019-05-08; 2024-02-05; 2024-11-04,19.233716475095786,0.7662835249042153,历史5/13次成功; 当前距低点0.77%; 最新日涨幅-1.77%; 状态bottom_area; 底部未确认
145,66.26787897997053,59.43123733359555,300490,华自科技,bottom_area,2025-01-06,7.25,2024-12-10,10.12,2025-01-06,6.97,4.017216642754667,5.451936872309898,31.126482213438734,28.359683794466395,False,0.41551246537396835,1.4210712798220213,4,11,4,36.36363636363637,31.26852593833726,36.93693693693693,2019-05-08; 2020-02-04; 2021-02-08; 2021-07-28,15.982783357245333,4.017216642754667,历史4/11次成功; 当前距低点4.02%; 最新日涨幅0.42%; 状态bottom_area; 底部未确认
146,66.06704177358644,58.897830228873374,300334,津膜科技,bottom_area,2025-01-06,5.34,2024-12-12,7.45,2025-01-06,5.15,3.689320388349505,6.019417475728147,30.872483221476504,28.322147651006713,False,-1.4760147601476037,1.414330616946822,4,9,4,44.44444444444444,29.346073135479205,44.22535211267606,2012-12-04; 2015-07-29; 2019-08-06; 2023-10-23,16.310679611650496,3.689320388349505,历史4/9次成功; 当前距低点3.69%; 最新日涨幅-1.48%; 状态bottom_area; 底部未确认
147,66.01448356973164,58.66252252252253,300586,美联新材,bottom_area,2025-01-06,7.66,2024-12-06,10.62,2025-01-06,7.4,3.51351351351351,5.270270270270266,30.3201506591337,27.87193973634651,False,-0.5194805194805197,1.4889547972441246,2,6,2,33.33333333333333,76.02782971158857,124.33414043583537,2020-02-04; 2022-04-27,16.48648648648649,3.51351351351351,历史2/6次成功; 当前距低点3.51%; 最新日涨幅-0.52%; 状态bottom_area; 底部未确认
148,66.00474042561581,56.95074554928239,000014,沙河股份,bottom_area,2025-01-06,10.19,2024-12-12,13.88,2025-01-06,10.0,1.899999999999995,3.9000000000000057,27.953890489913547,26.58501440922191,False,-2.207293666026877,2.083899759254694,8,29,8,27.586206896551722,33.47045252673141,51.45833333333333,1992-06-17; 1992-12-10; 1995-08-11; 1996-08-27; 1997-05-05; 1997-07-04; 2006-03-10; 2022-05-27,18.100000000000005,1.899999999999995,历史8/29次成功; 当前距低点1.90%; 最新日涨幅-2.21%; 状态bottom_area; 底部未确认
149,65.692170477619,59.47014909800152,300746,汉嘉数智,bottom_area,2025-01-06,10.38,2024-12-13,14.58,2025-01-06,9.93,4.531722054380675,6.948640483383681,31.893004115226343,28.806584362139915,False,-0.4793863854266389,2.2324772548639973,2,4,2,50.0,30.712233236502485,36.90896259703598,2020-02-04; 2022-03-09,15.468277945619324,4.531722054380675,历史2/4次成功; 当前距低点4.53%; 最新日涨幅-0.48%; 状态bottom_area; 底部未确认
150,65.66212003895146,58.34435364906832,002516,旷达科技,bottom_area,2025-01-06,4.72,2024-12-16,6.29,2025-01-06,4.56,3.5087719298245648,5.482456140350878,27.5039745627981,24.960254372019083,False,0.42553191489360653,1.1152929431370144,2,7,2,28.57142857142857,36.07563405797101,39.687499999999986,2022-04-27; 2024-02-06,16.49122807017544,3.5087719298245648,历史2/7次成功; 当前距低点3.51%; 最新日涨幅0.43%; 状态bottom_area; 底部未确认
151,65.59244530896407,58.41827160329613,300106,西部牧业,bottom_area,2025-01-06,7.98,2024-12-24,11.36,2025-01-06,7.7,3.63636363636364,6.493506493506482,32.21830985915493,29.753521126760557,False,-2.682926829268284,4.754360680851598,6,15,6,40.0,35.7482833021786,65.3910149750416,2011-01-25; 2015-07-16; 2020-02-04; 2020-09-04; 2020-09-30; 2022-04-27,16.36363636363636,3.63636363636364,历史6/15次成功; 当前距低点3.64%; 最新日涨幅-2.68%; 状态bottom_area; 底部未确认
152,65.5910497882935,58.79261205243653,000607,华媒控股,bottom_area,2025-01-06,3.39,2024-12-19,4.77,2025-01-06,3.26,3.9877300613497035,5.21472392638038,31.656184486373164,28.93081761006289,False,-1.7391304347826098,1.6051822900759047,5,13,5,38.46153846153847,45.40127200168742,59.82721382289418,1996-12-25; 2008-04-22; 2018-10-19; 2020-02-04; 2022-01-28,16.0122699386503,3.9877300613497035,历史5/13次成功; 当前距低点3.99%; 最新日涨幅-1.74%; 状态bottom_area; 底部未确认
153,65.58560307924661,57.67578160235256,600067,冠城新材,bottom_area,2025-01-06,2.45,2024-12-09,3.35,2025-01-06,2.38,2.9411764705882475,4.621848739495812,28.95522388059702,26.86567164179104,False,-1.6064257028112428,1.2143766251846928,5,14,5,35.714285714285715,32.52046673353023,46.91642651296828,1997-05-23; 1998-08-18; 2007-06-05; 2015-06-30; 2015-07-06,17.058823529411754,2.9411764705882475,历史5/14次成功; 当前距低点2.94%; 最新日涨幅-1.61%; 状态bottom_area; 底部未确认
154,65.39817713753081,58.920380877332825,600231,凌钢股份,bottom_area,2025-01-06,1.71,2024-12-13,2.27,2025-01-06,1.64,4.268292682926833,4.268292682926833,27.753303964757713,24.66960352422908,False,1.7857142857142794,0.3834530922795942,6,16,6,37.5,29.137570937666673,43.83561643835616,2009-09-29; 2016-01-18; 2019-05-06; 2020-02-04; 2022-04-27; 2024-06-25,15.731707317073168,4.268292682926833,历史6/16次成功; 当前距低点4.27%; 最新日涨幅1.79%; 状态bottom_area; 底部未确认
155,65.33396771649025,55.07321570586807,300541,先进数通,bottom_area,2025-01-06,11.25,2025-01-02,15.59,2025-01-06,11.18,0.6261180679785356,10.465116279069766,28.287363694676078,27.838357921744706,False,-8.610885458976448,13.912006155479824,3,8,3,37.5,36.3347575315007,52.85714285714285,2018-02-07; 2020-02-04; 2024-02-05,19.373881932021465,0.6261180679785356,历史3/8次成功; 当前距低点0.63%; 最新日涨幅-8.61%; 状态bottom_area; 底部未确认
156,65.30373652491303,58.88883116883119,688148,芳源股份,bottom_area,2025-01-06,4.59,2024-12-09,6.39,2025-01-06,4.4,4.318181818181807,6.363636363636349,31.142410015649443,28.169014084507044,False,-0.4338394793926392,0.9250391392196994,2,4,2,50.0,24.96927803379417,26.66666666666668,2022-04-28; 2024-10-18,15.681818181818194,4.318181818181807,历史2/4次成功; 当前距低点4.32%; 最新日涨幅-0.43%; 状态bottom_area; 底部未确认
157,65.26866018768959,58.911679010718984,300369,绿盟科技,bottom_area,2025-01-06,6.45,2024-12-10,9.17,2025-01-06,6.18,4.368932038834959,5.663430420711983,32.60632497273719,29.661941112322786,False,0.15527950310558758,2.5342486993157776,2,5,2,40.0,24.90776375947682,26.689189189189182,2016-03-01; 2024-06-06,15.63106796116504,4.368932038834959,历史2/5次成功; 当前距低点4.37%; 最新日涨幅0.16%; 状态bottom_area; 底部未确认
158,65.18835977855927,55.24688311688314,603533,掌阅科技,bottom_area,2025-01-06,18.65,2024-12-20,26.05,2025-01-06,18.48,0.9199134199134099,5.086580086580093,29.059500959692897,28.40690978886757,False,-2.3560209424083878,2.794164844063035,2,7,2,28.57142857142857,63.836134707766924,73.8197424892704,2020-02-04; 2024-02-06,19.08008658008659,0.9199134199134099,历史2/7次成功; 当前距低点0.92%; 最新日涨幅-2.36%; 状态bottom_area; 底部未确认
159,65.16289161530624,58.599722675635114,600815,厦工股份,bottom_area,2025-01-06,2.5,2024-12-12,3.53,2025-01-06,2.4,4.1666666666666705,5.4166666666666625,32.01133144475921,29.178470254957507,False,0.8064516129032251,0.9501579370814601,6,16,6,37.5,26.167863847500605,32.48502994011976,2008-07-03; 2008-09-18; 2009-03-03; 2015-06-30; 2015-09-02; 2022-04-27,15.83333333333333,4.1666666666666705,历史6/16次成功; 当前距低点4.17%; 最新日涨幅0.81%; 状态bottom_area; 底部未确认
160,65.1176254717647,55.7585673953795,002624,完美世界,bottom_area,2025-01-06,9.58,2024-12-10,13.63,2025-01-06,9.44,1.4830508474576332,3.1779661016949228,30.741012472487167,29.713866471019813,False,-0.9307135470527417,1.7736234206121637,1,3,1,33.33333333333333,26.164462334675104,26.164462334675104,2014-10-27,18.516949152542367,1.4830508474576332,历史1/3次成功; 当前距低点1.48%; 最新日涨幅-0.93%; 状态bottom_area; 底部未确认
161,65.10890484154937,55.18040628867269,300863,卡倍亿,bottom_area,2025-01-06,41.65,2024-12-27,59.92,2025-01-06,41.27,0.9207656893627221,5.984976980857763,31.124833110814414,30.49065420560748,False,-4.362801377726743,2.356400564066073,3,7,3,42.857142857142854,28.91571768274797,40.089934278796264,2021-01-14; 2022-04-27; 2024-02-06,19.07923431063728,0.9207656893627221,历史3/7次成功; 当前距低点0.92%; 最新日涨幅-4.36%; 状态bottom_area; 底部未确认
162,64.86921191318802,55.22637867198159,300896,爱美客,bottom_area,2025-01-06,172.4,2024-12-10,237.04,2025-01-06,170.41,1.1677718443753353,1.8602194706883493,28.109179885251436,27.26965912926088,False,-0.05797101449275255,1.1244242043801116,1,4,1,25.0,20.82741116751269,20.82741116751269,2024-10-16,18.832228155624666,1.1677718443753353,历史1/4次成功; 当前距低点1.17%; 最新日涨幅-0.06%; 状态bottom_area; 底部未确认
163,64.57632089498698,55.02785635239491,688598,金博股份,bottom_area,2025-01-06,19.94,2024-12-10,27.17,2025-01-06,19.7,1.2182741116751372,3.5532994923857837,27.493559072506446,26.61023187338977,False,-2.2549019607843057,2.626296990589434,1,4,1,25.0,20.379146919431278,20.379146919431278,2022-03-09,18.781725888324864,1.2182741116751372,历史1/4次成功; 当前距低点1.22%; 最新日涨幅-2.25%; 状态bottom_area; 底部未确认
164,64.55736208541589,58.371830965375324,300535,达威股份,bottom_area,2025-01-06,12.4,2024-12-09,16.5,2025-01-06,11.87,4.465037910699252,6.149957877000847,28.060606060606062,24.848484848484848,False,-0.48154093097914075,2.445879148993311,3,6,3,50.0,23.989878504137753,26.329787234042563,2018-02-06; 2022-04-27; 2024-04-16,15.53496208930075,4.465037910699252,历史3/6次成功; 当前距低点4.47%; 最新日涨幅-0.48%; 状态bottom_area; 底部未确认
165,64.48355602145755,56.85062367891058,600620,天宸股份,bottom_area,2025-01-06,5.02,2024-12-19,7.22,2025-01-06,4.87,3.080082135523603,6.160164271047224,32.54847645429362,30.470914127423825,False,-3.2755298651252596,0.9647474642091494,9,24,9,37.5,36.13285455862577,82.32044198895026,1993-02-24; 1993-12-20; 1995-05-04; 1998-08-18; 2005-07-12; 2009-08-19; 2015-08-26; 2018-02-06; 2024-04-17,16.919917864476396,3.080082135523603,历史9/24次成功; 当前距低点3.08%; 最新日涨幅-3.28%; 状态bottom_area; 底部未确认
166,64.42264454698471,55.10130294421975,603305,旭升集团,bottom_area,2025-01-06,12.13,2024-12-12,17.5,2025-01-06,11.96,1.4214046822742468,4.347826086956518,31.65714285714285,30.685714285714283,False,-0.9795918367346834,0.9396832435728352,2,9,2,22.22222222222222,29.282527227147792,32.41061130334487,2018-03-26; 2023-10-31,18.578595317725753,1.4214046822742468,历史2/9次成功; 当前距低点1.42%; 最新日涨幅-0.98%; 状态bottom_area; 底部未确认
167,64.38657671800874,54.45010905553585,000555,神州信息,bottom_area,2025-01-06,10.05,2024-12-19,13.95,2025-01-06,9.97,0.8024072216649957,2.607823470411231,28.530465949820783,27.95698924731182,False,-1.2770137524557912,1.702468977860544,7,21,7,33.33333333333333,33.95840961074568,43.359941944847606,1997-05-26; 2010-05-21; 2015-06-29; 2015-07-07; 2015-09-07; 2018-02-07; 2019-01-31,19.197592778335004,0.8024072216649957,历史7/21次成功; 当前距低点0.80%; 最新日涨幅-1.28%; 状态bottom_area; 底部未确认
168,64.37609624323093,55.07083876012432,000062,深圳华强,bottom_area,2025-01-06,20.56,2024-12-03,27.82,2025-01-06,20.27,1.4306857424765622,2.7627035027133635,27.138749101365928,26.096333572969094,False,-0.7242877836793893,1.4225953573162384,4,18,4,22.22222222222222,29.23250912588886,37.385512073272274,2015-07-29; 2018-02-09; 2020-02-04; 2024-10-14,18.569314257523438,1.4306857424765622,历史4/18次成功; 当前距低点1.43%; 最新日涨幅-0.72%; 状态bottom_area; 底部未确认
169,64.31234086276282,54.55140561336855,688521,芯原股份,bottom_area,2025-01-06,44.9,2024-12-26,62.6,2025-01-06,44.47,0.9669440071958617,7.645603777827746,28.96166134185304,28.27476038338659,False,-5.513468013468026,2.355664439795143,2,5,2,40.0,32.29052661169416,39.24137931034484,2020-09-11; 2024-02-05,19.03305599280414,0.9669440071958617,历史2/5次成功; 当前距低点0.97%; 最新日涨幅-5.51%; 状态bottom_area; 底部未确认
170,64.15109733520117,55.00269062860642,600657,信达地产,bottom_area,2025-01-06,3.92,2024-12-11,5.34,2025-01-06,3.86,1.5544041450777215,3.108808290155443,27.715355805243448,26.591760299625467,False,-1.7543859649122862,0.7637631859348859,5,26,5,19.230769230769234,36.86415096442806,87.82870022539443,1993-06-01; 1995-04-27; 1997-05-26; 1997-07-08; 2006-05-08,18.44559585492228,1.5544041450777215,历史5/26次成功; 当前距低点1.55%; 最新日涨幅-1.75%; 状态bottom_area; 底部未确认
171,64.1160490450512,55.197651245551604,688331,荣昌生物,bottom_area,2025-01-06,27.48,2024-12-03,39.87,2025-01-06,27.0,1.7777777777777795,7.74074074074074,32.27990970654627,31.0759969902182,False,-1.9621833749554063,3.1142949234623414,1,3,1,33.33333333333333,26.761565836298917,26.761565836298917,2023-04-04,18.22222222222222,1.7777777777777795,历史1/3次成功; 当前距低点1.78%; 最新日涨幅-1.96%; 状态bottom_area; 底部未确认
172,64.05162439033647,53.37635365861373,600973,宝胜股份,bottom_area,2025-01-06,4.78,2024-12-30,6.92,2025-01-06,4.78,0.0,4.184100418410045,30.924855491329478,30.924855491329478,False,-9.981167608286245,9.75862575005036,3,9,3,33.33333333333333,40.82268992086235,46.551724137931025,2012-12-04; 2022-04-27; 2024-02-06,20.0,0.0,历史3/9次成功; 当前距低点0.00%; 最新日涨幅-9.98%; 状态bottom_area; 底部未确认
173,63.986632890900694,56.158965140377994,600336,澳柯玛,bottom_area,2025-01-06,6.17,2024-12-20,8.27,2025-01-06,6.0,2.833333333333332,4.33333333333333,27.448609431680772,25.392986698911724,False,-0.9630818619582704,1.8062698362117164,4,12,4,33.33333333333333,28.202321543250807,43.69747899159665,2005-12-12; 2006-04-26; 2007-10-15; 2009-08-19,17.166666666666668,2.833333333333332,历史4/12次成功; 当前距低点2.83%; 最新日涨幅-0.96%; 状态bottom_area; 底部未确认
174,63.92139820947635,54.514579913765935,688003,天准科技,bottom_area,2025-01-06,39.28,2024-12-20,54.53,2025-01-06,38.79,1.263212168084563,4.743490590358348,28.864845039427838,27.96625710618008,False,-2.1668742216687353,1.5845985761683592,1,5,1,20.0,29.003783102143764,29.003783102143764,2019-11-27,18.73678783191544,1.263212168084563,历史1/5次成功; 当前距低点1.26%; 最新日涨幅-2.17%; 状态bottom_area; 底部未确认
175,63.90406821768526,55.43694159175679,300315,掌趣科技,bottom_area,2025-01-06,5.12,2024-12-06,7.23,2025-01-06,5.01,2.1956087824351362,3.193612774451101,30.705394190871377,29.18395573997234,False,0.1956947162426559,2.723295087901538,2,11,2,18.181818181818183,26.858370367936384,32.55813953488373,2013-10-25; 2013-12-05,17.804391217564863,2.1956087824351362,历史2/11次成功; 当前距低点2.20%; 最新日涨幅0.20%; 状态bottom_area; 底部未确认
176,63.85609151680629,54.0831681494496,600575,淮河能源,bottom_area,2025-01-06,3.42,2024-12-31,4.76,2025-01-03,3.39,0.8849557522123837,13.569321533923304,28.78151260504201,28.15126050420168,False,-7.0652173913043566,2.8993035159518286,3,9,3,33.33333333333333,43.212548016991946,49.508196721311464,2008-03-18; 2008-04-22; 2022-04-27,19.11504424778762,0.8849557522123837,历史3/9次成功; 当前距低点0.88%; 最新日涨幅-7.07%; 状态bottom_area; 底部未确认
177,63.78527837262536,56.116942280844974,600791,京能置业,bottom_area,2025-01-06,3.82,2024-12-03,5.17,2025-01-06,3.71,2.9649595687331503,4.851752021563346,28.239845261121854,26.11218568665377,False,-1.799485861182526,1.5330510290363843,7,21,7,33.33333333333333,29.589875076468942,47.21311475409838,1999-01-05; 2008-01-23; 2008-03-18; 2008-04-22; 2008-06-11; 2009-08-19; 2024-04-16,17.03504043126685,2.9649595687331503,历史7/21次成功; 当前距低点2.96%; 最新日涨幅-1.80%; 状态bottom_area; 底部未确认
178,63.76492081936168,57.1991077469953,300721,怡达股份,bottom_area,2025-01-06,11.36,2024-12-04,14.96,2025-01-06,10.92,4.029304029304025,6.043956043956046,27.00534759358289,24.064171122994658,False,-0.6124234470691214,1.7605855322013204,5,11,5,45.45454545454545,22.192145782939,24.82705611068408,2018-02-07; 2019-11-15; 2020-07-24; 2022-04-27; 2023-10-23,15.970695970695974,4.029304029304025,历史5/11次成功; 当前距低点4.03%; 最新日涨幅-0.61%; 状态bottom_area; 底部未确认
179,63.708385545784296,55.003262204947134,000058,深赛格,bottom_area,2025-01-06,7.38,2024-12-12,10.23,2025-01-06,7.24,1.933701657458559,3.7292817679557952,29.227761485826004,27.859237536656895,False,-1.8617021276595702,1.2047045442861468,6,22,6,27.27272727272727,24.092434908836292,34.82352941176472,2002-01-23; 2006-11-14; 2010-05-18; 2020-02-04; 2022-04-27; 2024-01-09,18.066298342541444,1.933701657458559,历史6/22次成功; 当前距低点1.93%; 最新日涨幅-1.86%; 状态bottom_area; 底部未确认
180,63.696893663200385,55.08447907730437,601216,君正集团,bottom_area,2025-01-06,5.04,2024-12-18,7.24,2025-01-06,4.94,2.0242914979757014,2.631578947368419,31.767955801104968,30.386740331491712,False,0.1988071570576455,1.123228293849829,1,6,1,16.666666666666664,26.146220570012385,26.146220570012385,2020-08-25,17.9757085020243,2.0242914979757014,历史1/6次成功; 当前距低点2.02%; 最新日涨幅0.20%; 状态bottom_area; 底部未确认
181,63.684620564608565,54.430926555220616,300851,交大思诺,bottom_area,2025-01-06,24.94,2024-12-02,33.74,2025-01-06,24.6,1.3821138211382107,4.512195121951217,27.089508002371073,26.081802015411977,False,-3.220799379123007,1.567104604397811,1,4,1,25.0,29.39325842696629,29.39325842696629,2023-08-28,18.617886178861788,1.3821138211382107,历史1/4次成功; 当前距低点1.38%; 最新日涨幅-3.22%; 状态bottom_area; 底部未确认
182,63.68226769783164,57.651513200441315,300066,三川智慧,bottom_area,2025-01-06,3.69,2024-12-04,5.1,2025-01-06,3.53,4.532577903682724,5.3824362606232405,30.784313725490197,27.64705882352941,False,0.27173913043476716,1.5457780651990805,4,13,4,30.76923076923077,40.13866032708566,65.81632653061224,2016-01-18; 2017-01-16; 2019-05-08; 2022-04-27,15.467422096317277,4.532577903682724,历史4/13次成功; 当前距低点4.53%; 最新日涨幅0.27%; 状态bottom_area; 底部未确认
183,63.65879689479705,57.18757167854108,300030,阳普医疗,bottom_area,2025-01-06,5.32,2024-12-09,7.53,2025-01-06,5.11,4.109589041095889,6.849315068493143,32.13811420982736,29.34926958831341,False,-1.845018450184499,3.563929624890937,4,10,4,40.0,34.93244458193392,48.36016696481813,2012-12-04; 2015-07-29; 2020-03-24; 2021-10-29,15.890410958904111,4.109589041095889,历史4/10次成功; 当前距低点4.11%; 最新日涨幅-1.85%; 状态bottom_area; 底部未确认
184,63.646552985269096,55.29744441171012,688560,明冠新材,bottom_area,2025-01-06,11.67,2024-12-10,16.3,2025-01-06,11.41,2.278702892199823,6.397896581945665,30.000000000000004,28.404907975460127,False,-2.668890742285235,1.4846358038304757,2,7,2,28.57142857142857,27.089254256129024,30.203498750446258,2021-08-20; 2023-04-26,17.721297107800176,2.278702892199823,历史2/7次成功; 当前距低点2.28%; 最新日涨幅-2.67%; 状态bottom_area; 底部未确认
185,63.58752987593796,54.543970071360114,603330,天洋新材,bottom_area,2025-01-06,5.79,2024-12-18,8.49,2025-01-06,5.7,1.5789473684210502,5.263157894736839,32.86219081272085,31.802120141342762,False,-3.500000000000003,3.06931270096077,2,8,2,25.0,32.41381758795754,35.1528384279476,2020-02-04; 2024-02-08,18.421052631578952,1.5789473684210502,历史2/8次成功; 当前距低点1.58%; 最新日涨幅-3.50%; 状态bottom_area; 底部未确认
186,63.17601208413031,54.70714734158418,688308,欧科亿,bottom_area,2025-01-06,16.55,2024-12-10,22.62,2025-01-06,16.21,2.097470697100554,4.441702652683521,28.337754199823166,26.834659593280286,False,-1.3118664281454917,1.0474128997125698,1,5,1,20.0,40.26548672566372,40.26548672566372,2024-02-05,17.90252930289945,2.097470697100554,历史1/5次成功; 当前距低点2.10%; 最新日涨幅-1.31%; 状态bottom_area; 底部未确认
187,63.099249612871624,57.42295728368022,300217,东方电热,bottom_area,2025-01-06,4.35,2024-12-10,5.94,2025-01-06,4.15,4.819277108433717,6.5060240963855325,30.13468013468013,26.76767676767678,False,1.87353629976581,2.4597468102313287,3,11,3,27.27272727272727,52.92426277365531,91.35135135135134,2011-10-10; 2020-02-04; 2024-02-05,15.180722891566283,4.819277108433717,历史3/11次成功; 当前距低点4.82%; 最新日涨幅1.87%; 状态bottom_area; 底部未确认
188,63.075478983685834,57.033455008874,000042,中洲控股,bottom_area,2025-01-06,4.21,2024-12-12,5.97,2025-01-06,4.03,4.466501240694782,4.962779156327548,32.495812395309876,29.480737018425458,False,0.0,1.154434454029648,5,14,5,35.714285714285715,25.2915091118331,29.558745348219045,1996-12-18; 2007-06-05; 2008-03-18; 2022-04-27; 2024-01-23,15.53349875930522,4.466501240694782,历史5/14次成功; 当前距低点4.47%; 最新日涨幅0.00%; 状态bottom_area; 底部未确认
189,63.01852721045723,55.92017313043193,300427,红相股份,bottom_area,2025-01-06,5.42,2024-12-10,7.55,2025-01-06,5.24,3.4351145038167887,5.725190839694653,30.59602649006622,28.211920529801326,False,-0.5504587155963359,2.5595974194149615,3,8,3,37.5,25.267388167388177,31.168831168831172,2016-01-07; 2019-05-07; 2021-02-08,16.564885496183212,3.4351145038167887,历史3/8次成功; 当前距低点3.44%; 最新日涨幅-0.55%; 状态bottom_area; 底部未确认
190,63.00231101317668,53.98829295408507,300342,天银机电,bottom_area,2025-01-06,14.65,2024-12-12,20.32,2025-01-06,14.43,1.5246015246015292,4.365904365904372,28.986220472440948,27.903543307086615,False,-1.4794889038332149,3.1774199505803984,2,10,2,20.0,29.37841091492776,32.07142857142856,2015-07-29; 2022-04-27,18.47539847539847,1.5246015246015292,历史2/10次成功; 当前距低点1.52%; 最新日涨幅-1.48%; 状态bottom_area; 底部未确认
191,62.96451039644676,56.81292373030171,300996,普联软件,bottom_area,2025-01-06,16.55,2024-12-20,21.95,2025-01-06,15.86,4.350567465321572,5.485498108448934,27.744874715261957,24.601366742596806,False,0.3638568829593902,1.0892407417981815,1,2,1,50.0,25.065685759327373,25.065685759327373,2023-04-26,15.649432534678429,4.350567465321572,历史1/2次成功; 当前距低点4.35%; 最新日涨幅0.36%; 状态bottom_area; 底部未确认
192,62.945028359310605,55.73879804113526,300120,经纬辉开,bottom_area,2025-01-06,8.4,2024-12-20,11.35,2025-01-06,8.13,3.321033210332098,5.412054120541199,28.370044052863424,25.991189427312772,False,-1.17647058823529,4.003776742079309,3,8,3,37.5,22.89383742307766,24.448419797257014,2015-07-16; 2015-07-29; 2015-09-07,16.678966789667903,3.321033210332098,历史3/8次成功; 当前距低点3.32%; 最新日涨幅-1.18%; 状态bottom_area; 底部未确认
193,62.943026774216534,54.35360219794371,601858,中国科传,bottom_area,2025-01-06,18.87,2024-12-10,25.58,2025-01-06,18.51,1.944894651539705,3.8357644516477434,27.6387802971071,26.23143080531665,False,0.0,0.6929538266919671,1,6,1,16.666666666666664,21.243523316062173,21.243523316062173,2021-07-30,18.055105348460295,1.944894651539705,历史1/6次成功; 当前距低点1.94%; 最新日涨幅0.00%; 状态bottom_area; 底部未确认
194,62.87595421596576,54.838048479874544,300768,迪普科技,bottom_area,2025-01-06,16.06,2024-12-12,22.88,2025-01-06,15.67,2.488832163369488,3.7013401403956614,31.51223776223776,29.807692307692314,False,-0.3722084367245748,1.2133092359774402,1,5,1,20.0,45.76659038901602,45.76659038901602,2024-02-05,17.511167836630513,2.488832163369488,历史1/5次成功; 当前距低点2.49%; 最新日涨幅-0.37%; 状态bottom_area; 底部未确认
195,62.779610413599094,55.99007688032213,688288,鸿泉技术,bottom_area,2025-01-06,14.25,2024-12-20,18.95,2025-01-06,13.74,3.7117903930130987,6.695778748180495,27.493403693931395,24.80211081794195,False,-2.4640657084188833,1.8262021932852837,2,6,2,33.33333333333333,38.062503457304594,41.992882562277565,2020-02-03; 2021-10-28,16.288209606986904,3.7117903930130987,历史2/6次成功; 当前距低点3.71%; 最新日涨幅-2.46%; 状态bottom_area; 底部未确认
196,62.70556886094066,55.58284841982223,002796,世嘉科技,bottom_area,2025-01-06,10.41,2024-12-27,14.51,2025-01-06,10.07,3.376365441906652,6.2562065541211425,30.599586492074426,28.25637491385251,False,-0.47801147227534146,5.269726709587552,2,6,2,33.33333333333333,31.7614424410541,36.33841886269071,2021-10-28; 2022-04-27,16.623634558093347,3.376365441906652,历史2/6次成功; 当前距低点3.38%; 最新日涨幅-0.48%; 状态bottom_area; 底部未确认
197,62.5645986120842,54.88924205378971,603058,永吉股份,bottom_area,2025-01-06,8.41,2024-12-13,12.12,2025-01-06,8.18,2.8117359413202987,4.7677261613692,32.508250825082506,30.610561056105606,False,-0.8254716981132115,1.690406665514235,1,5,1,20.0,81.15942028985508,81.15942028985508,2021-01-14,17.188264058679703,2.8117359413202987,历史1/5次成功; 当前距低点2.81%; 最新日涨幅-0.83%; 状态bottom_area; 底部未确认
198,62.50439208187172,56.312068531599735,600228,返利科技,bottom_area,2025-01-06,5.62,2024-12-26,7.47,2025-01-06,5.39,4.267161410018561,6.493506493506504,27.84471218206158,24.76572958500669,False,-1.5761821366024442,3.903905825726216,7,18,7,38.88888888888889,34.564378087203416,67.96874999999999,2008-03-18; 2012-07-11; 2013-06-25; 2014-07-10; 2021-01-26; 2022-04-27; 2023-12-28,15.73283858998144,4.267161410018561,历史7/18次成功; 当前距低点4.27%; 最新日涨幅-1.58%; 状态bottom_area; 底部未确认
199,62.468932254959654,55.22772384478267,301268,铭利达,bottom_area,2025-01-06,15.33,2024-12-10,21.2,2025-01-06,14.85,3.232323232323235,4.511784511784511,29.952830188679247,27.688679245283016,False,0.06527415143602333,0.5277376107514462,1,5,1,20.0,34.50226244343892,34.50226244343892,2024-02-05,16.767676767676765,3.232323232323235,历史1/5次成功; 当前距低点3.23%; 最新日涨幅0.07%; 状态bottom_area; 底部未确认
200,62.33557421336901,55.1703278799593,300983,尤安设计,bottom_area,2025-01-06,16.0,2024-12-12,21.58,2025-01-06,15.49,3.2924467398321484,5.1646223369916004,28.220574606116767,25.85727525486561,False,-0.062460961898824774,0.3534450033883435,1,2,1,50.0,25.73713143428285,25.73713143428285,2024-02-06,16.707553260167852,3.2924467398321484,历史1/2次成功; 当前距低点3.29%; 最新日涨幅-0.06%; 状态bottom_area; 底部未确认
201,62.28463789677242,55.19866919953037,002210,飞马国际,bottom_area,2025-01-06,2.15,2024-12-25,3.04,2025-01-06,2.08,3.3653846153846074,6.249999999999995,31.57894736842105,29.27631578947369,False,-2.272727272727282,4.418718121300618,5,15,5,33.33333333333333,29.56135908211798,32.558139534883715,2008-09-18; 2015-06-30; 2015-12-02; 2020-04-21; 2024-02-06,16.634615384615394,3.3653846153846074,历史5/15次成功; 当前距低点3.37%; 最新日涨幅-2.27%; 状态bottom_area; 底部未确认
202,62.242279776930665,52.33155341446925,688062,迈威生物,bottom_area,2025-01-06,18.65,2024-12-03,27.2,2025-01-06,18.56,0.4849137931034475,3.987068965517252,31.764705882352946,31.433823529411768,False,-2.864583333333337,1.8559043933976587,1,3,1,33.33333333333333,35.34313725490197,35.34313725490197,2024-02-06,19.515086206896555,0.4849137931034475,历史1/3次成功; 当前距低点0.48%; 最新日涨幅-2.86%; 状态bottom_area; 底部未确认
203,62.18273378935241,54.9636626905687,688668,鼎通科技,bottom_area,2025-01-06,44.54,2024-12-26,60.38,2025-01-03,43.15,3.2213209733487846,7.13789107763615,28.535939052666453,26.233852268963236,False,2.390804597701157,6.800358648704688,1,3,1,33.33333333333333,20.725490196078432,20.725490196078432,2023-05-15,16.778679026651215,3.2213209733487846,历史1/3次成功; 当前距低点3.22%; 最新日涨幅2.39%; 状态bottom_area; 底部未确认
204,62.16703677781227,56.133948820471836,301136,招标股份,bottom_area,2025-01-06,10.7,2024-12-06,14.56,2025-01-06,10.25,4.390243902439018,6.243902439024396,29.60164835164835,26.510989010989018,False,0.2811621368322248,1.1374793228891869,1,2,1,50.0,21.901639344262293,21.901639344262293,2023-09-11,15.609756097560984,4.390243902439018,历史1/2次成功; 当前距低点4.39%; 最新日涨幅0.28%; 状态bottom_area; 底部未确认
205,62.000579553892905,55.15947900466561,002887,绿茵生态,bottom_area,2025-01-06,6.66,2024-12-17,9.5,2025-01-06,6.43,3.5769828926905203,5.59875583203733,32.31578947368421,29.894736842105264,False,-1.3333333333333308,2.464009462839465,1,4,1,25.0,84.02282453637662,84.02282453637662,2022-04-27,16.42301710730948,3.5769828926905203,历史1/4次成功; 当前距低点3.58%; 最新日涨幅-1.33%; 状态bottom_area; 底部未确认
206,61.933564554981196,56.172302735913185,300637,扬帆新材,bottom_area,2025-01-06,8.58,2024-12-12,11.68,2025-01-06,8.2,4.634146341463424,6.097560975609757,29.794520547945208,26.541095890410954,False,0.2336448598130758,2.253080099751953,3,9,3,33.33333333333333,27.8753928017014,31.810193321616865,2022-04-27; 2024-04-16; 2024-10-11,15.365853658536576,4.634146341463424,历史3/9次成功; 当前距低点4.63%; 最新日涨幅0.23%; 状态bottom_area; 底部未确认
207,61.77142853454561,55.65198760548418,600356,恒丰纸业,bottom_area,2025-01-06,7.33,2024-12-03,10.01,2025-01-06,7.03,4.267425320056897,5.12091038406827,29.77022977022977,26.77322677322677,False,1.3831258644536604,2.1758341654109223,3,10,3,30.0,27.804931909752145,34.261501210653755,2005-11-29; 2011-10-24; 2015-07-03,15.732574679943104,4.267425320056897,历史3/10次成功; 当前距低点4.27%; 最新日涨幅1.38%; 状态bottom_area; 底部未确认
208,61.685790318344964,51.40482526528747,002647,仁东控股,bottom_area,2025-01-06,5.36,2024-12-12,7.59,2025-01-06,5.36,0.0,0.0,29.380764163372852,29.380764163372852,False,-4.964539007092183,0.033241682730915045,2,6,2,33.33333333333333,30.223074902979196,33.72093023255814,2012-07-31; 2015-10-23,20.0,0.0,历史2/6次成功; 当前距低点0.00%; 最新日涨幅-4.96%; 状态bottom_area; 底部未确认
209,61.670155745034975,52.866261141196716,300397,天和防务,bottom_area,2025-01-06,9.86,2024-12-06,14.21,2025-01-06,9.71,1.5447991761070912,4.119464469618935,31.667839549612946,30.61224489795919,False,-1.4985014985015033,2.523802545253248,2,14,2,14.285714285714285,35.974518309559286,45.75260804769001,2015-09-07; 2024-04-16,18.45520082389291,1.5447991761070912,历史2/14次成功; 当前距低点1.54%; 最新日涨幅-1.50%; 状态bottom_area; 底部未确认
210,61.54360543144699,55.50836154397606,603901,永创智能,bottom_area,2025-01-06,6.99,2024-12-12,9.3,2025-01-06,6.7,4.328358208955224,4.626865671641785,27.95698924731183,24.838709677419356,False,0.575539568345329,1.1821461330259406,2,9,2,22.22222222222222,44.63151991848613,62.649494020239196,2015-07-09; 2017-01-16,15.671641791044777,4.328358208955224,历史2/9次成功; 当前距低点4.33%; 最新日涨幅0.58%; 状态bottom_area; 底部未确认
211,61.49686723696356,54.98064289397403,603569,长久物流,bottom_area,2025-01-06,7.02,2024-12-10,9.66,2025-01-06,6.76,3.8461538461538427,4.289940828402368,30.020703933747416,27.329192546583858,False,0.7173601147776099,0.9559619171448772,2,7,2,28.57142857142857,22.126816929672454,22.779682143970067,2017-01-16; 2022-10-12,16.153846153846157,3.8461538461538427,历史2/7次成功; 当前距低点3.85%; 最新日涨幅0.72%; 状态bottom_area; 底部未确认
212,61.376422969925905,51.58485354670817,002256,兆新股份,bottom_area,2025-01-06,2.16,2024-12-20,3.16,2025-01-06,2.15,0.4651162790697782,6.976744186046507,31.9620253164557,31.645569620253163,False,-5.263157894736825,3.016342455913905,5,17,5,29.411764705882355,33.13106175546598,45.45454545454546,2015-07-03; 2019-05-06; 2020-02-04; 2021-08-20; 2022-04-27,19.534883720930225,0.4651162790697782,历史5/17次成功; 当前距低点0.47%; 最新日涨幅-5.26%; 状态bottom_area; 底部未确认
213,61.339451789589724,54.40438706484079,300135,宝利国际,bottom_area,2025-01-06,3.64,2024-12-03,5.2,2025-01-06,3.52,3.4090909090909123,5.397727272727272,32.30769230769231,30.0,False,-0.8174386920980825,2.028439670138889,1,2,1,50.0,23.049001814882043,23.049001814882043,2012-01-06,16.59090909090909,3.4090909090909123,历史1/2次成功; 当前距低点3.41%; 最新日涨幅-0.82%; 状态bottom_area; 底部未确认
214,61.308327560305585,55.6632353010055,300422,博世科,bottom_area,2025-01-06,4.24,2024-12-10,5.59,2025-01-06,4.05,4.691358024691368,4.938271604938276,27.549194991055458,24.15026833631484,False,1.6786570743405393,1.3054299496046522,3,9,3,33.33333333333333,25.839775612733767,27.613727055067844,2015-08-26; 2016-05-20; 2018-02-09,15.308641975308635,4.691358024691368,历史3/9次成功; 当前距低点4.69%; 最新日涨幅1.68%; 状态bottom_area; 底部未确认
215,61.282984393626435,51.73871348289876,688369,致远互联,bottom_area,2025-01-06,17.0,2024-12-23,23.7,2025-01-06,16.88,0.7109004739336553,8.767772511848344,28.77637130801688,28.270042194092827,False,-5.9734513274336205,3.674249235040238,1,2,1,50.0,25.696594427244595,25.696594427244595,2024-04-22,19.289099526066344,0.7109004739336553,历史1/2次成功; 当前距低点0.71%; 最新日涨幅-5.97%; 状态bottom_area; 底部未确认
216,61.26390909176404,54.021022058870905,301228,实朴检测,bottom_area,2025-01-06,11.68,2024-12-27,15.98,2025-01-06,11.33,3.089143865842892,6.001765225066193,29.09887359198999,26.908635794743436,False,-3.4710743801652844,3.3391576450284433,1,2,1,50.0,27.281021897810216,27.281021897810216,2022-02-28,16.91085613415711,3.089143865842892,历史1/2次成功; 当前距低点3.09%; 最新日涨幅-3.47%; 状态bottom_area; 底部未确认
217,61.163183276318364,54.25304033734576,301390,经纬股份,bottom_area,2025-01-06,30.29,2024-12-19,41.23,2025-01-06,29.29,3.4141345168999657,6.930693069306935,28.959495512975984,26.534077128304627,False,-2.1956732321601558,2.8738466622406738,1,2,1,50.0,22.29713460149289,22.29713460149289,2023-06-28,16.585865483100033,3.4141345168999657,历史1/2次成功; 当前距低点3.41%; 最新日涨幅-2.20%; 状态bottom_area; 底部未确认
218,61.087945829289445,54.13583995463688,603038,华立股份,bottom_area,2025-01-06,15.06,2024-12-04,21.36,2025-01-06,14.57,3.363074811256007,5.696636925188744,31.788389513108612,29.494382022471903,False,-1.1162179908076109,2.549156500876546,2,6,2,33.33333333333333,23.818909628856108,26.50306748466258,2021-01-06; 2022-04-28,16.636925188743994,3.363074811256007,历史2/6次成功; 当前距低点3.36%; 最新日涨幅-1.12%; 状态bottom_area; 底部未确认
219,61.0181025939068,53.12104175389712,688518,联赢激光,bottom_area,2025-01-06,14.57,2024-12-17,20.58,2025-01-06,14.23,2.3893183415319736,3.9353478566408904,30.855199222546155,29.203109815354704,False,-0.47814207650273,1.4095944768568,1,7,1,14.285714285714285,47.69647696476966,47.69647696476966,2024-02-06,17.610681658468028,2.3893183415319736,历史1/7次成功; 当前距低点2.39%; 最新日涨幅-0.48%; 状态bottom_area; 底部未确认
220,60.937968951058096,52.818604224058774,002614,奥佳华,bottom_area,2025-01-06,6.18,2024-12-16,8.7,2025-01-06,6.05,2.1487603305785106,4.132231404958678,30.459770114942526,28.965517241379306,False,-1.4354066985645897,2.580666224225101,1,9,1,11.11111111111111,53.68421052631578,53.68421052631578,2020-02-04,17.85123966942149,2.1487603305785106,历史1/9次成功; 当前距低点2.15%; 最新日涨幅-1.44%; 状态bottom_area; 底部未确认
221,60.8443796366018,51.651956966218926,601727,上海电气,bottom_area,2025-01-06,6.99,2024-12-03,10.2,2025-01-06,6.92,1.0115606936416226,3.901734104046249,32.15686274509804,31.470588235294112,False,-2.237762237762242,1.521960043247905,1,8,1,12.5,26.778577138289368,26.778577138289368,2015-06-30,18.98843930635838,1.0115606936416226,历史1/8次成功; 当前距低点1.01%; 最新日涨幅-2.24%; 状态bottom_area; 底部未确认
222,60.825665898524676,52.94541768495063,600300,维维股份,bottom_area,2025-01-06,3.01,2024-12-13,4.22,2025-01-06,2.94,2.3809523809523756,4.761904761904766,30.331753554502367,28.672985781990523,False,-1.9543973941368087,2.687475494482454,3,13,3,23.076923076923077,27.602092008183003,30.56994818652849,2009-08-20; 2012-04-05; 2020-10-30,17.619047619047628,2.3809523809523756,历史3/13次成功; 当前距低点2.38%; 最新日涨幅-1.95%; 状态bottom_area; 底部未确认
223,60.640990616249454,52.01649417304953,600825,新华传媒,bottom_area,2025-01-06,5.79,2024-12-18,7.96,2025-01-06,5.7,1.5789473684210502,4.73684210526315,28.39195979899497,27.261306532663315,False,-3.177257525083621,2.338432864054484,3,15,3,20.0,29.6585708228469,34.22818791946308,1994-08-09; 2020-02-04; 2024-01-23,18.421052631578952,1.5789473684210502,历史3/15次成功; 当前距低点1.58%; 最新日涨幅-3.18%; 状态bottom_area; 底部未确认
224,60.61048865985802,53.08307318091984,300609,汇纳科技,bottom_area,2025-01-06,21.17,2024-12-24,30.34,2025-01-06,20.61,2.7171276079573135,6.647258612324119,32.06987475280159,30.224126565589977,False,-3.112128146453086,4.698855688781222,2,10,2,20.0,49.34475337130381,49.87035436473638,2020-02-04; 2022-04-27,17.282872392042687,2.7171276079573135,历史2/10次成功; 当前距低点2.72%; 最新日涨幅-3.11%; 状态bottom_area; 底部未确认
225,60.568771011615894,54.468319255050254,300055,万邦达,bottom_area,2025-01-06,4.5,2024-12-04,6.05,2025-01-06,4.32,4.16666666666666,5.555555555555539,28.595041322314042,25.6198347107438,False,0.0,1.1476665986459305,3,13,3,23.076923076923077,35.20601750027006,41.555977229601524,2015-07-07; 2018-10-12; 2020-02-04,15.833333333333341,4.16666666666666,历史3/13次成功; 当前距低点4.17%; 最新日涨幅0.00%; 状态bottom_area; 底部未确认
226,60.212214591227124,52.75602913950975,000036,华联控股,bottom_area,2025-01-06,3.75,2024-12-10,5.21,2025-01-06,3.65,2.739726027397263,4.657534246575341,29.94241842610365,28.023032629558543,False,-0.7936507936507908,1.239660187903438,3,11,3,27.27272727272727,21.89083543584095,23.333333333333336,2005-06-06; 2013-06-25; 2024-02-06,17.26027397260274,2.739726027397263,历史3/11次成功; 当前距低点2.74%; 最新日涨幅-0.79%; 状态bottom_area; 底部未确认
227,60.117304329669835,51.26975550020757,002177,御银股份,bottom_area,2025-01-06,4.01,2024-12-18,5.86,2025-01-06,3.96,1.262626262626258,6.060606060606066,32.423208191126285,31.569965870307175,False,-4.52380952380953,6.354644185882033,2,12,2,16.666666666666664,28.988584474885847,29.666666666666668,2020-02-04; 2024-04-17,18.737373737373744,1.262626262626258,历史2/12次成功; 当前距低点1.26%; 最新日涨幅-4.52%; 状态bottom_area; 底部未确认
228,60.05800955438481,51.81569845181675,300739,明阳电路,bottom_area,2025-01-06,12.9,2024-12-27,18.54,2025-01-06,12.66,1.8957345971563997,5.76619273301738,31.71521035598705,30.420711974110027,False,-3.007518796992481,4.655170663130275,1,3,1,33.33333333333333,20.239999999999995,20.239999999999995,2022-10-11,18.104265402843602,1.8957345971563997,历史1/3次成功; 当前距低点1.90%; 最新日涨幅-3.01%; 状态bottom_area; 底部未确认
229,59.988696189802944,52.27586382254257,300858,科拓生物,bottom_area,2025-01-06,13.42,2024-12-10,18.0,2025-01-06,13.1,2.4427480916030557,4.1984732824427535,27.222222222222225,25.444444444444446,False,-1.2509197939661543,1.558085703925544,1,5,1,20.0,31.42650253439535,31.42650253439535,2024-04-18,17.557251908396946,2.4427480916030557,历史1/5次成功; 当前距低点2.44%; 最新日涨幅-1.25%; 状态bottom_area; 底部未确认
230,59.9685417224058,54.23924845406734,600853,龙建股份,bottom_area,2025-01-06,3.73,2024-12-16,5.1,2025-01-06,3.57,4.481792717086839,5.88235294117647,30.0,26.86274509803921,False,1.084010840108407,2.2716672103916755,4,15,4,26.666666666666668,30.059511733111087,36.082474226804116,1994-04-20; 1994-08-09; 2008-09-18; 2024-02-06,15.518207282913163,4.481792717086839,历史4/15次成功; 当前距低点4.48%; 最新日涨幅1.08%; 状态bottom_area; 底部未确认
231,59.95396412542605,52.94153299998891,002314,南山控股,bottom_area,2025-01-06,2.28,2024-12-12,3.11,2025-01-06,2.21,3.1674208144796308,4.072398190045242,28.938906752411576,26.68810289389068,False,0.0,1.6532767077854136,2,11,2,18.181818181818183,25.354729729729726,26.12612612612611,2015-09-08; 2024-02-06,16.83257918552037,3.1674208144796308,历史2/11次成功; 当前距低点3.17%; 最新日涨幅0.00%; 状态bottom_area; 底部未确认
232,59.94491196286969,51.74285165754373,688225,亚信安全,bottom_area,2025-01-06,16.44,2024-12-19,23.4,2025-01-06,16.13,1.921884686918799,7.5635461872287815,31.068376068376068,29.743589743589734,False,-4.861111111111105,0.7036074098147547,1,4,1,25.0,21.557788944723633,21.557788944723633,2023-04-28,18.078115313081202,1.921884686918799,历史1/4次成功; 当前距低点1.92%; 最新日涨幅-4.86%; 状态bottom_area; 底部未确认
233,59.71405322516763,51.3542247566611,002866,传艺科技,bottom_area,2025-01-06,14.78,2024-12-10,20.06,2025-01-06,14.53,1.7205781142463867,4.611149346180317,27.56729810568295,26.321036889332,False,-2.183984116479154,3.1267710560805684,1,7,1,14.285714285714285,29.999999999999982,29.999999999999982,2022-12-23,18.279421885753614,1.7205781142463867,历史1/7次成功; 当前距低点1.72%; 最新日涨幅-2.18%; 状态bottom_area; 底部未确认
234,59.6988817886138,53.171693416080615,300683,海特生物,bottom_area,2025-01-06,23.07,2024-11-29,30.93,2025-01-06,22.26,3.6388140161725007,6.963162623539969,28.03103782735208,25.41222114451988,False,2.0344980097302123,0.849636229200325,1,5,1,20.0,28.431125661042557,28.431125661042557,2018-02-14,16.3611859838275,3.6388140161725007,历史1/5次成功; 当前距低点3.64%; 最新日涨幅2.03%; 状态bottom_area; 底部未确认
235,59.622248001092174,50.58942810775724,603711,香飘飘,bottom_area,2025-01-06,14.36,2024-12-27,20.78,2025-01-06,14.22,0.9845288326300898,9.001406469760894,31.56881616939365,30.895091434071233,False,-8.066581306017929,3.8176044320411306,1,2,1,50.0,22.871794871794876,22.871794871794876,2020-02-04,19.01547116736991,0.9845288326300898,历史1/2次成功; 当前距低点0.98%; 最新日涨幅-8.07%; 状态bottom_area; 底部未确认
236,59.58026530540094,54.38512046466657,000155,川能动力,bottom_area,2025-01-06,10.95,2024-12-04,14.4,2025-01-02,10.43,4.985618408437197,5.656759348034514,27.569444444444446,23.95833333333334,False,2.6241799437675573,1.460153999707333,3,11,3,27.27272727272727,35.70656637093704,45.280898876404486,2011-08-09; 2024-02-05; 2024-08-23,15.014381591562802,4.985618408437197,历史3/11次成功; 当前距低点4.99%; 最新日涨幅2.62%; 状态bottom_area; 底部未确认
237,59.46914358322744,54.232,603273,天元智能,bottom_area,2025-01-06,15.74,2024-12-17,22.2,2025-01-06,15.0,4.9333333333333345,5.0666666666666655,32.43243243243243,29.099099099099096,False,2.540716612377847,5.692991753159198,1,5,1,20.0,201.34228187919464,201.34228187919464,2023-10-24,15.066666666666666,4.9333333333333345,历史1/5次成功; 当前距低点4.93%; 最新日涨幅2.54%; 状态bottom_area; 底部未确认
238,59.274604383314745,53.655557781047555,002622,皓宸医疗,bottom_area,2025-01-06,2.54,2024-12-20,3.53,2025-01-06,2.43,4.526748971193411,6.9958847736625485,31.161473087818685,28.045325779036823,False,0.39525691699606735,3.110175030272005,5,17,5,29.411764705882355,21.52475408009641,22.769230769230774,2015-06-30; 2019-09-30; 2021-01-14; 2023-04-25; 2024-07-02,15.47325102880659,4.526748971193411,历史5/17次成功; 当前距低点4.53%; 最新日涨幅0.40%; 状态bottom_area; 底部未确认
239,59.25680920253993,53.45010359593802,600962,国投中鲁,bottom_area,2025-01-06,12.04,2024-12-13,16.25,2025-01-06,11.54,4.332755632582322,7.192374350086657,28.98461538461539,25.907692307692315,False,-1.2305168170631653,0.9746767857823881,4,11,4,36.36363636363637,25.452908514409955,35.07340946166394,2008-03-18; 2010-07-05; 2012-12-04; 2018-10-19,15.667244367417679,4.332755632582322,历史4/11次成功; 当前距低点4.33%; 最新日涨幅-1.23%; 状态bottom_area; 底部未确认
240,59.21382045432439,53.390219524065685,603155,新亚强,bottom_area,2025-01-06,12.34,2024-12-25,16.24,2025-01-06,11.83,4.311073541842771,4.564666103127634,27.155172413793093,24.014778325123146,False,0.7346938775510292,1.0268637042743682,1,3,1,33.33333333333333,25.624375624375624,25.624375624375624,2021-10-14,15.68892645815723,4.311073541842771,历史1/3次成功; 当前距低点4.31%; 最新日涨幅0.73%; 状态bottom_area; 底部未确认
241,59.03520686964212,51.481293152791785,002183,怡亚通,bottom_area,2025-01-06,4.13,2024-12-02,5.59,2025-01-06,4.03,2.4813895781637627,3.7220843672456443,27.90697674418604,26.118067978533094,False,-0.7211538461538547,1.262528878038203,2,10,2,20.0,27.628287048414848,31.948881789137378,2009-08-19; 2024-02-06,17.51861042183624,2.4813895781637627,历史2/10次成功; 当前距低点2.48%; 最新日涨幅-0.72%; 状态bottom_area; 底部未确认
242,59.007891839214835,53.3663104489023,300732,设研院,bottom_area,2025-01-06,6.3,2024-12-06,8.33,2025-01-06,6.03,4.4776119402985,5.970149253731334,27.611044417767104,24.369747899159666,False,0.31847133757960666,1.7599100026066319,1,3,1,33.33333333333333,27.537270642201822,27.537270642201822,2018-02-07,15.5223880597015,4.4776119402985,历史1/3次成功; 当前距低点4.48%; 最新日涨幅0.32%; 状态bottom_area; 底部未确认
243,58.97246230775823,50.958763596472664,002889,东方嘉盛,bottom_area,2025-01-06,18.53,2024-12-12,25.22,2025-01-06,18.17,1.9812878370941078,4.182718767198668,27.95400475812846,26.52656621728786,False,-1.0149572649572502,1.2376724268945725,1,6,1,16.666666666666664,25.910931174089058,25.910931174089058,2018-02-07,18.018712162905892,1.9812878370941078,历史1/6次成功; 当前距低点1.98%; 最新日涨幅-1.01%; 状态bottom_area; 底部未确认
244,58.930156910214166,53.40130456577348,300052,中青宝,bottom_area,2025-01-06,15.28,2024-12-19,20.53,2025-01-06,14.61,4.58590006844627,6.639288158795351,28.835849975645406,25.57233317096932,False,0.5263157894736858,3.6676556438118886,4,18,4,22.22222222222222,36.46022132406138,41.94756554307115,2015-01-05; 2016-03-01; 2017-07-18; 2019-10-15,15.414099931553732,4.58590006844627,历史4/18次成功; 当前距低点4.59%; 最新日涨幅0.53%; 状态bottom_area; 底部未确认
245,58.85444429287906,49.045370244065886,601798,蓝科高新,bottom_area,2025-01-06,5.88,2024-12-30,8.37,2025-01-06,5.88,0.0,5.952380952380961,29.749103942652322,29.749103942652322,False,-9.954058192955594,7.078872647869826,3,10,3,30.0,24.760055075623036,29.675810473815474,2017-05-11; 2020-09-11; 2021-05-17,20.0,0.0,历史3/10次成功; 当前距低点0.00%; 最新日涨幅-9.95%; 状态bottom_area; 底部未确认
246,58.84744719236607,51.70318874725165,300494,盛天网络,bottom_area,2025-01-06,10.32,2024-12-20,14.29,2025-01-06,10.03,2.8913260219342067,3.688933200398814,29.8110566829951,27.781665500349888,False,-0.28985507246376274,4.508945978170983,2,8,2,25.0,23.012968157320625,24.27652733118972,2017-07-18; 2018-10-12,17.108673978065795,2.8913260219342067,历史2/8次成功; 当前距低点2.89%; 最新日涨幅-0.29%; 状态bottom_area; 底部未确认
247,58.82550559838248,50.845455617005165,000833,粤桂股份,bottom_area,2025-01-06,10.22,2024-12-13,14.65,2025-01-06,10.02,1.996007984031947,4.790419161676651,31.60409556313994,30.23890784982935,False,-2.2009569377990257,7.199615730693269,2,16,2,12.5,34.50996677740863,35.88039867109634,2012-12-04; 2024-11-29,18.003992015968056,1.996007984031947,历史2/16次成功; 当前距低点2.00%; 最新日涨幅-2.20%; 状态bottom_area; 底部未确认
248,58.72569990095266,50.963222810761756,688499,利元亨,bottom_area,2025-01-06,20.3,2024-12-10,28.98,2025-01-06,19.86,2.2155085599194426,5.6394763343403875,31.46997929606626,29.951690821256037,False,-1.6949152542372725,2.4014319417323895,1,5,1,20.0,21.583775953645574,21.583775953645574,2024-10-18,17.784491440080558,2.2155085599194426,历史1/5次成功; 当前距低点2.22%; 最新日涨幅-1.69%; 状态bottom_area; 底部未确认
249,58.72531877853918,53.27901905311015,300011,鼎汉技术,bottom_area,2025-01-06,6.75,2024-12-03,9.3,2025-01-06,6.45,4.651162790697672,5.116279069767442,30.645161290322587,27.41935483870968,False,1.1994002998500841,2.0484133612880697,2,8,2,25.0,30.584248472585113,40.183486238532105,2019-01-31; 2021-02-10,15.34883720930233,4.651162790697672,历史2/8次成功; 当前距低点4.65%; 最新日涨幅1.20%; 状态bottom_area; 底部未确认
250,58.673333631728795,53.290175154575714,000936,华西股份,bottom_area,2025-01-06,6.89,2024-12-30,9.26,2025-01-06,6.58,4.711246200607897,9.270516717325233,28.94168466522678,25.593952483801296,False,0.7309941520467822,5.79422484008573,4,16,4,25.0,31.38073382775115,36.944745395449615,2011-06-20; 2015-06-30; 2015-07-16; 2020-05-25,15.288753799392104,4.711246200607897,历史4/16次成功; 当前距低点4.71%; 最新日涨幅0.73%; 状态bottom_area; 底部未确认
251,58.51699453378277,51.086501620182176,301202,朗威股份,bottom_area,2025-01-06,34.28,2024-12-31,46.69,2025-01-06,33.43,2.5426263834878893,5.713431049955141,28.400085671449986,26.579567359177545,False,-5.901729343947293,29.94574217435207,1,3,1,33.33333333333333,24.249228178501266,24.249228178501266,2023-07-10,17.45737361651211,2.5426263834878893,历史1/3次成功; 当前距低点2.54%; 最新日涨幅-5.90%; 状态bottom_area; 底部未确认
252,58.42334794774883,50.11319976957047,600793,宜宾纸业,bottom_area,2025-01-06,18.67,2024-12-30,26.93,2025-01-06,18.38,1.5778019586507221,10.44613710554952,31.748978834014114,30.67211288525807,False,-6.086519114688116,6.133948220725731,1,17,1,5.88235294117647,55.33869115958666,55.33869115958666,2022-04-27,18.42219804134928,1.5778019586507221,历史1/17次成功; 当前距低点1.58%; 最新日涨幅-6.09%; 状态bottom_area; 底部未确认
253,58.40253317197907,49.24858618563698,600702,舍得酒业,bottom_area,2025-01-06,56.06,2024-12-10,80.96,2025-01-06,55.7,0.6463195691202862,4.25493716337522,31.20059288537548,30.75592885375493,False,-5.272051368705643,3.077455853428356,4,15,4,26.666666666666668,28.739398583680494,32.20338983050847,1996-12-18; 1997-09-23; 2002-01-23; 2021-06-25,19.353680430879717,0.6463195691202862,历史4/15次成功; 当前距低点0.65%; 最新日涨幅-5.27%; 状态bottom_area; 底部未确认
254,58.06339689783609,51.036191451755585,300654,世纪天鸿,bottom_area,2025-01-06,9.18,2024-12-20,12.72,2025-01-06,8.92,2.9147982062780247,5.381165919282516,29.874213836477992,27.83018867924529,False,-2.027748132337237,3.3574820196402344,2,9,2,22.22222222222222,25.733203260827565,29.61325966850828,2017-11-07; 2023-10-23,17.08520179372198,2.9147982062780247,历史2/9次成功; 当前距低点2.91%; 最新日涨幅-2.03%; 状态bottom_area; 底部未确认
255,58.047214476169536,51.10139394055951,600658,电子城,bottom_area,2025-01-06,4.12,2024-12-04,5.6,2025-01-06,4.0,3.0000000000000027,5.000000000000004,28.571428571428566,26.428571428571423,False,-0.7228915662650715,0.9257498783514805,4,20,4,20.0,31.942978175051174,46.57210401891252,1993-06-07; 2007-10-26; 2022-11-01; 2023-10-24,17.0,3.0000000000000027,历史4/20次成功; 当前距低点3.00%; 最新日涨幅-0.72%; 状态bottom_area; 底部未确认
256,57.854518085068825,51.085824466741805,688202,美迪西,bottom_area,2025-01-06,28.68,2024-12-09,40.8,2025-01-06,27.8,3.1654676258992773,3.884892086330929,31.86274509803921,29.70588235294117,False,1.7021276595744705,1.6967344385838732,1,7,1,14.285714285714285,23.795418261555337,23.795418261555337,2021-11-08,16.834532374100725,3.1654676258992773,历史1/7次成功; 当前距低点3.17%; 最新日涨幅1.70%; 状态bottom_area; 底部未确认
257,57.83645417782479,48.98189710470852,002945,华林证券,bottom_area,2025-01-06,13.73,2024-12-24,19.05,2025-01-06,13.61,0.8817046289493093,4.04114621601764,28.55643044619423,27.926509186351705,False,-1.2230215827338076,1.0144333333333333,1,3,1,33.33333333333333,22.19812002892262,22.19812002892262,2022-04-06,19.118295371050692,0.8817046289493093,历史1/3次成功; 当前距低点0.88%; 最新日涨幅-1.22%; 状态bottom_area; 底部未确认
258,57.78203465049673,52.326649828578894,300648,星云股份,bottom_area,2025-01-06,20.91,2024-12-13,29.6,2025-01-06,20.0,4.550000000000001,6.699999999999999,32.432432432432435,29.358108108108112,False,-0.712250712250706,1.7985949801499785,3,9,3,33.33333333333333,28.641486533578338,37.63644992880873,2018-06-20; 2021-01-11; 2022-02-14,15.45,4.550000000000001,历史3/9次成功; 当前距低点4.55%; 最新日涨幅-0.71%; 状态bottom_area; 底部未确认
259,57.76423081502599,52.053319435138064,002248,华东数控,bottom_area,2025-01-06,7.31,2024-12-06,10.06,2025-01-06,7.01,4.2796005706134075,5.991440798858772,30.31809145129225,27.335984095427442,False,-0.4087193460490468,2.800267661345516,4,12,4,33.33333333333333,23.857394638727442,29.251700680272112,2012-12-03; 2016-03-01; 2018-09-18; 2022-01-28,15.720399429386594,4.2796005706134075,历史4/12次成功; 当前距低点4.28%; 最新日涨幅-0.41%; 状态bottom_area; 底部未确认
260,57.70840291043569,48.59538988638942,600775,南京熊猫,bottom_area,2025-01-06,8.82,2024-12-19,13.01,2025-01-06,8.77,0.5701254275940789,3.9908779931584912,32.590315142198314,32.20599538816295,False,-2.970297029702962,3.3958904512605512,3,18,3,16.666666666666664,35.74521072385616,44.15584415584415,1997-07-08; 2020-02-04; 2022-04-27,19.42987457240592,0.5701254275940789,历史3/18次成功; 当前距低点0.57%; 最新日涨幅-2.97%; 状态bottom_area; 底部未确认
261,57.57890009696869,48.49709893589147,000925,众合科技,bottom_area,2025-01-06,6.91,2024-12-30,9.56,2025-01-06,6.87,0.5822416302765653,5.5312954876273634,28.13807531380753,27.71966527196653,False,-5.471956224350194,4.453940440221423,2,12,2,16.666666666666664,45.58033971105037,68.08375634517766,2009-05-04; 2015-06-30,19.417758369723437,0.5822416302765653,历史2/12次成功; 当前距低点0.58%; 最新日涨幅-5.47%; 状态bottom_area; 底部未确认
262,57.51823674855385,48.46422512789599,688035,德邦科技,bottom_area,2025-01-06,33.38,2024-12-27,46.01,2025-01-06,33.18,0.6027727546714975,6.027727546714889,27.885242338622035,27.450554227341872,False,-4.382698367229998,1.3979190101237347,1,3,1,33.33333333333333,26.2108262108262,26.2108262108262,2024-11-04,19.397227245328505,0.6027727546714975,历史1/3次成功; 当前距低点0.60%; 最新日涨幅-4.38%; 状态bottom_area; 底部未确认
263,57.46457052325392,51.327363221884504,688238,和元生物,bottom_area,2025-01-06,4.65,2024-12-11,6.58,2025-01-06,4.48,3.7946428571428554,4.910714285714279,31.914893617021274,29.331306990881455,False,1.0869565217391353,0.953605392689966,1,5,1,20.0,20.425531914893615,20.425531914893615,2024-10-16,16.205357142857146,3.7946428571428554,历史1/5次成功; 当前距低点3.79%; 最新日涨幅1.09%; 状态bottom_area; 底部未确认
264,57.18793224832978,49.025337915234836,600787,中储股份,bottom_area,2025-01-06,5.91,2024-12-12,8.14,2025-01-06,5.82,1.546391752577317,2.7491408934707926,28.501228501228503,27.395577395577398,False,-0.6722689075630228,1.5577032783000682,1,9,1,11.11111111111111,22.22222222222223,22.22222222222223,2009-03-02,18.453608247422686,1.546391752577317,历史1/9次成功; 当前距低点1.55%; 最新日涨幅-0.67%; 状态bottom_area; 底部未确认
265,56.83474501502337,47.84157469065905,300793,佳禾智能,bottom_area,2025-01-06,16.47,2024-12-27,23.7,2025-01-06,16.38,0.5494505494505486,10.500610500610517,30.886075949367093,30.506329113924053,False,-9.505494505494505,11.177165298119812,1,4,1,25.0,23.598505072076872,23.598505072076872,2020-02-04,19.450549450549453,0.5494505494505486,历史1/4次成功; 当前距低点0.55%; 最新日涨幅-9.51%; 状态bottom_area; 底部未确认
266,56.38894793250365,49.42472699855526,001219,青岛食品,bottom_area,2025-01-06,13.03,2024-12-12,17.55,2025-01-06,12.68,2.760252365930597,4.889589905362784,27.749287749287753,25.75498575498576,False,-1.3626040878122692,2.0624113696666164,1,6,1,16.666666666666664,27.212020033388985,27.212020033388985,2024-01-24,17.239747634069406,2.760252365930597,历史1/6次成功; 当前距低点2.76%; 最新日涨幅-1.36%; 状态bottom_area; 底部未确认
267,56.3809957086845,49.98896421845574,002663,普邦股份,bottom_area,2025-01-06,1.83,2024-12-20,2.45,2025-01-06,1.77,3.3898305084745792,5.649717514124299,27.755102040816332,25.306122448979597,False,-1.6129032258064502,1.9570313386683538,1,9,1,11.11111111111111,66.45569620253163,66.45569620253163,2022-04-27,16.610169491525422,3.3898305084745792,历史1/9次成功; 当前距低点3.39%; 最新日涨幅-1.61%; 状态bottom_area; 底部未确认
268,56.35184424271379,47.50076923076922,300067,安诺其,bottom_area,2025-01-06,4.83,2024-12-31,6.74,2025-01-06,4.8,0.6250000000000052,9.791666666666663,28.783382789317514,28.338278931750743,False,-9.55056179775281,12.586266121251398,2,8,2,25.0,22.692307692307693,24.444444444444436,2012-07-17; 2024-10-11,19.374999999999996,0.6250000000000052,历史2/8次成功; 当前距低点0.63%; 最新日涨幅-9.55%; 状态bottom_area; 底部未确认
269,56.192768103475785,49.32173955813553,000560,我爱我家,bottom_area,2025-01-06,2.9,2024-12-12,3.96,2025-01-06,2.82,2.8368794326241162,6.382978723404261,28.78787878787879,26.767676767676768,False,-4.91803278688524,5.094810688125452,5,26,5,19.230769230769234,32.257121852250066,44.13265306122448,1998-08-18; 2007-06-06; 2011-01-25; 2015-08-04; 2016-01-29,17.163120567375884,2.8368794326241162,历史5/26次成功; 当前距低点2.84%; 最新日涨幅-4.92%; 状态bottom_area; 底部未确认
270,56.10745580231689,46.75621316859741,002277,友阿股份,bottom_area,2025-01-06,4.93,2024-12-27,7.2,2025-01-06,4.93,0.0,10.750507099391486,31.527777777777782,31.527777777777782,False,-10.036496350364976,11.98578816784953,2,8,2,25.0,23.28609230428717,26.255380200860845,2013-06-25; 2015-06-30,20.0,0.0,历史2/8次成功; 当前距低点0.00%; 最新日涨幅-10.04%; 状态bottom_area; 底部未确认
271,55.92560760012835,50.459194827183474,002551,尚荣医疗,bottom_area,2025-01-06,2.88,2024-12-09,4.0,2025-01-06,2.76,4.347826086956526,7.24637681159421,31.000000000000007,28.000000000000004,False,-0.6896551724137945,3.16812182739819,3,13,3,23.076923076923077,38.345367233571736,52.61780104712043,2018-02-07; 2022-04-27; 2024-04-16,15.652173913043477,4.347826086956526,历史3/13次成功; 当前距低点4.35%; 最新日涨幅-0.69%; 状态bottom_area; 底部未确认
272,55.61076202237091,46.90713860335719,600611,大众交通,bottom_area,2025-01-06,6.09,2024-12-13,8.68,2025-01-06,6.05,0.661157024793389,3.6363636363636322,30.29953917050691,29.838709677419356,False,-3.1796502384737746,3.9376417821688166,4,20,4,20.0,30.77729365530172,36.31578947368421,1992-10-27; 1993-02-24; 1993-06-01; 2008-06-18,19.338842975206614,0.661157024793389,历史4/20次成功; 当前距低点0.66%; 最新日涨幅-3.18%; 状态bottom_area; 底部未确认
273,55.44976582801822,48.35055977100641,688173,希荻微,bottom_area,2025-01-06,9.93,2024-12-20,13.68,2025-01-06,9.69,2.4767801857585163,5.263157894736841,29.166666666666668,27.412280701754387,False,-2.263779527559062,1.0804585250141439,1,7,1,14.285714285714285,23.120837297811605,23.120837297811605,2022-10-11,17.523219814241486,2.4767801857585163,历史1/7次成功; 当前距低点2.48%; 最新日涨幅-2.26%; 状态bottom_area; 底部未确认
274,55.372211816377444,50.210989205066014,600833,第一医药,bottom_area,2025-01-06,12.9,2024-12-13,17.66,2025-01-06,12.33,4.622871046228712,5.271695052716954,30.181200453001132,26.953567383918458,False,3.0351437699680517,4.299277737149623,4,19,4,21.052631578947366,22.29529389328864,25.739320920043806,1997-07-08; 2011-07-15; 2013-06-25; 2023-01-13,15.377128953771289,4.622871046228712,历史4/19次成功; 当前距低点4.62%; 最新日涨幅3.04%; 状态bottom_area; 底部未确认
275,55.289632471484865,49.63550143810115,002492,恒基达鑫,bottom_area,2025-01-06,4.6,2024-12-13,6.14,2025-01-06,4.42,4.072398190045242,5.203619909502272,28.013029315960907,25.0814332247557,False,-0.21691973969633072,1.3793920370505652,2,8,2,25.0,26.374028555937095,26.838966202783293,2019-11-01; 2020-02-04,15.927601809954758,4.072398190045242,历史2/8次成功; 当前距低点4.07%; 最新日涨幅-0.22%; 状态bottom_area; 底部未确认
276,54.99411688460129,48.826925189867964,300553,集智股份,bottom_area,2025-01-06,24.48,2024-12-20,33.01,2025-01-06,23.66,3.4657650042265438,6.466610312764163,28.324750075734624,25.84065434716752,False,-1.2505042355788532,1.4209250376928686,2,10,2,20.0,25.424029029594024,27.453271028037385,2017-07-24; 2018-02-09,16.534234995773456,3.4657650042265438,历史2/10次成功; 当前距低点3.47%; 最新日涨幅-1.25%; 状态bottom_area; 底部未确认
277,54.893680916863204,50.06027504996959,000068,华控赛格,bottom_area,2025-01-06,3.19,2024-12-12,4.49,2025-01-06,3.04,4.934210526315787,6.5789473684210575,32.29398663697105,28.953229398663698,False,1.2698412698412653,1.5819560052291761,2,10,2,20.0,27.582123924567654,30.4054054054054,2006-04-24; 2020-02-04,15.065789473684216,4.934210526315787,历史2/10次成功; 当前距低点4.93%; 最新日涨幅1.27%; 状态bottom_area; 底部未确认
278,54.79746637319148,49.392167715075544,603883,老百姓,bottom_area,2025-01-06,15.79,2024-12-12,20.97,2025-01-03,15.14,4.29326287978863,6.53896961690884,27.80162136385312,24.70195517405818,False,3.9499670836076417,3.761334473292879,1,7,1,14.285714285714285,28.5143237841439,28.5143237841439,2015-06-30,15.706737120211372,4.29326287978863,历史1/7次成功; 当前距低点4.29%; 最新日涨幅3.95%; 状态bottom_area; 底部未确认
279,54.69623665758873,49.1260399965613,600819,耀皮玻璃,bottom_area,2025-01-06,5.08,2024-12-13,6.86,2025-01-06,4.88,4.098360655737709,6.147540983606554,28.86297376093295,25.947521865889218,False,0.7936507936507908,1.1771756152394195,2,13,2,15.384615384615385,22.31345318087785,22.83464566929134,1994-08-03; 2021-10-28,15.901639344262291,4.098360655737709,历史2/13次成功; 当前距低点4.10%; 最新日涨幅0.79%; 状态bottom_area; 底部未确认
280,54.67039672272531,49.20335705045278,601996,丰林集团,bottom_area,2025-01-06,1.98,2024-12-12,2.77,2025-01-06,1.9,4.210526315789478,6.315789473684216,31.40794223826715,28.51985559566787,False,-1.492537313432829,1.9069072087203347,1,4,1,25.0,25.74385510996119,25.74385510996119,2015-07-16,15.789473684210522,4.210526315789478,历史1/4次成功; 当前距低点4.21%; 最新日涨幅-1.49%; 状态bottom_area; 底部未确认
281,53.52992807883628,47.31927343985527,603982,泉峰汽车,bottom_area,2025-01-06,7.36,2024-12-20,10.38,2025-01-06,7.13,3.2258064516129092,5.189340813464237,31.310211946050103,29.094412331406556,False,-0.8086253369272156,1.4958463386900909,1,6,1,16.666666666666664,21.599169262720665,21.599169262720665,2022-04-15,16.774193548387093,3.2258064516129092,历史1/6次成功; 当前距低点3.23%; 最新日涨幅-0.81%; 状态bottom_area; 底部未确认
282,53.527324761503536,47.88815844047557,300405,科隆股份,bottom_area,2025-01-06,4.28,2025-01-02,5.75,2025-01-06,4.12,3.883495145631071,8.009708737864079,28.347826086956516,25.565217391304344,False,-3.603603603603611,8.77255363780617,2,10,2,20.0,35.712512755453815,45.682451253481894,2015-07-09; 2020-02-04,16.11650485436893,3.883495145631071,历史2/10次成功; 当前距低点3.88%; 最新日涨幅-3.60%; 状态bottom_area; 底部未确认
283,53.376807117210305,45.145305899773966,603489,八方股份,bottom_area,2025-01-06,21.17,2024-12-24,29.0,2025-01-06,21.0,0.8095238095238176,3.1904761904761982,27.586206896551722,26.999999999999996,False,-2.5322283609576335,1.2659301081328842,1,6,1,16.666666666666664,20.13093289689035,20.13093289689035,2023-06-27,19.190476190476183,0.8095238095238176,历史1/6次成功; 当前距低点0.81%; 最新日涨幅-2.53%; 状态bottom_area; 底部未确认
284,53.12930127328209,48.170566487775766,002029,七匹狼,bottom_area,2025-01-06,6.12,2024-12-03,8.66,2025-01-06,5.85,4.615384615384623,5.982905982905992,32.44803695150116,29.330254041570434,False,0.0,1.8548677287689517,1,6,1,16.666666666666664,20.73643410852714,20.73643410852714,2005-10-28,15.384615384615378,4.615384615384623,历史1/6次成功; 当前距低点4.62%; 最新日涨幅0.00%; 状态bottom_area; 底部未确认
285,52.515445690942485,47.33033656104105,002876,三利谱,bottom_area,2025-01-06,24.08,2024-12-23,34.01,2025-01-06,23.09,4.287570376786481,7.189259419662192,32.10820346956777,29.19729491326081,False,2.250530785562632,4.085896711300176,1,10,1,10.0,26.64514526943133,26.64514526943133,2018-07-02,15.71242962321352,4.287570376786481,历史1/10次成功; 当前距低点4.29%; 最新日涨幅2.25%; 状态bottom_area; 底部未确认
286,52.07660528299557,43.75475075587518,600171,上海贝岭,bottom_area,2025-01-06,33.65,2024-12-24,47.47,2025-01-06,33.5,0.44776119402984654,5.91044776119402,29.429113124078366,29.11312407836528,False,-4.158359441754489,7.174908956342023,2,17,2,11.76470588235294,29.056289288575233,31.741821396993807,2012-12-04; 2024-01-23,19.552238805970156,0.44776119402984654,历史2/17次成功; 当前距低点0.45%; 最新日涨幅-4.16%; 状态bottom_area; 底部未确认
287,52.015669233449536,47.33643539027309,002574,明牌珠宝,bottom_area,2025-01-06,4.35,2024-12-13,5.77,2025-01-06,4.15,4.819277108433717,6.5060240963855325,28.07625649913344,24.610051993067593,False,-0.9111617312072884,1.3234848484848485,1,3,1,33.33333333333333,21.779859484777532,21.779859484777532,2021-11-05,15.180722891566283,4.819277108433717,历史1/3次成功; 当前距低点4.82%; 最新日涨幅-0.91%; 状态bottom_area; 底部未确认
288,51.7450448614938,45.646086992465435,688011,新光光电,bottom_area,2025-01-06,14.25,2024-12-12,19.7,2025-01-06,13.82,3.111432706222863,5.426917510853835,29.847715736040602,27.66497461928934,False,-0.8350730688935215,0.5715289100714913,1,8,1,12.5,20.22932022932022,20.22932022932022,2019-11-26,16.888567293777136,3.111432706222863,历史1/8次成功; 当前距低点3.11%; 最新日涨幅-0.84%; 状态bottom_area; 底部未确认
289,51.36874168935974,43.597352076959396,000886,海南高速,bottom_area,2025-01-06,6.07,2024-12-31,8.58,2025-01-06,6.01,0.998336106489193,7.154742096505834,29.953379953379955,29.25407925407925,False,-3.9556962025316444,3.806652101537248,2,14,2,14.285714285714285,29.496857755977924,38.39285714285713,2016-01-28; 2020-06-29,19.00166389351081,0.998336106489193,历史2/14次成功; 当前距低点1.00%; 最新日涨幅-3.96%; 状态bottom_area; 底部未确认
290,51.27646447669972,45.31773160173157,000965,天保基建,bottom_area,2025-01-06,2.89,2024-12-12,3.84,2025-01-06,2.8,3.214285714285725,3.9285714285714404,27.083333333333336,24.739583333333325,False,-1.0273972602739656,2.468204757537677,1,11,1,9.090909090909092,27.111111111111107,27.111111111111107,2006-08-08,16.785714285714278,3.214285714285725,历史1/11次成功; 当前距低点3.21%; 最新日涨幅-1.03%; 状态bottom_area; 底部未确认
291,51.26040445763355,46.61648123221861,300517,海波重科,bottom_area,2025-01-06,7.89,2024-12-10,10.39,2025-01-06,7.53,4.780876494023897,6.108897742363877,27.526467757459095,24.06159769008663,False,-0.25284450063212116,1.75374530183805,1,6,1,16.666666666666664,36.88286544046467,36.88286544046467,2022-04-27,15.219123505976103,4.780876494023897,历史1/6次成功; 当前距低点4.78%; 最新日涨幅-0.25%; 状态bottom_area; 底部未确认
292,51.008096178995565,46.49823401682828,300448,浩云科技,bottom_area,2025-01-06,5.98,2024-12-20,8.4,2025-01-06,5.7,4.912280701754391,6.491228070175441,32.142857142857146,28.809523809523807,False,-0.4991680532445808,3.2639547984956336,2,9,2,22.22222222222222,25.820851942326513,27.957493358337228,2016-01-14; 2020-07-27,15.087719298245611,4.912280701754391,历史2/9次成功; 当前距低点4.91%; 最新日涨幅-0.50%; 状态bottom_area; 底部未确认
293,50.64361364999862,45.91687637599875,300247,融捷健康,bottom_area,2025-01-06,3.4,2024-12-16,4.77,2025-01-06,3.25,4.615384615384613,7.076923076923077,31.86582809224318,28.721174004192868,False,-0.8746355685131268,1.8455448472855411,2,10,2,20.0,23.87071666169711,25.97864768683274,2016-09-27; 2022-04-27,15.384615384615389,4.615384615384613,历史2/10次成功; 当前距低点4.62%; 最新日涨幅-0.87%; 状态bottom_area; 底部未确认
294,50.220014077643604,45.673517786561256,300948,冠中生态,bottom_area,2025-01-06,8.76,2024-12-10,12.15,2025-01-06,8.36,4.7846889952153155,6.578947368421062,31.193415637860088,27.90123456790124,False,-0.5675368898978461,1.3319114427310164,1,5,1,20.0,24.637681159420286,24.637681159420286,2021-03-11,15.215311004784684,4.7846889952153155,历史1/5次成功; 当前距低点4.78%; 最新日涨幅-0.57%; 状态bottom_area; 底部未确认
295,50.09729901691334,45.25183949145811,301025,读客文化,bottom_area,2025-01-06,8.76,2024-12-20,12.07,2025-01-06,8.39,4.410011918951122,5.959475566150179,30.48881524440762,27.42336371168186,False,-1.1286681715575564,2.1328829165314787,1,6,1,16.666666666666664,24.999999999999993,24.999999999999993,2021-08-02,15.589988081048878,4.410011918951122,历史1/6次成功; 当前距低点4.41%; 最新日涨幅-1.13%; 状态bottom_area; 底部未确认
296,49.62112927239174,44.22256939139294,301001,凯淳股份,bottom_area,2025-01-06,29.08,2025-01-02,38.44,2025-01-06,28.05,3.6720142602495454,10.37433155080214,27.029136316337144,24.349635796045785,False,-6.495176848874607,14.354671968190855,1,6,1,16.666666666666664,20.634920634920633,20.634920634920633,2023-05-26,16.327985739750456,3.6720142602495454,历史1/6次成功; 当前距低点3.67%; 最新日涨幅-6.50%; 状态bottom_area; 底部未确认
