rank,rank_score,probability_score,code,name,current_stage,latest_date,latest_close,current_top_date,current_top_price,current_low_date,current_low_price,current_low_to_latest_pct,current_low_to_high_pct,current_drawdown_pct,close_drawdown_pct,current_is_bottom_confirmed,latest_pct_chg,latest_turn,historical_valid_event_count,history_sample_count,history_success_count,history_success_rate_pct,history_avg_rebound_pct,history_max_rebound_pct,history_success_dates,upside_to_20pct_target_pct,risk_back_to_low_pct,reason
1,97.88535038299307,83.30358795403984,603666,亿嘉和,bottom_area,2024-01-22,22.92,2023-12-29,31.75,2024-01-22,22.66,1.1473962930273678,9.399823477493376,28.62992125984252,27.811023622047237,False,-6.410779910167397,1.4195467595462805,3,3,3,100.0,35.91210485022705,41.10592938041307,2020-06-29; 2022-11-01; 2023-10-24,18.852603706972634,1.1473962930273678,历史3/3次成功; 当前距低点1.15%; 最新日涨幅-6.41%; 状态bottom_area; 底部未确认
2,93.83427607024424,80.9236916942035,002666,德联集团,bottom_area,2024-01-22,4.35,2024-01-03,5.86,2024-01-22,4.27,1.8735362997658096,9.836065573770512,27.13310580204779,25.76791808873721,False,-7.249466950959505,2.940611985646049,3,3,3,100.0,32.018034718653496,51.275510204081634,2014-12-10; 2015-06-30; 2022-04-27,18.12646370023419,1.8735362997658096,历史3/3次成功; 当前距低点1.87%; 最新日涨幅-7.25%; 状态bottom_area; 底部未确认
3,90.58125737076749,77.93909923972438,688337,普源精电,bottom_area,2024-01-22,36.09,2023-11-16,50.68,2024-01-22,35.47,1.7479560191711434,10.769664505215676,30.01183898973954,28.788476716653506,False,-6.332727744614575,1.0357310417640602,2,2,2,100.0,31.09913421201392,33.36842105263158,2022-04-12; 2023-10-26,18.25204398082886,1.7479560191711434,历史2/2次成功; 当前距低点1.75%; 最新日涨幅-6.33%; 状态bottom_area; 底部未确认
4,88.41370706766922,75.47511578947372,603075,热威股份,bottom_area,2024-01-22,20.02,2024-01-10,28.05,2024-01-22,19.76,1.3157894736842004,9.919028340080956,29.554367201426025,28.62745098039216,False,-7.826887661141802,9.337837025138878,1,1,1,100.0,29.221052631578953,29.221052631578953,2023-10-23,18.684210526315802,1.3157894736842004,历史1/1次成功; 当前距低点1.32%; 最新日涨幅-7.83%; 状态bottom_area; 底部未确认
5,87.3203954528707,74.31138945996092,605398,新炬网络,bottom_area,2024-01-22,24.7,2023-12-07,33.52,2024-01-22,24.42,1.1466011466011365,7.698607698607694,27.147971360381863,26.312649164677815,False,-5.617118838364544,0.7258027005984038,1,1,1,100.0,20.890538033395174,20.890538033395174,2022-04-27,18.853398853398865,1.1466011466011365,历史1/1次成功; 当前距低点1.15%; 最新日涨幅-5.62%; 状态bottom_area; 底部未确认
6,86.89813644417121,76.00338579485089,688155,先惠技术,bottom_area,2024-01-22,46.21,2023-12-06,62.35,2024-01-22,45.02,2.643269657929804,11.594846734784536,27.79470729751403,25.88612670408982,False,-6.096321885795575,0.2674080249656949,2,2,2,100.0,31.66688502650995,38.11460912628228,2021-01-13; 2022-04-27,17.356730342070197,2.643269657929804,历史2/2次成功; 当前距低点2.64%; 最新日涨幅-6.10%; 状态bottom_area; 底部未确认
7,85.95971428183414,73.8400678817844,688610,埃科光电,bottom_area,2024-01-22,36.19,2023-12-29,52.3,2024-01-22,35.6,1.6573033707865064,12.162921348314601,31.931166347992345,30.803059273422562,False,-7.913486005089054,2.304031499953507,1,1,1,100.0,24.61677186654644,24.61677186654644,2023-10-27,18.342696629213496,1.6573033707865064,历史1/1次成功; 当前距低点1.66%; 最新日涨幅-7.91%; 状态bottom_area; 底部未确认
8,85.86745354374193,73.01238578680204,300607,拓斯达,bottom_area,2024-01-22,11.95,2023-12-13,16.71,2024-01-22,11.82,1.0998307952622588,10.067681895093058,29.263913824057454,28.485936564931187,False,-8.218125960061451,3.5020505243932716,3,5,3,60.0,54.43447706105011,89.30666666666666,2020-02-04; 2022-04-26; 2022-10-11,18.900169204737743,1.0998307952622588,历史3/5次成功; 当前距低点1.10%; 最新日涨幅-8.22%; 状态bottom_area; 底部未确认
9,85.72219565116502,72.15233991528949,603566,普莱柯,bottom_area,2024-01-22,16.6,2024-01-02,22.85,2024-01-22,16.51,0.5451241671714103,9.024833434282243,27.74617067833698,27.35229759299781,False,-7.880133185349603,2.0787297265722224,2,2,2,100.0,25.081844174410296,29.16368834882059,2018-02-09; 2020-02-04,19.45487583282859,0.5451241671714103,历史2/2次成功; 当前距低点0.55%; 最新日涨幅-7.88%; 状态bottom_area; 底部未确认
10,85.71896349112714,72.56538412946088,688403,汇成股份,bottom_area,2024-01-22,8.22,2023-11-15,11.65,2024-01-22,8.15,0.8588957055214758,7.116564417177915,30.04291845493562,29.442060085836907,False,-5.299539170506906,0.8501337392617744,2,2,2,100.0,31.148743752956115,31.53638814016172,2022-10-11; 2023-05-10,19.141104294478524,0.8588957055214758,历史2/2次成功; 当前距低点0.86%; 最新日涨幅-5.30%; 状态bottom_area; 底部未确认
11,84.57465607584314,71.20601163391656,300395,菲利华,bottom_area,2024-01-22,26.93,2024-01-02,38.05,2024-01-22,26.78,0.5601194921583218,6.422703510082147,29.618922470433635,29.22470433639947,False,-4.90819209039548,1.7503294308699704,4,5,4,80.0,30.177871376545944,45.51181102362204,2015-06-30; 2015-08-26; 2016-01-29; 2020-02-04,19.43988050784168,0.5601194921583218,历史4/5次成功; 当前距低点0.56%; 最新日涨幅-4.91%; 状态bottom_area; 底部未确认
12,84.0598533418938,71.017660572696,688329,艾隆科技,bottom_area,2024-01-22,20.18,2023-11-20,29.09,2024-01-22,20.03,0.748876684972534,8.33749375936095,31.144723272602263,30.62908215881746,False,-7.00460829493087,1.5637305699481865,2,2,2,100.0,21.479029109856874,21.72890326374596,2021-07-28; 2021-09-29,19.251123315027467,0.748876684972534,历史2/2次成功; 当前距低点0.75%; 最新日涨幅-7.00%; 状态bottom_area; 底部未确认
13,84.01146205608683,72.5030425963489,688378,奥来德,bottom_area,2024-01-22,34.65,2024-01-02,48.68,2024-01-22,34.0,1.9117647058823488,11.705882352941167,30.156121610517665,28.820870994248153,False,-7.303370786516861,1.0592187860064974,1,1,1,100.0,20.547667342799194,20.547667342799194,2023-03-02,18.088235294117652,1.9117647058823488,历史1/1次成功; 当前距低点1.91%; 最新日涨幅-7.30%; 状态bottom_area; 底部未确认
14,83.89815826979203,70.55230376457241,688009,中国通号,bottom_area,2024-01-22,4.06,2023-08-30,5.77,2024-01-22,4.04,0.4950495049504845,4.7029702970297125,29.982668977469668,29.636048526863085,False,-3.791469194312802,0.2572364386485964,1,1,1,100.0,32.532347504621065,32.532347504621065,2020-02-03,19.504950495049517,0.4950495049504845,历史1/1次成功; 当前距低点0.50%; 最新日涨幅-3.79%; 状态bottom_area; 底部未确认
15,83.46,69.55,002990,盛视科技,bottom_area,2024-01-22,24.91,2023-12-15,35.66,2024-01-22,24.91,0.0,12.364512244078677,30.145821648906328,30.145821648906328,False,-10.007225433526013,2.4954606931739347,1,1,1,100.0,33.33333333333333,33.33333333333333,2022-04-27,20.0,0.0,历史1/1次成功; 当前距低点0.00%; 最新日涨幅-10.01%; 状态bottom_area; 底部未确认
16,83.4473502849395,70.093357227031,301130,西点药业,bottom_area,2024-01-22,23.2,2023-11-23,32.16,2024-01-22,23.1,0.4329004329004236,8.571428571428557,28.171641791044767,27.86069651741293,False,-7.200000000000006,1.921128268906384,3,4,3,75.0,33.46973233356975,48.044909020518794,2022-02-24; 2022-05-19; 2022-10-11,19.56709956709958,0.4329004329004236,历史3/4次成功; 当前距低点0.43%; 最新日涨幅-7.20%; 状态bottom_area; 底部未确认
17,83.21842388576871,70.17605701863901,688280,精进电动,bottom_area,2024-01-22,6.22,2023-11-29,9.0,2024-01-22,6.18,0.647249190938512,8.090614886731393,31.333333333333336,30.888888888888893,False,-6.325301204819278,0.8370856545911359,1,1,1,100.0,32.37518910741301,32.37518910741301,2021-11-01,19.35275080906149,0.647249190938512,历史1/1次成功; 当前距低点0.65%; 最新日涨幅-6.33%; 状态bottom_area; 底部未确认
18,82.6359190417984,69.64823573816516,300258,精锻科技,bottom_area,2024-01-22,9.76,2023-12-13,14.4,2024-01-22,9.7,0.618556701030933,8.350515463917532,32.63888888888889,32.22222222222222,False,-6.6028708133971215,1.3948269482772968,3,4,3,75.0,33.35239256191224,47.651006711409394,2015-06-30; 2022-04-27; 2023-10-24,19.381443298969067,0.618556701030933,历史3/4次成功; 当前距低点0.62%; 最新日涨幅-6.60%; 状态bottom_area; 底部未确认
19,82.27010027855701,70.06972468614575,002442,龙星科技,bottom_area,2024-01-22,5.1,2024-01-04,7.07,2024-01-22,5.04,1.1904761904761827,9.920634920634921,28.712871287128717,27.86421499292787,False,-7.608695652173914,4.119530897537854,5,8,5,62.5,29.873711830276534,35.84905660377359,2012-12-04; 2015-06-30; 2015-11-30; 2016-01-14; 2022-04-27,18.809523809523817,1.1904761904761827,历史5/8次成功; 当前距低点1.19%; 最新日涨幅-7.61%; 状态bottom_area; 底部未确认
20,82.26629307492078,70.04852677666521,300593,新雷能,bottom_area,2024-01-22,11.18,2023-12-25,15.75,2024-01-22,11.05,1.176470588235285,8.325791855203619,29.841269841269835,29.015873015873016,False,-6.208053691275173,2.6135600580939213,2,3,2,66.66666666666666,37.22695188803755,48.95424836601306,2020-02-04; 2023-10-24,18.823529411764717,1.176470588235285,历史2/3次成功; 当前距低点1.18%; 最新日涨幅-6.21%; 状态bottom_area; 底部未确认
21,82.04147709736772,69.04982945875233,300579,数字认证,bottom_area,2024-01-22,20.42,2023-11-23,30.0,2024-01-22,20.31,0.5416051206302461,8.813392417528325,32.300000000000004,31.93333333333333,False,-7.266121707538586,1.0788821701000575,3,4,3,75.0,29.191877063383338,41.75654853620954,2020-02-04; 2022-02-08; 2022-10-11,19.458394879369756,0.5416051206302461,历史3/4次成功; 当前距低点0.54%; 最新日涨幅-7.27%; 状态bottom_area; 底部未确认
22,81.48512498169613,69.32737900521145,001309,德明利,bottom_area,2024-01-22,68.77,2024-01-02,95.8,2024-01-22,68.0,1.1323529411764648,8.676470588235302,29.0187891440501,28.215031315240086,False,-6.30790190735696,1.155930180805951,2,3,2,66.66666666666666,32.809016367887764,45.392,2022-09-02; 2023-05-10,18.867647058823536,1.1323529411764648,历史2/3次成功; 当前距低点1.13%; 最新日涨幅-6.31%; 状态bottom_area; 底部未确认
23,81.31446061569166,69.5845017493694,002313,日海智能,bottom_area,2024-01-22,8.4,2024-01-02,11.66,2024-01-22,8.28,1.4492753623188528,8.695652173913052,28.98799313893654,27.958833619210978,False,-5.61797752808989,2.248982702048118,5,8,5,62.5,30.43736330890526,47.69520225776104,2013-11-01; 2016-02-01; 2016-03-01; 2018-02-08; 2023-12-26,18.55072463768115,1.4492753623188528,历史5/8次成功; 当前距低点1.45%; 最新日涨幅-5.62%; 状态bottom_area; 底部未确认
24,80.82506802382689,68.42026142064961,605158,华达新材,bottom_area,2024-01-22,7.06,2024-01-09,9.59,2024-01-22,7.0,0.8571428571428517,8.571428571428566,27.00729927007299,26.38164754953076,False,-6.117021276595747,2.8171170466544133,1,1,1,100.0,25.5083179297597,25.5083179297597,2022-04-27,19.14285714285715,0.8571428571428517,历史1/1次成功; 当前距低点0.86%; 最新日涨幅-6.12%; 状态bottom_area; 底部未确认
25,80.52743607966514,68.31468755083962,301207,华兰疫苗,bottom_area,2024-01-22,22.8,2023-12-04,32.56,2024-01-22,22.58,0.9743135518157771,7.351638618246237,30.65110565110566,29.97542997542998,False,-5.668183698800167,0.44262181858999466,1,1,1,100.0,26.377002413868777,26.377002413868777,2022-08-02,19.025686448184224,0.9743135518157771,历史1/1次成功; 当前距低点0.97%; 最新日涨幅-5.67%; 状态bottom_area; 底部未确认
26,80.48043770861665,67.95373496430675,300267,尔康制药,bottom_area,2024-01-22,2.81,2023-11-20,3.93,2024-01-22,2.79,0.7168458781362014,7.1684587813620135,29.007633587786263,28.498727735368956,False,-6.333333333333336,1.4624026905768512,3,4,3,75.0,25.447008421813305,32.64653641207817,2015-06-30; 2015-07-03; 2015-08-25,19.2831541218638,0.7168458781362014,历史3/4次成功; 当前距低点0.72%; 最新日涨幅-6.33%; 状态bottom_area; 底部未确认
27,80.24775239647272,68.18670627736,300188,国投智能,bottom_area,2024-01-22,11.42,2024-01-02,16.4,2024-01-22,11.3,1.0619469026548602,8.849557522123893,31.097560975609746,30.36585365853658,False,-6.393442622950818,1.59375371558037,3,5,3,60.0,23.591103308672455,24.54545454545454,2013-12-23; 2015-09-08; 2022-04-26,18.938053097345144,1.0619469026548602,历史3/5次成功; 当前距低点1.06%; 最新日涨幅-6.39%; 状态bottom_area; 底部未确认
28,79.63562582919332,67.9076538492698,603121,华培动力,bottom_area,2024-01-22,8.06,2024-01-08,11.19,2024-01-22,7.96,1.2562814070351824,7.788944723618092,28.865058087578195,27.971403038427162,False,-4.840613931523019,3.3553231577865152,3,5,3,60.0,24.472986329623662,26.97525937749402,2019-05-08; 2020-02-04; 2020-06-29,18.743718592964818,1.2562814070351824,历史3/5次成功; 当前距低点1.26%; 最新日涨幅-4.84%; 状态bottom_area; 底部未确认
29,79.42382718421116,67.94477506656,688579,地纬智能,bottom_area,2024-01-22,9.21,2023-12-29,12.9,2024-01-22,9.08,1.4317180616740173,11.013215859030836,29.612403100775197,28.604651162790695,False,-7.807807807807798,1.5166620834479136,2,3,2,66.66666666666666,29.04529881994672,36.901408450704245,2020-09-11; 2022-10-11,18.568281938325985,1.4317180616740173,历史2/3次成功; 当前距低点1.43%; 最新日涨幅-7.81%; 状态bottom_area; 底部未确认
30,78.25576772389623,66.58904036488465,002362,汉王科技,bottom_area,2024-01-22,19.52,2024-01-08,27.2,2024-01-22,19.3,1.1398963730569889,11.139896373056986,29.04411764705882,28.235294117647058,False,-8.14117647058824,6.68815393033725,6,11,6,54.54545454545454,27.7751930840667,47.466666666666676,2010-09-30; 2011-01-27; 2012-12-04; 2013-10-29; 2015-07-29; 2018-02-07,18.860103626943012,1.1398963730569889,历史6/11次成功; 当前距低点1.14%; 最新日涨幅-8.14%; 状态bottom_area; 底部未确认
31,78.14515652865222,66.38433344144765,002957,科瑞技术,bottom_area,2024-01-22,14.45,2023-12-29,19.68,2024-01-22,14.3,1.048951048951039,9.93006993006993,27.337398373983735,26.575203252032527,False,-6.894329896907214,2.1895548449246256,2,4,2,50.0,35.40828942503236,43.38602329450915,2020-02-04; 2023-08-25,18.951048951048964,1.048951048951039,历史2/4次成功; 当前距低点1.05%; 最新日涨幅-6.89%; 状态bottom_area; 底部未确认
32,77.75443079693945,65.04945844449837,301263,泰恩康,bottom_area,2024-01-22,14.08,2023-11-17,20.5,2024-01-22,14.05,0.2135231316725933,5.622775800711737,31.463414634146336,31.317073170731707,False,-5.376344086021511,1.0071004541631479,2,3,2,66.66666666666666,38.385078054006485,47.88621098380087,2022-04-01; 2022-10-12,19.78647686832741,0.2135231316725933,历史2/3次成功; 当前距低点0.21%; 最新日涨幅-5.38%; 状态bottom_area; 底部未确认
33,77.73109303677643,66.09006619320166,600812,华北制药,bottom_area,2024-01-22,4.61,2023-11-30,6.66,2024-01-22,4.56,1.096491228070191,8.114035087719301,31.531531531531538,30.780780780780777,False,-6.300813008130069,0.8402194619383109,7,16,7,43.75,47.95062469463277,93.5275080906149,1994-03-11; 1994-08-10; 1994-08-30; 1998-08-18; 2012-01-06; 2012-12-04; 2020-03-19,18.90350877192981,1.096491228070191,历史7/16次成功; 当前距低点1.10%; 最新日涨幅-6.30%; 状态bottom_area; 底部未确认
34,77.10623637450418,65.74950388523611,002330,得利斯,bottom_area,2024-01-22,4.84,2023-12-06,6.61,2024-01-22,4.78,1.2552301255230043,7.740585774058579,27.685325264750375,26.777609682299552,False,-6.0194174757281615,1.7765746484278426,3,7,3,42.857142857142854,68.35845891996996,148.3574244415243,2015-09-08; 2018-10-19; 2020-02-04,18.744769874476997,1.2552301255230043,历史3/7次成功; 当前距低点1.26%; 最新日涨幅-6.02%; 状态bottom_area; 底部未确认
35,76.67165289437649,65.09240156135205,300016,北陆药业,bottom_area,2024-01-22,5.97,2023-11-13,8.32,2024-01-22,5.91,1.0152284263959324,8.9678510998308,28.966346153846157,28.245192307692314,False,-7.298136645962739,1.3133005262242508,4,8,4,50.0,28.049045019004154,32.639999999999986,2010-02-03; 2015-08-04; 2017-01-17; 2022-04-27,18.98477157360407,1.0152284263959324,历史4/8次成功; 当前距低点1.02%; 最新日涨幅-7.30%; 状态bottom_area; 底部未确认
36,76.38258335197129,65.12620264747025,300200,高盟新材,bottom_area,2024-01-22,6.48,2024-01-02,8.87,2024-01-22,6.4,1.250000000000001,7.656249999999989,27.846674182638097,26.944757609921073,False,-5.539358600583089,2.2453288666603757,4,8,4,50.0,31.108616384248677,51.32924335378325,2015-06-30; 2016-01-14; 2018-10-12; 2020-02-04,18.75,1.250000000000001,历史4/8次成功; 当前距低点1.25%; 最新日涨幅-5.54%; 状态bottom_area; 底部未确认
37,76.32718726309925,66.27779999767708,688609,九联科技,bottom_area,2024-01-22,10.46,2024-01-15,14.38,2024-01-22,10.23,2.2482893450635424,9.970674486803514,28.859527121001392,27.260083449235044,False,-6.8566340160284955,6.99262,2,3,2,66.66666666666666,30.092650740619796,30.853994490358133,2021-06-16; 2022-04-27,17.75171065493646,2.2482893450635424,历史2/3次成功; 当前距低点2.25%; 最新日涨幅-6.86%; 状态bottom_area; 底部未确认
38,76.23760720697584,64.43482315650996,300647,超频三,bottom_area,2024-01-22,5.23,2023-11-22,7.67,2024-01-22,5.19,0.7707129094412337,7.899807321772625,32.33376792698826,31.812255541069096,False,-6.104129263913826,2.233039789947646,4,7,4,57.14285714285714,45.878909470239556,87.33286418015481,2018-02-07; 2018-07-09; 2019-05-06; 2022-04-27,19.229287090558767,0.7707129094412337,历史4/7次成功; 当前距低点0.77%; 最新日涨幅-6.10%; 状态bottom_area; 底部未确认
39,76.20307051655998,64.66483521371977,600509,天富能源,bottom_area,2024-01-22,5.1,2023-12-12,7.08,2024-01-22,5.05,0.9900990099009866,5.940594059405938,28.672316384180796,27.966101694915256,False,-4.672897196261683,1.0960585793114095,8,12,8,66.66666666666666,29.16986177219013,39.936102236421725,2005-07-19; 2007-06-26; 2007-11-13; 2009-08-20; 2018-07-20; 2019-05-06; 2020-02-04; 2022-01-28,19.009900990099016,0.9900990099009866,历史8/12次成功; 当前距低点0.99%; 最新日涨幅-4.67%; 状态bottom_area; 底部未确认
40,76.07676649020844,64.89622074325948,603392,万泰生物,bottom_area,2024-01-22,63.5,2024-01-08,88.0,2024-01-22,62.7,1.275917065390745,7.145135566188205,28.749999999999996,27.84090909090909,False,-5.520011902990618,1.1685767155529445,2,4,2,50.0,30.189847593281584,34.871138518820196,2021-09-17; 2022-05-31,18.724082934609257,1.275917065390745,历史2/4次成功; 当前距低点1.28%; 最新日涨幅-5.52%; 状态bottom_area; 底部未确认
41,75.90855380934057,63.68167265884275,000541,佛山照明,bottom_area,2024-01-22,5.5,2023-11-15,7.88,2024-01-22,5.48,0.3649635036496272,6.751824817518233,30.456852791878163,30.20304568527919,False,-6.1433447098976135,1.1273595294778846,8,13,8,61.53846153846154,27.33220132883818,46.76616915422888,1994-02-01; 1996-01-25; 2006-04-25; 2007-06-08; 2007-06-26; 2008-04-17; 2015-07-06; 2020-06-12,19.635036496350374,0.3649635036496272,历史8/13次成功; 当前距低点0.36%; 最新日涨幅-6.14%; 状态bottom_area; 底部未确认
42,75.66087596135135,64.65014768393172,300151,昌红科技,bottom_area,2024-01-22,14.08,2023-12-04,19.85,2024-01-22,13.89,1.367890568754496,10.871130309575232,30.025188916876576,29.068010075566757,False,-7.973856209150332,1.218721208966204,4,8,4,50.0,29.99429129404283,40.46890927624871,2012-12-04; 2016-03-01; 2017-01-17; 2022-03-09,18.632109431245507,1.367890568754496,历史4/8次成功; 当前距低点1.37%; 最新日涨幅-7.97%; 状态bottom_area; 底部未确认
43,75.63360515935513,65.05818891818616,002337,赛象科技,bottom_area,2024-01-22,4.7,2024-01-11,6.42,2024-01-22,4.62,1.731601731601733,8.874458874458877,28.037383177570092,26.791277258566975,False,-5.999999999999995,3.784954602858887,4,8,4,50.0,36.6464562700974,60.465116279069754,2013-06-25; 2015-05-07; 2019-02-01; 2022-08-08,18.26839826839827,1.731601731601733,历史4/8次成功; 当前距低点1.73%; 最新日涨幅-6.00%; 状态bottom_area; 底部未确认
44,75.43929793713363,63.091849455530735,301166,优宁维,bottom_area,2024-01-22,30.74,2023-11-08,44.54,2024-01-22,30.68,0.19556714471968295,8.767926988265964,31.11809609339919,30.983385720700497,False,-7.881330536409948,1.7039906297907093,2,4,2,50.0,47.08463734135277,61.69565217391303,2022-04-27; 2022-10-11,19.804432855280318,0.19556714471968295,历史2/4次成功; 当前距低点0.20%; 最新日涨幅-7.88%; 状态bottom_area; 底部未确认
45,75.38349780086563,64.0415997822812,688286,敏芯股份,bottom_area,2024-01-22,49.0,2024-01-04,67.28,2024-01-22,48.49,1.051763250154667,10.12579913384202,27.92806183115339,27.170035671819264,False,-7.634307257304429,1.838750768984745,2,4,2,50.0,22.847419315235673,25.016501650165008,2023-05-10; 2023-08-25,18.948236749845336,1.051763250154667,历史2/4次成功; 当前距低点1.05%; 最新日涨幅-7.63%; 状态bottom_area; 底部未确认
46,75.19741735529259,63.94148678414098,300508,维宏股份,bottom_area,2024-01-22,22.95,2023-11-21,32.05,2024-01-22,22.7,1.1013215859030838,9.603524229074889,29.173166926677062,28.393135725429016,False,-6.28828093099224,2.011013163915678,3,8,3,37.5,55.003410251403395,92.9530201342282,2018-02-06; 2018-10-12; 2021-08-18,18.898678414096917,1.1013215859030838,历史3/8次成功; 当前距低点1.10%; 最新日涨幅-6.29%; 状态bottom_area; 底部未确认
47,74.92455458347814,62.674041002047076,002439,启明星辰,bottom_area,2024-01-22,19.4,2024-01-02,27.21,2024-01-22,19.36,0.20661157024792948,7.438016528925627,28.849687614847486,28.702682837192217,False,-6.2801932367149815,1.461914825859124,4,7,4,57.14285714285714,29.49754813785449,49.76470588235294,2015-07-03; 2015-09-02; 2016-03-01; 2021-10-28,19.79338842975207,0.20661157024792948,历史4/7次成功; 当前距低点0.21%; 最新日涨幅-6.28%; 状态bottom_area; 底部未确认
48,74.91210555505211,67.6904890392864,688296,和达科技,bottom_area,2024-01-22,13.91,2024-01-02,18.26,2024-01-22,13.32,4.429429429429428,12.612612612612612,27.053669222343924,23.82256297918949,False,-6.581598388179987,1.5861338990115907,1,1,1,100.0,25.535420098846778,25.535420098846778,2022-10-11,15.570570570570574,4.429429429429428,历史1/1次成功; 当前距低点4.43%; 最新日涨幅-6.58%; 状态bottom_area; 底部未确认
49,74.66910892949483,63.985205158264925,300636,同和药业,bottom_area,2024-01-22,8.66,2023-11-20,12.05,2024-01-22,8.53,1.524032825322401,10.316529894490046,29.211618257261417,28.13278008298756,False,-7.5773745997865465,0.7699852313135285,2,5,2,40.0,78.42120189867751,122.63187748156552,2021-01-13; 2022-04-27,18.4759671746776,1.524032825322401,历史2/5次成功; 当前距低点1.52%; 最新日涨幅-7.58%; 状态bottom_area; 底部未确认
50,74.54467361261244,63.80114711556598,601800,中国交建,bottom_area,2024-01-22,6.96,2023-08-28,10.1,2024-01-18,6.86,1.4577259475218607,4.373177842565594,32.07920792079207,31.08910891089109,False,-2.384291725105192,0.3001256499294313,1,2,1,50.0,49.64925954793452,49.64925954793452,2015-07-03,18.54227405247814,1.4577259475218607,历史1/2次成功; 当前距低点1.46%; 最新日涨幅-2.38%; 状态bottom_area; 底部未确认
51,74.42909474250371,62.71063063063064,300287,飞利信,bottom_area,2024-01-22,3.35,2023-11-14,4.91,2024-01-22,3.33,0.6006006006006012,8.108108108108109,32.17922606924644,31.771894093686353,False,-6.424581005586594,1.9474387620758433,3,6,3,50.0,50.26388462886463,108.78787878787878,2014-03-12; 2019-02-01; 2021-02-04,19.3993993993994,0.6006006006006012,历史3/6次成功; 当前距低点0.60%; 最新日涨幅-6.42%; 状态bottom_area; 底部未确认
52,74.06741630941015,62.34275225769229,688107,安路科技,bottom_area,2024-01-22,29.5,2023-12-12,41.4,2024-01-22,29.34,0.5453306066803004,6.850715746421273,29.130434782608695,28.743961352657006,False,-5.083655083655081,0.3204195777618719,2,4,2,50.0,47.34465613399662,67.95615731785945,2022-04-27; 2023-08-29,19.4546693933197,0.5453306066803004,历史2/4次成功; 当前距低点0.55%; 最新日涨幅-5.08%; 状态bottom_area; 底部未确认
53,74.02719979144382,62.674213659906464,300078,思创智联,bottom_area,2024-01-22,3.5,2023-11-21,5.08,2024-01-22,3.47,0.8645533141210318,9.221902017291061,31.69291338582677,31.10236220472441,False,-6.666666666666665,1.1133793962135832,5,8,5,62.5,25.95642589302377,31.703356189101395,2015-06-30; 2015-07-03; 2015-08-26; 2018-02-07; 2022-10-11,19.13544668587897,0.8645533141210318,历史5/8次成功; 当前距低点0.86%; 最新日涨幅-6.67%; 状态bottom_area; 底部未确认
54,74.0148600826078,62.939365023806836,600343,航天动力,bottom_area,2024-01-22,8.24,2024-01-04,11.23,2024-01-22,8.15,1.1042944785276054,8.343558282208585,27.426536064113982,26.625111308993766,False,-6.469920544835417,1.2637290884292185,9,21,9,42.857142857142854,33.04154765280218,55.72413793103447,2005-07-19; 2008-04-02; 2008-11-03; 2009-08-19; 2009-09-02; 2015-06-30; 2020-02-04; 2022-02-07; 2022-04-27,18.895705521472394,1.1042944785276054,历史9/21次成功; 当前距低点1.10%; 最新日涨幅-6.47%; 状态bottom_area; 底部未确认
55,74.00501801837258,62.8922731448899,002347,泰尔股份,bottom_area,2024-01-22,4.72,2024-01-12,6.76,2024-01-22,4.67,1.0706638115631655,8.779443254817991,30.917159763313606,30.177514792899412,False,-6.34920634920636,10.27935928944638,4,9,4,44.44444444444444,28.936965183563473,33.1444759206799,2017-04-27; 2018-02-07; 2020-02-04; 2022-04-26,18.929336188436835,1.0706638115631655,历史4/9次成功; 当前距低点1.07%; 最新日涨幅-6.35%; 状态bottom_area; 底部未确认
56,73.81418736994412,63.03029240184861,300353,东土科技,bottom_area,2024-01-22,7.61,2023-12-04,10.97,2024-01-22,7.51,1.3315579227696475,9.187749667110513,31.54056517775753,30.628988149498632,False,-6.396063960639609,1.890729849888999,2,4,2,50.0,20.840024009480672,21.377672209026137,2022-04-11; 2023-10-24,18.668442077230356,1.3315579227696475,历史2/4次成功; 当前距低点1.33%; 最新日涨幅-6.40%; 状态bottom_area; 底部未确认
57,73.7689244778868,62.70358580620379,300253,卫宁健康,bottom_area,2024-01-22,5.61,2023-12-11,7.89,2024-01-22,5.55,1.0810810810810902,7.747747747747759,29.65779467680608,28.897338403041818,False,-6.030150753768837,1.6260805579852062,4,9,4,44.44444444444444,28.050212687943915,31.17713426100039,2015-07-03; 2015-09-02; 2020-06-22; 2022-04-27,18.918918918918912,1.0810810810810902,历史4/9次成功; 当前距低点1.08%; 最新日涨幅-6.03%; 状态bottom_area; 底部未确认
58,73.63412555610478,62.668,603273,天元智能,bottom_area,2024-01-22,20.23,2024-01-12,28.88,2024-01-22,20.0,1.1500000000000021,8.000000000000007,30.747922437673125,29.951523545706365,False,-6.125290023201857,13.166269828826662,1,2,1,50.0,201.34228187919464,201.34228187919464,2023-10-24,18.85,1.1500000000000021,历史1/2次成功; 当前距低点1.15%; 最新日涨幅-6.13%; 状态bottom_area; 底部未确认
59,73.54787576707976,62.23599366762432,300381,溢多利,bottom_area,2024-01-22,6.03,2023-10-31,8.27,2024-01-22,5.98,0.8361204013377896,9.531772575250825,27.69044740024183,27.085852478839172,False,-6.656346749226005,1.4119876209157733,3,5,3,60.0,28.668538616529432,33.457711442786085,2015-09-02; 2018-02-02; 2019-11-12,19.163879598662213,0.8361204013377896,历史3/5次成功; 当前距低点0.84%; 最新日涨幅-6.66%; 状态bottom_area; 底部未确认
60,73.49636308775487,62.026733894469054,002877,智能自控,bottom_area,2024-01-22,8.75,2024-01-10,12.21,2024-01-22,8.69,0.6904487917146203,11.047180667433842,28.82882882882884,28.337428337428346,False,-8.37696335078535,6.23729262807905,3,6,3,50.0,47.42450075042143,92.04892966360853,2018-02-07; 2018-06-01; 2020-02-04,19.30955120828538,0.6904487917146203,历史3/6次成功; 当前距低点0.69%; 最新日涨幅-8.38%; 状态bottom_area; 底部未确认
61,73.3913122406171,62.738997977304464,300034,钢研高纳,bottom_area,2024-01-22,16.02,2024-01-02,21.69,2024-01-22,15.8,1.392405063291132,7.215189873417725,27.15537113877363,26.14107883817428,False,-5.542452830188682,1.3246478065609146,4,9,4,44.44444444444444,32.0568301639631,44.0983606557377,2015-07-29; 2016-01-14; 2016-05-19; 2020-02-04,18.607594936708868,1.392405063291132,历史4/9次成功; 当前距低点1.39%; 最新日涨幅-5.54%; 状态bottom_area; 底部未确认
62,73.31792143232101,62.31928177805639,600610,中毅达,bottom_area,2024-01-22,6.55,2024-01-08,9.33,2024-01-22,6.48,1.0802469135802375,9.41358024691357,30.546623794212213,29.79635584137192,False,-7.616361071932298,4.857288301577808,10,24,10,41.66666666666667,31.99235523845516,43.902439024390254,1992-09-08; 1993-03-10; 1994-03-10; 1994-07-25; 1994-08-10; 2005-12-06; 2015-06-30; 2016-12-13; 2023-07-12; 2023-10-27,18.919753086419764,1.0802469135802375,历史10/24次成功; 当前距低点1.08%; 最新日涨幅-7.62%; 状态bottom_area; 底部未确认
63,73.2937773150563,62.17416672729084,002676,顺威股份,bottom_area,2024-01-22,4.16,2023-11-21,5.83,2024-01-22,4.12,0.9708737864077678,8.009708737864079,29.331046312178387,28.644939965694682,False,-6.3063063063063085,1.516271744552421,3,5,3,60.0,29.987951399465256,39.33333333333333,2020-02-04; 2022-03-09; 2022-04-27,19.029126213592235,0.9708737864077678,历史3/5次成功; 当前距低点0.97%; 最新日涨幅-6.31%; 状态bottom_area; 底部未确认
64,73.21617497206147,62.57043464648222,301181,标榜股份,bottom_area,2024-01-22,22.84,2023-11-29,31.67,2024-01-22,22.53,1.375943186861956,8.699511762094971,28.860119987369753,27.881275655194194,False,-6.046894282188397,1.0256270655585102,2,5,2,40.0,40.578414583481106,50.795180722891565,2022-04-27; 2022-08-08,18.624056813138047,1.375943186861956,历史2/5次成功; 当前距低点1.38%; 最新日涨幅-6.05%; 状态bottom_area; 底部未确认
65,73.1750456677913,61.96708580114875,300032,金龙机电,bottom_area,2024-01-22,4.6,2024-01-02,6.39,2024-01-22,4.56,0.8771929824561412,8.55263157894738,28.638497652582164,28.012519561815342,False,-6.882591093117418,2.400738246932004,4,7,4,57.14285714285714,33.916743938587715,52.14007782101169,2015-06-30; 2015-09-16; 2019-01-31; 2020-09-10,19.12280701754386,0.8771929824561412,历史4/7次成功; 当前距低点0.88%; 最新日涨幅-6.88%; 状态bottom_area; 底部未确认
66,73.08423403785339,61.84691434035471,002997,瑞鹄模具,bottom_area,2024-01-22,25.24,2023-12-12,36.1,2024-01-22,25.03,0.838993208150209,8.669596484218928,30.66481994459834,30.083102493074797,False,-6.275529149647241,2.0955821600147275,2,3,2,66.66666666666666,28.83415154984148,36.67279411764704,2022-04-27; 2022-08-08,19.16100679184979,0.838993208150209,历史2/3次成功; 当前距低点0.84%; 最新日涨幅-6.28%; 状态bottom_area; 底部未确认
67,73.01134390268045,61.51609710110149,002081,金螳螂,bottom_area,2024-01-22,3.35,2023-09-04,4.76,2024-01-22,3.33,0.6006006006006012,7.2072072072072,30.042016806722682,29.621848739495793,False,-6.1624649859943865,0.8461739824210115,3,5,3,60.0,21.91111005629487,22.905457340507308,2013-07-29; 2015-08-26; 2018-07-06,19.3993993993994,0.6006006006006012,历史3/5次成功; 当前距低点0.60%; 最新日涨幅-6.16%; 状态bottom_area; 底部未确认
68,72.92882300407788,61.58126420647941,002946,新乳业,bottom_area,2024-01-22,9.79,2023-10-30,14.32,2024-01-22,9.72,0.7201646090534826,7.716049382716049,32.12290502793296,31.63407821229051,False,-6.673021925643486,0.8069767785709608,2,3,2,66.66666666666666,25.94931638954131,30.857740585774053,2019-05-06; 2020-02-04,19.279835390946516,0.7201646090534826,历史2/3次成功; 当前距低点0.72%; 最新日涨幅-6.67%; 状态bottom_area; 底部未确认
69,72.8427714719006,63.767278632778556,002495,佳隆股份,bottom_area,2024-01-22,2.67,2024-01-03,3.61,2024-01-22,2.6,2.6923076923076863,10.769230769230761,27.97783933518005,26.038781163434905,False,-7.61245674740485,4.444270212413589,5,9,5,55.55555555555556,29.4454370018881,38.07339449541283,2011-08-09; 2012-12-04; 2015-06-23; 2015-07-16; 2022-04-27,17.307692307692317,2.6923076923076863,历史5/9次成功; 当前距低点2.69%; 最新日涨幅-7.61%; 状态bottom_area; 底部未确认
70,72.6844284134981,62.095011306726086,600575,淮河能源,bottom_area,2024-01-22,2.24,2023-09-05,3.11,2024-01-22,2.21,1.3574660633484277,5.882352941176466,28.938906752411576,27.97427652733118,False,-4.273504273504258,0.565908989480972,3,8,3,37.5,43.212548016991946,49.508196721311464,2008-03-18; 2008-04-22; 2022-04-27,18.642533936651574,1.3574660633484277,历史3/8次成功; 当前距低点1.36%; 最新日涨幅-4.27%; 状态bottom_area; 底部未确认
71,72.67275747001155,62.91731583240882,301308,江波龙,bottom_area,2024-01-22,71.46,2023-12-14,100.0,2024-01-22,70.0,2.085714285714277,7.900000000000001,30.0,28.540000000000003,False,-3.9516129032258207,1.4059156872407155,2,4,2,50.0,29.477120450738543,32.89363484087102,2022-08-09; 2022-10-12,17.914285714285725,2.085714285714277,历史2/4次成功; 当前距低点2.09%; 最新日涨幅-3.95%; 状态bottom_area; 底部未确认
72,72.55616550097719,61.73809406369083,000868,安凯客车,bottom_area,2024-01-22,4.44,2023-12-12,6.02,2024-01-22,4.39,1.1389521640091278,8.42824601366743,27.07641196013289,26.245847176079725,False,-4.925053533190571,1.6691213795535214,5,14,5,35.714285714285715,42.484128251475795,69.53846153846153,2009-08-19; 2010-07-02; 2018-06-22; 2020-02-07; 2022-04-27,18.861047835990874,1.1389521640091278,历史5/14次成功; 当前距低点1.14%; 最新日涨幅-4.93%; 状态bottom_area; 底部未确认
73,72.31214931020891,61.915600000000005,688246,嘉和美康,bottom_area,2024-01-22,25.37,2023-12-29,35.01,2024-01-22,25.0,1.480000000000004,9.439999999999998,28.591830905455577,27.53499000285632,False,-7.035544155368257,0.6310253595684221,1,2,1,50.0,58.0508474576271,58.0508474576271,2023-10-24,18.519999999999996,1.480000000000004,历史1/2次成功; 当前距低点1.48%; 最新日涨幅-7.04%; 状态bottom_area; 底部未确认
74,72.30499979774694,61.892722323782145,000069,华侨城A,bottom_area,2024-01-22,2.77,2023-11-08,3.82,2024-01-22,2.73,1.4652014652014667,6.593406593406599,28.534031413612563,27.486910994764397,False,-4.152249134948105,0.7271082011817068,7,16,7,43.75,29.90393367979293,42.51893939393939,1999-07-19; 2007-06-05; 2008-01-22; 2008-07-17; 2008-09-12; 2012-05-28; 2015-08-26,18.534798534798536,1.4652014652014667,历史7/16次成功; 当前距低点1.47%; 最新日涨幅-4.15%; 状态bottom_area; 底部未确认
75,72.20024085219272,61.97023397395287,600626,申达股份,bottom_area,2024-01-22,3.15,2023-12-29,4.42,2024-01-22,3.1,1.6129032258064457,8.387096774193541,29.86425339366516,28.73303167420815,False,-5.405405405405405,1.1737590560287607,7,17,7,41.17647058823529,37.70718108458461,58.98617511520739,1993-03-10; 1994-03-10; 1994-10-05; 2005-07-22; 2012-07-17; 2015-05-07; 2018-02-09,18.387096774193555,1.6129032258064457,历史7/17次成功; 当前距低点1.61%; 最新日涨幅-5.41%; 状态bottom_area; 底部未确认
76,72.15764872697449,61.47961102298274,002366,融发核电,bottom_area,2024-01-22,4.18,2024-01-03,5.79,2024-01-22,4.13,1.2106537530266301,7.263922518159801,28.670120898100176,27.80656303972367,False,-4.783599088838264,0.893497909693772,4,10,4,40.0,32.68764290259925,40.98477640342532,2015-06-30; 2015-07-06; 2015-09-16; 2022-05-16,18.78934624697337,1.2106537530266301,历史4/10次成功; 当前距低点1.21%; 最新日涨幅-4.78%; 状态bottom_area; 底部未确认
77,72.05602460282532,61.493129330634765,600536,中国软件,bottom_area,2024-01-22,26.5,2023-12-27,37.17,2024-01-22,26.16,1.2996941896024459,6.498470948012229,29.62066182405166,28.7059456550982,False,-4.504504504504503,2.1788740152142885,8,20,8,40.0,33.85178539208785,76.7116271128564,2005-06-06; 2010-05-21; 2012-12-04; 2015-06-30; 2016-03-01; 2019-05-07; 2020-02-04; 2020-11-02,18.700305810397555,1.2996941896024459,历史8/20次成功; 当前距低点1.30%; 最新日涨幅-4.50%; 状态bottom_area; 底部未确认
78,71.98041161554225,61.00034882673072,002761,浙江建投,bottom_area,2024-01-22,8.8,2023-10-25,12.88,2024-01-22,8.72,0.9174311926605512,6.880733944954123,32.298136645962735,31.67701863354037,False,-5.579399141630892,1.6302718486118695,3,6,3,50.0,44.68866637632674,60.40955631399317,2019-01-31; 2019-08-15; 2022-05-25,19.08256880733945,0.9174311926605512,历史3/6次成功; 当前距低点0.92%; 最新日涨幅-5.58%; 状态bottom_area; 底部未确认
79,71.82218123732952,60.94509234851444,301215,中汽股份,bottom_area,2024-01-22,5.11,2023-12-04,7.1,2024-01-22,5.06,0.9881422924901326,8.300395256917014,28.732394366197184,28.028169014084497,False,-6.58135283363801,0.9446687840290381,2,3,2,66.66666666666666,25.813925315727303,28.03234501347709,2022-03-15; 2022-04-27,19.01185770750987,0.9881422924901326,历史2/3次成功; 当前距低点0.99%; 最新日涨幅-6.58%; 状态bottom_area; 底部未确认
80,71.80272777665515,61.652811536553706,002397,梦洁股份,bottom_area,2024-01-22,3.11,2024-01-02,4.43,2024-01-22,3.06,1.6339869281045694,10.784313725490199,30.925507900677196,29.79683972911964,False,-8.259587020648972,3.3359055107380438,3,7,3,42.857142857142854,32.617597640879325,42.36641221374045,2015-06-30; 2020-05-27; 2022-04-28,18.36601307189543,1.6339869281045694,历史3/7次成功; 当前距低点1.63%; 最新日涨幅-8.26%; 状态bottom_area; 底部未确认
81,71.65771531898801,60.603615797520305,002657,中科金财,bottom_area,2024-01-22,15.0,2023-12-04,21.44,2024-01-22,14.88,0.8064516129032205,9.54301075268817,30.597014925373134,30.037313432835827,False,-6.542056074766355,3.223926568947482,4,8,4,50.0,41.1952982523637,56.540447504302946,2012-12-04; 2014-12-10; 2015-09-02; 2022-01-27,19.193548387096783,0.8064516129032205,历史4/8次成功; 当前距低点0.81%; 最新日涨幅-6.54%; 状态bottom_area; 底部未确认
82,71.60383095626136,60.82933447223744,603567,珍宝岛,bottom_area,2024-01-22,10.58,2023-11-03,14.37,2024-01-22,10.47,1.050620821394455,7.54536771728748,27.13987473903966,26.374391092553928,False,-6.039076376554176,0.46536988823190784,2,5,2,40.0,27.229838414068798,28.436018957345976,2015-08-25; 2017-01-16,18.949379178605547,1.050620821394455,历史2/5次成功; 当前距低点1.05%; 最新日涨幅-6.04%; 状态bottom_area; 底部未确认
83,71.59393742074404,60.16211233211235,300735,光弘科技,bottom_area,2024-01-22,17.63,2023-12-29,24.1,2024-01-22,17.55,0.4558404558404461,8.660968660968658,27.178423236514526,26.846473029045654,False,-7.0147679324894625,2.971111516362769,3,7,3,42.857142857142854,50.43111523258737,93.48973607038124,2021-05-12; 2022-04-27; 2023-10-20,19.544159544159555,0.4558404558404461,历史3/7次成功; 当前距低点0.46%; 最新日涨幅-7.01%; 状态bottom_area; 底部未确认
84,71.3719881874128,62.62352105505343,600877,电科芯片,bottom_area,2024-01-22,11.31,2023-11-29,15.47,2024-01-22,11.0,2.818181818181823,9.454545454545448,28.894634776987722,26.89075630252101,False,-5.828476269775185,0.7848085129799086,8,15,8,53.333333333333336,29.653990683734705,55.348837209302324,1996-12-18; 1997-07-08; 2005-07-19; 2008-04-22; 2008-09-18; 2009-08-19; 2015-09-08; 2022-04-27,17.18181818181818,2.818181818181823,历史8/15次成功; 当前距低点2.82%; 最新日涨幅-5.83%; 状态bottom_area; 底部未确认
85,71.29115061864933,64.02360613810741,000957,中通客车,bottom_area,2024-01-22,8.14,2023-11-21,10.88,2024-01-18,7.82,4.092071611253201,8.95140664961636,28.125,25.183823529411764,True,1.3698630136986356,3.410586401411485,6,17,6,35.294117647058826,81.97686548084626,354.54545454545456,2005-07-19; 2012-12-04; 2015-07-16; 2019-08-06; 2022-04-27; 2023-04-25,15.9079283887468,4.092071611253201,历史6/17次成功; 当前距低点4.09%; 最新日涨幅1.37%; 状态bottom_area; 底部已确认
86,71.04938204794098,59.63266247120072,300319,麦捷科技,bottom_area,2024-01-22,7.72,2023-11-07,11.07,2024-01-22,7.69,0.39011703511052487,9.102730819245776,30.532971996386628,30.261969286359538,False,-6.9879518072289315,1.9487463099840512,4,8,4,50.0,30.871662963724255,40.64064064064065,2012-07-18; 2016-03-01; 2018-10-19; 2020-02-04,19.609882964889476,0.39011703511052487,历史4/8次成功; 当前距低点0.39%; 最新日涨幅-6.99%; 状态bottom_area; 底部未确认
87,70.75012079927957,62.29149126363402,002093,国脉科技,bottom_area,2024-01-22,6.51,2023-11-20,8.88,2024-01-22,6.32,3.0063291139240427,11.234177215189872,28.828828828828833,26.6891891891892,False,-7.264957264957261,1.1889826302729527,6,12,6,50.0,37.397428190219614,73.3013589128697,2008-04-03; 2008-04-22; 2008-09-18; 2011-06-23; 2012-12-04; 2015-06-30,16.99367088607596,3.0063291139240427,历史6/12次成功; 当前距低点3.01%; 最新日涨幅-7.26%; 状态bottom_area; 底部未确认
88,70.74709717482737,60.071610234569484,688326,经纬恒润,bottom_area,2024-01-22,81.93,2023-12-29,118.5,2024-01-22,81.1,1.023427866831088,6.017262638717645,31.561181434599163,30.86075949367088,False,-5.107713690062543,0.9278512465960925,1,2,1,50.0,34.48938586529221,34.48938586529221,2023-08-29,18.97657213316891,1.023427866831088,历史1/2次成功; 当前距低点1.02%; 最新日涨幅-5.11%; 状态bottom_area; 底部未确认
89,70.60269598570102,59.23093208330038,600305,恒顺醋业,bottom_area,2024-01-22,8.24,2023-08-04,11.43,2024-01-22,8.21,0.36540803897684965,4.993909866017033,28.171478565179342,27.909011373578295,False,-4.408352668213444,0.5443666562333616,5,10,5,50.0,28.40893769982583,34.796642995480944,2007-06-05; 2012-11-29; 2015-06-30; 2015-08-26; 2020-06-12,19.63459196102315,0.36540803897684965,历史5/10次成功; 当前距低点0.37%; 最新日涨幅-4.41%; 状态bottom_area; 底部未确认
90,70.5288795986352,60.112606145144575,600468,百利电气,bottom_area,2024-01-22,4.94,2023-12-29,6.98,2024-01-22,4.88,1.2295081967213217,7.786885245901637,30.085959885386828,29.22636103151862,False,-4.263565891472865,2.2715452662110756,5,13,5,38.46153846153847,28.902606632630025,36.741214057507996,2001-10-22; 2005-12-08; 2008-01-23; 2008-04-03; 2020-02-04,18.77049180327868,1.2295081967213217,历史5/13次成功; 当前距低点1.23%; 最新日涨幅-4.26%; 状态bottom_area; 底部未确认
91,70.52170373698247,59.29354789915974,300101,振芯科技,bottom_area,2024-01-22,16.55,2023-12-29,22.83,2024-01-22,16.47,0.4857316332726281,8.682452944748025,27.8580814717477,27.50766535260621,False,-6.444318824194461,1.7704014241915726,7,14,7,50.0,30.220516252802838,44.650929181315924,2012-01-19; 2012-12-04; 2015-08-03; 2015-09-08; 2016-01-12; 2022-03-09; 2023-10-26,19.51426836672737,0.4857316332726281,历史7/14次成功; 当前距低点0.49%; 最新日涨幅-6.44%; 状态bottom_area; 底部未确认
92,70.4432505848778,59.939614370034114,002268,电科网安,bottom_area,2024-01-22,16.88,2023-12-04,24.82,2024-01-22,16.69,1.1384062312761996,8.568004793289392,32.75584206285254,31.99033037872684,False,-6.274292059966702,1.5819850122808792,3,8,3,37.5,28.939142888945398,41.07485604606526,2015-08-06; 2016-03-01; 2020-02-04,18.861593768723804,1.1384062312761996,历史3/8次成功; 当前距低点1.14%; 最新日涨幅-6.27%; 状态bottom_area; 底部未确认
93,70.36675616958401,60.24294222689075,688068,热景生物,bottom_area,2024-01-22,33.74,2023-11-20,49.5,2024-01-22,33.25,1.473684210526322,8.541353383458656,32.82828282828283,31.838383838383834,False,-5.727856943280241,1.6349681301997678,2,5,2,40.0,29.263130252100826,31.484593837534998,2020-04-28; 2023-08-25,18.526315789473678,1.473684210526322,历史2/5次成功; 当前距低点1.47%; 最新日涨幅-5.73%; 状态bottom_area; 底部未确认
94,70.31817535340892,60.03535702263847,002467,二六三,bottom_area,2024-01-22,3.83,2023-12-08,5.18,2024-01-22,3.78,1.32275132275133,8.465608465608462,27.027027027027028,26.061776061776055,False,-5.896805896805901,1.8120677088144193,5,13,5,38.46153846153847,29.63026902425535,43.69942196531791,2011-09-30; 2015-07-29; 2016-03-01; 2018-02-07; 2019-05-06,18.67724867724867,1.32275132275133,历史5/13次成功; 当前距低点1.32%; 最新日涨幅-5.90%; 状态bottom_area; 底部未确认
95,70.27991188085252,60.74747517573127,000576,甘化科工,bottom_area,2024-01-22,7.66,2023-11-29,10.76,2024-01-22,7.51,1.9973368841544654,9.720372836218381,30.20446096654275,28.810408921933085,False,-6.6991473812423985,1.0350718083516242,10,23,10,43.47826086956522,30.85840936112185,71.09826589595376,1995-05-03; 1996-12-25; 1997-07-08; 1997-09-23; 2006-11-14; 2015-08-26; 2017-01-17; 2018-10-19; 2020-02-04; 2021-10-28,18.002663115845536,1.9973368841544654,历史10/23次成功; 当前距低点2.00%; 最新日涨幅-6.70%; 状态bottom_area; 底部未确认
96,70.03669143083614,60.004335321889414,300941,创识科技,bottom_area,2024-01-22,22.13,2024-01-16,30.96,2024-01-22,21.8,1.5137614678899003,11.651376146788985,29.58656330749354,28.52067183462533,False,-8.779884583676845,12.800263575232984,2,5,2,40.0,28.471567035905267,35.012987012987004,2021-02-19; 2022-02-08,18.4862385321101,1.5137614678899003,历史2/5次成功; 当前距低点1.51%; 最新日涨幅-8.78%; 状态bottom_area; 底部未确认
97,69.95897305874212,59.636939863274385,000555,神州信息,bottom_area,2024-01-22,8.99,2023-12-12,12.45,2024-01-22,8.88,1.238738738738732,8.783783783783775,28.674698795180714,27.791164658634532,False,-6.451612903225801,1.231296057067719,7,20,7,35.0,33.95840961074568,43.359941944847606,1997-05-26; 2010-05-21; 2015-06-29; 2015-07-07; 2015-09-07; 2018-02-07; 2019-01-31,18.761261261261268,1.238738738738732,历史7/20次成功; 当前距低点1.24%; 最新日涨幅-6.45%; 状态bottom_area; 底部未确认
98,69.86651425799161,59.39938022853147,300194,福安药业,bottom_area,2024-01-22,3.7,2023-11-27,5.09,2024-01-22,3.66,1.0928961748633887,7.65027322404371,28.0943025540275,27.308447937131625,False,-6.091370558375631,2.4415181649474786,3,8,3,37.5,25.476793049569885,30.667506297229213,2011-06-23; 2012-12-04; 2019-09-30,18.907103825136613,1.0928961748633887,历史3/8次成功; 当前距低点1.09%; 最新日涨幅-6.09%; 状态bottom_area; 底部未确认
99,69.64007605483668,59.779534312558916,300803,指南针,bottom_area,2024-01-22,42.68,2023-12-28,61.55,2024-01-22,42.0,1.6190476190476182,7.428571428571422,31.762794476035737,30.65800162469537,False,-4.4762757385855,1.618117527594936,2,5,2,40.0,28.553563892405755,33.696275071633224,2020-03-02; 2020-11-02,18.380952380952383,1.6190476190476182,历史2/5次成功; 当前距低点1.62%; 最新日涨幅-4.48%; 状态bottom_area; 底部未确认
100,69.60768343689422,58.35756985995351,002399,海普瑞,bottom_area,2024-01-22,9.14,2023-11-22,12.97,2024-01-22,9.11,0.32930845225028693,7.135016465422616,29.760986892829617,29.529683885890517,False,-6.160164271047219,0.40865081593281755,3,6,3,50.0,23.270930812280408,28.307123034227555,2015-06-30; 2015-09-30; 2022-04-27,19.670691547749712,0.32930845225028693,历史3/6次成功; 当前距低点0.33%; 最新日涨幅-6.16%; 状态bottom_area; 底部未确认
101,69.58691006083316,58.664097017774694,000783,长江证券,bottom_area,2024-01-22,4.78,2023-08-28,6.89,2024-01-22,4.75,0.6315789473684263,5.263157894736842,31.05950653120464,30.624092888243826,False,-4.399999999999993,0.630928365888471,7,14,7,50.0,28.624177514917786,42.60958205912334,1997-08-19; 1999-12-24; 2008-10-13; 2013-06-25; 2015-06-30; 2015-07-09; 2018-10-19,19.368421052631575,0.6315789473684263,历史7/14次成功; 当前距低点0.63%; 最新日涨幅-4.40%; 状态bottom_area; 底部未确认
102,69.36161195281822,59.87529643177809,300538,同益股份,bottom_area,2024-01-22,14.82,2024-01-02,20.45,2024-01-22,14.54,1.925722145804685,9.697386519944981,28.899755501222497,27.53056234718826,False,-6.321112515802785,4.346068943740211,3,7,3,42.857142857142854,26.637173939700038,30.150753768844226,2019-07-08; 2021-02-08; 2022-04-27,18.074277854195316,1.925722145804685,历史3/7次成功; 当前距低点1.93%; 最新日涨幅-6.32%; 状态bottom_area; 底部未确认
103,69.3178623481798,58.6109754874756,300166,东方国信,bottom_area,2024-01-22,7.62,2023-12-12,10.76,2024-01-22,7.56,0.7936507936508002,8.994708994709002,29.739776951672862,29.182156133828997,False,-6.388206388206397,2.730991167974099,3,7,3,42.857142857142854,45.80145551382182,50.36290322580644,2014-12-10; 2015-07-07; 2015-09-02,19.206349206349202,0.7936507936508002,历史3/7次成功; 当前距低点0.79%; 最新日涨幅-6.39%; 状态bottom_area; 底部未确认
104,69.23801043088322,58.86809209687569,300458,全志科技,bottom_area,2024-01-22,17.53,2023-12-13,24.42,2024-01-22,17.34,1.0957324106113107,8.419838523644756,28.992628992629,28.214578214578218,False,-6.506666666666661,1.3664287068263163,4,11,4,36.36363636363637,25.117293217871094,29.36660268714012,2015-06-30; 2015-08-26; 2015-09-02; 2018-06-26,18.90426758938869,1.0957324106113107,历史4/11次成功; 当前距低点1.10%; 最新日涨幅-6.51%; 状态bottom_area; 底部未确认
105,69.16154289849715,58.90512170713684,002681,奋达科技,bottom_area,2024-01-22,4.25,2023-11-22,5.82,2024-01-22,4.2,1.1904761904761862,8.095238095238091,27.835051546391753,26.975945017182134,False,-6.38766519823789,1.0868337532652381,3,9,3,33.33333333333333,33.04340907574848,33.97129186602871,2018-02-07; 2020-05-07; 2022-04-27,18.809523809523814,1.1904761904761862,历史3/9次成功; 当前距低点1.19%; 最新日涨幅-6.39%; 状态bottom_area; 底部未确认
106,68.99573641989055,58.95373023588959,600648,外高桥,bottom_area,2024-01-22,8.9,2023-08-31,12.68,2024-01-22,8.78,1.3667425968109455,6.150341685649214,30.75709779179811,29.81072555205047,False,-5.016008537886862,0.2958944179836323,6,18,6,33.33333333333333,35.46543023271616,68.34146341463413,1993-12-20; 1995-04-27; 1995-05-25; 2008-03-18; 2008-09-18; 2008-11-04,18.633257403189056,1.3667425968109455,历史6/18次成功; 当前距低点1.37%; 最新日涨幅-5.02%; 状态bottom_area; 底部未确认
107,68.9663200525439,57.969721776449305,300375,鹏翎股份,bottom_area,2024-01-22,4.27,2023-12-22,6.18,2024-01-22,4.25,0.47058823529410765,7.2941176470588145,31.229773462783168,30.90614886731392,False,-5.530973451327437,3.7692166339166318,3,6,3,50.0,22.917542757633665,24.333925399644762,2015-06-30; 2015-07-03; 2019-08-15,19.52941176470589,0.47058823529410765,历史3/6次成功; 当前距低点0.47%; 最新日涨幅-5.53%; 状态bottom_area; 底部未确认
108,68.89421068514498,58.2235777962504,688189,南新制药,bottom_area,2024-01-22,7.89,2023-11-27,11.52,2024-01-22,7.83,0.7662835249042096,7.279693486590041,32.03124999999999,31.510416666666668,False,-5.847255369928417,1.2170553935860058,2,5,2,40.0,49.573678672215046,64.63624623331897,2020-07-24; 2020-11-30,19.23371647509579,0.7662835249042096,历史2/5次成功; 当前距低点0.77%; 最新日涨幅-5.85%; 状态bottom_area; 底部未确认
109,68.848014508583,58.74085744908897,688158,优刻得,bottom_area,2024-01-22,12.6,2023-12-11,18.52,2024-01-22,12.44,1.2861736334405156,9.405144694533762,32.82937365010799,31.96544276457883,False,-6.5974796145292895,2.2703315338893155,1,3,1,33.33333333333333,174.03218790778604,174.03218790778604,2020-02-03,18.713826366559484,1.2861736334405156,历史1/3次成功; 当前距低点1.29%; 最新日涨幅-6.60%; 状态bottom_area; 底部未确认
110,68.79906108858587,58.8283645870898,301281,科源制药,bottom_area,2024-01-22,28.12,2023-12-13,38.99,2024-01-22,27.73,1.4064190407500923,7.789397764154346,28.879199794819186,27.878943318799692,False,-6.204136090727152,1.7492106858661192,1,2,1,50.0,32.500000000000014,32.500000000000014,2023-08-29,18.59358095924991,1.4064190407500923,历史1/2次成功; 当前距低点1.41%; 最新日涨幅-6.20%; 状态bottom_area; 底部未确认
111,68.62626962949473,57.948768463576364,000401,金隅冀东,bottom_area,2024-01-22,5.59,2023-10-25,7.62,2024-01-22,5.55,0.7207207207207215,5.765765765765772,27.165354330708663,26.640419947506565,False,-4.607508532423221,0.40048572889320916,10,21,10,47.61904761904761,31.02976084055601,53.51562499999998,1998-08-18; 2006-05-24; 2007-06-05; 2008-09-18; 2012-09-05; 2015-05-07; 2015-06-30; 2018-07-05; 2020-02-04; 2022-11-01,19.27927927927928,0.7207207207207215,历史10/21次成功; 当前距低点0.72%; 最新日涨幅-4.61%; 状态bottom_area; 底部未确认
112,68.62376779669404,57.61940585820145,600416,湘电股份,bottom_area,2024-01-22,12.2,2024-01-02,16.81,2024-01-22,12.15,0.41152263374484715,6.74897119341564,27.721594289113614,27.42415229030339,False,-6.225980015372789,0.881424015884795,8,17,8,47.05882352941176,26.68264290745575,35.943517329910144,2005-12-08; 2007-11-12; 2009-02-27; 2015-09-08; 2016-02-01; 2018-02-09; 2019-11-15; 2022-02-11,19.58847736625515,0.41152263374484715,历史8/17次成功; 当前距低点0.41%; 最新日涨幅-6.23%; 状态bottom_area; 底部未确认
113,68.58279856140413,59.14181205057793,002765,蓝黛科技,bottom_area,2024-01-22,5.45,2023-11-29,7.95,2024-01-22,5.35,1.8691588785046829,8.598130841121495,32.704402515723274,31.446540880503143,False,-6.5180102915952,2.2863248975466863,4,10,4,40.0,28.19082953531505,30.79960513326751,2015-09-07; 2018-06-19; 2020-02-04; 2022-09-01,18.130841121495315,1.8691588785046829,历史4/10次成功; 当前距低点1.87%; 最新日涨幅-6.52%; 状态bottom_area; 底部未确认
114,68.50456845824299,58.23514503305849,001914,招商积余,bottom_area,2024-01-22,10.23,2023-11-06,14.16,2024-01-22,10.12,1.0869565217391424,7.509881422924917,28.53107344632769,27.75423728813559,False,-5.9742647058823595,1.0474073676451332,5,14,5,35.714285714285715,23.013703009497767,27.05667276051189,1994-10-07; 1996-12-18; 2003-05-14; 2006-04-14; 2008-09-18,18.913043478260857,1.0869565217391424,历史5/14次成功; 当前距低点1.09%; 最新日涨幅-5.97%; 状态bottom_area; 底部未确认
115,68.49333171100005,58.21108967616582,300328,宜安科技,bottom_area,2024-01-22,5.65,2023-11-06,7.78,2024-01-22,5.59,1.07334525939178,8.407871198568868,28.149100257069414,27.37789203084833,False,-6.4569536423841,1.5709362957895618,3,11,3,27.27272727272727,41.00756869177414,75.50847457627118,2015-09-07; 2017-01-16; 2020-02-04,18.92665474060822,1.07334525939178,历史3/11次成功; 当前距低点1.07%; 最新日涨幅-6.46%; 状态bottom_area; 底部未确认
116,68.46817280274763,58.37396684389553,300942,易瑞生物,bottom_area,2024-01-22,9.75,2023-11-13,14.05,2024-01-22,9.63,1.246105919003107,9.761163032191064,31.45907473309608,30.604982206405694,False,-6.519654841802492,0.6587128208560198,1,2,1,50.0,28.091872791519428,28.091872791519428,2021-03-05,18.753894080996893,1.246105919003107,历史1/2次成功; 当前距低点1.25%; 最新日涨幅-6.52%; 状态bottom_area; 底部未确认
117,68.45617077614209,58.70252111410602,300420,五洋自控,bottom_area,2024-01-22,2.6,2023-11-24,3.54,2024-01-22,2.56,1.5625000000000013,8.203124999999998,27.683615819209038,26.55367231638418,False,-6.137184115523464,1.5567765378056502,3,8,3,37.5,27.486672656483975,38.36477987421384,2015-08-25; 2021-10-28; 2022-04-27,18.4375,1.5625000000000013,历史3/8次成功; 当前距低点1.56%; 最新日涨幅-6.14%; 状态bottom_area; 底部未确认
118,68.40518444958862,58.515278264105916,000536,华映科技,bottom_area,2024-01-22,2.84,2023-12-29,4.03,2024-01-22,2.8,1.42857142857143,8.214285714285714,30.5210918114144,29.52853598014889,False,-5.016722408026764,2.670517448856799,8,22,8,36.36363636363637,27.300406810232946,41.90283400809715,1995-04-27; 1996-08-27; 1997-05-26; 2004-10-26; 2009-04-13; 2009-09-29; 2015-09-02; 2020-02-04,18.571428571428573,1.42857142857143,历史8/22次成功; 当前距低点1.43%; 最新日涨幅-5.02%; 状态bottom_area; 底部未确认
119,68.34698569844646,58.53394241176775,002291,遥望科技,bottom_area,2024-01-22,6.8,2024-01-02,9.52,2024-01-22,6.7,1.4925373134328304,10.0,29.621848739495793,28.57142857142857,False,-6.593406593406604,3.646712665383828,5,15,5,33.33333333333333,34.75050619925415,61.10375275938191,2015-06-23; 2015-06-30; 2018-02-09; 2020-02-03; 2020-02-28,18.507462686567173,1.4925373134328304,历史5/15次成功; 当前距低点1.49%; 最新日涨幅-6.59%; 状态bottom_area; 底部未确认
120,68.28849262383989,58.19841880396876,300602,飞荣达,bottom_area,2024-01-22,13.22,2023-12-29,18.11,2024-01-22,13.06,1.225114854517612,11.485451761102603,27.88514632799558,27.001656543346215,False,-7.487753673897823,2.301241807724301,1,2,1,50.0,26.890756302520995,26.890756302520995,2021-02-09,18.77488514548239,1.225114854517612,历史1/2次成功; 当前距低点1.23%; 最新日涨幅-7.49%; 状态bottom_area; 底部未确认
121,68.09699318776981,57.99959919711299,600501,航天晨光,bottom_area,2024-01-22,11.04,2024-01-03,15.58,2024-01-22,10.91,1.1915673693858753,10.540788267644366,29.974326059050068,29.139922978177157,False,-8.22942643391521,1.587217296823498,5,16,5,31.25,32.70227311458487,38.62745098039217,2008-09-18; 2014-01-10; 2015-09-08; 2018-02-09; 2022-04-27,18.808432630614124,1.1915673693858753,历史5/16次成功; 当前距低点1.19%; 最新日涨幅-8.23%; 状态bottom_area; 底部未确认
122,68.09633834708862,58.22345890397378,002635,安洁科技,bottom_area,2024-01-22,12.29,2023-12-29,16.95,2024-01-22,12.12,1.4026402640264022,8.66336633663367,28.49557522123894,27.492625368731566,False,-4.876160990712075,3.271660566480344,3,9,3,33.33333333333333,31.97927619688515,46.67178699436763,2013-06-25; 2015-06-30; 2015-08-26,18.597359735973598,1.4026402640264022,历史3/9次成功; 当前距低点1.40%; 最新日涨幅-4.88%; 状态bottom_area; 底部未确认
123,68.08322485359889,58.76148514240634,002708,光洋股份,bottom_area,2024-01-22,8.51,2024-01-17,11.98,2024-01-22,8.35,1.9161676646706605,9.22155688622754,30.30050083472455,28.964941569282143,False,-6.68859649122806,15.159082408535832,4,10,4,40.0,26.722297945459367,35.522388059701484,2015-06-30; 2015-07-06; 2020-02-04; 2022-09-15,18.08383233532934,1.9161676646706605,历史4/10次成功; 当前距低点1.92%; 最新日涨幅-6.69%; 状态bottom_area; 底部未确认
124,68.02125391763677,58.768362759722926,300063,天龙集团,bottom_area,2024-01-22,5.17,2024-01-02,7.14,2024-01-22,5.07,1.972386587771196,9.467455621301765,28.991596638655455,27.591036414565824,False,-4.259259259259263,8.335432342810435,5,13,5,38.46153846153847,30.781742902372322,43.39536995006808,2015-08-25; 2018-05-03; 2020-02-04; 2020-09-11; 2023-11-16,18.027613412228803,1.972386587771196,历史5/13次成功; 当前距低点1.97%; 最新日涨幅-4.26%; 状态bottom_area; 底部未确认
125,67.8917291875174,57.31757504134997,300676,华大基因,bottom_area,2024-01-22,39.7,2023-11-21,55.58,2024-01-22,39.42,0.7102993404363296,6.189751395230841,29.07520690896005,28.571428571428566,False,-5.069344811095167,0.6503372056668203,2,4,2,50.0,22.349771707230076,23.258538343696497,2018-02-06; 2021-03-25,19.28970065956367,0.7102993404363296,历史2/4次成功; 当前距低点0.71%; 最新日涨幅-5.07%; 状态bottom_area; 底部未确认
126,67.89053963696031,58.18353741496598,002426,胜利精密,bottom_area,2024-01-22,1.99,2023-11-30,2.75,2024-01-22,1.96,1.5306122448979604,7.1428571428571495,28.72727272727273,27.636363636363637,False,-4.784688995215303,1.3041850349732558,1,3,1,33.33333333333333,51.31578947368419,51.31578947368419,2022-04-27,18.46938775510204,1.5306122448979604,历史1/3次成功; 当前距低点1.53%; 最新日涨幅-4.78%; 状态bottom_area; 底部未确认
127,67.88962701677116,57.784019886019756,600839,四川长虹,bottom_area,2024-01-22,4.38,2023-12-04,6.06,2024-01-22,4.33,1.1547344110854463,8.545034642032334,28.547854785478542,27.72277227722772,False,-6.008583690987135,2.2495564017771557,4,15,4,26.666666666666668,41.022299336709146,89.25233644859811,1996-12-17; 1999-12-27; 2018-10-19; 2020-02-04,18.845265588914557,1.1547344110854463,历史4/15次成功; 当前距低点1.15%; 最新日涨幅-6.01%; 状态bottom_area; 底部未确认
128,67.51277878666824,56.2606489888902,688561,奇安信,bottom_area,2024-01-22,31.55,2023-12-12,45.16,2024-01-22,31.55,0.0,6.14896988906498,30.13728963684676,30.13728963684676,False,-5.454000599340714,0.5146333349937334,2,5,2,40.0,41.88520961768929,62.03128880059596,2022-04-28; 2022-10-12,20.0,0.0,历史2/5次成功; 当前距低点0.00%; 最新日涨幅-5.45%; 状态bottom_area; 底部未确认
129,67.3966479650016,56.90911167129207,300324,旋极信息,bottom_area,2024-01-22,2.8,2023-11-21,4.07,2024-01-22,2.78,0.7194244604316554,7.913669064748209,31.695331695331703,31.203931203931212,False,-6.354515050167242,1.9833440257033548,2,4,2,50.0,20.265588392882993,20.366513952519767,2015-06-09; 2015-07-29,19.280575539568346,0.7194244604316554,历史2/4次成功; 当前距低点0.72%; 最新日涨幅-6.35%; 状态bottom_area; 底部未确认
130,67.3691117122999,57.71860939584818,301012,扬电科技,bottom_area,2024-01-22,18.78,2024-01-16,25.44,2024-01-22,18.5,1.5135135135135198,16.756756756756765,27.27987421383648,26.179245283018865,False,-14.480874316939884,6.386518849680327,1,4,1,25.0,48.67967853042481,48.67967853042481,2021-07-28,18.48648648648648,1.5135135135135198,历史1/4次成功; 当前距低点1.51%; 最新日涨幅-14.48%; 状态bottom_area; 底部未确认
131,67.36833578699964,56.632346020147104,300171,东富龙,bottom_area,2024-01-22,14.77,2023-11-09,20.2,2024-01-22,14.7,0.47619047619047816,7.210884353741501,27.22772277227723,26.881188118811885,False,-6.459784673844204,0.8291014728034042,4,9,4,44.44444444444444,27.833060186829478,32.678485864877814,2015-06-30; 2015-07-06; 2019-08-06; 2022-09-26,19.523809523809526,0.47619047619047816,历史4/9次成功; 当前距低点0.48%; 最新日涨幅-6.46%; 状态bottom_area; 底部未确认
132,67.33242504799466,56.75362038308043,600613,神奇制药,bottom_area,2024-01-22,6.47,2023-12-01,9.09,2024-01-22,6.43,0.6220839813374812,7.465007776049775,29.262926292629267,28.822882288228826,False,-6.772334293948134,1.450513227071685,11,26,11,42.30769230769231,34.903074518977895,79.72972972972973,1992-08-24; 1993-03-10; 1994-03-10; 1994-10-05; 1995-04-27; 1996-11-01; 2002-01-23; 2008-03-18; 2008-09-18; 2012-01-06; 2017-01-16,19.377916018662518,0.6220839813374812,历史11/26次成功; 当前距低点0.62%; 最新日涨幅-6.77%; 状态bottom_area; 底部未确认
133,67.32358249118528,57.250986970978715,605080,浙江自然,bottom_area,2024-01-22,19.2,2024-01-10,28.3,2024-01-22,18.99,1.10584518167457,11.63770405476567,32.89752650176679,32.15547703180213,False,-8.353221957040569,3.313616101015568,1,2,1,50.0,20.335021425788852,20.335021425788852,2022-03-15,18.894154818325433,1.10584518167457,历史1/2次成功; 当前距低点1.11%; 最新日涨幅-8.35%; 状态bottom_area; 底部未确认
134,67.3078646881288,57.57660714285716,688070,纵横股份,bottom_area,2024-01-22,28.4,2024-01-12,39.8,2024-01-22,28.0,1.4285714285714235,9.64285714285714,29.648241206030146,28.643216080402006,False,-5.960264900662249,0.7468856369140755,1,2,1,50.0,26.04166666666665,26.04166666666665,2021-10-28,18.571428571428577,1.4285714285714235,历史1/2次成功; 当前距低点1.43%; 最新日涨幅-5.96%; 状态bottom_area; 底部未确认
135,67.29814790153196,56.67439288537592,002617,露笑科技,bottom_area,2024-01-22,5.26,2023-11-29,7.29,2024-01-22,5.23,0.5736137667303892,8.795411089866155,28.257887517146774,27.846364883401925,False,-7.231040564373902,1.202148329252928,4,10,4,40.0,38.88296921247969,43.64820846905539,2012-12-04; 2015-09-02; 2019-01-30; 2022-04-27,19.426386233269614,0.5736137667303892,历史4/10次成功; 当前距低点0.57%; 最新日涨幅-7.23%; 状态bottom_area; 底部未确认
136,67.18327068325013,57.40552763353115,301069,凯盛新材,bottom_area,2024-01-22,15.57,2024-01-02,21.7,2024-01-22,15.36,1.3671875000000056,10.221354166666668,29.216589861751153,28.248847926267278,False,-8.19575471698113,0.8444277657060323,1,2,1,50.0,24.369436201780413,24.369436201780413,2022-12-23,18.632812499999996,1.3671875000000056,历史1/2次成功; 当前距低点1.37%; 最新日涨幅-8.20%; 状态bottom_area; 底部未确认
137,67.16442976750486,57.037384031329964,600841,动力新科,bottom_area,2024-01-22,4.9,2023-12-08,6.85,2024-01-22,4.85,1.0309278350515612,8.24742268041238,29.197080291970806,28.467153284671525,False,-6.130268199233702,0.6104746158145549,6,21,6,28.57142857142857,31.363514951407552,45.95141700404857,1997-09-23; 2008-03-18; 2016-03-01; 2017-04-27; 2018-02-06; 2021-10-28,18.96907216494844,1.0309278350515612,历史6/21次成功; 当前距低点1.03%; 最新日涨幅-6.13%; 状态bottom_area; 底部未确认
138,67.16078127606511,58.48805046561261,000723,美锦能源,bottom_area,2024-01-22,5.53,2023-11-28,7.53,2024-01-22,5.4,2.407407407407405,8.888888888888879,28.28685258964143,26.560424966799467,False,-5.7921635434412195,0.7697805300177708,7,17,7,41.17647058823529,28.724847889476706,39.72413793103449,2008-04-03; 2008-09-18; 2009-03-02; 2012-12-04; 2015-07-29; 2022-04-27; 2023-06-14,17.592592592592595,2.407407407407405,历史7/17次成功; 当前距低点2.41%; 最新日涨幅-5.79%; 状态bottom_area; 底部未确认
139,67.09689356157163,56.18266087524611,603590,康辰药业,bottom_area,2024-01-22,30.68,2023-11-29,41.95,2024-01-22,30.6,0.26143790849672643,8.071895424836597,27.056019070321813,26.86531585220501,False,-6.406345332519836,0.8518330294012758,1,2,1,50.0,44.07924358397118,44.07924358397118,2022-04-27,19.738562091503276,0.26143790849672643,历史1/2次成功; 当前距低点0.26%; 最新日涨幅-6.41%; 状态bottom_area; 底部未确认
140,67.08418964339774,57.62916468993563,688088,虹软科技,bottom_area,2024-01-22,30.0,2023-12-29,41.27,2024-01-22,29.51,1.660454083361567,9.58996950186378,28.49527501817301,27.307971892415807,False,-6.103286384976525,1.5400937218657673,1,4,1,25.0,80.72368421052632,80.72368421052632,2020-02-03,18.339545916638432,1.660454083361567,历史1/4次成功; 当前距低点1.66%; 最新日涨幅-6.10%; 状态bottom_area; 底部未确认
141,67.00697352476114,57.00026103240551,300077,国民技术,bottom_area,2024-01-22,9.0,2023-12-12,13.25,2024-01-22,8.9,1.1235955056179736,8.651685393258422,32.83018867924528,32.075471698113205,False,-6.735751295336789,1.4206800243427,3,9,3,33.33333333333333,21.982394902586808,24.074074074074073,2012-12-04; 2013-06-25; 2019-05-08,18.876404494382026,1.1235955056179736,历史3/9次成功; 当前距低点1.12%; 最新日涨幅-6.74%; 状态bottom_area; 底部未确认
142,66.97045338917177,55.808711157643145,600287,苏豪时尚,bottom_area,2024-01-22,5.48,2023-12-12,7.85,2024-01-22,5.48,0.0,6.934306569343063,30.191082802547765,30.191082802547765,False,-6.164383561643827,1.8269852029783633,6,14,6,42.857142857142854,33.26496014093852,46.909090909090914,2007-10-26; 2008-04-22; 2008-11-04; 2009-08-18; 2010-07-05; 2022-04-28,20.0,0.0,历史6/14次成功; 当前距低点0.00%; 最新日涨幅-6.16%; 状态bottom_area; 底部未确认
143,66.9629108445884,56.397219001054346,603308,应流股份,bottom_area,2024-01-22,10.43,2023-11-29,15.37,2024-01-22,10.37,0.5785920925747396,8.003857280617165,32.53090435914119,32.14053350683149,False,-6.457399103139016,0.9917858324593307,3,7,3,42.857142857142854,31.263335487613876,38.50868232890707,2015-06-29; 2015-07-16; 2018-02-07,19.421407907425262,0.5785920925747396,历史3/7次成功; 当前距低点0.58%; 最新日涨幅-6.46%; 状态bottom_area; 底部未确认
144,66.95196373591621,57.149604404414674,300232,洲明科技,bottom_area,2024-01-22,6.18,2024-01-04,8.52,2024-01-22,6.1,1.3114754098360668,11.475409836065577,28.4037558685446,27.464788732394368,False,-7.898658718330854,4.951718028736036,3,9,3,33.33333333333333,25.088360244664337,31.84713375796179,2015-08-26; 2015-09-07; 2022-04-27,18.688524590163937,1.3114754098360668,历史3/9次成功; 当前距低点1.31%; 最新日涨幅-7.90%; 状态bottom_area; 底部未确认
145,66.77419582503764,56.45055370735089,603158,腾龙股份,bottom_area,2024-01-22,7.71,2023-12-25,10.87,2024-01-22,7.65,0.7843137254901908,7.058823529411754,29.622815087396496,29.070837166513336,False,-5.398773006134972,2.948610192349923,2,5,2,40.0,40.26230645950821,45.253807106598984,2015-06-30; 2022-04-27,19.21568627450981,0.7843137254901908,历史2/5次成功; 当前距低点0.78%; 最新日涨幅-5.40%; 状态bottom_area; 底部未确认
146,66.74044132544665,56.650833267495905,603348,文灿股份,bottom_area,2024-01-22,28.13,2023-12-26,40.7,2024-01-22,27.85,1.005385996409327,7.6481149012567275,31.572481572481575,30.884520884520896,False,-5.413584398117011,1.0748950717004095,2,7,2,28.57142857142857,28.97219153238415,31.539888682745836,2021-09-30; 2022-04-15,18.994614003590673,1.005385996409327,历史2/7次成功; 当前距低点1.01%; 最新日涨幅-5.41%; 状态bottom_area; 底部未确认
147,66.64464249938243,57.07934581176822,300083,创世纪,bottom_area,2024-01-22,4.75,2024-01-02,6.42,2024-01-22,4.68,1.495726495726502,8.760683760683765,27.10280373831776,26.012461059190027,False,-6.31163708086786,2.0683359753337895,3,9,3,33.33333333333333,26.969187573609222,33.41433778857837,2014-07-24; 2020-02-04; 2022-10-10,18.5042735042735,1.495726495726502,历史3/9次成功; 当前距低点1.50%; 最新日涨幅-6.31%; 状态bottom_area; 底部未确认
148,66.51131806718357,56.408333044320244,300252,金信诺,bottom_area,2024-01-22,7.37,2023-12-04,10.38,2024-01-22,7.3,0.9589041095890449,8.493150684931509,29.672447013487485,28.9980732177264,False,-6.472081218274106,2.2834267709454465,5,11,5,45.45454545454545,30.357272021513175,44.2369607211848,2012-12-04; 2013-06-25; 2015-09-02; 2016-01-29; 2022-10-10,19.041095890410954,0.9589041095890449,历史5/11次成功; 当前距低点0.96%; 最新日涨幅-6.47%; 状态bottom_area; 底部未确认
149,66.44328997205264,56.59735889756501,000042,中洲控股,bottom_area,2024-01-22,5.07,2023-11-24,7.12,2024-01-22,5.01,1.1976047904191716,8.982035928143716,29.63483146067416,28.792134831460668,False,-7.312614259597794,1.5716210000270576,4,13,4,30.76923076923077,26.279020536132837,29.558745348219045,1996-12-18; 2007-06-05; 2008-03-18; 2022-04-27,18.80239520958083,1.1976047904191716,历史4/13次成功; 当前距低点1.20%; 最新日涨幅-7.31%; 状态bottom_area; 底部未确认
150,66.40502255313423,56.36888563049855,002600,领益智造,bottom_area,2024-01-22,5.01,2023-12-29,6.82,2024-01-22,4.96,1.0080645161290287,9.677419354838717,27.272727272727277,26.539589442815252,False,-6.529850746268662,0.9638589358869566,2,11,2,18.181818181818183,66.6906005221932,94.99999999999999,2015-08-26; 2022-04-27,18.99193548387097,1.0080645161290287,历史2/11次成功; 当前距低点1.01%; 最新日涨幅-6.53%; 状态bottom_area; 底部未确认
151,66.3730454436095,56.860446432358216,002117,东港股份,bottom_area,2024-01-22,7.4,2023-12-05,10.18,2024-01-22,7.29,1.508916323731143,6.310013717421124,28.388998035363457,27.308447937131625,False,-4.0207522697795035,2.5737777878254544,3,9,3,33.33333333333333,25.953990952321917,29.695577254451454,2008-09-18; 2015-06-30; 2017-12-25,18.491083676268858,1.508916323731143,历史3/9次成功; 当前距低点1.51%; 最新日涨幅-4.02%; 状态bottom_area; 底部未确认
152,66.2639610034415,55.88686201008889,600071,凤凰光学,bottom_area,2024-01-22,16.9,2024-01-04,23.5,2024-01-22,16.79,0.6551518761167328,8.814770696843361,28.55319148936171,28.08510638297873,False,-7.549234135667405,1.9055743024838616,7,16,7,43.75,27.523431653951803,38.88888888888889,2009-03-02; 2011-05-06; 2011-12-15; 2012-12-04; 2017-04-19; 2020-02-04; 2022-04-27,19.344848123883267,0.6551518761167328,历史7/16次成功; 当前距低点0.66%; 最新日涨幅-7.55%; 状态bottom_area; 底部未确认
153,66.17835441395597,56.70012462576789,300050,世纪鼎利,bottom_area,2024-01-22,4.02,2023-11-17,5.81,2024-01-22,3.96,1.5151515151515054,8.333333333333336,31.841652323580032,30.808950086058523,False,-5.188679245283034,1.8223947574838413,2,7,2,28.57142857142857,35.485937451761295,36.885245901639344,2018-06-22; 2019-08-06,18.484848484848495,1.5151515151515054,历史2/7次成功; 当前距低点1.52%; 最新日涨幅-5.19%; 状态bottom_area; 底部未确认
154,66.1551425588253,56.25021363596976,000701,厦门信达,bottom_area,2024-01-22,4.6,2024-01-02,6.24,2024-01-22,4.55,1.098901098901095,9.670329670329679,27.083333333333336,26.282051282051288,False,-7.4446680080482945,2.563547453679329,4,15,4,26.666666666666668,32.09162083224506,48.08558558558558,1997-08-20; 1999-04-27; 2018-02-07; 2023-10-27,18.901098901098905,1.098901098901095,历史4/15次成功; 当前距低点1.10%; 最新日涨幅-7.44%; 状态bottom_area; 底部未确认
155,66.13188608962449,56.20414506714477,000670,盈方微,bottom_area,2024-01-22,5.65,2023-12-08,7.96,2024-01-22,5.59,1.07334525939178,8.050089445438285,29.773869346733672,29.02010050251256,False,-5.6761268781302165,1.9777143104294788,3,10,3,30.0,24.30845300300019,29.447852760736197,2001-10-22; 2020-02-04; 2023-08-25,18.92665474060822,1.07334525939178,历史3/10次成功; 当前距低点1.07%; 最新日涨幅-5.68%; 状态bottom_area; 底部未确认
156,66.10324372642948,57.36801346937273,600593,大连圣亚,bottom_area,2024-01-22,25.81,2024-01-17,36.0,2024-01-22,25.25,2.2178217821782127,12.35643564356436,29.86111111111111,28.30555555555556,False,-8.01853171774768,15.384549689440993,4,13,4,30.76923076923077,42.92821039107016,85.2905323039415,2007-11-12; 2015-07-03; 2016-01-14; 2018-12-24,17.782178217821787,2.2178217821782127,历史4/13次成功; 当前距低点2.22%; 最新日涨幅-8.02%; 状态bottom_area; 底部未确认
157,66.07819484455253,57.09803481642564,688396,华润微,bottom_area,2024-01-22,39.65,2023-11-20,55.09,2024-01-22,38.88,1.980452674897109,5.658436213991759,29.424577963332727,28.026865129787627,False,-1.7104610808130971,0.3507350349648046,1,2,1,50.0,20.01863932898416,20.01863932898416,2021-02-04,18.01954732510289,1.980452674897109,历史1/2次成功; 当前距低点1.98%; 最新日涨幅-1.71%; 状态bottom_area; 底部未确认
158,66.05035651606583,56.396463990227744,600751,海航科技,bottom_area,2024-01-22,2.29,2023-11-14,3.12,2024-01-22,2.26,1.3274336283185952,7.522123893805327,27.564102564102573,26.602564102564102,False,-5.76131687242799,0.9821975527692108,5,18,5,27.77777777777778,33.271872141665014,49.66974900924702,2007-07-12; 2007-10-30; 2012-08-03; 2013-12-03; 2015-07-16,18.672566371681405,1.3274336283185952,历史5/18次成功; 当前距低点1.33%; 最新日涨幅-5.76%; 状态bottom_area; 底部未确认
159,66.00698867320449,55.749694146166064,300168,万达信息,bottom_area,2024-01-22,6.87,2023-12-12,9.51,2024-01-22,6.82,0.7331378299120208,8.504398826979473,28.286014721345946,27.760252365930597,False,-6.4032697547683926,0.9686123893251898,3,8,3,37.5,41.28359353959932,66.82352941176471,2015-08-04; 2015-09-02; 2020-02-04,19.266862170087983,0.7331378299120208,历史3/8次成功; 当前距低点0.73%; 最新日涨幅-6.40%; 状态bottom_area; 底部未确认
160,65.84255770703629,55.92265128272849,000547,航天发展,bottom_area,2024-01-22,6.81,2023-11-20,9.94,2024-01-22,6.74,1.0385756676557774,8.160237388724033,32.19315895372233,31.48893360160966,False,-6.327372764786798,1.1662987844597668,5,18,5,27.77777777777778,27.18365247601727,39.79591836734692,1995-02-21; 2006-11-14; 2007-06-26; 2008-03-19; 2011-06-20,18.961424332344222,1.0385756676557774,历史5/18次成功; 当前距低点1.04%; 最新日涨幅-6.33%; 状态bottom_area; 底部未确认
161,65.8399920457451,55.9434365955149,600386,北巴传媒,bottom_area,2024-01-22,3.81,2023-12-18,5.3,2024-01-22,3.77,1.0610079575596827,8.222811671087534,28.867924528301884,28.11320754716981,False,-6.388206388206397,1.4185887896825395,3,10,3,30.0,22.75556311156447,25.49019607843137,2008-04-03; 2015-06-30; 2020-02-04,18.93899204244032,1.0610079575596827,历史3/10次成功; 当前距低点1.06%; 最新日涨幅-6.39%; 状态bottom_area; 底部未确认
162,65.67868248924793,56.34432802630642,300805,电声股份,bottom_area,2024-01-22,8.33,2024-01-11,11.69,2024-01-22,8.2,1.5853658536585464,11.463414634146359,29.85457656116339,28.74251497005988,False,-8.662280701754376,4.9356460594569596,1,2,1,50.0,21.338506304558674,21.338506304558674,2020-04-28,18.414634146341456,1.5853658536585464,历史1/2次成功; 当前距低点1.59%; 最新日涨幅-8.66%; 状态bottom_area; 底部未确认
163,65.58854079498307,55.87664733041153,600588,用友网络,bottom_area,2024-01-22,12.6,2024-01-03,18.28,2024-01-22,12.45,1.2048192771084365,6.024096385542169,31.892778993435456,31.07221006564552,False,-4.255319148936176,0.9158479044833951,6,20,6,30.0,24.159329474294413,34.73972602739726,2005-06-06; 2015-05-05; 2015-07-29; 2018-05-03; 2021-02-04; 2023-05-30,18.795180722891562,1.2048192771084365,历史6/20次成功; 当前距低点1.20%; 最新日涨幅-4.26%; 状态bottom_area; 底部未确认
164,65.5226320161885,55.463920931924285,600100,同方股份,bottom_area,2024-01-22,5.9,2023-12-12,8.33,2024-01-22,5.85,0.854700854700867,7.863247863247863,29.771908763505404,29.17166866746698,False,-5.901116427432207,1.2126683140948384,6,14,6,42.857142857142854,29.63016295276174,36.65430954587581,2001-02-16; 2002-01-18; 2008-04-22; 2014-05-09; 2015-06-30; 2018-06-22,19.145299145299134,0.854700854700867,历史6/14次成功; 当前距低点0.85%; 最新日涨幅-5.90%; 状态bottom_area; 底部未确认
165,65.47091197063381,55.93034241715736,603033,三维股份,bottom_area,2024-01-22,13.46,2023-12-05,18.92,2024-01-22,13.28,1.3554216867469993,7.605421686746987,29.80972515856238,28.858350951374206,False,-5.808257522743165,0.3756921952313652,2,7,2,28.57142857142857,29.38934488524091,33.85620915032679,2018-06-22; 2021-09-29,18.644578313253003,1.3554216867469993,历史2/7次成功; 当前距低点1.36%; 最新日涨幅-5.81%; 状态bottom_area; 底部未确认
166,65.46427095734181,55.13872651331446,000546,金圆股份,bottom_area,2024-01-22,6.91,2024-01-16,9.77,2024-01-22,6.87,0.5822416302765653,9.170305676855893,29.682702149437045,29.273285568065504,False,-9.317585301837273,7.878152379497831,8,25,8,32.0,48.06579263626357,166.41221374045801,1994-08-03; 1994-10-07; 1997-05-26; 2005-07-12; 2007-09-12; 2007-10-29; 2018-10-18; 2020-02-04,19.417758369723437,0.5822416302765653,历史8/25次成功; 当前距低点0.58%; 最新日涨幅-9.32%; 状态bottom_area; 底部未确认
167,65.44241784847135,55.26028939168501,600756,浪潮软件,bottom_area,2024-01-22,11.18,2023-11-20,15.22,2024-01-22,11.1,0.7207207207207215,8.918918918918921,27.069645203679375,26.54402102496715,False,-6.833333333333336,1.9964899062960582,6,15,6,40.0,33.08350878993687,40.22313564298295,1997-07-08; 2004-09-14; 2011-08-09; 2018-02-07; 2020-02-04; 2022-04-27,19.27927927927928,0.7207207207207215,历史6/15次成功; 当前距低点0.72%; 最新日涨幅-6.83%; 状态bottom_area; 底部未确认
168,65.39209372713205,55.5111152182785,600418,江淮汽车,bottom_area,2024-01-22,13.0,2023-12-12,18.24,2024-01-22,12.87,1.0101010101010162,6.682206682206691,29.44078947368421,28.728070175438592,False,-4.411764705882348,2.3032222196228367,6,22,6,27.27272727272727,25.716324894622144,42.760617760617755,2015-06-30; 2015-07-07; 2015-08-26; 2016-01-28; 2021-10-12; 2022-10-11,18.989898989898986,1.0101010101010162,历史6/22次成功; 当前距低点1.01%; 最新日涨幅-4.41%; 状态bottom_area; 底部未确认
169,64.97615495907101,55.128039215686265,002468,申通快递,bottom_area,2024-01-22,7.21,2023-10-09,10.59,2024-01-22,7.14,0.980392156862749,4.901960784313733,32.57790368271955,31.916902738432483,False,-4.376657824933683,0.7095796497009694,3,9,3,33.33333333333333,111.11867029153679,245.29540481400437,2012-12-04; 2015-07-06; 2015-08-25,19.01960784313725,0.980392156862749,历史3/9次成功; 当前距低点0.98%; 最新日涨幅-4.38%; 状态bottom_area; 底部未确认
170,64.97035439167638,55.42273958859849,000065,北方国际,bottom_area,2024-01-22,9.52,2023-12-18,12.9,2024-01-22,9.4,1.2765957446808427,7.446808510638291,27.131782945736433,26.201550387596907,False,-4.895104895104896,0.9443339834386218,4,14,4,28.57142857142857,25.694043936478995,38.2882882882883,2001-07-31; 2008-04-22; 2009-03-02; 2023-12-11,18.72340425531916,1.2765957446808427,历史4/14次成功; 当前距低点1.28%; 最新日涨幅-4.90%; 状态bottom_area; 底部未确认
171,64.96735385917377,55.45555895714005,600936,北投科技,bottom_area,2024-01-22,3.09,2023-12-13,4.34,2024-01-22,3.05,1.3114754098360668,9.18032786885247,29.72350230414747,28.801843317972352,False,-6.079027355623101,0.7663254841149264,1,4,1,25.0,34.03614457831326,34.03614457831326,2016-10-21,18.688524590163937,1.3114754098360668,历史1/4次成功; 当前距低点1.31%; 最新日涨幅-6.08%; 状态bottom_area; 底部未确认
172,64.88260043915457,54.8838937006862,300633,开立医疗,bottom_area,2024-01-22,38.27,2023-11-30,52.3,2024-01-22,37.96,0.8166491043203432,7.060063224446784,27.418738049713188,26.82600382409177,False,-5.970515970515966,1.9308670137419746,1,2,1,50.0,43.90243902439025,43.90243902439025,2018-02-07,19.183350895679656,0.8166491043203432,历史1/2次成功; 当前距低点0.82%; 最新日涨幅-5.97%; 状态bottom_area; 底部未确认
173,64.8405278815598,55.20808893857524,301236,软通动力,bottom_area,2024-01-22,36.2,2024-01-11,49.4,2024-01-22,35.78,1.1738401341531628,14.840693124650647,27.57085020242915,26.720647773279342,False,-12.029161603888205,10.359519534401542,1,3,1,33.33333333333333,29.629629629629626,29.629629629629626,2022-10-10,18.82615986584684,1.1738401341531628,历史1/3次成功; 当前距低点1.17%; 最新日涨幅-12.03%; 状态bottom_area; 底部未确认
174,64.79113981971388,55.179267428877196,002277,友阿股份,bottom_area,2024-01-22,3.41,2023-12-04,4.65,2024-01-22,3.37,1.1869436201780426,10.089020771513349,27.52688172043011,26.66666666666667,False,-7.837837837837835,1.68041578418027,2,7,2,28.57142857142857,23.28609230428717,26.255380200860845,2013-06-25; 2015-06-30,18.81305637982196,1.1869436201780426,历史2/7次成功; 当前距低点1.19%; 最新日涨幅-7.84%; 状态bottom_area; 底部未确认
175,64.73967926559757,55.7062356471421,600720,中交设计,bottom_area,2024-01-22,8.14,2023-10-25,11.09,2024-01-22,8.0,1.750000000000007,7.87500000000001,27.862939585211905,26.600541027953106,False,-5.238649592549471,0.9704080347251207,6,19,6,31.57894736842105,26.50494547133566,31.623931623931632,1996-12-18; 1998-08-18; 2001-10-19; 2005-07-18; 2008-08-13; 2012-07-10,18.249999999999993,1.750000000000007,历史6/19次成功; 当前距低点1.75%; 最新日涨幅-5.24%; 状态bottom_area; 底部未确认
176,64.5882121307822,55.14950923820987,000633,合金投资,bottom_area,2024-01-22,6.1,2023-11-24,8.67,2024-01-22,6.02,1.328903654485051,9.302325581395358,30.56516724336794,29.64244521337947,False,-6.727828746177378,1.585578348127999,4,14,4,28.57142857142857,24.86625729112941,30.12820512820511,1997-08-20; 2004-06-29; 2006-05-08; 2020-02-04,18.67109634551495,1.328903654485051,历史4/14次成功; 当前距低点1.33%; 最新日涨幅-6.73%; 状态bottom_area; 底部未确认
177,64.55382188295161,55.106921119592855,601319,中国人保,bottom_area,2024-01-22,4.62,2023-08-28,6.33,2024-01-18,4.56,1.3157894736842215,4.166666666666676,27.962085308056878,27.014218009478675,False,-1.7021276595744705,0.19049823076852107,1,3,1,33.33333333333333,20.610687022900773,20.610687022900773,2019-11-29,18.68421052631578,1.3157894736842215,历史1/3次成功; 当前距低点1.32%; 最新日涨幅-1.70%; 状态bottom_area; 底部未确认
178,64.45461887556182,54.25215132918338,600639,浦东金桥,bottom_area,2024-01-22,9.21,2023-08-30,13.64,2024-01-22,9.16,0.5458515283842873,5.567685589519648,32.84457478005866,32.47800586510264,False,-4.9535603715170184,0.6484194199593312,4,13,4,30.76923076923077,45.51985383816961,85.08655126498003,1994-04-20; 1995-04-27; 2007-06-05; 2008-04-22,19.454148471615714,0.5458515283842873,历史4/13次成功; 当前距低点0.55%; 最新日涨幅-4.95%; 状态bottom_area; 底部未确认
179,64.44840948314548,54.419177541658726,300657,弘信电子,bottom_area,2024-01-22,15.41,2023-12-19,22.25,2024-01-22,15.3,0.7189542483660093,10.326797385620903,31.23595505617977,30.741573033707866,False,-7.056694813027731,2.3682620042188818,2,6,2,33.33333333333333,42.98419298171985,52.493809692253265,2020-02-04; 2022-04-27,19.28104575163399,0.7189542483660093,历史2/6次成功; 当前距低点0.72%; 最新日涨幅-7.06%; 状态bottom_area; 底部未确认
180,64.37624140549836,56.11769357225054,002577,雷柏科技,bottom_area,2024-01-22,14.99,2024-01-12,20.5,2024-01-22,14.63,2.460697197539299,10.731373889268616,28.634146341463413,26.878048780487806,False,-7.753846153846156,3.964292856915207,2,7,2,28.57142857142857,43.94514767932489,50.0,2018-02-07; 2022-04-27,17.539302802460703,2.460697197539299,历史2/7次成功; 当前距低点2.46%; 最新日涨幅-7.75%; 状态bottom_area; 底部未确认
181,64.22531573356873,54.25426214936173,000665,湖北广电,bottom_area,2024-01-22,4.07,2023-12-14,5.66,2024-01-22,4.04,0.7425742574257487,7.673267326732663,28.621908127208485,28.091872791519428,False,-5.7870370370370345,1.1632899541350807,7,18,7,38.88888888888889,30.350049645538853,58.752997601918466,1997-01-07; 2008-04-03; 2008-09-18; 2011-06-22; 2012-12-04; 2020-02-04; 2022-04-18,19.257425742574252,0.7425742574257487,历史7/18次成功; 当前距低点0.74%; 最新日涨幅-5.79%; 状态bottom_area; 底部未确认
182,64.18127672955997,55.470651055933004,600397,江钨装备,bottom_area,2024-01-22,2.56,2024-01-12,3.47,2024-01-22,2.51,1.9920318725099708,9.163346613545835,27.665706051873208,26.224783861671476,False,-6.569343065693434,3.3728340443128806,3,12,3,25.0,42.45958992072982,69.43005181347151,2010-07-05; 2019-11-18; 2021-02-08,18.00796812749003,1.9920318725099708,历史3/12次成功; 当前距低点1.99%; 最新日涨幅-6.57%; 状态bottom_area; 底部未确认
183,64.16638463770238,54.39754480497585,688001,华兴源创,bottom_area,2024-01-22,25.86,2024-01-02,36.2,2024-01-22,25.62,0.9367681498828979,6.947697111631528,29.226519337016576,28.563535911602216,False,-4.6460176991150455,0.26397176492963637,2,5,2,40.0,31.093420358649794,35.3639240506329,2022-04-27; 2022-10-12,19.063231850117106,0.9367681498828979,历史2/5次成功; 当前距低点0.94%; 最新日涨幅-4.65%; 状态bottom_area; 底部未确认
184,64.1526518216973,53.846920303691405,002020,京新药业,bottom_area,2024-01-22,10.22,2023-12-12,14.22,2024-01-22,10.18,0.3929273084479462,8.939096267190571,28.410689170182845,28.129395218002813,False,-7.678410117434509,2.915638155841566,3,8,3,37.5,26.883304123401725,32.730732635585156,2008-09-18; 2015-08-25; 2018-10-18,19.607072691552055,0.3929273084479462,历史3/8次成功; 当前距低点0.39%; 最新日涨幅-7.68%; 状态bottom_area; 底部未确认
185,64.11887388746788,55.21102483295033,600682,南京新百,bottom_area,2024-01-22,6.26,2023-12-13,8.5,2024-01-22,6.15,1.7886178861788524,9.593495934959346,27.64705882352941,26.35294117647059,False,-7.533234859675031,1.2183732962719662,5,18,5,27.77777777777778,32.55176972577242,39.71774193548387,1993-12-20; 1994-08-10; 1998-08-18; 2008-09-18; 2016-03-01,18.21138211382115,1.7886178861788524,历史5/18次成功; 当前距低点1.79%; 最新日涨幅-7.53%; 状态bottom_area; 底部未确认
186,63.977844205638704,55.03672446345315,600320,振华重工,bottom_area,2024-01-22,2.93,2023-07-27,4.0,2024-01-22,2.88,1.7361111111111205,6.597222222222221,28.000000000000004,26.749999999999996,False,-3.934426229508181,0.7096990472363927,2,8,2,25.0,36.989558047239235,40.487804878048784,2008-11-07; 2009-06-26,18.26388888888888,1.7361111111111205,历史2/8次成功; 当前距低点1.74%; 最新日涨幅-3.93%; 状态bottom_area; 底部未确认
187,63.954173932691674,54.60198086540551,603520,司太立,bottom_area,2024-01-22,11.49,2023-11-09,16.49,2024-01-22,11.34,1.322751322751326,8.730158730158733,31.231049120679195,30.321406913280768,False,-7.038834951456307,1.1739926953702446,1,6,1,16.666666666666664,47.6407914764079,47.6407914764079,2020-06-03,18.677248677248677,1.322751322751326,历史1/6次成功; 当前距低点1.32%; 最新日涨幅-7.04%; 状态bottom_area; 底部未确认
188,63.93005448828023,54.554724120845954,688003,天准科技,bottom_area,2024-01-22,29.7,2023-11-21,41.36,2024-01-22,29.32,1.2960436562073636,9.652114597544333,29.110251450676984,28.191489361702125,False,-7.361197754210869,0.8875028268576097,1,4,1,25.0,29.003783102143764,29.003783102143764,2019-11-27,18.703956343792637,1.2960436562073636,历史1/4次成功; 当前距低点1.30%; 最新日涨幅-7.36%; 状态bottom_area; 底部未确认
189,63.74091309411433,54.33724324306893,002331,皖通科技,bottom_area,2024-01-22,7.35,2023-12-05,10.03,2024-01-22,7.26,1.2396694214876014,6.887052341597796,27.617148554336985,26.719840478564304,False,-5.161290322580648,2.7597890565202845,2,8,2,25.0,27.143492064842256,33.03909205548551,2018-02-07; 2022-10-11,18.7603305785124,1.2396694214876014,历史2/8次成功; 当前距低点1.24%; 最新日涨幅-5.16%; 状态bottom_area; 底部未确认
190,63.70877321165157,53.82338849332338,300066,三川智慧,bottom_area,2024-01-22,4.04,2023-11-08,5.61,2024-01-22,4.01,0.7481296758104801,8.4788029925187,28.52049910873441,27.98573975044564,False,-7.126436781609192,1.6437542889136705,4,12,4,33.33333333333333,40.13866032708566,65.81632653061224,2016-01-18; 2017-01-16; 2019-05-08; 2022-04-27,19.25187032418952,0.7481296758104801,历史4/12次成功; 当前距低点0.75%; 最新日涨幅-7.13%; 状态bottom_area; 底部未确认
191,63.703676217474964,53.43923694779118,603811,诚意药业,bottom_area,2024-01-22,8.33,2023-11-27,11.43,2024-01-22,8.3,0.36144578313252235,9.036144578313252,27.384076990376194,27.121609798775147,False,-6.823266219239366,2.2265518875186627,1,3,1,33.33333333333333,59.49367088607595,59.49367088607595,2020-06-04,19.63855421686748,0.36144578313252235,历史1/3次成功; 当前距低点0.36%; 最新日涨幅-6.82%; 状态bottom_area; 底部未确认
192,63.626810977350914,54.03668294598207,002373,千方科技,bottom_area,2024-01-22,8.79,2023-12-13,12.5,2024-01-22,8.7,1.0344827586206882,8.620689655172415,30.400000000000006,29.680000000000007,False,-6.588735387885237,1.1437824148607654,1,4,1,25.0,23.012385137834592,23.012385137834592,2016-03-01,18.965517241379313,1.0344827586206882,历史1/4次成功; 当前距低点1.03%; 最新日涨幅-6.59%; 状态bottom_area; 底部未确认
193,63.62227236055,55.21542951742835,300909,汇创达,bottom_area,2024-01-22,23.5,2023-12-29,31.56,2024-01-22,22.99,2.21835580687256,7.438016528925624,27.154626108998738,25.53865652724968,False,-5.203711173860426,3.0498047172313343,1,2,1,50.0,23.02839116719243,23.02839116719243,2023-10-24,17.78164419312744,2.21835580687256,历史1/2次成功; 当前距低点2.22%; 最新日涨幅-5.20%; 状态bottom_area; 底部未确认
194,63.59169328702361,53.88389678909304,301201,诚达药业,bottom_area,2024-01-22,21.07,2023-11-09,29.17,2024-01-22,20.88,0.9099616858237609,9.626436781609202,28.419609187521434,27.768255056564968,False,-7.628233231039017,2.1751488267678734,1,2,1,50.0,39.66994318694201,39.66994318694201,2022-03-08,19.09003831417624,0.9099616858237609,历史1/2次成功; 当前距低点0.91%; 最新日涨幅-7.63%; 状态bottom_area; 底部未确认
195,63.5439179074758,54.05939085178345,600831,广电网络,bottom_area,2024-01-22,4.48,2023-12-14,6.47,2024-01-22,4.43,1.1286681715575781,8.803611738148998,31.530139103554873,30.757341576506946,False,-6.666666666666654,1.4773674462825883,4,21,4,19.047619047619047,37.185826917979846,54.36241610738255,2010-06-07; 2011-06-10; 2018-10-19; 2020-02-04,18.871331828442422,1.1286681715575781,历史4/21次成功; 当前距低点1.13%; 最新日涨幅-6.67%; 状态bottom_area; 底部未确认
196,63.532376950165045,55.227491074326494,600050,中国联通,bottom_area,2024-01-22,3.99,2023-08-22,5.56,2024-01-18,3.9,2.3076923076923155,4.102564102564095,29.856115107913666,28.23741007194244,False,-1.2376237623762387,0.5540623696169233,1,3,1,33.33333333333333,33.41772151898733,33.41772151898733,2008-09-18,17.692307692307686,2.3076923076923155,历史1/3次成功; 当前距低点2.31%; 最新日涨幅-1.24%; 状态bottom_area; 底部未确认
197,63.45220306773513,54.545490137120666,603289,泰瑞机器,bottom_area,2024-01-22,8.39,2024-01-02,11.54,2024-01-22,8.25,1.6969696969697037,10.909090909090914,28.509532062391674,27.29636048526862,False,-8.004385964912263,2.026261300794997,2,8,2,25.0,33.86871530221285,40.702947845804985,2022-04-25; 2022-12-23,18.303030303030297,1.6969696969697037,历史2/8次成功; 当前距低点1.70%; 最新日涨幅-8.00%; 状态bottom_area; 底部未确认
198,63.4296824881407,53.74320105056387,600771,广誉远,bottom_area,2024-01-22,21.15,2023-12-13,31.19,2024-01-22,20.96,0.9064885496183098,9.494274809160297,32.79897403013787,32.18980442449504,False,-7.114624505928857,1.8133731365771146,8,21,8,38.095238095238095,31.33125801781001,64.91228070175441,2007-07-02; 2007-12-03; 2008-03-20; 2008-04-03; 2009-03-03; 2012-05-04; 2016-03-16; 2018-09-18,19.09351145038169,0.9064885496183098,历史8/21次成功; 当前距低点0.91%; 最新日涨幅-7.11%; 状态bottom_area; 底部未确认
199,63.420427144949834,55.000333452258644,002298,中电鑫龙,bottom_area,2024-01-22,4.69,2023-11-21,6.42,2024-01-22,4.59,2.1786492374727784,8.496732026143803,28.504672897196265,26.94704049844236,False,-5.252525252525253,2.5003139155017506,3,9,3,33.33333333333333,24.16301279765181,24.64589235127478,2015-09-02; 2018-02-09; 2022-10-10,17.82135076252722,2.1786492374727784,历史3/9次成功; 当前距低点2.18%; 最新日涨幅-5.25%; 状态bottom_area; 底部未确认
200,63.29669753903265,53.365399716927755,600850,电科数字,bottom_area,2024-01-22,17.41,2023-12-13,24.24,2024-01-22,17.3,0.635838150289014,7.398843930635824,28.630363036303624,28.176567656765673,False,-5.585683297180044,0.9054411365243045,8,22,8,36.36363636363637,29.734221747533645,33.97129186602872,1994-08-10; 1995-01-03; 1996-12-25; 1998-05-12; 2006-04-25; 2008-04-22; 2008-09-18; 2018-08-20,19.364161849710985,0.635838150289014,历史8/22次成功; 当前距低点0.64%; 最新日涨幅-5.59%; 状态bottom_area; 底部未确认
201,63.250095056532324,53.879710603712724,603528,多伦科技,bottom_area,2024-01-22,7.59,2023-12-04,10.88,2024-01-22,7.5,1.1999999999999982,8.533333333333342,31.066176470588243,30.238970588235297,False,-5.947955390334581,1.9924631805086086,2,8,2,25.0,24.197368837165172,26.407766990291247,2018-10-12; 2021-11-02,18.800000000000004,1.1999999999999982,历史2/8次成功; 当前距低点1.20%; 最新日涨幅-5.95%; 状态bottom_area; 底部未确认
202,63.2018595314802,53.80866977827794,600222,太龙药业,bottom_area,2024-01-22,5.19,2023-11-24,7.63,2024-01-22,5.13,1.1695906432748635,8.771929824561408,32.765399737876805,31.97903014416775,False,-6.148282097649183,2.3143783451765847,3,12,3,25.0,23.44266905884202,26.789366053169744,2015-06-30; 2018-02-07; 2019-05-08,18.830409356725138,1.1695906432748635,历史3/12次成功; 当前距低点1.17%; 最新日涨幅-6.15%; 状态bottom_area; 底部未确认
203,63.17983835759035,53.69633913070889,603650,彤程新材,bottom_area,2024-01-22,26.34,2023-12-12,35.71,2024-01-22,26.06,1.0744435917114394,9.171143514965467,27.0232427891347,26.239148697843746,False,-6.794055201698523,0.7907095754437601,1,3,1,33.33333333333333,20.283533260632492,20.283533260632492,2019-05-08,18.925556408288564,1.0744435917114394,历史1/3次成功; 当前距低点1.07%; 最新日涨幅-6.79%; 状态bottom_area; 底部未确认
204,63.15474131248829,53.22160843039381,688389,普门科技,bottom_area,2024-01-22,18.11,2023-12-01,25.0,2024-01-22,18.0,0.6111111111111079,5.9444444444444455,28.000000000000004,27.560000000000002,False,-4.129168872419275,0.9016870275536104,1,2,1,50.0,32.445923460898506,32.445923460898506,2022-04-27,19.388888888888893,0.6111111111111079,历史1/2次成功; 当前距低点0.61%; 最新日涨幅-4.13%; 状态bottom_area; 底部未确认
205,63.07854642294278,54.74194221146229,600828,茂业商业,bottom_area,2024-01-22,4.15,2024-01-16,5.76,2024-01-22,4.06,2.216748768472925,16.00985221674878,29.513888888888896,27.95138888888888,False,-7.982261640798216,4.006797762416742,7,24,7,29.166666666666668,32.26861686512844,35.7142857142857,1994-06-01; 1997-07-09; 2001-02-23; 2002-06-06; 2007-06-06; 2008-09-18; 2012-12-04,17.783251231527075,2.216748768472925,历史7/24次成功; 当前距低点2.22%; 最新日涨幅-7.98%; 状态bottom_area; 底部未确认
206,63.06252838249601,54.29460337377671,300448,浩云科技,bottom_area,2024-01-22,4.57,2023-11-15,6.31,2024-01-22,4.49,1.7817371937639215,8.685968819599102,28.8431061806656,27.575277337559424,False,-7.4898785425101195,1.4753011571383776,2,7,2,28.57142857142857,25.820851942326513,27.957493358337228,2016-01-14; 2020-07-27,18.21826280623608,1.7817371937639215,历史2/7次成功; 当前距低点1.78%; 最新日涨幅-7.49%; 状态bottom_area; 底部未确认
207,62.99848538973756,53.02420289855072,002887,绿茵生态,bottom_area,2024-01-22,7.4,2024-01-12,10.16,2024-01-22,7.36,0.5434782608695656,9.510869565217392,27.55905511811023,27.16535433070866,False,-7.730673316708225,4.52959569396209,1,3,1,33.33333333333333,84.02282453637662,84.02282453637662,2022-04-27,19.456521739130437,0.5434782608695656,历史1/3次成功; 当前距低点0.54%; 最新日涨幅-7.73%; 状态bottom_area; 底部未确认
208,62.90930322557905,53.38393451754628,600206,有研新材,bottom_area,2024-01-22,10.2,2023-11-09,14.13,2024-01-22,10.1,0.9900990099009866,7.524752475247523,28.52087756546356,27.8131634819533,False,-6.077348066298349,0.9115313526796707,6,15,6,40.0,26.297635807099645,31.707317073170753,2008-06-19; 2009-08-19; 2011-08-09; 2012-12-04; 2015-07-29; 2019-05-08,19.009900990099016,0.9900990099009866,历史6/15次成功; 当前距低点0.99%; 最新日涨幅-6.08%; 状态bottom_area; 底部未确认
209,62.85299933489697,53.81447731187523,688039,当虹科技,bottom_area,2024-01-22,26.09,2023-12-29,36.38,2024-01-22,25.71,1.4780241151302955,9.918319719953328,29.329301814183623,28.284771852666307,False,-6.353194544149321,2.082613848664568,1,6,1,16.666666666666664,45.31024531024532,45.31024531024532,2019-12-16,18.521975884869708,1.4780241151302955,历史1/6次成功; 当前距低点1.48%; 最新日涨幅-6.35%; 状态bottom_area; 底部未确认
210,62.848460720475494,53.056952203010496,300161,华中数控,bottom_area,2024-01-22,27.05,2023-12-13,39.02,2024-01-22,26.86,0.7073715562174285,8.637379002233807,31.16350589441313,30.67657611481292,False,-6.141568355308813,2.5661776165729204,3,8,3,37.5,26.490641673044262,29.268292682926823,2012-12-04; 2014-09-11; 2018-10-19,19.292628443782572,0.7073715562174285,历史3/8次成功; 当前距低点0.71%; 最新日涨幅-6.14%; 状态bottom_area; 底部未确认
211,62.82640848629373,53.70981848184818,301117,佳缘科技,bottom_area,2024-01-22,38.53,2024-01-02,55.99,2024-01-22,38.0,1.3947368421052662,10.23684210526316,32.13073763171995,31.184140025004464,False,-6.684427222087663,2.170471710327565,1,3,1,33.33333333333333,24.28217821782179,24.28217821782179,2022-04-28,18.605263157894736,1.3947368421052662,历史1/3次成功; 当前距低点1.39%; 最新日涨幅-6.68%; 状态bottom_area; 底部未确认
212,62.766748178064425,53.61813102256314,603706,东方环宇,bottom_area,2024-01-22,14.23,2023-11-13,20.64,2024-01-22,14.04,1.3532763532763625,10.327635327635337,31.976744186046517,31.0562015503876,False,-7.296416938110739,1.0348886400449486,1,5,1,20.0,35.50323176361958,35.50323176361958,2019-01-31,18.64672364672364,1.3532763532763625,历史1/5次成功; 当前距低点1.35%; 最新日涨幅-7.30%; 状态bottom_area; 底部未确认
213,62.58919830197333,53.17389506550494,300075,数字政通,bottom_area,2024-01-22,13.43,2023-12-12,19.75,2024-01-22,13.29,1.0534236267870623,8.954100827690002,32.708860759493675,32.0,False,-6.8008327550312275,2.7239718364808607,1,5,1,20.0,29.43925233644859,29.43925233644859,2022-04-15,18.946576373212938,1.0534236267870623,历史1/5次成功; 当前距低点1.05%; 最新日涨幅-6.80%; 状态bottom_area; 底部未确认
214,62.54293714732721,53.74118040533198,002395,双象股份,bottom_area,2024-01-22,16.4,2024-01-11,23.91,2024-01-22,16.13,1.673899566026036,10.291382517048978,32.53868674194898,31.409452112087,False,-5.147484094852517,8.39660412087498,3,13,3,23.076923076923077,33.42834094554485,36.59976387249114,2014-01-10; 2018-02-07; 2022-08-10,18.326100433973966,1.673899566026036,历史3/13次成功; 当前距低点1.67%; 最新日涨幅-5.15%; 状态bottom_area; 底部未确认
215,62.511692360727444,52.455520893041374,688176,亚虹医药,bottom_area,2024-01-22,7.96,2023-12-29,10.92,2024-01-22,7.93,0.3783102143757913,11.979823455233305,27.380952380952383,27.106227106227106,False,-9.545454545454557,2.847418299396632,1,2,1,50.0,25.473484848484844,25.473484848484844,2022-04-27,19.62168978562421,0.3783102143757913,历史1/2次成功; 当前距低点0.38%; 最新日涨幅-9.55%; 状态bottom_area; 底部未确认
216,62.48709168646623,52.51420966711504,300446,航天智造,bottom_area,2024-01-22,13.08,2023-11-28,17.93,2024-01-22,13.02,0.46082949308756144,6.758832565284184,27.384272169548247,27.04963747908533,False,-6.236559139784936,1.2989338963003891,3,11,3,27.27272727272727,42.70963344325585,51.92697768762679,2020-02-04; 2020-11-03; 2022-04-27,19.53917050691244,0.46082949308756144,历史3/11次成功; 当前距低点0.46%; 最新日涨幅-6.24%; 状态bottom_area; 底部未确认
217,62.429174255356216,52.732718369047696,688456,有研粉材,bottom_area,2024-01-22,23.2,2023-12-06,32.0,2024-01-22,23.03,0.7381676074685113,10.290924880590522,28.031249999999996,27.500000000000004,False,-8.155186064924791,0.9054601582095312,1,2,1,50.0,31.374949000407998,31.374949000407998,2021-11-03,19.26183239253149,0.7381676074685113,历史1/2次成功; 当前距低点0.74%; 最新日涨幅-8.16%; 状态bottom_area; 底部未确认
218,62.41155515191384,52.907754759864154,600765,中航重机,bottom_area,2024-01-22,14.04,2024-01-02,19.88,2024-01-22,13.91,0.9345794392523292,6.829618979151684,30.030181086519107,29.376257545271628,False,-5.518169582772547,1.5523278418005382,6,16,6,37.5,28.473633770749807,37.344398340248965,2006-11-20; 2008-03-19; 2008-04-03; 2009-08-19; 2010-07-02; 2016-01-14,19.065420560747672,0.9345794392523292,历史6/16次成功; 当前距低点0.93%; 最新日涨幅-5.52%; 状态bottom_area; 底部未确认
219,62.332871953240804,52.17656279609185,300782,卓胜微,bottom_area,2024-01-22,106.97,2023-12-14,147.95,2024-01-22,106.71,0.2436510167744402,5.89448036735077,27.874281851977017,27.69854680635349,False,-10.320254862508381,3.0205857255199415,1,2,1,50.0,22.32304900181489,22.32304900181489,2022-04-14,19.75634898322556,0.2436510167744402,历史1/2次成功; 当前距低点0.24%; 最新日涨幅-10.32%; 状态bottom_area; 底部未确认
220,62.19036891938776,52.35325555447628,000603,盛达资源,bottom_area,2024-01-22,9.09,2023-12-04,13.48,2024-01-22,9.04,0.5530973451327512,6.747787610619484,32.93768545994066,32.56676557863502,False,-5.803108808290158,1.44928203981055,6,18,6,33.33333333333333,29.844000903471045,45.3074433656958,1996-12-18; 2007-12-18; 2012-12-04; 2015-06-30; 2015-08-26; 2020-02-04,19.446902654867248,0.5530973451327512,历史6/18次成功; 当前距低点0.55%; 最新日涨幅-5.80%; 状态bottom_area; 底部未确认
221,62.17690494788155,52.875456100929696,002589,瑞康医药,bottom_area,2024-01-22,2.74,2023-11-24,3.76,2024-01-22,2.71,1.1070110701107103,7.749077490774907,27.925531914893615,27.127659574468076,False,-5.841924398625431,1.714048376012868,1,5,1,20.0,28.49162011173183,28.49162011173183,2022-02-24,18.89298892988929,1.1070110701107103,历史1/5次成功; 当前距低点1.11%; 最新日涨幅-5.84%; 状态bottom_area; 底部未确认
222,62.149455231648595,53.03782831584891,300191,潜能恒信,bottom_area,2024-01-22,12.48,2023-11-21,17.92,2024-01-22,12.32,1.2987012987012998,8.603896103896108,31.250000000000007,30.35714285714286,False,-6.446776611694149,1.4997174438843555,1,4,1,25.0,20.88100686498855,20.88100686498855,2020-02-04,18.7012987012987,1.2987012987012998,历史1/4次成功; 当前距低点1.30%; 最新日涨幅-6.45%; 状态bottom_area; 底部未确认
223,62.039406672237654,52.35018583612732,300072,海新能科,bottom_area,2024-01-22,2.95,2023-11-28,4.12,2024-01-22,2.93,0.6825938566552906,9.215017064846416,28.883495145631066,28.398058252427184,False,-7.8125,1.267624225975275,3,10,3,30.0,38.637095856459005,70.90327737809751,2015-07-08; 2018-10-17; 2020-02-04,19.31740614334471,0.6825938566552906,历史3/10次成功; 当前距低点0.68%; 最新日涨幅-7.81%; 状态bottom_area; 底部未确认
224,61.99348015188282,52.10243964628351,603078,江化微,bottom_area,2024-01-22,12.99,2023-11-08,18.98,2024-01-22,12.93,0.46403712296984145,8.043310131477192,31.87565858798736,31.559536354056906,False,-6.814921090387371,1.3965713209110528,2,6,2,33.33333333333333,27.403822329684964,30.24410426148117,2019-05-06; 2021-02-08,19.535962877030162,0.46403712296984145,历史2/6次成功; 当前距低点0.46%; 最新日涨幅-6.81%; 状态bottom_area; 底部未确认
225,61.96507378990542,52.20199989146277,300007,汉威科技,bottom_area,2024-01-22,15.26,2024-01-02,21.15,2024-01-22,15.17,0.5932762030322997,7.778510217534618,28.274231678486995,27.848699763593377,False,-5.91861898890258,4.002455468065489,3,11,3,27.27272727272727,42.654626577781265,54.92753623188405,2010-09-30; 2011-01-25; 2023-04-25,19.4067237969677,0.5932762030322997,历史3/11次成功; 当前距低点0.59%; 最新日涨幅-5.92%; 状态bottom_area; 底部未确认
226,61.94521449681478,52.576554584486246,000705,浙江震元,bottom_area,2024-01-22,8.07,2024-01-05,11.42,2024-01-22,7.99,1.0012515644555704,8.63579474342928,30.035026269702275,29.334500875656737,False,-6.488991888760143,7.599407839559211,3,16,3,18.75,28.296549201316907,35.0,1997-05-26; 2002-01-23; 2016-01-29,18.998748435544428,1.0012515644555704,历史3/16次成功; 当前距低点1.00%; 最新日涨幅-6.49%; 状态bottom_area; 底部未确认
227,61.93272941169508,52.62212977853379,000800,一汽解放,bottom_area,2024-01-22,7.63,2023-11-29,10.86,2024-01-22,7.55,1.0596026490066235,5.562913907284767,30.478821362799263,29.742173112338854,False,-3.6616161616161658,0.31090841867512153,3,14,3,21.428571428571427,23.453277056745172,25.555555555555564,1999-06-15; 1999-12-28; 2010-02-01,18.940397350993376,1.0596026490066235,历史3/14次成功; 当前距低点1.06%; 最新日涨幅-3.66%; 状态bottom_area; 底部未确认
228,61.88972141852679,53.773692059378895,300517,海波重科,bottom_area,2024-01-22,10.76,2023-12-27,14.47,2024-01-22,10.52,2.281368821292778,11.216730038022812,27.297857636489294,25.639253628196272,False,-6.597222222222221,3.1114324957632613,1,4,1,25.0,36.88286544046467,36.88286544046467,2022-04-27,17.718631178707223,2.281368821292778,历史1/4次成功; 当前距低点2.28%; 最新日涨幅-6.60%; 状态bottom_area; 底部未确认
229,61.63521058383343,52.146294668707895,000021,深科技,bottom_area,2024-01-22,12.2,2023-12-04,17.8,2024-01-22,12.1,0.8264462809917326,6.859504132231406,32.022471910112365,31.460674157303377,False,-5.352986811481775,1.587572571911829,4,11,4,36.36363636363637,25.51638029475045,31.45985401459856,1995-04-27; 1996-06-13; 2001-02-16; 2022-10-10,19.173553719008268,0.8264462809917326,历史4/11次成功; 当前距低点0.83%; 最新日涨幅-5.35%; 状态bottom_area; 底部未确认
230,61.58965117986349,52.953595070973215,002434,万里扬,bottom_area,2024-01-22,5.96,2023-11-20,8.66,2024-01-22,5.86,1.7064846416382191,9.897610921501707,32.33256351039261,31.177829099307157,False,-7.453416149068326,1.4616108526115734,1,4,1,25.0,25.426774483378257,25.426774483378257,2015-08-26,18.29351535836178,1.7064846416382191,历史1/4次成功; 当前距低点1.71%; 最新日涨幅-7.45%; 状态bottom_area; 底部未确认
231,61.58248985417003,54.066626185512355,300049,福瑞医科,bottom_area,2024-01-22,34.99,2024-01-12,47.65,2024-01-22,34.02,2.85126396237507,19.66490299823632,28.604407135362003,26.56873032528856,False,-13.98721730580137,6.1004700907655955,3,9,3,33.33333333333333,27.38803594835579,35.37675606641123,2014-02-28; 2017-01-16; 2020-04-28,17.148736037624932,2.85126396237507,历史3/9次成功; 当前距低点2.85%; 最新日涨幅-13.99%; 状态bottom_area; 底部未确认
232,61.54505552521214,52.03636895349102,002120,韵达股份,bottom_area,2024-01-22,6.37,2023-11-06,9.43,2024-01-22,6.32,0.7911392405063262,5.854430379746836,32.97985153764581,32.44962884411453,False,-5.208333333333326,1.152167040243257,3,8,3,37.5,22.030464633577658,22.68041237113401,2012-12-04; 2015-01-05; 2017-08-08,19.208860759493675,0.7911392405063262,历史3/8次成功; 当前距低点0.79%; 最新日涨幅-5.21%; 状态bottom_area; 底部未确认
233,61.52874006601998,51.932844273013366,300206,理邦仪器,bottom_area,2024-01-22,8.67,2023-11-24,11.86,2024-01-22,8.61,0.6968641114982637,7.549361207897798,27.40303541315346,26.897133220910618,False,-6.371490280777536,1.5678249672901112,3,10,3,30.0,36.56824971628712,40.95238095238097,2012-12-04; 2013-05-17; 2015-05-29,19.30313588850174,0.6968641114982637,历史3/10次成功; 当前距低点0.70%; 最新日涨幅-6.37%; 状态bottom_area; 底部未确认
234,61.528371075237885,52.0218350291977,301047,义翘神州,bottom_area,2024-01-22,67.56,2023-11-08,92.21,2024-01-22,67.03,0.7906907354915726,6.877517529464418,27.307233488775616,26.732458518598847,False,-5.695142378559459,0.6113031932160686,1,2,1,50.0,28.196827452249927,28.196827452249927,2021-11-02,19.209309264508427,0.7906907354915726,历史1/2次成功; 当前距低点0.79%; 最新日涨幅-5.70%; 状态bottom_area; 底部未确认
235,61.49703247951999,52.13249221183799,300580,贝斯特,bottom_area,2024-01-22,23.76,2023-12-22,32.29,2024-01-22,23.54,0.9345794392523468,8.198810535259133,27.09817280891917,26.416847321152055,False,-6.382978723404243,1.2765754852224696,1,3,1,33.33333333333333,53.89266817838245,53.89266817838245,2022-04-27,19.065420560747654,0.9345794392523468,历史1/3次成功; 当前距低点0.93%; 最新日涨幅-6.38%; 状态bottom_area; 底部未确认
236,61.03224117593603,51.64266561040741,300256,星星科技,bottom_area,2024-01-22,2.42,2023-11-21,3.57,2024-01-22,2.4,0.8333333333333341,7.500000000000007,32.773109243697476,32.212885154061624,False,-5.46875,1.3113170212703718,3,9,3,33.33333333333333,29.458775683193966,44.20062695924764,2013-09-02; 2014-02-26; 2019-05-06,19.166666666666668,0.8333333333333341,历史3/9次成功; 当前距低点0.83%; 最新日涨幅-5.47%; 状态bottom_area; 底部未确认
237,60.926172764265694,51.6640420690843,600460,士兰微,bottom_area,2024-01-22,20.17,2023-11-10,27.85,2024-01-18,19.98,0.9509509509509573,5.805805805805806,28.258527827648116,27.576301615798922,False,-3.4928229665071586,0.6066685070318852,6,18,6,33.33333333333333,31.015467225371808,41.15323854660348,2004-08-30; 2005-06-03; 2009-03-02; 2013-06-25; 2015-06-30; 2019-05-07,19.049049049049042,0.9509509509509573,历史6/18次成功; 当前距低点0.95%; 最新日涨幅-3.49%; 状态bottom_area; 底部未确认
238,60.90911376387475,52.17109744331887,000860,顺鑫农业,bottom_area,2024-01-22,18.27,2023-11-23,25.84,2024-01-22,18.0,1.4999999999999978,6.6666666666666625,30.340557275541798,29.295665634674922,False,-5.3858104609010855,1.3198753230514382,2,9,2,22.22222222222222,24.707214450340352,26.266280752532555,2005-07-12; 2008-03-18,18.500000000000004,1.4999999999999978,历史2/9次成功; 当前距低点1.50%; 最新日涨幅-5.39%; 状态bottom_area; 底部未确认
239,60.843209068125155,52.65435185841786,600686,金龙汽车,bottom_area,2024-01-22,6.43,2023-12-13,8.89,2024-01-22,6.3,2.0634920634920615,8.888888888888898,29.13385826771654,27.671541057367836,False,-4.172876304023854,2.8149463179464136,4,18,4,22.22222222222222,34.212678535614,54.365079365079374,1994-03-11; 2000-09-22; 2007-05-24; 2008-09-18,17.93650793650794,2.0634920634920615,历史4/18次成功; 当前距低点2.06%; 最新日涨幅-4.17%; 状态bottom_area; 底部未确认
240,60.735347335116515,51.379385912581355,600272,开开实业,bottom_area,2024-01-22,9.83,2024-01-04,13.8,2024-01-22,9.75,0.8205128205128212,7.282051282051291,29.347826086956523,28.768115942028988,False,-5.571565802113354,3.8732500000000005,7,21,7,33.33333333333333,27.88613876353367,56.060606060606055,2006-11-14; 2007-06-26; 2008-03-18; 2008-09-18; 2008-11-07; 2012-01-17; 2018-02-07,19.179487179487182,0.8205128205128212,历史7/21次成功; 当前距低点0.82%; 最新日涨幅-5.57%; 状态bottom_area; 底部未确认
241,60.68374208926123,51.50468866399483,002009,天奇股份,bottom_area,2024-01-22,11.11,2023-12-29,15.66,2024-01-22,11.0,0.9999999999999948,9.818181818181818,29.757343550447,29.054916985951472,False,-8.18181818181818,2.927911246048626,4,12,4,33.33333333333333,30.75997489602941,44.78798586572438,2006-11-14; 2007-06-05; 2015-06-30; 2023-04-26,19.000000000000007,0.9999999999999948,历史4/12次成功; 当前距低点1.00%; 最新日涨幅-8.18%; 状态bottom_area; 底部未确认
242,60.63758494207698,51.00619863951583,002819,东方中科,bottom_area,2024-01-22,23.63,2024-01-12,32.94,2024-01-22,23.51,0.5104210974053485,7.698851552530832,28.627808136004845,28.263509411050393,False,-6.674565560821488,4.4386492870279515,2,6,2,33.33333333333333,22.07863122724031,23.67008296730113,2020-02-04; 2021-08-16,19.489578902594655,0.5104210974053485,历史2/6次成功; 当前距低点0.51%; 最新日涨幅-6.67%; 状态bottom_area; 底部未确认
243,60.57986985030624,50.4832248752552,002655,共达电声,bottom_area,2024-01-22,9.97,2024-01-02,13.84,2024-01-22,9.97,0.0,12.036108324974917,27.962427745664737,27.962427745664737,False,-10.018050541516244,4.286815131191961,3,9,3,33.33333333333333,25.268234096354163,33.66568914956011,2016-01-14; 2018-05-30; 2020-02-04,20.0,0.0,历史3/9次成功; 当前距低点0.00%; 最新日涨幅-10.02%; 状态bottom_area; 底部未确认
244,60.52266658387548,52.180181619745895,688173,希荻微,bottom_area,2024-01-22,13.16,2024-01-02,17.7,2024-01-22,12.92,1.8575851393188871,9.984520123839017,27.005649717514125,25.649717514124287,False,-6.067094932191286,0.9334361839018335,1,4,1,25.0,23.120837297811605,23.120837297811605,2022-10-11,18.142414860681114,1.8575851393188871,历史1/4次成功; 当前距低点1.86%; 最新日涨幅-6.07%; 状态bottom_area; 底部未确认
245,60.48076806330315,52.006065845938764,301072,中捷精工,bottom_area,2024-01-22,21.38,2023-11-30,29.54,2024-01-22,21.02,1.7126546146527093,9.3244529019981,28.842247799593775,27.623561272850374,False,-5.565371024734988,1.8716142802328277,1,4,1,25.0,20.408163265306122,20.408163265306122,2023-07-24,18.287345385347294,1.7126546146527093,历史1/4次成功; 当前距低点1.71%; 最新日涨幅-5.57%; 状态bottom_area; 底部未确认
246,60.42275699004693,50.836504989353045,688268,华特气体,bottom_area,2024-01-22,48.12,2023-12-29,68.4,2024-01-22,47.87,0.5222477543346563,8.084395237100491,30.014619883040943,29.64912280701755,False,-6.960556844547572,0.7993325896832613,1,4,1,25.0,39.36682725395734,39.36682725395734,2020-02-03,19.477752245665343,0.5222477543346563,历史1/4次成功; 当前距低点0.52%; 最新日涨幅-6.96%; 状态bottom_area; 底部未确认
247,60.40749673084915,51.59314909097017,300534,陇神戎发,bottom_area,2024-01-22,8.3,2024-01-03,11.9,2024-01-22,8.19,1.3431013431013579,9.157509157509159,31.1764705882353,30.252100840336134,False,-7.158836689038017,3.480532248322458,2,10,2,20.0,24.491506200221796,26.86762778505898,2022-03-09; 2022-04-27,18.656898656898644,1.3431013431013579,历史2/10次成功; 当前距低点1.34%; 最新日涨幅-7.16%; 状态bottom_area; 底部未确认
248,60.39625868617843,50.600082679439026,301007,德迈仕,bottom_area,2024-01-22,13.75,2023-11-29,19.87,2024-01-22,13.71,0.29175784099197044,10.284463894967164,31.001509813789628,30.800201308505287,False,-7.531943510423666,3.9269758235999817,1,4,1,25.0,35.27037933817596,35.27037933817596,2022-04-27,19.70824215900803,0.29175784099197044,历史1/4次成功; 当前距低点0.29%; 最新日涨幅-7.53%; 状态bottom_area; 底部未确认
249,60.30018905673234,50.7837016911187,002110,三钢闽光,bottom_area,2024-01-22,3.49,2023-10-30,4.87,2024-01-22,3.47,0.5763688760806921,6.628242074927954,28.74743326488706,28.336755646817245,False,-5.420054200542001,0.5550875564322034,4,13,4,30.76923076923077,27.24635875582081,29.150326797385624,2008-03-18; 2008-09-18; 2016-01-28; 2021-11-10,19.423631123919307,0.5763688760806921,历史4/13次成功; 当前距低点0.58%; 最新日涨幅-5.42%; 状态bottom_area; 底部未确认
250,60.142963787772196,51.71785085921521,600345,长江通信,bottom_area,2024-01-22,15.42,2023-12-18,21.8,2024-01-22,15.16,1.71503957783641,9.69656992084432,30.458715596330276,29.266055045871564,False,-7.220216606498198,1.4803414675037547,4,18,4,22.22222222222222,24.90637387702508,29.481834425253123,2009-08-19; 2015-06-30; 2015-08-26; 2020-02-04,18.28496042216359,1.71503957783641,历史4/18次成功; 当前距低点1.72%; 最新日涨幅-7.22%; 状态bottom_area; 底部未确认
251,59.62971087463042,50.93785159786882,300115,长盈精密,bottom_area,2024-01-22,9.74,2023-12-29,13.7,2024-01-22,9.61,1.3527575442247741,10.92611862643081,29.854014598540147,28.90510948905109,False,-5.620155038759689,2.615660700967108,2,11,2,18.181818181818183,25.026161674347165,28.85416666666667,2011-01-25; 2013-02-05,18.647242455775228,1.3527575442247741,历史2/11次成功; 当前距低点1.35%; 最新日涨幅-5.62%; 状态bottom_area; 底部未确认
252,59.57768172760385,50.52187410500807,002279,久其软件,bottom_area,2024-01-22,5.3,2023-12-13,7.33,2024-01-22,5.25,0.952380952380949,8.380952380952388,28.376534788540248,27.69440654843111,False,-8.462867012089815,2.972372206095798,3,9,3,33.33333333333333,24.89230829625431,25.915492957746476,2014-12-09; 2015-07-29; 2022-04-27,19.04761904761905,0.952380952380949,历史3/9次成功; 当前距低点0.95%; 最新日涨幅-8.46%; 状态bottom_area; 底部未确认
253,59.53100076532471,50.38241337474989,300847,中船汉光,bottom_area,2024-01-22,13.14,2024-01-02,17.94,2024-01-22,13.03,0.8442056792018512,8.979278587874138,27.369007803790424,26.755852842809368,False,-6.543385490753906,1.5440018918279788,1,2,1,50.0,20.038722168441435,20.038722168441435,2022-04-27,19.15579432079815,0.8442056792018512,历史1/2次成功; 当前距低点0.84%; 最新日涨幅-6.54%; 状态bottom_area; 底部未确认
254,59.327578993587295,50.26920962883676,300935,盈建科,bottom_area,2024-01-22,23.33,2023-11-15,31.79,2024-01-22,23.12,0.9083044982698845,8.47750865051902,27.272727272727266,26.612142183076443,False,-5.851493139628749,1.9276627956593333,1,2,1,50.0,20.2158273381295,20.2158273381295,2023-04-27,19.091695501730115,0.9083044982698845,历史1/2次成功; 当前距低点0.91%; 最新日涨幅-5.85%; 状态bottom_area; 底部未确认
255,59.23790917244231,49.74813826055493,002152,广电运通,bottom_area,2024-01-22,9.52,2023-12-13,13.44,2024-01-22,9.48,0.42194092827003316,6.751054852320662,29.464285714285708,29.166666666666668,False,-5.649157581764131,0.8345279540234285,2,9,2,22.22222222222222,38.30434420137123,49.963423555230435,2008-04-22; 2018-02-07,19.578059071729967,0.42194092827003316,历史2/9次成功; 当前距低点0.42%; 最新日涨幅-5.65%; 状态bottom_area; 底部未确认
256,59.12047664514536,49.99282700813899,300485,赛升药业,bottom_area,2024-01-22,8.84,2023-11-24,12.05,2024-01-22,8.77,0.7981755986317023,7.1835803876853,27.219917012448143,26.639004149377598,False,-5.857294994675188,1.4088230764693115,2,8,2,25.0,38.2132654463401,47.71365960555149,2015-07-08; 2020-07-03,19.2018244013683,0.7981755986317023,历史2/8次成功; 当前距低点0.80%; 最新日涨幅-5.86%; 状态bottom_area; 底部未确认
257,59.11520682448239,49.928384142299315,300039,上海凯宝,bottom_area,2024-01-22,5.5,2023-12-13,7.58,2024-01-22,5.46,0.7326007326007333,8.424908424908423,27.96833773087071,27.440633245382585,False,-7.251264755480602,1.9087574937224456,2,8,2,25.0,37.06297748725261,49.888971132494454,2015-05-04; 2022-01-25,19.26739926739927,0.7326007326007333,历史2/8次成功; 当前距低点0.73%; 最新日涨幅-7.25%; 状态bottom_area; 底部未确认
258,59.09683993628283,50.16897435897436,002678,珠江钢琴,bottom_area,2024-01-22,4.99,2023-12-14,7.32,2024-01-22,4.94,1.0121457489878507,9.109311740890673,32.51366120218579,31.830601092896178,False,-6.728971962616814,0.47335896421881124,1,6,1,16.666666666666664,20.000000000000004,20.000000000000004,2015-06-30,18.987854251012152,1.0121457489878507,历史1/6次成功; 当前距低点1.01%; 最新日涨幅-6.73%; 状态bottom_area; 底部未确认
259,58.992517074383755,49.495269743523195,600339,中油工程,bottom_area,2024-01-22,2.71,2023-09-15,3.98,2024-01-22,2.7,0.37037037037036247,5.925925925925914,32.1608040201005,31.909547738693465,False,-5.24475524475524,0.5253488287744502,4,16,4,25.0,30.294162300901174,36.60565723793679,2004-09-13; 2007-10-26; 2008-03-18; 2008-04-22,19.629629629629637,0.37037037037036247,历史4/16次成功; 当前距低点0.37%; 最新日涨幅-5.24%; 状态bottom_area; 底部未确认
260,58.81009617706021,49.47780185553715,300655,晶瑞电材,bottom_area,2024-01-22,7.73,2023-12-12,10.57,2024-01-22,7.69,0.5201560468140447,9.752925877763317,27.24692526017029,26.868495742667925,False,-7.425149700598799,1.3554936032825173,2,9,2,22.22222222222222,38.05484992858934,44.62686567164178,2019-05-08; 2022-10-12,19.479843953185956,0.5201560468140447,历史2/9次成功; 当前距低点0.52%; 最新日涨幅-7.43%; 状态bottom_area; 底部未确认
261,58.70813085549693,49.790739504762705,300139,晓程科技,bottom_area,2024-01-22,8.42,2023-12-04,11.48,2024-01-22,8.34,0.9592326139088737,8.273381294964024,27.351916376306622,26.655052264808365,False,-6.026785714285721,2.7741257445342864,3,12,3,25.0,39.10102077674697,63.12500000000001,2014-12-22; 2018-07-06; 2020-09-11,19.04076738609113,0.9592326139088737,历史3/12次成功; 当前距低点0.96%; 最新日涨幅-6.03%; 状态bottom_area; 底部未确认
262,58.662090429750876,49.64351799414742,002151,北斗星通,bottom_area,2024-01-22,26.4,2023-11-16,36.45,2024-01-22,26.18,0.8403361344537772,7.944996180290305,28.175582990397814,27.572016460905356,False,-6.548672566371683,1.3978294235558064,3,10,3,30.0,26.018733229580853,28.90843662534986,2015-06-30; 2019-05-08; 2022-04-27,19.15966386554622,0.8403361344537772,历史3/10次成功; 当前距低点0.84%; 最新日涨幅-6.55%; 状态bottom_area; 底部未确认
263,58.60906544835594,49.65551981693538,600516,方大炭素,bottom_area,2024-01-22,4.47,2023-10-18,6.2,2024-01-22,4.43,0.9029345372460504,7.2234762979684035,28.548387096774203,27.90322580645162,False,-5.696202531645578,0.7576434407699075,5,17,5,29.411764705882355,28.125104222504234,34.63414634146339,2006-04-28; 2008-04-02; 2015-07-07; 2020-02-04; 2021-02-08,19.09706546275395,0.9029345372460504,历史5/17次成功; 当前距低点0.90%; 最新日涨幅-5.70%; 状态bottom_area; 底部未确认
264,58.263854801995514,49.711748854920245,300087,荃银高科,bottom_area,2024-01-22,7.08,2023-11-29,10.04,2024-01-22,6.99,1.2875536480686673,7.725321888412018,30.378486055776882,29.482071713147405,False,-6.10079575596817,1.0539557593874238,1,10,1,10.0,35.36221060492905,35.36221060492905,2021-02-05,18.712446351931334,1.2875536480686673,历史1/10次成功; 当前距低点1.29%; 最新日涨幅-6.10%; 状态bottom_area; 底部未确认
265,58.031181960968375,50.62294596595114,603788,宁波高发,bottom_area,2024-01-22,12.71,2023-12-04,17.06,2024-01-22,12.4,2.500000000000004,9.596774193548383,27.315357561547472,25.498241500586154,False,-5.712166172106825,1.5374435696278053,1,5,1,20.0,33.456698741672845,33.456698741672845,2020-02-04,17.499999999999996,2.500000000000004,历史1/5次成功; 当前距低点2.50%; 最新日涨幅-5.71%; 状态bottom_area; 底部未确认
266,58.02558020406693,48.900485572869925,688356,键凯科技,bottom_area,2024-01-22,87.05,2023-12-06,127.82,2024-01-22,86.52,0.6125751271382353,7.5936199722607585,32.31106243154436,31.896416836175874,False,-7.225833955025052,0.6715503890385383,1,3,1,33.33333333333333,28.676470588235297,28.676470588235297,2020-09-11,19.387424872861768,0.6125751271382353,历史1/3次成功; 当前距低点0.61%; 最新日涨幅-7.23%; 状态bottom_area; 底部未确认
267,57.876470259153876,49.0585753211373,000987,越秀资本,bottom_area,2024-01-22,5.43,2023-08-28,7.63,2024-01-22,5.38,0.9293680297397737,5.762081784386627,29.48885976408912,28.83355176933159,False,-4.232804232804233,0.4653260737919289,3,10,3,30.0,23.965238865290235,28.551912568306008,2003-11-07; 2016-01-14; 2020-02-04,19.070631970260226,0.9293680297397737,历史3/10次成功; 当前距低点0.93%; 最新日涨幅-4.23%; 状态bottom_area; 底部未确认
268,57.81050662587305,49.70559932598718,300939,秋田微,bottom_area,2024-01-22,27.99,2024-01-02,38.61,2024-01-22,27.52,1.7078488372092981,9.520348837209307,28.72312872312872,27.505827505827508,False,-6.262558606831881,2.17625,1,6,1,16.666666666666664,26.03670972127803,26.03670972127803,2023-05-15,18.292151162790702,1.7078488372092981,历史1/6次成功; 当前距低点1.71%; 最新日涨幅-6.26%; 状态bottom_area; 底部未确认
269,57.80896660461775,49.18405135840743,002454,松芝股份,bottom_area,2024-01-22,6.25,2023-12-04,8.57,2024-01-22,6.18,1.1326860841423994,7.928802588996768,27.887981330221713,27.071178529754963,False,-6.156156156156156,1.029424948776194,1,8,1,12.5,25.210084033613438,25.210084033613438,2014-06-10,18.867313915857604,1.1326860841423994,历史1/8次成功; 当前距低点1.13%; 最新日涨幅-6.16%; 状态bottom_area; 底部未确认
270,57.7767892064745,48.9544266973481,300762,上海瀚讯,bottom_area,2024-01-22,11.12,2023-12-29,15.36,2024-01-22,11.02,0.907441016333935,9.165154264972774,28.255208333333332,27.604166666666668,False,-6.789606035205365,3.080597793321242,1,3,1,33.33333333333333,32.580961727183514,32.580961727183514,2022-10-11,19.092558983666066,0.907441016333935,历史1/3次成功; 当前距低点0.91%; 最新日涨幅-6.79%; 状态bottom_area; 底部未确认
271,57.77531969427528,49.026211248673555,603390,通达电气,bottom_area,2024-01-22,8.17,2024-01-09,11.75,2024-01-22,8.09,0.9888751545117438,7.787391841779985,31.148936170212764,30.46808510638298,False,-5.4398148148148255,2.68143426905762,1,3,1,33.33333333333333,33.96512509476878,33.96512509476878,2020-02-04,19.011124845488258,0.9888751545117438,历史1/3次成功; 当前距低点0.99%; 最新日涨幅-5.44%; 状态bottom_area; 底部未确认
272,57.74672991648144,48.963840946672136,300572,安车检测,bottom_area,2024-01-22,12.8,2024-01-02,18.28,2024-01-22,12.68,0.9463722397476418,9.936908517350156,30.634573304157552,29.978118161925604,False,-6.909090909090909,2.5200535952010834,2,7,2,28.57142857142857,26.75959106995183,31.306715063520883,2020-12-28; 2022-04-27,19.053627760252358,0.9463722397476418,历史2/7次成功; 当前距低点0.95%; 最新日涨幅-6.91%; 状态bottom_area; 底部未确认
273,57.715164774588786,48.86653851554874,301221,光庭信息,bottom_area,2024-01-22,44.18,2023-12-22,62.03,2024-01-22,43.8,0.867579908675805,8.652968036529696,29.389005320006454,28.77639851684669,False,-6.099893730074379,2.4713304634880524,1,4,1,25.0,33.008713480266515,33.008713480266515,2022-04-28,19.132420091324196,0.867579908675805,历史1/4次成功; 当前距低点0.87%; 最新日涨幅-6.10%; 状态bottom_area; 底部未确认
274,57.696193691302526,49.20784110132413,002799,环球印务,bottom_area,2024-01-22,8.8,2024-01-02,12.23,2024-01-22,8.69,1.2658227848101407,8.055235903337183,28.945216680294365,28.045789043336057,False,-6.283280085197019,2.0635906992662716,1,7,1,14.285714285714285,23.1009365244537,23.1009365244537,2017-12-26,18.73417721518986,1.2658227848101407,历史1/7次成功; 当前距低点1.27%; 最新日涨幅-6.28%; 状态bottom_area; 底部未确认
275,57.573411369843754,52.513591185690586,601318,中国平安,bottom_area,2024-01-22,39.48,2023-09-04,51.9,2024-01-11,37.62,4.944178628389154,6.140350877192989,27.514450867052027,23.930635838150295,False,0.7142857142856895,0.901587373060108,1,4,1,25.0,30.060851926977705,30.060851926977705,2015-08-25,15.055821371610847,4.944178628389154,历史1/4次成功; 当前距低点4.94%; 最新日涨幅0.71%; 状态bottom_area; 底部未确认
276,56.85628470072396,48.116578886314855,600351,亚宝药业,bottom_area,2024-01-22,5.99,2023-11-23,8.29,2024-01-22,5.94,0.8417508417508388,8.585858585858581,28.347406513872127,27.744270205066336,False,-6.697819314641739,3.136675946455479,2,7,2,28.57142857142857,20.921962856027136,21.215242018537577,2007-10-26; 2015-08-26,19.158249158249163,0.8417508417508388,历史2/7次成功; 当前距低点0.84%; 最新日涨幅-6.70%; 状态bottom_area; 底部未确认
277,56.8545046759056,47.423523786877716,300244,迪安诊断,bottom_area,2024-01-22,19.42,2023-11-17,27.98,2024-01-22,19.41,0.05151983513653562,6.749098402885104,30.62902072909221,30.593280914939236,False,-6.724303554274725,2.0217401515717452,1,7,1,14.285714285714285,38.461538461538474,38.461538461538474,2018-02-07,19.948480164863465,0.05151983513653562,历史1/7次成功; 当前距低点0.05%; 最新日涨幅-6.72%; 状态bottom_area; 底部未确认
278,56.822789271177015,47.92862668105787,300553,集智股份,bottom_area,2024-01-22,25.92,2024-01-03,35.93,2024-01-22,25.75,0.6601941747572883,7.844660194174756,28.3328694684108,27.859727247425543,False,-5.813953488372081,3.530226592029783,2,8,2,25.0,25.424029029594024,27.453271028037385,2017-07-24; 2018-02-09,19.339805825242713,0.6601941747572883,历史2/8次成功; 当前距低点0.66%; 最新日涨幅-5.81%; 状态bottom_area; 底部未确认
279,56.807294792956206,48.36380616799222,000729,燕京啤酒,bottom_area,2024-01-22,7.79,2023-11-01,10.66,2024-01-22,7.7,1.168831168831167,5.714285714285719,27.76735459662289,26.923076923076923,False,-5.1157125456760095,0.7083141699928954,1,9,1,11.11111111111111,24.252491694352173,24.252491694352173,2018-07-05,18.831168831168835,1.168831168831167,历史1/9次成功; 当前距低点1.17%; 最新日涨幅-5.12%; 状态bottom_area; 底部未确认
280,56.6504120906264,47.79368850805131,300416,苏试试验,bottom_area,2024-01-22,13.48,2023-12-29,18.42,2024-01-22,13.39,0.6721433905899915,9.111277072442112,27.30727470141151,26.818675352877314,False,-6.258692628650908,1.6250384084943343,1,3,1,33.33333333333333,23.4561403508772,23.4561403508772,2015-08-27,19.32785660941001,0.6721433905899915,历史1/3次成功; 当前距低点0.67%; 最新日涨幅-6.26%; 状态bottom_area; 底部未确认
281,56.564664898573945,47.555373513518816,002010,传化智联,bottom_area,2024-01-22,4.17,2023-07-07,5.91,2024-01-22,4.15,0.4819277108433632,6.265060240963851,29.78003384094754,29.441624365482237,False,-5.442176870748305,0.572649216178724,2,9,2,22.22222222222222,27.250608272506078,28.9537712895377,2008-04-03; 2008-09-18,19.51807228915664,0.4819277108433632,历史2/9次成功; 当前距低点0.48%; 最新日涨幅-5.44%; 状态bottom_area; 底部未确认
282,56.50880747200341,47.91874605422757,600506,统一股份,bottom_area,2024-01-22,11.67,2024-01-12,16.36,2024-01-22,11.56,0.9515570934256005,8.650519031141869,29.33985330073349,28.667481662591687,False,-6.038647342995174,4.692405940795476,5,18,5,27.77777777777778,22.923934316094016,26.011560693641616,2008-04-03; 2008-06-11; 2015-06-30; 2020-02-04; 2022-04-28,19.0484429065744,0.9515570934256005,历史5/18次成功; 当前距低点0.95%; 最新日涨幅-6.04%; 状态bottom_area; 底部未确认
283,56.439967572073066,47.746633981101795,002609,捷顺科技,bottom_area,2024-01-22,8.59,2023-12-12,12.41,2024-01-22,8.52,0.8215962441314587,8.802816901408452,31.345688960515716,30.781627719580985,False,-6.427015250544665,2.8743196984577857,1,4,1,25.0,26.42405063291139,26.42405063291139,2022-04-28,19.17840375586854,0.8215962441314587,历史1/4次成功; 当前距低点0.82%; 最新日涨幅-6.43%; 状态bottom_area; 底部未确认
284,56.267891146606104,47.6563119666649,000837,秦川机床,bottom_area,2024-01-22,7.98,2024-01-02,10.9,2024-01-22,7.91,0.884955752212393,8.59671302149178,27.431192660550458,26.78899082568807,False,-6.884480746791133,1.811389491114378,3,11,3,27.27272727272727,21.790870918279914,21.915584415584412,2010-05-21; 2015-06-30; 2022-04-27,19.11504424778761,0.884955752212393,历史3/11次成功; 当前距低点0.88%; 最新日涨幅-6.88%; 状态bottom_area; 底部未确认
285,56.26018264676351,47.380204384073046,603733,仙鹤股份,bottom_area,2024-01-22,13.99,2023-11-06,19.1,2024-01-22,13.91,0.5751258087706691,7.189072609633357,27.17277486910995,26.753926701570684,False,-6.170355466130117,0.4286980605748841,1,3,1,33.33333333333333,20.04385964912281,20.04385964912281,2018-06-21,19.424874191229332,0.5751258087706691,历史1/3次成功; 当前距低点0.58%; 最新日涨幅-6.17%; 状态bottom_area; 底部未确认
286,56.25280209642282,47.7226640736046,000948,南天信息,bottom_area,2024-01-22,12.42,2023-11-21,17.41,2024-01-22,12.3,0.9756097560975545,8.780487804878048,29.35094773118897,28.66168868466399,False,-6.405425772418982,1.8142394337327556,4,17,4,23.52941176470588,31.3693622383363,37.383177570093466,2008-02-01; 2009-08-19; 2012-12-04; 2015-09-02,19.02439024390245,0.9756097560975545,历史4/17次成功; 当前距低点0.98%; 最新日涨幅-6.41%; 状态bottom_area; 底部未确认
287,56.17478492629534,47.44414350625762,002022,科华生物,bottom_area,2024-01-22,8.26,2023-12-29,11.85,2024-01-22,8.2,0.7317073170731768,7.804878048780495,30.801687763713083,30.29535864978903,False,-6.561085972850678,1.5238076719280933,3,12,3,25.0,23.69589349023904,24.245196706312903,2005-10-28; 2015-06-23; 2015-06-30,19.268292682926823,0.7317073170731768,历史3/12次成功; 当前距低点0.73%; 最新日涨幅-6.56%; 状态bottom_area; 底部未确认
288,56.11628214913677,47.18246035747859,600463,空港股份,bottom_area,2024-01-22,8.26,2023-12-05,11.37,2024-01-22,8.22,0.48661800486616963,7.785888077858866,27.70448548812664,27.35268249780123,False,-6.34920634920636,1.3738000000000001,2,10,2,20.0,30.11800757297553,37.30569948186528,2005-07-18; 2015-06-30,19.513381995133834,0.48661800486616963,历史2/10次成功; 当前距低点0.49%; 最新日涨幅-6.35%; 状态bottom_area; 底部未确认
289,55.854800737037856,47.15338519195036,002900,哈三联,bottom_area,2024-01-22,11.38,2023-11-23,15.49,2024-01-22,11.3,0.707964601769912,9.557522123893806,27.04970948999354,26.53324725629438,False,-7.0261437908496704,2.1367605931389266,1,4,1,25.0,21.841637010676155,21.841637010676155,2018-02-07,19.29203539823009,0.707964601769912,历史1/4次成功; 当前距低点0.71%; 最新日涨幅-7.03%; 状态bottom_area; 底部未确认
290,55.67441336018841,47.058996988455746,300591,万里马,bottom_area,2024-01-22,5.2,2023-11-16,7.59,2024-01-22,5.16,0.7751937984496131,9.883720930232553,32.015810276679844,31.488801054018438,False,-7.473309608540923,2.7073022265119095,1,4,1,25.0,22.15827338129496,22.15827338129496,2018-02-07,19.224806201550386,0.7751937984496131,历史1/4次成功; 当前距低点0.78%; 最新日涨幅-7.47%; 状态bottom_area; 底部未确认
291,55.61863999144089,47.18713948632604,000679,大连友谊,bottom_area,2024-01-22,5.16,2024-01-10,7.07,2024-01-22,5.11,0.9784735812133037,9.980430528375729,27.72277227722772,27.015558698727016,False,-7.526881720430101,3.7423400673400673,4,17,4,23.52941176470588,28.525302743633894,35.63829787234042,2011-12-28; 2016-05-12; 2018-02-07; 2022-10-12,19.021526418786696,0.9784735812133037,历史4/17次成功; 当前距低点0.98%; 最新日涨幅-7.53%; 状态bottom_area; 底部未确认
292,55.61491688138117,46.66619361196974,002626,金达威,bottom_area,2024-01-22,13.35,2023-11-24,18.53,2024-01-22,13.3,0.3759398496240521,7.518796992481203,28.22450080949811,27.954668105774427,False,-6.773743016759781,0.6757606546933506,1,6,1,16.666666666666664,33.20790216368767,33.20790216368767,2012-12-04,19.62406015037595,0.3759398496240521,历史1/6次成功; 当前距低点0.38%; 最新日涨幅-6.77%; 状态bottom_area; 底部未确认
293,55.60953038197715,46.94729568150928,603160,汇顶科技,bottom_area,2024-01-22,56.81,2023-11-06,80.0,2024-01-22,56.41,0.7090941322460658,6.860485729480597,29.487500000000004,28.9875,False,-5.15859766277128,0.6571553477231173,1,4,1,25.0,20.747474747474755,20.747474747474755,2022-04-28,19.290905867753935,0.7090941322460658,历史1/4次成功; 当前距低点0.71%; 最新日涨幅-5.16%; 状态bottom_area; 底部未确认
294,55.609465715375904,46.82121524842934,603229,奥翔药业,bottom_area,2024-01-22,10.73,2023-11-09,15.78,2024-01-22,10.67,0.5623242736644846,7.7788191190253055,32.382762991128004,32.00253485424587,False,-6.288209606986895,0.6591616348176571,1,7,1,14.285714285714285,41.48479427549196,41.48479427549196,2022-04-01,19.437675726335517,0.5623242736644846,历史1/7次成功; 当前距低点0.56%; 最新日涨幅-6.29%; 状态bottom_area; 底部未确认
295,55.12144442576275,46.63147482455332,002457,青龙管业,bottom_area,2024-01-22,7.36,2023-12-26,10.25,2024-01-22,7.3,0.8219178082191849,8.493150684931509,28.780487804878053,28.19512195121951,False,-6.835443037974686,4.857797288753665,1,4,1,25.0,20.432513049962704,20.432513049962704,2015-06-30,19.178082191780817,0.8219178082191849,历史1/4次成功; 当前距低点0.82%; 最新日涨幅-6.84%; 状态bottom_area; 底部未确认
296,54.99228379100404,46.65863905861936,002664,信质集团,bottom_area,2024-01-22,13.37,2023-11-29,19.36,2024-01-22,13.24,0.9818731117824698,9.214501510574022,31.61157024793388,30.940082644628102,False,-6.829268292682933,1.4821048970943769,1,6,1,16.666666666666664,40.59485530546623,40.59485530546623,2020-02-04,19.01812688821753,0.9818731117824698,历史1/6次成功; 当前距低点0.98%; 最新日涨幅-6.83%; 状态bottom_area; 底部未确认
297,54.88561570275498,46.52046743079544,300246,宝莱特,bottom_area,2024-01-22,8.72,2023-11-24,12.2,2024-01-22,8.64,0.9259259259259267,8.217592592592581,29.18032786885245,28.524590163934416,False,-6.236559139784948,2.0881856852837104,3,14,3,21.428571428571427,28.848732560173502,31.498829039812666,2015-05-29; 2015-09-02; 2018-02-07,19.074074074074073,0.9259259259259267,历史3/14次成功; 当前距低点0.93%; 最新日涨幅-6.24%; 状态bottom_area; 底部未确认
298,54.82355923077251,45.93008964371016,002008,大族激光,bottom_area,2024-01-22,17.27,2023-11-08,23.79,2024-01-22,17.22,0.2903600464576116,5.865272938443679,27.616645649432535,27.40647330811265,False,-4.848484848484846,1.2238806628293117,2,11,2,18.181818181818183,24.918482915918215,29.085520745131234,2008-04-03; 2015-06-30,19.70963995354239,0.2903600464576116,历史2/11次成功; 当前距低点0.29%; 最新日涨幅-4.85%; 状态bottom_area; 底部未确认
299,54.77928676194623,46.204874066353995,300285,国瓷材料,bottom_area,2024-01-22,18.3,2023-11-21,26.03,2024-01-22,18.18,0.6600660066006655,6.820682068206832,30.157510564733002,29.696504033807148,False,-5.426356589147286,0.6991027986906604,1,6,1,16.666666666666664,34.21052631578947,34.21052631578947,2015-06-30,19.339933993399335,0.6600660066006655,历史1/6次成功; 当前距低点0.66%; 最新日涨幅-5.43%; 状态bottom_area; 底部未确认
300,54.23586154137092,45.82987875470409,600597,光明乳业,bottom_area,2024-01-22,7.96,2023-08-04,11.25,2024-01-22,7.9,0.759493670886071,5.316455696202531,29.777777777777775,29.244444444444444,False,-4.211793020457288,0.6000702325995788,2,10,2,20.0,26.190990990990997,31.73333333333334,2011-06-22; 2022-10-31,19.24050632911393,0.759493670886071,历史2/10次成功; 当前距低点0.76%; 最新日涨幅-4.21%; 状态bottom_area; 底部未确认
301,53.916437067553126,45.93558593100007,002036,联创电子,bottom_area,2024-01-22,7.54,2023-12-29,10.27,2024-01-22,7.45,1.2080536912751658,10.469798657718124,27.45861733203505,26.582278481012654,False,-8.048780487804875,3.151408276602466,1,16,1,6.25,22.210743801652896,22.210743801652896,2022-04-26,18.791946308724835,1.2080536912751658,历史1/16次成功; 当前距低点1.21%; 最新日涨幅-8.05%; 状态bottom_area; 底部未确认
302,53.893014766852275,48.11183463707475,300948,冠中生态,bottom_area,2024-01-22,12.4,2024-01-12,16.98,2024-01-22,11.95,3.765690376569047,12.05020920502093,29.623085983510016,26.97290930506478,False,-6.906906906906906,1.9165409233541735,1,4,1,25.0,24.637681159420286,24.637681159420286,2021-03-11,16.234309623430953,3.765690376569047,历史1/4次成功; 当前距低点3.77%; 最新日涨幅-6.91%; 状态bottom_area; 底部未确认
303,53.89106889676563,45.72575542755871,688333,铂力特,bottom_area,2024-01-22,73.92,2024-01-11,108.96,2024-01-22,73.2,0.9836065573770475,9.248633879781416,32.81938325991189,32.15859030837004,False,-8.21951825180035,1.448260439063695,1,5,1,20.0,28.378378378378372,28.378378378378372,2020-02-03,19.016393442622952,0.9836065573770475,历史1/5次成功; 当前距低点0.98%; 最新日涨幅-8.22%; 状态bottom_area; 底部未确认
304,53.8700571243501,45.64389836316792,300358,楚天科技,bottom_area,2024-01-22,8.9,2023-11-21,12.16,2024-01-22,8.82,0.9070294784580506,8.616780045351472,27.467105263157894,26.809210526315784,False,-7.098121085594988,0.9166685326199264,2,9,2,22.22222222222222,22.18478504568129,23.815789473684205,2015-06-30; 2021-01-14,19.09297052154195,0.9070294784580506,历史2/9次成功; 当前距低点0.91%; 最新日涨幅-7.10%; 状态bottom_area; 底部未确认
305,53.125015503737956,44.60872911688128,688536,思瑞浦,bottom_area,2024-01-22,108.92,2023-12-29,149.79,2024-01-22,108.47,0.41486125195906964,7.218585784087765,27.585286067160688,27.284865478336336,False,-5.549774540409292,0.7267285211185981,1,6,1,16.666666666666664,22.623366154200497,22.623366154200497,2021-07-19,19.585138748040933,0.41486125195906964,历史1/6次成功; 当前距低点0.41%; 最新日涨幅-5.55%; 状态bottom_area; 底部未确认
306,53.07797389532391,44.96772372372373,601633,长城汽车,bottom_area,2024-01-22,22.4,2023-10-18,31.3,2024-01-22,22.2,0.9009009009008978,4.099099099099099,29.07348242811502,28.434504792332277,False,-2.862098872506502,0.2313341298608224,1,6,1,16.666666666666664,20.296296296296283,20.296296296296283,2018-09-11,19.099099099099103,0.9009009009008978,历史1/6次成功; 当前距低点0.90%; 最新日涨幅-2.86%; 状态bottom_area; 底部未确认
307,52.964006715697856,44.741284211890886,603489,八方股份,bottom_area,2024-01-22,40.7,2024-01-02,55.43,2024-01-22,40.4,0.7425742574257531,8.886138613861396,27.115280534006857,26.574057369655417,False,-6.801007556675065,0.5447152211015879,1,5,1,20.0,20.13093289689035,20.13093289689035,2023-06-27,19.257425742574245,0.7425742574257531,历史1/5次成功; 当前距低点0.74%; 最新日涨幅-6.80%; 状态bottom_area; 底部未确认
308,51.64466856892014,43.433382352941194,600266,城建发展,bottom_area,2024-01-22,4.02,2023-12-07,5.66,2024-01-22,4.0,0.49999999999998934,7.250000000000001,29.32862190812721,28.975265017667855,False,-6.511627906976747,2.1733610804201327,1,8,1,12.5,26.37571157495256,26.37571157495256,2008-03-20,19.50000000000001,0.49999999999998934,历史1/8次成功; 当前距低点0.50%; 最新日涨幅-6.51%; 状态bottom_area; 底部未确认
309,51.233215275460566,43.479693565712765,600825,新华传媒,bottom_area,2024-01-22,4.06,2024-01-09,5.64,2024-01-22,4.02,0.9950248756218916,12.437810945273634,28.723404255319153,28.01418439716312,False,-7.305936073059371,2.8177091978474964,2,14,2,14.285714285714285,28.82369583326784,34.22818791946308,1994-08-09; 2020-02-04,19.00497512437811,0.9950248756218916,历史2/14次成功; 当前距低点1.00%; 最新日涨幅-7.31%; 状态bottom_area; 底部未确认
310,49.37440486507405,41.7858676893777,600789,鲁抗医药,bottom_area,2024-01-22,5.98,2023-11-30,8.48,2024-01-22,5.93,0.8431703204047338,8.094435075885336,30.070754716981142,29.481132075471695,False,-6.998444790046642,3.299866790936011,1,8,1,12.5,21.72470978441127,21.72470978441127,2007-06-26,19.156829679595266,0.8431703204047338,历史1/8次成功; 当前距低点0.84%; 最新日涨幅-7.00%; 状态bottom_area; 底部未确认
311,48.55222360375143,40.8526572797585,600171,上海贝岭,bottom_area,2024-01-22,11.45,2023-11-15,16.63,2024-01-22,11.39,0.5267778753292249,8.077260755048286,31.509320505111237,31.148526758869515,False,-7.061688311688319,1.2201602386012766,1,16,1,6.25,26.37075718015665,26.37075718015665,2012-12-04,19.473222124670777,0.5267778753292249,历史1/16次成功; 当前距低点0.53%; 最新日涨幅-7.06%; 状态bottom_area; 底部未确认
312,48.10176470588235,40.08480392156863,000637,茂化实华,bottom_area,2024-01-22,2.83,2023-11-23,3.88,2024-01-22,2.83,0.0,6.007067137809185,27.061855670103093,27.061855670103093,False,-5.033557046979864,0.7717176626182329,1,12,1,8.333333333333332,23.52941176470589,23.52941176470589,2021-02-09,20.0,0.0,历史1/12次成功; 当前距低点0.00%; 最新日涨幅-5.03%; 状态bottom_area; 底部未确认
313,46.82164583687748,39.734563105864304,600360,华微电子,bottom_area,2024-01-22,6.1,2023-11-27,8.89,2024-01-22,6.04,0.993377483443702,8.112582781456958,32.058492688413956,31.3835770528684,False,-6.5849923430321695,1.7713717622671412,1,12,1,8.333333333333332,21.56521739130435,21.56521739130435,2015-08-26,19.0066225165563,0.993377483443702,历史1/12次成功; 当前距低点0.99%; 最新日涨幅-6.58%; 状态bottom_area; 底部未确认
