rank,rank_score,probability_score,code,name,current_stage,latest_date,latest_close,current_top_date,current_top_price,current_low_date,current_low_price,current_low_to_latest_pct,current_low_to_high_pct,current_drawdown_pct,close_drawdown_pct,current_is_bottom_confirmed,latest_pct_chg,latest_turn,historical_valid_event_count,history_sample_count,history_success_count,history_success_rate_pct,history_avg_rebound_pct,history_max_rebound_pct,history_success_dates,upside_to_20pct_target_pct,risk_back_to_low_pct,reason
1,96.4309011126564,85.63611085097695,688787,海天瑞声,bottom_area,2025-01-03,98.18,2024-12-20,133.33,2025-01-02,94.88,3.478077571669489,9.021922428330525,28.838220955523898,26.363159078976977,True,1.95223260643822,9.939461420081475,25,28,25,89.28571428571429,41.68809063032544,64.57414319647098,2021-11-01; 2023-02-22; 2023-03-15; 2023-07-07; 2023-08-10; 2023-08-16; 2023-08-25; 2023-09-25; 2023-10-17; 2023-12-07; 2023-12-15; 2023-12-29; 2024-01-03; 2024-01-08; 2024-01-10; 2024-02-23; 2024-03-07; 2024-03-19; 2024-04-12; 2024-07-29; 2024-10-14; 2024-10-17; 2024-10-22; 2024-10-29; 2024-11-01,16.521922428330512,3.478077571669489,历史25/28次成功; 当前距低点3.48%; 最新日涨幅1.95%; 状态bottom_area; 底部已确认
2,90.06093736403751,76.48466492741208,688793,倍轻松,bottom_area,2025-01-03,23.47,2024-12-30,32.94,2025-01-03,23.23,1.0331467929401568,8.48041325871717,29.47783849423193,28.74924104432301,False,-5.286521388216315,1.6995673920431633,15,20,15,75.0,35.35075061997653,46.927374301675975,2023-07-12; 2023-09-13; 2023-12-01; 2023-12-26; 2024-02-02; 2024-02-19; 2024-03-06; 2024-05-30; 2024-06-06; 2024-06-11; 2024-10-31; 2024-11-18; 2024-11-27; 2024-12-05; 2024-12-25,18.966853207059845,1.0331467929401568,历史15/20次成功; 当前距低点1.03%; 最新日涨幅-5.29%; 状态bottom_area; 底部未确认
3,89.28079387756021,75.58188667884941,688552,航天南湖,bottom_area,2025-01-03,15.25,2024-11-29,22.38,2025-01-03,15.12,0.859788359788365,5.158730158730167,32.43967828418231,31.858802502234134,False,-3.29740012682308,0.7773507742876076,2,2,2,100.0,47.37744160842404,63.1321370309951,2024-02-06; 2024-09-18,19.140211640211636,0.859788359788365,历史2/2次成功; 当前距低点0.86%; 最新日涨幅-3.30%; 状态bottom_area; 底部未确认
4,89.15559157706794,74.75801763261528,301322,绿通科技,bottom_area,2025-01-03,20.78,2024-12-03,28.37,2025-01-03,20.71,0.3380009657170463,4.200869145340403,27.000352485019384,26.753612971448714,False,-2.6241799437675684,1.665268803452637,1,1,1,100.0,43.003547497043755,43.003547497043755,2024-02-06,19.661999034282953,0.3380009657170463,历史1/1次成功; 当前距低点0.34%; 最新日涨幅-2.62%; 状态bottom_area; 底部未确认
5,89.08735440248873,79.87142118843818,301113,雅艺科技,bottom_area,2025-01-03,23.66,2024-12-18,31.35,2024-12-25,22.75,4.000000000000001,9.362637362637358,27.432216905901118,24.529505582137165,True,-0.9212730318257867,2.4196181899794698,3,3,3,100.0,33.01839348622666,40.21840873634946,2022-04-18; 2022-04-29; 2024-04-16,16.0,4.000000000000001,历史3/3次成功; 当前距低点4.00%; 最新日涨幅-0.92%; 状态bottom_area; 底部已确认
6,86.52846301578764,72.35997903664,002963,豪尔赛,bottom_area,2025-01-03,10.49,2024-12-27,15.16,2025-01-03,10.47,0.19102196752626144,11.938872970391595,30.93667546174142,30.80474934036939,False,-9.72461273666092,6.517467015218273,2,2,2,100.0,21.857575927956297,23.253493013972058,2020-02-04; 2022-04-27,19.80897803247374,0.19102196752626144,历史2/2次成功; 当前距低点0.19%; 最新日涨幅-9.72%; 状态bottom_area; 底部未确认
7,84.21070308067527,70.20057154370582,300784,利安科技,bottom_area,2025-01-03,51.51,2024-12-12,74.0,2025-01-03,51.5,0.019417475728151477,8.291262135922336,30.405405405405407,30.39189189189189,False,-6.515426497277687,7.643175735950044,1,1,1,100.0,24.810985958956948,24.810985958956948,2024-06-26,19.98058252427185,0.019417475728151477,历史1/1次成功; 当前距低点0.02%; 最新日涨幅-6.52%; 状态bottom_area; 底部未确认
8,84.12288969227541,70.42039838157487,688528,秦川物联,bottom_area,2025-01-03,8.12,2024-12-10,11.36,2025-01-03,8.1,0.24691358024690832,6.419753086419748,28.69718309859155,28.52112676056338,False,-5.3613053613053685,0.7570833333333333,1,1,1,100.0,28.78151260504202,28.78151260504202,2024-10-11,19.753086419753092,0.24691358024690832,历史1/1次成功; 当前距低点0.25%; 最新日涨幅-5.36%; 状态bottom_area; 底部未确认
9,84.09947174136893,70.08289311780744,002971,和远气体,bottom_area,2025-01-03,17.2,2024-12-03,24.08,2025-01-03,17.2,0.0,5.465116279069775,28.57142857142857,28.57142857142857,False,-4.550499445061041,1.5795904628099804,3,4,3,75.0,40.36501676240559,61.79401993355482,2020-12-31; 2022-04-27; 2024-02-05,20.0,0.0,历史3/4次成功; 当前距低点0.00%; 最新日涨幅-4.55%; 状态bottom_area; 底部未确认
10,83.58829671022875,71.23927114382482,605399,晨光新材,bottom_area,2025-01-03,10.73,2024-12-10,14.77,2025-01-03,10.6,1.22641509433963,8.773584905660375,28.23290453622207,27.35274204468517,False,-5.794556628621594,1.5035600185025917,2,3,2,66.66666666666666,44.24102630243285,52.857533497402244,2021-11-17; 2022-06-08,18.77358490566037,1.22641509433963,历史2/3次成功; 当前距低点1.23%; 最新日涨幅-5.79%; 状态bottom_area; 底部未确认
11,82.83237821191388,70.46232551107987,688077,大地熊,bottom_area,2025-01-03,19.8,2024-12-04,27.48,2025-01-03,19.58,1.12359550561799,10.061287027579176,28.748180494905395,27.947598253275107,False,-3.2730825598436653,2.6786690117668455,2,3,2,66.66666666666666,38.803530092592595,53.68518518518518,2020-07-27; 2022-04-27,18.876404494382008,1.12359550561799,历史2/3次成功; 当前距低点1.12%; 最新日涨幅-3.27%; 状态bottom_area; 底部未确认
12,81.9382795951082,70.65880123312337,002332,仙琚制药,bottom_area,2025-01-03,9.81,2024-11-07,13.3,2025-01-02,9.63,1.8691588785046696,3.5306334371754913,27.593984962406015,26.240601503759397,False,1.1340206185567192,2.8193924322428527,3,6,3,50.0,35.75528750598931,57.23114956736713,2011-01-25; 2012-12-04; 2015-08-26,18.13084112149533,1.8691588785046696,历史3/6次成功; 当前距低点1.87%; 最新日涨幅1.13%; 状态bottom_area; 底部未确认
13,80.24479635774547,67.47211686117329,002639,雪人集团,bottom_area,2025-01-03,6.17,2024-12-19,9.1,2025-01-03,6.14,0.488599348534206,8.957654723127048,32.527472527472526,32.1978021978022,False,-6.373292867981794,7.506014642833836,4,6,4,66.66666666666666,38.1153586514227,63.25301204819277,2012-12-04; 2020-02-04; 2022-04-27; 2024-02-06,19.511400651465795,0.488599348534206,历史4/6次成功; 当前距低点0.49%; 最新日涨幅-6.37%; 状态bottom_area; 底部未确认
14,79.34223063377284,66.4598224689275,002535,林州重机,bottom_area,2025-01-03,3.57,2024-12-06,5.02,2025-01-03,3.56,0.2808988764044884,6.4606741573033695,29.08366533864541,28.88446215139442,False,-5.053191489361697,2.0924870776303175,6,10,6,60.0,44.57135433940714,71.19244391971662,2012-12-04; 2015-07-03; 2015-08-26; 2019-05-08; 2023-05-17; 2023-07-10,19.71910112359551,0.2808988764044884,历史6/10次成功; 当前距低点0.28%; 最新日涨幅-5.05%; 状态bottom_area; 底部未确认
15,78.50217367540994,66.04915576546321,603185,弘元绿能,bottom_area,2025-01-03,15.36,2024-11-28,21.55,2025-01-03,15.28,0.5235602094240842,5.955497382198965,29.09512761020882,28.723897911832953,False,-3.699059561128526,1.5366802723217348,4,6,4,66.66666666666666,30.893582668190593,43.51028702057404,2022-02-14; 2022-04-25; 2022-06-02; 2024-02-05,19.476439790575917,0.5235602094240842,历史4/6次成功; 当前距低点0.52%; 最新日涨幅-3.70%; 状态bottom_area; 底部未确认
16,77.3130161675948,64.66533315360068,300925,法本信息,bottom_area,2025-01-03,19.94,2024-12-20,27.57,2025-01-03,19.9,0.20100502512564172,10.100502512562823,27.82009430540443,27.675009067827343,False,-8.068234209313053,6.1277422097628005,4,7,4,57.14285714285714,40.13469452857911,60.35353535353535,2021-07-28; 2022-10-11; 2024-10-11; 2024-11-04,19.798994974874358,0.20100502512564172,历史4/7次成功; 当前距低点0.20%; 最新日涨幅-8.07%; 状态bottom_area; 底部未确认
17,76.89108609819722,64.25883655234755,300671,富满微,bottom_area,2025-01-03,32.2,2024-12-24,45.6,2025-01-03,32.15,0.1555209953343834,8.429237947122864,29.495614035087726,29.3859649122807,False,-4.733727810650867,3.745436428076765,3,5,3,60.0,31.201206568332946,51.13636363636363,2017-12-05; 2020-11-02; 2023-08-28,19.84447900466562,0.1555209953343834,历史3/5次成功; 当前距低点0.16%; 最新日涨幅-4.73%; 状态bottom_area; 底部未确认
18,76.8242838300401,64.22651145232557,300085,银之杰,bottom_area,2025-01-03,34.25,2024-12-18,49.29,2025-01-03,34.19,0.17548990933022018,8.189529102076644,30.63501724487726,30.513288699533376,False,-6.675749318801094,6.841260447664174,8,14,8,57.14285714285714,37.462672134553955,62.55924170616112,2014-12-10; 2015-06-09; 2015-06-17; 2015-09-02; 2018-02-09; 2018-03-26; 2020-02-04; 2024-11-01,19.82451009066978,0.17548990933022018,历史8/14次成功; 当前距低点0.18%; 最新日涨幅-6.68%; 状态bottom_area; 底部未确认
19,76.77785615336094,64.20938655320464,300663,科蓝软件,bottom_area,2025-01-03,15.5,2024-12-20,21.29,2025-01-03,15.47,0.1939237233354839,9.825468648998047,27.33677782996711,27.195866604039452,False,-7.84780023781213,4.891581037563497,5,9,5,55.55555555555556,41.035719104949756,76.77304964539006,2018-04-23; 2018-10-12; 2020-02-04; 2021-07-01; 2024-10-10,19.806076276664516,0.1939237233354839,历史5/9次成功; 当前距低点0.19%; 最新日涨幅-7.85%; 状态bottom_area; 底部未确认
20,76.28197771501799,63.82634113239973,688277,天智航,bottom_area,2025-01-03,9.07,2024-12-10,13.19,2025-01-03,9.05,0.22099447513811685,6.519337016574584,31.3874147081122,31.235784685367697,False,-5.125523012552302,0.8589185922347355,3,5,3,60.0,29.678540514594815,47.4169978207922,2020-07-08; 2021-03-17; 2024-04-16,19.779005524861883,0.22099447513811685,历史3/5次成功; 当前距低点0.22%; 最新日涨幅-5.13%; 状态bottom_area; 底部未确认
21,76.22822029130275,66.52101096630415,002077,大港股份,bottom_area,2025-01-03,14.24,2024-12-24,19.73,2025-01-03,13.89,2.519798416126707,7.127429805615552,29.59959452610238,27.825646224024332,False,-0.5586592178770999,7.014629813631652,10,19,10,52.63157894736842,38.25604859829874,117.23446893787575,2008-09-18; 2016-01-29; 2017-05-11; 2019-05-06; 2019-05-27; 2020-02-04; 2020-05-07; 2021-10-28; 2023-04-27; 2024-07-18,17.480201583873296,2.519798416126707,历史10/19次成功; 当前距低点2.52%; 最新日涨幅-0.56%; 状态bottom_area; 底部未确认
22,75.96202883093187,63.56455162019592,605577,龙版传媒,bottom_area,2025-01-03,13.3,2024-12-16,19.0,2025-01-03,13.27,0.22607385079126707,7.686510926902786,30.157894736842106,30.0,False,-5.940594059405935,1.3840198513259925,2,4,2,50.0,50.62209104325122,80.80939947780678,2023-11-30; 2023-12-25,19.773926149208734,0.22607385079126707,历史2/4次成功; 当前距低点0.23%; 最新日涨幅-5.94%; 状态bottom_area; 底部未确认
23,75.61557067510697,63.52179753446543,001287,中电港,bottom_area,2025-01-03,18.31,2024-12-10,25.51,2025-01-03,18.23,0.43883708173339714,6.19857377948436,28.537828302626423,28.22422579380636,False,-4.535974973931179,1.7116855721470783,2,3,2,66.66666666666666,32.93376029113394,42.36351071181756,2024-01-23; 2024-02-06,19.561162918266604,0.43883708173339714,历史2/3次成功; 当前距低点0.44%; 最新日涨幅-4.54%; 状态bottom_area; 底部未确认
24,75.49608634887153,64.47912352194345,300013,新宁物流,bottom_area,2025-01-03,3.02,2024-12-23,4.21,2025-01-03,2.98,1.342281879194632,11.409395973154357,29.216152019002372,28.26603325415677,False,-9.58083832335329,4.998178274119215,7,14,7,50.0,28.760893583372077,34.43396226415094,2016-01-14; 2017-01-16; 2018-01-22; 2018-12-25; 2020-09-11; 2022-04-25; 2022-10-11,18.65771812080537,1.342281879194632,历史7/14次成功; 当前距低点1.34%; 最新日涨幅-9.58%; 状态bottom_area; 底部未确认
25,75.38731390091007,63.24750059910402,002761,浙江建投,bottom_area,2025-01-03,8.19,2024-12-10,11.2,2025-01-03,8.16,0.36764705882352156,6.495098039215678,27.142857142857135,26.875,False,-4.767441860465116,2.164498070253713,5,9,5,55.55555555555556,37.99380109856322,60.40955631399317,2019-01-31; 2019-08-15; 2022-05-25; 2024-01-23; 2024-02-06,19.632352941176478,0.36764705882352156,历史5/9次成功; 当前距低点0.37%; 最新日涨幅-4.77%; 状态bottom_area; 底部未确认
26,74.93172488375458,63.89980780353666,300363,博腾股份,bottom_area,2025-01-03,15.28,2024-12-09,21.01,2025-01-03,15.09,1.2591119946984723,3.2471835652750176,28.177058543550697,27.27272727272728,False,0.06548788474132206,2.1247116746635513,3,10,3,30.0,35.27195242714612,46.29503738953092,2020-03-24; 2022-01-07; 2024-02-05,18.740888005301528,1.2591119946984723,历史3/10次成功; 当前距低点1.26%; 最新日涨幅0.07%; 状态bottom_area; 底部未确认
27,74.56503306489056,62.83286102619632,300098,高新兴,bottom_area,2025-01-03,4.97,2024-12-20,6.94,2025-01-03,4.94,0.6072874493926995,10.121457489878543,28.818443804034583,28.386167146974074,False,-7.276119402985081,5.731395753751131,6,10,6,60.0,29.072453821568132,50.61224489795917,2016-02-01; 2016-03-01; 2018-10-12; 2020-02-04; 2021-07-28; 2024-02-06,19.392712550607303,0.6072874493926995,历史6/10次成功; 当前距低点0.61%; 最新日涨幅-7.28%; 状态bottom_area; 底部未确认
28,74.5583748783193,62.72783937016403,300180,华峰超纤,bottom_area,2025-01-03,5.79,2024-12-12,8.52,2025-01-03,5.76,0.5208333333333376,8.159722222222234,32.3943661971831,32.04225352112676,False,-6.158833063209079,3.765052778087713,3,5,3,60.0,27.44806112991417,41.44486692015211,2015-06-30; 2015-08-26; 2024-02-06,19.479166666666664,0.5208333333333376,历史3/5次成功; 当前距低点0.52%; 最新日涨幅-6.16%; 状态bottom_area; 底部未确认
29,74.50227803556862,62.08523169630718,300489,光智科技,bottom_area,2025-01-03,50.8,2024-12-02,71.8,2025-01-03,50.8,0.0,9.212598425196852,29.247910863509752,29.247910863509752,False,-6.099815157116462,3.498564333401467,5,9,5,55.55555555555556,39.49646670654996,88.77805486284291,2015-08-25; 2015-09-02; 2018-10-19; 2020-02-04; 2023-08-28,20.0,0.0,历史5/9次成功; 当前距低点0.00%; 最新日涨幅-6.10%; 状态bottom_area; 底部未确认
30,74.48275511542961,63.574257122146236,300030,阳普医疗,bottom_area,2025-01-03,5.42,2024-12-09,7.53,2025-01-03,5.35,1.3084112149532765,10.841121495327105,28.950863213811427,28.021248339973443,False,-2.6929982046678735,5.834272548683808,4,10,4,40.0,34.93244458193392,48.36016696481813,2012-12-04; 2015-07-29; 2020-03-24; 2021-10-29,18.691588785046726,1.3084112149532765,历史4/10次成功; 当前距低点1.31%; 最新日涨幅-2.69%; 状态bottom_area; 底部未确认
31,74.35553279833192,62.09200902114065,002855,捷荣技术,bottom_area,2025-01-03,17.64,2024-12-10,25.2,2025-01-03,17.62,0.11350737797956624,7.604994324631099,30.079365079365072,29.999999999999993,False,-5.8697972251867565,1.9843054952818044,4,7,4,57.14285714285714,25.2270667438851,38.2059800664452,2018-02-07; 2019-05-08; 2022-04-28; 2023-11-28,19.886492622020434,0.11350737797956624,历史4/7次成功; 当前距低点0.11%; 最新日涨幅-5.87%; 状态bottom_area; 底部未确认
32,73.7883193271756,62.30421668018637,300437,清水源,bottom_area,2025-01-03,8.42,2024-12-02,11.8,2025-01-03,8.36,0.7177033492823026,7.775119617224885,29.152542372881364,28.644067796610173,False,-5.393258426966296,2.896910768408968,8,13,8,61.53846153846154,24.250431809408724,30.330330330330323,2015-06-30; 2015-07-03; 2021-02-04; 2021-05-11; 2021-09-30; 2021-11-15; 2022-04-27; 2024-04-16,19.282296650717697,0.7177033492823026,历史8/13次成功; 当前距低点0.72%; 最新日涨幅-5.39%; 状态bottom_area; 底部未确认
33,73.54689505722055,63.07262384757231,603319,美湖股份,bottom_area,2025-01-03,19.45,2024-12-20,28.06,2025-01-03,19.15,1.5665796344647556,4.804177545691915,31.753385602280833,30.68424803991447,False,-2.2121669180492742,2.2996630359566526,3,7,3,42.857142857142854,29.209660444749293,43.981481481481474,2021-02-08; 2022-06-02; 2024-02-06,18.433420365535248,1.5665796344647556,历史3/7次成功; 当前距低点1.57%; 最新日涨幅-2.21%; 状态bottom_area; 底部未确认
34,73.3113021484245,63.031488563036554,688165,埃夫特,bottom_area,2025-01-03,25.63,2024-12-24,36.65,2025-01-02,25.2,1.7063492063492052,15.753968253968264,31.241473396998636,30.068212824010914,True,-8.136200716845876,5.803518724366592,2,5,2,40.0,37.91378899738032,53.84615384615383,2022-04-27; 2024-02-06,18.293650793650794,1.7063492063492052,历史2/5次成功; 当前距低点1.71%; 最新日涨幅-8.14%; 状态bottom_area; 底部已确认
35,73.22991185006589,61.68017241163193,688776,国光电气,bottom_area,2025-01-03,44.87,2024-12-12,62.68,2025-01-03,44.61,0.582828962116113,5.357543151759696,28.828972559029992,28.414167198468416,False,-1.8376722817764257,1.335628907073594,2,4,2,50.0,34.02700239385302,46.27092846270927,2023-09-25; 2024-10-14,19.417171037883886,0.582828962116113,历史2/4次成功; 当前距低点0.58%; 最新日涨幅-1.84%; 状态bottom_area; 底部未确认
36,73.22969480072061,61.24633988638434,300418,昆仑万维,bottom_area,2025-01-03,35.47,2024-12-10,52.55,2025-01-03,35.4,0.1977401129943511,5.564971751412426,32.63558515699334,32.502378686964796,False,-4.573580844767289,3.2140669723580872,5,9,5,55.55555555555556,25.15214223184178,32.568306010928964,2015-02-10; 2015-08-19; 2015-09-02; 2016-03-01; 2023-10-26,19.80225988700565,0.1977401129943511,历史5/9次成功; 当前距低点0.20%; 最新日涨幅-4.57%; 状态bottom_area; 底部未确认
37,73.17560764529223,61.5644824565885,300899,上海凯鑫,bottom_area,2025-01-03,19.3,2024-12-11,26.48,2025-01-03,19.2,0.5208333333333408,8.02083333333333,27.49244712990937,27.114803625377643,False,-5.345757724374689,4.31672766489456,2,3,2,66.66666666666666,23.41567628990246,26.796326310102632,2021-11-02; 2022-04-27,19.47916666666666,0.5208333333333408,历史2/3次成功; 当前距低点0.52%; 最新日涨幅-5.35%; 状态bottom_area; 底部未确认
38,73.04323198171635,61.38480491150142,300005,探路者,bottom_area,2025-01-03,6.55,2024-12-16,9.16,2025-01-03,6.52,0.4601226993865069,7.668711656441718,28.820960698689962,28.49344978165939,False,-5.890804597701149,2.224818593986082,5,9,5,55.55555555555556,29.11288052265464,36.75862068965516,2012-12-04; 2015-07-06; 2016-01-14; 2020-02-04; 2022-04-27,19.539877300613494,0.4601226993865069,历史5/9次成功; 当前距低点0.46%; 最新日涨幅-5.89%; 状态bottom_area; 底部未确认
39,72.96261440482598,61.325515106821,688329,艾隆科技,bottom_area,2025-01-03,12.89,2024-12-10,18.1,2025-01-03,12.83,0.46765393608729927,8.729540140296175,29.11602209944752,28.784530386740332,False,-4.447739065974798,2.0588082901554405,2,3,2,66.66666666666666,21.479029109856874,21.72890326374596,2021-07-28; 2021-09-29,19.5323460639127,0.46765393608729927,历史2/3次成功; 当前距低点0.47%; 最新日涨幅-4.45%; 状态bottom_area; 底部未确认
40,72.8459185821467,61.86894305301438,688133,泰坦科技,bottom_area,2025-01-03,17.54,2024-12-12,25.78,2025-01-03,17.36,1.0368663594470031,5.241935483870969,32.66097750193949,31.96276183087666,False,-2.663706992230852,2.375803612088312,1,2,1,50.0,34.10214168039539,34.10214168039539,2024-10-18,18.963133640552996,1.0368663594470031,历史1/2次成功; 当前距低点1.04%; 最新日涨幅-2.66%; 状态bottom_area; 底部未确认
41,72.49864957585544,60.608786720146654,002343,慈文传媒,bottom_area,2025-01-03,5.75,2024-12-13,8.48,2025-01-03,5.74,0.17421602787456072,7.665505226480827,32.31132075471698,32.193396226415096,False,-5.737704918032782,3.521847870761992,6,12,6,50.0,33.473114320971284,64.34977578475335,2013-06-25; 2015-05-06; 2015-06-29; 2015-12-02; 2018-10-16; 2022-04-26,19.82578397212544,0.17421602787456072,历史6/12次成功; 当前距低点0.17%; 最新日涨幅-5.74%; 状态bottom_area; 底部未确认
42,72.33911558385931,60.42628181490307,002877,智能自控,bottom_area,2025-01-03,7.71,2024-12-12,11.17,2025-01-03,7.7,0.12987012987012708,7.272727272727267,31.06535362578335,30.975828111011637,False,-5.860805860805851,3.976016269801698,3,7,3,42.857142857142854,47.42450075042143,92.04892966360853,2018-02-07; 2018-06-01; 2020-02-04,19.870129870129873,0.12987012987012708,历史3/7次成功; 当前距低点0.13%; 最新日涨幅-5.86%; 状态bottom_area; 底部未确认
43,72.29621986631311,60.246849888594255,688502,茂莱光学,bottom_area,2025-01-03,183.0,2024-12-20,252.0,2025-01-03,183.0,0.0,6.737704918032794,27.380952380952383,27.380952380952383,False,-5.181347150259064,2.0198710466395684,2,3,2,66.66666666666666,22.20528613939561,22.67732267732269,2024-10-14; 2024-12-18,20.0,0.0,历史2/3次成功; 当前距低点0.00%; 最新日涨幅-5.18%; 状态bottom_area; 底部未确认
44,72.24904336249048,61.18291595498088,002232,启明信息,bottom_area,2025-01-03,17.25,2024-12-20,23.8,2025-01-03,17.1,0.877192982456132,8.771929824561402,28.151260504201677,27.521008403361346,False,-6.70632774472687,4.199257680513105,8,15,8,53.333333333333336,37.95474527767488,64.58616010854817,2009-08-20; 2009-09-29; 2011-01-25; 2012-12-04; 2016-03-01; 2018-02-06; 2019-05-08; 2020-02-04,19.12280701754387,0.877192982456132,历史8/15次成功; 当前距低点0.88%; 最新日涨幅-6.71%; 状态bottom_area; 底部未确认
45,72.18053071606718,60.81945628249679,300079,数码视讯,bottom_area,2025-01-03,5.0,2024-12-09,7.13,2025-01-03,4.97,0.6036217303822987,7.042253521126772,30.294530154277705,29.87377279102384,False,-4.580152671755733,2.861972792682287,7,13,7,53.84615384615385,31.53609584821734,60.89552238805969,2015-01-05; 2016-01-14; 2019-08-06; 2021-06-28; 2021-07-28; 2022-10-11; 2024-02-06,19.396378269617703,0.6036217303822987,历史7/13次成功; 当前距低点0.60%; 最新日涨幅-4.58%; 状态bottom_area; 底部未确认
46,72.04999522925819,61.315449170511414,002307,北新路桥,bottom_area,2025-01-03,3.53,2024-12-25,4.87,2025-01-03,3.49,1.1461318051575813,4.584527220630363,28.336755646817245,27.515400410677625,False,-2.4861878453038777,2.137536888328862,4,12,4,33.33333333333333,35.24352877923315,51.14678899082568,2009-12-23; 2012-12-04; 2015-09-07; 2017-11-20,18.85386819484242,1.1461318051575813,历史4/12次成功; 当前距低点1.15%; 最新日涨幅-2.49%; 状态bottom_area; 底部未确认
47,72.04943601327732,61.085391402561186,603079,圣达生物,bottom_area,2025-01-03,12.87,2024-12-13,18.06,2025-01-03,12.75,0.9411764705882292,7.9999999999999964,29.40199335548172,28.737541528239202,False,-5.088495575221252,2.326831237996362,4,7,4,57.14285714285714,29.960765198553307,39.7635135135135,2019-04-22; 2020-02-04; 2022-04-27; 2024-09-18,19.05882352941177,0.9411764705882292,历史4/7次成功; 当前距低点0.94%; 最新日涨幅-5.09%; 状态bottom_area; 底部未确认
48,71.81197639224249,60.054435036168144,300746,汉嘉数智,bottom_area,2025-01-03,10.43,2024-12-13,14.58,2025-01-03,10.41,0.19212295869355978,8.357348703170022,28.600823045267486,28.463648834019207,False,-6.5412186379928405,2.162021765014865,2,4,2,50.0,30.712233236502485,36.90896259703598,2020-02-04; 2022-03-09,19.80787704130644,0.19212295869355978,历史2/4次成功; 当前距低点0.19%; 最新日涨幅-6.54%; 状态bottom_area; 底部未确认
49,71.74039571100327,60.07737470215773,300861,美畅股份,bottom_area,2025-01-03,18.75,2024-12-03,26.96,2025-01-03,18.7,0.2673796791443888,4.117647058823527,30.6379821958457,30.452522255192882,False,-2.394586153045297,1.433966240486693,2,4,2,50.0,21.543012745198546,21.957277694982622,2022-02-10; 2024-10-18,19.732620320855613,0.2673796791443888,历史2/4次成功; 当前距低点0.27%; 最新日涨幅-2.39%; 状态bottom_area; 底部未确认
50,71.55174918095149,61.51663354174024,600569,安阳钢铁,bottom_area,2025-01-03,1.79,2024-12-19,2.45,2025-01-03,1.76,1.7045454545454561,4.545454545454549,28.163265306122454,26.93877551020409,False,-1.6483516483516536,1.1938325550265303,7,17,7,41.17647058823529,26.17677167228526,32.721202003338895,2006-05-25; 2007-06-26; 2008-03-18; 2008-04-22; 2017-05-11; 2020-02-04; 2021-02-04,18.295454545454547,1.7045454545454561,历史7/17次成功; 当前距低点1.70%; 最新日涨幅-1.65%; 状态bottom_area; 底部未确认
51,70.67973799862969,60.23841306701394,002526,山东矿机,bottom_area,2025-01-03,3.3,2024-12-18,4.5,2025-01-03,3.26,1.2269938650306762,8.282208588957056,27.55555555555556,26.66666666666667,False,-5.444126074498579,6.241306261876993,2,5,2,40.0,26.2148337595908,29.78260869565218,2011-10-24; 2012-12-04,18.773006134969325,1.2269938650306762,历史2/5次成功; 当前距低点1.23%; 最新日涨幅-5.44%; 状态bottom_area; 底部未确认
52,70.43313900378593,58.92863354037263,688148,芳源股份,bottom_area,2025-01-03,4.61,2024-12-09,6.39,2025-01-03,4.6,0.2173913043478408,6.521739130434799,28.012519561815342,27.856025039123622,False,-4.948453608247405,1.1678979304584864,2,4,2,50.0,24.96927803379417,26.66666666666668,2022-04-28; 2024-10-18,19.782608695652158,0.2173913043478408,历史2/4次成功; 当前距低点0.22%; 最新日涨幅-4.95%; 状态bottom_area; 底部未确认
53,70.17139541929566,58.86342220603167,603399,永杉锂业,bottom_area,2025-01-03,8.36,2024-12-17,12.18,2025-01-03,8.33,0.3601440576230415,7.0828331332533,31.60919540229885,31.362889983579638,False,-5.429864253393668,2.643772357644227,5,10,5,50.0,26.368551921570997,30.753768844221113,2012-12-03; 2015-07-16; 2015-07-29; 2018-09-14; 2023-06-01,19.63985594237696,0.3601440576230415,历史5/10次成功; 当前距低点0.36%; 最新日涨幅-5.43%; 状态bottom_area; 底部未确认
54,70.08107548017996,58.99627144995069,603519,立霸股份,bottom_area,2025-01-03,10.9,2024-12-13,15.96,2025-01-03,10.84,0.5535055350553552,6.642066420664213,32.08020050125314,31.704260651629074,False,-4.7202797202797075,1.7575709796646122,3,6,3,50.0,29.45303263374673,44.7478474784748,2015-07-03; 2015-07-09; 2015-07-16,19.446494464944646,0.5535055350553552,历史3/6次成功; 当前距低点0.55%; 最新日涨幅-4.72%; 状态bottom_area; 底部未确认
55,69.97262147799944,58.86681945677316,600158,中体产业,bottom_area,2025-01-03,7.76,2024-12-17,10.89,2025-01-03,7.72,0.5181347150259072,6.4766839378238465,29.109274563820026,28.741965105601473,False,-4.668304668304679,3.839218561890855,10,20,10,50.0,28.323476381893663,47.27085478887744,2001-06-07; 2003-05-13; 2005-03-31; 2008-04-03; 2008-07-18; 2009-03-02; 2014-08-28; 2015-06-23; 2019-05-08; 2023-01-12,19.48186528497409,0.5181347150259072,历史10/20次成功; 当前距低点0.52%; 最新日涨幅-4.67%; 状态bottom_area; 底部未确认
56,69.73717680035502,58.69757810066378,002195,岩山科技,bottom_area,2025-01-03,3.69,2024-12-23,5.12,2025-01-03,3.67,0.5449591280653956,7.9019073569482305,28.320312500000007,27.9296875,False,-5.867346938775508,5.714697901510418,6,12,6,50.0,27.74239200351012,38.132295719844365,2008-09-18; 2009-08-20; 2012-12-04; 2013-06-25; 2015-06-30; 2020-02-04,19.455040871934607,0.5449591280653956,历史6/12次成功; 当前距低点0.54%; 最新日涨幅-5.87%; 状态bottom_area; 底部未确认
57,69.7040694375618,58.82883134877457,600604,市北高新,bottom_area,2025-01-03,4.36,2024-12-19,5.95,2025-01-03,4.33,0.692840646651276,8.083140877598144,27.226890756302524,26.722689075630253,False,-6.236559139784948,1.6858018646468564,12,26,12,46.15384615384615,38.594129156663875,125.68218298555377,1992-09-08; 1993-02-24; 1993-03-10; 1993-07-26; 1994-03-10; 1994-08-10; 1994-10-14; 2007-10-26; 2008-04-23; 2019-02-01; 2020-02-04; 2024-02-06,19.307159353348723,0.692840646651276,历史12/26次成功; 当前距低点0.69%; 最新日涨幅-6.24%; 状态bottom_area; 底部未确认
58,69.65766923905285,58.30439195641315,300451,创业慧康,bottom_area,2025-01-03,4.17,2024-12-16,5.92,2025-01-03,4.16,0.24038461538461023,6.009615384615384,29.729729729729726,29.56081081081081,False,-4.357798165137627,2.648736853740313,3,6,3,50.0,21.894993975752964,23.89380530973452,2015-09-02; 2016-04-22; 2023-04-26,19.759615384615394,0.24038461538461023,历史3/6次成功; 当前距低点0.24%; 最新日涨幅-4.36%; 状态bottom_area; 底部未确认
59,69.61300333042699,60.50592583379408,000155,川能动力,bottom_area,2025-01-03,10.67,2024-12-04,14.4,2025-01-02,10.43,2.301054650047941,4.697986577181211,27.569444444444446,25.90277777777778,False,1.5223596574690745,1.4877137842170909,3,11,3,27.27272727272727,35.70656637093704,45.280898876404486,2011-08-09; 2024-02-05; 2024-08-23,17.698945349952062,2.301054650047941,历史3/11次成功; 当前距低点2.30%; 最新日涨幅1.52%; 状态bottom_area; 底部未确认
60,69.60067903170999,58.8199933250259,300270,中威电子,bottom_area,2025-01-03,6.58,2024-12-20,9.3,2025-01-03,6.53,0.7656967840735042,10.26033690658499,29.78494623655914,29.247311827956995,False,-6.798866855524077,5.953774022650776,6,12,6,50.0,31.10635479953488,48.681055155875306,2012-01-19; 2013-10-29; 2016-03-01; 2021-02-09; 2022-04-27; 2022-10-11,19.234303215926495,0.7656967840735042,历史6/12次成功; 当前距低点0.77%; 最新日涨幅-6.80%; 状态bottom_area; 底部未确认
61,69.54464900763877,59.851687102649855,688320,禾川科技,bottom_area,2025-01-03,38.16,2024-12-20,52.5,2025-01-02,37.5,1.7599999999999907,10.586666666666664,28.57142857142857,27.31428571428572,True,-4.600000000000004,5.122647772996074,2,6,2,33.33333333333333,35.920181555465064,38.29133374308544,2022-10-12; 2023-10-23,18.240000000000013,1.7599999999999907,历史2/6次成功; 当前距低点1.76%; 最新日涨幅-4.60%; 状态bottom_area; 底部已确认
62,69.2553435612217,58.172768139873114,300456,赛微电子,bottom_area,2025-01-03,16.23,2024-12-04,22.3,2025-01-03,16.16,0.43316831683168494,5.3836633663366396,27.53363228699552,27.219730941704036,False,-1.9927536231883924,2.797963110339195,2,5,2,40.0,35.002107001340555,37.08529508376219,2015-06-29; 2023-08-25,19.566831683168317,0.43316831683168494,历史2/5次成功; 当前距低点0.43%; 最新日涨幅-1.99%; 状态bottom_area; 底部未确认
63,69.23017928192697,58.38011322310002,600490,鹏欣资源,bottom_area,2025-01-03,3.11,2024-12-25,4.4,2025-01-03,3.09,0.647249190938512,7.766990291262143,29.772727272727284,29.318181818181827,False,-5.471124620060797,4.225875509310638,8,16,8,50.0,27.28946977655813,31.321839080459778,2007-10-26; 2008-04-22; 2008-09-18; 2016-05-12; 2020-02-04; 2021-02-05; 2022-04-27; 2024-02-06,19.35275080906149,0.647249190938512,历史8/16次成功; 当前距低点0.65%; 最新日涨幅-5.47%; 状态bottom_area; 底部未确认
64,69.21579075574063,57.679825629783856,603032,德新科技,bottom_area,2025-01-03,12.56,2024-12-12,17.39,2025-01-03,12.56,0.0,5.812101910828014,27.77458309373203,27.77458309373203,False,-4.122137404580151,1.792739713273819,4,8,4,50.0,27.848524891311023,33.94088669950739,2018-10-09; 2018-10-19; 2020-02-06; 2023-12-21,20.0,0.0,历史4/8次成功; 当前距低点0.00%; 最新日涨幅-4.12%; 状态bottom_area; 底部未确认
65,69.13312192930002,58.95784309060921,000402,金融街,bottom_area,2025-01-03,3.21,2024-12-10,4.42,2025-01-02,3.17,1.2618296529968467,5.993690851735014,28.28054298642534,27.375565610859727,False,-1.834862385321101,1.3529334327231124,4,12,4,33.33333333333333,23.986458957573564,27.201565557729936,1997-07-08; 1998-08-18; 2013-06-25; 2022-04-27,18.738170347003155,1.2618296529968467,历史4/12次成功; 当前距低点1.26%; 最新日涨幅-1.83%; 状态bottom_area; 底部未确认
66,69.0609833506608,57.64895292874104,002186,全聚德,bottom_area,2025-01-03,10.77,2024-12-13,15.15,2025-01-03,10.76,0.09293680297397572,10.223048327137544,28.976897689768983,28.910891089108915,False,-8.184143222506401,5.018683058231469,3,7,3,42.857142857142854,32.039893914479194,48.62227324913891,2007-11-28; 2008-03-18; 2022-04-28,19.907063197026027,0.09293680297397572,历史3/7次成功; 当前距低点0.09%; 最新日涨幅-8.18%; 状态bottom_area; 底部未确认
67,68.87241601134843,57.39368000945703,002491,通鼎互联,bottom_area,2025-01-03,4.17,2024-12-27,6.0,2025-01-03,4.17,0.0,9.832134292565952,30.5,30.5,False,-9.935205183585316,5.927593974607011,6,13,6,46.15384615384615,34.64344091105928,52.39520958083833,2013-06-25; 2014-05-28; 2015-06-30; 2015-07-03; 2020-02-06; 2024-02-06,20.0,0.0,历史6/13次成功; 当前距低点0.00%; 最新日涨幅-9.94%; 状态bottom_area; 底部未确认
68,68.72905919077601,57.68831903945113,300348,长亮科技,bottom_area,2025-01-03,12.77,2024-12-23,18.85,2025-01-03,12.72,0.3930817610062809,8.49056603773585,32.51989389920424,32.25464190981433,False,-6.515373352855058,5.348524499282929,4,11,4,36.36363636363637,53.70316370929358,87.71331058020478,2015-07-17; 2015-09-02; 2024-02-06; 2024-10-10,19.60691823899372,0.3930817610062809,历史4/11次成功; 当前距低点0.39%; 最新日涨幅-6.52%; 状态bottom_area; 底部未确认
69,68.63651030077116,57.47945795765147,688599,天合光能,bottom_area,2025-01-03,18.66,2024-12-03,25.66,2025-01-03,18.61,0.2686727565824864,6.233207952713596,27.474668745128604,27.279812938425565,False,-1.0079575596817048,1.0182630130813324,2,5,2,40.0,29.258235713223325,32.80865715691098,2023-06-09; 2024-02-05,19.731327243417514,0.2686727565824864,历史2/5次成功; 当前距低点0.27%; 最新日涨幅-1.01%; 状态bottom_area; 底部未确认
70,68.49199852656373,57.213958970363755,603976,正川股份,bottom_area,2025-01-03,15.28,2024-11-29,21.21,2025-01-03,15.26,0.1310615989515044,4.849279161205768,28.05280528052806,27.958510136727966,False,-4.02010050251257,0.7095059835232469,2,5,2,40.0,36.35902911813539,43.93577041339256,2020-02-04; 2021-07-28,19.868938401048496,0.1310615989515044,历史2/5次成功; 当前距低点0.13%; 最新日涨幅-4.02%; 状态bottom_area; 底部未确认
71,68.37172112850914,57.483096179183114,600429,三元股份,bottom_area,2025-01-03,4.16,2024-12-13,5.85,2025-01-03,4.14,0.48309178743962466,7.971014492753625,29.230769230769234,28.888888888888882,False,-6.516853932584265,1.1463065691968422,4,11,4,36.36363636363637,66.24257752712204,150.82508250825083,2006-06-14; 2008-04-23; 2008-09-16; 2021-02-08,19.516908212560377,0.48309178743962466,历史4/11次成功; 当前距低点0.48%; 最新日涨幅-6.52%; 状态bottom_area; 底部未确认
72,68.3676402584757,56.97303354872976,603488,展鹏科技,bottom_area,2025-01-03,7.54,2024-12-06,10.33,2025-01-03,7.54,0.0,4.774535809018572,27.008712487899324,27.008712487899324,False,-5.037783375314864,2.0569855011816793,2,4,2,50.0,24.04856746628898,25.734265734265733,2021-02-08; 2023-11-29,20.0,0.0,历史2/4次成功; 当前距低点0.00%; 最新日涨幅-5.04%; 状态bottom_area; 底部未确认
73,68.27223705866643,57.155274437096324,002553,南方精工,bottom_area,2025-01-03,12.01,2024-12-11,17.2,2025-01-03,11.98,0.2504173622704454,8.096828046744564,30.34883720930232,30.17441860465116,False,-6.39127045985971,5.354912344415263,5,13,5,38.46153846153847,40.839924855230855,83.5926449787836,2018-02-07; 2018-06-28; 2022-10-10; 2024-02-06; 2024-11-27,19.749582637729556,0.2504173622704454,历史5/13次成功; 当前距低点0.25%; 最新日涨幅-6.39%; 状态bottom_area; 底部未确认
74,68.20544401937218,57.51566403677892,600843,上工申贝,bottom_area,2025-01-03,10.89,2024-12-25,15.0,2025-01-03,10.82,0.6469500924214444,10.813308687615526,27.866666666666667,27.399999999999995,False,-7.868020304568524,8.763834403323782,13,27,13,48.148148148148145,26.650572816108152,38.28425096030731,1994-08-10; 1995-08-04; 1997-07-07; 1997-09-23; 1999-12-29; 2002-01-18; 2005-03-30; 2005-08-22; 2008-04-03; 2008-04-22; 2013-06-25; 2015-06-30; 2024-07-09,19.35304990757856,0.6469500924214444,历史13/27次成功; 当前距低点0.65%; 最新日涨幅-7.87%; 状态bottom_area; 底部未确认
75,68.11177651011376,57.64043146130924,000518,四环生物,bottom_area,2025-01-03,2.4,2024-12-26,3.34,2025-01-03,2.38,0.8403361344537823,6.722689075630258,28.74251497005988,28.143712574850298,False,-4.0000000000000036,3.015874039700997,7,17,7,41.17647058823529,44.79720538067225,108.33333333333333,1994-08-29; 1996-11-11; 1997-05-23; 1997-07-08; 1999-08-13; 2018-02-09; 2019-05-06,19.15966386554622,0.8403361344537823,历史7/17次成功; 当前距低点0.84%; 最新日涨幅-4.00%; 状态bottom_area; 底部未确认
76,68.06270951959874,57.221670909573994,300486,东杰智能,bottom_area,2025-01-03,6.26,2024-12-11,9.15,2025-01-03,6.23,0.481540930979123,8.828250401284105,31.912568306010925,31.584699453551917,False,-6.845238095238093,2.918289154319743,5,11,5,45.45454545454545,28.878507602282667,50.88323998276606,2015-09-02; 2016-02-01; 2016-03-01; 2018-02-07; 2024-06-11,19.518459069020878,0.481540930979123,历史5/11次成功; 当前距低点0.48%; 最新日涨幅-6.85%; 状态bottom_area; 底部未确认
77,67.90618376177447,56.80728202215227,300201,海伦哲,bottom_area,2025-01-03,4.76,2024-12-16,6.88,2025-01-03,4.75,0.2105263157894692,7.157894736842102,30.959302325581394,30.813953488372096,False,-5.742574257425748,3.356229013679012,3,8,3,37.5,40.56334420511972,56.0655737704918,2015-06-30; 2019-12-03; 2024-02-06,19.78947368421053,0.2105263157894692,历史3/8次成功; 当前距低点0.21%; 最新日涨幅-5.74%; 状态bottom_area; 底部未确认
78,67.35329517320298,56.26758860637907,300364,中文在线,bottom_area,2025-01-03,22.13,2024-12-13,32.72,2025-01-03,22.1,0.13574660633483068,9.230769230769226,32.45721271393642,32.36552567237164,False,-7.367099204688166,5.830241537001597,7,16,7,43.75,23.203445531303664,33.42857142857142,2015-05-29; 2015-08-04; 2015-12-02; 2020-02-04; 2020-09-11; 2021-12-27; 2022-04-28,19.86425339366517,0.13574660633483068,历史7/16次成功; 当前距低点0.14%; 最新日涨幅-7.37%; 状态bottom_area; 底部未确认
79,67.12673360462328,56.18852016894802,002402,和而泰,bottom_area,2025-01-03,16.51,2024-12-18,23.0,2025-01-03,16.47,0.24286581663632484,7.528840315725574,28.39130434782609,28.21739130434782,False,-6.193181818181815,9.506809413731231,4,10,4,40.0,32.21642059612279,50.57692307692307,2015-06-30; 2015-09-07; 2016-02-01; 2020-02-04,19.757134183363675,0.24286581663632484,历史4/10次成功; 当前距低点0.24%; 最新日涨幅-6.19%; 状态bottom_area; 底部未确认
80,67.10169373262559,56.45063123538344,000430,张家界,bottom_area,2025-01-03,5.83,2024-12-13,8.07,2025-01-03,5.8,0.5172413793103492,8.44827586206897,28.128872366790585,27.757125154894673,False,-6.42054574638845,4.8319489079241675,7,17,7,41.17647058823529,34.439913619097915,53.99999999999999,1997-05-26; 1997-08-19; 2007-10-30; 2012-12-04; 2020-02-04; 2021-07-30; 2024-10-18,19.48275862068965,0.5172413793103492,历史7/17次成功; 当前距低点0.52%; 最新日涨幅-6.42%; 状态bottom_area; 底部未确认
81,67.0511933144082,56.906097143907644,300863,卡倍亿,bottom_area,2025-01-03,43.55,2024-12-27,59.92,2025-01-03,43.12,0.9972170686456394,7.560296846011144,28.037383177570103,27.31975967957277,False,-2.2885348889387536,2.7249092134706667,3,7,3,42.857142857142854,28.91571768274797,40.089934278796264,2021-01-14; 2022-04-27; 2024-02-06,19.00278293135436,0.9972170686456394,历史3/7次成功; 当前距低点1.00%; 最新日涨幅-2.29%; 状态bottom_area; 底部未确认
82,66.80726651509757,56.574636592313844,000607,华媒控股,bottom_area,2025-01-03,3.45,2024-12-19,4.77,2025-01-03,3.42,0.8771929824561476,7.894736842105264,28.301886792452823,27.672955974842754,False,-5.479452054794509,2.1210950010010214,5,13,5,38.46153846153847,45.40127200168742,59.82721382289418,1996-12-25; 2008-04-22; 2018-10-19; 2020-02-04; 2022-01-28,19.122807017543852,0.8771929824561476,历史5/13次成功; 当前距低点0.88%; 最新日涨幅-5.48%; 状态bottom_area; 底部未确认
83,66.65101013920005,56.30431342806489,300334,津膜科技,bottom_area,2025-01-03,5.42,2024-12-12,7.45,2025-01-03,5.38,0.7434944237918222,7.063197026022302,27.785234899328863,27.24832214765101,False,-4.409171075837747,1.7557207658650202,4,9,4,44.44444444444444,29.346073135479205,44.22535211267606,2012-12-04; 2015-07-29; 2019-08-06; 2023-10-23,19.25650557620818,0.7434944237918222,历史4/9次成功; 当前距低点0.74%; 最新日涨幅-4.41%; 状态bottom_area; 底部未确认
84,66.29581031351117,55.84055707410438,300281,金明精机,bottom_area,2025-01-03,5.17,2024-12-10,7.13,2025-01-03,5.14,0.5836575875486429,7.976653696498058,27.910238429172512,27.489481065918653,False,-6.000000000000005,2.874164519581739,5,12,5,41.66666666666667,30.91198767230437,46.616541353383454,2015-06-30; 2015-07-06; 2015-09-02; 2022-04-27; 2022-10-11,19.41634241245136,0.5836575875486429,历史5/12次成功; 当前距低点0.58%; 最新日涨幅-6.00%; 状态bottom_area; 底部未确认
85,66.20498306788988,55.48599918244991,688023,安恒信息,bottom_area,2025-01-03,38.73,2024-12-10,56.98,2025-01-03,38.61,0.3108003108003042,3.1080031080031154,32.23938223938224,32.02878202878203,False,-1.2241775057383442,2.4716394287150676,2,6,2,33.33333333333333,33.50156213839389,39.261744966442954,2023-01-11; 2023-10-30,19.689199689199697,0.3108003108003042,历史2/6次成功; 当前距低点0.31%; 最新日涨幅-1.22%; 状态bottom_area; 底部未确认
86,66.1,55.08333333333333,300586,美联新材,bottom_area,2025-01-03,7.7,2024-12-06,10.62,2025-01-03,7.7,0.0,4.6753246753246795,27.495291902071557,27.495291902071557,False,-3.1446540880503138,1.6520871831631188,2,6,2,33.33333333333333,76.02782971158857,124.33414043583537,2020-02-04; 2022-04-27,20.0,0.0,历史2/6次成功; 当前距低点0.00%; 最新日涨幅-3.14%; 状态bottom_area; 底部未确认
87,66.03100670344195,55.02583891953496,601588,北辰实业,bottom_area,2025-01-03,1.77,2024-12-16,2.45,2025-01-03,1.77,0.0,5.084745762711869,27.755102040816332,27.755102040816332,False,-4.324324324324325,1.405890977443609,5,12,5,41.66666666666667,31.63533469284026,42.83837056504598,2006-12-14; 2007-06-05; 2008-03-18; 2008-04-22; 2013-06-25,20.0,0.0,历史5/12次成功; 当前距低点0.00%; 最新日涨幅-4.32%; 状态bottom_area; 底部未确认
88,66.00315385818938,55.4242511492113,600844,金煤科技,bottom_area,2025-01-03,2.41,2024-12-16,3.56,2025-01-03,2.4,0.4166666666666763,7.08333333333333,32.58426966292135,32.30337078651685,False,-5.118110236220463,2.448845270589022,10,26,10,38.46153846153847,33.571242737695286,83.48623853211008,1994-08-10; 1995-02-17; 1995-05-10; 1999-12-29; 2010-05-13; 2012-01-05; 2014-01-30; 2015-06-30; 2015-07-07; 2020-02-04,19.583333333333325,0.4166666666666763,历史10/26次成功; 当前距低点0.42%; 最新日涨幅-5.12%; 状态bottom_area; 底部未确认
89,65.96537580002199,55.71859101361558,300106,西部牧业,bottom_area,2025-01-03,8.2,2024-12-24,11.36,2025-01-03,8.14,0.7371007371007213,10.442260442260437,28.3450704225352,27.816901408450708,False,-7.553551296505068,7.013693444510433,6,15,6,40.0,35.7482833021786,65.3910149750416,2011-01-25; 2015-07-16; 2020-02-04; 2020-09-04; 2020-09-30; 2022-04-27,19.262899262899282,0.7371007371007213,历史6/15次成功; 当前距低点0.74%; 最新日涨幅-7.55%; 状态bottom_area; 底部未确认
90,65.93073159814602,55.02022874242291,002312,川发龙蟒,bottom_area,2025-01-03,12.94,2024-12-18,18.19,2025-01-03,12.93,0.07733952049497128,8.120649651972164,28.916987355689944,28.862012094557453,False,-7.040229885057469,6.0444547367743535,5,14,5,35.714285714285715,33.19196616287256,46.05263157894737,2010-02-03; 2014-06-25; 2015-09-02; 2020-02-04; 2023-10-23,19.92266047950503,0.07733952049497128,历史5/14次成功; 当前距低点0.08%; 最新日涨幅-7.04%; 状态bottom_area; 底部未确认
91,65.88745423403286,55.33154167189027,300464,星徽股份,bottom_area,2025-01-03,4.77,2024-12-26,6.61,2025-01-03,4.75,0.4210526315789384,10.315789473684216,28.139183055975796,27.836611195158863,False,-7.558139534883734,5.780521539922388,5,12,5,41.66666666666667,26.18212368399776,32.18390804597703,2017-07-18; 2020-02-04; 2020-07-17; 2021-10-28; 2024-06-06,19.578947368421062,0.4210526315789384,历史5/12次成功; 当前距低点0.42%; 最新日涨幅-7.56%; 状态bottom_area; 底部未确认
92,65.85897527242575,54.88247939368813,603232,格尔软件,bottom_area,2025-01-03,11.87,2024-12-19,16.3,2025-01-03,11.87,0.0,7.41364785172705,27.17791411042946,27.17791411042946,False,-5.040000000000012,4.152140077821011,4,10,4,40.0,34.47569566498993,48.01488833746897,2017-08-11; 2018-02-07; 2022-11-28; 2024-02-07,20.0,0.0,历史4/10次成功; 当前距低点0.00%; 最新日涨幅-5.04%; 状态bottom_area; 底部未确认
93,65.75532274125517,55.01681159420288,605186,健麾信息,bottom_area,2025-01-03,18.28,2024-12-12,25.97,2025-01-03,18.24,0.2192982456140499,6.359649122807019,29.765113592606856,29.611089718906424,False,-4.9401976079043175,2.0606617647058822,1,2,1,50.0,37.29468599033817,37.29468599033817,2021-09-29,19.78070175438595,0.2192982456140499,历史1/2次成功; 当前距低点0.22%; 最新日涨幅-4.94%; 状态bottom_area; 底部未确认
94,65.72075302299126,54.888974702094295,002559,亚威股份,bottom_area,2025-01-03,8.27,2024-12-05,12.23,2025-01-03,8.26,0.12106537530266086,6.7796610169491585,32.461161079313165,32.379394930498776,False,-5.051664753157303,4.52705826331088,5,14,5,35.714285714285715,33.02229362864096,68.1470137825421,2011-06-20; 2012-12-04; 2015-06-30; 2016-01-14; 2024-02-06,19.87893462469734,0.12106537530266086,历史5/14次成功; 当前距低点0.12%; 最新日涨幅-5.05%; 状态bottom_area; 底部未确认
95,65.65093682144564,55.02990306595058,000567,海德股份,bottom_area,2025-01-03,6.29,2024-12-03,9.0,2025-01-03,6.27,0.3189792663476948,6.060606060606073,30.33333333333334,30.11111111111111,False,-4.552352048558417,0.8778624699344181,9,25,9,36.0,35.58696663023292,65.85365853658539,1995-05-11; 1995-10-09; 2001-02-23; 2007-06-05; 2007-06-26; 2008-04-03; 2018-06-01; 2018-06-19; 2024-02-06,19.681020733652307,0.3189792663476948,历史9/25次成功; 当前距低点0.32%; 最新日涨幅-4.55%; 状态bottom_area; 底部未确认
96,65.63624415064209,55.02727406369041,300252,金信诺,bottom_area,2025-01-03,9.16,2024-12-27,13.45,2025-01-03,9.13,0.32858707557502037,14.457831325301187,32.11895910780668,31.89591078066914,False,-11.4975845410628,16.987730214029874,5,13,5,38.46153846153847,30.357272021513175,44.2369607211848,2012-12-04; 2013-06-25; 2015-09-02; 2016-01-29; 2022-10-10,19.67141292442498,0.32858707557502037,历史5/13次成功; 当前距低点0.33%; 最新日涨幅-11.50%; 状态bottom_area; 底部未确认
97,65.57418392083034,54.78426381721766,300490,华自科技,bottom_area,2025-01-03,7.22,2024-12-10,10.12,2025-01-03,7.21,0.13869625520110662,6.934812760055478,28.754940711462446,28.656126482213434,False,-5.744125326370764,1.9145962851685567,4,11,4,36.36363636363637,31.26852593833726,36.93693693693693,2019-05-08; 2020-02-04; 2021-02-08; 2021-07-28,19.861303744798896,0.13869625520110662,历史4/11次成功; 当前距低点0.14%; 最新日涨幅-5.74%; 状态bottom_area; 底部未确认
98,65.4990702617301,55.00538118810785,000868,安凯客车,bottom_area,2025-01-03,4.77,2024-12-18,6.89,2025-01-03,4.75,0.4210526315789384,6.736842105263163,31.05950653120464,30.76923076923077,False,-4.980079681274896,2.617436688965102,5,15,5,33.33333333333333,42.484128251475795,69.53846153846153,2009-08-19; 2010-07-02; 2018-06-22; 2020-02-07; 2022-04-27,19.578947368421062,0.4210526315789384,历史5/15次成功; 当前距低点0.42%; 最新日涨幅-4.98%; 状态bottom_area; 底部未确认
99,65.30715563589055,54.42262969657546,002208,合肥城建,bottom_area,2025-01-03,6.62,2024-12-10,9.56,2025-01-03,6.62,0.0,6.948640483383685,30.753138075313807,30.753138075313807,False,-5.9659090909090935,2.1792683858132706,6,15,6,40.0,32.00338546545948,72.17948717948718,2008-09-18; 2010-01-26; 2010-05-18; 2018-02-07; 2020-07-20; 2022-04-28,20.0,0.0,历史6/15次成功; 当前距低点0.00%; 最新日涨幅-5.97%; 状态bottom_area; 底部未确认
100,65.28748553461683,54.91731276823021,600610,中毅达,bottom_area,2025-01-03,3.94,2024-12-10,5.8,2025-01-03,3.92,0.5102040816326535,7.1428571428571495,32.41379310344827,32.068965517241374,False,-5.288461538461542,2.046416427700116,10,26,10,38.46153846153847,31.99235523845516,43.902439024390254,1992-09-08; 1993-03-10; 1994-03-10; 1994-07-25; 1994-08-10; 2005-12-06; 2015-06-30; 2016-12-13; 2023-07-12; 2023-10-27,19.48979591836735,0.5102040816326535,历史10/26次成功; 当前距低点0.51%; 最新日涨幅-5.29%; 状态bottom_area; 底部未确认
101,65.24725988066139,55.13559907007419,688107,安路科技,bottom_area,2025-01-03,26.5,2024-12-27,36.1,2025-01-03,26.3,0.7604562737642558,6.806083650190111,27.146814404432135,26.59279778393352,False,-4.9156799425906,1.0617453464298714,2,6,2,33.33333333333333,47.34465613399662,67.95615731785945,2022-04-27; 2023-08-29,19.239543726235745,0.7604562737642558,历史2/6次成功; 当前距低点0.76%; 最新日涨幅-4.92%; 状态bottom_area; 底部未确认
102,65.1814893093018,55.56633438820546,688280,精进电动,bottom_area,2025-01-03,4.08,2024-12-10,6.0,2025-01-03,4.03,1.2406947890818814,7.940446650124054,32.83333333333333,32.0,False,-4.449648711943787,1.0409876864869982,1,3,1,33.33333333333333,32.37518910741301,32.37518910741301,2021-11-01,18.75930521091812,1.2406947890818814,历史1/3次成功; 当前距低点1.24%; 最新日涨幅-4.45%; 状态bottom_area; 底部未确认
103,64.98263004554903,54.38569782330347,300217,东方电热,bottom_area,2025-01-03,4.27,2024-12-10,5.94,2025-01-03,4.26,0.2347417840375537,5.399061032863861,28.282828282828294,28.114478114478125,False,-4.044943820224733,2.273447675415548,3,11,3,27.27272727272727,52.92426277365531,91.35135135135134,2011-10-10; 2020-02-04; 2024-02-05,19.765258215962447,0.2347417840375537,历史3/11次成功; 当前距低点0.23%; 最新日涨幅-4.04%; 状态bottom_area; 底部未确认
104,64.91881658444264,54.605904069111666,300937,药易购,bottom_area,2025-01-03,23.7,2024-12-13,34.5,2025-01-03,23.58,0.5089058524173071,7.591178965224779,31.652173913043484,31.30434782608696,False,-4.589371980676327,4.655735016807411,1,2,1,50.0,38.63553447646844,38.63553447646844,2023-01-12,19.491094147582693,0.5089058524173071,历史1/2次成功; 当前距低点0.51%; 最新日涨幅-4.59%; 状态bottom_area; 底部未确认
105,64.90062777688378,54.584211755158776,300083,创世纪,bottom_area,2025-01-03,6.0,2024-12-10,8.2,2025-01-03,5.97,0.5025125628140745,7.537688442211059,27.19512195121951,26.829268292682922,False,-5.213270142180093,4.45878364100125,4,11,4,36.36363636363637,34.65266098833016,57.703081232493005,2014-07-24; 2020-02-04; 2022-10-10; 2024-02-05,19.497487437185924,0.5025125628140745,历史4/11次成功; 当前距低点0.50%; 最新日涨幅-5.21%; 状态bottom_area; 底部未确认
106,64.89766974071145,54.369755631861175,300520,科大国创,bottom_area,2025-01-03,20.74,2024-12-19,29.13,2025-01-03,20.68,0.29013539651836906,8.800773694390717,29.007895640233432,28.80192241675249,False,-6.534474988733674,5.298292972764757,3,8,3,37.5,28.434216859801335,32.59013282732449,2017-10-30; 2022-10-11; 2024-11-18,19.709864603481634,0.29013539651836906,历史3/8次成功; 当前距低点0.29%; 最新日涨幅-6.53%; 状态bottom_area; 底部未确认
107,64.8174832741095,54.176863922090966,600326,西藏天路,bottom_area,2025-01-03,6.12,2024-12-24,8.95,2025-01-03,6.11,0.1636661211129261,6.382978723404249,31.731843575418985,31.62011173184357,False,-5.409582689335391,3.7873430635571665,6,17,6,35.294117647058826,30.62630788421362,51.7747858017136,2003-11-07; 2007-02-01; 2009-08-19; 2015-09-02; 2017-07-05; 2024-06-06,19.836333878887075,0.1636661211129261,历史6/17次成功; 当前距低点0.16%; 最新日涨幅-5.41%; 状态bottom_area; 底部未确认
108,64.78210146841406,54.47626398639726,300507,苏奥传感,bottom_area,2025-01-03,6.1,2024-12-10,8.5,2025-01-03,6.07,0.49423393739702404,7.7429983525535375,28.58823529411764,28.235294117647065,False,-5.864197530864212,3.0976208208718403,4,11,4,36.36363636363637,33.97081671568287,48.92221180880975,2018-02-09; 2019-05-06; 2020-02-04; 2022-04-27,19.505766062602977,0.49423393739702404,历史4/11次成功; 当前距低点0.49%; 最新日涨幅-5.86%; 状态bottom_area; 底部未确认
109,64.74793472714028,54.36678693398442,603108,润达医疗,bottom_area,2025-01-03,14.58,2024-12-10,21.21,2025-01-03,14.52,0.4132231404958713,6.955922865013772,31.54172560113155,31.25884016973126,False,-5.569948186528495,3.5930061113024574,2,5,2,40.0,24.510406958682818,28.21621621621621,2015-07-03; 2016-01-14,19.58677685950413,0.4132231404958713,历史2/5次成功; 当前距低点0.41%; 最新日涨幅-5.57%; 状态bottom_area; 底部未确认
110,64.63115239310122,54.629712685976315,000917,电广传媒,bottom_area,2025-01-03,6.5,2024-12-12,9.01,2025-01-03,6.45,0.7751937984496096,8.992248062015506,28.412874583795777,27.85793562708102,False,-5.933429811866864,3.5770690077096567,7,18,7,38.88888888888889,32.76845335601726,47.2972972972973,2001-10-22; 2003-11-06; 2012-11-28; 2018-10-19; 2019-08-15; 2020-02-04; 2024-02-06,19.224806201550393,0.7751937984496096,历史7/18次成功; 当前距低点0.78%; 最新日涨幅-5.93%; 状态bottom_area; 底部未确认
111,64.54319562956529,54.82062071621561,688368,晶丰明源,bottom_area,2025-01-03,75.77,2024-12-26,104.46,2025-01-03,74.99,1.0401386851580228,11.65488731830912,28.21175569596018,27.465058395558106,False,-8.73283546133462,1.6154100820837685,3,11,3,27.27272727272727,22.372192620789267,23.13765182186235,2020-12-11; 2022-04-25; 2023-08-28,18.959861314841977,1.0401386851580228,历史3/11次成功; 当前距低点1.04%; 最新日涨幅-8.73%; 状态bottom_area; 底部未确认
112,64.51087796957866,54.41104922461706,300077,国民技术,bottom_area,2025-01-03,21.42,2024-12-20,30.55,2025-01-03,21.28,0.6578947368421079,8.928571428571422,30.34369885433715,29.885433715220945,False,-6.381118881118875,8.05788337010512,5,13,5,38.46153846153847,31.080909809769135,62.7906976744186,2012-12-04; 2013-06-25; 2019-05-08; 2024-02-05; 2024-11-04,19.342105263157894,0.6578947368421079,历史5/13次成功; 当前距低点0.66%; 最新日涨幅-6.38%; 状态bottom_area; 底部未确认
113,64.42861441298814,53.945079093633375,000676,智度股份,bottom_area,2025-01-03,7.77,2024-12-13,11.0,2025-01-03,7.75,0.25806451612902676,7.3548387096774235,29.545454545454547,29.36363636363637,False,-5.5893074119076624,3.5241695838774505,4,12,4,33.33333333333333,34.785660521904404,58.65580448065173,2000-02-21; 2016-03-01; 2020-12-28; 2022-01-27,19.74193548387097,0.25806451612902676,历史4/12次成功; 当前距低点0.26%; 最新日涨幅-5.59%; 状态bottom_area; 底部未确认
114,64.37818690789952,53.75600109210047,002933,新兴装备,bottom_area,2025-01-03,27.5,2024-12-20,38.88,2025-01-03,27.47,0.10921004732435799,7.681106661812885,29.34670781893005,29.269547325102884,False,-6.1753667690208065,4.3740261348080285,2,8,2,25.0,54.46763489647112,78.38150289017341,2020-02-04; 2022-04-27,19.890789952675643,0.10921004732435799,历史2/8次成功; 当前距低点0.11%; 最新日涨幅-6.18%; 状态bottom_area; 底部未确认
115,64.31852912646845,53.79916395222584,300921,南凌科技,bottom_area,2025-01-03,24.61,2024-12-26,35.39,2025-01-03,24.56,0.20358306188925374,9.527687296416937,30.601864933597067,30.460582085334842,False,-7.550713749060867,6.23288512635629,1,3,1,33.33333333333333,74.94845360824742,74.94845360824742,2022-01-27,19.79641693811075,0.20358306188925374,历史1/3次成功; 当前距低点0.20%; 最新日涨幅-7.55%; 状态bottom_area; 底部未确认
116,64.01210071626815,53.95784405926268,300369,绿盟科技,bottom_area,2025-01-03,6.44,2024-12-10,9.17,2025-01-03,6.4,0.6250000000000006,8.593749999999996,30.207197382769895,29.77099236641221,False,-6.936416184971095,3.4552556792764046,2,5,2,40.0,24.90776375947682,26.689189189189182,2016-03-01; 2024-06-06,19.375,0.6250000000000006,历史2/5次成功; 当前距低点0.63%; 最新日涨幅-6.94%; 状态bottom_area; 底部未确认
117,63.956718827060136,53.557575574032256,601865,福莱特,bottom_area,2025-01-03,18.86,2024-12-03,26.82,2025-01-03,18.81,0.2658160552897433,4.891015417331216,29.865771812080546,29.679343773303508,False,-2.7835051546391765,0.7484855623141525,1,3,1,33.33333333333333,39.24894003634159,39.24894003634159,2022-04-26,19.734183944710256,0.2658160552897433,历史1/3次成功; 当前距低点0.27%; 最新日涨幅-2.78%; 状态bottom_area; 底部未确认
118,63.947722400426194,53.68664575255821,600815,厦工股份,bottom_area,2025-01-03,2.48,2024-12-12,3.53,2025-01-03,2.47,0.40485829959513303,6.882591093117406,30.028328611898008,29.745042492917843,False,-4.980842911877392,1.444398793222423,6,16,6,37.5,26.167863847500605,32.48502994011976,2008-07-03; 2008-09-18; 2009-03-03; 2015-06-30; 2015-09-02; 2022-04-27,19.595141700404866,0.40485829959513303,历史6/16次成功; 当前距低点0.40%; 最新日涨幅-4.98%; 状态bottom_area; 底部未确认
119,63.94466657435704,54.24531211521955,600620,天宸股份,bottom_area,2025-01-03,5.19,2024-12-19,7.22,2025-01-03,5.14,0.9727626459144108,8.560311284046701,28.80886426592798,28.1163434903047,False,-5.118829981718454,1.1143082965099023,9,24,9,37.5,36.13285455862577,82.32044198895026,1993-02-24; 1993-12-20; 1995-05-04; 1998-08-18; 2005-07-12; 2009-08-19; 2015-08-26; 2018-02-06; 2024-04-17,19.027237354085592,0.9727626459144108,历史9/24次成功; 当前距低点0.97%; 最新日涨幅-5.12%; 状态bottom_area; 底部未确认
120,63.791973712921894,53.71111830054372,300134,大富科技,bottom_area,2025-01-03,10.72,2024-12-12,15.55,2025-01-03,10.66,0.5628517823639821,7.879924953095683,31.44694533762058,31.061093247588424,False,-5.633802816901401,1.8454250795044858,4,11,4,36.36363636363637,30.69825220316208,54.73251028806585,2016-03-01; 2017-09-06; 2020-02-04; 2024-10-11,19.437148217636018,0.5628517823639821,历史4/11次成功; 当前距低点0.56%; 最新日涨幅-5.63%; 状态bottom_area; 底部未确认
121,63.743794949572504,53.467844681743856,300107,建新股份,bottom_area,2025-01-03,8.45,2024-12-03,12.22,2025-01-03,8.42,0.35629453681709455,8.551068883610458,31.096563011456634,30.851063829787247,False,-6.423034330011079,4.698528844564439,5,13,5,38.46153846153847,22.312882933800196,24.67771639042357,2015-06-30; 2015-08-26; 2017-07-18; 2019-11-18; 2020-02-04,19.643705463182908,0.35629453681709455,历史5/13次成功; 当前距低点0.36%; 最新日涨幅-6.42%; 状态bottom_area; 底部未确认
122,63.63375435528121,53.70718499136075,002131,利欧股份,bottom_area,2025-01-03,2.9,2024-12-20,4.27,2025-01-03,2.88,0.6944444444444451,8.680555555555555,32.55269320843091,32.084309133489455,False,-6.7524115755627,10.792645947053261,3,10,3,30.0,46.07805550910799,90.33101045296168,2015-09-02; 2017-12-29; 2019-01-04,19.305555555555557,0.6944444444444451,历史3/10次成功; 当前距低点0.69%; 最新日涨幅-6.75%; 状态bottom_area; 底部未确认
123,63.40030473479374,53.16211721685175,002324,普利特,bottom_area,2025-01-03,8.9,2024-12-11,12.81,2025-01-03,8.87,0.33821871476889676,6.426155580608797,30.757220921155355,30.52302888368462,False,-5.117270788912586,1.9852734389309858,2,6,2,33.33333333333333,31.55872340425533,37.16,2015-07-07; 2024-02-06,19.661781285231104,0.33821871476889676,历史2/6次成功; 当前距低点0.34%; 最新日涨幅-5.12%; 状态bottom_area; 底部未确认
124,63.15174977213191,52.9671827105874,600800,渤海化学,bottom_area,2025-01-03,2.85,2024-12-10,4.1,2025-01-03,2.84,0.35211267605634616,8.450704225352121,30.73170731707317,30.487804878048774,False,-5.31561461794019,2.4002770380498584,6,17,6,35.294117647058826,26.43263548511376,33.38235294117648,1993-12-20; 1994-08-10; 1997-03-20; 2006-11-20; 2015-07-29; 2020-02-04,19.647887323943657,0.35211267605634616,历史6/17次成功; 当前距低点0.35%; 最新日涨幅-5.32%; 状态bottom_area; 底部未确认
125,63.0664749206349,52.98714285714286,002887,绿茵生态,bottom_area,2025-01-03,6.75,2024-12-17,9.5,2025-01-03,6.72,0.4464285714285751,8.630952380952381,29.263157894736846,28.947368421052634,False,-6.1196105702364445,3.6970269396200033,1,4,1,25.0,84.02282453637662,84.02282453637662,2022-04-27,19.553571428571427,0.4464285714285751,历史1/4次成功; 当前距低点0.45%; 最新日涨幅-6.12%; 状态bottom_area; 底部未确认
126,63.054177596559306,53.42079840659435,300612,宣亚国际,bottom_area,2025-01-03,14.54,2024-12-20,20.88,2025-01-03,14.41,0.9021512838306662,11.172796668979872,30.986590038314173,30.3639846743295,False,-8.207070707070708,7.01375206661943,4,10,4,40.0,25.417759858754106,27.54237288135593,2020-02-04; 2020-04-28; 2020-09-11; 2022-04-27,19.097848716169334,0.9021512838306662,历史4/10次成功; 当前距低点0.90%; 最新日涨幅-8.21%; 状态bottom_area; 底部未确认
127,62.919490178414904,52.796796174947524,000710,贝瑞基因,bottom_area,2025-01-03,7.98,2024-12-10,11.81,2025-01-03,7.95,0.37735849056604087,5.911949685534588,32.68416596104996,32.43014394580864,False,-4.201680672268903,3.049829628264223,9,28,9,32.142857142857146,32.653774757347676,51.30890052356022,2003-12-31; 2004-10-25; 2007-10-12; 2008-09-18; 2010-07-02; 2012-07-31; 2015-08-25; 2016-02-01; 2021-01-13,19.62264150943396,0.37735849056604087,历史9/28次成功; 当前距低点0.38%; 最新日涨幅-4.20%; 状态bottom_area; 底部未确认
128,62.91866492604117,53.33764373636143,000520,凤凰航运,bottom_area,2025-01-03,4.32,2024-12-20,6.03,2025-01-03,4.28,0.9345794392523372,8.644859813084114,29.021558872305143,28.35820895522388,False,-6.290672451193058,3.0579000557945597,10,25,10,40.0,25.368198160520194,31.974921630094045,1997-07-08; 2007-10-29; 2008-03-18; 2013-06-28; 2016-03-01; 2018-02-09; 2018-06-22; 2020-02-04; 2021-09-29; 2024-02-08,19.065420560747665,0.9345794392523372,历史10/25次成功; 当前距低点0.93%; 最新日涨幅-6.29%; 状态bottom_area; 底部未确认
129,62.8944509958161,53.615659338813316,603305,旭升集团,bottom_area,2025-01-03,12.25,2024-12-12,17.5,2025-01-03,12.1,1.2396694214876063,6.280991735537189,30.85714285714286,30.0,False,-4.743390357698285,1.7787961525227693,2,9,2,22.22222222222222,29.282527227147792,32.41061130334487,2018-03-26; 2023-10-31,18.760330578512395,1.2396694214876063,历史2/9次成功; 当前距低点1.24%; 最新日涨幅-4.74%; 状态bottom_area; 底部未确认
130,62.80944670620961,52.74925184043826,002133,广宇集团,bottom_area,2025-01-03,2.37,2024-12-16,3.42,2025-01-03,2.36,0.42372881355933184,7.627118644067804,30.99415204678363,30.701754385964907,False,-4.435483870967738,3.781065782291435,1,2,1,50.0,27.609427609427602,27.609427609427602,2008-09-18,19.576271186440668,0.42372881355933184,历史1/2次成功; 当前距低点0.42%; 最新日涨幅-4.44%; 状态bottom_area; 底部未确认
131,62.66341814803901,52.49822189986123,002194,武汉凡谷,bottom_area,2025-01-03,10.36,2024-12-10,14.18,2025-01-03,10.33,0.2904162633107392,7.260406582768635,27.1509167842031,26.939351198871652,False,-5.474452554744536,4.680717819321788,4,15,4,26.666666666666668,41.847872653457244,79.4335805799056,2009-08-19; 2011-06-21; 2012-12-04; 2020-02-04,19.70958373668926,0.2904162633107392,历史4/15次成功; 当前距低点0.29%; 最新日涨幅-5.47%; 状态bottom_area; 底部未确认
132,62.659322512898946,52.4617723776731,002908,德生科技,bottom_area,2025-01-03,7.83,2024-12-20,11.34,2025-01-03,7.81,0.25608194622279723,9.731113956466078,31.128747795414462,30.952380952380953,False,-7.665094339622646,4.593663816551738,2,6,2,33.33333333333333,26.78659076197709,28.092042186001915,2021-11-02; 2023-10-30,19.743918053777204,0.25608194622279723,历史2/6次成功; 当前距低点0.26%; 最新日涨幅-7.67%; 状态bottom_area; 底部未确认
133,62.61638287904445,52.63877234839798,000042,中洲控股,bottom_area,2025-01-03,4.21,2024-12-12,5.97,2025-01-03,4.19,0.47732696897373683,6.443914081145574,29.815745393634828,29.480737018425458,False,-4.53514739229025,1.6578892448211078,5,14,5,35.714285714285715,25.2915091118331,29.558745348219045,1996-12-18; 2007-06-05; 2008-03-18; 2022-04-27; 2024-01-23,19.522673031026265,0.47732696897373683,历史5/14次成功; 当前距低点0.48%; 最新日涨幅-4.54%; 状态bottom_area; 底部未确认
134,62.59468103896104,52.162234199134204,300427,红相股份,bottom_area,2025-01-03,5.45,2024-12-10,7.55,2025-01-03,5.45,0.0,7.706422018348623,27.81456953642384,27.81456953642384,False,-5.709342560553631,2.745042935328116,3,8,3,37.5,25.267388167388177,31.168831168831172,2016-01-07; 2019-05-07; 2021-02-08,20.0,0.0,历史3/8次成功; 当前距低点0.00%; 最新日涨幅-5.71%; 状态bottom_area; 底部未确认
135,62.586576450724536,52.52125040055222,300648,星云股份,bottom_area,2025-01-03,21.06,2024-12-13,29.6,2025-01-03,20.98,0.3813155386081902,8.913250714966638,29.121621621621625,28.851351351351358,False,-6.400000000000006,2.424429160546602,3,9,3,33.33333333333333,28.641486533578338,37.63644992880873,2018-06-20; 2021-01-11; 2022-02-14,19.618684461391812,0.3813155386081902,历史3/9次成功; 当前距低点0.38%; 最新日涨幅-6.40%; 状态bottom_area; 底部未确认
136,62.56239781419653,52.80096250609523,000555,神州信息,bottom_area,2025-01-03,10.18,2024-12-19,13.95,2025-01-03,10.11,0.6923837784371938,7.616221562809114,27.526881720430108,27.025089605734763,False,-5.740740740740746,2.58491526124776,7,21,7,33.33333333333333,33.95840961074568,43.359941944847606,1997-05-26; 2010-05-21; 2015-06-29; 2015-07-07; 2015-09-07; 2018-02-07; 2019-01-31,19.307616221562807,0.6923837784371938,历史7/21次成功; 当前距低点0.69%; 最新日涨幅-5.74%; 状态bottom_area; 底部未确认
137,62.53698042665348,52.521726362591124,300871,回盛生物,bottom_area,2025-01-03,9.45,2024-12-03,13.62,2025-01-03,9.41,0.42507970244419924,7.013815090329438,30.910425844346545,30.616740088105725,False,-5.7826520438683975,1.7936471293569165,1,3,1,33.33333333333333,45.84717607973421,45.84717607973421,2022-04-27,19.5749202975558,0.42507970244419924,历史1/3次成功; 当前距低点0.43%; 最新日涨幅-5.78%; 状态bottom_area; 底部未确认
138,62.49957377631358,52.520650232196296,002210,飞马国际,bottom_area,2025-01-03,2.2,2024-12-25,3.04,2025-01-03,2.19,0.4566210045662206,10.958904109589051,27.960526315789476,27.631578947368418,False,-8.333333333333325,7.704838624446662,5,15,5,33.33333333333333,29.56135908211798,32.558139534883715,2008-09-18; 2015-06-30; 2015-12-02; 2020-04-21; 2024-02-06,19.54337899543378,0.4566210045662206,历史5/15次成功; 当前距低点0.46%; 最新日涨幅-8.33%; 状态bottom_area; 底部未确认
139,62.444721166851764,53.08443881494887,300342,天银机电,bottom_area,2025-01-03,14.87,2024-12-12,20.32,2025-01-03,14.71,1.0876954452753118,8.429639700883742,27.60826771653543,26.820866141732285,False,-5.527318932655656,4.105192192105922,2,10,2,20.0,29.37841091492776,32.07142857142856,2015-07-29; 2022-04-27,18.91230455472469,1.0876954452753118,历史2/10次成功; 当前距低点1.09%; 最新日涨幅-5.53%; 状态bottom_area; 底部未确认
140,62.42718032717967,52.13138087363759,600630,龙头股份,bottom_area,2025-01-03,8.79,2024-12-19,12.63,2025-01-03,8.78,0.11389521640090874,8.542141230068339,30.482977038796527,30.403800475059395,False,-6.8855932203389925,4.9705833434545825,6,22,6,27.27272727272727,36.3986713770031,52.17391304347828,1993-03-05; 1994-03-16; 1994-10-14; 1996-08-30; 2001-10-22; 2009-02-27,19.886104783599095,0.11389521640090874,历史6/22次成功; 当前距低点0.11%; 最新日涨幅-6.89%; 状态bottom_area; 底部未确认
141,62.379815949705744,52.24416351789595,300135,宝利国际,bottom_area,2025-01-03,3.67,2024-12-03,5.2,2025-01-03,3.66,0.27322404371584114,7.65027322404371,29.615384615384617,29.42307692307693,False,-5.897435897435899,2.6722764756944444,1,2,1,50.0,23.049001814882043,23.049001814882043,2012-01-06,19.726775956284158,0.27322404371584114,历史1/2次成功; 当前距低点0.27%; 最新日涨幅-5.90%; 状态bottom_area; 底部未确认
142,62.36372118612768,52.53768683274019,603058,永吉股份,bottom_area,2025-01-03,8.48,2024-12-13,12.12,2025-01-03,8.43,0.5931198102016692,5.100830367734279,30.445544554455445,30.033003300330023,False,-2.640642939150406,2.4402783358069793,1,5,1,20.0,81.15942028985508,81.15942028985508,2021-01-14,19.406880189798333,0.5931198102016692,历史1/5次成功; 当前距低点0.59%; 最新日涨幅-2.64%; 状态bottom_area; 底部未确认
143,62.29790457021221,52.6266746819408,000532,华金资本,bottom_area,2025-01-03,12.2,2024-12-16,17.83,2025-01-03,12.11,0.7431874483897594,7.018992568125529,32.080762759394275,31.575995513180033,False,-4.836193447737913,2.9792197089394823,9,26,9,34.61538461538461,30.86635518424432,51.36986301369863,1996-08-27; 1997-05-26; 2009-02-27; 2013-11-12; 2018-01-17; 2020-02-04; 2021-07-28; 2022-04-27; 2024-09-04,19.256812551610242,0.7431874483897594,历史9/26次成功; 当前距低点0.74%; 最新日涨幅-4.84%; 状态bottom_area; 底部未确认
144,62.202420991501924,52.62181821809819,300066,三川智慧,bottom_area,2025-01-03,3.68,2024-12-04,5.1,2025-01-03,3.65,0.8219178082191849,6.8493150684931505,28.431372549019606,27.84313725490195,False,-4.663212435233155,1.972779668480818,4,13,4,30.76923076923077,40.13866032708566,65.81632653061224,2016-01-18; 2017-01-16; 2019-05-08; 2022-04-27,19.178082191780817,0.8219178082191849,历史4/13次成功; 当前距低点0.82%; 最新日涨幅-4.66%; 状态bottom_area; 底部未确认
145,62.07,51.725,688600,皖仪科技,bottom_area,2025-01-03,12.59,2024-12-06,17.38,2025-01-03,12.59,0.0,6.274821286735512,27.560414269275025,27.560414269275025,False,-5.195783132530119,0.8734415676210567,1,4,1,25.0,65.26666666666667,65.26666666666667,2021-10-25,20.0,0.0,历史1/4次成功; 当前距低点0.00%; 最新日涨幅-5.20%; 状态bottom_area; 底部未确认
146,62.06978883115505,54.04041207828762,002587,奥拓电子,bottom_area,2025-01-03,5.99,2024-12-23,8.38,2025-01-03,5.85,2.393162393162403,8.205128205128213,30.190930787589508,28.520286396181387,False,-0.33277870216305017,6.935933820448039,3,12,3,25.0,29.472163089773645,33.86978785662034,2015-06-30; 2018-06-20; 2020-02-04,17.6068376068376,2.393162393162403,历史3/12次成功; 当前距低点2.39%; 最新日涨幅-0.33%; 状态bottom_area; 底部未确认
147,61.94244506538081,51.87785791646452,002248,华东数控,bottom_area,2025-01-03,7.34,2024-12-06,10.06,2025-01-03,7.32,0.27322404371584114,7.786885245901631,27.236580516898606,27.037773359840962,False,-5.4123711340206215,3.8168350347994684,4,12,4,33.33333333333333,23.857394638727442,29.251700680272112,2012-12-03; 2016-03-01; 2018-09-18; 2022-01-28,19.726775956284158,0.27322404371584114,历史4/12次成功; 当前距低点0.27%; 最新日涨幅-5.41%; 状态bottom_area; 底部未确认
148,61.85750143679048,51.54791786399207,600479,千金药业,bottom_area,2025-01-03,10.13,2024-11-25,13.89,2025-01-03,10.13,0.0,3.1589338598222954,27.069834413246934,27.069834413246934,False,-2.030947775628622,2.003143987809347,3,10,3,30.0,27.999558408559487,38.22916666666667,2008-04-30; 2012-12-04; 2018-10-19,20.0,0.0,历史3/10次成功; 当前距低点0.00%; 最新日涨幅-2.03%; 状态bottom_area; 底部未确认
149,61.83549062698207,53.49090884687031,603330,天洋新材,bottom_area,2025-01-03,6.0,2024-12-18,8.49,2025-01-03,5.88,2.040816326530614,10.884353741496595,30.742049469964666,29.32862190812721,False,-5.063291139240511,3.4768726196611595,2,8,2,25.0,32.41381758795754,35.1528384279476,2020-02-04; 2024-02-08,17.959183673469386,2.040816326530614,历史2/8次成功; 当前距低点2.04%; 最新日涨幅-5.06%; 状态bottom_area; 底部未确认
150,61.77793490774434,52.21373619384339,002796,世嘉科技,bottom_area,2025-01-03,10.46,2024-12-27,14.51,2025-01-03,10.38,0.7707129094412337,7.321772639691712,28.463128876636794,27.911784975878696,False,-4.909090909090896,7.177167873494896,2,6,2,33.33333333333333,31.7614424410541,36.33841886269071,2021-10-28; 2022-04-27,19.229287090558767,0.7707129094412337,历史2/6次成功; 当前距低点0.77%; 最新日涨幅-4.91%; 状态bottom_area; 底部未确认
151,61.7768452631515,51.60068060380822,300530,领湃科技,bottom_area,2025-01-03,15.77,2024-12-10,23.46,2025-01-03,15.75,0.12698412698412428,7.3015873015872925,32.86445012787724,32.77919863597613,False,-5.568862275449105,1.825284160770894,4,13,4,30.76923076923077,26.130131254473245,34.07510431154381,2020-02-04; 2021-01-07; 2021-02-08; 2022-04-27,19.873015873015877,0.12698412698412428,历史4/13次成功; 当前距低点0.13%; 最新日涨幅-5.57%; 状态bottom_area; 底部未确认
152,61.71747897777798,51.74266238200808,603038,华立股份,bottom_area,2025-01-03,15.23,2024-12-04,21.36,2025-01-03,15.18,0.3293807641633775,8.03689064558629,28.932584269662918,28.698501872659172,False,-6.736068585425581,3.4731280315271555,2,6,2,33.33333333333333,23.818909628856108,26.50306748466258,2021-01-06; 2022-04-28,19.67061923583662,0.3293807641633775,历史2/6次成功; 当前距低点0.33%; 最新日涨幅-6.74%; 状态bottom_area; 底部未确认
153,61.690279368764344,51.96652788463992,600560,金自天正,bottom_area,2025-01-03,13.66,2024-12-17,19.86,2025-01-03,13.58,0.5891016200294555,7.51104565537555,31.62134944612286,31.21852970795569,False,-5.467128027681656,3.1446193884189984,5,16,5,31.25,32.72005149627463,40.79563182527301,2004-10-22; 2008-09-18; 2012-12-04; 2015-07-16; 2019-01-31,19.410898379970547,0.5891016200294555,历史5/16次成功; 当前距低点0.59%; 最新日涨幅-5.47%; 状态bottom_area; 底部未确认
154,61.675804149247604,52.174167196406174,000702,正虹科技,bottom_area,2025-01-03,6.15,2024-12-13,8.96,2025-01-03,6.1,0.8196721311475527,10.000000000000005,31.919642857142865,31.361607142857146,False,-7.657657657657657,3.550251792964564,5,16,5,31.25,36.66274008291722,65.67901234567903,1998-08-18; 2005-02-02; 2008-04-23; 2020-02-04; 2022-04-28,19.180327868852448,0.8196721311475527,历史5/16次成功; 当前距低点0.82%; 最新日涨幅-7.66%; 状态bottom_area; 底部未确认
155,61.47080653693464,51.640913376643674,002256,兆新股份,bottom_area,2025-01-03,2.28,2024-12-20,3.16,2025-01-03,2.27,0.4405286343612241,9.251101321585901,28.164556962025316,27.848101265822795,False,-6.172839506172856,3.0906692771074993,5,17,5,29.411764705882355,33.13106175546598,45.45454545454546,2015-07-03; 2019-05-06; 2020-02-04; 2021-08-20; 2022-04-27,19.559471365638778,0.4405286343612241,历史5/17次成功; 当前距低点0.44%; 最新日涨幅-6.17%; 状态bottom_area; 底部未确认
156,61.41287545955885,53.47515686274511,688062,迈威生物,bottom_area,2025-01-03,19.2,2024-12-03,27.2,2025-01-03,18.75,2.3999999999999964,6.293333333333331,31.066176470588236,29.411764705882355,False,-3.5175879396984855,1.9402948523289414,1,3,1,33.33333333333333,35.34313725490197,35.34313725490197,2024-02-06,17.600000000000005,2.3999999999999964,历史1/3次成功; 当前距低点2.40%; 最新日涨幅-3.52%; 状态bottom_area; 底部未确认
157,61.37853469470256,51.39431090790334,603273,天元智能,bottom_area,2025-01-03,15.35,2024-12-17,22.2,2025-01-03,15.31,0.2612671456564281,6.792945787067282,31.03603603603603,30.855855855855857,False,-5.246913580246915,6.055470892170901,1,5,1,20.0,201.34228187919464,201.34228187919464,2023-10-24,19.738732854343574,0.2612671456564281,历史1/5次成功; 当前距低点0.26%; 最新日涨幅-5.25%; 状态bottom_area; 底部未确认
158,61.36455506521951,51.58025859034916,301136,招标股份,bottom_area,2025-01-03,10.67,2024-12-06,14.56,2025-01-03,10.62,0.4708097928436979,8.945386064030142,27.06043956043957,26.71703296703297,False,-6.649168853893261,1.638102638044804,1,2,1,50.0,21.901639344262293,21.901639344262293,2023-09-11,19.5291902071563,0.4708097928436979,历史1/2次成功; 当前距低点0.47%; 最新日涨幅-6.65%; 状态bottom_area; 底部未确认
159,61.10039061658289,51.66278034824252,000717,中南股份,bottom_area,2025-01-03,2.54,2024-12-19,3.75,2025-01-03,2.52,0.7936507936507943,7.936507936507943,32.800000000000004,32.266666666666666,False,-5.223880597014929,2.7766002892180217,7,23,7,30.434782608695656,35.360681540118215,56.020942408376975,1997-05-26; 1997-06-13; 1997-07-08; 2008-03-18; 2008-04-22; 2011-01-17; 2024-02-06,19.20634920634921,0.7936507936507943,历史7/23次成功; 当前距低点0.79%; 最新日涨幅-5.22%; 状态bottom_area; 底部未确认
160,60.72243295610943,51.161446862517664,000503,国新健康,bottom_area,2025-01-03,10.06,2024-11-29,14.5,2025-01-03,10.0,0.600000000000005,5.500000000000007,31.03448275862069,30.620689655172413,False,-4.190476190476189,2.336996639757387,8,25,8,32.0,26.900251949019747,34.695019585898144,1994-02-01; 2001-08-07; 2008-09-18; 2015-07-03; 2016-03-01; 2018-08-20; 2020-02-04; 2022-04-27,19.399999999999995,0.600000000000005,历史8/25次成功; 当前距低点0.60%; 最新日涨幅-4.19%; 状态bottom_area; 底部未确认
161,60.66503267720492,50.94171733521389,600356,恒丰纸业,bottom_area,2025-01-03,7.23,2024-12-03,10.01,2025-01-03,7.2,0.4166666666666701,6.111111111111104,28.07192807192807,27.772227772227765,False,-4.491413474240424,2.4192300671433005,3,10,3,30.0,27.804931909752145,34.261501210653755,2005-11-29; 2011-10-24; 2015-07-03,19.58333333333333,0.4166666666666701,历史3/10次成功; 当前距低点0.42%; 最新日涨幅-4.49%; 状态bottom_area; 底部未确认
162,60.56344118279937,50.52581053567551,300813,泰林生物,bottom_area,2025-01-03,16.46,2024-11-06,24.1,2025-01-03,16.45,0.060790273556240504,8.693009118541033,31.742738589211626,31.701244813278006,False,-3.0053034767236197,5.185855393150614,2,7,2,28.57142857142857,24.301756156440984,25.741595253790372,2022-04-28; 2022-12-07,19.93920972644376,0.060790273556240504,历史2/7次成功; 当前距低点0.06%; 最新日涨幅-3.01%; 状态bottom_area; 底部未确认
163,60.49326492734538,50.80517037845046,002167,东方锆业,bottom_area,2025-01-03,7.09,2024-12-02,10.41,2025-01-03,7.06,0.42492917847025846,8.498583569405108,32.18059558117196,31.892411143131604,False,-2.2068965517241357,7.254008072469764,3,13,3,23.076923076923077,31.95703712560563,41.1650485436893,2008-04-03; 2020-02-05; 2022-04-27,19.575070821529742,0.42492917847025846,历史3/13次成功; 当前距低点0.42%; 最新日涨幅-2.21%; 状态bottom_area; 底部未确认
164,60.45382613892697,50.638654474123015,002605,姚记科技,bottom_area,2025-01-03,24.95,2024-12-11,35.72,2025-01-03,24.88,0.28135048231511367,6.350482315112547,30.347144456886898,30.1511758118701,False,-5.060882800608835,3.4930388336585865,3,10,3,30.0,24.516847170975655,28.730703259005143,2016-12-14; 2017-06-02; 2024-07-25,19.718649517684888,0.28135048231511367,历史3/10次成功; 当前距低点0.28%; 最新日涨幅-5.06%; 状态bottom_area; 底部未确认
165,60.354215498316506,51.349557155523854,300051,琏升科技,bottom_area,2025-01-03,6.25,2024-11-28,9.03,2025-01-03,6.18,1.1326860841423994,8.090614886731393,31.56146179401993,30.786267995570316,False,-4.580152671755721,1.7765985575555778,2,12,2,16.666666666666664,27.824810541407807,27.835051546391764,2012-01-06; 2024-10-11,18.867313915857604,1.1326860841423994,历史2/12次成功; 当前距低点1.13%; 最新日涨幅-4.58%; 状态bottom_area; 底部未确认
166,60.20351916376306,50.16959930313589,603042,华脉科技,bottom_area,2025-01-03,12.25,2024-12-27,17.47,2025-01-03,12.25,0.0,9.469387755102042,29.879793932455634,29.879793932455634,False,-9.992652461425422,11.353585014615314,1,4,1,25.0,41.63763066202091,41.63763066202091,2019-01-31,20.0,0.0,历史1/4次成功; 当前距低点0.00%; 最新日涨幅-9.99%; 状态bottom_area; 底部未确认
167,60.1176259628671,50.348170631634034,600853,龙建股份,bottom_area,2025-01-03,3.69,2024-12-16,5.1,2025-01-03,3.68,0.27173913043477677,7.608695652173908,27.84313725490195,27.64705882352941,False,-6.345177664974622,3.487199264387461,4,15,4,26.666666666666668,30.059511733111087,36.082474226804116,1994-04-20; 1994-08-09; 2008-09-18; 2024-02-06,19.728260869565226,0.27173913043477677,历史4/15次成功; 当前距低点0.27%; 最新日涨幅-6.35%; 状态bottom_area; 底部未确认
168,59.76949096516008,50.0419488644655,002777,久远银海,bottom_area,2025-01-03,15.68,2024-11-28,21.47,2025-01-03,15.64,0.2557544757033194,6.649616368286439,27.154168607359097,26.967862133209124,False,-5.428226779252099,2.447223473839104,2,9,2,22.22222222222222,37.84684684684685,51.99999999999999,2019-06-05; 2024-02-06,19.744245524296684,0.2557544757033194,历史2/9次成功; 当前距低点0.26%; 最新日涨幅-5.43%; 状态bottom_area; 底部未确认
169,59.73365686029634,50.12394663893049,603332,苏州龙杰,bottom_area,2025-01-03,7.97,2024-12-10,11.39,2025-01-03,7.94,0.3778337531486065,7.808564231738037,30.28972783143108,30.026338893766468,False,-5.903187721369552,2.454341829905397,1,4,1,25.0,33.765632237146825,33.765632237146825,2020-02-04,19.622166246851393,0.3778337531486065,历史1/4次成功; 当前距低点0.38%; 最新日涨幅-5.90%; 状态bottom_area; 底部未确认
170,59.697171405607484,50.02660158289225,600702,舍得酒业,bottom_area,2025-01-03,59.18,2024-12-10,80.96,2025-01-03,59.0,0.3050847457627114,6.28813559322034,27.124505928853747,26.902173913043477,False,-4.855305466237947,2.876174450772069,4,15,4,26.666666666666668,28.739398583680494,32.20338983050847,1996-12-18; 1997-09-23; 2002-01-23; 2021-06-25,19.694915254237287,0.3050847457627114,历史4/15次成功; 当前距低点0.31%; 最新日涨幅-4.86%; 状态bottom_area; 底部未确认
171,59.68395666027061,49.94897401463556,300896,爱美客,bottom_area,2025-01-03,172.5,2024-12-10,237.04,2025-01-03,172.1,0.23242300987798126,3.3875653689715355,27.396220047249408,27.227472156598044,False,-2.1887049217509724,1.4779069015420179,1,4,1,25.0,20.82741116751269,20.82741116751269,2024-10-16,19.76757699012202,0.23242300987798126,历史1/4次成功; 当前距低点0.23%; 最新日涨幅-2.19%; 状态bottom_area; 底部未确认
172,59.68372929582903,50.337650807196454,300324,旋极信息,bottom_area,2025-01-03,3.07,2024-12-20,4.48,2025-01-03,3.05,0.6557377049180334,7.868852459016401,31.919642857142865,31.473214285714295,False,-5.828220858895705,4.060910781591385,2,6,2,33.33333333333333,20.265588392882993,20.366513952519767,2015-06-09; 2015-07-29,19.34426229508197,0.6557377049180334,历史2/6次成功; 当前距低点0.66%; 最新日涨幅-5.83%; 状态bottom_area; 底部未确认
173,59.652,49.71,002239,奥特佳,bottom_area,2025-01-03,2.84,2024-12-19,4.18,2025-01-03,2.84,0.0,5.633802816901413,32.057416267942585,32.057416267942585,False,-4.3771043771043905,4.197429274765628,3,15,3,20.0,58.63924664932567,124.15730337078652,2015-01-14; 2016-01-29; 2020-02-03,20.0,0.0,历史3/15次成功; 当前距低点0.00%; 最新日涨幅-4.38%; 状态bottom_area; 底部未确认
174,59.6421721539452,50.02059724864404,002786,银宝山新,bottom_area,2025-01-03,8.63,2024-12-04,12.82,2025-01-03,8.6,0.3488372093023388,6.976744186046507,32.91731669266771,32.68330733229329,False,-5.164835164835157,2.9505254336081292,4,14,4,28.57142857142857,25.116453610578805,28.330781010719765,2017-01-17; 2018-02-06; 2020-02-04; 2023-12-11,19.65116279069766,0.3488372093023388,历史4/14次成功; 当前距低点0.35%; 最新日涨幅-5.16%; 状态bottom_area; 底部未确认
175,59.62944874372687,50.04204379487991,300459,汤姆猫,bottom_area,2025-01-03,5.23,2024-12-20,7.61,2025-01-03,5.21,0.38387715930903,9.404990403071022,31.53745072273325,31.274638633377133,False,-6.773618538324422,6.969919326081259,3,10,3,30.0,22.56604149518546,25.577156743620904,2016-01-28; 2016-02-29; 2016-05-12,19.616122840690974,0.38387715930903,历史3/10次成功; 当前距低点0.38%; 最新日涨幅-6.77%; 状态bottom_area; 底部未确认
176,59.54369099675409,50.157493401206644,002067,景兴纸业,bottom_area,2025-01-03,3.42,2024-12-27,4.89,2025-01-03,3.4,0.5882352941176475,10.882352941176473,30.470347648261757,30.061349693251532,False,-8.799999999999997,10.639891176678447,2,8,2,25.0,36.52510683760685,45.486111111111136,2008-04-03; 2018-10-12,19.411764705882355,0.5882352941176475,历史2/8次成功; 当前距低点0.59%; 最新日涨幅-8.80%; 状态bottom_area; 底部未确认
177,59.531894380883145,50.06542870512503,300768,迪普科技,bottom_area,2025-01-03,16.12,2024-12-12,22.88,2025-01-03,16.04,0.49875311720699406,7.107231920199506,29.895104895104897,29.545454545454536,False,-5.064782096584208,1.576469996126879,1,5,1,20.0,45.76659038901602,45.76659038901602,2024-02-05,19.50124688279301,0.49875311720699406,历史1/5次成功; 当前距低点0.50%; 最新日涨幅-5.06%; 状态bottom_area; 底部未确认
178,59.48630921635824,49.84307858257764,000420,吉林化纤,bottom_area,2025-01-03,3.37,2024-12-12,4.66,2025-01-03,3.36,0.2976190476190545,5.357142857142862,27.89699570815451,27.682403433476395,False,-3.7142857142857144,1.8947975987939556,4,17,4,23.52941176470588,34.45858639770222,53.9249146757679,1997-07-08; 2012-01-06; 2015-11-30; 2022-04-27,19.702380952380945,0.2976190476190545,历史4/17次成功; 当前距低点0.30%; 最新日涨幅-3.71%; 状态bottom_area; 底部未确认
179,59.32163856136208,49.707955930186564,300011,鼎汉技术,bottom_area,2025-01-03,6.67,2024-12-03,9.3,2025-01-03,6.65,0.30075187969924166,8.721804511278195,28.49462365591398,28.279569892473123,False,-5.524079320113307,2.282259774827091,2,8,2,25.0,30.584248472585113,40.183486238532105,2019-01-31; 2021-02-10,19.699248120300762,0.30075187969924166,历史2/8次成功; 当前距低点0.30%; 最新日涨幅-5.52%; 状态bottom_area; 底部未确认
180,59.32038415333402,49.60081306396206,002229,鸿博股份,bottom_area,2025-01-03,10.88,2024-12-23,15.75,2025-01-03,10.86,0.18416206261511373,10.313075506445681,31.04761904761905,30.920634920634914,False,-7.246376811594201,7.167120522077222,2,9,2,22.22222222222222,34.597564576177206,36.422764227642276,2015-09-02; 2019-01-31,19.815837937384888,0.18416206261511373,历史2/9次成功; 当前距低点0.18%; 最新日涨幅-7.25%; 状态bottom_area; 底部未确认
181,59.08799222939825,49.433229317851925,688373,盟科药业,bottom_area,2025-01-03,4.69,2024-12-06,6.69,2025-01-03,4.68,0.2136752136752281,6.410256410256427,30.044843049327362,29.89536621823617,False,-3.2989690721649367,1.1862368770530554,1,3,1,33.33333333333333,26.650943396226413,26.650943396226413,2024-04-22,19.786324786324773,0.2136752136752281,历史1/3次成功; 当前距低点0.21%; 最新日涨幅-3.30%; 状态bottom_area; 底部未确认
182,59.04379861625279,49.95465364363314,688331,荣昌生物,bottom_area,2025-01-03,28.03,2024-12-03,39.87,2025-01-03,27.8,0.8273381294964044,3.956834532374093,30.27338851266616,29.696513669425627,False,-2.334494773519158,1.540960387786572,1,3,1,33.33333333333333,26.761565836298917,26.761565836298917,2023-04-04,19.172661870503596,0.8273381294964044,历史1/3次成功; 当前距低点0.83%; 最新日涨幅-2.33%; 状态bottom_area; 底部未确认
183,58.98090121085597,49.57568545581073,300822,贝仕达克,bottom_area,2025-01-03,19.25,2024-12-10,28.58,2025-01-03,19.16,0.4697286012526089,8.820459290187898,32.960111966410075,32.64520643806858,False,-6.0975609756097615,3.823594652510652,1,6,1,16.666666666666664,85.30510585305107,85.30510585305107,2024-04-16,19.53027139874739,0.4697286012526089,历史1/6次成功; 当前距低点0.47%; 最新日涨幅-6.10%; 状态bottom_area; 底部未确认
184,58.88775005613118,49.868124127062494,300609,汇纳科技,bottom_area,2025-01-03,21.85,2024-12-24,30.34,2025-01-03,21.66,0.8771929824561462,11.357340720221611,28.60909690177983,27.98286090969017,False,-9.411276948590375,6.138371679254117,2,10,2,20.0,49.34475337130381,49.87035436473638,2020-02-04; 2022-04-27,19.122807017543856,0.8771929824561462,历史2/10次成功; 当前距低点0.88%; 最新日涨幅-9.41%; 状态bottom_area; 底部未确认
185,58.62397154626671,49.47890497211102,002551,尚荣医疗,bottom_area,2025-01-03,2.9,2024-12-09,4.0,2025-01-03,2.88,0.6944444444444451,7.986111111111111,28.000000000000004,27.500000000000004,False,-5.844155844155852,3.004553610135887,3,13,3,23.076923076923077,38.345367233571736,52.61780104712043,2018-02-07; 2022-04-27; 2024-04-16,19.305555555555557,0.6944444444444451,历史3/13次成功; 当前距低点0.69%; 最新日涨幅-5.84%; 状态bottom_area; 底部未确认
186,58.279502342155794,48.747530801972864,300359,全通教育,bottom_area,2025-01-03,4.93,2024-12-12,7.25,2025-01-03,4.92,0.2032520325203209,7.5203252032520345,32.13793103448276,32.00000000000001,False,-5.192307692307696,2.678533706411167,3,14,3,21.428571428571427,31.96360833551027,36.66015624999999,2014-07-23; 2015-09-02; 2017-07-24,19.796747967479682,0.2032520325203209,历史3/14次成功; 当前距低点0.20%; 最新日涨幅-5.19%; 状态bottom_area; 底部未确认
187,58.214609995903075,48.882882829140556,002624,完美世界,bottom_area,2025-01-03,9.67,2024-12-10,13.63,2025-01-03,9.63,0.4153686396676962,4.776739356178599,29.347028613352897,29.053558327219374,False,-3.106212424849708,1.9080084780573885,1,3,1,33.33333333333333,26.164462334675104,26.164462334675104,2014-10-27,19.584631360332306,0.4153686396676962,历史1/3次成功; 当前距低点0.42%; 最新日涨幅-3.11%; 状态bottom_area; 底部未确认
188,58.21442042365324,49.265309209458096,688560,明冠新材,bottom_area,2025-01-03,11.99,2024-12-10,16.3,2025-01-03,11.89,0.8410428931875497,6.391925988225397,27.05521472392638,26.441717791411044,False,-4.689984101748812,0.8653669177115334,2,7,2,28.57142857142857,27.089254256129024,30.203498750446258,2021-08-20; 2023-04-26,19.15895710681245,0.8410428931875497,历史2/7次成功; 当前距低点0.84%; 最新日涨幅-4.69%; 状态bottom_area; 底部未确认
189,58.114685097463926,48.94385634718748,603569,长久物流,bottom_area,2025-01-03,6.97,2024-12-10,9.66,2025-01-03,6.93,0.5772005772005777,5.483405483405482,28.260869565217394,27.84679089026916,False,-4.258241758241765,1.3531733479561887,2,7,2,28.57142857142857,22.126816929672454,22.779682143970067,2017-01-16; 2022-10-12,19.42279942279942,0.5772005772005777,历史2/7次成功; 当前距低点0.58%; 最新日涨幅-4.26%; 状态bottom_area; 底部未确认
190,57.847854522442226,48.206545435368525,002622,皓宸医疗,bottom_area,2025-01-03,2.53,2024-12-20,3.53,2025-01-03,2.53,0.0,9.090909090909092,28.328611898016998,28.328611898016998,False,-7.664233576642355,3.4476016452494,5,17,5,29.411764705882355,21.52475408009641,22.769230769230774,2015-06-30; 2019-09-30; 2021-01-14; 2023-04-25; 2024-07-02,20.0,0.0,历史5/17次成功; 当前距低点0.00%; 最新日涨幅-7.66%; 状态bottom_area; 底部未确认
191,57.708277800892446,48.63870944801004,301182,凯旺科技,bottom_area,2025-01-03,30.89,2024-12-27,43.6,2025-01-03,30.7,0.6188925081433266,13.2899022801303,29.58715596330276,29.151376146788994,False,-9.147058823529408,6.275848550458855,1,5,1,20.0,39.56873315363881,39.56873315363881,2024-07-09,19.381107491856675,0.6188925081433266,历史1/5次成功; 当前距低点0.62%; 最新日涨幅-9.15%; 状态bottom_area; 底部未确认
192,57.655100939370044,48.479473718502284,000545,金浦钛业,bottom_area,2025-01-03,2.05,2024-12-20,2.97,2025-01-03,2.04,0.49019607843136215,6.8627450980392215,31.313131313131315,30.976430976430986,False,-5.092592592592604,2.2638755078029615,4,24,4,16.666666666666664,44.35728016483401,94.35975609756099,1995-01-23; 2008-04-23; 2020-02-04; 2022-04-27,19.50980392156864,0.49019607843136215,历史4/24次成功; 当前距低点0.49%; 最新日涨幅-5.09%; 状态bottom_area; 底部未确认
193,57.63641013488924,48.31889107430637,600300,维维股份,bottom_area,2025-01-03,3.07,2024-12-13,4.22,2025-01-03,3.06,0.32679738562090804,7.189542483660122,27.48815165876777,27.251184834123222,False,-6.11620795107034,4.3967438701181,3,13,3,23.076923076923077,27.602092008183003,30.56994818652849,2009-08-20; 2012-04-05; 2020-10-30,19.673202614379093,0.32679738562090804,历史3/13次成功; 当前距低点0.33%; 最新日涨幅-6.12%; 状态bottom_area; 底部未确认
194,57.61149064872565,48.4798385245287,000036,华联控股,bottom_area,2025-01-03,3.78,2024-12-10,5.21,2025-01-03,3.76,0.5319148936170218,6.914893617021272,27.83109404990403,27.447216890595012,False,-4.303797468354443,2.3378715859531267,3,11,3,27.27272727272727,21.89083543584095,23.333333333333336,2005-06-06; 2013-06-25; 2024-02-06,19.46808510638298,0.5319148936170218,历史3/11次成功; 当前距低点0.53%; 最新日涨幅-4.30%; 状态bottom_area; 底部未确认
195,57.572811771359994,48.86431923451563,300399,天利科技,bottom_area,2025-01-03,22.22,2024-12-19,32.48,2025-01-03,22.0,0.9999999999999948,10.454545454545459,32.26600985221674,31.58866995073891,False,-7.762557077625576,8.382903663178773,5,18,5,27.77777777777778,28.60147736597399,36.63274745605919,2015-08-26; 2017-11-20; 2018-02-06; 2020-02-04; 2024-09-09,19.000000000000007,0.9999999999999948,历史5/18次成功; 当前距低点1.00%; 最新日涨幅-7.76%; 状态bottom_area; 底部未确认
196,57.52305886405389,47.935882386711576,000608,阳光股份,bottom_area,2025-01-03,2.09,2024-12-20,2.9,2025-01-03,2.09,0.0,9.090909090909088,27.93103448275862,27.93103448275862,False,-7.52212389380531,4.352857467604845,3,15,3,20.0,40.461733261890174,50.81521739130434,2007-06-05; 2008-04-22; 2021-01-14,20.0,0.0,历史3/15次成功; 当前距低点0.00%; 最新日涨幅-7.52%; 状态bottom_area; 底部未确认
197,57.494787736608075,48.35335705045281,601996,丰林集团,bottom_area,2025-01-03,2.01,2024-12-12,2.77,2025-01-03,2.0,0.49999999999998934,7.499999999999996,27.79783393501805,27.436823104693147,False,-5.633802816901412,2.6521022942622325,1,4,1,25.0,25.74385510996119,25.74385510996119,2015-07-16,19.50000000000001,0.49999999999998934,历史1/4次成功; 当前距低点0.50%; 最新日涨幅-5.63%; 状态bottom_area; 底部未确认
198,57.33036872623186,48.04019052790346,300739,明阳电路,bottom_area,2025-01-03,13.3,2024-12-27,18.54,2025-01-03,13.26,0.30165912518854393,9.954751131221721,28.478964401294498,28.263214670981657,False,-8.402203856749303,6.841334342646715,1,3,1,33.33333333333333,20.239999999999995,20.239999999999995,2022-10-11,19.698340874811457,0.30165912518854393,历史1/3次成功; 当前距低点0.30%; 最新日涨幅-8.40%; 状态bottom_area; 底部未确认
199,57.301111881368996,47.92595495576013,300305,裕兴股份,bottom_area,2025-01-03,5.02,2024-12-10,6.88,2025-01-03,5.01,0.19960079840318934,7.385229540918166,27.18023255813954,27.034883720930235,False,-5.816135084427776,2.3225691369991166,1,5,1,20.0,30.597014925373152,30.597014925373152,2021-01-07,19.80039920159681,0.19960079840318934,历史1/5次成功; 当前距低点0.20%; 最新日涨幅-5.82%; 状态bottom_area; 底部未确认
200,57.212857855905256,47.86388623969314,601360,三六零,bottom_area,2025-01-03,9.41,2024-12-10,13.89,2025-01-03,9.39,0.21299254526091133,6.709265175718839,32.39740820734341,32.25341972642189,False,-5.331991951710258,2.2051120548413192,2,9,2,22.22222222222222,25.61265423297021,30.62605752961083,2015-06-23; 2015-06-30,19.78700745473909,0.21299254526091133,历史2/9次成功; 当前距低点0.21%; 最新日涨幅-5.33%; 状态bottom_area; 底部未确认
201,57.189917784879704,48.060863437430456,301268,铭利达,bottom_area,2025-01-03,15.32,2024-12-10,21.2,2025-01-03,15.25,0.4590163934426248,5.901639344262286,28.066037735849054,27.73584905660377,False,-4.130162703379225,0.610041585337882,1,5,1,20.0,34.50226244343892,34.50226244343892,2024-02-05,19.540983606557376,0.4590163934426248,历史1/5次成功; 当前距低点0.46%; 最新日涨幅-4.13%; 状态bottom_area; 底部未确认
202,57.17745699002975,47.74417453971802,600775,南京熊猫,bottom_area,2025-01-03,9.09,2024-12-19,13.01,2025-01-03,9.08,0.11013215859030602,8.259911894273127,30.207532667179095,30.13066871637202,False,-6.57759506680371,4.926109359659414,3,18,3,16.666666666666664,35.74521072385616,44.15584415584415,1997-07-08; 2020-02-04; 2022-04-27,19.889867841409696,0.11013215859030602,历史3/18次成功; 当前距低点0.11%; 最新日涨幅-6.58%; 状态bottom_area; 底部未确认
203,57.158746796318354,47.8134003619393,300500,启迪设计,bottom_area,2025-01-03,9.68,2024-12-16,13.92,2025-01-03,9.66,0.20703933747411568,7.8674948240165605,30.603448275862068,30.45977011494253,False,-6.382978723404253,2.4694821543193273,2,9,2,22.22222222222222,25.268249977552305,28.239202657807304,2019-06-10; 2024-04-16,19.792960662525886,0.20703933747411568,历史2/9次成功; 当前距低点0.21%; 最新日涨幅-6.38%; 状态bottom_area; 底部未确认
204,56.94548429728661,47.87861596075681,300494,盛天网络,bottom_area,2025-01-03,10.35,2024-12-20,14.29,2025-01-03,10.3,0.4854368932038731,7.766990291262125,27.92162351294611,27.57172848145556,False,-5.909090909090908,6.376985580391521,2,8,2,25.0,23.012968157320625,24.27652733118972,2017-07-18; 2018-10-12,19.51456310679613,0.4854368932038731,历史2/8次成功; 当前距低点0.49%; 最新日涨幅-5.91%; 状态bottom_area; 底部未确认
205,56.887531923166,47.91035494254072,000670,盈方微,bottom_area,2025-01-03,6.97,2024-12-27,10.1,2025-01-03,6.93,0.5772005772005777,9.523809523809526,31.386138613861387,30.99009900990099,False,-7.559681697612741,10.860826181374346,3,12,3,25.0,24.30845300300019,29.447852760736197,2001-10-22; 2020-02-04; 2023-08-25,19.42279942279942,0.5772005772005777,历史3/12次成功; 当前距低点0.58%; 最新日涨幅-7.56%; 状态bottom_area; 底部未确认
206,56.88123099546026,47.7803845255867,300563,神宇股份,bottom_area,2025-01-03,50.8,2024-12-26,72.3,2025-01-03,50.58,0.43495452748121566,8.995650454725196,30.04149377593361,29.737206085753805,False,-7.400656215822099,15.007983002759461,1,3,1,33.33333333333333,20.477137176938378,20.477137176938378,2024-05-31,19.565045472518786,0.43495452748121566,历史1/3次成功; 当前距低点0.43%; 最新日涨幅-7.40%; 状态bottom_area; 底部未确认
207,56.87922962962966,47.6781777777778,002614,奥佳华,bottom_area,2025-01-03,6.27,2024-12-16,8.7,2025-01-03,6.25,0.3199999999999932,8.64,28.160919540229877,27.93103448275862,False,-5.429864253393668,3.5619793089962144,1,9,1,11.11111111111111,53.68421052631578,53.68421052631578,2020-02-04,19.680000000000007,0.3199999999999932,历史1/9次成功; 当前距低点0.32%; 最新日涨幅-5.43%; 状态bottom_area; 底部未确认
208,56.721941382049614,47.7723573200733,002945,华林证券,bottom_area,2025-01-03,13.9,2024-12-24,19.05,2025-01-03,13.82,0.5788712011577429,7.308248914616495,27.45406824146982,27.034120734908136,False,-5.442176870748295,1.111625925925926,1,3,1,33.33333333333333,22.19812002892262,22.19812002892262,2022-04-06,19.421128798842258,0.5788712011577429,历史1/3次成功; 当前距低点0.58%; 最新日涨幅-5.44%; 状态bottom_area; 底部未确认
209,56.65500428820695,47.633360574566225,000633,合金投资,bottom_area,2025-01-03,4.15,2024-12-10,5.84,2025-01-03,4.13,0.48426150121066497,6.537530266343837,29.28082191780822,28.938356164383556,False,-5.034324942791757,2.4765621885657234,4,17,4,23.52941176470588,24.86625729112941,30.12820512820511,1997-08-20; 2004-06-29; 2006-05-08; 2020-02-04,19.515738498789336,0.48426150121066497,历史4/17次成功; 当前距低点0.48%; 最新日涨幅-5.03%; 状态bottom_area; 底部未确认
210,56.52763843864199,47.84344931862302,600400,红豆股份,bottom_area,2025-01-03,2.38,2024-12-12,3.43,2025-01-03,2.36,0.8474576271186449,8.474576271186448,31.19533527696794,30.61224489795919,False,-5.928853754940711,2.4290688302177053,3,16,3,18.75,40.80324036802971,50.97276264591441,2005-07-19; 2009-08-19; 2024-02-06,19.152542372881356,0.8474576271186449,历史3/16次成功; 当前距低点0.85%; 最新日涨幅-5.93%; 状态bottom_area; 底部未确认
211,56.17448164151848,47.24442130779821,300448,浩云科技,bottom_area,2025-01-03,6.01,2024-12-20,8.4,2025-01-03,5.98,0.5016722408026648,10.20066889632106,28.809523809523807,28.452380952380956,False,-7.253086419753096,4.560893262729489,2,9,2,22.22222222222222,25.820851942326513,27.957493358337228,2016-01-14; 2020-07-27,19.498327759197338,0.5016722408026648,历史2/9次成功; 当前距低点0.50%; 最新日涨幅-7.25%; 状态bottom_area; 底部未确认
212,56.16920360407945,47.05920087005192,300317,珈伟新能,bottom_area,2025-01-03,3.43,2024-12-06,4.99,2025-01-03,3.42,0.2923976608187202,6.432748538011701,31.46292585170341,31.262525050100198,False,-4.722222222222216,2.2413920633298936,2,11,2,18.181818181818183,31.013950588418666,35.12820512820512,2021-07-28; 2022-04-27,19.707602339181282,0.2923976608187202,历史2/11次成功; 当前距低点0.29%; 最新日涨幅-4.72%; 状态bottom_area; 底部未确认
213,56.110790826933155,46.89633519046749,600833,第一医药,bottom_area,2025-01-03,12.52,2024-12-13,17.66,2025-01-03,12.5,0.1599999999999966,7.519999999999996,29.218573046432617,29.105322763306912,False,-5.722891566265053,3.5104350640635427,4,19,4,21.052631578947366,22.29529389328864,25.739320920043806,1997-07-08; 2011-07-15; 2013-06-25; 2023-01-13,19.840000000000003,0.1599999999999966,历史4/19次成功; 当前距低点0.16%; 最新日涨幅-5.72%; 状态bottom_area; 底部未确认
214,55.994975782689664,47.37439005192884,688518,联赢激光,bottom_area,2025-01-03,14.64,2024-12-17,20.58,2025-01-03,14.52,0.8264462809917426,6.6804407713498675,29.446064139941686,28.862973760932935,False,-3.747534516765283,2.4134467653239793,1,7,1,14.285714285714285,47.69647696476966,47.69647696476966,2024-02-06,19.173553719008257,0.8264462809917426,历史1/7次成功; 当前距低点0.83%; 最新日涨幅-3.75%; 状态bottom_area; 底部未确认
215,55.689524576208335,46.95537661988612,600611,大众交通,bottom_area,2025-01-03,6.29,2024-12-13,8.68,2025-01-03,6.25,0.6400000000000006,7.519999999999996,27.99539170506912,27.534562211981562,False,-5.838323353293406,5.035116351706233,4,20,4,20.0,30.77729365530172,36.31578947368421,1992-10-27; 1993-02-24; 1993-06-01; 2008-06-18,19.36,0.6400000000000006,历史4/20次成功; 当前距低点0.64%; 最新日涨幅-5.84%; 状态bottom_area; 底部未确认
216,55.53129045931308,46.96891182150728,688668,鼎通科技,bottom_area,2025-01-03,43.5,2024-12-26,60.38,2025-01-03,43.15,0.8111239860950206,7.13789107763615,28.535939052666453,27.956276912885063,False,-4.626178469633846,6.302837979318729,1,3,1,33.33333333333333,20.725490196078432,20.725490196078432,2023-05-15,19.18887601390498,0.8111239860950206,历史1/3次成功; 当前距低点0.81%; 最新日涨幅-4.63%; 状态bottom_area; 底部未确认
217,55.32914322312814,46.38598587998257,300240,飞力达,bottom_area,2025-01-03,6.11,2024-12-13,8.47,2025-01-03,6.09,0.3284072249589567,7.553366174055828,28.099173553719016,27.863046044864227,False,-5.271317829457367,3.249349778414546,2,10,2,20.0,23.896528778973064,25.352112676056354,2015-07-29; 2020-02-04,19.671592775041045,0.3284072249589567,历史2/10次成功; 当前距低点0.33%; 最新日涨幅-5.27%; 状态bottom_area; 底部未确认
218,55.017437674961904,46.232699915720566,300948,冠中生态,bottom_area,2025-01-03,8.81,2024-12-10,12.15,2025-01-03,8.77,0.4561003420752672,7.1835803876853,27.818930041152267,27.489711934156375,False,-5.2688172043010795,1.9951476560462231,1,5,1,20.0,24.637681159420286,24.637681159420286,2021-03-11,19.543899657924733,0.4561003420752672,历史1/5次成功; 当前距低点0.46%; 最新日涨幅-5.27%; 状态bottom_area; 底部未确认
219,54.990556470928276,46.16365903002281,300397,天和防务,bottom_area,2025-01-03,10.01,2024-12-06,14.21,2025-01-03,9.97,0.4012036108324889,7.522567703109327,29.838142153413088,29.556650246305427,False,-5.743879472693026,3.5973540734922516,2,14,2,14.285714285714285,35.974518309559286,45.75260804769001,2015-09-07; 2024-04-16,19.59879638916751,0.4012036108324889,历史2/14次成功; 当前距低点0.40%; 最新日涨幅-5.74%; 状态bottom_area; 底部未确认
220,54.98847141805652,46.363406040384916,000068,华控赛格,bottom_area,2025-01-03,3.15,2024-12-12,4.49,2025-01-03,3.13,0.6389776357827481,5.750798722044734,30.289532293986642,29.84409799554566,False,-3.963414634146334,2.0208578782412183,2,10,2,20.0,27.582123924567654,30.4054054054054,2006-04-24; 2020-02-04,19.361022364217252,0.6389776357827481,历史2/10次成功; 当前距低点0.64%; 最新日涨幅-3.96%; 状态bottom_area; 底部未确认
221,54.97093655898377,45.992416910026435,688238,和元生物,bottom_area,2025-01-03,4.6,2024-12-11,6.58,2025-01-03,4.59,0.21786492374727207,6.753812636165589,30.24316109422493,30.091185410334354,False,-4.564315352697113,1.3622332579677616,1,5,1,20.0,20.425531914893615,20.425531914893615,2024-10-16,19.78213507625273,0.21786492374727207,历史1/5次成功; 当前距低点0.22%; 最新日涨幅-4.56%; 状态bottom_area; 底部未确认
222,54.93616988619994,46.4391072317262,600215,派斯林,bottom_area,2025-01-03,6.46,2024-12-10,8.88,2025-01-03,6.41,0.7800312012480471,7.488299531981273,27.81531531531532,27.25225225225226,False,-5.417276720351394,2.304288520324803,2,10,2,20.0,29.718163282643783,35.44303797468354,2006-12-27; 2022-04-27,19.219968798751953,0.7800312012480471,历史2/10次成功; 当前距低点0.78%; 最新日涨幅-5.42%; 状态bottom_area; 底部未确认
223,54.72943898871235,45.85996960486324,300780,德恩精工,bottom_area,2025-01-03,13.34,2024-12-10,19.13,2025-01-03,13.3,0.30075187969924166,8.571428571428562,30.47569262937793,30.266596968112907,False,-5.524079320113307,4.199823292047896,1,5,1,20.0,20.729483282674774,20.729483282674774,2020-02-04,19.699248120300762,0.30075187969924166,历史1/5次成功; 当前距低点0.30%; 最新日涨幅-5.52%; 状态bottom_area; 底部未确认
224,54.36195228998605,45.668847170658864,002314,南山控股,bottom_area,2025-01-03,2.28,2024-12-12,3.11,2025-01-03,2.27,0.4405286343612241,5.286343612334806,27.0096463022508,26.68810289389068,False,-3.3898305084745783,1.8969919701342888,2,11,2,18.181818181818183,25.354729729729726,26.12612612612611,2015-09-08; 2024-02-06,19.559471365638778,0.4405286343612241,历史2/11次成功; 当前距低点0.44%; 最新日涨幅-3.39%; 状态bottom_area; 底部未确认
225,54.35520177374614,45.938912466843504,300564,筑博设计,bottom_area,2025-01-03,11.79,2024-12-25,16.79,2025-01-03,11.7,0.769230769230768,7.521367521367528,30.315664085765338,29.779630732578916,False,-4.068348250610255,3.386114022895686,1,5,1,20.0,26.89655172413793,26.89655172413793,2020-02-04,19.230769230769234,0.769230769230768,历史1/5次成功; 当前距低点0.77%; 最新日涨幅-4.07%; 状态bottom_area; 底部未确认
226,54.13872108604256,45.6064729227955,300315,掌趣科技,bottom_area,2025-01-03,5.11,2024-12-06,7.23,2025-01-03,5.08,0.590551181102367,6.2992125984252025,29.737206085753808,29.322268326417706,False,-4.127579737335829,3.8553087177550087,2,11,2,18.181818181818183,26.858370367936384,32.55813953488373,2013-10-25; 2013-12-05,19.409448818897634,0.590551181102367,历史2/11次成功; 当前距低点0.59%; 最新日涨幅-4.13%; 状态bottom_area; 底部未确认
227,54.132991550289454,45.52282174019123,301079,邵阳液压,bottom_area,2025-01-03,14.18,2024-12-11,19.66,2025-01-03,14.11,0.4961020552799454,7.370659107016307,28.229908443540186,27.87385554425229,False,-4.832214765100673,3.692284570410181,1,5,1,20.0,21.311475409836074,21.311475409836074,2024-06-11,19.503897944720055,0.4961020552799454,历史1/5次成功; 当前距低点0.50%; 最新日涨幅-4.83%; 状态bottom_area; 底部未确认
228,53.59997967783993,44.93783482207686,603883,老百姓,bottom_area,2025-01-03,15.19,2024-12-12,20.97,2025-01-03,15.14,0.3302509907529652,6.53896961690884,27.80162136385312,27.563185503099664,False,-5.121798875702699,2.95667264956693,1,7,1,14.285714285714285,28.5143237841439,28.5143237841439,2015-06-30,19.669749009247038,0.3302509907529652,历史1/7次成功; 当前距低点0.33%; 最新日涨幅-5.12%; 状态bottom_area; 底部未确认
229,53.40921985719446,45.09825560921124,002177,御银股份,bottom_area,2025-01-03,4.2,2024-12-18,5.86,2025-01-03,4.17,0.7194244604316606,9.832134292565952,28.839590443686014,28.327645051194537,False,-7.284768211920534,7.9923370432307665,2,12,2,16.666666666666664,28.988584474885847,29.666666666666668,2020-02-04; 2024-04-17,19.28057553956834,0.7194244604316606,历史2/12次成功; 当前距低点0.72%; 最新日涨幅-7.28%; 状态bottom_area; 底部未确认
230,53.32383931267959,45.036289644451266,688499,利元亨,bottom_area,2025-01-03,20.65,2024-12-10,28.98,2025-01-03,20.5,0.7317073170731638,7.7073170731707235,29.261559696342303,28.74396135265701,False,-5.707762557077622,3.4352229375525747,1,5,1,20.0,21.583775953645574,21.583775953645574,2024-10-18,19.268292682926838,0.7317073170731638,历史1/5次成功; 当前距低点0.73%; 最新日涨幅-5.71%; 状态bottom_area; 底部未确认
231,53.27366291616118,45.118188593193295,300247,融捷健康,bottom_area,2025-01-03,3.43,2024-12-16,4.77,2025-01-03,3.4,0.8823529411764779,7.058823529411772,28.721174004192868,28.0922431865828,False,-4.189944134078205,2.324449295919896,2,10,2,20.0,23.87071666169711,25.97864768683274,2016-09-27; 2022-04-27,19.117647058823522,0.8823529411764779,历史2/10次成功; 当前距低点0.88%; 最新日涨幅-4.19%; 状态bottom_area; 底部未确认
232,53.221854124324665,44.84186369268896,601216,君正集团,bottom_area,2025-01-03,5.03,2024-12-18,7.24,2025-01-03,5.0,0.600000000000005,5.800000000000001,30.93922651933702,30.524861878453034,False,-3.824091778202676,1.4949234224745327,1,6,1,16.666666666666664,26.146220570012385,26.146220570012385,2020-08-25,19.399999999999995,0.600000000000005,历史1/6次成功; 当前距低点0.60%; 最新日涨幅-3.82%; 状态bottom_area; 底部未确认
233,53.15813179363794,44.76970319499649,000833,粤桂股份,bottom_area,2025-01-03,10.45,2024-12-13,14.65,2025-01-03,10.39,0.5774783445620666,9.720885466794993,29.078498293515352,28.668941979522188,False,-8.09146877748461,11.762632943860881,2,16,2,12.5,34.50996677740863,35.88039867109634,2012-12-04; 2024-11-29,19.422521655437937,0.5774783445620666,历史2/16次成功; 当前距低点0.58%; 最新日涨幅-8.09%; 状态bottom_area; 底部未确认
234,52.93096906072973,44.4385370480442,603982,泉峰汽车,bottom_area,2025-01-03,7.42,2024-12-20,10.38,2025-01-03,7.39,0.4059539918809235,6.359945872801092,28.805394990366096,28.51637764932563,False,-4.749679075738122,1.7624905494024092,1,6,1,16.666666666666664,21.599169262720665,21.599169262720665,2022-04-15,19.59404600811908,0.4059539918809235,历史1/6次成功; 当前距低点0.41%; 最新日涨幅-4.75%; 状态bottom_area; 底部未确认
235,52.590201943771746,44.08310132615074,688202,美迪西,bottom_area,2025-01-03,28.2,2024-12-09,40.8,2025-01-03,28.11,0.3201707577374595,5.122732123799365,31.102941176470583,30.882352941176467,False,-3.9836567926455624,1.7988540933363328,1,7,1,14.285714285714285,23.795418261555337,23.795418261555337,2021-11-08,19.679829242262542,0.3201707577374595,历史1/7次成功; 当前距低点0.32%; 最新日涨幅-3.98%; 状态bottom_area; 底部未确认
236,52.021898894436724,43.68764119041844,601727,上海电气,bottom_area,2025-01-03,7.15,2024-12-03,10.2,2025-01-03,7.12,0.42134831460674504,6.17977528089887,30.19607843137254,29.90196078431372,False,-6.167979002624668,2.1542775475520863,1,8,1,12.5,26.778577138289368,26.778577138289368,2015-06-30,19.578651685393254,0.42134831460674504,历史1/8次成功; 当前距低点0.42%; 最新日涨幅-6.17%; 状态bottom_area; 底部未确认
237,51.50837209302326,42.92364341085272,002029,七匹狼,bottom_area,2025-01-03,6.12,2024-12-03,8.66,2025-01-03,6.12,0.0,7.516339869281046,29.330254041570434,29.330254041570434,False,-6.134969325153361,2.42955451535928,1,6,1,16.666666666666664,20.73643410852714,20.73643410852714,2005-10-28,20.0,0.0,历史1/6次成功; 当前距低点0.00%; 最新日涨幅-6.13%; 状态bottom_area; 底部未确认
238,51.201630812914836,43.03672032193157,002678,珠江钢琴,bottom_area,2025-01-03,4.28,2024-12-16,5.89,2025-01-03,4.26,0.4694835680751282,6.807511737089203,27.67402376910017,27.33446519524617,False,-5.099778270509969,0.3482313814298388,1,7,1,14.285714285714285,20.000000000000004,20.000000000000004,2015-06-30,19.530516431924873,0.4694835680751282,历史1/7次成功; 当前距低点0.47%; 最新日涨幅-5.10%; 状态bottom_area; 底部未确认
239,50.87199494669943,42.60675091645765,000158,常山北明,bottom_area,2025-01-03,18.3,2024-12-03,27.09,2025-01-03,18.25,0.27397260273972995,9.917808219178076,32.63196751568845,32.44739756367663,False,-8.224674022066203,6.88320449206377,1,13,1,7.6923076923076925,29.57746478873239,29.57746478873239,2005-07-18,19.72602739726027,0.27397260273972995,历史1/13次成功; 当前距低点0.27%; 最新日涨幅-8.22%; 状态bottom_area; 底部未确认
240,50.774088517579266,42.64371557022083,002876,三利谱,bottom_area,2025-01-03,23.55,2024-12-23,34.01,2025-01-03,23.45,0.42643923240938775,8.187633262260135,31.049691267274326,30.755660099970587,False,-5.116841257050764,3.9527572808659013,1,10,1,10.0,26.64514526943133,26.64514526943133,2018-07-02,19.573560767590614,0.42643923240938775,历史1/10次成功; 当前距低点0.43%; 最新日涨幅-5.12%; 状态bottom_area; 底部未确认
241,50.65248804556108,42.47213977890198,600787,中储股份,bottom_area,2025-01-03,5.95,2024-12-12,8.14,2025-01-03,5.93,0.3372681281618965,4.890387858347387,27.14987714987716,26.904176904176907,False,-4.0322580645161255,1.9779781976596622,1,9,1,11.11111111111111,22.22222222222223,22.22222222222223,2009-03-02,19.662731871838105,0.3372681281618965,历史1/9次成功; 当前距低点0.34%; 最新日涨幅-4.03%; 状态bottom_area; 底部未确认
242,50.08859317505263,42.373548884548164,603810,丰山集团,bottom_area,2025-01-03,8.59,2024-12-10,11.85,2025-01-03,8.52,0.8215962441314587,7.746478873239439,28.10126582278481,27.51054852320675,False,-4.449388209121253,3.153278339277642,1,7,1,14.285714285714285,20.75078206465068,20.75078206465068,2024-04-16,19.17840375586854,0.8215962441314587,历史1/7次成功; 当前距低点0.82%; 最新日涨幅-4.45%; 状态bottom_area; 底部未确认
243,49.81320287822443,41.9931787727376,688011,新光光电,bottom_area,2025-01-03,14.37,2024-12-12,19.7,2025-01-03,14.28,0.6302521008403352,6.792717086834739,27.51269035532995,27.055837563451778,False,-4.644990046449903,0.8086291232911075,1,8,1,12.5,20.22932022932022,20.22932022932022,2019-11-26,19.369747899159666,0.6302521008403352,历史1/8次成功; 当前距低点0.63%; 最新日涨幅-4.64%; 状态bottom_area; 底部未确认
