rank,rank_score,probability_score,code,name,current_stage,latest_date,latest_close,current_low_date,current_low_price,current_low_to_latest_pct,current_low_to_high_pct,current_drawdown_pct,current_is_bottom_confirmed,latest_pct_chg,latest_turn,historical_valid_event_count,history_sample_count,history_success_count,history_success_rate_pct,history_avg_rebound_pct,history_max_rebound_pct,upside_to_20pct_target_pct,risk_back_to_low_pct,reason
1,86.45400000000001,80.05,000957,中通客车,confirmed_rebound,2024-02-05,6.02,2024-02-05,6.02,0.0,11.129568106312307,29.009433962264158,False,-10.0149,2.7516,4,4,4,100.0,101.48868676450815,354.54545454545456,8.0,0.0,历史4/4次成功; 当前距低点0.00%; 最新日涨幅-10.01%; 状态confirmed_rebound; 底部未确认
2,85.22801592994182,80.99817012089248,603236,移远通信,confirmed_rebound,2024-02-05,30.7,2024-02-05,30.29,1.3535820402773198,10.927698910531536,30.046189376443415,False,-8.7938,3.0424,4,4,4,100.0,19.593210606047055,39.389337383102855,6.6464179597226805,1.3535820402773198,历史4/4次成功; 当前距低点1.35%; 最新日涨幅-8.79%; 状态confirmed_rebound; 底部未确认
3,85.00228382510882,80.97758575384698,603005,晶方科技,confirmed_rebound,2024-02-05,13.73,2024-02-05,13.53,1.4781966001478277,11.01256467110126,28.639240506329124,False,-8.6494,5.0207,4,4,4,100.0,21.010075280559192,31.53503893214682,6.521803399852172,1.4781966001478277,历史4/4次成功; 当前距低点1.48%; 最新日涨幅-8.65%; 状态confirmed_rebound; 底部未确认
4,84.6750287300226,78.40280437965055,000815,美利云,bottom_area,2024-02-05,6.8,2024-02-05,6.8,0.0,0.0,27.65957446808511,False,-10.0529,0.464,4,4,4,100.0,30.929055804572812,55.703211517165016,8.0,0.0,历史4/4次成功; 当前距低点0.00%; 最新日涨幅-10.05%; 状态bottom_area; 底部未确认
5,84.5999793672402,81.0189688342562,688248,南网科技,confirmed_rebound,2024-02-05,17.43,2024-02-05,17.13,1.7513134851138394,13.076474022183316,29.73748974569319,False,-9.1714,1.9405,4,4,4,100.0,24.58044935653627,49.406593406593416,6.248686514886161,1.7513134851138394,历史4/4次成功; 当前距低点1.75%; 最新日涨幅-9.17%; 状态confirmed_rebound; 底部未确认
6,84.51369762954837,80.20298201374185,603033,三维股份,confirmed_rebound,2024-02-05,10.3,2024-02-05,10.17,1.2782694198623479,11.799410029498517,29.619377162629757,False,-8.8496,1.265,4,4,4,100.0,14.39481876896768,24.922480620155024,6.721730580137653,1.2782694198623479,历史4/4次成功; 当前距低点1.28%; 最新日涨幅-8.85%; 状态confirmed_rebound; 底部未确认
7,84.11543891362406,80.81116035681218,688302,海创药业,confirmed_rebound,2024-02-05,29.25,2024-02-05,28.7,1.9163763066202117,19.721254355400696,31.909845788849346,False,-13.8693,1.3354,4,4,4,100.0,25.486550193044376,40.24920312952768,6.0836236933797885,1.9163763066202117,历史4/4次成功; 当前距低点1.92%; 最新日涨幅-13.87%; 状态confirmed_rebound; 底部未确认
8,83.99942387652106,79.99533808765833,605133,嵘泰股份,confirmed_rebound,2024-02-05,16.67,2024-02-05,16.43,1.4607425441266098,9.86001217285454,27.171985815602834,False,-8.3562,5.7175,2,2,2,100.0,48.8485542379945,60.01483679525222,6.53925745587339,1.4607425441266098,历史2/2次成功; 当前距低点1.46%; 最新日涨幅-8.36%; 状态confirmed_rebound; 底部未确认
9,83.92764064394039,79.77301898409746,300589,江龙船艇,confirmed_rebound,2024-02-05,8.94,2024-02-05,8.82,1.360544217687066,12.925170068027217,28.17589576547231,False,-11.1332,3.2876,3,3,3,100.0,29.758386023784738,44.07616361071933,6.639455782312933,1.360544217687066,历史3/3次成功; 当前距低点1.36%; 最新日涨幅-11.13%; 状态confirmed_rebound; 底部未确认
10,83.80142094024302,80.47622724084029,688167,炬光科技,confirmed_rebound,2024-02-05,63.99,2024-02-05,62.8,1.894904458598734,17.484076433121025,31.70943888647238,False,-13.6204,7.1056,4,4,4,100.0,23.422631217448355,39.13715105373497,6.105095541401266,1.894904458598734,历史4/4次成功; 当前距低点1.89%; 最新日涨幅-13.62%; 状态confirmed_rebound; 底部未确认
11,83.56610042062954,77.59808154849011,600343,航天动力,confirmed_rebound,2024-02-05,6.73,2024-02-05,6.72,0.14880952380953386,11.160714285714286,29.48583420776495,False,-9.9063,2.2504,4,4,4,100.0,26.383694961160476,55.72413793103447,7.851190476190466,0.14880952380953386,历史4/4次成功; 当前距低点0.15%; 最新日涨幅-9.91%; 状态confirmed_rebound; 底部未确认
12,83.10600000000001,76.95,603273,天元智能,confirmed_rebound,2024-02-05,15.23,2024-02-05,15.23,0.0,11.030860144451736,29.81566820276497,False,-9.9882,9.5077,3,3,3,100.0,73.40045465785695,201.34228187919464,8.0,0.0,历史3/3次成功; 当前距低点0.00%; 最新日涨幅-9.99%; 状态confirmed_rebound; 底部未确认
13,83.00958612061585,79.63673612022966,300342,天银机电,confirmed_rebound,2024-02-05,8.84,2024-02-05,8.68,1.8433179723502322,16.244239631336406,31.974921630094045,False,-12.6482,6.5637,4,4,4,100.0,18.276887619291326,26.68539325842696,6.156682027649768,1.8433179723502322,历史4/4次成功; 当前距低点1.84%; 最新日涨幅-12.65%; 状态confirmed_rebound; 底部未确认
14,82.69842042325871,79.20649660184776,300409,道氏技术,confirmed_rebound,2024-02-05,6.95,2024-02-05,6.83,1.756954612005858,17.276720351390917,31.356783919597987,False,-13.5572,3.2784,3,3,3,100.0,31.571790952801642,50.03460207612457,6.243045387994142,1.756954612005858,历史3/3次成功; 当前距低点1.76%; 最新日涨幅-13.56%; 状态confirmed_rebound; 底部未确认
15,82.34543132286339,79.32270119863736,688322,奥比中光,confirmed_rebound,2024-02-05,19.86,2024-02-05,19.46,2.055498458376149,15.00513874614593,32.757429163787144,False,-11.9681,2.5824,5,5,5,100.0,19.18944991255361,28.749462827675128,5.9445015416238505,2.055498458376149,历史5/5次成功; 当前距低点2.06%; 最新日涨幅-11.97%; 状态confirmed_rebound; 底部未确认
16,82.33798462495797,76.23887465273886,603327,福蓉科技,confirmed_rebound,2024-02-05,8.2,2024-02-05,8.2,0.0,10.975609756097567,27.30496453900709,False,-9.989,0.8471,4,4,4,100.0,29.510078778165898,52.609776304888165,8.0,0.0,历史4/4次成功; 当前距低点0.00%; 最新日涨幅-9.99%; 状态confirmed_rebound; 底部未确认
17,82.31870251640726,76.22102084852523,000889,中嘉博创,bottom_area,2024-02-05,1.62,2024-02-05,1.62,0.0,0.0,31.93277310924369,False,-4.7059,0.1943,5,5,5,100.0,19.199036820028066,34.408602150537625,8.0,0.0,历史5/5次成功; 当前距低点0.00%; 最新日涨幅-4.71%; 状态bottom_area; 底部未确认
18,82.30359914615701,76.20703624644167,002584,西陇科学,confirmed_rebound,2024-02-05,6.16,2024-02-05,6.16,0.0,11.038961038961034,31.40311804008909,False,-9.9415,9.4307,4,4,4,100.0,29.338904550761658,68.08510638297875,8.0,0.0,历史4/4次成功; 当前距低点0.00%; 最新日涨幅-9.94%; 状态confirmed_rebound; 底部未确认
19,82.19829885193128,77.84563944225671,300473,德尔股份,confirmed_rebound,2024-02-05,12.09,2024-02-05,11.95,1.1715481171548165,17.489539748953973,29.038004750593828,False,-13.766,3.8472,3,3,3,100.0,17.0794040288693,21.37137137137137,6.828451882845184,1.1715481171548165,历史3/3次成功; 当前距低点1.17%; 最新日涨幅-13.77%; 状态confirmed_rebound; 底部未确认
20,81.90599471689131,78.66346022100188,300382,斯莱克,confirmed_rebound,2024-02-05,5.9,2024-02-05,5.79,1.8998272884283303,13.298791018998266,29.56204379562044,False,-11.2782,1.8865,3,3,3,100.0,30.403583003325068,49.70059880239522,6.10017271157167,1.8998272884283303,历史3/3次成功; 当前距低点1.90%; 最新日涨幅-11.28%; 状态confirmed_rebound; 底部未确认
21,81.73045547049638,78.82017218964783,300511,雪榕生物,confirmed_rebound,2024-02-05,3.38,2024-02-05,3.31,2.1148036253776388,20.845921450151057,32.31083844580777,False,-14.6465,5.4808,4,4,4,100.0,17.214647610262617,29.220779220779214,5.885196374622362,2.1148036253776388,历史4/4次成功; 当前距低点2.11%; 最新日涨幅-14.65%; 状态confirmed_rebound; 底部未确认
22,81.67536141742949,78.60846940896162,688327,云从科技,confirmed_rebound,2024-02-05,10.15,2024-02-05,9.95,2.0100502512562923,16.78391959798995,31.708991077556632,False,-12.5754,5.0213,6,6,6,100.0,14.792386999064263,25.853071055800886,5.989949748743708,2.0100502512562923,历史6/6次成功; 当前距低点2.01%; 最新日涨幅-12.58%; 状态confirmed_rebound; 底部未确认
23,81.67516991484148,77.76471564253131,688101,三达膜,confirmed_rebound,2024-02-05,9.1,2024-02-05,8.97,1.4492753623188293,14.827201783723524,29.09090909090909,False,-11.6505,0.9961,3,3,3,100.0,20.048728325904435,33.755274261603375,6.550724637681171,1.4492753623188293,历史3/3次成功; 当前距低点1.45%; 最新日涨幅-11.65%; 状态confirmed_rebound; 底部未确认
24,81.3608936124201,77.64288741234215,603229,奥翔药业,confirmed_rebound,2024-02-05,8.42,2024-02-05,8.29,1.5681544028950638,11.09770808202656,27.280701754385973,False,-8.5776,1.7635,3,3,3,100.0,20.85096479001555,41.48479427549196,6.431845597104936,1.5681544028950638,历史3/3次成功; 当前距低点1.57%; 最新日涨幅-8.58%; 状态confirmed_rebound; 底部未确认
25,81.14536965269258,75.1346015302709,002137,实益达,confirmed_rebound,2024-02-05,4.28,2024-02-05,4.28,0.0,9.345794392523352,30.519480519480517,False,-10.084,4.4945,3,3,3,100.0,40.23979317349941,89.3034825870647,8.0,0.0,历史3/3次成功; 当前距低点0.00%; 最新日涨幅-10.08%; 状态confirmed_rebound; 底部未确认
26,81.11918958788182,75.1103607295202,000868,安凯客车,confirmed_rebound,2024-02-05,3.4,2024-02-05,3.4,0.0,12.05882352941177,27.966101694915253,False,-10.0529,3.0058,6,6,6,100.0,23.4427996210763,69.53846153846153,8.0,0.0,历史6/6次成功; 当前距低点0.00%; 最新日涨幅-10.05%; 状态confirmed_rebound; 底部未确认
27,81.02624019534164,75.02429647716818,603222,济民健康,confirmed_rebound,2024-02-05,5.22,2024-02-05,5.22,0.0,9.578544061302683,27.70083102493075,False,-10.0,2.1968,8,8,8,100.0,22.980088586925643,68.46504559270518,8.0,0.0,历史8/8次成功; 当前距低点0.00%; 最新日涨幅-10.00%; 状态confirmed_rebound; 底部未确认
28,81.01649464007983,75.01527281488872,600202,哈空调,confirmed_rebound,2024-02-05,4.14,2024-02-05,4.14,0.0,9.66183574879228,30.067567567567572,False,-10.0,2.9462,4,4,4,100.0,22.931574273595245,41.50485436893204,8.0,0.0,历史4/4次成功; 当前距低点0.00%; 最新日涨幅-10.00%; 状态confirmed_rebound; 底部未确认
29,80.88739765155184,77.08696144169254,688025,杰普特,confirmed_rebound,2024-02-05,44.04,2024-02-05,43.39,1.4980410232772496,12.860106015210873,32.07576706324358,False,-9.6801,4.6914,3,3,3,100.0,17.002661154648703,23.866292660121555,6.501958976722751,1.4980410232772496,历史3/3次成功; 当前距低点1.50%; 最新日涨幅-9.68%; 状态confirmed_rebound; 底部未确认
30,80.8358777067035,77.0803823845108,300507,苏奥传感,confirmed_rebound,2024-02-05,3.99,2024-02-05,3.93,1.5267175572519098,16.28498727735369,31.53310104529617,False,-12.6915,3.7275,3,3,3,100.0,17.318808683038426,33.6283185840708,6.473282442748091,1.5267175572519098,历史3/3次成功; 当前距低点1.53%; 最新日涨幅-12.69%; 状态confirmed_rebound; 底部未确认
31,80.75389698077849,74.77212683405415,002494,华斯股份,confirmed_rebound,2024-02-05,3.45,2024-02-05,3.45,0.0,11.014492753623186,32.35294117647058,False,-9.9217,3.1595,4,4,4,100.0,21.62433781749535,35.67251461988303,8.0,0.0,历史4/4次成功; 当前距低点0.00%; 最新日涨幅-9.92%; 状态confirmed_rebound; 底部未确认
32,80.73037042100833,75.95180124223603,000678,襄阳轴承,confirmed_rebound,2024-02-05,4.87,2024-02-01,4.83,0.828157349896481,12.836438923395447,27.368421052631582,True,-9.9815,6.1566,2,2,2,100.0,68.2777295253666,121.62162162162164,7.171842650103518,0.828157349896481,历史2/2次成功; 当前距低点0.83%; 最新日涨幅-9.98%; 状态confirmed_rebound; 底部已确认
33,80.71116602504549,77.4232955493844,300533,冰川网络,confirmed_rebound,2024-02-05,19.95,2024-02-05,19.59,1.8376722817764135,15.109749872383874,31.263157894736842,False,-9.9323,6.9461,3,3,3,100.0,22.974130923842026,40.564081294068856,6.162327718223587,1.8376722817764135,历史3/3次成功; 当前距低点1.84%; 最新日涨幅-9.93%; 状态confirmed_rebound; 底部未确认
34,80.66151492778064,74.68658789609319,002761,浙江建投,confirmed_rebound,2024-02-05,7.72,2024-02-05,7.72,0.0,9.974093264248712,27.032136105860115,False,-10.0233,3.5807,5,5,5,100.0,21.16445105426439,43.73730534867976,8.0,0.0,历史5/5次成功; 当前距低点0.00%; 最新日涨幅-10.02%; 状态confirmed_rebound; 底部未确认
35,80.65247283656986,76.69471160948645,002342,巨力索具,confirmed_rebound,2024-02-05,2.93,2024-02-05,2.89,1.3840830449827002,10.03460207612457,27.204030226700255,False,-8.7227,3.0259,3,3,3,100.0,13.496886838962347,19.889502762430933,6.615916955017299,1.3840830449827002,历史3/3次成功; 当前距低点1.38%; 最新日涨幅-8.72%; 状态confirmed_rebound; 底部未确认
36,80.6206871651251,76.82358408091704,688070,纵横股份,confirmed_rebound,2024-02-05,21.09,2024-02-05,20.78,1.4918190567853644,18.76804619826756,32.81603621079857,False,-12.125,1.7436,3,3,3,100.0,15.51038457197675,26.04166666666665,6.5081809432146365,1.4918190567853644,历史3/3次成功; 当前距低点1.49%; 最新日涨幅-12.12%; 状态confirmed_rebound; 底部未确认
37,80.45414349763747,74.49457731262729,002357,富临运业,confirmed_rebound,2024-02-05,5.02,2024-02-05,5.02,0.0,10.756972111553786,29.691876750700285,False,-10.0358,5.6968,4,4,4,100.0,20.132136089393963,31.941031941031934,8.0,0.0,历史4/4次成功; 当前距低点0.00%; 最新日涨幅-10.04%; 状态confirmed_rebound; 底部未确认
38,80.44148325258199,74.48285486350184,000715,中兴商业,confirmed_rebound,2024-02-05,5.52,2024-02-05,5.52,0.0,10.507246376811597,29.59183673469388,False,-9.9511,4.7208,4,4,4,100.0,20.069112169364704,29.105691056910565,8.0,0.0,历史4/4次成功; 当前距低点0.00%; 最新日涨幅-9.95%; 状态confirmed_rebound; 底部未确认
39,80.43372675747301,74.47567292358612,002272,川润股份,confirmed_rebound,2024-02-05,4.1,2024-02-05,4.1,0.0,9.512195121951233,30.27210884353742,False,-9.8901,3.6677,4,4,4,100.0,20.03049958917267,48.337595907928375,8.0,0.0,历史4/4次成功; 当前距低点0.00%; 最新日涨幅-9.89%; 状态confirmed_rebound; 底部未确认
40,80.3257093569127,76.41435303531297,603191,望变电气,confirmed_rebound,2024-02-05,11.55,2024-02-05,11.39,1.4047410008779644,10.359964881474976,27.72842639593908,False,-8.1876,3.9424,3,3,3,100.0,12.242809232874897,14.097222222222216,6.595258999122036,1.4047410008779644,历史3/3次成功; 当前距低点1.40%; 最新日涨幅-8.19%; 状态confirmed_rebound; 底部未确认
41,80.27283120807947,74.32669556303654,002806,华锋股份,confirmed_rebound,2024-02-05,7.56,2024-02-05,7.56,0.0,11.50793650793651,32.800000000000004,False,-10.0,3.5619,4,4,4,100.0,19.229546037830822,34.66407010710809,8.0,0.0,历史4/4次成功; 当前距低点0.00%; 最新日涨幅-10.00%; 状态confirmed_rebound; 底部未确认
42,80.26345798354475,77.77864835938998,002108,沧州明珠,confirmed_rebound,2024-02-05,3.03,2024-02-05,2.96,2.3648648648648596,8.783783783783791,31.639722863741344,False,-6.4815,1.3656,4,4,4,100.0,14.680323931622905,24.3961352657005,5.63513513513514,2.3648648648648596,历史4/4次成功; 当前距低点2.36%; 最新日涨幅-6.48%; 状态confirmed_rebound; 底部未确认
43,80.22580608712255,74.28315378437273,000980,众泰汽车,confirmed_rebound,2024-02-05,1.95,2024-02-05,1.95,0.0,10.256410256410255,28.044280442804432,False,-9.7222,2.4724,5,5,5,100.0,18.995450453616808,43.49775784753364,8.0,0.0,历史5/5次成功; 当前距低点0.00%; 最新日涨幅-9.72%; 状态confirmed_rebound; 底部未确认
44,80.13059920869611,77.31899923646115,300446,航天智造,confirmed_rebound,2024-02-05,10.01,2024-02-05,9.8,2.142857142857133,17.14285714285714,31.707317073170728,False,-12.8049,7.9002,3,3,3,100.0,26.154373775136584,51.92697768762679,5.857142857142867,2.142857142857133,历史3/3次成功; 当前距低点2.14%; 最新日涨幅-12.80%; 状态confirmed_rebound; 底部未确认
45,80.0421099890244,76.47189078366874,300667,必创科技,confirmed_rebound,2024-02-05,9.99,2024-02-05,9.83,1.6276703967446606,17.395727365208536,31.21063680895731,False,-13.9535,4.3377,2,2,2,100.0,31.951501549712724,36.615811373092924,6.372329603255339,1.6276703967446606,历史2/2次成功; 当前距低点1.63%; 最新日涨幅-13.95%; 状态confirmed_rebound; 底部未确认
46,79.96973468647322,76.23751030156097,002728,特一药业,confirmed_rebound,2024-02-05,12.06,2024-02-05,11.88,1.5151515151515127,9.932659932659929,28.17412333736396,False,-8.4977,7.8971,3,3,3,100.0,12.645461054335595,14.169139465875372,6.484848484848488,1.5151515151515127,历史3/3次成功; 当前距低点1.52%; 最新日涨幅-8.50%; 状态confirmed_rebound; 底部未确认
47,79.93070980075291,74.00991648217861,002759,天际股份,confirmed_rebound,2024-02-05,6.92,2024-02-05,6.92,0.0,10.549132947976885,28.06652806652806,False,-10.013,2.0623,4,4,4,100.0,17.526432699884932,27.166666666666668,8.0,0.0,历史4/4次成功; 当前距低点0.00%; 最新日涨幅-10.01%; 状态confirmed_rebound; 底部未确认
48,79.92284790544146,74.00263694948282,002845,同兴达,confirmed_rebound,2024-02-05,11.04,2024-02-05,11.04,0.0,10.507246376811597,29.09441233140656,False,-10.0244,4.8466,4,4,4,100.0,17.487295427326977,25.83258325832584,8.0,0.0,历史4/4次成功; 当前距低点0.00%; 最新日涨幅-10.02%; 状态confirmed_rebound; 底部未确认
49,79.92111589500287,74.00103323611377,002654,万润科技,confirmed_rebound,2024-02-05,7.85,2024-02-05,7.85,0.0,10.573248407643314,27.112349117920147,False,-9.9771,3.958,4,4,4,100.0,17.47867331243963,35.84905660377357,8.0,0.0,历史4/4次成功; 当前距低点0.00%; 最新日涨幅-9.98%; 状态confirmed_rebound; 底部未确认
50,79.91746344127507,74.9644548192865,002006,精工科技,confirmed_rebound,2024-02-05,8.96,2024-02-05,8.9,0.674157303370792,11.011235955056184,30.086410054988217,False,-9.4034,2.27,3,3,3,100.0,35.330825112752166,61.48648648648647,7.325842696629207,0.674157303370792,历史3/3次成功; 当前距低点0.67%; 最新日涨幅-9.40%; 状态confirmed_rebound; 底部未确认
51,79.76513718093506,73.85660850086579,600152,维科技术,confirmed_rebound,2024-02-05,4.46,2024-02-05,4.46,0.0,10.313901345291479,29.318541996830422,False,-10.0806,2.3004,4,4,4,100.0,16.702196241213947,24.87644151565074,8.0,0.0,历史4/4次成功; 当前距低点0.00%; 最新日涨幅-10.08%; 状态confirmed_rebound; 底部未确认
52,79.75800000000001,73.85000000000001,002685,华东重机,confirmed_rebound,2024-02-05,2.25,2024-02-05,2.25,0.0,9.333333333333332,30.124223602484477,False,-10.0,2.8498,2,2,2,100.0,62.24778046811945,109.52380952380952,8.0,0.0,历史2/2次成功; 当前距低点0.00%; 最新日涨幅-10.00%; 状态confirmed_rebound; 底部未确认
53,79.72728203176581,73.82155743682019,603196,璞源材料,confirmed_rebound,2024-02-05,9.01,2024-02-05,9.01,0.0,9.43396226415094,28.83096366508689,False,-9.99,1.3573,4,4,4,100.0,16.513749660323555,22.85714285714286,8.0,0.0,历史4/4次成功; 当前距低点0.00%; 最新日涨幅-9.99%; 状态confirmed_rebound; 底部未确认
54,79.68671956352235,76.66378041227992,603198,迎驾贡酒,bottom_area,2024-02-05,49.22,2024-02-05,48.26,1.9892250310816428,6.299212598425195,28.51429417864021,False,-1.9912,0.7624,1,1,1,100.0,33.65168539325842,33.65168539325842,6.010774968918358,1.9892250310816428,历史1/1次成功; 当前距低点1.99%; 最新日涨幅-1.99%; 状态bottom_area; 底部未确认
55,79.63235356464627,77.61634461364257,688318,财富趋势,confirmed_rebound,2024-02-05,90.86,2024-02-05,88.5,2.666666666666666,8.47457627118644,27.45306992376424,False,-7.2857,2.5608,4,4,4,100.0,17.507229105605195,31.374999999999996,5.333333333333334,2.666666666666666,历史4/4次成功; 当前距低点2.67%; 最新日涨幅-7.29%; 状态confirmed_rebound; 底部未确认
56,79.4725446604284,73.58568950039665,002724,海洋王,confirmed_rebound,2024-02-05,4.9,2024-02-05,4.9,0.0,10.20408163265306,29.1907514450867,False,-9.9265,1.8609,4,4,4,100.0,15.24564247525084,25.204081632653047,8.0,0.0,历史4/4次成功; 当前距低点0.00%; 最新日涨幅-9.93%; 状态confirmed_rebound; 底部未确认
57,79.40059662305198,75.44400816384268,603171,税友股份,confirmed_rebound,2024-02-05,21.89,2024-02-05,21.6,1.3425925925925886,11.0648148148148,28.07192807192807,False,-8.7917,4.3171,2,2,2,100.0,22.930748790074055,25.396825396825395,6.657407407407412,1.3425925925925886,历史2/2次成功; 当前距低点1.34%; 最新日涨幅-8.79%; 状态confirmed_rebound; 底部未确认
58,79.33606230925396,77.50580475127211,300534,陇神戎发,confirmed_rebound,2024-02-05,6.64,2024-02-05,6.46,2.786377708978324,14.70588235294118,28.93289328932893,False,-10.3914,3.91,4,4,4,100.0,18.38035445022949,26.86762778505898,5.213622291021676,2.786377708978324,历史4/4次成功; 当前距低点2.79%; 最新日涨幅-10.39%; 状态confirmed_rebound; 底部未确认
59,79.30494896594618,73.43050830180202,600367,红星发展,confirmed_rebound,2024-02-05,8.16,2024-02-05,8.16,0.0,10.906862745098046,29.776247848537,False,-10.0331,2.0181,5,5,5,100.0,14.411334955924787,24.161490683229793,8.0,0.0,历史5/5次成功; 当前距低点0.00%; 最新日涨幅-10.03%; 状态confirmed_rebound; 底部未确认
60,79.25188396417364,73.38137404090152,000670,盈方微,confirmed_rebound,2024-02-05,4.17,2024-02-05,4.17,0.0,10.551558752997611,32.52427184466019,False,-9.9352,3.4991,4,4,4,100.0,14.147172262911367,23.28519855595668,8.0,0.0,历史4/4次成功; 当前距低点0.00%; 最新日涨幅-9.94%; 状态confirmed_rebound; 底部未确认
61,79.23391883486276,73.36473966190997,002707,众信旅游,confirmed_rebound,2024-02-05,5.3,2024-02-05,5.3,0.0,9.24528301886793,27.69440654843111,False,-10.017,3.0492,5,5,5,100.0,14.057740117795555,23.252032520325198,8.0,0.0,历史5/5次成功; 当前距低点0.00%; 最新日涨幅-10.02%; 状态confirmed_rebound; 底部未确认
62,79.15773509048766,73.29419915785894,603211,晋拓股份,confirmed_rebound,2024-02-05,12.55,2024-02-05,12.55,0.0,9.88047808764939,29.49438202247191,False,-9.9713,9.8857,4,4,4,100.0,13.67849009601582,16.951379763469117,8.0,0.0,历史4/4次成功; 当前距低点0.00%; 最新日涨幅-9.97%; 状态confirmed_rebound; 底部未确认
63,79.09016385970682,73.23163320343224,002777,久远银海,confirmed_rebound,2024-02-05,15.3,2024-02-05,15.3,0.0,11.111111111111107,27.488151658767773,False,-10.0,3.5895,4,4,4,100.0,13.34211399694745,18.88352860096485,8.0,0.0,历史4/4次成功; 当前距低点0.00%; 最新日涨幅-10.00%; 状态confirmed_rebound; 底部未确认
64,79.07385140524568,73.21652907893117,002370,亚太药业,confirmed_rebound,2024-02-05,2.89,2024-02-05,2.89,0.0,10.726643598615919,27.204030226700255,False,-9.9688,3.3544,5,5,5,100.0,13.260909026511698,15.633423180592995,8.0,0.0,历史5/5次成功; 当前距低点0.00%; 最新日涨幅-9.97%; 状态confirmed_rebound; 底部未确认
65,79.00208507335174,73.15007877162198,002753,永东股份,confirmed_rebound,2024-02-05,5.19,2024-02-05,5.19,0.0,11.56069364161849,31.53034300791556,False,-10.052,3.616,3,3,3,100.0,29.570315976462197,69.36936936936937,8.0,0.0,历史3/3次成功; 当前距低点0.00%; 最新日涨幅-10.05%; 状态confirmed_rebound; 底部未确认
66,78.8965483990092,75.1191293244103,002026,山东威达,confirmed_rebound,2024-02-05,6.3,2024-02-05,6.21,1.4492753623188384,9.82286634460548,29.028571428571432,False,-8.6957,2.4756,2,2,2,100.0,22.49181263708199,29.397590361445776,6.550724637681162,1.4492753623188384,历史2/2次成功; 当前距低点1.45%; 最新日涨幅-8.70%; 状态confirmed_rebound; 底部未确认
67,78.82350705574534,77.02850814859477,688115,思林杰,confirmed_rebound,2024-02-05,18.71,2024-02-05,18.2,2.802197802197811,16.42857142857144,32.492581602373896,False,-11.9529,4.3123,5,5,5,100.0,16.00816740648259,23.658728081654015,5.197802197802189,2.802197802197811,历史5/5次成功; 当前距低点2.80%; 最新日涨幅-11.95%; 状态confirmed_rebound; 底部未确认
68,78.78948519235105,72.95322702995468,603335,迪生力,confirmed_rebound,2024-02-05,4.25,2024-02-05,4.25,0.0,10.117647058823524,30.78175895765472,False,-9.9576,0.7315,4,4,4,100.0,11.845306612659508,20.081135902636923,8.0,0.0,历史4/4次成功; 当前距低点0.00%; 最新日涨幅-9.96%; 状态confirmed_rebound; 底部未确认
69,78.77967644857327,73.02811306054515,001296,长江材料,confirmed_rebound,2024-02-05,16.75,2024-02-05,16.74,0.0597371565113594,10.095579450418168,29.899497487437188,False,-9.9462,7.9538,3,3,3,100.0,17.388783749414248,20.884413309982484,7.94026284348864,0.0597371565113594,历史3/3次成功; 当前距低点0.06%; 最新日涨幅-9.95%; 状态confirmed_rebound; 底部未确认
70,78.77132151889208,72.93640881378896,002235,安妮股份,confirmed_rebound,2024-02-05,4.55,2024-02-05,4.55,0.0,9.890109890109894,29.237947122861584,False,-9.901,5.0044,3,3,3,100.0,28.421552762306185,46.16438356164384,8.0,0.0,历史3/3次成功; 当前距低点0.00%; 最新日涨幅-9.90%; 状态confirmed_rebound; 底部未确认
71,78.76643977095087,73.1580475539722,000829,天音控股,confirmed_rebound,2024-02-05,6.23,2024-02-05,6.22,0.16077170418007516,12.700964630225082,29.717514124293785,False,-9.8408,3.9461,3,3,3,100.0,19.32584429840194,34.80519480519481,7.839228295819925,0.16077170418007516,历史3/3次成功; 当前距低点0.16%; 最新日涨幅-9.84%; 状态confirmed_rebound; 底部未确认
72,78.6943440652371,72.86513339373805,002363,隆基机械,confirmed_rebound,2024-02-05,5.19,2024-02-05,5.19,0.0,10.789980732177256,27.51396648044692,False,-10.052,2.9091,3,3,3,100.0,28.038351579236803,54.96828752642705,8.0,0.0,历史3/3次成功; 当前距低点0.00%; 最新日涨幅-10.05%; 状态confirmed_rebound; 底部未确认
73,78.6133813984393,72.79016796151787,603028,赛福天,confirmed_rebound,2024-02-05,6.53,2024-02-05,6.53,0.0,11.179173047473192,31.190727081138036,False,-10.0551,1.9376,3,3,3,100.0,27.635311621063757,43.67816091954023,8.0,0.0,历史3/3次成功; 当前距低点0.00%; 最新日涨幅-10.06%; 状态confirmed_rebound; 底部未确认
74,78.6058418494689,77.1612662806352,605286,同力天启,confirmed_rebound,2024-02-05,17.99,2024-02-05,17.46,3.0355097365406505,10.080183276059552,30.271565495207664,False,-7.268,9.3004,4,4,4,100.0,19.581873548106827,30.46080191502094,4.964490263459349,3.0355097365406505,历史4/4次成功; 当前距低点3.04%; 最新日涨幅-7.27%; 状态confirmed_rebound; 底部未确认
75,78.46200000000002,72.65,000151,中成股份,bottom_area,2024-02-05,9.67,2024-02-05,9.67,0.0,7.032057911065147,31.46704464918497,False,-9.9628,9.5604,1,1,1,100.0,191.97080291970806,191.97080291970806,8.0,0.0,历史1/1次成功; 当前距低点0.00%; 最新日涨幅-9.96%; 状态bottom_area; 底部未确认
76,78.43183344676865,76.7995880104996,688225,亚信安全,confirmed_rebound,2024-02-05,11.33,2024-02-05,11.01,2.906448683015443,15.349682107175292,31.401869158878508,False,-11.8288,0.8181,4,4,4,100.0,16.05532799878933,21.557788944723633,5.093551316984557,2.906448683015443,历史4/4次成功; 当前距低点2.91%; 最新日涨幅-11.83%; 状态confirmed_rebound; 底部未确认
77,78.42820218475994,72.61870572662957,000619,海螺新材,confirmed_rebound,2024-02-05,4.46,2024-02-05,4.46,0.0,11.659192825112118,31.278890600924502,False,-9.899,4.2322,3,3,3,100.0,26.71347164854606,32.01692524682651,8.0,0.0,历史3/3次成功; 当前距低点0.00%; 最新日涨幅-9.90%; 状态confirmed_rebound; 底部未确认
78,78.35211027879471,72.54825025814324,600135,乐凯胶片,confirmed_rebound,2024-02-05,5.24,2024-02-05,5.24,0.0,10.305343511450381,29.093369418132603,False,-9.9656,1.9822,2,2,2,100.0,43.00134547388843,56.981132075471706,8.0,0.0,历史2/2次成功; 当前距低点0.00%; 最新日涨幅-9.97%; 状态confirmed_rebound; 底部未确认
79,78.32680925023622,76.91624298379432,605266,健之佳,confirmed_rebound,2024-02-05,44.19,2024-02-05,42.88,3.0550373134328246,8.302238805970138,32.333911945715634,False,-3.452,0.852,4,4,4,100.0,18.503914292586888,33.154615273148806,4.944962686567175,3.0550373134328246,历史4/4次成功; 当前距低点3.06%; 最新日涨幅-3.45%; 状态confirmed_rebound; 底部未确认
80,78.26700977169628,72.46945349231136,605208,永茂泰,confirmed_rebound,2024-02-05,5.9,2024-02-05,5.9,0.0,11.016949152542363,31.949250288350626,False,-10.061,3.1923,3,3,3,100.0,25.911040281243864,46.887631366208595,8.0,0.0,历史3/3次成功; 当前距低点0.00%; 最新日涨幅-10.06%; 状态confirmed_rebound; 底部未确认
81,78.26672854758537,72.46919309961608,002585,双星新材,confirmed_rebound,2024-02-05,5.04,2024-02-05,5.04,0.0,12.896825396825404,29.411764705882348,False,-10.0,2.7785,3,3,3,100.0,25.909640320516548,56.338028169014066,8.0,0.0,历史3/3次成功; 当前距低点0.00%; 最新日涨幅-10.00%; 状态confirmed_rebound; 底部未确认
82,78.24975344262295,72.45347540983606,002636,金安国纪,confirmed_rebound,2024-02-05,5.4,2024-02-05,5.4,0.0,11.296296296296285,29.961089494163417,False,-10.0,1.3756,2,2,2,100.0,42.49180327868853,69.0,8.0,0.0,历史2/2次成功; 当前距低点0.00%; 最新日涨幅-10.00%; 状态confirmed_rebound; 底部未确认
83,78.2198429456224,72.42578050520592,002551,尚荣医疗,confirmed_rebound,2024-02-05,2.63,2024-02-05,2.63,0.0,11.02661596958175,31.510416666666668,False,-9.9315,3.4291,3,3,3,100.0,25.676239275300635,52.61780104712043,8.0,0.0,历史3/3次成功; 当前距低点0.00%; 最新日涨幅-9.93%; 状态confirmed_rebound; 底部未确认
84,78.18861436653995,72.69666900767331,000430,张家界,confirmed_rebound,2024-02-05,4.67,2024-02-05,4.66,0.214592274678107,10.515021459227473,30.75780089153046,False,-9.8456,4.0754,2,2,2,100.0,34.17171717171716,53.99999999999999,7.7854077253218925,0.214592274678107,历史2/2次成功; 当前距低点0.21%; 最新日涨幅-9.85%; 状态confirmed_rebound; 底部未确认
85,78.17125595682054,73.04226903991142,000153,丰原药业,confirmed_rebound,2024-02-05,6.38,2024-02-05,6.35,0.47244094488189375,10.866141732283472,27.262313860252014,False,-9.6317,3.8375,3,3,3,100.0,22.52384082925873,39.18305597579423,7.527559055118107,0.47244094488189375,历史3/3次成功; 当前距低点0.47%; 最新日涨幅-9.63%; 状态confirmed_rebound; 底部未确认
86,78.10086551336732,73.93494790294511,000799,酒鬼酒,confirmed_rebound,2024-02-05,52.76,2024-02-05,52.16,1.1503067484662604,8.32055214723927,27.816219208414072,False,-8.2435,2.7851,2,2,2,100.0,12.460469298108508,14.685314685314685,6.84969325153374,1.1503067484662604,历史2/2次成功; 当前距低点1.15%; 最新日涨幅-8.24%; 状态confirmed_rebound; 底部未确认
87,78.09120068409143,72.30666730008465,603333,尚纬股份,confirmed_rebound,2024-02-05,3.86,2024-02-05,3.86,0.0,10.62176165803108,32.39929947460596,False,-10.0233,4.6567,3,3,3,100.0,25.03584569937982,47.19626168224298,8.0,0.0,历史3/3次成功; 当前距低点0.00%; 最新日涨幅-10.02%; 状态confirmed_rebound; 底部未确认
88,78.08520427623671,75.68521995161035,002240,盛新锂能,confirmed_rebound,2024-02-05,17.66,2024-02-05,17.25,2.3768115942028993,8.927536231884053,28.363787375415278,False,-7.3938,2.6604,3,3,3,100.0,20.23844293759655,33.42198581560282,5.6231884057971016,2.3768115942028993,历史3/3次成功; 当前距低点2.38%; 最新日涨幅-7.39%; 状态confirmed_rebound; 底部未确认
89,78.01069093717763,75.36009450959862,000767,晋控电力,confirmed_rebound,2024-02-05,2.32,2024-02-05,2.27,2.2026431718061596,11.453744493392062,27.243589743589748,False,-7.2,1.1792,3,3,3,100.0,16.35548893180996,22.22222222222223,5.79735682819384,2.2026431718061596,历史3/3次成功; 当前距低点2.20%; 最新日涨幅-7.20%; 状态confirmed_rebound; 底部未确认
90,77.94810138398915,72.1741679481381,002676,顺威股份,confirmed_rebound,2024-02-05,3.19,2024-02-05,3.19,0.0,10.344827586206899,27.002288329519452,False,-9.887,2.3283,3,3,3,100.0,24.323483592140306,39.33333333333333,8.0,0.0,历史3/3次成功; 当前距低点0.00%; 最新日涨幅-9.89%; 状态confirmed_rebound; 底部未确认
91,77.92653419680103,72.15419833037132,002796,世嘉科技,confirmed_rebound,2024-02-05,7.24,2024-02-05,7.24,0.0,11.049723756906062,29.57198443579766,False,-9.9502,2.2811,3,3,3,100.0,24.21612005575977,36.33841886269071,8.0,0.0,历史3/3次成功; 当前距低点0.00%; 最新日涨幅-9.95%; 状态confirmed_rebound; 底部未确认
92,77.92202359056107,73.53164627170418,300420,五洋自控,confirmed_rebound,2024-02-05,2.05,2024-02-05,2.03,0.9852216748768483,12.315270935960593,27.240143369175634,False,-10.8696,2.2445,5,5,5,100.0,14.773933819480561,22.666666666666657,7.014778325123151,0.9852216748768483,历史5/5次成功; 当前距低点0.99%; 最新日涨幅-10.87%; 状态confirmed_rebound; 底部未确认
93,77.90488816631131,72.1341557095475,603286,日盈电子,bottom_area,2024-02-05,15.49,2024-02-05,15.49,0.0,7.811491284699801,27.413308341143388,False,-9.9942,2.0472,3,3,3,100.0,13.893310266384404,16.874999999999986,8.0,0.0,历史3/3次成功; 当前距低点0.00%; 最新日涨幅-9.99%; 状态bottom_area; 底部未确认
94,77.89692227772228,72.12677988677989,002375,亚厦股份,confirmed_rebound,2024-02-05,3.2,2024-02-05,3.2,0.0,9.999999999999995,28.089887640449433,False,-9.8592,1.9475,3,3,3,100.0,24.06870906870906,36.9047619047619,8.0,0.0,历史3/3次成功; 当前距低点0.00%; 最新日涨幅-9.86%; 状态confirmed_rebound; 底部未确认
95,77.89658183854195,72.12646466531662,600338,西藏珠峰,confirmed_rebound,2024-02-05,7.74,2024-02-05,7.74,0.0,8.785529715762271,27.595884003741812,False,-10.0,3.8148,3,3,3,100.0,24.06701432965921,31.213191990577155,8.0,0.0,历史3/3次成功; 当前距低点0.00%; 最新日涨幅-10.00%; 状态confirmed_rebound; 底部未确认
96,77.89145664394962,72.96876392378707,000762,西藏矿业,confirmed_rebound,2024-02-05,18.25,2024-02-05,18.14,0.6063947078280013,10.363836824696797,30.84254670224933,False,-9.4742,4.5895,2,2,2,100.0,40.43733256792957,71.15671641791043,7.3936052921719995,0.6063947078280013,历史2/2次成功; 当前距低点0.61%; 最新日涨幅-9.47%; 状态confirmed_rebound; 底部未确认
97,77.82741770648002,73.23901836181072,300545,联得装备,confirmed_rebound,2024-02-05,20.38,2024-02-05,20.21,0.8411677387431873,13.458683819891137,28.001425008906306,False,-11.6219,5.3576,3,3,3,100.0,28.101509710458018,41.33891213389123,7.158832261256813,0.8411677387431873,历史3/3次成功; 当前距低点0.84%; 最新日涨幅-11.62%; 状态confirmed_rebound; 底部未确认
98,77.82114403795505,74.70982426433672,603200,上海洗霸,confirmed_rebound,2024-02-05,14.1,2024-02-05,13.84,1.8786127167630042,10.549132947976885,31.349206349206348,False,-8.3225,3.4164,2,2,2,100.0,25.55409278793739,32.93196869355809,6.121387283236996,1.8786127167630042,历史2/2次成功; 当前距低点1.88%; 最新日涨幅-8.32%; 状态confirmed_rebound; 底部未确认
99,77.79425289866711,72.03171564691398,002084,海鸥住工,confirmed_rebound,2024-02-05,2.62,2024-02-05,2.62,0.0,9.923664122137396,32.12435233160622,False,-9.9656,1.7561,3,3,3,100.0,23.557611004913852,43.81720430107525,8.0,0.0,历史3/3次成功; 当前距低点0.00%; 最新日涨幅-9.97%; 状态confirmed_rebound; 底部未确认
100,77.78689926362298,72.02490672557683,002164,宁波东力,confirmed_rebound,2024-02-05,3.77,2024-02-05,3.77,0.0,10.610079575596815,29.135338345864664,False,-10.0239,3.2986,3,3,3,100.0,23.5210039009507,45.468509984639034,8.0,0.0,历史3/3次成功; 当前距低点0.00%; 最新日涨幅-10.02%; 状态confirmed_rebound; 底部未确认
101,77.74916420795387,71.98996685921654,002125,湘潭电化,confirmed_rebound,2024-02-05,6.7,2024-02-05,6.7,0.0,10.746268656716413,29.84293193717278,False,-9.9462,2.139,3,3,3,100.0,23.333155157078114,32.067510548523195,8.0,0.0,历史3/3次成功; 当前距低点0.00%; 最新日涨幅-9.95%; 状态confirmed_rebound; 底部未确认
102,77.7333199718508,71.97529627023222,603109,神驰机电,confirmed_rebound,2024-02-05,11.26,2024-02-05,11.26,0.0,10.923623445825935,28.643852978453737,False,-9.992,2.5044,3,3,3,100.0,23.25428102275393,33.71428571428571,8.0,0.0,历史3/3次成功; 当前距低点0.00%; 最新日涨幅-9.99%; 状态confirmed_rebound; 底部未确认
103,77.69635088935628,74.36095917225953,600215,派斯林,confirmed_rebound,2024-02-05,6.51,2024-02-05,6.4,1.7187499999999911,9.374999999999995,30.810810810810807,False,-8.4388,2.1253,2,2,2,100.0,21.718866517524237,23.993288590604024,6.281250000000009,1.7187499999999911,历史2/2次成功; 当前距低点1.72%; 最新日涨幅-8.44%; 状态confirmed_rebound; 底部未确认
104,77.67442420399539,71.92076315184758,001332,锡装股份,confirmed_rebound,2024-02-05,21.95,2024-02-05,21.95,0.0,12.072892938496594,28.91839378238342,False,-10.0041,5.7404,3,3,3,100.0,22.961092214234256,31.086142322097377,8.0,0.0,历史3/3次成功; 当前距低点0.00%; 最新日涨幅-10.00%; 状态confirmed_rebound; 底部未确认
105,77.6544983536631,71.9023132904288,002642,荣联科技,confirmed_rebound,2024-02-05,4.73,2024-02-05,4.73,0.0,10.14799154334037,31.84438040345821,False,-10.076,3.9758,3,3,3,100.0,22.861899410907505,35.253456221198164,8.0,0.0,历史3/3次成功; 当前距低点0.00%; 最新日涨幅-10.08%; 状态confirmed_rebound; 底部未确认
106,77.64867413153843,71.89692049216521,002658,雪迪龙,confirmed_rebound,2024-02-05,5.18,2024-02-05,5.18,0.0,12.934362934362934,28.55172413793104,False,-9.913,2.8819,3,3,3,100.0,22.83290587185592,34.81481481481481,8.0,0.0,历史3/3次成功; 当前距低点0.00%; 最新日涨幅-9.91%; 状态confirmed_rebound; 底部未确认
107,77.5052910170764,72.27308930504736,000561,烽火电子,confirmed_rebound,2024-02-05,5.47,2024-02-05,5.45,0.3669724770642124,11.0091743119266,28.851174934725847,False,-9.736,2.2138,3,3,3,100.0,17.09562662770844,22.65060240963854,7.633027522935788,0.3669724770642124,历史3/3次成功; 当前距低点0.37%; 最新日涨幅-9.74%; 状态confirmed_rebound; 底部未确认
108,77.45088917197452,71.71378627034677,002631,德尔未来,confirmed_rebound,2024-02-05,4.12,2024-02-05,4.12,0.0,10.436893203883487,27.845884413309978,False,-10.0437,1.2575,2,2,2,100.0,38.51497994810097,47.77070063694268,8.0,0.0,历史2/2次成功; 当前距低点0.00%; 最新日涨幅-10.04%; 状态confirmed_rebound; 底部未确认
109,77.43439013078542,71.69850938035687,002167,东方锆业,confirmed_rebound,2024-02-05,4.14,2024-02-05,4.14,0.0,9.66183574879228,28.98799313893654,False,-10.0,2.5869,3,3,3,100.0,21.766179464284228,41.1650485436893,8.0,0.0,历史3/3次成功; 当前距低点0.00%; 最新日涨幅-10.00%; 状态confirmed_rebound; 底部未确认
110,77.41220995188984,71.67797217767577,000566,海南海药,confirmed_rebound,2024-02-05,3.1,2024-02-05,3.1,0.0,10.645161290322584,30.957683741648108,False,-9.8837,1.9532,3,3,3,100.0,21.655764396106257,37.53581661891116,8.0,0.0,历史3/3次成功; 当前距低点0.00%; 最新日涨幅-9.88%; 状态confirmed_rebound; 底部未确认
111,77.39103838538625,72.07396503657988,600379,宝光股份,confirmed_rebound,2024-02-05,6.68,2024-02-05,6.66,0.30030030030029387,10.360360360360353,29.374337221633084,False,-9.7297,4.0972,3,3,3,100.0,15.207794200347047,19.462365591397834,7.699699699699707,0.30030030030029387,历史3/3次成功; 当前距低点0.30%; 最新日涨幅-9.73%; 状态confirmed_rebound; 底部未确认
112,77.38433802240552,71.96550371130274,300629,新劲刚,confirmed_rebound,2024-02-05,13.27,2024-02-05,13.24,0.2265861027190284,14.803625377643497,27.5711159737418,False,-13.268,6.2407,3,3,3,100.0,13.721075405925445,20.812740252608453,7.773413897280972,0.2265861027190284,历史3/3次成功; 当前距低点0.23%; 最新日涨幅-13.27%; 状态confirmed_rebound; 底部未确认
113,77.34572433949268,71.61641142545618,002326,永太科技,confirmed_rebound,2024-02-05,8.16,2024-02-05,8.16,0.0,10.294117647058822,31.139240506329113,False,-10.0331,2.797,3,3,3,100.0,21.32479260997945,29.837587006960554,8.0,0.0,历史3/3次成功; 当前距低点0.00%; 最新日涨幅-10.03%; 状态confirmed_rebound; 底部未确认
114,77.21647668482827,71.49673767113728,000753,漳州发展,confirmed_rebound,2024-02-05,2.84,2024-02-05,2.84,0.0,10.915492957746482,29.353233830845767,False,-10.1266,2.046,3,3,3,100.0,20.681385328695,43.344709897610926,8.0,0.0,历史3/3次成功; 当前距低点0.00%; 最新日涨幅-10.13%; 状态confirmed_rebound; 底部未确认
115,77.16466048827331,71.44875971136418,605155,西大门,confirmed_rebound,2024-02-05,10.67,2024-02-05,10.67,0.0,12.089971883786326,31.027795733678087,False,-10.0337,1.7885,2,2,2,100.0,37.09010597507621,57.16054477919933,8.0,0.0,历史2/2次成功; 当前距低点0.00%; 最新日涨幅-10.03%; 状态confirmed_rebound; 底部未确认
116,77.10955624855939,71.39773726718461,600203,福日电子,confirmed_rebound,2024-02-05,4.46,2024-02-05,4.46,0.0,10.538116591928246,31.172839506172846,False,-10.0806,2.6602,3,3,3,100.0,20.149125092390385,24.045801526717554,8.0,0.0,历史3/3次成功; 当前距低点0.00%; 最新日涨幅-10.08%; 状态confirmed_rebound; 底部未确认
117,77.09755168477726,71.8006420441546,000712,锦龙股份,confirmed_rebound,2024-02-05,10.02,2024-02-05,9.99,0.30030030030029387,10.210210210210207,30.480167014613773,False,-9.5668,3.1488,2,2,2,100.0,30.404982413114322,45.922746781115876,7.699699699699707,0.30030030030029387,历史2/2次成功; 当前距低点0.30%; 最新日涨幅-9.57%; 状态confirmed_rebound; 底部未确认
118,77.07138438233127,72.18610980192453,603155,新亚强,confirmed_rebound,2024-02-05,15.19,2024-02-05,15.1,0.5960264900662242,11.854304635761597,29.570895522388064,False,-9.4756,0.4769,3,3,3,100.0,19.435753759545772,25.624375624375624,7.403973509933776,0.5960264900662242,历史3/3次成功; 当前距低点0.60%; 最新日涨幅-9.48%; 状态confirmed_rebound; 底部未确认
119,77.0669225473322,71.35826161790018,002657,中科金财,confirmed_rebound,2024-02-05,11.42,2024-02-05,11.42,0.0,11.208406304728541,32.86302175191065,False,-10.0079,4.5352,2,2,2,100.0,36.60355708548481,56.540447504302946,8.0,0.0,历史2/2次成功; 当前距低点0.00%; 最新日涨幅-10.01%; 状态confirmed_rebound; 底部未确认
120,77.04457319752946,75.23252107696598,600110,诺德股份,confirmed_rebound,2024-02-05,3.72,2024-02-05,3.62,2.7624309392265216,9.944751381215466,27.016129032258064,False,-7.0,1.6978,3,3,3,100.0,22.531524830120617,34.251968503937015,5.237569060773478,2.7624309392265216,历史3/3次成功; 当前距低点2.76%; 最新日涨幅-7.00%; 状态confirmed_rebound; 底部未确认
121,77.03420634493627,71.32796883790394,002350,北京科锐,confirmed_rebound,2024-02-05,4.17,2024-02-05,4.17,0.0,12.230215827338125,30.383973288814698,False,-9.9352,1.8896,3,3,3,100.0,19.774026010236266,23.07692307692308,8.0,0.0,历史3/3次成功; 当前距低点0.00%; 最新日涨幅-9.94%; 状态confirmed_rebound; 底部未确认
122,77.02675306505199,71.32106765282592,000159,国际实业,confirmed_rebound,2024-02-05,4.32,2024-02-05,4.32,0.0,9.953703703703697,28.712871287128706,False,-10.0,2.7851,3,3,3,100.0,19.73692286465547,28.035982008995493,8.0,0.0,历史3/3次成功; 当前距低点0.00%; 最新日涨幅-10.00%; 状态confirmed_rebound; 底部未确认
123,76.99977754172562,71.2960903164126,605162,新中港,confirmed_rebound,2024-02-05,6.27,2024-02-05,6.27,0.0,11.483253588516758,28.34285714285715,False,-10.043,5.078,3,3,3,100.0,19.602636109745223,26.46502835538753,8.0,0.0,历史3/3次成功; 当前距低点0.00%; 最新日涨幅-10.04%; 状态confirmed_rebound; 底部未确认
124,76.99482861769116,71.29150797934366,000605,渤海股份,confirmed_rebound,2024-02-05,4.55,2024-02-05,4.55,0.0,12.307692307692319,30.000000000000004,False,-10.0791,3.2488,3,3,3,100.0,19.57799988894441,29.39999999999999,8.0,0.0,历史3/3次成功; 当前距低点0.00%; 最新日涨幅-10.08%; 状态confirmed_rebound; 底部未确认
125,76.9674096095025,74.17319005056954,002779,中坚科技,confirmed_rebound,2024-02-05,21.13,2024-02-05,20.7,2.0772946859903367,12.657004830917879,29.782903663500683,False,-8.1304,1.7416,2,2,2,100.0,25.1044190033737,29.818594104308378,5.922705314009663,2.0772946859903367,历史2/2次成功; 当前距低点2.08%; 最新日涨幅-8.13%; 状态confirmed_rebound; 底部未确认
126,76.9661321711464,71.26493719550592,002693,双成药业,confirmed_rebound,2024-02-05,4.52,2024-02-05,4.52,0.0,11.061946902654867,31.306990881458972,False,-9.9602,2.4912,3,3,3,100.0,19.43514621239739,34.61538461538462,8.0,0.0,历史3/3次成功; 当前距低点0.00%; 最新日涨幅-9.96%; 状态confirmed_rebound; 底部未确认
127,76.92577190940267,71.7842828705158,002755,奥赛康,confirmed_rebound,2024-02-05,7.45,2024-02-05,7.42,0.4043126684636152,10.916442048517528,27.397260273972606,False,-9.5874,0.8473,2,2,2,100.0,31.59202018609052,32.35294117647059,7.595687331536386,0.4043126684636152,历史2/2次成功; 当前距低点0.40%; 最新日涨幅-9.59%; 状态confirmed_rebound; 底部未确认
128,76.91237195030645,71.21515921324671,605228,神通科技,confirmed_rebound,2024-02-05,7.51,2024-02-05,7.51,0.0,11.051930758988018,27.649325626204245,False,-9.952,1.2252,3,3,3,100.0,19.167522651864033,20.32967032967033,8.0,0.0,历史3/3次成功; 当前距低点0.00%; 最新日涨幅-9.95%; 状态confirmed_rebound; 底部未确认
129,76.87325728032414,71.17894192622605,001210,金房能源,confirmed_rebound,2024-02-05,13.82,2024-02-05,13.82,0.0,10.926193921852386,28.02083333333333,False,-9.9674,4.2981,2,2,2,100.0,35.639472721645426,38.131313131313135,8.0,0.0,历史2/2次成功; 当前距低点0.00%; 最新日涨幅-9.97%; 状态confirmed_rebound; 底部未确认
130,76.844375806724,74.183984633655,300510,金冠股份,confirmed_rebound,2024-02-05,3.77,2024-02-05,3.69,2.168021680216804,13.008130081300811,29.445506692160617,False,-10.6635,2.5608,2,2,2,100.0,26.274591744888774,30.519480519480524,5.831978319783196,2.168021680216804,历史2/2次成功; 当前距低点2.17%; 最新日涨幅-10.66%; 状态confirmed_rebound; 底部未确认
131,76.79510129488662,76.1032535354732,688320,禾川科技,confirmed_rebound,2024-02-05,22.88,2024-02-05,22.1,3.529411764705871,13.936651583710399,30.04115226337448,False,-11.7965,2.9164,5,5,5,100.0,19.94791590861607,38.29133374308544,4.470588235294129,3.529411764705871,历史5/5次成功; 当前距低点3.53%; 最新日涨幅-11.80%; 状态confirmed_rebound; 底部未确认
132,76.7545929870038,76.27802650185757,603185,弘元绿能,confirmed_rebound,2024-02-05,22.28,2024-02-05,21.49,3.676128431828771,10.516519311307594,29.77124183006537,False,-6.7002,1.772,5,5,5,100.0,22.686017884016994,43.51028702057404,4.32387156817123,3.676128431828771,历史5/5次成功; 当前距低点3.68%; 最新日涨幅-6.70%; 状态confirmed_rebound; 底部未确认
133,76.74933244871215,71.0641967117705,000510,新金路,confirmed_rebound,2024-02-05,3.66,2024-02-05,3.66,0.0,9.836065573770476,27.95275590551181,False,-10.0737,2.306,3,3,3,100.0,18.355896299841426,23.043478260869577,8.0,0.0,历史3/3次成功; 当前距低点0.00%; 最新日涨幅-10.07%; 状态confirmed_rebound; 底部未确认
134,76.73710204609344,71.05287226490132,002442,龙星科技,confirmed_rebound,2024-02-05,3.75,2024-02-05,3.75,0.0,10.133333333333331,31.444241316270567,False,-10.0719,4.59,3,3,3,100.0,18.29501217688885,32.75434243176177,8.0,0.0,历史3/3次成功; 当前距低点0.00%; 最新日涨幅-10.07%; 状态confirmed_rebound; 底部未确认
135,76.73681364836781,76.3069155326907,300607,拓斯达,confirmed_rebound,2024-02-05,9.23,2024-02-05,8.9,3.707865168539327,15.168539325842692,29.477020602218694,False,-10.3883,4.3051,4,4,4,100.0,23.230366220217014,45.9265890778872,4.2921348314606735,3.707865168539327,历史4/4次成功; 当前距低点3.71%; 最新日涨幅-10.39%; 状态confirmed_rebound; 底部未确认
136,76.69860792887727,71.01722956377525,002169,智光电气,confirmed_rebound,2024-02-05,4.45,2024-02-05,4.45,0.0,10.561797752808982,28.2258064516129,False,-9.919,2.0102,3,3,3,100.0,18.103384751479755,20.402298850574724,8.0,0.0,历史3/3次成功; 当前距低点0.00%; 最新日涨幅-9.92%; 状态confirmed_rebound; 底部未确认
137,76.69022371788837,71.00946640545219,002347,泰尔股份,confirmed_rebound,2024-02-05,3.44,2024-02-05,3.44,0.0,9.883720930232553,30.50505050505051,False,-9.9476,5.1077,3,3,3,100.0,18.061647341140805,29.585798816568047,8.0,0.0,历史3/3次成功; 当前距低点0.00%; 最新日涨幅-9.95%; 状态confirmed_rebound; 底部未确认
138,76.66986577364518,70.99061645707887,002802,洪汇新材,confirmed_rebound,2024-02-05,7.88,2024-02-05,7.88,0.0,9.51776649746194,30.017761989342805,False,-9.9429,1.7411,3,3,3,100.0,17.96030353268211,20.65637065637066,8.0,0.0,历史3/3次成功; 当前距低点0.00%; 最新日涨幅-9.94%; 状态confirmed_rebound; 底部未确认
139,76.57980275788633,70.90722477582067,001317,三羊马,confirmed_rebound,2024-02-05,23.67,2024-02-05,23.67,0.0,11.068863540346419,28.01094890510949,False,-10.0,4.9327,3,3,3,100.0,17.511961160326138,27.25075528700905,8.0,0.0,历史3/3次成功; 当前距低点0.00%; 最新日涨幅-10.00%; 状态confirmed_rebound; 底部未确认
140,76.55360513190348,70.88296771472544,605169,洪通燃气,confirmed_rebound,2024-02-05,7.61,2024-02-05,7.61,0.0,9.067017082785812,28.07183364839319,False,-9.9408,3.1012,3,3,3,100.0,17.381546853362593,26.09375,8.0,0.0,历史3/3次成功; 当前距低点0.00%; 最新日涨幅-9.94%; 状态confirmed_rebound; 底部未确认
141,76.49822475875908,70.83168959144359,600408,安泰集团,confirmed_rebound,2024-02-05,1.69,2024-02-05,1.69,0.0,10.059171597633146,28.99159663865546,False,-10.1064,2.165,3,3,3,100.0,17.10585801851391,21.457489878542503,8.0,0.0,历史3/3次成功; 当前距低点0.00%; 最新日涨幅-10.11%; 状态confirmed_rebound; 底部未确认
142,76.47883044634939,70.81373189476795,000663,永安林业,confirmed_rebound,2024-02-05,5.54,2024-02-05,5.54,0.0,10.108303249097466,31.604938271604933,False,-10.0649,4.9165,2,2,2,100.0,33.67597792885999,50.39215686274511,8.0,0.0,历史2/2次成功; 当前距低点0.00%; 最新日涨幅-10.06%; 状态confirmed_rebound; 底部未确认
143,76.47459801143664,70.80981297355244,002186,全聚德,confirmed_rebound,2024-02-05,8.65,2024-02-05,8.65,0.0,10.982658959537565,32.47462919594067,False,-9.9896,4.3119,3,3,3,100.0,16.988241793292634,23.20675105485231,8.0,0.0,历史3/3次成功; 当前距低点0.00%; 最新日涨幅-9.99%; 状态confirmed_rebound; 底部未确认
144,76.46616158795,70.80200147032407,002279,久其软件,confirmed_rebound,2024-02-05,4.31,2024-02-05,4.31,0.0,13.689095127610226,27.441077441077454,False,-10.0209,3.6529,3,3,3,100.0,16.94624446410791,25.915492957746476,8.0,0.0,历史3/3次成功; 当前距低点0.00%; 最新日涨幅-10.02%; 状态confirmed_rebound; 底部未确认
145,76.46534204483528,73.83316606075053,002054,德美化工,confirmed_rebound,2024-02-05,4.69,2024-02-05,4.59,2.1786492374727784,10.239651416122,28.39313572542902,False,-8.0392,2.6264,1,1,1,100.0,41.18541033434649,41.18541033434649,5.8213507625272225,2.1786492374727784,历史1/1次成功; 当前距低点2.18%; 最新日涨幅-8.04%; 状态confirmed_rebound; 底部未确认
146,76.44829309009316,74.6819634941422,300542,新晨科技,confirmed_rebound,2024-02-05,8.49,2024-02-05,8.26,2.784503631961264,11.380145278450357,28.04878048780488,False,-7.1116,4.0475,3,3,3,100.0,19.842106317278887,22.574955908289247,5.215496368038735,2.784503631961264,历史3/3次成功; 当前距低点2.78%; 最新日涨幅-7.11%; 状态confirmed_rebound; 底部未确认
147,76.43125245369798,70.7696781978685,000695,滨海能源,confirmed_rebound,2024-02-05,6.98,2024-02-05,6.98,0.0,12.60744985673352,32.23300970873787,False,-10.0515,2.0377,3,3,3,100.0,16.77246342940055,21.910112359550556,8.0,0.0,历史3/3次成功; 当前距低点0.00%; 最新日涨幅-10.05%; 状态confirmed_rebound; 底部未确认
148,76.41000000000001,70.75,000565,渝三峡A,confirmed_rebound,2024-02-05,4.0,2024-02-05,4.0,0.0,11.00000000000001,32.088285229202036,False,-9.9099,2.3096,1,1,1,100.0,57.568807339449535,57.568807339449535,8.0,0.0,历史1/1次成功; 当前距低点0.00%; 最新日涨幅-9.91%; 状态confirmed_rebound; 底部未确认
149,76.41000000000001,70.75,002388,新亚制程,confirmed_rebound,2024-02-05,3.52,2024-02-05,3.52,0.0,10.51136363636364,30.297029702970296,False,-9.9744,2.151,1,1,1,100.0,50.505050505050505,50.505050505050505,8.0,0.0,历史1/1次成功; 当前距低点0.00%; 最新日涨幅-9.97%; 状态confirmed_rebound; 底部未确认
150,76.41000000000001,70.75,002686,亿利达,confirmed_rebound,2024-02-05,4.34,2024-02-05,4.34,0.0,10.829493087557598,29.200652528548126,False,-9.9585,2.8135,1,1,1,100.0,75.68181818181817,75.68181818181817,8.0,0.0,历史1/1次成功; 当前距低点0.00%; 最新日涨幅-9.96%; 状态confirmed_rebound; 底部未确认
151,76.41000000000001,70.75,002836,新宏泽,confirmed_rebound,2024-02-05,5.49,2024-02-05,5.49,0.0,10.01821493624772,32.967032967032964,False,-10.0,0.8989,1,1,1,100.0,59.30851063829788,59.30851063829788,8.0,0.0,历史1/1次成功; 当前距低点0.00%; 最新日涨幅-10.00%; 状态confirmed_rebound; 底部未确认
152,76.41000000000001,70.75,600172,黄河旋风,confirmed_rebound,2024-02-05,2.34,2024-02-05,2.34,0.0,10.256410256410266,29.305135951661637,False,-10.0,2.8605,1,1,1,100.0,51.074589127686465,51.074589127686465,8.0,0.0,历史1/1次成功; 当前距低点0.00%; 最新日涨幅-10.00%; 状态confirmed_rebound; 底部未确认
153,76.40425071551232,70.74467658843733,605258,协和电子,confirmed_rebound,2024-02-05,16.75,2024-02-05,16.75,0.0,8.89552238805969,31.098313451254622,False,-9.9946,1.4172,1,1,1,100.0,49.971379507727534,49.971379507727534,8.0,0.0,历史1/1次成功; 当前距低点0.00%; 最新日涨幅-9.99%; 状态confirmed_rebound; 底部未确认
154,76.39437408642677,70.73553156150626,002313,日海智能,confirmed_rebound,2024-02-05,6.35,2024-02-05,6.35,0.0,10.866141732283472,30.752453653217017,False,-9.9291,2.358,3,3,3,100.0,16.588879362936876,20.08238928939237,8.0,0.0,历史3/3次成功; 当前距低点0.00%; 最新日涨幅-9.93%; 状态confirmed_rebound; 底部未确认
155,76.39174278261196,70.73309516908515,600405,动力源,confirmed_rebound,2024-02-05,3.54,2024-02-05,3.54,0.0,10.169491525423725,28.048780487804876,False,-9.9237,2.8116,3,3,3,100.0,16.575780478952385,21.8568665377176,8.0,0.0,历史3/3次成功; 当前距低点0.00%; 最新日涨幅-9.92%; 状态confirmed_rebound; 底部未确认
156,76.31325957446809,70.6604255319149,605299,舒华体育,confirmed_rebound,2024-02-05,6.53,2024-02-05,6.53,0.0,11.33231240428789,31.335436382754988,False,-10.0551,1.6452,2,2,2,100.0,32.85175017158546,56.12903225806454,8.0,0.0,历史2/2次成功; 当前距低点0.00%; 最新日涨幅-10.06%; 状态confirmed_rebound; 底部未确认
157,76.31210526315792,70.65935672514621,002790,瑞尔特,confirmed_rebound,2024-02-05,7.88,2024-02-05,7.88,0.0,11.040609137055839,29.893238434163706,False,-9.9429,2.335,1,1,1,100.0,49.512670565302145,49.512670565302145,8.0,0.0,历史1/1次成功; 当前距低点0.00%; 最新日涨幅-9.94%; 状态confirmed_rebound; 底部未确认
158,76.30840319760554,70.65592888667179,002774,快意电梯,confirmed_rebound,2024-02-05,5.45,2024-02-05,5.45,0.0,10.458715596330263,30.30690537084399,False,-9.9174,2.5639,3,3,3,100.0,16.1609079928591,20.862068965517242,8.0,0.0,历史3/3次成功; 当前距低点0.00%; 最新日涨幅-9.92%; 状态confirmed_rebound; 底部未确认
159,76.29678982842398,70.64517576705924,000576,甘化科工,confirmed_rebound,2024-02-05,5.65,2024-02-05,5.65,0.0,11.327433628318579,31.097560975609746,False,-10.0318,1.3584,3,3,3,100.0,16.103095521823864,24.015009380863045,8.0,0.0,历史3/3次成功; 当前距低点0.00%; 最新日涨幅-10.03%; 状态confirmed_rebound; 底部未确认
160,76.28379659791212,71.53223947447,000628,高新发展,confirmed_rebound,2024-02-05,33.71,2024-02-05,33.49,0.6569125111973689,9.495371752762019,30.403158769742305,False,-7.4155,13.5339,1,1,1,100.0,99.77973568281939,99.77973568281939,7.343087488802631,0.6569125111973689,历史1/1次成功; 当前距低点0.66%; 最新日涨幅-7.42%; 状态confirmed_rebound; 底部未确认
161,76.25104434362855,70.9106369451452,603050,科林电气,confirmed_rebound,2024-02-05,13.31,2024-02-05,13.28,0.2259036144578399,8.734939759036147,27.153044432254532,False,-9.7627,3.5452,2,2,2,100.0,24.708049387683246,41.09311740890686,7.77409638554216,0.2259036144578399,历史2/2次成功; 当前距低点0.23%; 最新日涨幅-9.76%; 状态confirmed_rebound; 底部未确认
162,76.22721965315486,70.58075893810634,605188,国光连锁,confirmed_rebound,2024-02-05,6.03,2024-02-05,6.03,0.0,9.784411276948587,28.214285714285715,False,-10.0,1.2084,3,3,3,100.0,15.756768484442727,19.218749999999993,8.0,0.0,历史3/3次成功; 当前距低点0.00%; 最新日涨幅-10.00%; 状态confirmed_rebound; 底部未确认
163,76.21591106075114,70.57028801921402,000572,海马汽车,confirmed_rebound,2024-02-05,3.08,2024-02-05,3.08,0.0,12.012987012987015,32.89760348583878,False,-9.9415,3.7805,3,3,3,100.0,15.700473221580793,22.92191435768261,8.0,0.0,历史3/3次成功; 当前距低点0.00%; 最新日涨幅-9.94%; 状态confirmed_rebound; 底部未确认
164,76.11573740441095,70.47753463371384,002213,大为股份,confirmed_rebound,2024-02-05,8.27,2024-02-05,8.27,0.0,9.915356711003632,30.852842809364557,False,-10.0109,2.4067,3,3,3,100.0,15.2017991059884,20.248254460822338,8.0,0.0,历史3/3次成功; 当前距低点0.00%; 最新日涨幅-10.01%; 状态confirmed_rebound; 底部未确认
165,76.09331606334842,70.45677413273002,600250,南京商旅,confirmed_rebound,2024-02-05,7.54,2024-02-05,7.54,0.0,11.140583554376668,27.290260366441654,False,-10.0239,2.47,3,3,3,100.0,15.09018350930115,19.004524886877824,8.0,0.0,历史3/3次成功; 当前距低点0.00%; 最新日涨幅-10.02%; 状态confirmed_rebound; 底部未确认
166,76.06173203299164,72.72061366221386,688108,赛诺医疗,confirmed_rebound,2024-02-05,7.94,2024-02-05,7.81,1.6645326504481535,13.572343149807933,30.454140694568128,False,-10.5856,3.8251,2,2,2,100.0,12.235204866858322,15.175537938844846,6.335467349551846,1.6645326504481535,历史2/2次成功; 当前距低点1.66%; 最新日涨幅-10.59%; 状态confirmed_rebound; 底部未确认
167,76.05452197185691,70.42085367764528,600386,北巴传媒,confirmed_rebound,2024-02-05,3.1,2024-02-05,3.1,0.0,10.000000000000002,27.400468384074934,False,-9.8837,2.0443,3,3,3,100.0,14.897062783039114,16.708229426433917,8.0,0.0,历史3/3次成功; 当前距低点0.00%; 最新日涨幅-9.88%; 状态confirmed_rebound; 底部未确认
168,76.05017360805527,70.41682741486599,002115,三维通信,confirmed_rebound,2024-02-05,4.62,2024-02-05,4.62,0.0,10.173160173160166,31.656804733727807,False,-9.9415,3.8235,3,3,3,100.0,14.875416208956915,20.720720720720706,8.0,0.0,历史3/3次成功; 当前距低点0.00%; 最新日涨幅-9.94%; 状态confirmed_rebound; 底部未确认
169,76.03554052597576,70.40327826479236,000530,冰山冷热,confirmed_rebound,2024-02-05,3.4,2024-02-05,3.4,0.0,10.588235294117645,30.327868852459016,False,-10.0529,4.109,3,3,3,100.0,14.80257131608795,25.382262996941883,8.0,0.0,历史3/3次成功; 当前距低点0.00%; 最新日涨幅-10.05%; 状态confirmed_rebound; 底部未确认
170,76.03225024579602,70.40023170907038,601068,中铝国际,confirmed_rebound,2024-02-05,3.93,2024-02-05,3.93,0.0,10.687022900763345,30.687830687830687,False,-10.0686,1.6905,3,3,3,100.0,14.786191984249353,18.6700767263427,8.0,0.0,历史3/3次成功; 当前距低点0.00%; 最新日涨幅-10.07%; 状态confirmed_rebound; 底部未确认
171,76.02452637144745,70.39307997356245,000757,浩物股份,confirmed_rebound,2024-02-05,3.13,2024-02-05,3.13,0.0,8.945686900958474,31.208791208791208,False,-10.0575,2.5983,2,2,2,100.0,31.41440846001322,52.941176470588246,8.0,0.0,历史2/2次成功; 当前距低点0.00%; 最新日涨幅-10.06%; 状态confirmed_rebound; 底部未确认
172,76.0009218640641,70.37122394820749,002722,物产金轮,confirmed_rebound,2024-02-05,10.22,2024-02-05,10.22,0.0,10.567514677103718,28.17990161630358,False,-10.0352,2.3918,2,2,2,100.0,31.296902947352045,44.886363636363626,8.0,0.0,历史2/2次成功; 当前距低点0.00%; 最新日涨幅-10.04%; 状态confirmed_rebound; 底部未确认
173,75.98718922295745,74.39040519774147,301371,敷尔佳,confirmed_rebound,2024-02-05,25.94,2024-02-05,25.21,2.8956763189210646,11.463704879016264,28.278805120910377,False,-7.6868,6.7315,3,3,3,100.0,19.637350563879004,25.879396984924636,5.104323681078935,2.8956763189210646,历史3/3次成功; 当前距低点2.90%; 最新日涨幅-7.69%; 状态confirmed_rebound; 底部未确认
174,75.93019490341592,70.30573602168141,000837,秦川机床,confirmed_rebound,2024-02-05,6.24,2024-02-05,6.24,0.0,11.0576923076923,27.01754385964913,False,-9.9567,3.446,3,3,3,100.0,14.27815065420108,21.915584415584412,8.0,0.0,历史3/3次成功; 当前距低点0.00%; 最新日涨幅-9.96%; 状态confirmed_rebound; 底部未确认
175,75.9248735719948,72.51111297275928,600189,泉阳泉,confirmed_rebound,2024-02-05,6.95,2024-02-05,6.84,1.6081871345029288,9.649122807017546,29.55715756951597,False,-8.3113,3.903,2,2,2,100.0,10.418170104440557,10.92745638200183,6.391812865497071,1.6081871345029288,历史2/2次成功; 当前距低点1.61%; 最新日涨幅-8.31%; 状态confirmed_rebound; 底部未确认
176,75.90992134085069,70.28696420449137,601007,金陵饭店,confirmed_rebound,2024-02-05,5.86,2024-02-05,5.86,0.0,11.604095563139927,27.29528535980149,False,-9.9846,2.944,3,3,3,100.0,14.177226905867544,17.018072289156624,8.0,0.0,历史3/3次成功; 当前距低点0.00%; 最新日涨幅-9.98%; 状态confirmed_rebound; 底部未确认
177,75.90911106067439,70.28621394506888,603326,我乐家居,confirmed_rebound,2024-02-05,6.49,2024-02-05,6.49,0.0,8.936825885978429,28.207964601769902,False,-9.9861,2.0573,3,3,3,100.0,14.17319325305847,20.141843971631218,8.0,0.0,历史3/3次成功; 当前距低点0.00%; 最新日涨幅-9.99%; 状态confirmed_rebound; 底部未确认
178,75.89950972193198,70.27732381660368,603015,弘讯科技,confirmed_rebound,2024-02-05,5.85,2024-02-05,5.85,0.0,10.085470085470098,29.51807228915664,False,-10.0,2.3966,3,3,3,100.0,14.125396863460695,23.318385650224208,8.0,0.0,历史3/3次成功; 当前距低点0.00%; 最新日涨幅-10.00%; 状态confirmed_rebound; 底部未确认
179,75.89741342525402,70.27538280116111,002858,力盛体育,confirmed_rebound,2024-02-05,11.17,2024-02-05,11.17,0.0,10.653536257833478,30.878712871287128,False,-9.9919,4.485,3,3,3,100.0,14.114961296565074,20.566037735849065,8.0,0.0,历史3/3次成功; 当前距低点0.00%; 最新日涨幅-9.99%; 状态confirmed_rebound; 底部未确认
180,75.88513980659148,70.26401833943655,605288,凯迪股份,confirmed_rebound,2024-02-05,30.06,2024-02-05,30.06,0.0,11.11111111111111,30.33603707995365,False,-10.0,1.8938,3,3,3,100.0,14.053862039981437,16.670746634026916,8.0,0.0,历史3/3次成功; 当前距低点0.00%; 最新日涨幅-10.00%; 状态confirmed_rebound; 底部未确认
181,75.8812812557861,70.26044560720935,002671,龙泉股份,confirmed_rebound,2024-02-05,3.5,2024-02-05,3.5,0.0,10.571428571428575,27.536231884057973,False,-10.0257,3.8494,3,3,3,100.0,14.034653802200747,19.347826086956534,8.0,0.0,历史3/3次成功; 当前距低点0.00%; 最新日涨幅-10.03%; 状态confirmed_rebound; 底部未确认
182,75.87434270011646,71.75796797265006,605128,上海沿浦,confirmed_rebound,2024-02-05,34.0,2024-02-05,33.63,1.1002081474873546,10.793933987511137,31.029532403609505,False,-9.0179,2.1255,1,1,1,100.0,16.80883090817863,16.80883090817863,6.899791852512646,1.1002081474873546,历史1/1次成功; 当前距低点1.10%; 最新日涨幅-9.02%; 状态confirmed_rebound; 底部未确认
183,75.86120444453823,70.40844250872722,000503,国新健康,confirmed_rebound,2024-02-05,8.14,2024-02-05,8.13,0.12300123001229749,11.070110701106993,30.094582975064487,False,-9.856,3.4627,2,2,2,100.0,20.746695232017505,31.85714285714286,7.876998769987703,0.12300123001229749,历史2/2次成功; 当前距低点0.12%; 最新日涨幅-9.86%; 状态confirmed_rebound; 底部未确认
184,75.85942126636687,71.21290544978514,002405,四维图新,confirmed_rebound,2024-02-05,5.64,2024-02-05,5.6,0.714285714285715,11.607142857142865,27.648578811369518,False,-9.3248,2.4042,3,3,3,100.0,15.653101496540762,23.478260869565215,7.285714285714286,0.714285714285715,历史3/3次成功; 当前距低点0.71%; 最新日涨幅-9.32%; 状态confirmed_rebound; 底部未确认
185,75.8343781718451,70.2170168257825,605086,龙高股份,confirmed_rebound,2024-02-05,17.32,2024-02-05,17.32,0.0,9.122401847575047,27.226890756302524,False,-9.9792,3.9201,3,3,3,100.0,13.801165730013443,17.79249448123621,8.0,0.0,历史3/3次成功; 当前距低点0.00%; 最新日涨幅-9.98%; 状态confirmed_rebound; 底部未确认
186,75.83367918388136,70.21636961470496,002403,爱仕达,confirmed_rebound,2024-02-05,5.98,2024-02-05,5.98,0.0,10.367892976588616,29.230769230769223,False,-9.9398,3.1922,3,3,3,100.0,13.797686100564366,21.63892445582587,8.0,0.0,历史3/3次成功; 当前距低点0.00%; 最新日涨幅-9.94%; 状态confirmed_rebound; 底部未确认
187,75.78059294847421,70.16721569303166,000518,四环生物,confirmed_rebound,2024-02-05,2.21,2024-02-05,2.21,0.0,11.312217194570136,29.166666666666668,False,-9.7959,2.7162,3,3,3,100.0,13.53341770447127,17.834394904458602,8.0,0.0,历史3/3次成功; 当前距低点0.00%; 最新日涨幅-9.80%; 状态confirmed_rebound; 底部未确认
188,75.77792633763913,70.16474660892511,603192,汇得科技,confirmed_rebound,2024-02-05,12.82,2024-02-05,12.82,0.0,10.530421216848671,29.983615510649912,False,-9.9719,1.1155,3,3,3,100.0,13.520143058737174,16.917728852838945,8.0,0.0,历史3/3次成功; 当前距低点0.00%; 最新日涨幅-9.97%; 状态confirmed_rebound; 底部未确认
189,75.74378866396762,70.13313765182187,002426,胜利精密,confirmed_rebound,2024-02-05,1.45,2024-02-05,1.45,0.0,11.0344827586207,31.603773584905664,False,-9.9379,2.2375,2,2,2,100.0,30.016869095816457,51.31578947368419,8.0,0.0,历史2/2次成功; 当前距低点0.00%; 最新日涨幅-9.94%; 状态confirmed_rebound; 底部未确认
190,75.74040000000002,70.13000000000001,002480,新筑股份,confirmed_rebound,2024-02-05,3.38,2024-02-05,3.38,0.0,11.242603550295856,27.467811158798288,False,-10.1064,1.8587,1,1,1,100.0,46.666666666666664,46.666666666666664,8.0,0.0,历史1/1次成功; 当前距低点0.00%; 最新日涨幅-10.11%; 状态confirmed_rebound; 底部未确认
191,75.72961057343954,74.79105614340466,688317,之江生物,confirmed_rebound,2024-02-05,13.26,2024-02-05,12.83,3.351519875292282,14.341387373343725,31.646244006393175,False,-9.6115,1.5354,3,3,3,100.0,27.37914762941432,38.96296296296296,4.648480124707718,3.351519875292282,历史3/3次成功; 当前距低点3.35%; 最新日涨幅-9.61%; 状态confirmed_rebound; 底部未确认
192,75.57327659085358,69.9752561026422,601086,国芳集团,confirmed_rebound,2024-02-05,3.75,2024-02-05,3.75,0.0,10.399999999999991,28.842504743833015,False,-10.0719,2.9397,2,2,2,100.0,29.168043562592505,33.48946135831383,8.0,0.0,历史2/2次成功; 当前距低点0.00%; 最新日涨幅-10.07%; 状态confirmed_rebound; 底部未确认
193,75.57137783648132,69.97349799674195,603076,乐惠国际,confirmed_rebound,2024-02-05,17.91,2024-02-05,17.91,0.0,10.55276381909548,27.34279918864097,False,-10.0,2.0873,3,3,3,100.0,12.491924713666421,13.440860215053762,8.0,0.0,历史3/3次成功; 当前距低点0.00%; 最新日涨幅-10.00%; 状态confirmed_rebound; 底部未确认
194,75.54397780859917,69.94812760055478,002577,雷柏科技,confirmed_rebound,2024-02-05,10.77,2024-02-05,10.77,0.0,10.956360259981428,30.872913992297825,False,-10.0251,2.4085,2,2,2,100.0,29.022191400832178,50.0,8.0,0.0,历史2/2次成功; 当前距低点0.00%; 最新日涨幅-10.03%; 状态confirmed_rebound; 底部未确认
195,75.53130958713103,69.93639776586207,002467,二六三,confirmed_rebound,2024-02-05,2.86,2024-02-05,2.86,0.0,13.2867132867133,31.742243436754187,False,-10.0629,3.1715,3,3,3,100.0,12.292461106785295,13.91509433962264,8.0,0.0,历史3/3次成功; 当前距低点0.00%; 最新日涨幅-10.06%; 状态confirmed_rebound; 底部未确认
196,75.47098072668565,76.58423149952496,688235,百济神州,bottom_area,2024-02-05,103.19,2024-02-05,98.5,4.761421319796952,7.380710659898473,28.37926270631862,False,1.1567,2.7992,2,2,2,100.0,28.065979078827972,42.997811816192545,3.2385786802030485,4.761421319796952,历史2/2次成功; 当前距低点4.76%; 最新日涨幅1.16%; 状态bottom_area; 底部未确认
197,75.43981256518758,69.85167830109961,600148,长春一东,confirmed_rebound,2024-02-05,11.45,2024-02-05,11.45,0.0,9.08296943231442,28.837787445618403,False,-9.9843,2.1956,2,2,2,100.0,28.503646780105495,40.489130434782616,8.0,0.0,历史2/2次成功; 当前距低点0.00%; 最新日涨幅-9.98%; 状态confirmed_rebound; 底部未确认
198,75.41380334400085,75.88997574080591,300402,宝色股份,confirmed_rebound,2024-02-05,13.26,2024-02-05,12.71,4.327301337529495,15.814319433516912,30.546448087431692,False,-10.3448,2.0754,4,4,4,100.0,28.581842958995395,61.64021164021163,3.6726986624705047,4.327301337529495,历史4/4次成功; 当前距低点4.33%; 最新日涨幅-10.34%; 状态confirmed_rebound; 底部未确认
199,75.31163488232339,69.73299526141054,001234,泰慕士,confirmed_rebound,2024-02-05,15.53,2024-02-05,15.53,0.0,10.753380553766902,29.151459854014604,False,-9.971,7.7964,2,2,2,100.0,27.86556592156205,31.93277310924369,8.0,0.0,历史2/2次成功; 当前距低点0.00%; 最新日涨幅-9.97%; 状态confirmed_rebound; 底部未确认
200,75.21724463067774,69.64559688025716,002374,中锐股份,confirmed_rebound,2024-02-05,2.59,2024-02-05,2.59,0.0,10.810810810810821,28.05555555555556,False,-10.0694,1.5866,3,3,3,100.0,10.729015485253505,12.068965517241388,8.0,0.0,历史3/3次成功; 当前距低点0.00%; 最新日涨幅-10.07%; 状态confirmed_rebound; 底部未确认
201,75.18837238084505,73.35202135933189,688339,亿华通,confirmed_rebound,2024-02-05,28.76,2024-02-05,28.0,2.7142857142857197,14.214285714285715,30.50384710846364,False,-11.1248,2.4473,3,3,3,100.0,11.831144020985597,14.0971239981141,5.28571428571428,2.7142857142857197,历史3/3次成功; 当前距低点2.71%; 最新日涨幅-11.12%; 状态confirmed_rebound; 底部未确认
202,75.17511032440278,69.60658363370628,002799,环球印务,confirmed_rebound,2024-02-05,6.4,2024-02-05,6.4,0.0,10.781249999999993,32.13149522799576,False,-9.9859,3.0838,3,3,3,100.0,10.519266847883205,11.202830188679236,8.0,0.0,历史3/3次成功; 当前距低点0.00%; 最新日涨幅-9.99%; 状态confirmed_rebound; 底部未确认
203,75.16961205778777,69.60149264609979,002251,步步高,bottom_area,2024-02-05,2.82,2024-02-05,2.82,0.0,0.0,32.21153846153847,False,-5.0505,0.0578,2,2,2,100.0,16.943508849998846,19.0311418685121,8.0,0.0,历史2/2次成功; 当前距低点0.00%; 最新日涨幅-5.05%; 状态bottom_area; 底部未确认
204,75.13181176218674,69.56649237239513,000560,我爱我家,confirmed_rebound,2024-02-05,1.58,2024-02-05,1.58,0.0,10.126582278481006,28.181818181818187,False,-10.2273,2.633,3,3,3,100.0,10.303722432231858,13.793103448275875,8.0,0.0,历史3/3次成功; 当前距低点0.00%; 最新日涨幅-10.23%; 状态confirmed_rebound; 底部未确认
205,75.10173425077215,69.53864282478902,605178,时空科技,confirmed_rebound,2024-02-05,13.4,2024-02-05,13.4,0.0,10.597014925373134,31.105398457583544,False,-10.0067,2.6608,3,3,3,100.0,10.153993681661406,11.97247706422018,8.0,0.0,历史3/3次成功; 当前距低点0.00%; 最新日涨幅-10.01%; 状态confirmed_rebound; 底部未确认
206,74.97048233256957,74.24936211974206,002459,晶澳科技,bottom_area,2024-02-05,15.98,2024-02-05,15.44,3.4974093264248767,7.8367875647668335,28.385899814471244,False,-4.483,1.9653,3,3,3,100.0,16.040082709627782,19.211267605633804,4.502590673575123,3.4974093264248767,历史3/3次成功; 当前距低点3.50%; 最新日涨幅-4.48%; 状态bottom_area; 底部未确认
207,74.94985903083702,69.39801762114539,002358,森源电气,confirmed_rebound,2024-02-05,2.93,2024-02-05,2.93,0.0,10.921501706484635,29.904306220095684,False,-10.1227,2.645,1,1,1,100.0,42.73127753303966,42.73127753303966,8.0,0.0,历史1/1次成功; 当前距低点0.00%; 最新日涨幅-10.12%; 状态confirmed_rebound; 底部未确认
208,74.93711292800285,69.38621567407671,002436,兴森科技,confirmed_rebound,2024-02-05,8.72,2024-02-05,8.72,0.0,11.009174311926593,29.22077922077922,False,-10.0103,4.4192,2,2,2,100.0,26.001159538046814,30.59360730593607,8.0,0.0,历史2/2次成功; 当前距低点0.00%; 最新日涨幅-10.01%; 状态confirmed_rebound; 底部未确认
209,74.93199940486805,70.72007178782418,603169,兰石重装,confirmed_rebound,2024-02-05,4.07,2024-02-05,4.03,0.9925558312655095,10.421836228287837,27.51798561151078,False,-9.1518,1.5751,3,3,3,100.0,16.41451119951368,22.055137844611526,7.007444168734491,0.9925558312655095,历史3/3次成功; 当前距低点0.99%; 最新日涨幅-9.15%; 状态confirmed_rebound; 底部未确认
210,74.87235712624069,71.45228162379821,300703,创源股份,confirmed_rebound,2024-02-05,7.12,2024-02-05,7.01,1.569186875891588,18.116975748930095,32.79002876318312,False,-14.8325,5.3904,1,1,1,100.0,20.914127423822727,20.914127423822727,6.430813124108411,1.569186875891588,历史1/1次成功; 当前距低点1.57%; 最新日涨幅-14.83%; 状态confirmed_rebound; 底部未确认
211,74.83113940453255,69.28809204123384,601020,华钰矿业,confirmed_rebound,2024-02-05,6.64,2024-02-05,6.64,0.0,10.692771084337348,30.688935281837164,False,-10.0271,3.7224,2,2,2,100.0,25.473613124913108,26.324110671936758,8.0,0.0,历史2/2次成功; 当前距低点0.00%; 最新日涨幅-10.03%; 状态confirmed_rebound; 底部未确认
212,74.81990907437728,72.83894698421068,000811,冰轮环境,confirmed_rebound,2024-02-05,9.06,2024-02-05,8.83,2.6047565118912845,11.438278595696486,29.190056134723342,False,-7.4566,2.5258,2,2,2,100.0,24.396730275929013,27.994791666666675,5.395243488108716,2.6047565118912845,历史2/2次成功; 当前距低点2.60%; 最新日涨幅-7.46%; 状态confirmed_rebound; 底部未确认
213,74.7735866943867,69.2348024948025,001218,丽臣实业,confirmed_rebound,2024-02-05,14.44,2024-02-05,14.44,0.0,10.595567867036019,28.26626924987581,False,-9.9751,3.3951,2,2,2,100.0,25.18711018711019,29.999999999999993,8.0,0.0,历史2/2次成功; 当前距低点0.00%; 最新日涨幅-9.98%; 状态confirmed_rebound; 底部未确认
214,74.72725087108014,69.19189895470383,000042,中洲控股,confirmed_rebound,2024-02-05,4.01,2024-02-05,4.01,0.0,13.216957605985044,32.83082077051927,False,-10.0897,1.7271,2,2,2,100.0,24.956445993031362,28.57142857142858,8.0,0.0,历史2/2次成功; 当前距低点0.00%; 最新日涨幅-10.09%; 状态confirmed_rebound; 底部未确认
215,74.64380529706514,71.27641558441559,300471,厚普股份,confirmed_rebound,2024-02-05,7.62,2024-02-05,7.5,1.6000000000000014,15.99999999999999,32.675044883303414,False,-13.3106,3.1031,1,1,1,100.0,20.346320346320343,20.346320346320343,6.399999999999999,1.6000000000000014,历史1/1次成功; 当前距低点1.60%; 最新日涨幅-13.31%; 状态confirmed_rebound; 底部未确认
216,74.64260085836911,69.11351931330472,603011,合锻智能,confirmed_rebound,2024-02-05,4.77,2024-02-05,4.77,0.0,9.853249475891,29.33333333333334,False,-10.0,3.1054,1,1,1,100.0,41.201716738197426,41.201716738197426,8.0,0.0,历史1/1次成功; 当前距低点0.00%; 最新日涨幅-10.00%; 状态confirmed_rebound; 底部未确认
217,74.61975328158081,69.09236414961185,002495,佳隆股份,confirmed_rebound,2024-02-05,2.09,2024-02-05,2.09,0.0,11.004784688995215,27.430555555555557,False,-9.9138,2.7301,2,2,2,100.0,24.421312632321797,38.07339449541283,8.0,0.0,历史2/2次成功; 当前距低点0.00%; 最新日涨幅-9.91%; 状态confirmed_rebound; 底部未确认
218,74.61107462686569,69.08432835820896,600212,绿能慧充,confirmed_rebound,2024-02-05,4.7,2024-02-05,4.7,0.0,10.425531914893622,28.244274809160302,False,-9.9617,3.0782,1,1,1,100.0,41.044776119403,41.044776119403,8.0,0.0,历史1/1次成功; 当前距低点0.00%; 最新日涨幅-9.96%; 状态confirmed_rebound; 底部未确认
219,74.57271257703283,74.53613042712996,600196,复星医药,bottom_area,2024-02-05,21.19,2024-02-05,20.38,3.9744847890088435,6.280667320902852,29.820936639118457,False,-1.4877,0.8602,3,3,3,100.0,13.214815839086706,15.356166586267886,4.0255152109911565,3.9744847890088435,历史3/3次成功; 当前距低点3.97%; 最新日涨幅-1.49%; 状态bottom_area; 底部未确认
220,74.49214087851207,73.27428571428571,301381,赛维时代,confirmed_rebound,2024-02-05,21.66,2024-02-05,21.0,3.1428571428571437,12.142857142857148,29.26911417985854,False,-7.1979,8.2611,1,1,1,100.0,66.46875000000001,66.46875000000001,4.857142857142857,3.1428571428571437,历史1/1次成功; 当前距低点3.14%; 最新日涨幅-7.20%; 状态confirmed_rebound; 底部未确认
221,74.49176379554784,68.97385536624799,002679,福建金森,confirmed_rebound,2024-02-05,8.66,2024-02-05,8.66,0.0,12.240184757505778,29.478827361563514,False,-9.9792,2.3096,2,2,2,100.0,23.784168635741825,33.50951374207188,8.0,0.0,历史2/2次成功; 当前距低点0.00%; 最新日涨幅-9.98%; 状态confirmed_rebound; 底部未确认
222,74.48635872445675,73.09587050379818,688055,龙腾光电,confirmed_rebound,2024-02-05,3.07,2024-02-05,2.98,3.020134228187915,16.10738255033557,29.383886255924168,False,-11.2717,0.4381,2,2,2,100.0,30.869766365949573,45.45454545454546,4.979865771812085,3.020134228187915,历史2/2次成功; 当前距低点3.02%; 最新日涨幅-11.27%; 状态confirmed_rebound; 底部未确认
223,74.48194799429206,68.96476666138153,603117,万林物流,bottom_area,2024-02-05,2.61,2024-02-05,2.61,0.0,3.065134099616861,28.68852459016394,False,-5.0909,0.0849,2,2,2,100.0,13.520250867642652,18.954248366013076,8.0,0.0,历史2/2次成功; 当前距低点0.00%; 最新日涨幅-5.09%; 状态bottom_area; 底部未确认
224,74.4395433281152,72.67138315405072,300351,永贵电器,confirmed_rebound,2024-02-05,12.33,2024-02-05,12.0,2.750000000000001,14.916666666666659,30.354033662217066,False,-9.7365,6.4698,2,2,2,100.0,25.27625351640169,33.447979363714516,5.249999999999999,2.750000000000001,历史2/2次成功; 当前距低点2.75%; 最新日涨幅-9.74%; 状态confirmed_rebound; 底部未确认
225,74.43444061128164,70.13548837424177,000547,航天发展,confirmed_rebound,2024-02-05,5.56,2024-02-05,5.51,0.907441016333935,10.889292196007268,27.116402116402117,False,-9.1503,2.344,3,3,3,100.0,12.22824672840398,14.656084656084673,7.092558983666065,0.907441016333935,历史3/3次成功; 当前距低点0.91%; 最新日涨幅-9.15%; 状态confirmed_rebound; 底部未确认
226,74.4125684210526,72.47977443609021,002497,雅化集团,confirmed_rebound,2024-02-05,8.58,2024-02-05,8.36,2.631578947368429,12.20095693779906,29.924559932942163,False,-7.2432,2.5289,2,2,2,100.0,22.794486215538846,33.68421052631579,5.368421052631571,2.631578947368429,历史2/2次成功; 当前距低点2.63%; 最新日涨幅-7.24%; 状态confirmed_rebound; 底部未确认
227,74.39263628785777,73.2137704918033,300660,江苏雷利,confirmed_rebound,2024-02-05,18.88,2024-02-05,18.3,3.169398907103816,14.371584699453546,27.639383155397386,False,-8.6599,2.1992,1,1,1,100.0,68.44876468205752,68.44876468205752,4.830601092896184,3.169398907103816,历史1/1次成功; 当前距低点3.17%; 最新日涨幅-8.66%; 状态confirmed_rebound; 底部未确认
228,74.37315813735262,73.4257293712717,300339,润和软件,confirmed_rebound,2024-02-05,17.67,2024-02-05,17.1,3.333333333333335,12.163742690058468,28.361960620025133,False,-7.9208,6.5198,3,3,3,100.0,19.815749307912313,25.615763546798025,4.666666666666665,3.333333333333335,历史3/3次成功; 当前距低点3.33%; 最新日涨幅-7.92%; 状态confirmed_rebound; 底部未确认
229,74.36657908343126,68.85794359576968,603311,金海高科,confirmed_rebound,2024-02-05,7.09,2024-02-05,7.09,0.0,11.283497884344145,29.38247011952191,False,-10.0254,1.0797,2,2,2,100.0,23.16098707403056,26.75675675675676,8.0,0.0,历史2/2次成功; 当前距低点0.00%; 最新日涨幅-10.03%; 状态confirmed_rebound; 底部未确认
230,74.36311723111045,72.50025357280623,002050,三花智控,bottom_area,2024-02-05,20.3,2024-02-05,19.77,2.680829539706632,6.170966110268077,32.869269949066215,False,-3.7915,1.5532,2,2,2,100.0,13.293252276007243,13.890426120641935,5.3191704602933685,2.680829539706632,历史2/2次成功; 当前距低点2.68%; 最新日涨幅-3.79%; 状态bottom_area; 底部未确认
231,74.31712517277504,72.50740108174425,688300,联瑞新材,confirmed_rebound,2024-02-05,30.61,2024-02-05,29.8,2.7181208053691233,12.416107382550333,30.357560177611585,False,-9.8114,1.4368,2,2,2,100.0,24.003852247235756,26.809910956252438,5.281879194630877,2.7181208053691233,历史2/2次成功; 当前距低点2.72%; 最新日涨幅-9.81%; 状态confirmed_rebound; 底部未确认
232,74.310472132255,68.80599271505092,600301,华锡有色,confirmed_rebound,2024-02-05,9.54,2024-02-05,9.54,0.0,8.490566037735855,27.50759878419454,False,-10.0,5.3059,2,2,2,100.0,22.881681263714675,32.51582278481012,8.0,0.0,历史2/2次成功; 当前距低点0.00%; 最新日涨幅-10.00%; 状态confirmed_rebound; 底部未确认
233,74.310120906801,68.80566750629723,601226,华电科工,confirmed_rebound,2024-02-05,5.54,2024-02-05,5.54,0.0,9.927797833935015,27.770534550195563,False,-9.9187,2.5423,1,1,1,100.0,39.54659949622166,39.54659949622166,8.0,0.0,历史1/1次成功; 当前距低点0.00%; 最新日涨幅-9.92%; 状态confirmed_rebound; 底部未确认
234,74.29978346267059,68.79609579876906,600281,华阳新材,confirmed_rebound,2024-02-05,3.03,2024-02-05,3.03,0.0,9.90099009900991,31.447963800904983,False,-10.089,2.0583,2,2,2,100.0,22.828472036392824,24.86486486486486,8.0,0.0,历史2/2次成功; 当前距低点0.00%; 最新日涨幅-10.09%; 状态confirmed_rebound; 底部未确认
235,74.2757222272561,68.96547979994703,002197,证通电子,confirmed_rebound,2024-02-05,6.93,2024-02-05,6.92,0.14450867052022812,9.68208092485549,30.38229376257545,False,-9.883,4.7782,1,1,1,100.0,29.919137466307287,29.919137466307287,7.855491329479772,0.14450867052022812,历史1/1次成功; 当前距低点0.14%; 最新日涨幅-9.88%; 状态confirmed_rebound; 底部未确认
236,74.24838231007148,68.74850213895506,002860,星帅尔,confirmed_rebound,2024-02-05,7.88,2024-02-05,7.88,0.0,10.406091370558368,29.45389435989257,False,-9.9429,3.9622,2,2,2,100.0,22.572592144919646,30.917874396135282,8.0,0.0,历史2/2次成功; 当前距低点0.00%; 最新日涨幅-9.94%; 状态confirmed_rebound; 底部未确认
237,74.21287500000001,68.715625,002446,盛路通信,confirmed_rebound,2024-02-05,4.84,2024-02-05,4.84,0.0,11.36363636363636,29.956584659913172,False,-10.0372,5.8076,1,1,1,100.0,39.0625,39.0625,8.0,0.0,历史1/1次成功; 当前距低点0.00%; 最新日涨幅-10.04%; 状态confirmed_rebound; 底部未确认
238,74.1879490617815,68.69254542757545,000688,国城矿业,confirmed_rebound,2024-02-05,7.49,2024-02-05,7.49,0.0,11.214953271028035,27.42248062015504,False,-9.976,0.9118,2,2,2,100.0,22.271749610620777,30.935251798561143,8.0,0.0,历史2/2次成功; 当前距低点0.00%; 最新日涨幅-9.98%; 状态confirmed_rebound; 底部未确认
239,74.18530894308942,68.69010087323095,002278,神开股份,confirmed_rebound,2024-02-05,3.92,2024-02-05,3.92,0.0,10.459183673469392,29.749103942652333,False,-10.0917,4.4413,2,2,2,100.0,22.258606845327712,33.74485596707818,8.0,0.0,历史2/2次成功; 当前距低点0.00%; 最新日涨幅-10.09%; 状态confirmed_rebound; 底部未确认
240,74.11271605706708,70.93229283601906,300439,美康生物,confirmed_rebound,2024-02-05,7.69,2024-02-05,7.56,1.71957671957673,12.830687830687829,28.54442344045369,False,-10.6852,3.2884,1,1,1,100.0,19.961977186311785,19.961977186311785,6.280423280423269,1.71957671957673,历史1/1次成功; 当前距低点1.72%; 最新日涨幅-10.69%; 状态confirmed_rebound; 底部未确认
241,74.10908773378127,68.95488426357467,002641,公元股份,confirmed_rebound,2024-02-05,3.96,2024-02-05,3.95,0.2531645569620199,11.392405063291143,27.389705882352942,False,-9.795,3.9951,2,2,2,100.0,14.527416416387467,17.038539553752532,7.74683544303798,0.2531645569620199,历史2/2次成功; 当前距低点0.25%; 最新日涨幅-9.79%; 状态confirmed_rebound; 底部未确认
242,74.07759391121465,68.86213393148573,002338,奥普光电,confirmed_rebound,2024-02-05,19.52,2024-02-05,19.48,0.20533880903490323,12.88501026694044,28.38235294117647,False,-9.7967,3.8047,2,2,2,100.0,13.44250761336189,16.18090452261308,7.794661190965097,0.20533880903490323,历史2/2次成功; 当前距低点0.21%; 最新日涨幅-9.80%; 状态confirmed_rebound; 底部未确认
243,74.07115162904539,73.03861392050624,300577,开润股份,confirmed_rebound,2024-02-05,9.79,2024-02-05,9.48,3.2700421940928135,15.92827004219409,31.30434782608696,False,-11.2421,3.7478,3,3,3,100.0,16.95865657547232,23.626373626373624,4.729957805907187,3.2700421940928135,历史3/3次成功; 当前距低点3.27%; 最新日涨幅-11.24%; 状态confirmed_rebound; 底部未确认
244,74.04219256254139,71.27752963232874,002466,天齐锂业,bottom_area,2024-02-05,41.89,2024-02-05,41.06,2.02143205065757,7.890891378470519,32.66644801574286,False,-5.1833,2.4066,1,1,1,100.0,15.303197353913998,15.303197353913998,5.97856794934243,2.02143205065757,历史1/1次成功; 当前距低点2.02%; 最新日涨幅-5.18%; 状态bottom_area; 底部未确认
245,74.03319942440535,68.72692714347552,600081,东风科技,confirmed_rebound,2024-02-05,7.45,2024-02-05,7.44,0.13440860215053477,9.946236559139775,30.72625698324022,False,-9.9154,2.0072,2,2,2,100.0,11.84612234612234,13.923013923013915,7.865591397849466,0.13440860215053477,历史2/2次成功; 当前距低点0.13%; 最新日涨幅-9.92%; 状态confirmed_rebound; 底部未确认
246,73.92825588785047,68.45208878504673,600287,苏豪时尚,confirmed_rebound,2024-02-05,4.36,2024-02-05,4.36,0.0,12.155963302752278,28.171334431630967,False,-9.9174,2.0021,2,2,2,100.0,20.978971962616825,28.499999999999993,8.0,0.0,历史2/2次成功; 当前距低点0.00%; 最新日涨幅-9.92%; 状态confirmed_rebound; 底部未确认
247,73.91932864461054,71.8209584249122,600416,湘电股份,confirmed_rebound,2024-02-05,9.83,2024-02-05,9.59,2.5026068821689282,10.531803962460895,27.840481565086527,False,-7.6995,2.3327,2,2,2,100.0,17.671516754071792,23.756131744919415,5.497393117831072,2.5026068821689282,历史2/2次成功; 当前距低点2.50%; 最新日涨幅-7.70%; 状态confirmed_rebound; 底部未确认
248,73.86074207872623,68.38957599882058,688068,热景生物,confirmed_rebound,2024-02-05,24.56,2024-02-05,24.56,0.0,12.540716612377858,29.078833381461173,False,-11.1754,1.9663,2,2,2,100.0,20.642881714089135,31.484593837534998,8.0,0.0,历史2/2次成功; 当前距低点0.00%; 最新日涨幅-11.18%; 状态confirmed_rebound; 底部未确认
249,73.79627754225044,69.18798834606365,002855,捷荣技术,confirmed_rebound,2024-02-05,21.74,2024-02-05,21.6,0.6481481481481343,11.111111111111104,32.394366197183096,False,-9.4167,4.7162,2,2,2,100.0,20.62239851527635,21.093749999999993,7.351851851851866,0.6481481481481343,历史2/2次成功; 当前距低点0.65%; 最新日涨幅-9.42%; 状态confirmed_rebound; 底部未确认
250,73.78575456183036,68.32014311280588,000856,冀东装备,confirmed_rebound,2024-02-05,6.19,2024-02-05,6.19,0.0,10.177705977382873,30.056497175141235,False,-10.0291,5.2276,2,2,2,100.0,20.269586627988584,25.237449118046136,8.0,0.0,历史2/2次成功; 当前距低点0.00%; 最新日涨幅-10.03%; 状态confirmed_rebound; 底部未确认
251,73.77329670329672,68.30860805860807,603017,中衡设计,confirmed_rebound,2024-02-05,6.86,2024-02-05,6.86,0.0,9.03790087463557,30.14256619144603,False,-9.9738,1.8752,1,1,1,100.0,36.87423687423689,36.87423687423689,8.0,0.0,历史1/1次成功; 当前距低点0.00%; 最新日涨幅-9.97%; 状态confirmed_rebound; 底部未确认
252,73.76361595519725,68.29964440296041,600105,永鼎股份,confirmed_rebound,2024-02-05,3.56,2024-02-05,3.56,0.0,10.674157303370784,28.94211576846307,False,-10.101,2.6683,2,2,2,100.0,20.159378510539884,29.56081081081081,8.0,0.0,历史2/2次成功; 当前距低点0.00%; 最新日涨幅-10.10%; 状态confirmed_rebound; 底部未确认
253,73.7048880206463,71.42861737119722,300732,设研院,confirmed_rebound,2024-02-05,6.05,2024-02-05,5.91,2.3688663282571856,15.228426395939076,32.6879271070615,False,-13.0747,2.7915,2,2,2,100.0,13.922755911954837,14.3801652892562,5.631133671742814,2.3688663282571856,历史2/2次成功; 当前距低点2.37%; 最新日涨幅-13.07%; 状态confirmed_rebound; 底部未确认
254,73.6992536273656,70.37015100234314,600185,珠免集团,confirmed_rebound,2024-02-05,5.09,2024-02-05,5.01,1.5968063872255505,10.379241516966077,27.809798270893378,False,-8.6176,1.6735,1,1,1,100.0,15.434782608695652,15.434782608695652,6.40319361277445,1.5968063872255505,历史1/1次成功; 当前距低点1.60%; 最新日涨幅-8.62%; 状态confirmed_rebound; 底部未确认
255,73.65089753753732,70.05892607890613,688119,中钢洛耐,confirmed_rebound,2024-02-05,3.62,2024-02-05,3.57,1.4005602240896433,17.086834733893554,28.74251497005988,False,-12.7711,1.9188,1,1,1,100.0,11.355932203389829,11.355932203389829,6.599439775910357,1.4005602240896433,历史1/1次成功; 当前距低点1.40%; 最新日涨幅-12.77%; 状态confirmed_rebound; 底部未确认
256,73.63082121683017,71.15583562970984,300375,鹏翎股份,confirmed_rebound,2024-02-05,3.22,2024-02-05,3.15,2.222222222222231,15.873015873015872,31.222707423580786,False,-12.0219,5.8165,2,2,2,100.0,10.658614496647974,11.74785100286532,5.777777777777769,2.222222222222231,历史2/2次成功; 当前距低点2.22%; 最新日涨幅-12.02%; 状态confirmed_rebound; 底部未确认
257,73.62850739721527,68.17454388631043,600319,亚星化学,confirmed_rebound,2024-02-05,3.58,2024-02-05,3.58,0.0,10.614525139664801,30.620155038759687,False,-10.0503,2.425,2,2,2,100.0,19.48679508769049,29.282868525896426,8.0,0.0,历史2/2次成功; 当前距低点0.00%; 最新日涨幅-10.05%; 状态confirmed_rebound; 底部未确认
258,73.61803790290497,71.32803264432404,603016,新宏泰,bottom_area,2024-02-05,15.2,2024-02-05,14.85,2.3569023569023546,7.609427609427614,27.170181461500743,False,-7.8788,1.0985,1,1,1,100.0,19.686935580975316,19.686935580975316,5.643097643097645,2.3569023569023546,历史1/1次成功; 当前距低点2.36%; 最新日涨幅-7.88%; 状态bottom_area; 底部未确认
259,73.58780927920397,71.38444682599223,002602,世纪华通,confirmed_rebound,2024-02-05,3.81,2024-02-05,3.72,2.4193548387096735,9.677419354838705,27.485380116959057,False,-7.5243,2.1147,2,2,2,100.0,14.304171280915467,15.116279069767447,5.5806451612903265,2.4193548387096735,历史2/2次成功; 当前距低点2.42%; 最新日涨幅-7.52%; 状态confirmed_rebound; 底部未确认
260,73.5724039907311,71.1854713469662,603297,永新光学,confirmed_rebound,2024-02-05,59.98,2024-02-05,58.64,2.2851296043656144,10.163710777626182,29.570021619024743,False,-7.9355,1.5673,2,2,2,100.0,11.589069058708528,12.31182795698925,5.714870395634386,2.2851296043656144,历史2/2次成功; 当前距低点2.29%; 最新日涨幅-7.94%; 状态confirmed_rebound; 底部未确认
261,73.56597855227882,68.11664680766557,603188,亚邦股份,confirmed_rebound,2024-02-05,2.52,2024-02-05,2.52,0.0,9.920634920634921,30.76923076923077,False,-10.0,1.0184,2,2,2,100.0,19.175520471320297,26.005361930294914,8.0,0.0,历史2/2次成功; 当前距低点0.00%; 最新日涨幅-10.00%; 状态confirmed_rebound; 底部未确认
262,73.558,68.10925925925926,603009,北特科技,confirmed_rebound,2024-02-05,8.82,2024-02-05,8.82,0.0,11.111111111111116,29.099678456591633,False,-10.0,4.6554,1,1,1,100.0,35.802469135802454,35.802469135802454,8.0,0.0,历史1/1次成功; 当前距低点0.00%; 最新日涨幅-10.00%; 状态confirmed_rebound; 底部未确认
263,73.55514641314838,68.10661704921145,603078,江化微,confirmed_rebound,2024-02-05,9.95,2024-02-05,9.95,0.0,10.452261306532673,27.793904208998548,False,-9.9548,3.0168,2,2,2,100.0,19.12159703877122,24.563540397888758,8.0,0.0,历史2/2次成功; 当前距低点0.00%; 最新日涨幅-9.95%; 状态confirmed_rebound; 底部未确认
264,73.52247272727273,68.07636363636364,603022,新通联,confirmed_rebound,2024-02-05,6.7,2024-02-05,6.7,0.0,10.0,31.910569105691057,False,-9.9462,2.6286,2,2,2,100.0,18.958944281524914,26.099706744868023,8.0,0.0,历史2/2次成功; 当前距低点0.00%; 最新日涨幅-9.95%; 状态confirmed_rebound; 底部未确认
265,73.51561994259693,72.45836580010483,605319,无锡振华,confirmed_rebound,2024-02-05,15.9,2024-02-05,15.4,3.2467532467532463,14.025974025974014,31.646693297825124,False,-7.0175,5.0955,3,3,3,100.0,13.553565605925918,17.248790972595383,4.753246753246754,3.2467532467532463,历史3/3次成功; 当前距低点3.25%; 最新日涨幅-7.02%; 状态confirmed_rebound; 底部未确认
266,73.5079104087193,69.12508581852354,002255,海陆重工,confirmed_rebound,2024-02-05,3.76,2024-02-05,3.73,0.8042895442359197,10.455764075067027,28.131021194605015,False,-9.1787,4.8411,2,2,2,100.0,22.19820419022282,32.783505154639194,7.19571045576408,0.8042895442359197,历史2/2次成功; 当前距低点0.80%; 最新日涨幅-9.18%; 状态confirmed_rebound; 底部未确认
267,73.5011555593576,68.05662551792369,001322,箭牌家居,confirmed_rebound,2024-02-05,8.35,2024-02-05,8.35,0.0,10.658682634730546,28.01724137931035,False,-10.0216,4.3268,2,2,2,100.0,18.85282536518115,26.897069872276486,8.0,0.0,历史2/2次成功; 当前距低点0.00%; 最新日涨幅-10.02%; 状态confirmed_rebound; 底部未确认
268,73.4683186459689,71.60137898646984,688102,斯瑞新材,confirmed_rebound,2024-02-05,8.1,2024-02-05,7.89,2.6615969581749046,14.321926489226868,30.361871138570173,False,-11.1842,2.4695,2,2,2,100.0,18.439892747895804,20.52704576976421,5.338403041825096,2.6615969581749046,历史2/2次成功; 当前距低点2.66%; 最新日涨幅-11.18%; 状态confirmed_rebound; 底部未确认
269,73.46516282034321,68.2112385253439,002809,红墙股份,confirmed_rebound,2024-02-05,6.99,2024-02-05,6.98,0.14326647564469608,10.458452722063031,30.959446092977245,False,-9.9227,5.5113,1,1,1,100.0,25.84884994523548,25.84884994523548,7.856733524355304,0.14326647564469608,历史1/1次成功; 当前距低点0.14%; 最新日涨幅-9.92%; 状态confirmed_rebound; 底部未确认
270,73.42790153624202,67.9887977187426,603256,宏和科技,confirmed_rebound,2024-02-05,5.45,2024-02-05,5.45,0.0,9.357798165137611,27.333333333333332,False,-9.9174,0.4561,2,2,2,100.0,18.48815977818604,22.318339100346023,8.0,0.0,历史2/2次成功; 当前距低点0.00%; 最新日涨幅-9.92%; 状态confirmed_rebound; 底部未确认
271,73.41768533638013,71.4323014236283,300455,航天智装,confirmed_rebound,2024-02-05,7.57,2024-02-05,7.38,2.574525745257458,14.769647696476977,30.76923076923077,False,-11.2544,2.4859,2,2,2,100.0,16.463549047394118,18.904109589041095,5.425474254742542,2.574525745257458,历史2/2次成功; 当前距低点2.57%; 最新日涨幅-11.25%; 状态confirmed_rebound; 底部未确认
272,73.4031686987061,67.96589694324638,603269,海鸥股份,confirmed_rebound,2024-02-05,8.55,2024-02-05,8.55,0.0,11.461988304093552,31.545236188951158,False,-10.0,2.6087,2,2,2,100.0,18.365037329281602,27.55511022044088,8.0,0.0,历史2/2次成功; 当前距低点0.00%; 最新日涨幅-10.00%; 状态confirmed_rebound; 底部未确认
273,73.39619309583858,67.95943805170239,002329,皇氏集团,confirmed_rebound,2024-02-05,3.63,2024-02-05,3.63,0.0,10.468319559228648,31.76691729323309,False,-9.9256,4.4699,2,2,2,100.0,18.330312105926858,27.644230769230756,8.0,0.0,历史2/2次成功; 当前距低点0.00%; 最新日涨幅-9.93%; 状态confirmed_rebound; 底部未确认
274,73.39214666579753,67.95569135721993,000524,岭南控股,confirmed_rebound,2024-02-05,6.48,2024-02-05,6.48,0.0,11.111111111111107,27.999999999999996,False,-10.0,1.9073,2,2,2,100.0,18.31016858720398,21.550094517958406,8.0,0.0,历史2/2次成功; 当前距低点0.00%; 最新日涨幅-10.00%; 状态confirmed_rebound; 底部未确认
275,73.37959890747517,68.9110499490316,002300,太阳电缆,confirmed_rebound,2024-02-05,5.49,2024-02-05,5.45,0.733944954128441,11.192660550458704,27.13903743315508,False,-9.4059,2.678,1,1,1,100.0,36.85185185185183,36.85185185185183,7.26605504587156,0.733944954128441,历史1/1次成功; 当前距低点0.73%; 最新日涨幅-9.41%; 状态confirmed_rebound; 底部未确认
276,73.37666351330708,73.4026961351156,300540,蜀道装备,confirmed_rebound,2024-02-05,15.79,2024-02-05,15.18,4.018445322793145,16.600790513833992,30.87431693989072,False,-10.0797,2.7891,4,4,4,100.0,11.423395005827826,18.695652173913043,3.9815546772068555,4.018445322793145,历史4/4次成功; 当前距低点4.02%; 最新日涨幅-10.08%; 状态confirmed_rebound; 底部未确认
277,73.37466469184251,71.17204327106366,301510,固高科技,confirmed_rebound,2024-02-05,22.05,2024-02-05,21.53,2.4152345564328823,12.122619600557359,30.72715572715572,False,-9.5199,8.0457,2,2,2,100.0,13.11170999855176,16.010654039656714,5.584765443567117,2.4152345564328823,历史2/2次成功; 当前距低点2.42%; 最新日涨幅-9.52%; 状态confirmed_rebound; 底部未确认
278,73.32489145496537,67.89341801385682,002823,凯中精密,confirmed_rebound,2024-02-05,7.97,2024-02-05,7.97,0.0,11.919698870765373,30.271216097987754,False,-10.0451,3.1961,1,1,1,100.0,34.64203233256351,34.64203233256351,8.0,0.0,历史1/1次成功; 当前距低点0.00%; 最新日涨幅-10.05%; 状态confirmed_rebound; 底部未确认
279,73.31398868296642,68.56727561117452,603178,圣龙股份,confirmed_rebound,2024-02-05,25.1,2024-02-05,24.97,0.5206247496996499,11.81417701241491,27.602203537257186,False,-9.058,5.6705,4,5,4,80.0,25.72204322843939,44.66270354096666,7.47937525030035,0.5206247496996499,历史4/5次成功; 当前距低点0.52%; 最新日涨幅-9.06%; 状态confirmed_rebound; 底部未确认
280,73.30176282484017,70.86206723914201,301377,鼎泰高科,confirmed_rebound,2024-02-05,12.78,2024-02-05,12.5,2.239999999999995,14.959999999999992,32.138979370249736,False,-12.1045,5.9433,2,2,2,100.0,9.29713569431178,9.512485136741983,5.760000000000005,2.239999999999995,历史2/2次成功; 当前距低点2.24%; 最新日涨幅-12.10%; 状态confirmed_rebound; 底部未确认
281,73.25938476025654,67.8327636669042,688160,步科股份,confirmed_rebound,2024-02-05,30.74,2024-02-05,30.74,0.0,16.460637605725438,32.380114386273654,False,-14.9889,2.8624,2,2,2,100.0,17.64926702636669,26.542553191489354,8.0,0.0,历史2/2次成功; 当前距低点0.00%; 最新日涨幅-14.99%; 状态confirmed_rebound; 底部未确认
282,73.24864884505205,67.82282300467782,603080,新疆火炬,confirmed_rebound,2024-02-05,11.54,2024-02-05,11.54,0.0,9.185441941074528,29.805352798053537,False,-9.9844,4.1036,2,2,2,100.0,17.595822605794677,22.385321100917427,8.0,0.0,历史2/2次成功; 当前距低点0.00%; 最新日涨幅-9.98%; 状态confirmed_rebound; 底部未确认
283,73.20651798561153,67.78381294964029,000702,正虹科技,confirmed_rebound,2024-02-05,4.02,2024-02-05,4.02,0.0,10.945273631840807,32.88814691151921,False,-10.0671,3.4405,1,1,1,100.0,34.05275779376499,34.05275779376499,8.0,0.0,历史1/1次成功; 当前距低点0.00%; 最新日涨幅-10.07%; 状态confirmed_rebound; 底部未确认
284,73.20005183303087,67.77782577132487,002580,圣阳股份,confirmed_rebound,2024-02-05,5.42,2024-02-05,5.42,0.0,11.070110701107003,30.42362002567394,False,-9.9668,3.6669,2,2,2,100.0,17.353901996370237,24.0,8.0,0.0,历史2/2次成功; 当前距低点0.00%; 最新日涨幅-9.97%; 状态confirmed_rebound; 底部未确认
285,73.1883005289156,67.76694493418111,001278,一彬科技,confirmed_rebound,2024-02-05,15.53,2024-02-05,15.53,0.0,10.560206052801044,27.123416236508678,False,-9.971,7.27,2,2,2,100.0,17.295402871941434,19.72699251431088,8.0,0.0,历史2/2次成功; 当前距低点0.00%; 最新日涨幅-9.97%; 状态confirmed_rebound; 底部未确认
286,73.1877021093157,68.90849634652301,002566,益盛药业,confirmed_rebound,2024-02-05,5.81,2024-02-05,5.76,0.8680555555555525,10.763888888888891,29.841656516443372,False,-9.2188,4.641,2,2,2,100.0,21.815392544030487,31.79723502304148,7.131944444444447,0.8680555555555525,历史2/2次成功; 当前距低点0.87%; 最新日涨幅-9.22%; 状态confirmed_rebound; 底部未确认
287,73.18276183750612,71.25420491408305,300603,立昂技术,confirmed_rebound,2024-02-05,6.68,2024-02-05,6.51,2.6113671274961585,13.978494623655916,28.303964757709256,False,-10.5756,4.0858,5,6,5,83.33333333333334,18.735422749682456,35.36723163841809,5.388632872503842,2.6113671274961585,历史5/6次成功; 当前距低点2.61%; 最新日涨幅-10.58%; 状态confirmed_rebound; 底部未确认
288,73.17926191089366,67.75857584342005,002712,思美传媒,confirmed_rebound,2024-02-05,3.77,2024-02-05,3.77,0.0,8.753315649867364,29.001883239171367,False,-10.0239,2.614,2,2,2,100.0,17.250407760322776,22.379603399433442,8.0,0.0,历史2/2次成功; 当前距低点0.00%; 最新日涨幅-10.02%; 状态confirmed_rebound; 底部未确认
289,73.17447934432326,68.04602192362094,002412,汉森制药,confirmed_rebound,2024-02-05,4.49,2024-02-05,4.48,0.22321428571428092,10.937499999999984,27.62520193861066,False,-9.8394,3.1578,1,1,1,100.0,25.940594059405953,25.940594059405953,7.77678571428572,0.22321428571428092,历史1/1次成功; 当前距低点0.22%; 最新日涨幅-9.84%; 状态confirmed_rebound; 底部未确认
290,73.11787130079223,67.70173268591873,002474,榕基软件,confirmed_rebound,2024-02-05,4.18,2024-02-05,4.18,0.0,10.765550239234454,30.217028380634396,False,-9.9138,3.2237,2,2,2,100.0,16.944799386659852,21.0989010989011,8.0,0.0,历史2/2次成功; 当前距低点0.00%; 最新日涨幅-9.91%; 状态confirmed_rebound; 底部未确认
291,73.11203988494727,67.69633322680302,603045,福达合金,confirmed_rebound,2024-02-05,9.92,2024-02-05,9.92,0.0,9.576612903225799,30.483531885073578,False,-9.9819,3.3584,2,2,2,100.0,16.9157700365754,20.604026845637573,8.0,0.0,历史2/2次成功; 当前距低点0.00%; 最新日涨幅-9.98%; 状态confirmed_rebound; 底部未确认
292,73.0978719825789,67.68321479868416,002298,中电鑫龙,confirmed_rebound,2024-02-05,3.5,2024-02-05,3.5,0.0,9.71428571428571,29.57746478873239,False,-10.0257,2.8029,2,2,2,100.0,16.845240853140588,23.734729493891784,8.0,0.0,历史2/2次成功; 当前距低点0.00%; 最新日涨幅-10.03%; 状态confirmed_rebound; 底部未确认
293,73.09167641828627,67.67747816507988,605177,东亚药业,confirmed_rebound,2024-02-05,16.55,2024-02-05,16.55,0.0,11.419939577039278,29.514480408858603,False,-10.0054,2.6001,2,2,2,100.0,16.81439873698852,21.452513966480446,8.0,0.0,历史2/2次成功; 当前距低点0.00%; 最新日涨幅-10.01%; 状态confirmed_rebound; 底部未确认
294,73.08906122387422,69.8670544478561,002738,中矿资源,confirmed_rebound,2024-02-05,27.01,2024-02-05,26.57,1.65600301091457,10.011290929619872,30.987012987012985,False,-8.5027,4.0576,1,1,1,100.0,13.45559845559847,13.45559845559847,6.34399698908543,1.65600301091457,历史1/1次成功; 当前距低点1.66%; 最新日涨幅-8.50%; 状态confirmed_rebound; 底部未确认
295,73.06692147115812,72.39978211761363,603000,人民网,confirmed_rebound,2024-02-05,19.1,2024-02-05,18.45,3.523035230352315,11.219512195121952,27.075098814229253,False,-6.8293,4.1172,3,3,3,100.0,16.625281950628473,26.69082125603866,4.476964769647685,3.523035230352315,历史3/3次成功; 当前距低点3.52%; 最新日涨幅-6.83%; 状态confirmed_rebound; 底部未确认
296,73.0644797324992,67.65229604861037,002451,摩恩电气,confirmed_rebound,2024-02-05,4.73,2024-02-05,4.73,0.0,9.725158562367863,31.249999999999993,False,-9.9048,3.958,2,2,2,100.0,16.679011014034202,23.464566929133863,8.0,0.0,历史2/2次成功; 当前距低点0.00%; 最新日涨幅-9.90%; 状态confirmed_rebound; 底部未确认
297,73.04526000000001,67.6345,000823,超声电子,confirmed_rebound,2024-02-05,6.07,2024-02-05,6.07,0.0,11.367380560131787,27.565632458233896,False,-9.9407,3.3719,1,1,1,100.0,33.25,33.25,8.0,0.0,历史1/1次成功; 当前距低点0.00%; 最新日涨幅-9.94%; 状态confirmed_rebound; 底部未确认
298,72.97997201683077,67.57404816373219,600159,大龙地产,confirmed_rebound,2024-02-05,2.57,2024-02-05,2.57,0.0,8.171206225680933,30.352303523035236,False,-9.8246,3.4473,2,2,2,100.0,16.258323460925688,19.505494505494493,8.0,0.0,历史2/2次成功; 当前距低点0.00%; 最新日涨幅-9.82%; 状态confirmed_rebound; 底部未确认
299,72.92970974269475,67.52750902101366,002599,盛通股份,confirmed_rebound,2024-02-05,4.33,2024-02-05,4.33,0.0,10.161662817551951,27.712854757929883,False,-9.9792,4.3976,2,2,2,100.0,16.008113016202447,22.107969151670947,8.0,0.0,历史2/2次成功; 当前距低点0.00%; 最新日涨幅-9.98%; 状态confirmed_rebound; 底部未确认
300,72.92228008407776,67.5206297074794,002519,银河电子,confirmed_rebound,2024-02-05,3.8,2024-02-05,3.8,0.0,10.789473684210531,27.48091603053436,False,-9.9526,2.2194,2,2,2,100.0,15.97112745956676,20.959595959595962,8.0,0.0,历史2/2次成功; 当前距低点0.00%; 最新日涨幅-9.95%; 状态confirmed_rebound; 底部未确认
301,72.92141333103166,67.51982715836265,000691,亚太实业,confirmed_rebound,2024-02-05,3.32,2024-02-05,3.32,0.0,10.843373493975914,32.520325203252035,False,-10.0271,2.5211,2,2,2,100.0,15.966812679369058,16.528925619834727,8.0,0.0,历史2/2次成功; 当前距低点0.00%; 最新日涨幅-10.03%; 状态confirmed_rebound; 底部未确认
302,72.90934640214026,67.50865407605579,605398,新炬网络,confirmed_rebound,2024-02-05,18.15,2024-02-05,18.15,0.0,9.531680440771353,30.725190839694662,False,-10.0149,0.9547,2,2,2,100.0,15.906742344385982,20.890538033395174,8.0,0.0,历史2/2次成功; 当前距低点0.00%; 最新日涨幅-10.01%; 状态confirmed_rebound; 底部未确认
303,72.89013312476997,67.49086400441664,603366,日出东方,confirmed_rebound,2024-02-05,4.11,2024-02-05,4.11,0.0,10.705596107055948,28.397212543554005,False,-10.0656,2.058,2,2,2,100.0,15.811096797938903,17.583732057416277,8.0,0.0,历史2/2次成功; 当前距低点0.00%; 最新日涨幅-10.07%; 状态confirmed_rebound; 底部未确认
304,72.88524223602484,67.4863354037267,000965,天保基建,confirmed_rebound,2024-02-05,2.47,2024-02-05,2.47,0.0,10.121457489878543,28.405797101449277,False,-9.854,2.126,2,2,2,100.0,15.786749482401651,16.666666666666664,8.0,0.0,历史2/2次成功; 当前距低点0.00%; 最新日涨幅-9.85%; 状态confirmed_rebound; 底部未确认
305,72.88046725341646,72.11846087436653,300485,赛升药业,confirmed_rebound,2024-02-05,6.89,2024-02-05,6.66,3.4534534534534465,15.91591591591591,30.188679245283012,False,-10.8668,2.6356,3,3,3,100.0,14.259864237851513,19.197952218430032,4.546546546546554,3.4534534534534465,历史3/3次成功; 当前距低点3.45%; 最新日涨幅-10.87%; 状态confirmed_rebound; 底部未确认
306,72.81565886287626,67.42190635451506,002297,博云新材,confirmed_rebound,2024-02-05,4.91,2024-02-05,4.91,0.0,11.405295315682274,30.05698005698005,False,-10.0733,3.3071,1,1,1,100.0,32.10702341137123,32.10702341137123,8.0,0.0,历史1/1次成功; 当前距低点0.00%; 最新日涨幅-10.07%; 状态confirmed_rebound; 底部未确认
307,72.80180432922123,69.5194164693045,600113,浙江东日,confirmed_rebound,2024-02-05,5.71,2024-02-05,5.62,1.6014234875444813,15.658362989323841,29.75,False,-8.4936,4.6294,1,1,1,100.0,10.917537746806055,10.917537746806055,6.398576512455518,1.6014234875444813,历史1/1次成功; 当前距低点1.60%; 最新日涨幅-8.49%; 状态confirmed_rebound; 底部未确认
308,72.80012459083045,67.89913443604803,001236,弘业期货,confirmed_rebound,2024-02-05,7.98,2024-02-05,7.95,0.37735849056604087,9.937106918238994,30.869565217391305,False,-9.6263,3.3227,2,2,2,100.0,10.37371932547633,11.955168119551693,7.62264150943396,0.37735849056604087,历史2/2次成功; 当前距低点0.38%; 最新日涨幅-9.63%; 状态confirmed_rebound; 底部未确认
309,72.77384480408831,67.3831896334151,600262,北方股份,confirmed_rebound,2024-02-05,13.14,2024-02-05,13.14,0.0,10.273972602739722,27.682993946064943,False,-10.0,2.5884,2,2,2,100.0,15.232202330188693,17.269624573378834,8.0,0.0,历史2/2次成功; 当前距低点0.00%; 最新日涨幅-10.00%; 状态confirmed_rebound; 底部未确认
310,72.76915879181979,70.5207985275146,002254,泰和新材,confirmed_rebound,2024-02-05,9.51,2024-02-05,9.29,2.368137782561902,11.194833153928966,27.984496124031015,False,-5.9347,2.8988,1,1,1,100.0,25.699745547073803,25.699745547073803,5.631862217438098,2.368137782561902,历史1/1次成功; 当前距低点2.37%; 最新日涨幅-5.93%; 状态confirmed_rebound; 底部未确认
311,72.74754696132597,67.35883977900552,000973,佛塑科技,confirmed_rebound,2024-02-05,3.32,2024-02-05,3.32,0.0,10.240963855421697,27.982646420824302,False,-10.0271,3.2046,1,1,1,100.0,31.767955801104957,31.767955801104957,8.0,0.0,历史1/1次成功; 当前距低点0.00%; 最新日涨幅-10.03%; 状态confirmed_rebound; 底部未确认
312,72.72897620325507,69.5138848264812,688186,广大特材,confirmed_rebound,2024-02-05,11.71,2024-02-05,11.52,1.6493055555555667,13.715277777777779,28.888888888888886,False,-11.2879,2.0951,1,1,1,100.0,11.474739210472489,11.474739210472489,6.350694444444434,1.6493055555555667,历史1/1次成功; 当前距低点1.65%; 最新日涨幅-11.29%; 状态confirmed_rebound; 底部未确认
313,72.72318339383156,70.74723886056753,688128,中国电研,confirmed_rebound,2024-02-05,14.78,2024-02-05,14.41,2.567661346287295,11.589174184594018,27.733199598796393,False,-8.9901,1.974,2,2,2,100.0,12.696272742486913,14.981949458483761,5.432338653712705,2.567661346287295,历史2/2次成功; 当前距低点2.57%; 最新日涨幅-8.99%; 状态confirmed_rebound; 底部未确认
314,72.706275,67.320625,600099,林海股份,confirmed_rebound,2024-02-05,6.87,2024-02-05,6.87,0.0,10.043668122270736,29.96941896024465,False,-9.9607,2.6122,1,1,1,100.0,31.562499999999993,31.562499999999993,8.0,0.0,历史1/1次成功; 当前距低点0.00%; 最新日涨幅-9.96%; 状态confirmed_rebound; 底部未确认
315,72.69791072744499,67.3128803031898,002094,青岛金王,confirmed_rebound,2024-02-05,2.48,2024-02-05,2.48,0.0,8.467741935483868,31.68044077134986,False,-9.8182,3.4898,2,2,2,100.0,14.854195178439827,16.149068322981368,8.0,0.0,历史2/2次成功; 当前距低点0.00%; 最新日涨幅-9.82%; 状态confirmed_rebound; 底部未确认
316,72.6964853910912,67.31156054730667,001205,盛航股份,confirmed_rebound,2024-02-05,11.5,2024-02-05,11.5,0.0,11.13043478260869,29.534313725490197,False,-10.0156,3.1292,2,2,2,100.0,14.847099716702502,14.929577464788741,8.0,0.0,历史2/2次成功; 当前距低点0.00%; 最新日涨幅-10.02%; 状态confirmed_rebound; 底部未确认
317,72.66694181502388,67.28420538428136,603038,华立股份,confirmed_rebound,2024-02-05,8.89,2024-02-05,8.89,0.0,12.260967379077613,31.615384615384613,False,-10.0202,5.135,2,2,2,100.0,14.700028947749303,21.134751773049636,8.0,0.0,历史2/2次成功; 当前距低点0.00%; 最新日涨幅-10.02%; 状态confirmed_rebound; 底部未确认
318,72.65906822117144,70.74977883725744,301486,致尚科技,confirmed_rebound,2024-02-05,26.68,2024-02-05,26.0,2.615384615384614,15.230769230769234,32.74702534919813,False,-11.7433,5.4107,2,2,2,100.0,13.294923442657824,17.19539300868862,5.384615384615386,2.615384615384614,历史2/2次成功; 当前距低点2.62%; 最新日涨幅-11.74%; 状态confirmed_rebound; 底部未确认
319,72.6512936593472,67.86654713955397,000536,华映科技,confirmed_rebound,2024-02-05,2.19,2024-02-05,2.18,0.45871559633026543,11.009174311926593,29.677419354838708,False,-9.5041,2.6142,2,2,2,100.0,11.195799457994584,11.280487804878053,7.541284403669735,0.45871559633026543,历史2/2次成功; 当前距低点0.46%; 最新日涨幅-9.50%; 状态confirmed_rebound; 底部未确认
320,72.63716809623578,67.25663712614424,603070,万控智造,confirmed_rebound,2024-02-05,10.62,2024-02-05,10.62,0.0,10.640301318267428,27.705922396187887,False,-10.0,3.5901,2,2,2,100.0,14.551812506151835,17.555401662049874,8.0,0.0,历史2/2次成功; 当前距低点0.00%; 最新日涨幅-10.00%; 状态confirmed_rebound; 底部未确认
321,72.60850124140417,70.69306921866547,300483,首华燃气,confirmed_rebound,2024-02-05,7.47,2024-02-05,7.28,2.609890109890103,18.54395604395605,32.5301204819277,False,-13.3411,2.6024,2,2,2,100.0,12.922681017284448,14.124293785310735,5.390109890109898,2.609890109890103,历史2/2次成功; 当前距低点2.61%; 最新日涨幅-13.34%; 状态confirmed_rebound; 底部未确认
322,72.5630740342933,67.78968083968333,002132,恒星科技,confirmed_rebound,2024-02-05,2.17,2024-02-05,2.16,0.46296296296295303,10.648148148148147,27.516778523489926,False,-9.5833,2.1497,2,2,2,100.0,10.834604275477771,11.088295687885012,7.537037037037048,0.46296296296295303,历史2/2次成功; 当前距低点0.46%; 最新日涨幅-9.58%; 状态confirmed_rebound; 底部未确认
323,72.48067553652879,67.11173660789703,001299,美能能源,confirmed_rebound,2024-02-05,10.63,2024-02-05,10.63,0.0,11.006585136406395,27.241615331964397,False,-9.9915,4.5411,2,2,2,100.0,13.772777461812025,15.247322794492616,8.0,0.0,历史2/2次成功; 当前距低点0.00%; 最新日涨幅-9.99%; 状态confirmed_rebound; 底部未确认
324,72.45366064548992,67.86529937710488,601059,信达证券,bottom_area,2024-02-05,13.43,2024-02-05,13.35,0.5992509363295886,5.992509363295886,32.6097930338213,False,-6.0839,5.5343,1,1,1,100.0,19.363395225464192,19.363395225464192,7.400749063670411,0.5992509363295886,历史1/1次成功; 当前距低点0.60%; 最新日涨幅-6.08%; 状态bottom_area; 底部未确认
325,72.45108329732999,67.08433638641665,002196,方正电机,confirmed_rebound,2024-02-05,4.37,2024-02-05,4.37,0.0,10.068649885583513,29.629629629629626,False,-9.8969,4.5425,2,2,2,100.0,13.625464443100318,18.661971830985923,8.0,0.0,历史2/2次成功; 当前距低点0.00%; 最新日涨幅-9.90%; 状态confirmed_rebound; 底部未确认
326,72.44424,67.07799999999999,603121,华培动力,confirmed_rebound,2024-02-05,5.97,2024-02-05,5.97,0.0,9.212730318257954,29.265402843601894,False,-9.9548,2.3411,2,2,2,100.0,13.591397849462366,18.279569892473123,8.0,0.0,历史2/2次成功; 当前距低点0.00%; 最新日涨幅-9.95%; 状态confirmed_rebound; 底部未确认
327,72.43327674418606,67.06784883720931,600280,中央商场,confirmed_rebound,2024-02-05,2.48,2024-02-05,2.48,0.0,10.080645161290324,29.745042492917843,False,-10.1449,2.3542,2,2,2,100.0,13.536821705426364,15.406976744186055,8.0,0.0,历史2/2次成功; 当前距低点0.00%; 最新日涨幅-10.14%; 状态confirmed_rebound; 底部未确认
328,72.40062729420598,72.93555662346128,002304,洋河股份,bottom_area,2024-02-05,92.17,2024-02-02,88.3,4.382785956964898,5.232163080407706,30.84273182957394,False,1.5647,0.5742,1,1,1,100.0,20.474777448071226,20.474777448071226,3.6172140430351023,4.382785956964898,历史1/1次成功; 当前距低点4.38%; 最新日涨幅1.56%; 状态bottom_area; 底部未确认
329,72.39546440699894,67.0328374138879,000710,贝瑞基因,confirmed_rebound,2024-02-05,7.0,2024-02-05,7.0,0.0,11.285714285714286,31.37254901960784,False,-10.0257,2.8829,2,2,2,100.0,13.34858824670914,17.3469387755102,8.0,0.0,历史2/2次成功; 当前距低点0.00%; 最新日涨幅-10.03%; 状态confirmed_rebound; 底部未确认
330,72.38858823529412,67.0264705882353,000953,中哲精化,confirmed_rebound,2024-02-05,3.45,2024-02-05,3.45,0.0,10.434782608695647,30.722891566265066,False,-9.9217,2.5999,1,1,1,100.0,29.981024667931695,29.981024667931695,8.0,0.0,历史1/1次成功; 当前距低点0.00%; 最新日涨幅-9.92%; 状态confirmed_rebound; 底部未确认
331,72.38266295908115,69.31267659652272,688098,申联生物,confirmed_rebound,2024-02-05,4.66,2024-02-05,4.58,1.746724890829696,15.283842794759828,32.148148148148145,False,-12.5704,1.5045,1,1,1,100.0,11.587147030185017,11.587147030185017,6.253275109170304,1.746724890829696,历史1/1次成功; 当前距低点1.75%; 最新日涨幅-12.57%; 状态confirmed_rebound; 底部未确认
332,72.34829115838137,71.36643448018269,300441,鲍斯股份,confirmed_rebound,2024-02-05,4.71,2024-02-05,4.56,3.2894736842105345,15.789473684210542,32.74336283185841,False,-11.6323,3.0375,2,2,2,100.0,24.873303656896304,29.15291529152916,4.7105263157894655,3.2894736842105345,历史2/2次成功; 当前距低点3.29%; 最新日涨幅-11.63%; 状态confirmed_rebound; 底部未确认
333,72.29939656529213,66.94388570860382,300405,科隆股份,confirmed_rebound,2024-02-05,4.22,2024-02-05,4.22,0.0,22.985781990521343,32.69537480063796,False,-20.0758,16.4996,2,2,2,100.0,12.870353272063518,14.767255216693417,8.0,0.0,历史2/2次成功; 当前距低点0.00%; 最新日涨幅-20.08%; 状态confirmed_rebound; 底部未确认
334,72.29632764224908,66.94104411319358,002369,卓翼科技,confirmed_rebound,2024-02-05,3.38,2024-02-05,3.38,0.0,10.35502958579882,31.300813008130085,False,-9.8667,3.0928,2,2,2,100.0,12.855075877384836,17.345132743362825,8.0,0.0,历史2/2次成功; 当前距低点0.00%; 最新日涨幅-9.87%; 状态confirmed_rebound; 底部未确认
335,72.28040267435871,69.23672866189519,301339,通行宝,confirmed_rebound,2024-02-05,12.12,2024-02-05,11.91,1.7632241813601937,16.876574307304786,31.94285714285714,False,-13.1805,5.1024,1,1,1,100.0,11.381074168797946,11.381074168797946,6.236775818639806,1.7632241813601937,历史1/1次成功; 当前距低点1.76%; 最新日涨幅-13.18%; 状态confirmed_rebound; 底部未确认
336,72.26205497555175,66.90931016254791,002296,辉煌科技,confirmed_rebound,2024-02-05,5.35,2024-02-05,5.35,0.0,10.093457943925236,30.789133247089275,False,-9.9327,5.5252,2,2,2,100.0,12.684463239504861,16.149068322981353,8.0,0.0,历史2/2次成功; 当前距低点0.00%; 最新日涨幅-9.93%; 状态confirmed_rebound; 底部未确认
337,72.24208163265308,66.89081632653063,002248,华东数控,confirmed_rebound,2024-02-05,5.11,2024-02-05,5.11,0.0,9.980430528375729,29.22437673130193,False,-10.0352,3.7091,1,1,1,100.0,29.251700680272112,29.251700680272112,8.0,0.0,历史1/1次成功; 当前距低点0.00%; 最新日涨幅-10.04%; 状态confirmed_rebound; 底部未确认
338,72.1841217687921,66.8371497859186,002346,柘中股份,confirmed_rebound,2024-02-05,7.7,2024-02-05,7.7,0.0,10.000000000000005,27.289896128423035,False,-10.0467,0.9632,2,2,2,100.0,12.296504225368796,15.431627196333075,8.0,0.0,历史2/2次成功; 当前距低点0.00%; 最新日涨幅-10.05%; 状态confirmed_rebound; 底部未确认
339,72.1703216080402,66.82437185929648,002413,雷科防务,confirmed_rebound,2024-02-05,3.27,2024-02-05,3.27,0.0,10.397553516819567,32.298136645962735,False,-9.9174,3.2241,1,1,1,100.0,28.894472361809044,28.894472361809044,8.0,0.0,历史1/1次成功; 当前距低点0.00%; 最新日涨幅-9.92%; 状态confirmed_rebound; 底部未确认
340,72.10598258867259,66.76479869321535,002176,江特电机,confirmed_rebound,2024-02-05,7.97,2024-02-05,7.97,0.0,11.041405269761604,28.902765388046397,False,-10.0451,4.9646,2,2,2,100.0,11.907519855996531,13.689095127610203,8.0,0.0,历史2/2次成功; 当前距低点0.00%; 最新日涨幅-10.05%; 状态confirmed_rebound; 底部未确认
341,72.07911779550633,66.73992388472809,002575,群兴玩具,confirmed_rebound,2024-02-05,4.89,2024-02-05,4.89,0.0,10.224948875255624,31.029619181946405,False,-9.9448,2.8514,2,2,2,100.0,11.773784326495166,14.257028112449795,8.0,0.0,历史2/2次成功; 当前距低点0.00%; 最新日涨幅-9.94%; 状态confirmed_rebound; 底部未确认
342,72.07300022179778,66.73425946462757,001324,长青科技,confirmed_rebound,2024-02-05,15.2,2024-02-05,15.2,0.0,11.578947368421064,29.62962962962964,False,-10.0059,8.3164,2,2,2,100.0,11.743330454986909,13.057213057213065,8.0,0.0,历史2/2次成功; 当前距低点0.00%; 最新日涨幅-10.01%; 状态confirmed_rebound; 底部未确认
343,71.99083385327181,66.65817949377019,002362,汉王科技,confirmed_rebound,2024-02-05,14.73,2024-02-05,14.73,0.0,10.658520027155467,30.09017560512577,False,-10.0183,5.886,2,2,2,100.0,11.334298353603266,12.642487046632112,8.0,0.0,历史2/2次成功; 当前距低点0.00%; 最新日涨幅-10.02%; 状态confirmed_rebound; 底部未确认
344,71.98446101694915,66.65227871939736,603183,建研院,confirmed_rebound,2024-02-05,3.23,2024-02-05,3.23,0.0,9.597523219814242,27.901785714285722,False,-10.0279,2.4401,2,2,2,100.0,11.302573760200884,11.864406779661028,8.0,0.0,历史2/2次成功; 当前距低点0.00%; 最新日涨幅-10.03%; 状态confirmed_rebound; 底部未确认
345,71.97458972016236,67.73514594316576,603306,华懋科技,confirmed_rebound,2024-02-05,15.53,2024-02-05,15.4,0.8441558441558377,12.207792207792213,28.60454334724154,False,-9.2344,4.0252,2,2,2,100.0,15.214092837855201,19.519094766619503,7.155844155844163,0.8441558441558377,历史2/2次成功; 当前距低点0.84%; 最新日涨幅-9.23%; 状态confirmed_rebound; 底部未确认
346,71.91608275862069,66.58896551724138,603216,梦天家居,bottom_area,2024-02-05,8.89,2024-02-05,8.89,0.0,7.874015748031487,29.27605409705648,False,-10.0202,5.2642,1,1,1,100.0,17.41379310344827,17.41379310344827,8.0,0.0,历史1/1次成功; 当前距低点0.00%; 最新日涨幅-10.02%; 状态bottom_area; 底部未确认
347,71.90759514170041,66.58110661268556,601218,吉鑫科技,confirmed_rebound,2024-02-05,2.59,2024-02-05,2.59,0.0,9.652509652509652,29.427792915531338,False,-10.0694,2.2106,2,2,2,100.0,10.919928025191178,11.111111111111114,8.0,0.0,历史2/2次成功; 当前距低点0.00%; 最新日涨幅-10.07%; 状态confirmed_rebound; 底部未确认
348,71.89707613901922,70.2897634369083,301382,蜂助手,confirmed_rebound,2024-02-05,23.3,2024-02-05,22.66,2.8243601059135064,14.077669902912627,28.268439379550493,False,-11.2043,8.3385,2,2,2,100.0,13.383357410704818,16.735366859027195,5.175639894086494,2.8243601059135064,历史2/2次成功; 当前距低点2.82%; 最新日涨幅-11.20%; 状态confirmed_rebound; 底部未确认
349,71.85726153891648,66.53450142492265,002748,世龙实业,confirmed_rebound,2024-02-05,6.58,2024-02-05,6.58,0.0,10.182370820668691,29.700854700854695,False,-9.9863,2.8608,2,2,2,100.0,10.669362499584171,12.627291242362526,8.0,0.0,历史2/2次成功; 当前距低点0.00%; 最新日涨幅-9.99%; 状态confirmed_rebound; 底部未确认
350,71.83276568144613,66.51182007541308,002172,澳洋健康,confirmed_rebound,2024-02-05,2.76,2024-02-05,2.76,0.0,10.869565217391315,29.41176470588236,False,-10.0977,5.5689,4,5,4,80.0,20.54741976028543,29.824561403508774,8.0,0.0,历史4/5次成功; 当前距低点0.00%; 最新日涨幅-10.10%; 状态confirmed_rebound; 底部未确认
351,71.82472783819053,66.50437762795418,605167,利柏特,confirmed_rebound,2024-02-05,6.78,2024-02-05,6.78,0.0,10.619469026548668,29.81366459627329,False,-9.9602,6.3067,2,2,2,100.0,10.50740660190421,10.994152046783618,8.0,0.0,历史2/2次成功; 当前距低点0.00%; 最新日涨幅-9.96%; 状态confirmed_rebound; 底部未确认
352,71.81162696281446,70.1472850490424,688338,赛科希德,confirmed_rebound,2024-02-05,19.59,2024-02-05,19.06,2.7806925498426085,11.594963273871988,29.381252315672473,False,-8.6713,2.1052,2,2,2,100.0,12.082064853137284,14.135593220338988,5.219307450157391,2.7806925498426085,历史2/2次成功; 当前距低点2.78%; 最新日涨幅-8.67%; 状态confirmed_rebound; 底部未确认
353,71.80974012810283,66.49050011861372,002524,光正眼科,confirmed_rebound,2024-02-05,4.07,2024-02-05,4.07,0.0,11.793611793611781,29.58477508650519,False,-9.9558,2.8066,2,2,2,100.0,10.432796336632958,10.940499040307108,8.0,0.0,历史2/2次成功; 当前距低点0.00%; 最新日涨幅-9.96%; 状态confirmed_rebound; 底部未确认
354,71.78514989808377,66.7196866307456,002383,合众思壮,confirmed_rebound,2024-02-05,5.1,2024-02-05,5.09,0.1964636542239644,11.198428290766214,28.811188811188813,False,-9.7345,2.6266,1,1,1,100.0,18.48184818481848,18.48184818481848,7.803536345776036,0.1964636542239644,历史1/1次成功; 当前距低点0.20%; 最新日涨幅-9.73%; 状态confirmed_rebound; 底部未确认
355,71.77563293310466,66.4589193825043,002682,龙洲股份,confirmed_rebound,2024-02-05,3.98,2024-02-05,3.98,0.0,12.060301507537687,31.497418244406195,False,-9.9548,4.8816,1,1,1,100.0,26.929674099485425,26.929674099485425,8.0,0.0,历史1/1次成功; 当前距低点0.00%; 最新日涨幅-9.95%; 状态confirmed_rebound; 底部未确认
356,71.76869336480075,72.64944565427858,688185,康希诺,confirmed_rebound,2024-02-05,46.06,2024-02-05,44.02,4.634257155838253,13.38028169014083,27.119205298013238,False,-7.7139,1.7962,7,7,7,100.0,14.922322417149466,21.36554317951687,3.3657428441617467,4.634257155838253,历史7/7次成功; 当前距低点4.63%; 最新日涨幅-7.71%; 状态confirmed_rebound; 底部未确认
357,71.74910591526299,66.4343573289472,603002,宏昌电子,confirmed_rebound,2024-02-05,4.04,2024-02-05,4.04,0.0,11.138613861386142,29.493891797556728,False,-10.0223,1.2631,2,2,2,100.0,10.130953381436617,12.133072407045011,8.0,0.0,历史2/2次成功; 当前距低点0.00%; 最新日涨幅-10.02%; 状态confirmed_rebound; 底部未确认
358,71.7453739921566,67.27000184845619,002144,宏达高科,confirmed_rebound,2024-02-05,7.72,2024-02-05,7.67,0.6518904823989546,9.2568448500652,28.71747211895911,False,-9.3897,5.9425,2,2,2,100.0,10.3565169264828,10.360360360360364,7.348109517601046,0.6518904823989546,历史2/2次成功; 当前距低点0.65%; 最新日涨幅-9.39%; 状态confirmed_rebound; 底部未确认
359,71.71493505297099,66.4027176416398,000158,常山北明,confirmed_rebound,2024-02-05,6.35,2024-02-05,6.35,0.0,10.551181102362204,32.804232804232804,False,-10.0567,5.5584,2,2,2,100.0,9.960847535697837,11.538461538461533,8.0,0.0,历史2/2次成功; 当前距低点0.00%; 最新日涨幅-10.06%; 状态confirmed_rebound; 底部未确认
360,71.67142972410203,66.36243492972409,000631,顺发恒能,confirmed_rebound,2024-02-05,2.48,2024-02-05,2.48,0.0,10.88709677419355,28.115942028985515,False,-10.1449,1.3557,2,2,2,100.0,9.744273815720977,10.04901960784314,8.0,0.0,历史2/2次成功; 当前距低点0.00%; 最新日涨幅-10.14%; 状态confirmed_rebound; 底部未确认
361,71.64651992420217,66.49478781936224,688210,统联精密,confirmed_rebound,2024-02-05,16.48,2024-02-05,16.46,0.12150668286755513,13.061968408262445,28.528006947459833,False,-11.9188,2.2989,1,1,1,100.0,16.353887399463808,16.353887399463808,7.878493317132445,0.12150668286755513,历史1/1次成功; 当前距低点0.12%; 最新日涨幅-11.92%; 状态confirmed_rebound; 底部未确认
362,71.63873728579455,69.94870154379679,002324,普利特,confirmed_rebound,2024-02-05,7.45,2024-02-05,7.25,2.758620689655175,11.586206896551722,27.500000000000004,False,-7.4534,2.962,2,2,2,100.0,10.74385331296014,13.260869565217392,5.241379310344825,2.758620689655175,历史2/2次成功; 当前距低点2.76%; 最新日涨幅-7.45%; 状态confirmed_rebound; 底部未确认
363,71.62199799193341,66.31666480734575,002828,贝肯能源,confirmed_rebound,2024-02-05,7.15,2024-02-05,7.15,0.0,11.46853146853146,29.417571569595264,False,-9.9496,4.2073,2,2,2,100.0,9.498197888955636,10.232558139534893,8.0,0.0,历史2/2次成功; 当前距低点0.00%; 最新日涨幅-9.95%; 状态confirmed_rebound; 底部未确认
364,71.61610552489839,66.31120881935036,002587,奥拓电子,confirmed_rebound,2024-02-05,4.45,2024-02-05,4.45,0.0,11.235955056179774,29.58860759493671,False,-9.919,5.0413,2,2,2,100.0,9.468864620163234,10.683012259194403,8.0,0.0,历史2/2次成功; 当前距低点0.00%; 最新日涨幅-9.92%; 状态confirmed_rebound; 底部未确认
365,71.60832604875907,66.30400560070284,002853,皮阿诺,confirmed_rebound,2024-02-05,8.37,2024-02-05,8.37,0.0,10.991636798088411,31.50572831423896,False,-10.0,2.5884,2,2,2,100.0,9.430137638187276,9.952229299363056,8.0,0.0,历史2/2次成功; 当前距低点0.00%; 最新日涨幅-10.00%; 状态confirmed_rebound; 底部未确认
366,71.59844682631946,66.29485817251802,000546,金圆股份,confirmed_rebound,2024-02-05,4.93,2024-02-05,4.93,0.0,12.170385395537537,32.18707015130674,False,-10.0365,4.2509,2,2,2,100.0,9.380957916763542,10.151515151515152,8.0,0.0,历史2/2次成功; 当前距低点0.00%; 最新日涨幅-10.04%; 状态confirmed_rebound; 底部未确认
367,71.58145315291478,70.27037470419648,300598,诚迈科技,confirmed_rebound,2024-02-05,29.5,2024-02-05,28.63,3.0387705204331157,17.84841075794622,31.817099309359374,False,-13.4897,3.7952,2,2,2,100.0,15.907373606365477,17.281553398058243,4.961229479566884,3.0387705204331157,历史2/2次成功; 当前距低点3.04%; 最新日涨幅-13.49%; 状态confirmed_rebound; 底部未确认
368,71.56677669902912,66.26553398058252,603048,浙江黎明,confirmed_rebound,2024-02-05,12.34,2024-02-05,12.34,0.0,11.021069692058342,28.752886836027713,False,-9.9927,5.6644,1,1,1,100.0,25.889967637540458,25.889967637540458,8.0,0.0,历史1/1次成功; 当前距低点0.00%; 最新日涨幅-9.99%; 状态confirmed_rebound; 底部未确认
369,71.51568930803244,66.21823084077077,600444,国机通用,confirmed_rebound,2024-02-05,10.65,2024-02-05,10.65,0.0,10.798122065727704,28.089128966914245,False,-9.9746,3.7591,2,2,2,100.0,8.968983014896637,9.355131698455942,8.0,0.0,历史2/2次成功; 当前距低点0.00%; 最新日涨幅-9.97%; 状态confirmed_rebound; 底部未确认
370,71.49670129870131,66.20064935064936,002486,嘉麟杰,confirmed_rebound,2024-02-05,2.04,2024-02-05,2.04,0.0,11.274509803921568,30.37542662116041,False,-10.1322,3.5027,1,1,1,100.0,25.54112554112554,25.54112554112554,8.0,0.0,历史1/1次成功; 当前距低点0.00%; 最新日涨幅-10.13%; 状态confirmed_rebound; 底部未确认
371,71.48570428015566,66.19046692607004,002301,齐心集团,confirmed_rebound,2024-02-05,4.81,2024-02-05,4.81,0.0,10.187110187110191,27.341389728096683,False,-9.9251,1.8146,1,1,1,100.0,25.486381322957207,25.486381322957207,8.0,0.0,历史1/1次成功; 当前距低点0.00%; 最新日涨幅-9.93%; 状态confirmed_rebound; 底部未确认
372,71.48406315789474,66.18894736842105,603007,顺景科技,bottom_area,2024-02-05,5.19,2024-02-05,5.19,0.0,1.156069364161842,29.674796747967473,False,-4.9451,1.1667,1,1,1,100.0,15.263157894736846,15.263157894736846,8.0,0.0,历史1/1次成功; 当前距低点0.00%; 最新日涨幅-4.95%; 状态bottom_area; 底部未确认
373,71.46732135163921,69.88803332583463,002153,石基信息,confirmed_rebound,2024-02-05,6.16,2024-02-05,5.99,2.8380634390651074,11.853088480801334,27.21749696233293,False,-7.3684,2.0858,2,2,2,100.0,11.391494445715445,14.193548387096769,5.161936560934893,2.8380634390651074,历史2/2次成功; 当前距低点2.84%; 最新日涨幅-7.37%; 状态confirmed_rebound; 底部未确认
374,71.44573786624804,66.89387854459295,000810,创维数字,confirmed_rebound,2024-02-05,8.7,2024-02-05,8.65,0.5780346820809125,11.32947976878613,30.689102564102566,False,-9.4693,2.2429,4,5,4,80.0,17.429019460953928,31.738800303720588,7.4219653179190885,0.5780346820809125,历史4/5次成功; 当前距低点0.58%; 最新日涨幅-9.47%; 状态confirmed_rebound; 底部未确认
375,71.44013148788929,66.14826989619378,002632,道明光学,confirmed_rebound,2024-02-05,5.27,2024-02-05,5.27,0.0,9.677419354838722,27.808219178082194,False,-10.0683,3.1963,1,1,1,100.0,25.259515570934255,25.259515570934255,8.0,0.0,历史1/1次成功; 当前距低点0.00%; 最新日涨幅-10.07%; 状态confirmed_rebound; 底部未确认
376,71.41273891625617,66.1229064039409,000790,华神科技,confirmed_rebound,2024-02-05,3.32,2024-02-05,3.32,0.0,9.939759036144581,29.059829059829056,False,-10.0271,2.501,1,1,1,100.0,25.12315270935962,25.12315270935962,8.0,0.0,历史1/1次成功; 当前距低点0.00%; 最新日涨幅-10.03%; 状态confirmed_rebound; 底部未确认
377,71.40982978723405,66.12021276595745,002669,康达新材,bottom_area,2024-02-05,7.47,2024-02-05,7.47,0.0,7.362784471218204,27.82608695652174,False,-10.0,3.0059,1,1,1,100.0,14.89361702127659,14.89361702127659,8.0,0.0,历史1/1次成功; 当前距低点0.00%; 最新日涨幅-10.00%; 状态bottom_area; 底部未确认
378,71.38100684785331,68.90199333117607,688091,上海谊众,confirmed_rebound,2024-02-05,37.8,2024-02-05,37.0,2.1621621621621547,12.13513513513514,30.815258040388926,False,-7.8723,2.0998,1,1,1,100.0,14.471629359708471,14.471629359708471,5.837837837837846,2.1621621621621547,历史1/1次成功; 当前距低点2.16%; 最新日涨幅-7.87%; 状态confirmed_rebound; 底部未确认
379,71.28225825259833,66.95413223140496,300479,神思电子,confirmed_rebound,2024-02-05,12.19,2024-02-05,12.1,0.7438016528925608,16.942148760330586,32.21288515406163,False,-14.0944,3.3004,1,1,1,100.0,26.451612903225797,26.451612903225797,7.25619834710744,0.7438016528925608,历史1/1次成功; 当前距低点0.74%; 最新日涨幅-14.09%; 状态confirmed_rebound; 底部未确认
380,71.22773718598356,65.95160850554032,002355,兴民智通,confirmed_rebound,2024-02-05,3.39,2024-02-05,3.39,0.0,11.504424778761052,28.329809725158565,False,-10.0796,3.11,4,5,4,80.0,17.535529599679155,21.138211382113823,8.0,0.0,历史4/5次成功; 当前距低点0.00%; 最新日涨幅-10.08%; 状态confirmed_rebound; 底部未确认
381,71.2061797752809,65.93164794007491,002760,凤形股份,confirmed_rebound,2024-02-05,13.56,2024-02-05,13.56,0.0,13.20058997050147,31.722054380664648,False,-10.0199,2.645,1,1,1,100.0,24.094881398252184,24.094881398252184,8.0,0.0,历史1/1次成功; 当前距低点0.00%; 最新日涨幅-10.02%; 状态confirmed_rebound; 底部未确认
382,71.13749643705464,65.86805225653207,002264,新华都,confirmed_rebound,2024-02-05,3.66,2024-02-05,3.66,0.0,11.475409836065571,27.810650887573967,False,-10.0737,3.0757,1,1,1,100.0,23.752969121140143,23.752969121140143,8.0,0.0,历史1/1次成功; 当前距低点0.00%; 最新日涨幅-10.07%; 状态confirmed_rebound; 底部未确认
383,71.13531544945974,65.86603282357383,002786,银宝山新,confirmed_rebound,2024-02-05,9.58,2024-02-05,9.58,0.0,11.064718162839252,28.878990348923537,False,-9.9624,4.7576,4,5,4,80.0,17.075445288031343,22.074688796680498,8.0,0.0,历史4/5次成功; 当前距低点0.00%; 最新日涨幅-9.96%; 状态confirmed_rebound; 底部未确认
384,71.12518539553754,65.85665314401624,001367,海森药业,confirmed_rebound,2024-02-05,29.48,2024-02-05,29.48,0.0,10.651289009497955,30.992509363295877,False,-9.9847,4.9848,1,1,1,100.0,23.691683569979716,23.691683569979716,8.0,0.0,历史1/1次成功; 当前距低点0.00%; 最新日涨幅-9.98%; 状态confirmed_rebound; 底部未确认
385,71.10275731497418,65.83588640275387,002696,百洋股份,confirmed_rebound,2024-02-05,4.46,2024-02-05,4.46,0.0,10.313901345291479,30.42121684867395,False,-10.0806,3.434,1,1,1,100.0,23.58003442340792,23.58003442340792,8.0,0.0,历史1/1次成功; 当前距低点0.00%; 最新日涨幅-10.08%; 状态confirmed_rebound; 底部未确认
386,71.0629043478261,65.79898550724639,002862,实丰文化,confirmed_rebound,2024-02-05,10.4,2024-02-05,10.4,0.0,11.05769230769231,32.90322580645161,False,-9.9567,4.7022,1,1,1,100.0,23.381642512077295,23.381642512077295,8.0,0.0,历史1/1次成功; 当前距低点0.00%; 最新日涨幅-9.96%; 状态confirmed_rebound; 底部未确认
387,71.05733333333335,65.79382716049383,001331,胜通能源,confirmed_rebound,2024-02-05,11.7,2024-02-05,11.7,0.0,10.256410256410266,29.390464695232353,False,-10.0,5.4694,1,1,1,100.0,23.35390946502057,23.35390946502057,8.0,0.0,历史1/1次成功; 当前距低点0.00%; 最新日涨幅-10.00%; 状态confirmed_rebound; 底部未确认
388,71.04244939984125,71.19764863392064,300434,金石亚药,confirmed_rebound,2024-02-05,7.34,2024-02-05,7.05,4.113475177304965,14.042553191489352,29.500000000000004,False,-9.2707,1.9561,3,3,3,100.0,17.399849667612624,26.7379679144385,3.8865248226950353,4.113475177304965,历史3/3次成功; 当前距低点4.11%; 最新日涨幅-9.27%; 状态confirmed_rebound; 底部未确认
389,71.03749728124913,66.96689959675362,002537,海联金汇,confirmed_rebound,2024-02-05,4.33,2024-02-05,4.29,0.9324009324009332,10.256410256410266,27.411167512690355,False,-9.2243,2.2785,1,1,1,100.0,28.832116788321155,28.832116788321155,7.067599067599067,0.9324009324009332,历史1/1次成功; 当前距低点0.93%; 最新日涨幅-9.22%; 状态confirmed_rebound; 底部未确认
390,71.02068207086772,69.71249694304755,301408,华人健康,confirmed_rebound,2024-02-05,10.53,2024-02-05,10.22,3.03326810176124,15.75342465753424,31.86666666666666,False,-10.989,7.3415,2,2,2,100.0,12.840581801414944,15.372424722662442,4.96673189823876,3.03326810176124,历史2/2次成功; 当前距低点3.03%; 最新日涨幅-10.99%; 状态confirmed_rebound; 底部未确认
391,70.98613804520721,65.830648671155,002190,成飞集成,confirmed_rebound,2024-02-05,12.34,2024-02-05,12.33,0.08110300081102828,10.543390105433907,27.08456534594914,False,-9.927,1.9039,1,1,1,100.0,12.28797587636637,12.28797587636637,7.918896999188972,0.08110300081102828,历史1/1次成功; 当前距低点0.08%; 最新日涨幅-9.93%; 状态confirmed_rebound; 底部未确认
392,70.93411111747899,68.42518757313086,000155,川能动力,confirmed_rebound,2024-02-05,8.64,2024-02-05,8.46,2.1276595744680815,10.165484633569733,29.67581047381545,False,-8.0851,2.1811,1,1,1,100.0,11.485222596333708,11.485222596333708,5.8723404255319185,2.1276595744680815,历史1/1次成功; 当前距低点2.13%; 最新日涨幅-8.09%; 状态confirmed_rebound; 底部未确认
393,70.92655700190882,70.06885336740164,300541,先进数通,confirmed_rebound,2024-02-05,10.13,2024-02-05,9.8,3.367346938775511,17.346938775510196,28.675400291120813,False,-11.3736,5.4733,2,2,2,100.0,18.851636493601116,19.05920519059205,4.632653061224489,3.367346938775511,历史2/2次成功; 当前距低点3.37%; 最新日涨幅-11.37%; 状态confirmed_rebound; 底部未确认
394,70.89535871156663,65.64385065885799,002208,合肥城建,confirmed_rebound,2024-02-05,4.84,2024-02-05,4.84,0.0,10.743801652892571,27.653213751868467,False,-10.0372,2.7102,1,1,1,100.0,22.54758418740848,22.54758418740848,8.0,0.0,历史1/1次成功; 当前距低点0.00%; 最新日涨幅-10.04%; 状态confirmed_rebound; 底部未确认
395,70.88715363881403,65.63625336927224,600241,时代万恒,confirmed_rebound,2024-02-05,5.41,2024-02-05,5.41,0.0,10.905730129390015,31.518987341772153,False,-9.9834,1.7027,1,1,1,100.0,22.50673854447439,22.50673854447439,8.0,0.0,历史1/1次成功; 当前距低点0.00%; 最新日涨幅-9.98%; 状态confirmed_rebound; 底部未确认
396,70.84485548780265,70.95615926704505,300359,全通教育,confirmed_rebound,2024-02-05,3.57,2024-02-05,3.43,4.081632653061215,17.78425655976676,31.262525050100198,False,-12.5,3.0376,3,3,3,100.0,15.711192021637723,18.19484240687678,3.918367346938785,4.081632653061215,历史3/3次成功; 当前距低点4.08%; 最新日涨幅-12.50%; 状态confirmed_rebound; 底部未确认
397,70.81987651824096,66.72128339538177,002121,科陆电子,confirmed_rebound,2024-02-05,3.36,2024-02-05,3.33,0.900900900900895,11.111111111111114,32.17922606924644,False,-9.1892,2.3854,2,2,2,100.0,10.458803491590388,11.826697892271683,7.099099099099106,0.900900900900895,历史2/2次成功; 当前距低点0.90%; 最新日涨幅-9.19%; 状态confirmed_rebound; 底部未确认
398,70.79216949152543,65.54830508474576,002090,金智科技,confirmed_rebound,2024-02-05,6.66,2024-02-05,6.66,0.0,10.960960960960954,29.894736842105264,False,-10.0,3.552,1,1,1,100.0,22.033898305084744,22.033898305084744,8.0,0.0,历史1/1次成功; 当前距低点0.00%; 最新日涨幅-10.00%; 状态confirmed_rebound; 底部未确认
399,70.79216949152543,65.54830508474576,002427,尤夫股份,confirmed_rebound,2024-02-05,3.41,2024-02-05,3.41,0.0,10.263929618768318,28.059071729957807,False,-10.0264,1.0373,1,1,1,100.0,22.033898305084747,22.033898305084747,8.0,0.0,历史1/1次成功; 当前距低点0.00%; 最新日涨幅-10.03%; 状态confirmed_rebound; 底部未确认
400,70.76433661248629,66.61054996545035,002810,山东赫达,confirmed_rebound,2024-02-05,12.97,2024-02-05,12.86,0.8553654743390452,10.264385692068432,27.63083849184018,False,-9.2372,1.6848,2,2,2,100.0,9.305286273889134,10.118110236220474,7.144634525660955,0.8553654743390452,历史2/2次成功; 当前距低点0.86%; 最新日涨幅-9.24%; 状态confirmed_rebound; 底部未确认
401,70.74113817330212,65.50105386416863,002574,明牌珠宝,confirmed_rebound,2024-02-05,4.15,2024-02-05,4.15,0.0,8.674698795180708,29.89864864864864,False,-9.9783,2.3294,1,1,1,100.0,21.779859484777532,21.779859484777532,8.0,0.0,历史1/1次成功; 当前距低点0.00%; 最新日涨幅-9.98%; 状态confirmed_rebound; 底部未确认
402,70.73121175324732,70.88078493627457,000661,长春高新,bottom_area,2024-02-05,110.7,2024-02-05,106.33,4.109846703658427,5.868522524217055,28.15540540540541,False,-0.5391,1.8156,2,2,2,100.0,11.88836247642887,13.445752465797007,3.8901532963415733,4.109846703658427,历史2/2次成功; 当前距低点4.11%; 最新日涨幅-0.54%; 状态bottom_area; 底部未确认
403,70.72360211311246,65.96060417843029,002562,兄弟科技,confirmed_rebound,2024-02-05,2.67,2024-02-05,2.66,0.3759398496240521,10.902255639097746,27.717391304347828,False,-8.8737,1.4616,1,1,1,100.0,16.600790513834006,16.600790513834006,7.624060150375948,0.3759398496240521,历史1/1次成功; 当前距低点0.38%; 最新日涨幅-8.87%; 状态confirmed_rebound; 底部未确认
404,70.72050772490515,69.54042773903066,002487,大金重工,confirmed_rebound,2024-02-05,16.83,2024-02-05,16.32,3.124999999999988,10.355392156862752,28.515111695137968,False,-6.6038,2.9808,2,2,2,100.0,13.039934080809868,17.427385892116188,4.875000000000012,3.124999999999988,历史2/2次成功; 当前距低点3.12%; 最新日涨幅-6.60%; 状态confirmed_rebound; 底部未确认
405,70.69416522127432,65.4575603900688,002534,西子洁能,confirmed_rebound,2024-02-05,7.87,2024-02-05,7.87,0.0,10.419313850063524,30.292294065544723,False,-9.9542,0.9211,3,4,3,75.0,25.712690269187092,33.11594202898551,8.0,0.0,历史3/4次成功; 当前距低点0.00%; 最新日涨幅-9.95%; 状态confirmed_rebound; 底部未确认
406,70.6709234568742,68.37757256932568,300597,吉大通信,confirmed_rebound,2024-02-05,5.82,2024-02-05,5.69,2.2847100175746906,17.398945518453417,32.502965599051,False,-13.0045,3.6794,1,1,1,100.0,13.154362416107377,13.154362416107377,5.715289982425309,2.2847100175746906,历史1/1次成功; 当前距低点2.28%; 最新日涨幅-13.00%; 状态confirmed_rebound; 底部未确认
407,70.66128010766639,65.42711121080221,002331,皖通科技,confirmed_rebound,2024-02-05,5.4,2024-02-05,5.4,0.0,11.111111111111104,30.680359435173294,False,-10.0,3.4621,4,5,4,80.0,14.715651670979643,21.247892074199,8.0,0.0,历史4/5次成功; 当前距低点0.00%; 最新日涨幅-10.00%; 状态confirmed_rebound; 底部未确认
408,70.63839974375401,65.40592568866111,600980,北矿科技,confirmed_rebound,2024-02-05,11.24,2024-02-05,11.24,0.0,9.786476868327398,27.623953638119765,False,-10.008,3.4236,1,1,1,100.0,21.268417680973737,21.268417680973737,8.0,0.0,历史1/1次成功; 当前距低点0.00%; 最新日涨幅-10.01%; 状态confirmed_rebound; 底部未确认
409,70.58147290153678,66.29668239409571,300489,光智科技,confirmed_rebound,2024-02-05,12.18,2024-02-05,12.09,0.7444168734491304,17.45244003308519,32.57110987172337,False,-14.0438,2.6977,1,1,1,100.0,22.924477771826446,22.924477771826446,7.25558312655087,0.7444168734491304,历史1/1次成功; 当前距低点0.74%; 最新日涨幅-14.04%; 状态confirmed_rebound; 底部未确认
410,70.5633628997198,69.76178045475373,688105,诺唯赞,confirmed_rebound,2024-02-05,18.52,2024-02-05,17.91,3.405918481295363,13.735343383584594,32.996632996633,False,-9.1712,2.0375,2,2,2,100.0,17.673519312404096,25.237580993520524,4.5940815187046375,3.405918481295363,历史2/2次成功; 当前距低点3.41%; 最新日涨幅-9.17%; 状态confirmed_rebound; 底部未确认
411,70.56246575342466,65.33561643835617,002629,仁智股份,confirmed_rebound,2024-02-05,2.79,2024-02-05,2.79,0.0,12.186379928315407,27.72020725388601,False,-10.0,6.6765,1,1,1,100.0,20.890410958904106,20.890410958904106,8.0,0.0,历史1/1次成功; 当前距低点0.00%; 最新日涨幅-10.00%; 状态confirmed_rebound; 底部未确认
412,70.54900238663485,65.32315035799523,605287,德才股份,confirmed_rebound,2024-02-05,11.04,2024-02-05,11.04,0.0,9.601449275362324,30.82706766917294,False,-10.0244,4.7781,1,1,1,100.0,20.823389021479702,20.823389021479702,8.0,0.0,历史1/1次成功; 当前距低点0.00%; 最新日涨幅-10.02%; 状态confirmed_rebound; 底部未确认
413,70.51320000000001,65.29,601616,广电电气,confirmed_rebound,2024-02-05,2.38,2024-02-05,2.38,0.0,9.663865546218489,28.096676737160127,False,-9.8485,2.3361,1,1,1,100.0,20.645161290322584,20.645161290322584,8.0,0.0,历史1/1次成功; 当前距低点0.00%; 最新日涨幅-9.85%; 状态confirmed_rebound; 底部未确认
414,70.51229477363341,65.36573699017354,002229,鸿博股份,confirmed_rebound,2024-02-05,16.44,2024-02-05,16.43,0.06086427267195109,9.92087644552647,32.82910874897792,False,-9.9671,10.182,1,1,1,100.0,9.540363074546153,9.540363074546153,7.939135727328049,0.06086427267195109,历史1/1次成功; 当前距低点0.06%; 最新日涨幅-9.97%; 状态confirmed_rebound; 底部未确认
415,70.50857142857144,65.28571428571429,603153,上海建科,confirmed_rebound,2024-02-05,16.12,2024-02-05,16.12,0.0,11.104218362282872,32.83333333333333,False,-9.9944,12.0043,1,1,1,100.0,20.622119815668214,20.622119815668214,8.0,0.0,历史1/1次成功; 当前距低点0.00%; 最新日涨幅-9.99%; 状态confirmed_rebound; 底部未确认
416,70.4967898367807,68.59514232673268,300634,彩讯股份,confirmed_rebound,2024-02-05,13.13,2024-02-05,12.8,2.5781250000000004,12.812499999999991,27.846674182638097,False,-9.3232,3.7642,1,1,1,100.0,17.920792079207924,17.920792079207924,5.421875,2.5781250000000004,历史1/1次成功; 当前距低点2.58%; 最新日涨幅-9.32%; 状态confirmed_rebound; 底部未确认
417,70.41661596958177,65.20057034220534,001229,魅视科技,bottom_area,2024-02-05,22.66,2024-02-05,22.66,0.0,4.8984995586937305,28.742138364779873,False,-10.0079,6.6305,1,1,1,100.0,9.949302915082397,9.949302915082397,8.0,0.0,历史1/1次成功; 当前距低点0.00%; 最新日涨幅-10.01%; 状态bottom_area; 底部未确认
418,70.39788219699516,68.13250872591041,301487,盟固利,confirmed_rebound,2024-02-05,26.25,2024-02-05,25.66,2.2992985190958684,11.886204208885427,27.88083192804946,False,-8.5366,9.4068,1,1,1,100.0,12.015641663704239,12.015641663704239,5.700701480904131,2.2992985190958684,历史1/1次成功; 当前距低点2.30%; 最新日涨幅-8.54%; 状态confirmed_rebound; 底部未确认
419,70.3836,65.17,600173,卧龙新能,confirmed_rebound,2024-02-05,3.57,2024-02-05,3.57,0.0,10.644257703081243,28.0241935483871,False,-10.0756,1.7775,1,1,1,100.0,20.000000000000004,20.000000000000004,8.0,0.0,历史1/1次成功; 当前距低点0.00%; 最新日涨幅-10.08%; 状态confirmed_rebound; 底部未确认
420,70.35987401574803,65.14803149606298,600232,金鹰股份,confirmed_rebound,2024-02-05,4.07,2024-02-05,4.07,0.0,9.582309582309573,29.340277777777768,False,-9.9558,2.3278,1,1,1,100.0,19.881889763779522,19.881889763779522,8.0,0.0,历史1/1次成功; 当前距低点0.00%; 最新日涨幅-9.96%; 状态confirmed_rebound; 底部未确认
421,70.33667974889944,69.60661550402435,002793,罗欣药业,confirmed_rebound,2024-02-05,3.89,2024-02-05,3.76,3.4574468085106473,13.563829787234038,27.6923076923077,False,-6.2651,2.3507,2,2,2,100.0,17.470936706605496,20.419580419580406,4.542553191489353,3.4574468085106473,历史2/2次成功; 当前距低点3.46%; 最新日涨幅-6.27%; 状态confirmed_rebound; 底部未确认
422,70.31113827655312,65.10290581162326,002492,恒基达鑫,confirmed_rebound,2024-02-05,4.15,2024-02-05,4.15,0.0,10.120481927710841,28.694158075601372,False,-9.9783,2.7066,1,1,1,100.0,19.639278557114217,19.639278557114217,8.0,0.0,历史1/1次成功; 当前距低点0.00%; 最新日涨幅-9.98%; 状态confirmed_rebound; 底部未确认
423,70.24741016949153,65.04389830508475,002376,新北洋,confirmed_rebound,2024-02-05,4.73,2024-02-05,4.73,0.0,11.416490486257908,28.441754916792732,False,-9.9048,3.2065,1,1,1,100.0,19.322033898305076,19.322033898305076,8.0,0.0,历史1/1次成功; 当前距低点0.00%; 最新日涨幅-9.90%; 状态confirmed_rebound; 底部未确认
424,70.23915786743248,69.2650556439669,300722,新余国科,confirmed_rebound,2024-02-05,17.35,2024-02-05,16.8,3.273809523809528,11.785714285714288,27.14657415437987,False,-8.5398,1.1144,4,5,4,80.0,23.38355568953025,45.90377113133938,4.726190476190472,3.273809523809528,历史4/5次成功; 当前距低点3.27%; 最新日涨幅-8.54%; 状态confirmed_rebound; 底部未确认
425,70.23442048997774,65.03187082405346,001376,百通能源,bottom_area,2024-02-05,18.11,2024-02-05,18.11,0.0,0.0,32.34964512514008,False,-9.9901,1.826,1,1,1,100.0,9.042316258351898,9.042316258351898,8.0,0.0,历史1/1次成功; 当前距低点0.00%; 最新日涨幅-9.99%; 状态bottom_area; 底部未确认
426,70.22799396666909,65.57235664488245,300475,香农芯创,confirmed_rebound,2024-02-05,20.8,2024-02-05,20.71,0.43457267020762846,15.789473684210522,32.40861618798955,False,-12.3472,3.6172,1,1,1,100.0,15.232163080407707,15.232163080407707,7.565427329792372,0.43457267020762846,历史1/1次成功; 当前距低点0.43%; 最新日涨幅-12.35%; 状态confirmed_rebound; 底部未确认
427,70.22719708029196,65.02518248175181,603023,威帝股份,confirmed_rebound,2024-02-05,2.93,2024-02-05,2.93,0.0,12.627986348122855,27.29528535980149,False,-10.1227,3.0382,1,1,1,100.0,19.22141119221411,19.22141119221411,8.0,0.0,历史1/1次成功; 当前距低点0.00%; 最新日涨幅-10.12%; 状态confirmed_rebound; 底部未确认
428,70.20908317929761,65.00841035120149,000788,北大医药,confirmed_rebound,2024-02-05,4.47,2024-02-05,4.47,0.0,9.619686800894868,28.135048231511256,False,-10.0604,2.4512,1,1,1,100.0,19.13123844731978,19.13123844731978,8.0,0.0,历史1/1次成功; 当前距低点0.00%; 最新日涨幅-10.06%; 状态confirmed_rebound; 底部未确认
429,70.20451450704267,69.50432281058053,300346,南大光电,confirmed_rebound,2024-02-05,17.55,2024-02-05,16.96,3.47877358490566,13.679245283018867,29.538845035313667,False,-9.0202,3.1696,2,2,2,100.0,17.182400990136742,25.61750176429076,4.521226415094341,3.47877358490566,历史2/2次成功; 当前距低点3.48%; 最新日涨幅-9.02%; 状态confirmed_rebound; 底部未确认
430,70.19888275862068,64.99896551724137,600249,两面针,confirmed_rebound,2024-02-05,4.06,2024-02-05,4.06,0.0,10.591133004926125,29.020979020979027,False,-9.9778,3.8571,1,1,1,100.0,19.080459770114945,19.080459770114945,8.0,0.0,历史1/1次成功; 当前距低点0.00%; 最新日涨幅-9.98%; 状态confirmed_rebound; 底部未确认
431,70.18159776536314,64.98296089385475,600246,万通发展,confirmed_rebound,2024-02-05,4.34,2024-02-05,4.34,0.0,11.290322580645167,32.81733746130031,False,-9.9585,1.3705,1,1,1,100.0,18.99441340782122,18.99441340782122,8.0,0.0,历史1/1次成功; 当前距低点0.00%; 最新日涨幅-9.96%; 状态confirmed_rebound; 底部未确认
432,70.17841324078552,70.19939437982805,601238,广汽集团,bottom_area,2024-02-05,8.03,2024-02-05,7.72,4.015544041450772,5.440414507772032,27.306967984934083,False,-1.1084,0.433,1,1,1,100.0,23.73567093728929,23.73567093728929,3.984455958549228,4.015544041450772,历史1/1次成功; 当前距低点4.02%; 最新日涨幅-1.11%; 状态bottom_area; 底部未确认
433,70.16906796116506,64.97135922330098,002285,世联行,confirmed_rebound,2024-02-05,1.73,2024-02-05,1.73,0.0,10.404624277456644,29.387755102040824,False,-9.8958,1.8196,1,1,1,100.0,18.932038834951463,18.932038834951463,8.0,0.0,历史1/1次成功; 当前距低点0.00%; 最新日涨幅-9.90%; 状态confirmed_rebound; 底部未确认
434,70.16866666666668,64.970987654321,002310,东方新能,confirmed_rebound,2024-02-05,1.34,2024-02-05,1.34,0.0,11.194029850746261,27.956989247311824,False,-10.0671,2.4708,1,1,1,100.0,18.93004115226337,18.93004115226337,8.0,0.0,历史1/1次成功; 当前距低点0.00%; 最新日涨幅-10.07%; 状态confirmed_rebound; 底部未确认
435,70.10366127573401,65.14120544154609,605189,富春染织,confirmed_rebound,2024-02-05,10.89,2024-02-05,10.87,0.18399264029440066,10.395584176632942,30.85241730279899,False,-9.851,7.556,1,1,1,100.0,9.842519685039358,9.842519685039358,7.8160073597055995,0.18399264029440066,历史1/1次成功; 当前距低点0.18%; 最新日涨幅-9.85%; 状态confirmed_rebound; 底部未确认
436,70.09491017964072,64.90269461077844,002725,跃岭股份,confirmed_rebound,2024-02-05,7.05,2024-02-05,7.05,0.0,11.063829787234045,31.619786614936963,False,-9.9617,3.3028,1,1,1,100.0,18.562874251497018,18.562874251497018,8.0,0.0,历史1/1次成功; 当前距低点0.00%; 最新日涨幅-9.96%; 状态confirmed_rebound; 底部未确认
437,70.070901460487,64.88046431526573,000428,华天酒店,confirmed_rebound,2024-02-05,2.76,2024-02-05,2.76,0.0,10.869565217391315,32.01970443349754,False,-10.0977,2.8209,3,4,3,75.0,22.610023200353346,28.045977011494273,8.0,0.0,历史3/4次成功; 当前距低点0.00%; 最新日涨幅-10.10%; 状态confirmed_rebound; 底部未确认
438,70.0517892857143,64.86276785714287,603280,南方路机,confirmed_rebound,2024-02-05,16.9,2024-02-05,16.9,0.0,10.710059171597647,27.21791559000862,False,-10.0106,9.2946,1,1,1,100.0,18.348214285714302,18.348214285714302,8.0,0.0,历史1/1次成功; 当前距低点0.00%; 最新日涨幅-10.01%; 状态confirmed_rebound; 底部未确认
439,70.01836363636363,64.83181818181818,600358,国旅联合,confirmed_rebound,2024-02-05,3.56,2024-02-05,3.56,0.0,10.674157303370784,29.365079365079367,False,-10.101,2.1985,1,1,1,100.0,18.181818181818198,18.181818181818198,8.0,0.0,历史1/1次成功; 当前距低点0.00%; 最新日涨幅-10.10%; 状态confirmed_rebound; 底部未确认
440,69.99184232365145,64.80726141078839,000554,泰山石油,confirmed_rebound,2024-02-05,4.66,2024-02-05,4.66,0.0,8.798283261802577,29.286798179059176,False,-10.0386,9.778,1,1,1,100.0,18.049792531120335,18.049792531120335,8.0,0.0,历史1/1次成功; 当前距低点0.00%; 最新日涨幅-10.04%; 状态confirmed_rebound; 底部未确认
441,69.98984825775722,69.00839552145212,300389,艾比森,confirmed_rebound,2024-02-05,11.7,2024-02-05,11.33,3.265666372462482,15.35745807590468,29.40809968847352,False,-10.8911,3.3325,2,2,2,100.0,11.90384328315363,15.104895104895105,4.734333627537518,3.265666372462482,历史2/2次成功; 当前距低点3.27%; 最新日涨幅-10.89%; 状态confirmed_rebound; 底部未确认
442,69.94870515463917,64.76731958762886,002637,赞宇科技,confirmed_rebound,2024-02-05,7.38,2024-02-05,7.38,0.0,10.569105691056913,28.83317261330761,False,-10.0,1.2502,1,1,1,100.0,17.83505154639176,17.83505154639176,8.0,0.0,历史1/1次成功; 当前距低点0.00%; 最新日涨幅-10.00%; 状态confirmed_rebound; 底部未确认
443,69.92403117365828,67.57364357118236,300569,天能重工,confirmed_rebound,2024-02-05,4.14,2024-02-05,4.05,2.2222222222222188,13.827160493827172,29.6875,False,-11.1588,2.8456,1,1,1,100.0,8.066184074457079,8.066184074457079,5.777777777777782,2.2222222222222188,历史1/1次成功; 当前距低点2.22%; 最新日涨幅-11.16%; 状态confirmed_rebound; 底部未确认
444,69.9179919845932,67.89869979731253,300481,濮阳惠成,confirmed_rebound,2024-02-05,10.76,2024-02-05,10.5,2.476190476190474,14.761904761904768,29.953302201467647,False,-11.0744,1.9661,1,1,1,100.0,12.926957435627942,12.926957435627942,5.523809523809526,2.476190476190474,历史1/1次成功; 当前距低点2.48%; 最新日涨幅-11.07%; 状态confirmed_rebound; 底部未确认
445,69.88447848662356,67.70739192940786,002756,永兴材料,confirmed_rebound,2024-02-05,40.43,2024-02-05,39.5,2.3544303797468347,8.810126582278473,28.168757955992003,False,-6.1078,2.5036,1,1,1,100.0,10.405877393713116,10.405877393713116,5.645569620253166,2.3544303797468347,历史1/1次成功; 当前距低点2.35%; 最新日涨幅-6.11%; 状态confirmed_rebound; 底部未确认
446,69.8814,64.705,001313,粤海饲料,confirmed_rebound,2024-02-05,5.97,2024-02-05,5.97,0.0,12.73031825795646,28.33133253301321,False,-9.9548,3.183,1,1,1,100.0,17.5,17.5,8.0,0.0,历史1/1次成功; 当前距低点0.00%; 最新日涨幅-9.95%; 状态confirmed_rebound; 底部未确认
447,69.87238825448614,64.69665579119086,002664,信质集团,confirmed_rebound,2024-02-05,10.2,2024-02-05,10.2,0.0,10.588235294117649,27.1948608137045,False,-9.9735,2.8985,1,1,1,100.0,17.45513866231648,17.45513866231648,8.0,0.0,历史1/1次成功; 当前距低点0.00%; 最新日涨幅-9.97%; 状态confirmed_rebound; 底部未确认
448,69.85842352941177,64.68372549019608,002449,国星光电,confirmed_rebound,2024-02-05,5.58,2024-02-05,5.58,0.0,10.931899641577067,27.532467532467532,False,-10.0,3.3858,1,1,1,100.0,17.38562091503268,17.38562091503268,8.0,0.0,历史1/1次成功; 当前距低点0.00%; 最新日涨幅-10.00%; 状态confirmed_rebound; 底部未确认
449,69.84946820809249,64.67543352601156,000850,华茂股份,confirmed_rebound,2024-02-05,3.0,2024-02-05,3.0,0.0,9.666666666666668,29.411764705882355,False,-9.9099,3.415,1,1,1,100.0,17.341040462427735,17.341040462427735,8.0,0.0,历史1/1次成功; 当前距低点0.00%; 最新日涨幅-9.91%; 状态confirmed_rebound; 底部未确认
450,69.84332188841202,64.66974248927039,002295,精艺股份,confirmed_rebound,2024-02-05,5.02,2024-02-05,5.02,0.0,11.553784860557771,31.23287671232877,False,-10.0358,3.2475,1,1,1,100.0,17.31044349070099,17.31044349070099,8.0,0.0,历史1/1次成功; 当前距低点0.00%; 最新日涨幅-10.04%; 状态confirmed_rebound; 底部未确认
451,69.8362142339636,65.91385293609174,002219,新里程,confirmed_rebound,2024-02-05,2.03,2024-02-05,2.01,0.9950248756218916,11.9402985074627,27.173913043478265,False,-8.9686,1.4939,1,1,1,100.0,23.938223938223942,23.938223938223942,7.004975124378109,0.9950248756218916,历史1/1次成功; 当前距低点1.00%; 最新日涨幅-8.97%; 状态confirmed_rebound; 底部未确认
452,69.81330230920173,64.64194658259419,002095,生意宝,confirmed_rebound,2024-02-05,12.27,2024-02-05,12.27,0.0,10.10594947025265,27.22419928825623,False,-9.978,2.4919,3,4,3,75.0,21.32766979889348,33.84030418250951,8.0,0.0,历史3/4次成功; 当前距低点0.00%; 最新日涨幅-9.98%; 状态confirmed_rebound; 底部未确认
453,69.79448076923079,64.62451923076924,000599,青岛双星,confirmed_rebound,2024-02-05,3.22,2024-02-05,3.22,0.0,9.627329192546572,28.125,False,-10.0559,2.3845,1,1,1,100.0,17.06730769230769,17.06730769230769,8.0,0.0,历史1/1次成功; 当前距低点0.00%; 最新日涨幅-10.06%; 状态confirmed_rebound; 底部未确认
454,69.7868758002561,64.61747759282972,002290,禾盛新材,confirmed_rebound,2024-02-05,8.37,2024-02-05,8.37,0.0,13.500597371565123,31.895850284784377,False,-10.0,1.4991,1,1,1,100.0,17.029449423815635,17.029449423815635,8.0,0.0,历史1/1次成功; 当前距低点0.00%; 最新日涨幅-10.00%; 状态confirmed_rebound; 底部未确认
455,69.72413059387937,65.3637620578778,000601,韶能股份,confirmed_rebound,2024-02-05,3.13,2024-02-05,3.11,0.6430868167202578,12.218649517684899,27.166276346604214,False,-9.2754,2.0479,1,1,1,100.0,16.666666666666664,16.666666666666664,7.356913183279742,0.6430868167202578,历史1/1次成功; 当前距低点0.64%; 最新日涨幅-9.28%; 状态confirmed_rebound; 底部未确认
456,69.71081446241675,64.54705042816366,603081,大丰实业,confirmed_rebound,2024-02-05,8.45,2024-02-05,8.45,0.0,10.295857988165693,30.964052287581705,False,-10.0106,1.5667,1,1,1,100.0,16.65080875356803,16.65080875356803,8.0,0.0,历史1/1次成功; 当前距低点0.00%; 最新日涨幅-10.01%; 状态confirmed_rebound; 底部未确认
457,69.70861736334408,64.54501607717043,002778,中晟高科,confirmed_rebound,2024-02-05,10.1,2024-02-05,10.1,0.0,9.900990099009901,30.3448275862069,False,-9.9822,1.2962,1,1,1,100.0,16.63987138263666,16.63987138263666,8.0,0.0,历史1/1次成功; 当前距低点0.00%; 最新日涨幅-9.98%; 状态confirmed_rebound; 底部未确认
458,69.7074481409002,64.54393346379648,002743,富煌钢构,confirmed_rebound,2024-02-05,3.91,2024-02-05,3.91,0.0,10.48593350383632,29.549549549549546,False,-9.9078,3.8747,1,1,1,100.0,16.634050880626212,16.634050880626212,8.0,0.0,历史1/1次成功; 当前距低点0.00%; 最新日涨幅-9.91%; 状态confirmed_rebound; 底部未确认
459,69.67558032786886,64.5144262295082,603219,富佳股份,confirmed_rebound,2024-02-05,9.86,2024-02-05,9.86,0.0,10.344827586206911,30.61224489795919,False,-10.0365,4.0439,1,1,1,100.0,16.475409836065587,16.475409836065587,8.0,0.0,历史1/1次成功; 当前距低点0.00%; 最新日涨幅-10.04%; 状态confirmed_rebound; 底部未确认
460,69.6714802044201,69.27561952144043,300370,安控科技,confirmed_rebound,2024-02-05,1.68,2024-02-05,1.62,3.703703703703693,14.814814814814813,30.172413793103438,False,-9.6774,2.207,2,2,2,100.0,18.710021321961612,23.13432835820894,4.296296296296307,3.703703703703693,历史2/2次成功; 当前距低点3.70%; 最新日涨幅-9.68%; 状态confirmed_rebound; 底部未确认
461,69.64204551201013,64.48337547408345,603058,永吉股份,confirmed_rebound,2024-02-05,6.31,2024-02-05,6.31,0.0,12.044374009508727,27.47126436781609,False,-9.9857,1.9296,1,1,1,100.0,16.308470290771165,16.308470290771165,8.0,0.0,历史1/1次成功; 当前距低点0.00%; 最新日涨幅-9.99%; 状态confirmed_rebound; 底部未确认
462,69.63625223644856,67.61026758576848,300616,尚品宅配,confirmed_rebound,2024-02-05,11.64,2024-02-05,11.36,2.4647887323943762,16.37323943661973,32.66152934202727,False,-12.8743,4.489,1,1,1,100.0,11.236483309826049,11.236483309826049,5.535211267605624,2.4647887323943762,历史1/1次成功; 当前距低点2.46%; 最新日涨幅-12.87%; 状态confirmed_rebound; 底部未确认
463,69.61352942612481,65.28415888925822,601908,京运通,confirmed_rebound,2024-02-05,3.04,2024-02-05,3.02,0.6622516556291397,10.596026490066219,29.76744186046511,False,-9.2537,1.5366,1,1,1,100.0,16.473616473616488,16.473616473616488,7.33774834437086,0.6622516556291397,历史1/1次成功; 当前距低点0.66%; 最新日涨幅-9.25%; 状态confirmed_rebound; 底部未确认
464,69.56953200257706,64.84990036490869,002117,东港股份,confirmed_rebound,2024-02-05,5.76,2024-02-05,5.74,0.34843205574912145,10.2787456445993,27.61664564943253,False,-9.434,3.0275,1,1,1,100.0,10.292072322670366,10.292072322670366,7.651567944250878,0.34843205574912145,历史1/1次成功; 当前距低点0.35%; 最新日涨幅-9.43%; 状态confirmed_rebound; 底部未确认
465,69.54500779220419,64.3935257335224,600984,建设机械,confirmed_rebound,2024-02-05,2.39,2024-02-05,2.39,0.0,11.71548117154811,29.70588235294117,False,-10.1504,1.7672,3,4,3,75.0,19.992073836141934,20.705882352941174,8.0,0.0,历史3/4次成功; 当前距低点0.00%; 最新日涨幅-10.15%; 状态confirmed_rebound; 底部未确认
466,69.50832453196612,64.84141089386853,603231,索宝蛋白,confirmed_rebound,2024-02-05,15.55,2024-02-05,15.49,0.3873466752743738,9.683666881859253,28.220574606116767,False,-9.6456,13.7943,1,1,1,100.0,10.723447922011289,10.723447922011289,7.612653324725627,0.3873466752743738,历史1/1次成功; 当前距低点0.39%; 最新日涨幅-9.65%; 状态confirmed_rebound; 底部未确认
467,69.49502581755596,64.34724612736662,000803,山高环能,confirmed_rebound,2024-02-05,3.92,2024-02-05,3.92,0.0,10.204081632653072,29.874776386404296,False,-10.0917,1.789,1,1,1,100.0,15.576592082616184,15.576592082616184,8.0,0.0,历史1/1次成功; 当前距低点0.00%; 最新日涨幅-10.09%; 状态confirmed_rebound; 底部未确认
468,69.48917080291973,64.34182481751826,001366,播恩集团,confirmed_rebound,2024-02-05,10.35,2024-02-05,10.35,0.0,10.338164251207733,27.41935483870968,False,-10.0,8.2531,1,1,1,100.0,15.547445255474459,15.547445255474459,8.0,0.0,历史1/1次成功; 当前距低点0.00%; 最新日涨幅-10.00%; 状态confirmed_rebound; 底部未确认
469,69.45797647058824,64.31294117647059,002066,瑞泰科技,confirmed_rebound,2024-02-05,7.88,2024-02-05,7.88,0.0,9.010152284263958,30.75571177504394,False,-9.9429,3.2179,1,1,1,100.0,15.392156862745102,15.392156862745102,8.0,0.0,历史1/1次成功; 当前距低点0.00%; 最新日涨幅-9.94%; 状态confirmed_rebound; 底部未确认
470,69.4501421932744,64.30568721599481,002068,黑猫股份,confirmed_rebound,2024-02-05,6.44,2024-02-05,6.44,0.0,10.403726708074533,32.42392444910807,False,-10.0559,3.1778,3,4,3,75.0,19.51982374190758,32.77777777777777,8.0,0.0,历史3/4次成功; 当前距低点0.00%; 最新日涨幅-10.06%; 状态confirmed_rebound; 底部未确认
471,69.44438942307693,64.30036057692308,605378,野马电池,confirmed_rebound,2024-02-05,15.5,2024-02-05,15.5,0.0,9.806451612903224,31.019136626613257,False,-9.9884,9.8674,1,1,1,100.0,15.324519230769235,15.324519230769235,8.0,0.0,历史1/1次成功; 当前距低点0.00%; 最新日涨幅-9.99%; 状态confirmed_rebound; 底部未确认
472,69.444,64.3,000593,德龙汇能,confirmed_rebound,2024-02-05,4.74,2024-02-05,4.74,0.0,10.759493670886071,32.18884120171674,False,-10.0569,2.862,1,1,1,100.0,15.322580645161285,15.322580645161285,8.0,0.0,历史1/1次成功; 当前距低点0.00%; 最新日涨幅-10.06%; 状态confirmed_rebound; 底部未确认
473,69.43332934131737,64.29011976047904,000717,中南股份,confirmed_rebound,2024-02-05,2.03,2024-02-05,2.03,0.0,11.330049261083744,28.771929824561415,False,-9.7778,3.0828,1,1,1,100.0,15.269461077844317,15.269461077844317,8.0,0.0,历史1/1次成功; 当前距低点0.00%; 最新日涨幅-9.78%; 状态confirmed_rebound; 底部未确认
474,69.42942000000001,64.2865,002292,奥飞娱乐,confirmed_rebound,2024-02-05,5.45,2024-02-05,5.45,0.0,10.825688073394492,27.43009320905459,False,-9.9174,6.3901,1,1,1,100.0,15.250000000000007,15.250000000000007,8.0,0.0,历史1/1次成功; 当前距低点0.00%; 最新日涨幅-9.92%; 状态confirmed_rebound; 底部未确认
475,69.42882589399485,69.85176342799546,688047,龙芯中科,confirmed_rebound,2024-02-05,70.82,2024-02-05,67.89,4.31580497864191,12.50552364118426,29.126213592233015,False,-6.5946,1.4789,3,3,3,100.0,12.644079458596888,16.304347826086957,3.6841950213580903,4.31580497864191,历史3/3次成功; 当前距低点4.32%; 最新日涨幅-6.59%; 状态confirmed_rebound; 底部未确认
476,69.41962815544609,67.53224061006762,301330,熵基科技,confirmed_rebound,2024-02-05,19.98,2024-02-05,19.48,2.5667351129363447,14.117043121149898,28.618541590326124,False,-10.604,5.4499,1,1,1,100.0,12.066648750335936,12.066648750335936,5.433264887063656,2.5667351129363447,历史1/1次成功; 当前距低点2.57%; 最新日涨幅-10.60%; 状态confirmed_rebound; 底部未确认
477,69.40220152671756,64.26129770992367,603138,海量数据,confirmed_rebound,2024-02-05,10.04,2024-02-05,10.04,0.0,9.26294820717133,28.844790928419563,False,-10.0358,2.8604,1,1,1,100.0,15.114503816793897,15.114503816793897,8.0,0.0,历史1/1次成功; 当前距低点0.00%; 最新日涨幅-10.04%; 状态confirmed_rebound; 底部未确认
478,69.37598076923078,64.23701923076923,002544,普天科技,confirmed_rebound,2024-02-05,12.37,2024-02-05,12.37,0.0,11.075181891673411,28.414351851851862,False,-9.9709,2.3341,1,1,1,100.0,14.983974358974352,14.983974358974352,8.0,0.0,历史1/1次成功; 当前距低点0.00%; 最新日涨幅-9.97%; 状态confirmed_rebound; 底部未确认
479,69.3698880173171,67.59021894956258,688357,建龙微纳,confirmed_rebound,2024-02-05,34.88,2024-02-05,33.98,2.6486168334314475,12.095350206003552,27.88624787775892,False,-6.6631,0.8831,3,4,3,75.0,17.54873833218431,26.291618828932272,5.351383166568553,2.6486168334314475,历史3/4次成功; 当前距低点2.65%; 最新日涨幅-6.66%; 状态confirmed_rebound; 底部未确认
480,69.36935294117649,64.2308823529412,603101,汇嘉时代,confirmed_rebound,2024-02-05,5.2,2024-02-05,5.2,0.0,10.576923076923073,28.767123287671232,False,-10.0346,1.7496,1,1,1,100.0,14.95098039215687,14.95098039215687,8.0,0.0,历史1/1次成功; 当前距低点0.00%; 最新日涨幅-10.03%; 状态confirmed_rebound; 底部未确认
481,69.36495995667467,68.79050894254073,300759,康龙化成,bottom_area,2024-02-05,19.16,2024-02-05,18.5,3.5675675675675684,7.5675675675675595,27.564604541895065,False,-2.045,3.0083,1,1,1,100.0,10.669693530079462,10.669693530079462,4.432432432432432,3.5675675675675684,历史1/1次成功; 当前距低点3.57%; 最新日涨幅-2.04%; 状态bottom_area; 底部未确认
482,69.35853333333334,64.22086419753087,002852,道道全,confirmed_rebound,2024-02-05,7.29,2024-02-05,7.29,0.0,10.973936899862824,28.599412340842317,False,-10.0,3.239,1,1,1,100.0,14.897119341563789,14.897119341563789,8.0,0.0,历史1/1次成功; 当前距低点0.00%; 最新日涨幅-10.00%; 状态confirmed_rebound; 底部未确认
483,69.35661069840125,67.58305924311475,300384,三联虹普,confirmed_rebound,2024-02-05,10.06,2024-02-05,9.8,2.6530612244897935,14.081632653061213,30.348258706467657,False,-10.2587,3.3088,1,1,1,100.0,13.398058252427186,13.398058252427186,5.346938775510207,2.6530612244897935,历史1/1次成功; 当前距低点2.65%; 最新日涨幅-10.26%; 状态confirmed_rebound; 底部未确认
484,69.33466995073893,64.19876847290641,000852,石化机械,confirmed_rebound,2024-02-05,5.46,2024-02-05,5.46,0.0,10.439560439560445,28.25229960578187,False,-10.0494,2.6868,1,1,1,100.0,14.778325123152717,14.778325123152717,8.0,0.0,历史1/1次成功; 当前距低点0.00%; 最新日涨幅-10.05%; 状态confirmed_rebound; 底部未确认
485,69.30359999999999,64.16999999999999,002827,高争民爆,confirmed_rebound,2024-02-05,11.1,2024-02-05,11.1,0.0,10.720720720720717,30.056710775047257,False,-9.9757,2.4351,1,1,1,100.0,14.623655913978487,14.623655913978487,8.0,0.0,历史1/1次成功; 当前距低点0.00%; 最新日涨幅-9.98%; 状态confirmed_rebound; 底部未确认
486,69.27996581817688,64.82258160090858,603201,常润股份,confirmed_rebound,2024-02-05,18.51,2024-02-05,18.41,0.5431830526887638,10.157523085279745,29.49061662198391,False,-9.5308,2.5635,1,1,1,100.0,12.53246753246752,12.53246753246752,7.456816947311236,0.5431830526887638,历史1/1次成功; 当前距低点0.54%; 最新日涨幅-9.53%; 状态confirmed_rebound; 底部未确认
487,69.2608574902987,68.43138614310948,688352,颀中科技,confirmed_rebound,2024-02-05,8.58,2024-02-05,8.3,3.3734939759036062,16.867469879518055,31.34822167080231,False,-11.5464,7.0872,2,2,2,100.0,10.123400043923123,10.636645962732914,4.626506024096394,3.3734939759036062,历史2/2次成功; 当前距低点3.37%; 最新日涨幅-11.55%; 状态confirmed_rebound; 底部未确认
488,69.24173803526449,64.11272040302268,001231,农心科技,confirmed_rebound,2024-02-05,13.6,2024-02-05,13.6,0.0,10.735294117647065,32.27091633466135,False,-9.9934,5.1642,1,1,1,100.0,14.315701091519731,14.315701091519731,8.0,0.0,历史1/1次成功; 当前距低点0.00%; 最新日涨幅-9.99%; 状态confirmed_rebound; 底部未确认
489,69.22023021582734,64.09280575539569,002546,新联电子,confirmed_rebound,2024-02-05,3.27,2024-02-05,3.27,0.0,8.86850152905199,28.446389496717728,False,-9.9174,2.9571,1,1,1,100.0,14.20863309352518,14.20863309352518,8.0,0.0,历史1/1次成功; 当前距低点0.00%; 最新日涨幅-9.92%; 状态confirmed_rebound; 底部未确认
490,69.20721096543504,64.08075089392133,000025,特力A,confirmed_rebound,2024-02-05,12.79,2024-02-05,12.79,0.0,8.91321344800626,29.492833517089313,False,-9.993,3.1234,1,1,1,100.0,14.143822010329751,14.143822010329751,8.0,0.0,历史1/1次成功; 当前距低点0.00%; 最新日涨幅-9.99%; 状态confirmed_rebound; 底部未确认
491,69.20050306748468,64.07453987730062,603321,梅轮电梯,confirmed_rebound,2024-02-05,5.69,2024-02-05,5.69,0.0,10.01757469244287,29.49194547707559,False,-9.9684,2.255,1,1,1,100.0,14.110429447852773,14.110429447852773,8.0,0.0,历史1/1次成功; 当前距低点0.00%; 最新日涨幅-9.97%; 状态confirmed_rebound; 底部未确认
492,69.19206844106463,64.06673003802281,002490,山东墨龙,confirmed_rebound,2024-02-05,2.99,2024-02-05,2.99,0.0,10.70234113712374,28.125,False,-9.9398,2.0907,1,1,1,100.0,14.068441064638787,14.068441064638787,8.0,0.0,历史1/1次成功; 当前距低点0.00%; 最新日涨幅-9.94%; 状态confirmed_rebound; 底部未确认
493,69.1830198091934,69.9366474759602,300726,宏达电子,confirmed_rebound,2024-02-05,18.56,2024-02-05,17.75,4.563380281690134,12.676056338028168,28.943154523618897,False,-8.2097,2.9736,3,3,3,100.0,16.135239345234975,20.972375690607738,3.436619718309866,4.563380281690134,历史3/3次成功; 当前距低点4.56%; 最新日涨幅-8.21%; 状态confirmed_rebound; 底部未确认
494,69.18301502504175,64.05834724540902,600230,沧州大化,confirmed_rebound,2024-02-05,8.87,2024-02-05,8.87,0.0,10.597519729425043,28.69774919614148,False,-9.9492,2.1366,1,1,1,100.0,14.02337228714524,14.02337228714524,8.0,0.0,历史1/1次成功; 当前距低点0.00%; 最新日涨幅-9.95%; 状态confirmed_rebound; 底部未确认
495,69.176615851091,69.38768104056801,301386,未来电器,confirmed_rebound,2024-02-05,15.78,2024-02-05,15.15,4.1584158415841515,14.257425742574245,32.87549844926894,False,-10.2899,5.6796,2,2,2,100.0,24.88639332999926,27.880184331797242,3.8415841584158485,4.1584158415841515,历史2/2次成功; 当前距低点4.16%; 最新日涨幅-10.29%; 状态confirmed_rebound; 底部未确认
496,69.17352605729357,67.88281766281621,301323,新莱福,confirmed_rebound,2024-02-05,22.51,2024-02-05,21.85,3.0205949656750577,18.855835240274587,32.31102850061958,False,-12.4465,7.5432,1,1,1,100.0,19.514914970727627,19.514914970727627,4.979405034324942,3.0205949656750577,历史1/1次成功; 当前距低点3.02%; 最新日涨幅-12.45%; 状态confirmed_rebound; 底部未确认
497,69.13795640931555,64.5993597084852,002059,云南旅游,confirmed_rebound,2024-02-05,4.27,2024-02-05,4.25,0.47058823529410765,9.176470588235286,28.330522765598648,False,-8.9552,1.4324,1,1,1,100.0,10.442477876106192,10.442477876106192,7.529411764705893,0.47058823529410765,历史1/1次成功; 当前距低点0.47%; 最新日涨幅-8.96%; 状态confirmed_rebound; 底部未确认
498,69.12358926159428,64.6587335550557,301488,豪恩汽电,confirmed_rebound,2024-02-05,38.0,2024-02-05,37.8,0.5291005291005366,14.788359788359799,31.147540983606557,False,-13.0833,8.4434,1,1,1,100.0,11.478939577445836,11.478939577445836,7.4708994708994645,0.5291005291005366,历史1/1次成功; 当前距低点0.53%; 最新日涨幅-13.08%; 状态confirmed_rebound; 底部未确认
499,69.11576802507838,63.9960815047022,002817,黄山胶囊,confirmed_rebound,2024-02-05,5.5,2024-02-05,5.5,0.0,10.181818181818175,30.99121706398996,False,-9.9836,2.8584,1,1,1,100.0,13.688610240334384,13.688610240334384,8.0,0.0,历史1/1次成功; 当前距低点0.00%; 最新日涨幅-9.98%; 状态confirmed_rebound; 底部未确认
500,69.09087066246056,63.97302839116718,001223,欧克科技,confirmed_rebound,2024-02-05,35.74,2024-02-05,35.74,0.0,11.863458310016773,28.662674650698598,False,-9.9975,4.7518,1,1,1,100.0,13.56466876971609,13.56466876971609,8.0,0.0,历史1/1次成功; 当前距低点0.00%; 最新日涨幅-10.00%; 状态confirmed_rebound; 底部未确认
501,69.07268045454545,63.9561856060606,000545,金浦钛业,confirmed_rebound,2024-02-05,1.97,2024-02-05,1.97,0.0,11.67512690355331,32.302405498281786,False,-10.0457,1.7996,3,4,3,75.0,17.640782828282834,24.6875,8.0,0.0,历史3/4次成功; 当前距低点0.00%; 最新日涨幅-10.05%; 状态confirmed_rebound; 底部未确认
502,69.07022503547049,65.16308355497348,688056,莱伯泰科,confirmed_rebound,2024-02-05,19.72,2024-02-05,19.53,0.9728622631848322,15.616999487967215,32.37534626038781,False,-12.8205,1.3693,3,4,3,75.0,23.79682534965002,33.63914373088685,7.027137736815169,0.9728622631848322,历史3/4次成功; 当前距低点0.97%; 最新日涨幅-12.82%; 状态confirmed_rebound; 底部未确认
503,69.06432842673378,67.31025967369382,002460,赣锋锂业,confirmed_rebound,2024-02-05,31.62,2024-02-05,30.8,2.6623376623376633,8.051948051948052,32.485751863217885,False,-4.6441,2.364,1,1,1,100.0,12.045105074320862,12.045105074320862,5.337662337662337,2.6623376623376633,历史1/1次成功; 当前距低点2.66%; 最新日涨幅-4.64%; 状态confirmed_rebound; 底部未确认
504,69.01801764187005,63.90557189062041,688192,迪哲医药,confirmed_rebound,2024-02-05,27.15,2024-02-05,27.15,0.0,10.534069981583807,30.91603053435114,False,-11.477,3.3124,1,1,1,100.0,13.201999411937674,13.201999411937674,8.0,0.0,历史1/1次成功; 当前距低点0.00%; 最新日涨幅-11.48%; 状态confirmed_rebound; 底部未确认
505,68.99925842696629,63.888202247191,002136,安纳达,confirmed_rebound,2024-02-05,7.52,2024-02-05,7.52,0.0,11.569148936170226,31.26142595978062,False,-9.9401,2.326,1,1,1,100.0,13.108614232209742,13.108614232209742,8.0,0.0,历史1/1次成功; 当前距低点0.00%; 最新日涨幅-9.94%; 状态confirmed_rebound; 底部未确认
506,68.94281569329812,69.59408957503553,002812,恩捷股份,confirmed_rebound,2024-02-05,38.64,2024-02-05,36.98,4.488912925905905,8.923742563547876,32.41959064327486,False,-4.3564,2.493,3,3,3,100.0,13.380704548930012,16.39800995024876,3.511087074094095,4.488912925905905,历史3/3次成功; 当前距低点4.49%; 最新日涨幅-4.36%; 状态confirmed_rebound; 底部未确认
507,68.93678571428572,63.83035714285714,002578,闽发铝业,confirmed_rebound,2024-02-05,2.58,2024-02-05,2.58,0.0,10.465116279069768,30.270270270270274,False,-10.1045,3.9012,1,1,1,100.0,12.797619047619053,12.797619047619053,8.0,0.0,历史1/1次成功; 当前距低点0.00%; 最新日涨幅-10.10%; 状态confirmed_rebound; 底部未确认
508,68.92658886894075,63.82091561938958,600218,全柴动力,confirmed_rebound,2024-02-05,6.05,2024-02-05,6.05,0.0,10.247933884297522,29.895712630359224,False,-9.9702,3.2698,1,1,1,100.0,12.746858168761218,12.746858168761218,8.0,0.0,历史1/1次成功; 当前距低点0.00%; 最新日涨幅-9.97%; 状态confirmed_rebound; 底部未确认
509,68.90281057268724,63.798898678414105,002787,华源控股,confirmed_rebound,2024-02-05,5.65,2024-02-05,5.65,0.0,9.73451327433628,29.10915934755332,False,-10.0318,1.5664,1,1,1,100.0,12.628487518355366,12.628487518355366,8.0,0.0,历史1/1次成功; 当前距低点0.00%; 最新日涨幅-10.03%; 状态confirmed_rebound; 底部未确认
510,68.88826008968611,63.785426008968614,002565,顺灏股份,confirmed_rebound,2024-02-05,2.36,2024-02-05,2.36,0.0,10.169491525423737,28.484848484848484,False,-9.9237,3.3198,1,1,1,100.0,12.556053811659185,12.556053811659185,8.0,0.0,历史1/1次成功; 当前距低点0.00%; 最新日涨幅-9.92%; 状态confirmed_rebound; 底部未确认
511,68.8855118644068,63.78288135593222,002334,英威腾,confirmed_rebound,2024-02-05,5.46,2024-02-05,5.46,0.0,10.256410256410248,27.87318361955086,False,-10.0494,4.5707,1,1,1,100.0,12.542372881355945,12.542372881355945,8.0,0.0,历史1/1次成功; 当前距低点0.00%; 最新日涨幅-10.05%; 状态confirmed_rebound; 底部未确认
512,68.88124873096447,63.77893401015229,000633,合金投资,confirmed_rebound,2024-02-05,4.66,2024-02-05,4.66,0.0,10.944206008583686,29.924812030075188,False,-10.0386,2.7296,1,1,1,100.0,12.521150592216584,12.521150592216584,8.0,0.0,历史1/1次成功; 当前距低点0.00%; 最新日涨幅-10.04%; 状态confirmed_rebound; 底部未确认
513,68.8572283464567,63.75669291338583,600149,廊坊发展,confirmed_rebound,2024-02-05,3.91,2024-02-05,3.91,0.0,8.95140664961636,28.77959927140255,False,-9.9078,1.4899,1,1,1,100.0,12.401574803149604,12.401574803149604,8.0,0.0,历史1/1次成功; 当前距低点0.00%; 最新日涨幅-9.91%; 状态confirmed_rebound; 底部未确认
514,68.84431705417735,63.74473801312717,001306,夏厦精密,confirmed_rebound,2024-02-05,49.15,2024-02-05,49.15,0.0,9.440488301119025,29.382183908045974,False,-9.9982,8.7355,1,1,1,100.0,12.337301145844926,12.337301145844926,8.0,0.0,历史1/1次成功; 当前距低点0.00%; 最新日涨幅-10.00%; 状态confirmed_rebound; 底部未确认
515,68.83032713754648,63.73178438661711,603332,苏州龙杰,confirmed_rebound,2024-02-05,7.11,2024-02-05,7.11,0.0,8.860759493670885,30.019685039370074,False,-10.0,2.075,1,1,1,100.0,12.26765799256506,12.26765799256506,8.0,0.0,历史1/1次成功; 当前距低点0.00%; 最新日涨幅-10.00%; 状态confirmed_rebound; 底部未确认
516,68.82692307692308,63.72863247863248,000892,欢瑞世纪,confirmed_rebound,2024-02-05,2.74,2024-02-05,2.74,0.0,9.85401459854013,27.3209549071618,False,-9.8684,2.553,1,1,1,100.0,12.250712250712256,12.250712250712256,8.0,0.0,历史1/1次成功; 当前距低点0.00%; 最新日涨幅-9.87%; 状态confirmed_rebound; 底部未确认
517,68.81399492883787,68.54431238829376,688277,天智航,confirmed_rebound,2024-02-05,7.93,2024-02-05,7.64,3.7958115183246077,16.492146596858646,32.568402471315096,False,-11.8889,1.8489,2,2,2,100.0,15.907326075665967,20.469798657718112,4.204188481675392,3.7958115183246077,历史2/2次成功; 当前距低点3.80%; 最新日涨幅-11.89%; 状态confirmed_rebound; 底部未确认
518,68.78356781532865,63.688488717896895,002520,日发精机,confirmed_rebound,2024-02-05,3.73,2024-02-05,3.73,0.0,11.26005361930296,31.433823529411768,False,-9.9034,3.4284,3,4,3,75.0,16.201552246757505,30.752212389380546,8.0,0.0,历史3/4次成功; 当前距低点0.00%; 最新日涨幅-9.90%; 状态confirmed_rebound; 底部未确认
519,68.77194206896553,63.67772413793104,605122,四方新材,confirmed_rebound,2024-02-05,10.76,2024-02-05,10.76,0.0,9.944237918215617,29.442622950819676,False,-10.0334,2.8633,1,1,1,100.0,11.977011494252876,11.977011494252876,8.0,0.0,历史1/1次成功; 当前距低点0.00%; 最新日涨幅-10.03%; 状态confirmed_rebound; 底部未确认
520,68.66584194528876,63.57948328267477,603036,如通股份,confirmed_rebound,2024-02-05,9.28,2024-02-05,9.28,0.0,10.452586206896559,28.61538461538462,False,-9.9903,2.7743,1,1,1,100.0,11.448834853090181,11.448834853090181,8.0,0.0,历史1/1次成功; 当前距低点0.00%; 最新日涨幅-9.99%; 状态confirmed_rebound; 底部未确认
521,68.63111572700296,63.5473293768546,002628,成都路桥,confirmed_rebound,2024-02-05,2.42,2024-02-05,2.42,0.0,10.743801652892571,27.54491017964072,False,-10.0372,3.525,1,1,1,100.0,11.27596439169139,11.27596439169139,8.0,0.0,历史1/1次成功; 当前距低点0.00%; 最新日涨幅-10.04%; 状态confirmed_rebound; 底部未确认
522,68.62706790697675,63.54358139534884,600288,大恒科技,confirmed_rebound,2024-02-05,6.87,2024-02-05,6.87,0.0,11.935953420669582,31.23123123123123,False,-9.9607,3.3294,1,1,1,100.0,11.255813953488381,11.255813953488381,8.0,0.0,历史1/1次成功; 当前距低点0.00%; 最新日涨幅-9.96%; 状态confirmed_rebound; 底部未确认
523,68.60092133489967,64.30570831000297,001268,联合精密,confirmed_rebound,2024-02-05,15.75,2024-02-05,15.65,0.6389776357827454,11.11821086261981,30.19625334522748,False,-9.4307,11.6696,1,1,1,100.0,10.92783505154639,10.92783505154639,7.361022364217256,0.6389776357827454,历史1/1次成功; 当前距低点0.64%; 最新日涨幅-9.43%; 状态confirmed_rebound; 底部未确认
524,68.59570456033477,67.09237800732713,603115,海星股份,confirmed_rebound,2024-02-05,9.39,2024-02-05,9.13,2.847754654983568,11.391018619934272,27.826086956521735,False,-7.3964,1.8094,1,1,1,100.0,13.14655172413793,13.14655172413793,5.152245345016432,2.847754654983568,历史1/1次成功; 当前距低点2.85%; 最新日涨幅-7.40%; 状态confirmed_rebound; 底部未确认
525,68.59309989023052,63.51212952799122,002205,国统股份,confirmed_rebound,2024-02-05,7.11,2024-02-05,7.11,0.0,8.720112517580873,30.970873786407772,False,-10.0,5.4543,1,1,1,100.0,11.086717892425904,11.086717892425904,8.0,0.0,历史1/1次成功; 当前距低点0.00%; 最新日涨幅-10.00%; 状态confirmed_rebound; 底部未确认
526,68.57807142857145,63.4982142857143,002277,友阿股份,confirmed_rebound,2024-02-05,2.65,2024-02-05,2.65,0.0,10.18867924528302,28.9544235924933,False,-9.8639,2.6117,1,1,1,100.0,11.011904761904766,11.011904761904766,8.0,0.0,历史1/1次成功; 当前距低点0.00%; 最新日涨幅-9.86%; 状态confirmed_rebound; 底部未确认
527,68.50681705150978,63.4322380106572,002420,毅昌科技,confirmed_rebound,2024-02-05,3.8,2024-02-05,3.8,0.0,11.052631578947366,29.759704251386328,False,-9.9526,2.2296,1,1,1,100.0,10.657193605683846,10.657193605683846,8.0,0.0,历史1/1次成功; 当前距低点0.00%; 最新日涨幅-9.95%; 状态confirmed_rebound; 底部未确认
528,68.50670182992467,63.43213132400432,002647,仁东控股,confirmed_rebound,2024-02-05,4.23,2024-02-05,4.23,0.0,10.165484633569733,31.331168831168828,False,-10.0,3.8675,1,1,1,100.0,10.656620021528528,10.656620021528528,8.0,0.0,历史1/1次成功; 当前距低点0.00%; 最新日涨幅-10.00%; 状态confirmed_rebound; 底部未确认
529,68.485376146789,63.41238532110091,002849,威星智能,confirmed_rebound,2024-02-05,11.59,2024-02-05,11.59,0.0,9.232096635030201,31.420118343195263,False,-10.0155,2.0818,1,1,1,100.0,10.550458715596333,10.550458715596333,8.0,0.0,历史1/1次成功; 当前距低点0.00%; 最新日涨幅-10.02%; 状态confirmed_rebound; 底部未确认
530,68.45967887323945,63.38859154929578,000533,顺钠股份,confirmed_rebound,2024-02-05,3.03,2024-02-05,3.03,0.0,9.90099009900991,31.447963800904983,False,-10.089,3.364,1,1,1,100.0,10.42253521126761,10.42253521126761,8.0,0.0,历史1/1次成功; 当前距低点0.00%; 最新日涨幅-10.09%; 状态confirmed_rebound; 底部未确认
531,68.45444405286344,63.38374449339207,603110,东方材料,confirmed_rebound,2024-02-05,15.12,2024-02-05,15.12,0.0,10.648148148148156,28.746465598491987,False,-10.0,2.215,1,1,1,100.0,10.396475770925107,10.396475770925107,8.0,0.0,历史1/1次成功; 当前距低点0.00%; 最新日涨幅-10.00%; 状态confirmed_rebound; 底部未确认
532,68.4530094896615,64.11892695214104,002733,雄韬股份,confirmed_rebound,2024-02-05,10.06,2024-02-05,10.0,0.600000000000005,11.400000000000006,28.57142857142857,False,-9.4509,1.9681,1,1,1,100.0,9.445843828715354,9.445843828715354,7.399999999999995,0.600000000000005,历史1/1次成功; 当前距低点0.60%; 最新日涨幅-9.45%; 状态confirmed_rebound; 底部未确认
533,68.43883892617451,63.36929530201343,002140,东华科技,confirmed_rebound,2024-02-05,6.17,2024-02-05,6.17,0.0,10.85899513776337,28.0046674445741,False,-9.927,2.164,1,1,1,100.0,10.318791946308728,10.318791946308728,8.0,0.0,历史1/1次成功; 当前距低点0.00%; 最新日涨幅-9.93%; 状态confirmed_rebound; 底部未确认
534,68.40096880356532,63.33423037367159,001270,铖昌科技,confirmed_rebound,2024-02-05,37.35,2024-02-05,37.35,0.0,10.76305220883533,29.793233082706767,False,-10.0,5.386,1,1,1,100.0,10.130270826191285,10.130270826191285,8.0,0.0,历史1/1次成功; 当前距低点0.00%; 最新日涨幅-10.00%; 状态confirmed_rebound; 底部未确认
535,68.3945471231528,67.02909771274807,002389,航天彩虹,confirmed_rebound,2024-02-05,11.86,2024-02-05,11.52,2.951388888888888,11.111111111111121,28.580285182889025,False,-7.3438,1.9685,1,1,1,100.0,14.076690211907161,14.076690211907161,5.0486111111111125,2.951388888888888,历史1/1次成功; 当前距低点2.95%; 最新日涨幅-7.34%; 状态confirmed_rebound; 底部未确认
536,68.38831039119086,64.52075216161735,603275,众辰科技,confirmed_rebound,2024-02-05,28.0,2024-02-05,27.73,0.9736747205192917,10.890732059141722,27.654578659013822,False,-9.0614,4.8771,1,1,1,100.0,16.186723249469523,16.186723249469523,7.026325279480708,0.9736747205192917,历史1/1次成功; 当前距低点0.97%; 最新日涨幅-9.06%; 状态confirmed_rebound; 底部未确认
537,68.38573153666754,63.320121793210674,001283,豪鹏科技,confirmed_rebound,2024-02-05,28.87,2024-02-05,28.87,0.0,9.040526498094906,32.02260419119378,False,-10.0062,3.07,1,1,1,100.0,10.05441824306814,10.05441824306814,8.0,0.0,历史1/1次成功; 当前距低点0.00%; 最新日涨幅-10.01%; 状态confirmed_rebound; 底部未确认
538,68.35176174566799,64.16615415176801,603112,华翔股份,confirmed_rebound,2024-02-05,8.45,2024-02-05,8.39,0.7151370679380061,10.131108462455298,28.29059829059828,False,-9.3348,1.3912,1,1,1,100.0,11.111111111111114,11.111111111111114,7.284862932061994,0.7151370679380061,历史1/1次成功; 当前距低点0.72%; 最新日涨幅-9.33%; 状态confirmed_rebound; 底部未确认
539,68.35151702728544,67.83245131289115,300738,奥飞数据,confirmed_rebound,2024-02-05,6.9,2024-02-05,6.66,3.603603603603607,13.063063063063066,31.97139938712972,False,-8.971,3.9047,1,1,1,100.0,26.39068564036221,26.39068564036221,4.396396396396393,3.603603603603607,历史1/1次成功; 当前距低点3.60%; 最新日涨幅-8.97%; 状态confirmed_rebound; 底部未确认
540,68.348016,63.285199999999996,002613,北玻股份,confirmed_rebound,2024-02-05,3.07,2024-02-05,3.07,0.0,9.771986970684047,31.473214285714295,False,-9.9707,4.0897,1,1,1,100.0,9.866666666666669,9.866666666666669,8.0,0.0,历史1/1次成功; 当前距低点0.00%; 最新日涨幅-9.97%; 状态confirmed_rebound; 底部未确认
541,68.34186885245903,63.27950819672132,000809,和展能源,confirmed_rebound,2024-02-05,2.17,2024-02-05,2.17,0.0,11.52073732718894,30.891719745222936,False,-9.9585,1.6276,1,1,1,100.0,9.836065573770501,9.836065573770501,8.0,0.0,历史1/1次成功; 当前距低点0.00%; 最新日涨幅-9.96%; 状态confirmed_rebound; 底部未确认
542,68.33371106480064,67.04269422729105,301370,国科恒泰,confirmed_rebound,2024-02-05,11.3,2024-02-05,10.97,3.0082041932543304,14.767547857793975,28.9967637540453,False,-9.8164,8.5017,1,1,1,100.0,14.846235418875933,14.846235418875933,4.99179580674567,3.0082041932543304,历史1/1次成功; 当前距低点3.01%; 最新日涨幅-9.82%; 状态confirmed_rebound; 底部未确认
543,68.32078617157491,63.25998719590269,002576,通达动力,confirmed_rebound,2024-02-05,10.62,2024-02-05,10.62,0.0,10.075329566854995,28.96321070234114,False,-10.0,3.391,1,1,1,100.0,9.731113956466078,9.731113956466078,8.0,0.0,历史1/1次成功; 当前距低点0.00%; 最新日涨幅-10.00%; 状态confirmed_rebound; 底部未确认
544,68.31000000000002,63.25000000000001,002098,浔兴股份,confirmed_rebound,2024-02-05,4.64,2024-02-05,4.64,0.0,9.051724137931034,28.173374613003098,False,-9.9029,2.4609,1,1,1,100.0,9.677419354838705,9.677419354838705,8.0,0.0,历史1/1次成功; 当前距低点0.00%; 最新日涨幅-9.90%; 状态confirmed_rebound; 底部未确认
545,68.2878662789833,69.53393746037352,688097,博众精工,confirmed_rebound,2024-02-05,19.33,2024-02-05,18.42,4.940282301845801,12.214983713355048,32.154696132596676,False,-5.7073,5.1431,3,3,3,100.0,18.59022101388142,36.461661341853045,3.0597176981542,4.940282301845801,历史3/3次成功; 当前距低点4.94%; 最新日涨幅-5.71%; 状态confirmed_rebound; 底部未确认
546,68.2832928416486,63.225271149674626,600237,铜峰电子,confirmed_rebound,2024-02-05,4.42,2024-02-05,4.42,0.0,10.633484162895922,31.79012345679013,False,-9.9796,4.1939,1,1,1,100.0,9.544468546637733,9.544468546637733,8.0,0.0,历史1/1次成功; 当前距低点0.00%; 最新日涨幅-9.98%; 状态confirmed_rebound; 底部未确认
547,68.25851305334848,63.20232690124858,000833,粤桂股份,confirmed_rebound,2024-02-05,4.29,2024-02-05,4.29,0.0,10.95571095571095,27.533783783783782,False,-10.0629,2.3451,1,1,1,100.0,9.421112372304199,9.421112372304199,8.0,0.0,历史1/1次成功; 当前距低点0.00%; 最新日涨幅-10.06%; 状态confirmed_rebound; 底部未确认
548,68.24977095435686,63.19423236514523,605179,一鸣食品,confirmed_rebound,2024-02-05,9.57,2024-02-05,9.57,0.0,10.762800417972825,27.38998482549317,False,-9.9718,1.8067,1,1,1,100.0,9.377593360995842,9.377593360995842,8.0,0.0,历史1/1次成功; 当前距低点0.00%; 最新日涨幅-9.97%; 状态confirmed_rebound; 底部未确认
549,68.24386620926245,63.18876500857633,603320,迪贝电气,confirmed_rebound,2024-02-05,9.9,2024-02-05,9.9,0.0,13.03030303030302,32.6072157930565,False,-10.0,1.6238,1,1,1,100.0,9.34819897084048,9.34819897084048,8.0,0.0,历史1/1次成功; 当前距低点0.00%; 最新日涨幅-10.00%; 状态confirmed_rebound; 底部未确认
550,68.23109116578928,69.0252907890816,300639,凯普生物,confirmed_rebound,2024-02-05,5.91,2024-02-05,5.65,4.60176991150442,14.159292035398227,28.299492385786795,False,-8.2298,1.5468,3,3,3,100.0,11.70605477049283,15.373134328358212,3.3982300884955796,4.60176991150442,历史3/3次成功; 当前距低点4.60%; 最新日涨幅-8.23%; 状态confirmed_rebound; 底部未确认
551,68.19757788096243,63.14590544533558,001358,兴欣新材,confirmed_rebound,2024-02-05,27.16,2024-02-05,27.16,0.0,11.15611192930781,32.387353746577055,False,-10.0066,10.8824,1,1,1,100.0,9.117771211481637,9.117771211481637,8.0,0.0,历史1/1次成功; 当前距低点0.00%; 最新日涨幅-10.01%; 状态confirmed_rebound; 底部未确认
552,68.09276217765043,63.04885386819484,600336,澳柯玛,confirmed_rebound,2024-02-05,3.87,2024-02-05,3.87,0.0,10.077519379844952,28.465804066543438,False,-10.0,2.3991,1,1,1,100.0,8.595988538681942,8.595988538681942,8.0,0.0,历史1/1次成功; 当前距低点0.00%; 最新日涨幅-10.00%; 状态confirmed_rebound; 底部未确认
553,68.08752681388015,63.04400630914827,605058,澳弘电子,confirmed_rebound,2024-02-05,13.38,2024-02-05,13.38,0.0,9.56651718983557,30.49350649350649,False,-10.0202,2.0098,1,1,1,100.0,8.569926393270237,8.569926393270237,8.0,0.0,历史1/1次成功; 当前距低点0.00%; 最新日涨幅-10.02%; 状态confirmed_rebound; 底部未确认
554,68.08077646044407,63.03775598189265,605376,博迁新材,confirmed_rebound,2024-02-05,16.16,2024-02-05,16.16,0.0,11.324257425742564,29.61672473867596,False,-9.9721,1.4118,1,1,1,100.0,8.536322483293816,8.536322483293816,8.0,0.0,历史1/1次成功; 当前距低点0.00%; 最新日涨幅-9.97%; 状态confirmed_rebound; 底部未确认
555,68.0558672985782,63.014691943127964,002730,电光科技,confirmed_rebound,2024-02-05,5.94,2024-02-05,5.94,0.0,11.111111111111098,31.88073394495413,False,-10.0,2.9379,1,1,1,100.0,8.412322274881527,8.412322274881527,8.0,0.0,历史1/1次成功; 当前距低点0.00%; 最新日涨幅-10.00%; 状态confirmed_rebound; 底部未确认
556,68.05143219512196,63.010585365853665,001222,源飞宠物,confirmed_rebound,2024-02-05,9.86,2024-02-05,9.86,0.0,11.054766734279918,31.859018659295103,False,-9.9543,4.8869,1,1,1,100.0,8.39024390243902,8.39024390243902,8.0,0.0,历史1/1次成功; 当前距低点0.00%; 最新日涨幅-9.95%; 状态confirmed_rebound; 底部未确认
557,67.99717241379311,62.96034482758621,002734,利民股份,confirmed_rebound,2024-02-05,5.49,2024-02-05,5.49,0.0,10.382513661202173,27.572559366754618,False,-10.0,2.3018,1,1,1,100.0,8.12013348164628,8.12013348164628,8.0,0.0,历史1/1次成功; 当前距低点0.00%; 最新日涨幅-10.00%; 状态confirmed_rebound; 底部未确认
558,67.9667690108156,66.66448602794412,300718,长盛轴承,confirmed_rebound,2024-02-05,12.04,2024-02-05,11.69,2.9940119760479016,11.12061591103508,27.928483353884094,False,-8.2317,2.9488,1,1,1,100.0,12.638888888888877,12.638888888888877,5.005988023952098,2.9940119760479016,历史1/1次成功; 当前距低点2.99%; 最新日涨幅-8.23%; 状态confirmed_rebound; 底部未确认
559,67.94454017259,67.5428195286916,688057,金达莱,confirmed_rebound,2024-02-05,9.55,2024-02-05,9.21,3.691639522258413,14.657980456026054,30.332829046898635,False,-10.4128,0.8716,2,2,2,100.0,9.246008814197628,9.859976662777116,4.308360477741587,3.691639522258413,历史2/2次成功; 当前距低点3.69%; 最新日涨幅-10.41%; 状态confirmed_rebound; 底部未确认
560,67.93120734432947,67.9395820231613,688151,华强科技,confirmed_rebound,2024-02-05,12.98,2024-02-05,12.48,4.006410256410256,13.060897435897429,28.726442033123934,False,-9.547,1.4992,1,1,1,100.0,31.90428713858426,31.90428713858426,3.993589743589744,4.006410256410256,历史1/1次成功; 当前距低点4.01%; 最新日涨幅-9.55%; 状态confirmed_rebound; 底部未确认
561,67.90701492687452,62.876865673031965,300693,盛弘股份,confirmed_rebound,2024-02-05,23.58,2024-02-05,23.58,0.0,11.026293469041567,28.241022519780895,False,-11.0524,5.8135,3,4,3,75.0,11.837987489419174,14.598108747044908,8.0,0.0,历史3/4次成功; 当前距低点0.00%; 最新日涨幅-11.05%; 状态confirmed_rebound; 底部未确认
562,67.62172486463383,67.63912399620841,601515,衢州东峰,confirmed_rebound,2024-02-05,3.11,2024-02-05,2.99,4.013377926421393,9.030100334448147,27.427184466019416,False,-5.4711,1.3252,2,2,2,100.0,13.707664884135484,15.294117647058833,3.9866220735786073,4.013377926421393,历史2/2次成功; 当前距低点4.01%; 最新日涨幅-5.47%; 状态confirmed_rebound; 底部未确认
563,67.54798648492385,68.62067753606227,688266,泽璟制药,confirmed_rebound,2024-02-05,34.8,2024-02-05,33.2,4.819277108433717,13.765060240963855,28.18516115076789,False,-8.0095,1.5693,2,2,2,100.0,28.86359861984492,39.990774907749085,3.1807228915662837,4.819277108433717,历史2/2次成功; 当前距低点4.82%; 最新日涨幅-8.01%; 状态confirmed_rebound; 底部未确认
564,67.39503473971699,63.47778080062185,601033,永兴股份,confirmed_rebound,2024-02-05,12.51,2024-02-05,12.4,0.8870967741935437,9.516129032258062,31.79317931793179,False,-7.4704,13.9192,1,1,1,100.0,9.518072289156615,9.518072289156615,7.112903225806456,0.8870967741935437,历史1/1次成功; 当前距低点0.89%; 最新日涨幅-7.47%; 状态confirmed_rebound; 底部未确认
565,67.17166583772979,65.98029745730939,002763,汇洁股份,confirmed_rebound,2024-02-05,6.38,2024-02-05,6.19,3.0694668820678435,11.147011308562188,29.659090909090914,False,-6.9971,5.6257,1,1,1,100.0,9.885386819484234,9.885386819484234,4.930533117932157,3.0694668820678435,历史1/1次成功; 当前距低点3.07%; 最新日涨幅-7.00%; 状态confirmed_rebound; 底部未确认
566,67.12735594214318,67.38875832681946,300516,久之洋,confirmed_rebound,2024-02-05,20.83,2024-02-05,19.99,4.202101050525262,15.557778889444737,30.56616880861411,False,-9.3165,1.6388,2,2,2,100.0,14.674993129123969,18.853135313531354,3.797898949474738,4.202101050525262,历史2/2次成功; 当前距低点4.20%; 最新日涨幅-9.32%; 状态confirmed_rebound; 底部未确认
567,66.9024550666827,63.13295566502464,600963,岳阳林纸,confirmed_rebound,2024-02-05,4.1,2024-02-05,4.06,0.9852216748768483,10.591133004926125,28.01418439716312,False,-9.0909,1.7464,1,1,1,100.0,8.866995073891633,8.866995073891633,7.014778325123151,0.9852216748768483,历史1/1次成功; 当前距低点0.99%; 最新日涨幅-9.09%; 状态confirmed_rebound; 底部未确认
568,66.55483730896768,67.78369001176155,300765,新诺威,confirmed_rebound,2024-02-05,24.8,2024-02-05,23.63,4.951333051206102,14.261531950909864,31.626157407407412,False,-4.5787,3.1939,2,2,2,100.0,25.982415959739026,28.947368421052634,3.048666948793899,4.951333051206102,历史2/2次成功; 当前距低点4.95%; 最新日涨幅-4.58%; 状态confirmed_rebound; 底部未确认
569,66.33262388772961,67.37807196344392,300763,锦浪科技,confirmed_rebound,2024-02-05,53.57,2024-02-05,51.11,4.813148111915478,11.504597926041876,30.25382096069869,False,-6.4443,3.1188,2,2,2,100.0,22.10779386350115,35.693617021276594,3.1868518880845222,4.813148111915478,历史2/2次成功; 当前距低点4.81%; 最新日涨幅-6.44%; 状态confirmed_rebound; 底部未确认
570,66.27239617644813,65.45781009526263,002606,大连电瓷,confirmed_rebound,2024-02-05,5.85,2024-02-05,5.66,3.356890459363949,11.130742049469962,31.143552311435528,False,-6.9952,3.6403,1,1,1,100.0,10.599571734475377,10.599571734475377,4.643109540636051,3.356890459363949,历史1/1次成功; 当前距低点3.36%; 最新日涨幅-7.00%; 状态confirmed_rebound; 底部未确认
571,66.09060623767706,65.2255824701584,600353,旭光电子,confirmed_rebound,2024-02-05,5.61,2024-02-05,5.43,3.3149171270718343,9.94475138121547,30.651340996168585,False,-6.5,2.1493,1,1,1,100.0,8.836524300441821,8.836524300441821,4.685082872928166,3.3149171270718343,历史1/1次成功; 当前距低点3.31%; 最新日涨幅-6.50%; 状态confirmed_rebound; 底部未确认
572,66.08908960574377,63.48886312945221,300657,弘信电子,confirmed_rebound,2024-02-05,11.72,2024-02-05,11.5,1.913043478260875,12.78260869565218,29.620563035495717,False,-10.8067,4.4947,2,3,2,66.66666666666666,21.20395480225988,33.47457627118643,6.0869565217391255,1.913043478260875,历史2/3次成功; 当前距低点1.91%; 最新日涨幅-10.81%; 状态confirmed_rebound; 底部未确认
573,66.04443771793291,65.23449264110452,688133,泰坦科技,confirmed_rebound,2024-02-05,26.16,2024-02-05,25.31,3.3583563808771295,17.542473330699334,32.56061817212897,False,-11.322,2.6728,1,1,1,100.0,9.416909620991266,9.416909620991266,4.6416436191228705,3.3583563808771295,历史1/1次成功; 当前距低点3.36%; 最新日涨幅-11.32%; 状态confirmed_rebound; 底部未确认
574,66.02688309846641,66.74193323782495,603208,江山欧派,confirmed_rebound,2024-02-05,22.7,2024-02-05,21.71,4.560110548134492,13.403961308152926,27.82579787234042,False,-5.8872,1.305,2,2,2,100.0,15.58594240629895,20.717539863325737,3.4398894518655077,4.560110548134492,历史2/2次成功; 当前距低点4.56%; 最新日涨幅-5.89%; 状态confirmed_rebound; 底部未确认
575,66.02347491707481,65.1579802362015,002149,西部材料,confirmed_rebound,2024-02-05,10.6,2024-02-05,10.26,3.3138401559454174,10.428849902534116,27.130681818181817,False,-7.0175,2.1764,1,1,1,100.0,8.459869848156181,8.459869848156181,4.686159844054583,3.3138401559454174,历史1/1次成功; 当前距低点3.31%; 最新日涨幅-7.02%; 状态confirmed_rebound; 底部未确认
576,65.7374809409615,65.03020379993502,688283,坤恒顺维,confirmed_rebound,2024-02-05,33.1,2024-02-05,32.0,3.4375000000000044,21.249999999999993,29.932121742938474,False,-12.8489,1.425,1,1,1,100.0,9.288730107177653,9.288730107177653,4.562499999999996,3.4375000000000044,历史1/1次成功; 当前距低点3.44%; 最新日涨幅-12.85%; 状态confirmed_rebound; 底部未确认
577,65.70942503442971,65.61521954393258,300567,精测电子,confirmed_rebound,2024-02-05,47.92,2024-02-05,46.11,3.925395792669708,9.39058772500542,28.211116300794025,False,-4.9772,3.8667,1,1,1,100.0,18.414634146341452,18.414634146341452,4.074604207330292,3.925395792669708,历史1/1次成功; 当前距低点3.93%; 最新日涨幅-4.98%; 状态confirmed_rebound; 底部未确认
578,65.63537215094084,66.26605057882911,002841,视源股份,bottom_area,2024-02-05,32.53,2024-02-05,31.13,4.497269514937367,7.420494699646639,32.47288503253796,False,-1.7517,1.3524,1,1,1,100.0,8.493683187560732,8.493683187560732,3.5027304850626337,4.497269514937367,历史1/1次成功; 当前距低点4.50%; 最新日涨幅-1.75%; 状态bottom_area; 底部未确认
579,65.54544632186374,64.88211479678479,688132,邦彦技术,confirmed_rebound,2024-02-05,12.52,2024-02-05,12.1,3.4710743801652884,19.090909090909093,30.817610062893074,False,-14.3053,1.608,1,1,1,100.0,8.904109589041095,8.904109589041095,4.528925619834712,3.4710743801652884,历史1/1次成功; 当前距低点3.47%; 最新日涨幅-14.31%; 状态confirmed_rebound; 底部未确认
580,65.49016103283716,60.63903799336774,002316,亚联发展,confirmed_rebound,2024-02-05,3.31,2024-02-05,3.31,0.0,11.178247734138976,32.31083844580777,False,-10.0543,3.136,4,6,4,66.66666666666666,17.862211433876794,24.890829694323134,8.0,0.0,历史4/6次成功; 当前距低点0.00%; 最新日涨幅-10.05%; 状态confirmed_rebound; 底部未确认
581,65.37114442630238,66.54095077071595,601208,东材科技,confirmed_rebound,2024-02-05,8.1,2024-02-05,7.72,4.922279792746113,10.880829015544052,27.511737089201883,False,-5.5944,2.3743,2,2,2,100.0,18.944885474070446,27.76831345826235,3.0777202072538876,4.922279792746113,历史2/2次成功; 当前距低点4.92%; 最新日涨幅-5.59%; 状态confirmed_rebound; 底部未确认
582,65.34735987630575,66.0513987474832,002049,紫光国微,confirmed_rebound,2024-02-05,48.41,2024-02-05,46.3,4.557235421166306,8.207343412527008,31.991774383078734,False,-3.5657,1.853,2,2,2,100.0,11.838147891088074,14.609929078014181,3.4427645788336942,4.557235421166306,历史2/2次成功; 当前距低点4.56%; 最新日涨幅-3.57%; 状态confirmed_rebound; 底部未确认
583,64.97667518988743,64.71991776850238,688027,国盾量子,confirmed_rebound,2024-02-05,74.41,2024-02-05,71.69,3.7941135444273946,13.390988980331997,30.37101787101787,False,-8.7106,1.5499,3,4,3,75.0,16.15858413869275,26.382393397524062,4.205886455572606,3.7941135444273946,历史3/4次成功; 当前距低点3.79%; 最新日涨幅-8.71%; 状态confirmed_rebound; 底部未确认
584,64.92944768864183,64.84940914719787,300513,恒实科技,confirmed_rebound,2024-02-05,7.13,2024-02-05,6.86,3.9358600583090313,16.472303206997083,29.856850715746415,False,-10.9863,4.678,1,1,1,100.0,14.42564559216384,14.42564559216384,4.064139941690969,3.9358600583090313,历史1/1次成功; 当前距低点3.94%; 最新日涨幅-10.99%; 状态confirmed_rebound; 底部未确认
585,64.87191000491428,64.96308626634072,300393,中来股份,confirmed_rebound,2024-02-05,7.41,2024-02-05,7.12,4.073033707865169,13.904494382022461,30.73929961089494,False,-8.6313,2.7812,3,4,3,75.0,20.884963012222048,23.89610389610389,3.926966292134831,4.073033707865169,历史3/4次成功; 当前距低点4.07%; 最新日涨幅-8.63%; 状态confirmed_rebound; 底部未确认
586,64.60403722414831,64.33942400436254,300638,广和通,confirmed_rebound,2024-02-05,12.06,2024-02-05,11.62,3.7865748709122315,12.478485370051645,27.010050251256285,False,-8.0793,4.2465,1,1,1,100.0,9.853842527109853,9.853842527109853,4.213425129087769,3.7865748709122315,历史1/1次成功; 当前距低点3.79%; 最新日涨幅-8.08%; 状态confirmed_rebound; 底部未确认
587,64.02551780035337,59.28288685217904,002009,天奇股份,confirmed_rebound,2024-02-05,8.1,2024-02-05,8.1,0.0,9.876543209876552,29.195804195804197,False,-10.0,3.4205,2,3,2,66.66666666666666,27.237742932862197,44.78798586572438,8.0,0.0,历史2/3次成功; 当前距低点0.00%; 最新日涨幅-10.00%; 状态confirmed_rebound; 底部未确认
588,63.78706208053691,59.06209451901566,600292,电投水电,confirmed_rebound,2024-02-05,4.49,2024-02-05,4.49,0.0,10.244988864142538,27.346278317152095,False,-10.02,2.4241,2,3,2,66.66666666666666,26.050687378220395,40.524193548387096,8.0,0.0,历史2/3次成功; 当前距低点0.00%; 最新日涨幅-10.02%; 状态confirmed_rebound; 底部未确认
589,63.24995833261882,64.06412180052955,300666,江丰电子,confirmed_rebound,2024-02-05,35.0,2024-02-05,33.44,4.665071770334936,13.06818181818183,29.122509537939813,False,-7.5541,3.521,1,1,1,100.0,19.14239482200647,19.14239482200647,3.3349282296650644,4.665071770334936,历史1/1次成功; 当前距低点4.67%; 最新日涨幅-7.55%; 状态confirmed_rebound; 底部未确认
590,63.17027732912859,63.88718462744893,688239,航宇科技,confirmed_rebound,2024-02-05,27.59,2024-02-05,26.38,4.586808188021232,12.774829416224417,30.211640211640212,False,-7.4782,3.836,1,1,1,100.0,17.23175965665236,17.23175965665236,3.4131918119787685,4.586808188021232,历史1/1次成功; 当前距低点4.59%; 最新日涨幅-7.48%; 状态confirmed_rebound; 底部未确认
591,63.094852768750584,63.994512312189244,300438,鹏辉能源,confirmed_rebound,2024-02-05,17.47,2024-02-05,16.68,4.7362110311750545,13.788968824940055,31.611316113161138,False,-8.8205,5.2119,1,1,1,100.0,19.640179910044974,19.640179910044974,3.2637889688249455,4.7362110311750545,历史1/1次成功; 当前距低点4.74%; 最新日涨幅-8.82%; 状态confirmed_rebound; 底部未确认
592,62.94199778250582,60.81583778437491,688161,威高骨科,confirmed_rebound,2024-02-05,25.4,2024-02-05,24.85,2.2132796780683988,11.1871227364185,29.60339943342775,False,-10.4372,1.7334,2,3,2,66.66666666666666,10.513165503785896,12.258889147106666,5.786720321931601,2.2132796780683988,历史2/3次成功; 当前距低点2.21%; 最新日涨幅-10.44%; 状态confirmed_rebound; 底部未确认
593,62.76476172034245,58.11552011142819,000890,法尔胜,confirmed_rebound,2024-02-05,3.06,2024-02-05,3.06,0.0,11.111111111111107,30.769230769230766,False,-10.0,1.9323,2,3,2,66.66666666666666,20.961577660008153,32.954545454545446,8.0,0.0,历史2/3次成功; 当前距低点0.00%; 最新日涨幅-10.00%; 状态confirmed_rebound; 底部未确认
594,62.64159270069779,63.05437585469803,300358,楚天科技,confirmed_rebound,2024-02-05,7.21,2024-02-05,6.91,4.341534008683065,11.143270622286535,27.79519331243469,False,-6.2419,2.2357,1,1,1,100.0,9.747706422018345,9.747706422018345,3.6584659913169353,4.341534008683065,历史1/1次成功; 当前距低点4.34%; 最新日涨幅-6.24%; 状态confirmed_rebound; 底部未确认
595,62.61503456445993,57.97688385598141,002660,茂硕电源,confirmed_rebound,2024-02-05,6.39,2024-02-05,6.39,0.0,10.641627543036005,29.702970297029708,False,-10.0,5.0598,2,3,2,66.66666666666666,20.21622144792876,24.71428571428572,8.0,0.0,历史2/3次成功; 当前距低点0.00%; 最新日涨幅-10.00%; 状态confirmed_rebound; 底部未确认
596,62.49754285714287,57.86809523809524,002079,苏州固锝,confirmed_rebound,2024-02-05,7.08,2024-02-05,7.08,0.0,10.59322033898305,27.97558494404883,False,-10.0381,2.4124,2,3,2,66.66666666666666,19.631336405529957,22.488479262672804,8.0,0.0,历史2/3次成功; 当前距低点0.00%; 最新日涨幅-10.04%; 状态confirmed_rebound; 底部未确认
597,62.40115763405835,57.77884966116513,002112,三变科技,confirmed_rebound,2024-02-05,6.77,2024-02-05,6.77,0.0,10.782865583456433,27.593582887700535,False,-9.9734,4.7373,2,3,2,66.66666666666666,19.151521475798162,21.8550106609808,8.0,0.0,历史2/3次成功; 当前距低点0.00%; 最新日涨幅-9.97%; 状态confirmed_rebound; 底部未确认
598,62.17887775943256,63.15518987341775,002340,格林美,confirmed_rebound,2024-02-05,4.14,2024-02-05,3.95,4.8101265822784685,10.886075949367081,28.18181818181818,False,-3.7209,1.7355,1,1,1,100.0,16.033755274261598,16.033755274261598,3.1898734177215315,4.8101265822784685,历史1/1次成功; 当前距低点4.81%; 最新日涨幅-3.72%; 状态confirmed_rebound; 底部未确认
599,62.096185106731575,62.634612365009666,300674,宇信科技,confirmed_rebound,2024-02-05,10.33,2024-02-05,9.89,4.448938321536901,13.34681496461072,29.154727793696278,False,-8.1778,3.1188,1,1,1,100.0,8.807482462977404,8.807482462977404,3.551061678463099,4.448938321536901,历史1/1次成功; 当前距低点4.45%; 最新日涨幅-8.18%; 状态confirmed_rebound; 底部未确认
600,62.01919148936172,57.42517730496455,000419,通程控股,confirmed_rebound,2024-02-05,4.02,2024-02-05,4.02,0.0,10.69651741293534,28.342245989304825,False,-10.0671,2.8223,2,3,2,66.66666666666666,17.250057195149854,24.82269503546099,8.0,0.0,历史2/3次成功; 当前距低点0.00%; 最新日涨幅-10.07%; 状态confirmed_rebound; 底部未确认
601,61.97269445061043,57.38212449130595,002380,科远智慧,confirmed_rebound,2024-02-05,10.94,2024-02-05,10.94,0.0,10.05484460694698,30.40712468193385,False,-10.0329,4.694,2,3,2,66.66666666666666,17.018590455049956,25.735294117647072,8.0,0.0,历史2/3次成功; 当前距低点0.00%; 最新日涨幅-10.03%; 状态confirmed_rebound; 底部未确认
602,61.92381910965633,62.49520383039132,002407,多氟多,confirmed_rebound,2024-02-05,10.5,2024-02-05,10.05,4.4776119402985,10.248756218905465,29.769392033542974,False,-5.914,2.3909,1,1,1,100.0,8.409457281031711,8.409457281031711,3.5223880597015,4.4776119402985,历史1/1次成功; 当前距低点4.48%; 最新日涨幅-5.91%; 状态confirmed_rebound; 底部未确认
603,61.59294909152449,57.03050841807823,603123,翠微股份,confirmed_rebound,2024-02-05,6.62,2024-02-05,6.62,0.0,11.027190332326278,27.965179542981495,False,-9.932,3.1818,2,3,2,66.66666666666666,15.128181459201945,16.108452950558224,8.0,0.0,历史2/3次成功; 当前距低点0.00%; 最新日涨幅-9.93%; 状态confirmed_rebound; 底部未确认
604,61.586679043494634,57.024702818050585,002177,御银股份,confirmed_rebound,2024-02-05,2.88,2024-02-05,2.88,0.0,10.763888888888891,30.769230769230777,False,-10.0,4.7006,2,3,2,66.66666666666666,15.096968555827523,19.574468085106382,8.0,0.0,历史2/3次成功; 当前距低点0.00%; 最新日涨幅-10.00%; 状态confirmed_rebound; 底部未确认
605,61.56892589445209,62.34168587162336,300596,利安隆,confirmed_rebound,2024-02-05,18.91,2024-02-05,18.07,4.648588821250691,12.451577199778638,27.283702213279682,False,-6.939,1.5338,1,1,1,100.0,9.679937548790004,9.679937548790004,3.3514111787493097,4.648588821250691,历史1/1次成功; 当前距低点4.65%; 最新日涨幅-6.94%; 状态confirmed_rebound; 底部未确认
606,61.552346145398644,56.992913097591334,002425,凯撒文化,confirmed_rebound,2024-02-05,2.92,2024-02-05,2.92,0.0,11.3013698630137,32.40740740740741,False,-9.8765,3.1208,2,3,2,66.66666666666666,14.926056080240135,21.231422505307858,8.0,0.0,历史2/3次成功; 当前距低点0.00%; 最新日涨幅-9.88%; 状态confirmed_rebound; 底部未确认
607,61.52267046587105,56.96543561654727,002813,路畅科技,confirmed_rebound,2024-02-05,21.92,2024-02-05,21.92,0.0,9.990875912408747,30.302066772655,False,-9.9795,1.3223,2,3,2,66.66666666666666,14.778327687530107,21.23181677499226,8.0,0.0,历史2/3次成功; 当前距低点0.00%; 最新日涨幅-9.98%; 状态confirmed_rebound; 底部未确认
608,61.31683390688754,62.070199786914735,603303,得邦照明,confirmed_rebound,2024-02-05,9.03,2024-02-05,8.63,4.634994206257225,11.12398609501737,27.721943048576204,False,-5.8394,1.2463,1,1,1,100.0,8.053691275167791,8.053691275167791,3.365005793742775,4.634994206257225,历史1/1次成功; 当前距低点4.63%; 最新日涨幅-5.84%; 状态confirmed_rebound; 底部未确认
609,61.28165535722195,56.74227347890921,002769,普路通,confirmed_rebound,2024-02-05,5.31,2024-02-05,5.31,0.0,11.111111111111125,32.69961977186312,False,-10.0,0.9464,2,3,2,66.66666666666666,13.578531248615864,14.953271028037399,8.0,0.0,历史2/3次成功; 当前距低点0.00%; 最新日涨幅-10.00%; 状态confirmed_rebound; 底部未确认
610,61.04238518938717,61.930002073398306,301459,丰茂股份,confirmed_rebound,2024-02-05,31.09,2024-02-05,29.68,4.75067385444744,12.398921832884097,29.551388559221465,False,-5.444,10.9279,1,1,1,100.0,8.71794871794873,8.71794871794873,3.2493261455525606,4.75067385444744,历史1/1次成功; 当前距低点4.75%; 最新日涨幅-5.44%; 状态confirmed_rebound; 底部未确认
611,60.93902546408116,56.425023577852926,000509,华塑控股,confirmed_rebound,2024-02-05,2.75,2024-02-05,2.75,0.0,12.000000000000002,27.055702917771885,False,-10.1307,1.1836,2,3,2,66.66666666666666,11.872886619280932,13.953488372093018,8.0,0.0,历史2/3次成功; 当前距低点0.00%; 最新日涨幅-10.13%; 状态confirmed_rebound; 底部未确认
612,60.80764257148765,56.303372751377445,603068,博通集成,confirmed_rebound,2024-02-05,17.57,2024-02-05,17.57,0.0,10.643141718838937,30.139165009940356,False,-9.9898,2.1204,2,3,2,66.66666666666666,11.218849917799867,12.630068173663437,8.0,0.0,历史2/3次成功; 当前距低点0.00%; 最新日涨幅-9.99%; 状态confirmed_rebound; 底部未确认
613,59.38580588475465,57.77876915136889,603313,梦百合,confirmed_rebound,2024-02-05,8.37,2024-02-05,8.16,2.5735294117646945,10.294117647058822,28.421052631578945,False,-7.7178,1.4855,2,4,2,50.0,18.0452484418946,25.52486187845302,5.426470588235306,2.5735294117646945,历史2/4次成功; 当前距低点2.57%; 最新日涨幅-7.72%; 状态confirmed_rebound; 底部未确认
614,58.43054900996655,56.11187643020597,300337,银邦股份,confirmed_rebound,2024-02-05,4.84,2024-02-05,4.75,1.8947368421052602,16.84210526315789,30.35190615835777,False,-12.9496,4.9459,1,2,1,50.0,34.09610983981694,34.09610983981694,6.10526315789474,1.8947368421052602,历史1/2次成功; 当前距低点1.89%; 最新日涨幅-12.95%; 状态confirmed_rebound; 底部未确认
615,58.26365295338173,55.670182599355535,600935,华塑股份,confirmed_rebound,2024-02-05,2.49,2024-02-05,2.45,1.632653061224491,10.20408163265306,28.3625730994152,False,-8.1181,0.9446,1,2,1,50.0,28.50877192982458,28.50877192982458,6.367346938775508,1.632653061224491,历史1/2次成功; 当前距低点1.63%; 最新日涨幅-8.12%; 状态confirmed_rebound; 底部未确认
616,57.64040922771371,55.38327935222674,002106,莱宝高科,confirmed_rebound,2024-02-05,6.89,2024-02-05,6.76,1.9230769230769214,10.94674556213018,27.467811158798288,False,-8.2557,3.1518,1,2,1,50.0,30.526315789473674,30.526315789473674,6.076923076923078,1.9230769230769214,历史1/2次成功; 当前距低点1.92%; 最新日涨幅-8.26%; 状态confirmed_rebound; 底部未确认
617,57.59355631392487,57.536398168191674,300458,全志科技,confirmed_rebound,2024-02-05,13.69,2024-02-05,13.17,3.9483675018982507,15.337889141989367,29.421221864951768,False,-9.3377,3.9734,3,5,3,60.0,11.928365981288579,17.541498429789147,4.05163249810175,3.9483675018982507,历史3/5次成功; 当前距低点3.95%; 最新日涨幅-9.34%; 状态confirmed_rebound; 底部未确认
618,56.05010298438648,56.40736407584299,688321,微芯生物,confirmed_rebound,2024-02-05,13.01,2024-02-05,12.47,4.330392943063345,19.887730553327977,31.4458493677845,False,-13.6695,2.9695,2,3,2,66.66666666666666,12.763404942799756,15.754082612872244,3.6696070569366546,4.330392943063345,历史2/3次成功; 当前距低点4.33%; 最新日涨幅-13.67%; 状态confirmed_rebound; 底部未确认
619,55.46710886829954,56.14600406245936,688165,埃夫特,confirmed_rebound,2024-02-05,6.55,2024-02-05,6.26,4.632587859424921,18.530351437699682,32.76047261009668,False,-11.7251,1.7547,2,3,2,66.66666666666666,15.062568361728554,21.98142414860681,3.3674121405750794,4.632587859424921,历史2/3次成功; 当前距低点4.63%; 最新日涨幅-11.73%; 状态confirmed_rebound; 底部未确认
620,54.215859305668054,52.234470838794245,002651,利君股份,confirmed_rebound,2024-02-05,4.45,2024-02-05,4.36,2.0642201834862353,10.779816513761462,29.105691056910565,False,-8.0579,2.6677,1,2,1,50.0,15.327380952380956,15.327380952380956,5.935779816513765,2.0642201834862353,历史1/2次成功; 当前距低点2.06%; 最新日涨幅-8.06%; 状态confirmed_rebound; 底部未确认
621,54.13856030059622,52.671390644753494,300451,创业慧康,confirmed_rebound,2024-02-05,3.59,2024-02-05,3.5,2.571428571428567,15.714285714285708,31.10236220472441,False,-12.2249,5.3624,1,2,1,50.0,23.89380530973452,23.89380530973452,5.428571428571432,2.571428571428567,历史1/2次成功; 当前距低点2.57%; 最新日涨幅-12.22%; 状态confirmed_rebound; 底部未确认
622,53.96717399223414,52.8360363134118,688236,春立医疗,confirmed_rebound,2024-02-05,15.62,2024-02-05,15.18,2.898550724637678,17.127799736495398,29.91689750692521,False,-11.6516,2.2048,1,2,1,50.0,28.788881535407025,28.788881535407025,5.101449275362322,2.898550724637678,历史1/2次成功; 当前距低点2.90%; 最新日涨幅-11.65%; 状态confirmed_rebound; 底部未确认
623,53.65628473019518,49.68174512055109,001319,铭科精技,confirmed_rebound,2024-02-05,15.75,2024-02-05,15.75,0.0,10.920634920634914,28.37653478854024,False,-10.0,2.7701,1,2,1,50.0,28.396479142747793,28.396479142747793,8.0,0.0,历史1/2次成功; 当前距低点0.00%; 最新日涨幅-10.00%; 状态confirmed_rebound; 底部未确认
624,53.317321333645594,51.55956896551726,688189,南新制药,confirmed_rebound,2024-02-05,5.89,2024-02-05,5.76,2.256944444444443,16.666666666666664,31.59144893111639,False,-12.8698,3.0173,1,2,1,50.0,14.06130268199233,14.06130268199233,5.743055555555557,2.256944444444443,历史1/2次成功; 当前距低点2.26%; 最新日涨幅-12.87%; 状态confirmed_rebound; 底部未确认
625,53.07075558016082,51.45174080289633,002218,拓日新能,confirmed_rebound,2024-02-05,3.0,2024-02-05,2.93,2.3890784982935096,10.921501706484635,28.186274509803923,False,-7.6923,1.457,1,2,1,50.0,15.10128913443831,15.10128913443831,5.610921501706491,2.3890784982935096,历史1/2次成功; 当前距低点2.39%; 最新日涨幅-7.69%; 状态confirmed_rebound; 底部未确认
626,53.0424526950008,51.25951310861423,301372,科净源,confirmed_rebound,2024-02-05,27.6,2024-02-05,27.0,2.2222222222222276,16.370370370370377,32.296890672016055,False,-12.2417,8.3638,1,2,1,50.0,12.022471910112362,12.022471910112362,5.777777777777772,2.2222222222222276,历史1/2次成功; 当前距低点2.22%; 最新日涨幅-12.24%; 状态confirmed_rebound; 底部未确认
627,53.03376163391285,51.68107400379505,300503,昊志机电,confirmed_rebound,2024-02-05,10.82,2024-02-05,10.54,2.6565464895635786,18.59582542694498,31.06605624591236,False,-11.4566,8.2788,1,2,1,50.0,19.61290322580645,19.61290322580645,5.343453510436421,2.6565464895635786,历史1/2次成功; 当前距低点2.66%; 最新日涨幅-11.46%; 状态confirmed_rebound; 底部未确认
628,52.941738758029985,49.02012847965739,000514,渝开发,confirmed_rebound,2024-02-05,3.16,2024-02-05,3.16,0.0,10.759493670886071,29.621380846325167,False,-9.9715,2.6163,1,2,1,50.0,24.839400428265527,24.839400428265527,8.0,0.0,历史1/2次成功; 当前距低点0.00%; 最新日涨幅-9.97%; 状态confirmed_rebound; 底部未确认
629,52.79248192771085,48.88192771084338,002114,罗平锌电,confirmed_rebound,2024-02-05,4.91,2024-02-05,4.91,0.0,10.590631364562109,29.656160458452725,False,-10.0733,3.3053,1,2,1,50.0,24.096385542168683,24.096385542168683,8.0,0.0,历史1/2次成功; 当前距低点0.00%; 最新日涨幅-10.07%; 状态confirmed_rebound; 底部未确认
630,52.65421193283377,49.304834218341234,002864,盘龙药业,confirmed_rebound,2024-02-05,24.13,2024-02-05,23.99,0.5835764902042542,9.629012088370164,29.00266350991418,False,-9.4899,5.557,1,2,1,50.0,21.26553019358567,21.26553019358567,7.416423509795746,0.5835764902042542,历史1/2次成功; 当前距低点0.58%; 最新日涨幅-9.49%; 状态confirmed_rebound; 底部未确认
631,52.44076355398819,50.94312694122192,601022,宁波远洋,confirmed_rebound,2024-02-05,7.81,2024-02-05,7.62,2.4934383202099673,11.286089238845149,27.70398481973434,False,-7.6832,12.551,1,2,1,50.0,13.646055437100205,13.646055437100205,5.506561679790033,2.4934383202099673,历史1/2次成功; 当前距低点2.49%; 最新日涨幅-7.68%; 状态confirmed_rebound; 底部未确认
632,51.996118811881196,48.14455445544555,600130,波导股份,confirmed_rebound,2024-02-05,2.97,2024-02-05,2.97,0.0,10.437710437710424,29.787234042553195,False,-10.0,3.3948,1,2,1,50.0,20.13201320132014,20.13201320132014,8.0,0.0,历史1/2次成功; 当前距低点0.00%; 最新日涨幅-10.00%; 状态confirmed_rebound; 底部未确认
633,51.831656652360515,47.992274678111585,000573,粤宏远A,confirmed_rebound,2024-02-05,2.54,2024-02-05,2.54,0.0,10.236220472440936,30.978260869565222,False,-9.9291,3.617,1,2,1,50.0,19.31330472103003,19.31330472103003,8.0,0.0,历史1/2次成功; 当前距低点0.00%; 最新日涨幅-9.93%; 状态confirmed_rebound; 底部未确认
634,51.61528345467616,51.04053084298042,300593,新雷能,confirmed_rebound,2024-02-05,8.17,2024-02-05,7.9,3.4177215189873364,15.822784810126581,32.47863247863248,False,-10.121,3.6498,1,2,1,50.0,25.499655410062033,25.499655410062033,4.582278481012664,3.4177215189873364,历史1/2次成功; 当前距低点3.42%; 最新日涨幅-10.12%; 状态confirmed_rebound; 底部未确认
635,51.507226305609294,47.69187620889749,000779,甘咨询,confirmed_rebound,2024-02-05,7.16,2024-02-05,7.16,0.0,9.776536312849164,27.08757637474542,False,-10.0503,1.7333,1,2,1,50.0,17.69825918762089,17.69825918762089,8.0,0.0,历史1/2次成功; 当前距低点0.00%; 最新日涨幅-10.05%; 状态confirmed_rebound; 底部未确认
636,51.3911906614786,47.58443579766537,605138,盛泰集团,confirmed_rebound,2024-02-05,5.27,2024-02-05,5.27,0.0,13.472485768500967,27.609890109890117,False,-9.9145,1.2708,1,2,1,50.0,17.120622568093385,17.120622568093385,8.0,0.0,历史1/2次成功; 当前距低点0.00%; 最新日涨幅-9.91%; 状态confirmed_rebound; 底部未确认
637,50.97834168224299,47.202168224299065,603258,电魂网络,confirmed_rebound,2024-02-05,15.51,2024-02-05,15.51,0.0,11.99226305609285,29.819004524886882,False,-9.9826,2.3217,1,2,1,50.0,15.065420560747667,15.065420560747667,8.0,0.0,历史1/2次成功; 当前距低点0.00%; 最新日涨幅-9.98%; 状态confirmed_rebound; 底部未确认
638,50.663152173913055,46.91032608695653,002782,可立克,confirmed_rebound,2024-02-05,8.48,2024-02-05,8.48,0.0,10.023584905660373,28.978224455611386,False,-9.9788,2.4105,1,2,1,50.0,13.496376811594205,13.496376811594205,8.0,0.0,历史1/2次成功; 当前距低点0.00%; 最新日涨幅-9.98%; 状态confirmed_rebound; 底部未确认
639,50.35056716417911,46.62089552238806,002291,遥望科技,confirmed_rebound,2024-02-05,5.28,2024-02-05,5.28,0.0,12.31060606060605,29.599999999999998,False,-10.0511,4.5616,1,2,1,50.0,11.940298507462684,11.940298507462684,8.0,0.0,历史1/2次成功; 当前距低点0.00%; 最新日涨幅-10.05%; 状态confirmed_rebound; 底部未确认
640,50.150719407396174,46.99746643694238,002184,海得控制,confirmed_rebound,2024-02-05,9.67,2024-02-05,9.61,0.624349635796051,10.197710718002085,29.286239882266372,False,-9.4569,4.0506,1,2,1,50.0,9.360126916975144,9.360126916975144,7.375650364203949,0.624349635796051,历史1/2次成功; 当前距低点0.62%; 最新日涨幅-9.46%; 状态confirmed_rebound; 底部未确认
641,50.06652631578949,46.35789473684211,000920,沃顿科技,confirmed_rebound,2024-02-05,6.87,2024-02-05,6.87,0.0,10.189228529839886,27.224576271186436,False,-9.9607,2.6007,1,2,1,50.0,10.526315789473678,10.526315789473678,8.0,0.0,历史1/2次成功; 当前距低点0.00%; 最新日涨幅-9.96%; 状态confirmed_rebound; 底部未确认
642,49.723286573146304,46.04008016032065,002165,红宝丽,confirmed_rebound,2024-02-05,2.84,2024-02-05,2.84,0.0,10.915492957746482,29.52853598014889,False,-9.8413,3.9122,1,2,1,50.0,8.817635270541071,8.817635270541071,8.0,0.0,历史1/2次成功; 当前距低点0.00%; 最新日涨幅-9.84%; 状态confirmed_rebound; 底部未确认
643,49.398948910819456,49.907791972281956,002472,双环传动,confirmed_rebound,2024-02-05,18.91,2024-02-05,18.09,4.532891100055281,8.347153123272536,29.142185663924796,False,-2.7263,2.4184,1,2,1,50.0,22.86442838929026,22.86442838929026,3.4671088999447193,4.532891100055281,历史1/2次成功; 当前距低点4.53%; 最新日涨幅-2.73%; 状态confirmed_rebound; 底部未确认
644,48.96574208144797,45.33865007541478,301512,智信精密,confirmed_rebound,2024-02-05,35.7,2024-02-05,35.7,0.0,15.826330532212879,30.679611650485434,False,-13.7681,11.371,1,3,1,33.33333333333333,24.490950226244347,24.490950226244347,8.0,0.0,历史1/3次成功; 当前距低点0.00%; 最新日涨幅-13.77%; 状态confirmed_rebound; 底部未确认
645,47.27090266762378,47.31295863085119,605358,立昂微,confirmed_rebound,2024-02-05,18.0,2024-02-05,17.3,4.04624277456647,12.023121387283227,28.894369091656387,False,-6.3476,1.8636,1,2,1,50.0,13.16339869281045,13.16339869281045,3.9537572254335305,4.04624277456647,历史1/2次成功; 当前距低点4.05%; 最新日涨幅-6.35%; 状态confirmed_rebound; 底部未确认
646,46.465329200756685,46.78981584937151,688287,退市观典,confirmed_rebound,2024-02-05,6.46,2024-02-05,6.19,4.36187399030694,13.731825525040382,29.176201372997706,False,-8.8858,1.3479,1,2,1,50.0,14.219830899308223,14.219830899308223,3.6381260096930608,4.36187399030694,历史1/2次成功; 当前距低点4.36%; 最新日涨幅-8.89%; 状态confirmed_rebound; 底部未确认
