rank,rank_score,probability_score,code,name,current_stage,latest_date,latest_close,current_top_date,current_top_price,current_low_date,current_low_price,current_low_to_latest_pct,current_low_to_high_pct,current_drawdown_pct,close_drawdown_pct,current_is_bottom_confirmed,latest_pct_chg,latest_turn,historical_valid_event_count,history_sample_count,history_success_count,history_success_rate_pct,history_avg_rebound_pct,history_max_rebound_pct,history_success_dates,upside_to_20pct_target_pct,risk_back_to_low_pct,reason
1,98.12572200268278,81.98646865870816,002809,红墙股份,bottom_area,2024-02-05,6.99,2024-01-26,10.11,2024-02-05,6.98,0.14326647564469608,10.458452722063031,30.959446092977245,30.860534124629073,False,-9.922680412371133,4.460132337004203,5,5,5,100.0,39.6941732428928,81.97879858657244,2016-09-30; 2017-05-24; 2017-11-27; 2020-02-04; 2021-11-02,19.856733524355306,0.14326647564469608,历史5/5次成功; 当前距低点0.14%; 最新日涨幅-9.92%; 状态bottom_area; 底部未确认
2,95.9162544176257,81.5346505770267,300962,中金辐照,bottom_area,2024-02-05,11.18,2024-01-29,16.5,2024-02-05,11.06,1.0849909584086728,17.088607594936697,32.96969696969697,32.24242424242424,False,-15.110098709187547,2.626988723817308,3,3,3,100.0,25.636720226873422,31.64922410682063,2021-04-13; 2021-07-28; 2022-04-27,18.91500904159133,1.0849909584086728,历史3/3次成功; 当前距低点1.08%; 最新日涨幅-15.11%; 状态bottom_area; 底部未确认
3,95.68048017967806,81.89533808765832,605133,嵘泰股份,bottom_area,2024-02-05,16.67,2024-01-26,22.56,2024-02-05,16.43,1.4607425441266098,9.86001217285454,27.171985815602834,26.108156028368786,False,-8.356239692138534,1.2979670318981407,2,2,2,100.0,48.8485542379945,60.01483679525222,2022-04-27; 2023-05-10,18.539257455873393,1.4607425441266098,历史2/2次成功; 当前距低点1.46%; 最新日涨幅-8.36%; 状态bottom_area; 底部未确认
4,94.77835696327082,81.98588824265518,300785,值得买,bottom_area,2024-02-05,13.51,2024-01-26,19.66,2024-02-05,13.24,2.0392749244712958,14.199395770392742,32.65513733468973,31.28179043743642,False,-11.929595827900918,6.062731539282409,3,3,3,100.0,39.7604036045685,53.370000000000005,2019-12-02; 2020-02-04; 2022-10-12,17.960725075528707,2.0392749244712958,历史3/3次成功; 当前距低点2.04%; 最新日涨幅-11.93%; 状态bottom_area; 底部未确认
5,92.68911736174564,78.81881742226439,003020,立方制药,bottom_area,2024-02-05,17.4,2024-01-26,23.88,2024-02-05,17.21,1.1040092969203819,10.865775711795452,27.931323283082072,27.1356783919598,False,-8.948194662480379,1.211759472230292,2,2,2,100.0,27.935261393778788,34.247429105640364,2022-04-27; 2023-05-25,18.89599070307962,1.1040092969203819,历史2/2次成功; 当前距低点1.10%; 最新日涨幅-8.95%; 状态bottom_area; 底部未确认
6,90.5585623224892,77.34400816384269,603171,税友股份,bottom_area,2024-02-05,21.89,2024-01-25,30.03,2024-02-05,21.6,1.3425925925925886,11.0648148148148,28.07192807192807,27.10622710622711,False,-8.791666666666664,0.9625021557564858,2,2,2,100.0,22.930748790074055,25.396825396825395,2021-09-28; 2022-01-28,18.657407407407412,1.3425925925925886,历史2/2次成功; 当前距低点1.34%; 最新日涨幅-8.79%; 状态bottom_area; 底部未确认
7,87.74885018226311,76.083984633655,300510,金冠股份,bottom_area,2024-02-05,3.77,2024-01-26,5.23,2024-02-05,3.69,2.168021680216804,13.008130081300811,29.445506692160617,27.91586998087955,False,-10.663507109004733,2.5531026262592196,2,2,2,100.0,26.274591744888774,30.519480519480524,2022-10-10; 2023-04-25,17.831978319783197,2.168021680216804,历史2/2次成功; 当前距低点2.17%; 最新日涨幅-10.66%; 状态bottom_area; 底部未确认
8,87.69473031147126,73.07894192622605,001210,金房能源,bottom_area,2024-02-05,13.82,2024-01-29,19.2,2024-02-05,13.82,0.0,10.926193921852386,28.02083333333333,28.02083333333333,False,-9.967426710097715,1.5601120698148276,2,2,2,100.0,35.639472721645426,38.131313131313135,2022-04-27; 2023-04-24,20.0,0.0,历史2/2次成功; 当前距低点0.00%; 最新日涨幅-9.97%; 状态bottom_area; 底部未确认
9,87.62723131734487,74.44407162276556,301153,中科江南,bottom_area,2024-02-05,48.01,2024-01-26,65.84,2024-02-05,47.51,1.0524100189433803,13.660282045885081,27.84021871202917,27.08080194410693,False,-11.843554902680875,0.8748997245803799,1,1,1,100.0,20.449282075034734,20.449282075034734,2022-05-26,18.94758998105662,1.0524100189433803,历史1/1次成功; 当前距低点1.05%; 最新日涨幅-11.84%; 状态bottom_area; 底部未确认
10,87.45247327419538,77.15227274558823,603613,国联股份,bottom_area,2024-02-05,15.55,2024-01-19,21.46,2024-02-05,15.08,3.1167108753315693,11.206896551724133,29.72972972972973,27.539608574091336,False,-6.886227544910173,2.9608716752807474,3,3,3,100.0,26.98050291045272,31.835457187569872,2022-05-26; 2022-11-30; 2023-06-01,16.883289124668433,3.1167108753315693,历史3/3次成功; 当前距低点3.12%; 最新日涨幅-6.89%; 状态bottom_area; 底部未确认
11,86.94099065047178,75.4546387811573,301058,中粮科工,bottom_area,2024-02-05,8.75,2024-01-29,12.59,2024-02-05,8.56,2.219626168224293,17.87383177570093,32.00953137410643,30.500397140587765,False,-10.986775178026454,4.836978968329193,1,1,1,100.0,40.190249702734825,40.190249702734825,2024-01-23,17.78037383177571,2.219626168224293,历史1/1次成功; 当前距低点2.22%; 最新日涨幅-10.99%; 状态bottom_area; 底部未确认
12,86.54342975771418,72.11952479809516,603929,亚翔集成,bottom_area,2024-02-05,14.58,2024-01-25,21.28,2024-02-05,14.58,0.0,11.042524005486976,31.484962406015043,31.484962406015043,False,-9.999999999999998,2.773575178102737,5,6,5,83.33333333333334,33.259093896568984,51.30522088353413,2019-05-08; 2019-11-29; 2020-02-04; 2020-12-29; 2022-10-11,20.0,0.0,历史5/6次成功; 当前距低点0.00%; 最新日涨幅-10.00%; 状态bottom_area; 底部未确认
13,86.34597245123814,72.15045858072504,603662,柯力传感,bottom_area,2024-02-05,20.3,2024-01-25,27.98,2024-02-05,20.27,0.1480019733596504,9.817464232856448,27.555396711937103,27.448177269478197,False,-9.857904085257541,3.278140939824631,4,5,4,80.0,30.203779999919632,45.01742160278745,2019-10-09; 2020-02-04; 2022-04-27; 2022-07-25,19.85199802664035,0.1480019733596504,历史4/5次成功; 当前距低点0.15%; 最新日涨幅-9.86%; 状态bottom_area; 底部未确认
14,85.95959431369265,71.63299526141054,001234,泰慕士,bottom_area,2024-02-05,15.53,2024-01-26,21.92,2024-02-05,15.53,0.0,10.753380553766902,29.151459854014604,29.151459854014604,False,-9.971014492753627,2.4770046055156243,2,2,2,100.0,27.86556592156205,31.93277310924369,2022-02-28; 2022-04-29,20.0,0.0,历史2/2次成功; 当前距低点0.00%; 最新日涨幅-9.97%; 状态bottom_area; 底部未确认
15,85.50409840142113,73.4088985072359,300667,必创科技,bottom_area,2024-02-05,9.99,2024-01-26,14.29,2024-02-05,9.83,1.6276703967446606,17.395727365208536,31.21063680895731,30.090972708187536,False,-13.953488372093014,4.09267173544653,5,7,5,71.42857142857143,33.84017594677114,46.55835827276614,2018-02-06; 2019-05-06; 2020-02-04; 2022-10-12; 2022-12-23,18.37232960325534,1.6276703967446606,历史5/7次成功; 当前距低点1.63%; 最新日涨幅-13.95%; 状态bottom_area; 底部未确认
16,85.47268011750495,71.36807462624672,003025,思进智能,bottom_area,2024-02-05,9.29,2024-01-26,12.99,2024-02-05,9.28,0.10775862068965288,11.961206896551738,28.560431100846813,28.483448806774447,False,-9.805825242718457,5.526157874224476,1,1,1,100.0,32.17077570655443,32.17077570655443,2022-10-11,19.89224137931035,0.10775862068965288,历史1/1次成功; 当前距低点0.11%; 最新日涨幅-9.81%; 状态bottom_area; 底部未确认
17,85.361762993763,71.1348024948025,001218,丽臣实业,bottom_area,2024-02-05,14.44,2024-01-26,20.13,2024-02-05,14.44,0.0,10.595567867036019,28.26626924987581,28.26626924987581,False,-9.975062344139651,2.12855703233236,2,2,2,100.0,25.18711018711019,29.999999999999993,2022-03-16; 2022-04-27,20.0,0.0,历史2/2次成功; 当前距低点0.00%; 最新日涨幅-9.98%; 状态bottom_area; 底部未确认
18,85.2320579924515,71.02671499370959,605028,世茂能源,bottom_area,2024-02-05,13.06,2024-01-26,17.93,2024-02-05,13.06,0.0,11.179173047473192,27.1611823759063,27.1611823759063,False,-9.993108201240519,1.686125,2,2,2,100.0,24.60599458983645,26.273458445040216,2022-01-28; 2022-04-27,20.0,0.0,历史2/2次成功; 当前距低点0.00%; 最新日涨幅-9.99%; 状态bottom_area; 底部未确认
19,85.16975860704393,75.17428571428572,301381,赛维时代,bottom_area,2024-02-05,21.66,2024-01-24,29.69,2024-02-05,21.0,3.1428571428571437,12.142857142857148,29.26911417985854,27.046143482654095,False,-7.19794344473007,1.4135291345739176,1,1,1,100.0,66.46875000000001,66.46875000000001,2023-07-19,16.857142857142858,3.1428571428571437,历史1/1次成功; 当前距低点3.14%; 最新日涨幅-7.20%; 状态bottom_area; 底部未确认
20,85.13037220710262,70.94197683925219,002388,新亚制程,bottom_area,2024-02-05,3.52,2024-01-26,5.05,2024-02-05,3.52,0.0,10.51136363636364,30.297029702970296,30.297029702970296,False,-9.974424552429673,2.1208649886350015,7,9,7,77.77777777777779,38.96522792907397,77.99607072691553,2014-12-30; 2018-06-29; 2019-05-08; 2019-05-27; 2020-02-04; 2021-02-08; 2022-04-27,20.0,0.0,历史7/9次成功; 当前距低点0.00%; 最新日涨幅-9.97%; 状态bottom_area; 底部未确认
21,84.8589388280429,70.71578235670242,603309,维力医疗,bottom_area,2024-02-05,9.24,2024-01-25,12.88,2024-02-05,9.24,0.0,10.822510822510822,28.260869565217394,28.260869565217394,False,-10.029211295034079,2.17708890419957,3,4,3,75.0,43.76764707904523,59.00804289544238,2015-07-09; 2015-09-02; 2021-01-15,20.0,0.0,历史3/4次成功; 当前距低点0.00%; 最新日涨幅-10.03%; 状态bottom_area; 底部未确认
22,84.68430379746836,70.57025316455697,603220,中贝通信,bottom_area,2024-02-05,20.43,2024-01-25,28.84,2024-02-05,20.43,0.0,10.52373959862946,29.160887656033285,29.160887656033285,False,-9.999999999999998,4.686028818348409,1,1,1,100.0,38.81856540084389,38.81856540084389,2020-02-04,20.0,0.0,历史1/1次成功; 当前距低点0.00%; 最新日涨幅-10.00%; 状态bottom_area; 底部未确认
23,84.61861094711983,70.51550912259987,002963,豪尔赛,bottom_area,2024-02-05,9.78,2024-01-29,14.28,2024-02-05,9.78,0.0,10.020449897750517,31.512605042016805,31.512605042016805,False,-10.027598896044154,1.7571574348236338,2,2,2,100.0,21.857575927956297,23.253493013972058,2020-02-04; 2022-04-27,20.0,0.0,历史2/2次成功; 当前距低点0.00%; 最新日涨幅-10.03%; 状态bottom_area; 底部未确认
24,84.3862598545759,70.32188321214659,600448,华纺股份,bottom_area,2024-02-05,2.39,2024-01-26,3.41,2024-02-05,2.39,0.0,9.623430962343095,29.91202346041056,29.91202346041056,False,-10.15037593984962,4.164303494142854,11,14,11,78.57142857142857,33.91181450462835,91.61290322580646,2001-10-22; 2005-04-26; 2011-08-09; 2013-06-25; 2015-07-16; 2018-02-07; 2018-06-22; 2019-05-08; 2020-02-04; 2020-03-24; 2022-04-28,20.0,0.0,历史11/14次成功; 当前距低点0.00%; 最新日涨幅-10.15%; 状态bottom_area; 底部未确认
25,84.1898531633753,73.85024366811935,301255,通力科技,bottom_area,2024-02-05,25.67,2024-01-26,35.42,2024-02-05,24.97,2.8033640368442243,14.857829395274333,29.503105590062116,27.526821005081874,False,-10.960804717308347,4.847163865546218,1,1,1,100.0,38.719965979162225,38.719965979162225,2023-08-29,17.196635963155778,2.8033640368442243,历史1/1次成功; 当前距低点2.80%; 最新日涨幅-10.96%; 状态bottom_area; 底部未确认
26,84.18740532011661,71.06821316910063,603681,永冠新材,bottom_area,2024-02-05,10.0,2024-01-26,13.65,2024-02-05,9.93,0.7049345417925507,11.077542799597177,27.252747252747255,26.73992673992674,False,-9.338168631006338,2.32861872534377,2,2,2,100.0,21.212171636492723,21.938232161874318,2020-02-04; 2022-03-16,19.29506545820745,0.7049345417925507,历史2/2次成功; 当前距低点0.70%; 最新日涨幅-9.34%; 状态bottom_area; 底部未确认
27,84.13034263543112,70.10861886285927,603017,中衡设计,bottom_area,2024-02-05,6.86,2024-01-26,9.82,2024-02-05,6.86,0.0,9.03790087463557,30.14256619144603,30.14256619144603,False,-9.973753280839892,1.8732736565022574,4,5,4,80.0,29.669993886340173,36.87423687423689,2018-02-08; 2018-10-19; 2019-02-01; 2022-02-07,20.0,0.0,历史4/5次成功; 当前距低点0.00%; 最新日涨幅-9.97%; 状态bottom_area; 底部未确认
28,83.47912596401027,69.5659383033419,002972,科安达,bottom_area,2024-02-05,7.27,2024-01-26,10.59,2024-02-05,7.27,0.0,12.242090784044025,31.350330500472147,31.350330500472147,False,-10.024752475247533,3.0929925562351186,1,1,1,100.0,33.41902313624679,33.41902313624679,2022-12-23,20.0,0.0,历史1/1次成功; 当前距低点0.00%; 最新日涨幅-10.02%; 状态bottom_area; 底部未确认
29,83.04074664704137,70.12162262240085,301311,昆船智能,bottom_area,2024-02-05,16.75,2024-01-29,23.17,2024-02-05,16.63,0.7215874924834697,15.754660252555631,28.226154510142436,27.708243418213215,False,-12.896515860634427,3.02,1,1,1,100.0,32.99377475947934,32.99377475947934,2022-12-30,19.27841250751653,0.7215874924834697,历史1/1次成功; 当前距低点0.72%; 最新日涨幅-12.90%; 状态bottom_area; 底部未确认
30,83.03806645519911,72.07077465922941,300569,天能重工,bottom_area,2024-02-05,4.14,2024-01-30,5.76,2024-02-05,4.05,2.2222222222222188,13.827160493827172,29.6875,28.125000000000007,False,-11.158798283261817,2.6070075962184864,3,4,3,75.0,26.195921106968107,31.23851525174568,2017-07-18; 2020-02-04; 2021-01-14,17.777777777777782,2.2222222222222188,历史3/4次成功; 当前距低点2.22%; 最新日涨幅-11.16%; 状态bottom_area; 底部未确认
31,82.89722922860707,69.08102435717257,003003,天元股份,bottom_area,2024-02-05,7.74,2024-01-26,11.37,2024-02-05,7.74,0.0,10.59431524547804,31.92612137203166,31.92612137203166,False,-9.999999999999998,5.633963092238894,4,5,4,80.0,24.145292242863214,26.10966057441253,2020-10-09; 2021-01-14; 2021-10-29; 2022-04-27,20.0,0.0,历史4/5次成功; 当前距低点0.00%; 最新日涨幅-10.00%; 状态bottom_area; 底部未确认
32,82.52464885016659,69.05249223578977,002412,汉森制药,bottom_area,2024-02-05,4.49,2024-01-26,6.19,2024-02-05,4.48,0.22321428571428092,10.937499999999984,27.62520193861066,27.463651050080777,False,-9.839357429718875,3.122196667637518,3,4,3,75.0,25.303337673216863,26.666666666666668,2015-06-30; 2017-01-17; 2022-04-27,19.77678571428572,0.22321428571428092,历史3/4次成功; 当前距低点0.22%; 最新日涨幅-9.84%; 状态bottom_area; 底部未确认
33,82.06000073935728,68.86263602251405,300691,联合光电,bottom_area,2024-02-05,13.17,2024-01-26,19.16,2024-02-05,13.12,0.3810975609756152,12.804878048780498,31.524008350730693,31.26304801670146,False,-11.72922252010724,4.173814928978955,1,1,1,100.0,22.051282051282055,22.051282051282055,2018-08-09,19.618902439024385,0.3810975609756152,历史1/1次成功; 当前距低点0.38%; 最新日涨幅-11.73%; 状态bottom_area; 底部未确认
34,81.79864077669903,68.16553398058252,603048,浙江黎明,bottom_area,2024-02-05,12.34,2024-01-26,17.32,2024-02-05,12.34,0.0,11.021069692058342,28.752886836027713,28.752886836027713,False,-9.992706053975208,1.4546568627450982,1,1,1,100.0,25.889967637540458,25.889967637540458,2022-04-28,20.0,0.0,历史1/1次成功; 当前距低点0.00%; 最新日涨幅-9.99%; 状态bottom_area; 底部未确认
35,81.47403364125874,71.35680027922545,688300,联瑞新材,bottom_area,2024-02-05,30.61,2024-01-26,42.79,2024-02-05,29.8,2.7181208053691233,12.416107382550333,30.357560177611585,28.46459453143258,False,-9.811431938715376,1.1051927155240993,3,4,3,75.0,28.436105997134682,37.30061349693252,2020-02-03; 2022-04-27; 2022-10-12,17.28187919463088,2.7181208053691233,历史3/4次成功; 当前距低点2.72%; 最新日涨幅-9.81%; 状态bottom_area; 底部未确认
36,81.4648074514616,69.05964838899415,688501,青达环保,bottom_area,2024-02-05,10.8,2024-01-26,15.64,2024-02-05,10.7,0.9345794392523498,13.084112149532714,31.58567774936062,30.946291560102303,False,-11.25718981101067,2.8822469632667653,1,1,1,100.0,29.895104895104897,29.895104895104897,2022-12-23,19.06542056074765,0.9345794392523498,历史1/1次成功; 当前距低点0.93%; 最新日涨幅-11.26%; 状态bottom_area; 底部未确认
37,81.42617569071206,71.31530950395144,300047,天源迪科,bottom_area,2024-02-05,5.29,2024-01-26,7.57,2024-02-05,5.15,2.7184466019417415,14.174757281553388,31.96829590488771,30.118890356671074,False,-11.538461538461542,5.814991588695228,3,4,3,75.0,28.217030948272072,41.33545310015899,2016-03-01; 2018-08-06; 2020-02-04,17.281553398058257,2.7184466019417415,历史3/4次成功; 当前距低点2.72%; 最新日涨幅-11.54%; 状态bottom_area; 底部未确认
38,81.3979775280899,67.83164794007492,002760,凤形股份,bottom_area,2024-02-05,13.56,2024-01-26,19.86,2024-02-05,13.56,0.0,13.20058997050147,31.722054380664648,31.722054380664648,False,-10.019907100199067,2.154947670216149,1,1,1,100.0,24.094881398252184,24.094881398252184,2022-04-28,20.0,0.0,历史1/1次成功; 当前距低点0.00%; 最新日涨幅-10.02%; 状态bottom_area; 底部未确认
39,81.35787812427913,67.7982317702326,002631,德尔未来,bottom_area,2024-02-05,4.12,2024-01-26,5.71,2024-02-05,4.12,0.0,10.436893203883487,27.845884413309978,27.845884413309978,False,-10.043668122270743,1.037800885532932,5,7,5,71.42857142857143,35.81998647590498,47.85992217898835,2012-12-04; 2015-07-29; 2016-05-11; 2021-02-08; 2022-04-28,20.0,0.0,历史5/7次成功; 当前距低点0.00%; 最新日涨幅-10.04%; 状态bottom_area; 底部未确认
40,81.35721397954939,67.79767831629115,603890,春秋电子,bottom_area,2024-02-05,6.44,2024-01-25,9.32,2024-02-05,6.44,0.0,9.937888198757758,30.901287553648064,30.901287553648064,False,-9.93006993006993,2.1480348251203525,3,4,3,75.0,28.078915678984668,36.76748582230624,2018-02-07; 2020-12-28; 2022-04-28,20.0,0.0,历史3/4次成功; 当前距低点0.00%; 最新日涨幅-9.93%; 状态bottom_area; 底部未确认
41,81.30798377281947,67.75665314401623,001367,海森药业,bottom_area,2024-02-05,29.48,2024-01-26,42.72,2024-02-05,29.48,0.0,10.651289009497955,30.992509363295877,30.992509363295877,False,-9.984732824427478,0.6966630107560204,1,1,1,100.0,23.691683569979716,23.691683569979716,2023-04-24,20.0,0.0,历史1/1次成功; 当前距低点0.00%; 最新日涨幅-9.98%; 状态bottom_area; 底部未确认
42,81.23259259259261,67.69382716049384,001331,胜通能源,bottom_area,2024-02-05,11.7,2024-01-26,16.57,2024-02-05,11.7,0.0,10.256410256410266,29.390464695232353,29.390464695232353,False,-10.000000000000009,1.1652894281545585,1,1,1,100.0,23.35390946502057,23.35390946502057,2022-09-20,20.0,0.0,历史1/1次成功; 当前距低点0.00%; 最新日涨幅-10.00%; 状态bottom_area; 底部未确认
43,81.14450186488071,67.62041822073392,002917,金奥博,bottom_area,2024-02-05,6.39,2024-01-26,8.95,2024-02-05,6.39,0.0,9.859154929577464,28.60335195530726,28.60335195530726,False,-9.999999999999998,4.147311270730963,3,4,3,75.0,27.125904412547946,31.688804554079713,2020-02-04; 2022-02-07; 2022-04-27,20.0,0.0,历史3/4次成功; 当前距低点0.00%; 最新日涨幅-10.00%; 状态bottom_area; 底部未确认
44,81.05749999999999,67.54791666666667,603086,先达股份,bottom_area,2024-02-05,3.71,2024-01-26,5.34,2024-02-05,3.71,0.0,10.242587601078164,30.524344569288388,30.524344569288388,False,-9.951456310679617,2.1945291686487054,1,1,1,100.0,22.569444444444432,22.569444444444432,2020-06-23,20.0,0.0,历史1/1次成功; 当前距低点0.00%; 最新日涨幅-9.95%; 状态bottom_area; 底部未确认
45,80.90616269970046,69.23510255475587,688101,三达膜,bottom_area,2024-02-05,9.1,2024-01-26,12.65,2024-02-05,8.97,1.4492753623188293,14.827201783723524,29.09090909090909,28.06324110671937,False,-11.65048543689321,1.0016502127769717,3,5,3,60.0,33.975539681950465,39.11290322580645,2019-12-05; 2020-02-03; 2022-04-27,18.55072463768117,1.4492753623188293,历史3/5次成功; 当前距低点1.45%; 最新日涨幅-11.65%; 状态bottom_area; 底部未确认
46,80.82343946145622,72.07687171243926,301088,戎美股份,bottom_area,2024-02-05,10.07,2024-01-26,14.19,2024-02-05,9.71,3.7075180226570486,15.859938208032945,31.571529245947843,29.03453136011275,False,-10.329474621549418,1.2184574468085108,1,1,1,100.0,40.26888604353394,40.26888604353394,2023-04-25,16.292481977342955,3.7075180226570486,历史1/1次成功; 当前距低点3.71%; 最新日涨幅-10.33%; 状态bottom_area; 底部未确认
47,80.75218262091109,67.2934855174259,603725,天安新材,bottom_area,2024-02-05,7.37,2024-01-26,10.98,2024-02-05,7.37,0.0,12.618724559023075,32.87795992714025,32.87795992714025,False,-10.01221001221001,1.9258160831795652,3,4,3,75.0,25.368201706590938,29.090909090909083,2018-02-07; 2020-02-04; 2022-04-27,20.0,0.0,历史3/4次成功; 当前距低点0.00%; 最新日涨幅-10.01%; 状态bottom_area; 底部未确认
48,80.66778042959426,67.22315035799522,605287,德才股份,bottom_area,2024-02-05,11.04,2024-01-26,15.96,2024-02-05,11.04,0.0,9.601449275362324,30.82706766917294,30.82706766917294,False,-10.02444987775062,3.001857142857143,1,1,1,100.0,20.823389021479702,20.823389021479702,2023-07-11,20.0,0.0,历史1/1次成功; 当前距低点0.00%; 最新日涨幅-10.02%; 状态bottom_area; 底部未确认
49,80.62285714285716,67.1857142857143,603153,上海建科,bottom_area,2024-02-05,16.12,2024-01-26,24.0,2024-02-05,16.12,0.0,11.104218362282872,32.83333333333333,32.83333333333333,False,-9.994416527079842,1.6351222959041474,1,1,1,100.0,20.622119815668214,20.622119815668214,2023-03-31,20.0,0.0,历史1/1次成功; 当前距低点0.00%; 最新日涨幅-9.99%; 状态bottom_area; 底部未确认
50,80.56128349329556,68.40108975845848,300170,汉得信息,bottom_area,2024-02-05,4.95,2024-01-26,7.26,2024-02-05,4.9,1.0204081632653024,16.122448979591837,32.5068870523416,31.818181818181813,False,-12.698412698412698,3.8220657709177215,6,11,6,54.54545454545454,36.05269994024292,54.22276621787026,2015-06-30; 2015-07-29; 2020-02-04; 2022-04-25; 2022-10-11; 2023-06-28,18.9795918367347,1.0204081632653024,历史6/11次成功; 当前距低点1.02%; 最新日涨幅-12.70%; 状态bottom_area; 底部未确认
51,80.53481396281857,67.11234496901548,605011,杭州热电,bottom_area,2024-02-05,19.72,2024-01-30,28.02,2024-02-05,19.72,0.0,9.026369168357004,29.621698786581018,29.621698786581018,False,-9.995435874030134,1.7900524868782803,3,4,3,75.0,24.39432779040586,28.74123742761353,2022-01-28; 2023-07-03; 2023-07-28,20.0,0.0,历史3/4次成功; 当前距低点0.00%; 最新日涨幅-10.00%; 状态bottom_area; 底部未确认
52,80.51644859813084,67.09704049844237,003037,三和管桩,bottom_area,2024-02-05,7.85,2024-01-29,10.81,2024-02-05,7.85,0.0,9.808917197452224,27.38205365402406,27.38205365402406,False,-9.977064220183497,0.4685058572099994,1,1,1,100.0,20.145379023883688,20.145379023883688,2021-11-02,20.0,0.0,历史1/1次成功; 当前距低点0.00%; 最新日涨幅-9.98%; 状态bottom_area; 底部未确认
53,80.50068980946402,67.08390817455336,002766,索菱股份,bottom_area,2024-02-05,3.46,2024-01-26,4.87,2024-02-05,3.46,0.0,10.98265895953757,28.952772073921974,28.952772073921974,False,-9.895833333333325,1.8665307815231706,7,10,7,70.0,35.07477513200734,55.672823218997344,2015-07-28; 2015-08-25; 2015-09-02; 2016-01-14; 2018-02-06; 2019-02-01; 2020-05-22,20.0,0.0,历史7/10次成功; 当前距低点0.00%; 最新日涨幅-9.90%; 状态bottom_area; 底部未确认
54,79.64359165101081,66.36965970917568,002682,龙洲股份,bottom_area,2024-02-05,3.98,2024-01-26,5.81,2024-02-05,3.98,0.0,12.060301507537687,31.497418244406195,31.497418244406195,False,-9.954751131221718,4.881549273038507,5,7,5,71.42857142857143,28.13949152398595,39.46188340807175,2015-07-16; 2015-09-02; 2017-07-18; 2019-08-06; 2023-11-03,20.0,0.0,历史5/7次成功; 当前距低点0.00%; 最新日涨幅-9.95%; 状态bottom_area; 底部未确认
55,79.4249393249369,69.02774310641459,300133,华策影视,bottom_area,2024-02-05,4.01,2024-01-26,5.4,2024-02-05,3.92,2.295918367346935,15.81632653061225,27.407407407407412,25.740740740740748,False,-10.089686098654715,4.496282026857393,6,9,6,66.66666666666666,28.794464071499636,35.85992907801418,2011-01-26; 2012-01-19; 2015-06-30; 2015-08-25; 2017-01-16; 2019-02-01,17.704081632653065,2.295918367346935,历史6/9次成功; 当前距低点2.30%; 最新日涨幅-10.09%; 状态bottom_area; 底部未确认
56,79.2838277732553,71.287681040568,301386,未来电器,bottom_area,2024-02-05,15.78,2024-01-26,22.57,2024-02-05,15.15,4.1584158415841515,14.257425742574245,32.87549844926894,30.08418254319894,False,-10.289937464468446,4.417333333333334,2,2,2,100.0,24.88639332999926,27.880184331797242,2023-05-10; 2023-08-01,15.84158415841585,4.1584158415841515,历史2/2次成功; 当前距低点4.16%; 最新日涨幅-10.29%; 状态bottom_area; 底部未确认
57,79.13757829398733,67.69600070931445,300267,尔康制药,bottom_area,2024-02-05,2.13,2024-01-26,3.01,2024-02-05,2.1,1.428571428571419,12.38095238095237,30.232558139534877,29.235880398671092,False,-11.250000000000004,2.4201060332995796,3,5,3,60.0,25.447008421813305,32.64653641207817,2015-06-30; 2015-07-03; 2015-08-25,18.571428571428584,1.428571428571419,历史3/5次成功; 当前距低点1.43%; 最新日涨幅-11.25%; 状态bottom_area; 底部未确认
58,78.75996926277249,67.03084233939664,000799,酒鬼酒,bottom_area,2024-02-05,52.76,2024-01-26,72.26,2024-02-05,52.16,1.1503067484662604,8.32055214723927,27.816219208414072,26.985884306670364,False,-8.243478260869564,2.7853955217223088,6,12,6,50.0,40.12656841881568,113.86603995299647,2005-01-04; 2005-07-18; 2008-04-02; 2017-06-02; 2018-02-09; 2020-03-24,18.849693251533743,1.1503067484662604,历史6/12次成功; 当前距低点1.15%; 最新日涨幅-8.24%; 状态bottom_area; 底部未确认
59,78.61835634695704,65.64197445035084,300188,国投智能,bottom_area,2024-02-05,9.5,2024-01-26,13.96,2024-02-05,9.49,0.10537407797681546,14.646996838777666,32.02005730659026,31.94842406876791,False,-11.873840445269012,2.424674649856491,4,6,4,66.66666666666666,23.578283233716732,24.54545454545454,2013-12-23; 2015-09-08; 2022-04-26; 2024-01-22,19.894625922023184,0.10537407797681546,历史4/6次成功; 当前距低点0.11%; 最新日涨幅-11.87%; 状态bottom_area; 底部未确认
60,78.28491975659665,69.68084962854965,300738,奥飞数据,bottom_area,2024-02-05,6.9,2024-01-26,9.79,2024-02-05,6.66,3.603603603603607,13.063063063063066,31.97139938712972,29.51991828396322,False,-8.970976253298147,3.7392151807762204,3,4,3,75.0,30.27992389659068,37.938556626067985,2018-02-07; 2020-03-31; 2022-10-11,16.396396396396394,3.603603603603607,历史3/4次成功; 当前距低点3.60%; 最新日涨幅-8.97%; 状态bottom_area; 底部未确认
61,78.27713291120553,70.19939437982805,601238,广汽集团,bottom_area,2024-02-05,8.03,2023-10-27,10.62,2024-02-05,7.72,4.015544041450772,5.440414507772032,27.306967984934083,24.3879472693032,False,-1.1083743842364546,0.4317863780307902,1,1,1,100.0,23.73567093728929,23.73567093728929,2021-09-30,15.98445595854923,4.015544041450772,历史1/1次成功; 当前距低点4.02%; 最新日涨幅-1.11%; 状态bottom_area; 底部未确认
62,78.07129062623018,65.05940885519182,002079,苏州固锝,bottom_area,2024-02-05,7.08,2024-01-25,9.83,2024-02-05,7.08,0.0,10.59322033898305,27.97558494404883,27.97558494404883,False,-10.038119440914873,2.401401455802686,9,13,9,69.23076923076923,25.857036855869946,31.917631917631923,2008-03-18; 2008-04-03; 2008-09-18; 2009-03-02; 2009-08-19; 2011-05-30; 2012-01-06; 2013-10-29; 2022-10-11,20.0,0.0,历史9/13次成功; 当前距低点0.00%; 最新日涨幅-10.04%; 状态bottom_area; 底部未确认
63,78.01114248253808,67.77029752344042,300131,英唐智控,bottom_area,2024-02-05,3.6,2024-01-26,5.17,2024-02-05,3.52,2.2727272727272747,15.625000000000009,31.914893617021274,30.367504835589937,False,-11.54791154791155,4.93365666683457,4,6,4,66.66666666666666,21.749726013935195,23.994921709691077,2013-04-08; 2015-06-30; 2015-12-14; 2020-09-10,17.727272727272727,2.2727272727272747,历史4/6次成功; 当前距低点2.27%; 最新日涨幅-11.55%; 状态bottom_area; 底部未确认
64,77.88888978176294,69.8395820231613,688151,华强科技,bottom_area,2024-02-05,12.98,2024-01-29,17.51,2024-02-05,12.48,4.006410256410256,13.060897435897429,28.726442033123934,25.8709308966305,False,-9.547038327526124,0.4445573294629898,1,1,1,100.0,31.90428713858426,31.90428713858426,2022-04-27,15.993589743589745,4.006410256410256,历史1/1次成功; 当前距低点4.01%; 最新日涨幅-9.55%; 状态bottom_area; 底部未确认
65,77.77447372287682,64.81206143573068,002860,星帅尔,bottom_area,2024-02-05,7.88,2024-01-26,11.17,2024-02-05,7.88,0.0,10.406091370558368,29.45389435989257,29.45389435989257,False,-9.942857142857143,2.3760897627571045,4,6,4,66.66666666666666,30.082767575613012,32.44763988746483,2018-02-06; 2019-05-23; 2020-02-04; 2022-12-23,20.0,0.0,历史4/6次成功; 当前距低点0.00%; 最新日涨幅-9.94%; 状态bottom_area; 底部未确认
66,77.72424081720176,64.77020068100147,002519,银河电子,bottom_area,2024-02-05,3.8,2024-01-26,5.24,2024-02-05,3.8,0.0,10.789473684210531,27.48091603053436,27.48091603053436,False,-9.952606635071092,2.216848563801848,4,6,4,66.66666666666666,29.85770975448816,43.16109422492401,2015-07-29; 2015-09-07; 2020-02-04; 2022-06-14,20.0,0.0,历史4/6次成功; 当前距低点0.00%; 最新日涨幅-9.95%; 状态bottom_area; 底部未确认
67,77.71765027542764,69.00021269003486,301215,中汽股份,bottom_area,2024-02-05,4.48,2024-01-29,6.18,2024-02-05,4.33,3.464203233256359,18.244803695150118,29.935275080906145,27.508090614886722,False,-14.01151631477926,2.8908726557773745,3,4,3,75.0,24.91180678419005,28.03234501347709,2022-03-15; 2022-04-27; 2024-01-23,16.535796766743644,3.464203233256359,历史3/4次成功; 当前距低点3.46%; 最新日涨幅-14.01%; 状态bottom_area; 底部未确认
68,77.4956518833981,65.46657233595428,300489,光智科技,bottom_area,2024-02-05,12.18,2024-01-26,17.93,2024-02-05,12.09,0.7444168734491304,17.45244003308519,32.57110987172337,32.069157836029,False,-14.043754410726894,2.6552074416031006,5,8,5,62.5,39.49646670654996,88.77805486284291,2015-08-25; 2015-09-02; 2018-10-19; 2020-02-04; 2023-08-28,19.25558312655087,0.7444168734491304,历史5/8次成功; 当前距低点0.74%; 最新日涨幅-14.04%; 状态bottom_area; 底部未确认
69,77.44169269143046,64.53474390952539,603105,芯能科技,bottom_area,2024-02-05,7.52,2024-01-26,10.47,2024-02-05,7.52,0.0,9.574468085106393,28.17574021012417,28.17574021012417,False,-9.940119760479039,2.3455474084292014,3,5,3,60.0,43.0362575780934,51.81159420289858,2018-08-08; 2020-02-04; 2020-03-17,20.0,0.0,历史3/5次成功; 当前距低点0.00%; 最新日涨幅-9.94%; 状态bottom_area; 底部未确认
70,77.06299922517064,64.21916602097554,002427,尤夫股份,bottom_area,2024-02-05,3.41,2024-01-26,4.74,2024-02-05,3.41,0.0,10.263929618768318,28.059071729957807,28.059071729957807,False,-10.026385224274403,1.0370557292075833,4,6,4,66.66666666666666,26.895157818864917,28.964059196617313,2013-06-25; 2015-08-04; 2019-05-21; 2021-05-24,20.0,0.0,历史4/6次成功; 当前距低点0.00%; 最新日涨幅-10.03%; 状态bottom_area; 底部未确认
71,76.88679540080814,68.6996294564053,301307,美利信,bottom_area,2024-02-05,17.42,2024-01-26,24.2,2024-02-05,16.78,3.8140643623361177,14.302741358760422,30.661157024793383,28.016528925619827,False,-9.365244536940676,3.5866459051610953,1,1,1,100.0,23.417721518987335,23.417721518987335,2023-10-24,16.185935637663885,3.8140643623361177,历史1/1次成功; 当前距低点3.81%; 最新日涨幅-9.37%; 状态bottom_area; 底部未确认
72,76.77270585786704,65.71107055628327,002955,鸿合科技,bottom_area,2024-02-05,20.15,2024-01-25,27.35,2024-02-05,19.86,1.4602215508559877,11.12789526686808,27.385740402193793,26.32541133455211,False,-8.699592206615325,1.8407141133665053,2,4,2,50.0,36.829976839972694,53.140794223826724,2021-07-28; 2022-04-27,18.539778449144013,1.4602215508559877,历史2/4次成功; 当前距低点1.46%; 最新日涨幅-8.70%; 状态bottom_area; 底部未确认
73,76.73655744056234,64.71112330325154,002855,捷荣技术,bottom_area,2024-02-05,21.74,2024-01-26,31.95,2024-02-05,21.6,0.6481481481481343,11.111111111111104,32.394366197183096,31.956181533646326,False,-9.416666666666673,4.7141013131529546,4,6,4,66.66666666666666,25.2270667438851,38.2059800664452,2018-02-07; 2019-05-08; 2022-04-28; 2023-11-28,19.35185185185187,0.6481481481481343,历史4/6次成功; 当前距低点0.65%; 最新日涨幅-9.42%; 状态bottom_area; 底部未确认
74,76.68660515983738,63.90550429986449,002642,荣联科技,bottom_area,2024-02-05,4.73,2024-01-26,6.94,2024-02-05,4.73,0.0,10.14799154334037,31.84438040345821,31.84438040345821,False,-10.076045627376418,3.6347363344491908,6,10,6,60.0,39.6532489240026,79.60000000000001,2013-05-28; 2016-03-01; 2018-02-07; 2019-02-01; 2021-02-09; 2022-04-27,20.0,0.0,历史6/10次成功; 当前距低点0.00%; 最新日涨幅-10.08%; 状态bottom_area; 底部未确认
75,76.67430011194296,67.91152295629233,300339,润和软件,bottom_area,2024-02-05,17.67,2024-01-25,23.87,2024-02-05,17.1,3.333333333333335,12.163742690058468,28.361960620025133,25.97402597402597,False,-7.920792079207917,6.48454048606504,5,7,5,71.42857142857143,25.192519734290535,33.0056179775281,2016-01-14; 2016-03-01; 2019-10-21; 2022-01-14; 2023-10-24,16.666666666666664,3.333333333333335,历史5/7次成功; 当前距低点3.33%; 最新日涨幅-7.92%; 状态bottom_area; 底部未确认
76,76.52076176458984,63.76730147049153,002654,万润科技,bottom_area,2024-02-05,7.85,2024-01-26,10.77,2024-02-05,7.85,0.0,10.573248407643314,27.112349117920147,27.112349117920147,False,-9.977064220183497,3.671596864990219,6,10,6,60.0,38.910222959631874,80.85723493393489,2016-01-14; 2016-02-03; 2016-03-08; 2016-12-30; 2020-02-04; 2023-08-29,20.0,0.0,历史6/10次成功; 当前距低点0.00%; 最新日涨幅-9.98%; 状态bottom_area; 底部未确认
77,76.4722506937573,63.72687557813109,603118,共进股份,bottom_area,2024-02-05,5.55,2024-01-26,7.91,2024-02-05,5.55,0.0,11.351351351351349,29.83565107458913,29.83565107458913,False,-10.048622366288495,2.8311149455331464,4,6,4,66.66666666666666,24.248435007873248,29.32154925916299,2015-07-16; 2017-01-16; 2018-02-09; 2019-05-06,20.0,0.0,历史4/6次成功; 当前距低点0.00%; 最新日涨幅-10.05%; 状态bottom_area; 底部未确认
78,76.41029293976791,65.92260567352525,300337,银邦股份,bottom_area,2024-02-05,4.84,2024-01-26,6.82,2024-02-05,4.75,1.8947368421052602,16.84210526315789,30.35190615835777,29.032258064516135,False,-12.949640287769782,4.935332089766136,5,9,5,55.55555555555556,31.256541852883707,37.138728323699425,2015-06-23; 2015-09-08; 2017-04-25; 2020-09-28; 2021-01-14,18.10526315789474,1.8947368421052602,历史5/9次成功; 当前距低点1.89%; 最新日涨幅-12.95%; 状态bottom_area; 底部未确认
79,76.3338707681696,66.05048246147823,688322,奥比中光,bottom_area,2024-02-05,19.86,2024-01-25,28.94,2024-02-05,19.46,2.055498458376149,15.00513874614593,32.757429163787144,31.3752591568763,False,-11.968085106382976,1.9923031248881482,3,5,3,60.0,24.285048099870046,28.749462827675128,2022-10-12; 2023-07-28; 2023-09-21,17.944501541623854,2.055498458376149,历史3/5次成功; 当前距低点2.06%; 最新日涨幅-11.97%; 状态bottom_area; 底部未确认
80,76.08904071530625,65.47353770081892,688248,南网科技,bottom_area,2024-02-05,17.43,2024-01-29,24.38,2024-02-05,17.13,1.7513134851138394,13.076474022183316,29.73748974569319,28.506972928630027,False,-9.171443460135498,0.7848592172835133,2,4,2,50.0,39.12114218751869,49.406593406593416,2022-10-31; 2022-12-23,18.248686514886163,1.7513134851138394,历史2/4次成功; 当前距低点1.75%; 最新日涨幅-9.17%; 状态bottom_area; 底部未确认
81,76.08160511771983,66.1878419192225,002870,香山股份,bottom_area,2024-02-05,23.08,2024-01-26,31.5,2024-02-05,22.55,2.3503325942350224,10.776053215077603,28.41269841269841,26.730158730158738,False,-7.901037509976061,2.754385768292827,3,5,3,60.0,28.637635667087913,43.909512761020885,2020-02-04; 2020-12-14; 2021-09-27,17.64966740576498,2.3503325942350224,历史3/5次成功; 当前距低点2.35%; 最新日涨幅-7.90%; 状态bottom_area; 底部未确认
82,76.08042278340304,63.40035231950253,002658,雪迪龙,bottom_area,2024-02-05,5.18,2024-01-26,7.25,2024-02-05,5.18,0.0,12.934362934362934,28.55172413793104,28.55172413793104,False,-9.913043478260875,2.879924489937766,7,11,7,63.63636363636363,29.058590183053695,50.21436227224009,2015-06-30; 2015-07-09; 2017-07-24; 2018-02-09; 2020-02-04; 2021-10-29; 2022-04-27,20.0,0.0,历史7/11次成功; 当前距低点0.00%; 最新日涨幅-9.91%; 状态bottom_area; 底部未确认
83,75.97830162074473,64.60620179521158,600604,市北高新,bottom_area,2024-02-05,3.67,2024-01-26,5.05,2024-02-05,3.63,1.1019283746556485,9.917355371900834,28.118811881188115,27.326732673267323,False,-8.933002481389584,1.3287957395613603,11,25,11,44.0,39.49784134100243,125.68218298555377,1992-09-08; 1993-02-24; 1993-03-10; 1993-07-26; 1994-03-10; 1994-08-10; 1994-10-14; 2007-10-26; 2008-04-23; 2019-02-01; 2020-02-04,18.898071625344354,1.1019283746556485,历史11/25次成功; 当前距低点1.10%; 最新日涨幅-8.93%; 状态bottom_area; 底部未确认
84,75.85057989016795,66.13875523648356,300481,濮阳惠成,bottom_area,2024-02-05,10.76,2024-01-25,14.99,2024-02-05,10.5,2.476190476190474,14.761904761904768,29.953302201467647,28.218812541694465,False,-11.074380165289256,1.992377122047451,4,7,4,57.14285714285714,36.10697899799147,57.454545454545446,2015-08-26; 2017-04-25; 2018-06-21; 2020-02-04,17.52380952380953,2.476190476190474,历史4/7次成功; 当前距低点2.48%; 最新日涨幅-11.07%; 状态bottom_area; 底部未确认
85,75.82757808721227,63.189648406010235,002137,实益达,bottom_area,2024-02-05,4.28,2024-01-26,6.16,2024-02-05,4.28,0.0,9.345794392523352,30.519480519480517,30.519480519480517,False,-10.084033613445364,4.494018568915949,10,17,10,58.82352941176471,38.353580930478806,89.3034825870647,2007-09-27; 2009-03-02; 2013-05-06; 2016-01-12; 2016-02-01; 2017-04-27; 2018-02-07; 2019-01-31; 2021-07-28; 2022-04-27,20.0,0.0,历史10/17次成功; 当前距低点0.00%; 最新日涨幅-10.08%; 状态bottom_area; 底部未确认
86,75.80241790289385,63.16868158574488,002446,盛路通信,bottom_area,2024-02-05,4.84,2024-01-25,6.91,2024-02-05,4.84,0.0,11.36363636363636,29.956584659913172,29.956584659913172,False,-10.03717472118959,5.79229969841172,6,11,6,54.54545454545454,47.51001830068115,126.9631031220435,2012-01-09; 2013-10-31; 2015-07-03; 2016-01-14; 2020-02-05; 2021-10-28,20.0,0.0,历史6/11次成功; 当前距低点0.00%; 最新日涨幅-10.04%; 状态bottom_area; 底部未确认
87,75.51557314057072,62.92964428380894,002949,华阳国际,bottom_area,2024-02-05,8.96,2024-01-26,13.16,2024-02-05,8.96,0.0,11.272321428571425,31.914893617021274,31.914893617021274,False,-10.040160642570283,3.5881491945965625,3,5,3,60.0,34.406689697897455,52.927400468384064,2020-02-04; 2022-04-25; 2023-04-25,20.0,0.0,历史3/5次成功; 当前距低点0.00%; 最新日涨幅-10.04%; 状态bottom_area; 底部未确认
88,75.46923244769874,66.14197298635253,603998,方盛制药,bottom_area,2024-02-05,7.46,2024-01-26,10.08,2024-02-05,7.26,2.754820936639121,10.055096418732788,27.976190476190478,25.992063492063494,False,-7.558859975216858,1.3855061757127185,6,10,6,60.0,33.34927269833178,70.5521472392638,2014-12-22; 2015-07-16; 2015-08-26; 2018-05-02; 2019-06-11; 2022-04-27,17.24517906336088,2.754820936639121,历史6/10次成功; 当前距低点2.75%; 最新日涨幅-7.56%; 状态bottom_area; 底部未确认
89,75.4690399452454,63.36502668466457,002871,伟隆股份,bottom_area,2024-02-05,7.35,2024-01-26,10.56,2024-02-05,7.32,0.40983606557376173,11.06557377049181,30.681818181818183,30.39772727272728,False,-9.594095940959424,2.0334756524412985,3,5,3,60.0,29.513187710606164,46.11244019138756,2018-08-20; 2022-06-14; 2022-09-20,19.59016393442624,0.40983606557376173,历史3/5次成功; 当前距低点0.41%; 最新日涨幅-9.59%; 状态bottom_area; 底部未确认
90,75.4234827257497,62.85290227145808,603677,奇精机械,bottom_area,2024-02-05,9.45,2024-01-26,13.45,2024-02-05,9.45,0.0,11.957671957671966,29.739776951672862,29.739776951672862,False,-10.000000000000009,1.912555979688406,3,5,3,60.0,33.994098233645516,46.232006773920396,2018-02-09; 2018-09-05; 2023-08-25,20.0,0.0,历史3/5次成功; 当前距低点0.00%; 最新日涨幅-10.00%; 状态bottom_area; 底部未确认
91,75.32258315616544,65.00990136671109,688302,海创药业,bottom_area,2024-02-05,29.25,2024-01-26,42.15,2024-02-05,28.7,1.9163763066202117,19.721254355400696,31.909845788849346,30.60498220640569,False,-13.869257950530034,0.9674233570962276,2,4,2,50.0,38.6518244398128,40.24920312952768,2023-04-03; 2023-10-23,18.08362369337979,1.9163763066202117,历史2/4次成功; 当前距低点1.92%; 最新日涨幅-13.87%; 状态bottom_area; 底部未确认
92,75.28791187652273,62.73992656376895,603800,洪田股份,bottom_area,2024-02-05,18.24,2024-01-26,26.37,2024-02-05,18.24,0.0,9.26535087719299,30.830489192263943,30.830489192263943,False,-10.01480019733597,1.202451923076923,3,5,3,60.0,33.386701955747014,47.25274725274726,2016-12-13; 2018-02-09; 2022-04-26,20.0,0.0,历史3/5次成功; 当前距低点0.00%; 最新日涨幅-10.01%; 状态bottom_area; 底部未确认
93,75.15659703711138,62.63049753092616,002761,浙江建投,bottom_area,2024-02-05,7.72,2024-01-26,10.58,2024-02-05,7.72,0.0,9.974093264248712,27.032136105860115,27.032136105860115,False,-10.023310023310028,3.5791825721544277,4,7,4,57.14285714285714,38.9888500126598,60.40955631399317,2019-01-31; 2019-08-15; 2022-05-25; 2024-01-23,20.0,0.0,历史4/7次成功; 当前距低点0.00%; 最新日涨幅-10.02%; 状态bottom_area; 底部未确认
94,75.08229870896974,62.568582257474795,002862,实丰文化,bottom_area,2024-02-05,10.4,2024-01-26,15.5,2024-02-05,10.4,0.0,11.05769230769231,32.90322580645161,32.90322580645161,False,-9.956709956709965,3.358709322594706,3,5,3,60.0,32.46549600792899,42.990110529377525,2018-10-12; 2020-02-04; 2022-06-14,20.0,0.0,历史3/5次成功; 当前距低点0.00%; 最新日涨幅-9.96%; 状态bottom_area; 底部未确认
95,74.63844824675297,63.37833751987214,002381,双箭股份,bottom_area,2024-02-05,5.91,2024-01-26,8.11,2024-02-05,5.85,1.0256410256410342,10.427350427350433,27.866831072749694,27.12700369913686,False,-9.076923076923071,6.44769438960283,3,7,3,42.857142857142854,34.437475736049045,61.83618361836185,2011-01-25; 2012-12-04; 2015-06-30,18.974358974358967,1.0256410256410342,历史3/7次成功; 当前距低点1.03%; 最新日涨幅-9.08%; 状态bottom_area; 底部未确认
96,74.63475041607386,63.46965119181949,300180,华峰超纤,bottom_area,2024-02-05,2.74,2024-01-26,3.84,2024-02-05,2.71,1.1070110701107103,12.915129151291517,29.427083333333332,28.645833333333325,False,-11.326860841423937,3.665553120982662,2,4,2,50.0,20.4496582347952,20.882352941176478,2015-06-30; 2015-08-26,18.89298892988929,1.1070110701107103,历史2/4次成功; 当前距低点1.11%; 最新日涨幅-11.33%; 状态bottom_area; 底部未确认
97,74.51290805276734,63.16383944175461,002537,海联金汇,bottom_area,2024-02-05,4.33,2024-01-26,5.91,2024-02-05,4.29,0.9324009324009332,10.256410256410266,27.411167512690355,26.73434856175973,False,-9.224318658280916,2.287932377894416,5,8,5,62.5,29.420503051767476,37.34015345268542,2016-03-01; 2019-06-06; 2019-10-24; 2020-02-04; 2022-03-09,19.067599067599065,0.9324009324009332,历史5/8次成功; 当前距低点0.93%; 最新日涨幅-9.22%; 状态bottom_area; 底部未确认
98,74.47341831019021,64.79363680398085,002756,永兴材料,bottom_area,2024-02-05,40.43,2024-01-26,54.99,2024-02-05,39.5,2.3544303797468347,8.810126582278473,28.168757955992003,26.4775413711584,False,-6.107756618671623,2.4991869167159306,2,4,2,50.0,42.85880682690121,58.3597046413502,2015-06-09; 2015-07-07,17.645569620253166,2.3544303797468347,历史2/4次成功; 当前距低点2.35%; 最新日涨幅-6.11%; 状态bottom_area; 底部未确认
99,74.39481046420858,62.06360570153869,001296,长江材料,bottom_area,2024-02-05,16.75,2024-01-25,23.88,2024-02-05,16.74,0.0597371565113594,10.095579450418168,29.899497487437188,29.857621440536008,False,-9.946236559139788,3.883694153370197,2,3,2,66.66666666666666,20.446987912461964,20.884413309982484,2022-01-07; 2022-06-24,19.940262843488643,0.0597371565113594,历史2/3次成功; 当前距低点0.06%; 最新日涨幅-9.95%; 状态bottom_area; 底部未确认
100,74.25996597663456,61.883304980528806,002976,瑞玛精密,bottom_area,2024-02-05,19.11,2024-01-26,26.83,2024-02-05,19.11,0.0,10.151753008895872,28.77376071561684,28.77376071561684,False,-9.98586905322657,3.5847342023389817,3,5,3,60.0,28.781209572735467,37.69585253456221,2022-04-27; 2022-08-31; 2022-10-12,20.0,0.0,历史3/5次成功; 当前距低点0.00%; 最新日涨幅-9.99%; 状态bottom_area; 底部未确认
101,74.24837127122193,64.73735971053243,300187,永清环保,bottom_area,2024-02-05,3.73,2024-01-26,5.22,2024-02-05,3.64,2.4725274725274686,18.40659340659339,30.26819923371647,28.54406130268199,False,-14.055299539170507,1.3616166071609836,6,11,6,54.54545454545454,34.15539874234878,45.32967032967032,2012-12-04; 2015-06-23; 2016-03-01; 2019-01-31; 2020-02-04; 2020-09-10,17.527472527472533,2.4725274725274686,历史6/11次成功; 当前距低点2.47%; 最新日涨幅-14.06%; 状态bottom_area; 底部未确认
102,74.16000000000001,61.80000000000001,603007,顺景科技,bottom_area,2024-02-05,5.19,2024-01-25,7.38,2024-02-05,5.19,0.0,1.156069364161842,29.674796747967473,29.674796747967473,False,-4.945054945054938,0.642824098530539,2,4,2,50.0,51.40006983015425,70.31166039763569,2017-01-16; 2021-01-14,20.0,0.0,历史2/4次成功; 当前距低点0.00%; 最新日涨幅-4.95%; 状态bottom_area; 底部未确认
103,74.04636128902726,63.24095336336604,002961,瑞达期货,bottom_area,2024-02-05,10.57,2024-01-26,14.84,2024-02-05,10.43,1.3422818791946365,11.121764141898371,29.71698113207547,28.77358490566038,False,-8.800690250215704,1.2179324537351799,2,4,2,50.0,22.10406477381619,22.362204724409448,2020-02-04; 2022-10-11,18.657718120805363,1.3422818791946365,历史2/4次成功; 当前距低点1.34%; 最新日涨幅-8.80%; 状态bottom_area; 底部未确认
104,73.96728692237994,61.63940576864996,002686,亿利达,bottom_area,2024-02-05,4.34,2024-01-29,6.13,2024-02-05,4.34,0.0,10.829493087557598,29.200652528548126,29.200652528548126,False,-9.958506224066399,2.8117251264024583,2,4,2,50.0,49.136590154032014,75.68181818181817,2018-02-09; 2022-04-28,20.0,0.0,历史2/4次成功; 当前距低点0.00%; 最新日涨幅-9.96%; 状态bottom_area; 底部未确认
105,73.94675801769891,64.43493437226876,300036,超图软件,bottom_area,2024-02-05,12.6,2024-01-26,16.88,2024-02-05,12.3,2.4390243902438935,12.76422764227641,27.13270142180094,25.35545023696682,False,-9.35251798561152,3.6808703975186887,4,7,4,57.14285714285714,26.491067491684984,33.40122199592667,2012-12-04; 2015-07-29; 2015-09-02; 2019-01-31,17.560975609756106,2.4390243902438935,历史4/7次成功; 当前距低点2.44%; 最新日涨幅-9.35%; 状态bottom_area; 底部未确认
106,73.85030732317065,61.541922769308876,601086,国芳集团,bottom_area,2024-02-05,3.75,2024-01-26,5.27,2024-02-05,3.75,0.0,10.399999999999991,28.842504743833015,28.842504743833015,False,-10.07194244604317,2.939714714714715,2,3,2,66.66666666666666,29.168043562592505,33.48946135831383,2021-10-29; 2023-06-26,20.0,0.0,历史2/3次成功; 当前距低点0.00%; 最新日涨幅-10.07%; 状态bottom_area; 底部未确认
107,73.81883430890784,63.68703259305668,688167,炬光科技,bottom_area,2024-02-05,63.99,2024-01-29,91.96,2024-02-05,62.8,1.894904458598734,17.484076433121025,31.70943888647238,30.41539799913005,False,-13.62041036717062,5.438823823605709,2,4,2,50.0,31.276423433665595,39.13715105373497,2022-04-27; 2023-01-03,18.105095541401266,1.894904458598734,历史2/4次成功; 当前距低点1.89%; 最新日涨幅-13.62%; 状态bottom_area; 底部未确认
108,73.7718100089809,61.476508340817425,603045,福达合金,bottom_area,2024-02-05,9.92,2024-01-29,14.27,2024-02-05,9.92,0.0,9.576612903225799,30.483531885073578,30.483531885073578,False,-9.981851179673317,3.358406320360778,3,5,3,60.0,26.594130864609795,35.13990420973027,2018-06-26; 2020-02-04; 2022-01-28,20.0,0.0,历史3/5次成功; 当前距低点0.00%; 最新日涨幅-9.98%; 状态bottom_area; 底部未确认
109,73.75767650859609,61.92187175896336,002755,奥赛康,bottom_area,2024-02-05,7.45,2024-01-26,10.22,2024-02-05,7.42,0.4043126684636152,10.916442048517528,27.397260273972606,27.10371819960861,False,-9.5873786407767,0.8472979613522389,7,13,7,53.84615384615385,35.01991743580865,57.03937007874016,2015-06-29; 2015-07-29; 2015-09-02; 2016-01-14; 2016-12-13; 2022-10-12; 2023-08-24,19.595687331536386,0.4043126684636152,历史7/13次成功; 当前距低点0.40%; 最新日涨幅-9.59%; 状态bottom_area; 底部未确认
110,73.75673244270756,62.893337741843645,300278,华昌达,bottom_area,2024-02-05,2.42,2024-01-26,3.41,2024-02-05,2.39,1.2552301255230043,12.97071129707113,29.91202346041056,29.032258064516135,False,-10.70110701107011,1.7662056511821085,5,11,5,45.45454545454545,29.01656241857139,49.37106918238993,2012-08-02; 2017-08-10; 2018-05-02; 2021-12-27; 2022-10-11,18.744769874476997,1.2552301255230043,历史5/11次成功; 当前距低点1.26%; 最新日涨幅-10.70%; 状态bottom_area; 底部未确认
111,73.72819796833647,61.44016497361373,001332,锡装股份,bottom_area,2024-02-05,21.95,2024-01-26,30.88,2024-02-05,21.95,0.0,12.072892938496594,28.91839378238342,28.91839378238342,False,-10.004100041000418,2.306230566443401,2,3,2,66.66666666666666,28.620958639500337,31.086142322097377,2022-10-11; 2022-12-23,20.0,0.0,历史2/3次成功; 当前距低点0.00%; 最新日涨幅-10.00%; 状态bottom_area; 底部未确认
112,73.62540231792929,61.35450193160774,002879,长缆科技,bottom_area,2024-02-05,10.75,2024-01-26,15.43,2024-02-05,10.75,0.0,8.837209302325574,30.33052495139339,30.33052495139339,False,-9.966499162479058,3.1262214330693205,2,3,2,66.66666666666666,28.160404650220833,28.340444644060174,2017-08-11; 2018-01-16,20.0,0.0,历史2/3次成功; 当前距低点0.00%; 最新日涨幅-9.97%; 状态bottom_area; 底部未确认
113,73.54729890251552,61.28941575209627,002436,兴森科技,bottom_area,2024-02-05,8.72,2024-01-25,12.32,2024-02-05,8.72,0.0,11.009174311926593,29.22077922077922,29.22077922077922,False,-10.010319917440647,4.368105217270019,4,7,4,57.14285714285714,31.778732922176555,43.69369369369368,2017-01-16; 2019-05-08; 2022-10-12; 2023-08-28,20.0,0.0,历史4/7次成功; 当前距低点0.00%; 最新日涨幅-10.01%; 状态bottom_area; 底部未确认
114,73.52841979238704,61.273683160322534,002585,双星新材,bottom_area,2024-02-05,5.04,2024-01-26,7.14,2024-02-05,5.04,0.0,12.896825396825404,29.411764705882348,29.411764705882348,False,-9.999999999999998,2.797813591418024,6,11,6,54.54545454545454,37.32185472314165,56.338028169014066,2012-12-04; 2013-06-25; 2015-06-09; 2015-06-30; 2018-02-09; 2022-11-01,20.0,0.0,历史6/11次成功; 当前距低点0.00%; 最新日涨幅-10.00%; 状态bottom_area; 底部未确认
115,73.50913998153865,63.043251827096505,300703,创源股份,bottom_area,2024-02-05,7.12,2024-01-26,10.43,2024-02-05,7.01,1.569186875891588,18.116975748930095,32.79002876318312,31.735378715244483,False,-14.832535885167452,5.389947225187568,2,4,2,50.0,23.822569377039358,26.73101133025599,2018-02-09; 2022-04-27,18.430813124108415,1.569186875891588,历史2/4次成功; 当前距低点1.57%; 最新日涨幅-14.83%; 状态bottom_area; 底部未确认
116,73.39619145143587,61.16349287619656,000790,华神科技,bottom_area,2024-02-05,3.32,2024-01-26,4.68,2024-02-05,3.32,0.0,9.939759036144581,29.059829059829056,29.059829059829056,False,-10.027100271002709,2.505097015898303,7,12,7,58.333333333333336,28.522363133673174,38.087105038428696,1999-05-17; 2008-04-03; 2008-04-21; 2012-12-04; 2015-05-29; 2015-07-03; 2022-04-27,20.0,0.0,历史7/12次成功; 当前距低点0.00%; 最新日涨幅-10.03%; 状态bottom_area; 底部未确认
117,73.37909444513092,61.14924537094244,002169,智光电气,bottom_area,2024-02-05,4.45,2024-01-26,6.2,2024-02-05,4.45,0.0,10.561797752808982,28.2258064516129,28.2258064516129,False,-9.91902834008097,2.02372828332163,7,13,7,53.84615384615385,38.16798586528193,101.06951871657752,2008-06-04; 2008-09-18; 2011-01-25; 2015-08-04; 2015-11-03; 2020-02-04; 2023-04-25,20.0,0.0,历史7/13次成功; 当前距低点0.00%; 最新日涨幅-9.92%; 状态bottom_area; 底部未确认
118,73.3737288650221,61.14477405418509,600748,上实发展,bottom_area,2024-02-05,3.04,2024-01-26,4.25,2024-02-05,3.04,0.0,10.52631578947368,28.470588235294116,28.470588235294116,False,-10.059171597633132,3.0492371880432723,11,19,11,57.89473684210527,29.372016703315417,40.124740124740136,2003-11-13; 2007-02-02; 2007-06-05; 2007-10-19; 2008-07-18; 2008-12-31; 2009-02-27; 2014-01-13; 2015-06-30; 2019-05-07; 2020-02-04,20.0,0.0,历史11/19次成功; 当前距低点0.00%; 最新日涨幅-10.06%; 状态bottom_area; 底部未确认
119,73.35144704219779,64.98998982891504,688317,之江生物,bottom_area,2024-02-05,13.26,2024-01-26,18.77,2024-02-05,12.83,3.351519875292282,14.341387373343725,31.646244006393175,29.355354288758654,False,-9.61145194274029,1.5556988928179019,2,3,2,66.66666666666666,36.69241117158478,38.96296296296296,2021-01-20; 2022-04-28,16.64848012470772,3.351519875292282,历史2/3次成功; 当前距低点3.35%; 最新日涨幅-9.61%; 状态bottom_area; 底部未确认
120,73.31590198469391,61.09658498724493,600173,卧龙新能,bottom_area,2024-02-05,3.57,2024-01-29,4.96,2024-02-05,3.57,0.0,10.644257703081243,28.0241935483871,28.0241935483871,False,-10.075566750629728,1.777514244039455,6,10,6,60.0,24.551532189488835,26.848249027237355,2000-03-16; 2006-10-30; 2008-09-11; 2013-06-25; 2017-07-18; 2022-04-27,20.0,0.0,历史6/10次成功; 当前距低点0.00%; 最新日涨幅-10.08%; 状态bottom_area; 底部未确认
121,73.28474610473688,63.034439813496434,600773,西藏城投,bottom_area,2024-02-05,7.65,2024-01-26,10.84,2024-02-05,7.52,1.7287234042553297,10.106382978723403,30.627306273062732,29.4280442804428,False,-7.942238267148016,1.181794357977037,9,19,9,47.368421052631575,31.43255640316156,46.995708154506424,1998-03-24; 1998-08-18; 2005-04-01; 2006-04-26; 2007-10-29; 2011-01-25; 2015-09-07; 2018-02-09; 2020-02-04,18.27127659574467,1.7287234042553297,历史9/19次成功; 当前距低点1.73%; 最新日涨幅-7.94%; 状态bottom_area; 底部未确认
122,73.15073941805966,64.71342008988482,300261,雅本化学,bottom_area,2024-02-05,4.74,2024-01-26,6.56,2024-02-05,4.59,3.2679738562091583,13.943355119825721,30.03048780487805,27.74390243902438,False,-9.021113243761992,1.6567559617276104,8,14,8,57.14285714285714,38.14961856704448,81.5282392026578,2015-08-26; 2016-03-01; 2016-06-15; 2020-02-04; 2020-09-11; 2022-01-07; 2022-04-27; 2022-06-02,16.732026143790844,3.2679738562091583,历史8/14次成功; 当前距低点3.27%; 最新日涨幅-9.02%; 状态bottom_area; 底部未确认
123,73.11846549525254,60.932054579377116,002688,金河生物,bottom_area,2024-02-05,3.21,2024-01-26,4.42,2024-02-05,3.21,0.0,9.968847352024918,27.375565610859727,27.375565610859727,False,-10.084033613445376,2.1221100442391947,4,7,4,57.14285714285714,29.85743629465426,47.777777777777786,2012-12-04; 2015-08-26; 2017-05-25; 2019-12-03,20.0,0.0,历史4/7次成功; 当前距低点0.00%; 最新日涨幅-10.08%; 状态bottom_area; 底部未确认
124,73.06686281471467,61.17225724022624,002641,公元股份,bottom_area,2024-02-05,3.96,2024-01-26,5.44,2024-02-05,3.95,0.2531645569620199,11.392405063291143,27.389705882352942,27.20588235294118,False,-9.79498861047835,3.996447293762124,3,6,3,50.0,37.47028188225613,67.42209631728046,2015-06-30; 2015-07-06; 2015-08-26,19.74683544303798,0.2531645569620199,历史3/6次成功; 当前距低点0.25%; 最新日涨幅-9.79%; 状态bottom_area; 底部未确认
125,73.01708559235483,60.84757132696236,600602,云赛智联,bottom_area,2024-02-05,8.15,2024-01-26,11.69,2024-02-05,8.15,0.0,9.69325153374232,30.282292557741652,30.282292557741652,False,-9.944751381215477,3.257433053612233,10,18,10,55.55555555555556,32.8423786993197,41.85351270553064,1991-05-17; 1992-06-03; 1992-10-07; 1992-12-10; 1993-03-10; 1994-08-10; 1999-12-23; 2005-07-21; 2008-06-20; 2015-09-02,20.0,0.0,历史10/18次成功; 当前距低点0.00%; 最新日涨幅-9.94%; 状态bottom_area; 底部未确认
126,72.85687207124865,60.71406005937388,603618,杭电股份,bottom_area,2024-02-05,4.03,2024-01-26,5.81,2024-02-05,4.03,0.0,10.66997518610421,30.63683304647159,30.63683304647159,False,-10.044642857142861,2.325320624371159,4,7,4,57.14285714285714,28.685422746249756,43.99092970521541,2015-08-26; 2018-07-05; 2019-08-15; 2022-04-27,20.0,0.0,历史4/7次成功; 当前距低点0.00%; 最新日涨幅-10.04%; 状态bottom_area; 底部未确认
127,72.8433029832166,60.70275248601384,603607,京华激光,bottom_area,2024-02-05,10.81,2024-01-29,15.24,2024-02-05,10.81,0.0,10.730804810360778,29.068241469816268,29.068241469816268,False,-9.991673605328888,2.2353078644997955,3,5,3,60.0,22.434153150612083,24.028690974297664,2018-10-09; 2019-10-31; 2020-02-04,20.0,0.0,历史3/5次成功; 当前距低点0.00%; 最新日涨幅-9.99%; 状态bottom_area; 底部未确认
128,72.83756225669272,60.69796854724394,603608,天创时尚,bottom_area,2024-02-05,4.01,2024-01-26,5.82,2024-02-05,4.01,0.0,10.972568578553627,31.099656357388323,31.099656357388323,False,-10.089686098654715,2.026653831224168,3,5,3,60.0,22.40843304969858,22.526315789473692,2020-03-17; 2023-06-01; 2023-12-27,20.0,0.0,历史3/5次成功; 当前距低点0.00%; 最新日涨幅-10.09%; 状态bottom_area; 底部未确认
129,72.83591693879858,64.23550690928943,301089,拓新药业,bottom_area,2024-02-05,33.61,2024-01-26,47.69,2024-02-05,32.6,3.098159509202448,14.509202453987719,31.641853638079255,29.52400922625288,False,-8.989981045220684,4.428203465881014,2,3,2,66.66666666666666,29.53034367529216,31.96001620964473,2022-04-26; 2022-12-07,16.901840490797554,3.098159509202448,历史2/3次成功; 当前距低点3.10%; 最新日涨幅-8.99%; 状态bottom_area; 底部未确认
130,72.83009350470651,60.69174458725543,002869,金溢科技,bottom_area,2024-02-05,12.42,2024-01-26,18.44,2024-02-05,12.42,0.0,11.111111111111118,32.646420824295014,32.646420824295014,False,-10.000000000000009,3.0601103140957884,2,4,2,50.0,44.04163756588939,63.36238198983298,2020-02-04; 2021-02-08,20.0,0.0,历史2/4次成功; 当前距低点0.00%; 最新日涨幅-10.00%; 状态bottom_area; 底部未确认
131,72.78637843505925,62.941690942666106,002466,天齐锂业,bottom_area,2024-02-05,41.89,2024-01-11,60.98,2024-02-05,41.06,2.02143205065757,7.890891378470519,32.66644801574286,31.30534601508691,False,-5.18334087822544,2.4050837756126917,4,8,4,50.0,28.820193646050374,50.224215246636774,2012-12-04; 2015-06-30; 2016-02-29; 2020-02-04,17.97856794934243,2.02143205065757,历史4/8次成功; 当前距低点2.02%; 最新日涨幅-5.18%; 状态bottom_area; 底部未确认
132,72.76076089024671,66.28628640425019,300940,南极光,bottom_area,2024-02-05,12.9,2024-01-26,16.92,2024-02-05,12.3,4.878048780487801,18.373983739837396,27.30496453900709,23.758865248226957,False,-10.292072322670375,2.5967205160942735,1,1,1,100.0,23.485148514851485,23.485148514851485,2021-03-10,15.1219512195122,4.878048780487801,历史1/1次成功; 当前距低点4.88%; 最新日涨幅-10.29%; 状态bottom_area; 底部未确认
133,72.7538181660721,63.432849872942086,300127,银河磁体,bottom_area,2024-02-05,11.61,2024-01-29,16.2,2024-02-05,11.33,2.47131509267431,14.298323036187108,30.061728395061728,28.333333333333332,False,-10.6923076923077,2.688763984855367,5,9,5,55.55555555555556,24.938491372852816,34.38621679827709,2010-10-18; 2015-06-30; 2016-01-14; 2019-09-26; 2020-02-04,17.528684907325694,2.47131509267431,历史5/9次成功; 当前距低点2.47%; 最新日涨幅-10.69%; 状态bottom_area; 底部未确认
134,72.57273050998857,60.47727542499048,002375,亚厦股份,bottom_area,2024-02-05,3.2,2024-01-26,4.45,2024-02-05,3.2,0.0,9.999999999999995,28.089887640449433,28.089887640449433,False,-9.859154929577452,1.9557282505670484,6,11,6,54.54545454545454,33.040092705227394,40.40816326530611,2012-11-27; 2014-07-17; 2018-07-11; 2021-01-07; 2022-02-07; 2022-04-28,20.0,0.0,历史6/11次成功; 当前距低点0.00%; 最新日涨幅-9.86%; 状态bottom_area; 底部未确认
135,72.51976186370689,60.433134886422415,002579,中京电子,bottom_area,2024-02-05,5.36,2024-01-26,7.63,2024-02-05,5.36,0.0,11.194029850746261,29.75098296199213,29.75098296199213,False,-10.067114093959727,2.89039349275159,2,4,2,50.0,42.65126283022806,58.76494023904383,2012-12-04; 2019-05-10,20.0,0.0,历史2/4次成功; 当前距低点0.00%; 最新日涨幅-10.07%; 状态bottom_area; 底部未确认
136,72.48028615721432,60.40023846434527,002313,日海智能,bottom_area,2024-02-05,6.35,2024-01-26,9.17,2024-02-05,6.35,0.0,10.866141732283472,30.752453653217017,30.752453653217017,False,-9.9290780141844,2.357136663763554,5,9,5,55.55555555555556,30.43736330890526,47.69520225776104,2013-11-01; 2016-02-01; 2016-03-01; 2018-02-08; 2023-12-26,20.0,0.0,历史5/9次成功; 当前距低点0.00%; 最新日涨幅-9.93%; 状态bottom_area; 底部未确认
137,72.35447914718439,60.29539928932033,002442,龙星科技,bottom_area,2024-02-05,3.75,2024-01-26,5.47,2024-02-05,3.75,0.0,10.133333333333331,31.444241316270567,31.444241316270567,False,-10.07194244604317,4.525244426613343,5,9,5,55.55555555555556,29.873711830276534,35.84905660377359,2012-12-04; 2015-06-30; 2015-11-30; 2016-01-14; 2022-04-27,20.0,0.0,历史5/9次成功; 当前距低点0.00%; 最新日涨幅-10.07%; 状态bottom_area; 底部未确认
138,72.3297166790395,60.27476389919959,002565,顺灏股份,bottom_area,2024-02-05,2.36,2024-01-26,3.3,2024-02-05,2.36,0.0,10.169491525423737,28.484848484848484,28.484848484848484,False,-9.92366412213741,3.3063000081002833,4,8,4,50.0,41.799805909675186,90.81081081081082,2012-01-06; 2018-10-19; 2019-02-01; 2020-02-04,20.0,0.0,历史4/8次成功; 当前距低点0.00%; 最新日涨幅-9.92%; 状态bottom_area; 底部未确认
139,72.29132746790846,63.519986265075055,301371,敷尔佳,bottom_area,2024-02-05,25.94,2024-01-29,35.15,2024-02-05,25.21,2.8956763189210646,11.463704879016264,28.278805120910377,26.201991465149355,False,-7.686832740213523,3.468210347838581,2,3,2,66.66666666666666,23.201406481443037,25.879396984924636,2023-10-23; 2023-12-26,17.104323681078938,2.8956763189210646,历史2/3次成功; 当前距低点2.90%; 最新日涨幅-7.69%; 状态bottom_area; 底部未确认
140,72.22861531696456,60.19051276413714,002753,永东股份,bottom_area,2024-02-05,5.19,2024-01-26,7.58,2024-02-05,5.19,0.0,11.56069364161849,31.53034300791556,31.53034300791556,False,-10.05199306759097,3.6156968789783765,4,8,4,50.0,41.34684281794161,69.36936936936937,2015-07-09; 2015-08-26; 2020-02-04; 2022-04-29,20.0,0.0,历史4/8次成功; 当前距低点0.00%; 最新日涨幅-10.05%; 状态bottom_area; 底部未确认
141,72.16793933442857,60.139949445357146,002730,电光科技,bottom_area,2024-02-05,5.94,2024-01-26,8.72,2024-02-05,5.94,0.0,11.111111111111098,31.88073394495413,31.88073394495413,False,-9.999999999999986,2.9378965531449652,4,7,4,57.14285714285714,25.59880654185871,27.943485086342235,2016-03-01; 2017-11-20; 2019-05-08; 2020-02-04,20.0,0.0,历史4/7次成功; 当前距低点0.00%; 最新日涨幅-10.00%; 状态bottom_area; 底部未确认
142,72.1424607997442,60.11871733312017,002474,榕基软件,bottom_area,2024-02-05,4.18,2024-01-26,5.99,2024-02-05,4.18,0.0,10.765550239234454,30.217028380634396,30.217028380634396,False,-9.913793103448276,3.2303446967676854,5,9,5,55.55555555555556,28.923808839953153,44.49404761904764,2015-06-30; 2016-03-01; 2018-02-07; 2018-06-21; 2020-02-04,20.0,0.0,历史5/9次成功; 当前距低点0.00%; 最新日涨幅-9.91%; 状态bottom_area; 底部未确认
143,72.05518263018534,60.04598552515446,603787,新日股份,bottom_area,2024-02-05,8.14,2024-01-26,11.5,2024-02-05,8.14,0.0,9.213759213759214,29.217391304347824,29.217391304347824,False,-9.955752212389369,2.0926480835734247,2,4,2,50.0,40.56981465136804,60.19417475728154,2020-02-04; 2022-01-27,20.0,0.0,历史2/4次成功; 当前距低点0.00%; 最新日涨幅-9.96%; 状态bottom_area; 底部未确认
144,71.90887644328609,62.24639734726076,002779,中坚科技,bottom_area,2024-02-05,21.13,2024-01-26,29.48,2024-02-05,20.7,2.0772946859903367,12.657004830917879,29.782903663500683,28.324287652645868,False,-8.130434782608697,1.243966671319536,3,6,3,50.0,25.766823824294278,29.818594104308378,2020-02-04; 2022-04-15; 2022-04-27,17.922705314009665,2.0772946859903367,历史3/6次成功; 当前距低点2.08%; 最新日涨幅-8.13%; 状态bottom_area; 底部未确认
145,71.83609083968443,62.870246929708614,300079,数码视讯,bottom_area,2024-02-05,3.45,2024-01-26,4.84,2024-02-05,3.36,2.6785714285714377,16.964285714285722,30.57851239669421,28.719008264462804,False,-11.764705882352944,3.5250422180414,6,11,6,54.54545454545454,26.642858091576947,38.034188034188034,2015-01-05; 2016-01-14; 2019-08-06; 2021-06-28; 2021-07-28; 2022-10-11,17.321428571428562,2.6785714285714377,历史6/11次成功; 当前距低点2.68%; 最新日涨幅-11.76%; 状态bottom_area; 底部未确认
146,71.79533241113039,59.82944367594199,002090,金智科技,bottom_area,2024-02-05,6.66,2024-01-26,9.5,2024-02-05,6.66,0.0,10.960960960960954,29.894736842105264,29.894736842105264,False,-9.999999999999998,3.594001417196731,5,9,5,55.55555555555556,27.368574123941336,36.25954198473283,2009-08-19; 2015-07-03; 2018-02-09; 2020-02-04; 2022-09-02,20.0,0.0,历史5/9次成功; 当前距低点0.00%; 最新日涨幅-10.00%; 状态bottom_area; 底部未确认
147,71.6599141666819,62.23487089969867,688189,南新制药,bottom_area,2024-02-05,5.89,2024-01-26,8.42,2024-02-05,5.76,2.256944444444443,16.666666666666664,31.59144893111639,30.047505938242285,False,-12.869822485207106,3.017310495626822,2,5,2,40.0,49.573678672215046,64.63624623331897,2020-07-24; 2020-11-30,17.74305555555556,2.256944444444443,历史2/5次成功; 当前距低点2.26%; 最新日涨幅-12.87%; 状态bottom_area; 底部未确认
148,71.61056941568981,63.375757600131344,300441,鲍斯股份,bottom_area,2024-02-05,4.71,2024-01-26,6.78,2024-02-05,4.56,3.2894736842105345,15.789473684210542,32.74336283185841,30.530973451327437,False,-11.632270168855541,3.080563904709168,6,10,6,60.0,25.030954839415937,29.15291529152916,2015-06-30; 2015-07-29; 2016-03-01; 2020-02-04; 2021-11-05; 2022-04-27,16.71052631578947,3.2894736842105345,历史6/10次成功; 当前距低点3.29%; 最新日涨幅-11.63%; 状态bottom_area; 底部未确认
149,71.58329122617577,60.74728842588312,603169,兰石重装,bottom_area,2024-02-05,4.07,2024-01-25,5.56,2024-02-05,4.03,0.9925558312655095,10.421836228287837,27.51798561151078,26.798561151079127,False,-9.15178571428572,1.57507687403543,5,9,5,55.55555555555556,32.21197221655697,73.25651910248638,2014-11-17; 2015-08-26; 2018-06-22; 2020-02-04; 2021-04-29,19.00744416873449,0.9925558312655095,历史5/9次成功; 当前距低点0.99%; 最新日涨幅-9.15%; 状态bottom_area; 底部未确认
150,71.5721274555613,59.64343954630109,603399,永杉锂业,bottom_area,2024-02-05,5.8,2024-01-26,8.33,2024-02-05,5.8,0.0,9.137931034482763,30.372148859543817,30.372148859543817,False,-9.937888198757772,2.844049269511131,5,9,5,55.55555555555556,26.368551921570997,30.753768844221113,2012-12-03; 2015-07-16; 2015-07-29; 2018-09-14; 2023-06-01,20.0,0.0,历史5/9次成功; 当前距低点0.00%; 最新日涨幅-9.94%; 状态bottom_area; 底部未确认
151,71.28822291164408,60.89789201924073,603236,移远通信,bottom_area,2024-02-05,30.7,2024-01-26,43.3,2024-02-05,30.29,1.3535820402773198,10.927698910531536,30.046189376443415,29.099307159353344,False,-8.793820558526432,2.1973915018538444,2,5,2,40.0,31.312145543403275,39.389337383102855,2020-06-17; 2021-07-28,18.64641795972268,1.3535820402773198,历史2/5次成功; 当前距低点1.35%; 最新日涨幅-8.79%; 状态bottom_area; 底部未确认
152,71.18364103877325,59.31970086564438,002660,茂硕电源,bottom_area,2024-02-05,6.39,2024-01-26,9.09,2024-02-05,6.39,0.0,10.641627543036005,29.702970297029708,29.702970297029708,False,-9.999999999999998,3.7925375208132603,5,10,5,50.0,36.665058417442836,63.57894736842105,2012-12-04; 2015-06-30; 2019-02-01; 2020-02-04; 2022-10-10,20.0,0.0,历史5/10次成功; 当前距低点0.00%; 最新日涨幅-10.00%; 状态bottom_area; 底部未确认
153,71.11486372000894,64.05566768897866,300310,宜通世纪,bottom_area,2024-02-05,2.94,2024-01-25,4.14,2024-02-05,2.82,4.255319148936175,18.794326241134762,31.88405797101449,28.985507246376805,False,-13.017751479289942,6.471053568585415,7,11,7,63.63636363636363,32.64699356504618,73.38308457711445,2013-12-23; 2014-05-21; 2016-01-29; 2019-05-08; 2020-02-04; 2020-04-28; 2021-02-08,15.744680851063828,4.255319148936175,历史7/11次成功; 当前距低点4.26%; 最新日涨幅-13.02%; 状态bottom_area; 底部未确认
154,71.07478424501633,62.28515207825526,300351,永贵电器,bottom_area,2024-02-05,12.33,2024-01-26,17.23,2024-02-05,12.0,2.750000000000001,14.916666666666659,30.354033662217066,28.438769587928032,False,-9.736456808199122,6.392521798408661,3,7,3,42.857142857142854,49.697438208745645,63.972602739726035,2019-02-01; 2020-02-04; 2022-10-28,17.25,2.750000000000001,历史3/7次成功; 当前距低点2.75%; 最新日涨幅-9.74%; 状态bottom_area; 底部未确认
155,71.04014569009793,63.31604312246508,603185,弘元绿能,bottom_area,2024-02-05,22.28,2024-01-26,30.6,2024-02-05,21.49,3.676128431828771,10.516519311307594,29.77124183006537,27.18954248366013,False,-6.700167504187593,1.4919247392044903,3,5,3,60.0,29.449548102336955,43.51028702057404,2022-02-14; 2022-04-25; 2022-06-02,16.32387156817123,3.676128431828771,历史3/5次成功; 当前距低点3.68%; 最新日涨幅-6.70%; 状态bottom_area; 底部未确认
156,71.02809973509,60.00225473116751,300479,神思电子,bottom_area,2024-02-05,12.19,2024-01-26,17.85,2024-02-05,12.1,0.7438016528925608,16.942148760330586,32.21288515406163,31.708683473389364,False,-14.094432699083859,3.3022662305680184,5,10,5,50.0,37.19420698797071,53.96113602391629,2015-07-09; 2015-07-29; 2016-04-28; 2018-02-07; 2023-04-27,19.25619834710744,0.7438016528925608,历史5/10次成功; 当前距低点0.74%; 最新日涨幅-14.09%; 状态bottom_area; 底部未确认
157,71.01489027088002,59.74638820805419,603178,圣龙股份,bottom_area,2024-02-05,25.1,2024-01-26,34.49,2024-02-05,24.97,0.5206247496996499,11.81417701241491,27.602203537257186,27.225282690634966,False,-9.05797101449275,5.67052686861657,4,8,4,50.0,33.08286364177094,44.66270354096666,2019-01-31; 2021-02-04; 2023-11-27; 2023-12-08,19.47937525030035,0.5206247496996499,历史4/8次成功; 当前距低点0.52%; 最新日涨幅-9.06%; 状态bottom_area; 底部未确认
158,70.94361764568605,59.11968137140504,600249,两面针,bottom_area,2024-02-05,4.06,2024-01-26,5.72,2024-02-05,4.06,0.0,10.591133004926125,29.020979020979027,29.020979020979027,False,-9.977827050997789,3.857090909090909,6,11,6,54.54545454545454,25.741199944015364,43.13513513513514,2006-11-13; 2007-11-12; 2008-01-22; 2008-04-03; 2015-06-30; 2017-01-16,20.0,0.0,历史6/11次成功; 当前距低点0.00%; 最新日涨幅-9.98%; 状态bottom_area; 底部未确认
159,70.92159744517272,59.101331204310604,002995,天地在线,bottom_area,2024-02-05,14.14,2024-01-26,20.4,2024-02-05,14.14,0.0,10.749646393210746,30.686274509803912,30.686274509803912,False,-9.993634627625713,4.465312755162431,3,6,3,50.0,35.49102798016449,46.32098765432098,2022-10-11; 2023-06-05; 2023-10-23,20.0,0.0,历史3/6次成功; 当前距低点0.00%; 最新日涨幅-9.99%; 状态bottom_area; 底部未确认
160,70.87677230700187,61.285308799701625,300900,广联航空,bottom_area,2024-02-05,15.68,2024-01-26,21.35,2024-02-05,15.37,2.016916070266757,11.255692908262864,28.009367681498837,26.557377049180335,False,-9.52106174264281,1.5134840430710517,2,5,2,40.0,41.52622279521412,62.3599701269604,2021-01-14; 2021-10-29,17.983083929733247,2.016916070266757,历史2/5次成功; 当前距低点2.02%; 最新日涨幅-9.52%; 状态bottom_area; 底部未确认
161,70.81259839142092,59.01049865951743,603188,亚邦股份,bottom_area,2024-02-05,2.52,2024-01-26,3.64,2024-02-05,2.52,0.0,9.920634920634921,30.76923076923077,30.76923076923077,False,-9.999999999999998,1.018433098900328,2,4,2,50.0,35.00268096514746,44.0,2019-08-15; 2022-04-27,20.0,0.0,历史2/4次成功; 当前距低点0.00%; 最新日涨幅-10.00%; 状态bottom_area; 底部未确认
162,70.75502117919729,59.82271353015685,300098,高新兴,bottom_area,2024-02-05,2.55,2024-01-26,3.59,2024-02-05,2.53,0.7905138339920956,14.62450592885376,29.52646239554318,28.969359331476323,False,-12.671232876712335,3.3444352151724366,5,9,5,55.55555555555556,24.764495606289927,31.609195402298855,2016-02-01; 2016-03-01; 2018-10-12; 2020-02-04; 2021-07-28,19.209486166007906,0.7905138339920956,历史5/9次成功; 当前距低点0.79%; 最新日涨幅-12.67%; 状态bottom_area; 底部未确认
163,70.73352935410273,59.74410309193633,600653,申华控股,bottom_area,2024-02-05,1.37,2024-01-26,1.93,2024-02-05,1.36,0.7352941176470594,11.029411764705875,29.53367875647668,29.01554404145077,False,-9.27152317880794,1.7018205428441928,9,18,9,50.0,35.7020090331808,74.33962264150942,1992-09-08; 1993-07-21; 1993-12-20; 1996-12-25; 1998-08-18; 2001-10-12; 2008-09-18; 2012-01-06; 2020-02-04,19.264705882352942,0.7352941176470594,历史9/18次成功; 当前距低点0.74%; 最新日涨幅-9.27%; 状态bottom_area; 底部未确认
164,70.71054597712742,61.801808465442264,000811,冰轮环境,bottom_area,2024-02-05,9.06,2024-01-26,12.47,2024-02-05,8.83,2.6047565118912845,11.438278595696486,29.190056134723342,27.34562951082598,False,-7.456588355464744,1.9254172866694639,9,17,9,52.94117647058824,23.4696730908996,30.511463844797188,2005-07-08; 2008-03-18; 2008-08-13; 2009-08-19; 2015-06-30; 2016-01-05; 2020-02-04; 2021-02-10; 2022-04-27,17.395243488108715,2.6047565118912845,历史9/17次成功; 当前距低点2.60%; 最新日涨幅-7.46%; 状态bottom_area; 底部未确认
165,70.70571428571428,58.92142857142857,002696,百洋股份,bottom_area,2024-02-05,4.46,2024-01-26,6.41,2024-02-05,4.46,0.0,10.313901345291479,30.42121684867395,30.42121684867395,False,-10.080645161290324,3.5293300430944017,3,7,3,42.857142857142854,50.44810014618283,80.98765432098767,2012-12-04; 2019-02-11; 2023-10-23,20.0,0.0,历史3/7次成功; 当前距低点0.00%; 最新日涨幅-10.08%; 状态bottom_area; 底部未确认
166,70.68508101330542,63.036067415730344,300607,拓斯达,bottom_area,2024-02-05,9.23,2024-01-26,12.62,2024-02-05,8.9,3.707865168539327,15.168539325842692,29.477020602218694,26.862123613312193,False,-10.38834951456311,3.6382581682722828,3,6,3,50.0,54.43447706105011,89.30666666666666,2020-02-04; 2022-04-26; 2022-10-11,16.292134831460675,3.707865168539327,历史3/6次成功; 当前距低点3.71%; 最新日涨幅-10.39%; 状态bottom_area; 底部未确认
167,70.6717165050931,63.02814432989688,300102,乾照光电,bottom_area,2024-02-05,5.03,2024-01-25,6.74,2024-02-05,4.85,3.7113402061855796,15.463917525773196,28.04154302670624,25.370919881305635,False,-11.59929701230229,3.336521996873887,5,10,5,50.0,50.995812809124494,144.44444444444443,2012-12-04; 2015-06-30; 2019-11-11; 2020-02-04; 2021-02-09,16.28865979381442,3.7113402061855796,历史5/10次成功; 当前距低点3.71%; 最新日涨幅-11.60%; 状态bottom_area; 底部未确认
168,70.65771841460293,59.7484945986937,300057,万顺新材,bottom_area,2024-02-05,3.79,2024-01-26,5.39,2024-02-05,3.76,0.7978723404255386,12.500000000000016,30.241187384044526,29.684601113172537,False,-10.401891252955087,2.8925142901894447,2,4,2,50.0,36.492707176687794,46.8409586056645,2015-09-02; 2020-02-04,19.202127659574465,0.7978723404255386,历史2/4次成功; 当前距低点0.80%; 最新日涨幅-10.40%; 状态bottom_area; 底部未确认
169,70.60228235858868,58.8352352988239,002942,新农股份,bottom_area,2024-02-05,11.19,2024-01-26,15.98,2024-02-05,11.19,0.0,10.545129579982126,29.974968710888618,29.974968710888618,False,-9.975864843121485,1.147320444211131,2,4,2,50.0,34.060404832386595,35.638051044083525,2020-02-04; 2021-10-27,20.0,0.0,历史2/4次成功; 当前距低点0.00%; 最新日涨幅-9.98%; 状态bottom_area; 底部未确认
170,70.54141687792924,62.21881420378812,300444,双杰电气,bottom_area,2024-02-05,4.65,2024-01-26,6.21,2024-02-05,4.51,3.104212860310434,10.421286031042143,27.37520128824477,25.120772946859898,False,-7.554671968190851,3.104368010275855,5,9,5,55.55555555555556,26.169519550575426,34.9425287356322,2015-07-29; 2015-08-27; 2015-09-02; 2020-02-04; 2021-01-14,16.895787139689567,3.104212860310434,历史5/9次成功; 当前距低点3.10%; 最新日涨幅-7.55%; 状态bottom_area; 底部未确认
171,70.51881211037801,58.76567675864835,603011,合锻智能,bottom_area,2024-02-05,4.77,2024-01-25,6.75,2024-02-05,4.77,0.0,9.853249475891,29.33333333333334,29.33333333333334,False,-10.000000000000009,3.105349912392428,4,9,4,44.44444444444444,45.72347122331845,71.07231920199503,2014-12-23; 2015-09-28; 2020-02-04; 2022-04-27,20.0,0.0,历史4/9次成功; 当前距低点0.00%; 最新日涨幅-10.00%; 状态bottom_area; 底部未确认
172,70.4611174894757,58.71759790789641,002718,友邦吊顶,bottom_area,2024-02-05,10.88,2024-01-26,16.23,2024-02-05,10.88,0.0,10.477941176470576,32.963647566235366,32.963647566235366,False,-10.008271298593874,1.3638955928706349,2,4,2,50.0,33.42794574137858,46.07517965726922,2015-07-07; 2019-05-08,20.0,0.0,历史2/4次成功; 当前距低点0.00%; 最新日涨幅-10.01%; 状态bottom_area; 底部未确认
173,70.38739058720556,60.587948484495804,300263,隆华科技,bottom_area,2024-02-05,4.6,2024-01-26,6.35,2024-02-05,4.52,1.7699115044247804,13.274336283185853,28.818897637795278,27.559055118110237,False,-10.852713178294582,2.17061964127275,3,8,3,37.5,40.165842551528435,61.07226107226107,2017-05-11; 2018-02-07; 2020-02-04,18.23008849557522,1.7699115044247804,历史3/8次成功; 当前距低点1.77%; 最新日涨幅-10.85%; 状态bottom_area; 底部未确认
174,70.3759732161912,59.560701038008126,603306,华懋科技,bottom_area,2024-02-05,15.53,2024-01-25,21.57,2024-02-05,15.4,0.8441558441558377,12.207792207792213,28.60454334724154,28.001854427445533,False,-9.234365867913496,3.9836743442583207,3,6,3,50.0,36.05041055206149,52.64150943396228,2015-06-30; 2015-07-09; 2020-02-04,19.15584415584416,0.8441558441558377,历史3/6次成功; 当前距低点0.84%; 最新日涨幅-9.23%; 状态bottom_area; 底部未确认
175,70.36938513535645,62.55209376886272,300872,天阳科技,bottom_area,2024-02-05,9.09,2024-01-26,12.88,2024-02-05,8.78,3.530751708428252,17.425968109339422,31.83229813664597,29.425465838509325,False,-12.258687258687251,2.6548086367350385,2,3,2,66.66666666666666,25.78247848071215,27.510494026477243,2020-08-25; 2022-02-08,16.46924829157175,3.530751708428252,历史2/3次成功; 当前距低点3.53%; 最新日涨幅-12.26%; 状态bottom_area; 底部未确认
176,70.2331960862042,58.52766340517017,603028,赛福天,bottom_area,2024-02-05,6.53,2024-01-26,9.49,2024-02-05,6.53,0.0,11.179173047473192,31.190727081138036,31.190727081138036,False,-10.055096418732779,1.957000598191351,3,6,3,50.0,32.40679250091491,43.67816091954023,2017-01-17; 2022-04-27; 2022-10-11,20.0,0.0,历史3/6次成功; 当前距低点0.00%; 最新日涨幅-10.06%; 状态bottom_area; 底部未确认
177,70.19575884706856,58.496465705890465,600130,波导股份,bottom_area,2024-02-05,2.97,2024-01-26,4.23,2024-02-05,2.97,0.0,10.437710437710424,29.787234042553195,29.787234042553195,False,-9.999999999999986,3.4762800000000005,12,23,12,52.17391304347826,27.528918007358765,44.55445544554456,2001-10-22; 2008-03-19; 2008-04-22; 2008-09-18; 2011-10-21; 2012-07-31; 2012-12-04; 2015-07-17; 2018-03-26; 2019-05-07; 2020-02-04; 2022-04-27,20.0,0.0,历史12/23次成功; 当前距低点0.00%; 最新日涨幅-10.00%; 状态bottom_area; 底部未确认
178,70.13086285320836,58.44238571100696,002877,智能自控,bottom_area,2024-02-05,6.26,2024-01-26,9.08,2024-02-05,6.26,0.0,10.702875399361021,31.05726872246696,31.05726872246696,False,-10.057471264367823,4.2807794614867145,3,7,3,42.857142857142854,47.42450075042143,92.04892966360853,2018-02-07; 2018-06-01; 2020-02-04,20.0,0.0,历史3/7次成功; 当前距低点0.00%; 最新日涨幅-10.06%; 状态bottom_area; 底部未确认
179,70.10040413846711,58.417003448722596,002172,澳洋健康,bottom_area,2024-02-05,2.76,2024-01-26,3.91,2024-02-05,2.76,0.0,10.869565217391315,29.41176470588236,29.41176470588236,False,-10.097719869706845,5.569825239455039,10,19,10,52.63157894736842,26.110092112543636,35.395189003436414,2008-09-18; 2009-03-04; 2009-09-02; 2009-09-29; 2011-08-09; 2012-01-06; 2019-05-08; 2020-02-04; 2022-01-28; 2022-04-27,20.0,0.0,历史10/19次成功; 当前距低点0.00%; 最新日涨幅-10.10%; 状态bottom_area; 底部未确认
180,70.09322755240417,63.574798813317216,300001,特锐德,bottom_area,2024-02-05,15.8,2024-01-02,21.42,2024-02-05,15.1,4.63576158940398,10.066225165562923,29.505135387488334,26.23716153127918,False,-4.99098015634395,2.16229873461253,5,8,5,62.5,37.18728622128115,58.60805860805862,2010-02-03; 2015-06-30; 2015-07-09; 2015-07-16; 2016-01-14,15.36423841059602,4.63576158940398,历史5/8次成功; 当前距低点4.64%; 最新日涨幅-4.99%; 状态bottom_area; 底部未确认
181,70.04137324538661,60.37510065368296,300137,先河环保,bottom_area,2024-02-05,3.86,2024-01-26,5.34,2024-02-05,3.79,1.8469656992084391,17.150395778364125,29.026217228464418,27.715355805243448,False,-14.031180400890875,3.505623495775957,3,7,3,42.857142857142854,28.35889180886903,36.933045356371494,2012-01-06; 2017-07-18; 2022-04-28,18.153034300791564,1.8469656992084391,历史3/7次成功; 当前距低点1.85%; 最新日涨幅-14.03%; 状态bottom_area; 底部未确认
182,70.01287765654068,60.25130011304578,300409,道氏技术,bottom_area,2024-02-05,6.95,2024-01-26,9.95,2024-02-05,6.83,1.756954612005858,17.276720351390917,31.356783919597987,30.15075376884421,False,-13.557213930348244,2.322468708469012,4,10,4,40.0,32.78041198074809,50.03460207612457,2015-07-03; 2020-02-04; 2021-04-26; 2022-04-27,18.243045387994144,1.756954612005858,历史4/10次成功; 当前距低点1.76%; 最新日涨幅-13.56%; 状态bottom_area; 底部未确认
183,69.93580942571143,58.27984118809285,601226,华电科工,bottom_area,2024-02-05,5.54,2024-01-26,7.67,2024-02-05,5.54,0.0,9.927797833935015,27.770534550195563,27.770534550195563,False,-9.918699186991875,2.5348563028725306,2,4,2,50.0,31.07441498974651,39.54659949622166,2015-06-30; 2022-04-26,20.0,0.0,历史2/4次成功; 当前距低点0.00%; 最新日涨幅-9.92%; 状态bottom_area; 底部未确认
184,69.92145992305414,58.26788326921179,000890,法尔胜,bottom_area,2024-02-05,3.06,2024-01-26,4.42,2024-02-05,3.06,0.0,11.111111111111107,30.769230769230766,30.769230769230766,False,-9.999999999999998,1.9322937055800127,9,18,9,50.0,31.010125103289166,68.5057471264368,2000-09-07; 2007-06-26; 2008-03-18; 2008-04-22; 2011-06-20; 2015-09-30; 2019-02-01; 2020-02-05; 2022-04-27,20.0,0.0,历史9/18次成功; 当前距低点0.00%; 最新日涨幅-10.00%; 状态bottom_area; 底部未确认
185,69.89925471286479,60.97594560058417,300925,法本信息,bottom_area,2024-02-05,7.38,2024-01-26,10.45,2024-02-05,7.2,2.499999999999996,13.194444444444448,31.100478468899517,29.37799043062201,False,-9.669522643818851,6.399855517589683,2,5,2,40.0,45.78465376658147,60.35353535353535,2021-07-28; 2022-10-11,17.500000000000004,2.499999999999996,历史2/5次成功; 当前距低点2.50%; 最新日涨幅-9.67%; 状态bottom_area; 底部未确认
186,69.89633298288088,58.24694415240074,002953,日丰股份,bottom_area,2024-02-05,8.44,2024-01-24,12.07,2024-02-05,8.44,0.0,9.952606635071088,30.074565037282525,30.074565037282525,False,-10.021321961620478,2.726462099328212,2,4,2,50.0,30.897549206455583,34.72327520849128,2020-03-26; 2022-07-12,20.0,0.0,历史2/4次成功; 当前距低点0.00%; 最新日涨幅-10.02%; 状态bottom_area; 底部未确认
187,69.89294117647059,58.24411764705882,600076,康欣新材,bottom_area,2024-02-05,1.8,2024-01-26,2.56,2024-02-05,1.8,0.0,11.111111111111107,29.6875,29.6875,False,-9.999999999999998,1.3604915609132189,7,17,7,41.17647058823529,70.94108115517041,256.06936416184965,2006-04-28; 2008-04-23; 2010-07-06; 2012-08-03; 2014-12-22; 2015-06-30; 2019-06-06,20.0,0.0,历史7/17次成功; 当前距低点0.00%; 最新日涨幅-10.00%; 状态bottom_area; 底部未确认
188,69.87334843039818,60.80305736476349,002108,沧州明珠,bottom_area,2024-02-05,3.03,2023-12-25,4.33,2024-02-05,2.96,2.3648648648648596,8.783783783783791,31.639722863741344,30.023094688221715,False,-6.481481481481499,1.3663018806260137,5,11,5,45.45454545454545,31.380470099320146,43.3497536945813,2009-06-24; 2018-02-07; 2018-06-20; 2020-02-04; 2022-04-27,17.63513513513514,2.3648648648648596,历史5/11次成功; 当前距低点2.36%; 最新日涨幅-6.48%; 状态bottom_area; 底部未确认
189,69.76363636363637,58.13636363636364,000151,中成股份,bottom_area,2024-02-05,9.67,2024-01-29,14.11,2024-02-05,9.67,0.0,7.032057911065147,31.46704464918497,31.46704464918497,False,-9.96275605214153,8.275325716179815,9,22,9,40.909090909090914,61.40653474280522,191.97080291970806,2008-04-03; 2008-04-22; 2011-01-21; 2011-08-09; 2015-07-16; 2015-08-04; 2016-01-14; 2018-02-07; 2022-04-28,20.0,0.0,历史9/22次成功; 当前距低点0.00%; 最新日涨幅-9.96%; 状态bottom_area; 底部未确认
190,69.75787650370226,58.13156375308522,600193,退市创兴,bottom_area,2024-02-05,3.38,2024-01-26,4.88,2024-02-05,3.38,0.0,10.059171597633146,30.737704918032787,30.737704918032787,False,-9.866666666666667,1.7239457758994425,9,18,9,50.0,30.277224478952714,52.27272727272726,2002-11-27; 2005-07-19; 2008-03-18; 2008-04-03; 2008-04-22; 2009-02-27; 2018-10-19; 2022-01-27; 2022-04-27,20.0,0.0,历史9/18次成功; 当前距低点0.00%; 最新日涨幅-9.87%; 状态bottom_area; 底部未确认
191,69.72517832647344,58.1043152720612,002134,天津普林,bottom_area,2024-02-05,6.29,2024-01-26,9.25,2024-02-05,6.29,0.0,12.877583465818754,32.0,32.0,False,-10.014306151645213,4.116708381211913,4,8,4,50.0,30.13072726914624,41.10929853181077,2008-10-28; 2012-01-06; 2018-02-09; 2020-02-04,20.0,0.0,历史4/8次成功; 当前距低点0.00%; 最新日涨幅-10.01%; 状态bottom_area; 底部未确认
192,69.70675668355167,60.99341209810771,688318,财富趋势,bottom_area,2024-02-05,90.86,2024-01-24,121.99,2024-02-05,88.5,2.666666666666666,8.47457627118644,27.45306992376424,25.51848512173129,False,-7.285714285714285,0.9332139200243852,3,6,3,50.0,26.254903753267243,31.374999999999996,2020-04-29; 2023-06-13; 2023-07-19,17.333333333333336,2.666666666666666,历史3/6次成功; 当前距低点2.67%; 最新日涨幅-7.29%; 状态bottom_area; 底部未确认
193,69.69331075236065,58.07775896030054,002676,顺威股份,bottom_area,2024-02-05,3.19,2024-01-26,4.37,2024-02-05,3.19,0.0,10.344827586206899,27.002288329519452,27.002288329519452,False,-9.887005649717517,2.3282149297627885,3,6,3,50.0,29.987951399465256,39.33333333333333,2020-02-04; 2022-03-09; 2022-04-27,20.0,0.0,历史3/6次成功; 当前距低点0.00%; 最新日涨幅-9.89%; 状态bottom_area; 底部未确认
194,69.6446108159819,58.03717567998492,002712,思美传媒,bottom_area,2024-02-05,3.77,2024-01-26,5.31,2024-02-05,3.77,0.0,8.753315649867364,29.001883239171367,29.001883239171367,False,-10.023866348448696,2.6140491460707005,4,8,4,50.0,29.769761720349013,39.72710574652322,2015-08-04; 2015-08-26; 2016-01-29; 2022-04-27,20.0,0.0,历史4/8次成功; 当前距低点0.00%; 最新日涨幅-10.02%; 状态bottom_area; 底部未确认
195,69.63023010166498,58.02519175138748,002361,神剑股份,bottom_area,2024-02-05,2.66,2024-01-26,3.68,2024-02-05,2.66,0.0,9.398496240601503,27.717391304347828,27.717391304347828,False,-9.830508474576272,2.788043350728694,3,6,3,50.0,29.705331996706885,35.4263053536021,2015-06-30; 2015-07-07; 2019-01-31,20.0,0.0,历史3/6次成功; 当前距低点0.00%; 最新日涨幅-9.83%; 状态bottom_area; 底部未确认
196,69.57222153882142,57.97685128235119,002495,佳隆股份,bottom_area,2024-02-05,2.09,2024-01-26,2.88,2024-02-05,2.09,0.0,11.004784688995215,27.430555555555557,27.430555555555557,False,-9.913793103448276,2.8088180872362813,5,10,5,50.0,29.4454370018881,38.07339449541283,2011-08-09; 2012-12-04; 2015-06-23; 2015-07-16; 2022-04-27,20.0,0.0,历史5/10次成功; 当前距低点0.00%; 最新日涨幅-9.91%; 状态bottom_area; 底部未确认
197,69.50812390326091,57.923436586050755,002657,中科金财,bottom_area,2024-02-05,11.42,2024-01-26,17.01,2024-02-05,11.42,0.0,11.208406304728541,32.86302175191065,32.86302175191065,False,-10.00788022064617,4.521619117380281,4,9,4,44.44444444444444,41.1952982523637,56.540447504302946,2012-12-04; 2014-12-10; 2015-09-02; 2022-01-27,20.0,0.0,历史4/9次成功; 当前距低点0.00%; 最新日涨幅-10.01%; 状态bottom_area; 底部未确认
198,69.46915523986077,59.53220133312812,300507,苏奥传感,bottom_area,2024-02-05,3.99,2024-01-26,5.74,2024-02-05,3.93,1.5267175572519098,16.28498727735369,31.53310104529617,30.48780487804878,False,-12.691466083150981,3.6901046906559065,4,11,4,36.36363636363637,33.97081671568287,48.92221180880975,2018-02-09; 2019-05-06; 2020-02-04; 2022-04-27,18.47328244274809,1.5267175572519098,历史4/11次成功; 当前距低点1.53%; 最新日涨幅-12.69%; 状态bottom_area; 底部未确认
199,69.45745606620409,57.881213388503404,000815,美利云,bottom_area,2024-02-05,6.8,2024-01-26,9.4,2024-02-05,6.8,0.0,0.0,27.65957446808511,27.65957446808511,False,-10.052910052910047,0.4640258643143792,7,15,7,46.666666666666664,36.15347699912221,55.703211517165016,2008-04-03; 2011-08-09; 2011-12-15; 2020-02-04; 2022-04-27; 2022-10-10; 2022-12-15,20.0,0.0,历史7/15次成功; 当前距低点0.00%; 最新日涨幅-10.05%; 状态bottom_area; 底部未确认
200,69.324,57.769999999999996,600237,铜峰电子,bottom_area,2024-02-05,4.42,2024-01-26,6.48,2024-02-05,4.42,0.0,10.633484162895922,31.79012345679013,31.79012345679013,False,-9.979633401222,3.7893374952251895,4,10,4,40.0,54.68734708844916,149.81549815498155,2009-08-19; 2013-06-25; 2019-05-06; 2020-02-04,20.0,0.0,历史4/10次成功; 当前距低点0.00%; 最新日涨幅-9.98%; 状态bottom_area; 底部未确认
201,69.23634501356786,57.69695417797321,002669,康达新材,bottom_area,2024-02-05,7.47,2024-01-26,10.35,2024-02-05,7.47,0.0,7.362784471218204,27.82608695652174,27.82608695652174,False,-10.000000000000009,2.886351645970802,2,4,2,50.0,27.94061386007103,34.809474768280104,2015-08-19; 2018-10-12,20.0,0.0,历史2/4次成功; 当前距低点0.00%; 最新日涨幅-10.00%; 状态bottom_area; 底部未确认
202,69.19942309636369,57.66618591363641,002362,汉王科技,bottom_area,2024-02-05,14.73,2024-01-26,21.07,2024-02-05,14.73,0.0,10.658520027155467,30.09017560512577,30.09017560512577,False,-10.018326206475258,5.870018161961341,6,12,6,50.0,27.7751930840667,47.466666666666676,2010-09-30; 2011-01-27; 2012-12-04; 2013-10-29; 2015-07-29; 2018-02-07,20.0,0.0,历史6/12次成功; 当前距低点0.00%; 最新日涨幅-10.02%; 状态bottom_area; 底部未确认
203,69.15402679501646,57.62835566251372,600470,六国化工,bottom_area,2024-02-05,3.94,2024-01-26,5.45,2024-02-05,3.94,0.0,10.406091370558368,27.706422018348626,27.706422018348626,False,-10.045662100456621,2.348696319018405,5,10,5,50.0,27.571804637170537,37.76908023483365,2008-03-18; 2008-04-22; 2008-09-18; 2015-06-30; 2023-06-26,20.0,0.0,历史5/10次成功; 当前距低点0.00%; 最新日涨幅-10.05%; 状态bottom_area; 底部未确认
204,69.14830201603381,60.39961173663293,300451,创业慧康,bottom_area,2024-02-05,3.59,2024-01-26,5.08,2024-02-05,3.5,2.571428571428567,15.714285714285708,31.10236220472441,29.330708661417326,False,-12.224938875305625,4.71243168448158,3,6,3,50.0,21.894993975752964,23.89380530973452,2015-09-02; 2016-04-22; 2023-04-26,17.428571428571434,2.571428571428567,历史3/6次成功; 当前距低点2.57%; 最新日涨幅-12.22%; 状态bottom_area; 底部未确认
205,69.12776640984217,61.32180798788387,300593,新雷能,bottom_area,2024-02-05,8.17,2024-01-25,11.7,2024-02-05,7.9,3.4177215189873364,15.822784810126581,32.47863247863248,30.17094017094017,False,-10.121012101210125,3.6578732285240174,2,4,2,50.0,37.22695188803755,48.95424836601306,2020-02-04; 2023-10-24,16.582278481012665,3.4177215189873364,历史2/4次成功; 当前距低点3.42%; 最新日涨幅-10.12%; 状态bottom_area; 底部未确认
206,69.11334179832924,57.594451498607704,002488,金固股份,bottom_area,2024-02-05,4.68,2024-01-29,6.67,2024-02-05,4.68,0.0,7.6923076923077,29.835082458770618,29.835082458770618,False,-10.000000000000009,2.4687746320712063,5,10,5,50.0,27.389524186062875,41.85022026431719,2011-06-20; 2015-07-29; 2015-09-02; 2016-01-28; 2020-02-04,20.0,0.0,历史5/10次成功; 当前距低点0.00%; 最新日涨幅-10.00%; 状态bottom_area; 底部未确认
207,69.00323385623518,57.50269488019599,603917,合力科技,bottom_area,2024-02-05,11.08,2024-01-26,15.55,2024-02-05,11.08,0.0,10.01805054151624,28.745980707395503,28.745980707395503,False,-9.99187652315191,1.0968406593406592,4,8,4,50.0,26.89620903331182,32.85593934288122,2017-12-25; 2020-06-30; 2021-12-27; 2022-04-27,20.0,0.0,历史4/8次成功; 当前距低点0.00%; 最新日涨幅-9.99%; 状态bottom_area; 底部未确认
208,68.99943144780863,57.4995262065072,300013,新宁物流,confirmed_rebound,2024-02-05,2.05,2024-02-02,2.91,2024-02-05,2.05,0.0,23.902439024390258,29.55326460481101,29.55326460481101,False,-18.650793650793663,8.090442796213486,7,13,7,53.84615384615385,28.760893583372077,34.43396226415094,2016-01-14; 2017-01-16; 2018-01-22; 2018-12-25; 2020-09-11; 2022-04-25; 2022-10-11,20.0,0.0,历史7/13次成功; 当前距低点0.00%; 最新日涨幅-18.65%; 状态confirmed_rebound; 底部未确认
209,68.9785457545747,59.61378041227993,603198,迎驾贡酒,bottom_area,2024-02-05,49.22,2023-12-29,67.51,2024-02-05,48.26,1.9892250310816428,6.299212598425195,28.51429417864021,27.092282624796333,False,-1.991238550378338,0.7623625,1,2,1,50.0,33.65168539325842,33.65168539325842,2021-05-14,18.01077496891836,1.9892250310816428,历史1/2次成功; 当前距低点1.99%; 最新日涨幅-1.99%; 状态bottom_area; 底部未确认
210,68.94685521736918,57.45571268114098,002350,北京科锐,bottom_area,2024-02-05,4.17,2024-01-26,5.99,2024-02-05,4.17,0.0,12.230215827338125,30.383973288814698,30.383973288814698,False,-9.935205183585316,1.8851753446065673,7,14,7,50.0,26.643616565274126,36.44067796610171,2011-08-08; 2012-11-27; 2015-06-30; 2015-09-08; 2018-02-07; 2020-02-04; 2021-10-13,20.0,0.0,历史7/14次成功; 当前距低点0.00%; 最新日涨幅-9.94%; 状态bottom_area; 底部未确认
211,68.93546156306952,58.92091668021986,002342,巨力索具,bottom_area,2024-02-05,2.93,2024-01-26,3.97,2024-02-05,2.89,1.3840830449827002,10.03460207612457,27.204030226700255,26.19647355163728,False,-8.722741433021797,3.0259351203008307,3,8,3,37.5,26.47379582140009,30.65539112050738,2013-07-09; 2015-08-25; 2017-04-25,18.6159169550173,1.3840830449827002,历史3/8次成功; 当前距低点1.38%; 最新日涨幅-8.72%; 状态bottom_area; 底部未确认
212,68.9192928141669,59.49059477444373,002106,莱宝高科,bottom_area,2024-02-05,6.89,2024-01-26,9.32,2024-02-05,6.76,1.9230769230769214,10.94674556213018,27.467811158798288,26.072961373390562,False,-8.255659121171776,3.148364490124521,5,12,5,41.66666666666667,27.115825227916364,30.526315789473674,2010-05-14; 2012-04-10; 2012-07-31; 2012-12-03; 2022-04-27,18.07692307692308,1.9230769230769214,历史5/12次成功; 当前距低点1.92%; 最新日涨幅-8.26%; 状态bottom_area; 底部未确认
213,68.86796058568514,58.83787917010943,300589,江龙船艇,bottom_area,2024-02-05,8.94,2024-01-26,12.28,2024-02-05,8.82,1.360544217687066,12.925170068027217,28.17589576547231,27.19869706840391,False,-11.133200795228637,3.123296472873203,3,9,3,33.33333333333333,34.76659490915379,44.07616361071933,2020-09-11; 2021-02-09; 2022-04-27,18.639455782312936,1.360544217687066,历史3/9次成功; 当前距低点1.36%; 最新日涨幅-11.13%; 状态bottom_area; 底部未确认
214,68.82682613994774,58.3870348223251,688056,莱伯泰科,bottom_area,2024-02-05,19.72,2024-01-26,28.88,2024-02-05,19.53,0.9728622631848322,15.616999487967215,32.37534626038781,31.71745152354571,False,-12.82051282051283,1.3648122753048442,2,4,2,50.0,31.318068722508198,33.63914373088685,2022-04-27; 2023-02-17,19.02713773681517,0.9728622631848322,历史2/4次成功; 当前距低点0.97%; 最新日涨幅-12.82%; 状态bottom_area; 底部未确认
215,68.78453119141753,57.320442659514605,002845,同兴达,bottom_area,2024-02-05,11.04,2024-01-26,15.57,2024-02-05,11.04,0.0,10.507246376811597,29.09441233140656,29.09441233140656,False,-10.02444987775062,4.330300005440211,3,6,3,50.0,25.916358384487086,28.48244620611552,2020-04-28; 2022-10-10; 2023-08-25,20.0,0.0,历史3/6次成功; 当前距低点0.00%; 最新日涨幅-10.02%; 状态bottom_area; 底部未确认
216,68.77477414051891,59.01619132328313,300471,厚普股份,bottom_area,2024-02-05,7.62,2024-01-26,11.14,2024-02-05,7.5,1.6000000000000014,15.99999999999999,32.675044883303414,31.59784560143627,False,-13.310580204778145,2.949267833871197,3,9,3,33.33333333333333,38.66052682768707,57.03703703703705,2020-02-04; 2020-09-11; 2021-09-06,18.4,1.6000000000000014,历史3/9次成功; 当前距低点1.60%; 最新日涨幅-13.31%; 状态bottom_area; 底部未确认
217,68.75978812613295,57.29982343844413,002250,联化科技,bottom_area,2024-02-05,5.13,2024-01-25,7.4,2024-02-05,5.13,0.0,11.111111111111118,30.675675675675677,30.675675675675677,False,-10.000000000000009,3.5151118789003544,2,4,2,50.0,25.805502357226484,28.056628056628053,2015-06-30; 2018-05-14,20.0,0.0,历史2/4次成功; 当前距低点0.00%; 最新日涨幅-10.00%; 状态bottom_area; 底部未确认
218,68.73167741743664,57.27639784786387,000518,四环生物,bottom_area,2024-02-05,2.21,2024-01-26,3.12,2024-02-05,2.21,0.0,11.312217194570136,29.166666666666668,29.166666666666668,False,-9.795918367346946,2.7161758368475715,7,17,7,41.17647058823529,44.79720538067225,108.33333333333333,1994-08-29; 1996-11-11; 1997-05-23; 1997-07-08; 1999-08-13; 2018-02-09; 2019-05-06,20.0,0.0,历史7/17次成功; 当前距低点0.00%; 最新日涨幅-9.80%; 状态bottom_area; 底部未确认
219,68.7234140672307,57.4214202418506,002197,证通电子,bottom_area,2024-02-05,6.93,2024-01-26,9.94,2024-02-05,6.92,0.14450867052022812,9.68208092485549,30.38229376257545,30.28169014084507,False,-9.88296488946685,4.780936329588014,4,9,4,44.44444444444444,28.00961773938495,31.35802469135804,2011-01-25; 2013-05-03; 2016-01-14; 2022-04-27,19.855491329479776,0.14450867052022812,历史4/9次成功; 当前距低点0.14%; 最新日涨幅-9.88%; 状态bottom_area; 底部未确认
220,68.6561543825379,59.62660647103082,002201,九鼎新材,bottom_area,2024-02-05,4.53,2024-01-26,6.32,2024-02-05,4.43,2.2573363431151363,11.286681715575622,29.90506329113925,28.322784810126585,False,-7.926829268292678,3.734706550061596,4,12,4,33.33333333333333,51.77631727556816,124.67729688686411,2008-09-18; 2011-06-20; 2019-08-12; 2020-02-04,17.742663656884865,2.2573363431151363,历史4/12次成功; 当前距低点2.26%; 最新日涨幅-7.93%; 状态bottom_area; 底部未确认
221,68.6487903768202,58.292291828593015,300088,长信科技,bottom_area,2024-02-05,3.94,2024-01-26,5.53,2024-02-05,3.9,1.0256410256410264,11.538461538461533,29.475587703435806,28.75226039783002,False,-9.839816933638446,3.5016100555628373,3,9,3,33.33333333333333,27.728064697425896,36.998972250770805,2012-09-27; 2013-06-13; 2015-06-30,18.974358974358974,1.0256410256410264,历史3/9次成功; 当前距低点1.03%; 最新日涨幅-9.84%; 状态bottom_area; 底部未确认
222,68.59160494611838,57.15967078843198,601020,华钰矿业,bottom_area,2024-02-05,6.64,2024-01-26,9.58,2024-02-05,6.64,0.0,10.692771084337348,30.688935281837164,30.688935281837164,False,-10.027100271002709,3.574080743568606,3,6,3,50.0,25.051993486193474,26.324110671936758,2016-07-28; 2021-05-18; 2021-09-30,20.0,0.0,历史3/6次成功; 当前距低点0.00%; 最新日涨幅-10.03%; 状态bottom_area; 底部未确认
223,68.51363700436443,57.09469750363703,600626,申达股份,bottom_area,2024-02-05,2.69,2024-01-29,3.99,2024-02-05,2.69,0.0,11.152416356877334,32.581453634085214,32.581453634085214,False,-10.033444816053516,2.1249867526923145,8,18,8,44.44444444444444,36.73971178777376,58.98617511520739,1993-03-10; 1994-03-10; 1994-10-05; 2005-07-22; 2012-07-17; 2015-05-07; 2018-02-09; 2024-01-23,20.0,0.0,历史8/18次成功; 当前距低点0.00%; 最新日涨幅-10.03%; 状态bottom_area; 底部未确认
224,68.4906833865096,57.075569488758006,603006,联明股份,bottom_area,2024-02-05,8.16,2024-01-26,11.81,2024-02-05,8.16,0.0,13.3578431372549,30.906011854360717,30.906011854360717,False,-10.033076074972435,1.337007886113036,4,9,4,44.44444444444444,36.63687299810159,57.48571428571427,2016-03-01; 2018-02-09; 2018-10-19; 2020-02-04,20.0,0.0,历史4/9次成功; 当前距低点0.00%; 最新日涨幅-10.03%; 状态bottom_area; 底部未确认
225,68.462370548772,57.05197545731,603121,华培动力,bottom_area,2024-02-05,5.97,2024-01-25,8.44,2024-02-05,5.97,0.0,9.212730318257954,29.265402843601894,29.265402843601894,False,-9.954751131221718,2.341125785686733,3,6,3,50.0,24.472986329623662,26.97525937749402,2019-05-08; 2020-02-04; 2020-06-29,20.0,0.0,历史3/6次成功; 当前距低点0.00%; 最新日涨幅-9.95%; 状态bottom_area; 底部未确认
226,68.43957143444004,59.79668869822588,300319,麦捷科技,bottom_area,2024-02-05,5.95,2024-01-26,8.33,2024-02-05,5.8,2.5862068965517304,12.586206896551733,30.372148859543817,28.57142857142857,False,-9.43683409436834,3.559930308582436,4,9,4,44.44444444444444,30.871662963724255,40.64064064064065,2012-07-18; 2016-03-01; 2018-10-19; 2020-02-04,17.41379310344827,2.5862068965517304,历史4/9次成功; 当前距低点2.59%; 最新日涨幅-9.44%; 状态bottom_area; 底部未确认
227,68.43194897700086,59.785167971698215,300166,东方国信,bottom_area,2024-02-05,5.96,2024-01-26,8.32,2024-02-05,5.81,2.5817555938037926,15.146299483648896,30.16826923076924,28.36538461538462,False,-10.911808669656208,4.92125354804275,3,8,3,37.5,45.80145551382182,50.36290322580644,2014-12-10; 2015-07-07; 2015-09-02,17.41824440619621,2.5817555938037926,历史3/8次成功; 当前距低点2.58%; 最新日涨幅-10.91%; 状态bottom_area; 底部未确认
228,68.4309513372789,57.025792781065746,603797,联泰环保,bottom_area,2024-02-05,4.0,2024-01-26,5.49,2024-02-05,4.0,0.0,9.749999999999993,27.140255009107474,27.140255009107474,False,-9.90990990990992,1.4410380044350375,3,6,3,50.0,24.332219253041618,27.43009320905459,2017-05-11; 2018-02-07; 2020-02-04,20.0,0.0,历史3/6次成功; 当前距低点0.00%; 最新日涨幅-9.91%; 状态bottom_area; 底部未确认
229,68.37018585423768,57.28961885427842,000712,锦龙股份,bottom_area,2024-02-05,10.02,2024-01-26,14.37,2024-02-05,9.99,0.30030030030029387,10.210210210210207,30.480167014613773,30.271398747390393,False,-9.566787003610111,3.1470278043601807,7,17,7,41.17647058823529,36.29132199948531,59.41515285777579,1997-05-23; 2007-07-17; 2008-04-22; 2015-06-30; 2018-02-09; 2020-02-04; 2022-04-27,19.699699699699707,0.30030030030029387,历史7/17次成功; 当前距低点0.30%; 最新日涨幅-9.57%; 状态bottom_area; 底部未确认
230,68.3676402584757,56.97303354872976,603488,展鹏科技,bottom_area,2024-02-05,6.97,2024-01-26,9.81,2024-02-05,6.97,0.0,9.612625538020085,28.950050968399598,28.950050968399598,False,-9.948320413436695,2.178427853870405,2,4,2,50.0,24.04856746628898,25.734265734265733,2021-02-08; 2023-11-29,20.0,0.0,历史2/4次成功; 当前距低点0.00%; 最新日涨幅-9.95%; 状态bottom_area; 底部未确认
231,68.33856202676996,58.69995925044026,300112,万讯自控,bottom_area,2024-02-05,6.76,2024-01-26,9.32,2024-02-05,6.65,1.6541353383458561,10.827067669172928,28.648068669527895,27.467811158798288,False,-8.276797829036642,4.362221564438305,3,8,3,37.5,28.59617108531614,41.134751773049636,2020-02-04; 2021-10-12; 2023-05-15,18.345864661654147,1.6541353383458561,历史3/8次成功; 当前距低点1.65%; 最新日涨幅-8.28%; 状态bottom_area; 底部未确认
232,68.33141517278223,60.21547554112483,605266,健之佳,bottom_area,2024-02-05,44.19,2024-01-08,63.37,2024-02-05,42.88,3.0550373134328246,8.302238805970138,32.333911945715634,30.266687707116937,False,-3.452042822809709,0.6451930159714324,2,4,2,50.0,26.833121590062774,33.154615273148806,2022-06-14; 2022-12-27,16.944962686567177,3.0550373134328246,历史2/4次成功; 当前距低点3.06%; 最新日涨幅-3.45%; 状态bottom_area; 底部未确认
233,68.31893416860571,56.932445140504754,002636,金安国纪,bottom_area,2024-02-05,5.4,2024-01-26,7.71,2024-02-05,5.4,0.0,11.296296296296285,29.961089494163417,29.961089494163417,False,-9.999999999999998,1.3732967887672378,3,7,3,42.857142857142854,39.30654069395792,69.0,2016-01-14; 2018-02-07; 2021-02-04,20.0,0.0,历史3/7次成功; 当前距低点0.00%; 最新日涨幅-10.00%; 状态bottom_area; 底部未确认
234,68.19452811578888,56.82877342982407,600609,金杯汽车,bottom_area,2024-02-05,3.2,2024-01-26,4.57,2024-02-05,3.2,0.0,11.249999999999996,29.978118161925604,29.978118161925604,False,-10.11235955056179,1.9095117781098132,11,24,11,45.83333333333333,32.30075320693943,53.125,1992-09-08; 1992-09-16; 1992-09-18; 1992-11-12; 1994-08-09; 1994-10-05; 1995-01-24; 1995-04-28; 2010-07-05; 2012-12-04; 2018-02-07,20.0,0.0,历史11/24次成功; 当前距低点0.00%; 最新日涨幅-10.11%; 状态bottom_area; 底部未确认
235,68.16169740959226,60.37178913421031,300148,天舟文化,bottom_area,2024-02-05,2.48,2024-01-26,3.58,2024-02-05,2.4,3.3333333333333366,17.5,32.960893854748605,30.726256983240223,False,-12.367491166077738,6.51521039288161,4,8,4,50.0,31.084887818334998,49.575070821529756,2014-02-28; 2015-06-30; 2016-03-01; 2019-01-30,16.666666666666664,3.3333333333333366,历史4/8次成功; 当前距低点3.33%; 最新日涨幅-12.37%; 状态bottom_area; 底部未确认
236,68.12995803700265,58.173676375380204,300025,华星创业,bottom_area,2024-02-05,6.1,2024-01-26,8.74,2024-02-05,6.02,1.328903654485051,14.617940199335564,31.1212814645309,30.20594965675058,False,-11.594202898550732,3.0911657606244405,4,12,4,33.33333333333333,30.80776007673541,43.424317617866,2018-02-07; 2020-02-04; 2020-04-28; 2021-02-09,18.67109634551495,1.328903654485051,历史4/12次成功; 当前距低点1.33%; 最新日涨幅-11.59%; 状态bottom_area; 底部未确认
237,68.12128941997173,56.92280578549911,600343,航天动力,bottom_area,2024-02-05,6.73,2024-01-26,9.53,2024-02-05,6.72,0.14880952380953386,11.160714285714286,29.48583420776495,29.380902413431258,False,-9.906291834002667,2.2503691375316714,9,22,9,40.909090909090914,33.04154765280218,55.72413793103447,2005-07-19; 2008-04-02; 2008-11-03; 2009-08-19; 2009-09-02; 2015-06-30; 2020-02-04; 2022-02-07; 2022-04-27,19.851190476190467,0.14880952380953386,历史9/22次成功; 当前距低点0.15%; 最新日涨幅-9.91%; 状态bottom_area; 底部未确认
238,68.09194825228776,56.743290210239806,600405,动力源,bottom_area,2024-02-05,3.54,2024-01-26,4.92,2024-02-05,3.54,0.0,10.169491525423725,28.048780487804876,28.048780487804876,False,-9.92366412213741,2.5384054167789043,7,17,7,41.17647058823529,41.93103528591928,125.86771447282254,2007-06-05; 2008-04-22; 2009-08-19; 2015-06-30; 2018-02-07; 2020-02-04; 2022-10-10,20.0,0.0,历史7/17次成功; 当前距低点0.00%; 最新日涨幅-9.92%; 状态bottom_area; 底部未确认
239,68.04975907351145,56.708132561259546,000695,滨海能源,bottom_area,2024-02-05,6.98,2024-01-26,10.3,2024-02-05,6.98,0.0,12.60744985673352,32.23300970873787,32.23300970873787,False,-10.051546391752563,2.0368674688398505,10,21,10,47.61904761904761,27.783098767652483,43.43434343434343,1997-05-26; 2007-10-26; 2008-03-18; 2012-12-04; 2013-06-25; 2015-06-30; 2015-07-16; 2020-02-04; 2021-08-20; 2022-04-27,20.0,0.0,历史10/21次成功; 当前距低点0.00%; 最新日涨幅-10.05%; 状态bottom_area; 底部未确认
240,68.04730215635199,58.616550479246534,300113,顺网科技,bottom_area,2024-02-05,9.0,2024-01-26,12.96,2024-02-05,8.84,1.8099547511312233,17.760180995475118,31.79012345679013,30.555555555555557,False,-12.195121951219512,5.160383457192585,4,11,4,36.36363636363637,32.519902458496034,57.01754385964912,2012-01-19; 2015-08-25; 2017-01-16; 2021-08-26,18.190045248868778,1.8099547511312233,历史4/11次成功; 当前距低点1.81%; 最新日涨幅-12.20%; 状态bottom_area; 底部未确认
241,68.03024149041055,56.69186790867546,603988,中电电机,bottom_area,2024-02-05,7.26,2024-01-26,10.58,2024-02-05,7.26,0.0,9.917355371900834,31.379962192816635,31.379962192816635,False,-10.0371747211896,1.9617772108843536,3,7,3,42.857142857142854,38.01311471638112,47.336204942189966,2015-07-09; 2015-09-15; 2022-04-27,20.0,0.0,历史3/7次成功; 当前距低点0.00%; 最新日涨幅-10.04%; 状态bottom_area; 底部未确认
242,68.02574774742273,56.688123122852275,002527,新时达,bottom_area,2024-02-05,6.48,2024-01-30,8.95,2024-02-05,6.48,0.0,10.95679012345679,27.59776536312848,27.59776536312848,False,-9.999999999999998,4.124762805966639,3,7,3,42.857142857142854,37.99298145926721,52.720079129574685,2011-01-25; 2012-12-04; 2016-01-14,20.0,0.0,历史3/7次成功; 当前距低点0.00%; 最新日涨幅-10.00%; 状态bottom_area; 底部未确认
243,67.97862056736055,56.64885047280046,603669,灵康药业,bottom_area,2024-02-05,3.58,2024-01-26,5.17,2024-02-05,3.58,0.0,9.776536312849164,30.754352030947775,30.754352030947775,False,-10.050251256281406,0.5278450665931697,2,4,2,50.0,22.305647703228267,23.517864153906565,2015-08-26; 2017-01-16,20.0,0.0,历史2/4次成功; 当前距低点0.00%; 最新日涨幅-10.05%; 状态bottom_area; 底部未确认
244,67.96174268741606,56.634785572846724,002534,西子洁能,bottom_area,2024-02-05,7.87,2024-01-26,11.29,2024-02-05,7.87,0.0,10.419313850063524,30.292294065544723,30.292294065544723,False,-9.95423340961098,0.8156050327493318,5,11,5,45.45454545454545,32.07851481002635,42.98808432630614,2011-01-24; 2012-12-04; 2017-06-02; 2022-09-02; 2022-12-23,20.0,0.0,历史5/11次成功; 当前距低点0.00%; 最新日涨幅-9.95%; 状态bottom_area; 底部未确认
245,67.93910800296705,59.44201978566181,002460,赣锋锂业,bottom_area,2024-02-05,31.62,2024-01-11,45.62,2024-02-05,30.8,2.6623376623376633,8.051948051948052,32.485751863217885,30.688294607628226,False,-4.644149577804568,2.3558600298382504,2,5,2,40.0,39.527686321460635,40.92307692307691,2012-12-04; 2016-01-29,17.337662337662337,2.6623376623376633,历史2/5次成功; 当前距低点2.66%; 最新日涨幅-4.64%; 状态bottom_area; 底部未确认
246,67.91963912245625,56.599699268713536,603700,宁水集团,bottom_area,2024-02-05,9.27,2024-01-26,13.17,2024-02-05,9.27,0.0,9.600862998921258,29.612756264236907,29.612756264236907,False,-10.000000000000009,2.3684512547263643,2,4,2,50.0,22.041393917814727,23.9080459770115,2022-05-19; 2022-10-11,20.0,0.0,历史2/4次成功; 当前距低点0.00%; 最新日涨幅-10.00%; 状态bottom_area; 底部未确认
247,67.86951274244437,59.20813900055273,600416,湘电股份,bottom_area,2024-02-05,9.83,2024-01-25,13.29,2024-02-05,9.59,2.5026068821689282,10.531803962460895,27.840481565086527,26.034612490594427,False,-7.699530516431929,1.7644878399772492,8,18,8,44.44444444444444,26.68264290745575,35.943517329910144,2005-12-08; 2007-11-12; 2009-02-27; 2015-09-08; 2016-02-01; 2018-02-09; 2019-11-15; 2022-02-11,17.497393117831074,2.5026068821689282,历史8/18次成功; 当前距低点2.50%; 最新日涨幅-7.70%; 状态bottom_area; 底部未确认
248,67.84686280831005,58.770475728366975,300511,雪榕生物,confirmed_rebound,2024-02-05,3.38,2024-01-26,4.89,2024-02-05,3.31,2.1148036253776388,20.845921450151057,32.31083844580777,30.87934560327198,False,-14.646464646464652,4.097889513400546,3,7,3,42.857142857142854,33.230104423652804,47.88888888888889,2018-02-07; 2021-02-09; 2021-08-03,17.88519637462236,2.1148036253776388,历史3/7次成功; 当前距低点2.11%; 最新日涨幅-14.65%; 状态confirmed_rebound; 底部未确认
249,67.8012742813949,58.393990878561766,300265,通光线缆,bottom_area,2024-02-05,5.09,2024-01-26,7.43,2024-02-05,5.0,1.7999999999999972,18.000000000000007,32.70524899057873,31.493943472409153,False,-13.72881355932204,4.4881641844755675,3,8,3,37.5,28.739198271837406,37.575757575757585,2018-02-07; 2020-09-11; 2022-04-27,18.200000000000006,1.7999999999999972,历史3/8次成功; 当前距低点1.80%; 最新日涨幅-13.73%; 状态bottom_area; 底部未确认
250,67.67708803173855,56.39757335978213,603636,南威软件,bottom_area,2024-02-05,7.89,2024-01-26,10.94,2024-02-05,7.89,0.0,10.89987325728771,27.879341864716633,27.879341864716633,False,-10.034207525655647,2.66525716201857,2,4,2,50.0,20.954695482699602,21.096382835317907,2015-07-29; 2016-01-14,20.0,0.0,历史2/4次成功; 当前距低点0.00%; 最新日涨幅-10.03%; 状态bottom_area; 底部未确认
251,67.5633731423719,58.45861226639835,301289,国缆检测,bottom_area,2024-02-05,34.8,2024-01-30,50.77,2024-02-05,34.1,2.052785923753653,15.2199413489736,32.8343509946819,31.455584006302946,False,-12.364643666582731,3.133124968813365,1,2,1,50.0,38.435291250304644,38.435291250304644,2024-01-22,17.947214076246347,2.052785923753653,历史1/2次成功; 当前距低点2.05%; 最新日涨幅-12.36%; 状态bottom_area; 底部未确认
252,67.54225441079659,56.28521200899716,600826,兰生股份,bottom_area,2024-02-05,6.8,2024-01-29,9.96,2024-02-05,6.8,0.0,9.41176470588236,31.726907630522096,31.726907630522096,False,-10.052910052910047,2.331980750792181,7,18,7,38.88888888888889,44.42467627298357,155.2204176334107,1994-07-29; 1995-02-07; 1996-11-26; 2008-03-20; 2008-04-03; 2008-11-04; 2012-12-04,20.0,0.0,历史7/18次成功; 当前距低点0.00%; 最新日涨幅-10.05%; 状态bottom_area; 底部未确认
253,67.46388607563962,56.219905063033025,002068,黑猫股份,bottom_area,2024-02-05,6.44,2024-01-24,9.53,2024-02-05,6.44,0.0,10.403726708074533,32.42392444910807,32.42392444910807,False,-10.05586592178771,3.177096293634972,8,17,8,47.05882352941176,26.372038605806924,36.779324055665995,2009-03-02; 2010-07-05; 2012-12-04; 2015-06-30; 2019-01-31; 2019-11-12; 2020-02-04; 2023-10-23,20.0,0.0,历史8/17次成功; 当前距低点0.00%; 最新日涨幅-10.06%; 状态bottom_area; 底部未确认
254,67.44974863864151,56.208123865534596,002679,福建金森,bottom_area,2024-02-05,8.66,2024-01-26,12.28,2024-02-05,8.66,0.0,12.240184757505778,29.478827361563514,29.478827361563514,False,-9.979209979209969,2.3096337273367666,4,9,4,44.44444444444444,31.973186851739204,41.671045717288486,2015-02-10; 2015-06-30; 2018-06-21; 2021-06-16,20.0,0.0,历史4/9次成功; 当前距低点0.00%; 最新日涨幅-9.98%; 状态bottom_area; 底部未确认
255,67.41072864037243,58.50742485768174,300375,鹏翎股份,bottom_area,2024-02-05,3.22,2024-01-26,4.58,2024-02-05,3.15,2.222222222222231,15.873015873015872,31.222707423580786,29.6943231441048,False,-12.02185792349727,5.561765864897807,3,7,3,42.857142857142854,22.917542757633665,24.333925399644762,2015-06-30; 2015-07-03; 2019-08-15,17.77777777777777,2.222222222222231,历史3/7次成功; 当前距低点2.22%; 最新日涨幅-12.02%; 状态bottom_area; 底部未确认
256,67.26913494465364,56.057612453878036,600338,西藏珠峰,bottom_area,2024-02-05,7.74,2024-01-26,10.69,2024-02-05,7.74,0.0,8.785529715762271,27.595884003741812,27.595884003741812,False,-9.999999999999998,3.8147571191698844,8,18,8,44.44444444444444,31.163985713800678,59.634888438133885,2006-08-21; 2008-04-23; 2011-10-10; 2015-06-30; 2015-07-29; 2020-02-04; 2021-02-08; 2021-09-06,20.0,0.0,历史8/18次成功; 当前距低点0.00%; 最新日涨幅-10.00%; 状态bottom_area; 底部未确认
257,67.10476130205716,56.75076529368756,002255,海陆重工,bottom_area,2024-02-05,3.76,2024-01-26,5.19,2024-02-05,3.73,0.8042895442359197,10.455764075067027,28.131021194605015,27.552986512524097,False,-9.178743961352653,4.927503207183307,4,11,4,36.36363636363637,68.07758899660088,162.29508196721315,2019-01-31; 2020-02-04; 2020-03-02; 2021-10-13,19.195710455764083,0.8042895442359197,历史4/11次成功; 当前距低点0.80%; 最新日涨幅-9.18%; 状态bottom_area; 底部未确认
258,67.06655286585507,58.78595114537721,600110,诺德股份,bottom_area,2024-02-05,3.72,2024-01-26,4.96,2024-02-05,3.62,2.7624309392265216,9.944751381215466,27.016129032258064,24.999999999999993,False,-6.999999999999995,1.7088534895226164,5,13,5,38.46153846153847,40.56071874631009,81.23393316195371,2007-06-05; 2008-04-03; 2014-01-20; 2020-02-04; 2022-04-27,17.23756906077348,2.7624309392265216,历史5/13次成功; 当前距低点2.76%; 最新日涨幅-7.00%; 状态bottom_area; 底部未确认
259,67.05436540509096,55.87863783757581,600137,浪莎股份,bottom_area,2024-02-05,11.6,2024-01-26,16.99,2024-02-05,11.6,0.0,9.482758620689651,31.724543849323126,31.724543849323126,False,-10.00775795190071,2.1133005232905164,10,23,10,43.47826086956522,32.295154339467835,45.36082474226804,2000-05-15; 2007-11-16; 2008-04-03; 2008-06-24; 2008-09-18; 2012-12-04; 2015-12-02; 2017-09-25; 2018-10-19; 2020-02-04,20.0,0.0,历史10/23次成功; 当前距低点0.00%; 最新日涨幅-10.01%; 状态bottom_area; 底部未确认
260,67.05008067669971,57.69080058224163,688098,申联生物,bottom_area,2024-02-05,4.66,2024-01-26,6.75,2024-02-05,4.58,1.746724890829696,15.283842794759828,32.148148148148145,30.96296296296296,False,-12.570356472795496,1.504490564838802,1,3,1,33.33333333333333,67.86163522012579,67.86163522012579,2020-02-03,18.253275109170307,1.746724890829696,历史1/3次成功; 当前距低点1.75%; 最新日涨幅-12.57%; 状态bottom_area; 底部未确认
261,67.04961025627753,57.57018259935553,600935,华塑股份,bottom_area,2024-02-05,2.49,2024-01-26,3.42,2024-02-05,2.45,1.632653061224491,10.20408163265306,28.3625730994152,27.192982456140342,False,-8.118081180811798,0.49952359679342423,1,2,1,50.0,28.50877192982458,28.50877192982458,2022-04-27,18.367346938775512,1.632653061224491,历史1/2次成功; 当前距低点1.63%; 最新日涨幅-8.12%; 状态bottom_area; 底部未确认
262,67.00373463248226,59.84902181072136,688277,天智航,bottom_area,2024-02-05,7.93,2024-01-26,11.33,2024-02-05,7.64,3.7958115183246077,16.492146596858646,32.568402471315096,30.008826125330984,False,-11.888888888888893,1.816391546760818,2,4,2,50.0,33.94339823925515,47.4169978207922,2020-07-08; 2021-03-17,16.204188481675395,3.7958115183246077,历史2/4次成功; 当前距低点3.80%; 最新日涨幅-11.89%; 状态bottom_area; 底部未确认
263,66.98124982335352,58.08839897772339,002054,德美化工,bottom_area,2024-02-05,4.69,2024-01-26,6.41,2024-02-05,4.59,2.1786492374727784,10.239651416122,28.39313572542902,26.833073322932915,False,-8.039215686274492,2.620072293826034,7,19,7,36.84210526315789,33.163176441444534,42.217898832684824,2007-06-05; 2011-08-09; 2015-06-30; 2015-08-26; 2019-01-31; 2020-02-04; 2022-04-27,17.82135076252722,2.1786492374727784,历史7/19次成功; 当前距低点2.18%; 最新日涨幅-8.04%; 状态bottom_area; 底部未确认
264,66.9638487224752,56.48448948843635,601908,京运通,bottom_area,2024-02-05,3.04,2024-01-26,4.3,2024-02-05,3.02,0.6622516556291397,10.596026490066219,29.76744186046511,29.302325581395344,False,-9.253731343283588,1.5365632727639342,4,9,4,44.44444444444444,29.318882538492886,41.53543307086615,2012-12-04; 2015-06-23; 2015-07-29; 2019-05-14,19.337748344370862,0.6622516556291397,历史4/9次成功; 当前距低点0.66%; 最新日涨幅-9.25%; 状态bottom_area; 底部未确认
265,66.90382638394347,60.139197822311694,603758,秦安股份,bottom_area,2024-02-05,7.29,2024-01-26,9.59,2024-02-05,7.0,4.142857142857143,8.285714285714286,27.00729927007299,23.983315954118872,False,-6.298200514138818,2.8890808792469964,2,3,2,66.66666666666666,20.313147534189813,20.341207349081362,2018-06-22; 2022-07-06,15.857142857142858,4.142857142857143,历史2/3次成功; 当前距低点4.14%; 最新日涨幅-6.30%; 状态bottom_area; 底部未确认
266,66.87016756871189,55.72513964059325,600335,国机汽车,bottom_area,2024-02-05,6.13,2024-01-26,8.6,2024-02-05,6.13,0.0,10.929853181076671,28.72093023255814,28.72093023255814,False,-9.985315712187958,1.6222386279266081,4,9,4,44.44444444444444,29.376497470334034,34.39490445859871,2008-10-13; 2010-05-21; 2011-01-25; 2018-02-09,20.0,0.0,历史4/9次成功; 当前距低点0.00%; 最新日涨幅-9.99%; 状态bottom_area; 底部未确认
267,66.84808115551552,55.70673429626294,600255,鑫科材料,bottom_area,2024-02-05,1.46,2024-01-26,2.0,2024-02-05,1.46,0.0,9.58904109589042,27.0,27.0,False,-9.876543209876553,1.6542673150657983,8,19,8,42.10526315789473,34.34577012705034,67.6300578034682,2003-05-13; 2006-05-25; 2008-09-18; 2010-07-02; 2011-01-25; 2012-12-04; 2015-05-07; 2020-04-24,20.0,0.0,历史8/19次成功; 当前距低点0.00%; 最新日涨幅-9.88%; 状态bottom_area; 底部未确认
268,66.80828457460738,56.287822510200805,600228,返利科技,bottom_area,2024-02-05,5.04,2024-01-26,6.92,2024-02-05,5.01,0.5988023952095858,10.978043912175647,27.601156069364162,27.167630057803464,False,-9.51526032315979,3.5888618730747472,7,17,7,41.17647058823529,34.564378087203416,67.96874999999999,2008-03-18; 2012-07-11; 2013-06-25; 2014-07-10; 2021-01-26; 2022-04-27; 2023-12-28,19.401197604790415,0.5988023952095858,历史7/17次成功; 当前距低点0.60%; 最新日涨幅-9.52%; 状态bottom_area; 底部未确认
269,66.78681965810544,55.65568304842121,603912,佳力图,bottom_area,2024-02-05,5.45,2024-01-26,7.66,2024-02-05,5.45,0.0,10.275229357798157,28.851174934725847,28.851174934725847,False,-10.06600660066006,2.5463611522714436,5,12,5,41.66666666666667,35.021593450293174,73.20034692107545,2017-11-21; 2020-02-04; 2022-04-27; 2022-10-11; 2023-01-17,20.0,0.0,历史5/12次成功; 当前距低点0.00%; 最新日涨幅-10.07%; 状态bottom_area; 底部未确认
270,66.77041647666344,60.76387273503887,688266,泽璟制药,bottom_area,2024-02-05,34.8,2024-01-25,46.23,2024-02-05,33.2,4.819277108433717,13.765060240963855,28.18516115076789,24.72420506164828,False,-8.009516256938943,1.5693129079337065,2,3,2,66.66666666666666,31.963214384952067,39.990774907749085,2020-09-10; 2022-04-27,15.180722891566283,4.819277108433717,历史2/3次成功; 当前距低点4.82%; 最新日涨幅-8.01%; 状态bottom_area; 底部未确认
271,66.7269028340081,55.605752361673424,603616,韩建河山,bottom_area,2024-02-05,3.72,2024-01-26,5.27,2024-02-05,3.72,0.0,9.408602150537636,29.411764705882344,29.411764705882344,False,-9.927360774818395,3.0689343184079614,3,8,3,37.5,43.78092667566353,72.22222222222224,2017-04-24; 2021-03-10; 2022-01-27,20.0,0.0,历史3/8次成功; 当前距低点0.00%; 最新日涨幅-9.93%; 状态bottom_area; 底部未确认
272,66.72000000000001,55.60000000000001,605155,西大门,bottom_area,2024-02-05,10.67,2024-01-26,15.47,2024-02-05,10.67,0.0,12.089971883786326,31.027795733678087,31.027795733678087,False,-10.033726812816191,1.2865810356862426,1,2,1,50.0,57.16054477919933,57.16054477919933,2021-01-29,20.0,0.0,历史1/2次成功; 当前距低点0.00%; 最新日涨幅-10.03%; 状态bottom_area; 底部未确认
273,66.72000000000001,55.60000000000001,605299,舒华体育,bottom_area,2024-02-05,6.53,2024-01-24,9.51,2024-02-05,6.53,0.0,11.33231240428789,31.335436382754988,31.335436382754988,False,-10.055096418732779,1.6557208560533947,1,2,1,50.0,56.12903225806454,56.12903225806454,2021-07-28,20.0,0.0,历史1/2次成功; 当前距低点0.00%; 最新日涨幅-10.06%; 状态bottom_area; 底部未确认
274,66.71917803290161,55.81844525504308,000430,张家界,bottom_area,2024-02-05,4.67,2024-01-26,6.73,2024-02-05,4.66,0.214592274678107,10.515021459227473,30.75780089153046,30.609212481426457,False,-9.845559845559837,3.6484316346002412,6,16,6,37.5,35.2968582866084,53.99999999999999,1997-05-26; 1997-08-19; 2007-10-30; 2012-12-04; 2020-02-04; 2021-07-30,19.785407725321893,0.214592274678107,历史6/16次成功; 当前距低点0.21%; 最新日涨幅-9.85%; 状态bottom_area; 底部未确认
275,66.7136119061248,55.59467658843733,605258,协和电子,bottom_area,2024-02-05,16.75,2024-01-26,24.31,2024-02-05,16.75,0.0,8.89552238805969,31.098313451254622,31.098313451254622,False,-9.994626544868346,1.417159090909091,1,2,1,50.0,49.971379507727534,49.971379507727534,2022-04-27,20.0,0.0,历史1/2次成功; 当前距低点0.00%; 最新日涨幅-9.99%; 状态bottom_area; 底部未确认
276,66.69701860742603,55.5808488395217,002186,全聚德,bottom_area,2024-02-05,8.65,2024-01-25,12.81,2024-02-05,8.65,0.0,10.982658959537565,32.47462919594067,32.47462919594067,False,-9.989594172736727,4.329475443528309,3,7,3,42.857142857142854,32.039893914479194,48.62227324913891,2007-11-28; 2008-03-18; 2022-04-28,20.0,0.0,历史3/7次成功; 当前距低点0.00%; 最新日涨幅-9.99%; 状态bottom_area; 底部未确认
277,66.68886992160485,55.57405826800404,002208,合肥城建,bottom_area,2024-02-05,4.84,2024-01-29,6.69,2024-02-05,4.84,0.0,10.743801652892571,27.653213751868467,27.653213751868467,False,-10.03717472118959,2.7074151269660214,6,14,6,42.857142857142854,32.00338546545948,72.17948717948718,2008-09-18; 2010-01-26; 2010-05-18; 2018-02-07; 2020-07-20; 2022-04-28,20.0,0.0,历史6/14次成功; 当前距低点0.00%; 最新日涨幅-10.04%; 状态bottom_area; 底部未确认
278,66.62237401322167,57.165860372100184,600185,珠免集团,bottom_area,2024-02-05,5.09,2024-01-26,6.94,2024-02-05,5.01,1.5968063872255505,10.379241516966077,27.809798270893378,26.657060518731996,False,-8.617594254937167,1.6735280238281764,4,13,4,30.76923076923077,34.228919005238964,55.38160469667319,2008-03-18; 2015-06-29; 2020-11-03; 2021-01-08,18.40319361277445,1.5968063872255505,历史4/13次成功; 当前距低点1.60%; 最新日涨幅-8.62%; 状态bottom_area; 底部未确认
279,66.61472495376024,55.51227079480021,000952,广济药业,bottom_area,2024-02-05,5.04,2024-01-26,7.31,2024-02-05,5.04,0.0,9.920634920634921,31.05335157318741,31.05335157318741,False,-9.999999999999998,2.484171348381592,7,16,7,43.75,29.736670939786087,40.2659069325736,2006-08-07; 2006-11-14; 2007-10-26; 2008-04-03; 2009-08-19; 2011-01-25; 2018-02-07,20.0,0.0,历史7/16次成功; 当前距低点0.00%; 最新日涨幅-10.00%; 状态bottom_area; 底部未确认
280,66.59285890679182,57.19442385216566,300256,星星科技,bottom_area,2024-02-05,1.85,2024-01-26,2.59,2024-02-05,1.82,1.6483516483516498,13.186813186813188,29.729729729729726,28.571428571428566,False,-10.62801932367149,2.0893169792024056,3,9,3,33.33333333333333,29.458775683193966,44.20062695924764,2013-09-02; 2014-02-26; 2019-05-06,18.35164835164835,1.6483516483516498,历史3/9次成功; 当前距低点1.65%; 最新日涨幅-10.63%; 状态bottom_area; 底部未确认
281,66.57022748292061,55.475189569100515,600796,钱江生化,bottom_area,2024-02-05,4.11,2024-01-26,5.72,2024-02-05,4.11,0.0,10.705596107055948,28.14685314685314,28.14685314685314,False,-10.065645514223199,3.231080055090186,8,18,8,44.44444444444444,28.032679881663412,38.085539714867615,1997-07-08; 2008-02-01; 2008-04-03; 2010-07-02; 2011-09-30; 2020-05-25; 2021-02-04; 2022-04-27,20.0,0.0,历史8/18次成功; 当前距低点0.00%; 最新日涨幅-10.07%; 状态bottom_area; 底部未确认
282,66.54098016019978,58.41621201423671,603115,海星股份,bottom_area,2024-02-05,9.39,2024-01-26,12.65,2024-02-05,9.13,2.847754654983568,11.391018619934272,27.826086956521735,25.77075098814229,False,-7.396449704142016,1.7892401549384616,1,2,1,50.0,47.952110901071215,47.952110901071215,2020-02-04,17.152245345016436,2.847754654983568,历史1/2次成功; 当前距低点2.85%; 最新日涨幅-7.40%; 状态bottom_area; 底部未确认
283,66.50605863030096,55.421715525250804,600676,交运股份,bottom_area,2024-02-05,3.19,2024-01-26,4.38,2024-02-05,3.19,0.0,9.717868338557995,27.168949771689498,27.168949771689498,False,-9.887005649717517,2.011554831059704,7,17,7,41.17647058823529,34.8257950440429,70.60367454068242,1993-12-20; 1994-03-10; 1994-04-20; 1994-08-10; 2005-01-31; 2015-07-09; 2020-02-04,20.0,0.0,历史7/17次成功; 当前距低点0.00%; 最新日涨幅-9.89%; 状态bottom_area; 底部未确认
284,66.48190616802442,55.401588473353684,600172,黄河旋风,bottom_area,2024-02-05,2.34,2024-01-26,3.31,2024-02-05,2.34,0.0,10.256410256410266,29.305135951661637,29.305135951661637,False,-10.000000000000009,2.8605394417287777,4,10,4,40.0,37.26660469544988,51.074589127686465,2010-07-02; 2015-06-30; 2015-07-03; 2021-10-11,20.0,0.0,历史4/10次成功; 当前距低点0.00%; 最新日涨幅-10.00%; 状态bottom_area; 底部未确认
285,66.4758863562742,55.560071371020705,000829,天音控股,bottom_area,2024-02-05,6.23,2024-01-26,8.85,2024-02-05,6.22,0.16077170418007516,12.700964630225082,29.717514124293785,29.60451977401129,False,-9.840810419681612,3.9461408543534677,5,15,5,33.33333333333333,42.27579313558031,60.86956521739128,2001-02-23; 2012-12-04; 2013-06-25; 2020-02-04; 2022-04-27,19.83922829581993,0.16077170418007516,历史5/15次成功; 当前距低点0.16%; 最新日涨幅-9.84%; 状态bottom_area; 底部未确认
286,66.42634874720964,60.03331141143264,603535,嘉诚国际,bottom_area,2024-02-05,12.94,2024-01-26,17.02,2024-02-05,12.39,4.439063761097651,10.330912025827274,27.203290246768503,23.971797884841365,False,-6.027596223674658,0.7013058900992301,2,3,2,66.66666666666666,23.374785591766724,23.636363636363633,2018-02-07; 2018-08-07,15.56093623890235,4.439063761097651,历史2/3次成功; 当前距低点4.44%; 最新日涨幅-6.03%; 状态bottom_area; 底部未确认
287,66.38208885247778,55.318407377064815,002297,博云新材,bottom_area,2024-02-05,4.91,2024-01-26,7.02,2024-02-05,4.91,0.0,11.405295315682274,30.05698005698005,30.05698005698005,False,-10.073260073260071,3.307126348440713,3,7,3,42.857142857142854,30.628918309872216,32.10702341137123,2017-01-16; 2020-02-04; 2021-02-08,20.0,0.0,历史3/7次成功; 当前距低点0.00%; 最新日涨幅-10.07%; 状态bottom_area; 底部未确认
288,66.37932710314294,58.949356879878486,300346,南大光电,bottom_area,2024-02-05,17.55,2024-01-26,24.07,2024-02-05,16.96,3.47877358490566,13.679245283018867,29.538845035313667,27.087660988782712,False,-9.020217729393465,2.482141200449273,4,8,4,50.0,25.22021856700748,28.65137101287072,2018-06-20; 2020-02-04; 2020-02-28; 2022-04-27,16.521226415094343,3.47877358490566,历史4/8次成功; 当前距低点3.48%; 最新日涨幅-9.02%; 状态bottom_area; 底部未确认
289,66.3765306352006,58.582159767356934,300327,中颖电子,bottom_area,2024-02-05,14.13,2024-01-26,19.58,2024-02-05,13.7,3.1386861313868724,13.357664233576644,30.030643513789578,27.83452502553625,False,-9.01481004507404,3.427196522103209,5,11,5,45.45454545454545,28.92571144482353,34.379671150971596,2015-08-26; 2016-01-12; 2016-01-29; 2018-02-07; 2021-07-13,16.861313868613127,3.1386861313868724,历史5/11次成功; 当前距低点3.14%; 最新日涨幅-9.01%; 状态bottom_area; 底部未确认
290,66.37385877197433,55.31154897664528,000779,甘咨询,bottom_area,2024-02-05,7.16,2024-01-26,9.82,2024-02-05,7.16,0.0,9.776536312849164,27.08757637474542,27.08757637474542,False,-10.050251256281406,1.4030935296119433,8,18,8,44.44444444444444,27.152891750183723,45.73378839590441,2002-11-22; 2009-08-19; 2012-12-04; 2013-06-25; 2015-08-26; 2016-01-29; 2018-02-09; 2018-10-19,20.0,0.0,历史8/18次成功; 当前距低点0.00%; 最新日涨幅-10.05%; 状态bottom_area; 底部未确认
291,66.31258845485809,55.26049037904841,600613,神奇制药,bottom_area,2024-02-05,5.09,2024-01-26,7.1,2024-02-05,5.09,0.0,11.00196463654225,28.30985915492958,28.30985915492958,False,-9.911504424778773,2.3139030292914966,11,27,11,40.74074074074074,34.903074518977895,79.72972972972973,1992-08-24; 1993-03-10; 1994-03-10; 1994-10-05; 1995-04-27; 1996-11-01; 2002-01-23; 2008-03-18; 2008-09-18; 2012-01-06; 2017-01-16,20.0,0.0,历史11/27次成功; 当前距低点0.00%; 最新日涨幅-9.91%; 状态bottom_area; 底部未确认
292,66.29739577161897,55.24782980968248,000565,渝三峡A,bottom_area,2024-02-05,4.0,2024-01-26,5.89,2024-02-05,4.0,0.0,11.00000000000001,32.088285229202036,32.088285229202036,False,-9.90990990990992,2.309566520960436,10,26,10,38.46153846153847,39.77327854668003,57.568807339449535,1994-08-15; 1995-03-20; 1996-05-02; 1996-08-27; 2007-06-26; 2008-04-03; 2009-09-29; 2018-02-09; 2018-07-06; 2022-04-27,20.0,0.0,历史10/26次成功; 当前距低点0.00%; 最新日涨幅-9.91%; 状态bottom_area; 底部未确认
293,66.27933529916783,55.23277941597319,603976,正川股份,bottom_area,2024-02-05,12.81,2024-01-26,18.1,2024-02-05,12.81,0.0,9.289617486338795,29.226519337016576,29.226519337016576,False,-9.978917779339424,1.1392570909928645,2,5,2,40.0,36.35902911813539,43.93577041339256,2020-02-04; 2021-07-28,20.0,0.0,历史2/5次成功; 当前距低点0.00%; 最新日涨幅-9.98%; 状态bottom_area; 底部未确认
294,66.26345528817082,57.1876064784508,300657,弘信电子,bottom_area,2024-02-05,11.72,2024-01-26,16.34,2024-02-05,11.5,1.913043478260875,12.78260869565218,29.620563035495717,28.274173806609543,False,-10.806697108066965,4.445256426290469,2,7,2,28.57142857142857,42.98419298171985,52.493809692253265,2020-02-04; 2022-04-27,18.086956521739125,1.913043478260875,历史2/7次成功; 当前距低点1.91%; 最新日涨幅-10.81%; 状态bottom_area; 底部未确认
295,66.178174856048,59.184786515095766,300213,佳讯飞鸿,bottom_area,2024-02-05,4.57,2024-01-26,6.48,2024-02-05,4.4,3.8636363636363615,14.545454545454536,32.098765432098766,29.475308641975307,False,-9.504950495049492,4.7598980284264965,5,10,5,50.0,31.203642065519727,39.33054393305439,2015-06-29; 2015-07-06; 2015-07-29; 2015-09-02; 2018-10-19,16.13636363636364,3.8636363636363615,历史5/10次成功; 当前距低点3.86%; 最新日涨幅-9.50%; 状态bottom_area; 底部未确认
296,66.16687233958676,55.139060282988964,600807,济高发展,bottom_area,2024-02-05,2.41,2024-01-26,3.31,2024-02-05,2.41,0.0,9.543568464730289,27.190332326283983,27.190332326283983,False,-10.074626865671643,2.5807908725137074,10,25,10,40.0,35.85516281176858,80.39473684210529,1994-02-28; 1994-08-10; 1994-10-05; 1999-06-15; 2003-05-13; 2008-08-13; 2015-05-07; 2015-09-08; 2016-02-01; 2018-10-19,20.0,0.0,历史10/25次成功; 当前距低点0.00%; 最新日涨幅-10.07%; 状态bottom_area; 底部未确认
297,66.1,55.08333333333333,000957,中通客车,bottom_area,2024-02-05,6.02,2024-01-25,8.48,2024-02-05,6.02,0.0,11.129568106312307,29.009433962264158,29.009433962264158,False,-10.014947683109131,2.7516263306791124,6,18,6,33.33333333333333,81.97686548084626,354.54545454545456,2005-07-19; 2012-12-04; 2015-07-16; 2019-08-06; 2022-04-27; 2023-04-25,20.0,0.0,历史6/18次成功; 当前距低点0.00%; 最新日涨幅-10.01%; 状态bottom_area; 底部未确认
298,66.06713019966723,55.055941833056025,002957,科瑞技术,bottom_area,2024-02-05,10.76,2024-01-26,15.2,2024-02-05,10.76,0.0,11.05947955390334,29.21052631578947,29.21052631578947,False,-10.033444816053516,2.452548871426339,2,5,2,40.0,35.40828942503236,43.38602329450915,2020-02-04; 2023-08-25,20.0,0.0,历史2/5次成功; 当前距低点0.00%; 最新日涨幅-10.03%; 状态bottom_area; 底部未确认
299,65.95317648822184,54.96098040685153,603089,正裕工业,bottom_area,2024-02-05,7.27,2024-01-26,10.53,2024-02-05,7.27,0.0,10.31636863823934,30.959164292497626,30.959164292497626,False,-10.024752475247533,1.7018055356088695,3,7,3,42.857142857142854,28.707267932381537,32.09393346379647,2018-02-07; 2020-02-04; 2020-09-29,20.0,0.0,历史3/7次成功; 当前距低点0.00%; 最新日涨幅-10.02%; 状态bottom_area; 底部未确认
300,65.86690160011635,54.88908466676363,600768,宁波富邦,bottom_area,2024-02-05,7.46,2024-01-26,11.0,2024-02-05,7.46,0.0,9.785522788203748,32.18181818181819,32.18181818181819,False,-10.012062726176108,3.3878840773021452,6,14,6,42.857142857142854,28.32073169534975,35.034482758620676,1998-08-18; 2001-02-22; 2007-01-05; 2015-09-07; 2020-02-04; 2022-04-27,20.0,0.0,历史6/14次成功; 当前距低点0.00%; 最新日涨幅-10.01%; 状态bottom_area; 底部未确认
301,65.8575969694024,54.881330807835326,000576,甘化科工,bottom_area,2024-02-05,5.65,2024-01-29,8.2,2024-02-05,5.65,0.0,11.327433628318579,31.097560975609746,31.097560975609746,False,-10.031847133757966,1.3479699382441692,10,24,10,41.66666666666667,30.85840936112185,71.09826589595376,1995-05-03; 1996-12-25; 1997-07-08; 1997-09-23; 2006-11-14; 2015-08-26; 2017-01-17; 2018-10-19; 2020-02-04; 2021-10-28,20.0,0.0,历史10/24次成功; 当前距低点0.00%; 最新日涨幅-10.03%; 状态bottom_area; 底部未确认
302,65.80723075640375,54.839358963669795,000931,中关村,bottom_area,2024-02-05,3.79,2024-01-26,5.46,2024-02-05,3.79,0.0,11.873350923482855,30.586080586080584,30.586080586080584,False,-9.97624703087886,3.094339041677997,5,12,5,41.66666666666667,30.63275428496302,45.10582010582012,2003-05-13; 2005-05-11; 2007-06-26; 2014-01-14; 2020-02-04,20.0,0.0,历史5/12次成功; 当前距低点0.00%; 最新日涨幅-9.98%; 状态bottom_area; 底部未确认
303,65.79902011024633,54.83251675853862,600805,悦达投资,bottom_area,2024-02-05,3.37,2024-01-26,4.79,2024-02-05,3.37,0.0,10.979228486646887,29.645093945720248,29.645093945720248,False,-9.893048128342253,3.656979884734036,6,18,6,33.33333333333333,48.651523791426285,136.61971830985917,1994-10-14; 1995-02-07; 1995-04-27; 1996-05-10; 2000-02-24; 2008-02-01,20.0,0.0,历史6/18次成功; 当前距低点0.00%; 最新日涨幅-9.89%; 状态bottom_area; 底部未确认
304,65.7563219930687,54.79693499422391,002037,保利联合,bottom_area,2024-02-05,5.27,2024-01-26,7.7,2024-02-05,5.27,0.0,10.436432637571173,31.558441558441565,31.558441558441565,False,-9.914529914529913,2.377927284293259,5,12,5,41.66666666666667,30.404668427727078,43.83654170888215,2007-06-05; 2008-04-03; 2008-07-03; 2008-08-12; 2015-06-29,20.0,0.0,历史5/12次成功; 当前距低点0.00%; 最新日涨幅-9.91%; 状态bottom_area; 底部未确认
305,65.70977459046621,55.700773974704,300182,捷成股份,bottom_area,2024-02-05,3.25,2024-01-26,4.62,2024-02-05,3.22,0.9316770186335344,15.217391304347819,30.303030303030297,29.653679653679653,False,-12.868632707774797,5.416388674676515,4,9,4,44.44444444444444,28.40799175310399,39.37823834196891,2015-06-30; 2019-12-04; 2020-06-29; 2021-08-06,19.068322981366467,0.9316770186335344,历史4/9次成功; 当前距低点0.93%; 最新日涨幅-12.87%; 状态bottom_area; 底部未确认
306,65.65710137905359,54.71425114921132,600844,金煤科技,bottom_area,2024-02-05,2.34,2024-01-26,3.43,2024-02-05,2.34,0.0,11.965811965811977,31.778425655976683,31.778425655976683,False,-10.000000000000009,2.888576075553283,10,25,10,40.0,33.571242737695286,83.48623853211008,1994-08-10; 1995-02-17; 1995-05-10; 1999-12-29; 2010-05-13; 2012-01-05; 2014-01-30; 2015-06-30; 2015-07-07; 2020-02-04,20.0,0.0,历史10/25次成功; 当前距低点0.00%; 最新日涨幅-10.00%; 状态bottom_area; 底部未确认
307,65.65377668670347,57.19274335655111,603108,润达医疗,bottom_area,2024-02-05,13.1,2024-01-25,18.47,2024-02-05,12.79,2.4237685691946873,12.040656763096177,30.75257173795344,29.074174336762315,False,-7.811400422237869,5.516119353674232,2,5,2,40.0,24.510406958682818,28.21621621621621,2015-07-03; 2016-01-14,17.576231430805315,2.4237685691946873,历史2/5次成功; 当前距低点2.42%; 最新日涨幅-7.81%; 状态bottom_area; 底部未确认
308,65.61940657268491,54.682838810570765,002903,宇环数控,bottom_area,2024-02-05,13.95,2024-01-26,19.33,2024-02-05,13.95,0.0,11.111111111111118,27.832384893947232,27.832384893947232,False,-10.000000000000009,6.374782754624214,3,7,3,42.857142857142854,27.2118830061408,32.149901380670606,2020-02-04; 2022-04-27; 2022-09-01,20.0,0.0,历史3/7次成功; 当前距低点0.00%; 最新日涨幅-10.00%; 状态bottom_area; 底部未确认
309,65.58873910345747,54.65728258621456,600287,苏豪时尚,bottom_area,2024-02-05,4.36,2024-01-26,6.07,2024-02-05,4.36,0.0,12.155963302752278,28.171334431630967,28.171334431630967,False,-9.917355371900815,2.002078343906893,6,15,6,40.0,33.26496014093852,46.909090909090914,2007-10-26; 2008-04-22; 2008-11-04; 2009-08-18; 2010-07-05; 2022-04-28,20.0,0.0,历史6/15次成功; 当前距低点0.00%; 最新日涨幅-9.92%; 状态bottom_area; 底部未确认
310,65.55480456328566,56.12792882601099,603005,晶方科技,bottom_area,2024-02-05,13.73,2024-01-26,18.96,2024-02-05,13.53,1.4781966001478277,11.01256467110126,28.639240506329124,27.584388185654007,False,-8.649367930805052,5.02068689251944,3,10,3,30.0,28.861382120150708,31.53503893214682,2017-01-17; 2021-06-16; 2023-08-25,18.521803399852175,1.4781966001478277,历史3/10次成功; 当前距低点1.48%; 最新日涨幅-8.65%; 状态bottom_area; 底部未确认
311,65.4990674507735,54.58255620897792,603256,宏和科技,bottom_area,2024-02-05,5.45,2024-01-26,7.5,2024-02-05,5.45,0.0,9.357798165137611,27.333333333333332,27.333333333333332,False,-9.917355371900815,0.45607304534642834,2,5,2,40.0,32.863205424612474,43.408071748878925,2020-02-04; 2022-04-27,20.0,0.0,历史2/5次成功; 当前距低点0.00%; 最新日涨幅-9.92%; 状态bottom_area; 底部未确认
312,65.4871709994872,56.02703151833778,600356,恒丰纸业,bottom_area,2024-02-05,5.65,2024-01-26,7.79,2024-02-05,5.57,1.4362657091561952,10.592459605026928,28.49807445442875,27.47111681643132,False,-8.723747980613894,4.119051342630634,3,10,3,30.0,27.804931909752145,34.261501210653755,2005-11-29; 2011-10-24; 2015-07-03,18.563734290843804,1.4362657091561952,历史3/10次成功; 当前距低点1.44%; 最新日涨幅-8.72%; 状态bottom_area; 底部未确认
313,65.48515098457294,54.57095915381078,603166,福达股份,bottom_area,2024-02-05,4.58,2024-01-26,6.35,2024-02-05,4.58,0.0,9.606986899563308,27.87401574803149,27.87401574803149,False,-10.019646365422396,1.4908328223284484,3,7,3,42.857142857142854,26.610379475173158,32.38095238095238,2015-07-16; 2015-11-02; 2021-01-14,20.0,0.0,历史3/7次成功; 当前距低点0.00%; 最新日涨幅-10.02%; 状态bottom_area; 底部未确认
314,65.37692519576036,54.48077099646697,600749,西藏旅游,bottom_area,2024-02-05,8.6,2024-01-26,12.04,2024-02-05,8.6,0.0,10.465116279069772,28.57142857142857,28.57142857142857,False,-10.041841004184104,3.974788983114002,7,17,7,41.17647058823529,29.76695349144168,51.21107266435986,2003-05-14; 2005-05-10; 2008-03-19; 2011-10-12; 2015-09-08; 2018-05-08; 2021-08-02,20.0,0.0,历史7/17次成功; 当前距低点0.00%; 最新日涨幅-10.04%; 状态bottom_area; 底部未确认
315,65.35811628604876,57.55863941427701,688055,龙腾光电,bottom_area,2024-02-05,3.07,2024-01-25,4.22,2024-02-05,2.98,3.020134228187915,16.10738255033557,29.383886255924168,27.251184834123222,False,-11.271676300578036,0.4380749863101567,1,2,1,50.0,45.45454545454546,45.45454545454546,2022-04-27,16.979865771812086,3.020134228187915,历史1/2次成功; 当前距低点3.02%; 最新日涨幅-11.27%; 状态bottom_area; 底部未确认
316,65.32425766696574,54.436881389138115,600802,福建水泥,bottom_area,2024-02-05,3.53,2024-01-26,5.11,2024-02-05,3.53,0.0,8.498583569405108,30.919765166340518,30.919765166340518,False,-9.948979591836737,2.2562435646810344,9,22,9,40.909090909090914,30.110310498787452,41.82590233545647,1994-08-10; 1997-05-26; 1998-08-18; 2007-02-07; 2008-08-13; 2017-06-02; 2017-11-20; 2020-02-04; 2020-10-30,20.0,0.0,历史9/22次成功; 当前距低点0.00%; 最新日涨幅-9.95%; 状态bottom_area; 底部未确认
317,65.3046936892232,54.42057807435267,600610,中毅达,bottom_area,2024-02-05,5.06,2024-01-26,7.49,2024-02-05,5.06,0.0,10.276679841897243,32.44325767690254,32.44325767690254,False,-9.964412811387913,3.761788471446703,10,25,10,40.0,31.99235523845516,43.902439024390254,1992-09-08; 1993-03-10; 1994-03-10; 1994-07-25; 1994-08-10; 2005-12-06; 2015-06-30; 2016-12-13; 2023-07-12; 2023-10-27,20.0,0.0,历史10/25次成功; 当前距低点0.00%; 最新日涨幅-9.96%; 状态bottom_area; 底部未确认
318,65.29665147696036,54.413876230800305,000973,佛塑科技,bottom_area,2024-02-05,3.32,2024-01-26,4.61,2024-02-05,3.32,0.0,10.240963855421697,27.982646420824302,27.982646420824302,False,-10.027100271002709,3.2046161286865713,7,17,7,41.17647058823529,29.4073042136639,40.30612244897959,2005-10-31; 2008-09-18; 2012-07-31; 2012-12-04; 2018-02-07; 2020-02-03; 2022-04-27,20.0,0.0,历史7/17次成功; 当前距低点0.00%; 最新日涨幅-10.03%; 状态bottom_area; 底部未确认
319,65.28160061667089,54.40133384722574,002486,嘉麟杰,bottom_area,2024-02-05,2.04,2024-01-26,2.93,2024-02-05,2.04,0.0,11.274509803921568,30.37542662116041,30.37542662116041,False,-10.132158590308372,3.5520540382109176,3,8,3,37.5,37.305558318417916,50.607287449392715,2018-02-09; 2020-02-04; 2022-04-27,20.0,0.0,历史3/8次成功; 当前距低点0.00%; 最新日涨幅-10.13%; 状态bottom_area; 底部未确认
320,65.24416174338967,54.370134786158054,600478,科力远,bottom_area,2024-02-05,3.17,2024-01-26,4.51,2024-02-05,3.17,0.0,11.041009463722402,29.711751662971174,29.711751662971174,False,-9.943181818181824,1.861209130442043,5,13,5,38.46153846153847,35.05448809762393,53.09734513274336,2011-06-23; 2012-10-26; 2015-06-30; 2015-08-26; 2018-06-26,20.0,0.0,历史5/13次成功; 当前距低点0.00%; 最新日涨幅-9.94%; 状态bottom_area; 底部未确认
321,65.22392452627544,54.35327043856287,002209,达意隆,bottom_area,2024-02-05,6.85,2024-01-26,9.77,2024-02-05,6.85,0.0,7.445255474452566,29.887410440122824,29.887410440122824,False,-9.9868593955322,5.391621535355673,3,7,3,42.857142857142854,25.44001003835644,29.13533834586466,2008-09-18; 2009-09-02; 2015-08-26,20.0,0.0,历史3/7次成功; 当前距低点0.00%; 最新日涨幅-9.99%; 状态bottom_area; 底部未确认
322,65.19416252594982,54.32846877162485,600629,华建集团,bottom_area,2024-02-05,5.21,2024-02-01,7.2,2024-02-05,5.21,0.0,3.4548944337811847,27.63888888888889,27.63888888888889,False,-10.017271157167528,3.0363691881951165,10,29,10,34.48275862068966,43.45116692197267,167.98866855524085,1993-02-24; 1993-03-09; 1993-12-20; 1994-07-29; 2008-04-23; 2012-01-06; 2015-06-30; 2021-08-02; 2022-04-26; 2022-10-28,20.0,0.0,历史10/29次成功; 当前距低点0.00%; 最新日涨幅-10.02%; 状态bottom_area; 底部未确认
323,65.13328143849668,59.21155238867477,688235,百济神州,bottom_area,2024-02-05,103.19,2024-01-15,137.53,2024-02-05,98.5,4.761421319796952,7.380710659898473,28.37926270631862,24.96909765142151,False,1.156749338300167,2.7991756342037624,1,2,1,50.0,42.997811816192545,42.997811816192545,2022-10-12,15.23857868020305,4.761421319796952,历史1/2次成功; 当前距低点4.76%; 最新日涨幅1.16%; 状态bottom_area; 底部未确认
324,65.11783550100749,54.26486291750625,603612,索通发展,bottom_area,2024-02-05,9.41,2024-01-26,13.0,2024-02-05,9.41,0.0,9.776833156216789,27.615384615384613,27.615384615384613,False,-9.952153110047835,2.043446738514564,2,6,2,33.33333333333333,45.59962142028454,59.93710691823899,2020-02-04; 2022-04-27,20.0,0.0,历史2/6次成功; 当前距低点0.00%; 最新日涨幅-9.95%; 状态bottom_area; 底部未确认
325,65.09274204482391,55.113499166486,002566,益盛药业,bottom_area,2024-02-05,5.81,2024-01-26,8.21,2024-02-05,5.76,0.8680555555555525,10.763888888888891,29.841656516443372,29.23264311814861,False,-9.218750000000009,4.6409148077373885,3,7,3,42.857142857142854,27.90987775120472,31.79723502304148,2014-01-21; 2016-01-29; 2022-04-27,19.13194444444445,0.8680555555555525,历史3/7次成功; 当前距低点0.87%; 最新日涨幅-9.22%; 状态bottom_area; 底部未确认
326,65.08473891297137,56.94656900348165,301181,标榜股份,bottom_area,2024-02-05,16.57,2024-01-26,23.79,2024-02-05,16.14,2.6641883519206924,16.91449814126394,32.15636822194199,30.348886086590998,False,-12.789473684210527,1.6935982523839175,2,6,2,33.33333333333333,40.578414583481106,50.795180722891565,2022-04-27; 2022-08-08,17.335811648079307,2.6641883519206924,历史2/6次成功; 当前距低点2.66%; 最新日涨幅-12.79%; 状态bottom_area; 底部未确认
327,65.06043534918344,59.35035667842822,300765,新诺威,bottom_area,2024-02-05,24.8,2024-01-26,34.56,2024-02-05,23.63,4.951333051206102,14.261531950909864,31.626157407407412,28.240740740740744,False,-4.578684109272791,2.363610009349906,2,3,2,66.66666666666666,25.982415959739026,28.947368421052634,2021-05-11; 2023-12-08,15.048666948793898,4.951333051206102,历史2/3次成功; 当前距低点4.95%; 最新日涨幅-4.58%; 状态bottom_area; 底部未确认
328,65.05946678839867,54.21622232366556,002806,华锋股份,bottom_area,2024-02-05,7.56,2024-01-26,11.25,2024-02-05,7.56,0.0,11.50793650793651,32.800000000000004,32.800000000000004,False,-10.000000000000009,3.0636093209235935,4,10,4,40.0,30.89366840680406,46.32152588555858,2017-11-13; 2020-02-04; 2021-02-04; 2023-04-25,20.0,0.0,历史4/10次成功; 当前距低点0.00%; 最新日涨幅-10.00%; 状态bottom_area; 底部未确认
329,65.01278919565891,54.17732432971576,600241,时代万恒,bottom_area,2024-02-05,5.41,2024-01-26,7.9,2024-02-05,5.41,0.0,10.905730129390015,31.518987341772153,31.518987341772153,False,-9.983361064891838,1.7027061106160308,5,13,5,38.46153846153847,34.01787274040733,54.53639082751746,2011-04-29; 2015-07-09; 2016-01-14; 2018-10-19; 2022-03-16,20.0,0.0,历史5/13次成功; 当前距低点0.00%; 最新日涨幅-9.98%; 状态bottom_area; 底部未确认
330,65.007062572297,55.51271185397236,002940,昂利康,bottom_area,2024-02-05,12.91,2024-01-25,18.3,2024-02-05,12.74,1.3343799058084767,11.695447409733125,30.382513661202186,29.453551912568308,False,-8.827683615819204,1.79878748522834,1,3,1,33.33333333333333,33.23529411764705,33.23529411764705,2022-04-27,18.665620094191524,1.3343799058084767,历史1/3次成功; 当前距低点1.33%; 最新日涨幅-8.83%; 状态bottom_area; 底部未确认
331,64.98627883546665,54.15523236288888,603327,福蓉科技,bottom_area,2024-02-05,8.2,2024-01-26,11.28,2024-02-05,8.2,0.0,10.975609756097567,27.30496453900709,27.30496453900709,False,-9.989023051591662,0.5490887677964531,2,6,2,33.33333333333333,45.01020983632018,52.609776304888165,2021-10-29; 2022-04-27,20.0,0.0,历史2/6次成功; 当前距低点0.00%; 最新日涨幅-9.99%; 状态bottom_area; 底部未确认
332,64.97489074969698,54.14574229141416,603117,万林物流,bottom_area,2024-02-05,2.61,2023-11-13,3.66,2024-02-05,2.61,0.0,3.065134099616861,28.68852459016394,28.68852459016394,False,-5.09090909090909,0.08971997125583486,3,7,3,42.857142857142854,24.324267311750436,28.622267412302993,2015-09-07; 2016-01-28; 2020-02-04,20.0,0.0,历史3/7次成功; 当前距低点0.00%; 最新日涨幅-5.09%; 状态bottom_area; 底部未确认
333,64.93674655278461,54.11395546065384,002161,远望谷,bottom_area,2024-02-05,3.65,2024-01-26,5.03,2024-02-05,3.65,0.0,10.410958904109599,27.435387673956267,27.435387673956267,False,-10.098522167487678,3.0247182845674447,3,8,3,37.5,35.760513229321695,45.51422319474836,2009-09-29; 2015-09-02; 2018-02-02,20.0,0.0,历史3/8次成功; 当前距低点0.00%; 最新日涨幅-10.10%; 状态bottom_area; 底部未确认
334,64.92493010856413,55.724776119402996,688663,新风光,bottom_area,2024-02-05,17.02,2024-01-26,24.5,2024-02-05,16.75,1.61194029850746,13.253731343283576,31.63265306122449,30.53061224489796,False,-10.421052631578952,2.1400307958880926,1,5,1,20.0,55.124653739612185,55.124653739612185,2022-12-23,18.38805970149254,1.61194029850746,历史1/5次成功; 当前距低点1.61%; 最新日涨幅-10.42%; 状态bottom_area; 底部未确认
335,64.90979031834495,54.091491931954124,002647,仁东控股,bottom_area,2024-02-05,4.23,2024-01-25,6.16,2024-02-05,4.23,0.0,10.165484633569733,31.331168831168828,31.331168831168828,False,-9.999999999999998,2.132963652990074,2,5,2,40.0,30.223074902979196,33.72093023255814,2012-07-31; 2015-10-23,20.0,0.0,历史2/5次成功; 当前距低点0.00%; 最新日涨幅-10.00%; 状态bottom_area; 底部未确认
336,64.89914178279187,55.32459894496873,300259,新天科技,bottom_area,2024-02-05,2.45,2024-01-26,3.39,2024-02-05,2.42,1.2396694214876136,14.049586776859499,28.613569321533927,27.72861356932153,False,-11.231884057970998,2.0080319171143666,2,7,2,28.57142857142857,24.71376081545574,27.88906009244993,2015-09-02; 2019-05-08,18.760330578512388,1.2396694214876136,历史2/7次成功; 当前距低点1.24%; 最新日涨幅-11.23%; 状态bottom_area; 底部未确认
337,64.87082185591164,54.059018213259705,603311,金海高科,bottom_area,2024-02-05,7.09,2024-01-29,10.04,2024-02-05,7.09,0.0,11.283497884344145,29.38247011952191,29.38247011952191,False,-10.025380710659903,1.07968366324271,2,6,2,33.33333333333333,44.492929461969716,62.229102167182674,2015-07-09; 2022-10-12,20.0,0.0,历史2/6次成功; 当前距低点0.00%; 最新日涨幅-10.03%; 状态bottom_area; 底部未确认
338,64.86,54.05,002094,青岛金王,bottom_area,2024-02-05,2.48,2024-01-26,3.63,2024-02-05,2.48,0.0,8.467741935483868,31.68044077134986,31.68044077134986,False,-9.818181818181815,3.4897497738409027,4,13,4,30.76923076923077,50.47526452090012,126.78843226788432,2008-03-19; 2015-07-29; 2015-08-25; 2017-12-05,20.0,0.0,历史4/13次成功; 当前距低点0.00%; 最新日涨幅-9.82%; 状态bottom_area; 底部未确认
339,64.84192690394168,54.034939086618074,603701,德宏股份,bottom_area,2024-02-05,9.23,2024-01-26,13.13,2024-02-05,9.23,0.0,9.967497291440953,29.7029702970297,29.7029702970297,False,-10.038986354775826,2.0474292970661714,4,10,4,40.0,29.919027347408967,34.804413239719146,2017-01-19; 2018-09-18; 2020-02-04; 2023-04-24,20.0,0.0,历史4/10次成功; 当前距低点0.00%; 最新日涨幅-10.04%; 状态bottom_area; 底部未确认
340,64.80960843208219,58.54414751838951,300864,南大环境,bottom_area,2024-02-05,14.67,2024-01-26,20.79,2024-02-05,14.05,4.41281138790035,14.875444839857648,32.41943241943241,29.437229437229433,False,-9.500308451573103,1.4195364567692281,2,4,2,50.0,34.491169262378016,40.4459025174076,2020-08-25; 2022-10-11,15.58718861209965,4.41281138790035,历史2/4次成功; 当前距低点4.41%; 最新日涨幅-9.50%; 状态bottom_area; 底部未确认
341,64.80190508267931,54.00158756889943,600648,外高桥,bottom_area,2024-02-05,8.95,2024-01-26,12.58,2024-02-05,8.95,0.0,7.039106145251406,28.85532591414945,28.85532591414945,False,-9.959758551307852,2.0050612955090013,7,19,7,36.84210526315789,36.581823375520464,68.34146341463413,1993-12-20; 1995-04-27; 1995-05-25; 2008-03-18; 2008-09-18; 2008-11-04; 2024-01-22,20.0,0.0,历史7/19次成功; 当前距低点0.00%; 最新日涨幅-9.96%; 状态bottom_area; 底部未确认
342,64.74838049486961,56.66948883529591,002050,三花智控,bottom_area,2024-02-05,20.3,2023-12-29,29.45,2024-02-05,19.77,2.680829539706632,6.170966110268077,32.869269949066215,31.06960950764006,False,-3.791469194312802,1.555660357513407,4,11,4,36.36363636363637,32.72706844775037,59.978991596638664,2007-06-05; 2008-09-18; 2014-06-09; 2015-07-03,17.31917046029337,2.680829539706632,历史4/11次成功; 当前距低点2.68%; 最新日涨幅-3.79%; 状态bottom_area; 底部未确认
343,64.73952312366748,57.07300064849633,600601,方正科技,bottom_area,2024-02-05,2.01,2024-01-26,2.69,2024-02-05,1.95,3.076923076923068,9.743589743589752,27.509293680297397,25.278810408921938,False,-7.3732718894009235,1.7680026862618108,8,20,8,40.0,31.873039053123243,51.461988304093566,1992-09-08; 1993-02-24; 1993-10-29; 2007-06-05; 2007-06-26; 2018-02-06; 2019-05-06; 2020-02-04,16.923076923076934,3.076923076923068,历史8/20次成功; 当前距低点3.08%; 最新日涨幅-7.37%; 状态bottom_area; 底部未确认
344,64.73865345179465,53.94887787649554,603326,我乐家居,bottom_area,2024-02-05,6.49,2024-01-26,9.04,2024-02-05,6.49,0.0,8.936825885978429,28.207964601769902,28.207964601769902,False,-9.986130374479885,2.033699842068132,2,5,2,40.0,29.45633266933083,38.77082136703044,2017-08-14; 2023-04-26,20.0,0.0,历史2/5次成功; 当前距低点0.00%; 最新日涨幅-9.99%; 状态bottom_area; 底部未确认
345,64.72598313292742,53.938319277439525,002947,恒铭达,bottom_area,2024-02-05,20.25,2024-01-25,28.18,2024-02-05,20.25,0.0,12.543209876543205,28.140525195173883,28.140525195173883,False,-9.999999999999998,5.026124841386883,2,5,2,40.0,29.399566007739388,30.16378525932665,2021-05-17; 2022-04-26,20.0,0.0,历史2/5次成功; 当前距低点0.00%; 最新日涨幅-10.00%; 状态bottom_area; 底部未确认
346,64.71651428571428,53.93042857142857,603109,神驰机电,bottom_area,2024-02-05,11.26,2024-01-26,15.78,2024-02-05,11.26,0.0,10.923623445825935,28.643852978453737,28.643852978453737,False,-9.99200639488409,2.493387566751376,2,5,2,40.0,29.35714285714286,33.71428571428571,2022-04-28; 2022-09-01,20.0,0.0,历史2/5次成功; 当前距低点0.00%; 最新日涨幅-9.99%; 状态bottom_area; 底部未确认
347,64.71132825911026,53.92610688259188,000715,中兴商业,bottom_area,2024-02-05,5.52,2024-01-26,7.84,2024-02-05,5.52,0.0,10.507246376811597,29.59183673469388,29.59183673469388,False,-9.951060358890707,4.028782470033253,6,15,6,40.0,29.333907970924127,49.785407725321896,1997-05-23; 1997-07-08; 2015-07-16; 2020-02-04; 2021-02-04; 2023-01-19,20.0,0.0,历史6/15次成功; 当前距低点0.00%; 最新日涨幅-9.95%; 状态bottom_area; 底部未确认
348,64.6955306722689,53.912942226890756,688068,热景生物,bottom_area,2024-02-05,24.56,2024-01-26,34.63,2024-02-05,24.56,0.0,12.540716612377858,29.078833381461173,29.078833381461173,False,-11.175406871609406,1.9559242873777902,2,5,2,40.0,29.263130252100826,31.484593837534998,2020-04-28; 2023-08-25,20.0,0.0,历史2/5次成功; 当前距低点0.00%; 最新日涨幅-11.18%; 状态bottom_area; 底部未确认
349,64.62273062897135,53.8522755241428,002347,泰尔股份,bottom_area,2024-02-05,3.44,2024-01-26,4.95,2024-02-05,3.44,0.0,9.883720930232553,30.50505050505051,30.50505050505051,False,-9.947643979057585,5.107696371083501,4,10,4,40.0,28.936965183563473,33.1444759206799,2017-04-27; 2018-02-07; 2020-02-04; 2022-04-26,20.0,0.0,历史4/10次成功; 当前距低点0.00%; 最新日涨幅-9.95%; 状态bottom_area; 底部未确认
350,64.62098796666818,55.50861483843366,002738,中矿资源,bottom_area,2024-02-05,27.01,2024-01-26,38.5,2024-02-05,26.57,1.65600301091457,10.011290929619872,30.987012987012985,29.84415584415584,False,-8.50271002710027,4.105322243065965,2,8,2,25.0,38.54463281354233,56.295694557270494,2015-07-09; 2018-04-24,18.343996989085433,1.65600301091457,历史2/8次成功; 当前距低点1.66%; 最新日涨幅-8.50%; 状态bottom_area; 底部未确认
351,64.61926307621368,54.21278666056577,000561,烽火电子,bottom_area,2024-02-05,5.47,2024-01-26,7.66,2024-02-05,5.45,0.3669724770642124,11.0091743119266,28.851174934725847,28.590078328981726,False,-9.735973597359738,1.7169529079460324,8,22,8,36.36363636363637,30.994292761971593,66.28440366972475,1998-03-04; 1998-08-18; 1999-01-05; 2007-10-29; 2012-12-04; 2015-09-08; 2020-02-04; 2023-04-25,19.63302752293579,0.3669724770642124,历史8/22次成功; 当前距低点0.37%; 最新日涨幅-9.74%; 状态bottom_area; 底部未确认
352,64.61776491228072,53.8481374269006,002580,圣阳股份,bottom_area,2024-02-05,5.42,2024-01-26,7.79,2024-02-05,5.42,0.0,11.070110701107003,30.42362002567394,30.42362002567394,False,-9.966777408637872,3.6683799513030086,3,8,3,37.5,34.331384015594544,44.10526315789473,2015-09-07; 2018-06-20; 2022-09-02,20.0,0.0,历史3/8次成功; 当前距低点0.00%; 最新日涨幅-9.97%; 状态bottom_area; 底部未确认
353,64.526163770674,55.37871551076616,600189,泉阳泉,bottom_area,2024-02-05,6.95,2024-01-30,9.71,2024-02-05,6.84,1.6081871345029288,9.649122807017546,29.55715756951597,28.424304840370755,False,-8.311345646437996,3.9029901255465598,5,17,5,29.411764705882355,27.701295704098133,39.20163766632549,2007-06-05; 2008-04-02; 2008-09-18; 2017-07-17; 2018-10-19,18.391812865497073,1.6081871345029288,历史5/17次成功; 当前距低点1.61%; 最新日涨幅-8.31%; 状态bottom_area; 底部未确认
354,64.52113030614666,53.76760858845555,600616,金枫酒业,bottom_area,2024-02-05,4.5,2024-01-29,6.28,2024-02-05,4.5,0.0,10.000000000000004,28.34394904458599,28.34394904458599,False,-9.999999999999998,2.051375042434175,9,23,9,39.130434782608695,30.36582457561424,37.81512605042015,1992-10-07; 1992-10-27; 1993-02-24; 1996-06-04; 1996-12-12; 2002-01-22; 2007-06-05; 2015-06-30; 2022-04-27,20.0,0.0,历史9/23次成功; 当前距低点0.00%; 最新日涨幅-10.00%; 状态bottom_area; 底部未确认
355,64.51524498441906,55.27520989713652,300195,长荣股份,bottom_area,2024-02-05,4.02,2024-01-26,5.9,2024-02-05,3.96,1.5151515151515054,17.424242424242433,32.88135593220339,31.86440677966103,False,-14.102564102564108,6.68000573494974,1,3,1,33.33333333333333,34.17431192660549,34.17431192660549,2022-04-27,18.484848484848495,1.5151515151515054,历史1/3次成功; 当前距低点1.52%; 最新日涨幅-14.10%; 状态bottom_area; 底部未确认
356,64.51163166289132,53.75969305240944,603076,乐惠国际,bottom_area,2024-02-05,17.91,2024-01-29,24.65,2024-02-05,17.91,0.0,10.55276381909548,27.34279918864097,27.34279918864097,False,-9.999999999999998,2.087218633485798,3,7,3,42.857142857142854,22.24873376871433,23.355263157894747,2018-02-07; 2020-02-04; 2020-08-28,20.0,0.0,历史3/7次成功; 当前距低点0.00%; 最新日涨幅-10.00%; 状态bottom_area; 底部未确认
357,64.48550047176543,58.16064047446672,300402,宝色股份,bottom_area,2024-02-05,13.26,2024-01-29,18.3,2024-02-05,12.71,4.327301337529495,15.814319433516912,30.546448087431692,27.54098360655738,False,-10.344827586206895,1.7208873986261979,5,11,5,45.45454545454545,41.22960056909757,69.78984238178634,2017-01-17; 2018-02-09; 2020-09-11; 2021-02-09; 2022-04-27,15.672698662470506,4.327301337529495,历史5/11次成功; 当前距低点4.33%; 最新日涨幅-10.34%; 状态bottom_area; 底部未确认
358,64.42828491641403,53.69023743034502,000546,金圆股份,bottom_area,2024-02-05,4.93,2024-01-26,7.27,2024-02-05,4.93,0.0,12.170385395537537,32.18707015130674,32.18707015130674,False,-10.036496350364976,4.341348178205296,8,26,8,30.76923076923077,48.06579263626357,166.41221374045801,1994-08-03; 1994-10-07; 1997-05-26; 2005-07-12; 2007-09-12; 2007-10-29; 2018-10-18; 2020-02-04,20.0,0.0,历史8/26次成功; 当前距低点0.00%; 最新日涨幅-10.04%; 状态bottom_area; 底部未确认
359,64.4224574257294,53.68538118810784,000868,安凯客车,bottom_area,2024-02-05,3.4,2024-01-26,4.72,2024-02-05,3.4,0.0,12.05882352941177,27.966101694915253,27.966101694915253,False,-10.052910052910047,2.3463693246268535,5,15,5,33.33333333333333,42.484128251475795,69.53846153846153,2009-08-19; 2010-07-02; 2018-06-22; 2020-02-07; 2022-04-27,20.0,0.0,历史5/15次成功; 当前距低点0.00%; 最新日涨幅-10.05%; 状态bottom_area; 底部未确认
360,64.3613565334829,53.63446377790242,603123,翠微股份,bottom_area,2024-02-05,6.62,2024-01-26,9.19,2024-02-05,6.62,0.0,11.027190332326278,27.965179542981495,27.965179542981495,False,-9.93197278911564,3.181797771420896,3,8,3,37.5,33.1826009564646,40.52173913043479,2012-12-04; 2014-01-10; 2020-02-04,20.0,0.0,历史3/8次成功; 当前距低点0.00%; 最新日涨幅-9.93%; 状态bottom_area; 底部未确认
361,64.2940584070141,53.57838200584509,002326,永太科技,bottom_area,2024-02-05,8.16,2024-01-19,11.85,2024-02-05,8.16,0.0,10.294117647058822,31.139240506329113,31.139240506329113,False,-10.033076074972435,2.7827071480745786,4,10,4,40.0,27.464419386263938,34.59752321981425,2015-07-03; 2016-05-18; 2022-03-09; 2022-04-27,20.0,0.0,历史4/10次成功; 当前距低点0.00%; 最新日涨幅-10.03%; 状态bottom_area; 底部未确认
362,64.24492809279687,53.53744007733072,002125,湘潭电化,bottom_area,2024-02-05,6.7,2024-01-26,9.55,2024-02-05,6.7,0.0,10.746268656716413,29.84293193717278,29.84293193717278,False,-9.946236559139788,2.138849649551435,6,15,6,40.0,27.244301491025386,39.313172731932326,2011-01-25; 2015-06-30; 2016-03-01; 2017-05-16; 2021-11-16; 2022-04-26,20.0,0.0,历史6/15次成功; 当前距低点0.00%; 最新日涨幅-9.95%; 状态bottom_area; 底部未确认
363,64.20676983278427,53.93347922308025,300475,香农芯创,bottom_area,2024-02-05,20.8,2024-01-26,30.64,2024-02-05,20.71,0.43457267020762846,15.789473684210522,32.40861618798955,32.114882506527415,False,-12.347239780868103,3.5384741977113623,3,9,3,33.33333333333333,36.8869439667759,59.663865546218496,2015-09-02; 2020-02-04; 2021-01-13,19.565427329792374,0.43457267020762846,历史3/9次成功; 当前距低点0.43%; 最新日涨幅-12.35%; 状态bottom_area; 底部未确认
364,64.1671645232712,53.472637102726,600105,永鼎股份,bottom_area,2024-02-05,3.56,2024-01-26,5.01,2024-02-05,3.56,0.0,10.674157303370784,28.94211576846307,28.94211576846307,False,-10.1010101010101,2.5420814689518294,6,17,6,35.294117647058826,37.09197683312517,81.00890207715132,2008-09-18; 2012-12-04; 2018-02-07; 2019-08-06; 2020-02-04; 2023-07-24,20.0,0.0,历史6/17次成功; 当前距低点0.00%; 最新日涨幅-10.10%; 状态bottom_area; 底部未确认
365,64.14282896234639,56.265639440654745,300404,博济医药,bottom_area,2024-02-05,5.5,2024-01-26,7.94,2024-02-05,5.35,2.8037383177570163,17.757009345794398,32.619647355163735,30.730478589420656,False,-13.112164296998419,5.498019627438628,2,5,2,40.0,24.18367099538034,27.901907356948215,2019-06-10; 2020-06-12,17.196261682242987,2.8037383177570163,历史2/5次成功; 当前距低点2.80%; 最新日涨幅-13.11%; 状态bottom_area; 底部未确认
366,64.12283463705377,53.43569553087815,600854,春兰股份,bottom_area,2024-02-05,3.64,2024-01-29,5.15,2024-02-05,3.64,0.0,10.439560439560424,29.320388349514566,29.320388349514566,False,-9.9009900990099,3.524092241471364,5,15,5,33.33333333333333,41.141732244864556,66.1818181818182,1995-04-27; 1996-12-17; 1997-07-29; 1999-06-09; 2005-07-21,20.0,0.0,历史5/15次成功; 当前距低点0.00%; 最新日涨幅-9.90%; 状态bottom_area; 底部未确认
367,64.10460108896935,53.420500907474455,002817,黄山胶囊,bottom_area,2024-02-05,5.5,2024-01-26,7.97,2024-02-05,5.5,0.0,10.181818181818175,30.99121706398996,30.99121706398996,False,-9.983633387888712,2.8584057709852355,2,6,2,33.33333333333333,41.06004072118884,49.06166219839144,2018-10-12; 2020-02-04,20.0,0.0,历史2/6次成功; 当前距低点0.00%; 最新日涨幅-9.98%; 状态bottom_area; 底部未确认
368,64.0938177067434,55.413309175761974,688327,云从科技,bottom_area,2024-02-05,10.15,2024-01-29,14.57,2024-02-05,9.95,2.0100502512562923,16.78391959798995,31.708991077556632,30.3363074811256,False,-12.575366063738148,4.51828414453336,2,6,2,33.33333333333333,24.31661513598373,25.853071055800886,2023-05-30; 2023-06-28,17.989949748743708,2.0100502512562923,历史2/6次成功; 当前距低点2.01%; 最新日涨幅-12.58%; 状态bottom_area; 底部未确认
369,64.08241959057332,54.666963871368665,603033,三维股份,bottom_area,2024-02-05,10.3,2024-01-25,14.45,2024-02-05,10.17,1.2782694198623479,11.799410029498517,29.619377162629757,28.719723183390993,False,-8.849557522123897,1.2597935078686249,2,8,2,25.0,29.38934488524091,33.85620915032679,2018-06-22; 2021-09-29,18.721730580137653,1.2782694198623479,历史2/8次成功; 当前距低点1.28%; 最新日涨幅-8.85%; 状态bottom_area; 底部未确认
370,64.07743849835134,53.39786541529279,600851,海欣股份,bottom_area,2024-02-05,4.58,2024-01-26,6.29,2024-02-05,4.58,0.0,11.135371179039296,27.186009538950717,27.186009538950717,False,-10.019646365422396,1.2504231647708477,8,22,8,36.36363636363637,34.37268796100718,46.14003590664273,1994-10-07; 1995-01-10; 1995-10-16; 1996-07-15; 2006-11-14; 2008-03-20; 2008-04-22; 2020-02-03,20.0,0.0,历史8/22次成功; 当前距低点0.00%; 最新日涨幅-10.02%; 状态bottom_area; 底部未确认
371,64.03734141119718,53.36445117599765,002980,华盛昌,bottom_area,2024-02-05,17.59,2024-01-26,24.29,2024-02-05,17.59,0.0,9.835133598635592,27.583367641004525,27.583367641004525,False,-9.979529170931423,2.031850050169744,2,5,2,40.0,26.31425363439598,29.730921923246573,2022-10-10; 2022-11-24,20.0,0.0,历史2/5次成功; 当前距低点0.00%; 最新日涨幅-9.98%; 状态bottom_area; 底部未确认
372,64.00466721076214,53.33722267563512,600815,厦工股份,bottom_area,2024-02-05,2.09,2024-01-26,3.1,2024-02-05,2.09,0.0,9.569377990430631,32.58064516129033,32.58064516129033,False,-9.913793103448276,1.4687154230525166,6,15,6,40.0,26.167863847500605,32.48502994011976,2008-07-03; 2008-09-18; 2009-03-03; 2015-06-30; 2015-09-02; 2022-04-27,20.0,0.0,历史6/15次成功; 当前距低点0.00%; 最新日涨幅-9.91%; 状态bottom_area; 底部未确认
373,63.96654694224135,53.305455785201126,002358,森源电气,bottom_area,2024-02-05,2.93,2024-01-26,4.18,2024-02-05,2.93,0.0,10.921501706484635,29.904306220095684,29.904306220095684,False,-10.122699386503054,2.643092149626334,3,8,3,37.5,31.413740780651178,42.73127753303966,2010-05-12; 2020-02-04; 2022-04-27,20.0,0.0,历史3/8次成功; 当前距低点0.00%; 最新日涨幅-10.12%; 状态bottom_area; 底部未确认
374,63.938605560386506,53.28217130032209,000572,海马汽车,bottom_area,2024-02-05,3.08,2024-01-26,4.59,2024-02-05,3.08,0.0,12.012987012987015,32.89760348583878,32.89760348583878,False,-9.941520467836252,3.7802576871333398,7,19,7,36.84210526315789,32.71399397456698,86.15384615384615,1995-04-27; 1999-01-18; 2000-07-03; 2001-10-22; 2015-06-30; 2018-02-09; 2023-05-26,20.0,0.0,历史7/19次成功; 当前距低点0.00%; 最新日涨幅-9.94%; 状态bottom_area; 底部未确认
375,63.935323432240324,53.279436193533606,603496,恒为科技,bottom_area,2024-02-05,18.76,2024-01-26,26.97,2024-02-05,18.76,0.0,10.767590618336884,30.441230997404517,30.441230997404517,False,-9.980806142034538,5.172899479594364,2,6,2,33.33333333333333,40.30162828064659,42.74134119380988,2022-04-27; 2023-06-08,20.0,0.0,历史2/6次成功; 当前距低点0.00%; 最新日涨幅-9.98%; 状态bottom_area; 底部未确认
376,63.92649964590836,53.839355945731135,000810,创维数字,bottom_area,2024-02-05,8.7,2024-01-25,12.48,2024-02-05,8.65,0.5780346820809125,11.32947976878613,30.689102564102566,30.288461538461547,False,-9.469302809573366,2.256938655192452,8,22,8,36.36363636363637,31.5738148727428,59.47488584474887,1999-05-11; 2007-06-05; 2009-08-17; 2010-06-29; 2015-06-30; 2015-09-08; 2016-01-29; 2022-12-23,19.42196531791909,0.5780346820809125,历史8/22次成功; 当前距低点0.58%; 最新日涨幅-9.47%; 状态bottom_area; 底部未确认
377,63.893356814010524,56.79409494578712,688320,禾川科技,bottom_area,2024-02-05,22.88,2024-01-25,31.59,2024-02-05,22.1,3.529411764705871,13.936651583710399,30.04115226337448,27.572016460905353,False,-11.796453353893611,2.006308021383873,2,5,2,40.0,35.920181555465064,38.29133374308544,2022-10-12; 2023-10-23,16.47058823529413,3.529411764705871,历史2/5次成功; 当前距低点3.53%; 最新日涨幅-11.80%; 状态bottom_area; 底部未确认
378,63.89185332093156,53.2432111007763,600698,湖南天雁,bottom_area,2024-02-05,3.76,2024-01-26,5.16,2024-02-05,3.76,0.0,8.51063829787235,27.13178294573644,27.13178294573644,False,-10.047846889952151,1.7809102764289992,8,22,8,36.36363636363637,33.541213151778706,68.92307692307693,1994-10-14; 1996-12-18; 1997-07-08; 2005-07-12; 2008-04-23; 2008-08-19; 2019-04-01; 2022-04-27,20.0,0.0,历史8/22次成功; 当前距低点0.00%; 最新日涨幅-10.05%; 状态bottom_area; 底部未确认
379,63.8767043338344,54.91558394167778,300232,洲明科技,bottom_area,2024-02-05,4.78,2024-01-26,7.01,2024-02-05,4.7,1.7021276595744694,13.829787234042543,32.95292439372325,31.811697574893007,False,-11.317254174397018,5.304467741845849,3,10,3,30.0,25.088360244664337,31.84713375796179,2015-08-26; 2015-09-07; 2022-04-27,18.29787234042553,1.7021276595744694,历史3/10次成功; 当前距低点1.70%; 最新日涨幅-11.32%; 状态bottom_area; 底部未确认
380,63.848683638860535,53.207236365717115,600696,退市岩石,bottom_area,2024-02-05,11.06,2024-01-26,16.02,2024-02-05,11.06,0.0,10.397830018083186,30.961298377028708,30.961298377028708,False,-10.008136696501213,1.704939154446694,8,24,8,33.33333333333333,39.91345716335364,139.69696969696972,1994-08-09; 1995-04-27; 1995-05-24; 1995-06-21; 2011-10-24; 2016-03-08; 2016-05-31; 2020-06-18,20.0,0.0,历史8/24次成功; 当前距低点0.00%; 最新日涨幅-10.01%; 状态bottom_area; 底部未确认
381,63.846080105333805,55.64617513525357,605007,五洲特纸,bottom_area,2024-02-05,10.03,2024-01-26,13.47,2024-02-05,9.79,2.4514811031664987,11.031664964249236,27.319970304380114,25.538233110616193,False,-7.812500000000011,1.1013489910315972,1,2,1,50.0,28.2018927444795,28.2018927444795,2021-08-02,17.548518896833503,2.4514811031664987,历史1/2次成功; 当前距低点2.45%; 最新日涨幅-7.81%; 状态bottom_area; 底部未确认
382,63.825706833953404,53.188089028294506,603022,新通联,bottom_area,2024-02-05,6.7,2024-01-26,9.84,2024-02-05,6.7,0.0,10.0,31.910569105691057,31.910569105691057,False,-9.946236559139788,2.6286,5,13,5,38.46153846153847,28.699403377927464,45.17732847199203,2015-06-10; 2015-07-29; 2015-09-15; 2018-02-09; 2022-04-27,20.0,0.0,历史5/13次成功; 当前距低点0.00%; 最新日涨幅-9.95%; 状态bottom_area; 底部未确认
383,63.79714285714285,53.16428571428571,002295,精艺股份,bottom_area,2024-02-05,5.02,2024-01-26,7.3,2024-02-05,5.02,0.0,11.553784860557771,31.23287671232877,31.23287671232877,False,-10.035842293906816,3.2457363836859265,2,7,2,28.57142857142857,55.011030570438066,78.44311377245509,2018-10-19; 2020-02-04,20.0,0.0,历史2/7次成功; 当前距低点0.00%; 最新日涨幅-10.04%; 状态bottom_area; 底部未确认
384,63.79714285714285,53.16428571428571,002364,中恒电气,bottom_area,2024-02-05,4.95,2024-01-26,6.85,2024-02-05,4.95,0.0,9.696969696969687,27.737226277372258,27.737226277372258,False,-9.999999999999998,2.2774796102623442,2,7,2,28.57142857142857,54.63650075414782,71.22171945701358,2012-12-04; 2020-02-06,20.0,0.0,历史2/7次成功; 当前距低点0.00%; 最新日涨幅-10.00%; 状态bottom_area; 底部未确认
385,63.777851549372826,53.14820962447736,002387,维信诺,bottom_area,2024-02-05,6.53,2024-01-25,9.27,2024-02-05,6.53,0.0,11.6385911179173,29.55771305285868,29.55771305285868,False,-9.931034482758616,1.5196741658272641,2,5,2,40.0,25.151664647727713,26.9904458598726,2015-06-30; 2020-02-04,20.0,0.0,历史2/5次成功; 当前距低点0.00%; 最新日涨幅-9.93%; 状态bottom_area; 底部未确认
386,63.70945138343795,53.091209486198295,600148,长春一东,bottom_area,2024-02-05,11.45,2024-01-26,16.09,2024-02-05,11.45,0.0,9.08296943231442,28.837787445618403,28.837787445618403,False,-9.98427672955976,2.1955759736597438,9,24,9,37.5,30.261878958055384,40.489130434782616,2007-11-12; 2008-04-22; 2012-12-04; 2015-08-04; 2015-09-08; 2016-01-14; 2018-07-09; 2020-02-04; 2022-04-27,20.0,0.0,历史9/24次成功; 当前距低点0.00%; 最新日涨幅-9.98%; 状态bottom_area; 底部未确认
387,63.66147407853616,55.17327753473133,300446,航天智造,bottom_area,2024-02-05,10.01,2024-01-26,14.35,2024-02-05,9.8,2.142857142857133,17.14285714285714,31.707317073170728,30.24390243902439,False,-12.804878048780488,2.864705644306614,3,12,3,25.0,42.70963344325585,51.92697768762679,2020-02-04; 2020-11-03; 2022-04-27,17.85714285714287,2.142857142857133,历史3/12次成功; 当前距低点2.14%; 最新日涨幅-12.80%; 状态bottom_area; 底部未确认
388,63.65537394628431,55.4502374576226,688529,豪森智能,bottom_area,2024-02-05,14.8,2024-01-26,20.45,2024-02-05,14.45,2.422145328719733,19.515570934256058,29.3398533007335,27.628361858190704,False,-10.519951632406277,0.8139687183638885,2,7,2,28.57142857142857,39.88410264955841,53.70588235294117,2022-04-27; 2022-12-26,17.577854671280267,2.422145328719733,历史2/7次成功; 当前距低点2.42%; 最新日涨幅-10.52%; 状态bottom_area; 底部未确认
389,63.597809804499335,52.99817483708278,600292,电投水电,bottom_area,2024-02-05,4.49,2024-01-26,6.18,2024-02-05,4.49,0.0,10.244988864142538,27.346278317152095,27.346278317152095,False,-10.020040080160319,4.30871998619912,5,14,5,35.714285714285715,33.630740291535645,52.771084337349386,2001-10-22; 2005-07-20; 2012-01-19; 2015-06-30; 2022-04-27,20.0,0.0,历史5/14次成功; 当前距低点0.00%; 最新日涨幅-10.02%; 状态bottom_area; 底部未确认
390,63.574799031146625,52.97899919262219,002722,物产金轮,bottom_area,2024-02-05,10.22,2024-01-26,14.23,2024-02-05,10.22,0.0,10.567514677103718,28.17990161630358,28.17990161630358,False,-10.035211267605625,1.8876402125734253,5,13,5,38.46153846153847,27.575264476463346,44.886363636363626,2015-06-30; 2016-01-14; 2016-02-01; 2020-02-04; 2021-02-03,20.0,0.0,历史5/13次成功; 当前距低点0.00%; 最新日涨幅-10.04%; 状态bottom_area; 底部未确认
391,63.55403050028122,56.27069188965761,002149,西部材料,bottom_area,2024-02-05,10.6,2024-01-25,14.08,2024-02-05,10.26,3.3138401559454174,10.428849902534116,27.130681818181817,24.715909090909093,False,-7.017543859649134,2.1764279311281376,4,10,4,40.0,30.46369594200622,41.19718309859155,2009-09-29; 2012-12-04; 2015-07-29; 2016-08-01,16.686159844054583,3.3138401559454174,历史4/10次成功; 当前距低点3.31%; 最新日涨幅-7.02%; 状态bottom_area; 底部未确认
392,63.51792252584,52.93160210486667,000710,贝瑞基因,bottom_area,2024-02-05,7.0,2024-01-26,10.2,2024-02-05,7.0,0.0,11.285714285714286,31.37254901960784,31.37254901960784,False,-10.025706940874034,2.665372841162807,9,25,9,36.0,32.653774757347676,51.30890052356022,2003-12-31; 2004-10-25; 2007-10-12; 2008-09-18; 2010-07-02; 2012-07-31; 2015-08-25; 2016-02-01; 2021-01-13,20.0,0.0,历史9/25次成功; 当前距低点0.00%; 最新日涨幅-10.03%; 状态bottom_area; 底部未确认
393,63.4779736093157,52.89831134109642,600149,廊坊发展,bottom_area,2024-02-05,3.91,2024-01-26,5.49,2024-02-05,3.91,0.0,8.95140664961636,28.77959927140255,28.77959927140255,False,-9.907834101382484,1.4899252946127948,7,19,7,36.84210526315789,30.65023075292358,41.82692307692308,2006-11-14; 2008-03-19; 2008-05-23; 2015-05-07; 2015-06-30; 2015-09-08; 2018-10-19,20.0,0.0,历史7/19次成功; 当前距低点0.00%; 最新日涨幅-9.91%; 状态bottom_area; 底部未确认
394,63.405666886171396,55.14923862651844,301155,海力风电,bottom_area,2024-02-05,34.56,2024-01-24,48.81,2024-02-05,33.77,2.3393544566182976,12.970091797453346,30.813357918459328,29.194837123540257,False,-9.52879581151832,2.7489426501289453,1,2,1,50.0,24.15573541724812,24.15573541724812,2023-03-20,17.660645543381705,2.3393544566182976,历史1/2次成功; 当前距低点2.34%; 最新日涨幅-9.53%; 状态bottom_area; 底部未确认
395,63.39498957274105,52.82915797728421,000889,中嘉博创,bottom_area,2024-02-05,1.62,2024-01-19,2.38,2024-02-05,1.62,0.0,0.0,31.93277310924369,31.93277310924369,False,-4.70588235294117,0.19431042824697892,5,16,5,31.25,42.39466654453878,90.64906490649062,2001-02-23; 2003-11-13; 2014-12-31; 2022-03-08; 2023-05-29,20.0,0.0,历史5/16次成功; 当前距低点0.00%; 最新日涨幅-4.71%; 状态bottom_area; 底部未确认
396,63.37560311514409,55.21811110709769,300398,飞凯材料,bottom_area,2024-02-05,9.26,2024-01-26,13.35,2024-02-05,9.04,2.433628318584078,16.03982300884957,32.28464419475656,30.63670411985019,False,-11.893434823977167,3.4705494762052065,1,2,1,50.0,25.681632653061232,25.681632653061232,2015-05-07,17.566371681415923,2.433628318584078,历史1/2次成功; 当前距低点2.43%; 最新日涨幅-11.89%; 状态bottom_area; 底部未确认
397,63.34999674635252,52.791663955293764,600067,冠城新材,bottom_area,2024-02-05,1.84,2024-01-26,2.65,2024-02-05,1.84,0.0,9.239130434782593,30.56603773584905,30.56603773584905,False,-9.80392156862745,2.035275995095816,5,14,5,35.714285714285715,32.52046673353023,46.91642651296828,1997-05-23; 1998-08-18; 2007-06-05; 2015-06-30; 2015-07-06,20.0,0.0,历史5/14次成功; 当前距低点0.00%; 最新日涨幅-9.80%; 状态bottom_area; 底部未确认
398,63.32356675342047,53.35927108920138,000762,西藏矿业,bottom_area,2024-02-05,18.25,2024-01-26,26.23,2024-02-05,18.14,0.6063947078280013,10.363836824696797,30.84254670224933,30.42317956538315,False,-9.474206349206348,4.589453361880128,6,19,6,31.57894736842105,39.70717867513729,71.15671641791043,2007-06-05; 2007-11-12; 2008-04-22; 2008-09-18; 2015-12-01; 2022-04-27,19.393605292172,0.6063947078280013,历史6/19次成功; 当前距低点0.61%; 最新日涨幅-9.47%; 状态bottom_area; 底部未确认
399,63.322799631038656,57.73465522415726,601208,东材科技,bottom_area,2024-02-05,8.1,2024-01-25,10.65,2024-02-05,7.72,4.922279792746113,10.880829015544052,27.511737089201883,23.94366197183099,False,-5.594405594405605,2.1077864761813725,2,4,2,50.0,36.38415672913118,45.00000000000001,2011-06-22; 2021-07-09,15.07772020725389,4.922279792746113,历史2/4次成功; 当前距低点4.92%; 最新日涨幅-5.59%; 状态bottom_area; 底部未确认
400,63.31501671274471,54.62980383228923,300382,斯莱克,bottom_area,2024-02-05,5.9,2024-01-26,8.22,2024-02-05,5.79,1.8998272884283303,13.298791018998266,29.56204379562044,28.223844282238442,False,-11.27819548872181,1.8282124889245088,2,8,2,25.0,36.80865618228933,49.70059880239522,2022-04-27; 2022-12-23,18.100172711571673,1.8998272884283303,历史2/8次成功; 当前距低点1.90%; 最新日涨幅-11.28%; 状态bottom_area; 底部未确认
401,63.30718521588427,53.87247520960997,688669,聚石化学,bottom_area,2024-02-05,11.5,2024-01-26,16.83,2024-02-05,11.37,1.1433597185576148,17.854001759014963,32.44206773618538,31.669637551990487,False,-15.316642120765833,2.2423357664233574,1,3,1,33.33333333333333,22.07527975584944,22.07527975584944,2022-04-27,18.856640281442385,1.1433597185576148,历史1/3次成功; 当前距低点1.14%; 最新日涨幅-15.32%; 状态bottom_area; 底部未确认
402,63.29117641092224,55.36602040816327,300384,三联虹普,bottom_area,2024-02-05,10.06,2024-01-26,14.07,2024-02-05,9.8,2.6530612244897935,14.081632653061213,30.348258706467657,28.50035536602701,False,-10.258697591436217,3.307611813543279,1,4,1,25.0,52.20293724966623,52.20293724966623,2020-02-04,17.346938775510207,2.6530612244897935,历史1/4次成功; 当前距低点2.65%; 最新日涨幅-10.26%; 状态bottom_area; 底部未确认
403,63.28157655928686,52.734647132739056,600593,大连圣亚,bottom_area,2024-02-05,17.42,2024-01-26,25.1,2024-02-05,17.42,0.0,14.40872560275544,30.597609561752986,30.597609561752986,False,-9.974160206718341,4.7189440993788825,4,13,4,30.76923076923077,42.92821039107016,85.2905323039415,2007-11-12; 2015-07-03; 2016-01-14; 2018-12-24,20.0,0.0,历史4/13次成功; 当前距低点0.00%; 最新日涨幅-9.97%; 状态bottom_area; 底部未确认
404,63.276248218789604,54.89936270291393,000767,晋控电力,bottom_area,2024-02-05,2.32,2023-12-14,3.12,2024-02-05,2.27,2.2026431718061596,11.453744493392062,27.243589743589748,25.64102564102565,False,-7.200000000000006,1.179227076519212,5,17,5,29.411764705882355,32.411010527749404,52.941176470588246,1998-08-18; 1998-08-31; 2007-06-05; 2021-01-06; 2022-10-11,17.79735682819384,2.2026431718061596,历史5/17次成功; 当前距低点2.20%; 最新日涨幅-7.20%; 状态bottom_area; 底部未确认
405,63.269954345438485,55.268123055039155,300455,航天智装,bottom_area,2024-02-05,7.57,2024-01-26,10.66,2024-02-05,7.38,2.574525745257458,14.769647696476977,30.76923076923077,28.986866791744838,False,-11.25439624853457,2.4859077918236383,3,8,3,37.5,21.427643839925537,23.046038543897215,2015-07-29; 2016-01-14; 2018-06-04,17.425474254742543,2.574525745257458,历史3/8次成功; 当前距低点2.57%; 最新日涨幅-11.25%; 状态bottom_area; 底部未确认
406,63.25035499827368,53.27530948437392,002864,盘龙药业,bottom_area,2024-02-05,24.13,2024-01-26,33.79,2024-02-05,23.99,0.5835764902042542,9.629012088370164,29.00266350991418,28.58833974548683,False,-9.489872468117033,4.874113106132911,3,8,3,37.5,26.1471176453743,31.633072809543407,2017-12-21; 2018-08-02; 2023-01-19,19.416423509795745,0.5835764902042542,历史3/8次成功; 当前距低点0.58%; 最新日涨幅-9.49%; 状态bottom_area; 底部未确认
407,63.217575798825344,53.49946826592726,300545,联得装备,bottom_area,2024-02-05,20.38,2024-01-26,28.07,2024-02-05,20.21,0.8411677387431873,13.458683819891137,28.001425008906306,27.395796223726403,False,-11.621856027753685,5.015686976321081,4,12,4,33.33333333333333,39.53762030606661,67.05330700888449,2017-06-02; 2018-02-07; 2022-04-27; 2022-10-12,19.158832261256816,0.8411677387431873,历史4/12次成功; 当前距低点0.84%; 最新日涨幅-11.62%; 状态bottom_area; 底部未确认
408,63.2165105924226,52.680425493685505,002575,群兴玩具,bottom_area,2024-02-05,4.89,2024-01-26,7.09,2024-02-05,4.89,0.0,10.224948875255624,31.029619181946405,31.029619181946405,False,-9.944751381215466,2.810300043459563,3,9,3,33.33333333333333,37.08114064705468,43.953934740882914,2018-10-19; 2019-05-06; 2020-02-04,20.0,0.0,历史3/9次成功; 当前距低点0.00%; 最新日涨幅-9.94%; 状态bottom_area; 底部未确认
409,63.169090909090905,52.64090909090909,600665,天地源,bottom_area,2024-02-05,2.64,2024-01-26,3.89,2024-02-05,2.64,0.0,9.469696969696969,32.13367609254499,32.13367609254499,False,-9.897610921501709,1.281346105442226,6,22,6,27.27272727272727,85.83994815147669,267.08860759493666,1994-03-10; 1994-07-29; 1995-04-27; 1997-05-26; 2007-06-26; 2008-11-07,20.0,0.0,历史6/22次成功; 当前距低点0.00%; 最新日涨幅-9.90%; 状态bottom_area; 底部未确认
410,63.156691296412,57.20440876340883,603208,江山欧派,bottom_area,2024-02-05,22.7,2024-01-29,30.08,2024-02-05,21.71,4.560110548134492,13.403961308152926,27.82579787234042,24.534574468085104,False,-5.887230514096197,1.3145962081108182,2,4,2,50.0,29.093875339545544,37.47021081576535,2020-02-04; 2021-05-14,15.439889451865508,4.560110548134492,历史2/4次成功; 当前距低点4.56%; 最新日涨幅-5.89%; 状态bottom_area; 底部未确认
411,63.12312358650713,52.60260298875594,000702,正虹科技,bottom_area,2024-02-05,4.02,2024-01-26,5.99,2024-02-05,4.02,0.0,10.945273631840807,32.88814691151921,32.88814691151921,False,-10.06711409395974,3.4405136008049406,5,15,5,33.33333333333333,36.66274008291722,65.67901234567903,1998-08-18; 2005-02-02; 2008-04-23; 2020-02-04; 2022-04-28,20.0,0.0,历史5/15次成功; 当前距低点0.00%; 最新日涨幅-10.07%; 状态bottom_area; 底部未确认
412,63.07275783957685,52.706817865942234,003010,若羽臣,bottom_area,2024-02-05,13.22,2024-01-26,18.27,2024-02-05,13.2,0.15151515151516176,13.636363636363644,27.750410509031205,27.640941434044876,False,-9.884117246080425,2.924133485212784,1,2,1,50.0,24.044475330090346,24.044475330090346,2022-10-25,19.84848484848484,0.15151515151516176,历史1/2次成功; 当前距低点0.15%; 最新日涨幅-9.88%; 状态bottom_area; 底部未确认
413,63.07110293096173,52.55925244246811,000818,航锦科技,bottom_area,2024-02-05,19.85,2024-01-29,27.7,2024-02-05,19.85,0.0,12.695214105793449,28.339350180505406,28.339350180505406,False,-9.977324263038545,2.9884167629463656,5,15,5,33.33333333333333,36.42967262975685,55.25902668759812,2005-07-18; 2008-03-20; 2008-04-22; 2011-03-11; 2020-02-04,20.0,0.0,历史5/15次成功; 当前距低点0.00%; 最新日涨幅-9.98%; 状态bottom_area; 底部未确认
414,63.05460344320074,52.54550286933395,000605,渤海股份,bottom_area,2024-02-05,4.55,2024-01-26,6.5,2024-02-05,4.55,0.0,12.307692307692319,30.000000000000004,30.000000000000004,False,-10.079051383399207,3.110487081388471,7,22,7,31.818181818181817,39.63857847637999,83.16062176165805,1997-08-20; 2000-02-22; 2001-10-22; 2006-04-25; 2017-04-21; 2022-04-13; 2022-04-27,20.0,0.0,历史7/22次成功; 当前距低点0.00%; 最新日涨幅-10.08%; 状态bottom_area; 底部未确认
415,63.0293917450524,52.524493120877004,002490,山东墨龙,bottom_area,2024-02-05,2.99,2024-01-26,4.16,2024-02-05,2.99,0.0,10.70234113712374,28.125,28.125,False,-9.939759036144569,2.0903157271268133,2,5,2,40.0,21.798350112241952,22.648083623693378,2015-06-30; 2020-02-04,20.0,0.0,历史2/5次成功; 当前距低点0.00%; 最新日涨幅-9.94%; 状态bottom_area; 底部未确认
416,63.0,52.5,002990,盛视科技,bottom_area,2024-02-05,18.4,2024-01-26,26.11,2024-02-05,18.4,0.0,12.608695652173916,29.528916124090394,29.528916124090394,False,-9.98043052837575,4.429982512689179,1,2,1,50.0,33.33333333333333,33.33333333333333,2022-04-27,20.0,0.0,历史1/2次成功; 当前距低点0.00%; 最新日涨幅-9.98%; 状态bottom_area; 底部未确认
417,62.99224811619517,52.493540096829314,000599,青岛双星,bottom_area,2024-02-05,3.22,2024-01-26,4.48,2024-02-05,3.22,0.0,9.627329192546572,28.125,28.125,False,-10.05586592178771,2.384403716849763,4,11,4,36.36363636363637,29.510723883246513,40.41450777202073,1996-12-25; 2005-07-19; 2008-04-02; 2020-02-04,20.0,0.0,历史4/11次成功; 当前距低点0.00%; 最新日涨幅-10.06%; 状态bottom_area; 底部未确认
418,62.987452189925165,52.48954349160431,000510,新金路,bottom_area,2024-02-05,3.66,2024-01-26,5.08,2024-02-05,3.66,0.0,9.836065573770476,27.95275590551181,27.95275590551181,False,-10.073710073710075,2.156375855435422,11,30,11,36.666666666666664,28.83267110181525,45.183887915936936,1994-12-13; 1996-12-25; 2005-07-18; 2008-09-18; 2012-07-17; 2015-07-09; 2016-01-14; 2016-12-05; 2018-02-09; 2020-02-04; 2022-04-27,20.0,0.0,历史11/30次成功; 当前距低点0.00%; 最新日涨幅-10.07%; 状态bottom_area; 底部未确认
419,62.965209878282025,54.49565857652174,002965,祥鑫科技,bottom_area,2024-02-05,25.66,2024-01-25,35.43,2024-02-05,25.14,2.068416865552902,10.540970564836908,29.043183742591022,27.575500987863393,False,-8.127461510920153,3.475868792005649,1,4,1,25.0,38.154027042915914,38.154027042915914,2022-04-27,17.9315831344471,2.068416865552902,历史1/4次成功; 当前距低点2.07%; 最新日涨幅-8.13%; 状态bottom_area; 底部未确认
420,62.957524901290014,55.605730800990926,300040,九洲集团,bottom_area,2024-02-05,3.57,2024-01-26,5.14,2024-02-05,3.46,3.1791907514450832,16.763005780346823,32.68482490272373,30.54474708171206,False,-12.713936430317851,2.9895467121203843,2,7,2,28.57142857142857,57.37120427411001,85.78313253012047,2010-02-03; 2018-10-19,16.82080924855492,3.1791907514450832,历史2/7次成功; 当前距低点3.18%; 最新日涨幅-12.71%; 状态bottom_area; 底部未确认
421,62.94570160807131,54.13245866317025,300439,美康生物,bottom_area,2024-02-05,7.69,2024-01-26,10.58,2024-02-05,7.56,1.71957671957673,12.830687830687829,28.54442344045369,27.3156899810964,False,-10.685249709639944,3.2814048448214534,2,7,2,28.57142857142857,24.18713908343804,24.204032169218905,2015-07-03; 2016-01-14,18.28042328042327,1.71957671957673,历史2/7次成功; 当前距低点1.72%; 最新日涨幅-10.69%; 状态bottom_area; 底部未确认
422,62.9367629688747,52.447302474062255,002480,新筑股份,bottom_area,2024-02-05,3.38,2024-01-26,4.66,2024-02-05,3.38,0.0,11.242603550295856,27.467811158798288,27.467811158798288,False,-10.106382978723405,1.8578617764239982,2,7,2,28.57142857142857,46.14525139664805,46.666666666666664,2012-03-30; 2022-04-27,20.0,0.0,历史2/7次成功; 当前距低点0.00%; 最新日涨幅-10.11%; 状态bottom_area; 底部未确认
423,62.918200745644114,53.992023783833474,600113,浙江东日,bottom_area,2024-02-05,5.71,2024-01-26,8.0,2024-02-05,5.62,1.6014234875444813,15.658362989323841,29.75,28.625,False,-8.493589743589746,4.6294008557589414,4,15,4,26.666666666666668,26.11076703638831,30.76923076923077,2008-09-18; 2011-03-30; 2016-01-14; 2016-03-01,18.39857651245552,1.6014234875444813,历史4/15次成功; 当前距低点1.60%; 最新日涨幅-8.49%; 状态bottom_area; 底部未确认
424,62.875808886349866,54.74626341589578,300194,福安药业,bottom_area,2024-02-05,2.99,2024-01-26,4.0,2024-02-05,2.92,2.3972602739726128,11.643835616438352,27.0,25.249999999999993,False,-8.28220858895704,4.085437722865529,3,9,3,33.33333333333333,25.476793049569885,30.667506297229213,2011-06-23; 2012-12-04; 2019-09-30,17.602739726027387,2.3972602739726128,历史3/9次成功; 当前距低点2.40%; 最新日涨幅-8.28%; 状态bottom_area; 底部未确认
425,62.86713548229866,55.52011300893574,600895,张江高科,bottom_area,2024-02-05,14.63,2024-01-26,19.84,2024-02-05,14.18,3.1734837799717988,9.661495063469683,28.528225806451612,26.26008064516129,False,-7.111111111111102,2.910699600559465,6,21,6,28.57142857142857,49.469732865514565,157.03324808184144,1996-05-08; 2007-06-05; 2015-06-30; 2018-02-09; 2018-10-19; 2020-02-04,16.826516220028203,3.1734837799717988,历史6/21次成功; 当前距低点3.17%; 最新日涨幅-7.11%; 状态bottom_area; 底部未确认
426,62.8547642402774,52.378970200231166,600800,渤海化学,bottom_area,2024-02-05,2.39,2024-01-26,3.53,2024-02-05,2.39,0.0,12.97071129707113,32.29461756373937,32.29461756373937,False,-10.15037593984962,1.7401436314723728,6,16,6,37.5,26.43263548511376,33.38235294117648,1993-12-20; 1994-08-10; 1997-03-20; 2006-11-20; 2015-07-29; 2020-02-04,20.0,0.0,历史6/16次成功; 当前距低点0.00%; 最新日涨幅-10.15%; 状态bottom_area; 底部未确认
427,62.83910940936469,52.36592450780391,600858,银座股份,bottom_area,2024-02-05,3.87,2024-01-26,5.32,2024-02-05,3.87,0.0,10.852713178294572,27.25563909774436,27.25563909774436,False,-9.999999999999998,4.004652648089938,6,17,6,35.294117647058826,31.141909118490315,62.22222222222222,1994-08-02; 1995-05-24; 1997-07-09; 2001-02-16; 2003-11-07; 2004-08-19,20.0,0.0,历史6/17次成功; 当前距低点0.00%; 最新日涨幅-10.00%; 状态bottom_area; 底部未确认
428,62.83861127908976,53.8157358838627,688070,纵横股份,bottom_area,2024-02-05,21.09,2024-01-29,30.93,2024-02-05,20.78,1.4918190567853644,18.76804619826756,32.81603621079857,31.81377303588749,False,-12.124999999999996,0.7568380802890662,1,3,1,33.33333333333333,26.04166666666665,26.04166666666665,2021-10-28,18.508180943214636,1.4918190567853644,历史1/3次成功; 当前距低点1.49%; 最新日涨幅-12.12%; 状态bottom_area; 底部未确认
429,62.82845721274005,52.357047677283376,600608,退市沪科,bottom_area,2024-02-05,3.42,2024-01-04,4.76,2024-02-05,3.42,0.0,4.970760233918127,28.15126050420168,28.15126050420168,False,-5.000000000000004,0.4349950946639072,8,24,8,33.33333333333333,35.342550236290556,62.87425149700601,1993-03-05; 1993-11-19; 1994-08-10; 1996-06-03; 1999-12-29; 2006-04-25; 2009-08-20; 2021-06-21,20.0,0.0,历史8/24次成功; 当前距低点0.00%; 最新日涨幅-5.00%; 状态bottom_area; 底部未确认
430,62.79676003607614,52.330633363396785,600501,航天晨光,bottom_area,2024-02-05,9.42,2024-01-26,13.21,2024-02-05,9.42,0.0,10.828025477707003,28.69038607115822,28.69038607115822,False,-10.028653295128942,2.1904557033682424,6,17,6,35.294117647058826,30.95217178296812,38.62745098039217,2008-09-18; 2014-01-10; 2015-09-08; 2018-02-09; 2022-04-27; 2024-01-23,20.0,0.0,历史6/17次成功; 当前距低点0.00%; 最新日涨幅-10.03%; 状态bottom_area; 底部未确认
431,62.72858059485352,53.82371470627593,300625,三雄极光,bottom_area,2024-02-05,9.55,2024-01-26,13.78,2024-02-05,9.4,1.5957446808510676,16.59574468085107,31.785195936139328,30.69666182873729,False,-13.33938294010888,3.993473014929779,1,3,1,33.33333333333333,27.358490566037748,27.358490566037748,2020-02-04,18.40425531914893,1.5957446808510676,历史1/3次成功; 当前距低点1.60%; 最新日涨幅-13.34%; 状态bottom_area; 底部未确认
432,62.704904617642356,52.25408718136863,002467,二六三,bottom_area,2024-02-05,2.86,2024-01-26,4.19,2024-02-05,2.86,0.0,13.2867132867133,31.742243436754187,31.742243436754187,False,-10.062893081761015,3.164195429682463,5,14,5,35.714285714285715,29.63026902425535,43.69942196531791,2011-09-30; 2015-07-29; 2016-03-01; 2018-02-07; 2019-05-06,20.0,0.0,历史5/14次成功; 当前距低点0.00%; 最新日涨幅-10.06%; 状态bottom_area; 底部未确认
433,62.68607508774234,52.67939541141815,000536,华映科技,bottom_area,2024-02-05,2.19,2024-01-25,3.1,2024-02-05,2.18,0.45871559633026543,11.009174311926593,29.677419354838708,29.354838709677423,False,-9.50413223140496,2.6142323317318565,8,23,8,34.78260869565217,27.300406810232946,41.90283400809715,1995-04-27; 1996-08-27; 1997-05-26; 2004-10-26; 2009-04-13; 2009-09-29; 2015-09-02; 2020-02-04,19.54128440366974,0.45871559633026543,历史8/23次成功; 当前距低点0.46%; 最新日涨幅-9.50%; 状态bottom_area; 底部未确认
434,62.58658150610398,52.15548458841999,600099,林海股份,bottom_area,2024-02-05,6.87,2024-01-26,9.81,2024-02-05,6.87,0.0,10.043668122270736,29.96941896024465,29.96941896024465,False,-9.960681520314541,2.612175976633808,4,11,4,36.36363636363637,27.693221149863,31.562499999999993,2008-04-22; 2009-08-20; 2018-02-09; 2022-04-27,20.0,0.0,历史4/11次成功; 当前距低点0.00%; 最新日涨幅-9.96%; 状态bottom_area; 底部未确认
435,62.55963268937042,53.95710918278216,603200,上海洗霸,bottom_area,2024-02-05,14.1,2024-01-26,20.16,2024-02-05,13.84,1.8786127167630042,10.549132947976885,31.349206349206348,30.059523809523814,False,-8.32249674902471,3.4045456321224106,1,4,1,25.0,32.93196869355809,32.93196869355809,2022-04-27,18.121387283237,1.8786127167630042,历史1/4次成功; 当前距低点1.88%; 最新日涨幅-8.32%; 状态bottom_area; 底部未确认
436,62.557591345226236,52.24900405808963,000503,国新健康,bottom_area,2024-02-05,8.14,2024-01-26,11.63,2024-02-05,8.13,0.12300123001229749,11.070110701106993,30.094582975064487,30.00859845227859,False,-9.856035437430776,3.1782345506467338,8,25,8,32.0,26.900251949019747,34.695019585898144,1994-02-01; 2001-08-07; 2008-09-18; 2015-07-03; 2016-03-01; 2018-08-20; 2020-02-04; 2022-04-27,19.876998769987704,0.12300123001229749,历史8/25次成功; 当前距低点0.12%; 最新日涨幅-9.86%; 状态bottom_area; 底部未确认
437,62.54249037183159,52.11874197652633,600468,百利电气,bottom_area,2024-02-05,3.91,2024-01-26,5.52,2024-02-05,3.91,0.0,9.974424552429658,29.166666666666657,29.166666666666657,False,-9.907834101382484,2.534789455040332,5,14,5,35.714285714285715,28.902606632630025,36.741214057507996,2001-10-22; 2005-12-08; 2008-01-23; 2008-04-03; 2020-02-04,20.0,0.0,历史5/14次成功; 当前距低点0.00%; 最新日涨幅-9.91%; 状态bottom_area; 底部未确认
438,62.506739189073315,52.08894932422776,002114,罗平锌电,bottom_area,2024-02-05,4.91,2024-01-26,6.98,2024-02-05,4.91,0.0,10.590631364562109,29.656160458452725,29.656160458452725,False,-10.073260073260071,3.3052888252162496,3,8,3,37.5,24.873383463590116,30.150250417362262,2008-03-20; 2018-10-19; 2021-02-08,20.0,0.0,历史3/8次成功; 当前距低点0.00%; 最新日涨幅-10.07%; 状态bottom_area; 底部未确认
439,62.503958122255995,52.08663176854667,603222,济民健康,bottom_area,2024-02-05,5.22,2024-01-26,7.22,2024-02-05,5.22,0.0,9.578544061302683,27.70083102493075,27.70083102493075,False,-9.999999999999998,2.247650275224089,3,10,3,30.0,41.11092348681001,68.46504559270518,2021-03-16; 2021-03-25; 2022-04-27,20.0,0.0,历史3/10次成功; 当前距低点0.00%; 最新日涨幅-10.00%; 状态bottom_area; 底部未确认
440,62.49825079030559,52.081875658588,603331,百达精工,bottom_area,2024-02-05,8.19,2024-01-26,11.78,2024-02-05,8.19,0.0,10.500610500610517,30.475382003395584,30.475382003395584,False,-9.999999999999998,1.9292139578149448,1,2,1,50.0,31.085353003161213,31.085353003161213,2017-08-08,20.0,0.0,历史1/2次成功; 当前距低点0.00%; 最新日涨幅-10.00%; 状态bottom_area; 底部未确认
441,62.48351060521476,55.26382299084436,688166,博瑞医药,bottom_area,2024-02-05,20.3,2024-01-25,28.23,2024-02-05,19.66,3.2553407934893213,13.4791454730417,30.357775416223877,28.090683669854766,False,-9.29401251117068,3.6451313117406117,1,2,1,50.0,36.00000000000001,36.00000000000001,2020-02-21,16.744659206510683,3.2553407934893213,历史1/2次成功; 当前距低点3.26%; 最新日涨幅-9.29%; 状态bottom_area; 底部未确认
442,62.47691101832032,52.064092515266935,600539,狮头股份,bottom_area,2024-02-05,4.61,2024-01-26,6.83,2024-02-05,4.61,0.0,9.327548806941424,32.50366032210834,32.50366032210834,False,-9.9609375,1.5034782608695654,4,12,4,33.33333333333333,33.767522483514014,61.57112526539279,2007-06-26; 2008-04-22; 2016-01-14; 2021-02-05,20.0,0.0,历史4/12次成功; 当前距低点0.00%; 最新日涨幅-9.96%; 状态bottom_area; 底部未确认
443,62.44466309354899,56.81778136424016,002340,格林美,bottom_area,2024-02-05,4.14,2024-01-02,5.5,2024-02-05,3.95,4.8101265822784685,10.886075949367081,28.18181818181818,24.727272727272734,False,-3.7209302325581395,1.7390783137892902,3,6,3,50.0,30.07994608513472,42.337375964718845,2011-01-25; 2012-12-04; 2015-05-15,15.189873417721532,4.8101265822784685,历史3/6次成功; 当前距低点4.81%; 最新日涨幅-3.72%; 状态bottom_area; 底部未确认
444,62.379999999999995,51.983333333333334,002969,嘉美包装,bottom_area,2024-02-05,3.12,2024-01-29,4.28,2024-02-05,3.12,0.0,9.294871794871796,27.10280373831776,27.10280373831776,False,-10.086455331412104,3.3101862709609455,1,3,1,33.33333333333333,52.20588235294118,52.20588235294118,2020-04-28,20.0,0.0,历史1/3次成功; 当前距低点0.00%; 最新日涨幅-10.09%; 状态bottom_area; 底部未确认
445,62.379999999999995,51.983333333333334,603273,天元智能,bottom_area,2024-02-05,15.23,2024-01-29,21.7,2024-02-05,15.23,0.0,11.030860144451736,29.81566820276497,29.81566820276497,False,-9.988179669030739,8.904464164393298,1,3,1,33.33333333333333,201.34228187919464,201.34228187919464,2023-10-24,20.0,0.0,历史1/3次成功; 当前距低点0.00%; 最新日涨幅-9.99%; 状态bottom_area; 底部未确认
446,62.35697785699038,51.964148214158655,000859,国风新材,bottom_area,2024-02-05,3.38,2024-01-26,4.87,2024-02-05,3.38,0.0,10.94674556213018,30.595482546201236,30.595482546201236,False,-9.866666666666667,1.8839853318536013,3,10,3,30.0,40.45240975354113,57.57097791798108,2008-04-22; 2015-05-12; 2019-02-28,20.0,0.0,历史3/10次成功; 当前距低点0.00%; 最新日涨幅-9.87%; 状态bottom_area; 底部未确认
447,62.351803119365,56.44736676499388,002472,双环传动,bottom_area,2024-02-05,18.91,2024-01-12,25.53,2024-02-05,18.09,4.532891100055281,8.347153123272536,29.142185663924796,25.930278104191153,False,-2.726337448559679,2.4466215601252164,4,9,4,44.44444444444444,26.512082591445196,35.47169811320754,2011-08-09; 2017-01-16; 2018-02-09; 2023-10-26,15.467108899944721,4.532891100055281,历史4/9次成功; 当前距低点4.53%; 最新日涨幅-2.73%; 状态bottom_area; 底部未确认
448,62.34733175629318,51.95610979691099,002363,隆基机械,bottom_area,2024-02-05,5.19,2024-01-26,7.16,2024-02-05,5.19,0.0,10.789980732177256,27.51396648044692,27.51396648044692,False,-10.05199306759097,2.909070683173908,3,10,3,30.0,40.409192456510645,54.96828752642705,2015-09-02; 2018-10-19; 2022-04-27,20.0,0.0,历史3/10次成功; 当前距低点0.00%; 最新日涨幅-10.05%; 状态bottom_area; 底部未确认
449,62.34249225307638,53.39693023504382,688025,杰普特,bottom_area,2024-02-05,44.04,2024-01-25,63.88,2024-02-05,43.39,1.4980410232772496,12.860106015210873,32.07576706324358,31.058234189104578,False,-9.680065627563572,4.688509131610114,1,3,1,33.33333333333333,23.866292660121555,23.866292660121555,2022-03-16,18.50195897672275,1.4980410232772496,历史1/3次成功; 当前距低点1.50%; 最新日涨幅-9.68%; 状态bottom_area; 底部未确认
450,62.3237515492672,52.54813099041533,603811,诚意药业,bottom_area,2024-02-05,6.3,2024-01-26,8.69,2024-02-05,6.26,0.6389776357827481,10.702875399361021,27.963176064441885,27.502876869965476,False,-9.35251798561152,2.9642446165946015,1,4,1,25.0,59.49367088607595,59.49367088607595,2020-06-04,19.361022364217252,0.6389776357827481,历史1/4次成功; 当前距低点0.64%; 最新日涨幅-9.35%; 状态bottom_area; 底部未确认
451,62.30047471507132,51.91706226255943,600281,华阳新材,bottom_area,2024-02-05,3.03,2024-01-26,4.42,2024-02-05,3.03,0.0,9.90099009900991,31.447963800904983,31.447963800904983,False,-10.089020771513358,2.0582735216431156,4,11,4,36.36363636363637,26.41138068824717,35.74999999999999,2007-10-29; 2012-08-03; 2022-01-28; 2022-04-27,20.0,0.0,历史4/11次成功; 当前距低点0.00%; 最新日涨幅-10.09%; 状态bottom_area; 底部未确认
452,62.29115118484047,54.736036313411795,688236,春立医疗,bottom_area,2024-02-05,15.62,2024-01-26,21.66,2024-02-05,15.18,2.898550724637678,17.127799736495398,29.91689750692521,27.885503231763625,False,-11.651583710407243,0.6061131210033049,1,2,1,50.0,28.788881535407025,28.788881535407025,2022-04-27,17.101449275362324,2.898550724637678,历史1/2次成功; 当前距低点2.90%; 最新日涨幅-11.65%; 状态bottom_area; 底部未确认
453,62.274694884718805,51.895579070599005,603879,永悦科技,bottom_area,2024-02-05,4.05,2024-01-26,6.03,2024-02-05,4.05,0.0,7.901234567901241,32.835820895522396,32.835820895522396,False,-10.000000000000009,1.0736494043679143,3,9,3,33.33333333333333,32.861536221858394,47.3002159827214,2019-05-06; 2022-04-27; 2023-04-27,20.0,0.0,历史3/9次成功; 当前距低点0.00%; 最新日涨幅-10.00%; 状态bottom_area; 底部未确认
454,62.245124469978364,51.870937058315306,600599,退市熊猫,bottom_area,2024-02-05,9.49,2024-01-26,13.25,2024-02-05,9.49,0.0,2.1074815595363465,28.377358490566035,28.377358490566035,False,-5.005005005005003,0.9703614457831325,8,23,8,34.78260869565217,29.588955666491835,37.91044776119403,2004-08-30; 2008-06-12; 2010-03-15; 2011-12-28; 2016-01-27; 2020-02-05; 2020-04-28; 2020-05-26,20.0,0.0,历史8/23次成功; 当前距低点0.00%; 最新日涨幅-5.01%; 状态bottom_area; 底部未确认
455,62.19866287969978,52.27385687410864,002132,恒星科技,bottom_area,2024-02-05,2.17,2024-01-26,2.98,2024-02-05,2.16,0.46296296296295303,10.648148148148147,27.516778523489926,27.181208053691275,False,-9.583333333333332,2.150142387434305,4,12,4,33.33333333333333,28.312253206079735,41.27659574468086,2008-04-03; 2008-04-23; 2008-09-18; 2014-12-22,19.53703703703705,0.46296296296295303,历史4/12次成功; 当前距低点0.46%; 最新日涨幅-9.58%; 状态bottom_area; 底部未确认
456,62.19648582390753,51.830404853256276,603023,威帝股份,bottom_area,2024-02-05,2.93,2024-01-26,4.03,2024-02-05,2.93,0.0,12.627986348122855,27.29528535980149,27.29528535980149,False,-10.122699386503054,3.0598043576322604,4,12,4,33.33333333333333,32.51113720388674,56.01092896174863,2015-07-29; 2018-02-09; 2019-10-09; 2020-02-04,20.0,0.0,历史4/12次成功; 当前距低点0.00%; 最新日涨幅-10.12%; 状态bottom_area; 底部未确认
457,62.171374407582945,51.80947867298579,002968,新大正,bottom_area,2024-02-05,8.42,2024-01-26,12.46,2024-02-05,8.42,0.0,10.332541567695953,32.42375601926164,32.42375601926164,False,-9.946524064171125,1.5097306676053386,1,2,1,50.0,29.620853080568722,29.620853080568722,2023-08-25,20.0,0.0,历史1/2次成功; 当前距低点0.00%; 最新日涨幅-9.95%; 状态bottom_area; 底部未确认
458,62.1423789101929,54.694603160656676,300095,华伍股份,bottom_area,2024-02-05,5.17,2024-01-26,7.38,2024-02-05,5.02,2.988047808764948,16.53386454183267,31.97831978319784,29.945799457994582,False,-11.16838487972509,2.472942100303762,5,15,5,33.33333333333333,32.44096145864204,44.981412639405185,2015-06-30; 2018-02-09; 2018-12-27; 2020-02-04; 2022-04-27,17.011952191235054,2.988047808764948,历史5/15次成功; 当前距低点2.99%; 最新日涨幅-11.17%; 状态bottom_area; 底部未确认
459,62.134778265262554,54.463094992171705,002611,东方精工,bottom_area,2024-02-05,3.72,2024-01-26,5.1,2024-02-05,3.62,2.7624309392265216,9.944751381215466,29.019607843137248,27.058823529411757,False,-6.766917293233088,4.600544229845059,2,7,2,28.57142857142857,38.74812806087343,48.38709677419353,2015-09-08; 2019-02-01,17.23756906077348,2.7624309392265216,历史2/7次成功; 当前距低点2.76%; 最新日涨幅-6.77%; 状态bottom_area; 底部未确认
460,62.13238857358043,51.776990477983695,002836,新宏泽,bottom_area,2024-02-05,5.49,2024-01-26,8.19,2024-02-05,5.49,0.0,10.01821493624772,32.967032967032964,32.967032967032964,False,-9.999999999999986,0.8988715277777778,2,7,2,28.57142857142857,42.54142346074187,59.30851063829788,2020-02-04; 2022-04-27,20.0,0.0,历史2/7次成功; 当前距低点0.00%; 最新日涨幅-10.00%; 状态bottom_area; 底部未确认
461,62.11175842217076,52.44166429656333,002405,四维图新,bottom_area,2024-02-05,5.64,2024-01-26,7.74,2024-02-05,5.6,0.714285714285715,11.607142857142865,27.648578811369518,27.13178294573644,False,-9.324758842443737,2.3785462083146776,3,10,3,30.0,39.51739637169223,66.37931034482759,2015-07-29; 2020-02-04; 2022-04-27,19.28571428571429,0.714285714285715,历史3/10次成功; 当前距低点0.71%; 最新日涨幅-9.32%; 状态bottom_area; 底部未确认
462,62.08942740543428,51.74118950452857,000626,远大控股,bottom_area,2024-02-05,4.98,2024-01-26,7.19,2024-02-05,4.98,0.0,11.445783132530106,30.73713490959666,30.73713490959666,False,-9.94575045207956,1.8116918678800968,6,17,6,35.294117647058826,27.78311877830035,39.06810035842294,1999-11-11; 2006-04-25; 2006-12-28; 2013-06-25; 2016-03-01; 2016-05-03,20.0,0.0,历史6/17次成功; 当前距低点0.00%; 最新日涨幅-9.95%; 状态bottom_area; 底部未确认
463,62.08697521471048,53.15138076693575,300793,佳禾智能,bottom_area,2024-02-05,11.04,2024-01-26,15.63,2024-02-05,10.88,1.4705882352941024,18.01470588235293,30.390275111964172,29.366602687140126,False,-13.13926042486232,4.4204693288451375,1,4,1,25.0,23.598505072076872,23.598505072076872,2020-02-04,18.5294117647059,1.4705882352941024,历史1/4次成功; 当前距低点1.47%; 最新日涨幅-13.14%; 状态bottom_area; 底部未确认
464,62.086543725870854,51.738786438225716,600962,国投中鲁,bottom_area,2024-02-05,9.23,2024-01-29,12.75,2024-02-05,9.23,0.0,8.450704225352105,27.6078431372549,27.6078431372549,False,-10.038986354775826,2.651043057091644,4,11,4,36.36363636363637,25.452908514409955,35.07340946166394,2008-03-18; 2010-07-05; 2012-12-04; 2018-10-19,20.0,0.0,历史4/11次成功; 当前距低点0.00%; 最新日涨幅-10.04%; 状态bottom_area; 底部未确认
465,62.07,51.725,002426,胜利精密,bottom_area,2024-02-05,1.45,2024-01-26,2.12,2024-02-05,1.45,0.0,11.0344827586207,31.603773584905664,31.603773584905664,False,-9.937888198757772,2.071718685710927,1,4,1,25.0,51.31578947368419,51.31578947368419,2022-04-27,20.0,0.0,历史1/4次成功; 当前距低点0.00%; 最新日涨幅-9.94%; 状态bottom_area; 底部未确认
466,62.07,51.725,002887,绿茵生态,bottom_area,2024-02-05,5.81,2024-01-26,8.18,2024-02-05,5.81,0.0,10.671256454388987,28.97310513447433,28.97310513447433,False,-10.061919504643967,2.8995820357458473,1,4,1,25.0,84.02282453637662,84.02282453637662,2022-04-27,20.0,0.0,历史1/4次成功; 当前距低点0.00%; 最新日涨幅-10.06%; 状态bottom_area; 底部未确认
467,62.07,51.725,002933,新兴装备,bottom_area,2024-02-05,21.48,2024-01-26,31.2,2024-02-05,21.48,0.0,9.86964618249535,31.15384615384615,31.15384615384615,False,-10.012568077084206,3.901281143463726,2,8,2,25.0,54.46763489647112,78.38150289017341,2020-02-04; 2022-04-27,20.0,0.0,历史2/8次成功; 当前距低点0.00%; 最新日涨幅-10.01%; 状态bottom_area; 底部未确认
468,62.07,51.725,002973,侨银股份,bottom_area,2024-02-05,7.79,2024-01-26,11.26,2024-02-05,7.79,0.0,10.397946084724,30.817051509769094,30.817051509769094,False,-9.942196531791915,1.6620331767917773,1,4,1,25.0,62.31422505307855,62.31422505307855,2022-04-27,20.0,0.0,历史1/4次成功; 当前距低点0.00%; 最新日涨幅-9.94%; 状态bottom_area; 底部未确认
469,62.04442795055674,54.75596503686582,300066,三川智慧,bottom_area,2024-02-05,2.96,2024-01-26,4.26,2024-02-05,2.87,3.1358885017421554,19.163763066202083,32.62910798122065,30.516431924882625,False,-13.196480938416421,3.3871980579337087,4,13,4,30.76923076923077,40.13866032708566,65.81632653061224,2016-01-18; 2017-01-16; 2019-05-08; 2022-04-27,16.864111498257845,3.1358885017421554,历史4/13次成功; 当前距低点3.14%; 最新日涨幅-13.20%; 状态bottom_area; 底部未确认
470,62.032373212038756,51.693644343365634,002066,瑞泰科技,bottom_area,2024-02-05,7.88,2024-01-26,11.38,2024-02-05,7.88,0.0,9.010152284263958,30.75571177504394,30.75571177504394,False,-9.942857142857143,3.217922077922078,6,18,6,33.33333333333333,31.775865645334893,52.02593192868721,2007-06-05; 2008-09-18; 2012-12-04; 2015-08-04; 2016-03-01; 2020-02-04,20.0,0.0,历史6/18次成功; 当前距低点0.00%; 最新日涨幅-9.94%; 状态bottom_area; 底部未确认
471,62.02915395284327,51.69096162736939,002796,世嘉科技,bottom_area,2024-02-05,7.24,2024-01-26,10.28,2024-02-05,7.24,0.0,11.049723756906062,29.57198443579766,29.57198443579766,False,-9.950248756218894,2.3224898916342016,2,6,2,33.33333333333333,31.7614424410541,36.33841886269071,2021-10-28; 2022-04-27,20.0,0.0,历史2/6次成功; 当前距低点0.00%; 最新日涨幅-9.95%; 状态bottom_area; 底部未确认
472,62.02390722881064,53.45502631824659,300533,冰川网络,bottom_area,2024-02-05,19.95,2024-01-26,28.5,2024-02-05,19.59,1.8376722817764135,15.109749872383874,31.263157894736842,30.000000000000004,False,-9.932279909706542,4.871340804482858,1,5,1,20.0,40.564081294068856,40.564081294068856,2022-10-11,18.162327718223587,1.8376722817764135,历史1/5次成功; 当前距低点1.84%; 最新日涨幅-9.93%; 状态bottom_area; 底部未确认
473,62.00563057324842,51.67135881104035,603680,今创集团,bottom_area,2024-02-05,6.5,2024-01-29,8.99,2024-02-05,6.5,0.0,11.076923076923073,27.697441601779754,27.697441601779754,False,-9.972299168975063,0.45628609032596096,2,6,2,33.33333333333333,31.65605095541401,39.99999999999999,2021-01-13; 2021-10-29,20.0,0.0,历史2/6次成功; 当前距低点0.00%; 最新日涨幅-9.97%; 状态bottom_area; 底部未确认
474,61.99165922144225,51.65971601786854,002692,远程股份,bottom_area,2024-02-05,3.13,2024-01-26,4.39,2024-02-05,3.13,0.0,11.182108626198087,28.701594533029613,28.701594533029613,False,-10.057471264367823,1.4597328658900037,1,4,1,25.0,49.64901084875558,49.64901084875558,2015-07-09,20.0,0.0,历史1/4次成功; 当前距低点0.00%; 最新日涨幅-10.06%; 状态bottom_area; 底部未确认
475,61.97807930058912,51.648399417157606,000514,渝开发,bottom_area,2024-02-05,3.16,2024-01-29,4.49,2024-02-05,3.16,0.0,10.759493670886071,29.621380846325167,29.621380846325167,False,-9.971509971509962,2.6163143359035166,8,22,8,36.36363636363637,24.966956788237383,31.428571428571416,1994-08-17; 1995-10-10; 1996-08-27; 1999-07-20; 2008-03-18; 2016-01-18; 2020-02-04; 2022-04-26,20.0,0.0,历史8/22次成功; 当前距低点0.00%; 最新日涨幅-9.97%; 状态bottom_area; 底部未确认
476,61.97758803339451,51.64799002782876,002194,武汉凡谷,bottom_area,2024-02-05,6.41,2024-01-26,8.98,2024-02-05,6.41,0.0,10.296411856474261,28.619153674832965,28.619153674832965,False,-9.97191011235955,3.4167392285047975,4,14,4,28.57142857142857,41.847872653457244,79.4335805799056,2009-08-19; 2011-06-21; 2012-12-04; 2020-02-04,20.0,0.0,历史4/14次成功; 当前距低点0.00%; 最新日涨幅-9.97%; 状态bottom_area; 底部未确认
477,61.961228070175444,51.634356725146205,002790,瑞尔特,bottom_area,2024-02-05,7.88,2024-01-25,11.24,2024-02-05,7.88,0.0,11.040609137055839,29.893238434163706,29.893238434163706,False,-9.942857142857143,2.334851695931108,1,4,1,25.0,49.512670565302145,49.512670565302145,2022-04-27,20.0,0.0,历史1/4次成功; 当前距低点0.00%; 最新日涨幅-9.94%; 状态bottom_area; 底部未确认
478,61.92914618824274,51.7349337410191,600081,东风科技,bottom_area,2024-02-05,7.45,2024-01-25,10.74,2024-02-05,7.44,0.13440860215053477,9.946236559139775,30.72625698324022,30.63314711359404,False,-9.91535671100362,1.6137933109663443,4,17,4,23.52941176470588,42.629206520138915,53.37837837837836,2002-11-25; 2010-07-02; 2019-08-06; 2020-02-04,19.865591397849467,0.13440860215053477,历史4/17次成功; 当前距低点0.13%; 最新日涨幅-9.92%; 状态bottom_area; 底部未确认
479,61.92177546350573,51.60147955292145,000524,岭南控股,bottom_area,2024-02-05,6.48,2024-01-26,9.0,2024-02-05,6.48,0.0,11.111111111111107,27.999999999999996,27.999999999999996,False,-9.999999999999998,1.907645441166027,6,17,6,35.294117647058826,27.031990006219047,37.23608445297506,2009-08-19; 2010-05-18; 2012-12-04; 2016-01-28; 2018-02-09; 2022-03-30,20.0,0.0,历史6/17次成功; 当前距低点0.00%; 最新日涨幅-10.00%; 状态bottom_area; 底部未确认
480,61.901051258744225,51.58420938228686,600218,全柴动力,bottom_area,2024-02-05,6.05,2024-01-26,8.63,2024-02-05,6.05,0.0,10.247933884297522,29.895712630359224,29.895712630359224,False,-9.970238095238093,3.097544451316553,6,18,6,33.33333333333333,31.18750563953509,39.14728682170542,2005-07-19; 2009-08-19; 2010-07-02; 2011-01-25; 2018-10-17; 2020-02-04,20.0,0.0,历史6/18次成功; 当前距低点0.00%; 最新日涨幅-9.97%; 状态bottom_area; 底部未确认
481,61.89809414466131,51.58174512055109,001319,铭科精技,bottom_area,2024-02-05,15.75,2024-01-26,21.99,2024-02-05,15.75,0.0,10.920634920634914,28.37653478854024,28.37653478854024,False,-9.999999999999998,2.661011036695377,1,2,1,50.0,28.396479142747793,28.396479142747793,2022-07-12,20.0,0.0,历史1/2次成功; 当前距低点0.00%; 最新日涨幅-10.00%; 状态bottom_area; 底部未确认
482,61.868974078896905,51.55747839908076,600883,博闻科技,bottom_area,2024-02-05,5.8,2024-01-26,8.17,2024-02-05,5.8,0.0,8.620689655172415,29.008567931456554,29.008567931456554,False,-9.937888198757772,2.105951948202579,5,14,5,35.714285714285715,25.885060517331276,35.789473684210535,1997-07-08; 2003-11-07; 2006-07-07; 2012-12-04; 2017-01-17,20.0,0.0,历史5/14次成功; 当前距低点0.00%; 最新日涨幅-9.94%; 状态bottom_area; 底部未确认
483,61.86107981638048,54.306148203874386,688380,中微半导,bottom_area,2024-02-05,13.37,2024-01-25,18.94,2024-02-05,13.0,2.8461538461538405,17.230769230769234,31.362196409714894,29.408658922914476,False,-12.097304404996724,0.9287025589149902,1,2,1,50.0,25.835370823145887,25.835370823145887,2022-10-11,17.15384615384616,2.8461538461538405,历史1/2次成功; 当前距低点2.85%; 最新日涨幅-12.10%; 状态bottom_area; 底部未确认
484,61.84875915946885,54.4866032134125,300598,诚迈科技,bottom_area,2024-02-05,29.5,2024-01-25,41.99,2024-02-05,28.63,3.0387705204331157,17.84841075794622,31.817099309359374,29.745177423196,False,-13.48973607038123,2.9202797857622955,2,8,2,25.0,50.28969600577551,55.29453169680172,2020-02-04; 2020-03-10,16.961229479566885,3.0387705204331157,历史2/8次成功; 当前距低点3.04%; 最新日涨幅-13.49%; 状态bottom_area; 底部未确认
485,61.82947993627268,51.52456661356057,002148,北纬科技,bottom_area,2024-02-05,3.91,2024-01-24,5.56,2024-02-05,3.91,0.0,10.74168797953964,29.67625899280575,29.67625899280575,False,-9.907834101382484,3.8434727104843276,4,12,4,33.33333333333333,30.866845592619512,40.94292803970222,2013-10-17; 2018-02-07; 2019-01-31; 2020-02-04,20.0,0.0,历史4/12次成功; 当前距低点0.00%; 最新日涨幅-9.91%; 状态bottom_area; 底部未确认
486,61.786543425864195,51.48878618822017,002016,世荣兆业,bottom_area,2024-02-05,4.65,2024-01-29,6.51,2024-02-05,4.65,0.0,10.537634408602136,28.571428571428566,28.571428571428566,False,-10.058027079303667,1.451311765528333,6,17,6,35.294117647058826,26.42611170137345,40.86814086814085,2008-04-22; 2008-12-29; 2009-03-02; 2013-06-25; 2017-04-24; 2018-09-18,20.0,0.0,历史6/17次成功; 当前距低点0.00%; 最新日涨幅-10.06%; 状态bottom_area; 底部未确认
487,61.762641114128286,51.46886759510691,600212,绿能慧充,bottom_area,2024-02-05,4.7,2024-01-31,6.55,2024-02-05,4.7,0.0,10.425531914893622,28.244274809160302,28.244274809160302,False,-9.961685823754785,2.9653213992162057,5,15,5,33.33333333333333,30.567388504158988,41.044776119403,2008-04-23; 2014-01-10; 2015-03-10; 2019-11-06; 2022-04-27,20.0,0.0,历史5/15次成功; 当前距低点0.00%; 最新日涨幅-9.96%; 状态bottom_area; 底部未确认
488,61.74966494113344,51.62707131536985,002286,保龄宝,bottom_area,2024-02-05,5.6,2024-01-26,7.66,2024-02-05,5.59,0.17889087656529135,9.66010733452594,27.023498694516974,26.892950391644916,False,-9.822866344605485,2.5086720764695554,2,8,2,25.0,39.40829308569196,54.37693099897012,2010-06-04; 2012-12-04,19.82110912343471,0.17889087656529135,历史2/8次成功; 当前距低点0.18%; 最新日涨幅-9.82%; 状态bottom_area; 底部未确认
489,61.747807804776635,54.96732259212255,301230,泓博医药,bottom_area,2024-02-05,23.25,2024-02-01,30.98,2024-02-05,22.44,3.6096256684491923,15.240641711229937,27.5661717236927,24.951581665590705,False,-10.370084811102554,2.5677502192713426,1,2,1,50.0,38.748758689175766,38.748758689175766,2023-03-20,16.39037433155081,3.6096256684491923,历史1/2次成功; 当前距低点3.61%; 最新日涨幅-10.37%; 状态bottom_area; 底部未确认
490,61.736493405189705,51.44707783765809,000042,中洲控股,bottom_area,2024-02-05,4.01,2024-01-29,5.97,2024-02-05,4.01,0.0,13.216957605985044,32.83082077051927,32.83082077051927,False,-10.089686098654715,1.7267803636782868,5,14,5,35.714285714285715,25.2915091118331,29.558745348219045,1996-12-18; 2007-06-05; 2008-03-18; 2022-04-27; 2024-01-23,20.0,0.0,历史5/14次成功; 当前距低点0.00%; 最新日涨幅-10.09%; 状态bottom_area; 底部未确认
491,61.730425028818516,51.442020857348766,002248,华东数控,bottom_area,2024-02-05,5.11,2024-01-26,7.22,2024-02-05,5.11,0.0,9.980430528375729,29.22437673130193,29.22437673130193,False,-10.035211267605625,3.709126178441956,4,11,4,36.36363636363637,23.857394638727442,29.251700680272112,2012-12-03; 2016-03-01; 2018-09-18; 2022-01-28,20.0,0.0,历史4/11次成功; 当前距低点0.00%; 最新日涨幅-10.04%; 状态bottom_area; 底部未确认
492,61.729091595575625,51.44090966297969,000823,超声电子,bottom_area,2024-02-05,6.07,2024-01-26,8.38,2024-02-05,6.07,0.0,11.367380560131787,27.565632458233896,27.565632458233896,False,-9.940652818991092,3.2071206907849468,4,11,4,36.36363636363637,23.851420475452933,33.25,2005-04-25; 2007-10-26; 2015-06-30; 2022-04-27,20.0,0.0,历史4/11次成功; 当前距低点0.00%; 最新日涨幅-9.94%; 状态bottom_area; 底部未确认
493,61.724888119375805,52.07674176549975,002006,精工科技,bottom_area,2024-02-05,8.96,2024-01-25,12.73,2024-02-05,8.9,0.674157303370792,11.011235955056184,30.086410054988217,29.61508248232521,False,-9.403437815975735,1.9877320549007187,8,24,8,33.33333333333333,29.841328407805506,61.48648648648647,2008-03-18; 2008-10-17; 2009-08-19; 2014-05-16; 2015-06-30; 2019-05-08; 2022-04-27; 2022-12-23,19.32584269662921,0.674157303370792,历史8/24次成功; 当前距低点0.67%; 最新日涨幅-9.40%; 状态bottom_area; 底部未确认
494,61.72242424242424,51.435353535353535,002133,广宇集团,bottom_area,2024-02-05,2.6,2024-01-26,3.81,2024-02-05,2.6,0.0,8.846153846153845,31.758530183727036,31.758530183727036,False,-10.034602076124566,3.324027720174839,1,2,1,50.0,27.609427609427602,27.609427609427602,2008-09-18,20.0,0.0,历史1/2次成功; 当前距低点0.00%; 最新日涨幅-10.03%; 状态bottom_area; 底部未确认
495,61.70397254725471,54.93378517019889,300937,药易购,bottom_area,2024-02-05,19.49,2024-01-26,27.58,2024-02-05,18.81,3.615098351940456,16.427432216905903,31.798404641044236,29.332849891225525,False,-11.730072463768115,4.872509633516438,1,2,1,50.0,38.63553447646844,38.63553447646844,2023-01-12,16.384901648059547,3.615098351940456,历史1/2次成功; 当前距低点3.62%; 最新日涨幅-11.73%; 状态bottom_area; 底部未确认
496,61.69446437947672,51.41205364956394,000757,浩物股份,bottom_area,2024-02-05,3.13,2024-01-26,4.55,2024-02-05,3.13,0.0,8.945686900958474,31.208791208791208,31.208791208791208,False,-10.057471264367823,2.598325855440706,6,18,6,33.33333333333333,30.26193718403551,52.941176470588246,1998-08-18; 2014-12-23; 2015-06-30; 2015-07-16; 2018-06-22; 2022-05-06,20.0,0.0,历史6/18次成功; 当前距低点0.00%; 最新日涨幅-10.06%; 状态bottom_area; 底部未确认
497,61.68881298367353,51.407344153061274,002291,遥望科技,bottom_area,2024-02-05,5.28,2024-01-26,7.5,2024-02-05,5.28,0.0,12.31060606060605,29.599999999999998,29.599999999999998,False,-10.051107325383303,4.60553881268729,5,16,5,31.25,34.75050619925415,61.10375275938191,2015-06-23; 2015-06-30; 2018-02-09; 2020-02-03; 2020-02-28,20.0,0.0,历史5/16次成功; 当前距低点0.00%; 最新日涨幅-10.05%; 状态bottom_area; 底部未确认
498,61.68531932093775,51.40443276744813,605208,永茂泰,bottom_area,2024-02-05,5.9,2024-01-26,8.67,2024-02-05,5.9,0.0,11.016949152542363,31.949250288350626,31.949250288350626,False,-10.060975609756085,1.6304479602351942,1,3,1,33.33333333333333,46.887631366208595,46.887631366208595,2022-06-10,20.0,0.0,历史1/3次成功; 当前距低点0.00%; 最新日涨幅-10.06%; 状态bottom_area; 底部未确认
499,61.67385110536086,51.39487592113405,002374,中锐股份,bottom_area,2024-02-05,2.59,2024-01-25,3.6,2024-02-05,2.59,0.0,10.810810810810821,28.05555555555556,28.05555555555556,False,-10.069444444444443,1.5905963992112984,3,8,3,37.5,21.14180602760245,21.809744779582363,2015-07-13; 2018-02-07; 2021-01-13,20.0,0.0,历史3/8次成功; 当前距低点0.00%; 最新日涨幅-10.07%; 状态bottom_area; 底部未确认
500,61.656730920626146,54.447103825136644,300660,江苏雷利,bottom_area,2024-02-05,18.88,2024-01-25,25.29,2024-02-05,18.3,3.169398907103816,14.371584699453546,27.639383155397386,25.345986555950972,False,-8.659893565553956,1.199512041417576,1,3,1,33.33333333333333,68.44876468205752,68.44876468205752,2023-06-08,16.830601092896185,3.169398907103816,历史1/3次成功; 当前距低点3.17%; 最新日涨幅-8.66%; 状态bottom_area; 底部未确认
501,61.65444931962404,54.16277567487497,300164,通源石油,bottom_area,2024-02-05,3.21,2024-01-26,4.44,2024-02-05,3.12,2.8846153846153797,16.025641025641026,29.72972972972973,27.70270270270271,False,-12.295081967213118,6.5462781600455875,3,9,3,33.33333333333333,28.313792572390913,32.55627009646302,2011-06-22; 2013-06-03; 2022-04-27,17.11538461538462,2.8846153846153797,历史3/9次成功; 当前距低点2.88%; 最新日涨幅-12.30%; 状态bottom_area; 底部未确认
502,61.63660630894171,55.647428773583684,002304,洋河股份,bottom_area,2024-02-05,92.17,2023-11-01,127.68,2024-02-02,88.3,4.382785956964898,5.232163080407706,30.84273182957394,27.81171679197995,False,1.5647382920110253,0.5726065735153985,2,6,2,33.33333333333333,21.972297968442533,23.46981848881384,2015-08-25; 2021-01-20,15.617214043035105,4.382785956964898,历史2/6次成功; 当前距低点4.38%; 最新日涨幅1.56%; 状态bottom_area; 底部未确认
503,61.63230512390063,51.36025426991719,600051,宁波联合,bottom_area,2024-02-05,5.05,2024-01-26,7.17,2024-02-05,5.05,0.0,10.099009900990096,29.567642956764296,29.567642956764296,False,-9.982174688057043,2.6375450334534225,3,9,3,33.33333333333333,29.983445895612128,30.29045643153527,1999-05-17; 2007-06-26; 2018-10-19,20.0,0.0,历史3/9次成功; 当前距低点0.00%; 最新日涨幅-9.98%; 状态bottom_area; 底部未确认
504,61.595999446375316,52.92050656660414,300094,国联水产,bottom_area,2024-02-05,3.05,2024-01-25,4.39,2024-02-05,3.0,1.6666666666666607,16.0,31.6628701594533,30.52391799544419,False,-11.849710982658967,5.883163730671081,2,8,2,25.0,24.760787992495313,26.82926829268294,2015-12-04; 2020-02-04,18.33333333333334,1.6666666666666607,历史2/8次成功; 当前距低点1.67%; 最新日涨幅-11.85%; 状态bottom_area; 底部未确认
505,61.56827125027361,54.18895607188394,603367,辰欣药业,bottom_area,2024-02-05,11.72,2024-01-26,15.73,2024-02-05,11.38,2.987697715289981,8.084358523725834,27.65416401780038,25.492689129052764,False,-6.314948041566737,1.8242352684373977,1,3,1,33.33333333333333,46.38480392156863,46.38480392156863,2018-02-07,17.01230228471002,2.987697715289981,历史1/3次成功; 当前距低点2.99%; 最新日涨幅-6.31%; 状态bottom_area; 底部未确认
506,61.56342599549212,51.30285499624343,001322,箭牌家居,bottom_area,2024-02-05,8.35,2024-01-26,11.6,2024-02-05,8.35,0.0,10.658682634730546,28.01724137931035,28.01724137931035,False,-10.021551724137934,0.9121168865754944,1,2,1,50.0,26.897069872276486,26.897069872276486,2022-10-31,20.0,0.0,历史1/2次成功; 当前距低点0.00%; 最新日涨幅-10.02%; 状态bottom_area; 底部未确认
507,61.53428291912,51.27856909926667,000619,海螺新材,bottom_area,2024-02-05,4.46,2024-01-26,6.49,2024-02-05,4.46,0.0,11.659192825112118,31.278890600924502,31.278890600924502,False,-9.898989898989907,4.232222222222222,3,9,3,33.33333333333333,29.544278311469512,32.01692524682651,1996-11-04; 2022-07-12; 2022-08-03,20.0,0.0,历史3/9次成功; 当前距低点0.00%; 最新日涨幅-9.90%; 状态bottom_area; 底部未确认
508,61.5202411667314,51.960942154670064,002300,太阳电缆,bottom_area,2024-02-05,5.49,2024-01-25,7.48,2024-02-05,5.45,0.733944954128441,11.192660550458704,27.13903743315508,26.60427807486631,False,-9.405940594059391,2.6779224555064065,2,6,2,33.33333333333333,29.951630735212813,36.85185185185183,2012-12-04; 2022-04-27,19.26605504587156,0.733944954128441,历史2/6次成功; 当前距低点0.73%; 最新日涨幅-9.41%; 状态bottom_area; 底部未确认
509,61.49390727279646,51.24492272733039,600232,金鹰股份,bottom_area,2024-02-05,4.07,2024-01-26,5.76,2024-02-05,4.07,0.0,9.582309582309573,29.340277777777768,29.340277777777768,False,-9.955752212389369,2.327849510688677,5,14,5,35.714285714285715,24.204653679963645,27.745664739884397,2001-05-28; 2005-07-22; 2008-09-18; 2019-05-06; 2020-02-04,20.0,0.0,历史5/14次成功; 当前距低点0.00%; 最新日涨幅-9.96%; 状态bottom_area; 底部未确认
510,61.48429787234043,51.236914893617026,688160,步科股份,bottom_area,2024-02-05,30.74,2024-01-25,45.46,2024-02-05,30.74,0.0,16.460637605725438,32.380114386273654,32.380114386273654,False,-14.988938053097344,2.647078979019627,1,2,1,50.0,26.542553191489354,26.542553191489354,2022-04-27,20.0,0.0,历史1/2次成功; 当前距低点0.00%; 最新日涨幅-14.99%; 状态bottom_area; 底部未确认
511,61.46555142825633,51.22129285688028,002813,路畅科技,bottom_area,2024-02-05,21.92,2024-01-26,31.45,2024-02-05,21.92,0.0,9.990875912408747,30.302066772655,30.302066772655,False,-9.979466119096504,1.3027288174744047,3,9,3,33.33333333333333,29.236341524445987,40.18650088809947,2018-02-09; 2019-05-06; 2023-07-21,20.0,0.0,历史3/9次成功; 当前距低点0.00%; 最新日涨幅-9.98%; 状态bottom_area; 底部未确认
512,61.459136842105266,51.215947368421055,603036,如通股份,bottom_area,2024-02-05,9.28,2024-01-26,13.0,2024-02-05,9.28,0.0,10.452586206896559,28.61538461538462,28.61538461538462,False,-9.99030067895248,2.774336722412225,1,4,1,25.0,47.26315789473684,47.26315789473684,2017-01-16,20.0,0.0,历史1/4次成功; 当前距低点0.00%; 最新日涨幅-9.99%; 状态bottom_area; 底部未确认
513,61.455536512266775,51.21294709355565,002095,生意宝,bottom_area,2024-02-05,12.27,2024-01-26,16.86,2024-02-05,12.27,0.0,10.10594947025265,27.22419928825623,27.22419928825623,False,-9.977989728539994,2.49193115483489,7,20,7,35.0,25.580360718041117,33.84030418250951,2006-12-18; 2013-11-01; 2015-09-02; 2016-02-01; 2017-04-27; 2020-02-04; 2022-04-27,20.0,0.0,历史7/20次成功; 当前距低点0.00%; 最新日涨幅-9.98%; 状态bottom_area; 底部未确认
514,61.422360384513446,53.73958944853736,688102,斯瑞新材,bottom_area,2024-02-05,8.1,2024-01-25,11.33,2024-02-05,7.89,2.6615969581749046,14.321926489226868,30.361871138570173,28.508384819064435,False,-11.184210526315786,1.015851684297343,1,2,1,50.0,20.52704576976421,20.52704576976421,2023-03-24,17.338403041825096,2.6615969581749046,历史1/2次成功; 当前距低点2.66%; 最新日涨幅-11.18%; 状态bottom_area; 底部未确认
515,61.40678418377426,51.17232015314522,002165,红宝丽,bottom_area,2024-02-05,2.84,2024-01-26,4.03,2024-02-05,2.84,0.0,10.915492957746482,29.52853598014889,29.52853598014889,False,-9.84126984126984,3.9123718280894884,3,9,3,33.33333333333333,28.973047418343494,33.6111111111111,2007-09-18; 2008-09-04; 2008-09-18,20.0,0.0,历史3/9次成功; 当前距低点0.00%; 最新日涨幅-9.84%; 状态bottom_area; 底部未确认
516,61.40162449453238,51.168020412110316,600319,亚星化学,bottom_area,2024-02-05,3.58,2024-01-26,5.16,2024-02-05,3.58,0.0,10.614525139664801,30.620155038759687,30.620155038759687,False,-10.050251256281406,1.9739267921841837,5,15,5,33.33333333333333,28.949930531059042,40.547263681592064,2006-04-28; 2008-03-18; 2018-06-20; 2019-01-31; 2022-04-29,20.0,0.0,历史5/15次成功; 当前距低点0.00%; 最新日涨幅-10.05%; 状态bottom_area; 底部未确认
517,61.40132343931766,51.167769532764716,600288,大恒科技,bottom_area,2024-02-05,6.87,2024-01-26,9.99,2024-02-05,6.87,0.0,11.935953420669582,31.23123123123123,31.23123123123123,False,-9.960681520314541,3.3293956043956046,6,18,6,33.33333333333333,28.948581717373017,51.3215859030837,2008-03-19; 2008-04-03; 2012-12-04; 2016-03-01; 2018-02-07; 2018-06-22,20.0,0.0,历史6/18次成功; 当前距低点0.00%; 最新日涨幅-9.96%; 状态bottom_area; 底部未确认
518,61.399648895873135,51.16637407989428,000735,罗牛山,bottom_area,2024-02-05,4.21,2024-01-26,5.87,2024-02-05,4.21,0.0,12.589073634204281,28.279386712095402,28.279386712095402,False,-10.04273504273504,2.0332914095303884,5,15,5,33.33333333333333,28.941079282585786,44.18052256532067,1998-08-18; 2001-10-22; 2005-07-18; 2010-07-02; 2018-04-26,20.0,0.0,历史5/15次成功; 当前距低点0.00%; 最新日涨幅-10.04%; 状态bottom_area; 底部未确认
519,61.336247706179016,52.3783323118175,300859,西域旅游,bottom_area,2024-02-05,19.74,2024-01-24,27.46,2024-02-05,19.48,1.334702258726889,14.065708418891163,29.060451565914057,28.113619810633654,False,-12.032085561497341,3.2726451612903227,1,6,1,16.666666666666664,35.83218707015131,35.83218707015131,2020-09-04,18.66529774127311,1.334702258726889,历史1/6次成功; 当前距低点1.33%; 最新日涨幅-12.03%; 状态bottom_area; 底部未确认
520,61.26011863957096,51.050098866309135,002778,中晟高科,bottom_area,2024-02-05,10.1,2024-01-26,14.5,2024-02-05,10.1,0.0,9.900990099009901,30.3448275862069,30.3448275862069,False,-9.982174688057043,1.2962139152482308,3,9,3,33.33333333333333,28.31594372567632,40.780542986425345,2016-08-01; 2017-01-17; 2020-02-04,20.0,0.0,历史3/9次成功; 当前距低点0.00%; 最新日涨幅-9.98%; 状态bottom_area; 底部未确认
521,61.236776015026685,51.030646679188905,600135,乐凯胶片,bottom_area,2024-02-05,5.24,2024-01-26,7.39,2024-02-05,5.24,0.0,10.305343511450381,29.093369418132603,29.093369418132603,False,-9.965635738831613,1.9821722537396231,6,21,6,28.57142857142857,38.52882239195266,65.875,2008-09-18; 2012-12-03; 2016-01-29; 2018-02-09; 2022-04-27; 2022-10-12,20.0,0.0,历史6/21次成功; 当前距低点0.00%; 最新日涨幅-9.97%; 状态bottom_area; 底部未确认
522,61.23475816845357,51.02896514037798,600336,澳柯玛,bottom_area,2024-02-05,3.87,2024-01-26,5.41,2024-02-05,3.87,0.0,10.077519379844952,28.465804066543438,28.465804066543438,False,-9.999999999999998,2.3991285405609566,4,12,4,33.33333333333333,28.202321543250807,43.69747899159665,2005-12-12; 2006-04-26; 2007-10-15; 2009-08-19,20.0,0.0,历史4/12次成功; 当前距低点0.00%; 最新日涨幅-10.00%; 状态bottom_area; 底部未确认
523,61.20064229352134,53.51203334282434,300348,长亮科技,bottom_area,2024-02-05,6.25,2024-01-26,8.85,2024-02-05,6.09,2.627257799671595,16.91297208538588,31.186440677966097,29.378531073446325,False,-11.221590909090907,2.7081014219806057,2,9,2,22.22222222222222,45.7345460780646,55.1190921561292,2015-07-17; 2015-09-02,17.372742200328407,2.627257799671595,历史2/9次成功; 当前距低点2.63%; 最新日涨幅-11.22%; 状态bottom_area; 底部未确认
524,61.18927941080354,53.39836972902743,300083,创世纪,bottom_area,2024-02-05,3.66,2024-01-26,5.02,2024-02-05,3.57,2.5210084033613533,12.044817927170874,28.88446215139442,27.091633466135452,False,-8.499999999999996,2.8220074972915046,3,10,3,30.0,26.969187573609222,33.41433778857837,2014-07-24; 2020-02-04; 2022-10-10,17.47899159663865,2.5210084033613533,历史3/10次成功; 当前距低点2.52%; 最新日涨幅-8.50%; 状态bottom_area; 底部未确认
525,61.17902314542169,51.54614512922464,002733,雄韬股份,bottom_area,2024-02-05,10.06,2024-01-26,14.0,2024-02-05,10.0,0.600000000000005,11.400000000000006,28.57142857142857,28.142857142857142,False,-9.450945094509445,1.9515385547302901,1,4,1,25.0,44.1351888667992,44.1351888667992,2020-02-04,19.399999999999995,0.600000000000005,历史1/4次成功; 当前距低点0.60%; 最新日涨幅-9.45%; 状态bottom_area; 底部未确认
526,61.13521209985684,54.86932365725039,300034,钢研高纳,bottom_area,2024-02-05,12.82,2024-01-26,16.96,2024-02-05,12.32,4.058441558441558,13.636363636363633,27.358490566037734,24.410377358490567,False,-8.363116511794132,2.5467868962590976,4,10,4,40.0,32.0568301639631,44.0983606557377,2015-07-29; 2016-01-14; 2016-05-19; 2020-02-04,15.941558441558442,4.058441558441558,历史4/10次成功; 当前距低点4.06%; 最新日涨幅-8.36%; 状态bottom_area; 底部未确认
527,61.13340174619902,51.00137646947691,002229,鸿博股份,bottom_area,2024-02-05,16.44,2024-01-26,24.46,2024-02-05,16.43,0.06086427267195109,9.92087644552647,32.82910874897792,32.788225674570725,False,-9.967141292442495,10.182189514462765,2,8,2,25.0,34.597564576177206,36.422764227642276,2015-09-02; 2019-01-31,19.93913572732805,0.06086427267195109,历史2/8次成功; 当前距低点0.06%; 最新日涨幅-9.97%; 状态bottom_area; 底部未确认
528,61.12831716141872,53.4530127644693,002497,雅化集团,bottom_area,2024-02-05,8.58,2024-01-26,11.93,2024-02-05,8.36,2.631578947368429,12.20095693779906,29.924559932942163,28.08046940486169,False,-7.243243243243247,2.5116564736530376,2,7,2,28.57142857142857,31.71358629130967,33.68421052631579,2014-01-13; 2022-04-26,17.36842105263157,2.631578947368429,历史2/7次成功; 当前距低点2.63%; 最新日涨幅-7.24%; 状态bottom_area; 底部未确认
529,61.113594447703306,50.92799537308609,600523,贵航股份,bottom_area,2024-02-05,8.74,2024-01-26,12.12,2024-02-05,8.74,0.0,8.695652173913041,27.88778877887788,27.88778877887788,False,-9.989701338825963,3.513473431054855,4,12,4,33.33333333333333,27.659473332004055,34.08000000000001,2008-08-13; 2008-09-18; 2018-02-09; 2022-01-28,20.0,0.0,历史4/12次成功; 当前距低点0.00%; 最新日涨幅-9.99%; 状态bottom_area; 底部未确认
530,61.10988755977647,53.07942156634431,300179,四方达,bottom_area,2024-02-05,5.42,2024-01-26,7.73,2024-02-05,5.3,2.264150943396228,16.415094339622645,31.435963777490304,29.883570504527817,False,-12.580645161290327,3.0354676451286444,3,10,3,30.0,22.105837189718866,23.842917251051894,2015-08-26; 2020-09-11; 2020-09-30,17.735849056603772,2.264150943396228,历史3/10次成功; 当前距低点2.26%; 最新日涨幅-12.58%; 状态bottom_area; 底部未确认
531,61.08659799371786,50.90549832809822,600744,华银电力,bottom_area,2024-02-05,2.51,2024-01-26,3.5,2024-02-05,2.51,0.0,9.561752988047818,28.285714285714292,28.285714285714292,False,-10.035842293906816,2.661191250688985,6,18,6,33.33333333333333,27.538521477230542,39.33649289099527,1997-07-08; 2005-07-19; 2008-09-18; 2011-06-23; 2018-06-22; 2020-02-04,20.0,0.0,历史6/18次成功; 当前距低点0.00%; 最新日涨幅-10.04%; 状态bottom_area; 底部未确认
532,61.056533143985696,50.88044428665475,603078,江化微,bottom_area,2024-02-05,9.95,2024-01-26,13.78,2024-02-05,9.95,0.0,10.452261306532673,27.793904208998548,27.793904208998548,False,-9.954751131221728,2.590905983044504,2,6,2,33.33333333333333,27.403822329684964,30.24410426148117,2019-05-06; 2021-02-08,20.0,0.0,历史2/6次成功; 当前距低点0.00%; 最新日涨幅-9.95%; 状态bottom_area; 底部未确认
533,61.05392695058162,50.87827245881802,600980,北矿科技,bottom_area,2024-02-05,11.24,2024-01-26,15.53,2024-02-05,11.24,0.0,9.786476868327398,27.623953638119765,27.623953638119765,False,-10.008006405124103,2.8214632563666044,6,18,6,33.33333333333333,27.392145835939164,33.33333333333336,2010-05-12; 2012-12-04; 2015-07-03; 2018-10-19; 2020-02-04; 2022-01-28,20.0,0.0,历史6/18次成功; 当前距低点0.00%; 最新日涨幅-10.01%; 状态bottom_area; 底部未确认
534,61.02938167318875,51.13851851190427,600379,宝光股份,bottom_area,2024-02-05,6.68,2024-01-26,9.43,2024-02-05,6.66,0.30030030030029387,10.360360360360353,29.374337221633084,29.162248144220577,False,-9.72972972972974,4.097193937273879,5,16,5,31.25,24.728242992413698,30.00000000000001,2003-11-13; 2011-08-09; 2011-10-11; 2017-07-18; 2018-10-12,19.699699699699707,0.30030030030029387,历史5/16次成功; 当前距低点0.30%; 最新日涨幅-9.73%; 状态bottom_area; 底部未确认
535,60.99020591139966,54.00174481738513,600353,旭光电子,bottom_area,2024-02-05,5.61,2024-01-25,7.83,2024-02-05,5.43,3.3149171270718343,9.94475138121547,30.651340996168585,28.352490421455933,False,-6.499999999999995,2.0967140151702606,6,17,6,35.294117647058826,28.47433578142044,31.73333333333334,2008-03-18; 2008-04-22; 2008-10-28; 2015-06-30; 2015-07-29; 2018-10-18,16.685082872928167,3.3149171270718343,历史6/17次成功; 当前距低点3.31%; 最新日涨幅-6.50%; 状态bottom_area; 底部未确认
536,60.980355160932284,50.81696263411024,603516,淳中科技,bottom_area,2024-02-05,12.63,2024-01-26,18.18,2024-02-05,12.63,0.0,11.08471892319872,30.52805280528052,30.52805280528052,False,-9.978617248752663,1.7389332160570952,1,3,1,33.33333333333333,43.72918978912319,43.72918978912319,2019-01-31,20.0,0.0,历史1/3次成功; 当前距低点0.00%; 最新日涨幅-9.98%; 状态bottom_area; 底部未确认
537,60.98024256976368,50.816868808136405,002228,合兴包装,bottom_area,2024-02-05,2.34,2024-01-29,3.32,2024-02-05,2.34,0.0,10.683760683760685,29.518072289156628,29.518072289156628,False,-10.000000000000009,3.3451644316629454,2,6,2,33.33333333333333,27.062018681736987,30.602910602910598,2008-09-18; 2015-06-30,20.0,0.0,历史2/6次成功; 当前距低点0.00%; 最新日涨幅-10.00%; 状态bottom_area; 底部未确认
538,60.95906614785993,50.799221789883276,003030,祖名股份,bottom_area,2024-02-05,14.42,2024-01-26,19.98,2024-02-05,14.42,0.0,11.44244105409154,27.82782782782783,27.82782782782783,False,-9.987515605493137,2.333776728800535,1,2,1,50.0,24.189364461737995,24.189364461737995,2021-03-16,20.0,0.0,历史1/2次成功; 当前距低点0.00%; 最新日涨幅-9.99%; 状态bottom_area; 底部未确认
539,60.95799700149925,50.798330834582714,002334,英威腾,bottom_area,2024-02-05,5.46,2024-01-25,7.57,2024-02-05,5.46,0.0,10.256410256410248,27.87318361955086,27.87318361955086,False,-10.049423393739708,4.389138571802867,2,6,2,33.33333333333333,26.9623521572547,33.04347826086955,2015-06-30; 2020-02-04,20.0,0.0,历史2/6次成功; 当前距低点0.00%; 最新日涨幅-10.05%; 状态bottom_area; 底部未确认
540,60.91876705807329,50.76563921506108,002908,德生科技,bottom_area,2024-02-05,7.66,2024-01-26,10.71,2024-02-05,7.66,0.0,10.704960835509143,28.4780578898226,28.4780578898226,False,-9.9882491186839,3.5453924679383313,2,6,2,33.33333333333333,26.78659076197709,28.092042186001915,2021-11-02; 2023-10-30,20.0,0.0,历史2/6次成功; 当前距低点0.00%; 最新日涨幅-9.99%; 状态bottom_area; 底部未确认
541,60.86170129077755,50.7180844089813,002346,柘中股份,bottom_area,2024-02-05,7.7,2024-01-26,10.59,2024-02-05,7.7,0.0,10.000000000000005,27.289896128423035,27.289896128423035,False,-10.046728971962615,0.9341172527964937,3,9,3,33.33333333333333,26.530919761548198,34.13231064237776,2015-09-16; 2019-01-31; 2020-02-04,20.0,0.0,历史3/9次成功; 当前距低点0.00%; 最新日涨幅-10.05%; 状态bottom_area; 底部未确认
542,60.85663274936417,50.71386062447014,600246,万通发展,bottom_area,2024-02-05,4.34,2024-01-26,6.46,2024-02-05,4.34,0.0,11.290322580645167,32.81733746130031,32.81733746130031,False,-9.958506224066399,1.4891458874716497,4,15,4,26.666666666666668,40.9526556871154,70.25761124121782,2007-06-05; 2008-04-21; 2015-07-09; 2019-05-09,20.0,0.0,历史4/15次成功; 当前距低点0.00%; 最新日涨幅-9.96%; 状态bottom_area; 底部未确认
543,60.8371954657394,50.69766288811617,002599,盛通股份,bottom_area,2024-02-05,4.33,2024-01-26,5.99,2024-02-05,4.33,0.0,10.161662817551951,27.712854757929883,27.712854757929883,False,-9.979209979209969,4.444013257303227,3,9,3,33.33333333333333,26.421126638617388,33.665214685749845,2015-07-29; 2015-09-07; 2022-10-12,20.0,0.0,历史3/9次成功; 当前距低点0.00%; 最新日涨幅-9.98%; 状态bottom_area; 底部未确认
544,60.82728850435804,50.68940708696503,002296,辉煌科技,bottom_area,2024-02-05,5.35,2024-01-26,7.73,2024-02-05,5.35,0.0,10.093457943925236,30.789133247089275,30.789133247089275,False,-9.932659932659949,5.5311388721844335,3,9,3,33.33333333333333,26.37674061092308,30.6547619047619,2011-10-25; 2018-02-07; 2020-02-04,20.0,0.0,历史3/9次成功; 当前距低点0.00%; 最新日涨幅-9.93%; 状态bottom_area; 底部未确认
545,60.820832305035076,54.324652276103855,688027,国盾量子,bottom_area,2024-02-05,74.41,2024-01-25,102.96,2024-02-05,71.69,3.7941135444273946,13.390988980331997,30.37101787101787,27.729215229215225,False,-8.710587657956093,1.5468855867835811,2,5,2,40.0,25.88833955590489,26.382393397524062,2020-07-16; 2022-04-27,16.205886455572607,3.7941135444273946,历史2/5次成功; 当前距低点3.79%; 最新日涨幅-8.71%; 状态bottom_area; 底部未确认
546,60.774175578433045,50.645146315360876,600326,西藏天路,bottom_area,2024-02-05,3.03,2024-01-26,4.34,2024-02-05,3.03,0.0,11.221122112211232,30.184331797235025,30.184331797235025,False,-10.089020771513358,3.5036585818987014,5,16,5,31.25,30.652668362155243,51.7747858017136,2003-11-07; 2007-02-01; 2009-08-19; 2015-09-02; 2017-07-05,20.0,0.0,历史5/16次成功; 当前距低点0.00%; 最新日涨幅-10.09%; 状态bottom_area; 底部未确认
547,60.77089494163424,50.64241245136187,601188,龙江交通,bottom_area,2024-02-05,3.02,2024-01-26,4.36,2024-02-05,3.02,0.0,10.264900662251657,30.733944954128447,30.733944954128447,False,-9.850746268656717,2.6047248910309175,1,2,1,50.0,23.34630350194553,23.34630350194553,2017-01-16,20.0,0.0,历史1/2次成功; 当前距低点0.00%; 最新日涨幅-9.85%; 状态bottom_area; 底部未确认
548,60.726666666666674,50.60555555555556,002613,北玻股份,bottom_area,2024-02-05,3.07,2024-01-26,4.48,2024-02-05,3.07,0.0,9.771986970684047,31.473214285714295,31.473214285714295,False,-9.970674486803532,3.1927352938028286,2,9,2,22.22222222222222,132.46296296296293,237.33333333333331,2015-08-26; 2020-02-04,20.0,0.0,历史2/9次成功; 当前距低点0.00%; 最新日涨幅-9.97%; 状态bottom_area; 底部未确认
549,60.71855696202531,50.59879746835443,002577,雷柏科技,bottom_area,2024-02-05,10.77,2024-01-26,15.58,2024-02-05,10.77,0.0,10.956360259981428,30.872913992297825,30.872913992297825,False,-10.025062656641614,2.4272729512170037,2,8,2,25.0,43.94514767932489,50.0,2018-02-07; 2022-04-27,20.0,0.0,历史2/8次成功; 当前距低点0.00%; 最新日涨幅-10.03%; 状态bottom_area; 底部未确认
550,60.68556917960895,50.571307649674125,600280,中央商场,bottom_area,2024-02-05,2.48,2024-01-26,3.53,2024-02-05,2.48,0.0,10.080645161290324,29.745042492917843,29.745042492917843,False,-10.144927536231874,2.3542303941407017,3,11,3,27.27272727272727,38.873110530994765,57.18418514946965,2014-06-20; 2015-06-30; 2015-07-03,20.0,0.0,历史3/11次成功; 当前距低点0.00%; 最新日涨幅-10.14%; 状态bottom_area; 底部未确认
551,60.66498461538462,50.55415384615385,603711,香飘飘,bottom_area,2024-02-05,11.57,2024-01-26,15.98,2024-02-05,11.57,0.0,11.06309420916162,27.59699624530663,27.59699624530663,False,-10.031104199066865,0.7462323232046089,1,2,1,50.0,22.871794871794876,22.871794871794876,2020-02-04,20.0,0.0,历史1/2次成功; 当前距低点0.00%; 最新日涨幅-10.03%; 状态bottom_area; 底部未确认
552,60.66408795354658,51.13508808497171,002184,海得控制,bottom_area,2024-02-05,9.67,2024-01-26,13.59,2024-02-05,9.61,0.624349635796051,10.197710718002085,29.286239882266372,28.844738778513612,False,-9.456928838951306,4.046837871631054,6,19,6,31.57894736842105,27.969298199532417,38.32709113607991,2008-09-18; 2011-01-25; 2012-12-04; 2015-06-19; 2018-06-19; 2019-01-31,19.37565036420395,0.624349635796051,历史6/19次成功; 当前距低点0.62%; 最新日涨幅-9.46%; 状态bottom_area; 底部未确认
553,60.65768445001215,50.54807037501013,002886,沃特股份,bottom_area,2024-02-05,11.48,2024-01-26,16.78,2024-02-05,11.48,0.0,9.059233449477343,31.585220500595952,31.585220500595952,False,-10.031347962382442,3.3101489761045597,3,10,3,30.0,32.83908803768884,54.27239772138789,2017-08-14; 2020-02-04; 2023-04-25,20.0,0.0,历史3/10次成功; 当前距低点0.00%; 最新日涨幅-10.03%; 状态bottom_area; 底部未确认
554,60.637538874382784,50.53128239531899,002213,大为股份,bottom_area,2024-02-05,8.27,2024-01-26,11.96,2024-02-05,8.27,0.0,9.915356711003632,30.852842809364557,30.852842809364557,False,-10.010881392818282,2.399291553128364,6,19,6,31.57894736842105,29.327777450781184,49.19191919191918,2008-09-18; 2012-11-30; 2016-01-14; 2018-02-01; 2020-02-04; 2023-08-29,20.0,0.0,历史6/19次成功; 当前距低点0.00%; 最新日涨幅-10.01%; 状态bottom_area; 底部未确认
555,60.61214608550701,53.14987815182344,300542,新晨科技,bottom_area,2024-02-05,8.49,2024-01-26,11.48,2024-02-05,8.26,2.784503631961264,11.380145278450357,28.04878048780488,26.04529616724739,False,-7.111597374179435,3.9877698344566728,3,9,3,33.33333333333333,21.640930641730005,22.574955908289247,2017-01-17; 2021-09-29; 2022-12-29,17.21549636803874,2.784503631961264,历史3/9次成功; 当前距低点2.78%; 最新日涨幅-7.11%; 状态bottom_area; 底部未确认
556,60.56562639679377,50.471355330661474,002009,天奇股份,bottom_area,2024-02-05,8.1,2024-01-26,11.44,2024-02-05,8.1,0.0,9.876543209876552,29.195804195804197,29.195804195804197,False,-10.000000000000009,3.608130482978157,4,13,4,30.76923076923077,30.75997489602941,44.78798586572438,2006-11-14; 2007-06-05; 2015-06-30; 2023-04-26,20.0,0.0,历史4/13次成功; 当前距低点0.00%; 最新日涨幅-10.00%; 状态bottom_area; 底部未确认
557,60.56134484953058,51.93792255378362,603229,奥翔药业,bottom_area,2024-02-05,8.42,2024-01-26,11.4,2024-02-05,8.29,1.5681544028950638,11.09770808202656,27.280701754385973,26.140350877192986,False,-8.577633007600438,1.2596575228200975,1,7,1,14.285714285714285,41.48479427549196,41.48479427549196,2022-04-01,18.43184559710494,1.5681544028950638,历史1/7次成功; 当前距低点1.57%; 最新日涨幅-8.58%; 状态bottom_area; 底部未确认
558,60.5459924458812,50.454993704901,002786,银宝山新,bottom_area,2024-02-05,9.58,2024-01-26,13.47,2024-02-05,9.58,0.0,11.064718162839252,28.878990348923537,28.878990348923537,False,-9.962406015037594,4.757646114988323,4,12,4,33.33333333333333,25.116453610578805,28.330781010719765,2017-01-17; 2018-02-06; 2020-02-04; 2023-12-11,20.0,0.0,历史4/12次成功; 当前距低点0.00%; 最新日涨幅-9.96%; 状态bottom_area; 底部未确认
559,60.54598427603466,50.45498689669555,600250,南京商旅,bottom_area,2024-02-05,7.54,2024-01-29,10.37,2024-02-05,7.54,0.0,11.140583554376668,27.290260366441654,27.290260366441654,False,-10.023866348448696,2.243571869231941,5,15,5,33.33333333333333,25.116417007323744,30.929791271347266,2007-06-26; 2008-04-22; 2008-09-18; 2009-08-19; 2020-02-04,20.0,0.0,历史5/15次成功; 当前距低点0.00%; 最新日涨幅-10.02%; 状态bottom_area; 底部未确认
560,60.53763797385377,50.44803164487814,002520,日发精机,bottom_area,2024-02-05,3.73,2024-01-26,5.44,2024-02-05,3.73,0.0,11.26005361930296,31.433823529411768,31.433823529411768,False,-9.903381642512066,3.0819152509981502,3,9,3,33.33333333333333,25.079023180348454,30.752212389380546,2015-09-02; 2016-01-14; 2022-04-27,20.0,0.0,历史3/9次成功; 当前距低点0.00%; 最新日涨幅-9.90%; 状态bottom_area; 底部未确认
561,60.53434631750545,50.44528859792121,000659,珠海中富,bottom_area,2024-02-05,1.65,2024-01-26,2.31,2024-02-05,1.65,0.0,12.121212121212132,28.571428571428577,28.571428571428577,False,-9.836065573770503,1.7686128789513904,3,9,3,33.33333333333333,25.064275616063874,28.139013452914796,2007-06-26; 2015-09-18; 2020-02-04,20.0,0.0,历史3/9次成功; 当前距低点0.00%; 最新日涨幅-9.84%; 状态bottom_area; 底部未确认
562,60.51592401663264,50.75301723002388,002117,东港股份,bottom_area,2024-02-05,5.76,2024-01-26,7.93,2024-02-05,5.74,0.34843205574912145,10.2787456445993,27.61664564943253,27.364438839848678,False,-9.433962264150953,3.154376704452148,3,10,3,30.0,25.953990952321917,29.695577254451454,2008-09-18; 2015-06-30; 2017-12-25,19.651567944250882,0.34843205574912145,历史3/10次成功; 当前距低点0.35%; 最新日涨幅-9.43%; 状态bottom_area; 底部未确认
563,60.51552716441501,50.42960597034585,600301,华锡有色,bottom_area,2024-02-05,9.54,2024-01-26,13.16,2024-02-05,9.54,0.0,8.490566037735855,27.50759878419454,27.50759878419454,False,-10.000000000000009,3.8558021642330376,3,9,3,33.33333333333333,24.97996041404572,32.51582278481012,2013-06-28; 2018-02-09; 2022-04-28,20.0,0.0,历史3/9次成功; 当前距低点0.00%; 最新日涨幅-10.00%; 状态bottom_area; 底部未确认
564,60.46093043366694,50.38410869472245,000419,通程控股,bottom_area,2024-02-05,4.02,2024-01-26,5.61,2024-02-05,4.02,0.0,10.69651741293534,28.342245989304825,28.342245989304825,False,-10.06711409395974,2.8207667632217586,6,19,6,31.57894736842105,28.536520995961105,44.6862996158771,1996-12-18; 1999-12-29; 2007-06-05; 2008-10-13; 2011-01-21; 2022-04-27,20.0,0.0,历史6/19次成功; 当前距低点0.00%; 最新日涨幅-10.07%; 状态bottom_area; 底部未确认
565,60.451942415455164,50.37661867954597,000717,中南股份,bottom_area,2024-02-05,2.03,2024-01-29,2.85,2024-02-05,2.03,0.0,11.330049261083744,28.771929824561415,28.771929824561415,False,-9.777777777777786,3.082798490599125,6,20,6,30.0,31.91730472874175,44.70588235294118,1997-05-26; 1997-06-13; 1997-07-08; 2008-03-18; 2008-04-22; 2011-01-17,20.0,0.0,历史6/20次成功; 当前距低点0.00%; 最新日涨幅-9.78%; 状态bottom_area; 底部未确认
566,60.40290894118575,50.335757450988126,000803,山高环能,bottom_area,2024-02-05,3.92,2024-01-26,5.59,2024-02-05,3.92,0.0,10.204081632653072,29.874776386404296,29.874776386404296,False,-10.091743119266061,1.7756234023710664,4,12,4,33.33333333333333,24.47539848201502,34.41053261520048,2002-01-18; 2008-03-18; 2015-07-29; 2018-02-12,20.0,0.0,历史4/12次成功; 当前距低点0.00%; 最新日涨幅-10.09%; 状态bottom_area; 底部未确认
567,60.37353430887387,50.31127859072823,600714,金瑞矿业,bottom_area,2024-02-05,6.09,2024-01-26,8.81,2024-02-05,6.09,0.0,10.016420361247953,30.874006810442683,30.874006810442683,False,-10.044313146233375,0.8931337945716961,7,21,7,33.33333333333333,24.34379170642415,35.714285714285715,2004-04-28; 2004-07-01; 2006-09-27; 2016-03-11; 2020-02-04; 2021-09-06; 2022-04-27,20.0,0.0,历史7/21次成功; 当前距低点0.00%; 最新日涨幅-10.04%; 状态bottom_area; 底部未确认
568,60.37349614575559,54.20009770293783,300393,中来股份,bottom_area,2024-02-05,7.41,2024-01-26,10.28,2024-02-05,7.12,4.073033707865169,13.904494382022461,30.73929961089494,27.918287937743187,False,-8.63131935881627,2.7751851794338247,3,7,3,42.857142857142854,22.44723648087011,23.89610389610389,2015-09-16; 2021-07-28; 2022-04-15,15.92696629213483,4.073033707865169,历史3/7次成功; 当前距低点4.07%; 最新日涨幅-8.63%; 状态bottom_area; 底部未确认
569,60.37305336341446,52.81665890945541,300503,昊志机电,bottom_area,2024-02-05,10.82,2024-01-25,15.29,2024-02-05,10.54,2.6565464895635786,18.59582542694498,31.06605624591236,29.234793982995416,False,-11.456628477905074,7.23800930869656,1,5,1,20.0,47.16981132075472,47.16981132075472,2020-03-13,17.343453510436426,2.6565464895635786,历史1/5次成功; 当前距低点2.66%; 最新日涨幅-11.46%; 状态bottom_area; 底部未确认
570,60.34820111731844,50.29016759776537,605177,东亚药业,bottom_area,2024-02-05,16.55,2024-01-26,23.48,2024-02-05,16.55,0.0,11.419939577039278,29.514480408858603,29.514480408858603,False,-10.005437737901035,2.59889142426239,1,2,1,50.0,21.452513966480446,21.452513966480446,2022-04-27,20.0,0.0,历史1/2次成功; 当前距低点0.00%; 最新日涨幅-10.01%; 状态bottom_area; 底部未确认
571,60.339548834350026,50.28295736195836,002494,华斯股份,bottom_area,2024-02-05,3.45,2024-01-29,5.1,2024-02-05,3.45,0.0,11.014492753623186,32.35294117647058,32.35294117647058,False,-9.921671018276756,3.1595312124982393,3,10,3,30.0,31.41374925784061,38.285714285714285,2012-12-04; 2022-04-28; 2024-01-24,20.0,0.0,历史3/10次成功; 当前距低点0.00%; 最新日涨幅-9.92%; 状态bottom_area; 底部未确认
572,60.33524414715719,50.27937012263099,603601,再升科技,bottom_area,2024-02-05,2.72,2024-01-26,3.9,2024-02-05,2.72,0.0,9.926470588235293,30.25641025641025,30.25641025641025,False,-9.93377483443708,1.8516538544343293,2,6,2,33.33333333333333,24.1722408026756,25.00000000000001,2015-08-26; 2016-12-13,20.0,0.0,历史2/6次成功; 当前距低点0.00%; 最新日涨幅-9.93%; 状态bottom_area; 底部未确认
573,60.32391698136379,50.26993081780316,603009,北特科技,bottom_area,2024-02-05,8.82,2024-01-24,12.44,2024-02-05,8.82,0.0,11.111111111111116,29.099678456591633,29.099678456591633,False,-10.000000000000009,4.6554024057890375,2,7,2,28.57142857142857,34.43895216944861,35.802469135802454,2020-02-04; 2022-04-27,20.0,0.0,历史2/7次成功; 当前距低点0.00%; 最新日涨幅-10.00%; 状态bottom_area; 底部未确认
574,60.27757013355126,50.37584006714524,603823,百合花,bottom_area,2024-02-05,6.39,2024-01-26,8.86,2024-02-05,6.38,0.15673981191222236,9.561128526645774,27.990970654627535,27.878103837471784,False,-9.361702127659576,1.125687716114053,2,8,2,25.0,32.409714184436034,33.62584762664539,2020-02-04; 2020-04-27,19.84326018808778,0.15673981191222236,历史2/8次成功; 当前距低点0.16%; 最新日涨幅-9.36%; 状态bottom_area; 底部未确认
575,60.25638062916069,50.213650524300576,603038,华立股份,bottom_area,2024-02-05,8.89,2024-01-26,13.0,2024-02-05,8.89,0.0,12.260967379077613,31.615384615384613,31.615384615384613,False,-10.020242914979761,3.9499829459559814,2,6,2,33.33333333333333,23.818909628856108,26.50306748466258,2021-01-06; 2022-04-28,20.0,0.0,历史2/6次成功; 当前距低点0.00%; 最新日涨幅-10.02%; 状态bottom_area; 底部未确认
576,60.25477908828504,50.2123159069042,000509,华塑控股,bottom_area,2024-02-05,2.75,2024-01-26,3.77,2024-02-05,2.75,0.0,12.000000000000002,27.055702917771885,27.055702917771885,False,-10.130718954248364,1.1835436481239767,7,23,7,30.434782608695656,30.091927503225037,54.70085470085472,1994-09-29; 1996-07-02; 1996-08-27; 1997-05-26; 2012-05-04; 2016-01-18; 2018-07-20,20.0,0.0,历史7/23次成功; 当前距低点0.00%; 最新日涨幅-10.13%; 状态bottom_area; 底部未确认
577,60.23869348659187,50.19891123882656,002205,国统股份,bottom_area,2024-02-05,7.11,2024-01-26,10.3,2024-02-05,7.11,0.0,8.720112517580873,30.970873786407772,30.970873786407772,False,-9.999999999999998,5.454329149278647,5,16,5,31.25,28.253555047454626,39.617083946980856,2015-06-23; 2018-02-07; 2020-02-04; 2020-04-28; 2021-01-14,20.0,0.0,历史5/16次成功; 当前距低点0.00%; 最新日涨幅-10.00%; 状态bottom_area; 底部未确认
578,60.222768089053815,50.18564007421151,605398,新炬网络,bottom_area,2024-02-05,18.15,2024-01-26,26.2,2024-02-05,18.15,0.0,9.531680440771353,30.725190839694662,30.725190839694662,False,-10.014873574615779,0.6841965678037282,1,2,1,50.0,20.890538033395174,20.890538033395174,2022-04-27,20.0,0.0,历史1/2次成功; 当前距低点0.00%; 最新日涨幅-10.01%; 状态bottom_area; 底部未确认
579,60.1949107324882,54.32602646528172,300226,上海钢联,bottom_area,2024-02-05,18.18,2024-01-26,24.0,2024-02-05,17.42,4.362801377726739,12.973593570608482,27.41666666666666,24.250000000000004,False,-7.856056766345665,4.988988672555453,4,10,4,40.0,32.86673981988535,57.24217844727693,2013-06-25; 2018-02-07; 2022-04-27; 2023-05-25,15.637198622273264,4.362801377726739,历史4/10次成功; 当前距低点4.36%; 最新日涨幅-7.86%; 状态bottom_area; 底部未确认
580,60.17993479132333,50.14994565943611,603726,朗迪集团,bottom_area,2024-02-05,9.96,2024-01-26,13.73,2024-02-05,9.96,0.0,9.337349397590359,27.45812090313182,27.45812090313182,False,-10.027100271002709,2.050337333668748,2,6,2,33.33333333333333,23.476410355391245,24.32012432012432,2017-01-17; 2018-02-07,20.0,0.0,历史2/6次成功; 当前距低点0.00%; 最新日涨幅-10.03%; 状态bottom_area; 底部未确认
581,60.160199252801995,50.133499377335,603617,君禾股份,bottom_area,2024-02-05,5.59,2024-01-26,7.99,2024-02-05,5.59,0.0,11.091234347048303,30.037546933667088,30.037546933667088,False,-9.98389694041868,2.0978144567484693,1,2,1,50.0,20.610211706102135,20.610211706102135,2019-01-04,20.0,0.0,历史1/2次成功; 当前距低点0.00%; 最新日涨幅-9.98%; 状态bottom_area; 底部未确认
582,60.12839182261572,51.708828370571766,600215,派斯林,bottom_area,2024-02-05,6.51,2024-01-25,9.25,2024-02-05,6.4,1.7187499999999911,9.374999999999995,30.810810810810807,29.621621621621625,False,-8.438818565400851,2.125249204827345,2,10,2,20.0,29.718163282643783,35.44303797468354,2006-12-27; 2022-04-27,18.28125000000001,1.7187499999999911,历史2/10次成功; 当前距低点1.72%; 最新日涨幅-8.44%; 状态bottom_area; 底部未确认
583,60.12735528429668,50.10612940358057,600828,茂业商业,bottom_area,2024-02-05,3.04,2024-01-24,4.32,2024-02-05,3.04,0.0,10.52631578947368,29.629629629629633,29.629629629629633,False,-10.059171597633132,1.1702071303224841,7,24,7,29.166666666666668,32.26861686512844,35.7142857142857,1994-06-01; 1997-07-09; 2001-02-23; 2002-06-06; 2007-06-06; 2008-09-18; 2012-12-04,20.0,0.0,历史7/24次成功; 当前距低点0.00%; 最新日涨幅-10.06%; 状态bottom_area; 底部未确认
584,60.1171839008972,50.86356594811837,000678,襄阳轴承,bottom_area,2024-02-05,4.87,2024-01-26,6.65,2024-02-01,4.83,0.828157349896481,12.836438923395447,27.368421052631582,26.766917293233085,True,-9.981515711645105,6.1565869702199425,3,17,3,17.647058823529413,65.48455279890925,121.62162162162164,1997-07-08; 2015-01-19; 2022-07-18,19.17184265010352,0.828157349896481,历史3/17次成功; 当前距低点0.83%; 最新日涨幅-9.98%; 状态bottom_area; 底部已确认
585,60.10554161439024,50.0879513453252,000953,中哲精化,bottom_area,2024-02-05,3.45,2024-01-26,4.98,2024-02-05,3.45,0.0,10.434782608695647,30.722891566265066,30.722891566265066,False,-9.921671018276756,2.5999243763395246,5,16,5,31.25,27.656996480243045,29.981024667931695,2000-05-15; 2003-10-30; 2015-09-07; 2017-12-07; 2022-04-27,20.0,0.0,历史5/16次成功; 当前距低点0.00%; 最新日涨幅-9.92%; 状态bottom_area; 底部未确认
586,60.100091848041416,50.08340987336785,002084,海鸥住工,bottom_area,2024-02-05,2.62,2024-01-29,3.86,2024-02-05,2.62,0.0,9.923664122137396,32.12435233160622,32.12435233160622,False,-9.965635738831613,1.7635177439963512,5,17,5,29.411764705882355,31.61542310159816,43.81720430107525,2008-08-13; 2014-12-10; 2015-08-04; 2020-02-04; 2023-06-26,20.0,0.0,历史5/17次成功; 当前距低点0.00%; 最新日涨幅-9.97%; 状态bottom_area; 底部未确认
587,60.093377634360735,50.07781469530062,002725,跃岭股份,bottom_area,2024-02-05,7.05,2024-01-26,10.31,2024-02-05,7.05,0.0,11.063829787234045,31.619786614936963,31.619786614936963,False,-9.961685823754795,3.2358755142049396,2,6,2,33.33333333333333,23.0886094729424,25.818181818181827,2014-03-28; 2019-05-08,20.0,0.0,历史2/6次成功; 当前距低点0.00%; 最新日涨幅-9.96%; 状态bottom_area; 底部未确认
588,60.05980773686028,52.46741687192119,300634,彩讯股份,bottom_area,2024-02-05,13.13,2024-01-26,17.74,2024-02-05,12.8,2.5781250000000004,12.812499999999991,27.846674182638097,25.98647125140923,False,-9.323204419889496,3.738266188449424,1,4,1,25.0,33.49753694581282,33.49753694581282,2019-11-28,17.421875,2.5781250000000004,历史1/4次成功; 当前距低点2.58%; 最新日涨幅-9.32%; 状态bottom_area; 底部未确认
589,60.05976789177866,50.57066549071241,300293,蓝英装备,bottom_area,2024-02-05,8.9,2024-01-26,12.98,2024-02-05,8.85,0.5649717514124375,15.254237288135588,31.818181818181824,31.432973805855163,False,-13.508260447035948,3.3259850081053646,3,11,3,27.27272727272727,33.53705372593374,48.62681744749594,2018-10-19; 2020-02-04; 2022-04-27,19.435028248587564,0.5649717514124375,历史3/11次成功; 当前距低点0.56%; 最新日涨幅-13.51%; 状态bottom_area; 底部未确认
590,60.059133517225334,50.049277931021116,002107,沃华医药,bottom_area,2024-02-05,4.1,2024-01-26,5.77,2024-02-05,4.1,0.0,10.731707317073182,28.942807625649912,28.942807625649912,False,-9.8901098901099,1.6085573617043734,3,10,3,30.0,30.157408231296323,34.97164461247639,2008-09-18; 2008-11-06; 2015-05-29,20.0,0.0,历史3/10次成功; 当前距低点0.00%; 最新日涨幅-9.89%; 状态bottom_area; 底部未确认
591,60.05261538461539,50.04384615384616,003018,金富科技,bottom_area,2024-02-05,6.98,2024-01-26,9.96,2024-02-05,6.98,0.0,11.174785100286524,29.919678714859437,29.919678714859437,False,-9.935483870967731,1.732315307250803,1,2,1,50.0,20.12820512820512,20.12820512820512,2022-04-28,20.0,0.0,历史1/2次成功; 当前距低点0.00%; 最新日涨幅-9.94%; 状态bottom_area; 底部未确认
592,60.050314348664706,50.04192862388726,002759,天际股份,bottom_area,2024-02-05,6.92,2024-01-26,9.62,2024-02-05,6.92,0.0,10.549132947976885,28.06652806652806,28.06652806652806,False,-10.013003901170359,1.667578958695769,3,9,3,33.33333333333333,22.89567360512858,27.166666666666668,2020-11-18; 2021-02-02; 2021-04-13,20.0,0.0,历史3/9次成功; 当前距低点0.00%; 最新日涨幅-10.01%; 状态bottom_area; 底部未确认
593,60.044797292669735,51.21091453532599,600643,爱建集团,bottom_area,2024-02-05,4.0,2024-01-25,5.58,2024-02-05,3.95,1.265822784810122,10.126582278481,29.211469534050178,28.31541218637993,False,-8.883826879271062,2.0845011584013795,4,24,4,16.666666666666664,28.711418376486016,35.471698113207545,1993-06-04; 1994-03-10; 1996-01-19; 2004-06-14,18.734177215189877,1.265822784810122,历史4/24次成功; 当前距低点1.27%; 最新日涨幅-8.88%; 状态bottom_area; 底部未确认
594,60.03346508893593,50.02788757411327,000554,泰山石油,bottom_area,2024-02-05,4.66,2024-01-25,6.59,2024-02-05,4.66,0.0,8.798283261802577,29.286798179059176,29.286798179059176,False,-10.03861003861003,9.777853799288707,4,15,4,26.666666666666668,37.26462853465916,50.73684210526316,1994-11-23; 2015-07-16; 2015-07-28; 2018-02-09,20.0,0.0,历史4/15次成功; 当前距低点0.00%; 最新日涨幅-10.04%; 状态bottom_area; 底部未确认
595,60.02233680653065,50.92954902872013,300420,五洋自控,bottom_area,2024-02-05,2.05,2024-01-26,2.79,2024-02-05,2.03,0.9852216748768483,12.315270935960593,27.240143369175634,26.523297491039433,False,-10.869565217391308,2.052326677591212,3,9,3,33.33333333333333,27.486672656483975,38.36477987421384,2015-08-25; 2021-10-28; 2022-04-27,19.014778325123153,0.9852216748768483,历史3/9次成功; 当前距低点0.99%; 最新日涨幅-10.87%; 状态bottom_area; 底部未确认
596,60.02110953871299,53.68187288559969,300863,卡倍亿,bottom_area,2024-02-05,30.35,2024-01-26,40.25,2024-02-05,29.22,3.8672142368241023,9.753593429158117,27.403726708074537,24.596273291925463,False,-7.18654434250765,0.7899401424507164,2,5,2,40.0,23.328609384723826,25.900735294117638,2021-01-14; 2022-04-27,16.1327857631759,3.8672142368241023,历史2/5次成功; 当前距低点3.87%; 最新日涨幅-7.19%; 状态bottom_area; 底部未确认
597,59.99496706307201,50.18433994991282,002338,奥普光电,bottom_area,2024-02-05,19.52,2024-01-25,27.2,2024-02-05,19.48,0.20533880903490323,12.88501026694044,28.38235294117647,28.235294117647058,False,-9.79667282809612,3.8045833333333334,3,11,3,27.27272727272727,27.051630879587613,34.72144063027576,2015-09-08; 2019-05-08; 2020-07-17,19.794661190965098,0.20533880903490323,历史3/11次成功; 当前距低点0.21%; 最新日涨幅-9.80%; 状态bottom_area; 底部未确认
598,59.98825738319503,49.99021448599586,000880,潍柴重机,bottom_area,2024-02-05,6.78,2024-01-26,9.36,2024-02-05,6.78,0.0,9.882005899705014,27.564102564102555,27.564102564102555,False,-9.960159362549803,5.244535078630241,3,12,3,25.0,40.67319616126803,51.803885291396846,2008-04-07; 2008-10-17; 2015-07-16,20.0,0.0,历史3/12次成功; 当前距低点0.00%; 最新日涨幅-9.96%; 状态bottom_area; 底部未确认
599,59.96634492235212,49.9719541019601,002878,元隆雅图,bottom_area,2024-02-05,11.85,2024-01-26,16.26,2024-02-05,11.85,0.0,9.704641350210974,27.121771217712187,27.121771217712187,False,-10.022779043280183,2.608030655424291,2,6,2,33.33333333333333,22.519466497993363,22.936660268714018,2018-06-04; 2022-03-16,20.0,0.0,历史2/6次成功; 当前距低点0.00%; 最新日涨幅-10.02%; 状态bottom_area; 底部未确认
600,59.941741779068394,51.86363511334917,301177,迪阿股份,bottom_area,2024-02-05,19.89,2024-01-26,26.95,2024-02-05,19.49,2.052334530528487,11.493073370959477,27.6808905380334,26.19666048237476,False,-9.836808703535805,0.48648869293858205,1,3,1,33.33333333333333,22.417336073229965,22.417336073229965,2022-04-27,17.947665469471513,2.052334530528487,历史1/3次成功; 当前距低点2.05%; 最新日涨幅-9.84%; 状态bottom_area; 底部未确认
601,59.92076523597457,53.32156201615359,300111,向日葵,bottom_area,2024-02-05,2.02,2024-01-26,2.88,2024-02-05,1.95,3.589743589743593,16.410256410256412,32.291666666666664,29.86111111111111,False,-11.790393013100442,2.3080137484775856,4,11,4,36.36363636363637,25.868988958190993,32.967032967032964,2015-06-30; 2015-08-26; 2020-02-04; 2022-04-27,16.41025641025641,3.589743589743593,历史4/11次成功; 当前距低点3.59%; 最新日涨幅-11.79%; 状态bottom_area; 底部未确认
602,59.88545765528389,49.90454804606991,600722,金牛化工,bottom_area,2024-02-05,3.36,2024-01-26,4.65,2024-02-05,3.36,0.0,10.41666666666667,27.74193548387098,27.74193548387098,False,-9.919571045576415,1.712121553148497,5,17,5,29.411764705882355,30.6538003741899,47.55905511811023,2016-01-18; 2017-11-29; 2020-02-04; 2021-03-10; 2022-04-27,20.0,0.0,历史5/17次成功; 当前距低点0.00%; 最新日涨幅-9.92%; 状态bottom_area; 底部未确认
603,59.87583841557356,52.531068903263204,300215,电科院,bottom_area,2024-02-05,3.29,2024-01-26,4.71,2024-02-05,3.2,2.8124999999999956,19.062499999999996,32.05944798301486,30.148619957537154,False,-15.20618556701031,2.2272765671374364,3,10,3,30.0,25.87940270571607,31.360332294911725,2016-02-01; 2018-02-09; 2022-04-27,17.187500000000007,2.8124999999999956,历史3/10次成功; 当前距低点2.81%; 最新日涨幅-15.21%; 状态bottom_area; 底部未确认
604,59.861029601515106,52.09425044435649,300732,设研院,bottom_area,2024-02-05,6.05,2024-01-26,8.78,2024-02-05,5.91,2.3688663282571856,15.228426395939076,32.6879271070615,31.093394077448743,False,-13.074712643678165,2.4401754780320037,1,3,1,33.33333333333333,27.537270642201822,27.537270642201822,2018-02-07,17.631133671742816,2.3688663282571856,历史1/3次成功; 当前距低点2.37%; 最新日涨幅-13.07%; 状态bottom_area; 底部未确认
605,59.85798049761631,49.88165041468026,600829,人民同泰,bottom_area,2024-02-05,5.43,2024-01-26,7.63,2024-02-05,5.43,0.0,9.760589318600374,28.83355176933159,28.83355176933159,False,-9.950248756218915,1.8120377109072945,4,15,4,26.666666666666668,36.47840724738492,63.84742951907132,1994-03-11; 1994-08-10; 2010-12-28; 2021-02-04,20.0,0.0,历史4/15次成功; 当前距低点0.00%; 最新日涨幅-9.95%; 状态bottom_area; 底部未确认
606,59.84396861589256,49.86997384657713,002413,雷科防务,bottom_area,2024-02-05,3.27,2024-01-26,4.83,2024-02-05,3.27,0.0,10.397553516819567,32.298136645962735,32.298136645962735,False,-9.917355371900827,3.1123476691809127,2,7,2,28.57142857142857,32.288645872534474,35.68281938325991,2020-02-04; 2022-04-27,20.0,0.0,历史2/7次成功; 当前距低点0.00%; 最新日涨幅-9.92%; 状态bottom_area; 底部未确认
607,59.84069205708356,49.86724338090297,002189,中光学,bottom_area,2024-02-05,12.11,2024-01-29,17.12,2024-02-05,12.11,0.0,9.909165978530151,29.264018691588795,29.264018691588795,False,-10.029717682020811,3.5329313256732457,3,13,3,23.076923076923077,44.178727854317046,67.95994993742177,2009-03-02; 2015-09-02; 2020-02-04,20.0,0.0,历史3/13次成功; 当前距低点0.00%; 最新日涨幅-10.03%; 状态bottom_area; 底部未确认
608,59.8104994046179,49.842082837181586,600855,航天长峰,bottom_area,2024-02-05,7.11,2024-01-26,10.08,2024-02-05,7.11,0.0,9.704641350210963,29.464285714285708,29.464285714285708,False,-9.999999999999998,2.0729848768449535,9,29,9,31.03448275862069,26.802076803534653,35.05494505494505,1994-10-17; 1995-12-01; 1997-09-23; 2002-06-06; 2015-06-30; 2015-07-16; 2018-02-09; 2020-02-04; 2022-04-27,20.0,0.0,历史9/29次成功; 当前距低点0.00%; 最新日涨幅-10.00%; 状态bottom_area; 底部未确认
609,59.779933808982555,52.21294301481871,688128,中国电研,bottom_area,2024-02-05,14.78,2024-01-29,19.94,2024-02-05,14.41,2.567661346287295,11.589174184594018,27.733199598796393,25.877632898696096,False,-8.990147783251224,1.9739431396786153,1,3,1,33.33333333333333,30.612244897959183,30.612244897959183,2020-02-03,17.432338653712705,2.567661346287295,历史1/3次成功; 当前距低点2.57%; 最新日涨幅-8.99%; 状态bottom_area; 底部未确认
610,59.75614743270707,50.71278398344287,002219,新里程,bottom_area,2024-02-05,2.03,2024-01-26,2.76,2024-02-05,2.01,0.9950248756218916,11.9402985074627,27.173913043478265,26.44927536231884,False,-8.968609865470857,1.4807824535441252,2,8,2,25.0,44.496993010004175,65.05576208178441,2019-01-31; 2021-08-04,19.00497512437811,0.9950248756218916,历史2/8次成功; 当前距低点1.00%; 最新日涨幅-8.97%; 状态bottom_area; 底部未确认
611,59.714579126017995,54.02478748941388,002841,视源股份,bottom_area,2024-02-05,32.53,2023-12-29,46.1,2024-02-05,31.13,4.497269514937367,7.420494699646639,32.47288503253796,29.436008676789587,False,-1.751736635457557,1.2563710369929044,1,2,1,50.0,34.347107438016536,34.347107438016536,2018-02-06,15.502730485062635,4.497269514937367,历史1/2次成功; 当前距低点4.50%; 最新日涨幅-1.75%; 状态bottom_area; 底部未确认
612,59.668417631917634,49.72368135993136,002802,洪汇新材,bottom_area,2024-02-05,7.88,2024-01-26,11.26,2024-02-05,7.88,0.0,9.51776649746194,30.017761989342805,30.017761989342805,False,-9.942857142857143,2.1060479293507903,2,6,2,33.33333333333333,21.18466680966681,21.71296296296295,2018-02-07; 2021-06-16,20.0,0.0,历史2/6次成功; 当前距低点0.00%; 最新日涨幅-9.94%; 状态bottom_area; 底部未确认
613,59.667829824882894,52.9186959274414,688105,诺唯赞,bottom_area,2024-02-05,18.52,2024-01-29,26.73,2024-02-05,17.91,3.405918481295363,13.735343383584594,32.996632996633,30.714552936775164,False,-9.171162334477689,0.6615470902926591,1,2,1,50.0,25.237580993520524,25.237580993520524,2022-01-10,16.59408151870464,3.405918481295363,历史1/2次成功; 当前距低点3.41%; 最新日涨幅-9.17%; 状态bottom_area; 底部未确认
614,59.652,49.71,002582,好想你,bottom_area,2024-02-05,5.21,2024-01-26,7.18,2024-02-05,5.21,0.0,10.172744721689064,27.437325905292475,27.437325905292475,False,-10.017271157167528,5.723455251349952,1,5,1,20.0,68.07639836289222,68.07639836289222,2020-02-04,20.0,0.0,历史1/5次成功; 当前距低点0.00%; 最新日涨幅-10.02%; 状态bottom_area; 底部未确认
615,59.652,49.71,603058,永吉股份,bottom_area,2024-02-05,6.31,2024-01-26,8.7,2024-02-05,6.31,0.0,12.044374009508727,27.47126436781609,27.47126436781609,False,-9.985734664764623,1.9348492991441073,1,5,1,20.0,81.15942028985508,81.15942028985508,2021-01-14,20.0,0.0,历史1/5次成功; 当前距低点0.00%; 最新日涨幅-9.99%; 状态bottom_area; 底部未确认
616,59.652,49.71,603366,日出东方,bottom_area,2024-02-05,4.11,2024-01-26,5.74,2024-02-05,4.11,0.0,10.705596107055948,28.397212543554005,28.397212543554005,False,-10.065645514223199,2.04046962164755,1,5,1,20.0,53.84615384615383,53.84615384615383,2018-10-19,20.0,0.0,历史1/5次成功; 当前距低点0.00%; 最新日涨幅-10.07%; 状态bottom_area; 底部未确认
617,59.60887756174197,50.38461692474938,300077,国民技术,bottom_area,2024-02-05,6.5,2024-01-26,9.52,2024-02-05,6.45,0.7751937984496096,13.953488372093014,32.24789915966386,31.72268907563025,False,-12.398921832884092,3.1137643234599355,3,9,3,33.33333333333333,21.982394902586808,24.074074074074073,2012-12-04; 2013-06-25; 2019-05-08,19.224806201550393,0.7751937984496096,历史3/9次成功; 当前距低点0.78%; 最新日涨幅-12.40%; 状态bottom_area; 底部未确认
618,59.59240540661212,49.66033783884344,000566,海南海药,bottom_area,2024-02-05,3.1,2024-01-26,4.49,2024-02-05,3.1,0.0,10.645161290322584,30.957683741648108,30.957683741648108,False,-9.883720930232553,1.755392507242947,8,28,8,28.57142857142857,31.161570562138287,38.259833134684136,1995-01-03; 1996-12-25; 1997-05-26; 1997-06-11; 2001-02-23; 2003-11-10; 2014-01-13; 2022-04-27,20.0,0.0,历史8/28次成功; 当前距低点0.00%; 最新日涨幅-9.88%; 状态bottom_area; 底部未确认
619,59.59017866522156,49.65848222101797,600367,红星发展,bottom_area,2024-02-05,8.16,2024-01-26,11.62,2024-02-05,8.16,0.0,10.906862745098046,29.776247848537,29.776247848537,False,-10.033076074972435,1.8379479852870133,3,13,3,23.076923076923077,43.05635602697831,74.36241610738254,2005-06-02; 2012-12-04; 2022-04-26,20.0,0.0,历史3/13次成功; 当前距低点0.00%; 最新日涨幅-10.03%; 状态bottom_area; 底部未确认
620,59.58877478644845,51.36161945321804,300342,天银机电,bottom_area,2024-02-05,8.84,2024-01-25,12.76,2024-02-05,8.68,1.8433179723502322,16.244239631336406,31.974921630094045,30.721003134796238,False,-12.648221343873512,6.52370376146368,2,10,2,20.0,29.37841091492776,32.07142857142856,2015-07-29; 2022-04-27,18.15668202764977,1.8433179723502322,历史2/10次成功; 当前距低点1.84%; 最新日涨幅-12.65%; 状态bottom_area; 底部未确认
621,59.58229420808369,49.651911840069744,603655,朗博科技,bottom_area,2024-02-05,12.97,2024-01-29,18.93,2024-02-05,12.97,0.0,11.102544333076326,31.48441627047015,31.48441627047015,False,-9.993060374739759,0.9326415094339622,2,8,2,25.0,38.854364731557716,53.47923681257015,2020-02-04; 2021-03-15,20.0,0.0,历史2/8次成功; 当前距低点0.00%; 最新日涨幅-9.99%; 状态bottom_area; 底部未确认
622,59.57859506660718,49.64882922217265,002774,快意电梯,bottom_area,2024-02-05,5.45,2024-01-26,7.82,2024-02-05,5.45,0.0,10.458715596330263,30.30690537084399,30.30690537084399,False,-9.917355371900815,2.5640224552927897,2,6,2,33.33333333333333,20.782235961501687,20.862068965517242,2021-01-14; 2022-10-11,20.0,0.0,历史2/6次成功; 当前距低点0.00%; 最新日涨幅-9.92%; 状态bottom_area; 底部未确认
623,59.57259098748751,49.64382582290626,600784,鲁银投资,bottom_area,2024-02-05,4.39,2024-01-29,6.1,2024-02-05,4.39,0.0,10.706150341685666,28.0327868852459,28.0327868852459,False,-10.040983606557386,1.880686359905226,4,13,4,30.76923076923077,26.310891521001373,28.90365448504984,1999-03-03; 2008-09-18; 2009-08-19; 2013-06-25,20.0,0.0,历史4/13次成功; 当前距低点0.00%; 最新日涨幅-10.04%; 状态bottom_area; 底部未确认
624,59.53793685825772,49.614947381881436,000852,石化机械,bottom_area,2024-02-05,5.46,2024-01-25,7.61,2024-02-05,5.46,0.0,10.439560439560445,28.25229960578187,28.25229960578187,False,-10.049423393739708,2.5543354385161807,5,16,5,31.25,25.113964418717398,33.53115727002968,2007-06-05; 2007-06-26; 2007-10-30; 2008-04-22; 2017-07-18,20.0,0.0,历史5/16次成功; 当前距低点0.00%; 最新日涨幅-10.05%; 状态bottom_area; 底部未确认
625,59.52864966528475,49.60720805440396,002196,方正电机,bottom_area,2024-02-05,4.37,2024-01-26,6.21,2024-02-05,4.37,0.0,10.068649885583513,29.629629629629626,29.629629629629626,False,-9.896907216494832,4.487476192296661,4,13,4,30.76923076923077,26.11402179787073,29.585798816568047,2008-09-18; 2009-03-02; 2012-11-30; 2017-12-26,20.0,0.0,历史4/13次成功; 当前距低点0.00%; 最新日涨幅-9.90%; 状态bottom_area; 底部未确认
626,59.508889351033424,52.48640302091964,003022,联泓新科,bottom_area,2024-02-05,12.96,2024-01-26,17.48,2024-02-05,12.57,3.10262529832936,10.66030230708035,28.08924485125858,25.858123569794046,False,-7.03012912482065,0.6333706619530503,1,4,1,25.0,40.02897151134717,40.02897151134717,2021-10-12,16.897374701670643,3.10262529832936,历史1/4次成功; 当前距低点3.10%; 最新日涨幅-7.03%; 状态bottom_area; 底部未确认
627,59.49135624336029,51.95751636974698,300011,鼎汉技术,bottom_area,2024-02-05,4.8,2024-01-26,6.92,2024-02-05,4.68,2.5641025641025665,16.452991452991466,32.369942196531795,30.63583815028902,False,-11.926605504587162,3.536892505433262,2,8,2,25.0,30.584248472585113,40.183486238532105,2019-01-31; 2021-02-10,17.435897435897434,2.5641025641025665,历史2/8次成功; 当前距低点2.56%; 最新日涨幅-11.93%; 状态bottom_area; 底部未确认
628,59.45485559029384,49.545712991911536,603721,中广天择,bottom_area,2024-02-05,21.29,2024-01-31,29.21,2024-02-05,21.29,0.0,4.274307186472523,27.114002054091067,27.114002054091067,False,-10.016906170752327,1.493076923076923,3,10,3,30.0,27.45006984898672,38.971583220568334,2019-11-29; 2021-02-09; 2023-05-26,20.0,0.0,历史3/10次成功; 当前距低点0.00%; 最新日涨幅-10.02%; 状态bottom_area; 底部未确认
629,59.451340639273404,50.875230375906334,002026,山东威达,bottom_area,2024-02-05,6.3,2024-01-26,8.75,2024-02-05,6.21,1.4492753623188384,9.82286634460548,29.028571428571432,28.000000000000004,False,-8.695652173913048,2.4052546129859205,2,11,2,18.181818181818183,25.872610079142756,29.397590361445776,2006-08-21; 2022-04-27,18.550724637681164,1.4492753623188384,历史2/11次成功; 当前距低点1.45%; 最新日涨幅-8.70%; 状态bottom_area; 底部未确认
630,59.44100523038609,52.99454545454548,300894,火星人,bottom_area,2024-02-05,10.95,2024-01-26,15.02,2024-02-05,10.56,3.693181818181807,13.63636363636363,29.693741677762976,27.097203728362185,False,-8.977556109725683,1.8618273323507646,1,4,1,25.0,52.86923800564439,52.86923800564439,2021-01-14,16.306818181818194,3.693181818181807,历史1/4次成功; 当前距低点3.69%; 最新日涨幅-8.98%; 状态bottom_area; 底部未确认
631,59.41305275095712,49.71693845410523,300629,新劲刚,bottom_area,2024-02-05,13.27,2024-01-25,18.28,2024-02-05,13.24,0.2265861027190284,14.803625377643497,27.5711159737418,27.407002188183817,False,-13.267973856209158,5.6648736852650945,2,7,2,28.57142857142857,21.985317494725276,23.157894736842096,2018-02-09; 2023-06-07,19.77341389728097,0.2265861027190284,历史2/7次成功; 当前距低点0.23%; 最新日涨幅-13.27%; 状态bottom_area; 底部未确认
632,59.38234601005421,51.66638004309239,603016,新宏泰,bottom_area,2024-02-05,15.2,2024-01-26,20.39,2024-02-05,14.85,2.3569023569023546,7.609427609427614,27.170181461500743,25.453653751839145,False,-7.878787878787885,1.0984746220302375,1,5,1,20.0,37.31245923026745,37.31245923026745,2019-01-31,17.643097643097647,2.3569023569023546,历史1/5次成功; 当前距低点2.36%; 最新日涨幅-7.88%; 状态bottom_area; 底部未确认
633,59.367466534185404,52.25795416519902,300718,长盛轴承,bottom_area,2024-02-05,12.04,2024-01-24,16.22,2024-02-05,11.69,2.9940119760479016,11.12061591103508,27.928483353884094,25.770653514180026,False,-8.231707317073166,2.858780155119937,1,4,1,25.0,37.46936274509803,37.46936274509803,2018-02-06,17.0059880239521,2.9940119760479016,历史1/4次成功; 当前距低点2.99%; 最新日涨幅-8.23%; 状态bottom_area; 底部未确认
634,59.32135588809592,50.04437409883432,002907,华森制药,bottom_area,2024-02-05,10.53,2024-01-26,15.08,2024-02-05,10.46,0.6692160611854541,10.994263862332682,30.636604774535805,30.172413793103452,False,-9.380378657487087,1.2633677131359322,2,7,2,28.57142857142857,29.17151077447009,30.476190476190478,2018-10-19; 2022-01-07,19.330783938814548,0.6692160611854541,历史2/7次成功; 当前距低点0.67%; 最新日涨幅-9.38%; 状态bottom_area; 底部未确认
635,59.310331944776735,49.42527662064728,600235,民丰特纸,bottom_area,2024-02-05,4.22,2024-01-26,5.88,2024-02-05,4.22,0.0,10.189573459715655,28.231292517006807,28.231292517006807,False,-10.021321961620478,3.750640478223741,4,18,4,22.22222222222222,43.654414328450144,69.31330472103004,2006-04-28; 2015-09-02; 2019-01-31; 2020-02-04,20.0,0.0,历史4/18次成功; 当前距低点0.00%; 最新日涨幅-10.02%; 状态bottom_area; 底部未确认
636,59.276875601060055,49.397396334216715,600791,京能置业,bottom_area,2024-02-05,3.65,2024-01-29,5.22,2024-02-05,3.65,0.0,9.589041095890414,30.07662835249042,30.07662835249042,False,-10.098522167487678,2.0100871983640363,6,20,6,30.0,26.652668463530706,40.89775561097259,1999-01-05; 2008-01-23; 2008-03-18; 2008-04-22; 2008-06-11; 2009-08-19,20.0,0.0,历史6/20次成功; 当前距低点0.00%; 最新日涨幅-10.10%; 状态bottom_area; 底部未确认
637,59.16722764731095,52.30252167718095,300201,海伦哲,bottom_area,2024-02-05,3.2,2024-01-26,4.34,2024-02-05,3.1,3.2258064516129057,15.161290322580637,28.571428571428566,26.267281105990776,False,-10.6145251396648,3.562834242810308,2,7,2,28.57142857142857,32.812229422433674,39.52095808383235,2015-06-30; 2019-12-03,16.774193548387096,3.2258064516129057,历史2/7次成功; 当前距低点3.23%; 最新日涨幅-10.61%; 状态bottom_area; 底部未确认
638,59.167069090050525,49.30589090837544,600857,宁波中百,bottom_area,2024-02-05,6.53,2024-01-26,9.19,2024-02-05,6.53,0.0,10.7197549770291,28.94450489662676,28.94450489662676,False,-9.931034482758616,2.697442329806092,5,17,5,29.411764705882355,27.435213612391657,34.28571428571428,1994-08-10; 1998-08-18; 2007-06-26; 2008-06-20; 2010-07-02,20.0,0.0,历史5/17次成功; 当前距低点0.00%; 最新日涨幅-9.93%; 状态bottom_area; 底部未确认
639,59.114499599729186,49.26208299977432,600262,北方股份,bottom_area,2024-02-05,13.14,2024-01-29,18.17,2024-02-05,13.14,0.0,10.273972602739722,27.682993946064943,27.682993946064943,False,-9.999999999999998,2.5883529411764705,6,20,6,30.0,25.925177418141505,41.13252064490759,2002-10-29; 2002-11-27; 2012-01-06; 2015-06-23; 2015-06-30; 2015-08-25,20.0,0.0,历史6/20次成功; 当前距低点0.00%; 最新日涨幅-10.00%; 状态bottom_area; 底部未确认
640,59.087828703525034,49.23985725293753,000159,国际实业,bottom_area,2024-02-05,4.32,2024-01-26,6.06,2024-02-05,4.32,0.0,9.953703703703697,28.712871287128706,28.712871287128706,False,-9.999999999999986,2.7852458741950707,6,21,6,28.57142857142857,28.900922250816226,51.24324324324324,2007-10-26; 2010-07-02; 2012-12-04; 2013-06-25; 2015-06-30; 2022-12-23,20.0,0.0,历史6/21次成功; 当前距低点0.00%; 最新日涨幅-10.00%; 状态bottom_area; 底部未确认
641,59.06887154776033,49.22405962313361,000980,众泰汽车,bottom_area,2024-02-05,1.95,2024-01-30,2.71,2024-02-05,1.95,0.0,10.256410256410255,28.044280442804432,28.044280442804432,False,-9.722222222222232,2.1655127357128032,4,15,4,26.666666666666668,32.94297288423086,43.49775784753364,2009-03-03; 2018-10-19; 2021-06-07; 2022-03-11,20.0,0.0,历史4/15次成功; 当前距低点0.00%; 最新日涨幅-9.72%; 状态bottom_area; 底部未确认
642,59.01620599916961,49.414870966766735,601116,三江购物,bottom_area,2024-02-05,7.72,2024-01-25,11.44,2024-02-05,7.7,0.25974025974025416,11.038961038961045,32.692307692307686,32.51748251748251,False,-9.81308411214954,1.8515428085041068,2,9,2,22.22222222222222,34.5243182979514,38.660287081339725,2018-10-19; 2020-02-04,19.740259740259745,0.25974025974025416,历史2/9次成功; 当前距低点0.26%; 最新日涨幅-9.81%; 状态bottom_area; 底部未确认
643,58.988757306994074,49.157297755828395,002098,浔兴股份,bottom_area,2024-02-05,4.64,2024-01-26,6.46,2024-02-05,4.64,0.0,9.051724137931034,28.173374613003098,28.173374613003098,False,-9.902912621359238,2.460921787709497,4,14,4,28.57142857142857,28.457053986788615,40.02642007926023,2008-04-22; 2013-06-25; 2015-06-30; 2019-01-31,20.0,0.0,历史4/14次成功; 当前距低点0.00%; 最新日涨幅-9.90%; 状态bottom_area; 底部未确认
644,58.95016266557545,49.12513555464621,002264,新华都,bottom_area,2024-02-05,3.66,2024-01-26,5.07,2024-02-05,3.66,0.0,11.475409836065571,27.810650887573967,27.810650887573967,False,-10.073710073710075,3.072759335753029,3,10,3,30.0,25.188900831431223,26.497277676950997,2012-08-03; 2017-04-19; 2022-04-28,20.0,0.0,历史3/10次成功; 当前距低点0.00%; 最新日涨幅-10.07%; 状态bottom_area; 底部未确认
645,58.932577075425826,49.11048089618819,000593,德龙汇能,bottom_area,2024-02-05,4.74,2024-01-26,6.99,2024-02-05,4.74,0.0,10.759493670886071,32.18884120171674,32.18884120171674,False,-10.056925996204924,2.8617798297296444,5,18,5,27.77777777777778,29.92492715991259,45.41910331384016,2001-08-07; 2008-09-18; 2013-06-25; 2015-09-08; 2019-02-01,20.0,0.0,历史5/18次成功; 当前距低点0.00%; 最新日涨幅-10.06%; 状态bottom_area; 底部未确认
646,58.93170203975805,49.10975169979838,600691,潞化科技,bottom_area,2024-02-05,2.17,2024-01-26,3.02,2024-02-05,2.17,0.0,10.138248847926276,28.145695364238417,28.145695364238417,False,-9.958506224066399,1.3704071692838937,5,20,5,25.0,35.93952526773322,51.30890052356022,1994-10-05; 1995-01-12; 1998-06-10; 2020-02-04; 2021-11-16,20.0,0.0,历史5/20次成功; 当前距低点0.00%; 最新日涨幅-9.96%; 状态bottom_area; 底部未确认
647,58.88396321172396,49.0699693431033,002279,久其软件,bottom_area,2024-02-05,4.31,2024-01-26,5.94,2024-02-05,4.31,0.0,13.689095127610226,27.441077441077454,27.441077441077454,False,-10.020876826722347,3.662844218023056,3,10,3,30.0,24.89230829625431,25.915492957746476,2014-12-09; 2015-07-29; 2022-04-27,20.0,0.0,历史3/10次成功; 当前距低点0.00%; 最新日涨幅-10.02%; 状态bottom_area; 底部未确认
648,58.8644083671558,49.0536736392965,002970,锐明技术,bottom_area,2024-02-05,20.57,2024-01-26,28.97,2024-02-05,20.57,0.0,11.084103062712694,28.99551259924059,28.99551259924059,False,-9.97811816192561,2.7497693575614326,1,3,1,33.33333333333333,34.24914142990946,34.24914142990946,2021-10-28,20.0,0.0,历史1/3次成功; 当前距低点0.00%; 最新日涨幅-9.98%; 状态bottom_area; 底部未确认
649,58.80545109278159,49.00454257731799,603818,曲美家居,bottom_area,2024-02-05,3.43,2024-01-26,4.98,2024-02-05,3.43,0.0,10.49562682215743,31.124497991967875,31.124497991967875,False,-9.973753280839892,1.6425753954846973,2,8,2,25.0,35.37388482429026,40.63504823151127,2015-07-29; 2020-02-04,20.0,0.0,历史2/8次成功; 当前距低点0.00%; 最新日涨幅-9.97%; 状态bottom_area; 底部未确认
650,58.80101592115239,49.00084660096033,603390,通达电气,bottom_area,2024-02-05,6.17,2024-01-29,8.53,2024-02-05,6.17,0.0,9.886547811993522,27.66705744431418,27.66705744431418,False,-9.927007299270073,2.243591440960126,1,3,1,33.33333333333333,33.96512509476878,33.96512509476878,2020-02-04,20.0,0.0,历史1/3次成功; 当前距低点0.00%; 最新日涨幅-9.93%; 状态bottom_area; 底部未确认
651,58.78188641846211,51.81382085517936,002763,汇洁股份,bottom_area,2024-02-05,6.38,2024-01-26,8.8,2024-02-05,6.19,3.0694668820678435,11.147011308562188,29.659090909090914,27.500000000000007,False,-6.99708454810496,3.203045188605734,1,4,1,25.0,36.00648035641959,36.00648035641959,2015-08-25,16.930533117932157,3.0694668820678435,历史1/4次成功; 当前距低点3.07%; 最新日涨幅-7.00%; 状态bottom_area; 底部未确认
652,58.75648911533117,48.96374092944264,603332,苏州龙杰,bottom_area,2024-02-05,7.11,2024-01-26,10.16,2024-02-05,7.11,0.0,8.860759493670885,30.019685039370074,30.019685039370074,False,-9.999999999999998,2.074997898794951,1,3,1,33.33333333333333,33.765632237146825,33.765632237146825,2020-02-04,20.0,0.0,历史1/3次成功; 当前距低点0.00%; 最新日涨幅-10.00%; 状态bottom_area; 底部未确认
653,58.721184456435886,48.93432038036324,002298,中电鑫龙,bottom_area,2024-02-05,3.5,2024-01-26,4.97,2024-02-05,3.5,0.0,9.71428571428571,29.57746478873239,29.57746478873239,False,-10.025706940874034,2.712827734286785,3,10,3,30.0,24.16301279765181,24.64589235127478,2015-09-02; 2018-02-09; 2022-10-10,20.0,0.0,历史3/10次成功; 当前距低点0.00%; 最新日涨幅-10.03%; 状态bottom_area; 底部未确认
654,58.71499548262087,48.92916290218406,000035,中国天楹,bottom_area,2024-02-05,3.29,2024-01-26,4.52,2024-02-05,3.29,0.0,11.246200607902738,27.212389380530965,27.212389380530965,False,-10.10928961748634,2.3381710847499875,5,22,5,22.727272727272727,39.89286017792016,109.14127423822715,1995-02-28; 2003-11-07; 2007-01-19; 2007-07-06; 2009-08-20,20.0,0.0,历史5/22次成功; 当前距低点0.00%; 最新日涨幅-10.11%; 状态bottom_area; 底部未确认
655,58.686824236497294,48.905686863747746,002164,宁波东力,bottom_area,2024-02-05,3.77,2024-01-26,5.32,2024-02-05,3.77,0.0,10.610079575596815,29.135338345864664,29.135338345864664,False,-10.023866348448696,3.3063818544573893,3,11,3,27.27272727272727,29.918160069024996,45.468509984639034,2008-04-03; 2018-08-22; 2021-01-25,20.0,0.0,历史3/11次成功; 当前距低点0.00%; 最新日涨幅-10.02%; 状态bottom_area; 底部未确认
656,58.668174362312016,50.879510030611726,603439,三力制药,bottom_area,2024-02-05,12.66,2024-01-26,17.33,2024-02-05,12.39,2.1791767554479384,10.815173527037931,28.50548182342757,26.947489901904202,False,-8.061002178649234,2.7047084779532127,1,4,1,25.0,20.07007007007006,20.07007007007006,2020-12-11,17.820823244552063,2.1791767554479384,历史1/4次成功; 当前距低点2.18%; 最新日涨幅-8.06%; 状态bottom_area; 底部未确认
657,58.66443599087945,48.88702999239954,002858,力盛体育,bottom_area,2024-02-05,11.17,2024-01-26,16.16,2024-02-05,11.17,0.0,10.653536257833478,30.878712871287128,30.878712871287128,False,-9.991941982272367,4.516851970483,3,10,3,30.0,23.908763399997493,27.574525745257443,2018-06-22; 2020-02-04; 2023-12-28,20.0,0.0,历史3/10次成功; 当前距低点0.00%; 最新日涨幅-9.99%; 状态bottom_area; 底部未确认
658,58.64538007745791,48.87115006454826,600151,航天机电,bottom_area,2024-02-05,4.29,2024-01-26,6.06,2024-02-05,4.29,0.0,10.023310023310017,29.2079207920792,29.2079207920792,False,-10.062893081760993,2.124333289938192,4,15,4,26.666666666666668,31.04560966603008,44.736842105263165,2008-11-04; 2015-06-30; 2016-02-01; 2020-09-28,20.0,0.0,历史4/15次成功; 当前距低点0.00%; 最新日涨幅-10.06%; 状态bottom_area; 底部未确认
659,58.64364179824545,51.457550024281005,300055,万邦达,bottom_area,2024-02-05,4.01,2024-01-26,5.81,2024-02-05,3.9,2.8205128205128176,17.948717948717942,32.87435456110155,30.98106712564544,False,-14.498933901918987,2.147715114343351,3,13,3,23.076923076923077,35.20601750027006,41.555977229601524,2015-07-07; 2018-10-12; 2020-02-04,17.179487179487186,2.8205128205128176,历史3/13次成功; 当前距低点2.82%; 最新日涨幅-14.50%; 状态bottom_area; 底部未确认
660,58.60133136367029,48.83444280305858,600774,汉商集团,bottom_area,2024-02-05,6.09,2024-01-26,9.08,2024-02-05,6.09,0.0,10.180623973727423,32.929515418502206,32.929515418502206,False,-10.044313146233375,2.0411340251662056,7,25,7,28.000000000000004,27.959369908917083,35.972461273666106,2006-11-13; 2011-01-17; 2013-04-08; 2015-07-17; 2015-08-26; 2016-12-13; 2022-12-29,20.0,0.0,历史7/25次成功; 当前距低点0.00%; 最新日涨幅-10.04%; 状态bottom_area; 底部未确认
661,58.59992577527536,50.9960920683445,002254,泰和新材,bottom_area,2024-02-05,9.51,2024-01-26,12.9,2024-02-05,9.29,2.368137782561902,11.194833153928966,27.984496124031015,26.279069767441865,False,-5.934718100890201,2.7672808274766454,2,8,2,25.0,23.01315168056789,25.699745547073803,2009-04-28; 2022-04-27,17.631862217438098,2.368137782561902,历史2/8次成功; 当前距低点2.37%; 最新日涨幅-5.93%; 状态bottom_area; 底部未确认
662,58.519538718650765,48.76628226554231,600770,综艺股份,bottom_area,2024-02-05,3.06,2024-01-26,4.35,2024-02-05,3.06,0.0,13.398692810457522,29.655172413793096,29.655172413793096,False,-9.999999999999998,1.8685846153846153,5,18,5,27.77777777777778,28.074396887622914,37.054631828978614,2007-06-26; 2007-10-26; 2015-07-29; 2018-02-09; 2020-02-04,20.0,0.0,历史5/18次成功; 当前距低点0.00%; 最新日涨幅-10.00%; 状态bottom_area; 底部未确认
663,58.4872910188143,48.73940918234525,600651,飞乐音响,bottom_area,2024-02-05,2.51,2024-01-26,3.72,2024-02-05,2.51,0.0,9.9601593625498,32.52688172043012,32.52688172043012,False,-10.035842293906816,1.2924187685131903,8,30,8,26.666666666666668,30.33732535311065,45.98540145985401,1992-04-27; 1993-02-24; 1993-07-27; 1993-12-20; 1998-10-08; 2008-02-01; 2012-12-04; 2015-06-30,20.0,0.0,历史8/30次成功; 当前距低点0.00%; 最新日涨幅-10.04%; 状态bottom_area; 底部未确认
664,58.44957354019053,48.70797795015878,000753,漳州发展,bottom_area,2024-02-05,2.84,2024-01-26,4.02,2024-02-05,2.84,0.0,10.915492957746482,29.353233830845767,29.353233830845767,False,-10.126582278481022,2.046040023140885,3,12,3,25.0,33.779451344939645,43.344709897610926,2011-01-21; 2020-02-04; 2022-04-27,20.0,0.0,历史3/12次成功; 当前距低点0.00%; 最新日涨幅-10.13%; 状态bottom_area; 底部未确认
665,58.44185185185185,48.70154320987655,002278,神开股份,bottom_area,2024-02-05,3.92,2024-01-26,5.58,2024-02-05,3.92,0.0,10.459183673469392,29.749103942652333,29.749103942652333,False,-10.091743119266061,4.5522369382121735,1,4,1,25.0,33.74485596707818,33.74485596707818,2022-03-16,20.0,0.0,历史1/4次成功; 当前距低点0.00%; 最新日涨幅-10.09%; 状态bottom_area; 底部未确认
666,58.42773670759833,48.689780589665276,603956,威派格,bottom_area,2024-02-05,5.54,2024-01-26,7.7,2024-02-05,5.54,0.0,10.108303249097466,28.051948051948056,28.051948051948056,False,-9.918699186991875,1.291738684286157,2,7,2,28.57142857142857,25.943520835373977,30.757220921155344,2019-10-11; 2020-02-04,20.0,0.0,历史2/7次成功; 当前距低点0.00%; 最新日涨幅-9.92%; 状态bottom_area; 底部未确认
667,58.42150341685171,52.413786061434564,300504,天邑股份,bottom_area,2024-02-05,11.08,2024-01-26,15.71,2024-02-05,10.65,4.037558685446006,18.873239436619716,32.20878421387651,29.471674092934443,False,-11.14675220529271,2.44768072814504,2,7,2,28.57142857142857,43.36093629013835,65.19823788546255,2019-05-08; 2020-02-04,15.962441314553994,4.037558685446006,历史2/7次成功; 当前距低点4.04%; 最新日涨幅-11.15%; 状态bottom_area; 底部未确认
668,58.41692937300647,48.680774477505395,002329,皇氏集团,bottom_area,2024-02-05,3.63,2024-01-26,5.32,2024-02-05,3.63,0.0,10.468319559228648,31.76691729323309,31.76691729323309,False,-9.925558312655092,4.518358076583718,3,11,3,27.27272727272727,28.708953691377975,33.95138030490317,2015-09-02; 2017-12-28; 2022-02-07,20.0,0.0,历史3/11次成功; 当前距低点0.00%; 最新日涨幅-9.93%; 状态bottom_area; 底部未确认
669,58.37585095823471,48.646542465195594,002140,东华科技,bottom_area,2024-02-05,6.17,2024-01-26,8.57,2024-02-05,6.17,0.0,10.85899513776337,28.0046674445741,28.0046674445741,False,-9.927007299270073,1.6546447792743284,2,7,2,28.57142857142857,25.71105780059073,26.088069636456723,2007-11-28; 2015-06-30,20.0,0.0,历史2/7次成功; 当前距低点0.00%; 最新日涨幅-9.93%; 状态bottom_area; 底部未确认
670,58.3455654578427,50.6570305162921,000766,通化金马,bottom_area,2024-02-05,13.23,2024-01-26,17.87,2024-02-05,12.94,2.2411128284389563,13.137557959814538,27.58813654168999,25.965304980414107,False,-7.997218358831715,5.5598933723599355,3,13,3,23.076923076923077,23.799826694262997,28.237129485179413,2002-01-23; 2015-09-08; 2017-07-18,17.758887171561042,2.2411128284389563,历史3/13次成功; 当前距低点2.24%; 最新日涨幅-8.00%; 状态bottom_area; 底部未确认
671,58.33027772946572,48.60856477455477,600202,哈空调,bottom_area,2024-02-05,4.14,2024-01-26,5.92,2024-02-05,4.14,0.0,9.66183574879228,30.067567567567572,30.067567567567572,False,-9.999999999999998,2.946204227187752,3,14,3,21.428571428571427,40.98306714430367,54.39672801635993,2016-01-12; 2022-04-28; 2023-10-23,20.0,0.0,历史3/14次成功; 当前距低点0.00%; 最新日涨幅-10.00%; 状态bottom_area; 底部未确认
672,58.26651249807295,50.9663947219577,688357,建龙微纳,bottom_area,2024-02-05,34.88,2024-01-26,47.12,2024-02-05,33.98,2.6486168334314475,12.095350206003552,27.88624787775892,25.97623089983021,False,-6.66309874230665,0.7358592030906487,1,4,1,25.0,26.291618828932272,26.291618828932272,2022-08-02,17.351383166568553,2.6486168334314475,历史1/4次成功; 当前距低点2.65%; 最新日涨幅-6.66%; 状态bottom_area; 底部未确认
673,58.150108803459794,50.416699770817445,300292,吴通控股,bottom_area,2024-02-05,2.36,2024-01-26,3.4,2024-02-05,2.31,2.164502164502157,16.450216450216445,32.05882352941176,30.58823529411765,False,-12.915129151291517,4.195718412082587,1,5,1,20.0,28.23529411764707,28.23529411764707,2019-02-01,17.835497835497844,2.164502164502157,历史1/5次成功; 当前距低点2.16%; 最新日涨幅-12.92%; 状态bottom_area; 底部未确认
674,58.14813953488372,48.456782945736435,003041,真爱美家,bottom_area,2024-02-05,11.05,2024-01-26,15.59,2024-02-05,11.05,0.0,8.597285067873296,29.121231558691463,29.121231558691463,False,-10.016286644951133,1.7279208286000516,1,4,1,25.0,32.428940568475454,32.428940568475454,2022-10-28,20.0,0.0,历史1/4次成功; 当前距低点0.00%; 最新日涨幅-10.02%; 状态bottom_area; 底部未确认
675,58.095538216498305,48.41294851374859,600463,空港股份,bottom_area,2024-02-05,6.92,2024-01-26,9.75,2024-02-05,6.92,0.0,10.260115606936415,29.025641025641026,29.025641025641026,False,-10.013003901170359,0.8879666666666666,3,11,3,27.27272727272727,27.269029155051022,37.30569948186528,2005-07-18; 2015-06-30; 2024-01-23,20.0,0.0,历史3/11次成功; 当前距低点0.00%; 最新日涨幅-10.01%; 状态bottom_area; 底部未确认
676,58.07765185349945,52.484688869701166,600876,凯盛新能,bottom_area,2024-02-05,10.36,2024-01-26,13.93,2024-02-05,9.92,4.435483870967737,10.383064516129025,28.786791098348885,25.628140703517587,False,-4.954128440366978,1.406078220761989,7,24,7,29.166666666666668,47.3302442410803,171.78683385579942,2000-05-12; 2007-01-05; 2008-04-22; 2012-12-04; 2015-01-15; 2015-08-04; 2015-09-08,15.564516129032263,4.435483870967737,历史7/24次成功; 当前距低点4.44%; 最新日涨幅-4.95%; 状态bottom_area; 底部未确认
677,58.04281068643518,48.369008905362655,002167,东方锆业,bottom_area,2024-02-05,4.14,2024-01-26,5.83,2024-02-05,4.14,0.0,9.66183574879228,28.98799313893654,28.98799313893654,False,-9.999999999999998,2.3383019311280226,3,12,3,25.0,31.95703712560563,41.1650485436893,2008-04-03; 2020-02-05; 2022-04-27,20.0,0.0,历史3/12次成功; 当前距低点0.00%; 最新日涨幅-10.00%; 状态bottom_area; 底部未确认
678,58.04,48.36666666666667,002292,奥飞娱乐,bottom_area,2024-02-05,5.45,2024-01-26,7.51,2024-02-05,5.45,0.0,10.825688073394492,27.43009320905459,27.43009320905459,False,-9.917355371900815,6.12284433861326,1,6,1,16.666666666666664,59.430122116689276,59.430122116689276,2012-12-04,20.0,0.0,历史1/6次成功; 当前距低点0.00%; 最新日涨幅-9.92%; 状态bottom_area; 底部未确认
679,57.97443125423345,52.009284720934446,002928,华夏航空,bottom_area,2024-02-05,4.9,2024-01-26,6.52,2024-02-05,4.71,4.0339702760085006,11.040339702760095,27.760736196319012,24.846625766871156,False,-6.309751434034416,2.6327395152825774,2,6,2,33.33333333333333,30.824750628497277,36.84210526315789,2020-02-04; 2023-10-23,15.9660297239915,4.0339702760085006,历史2/6次成功; 当前距低点4.03%; 最新日涨幅-6.31%; 状态bottom_area; 底部未确认
680,57.96139837605302,48.373798644675844,300780,德恩精工,bottom_area,2024-02-05,12.21,2024-01-26,17.28,2024-02-05,12.2,0.08196721311476692,16.475409836065587,29.398148148148156,29.34027777777778,False,-13.465627214741305,7.141894269651177,1,4,1,25.0,20.729483282674774,20.729483282674774,2020-02-04,19.918032786885234,0.08196721311476692,历史1/4次成功; 当前距低点0.08%; 最新日涨幅-13.47%; 状态bottom_area; 底部未确认
681,57.87085785697753,50.7221048275862,002324,普利特,bottom_area,2024-02-05,7.45,2024-01-25,10.0,2024-02-05,7.25,2.758620689655175,11.586206896551722,27.500000000000004,25.5,False,-7.453416149068326,2.5913723494746352,1,5,1,20.0,37.16,37.16,2015-07-07,17.241379310344826,2.758620689655175,历史1/5次成功; 当前距低点2.76%; 最新日涨幅-7.45%; 状态bottom_area; 底部未确认
682,57.85796077198433,50.57832219516849,300468,四方精创,bottom_area,2024-02-05,6.67,2024-01-26,9.49,2024-02-05,6.5,2.615384615384614,14.615384615384619,31.506849315068497,29.715489989462597,False,-10.7095046854083,4.0996840284623595,2,8,2,25.0,23.797844721749517,25.358255451713397,2016-01-14; 2017-12-06,17.384615384615387,2.615384615384614,历史2/8次成功; 当前距低点2.62%; 最新日涨幅-10.71%; 状态bottom_area; 底部未确认
683,57.81617937550747,51.81108183062689,600196,复星医药,bottom_area,2024-02-05,21.19,2023-11-09,29.04,2024-02-05,20.38,3.9744847890088435,6.280667320902852,29.820936639118457,27.031680440771343,False,-1.4876801487680114,0.8602075418148905,4,14,4,28.57142857142857,29.132373307964166,48.807157057654074,2002-01-21; 2008-03-18; 2015-07-09; 2019-06-05,16.02551521099116,3.9744847890088435,历史4/14次成功; 当前距低点3.97%; 最新日涨幅-1.49%; 状态bottom_area; 底部未确认
684,57.785136952267976,49.03126272853864,600963,岳阳林纸,bottom_area,2024-02-05,4.1,2024-01-26,5.64,2024-02-05,4.06,0.9852216748768483,10.591133004926125,28.01418439716312,27.30496453900709,False,-9.090909090909093,1.7672091955200162,3,12,3,25.0,35.33638788848308,40.707964601769895,2005-12-06; 2015-06-30; 2020-06-12,19.014778325123153,0.9852216748768483,历史3/12次成功; 当前距低点0.99%; 最新日涨幅-9.09%; 状态bottom_area; 底部未确认
685,57.7749548461884,48.31949322983943,002383,合众思壮,bottom_area,2024-02-05,5.1,2024-01-26,7.15,2024-02-05,5.09,0.1964636542239644,11.198428290766214,28.811188811188813,28.671328671328677,False,-9.734513274336297,2.1860166903530502,2,10,2,20.0,32.67435678209713,34.530938123752506,2015-06-30; 2019-05-08,19.80353634577604,0.1964636542239644,历史2/10次成功; 当前距低点0.20%; 最新日涨幅-9.73%; 状态bottom_area; 底部未确认
686,57.746925920060235,50.259774017459335,300160,秀强股份,bottom_area,2024-02-05,3.88,2024-01-26,5.48,2024-02-05,3.79,2.374670184696566,13.984168865435361,30.839416058394164,29.197080291970813,False,-11.818181818181827,2.5270956027291693,1,6,1,16.666666666666664,37.19008264462811,37.19008264462811,2020-09-11,17.625329815303438,2.374670184696566,历史1/6次成功; 当前距低点2.37%; 最新日涨幅-11.82%; 状态bottom_area; 底部未确认
687,57.73528362164695,50.859746956881224,605286,同力天启,bottom_area,2024-02-05,17.99,2024-01-29,25.04,2024-02-05,17.46,3.0355097365406505,10.080183276059552,30.271565495207664,28.15495207667732,False,-7.2680412371133984,2.657202380952381,1,4,1,25.0,30.46080191502094,30.46080191502094,2021-07-28,16.96449026345935,3.0355097365406505,历史1/4次成功; 当前距低点3.04%; 最新日涨幅-7.27%; 状态bottom_area; 底部未确认
688,57.718763710022486,48.85589202922742,688456,有研粉材,bottom_area,2024-02-05,17.75,2024-01-26,25.71,2024-02-05,17.6,0.8522727272727191,19.034090909090896,31.54414624659665,30.9607156748347,False,-15.476190476190476,1.6776963148755548,1,3,1,33.33333333333333,31.374949000407998,31.374949000407998,2021-11-03,19.147727272727284,0.8522727272727191,历史1/3次成功; 当前距低点0.85%; 最新日涨幅-15.48%; 状态bottom_area; 底部未确认
689,57.6977329156752,50.218923769877975,002240,盛新锂能,bottom_area,2024-02-05,17.66,2024-01-26,24.08,2024-02-05,17.25,2.3768115942028993,8.927536231884053,28.363787375415278,26.661129568106308,False,-7.3938122705820675,2.4816169262521335,2,12,2,16.666666666666664,36.9967071935157,40.57142857142857,2020-02-04; 2022-04-26,17.6231884057971,2.3768115942028993,历史2/12次成功; 当前距低点2.38%; 最新日涨幅-7.39%; 状态bottom_area; 底部未确认
690,57.66253020296109,50.19953296833525,002218,拓日新能,bottom_area,2024-02-05,3.0,2024-01-26,4.08,2024-02-05,2.93,2.3890784982935096,10.921501706484635,28.186274509803923,26.47058823529412,False,-7.692307692307687,1.4619243614951147,2,10,2,20.0,29.82060185185184,35.93749999999999,2015-06-30; 2020-02-04,17.610921501706493,2.3890784982935096,历史2/10次成功; 当前距低点2.39%; 最新日涨幅-7.69%; 状态bottom_area; 底部未确认
691,57.655963967476396,51.09841775945196,300541,先进数通,bottom_area,2024-02-05,10.13,2024-01-26,13.74,2024-02-05,9.8,3.367346938775511,17.346938775510196,28.675400291120813,26.27365356622998,False,-11.37357830271215,3.6272020583769904,2,7,2,28.57142857142857,28.07356486867963,35.8223523670083,2018-02-07; 2020-02-04,16.632653061224488,3.367346938775511,历史2/7次成功; 当前距低点3.37%; 最新日涨幅-11.37%; 状态bottom_area; 底部未确认
692,57.62708648972391,49.373590726489795,002728,特一药业,bottom_area,2024-02-05,12.06,2024-01-26,16.54,2024-02-05,11.88,1.5151515151515127,9.932659932659929,28.17412333736396,27.085852478839172,False,-8.497723823975711,3.8755744727006833,1,7,1,14.285714285714285,27.048351203722433,27.048351203722433,2015-06-30,18.484848484848488,1.5151515151515127,历史1/7次成功; 当前距低点1.52%; 最新日涨幅-8.50%; 状态bottom_area; 底部未确认
693,57.62261200585651,48.01884333821376,603196,璞源材料,bottom_area,2024-02-05,9.01,2024-01-26,12.66,2024-02-05,9.01,0.0,9.43396226415094,28.83096366508689,28.83096366508689,False,-9.990009990009984,1.3621769468610867,2,7,2,28.57142857142857,22.33633131144113,22.85714285714286,2021-04-23; 2021-07-28,20.0,0.0,历史2/7次成功; 当前距低点0.00%; 最新日涨幅-9.99%; 状态bottom_area; 底部未确认
694,57.602439198579575,48.00203266548298,002629,仁智股份,bottom_area,2024-02-05,2.79,2024-01-26,3.86,2024-02-05,2.79,0.0,12.186379928315407,27.72020725388601,27.72020725388601,False,-9.999999999999998,6.578726812657987,2,7,2,28.57142857142857,22.245951350522912,23.601491742141715,2011-11-30; 2022-04-27,20.0,0.0,历史2/7次成功; 当前距低点0.00%; 最新日涨幅-10.00%; 状态bottom_area; 底部未确认
695,57.59154006763115,48.18291855244421,600619,海立股份,bottom_area,2024-02-05,4.65,2024-01-26,6.45,2024-02-05,4.64,0.2155172413793249,10.129310344827601,28.062015503875976,27.90697674418604,False,-9.883720930232553,2.7978846969990507,3,19,3,15.789473684210526,41.296451441141,56.345177664974635,1994-03-10; 1994-10-14; 2008-09-18,19.784482758620676,0.2155172413793249,历史3/19次成功; 当前距低点0.22%; 最新日涨幅-9.88%; 状态bottom_area; 底部未确认
696,57.544012873641464,47.953344061367886,600721,百花医药,bottom_area,2024-02-05,4.95,2024-01-26,7.04,2024-02-05,4.95,0.0,8.484848484848483,29.6875,29.6875,False,-9.999999999999998,2.5417658472277544,5,20,5,25.0,29.72227989982733,42.60089686098655,2008-11-07; 2010-07-07; 2012-12-04; 2015-06-30; 2019-02-01,20.0,0.0,历史5/20次成功; 当前距低点0.00%; 最新日涨幅-10.00%; 状态bottom_area; 底部未确认
697,57.513424657534244,47.92785388127854,603520,司太立,bottom_area,2024-02-05,8.56,2024-01-26,12.09,2024-02-05,8.56,0.0,10.280373831775687,29.197684036393706,29.197684036393706,False,-9.989484752891686,2.2515459589266715,1,6,1,16.666666666666664,47.6407914764079,47.6407914764079,2020-06-03,20.0,0.0,历史1/6次成功; 当前距低点0.00%; 最新日涨幅-9.99%; 状态bottom_area; 底部未确认
698,57.488186801637475,47.9068223346979,002587,奥拓电子,bottom_area,2024-02-05,4.45,2024-01-26,6.32,2024-02-05,4.45,0.0,11.235955056179774,29.58860759493671,29.58860759493671,False,-9.91902834008097,4.857346225777629,3,12,3,25.0,29.472163089773645,33.86978785662034,2015-06-30; 2018-06-20; 2020-02-04,20.0,0.0,历史3/12次成功; 当前距低点0.00%; 最新日涨幅-9.92%; 状态bottom_area; 底部未确认
699,57.482966015058516,50.1035042125127,300231,银信科技,bottom_area,2024-02-05,6.26,2024-01-26,9.11,2024-02-05,6.11,2.4549918166939353,17.184942716857606,32.93084522502743,31.284302963776067,False,-12.569832402234638,4.104470626549611,1,6,1,16.666666666666664,37.33451015004414,37.33451015004414,2015-09-02,17.545008183306066,2.4549918166939353,历史1/6次成功; 当前距低点2.45%; 最新日涨幅-12.57%; 状态bottom_area; 底部未确认
700,57.43473761936055,47.862281349467125,000670,盈方微,bottom_area,2024-02-05,4.17,2024-01-25,6.18,2024-02-05,4.17,0.0,10.551558752997611,32.52427184466019,32.52427184466019,False,-9.935205183585316,3.074344916678905,3,11,3,27.27272727272727,24.30845300300019,29.447852760736197,2001-10-22; 2020-02-04; 2023-08-25,20.0,0.0,历史3/11次成功; 当前距低点0.00%; 最新日涨幅-9.94%; 状态bottom_area; 底部未确认
701,57.414205607476624,47.845171339563855,603333,尚纬股份,bottom_area,2024-02-05,3.86,2024-01-26,5.71,2024-02-05,3.86,0.0,10.62176165803108,32.39929947460596,32.39929947460596,False,-10.023310023310028,4.656671594251739,1,6,1,16.666666666666664,47.19626168224298,47.19626168224298,2023-06-07,20.0,0.0,历史1/6次成功; 当前距低点0.00%; 最新日涨幅-10.02%; 状态bottom_area; 底部未确认
702,57.414127599878555,48.37052680211621,603155,新亚强,bottom_area,2024-02-05,15.19,2024-01-29,21.44,2024-02-05,15.1,0.5960264900662242,11.854304635761597,29.570895522388064,29.15111940298508,False,-9.475566150178793,0.3406095538648381,1,3,1,33.33333333333333,25.624375624375624,25.624375624375624,2021-10-14,19.403973509933778,0.5960264900662242,历史1/3次成功; 当前距低点0.60%; 最新日涨幅-9.48%; 状态bottom_area; 底部未确认
703,57.40598894447955,49.67131651049914,301168,通灵股份,bottom_area,2024-02-05,35.77,2024-01-26,48.86,2024-02-05,35.05,2.054208273894454,8.416547788873046,28.264428980761362,26.79083094555873,False,-6.556948798328099,3.490908375564877,1,6,1,16.666666666666664,30.098089829633444,30.098089829633444,2022-12-23,17.945791726105547,2.054208273894454,历史1/6次成功; 当前距低点2.05%; 最新日涨幅-6.56%; 状态bottom_area; 底部未确认
704,57.34925765202771,49.95442881898161,002602,世纪华通,bottom_area,2024-02-05,3.81,2024-01-26,5.13,2024-02-05,3.72,2.4193548387096735,9.677419354838705,27.485380116959057,25.730994152046783,False,-7.524271844660191,2.1408620418864537,1,8,1,12.5,45.123966942148755,45.123966942148755,2012-12-04,17.580645161290327,2.4193548387096735,历史1/8次成功; 当前距低点2.42%; 最新日涨幅-7.52%; 状态bottom_area; 底部未确认
705,57.33765631381331,47.781380261511096,000631,顺发恒能,bottom_area,2024-02-05,2.48,2024-01-29,3.45,2024-02-05,2.48,0.0,10.88709677419355,28.115942028985515,28.115942028985515,False,-10.144927536231874,1.411834686696013,4,15,4,26.666666666666668,25.186632230346405,32.745098039215684,2009-06-08; 2012-11-28; 2015-06-30; 2017-01-16,20.0,0.0,历史4/15次成功; 当前距低点0.00%; 最新日涨幅-10.14%; 状态bottom_area; 底部未确认
706,57.302368580060424,47.75197381671702,001317,三羊马,bottom_area,2024-02-05,23.67,2024-01-26,32.88,2024-02-05,23.67,0.0,11.068863540346419,28.01094890510949,28.01094890510949,False,-9.999999999999998,1.6903093063811971,1,3,1,33.33333333333333,27.25075528700905,27.25075528700905,2023-04-25,20.0,0.0,历史1/3次成功; 当前距低点0.00%; 最新日涨幅-10.00%; 状态bottom_area; 底部未确认
707,57.26614862738008,47.72179052281674,000633,合金投资,bottom_area,2024-02-05,4.66,2024-01-26,6.65,2024-02-05,4.66,0.0,10.944206008583686,29.924812030075188,29.924812030075188,False,-10.03861003861003,2.7295598441201867,4,15,4,26.666666666666668,24.86625729112941,30.12820512820511,1997-08-20; 2004-06-29; 2006-05-08; 2020-02-04,20.0,0.0,历史4/15次成功; 当前距低点0.00%; 最新日涨幅-10.04%; 状态bottom_area; 底部未确认
708,57.25177749616488,47.7098145801374,002584,西陇科学,bottom_area,2024-02-05,6.16,2024-01-26,8.98,2024-02-05,6.16,0.0,11.038961038961034,31.40311804008909,31.40311804008909,False,-9.941520467836252,8.707193414655015,2,13,2,15.384615384615385,49.24631494697527,68.08510638297875,2021-10-28; 2022-04-27,20.0,0.0,历史2/13次成功; 当前距低点0.00%; 最新日涨幅-9.94%; 状态bottom_area; 底部未确认
709,57.23791200534745,47.69826000445621,603183,建研院,bottom_area,2024-02-05,3.23,2024-01-26,4.48,2024-02-05,3.23,0.0,9.597523219814242,27.901785714285722,27.901785714285722,False,-10.027855153203335,2.4592218099268632,2,8,2,25.0,28.350860239011887,33.19209039548022,2017-12-05; 2019-01-30,20.0,0.0,历史2/8次成功; 当前距低点0.00%; 最新日涨幅-10.03%; 状态bottom_area; 底部未确认
710,57.16324654339136,47.63603878615947,000025,特力A,bottom_area,2024-02-05,12.79,2024-01-31,18.14,2024-02-05,12.79,0.0,8.91321344800626,29.492833517089313,29.492833517089313,False,-9.992962702322316,3.1234160811940264,6,26,6,23.076923076923077,32.183004226663776,50.81967213114754,1994-12-15; 1997-05-26; 2007-10-29; 2008-06-11; 2016-01-05; 2019-05-08,20.0,0.0,历史6/26次成功; 当前距低点0.00%; 最新日涨幅-9.99%; 状态bottom_area; 底部未确认
711,57.159864445184944,47.63322037098745,002748,世龙实业,bottom_area,2024-02-05,6.58,2024-01-29,9.36,2024-02-05,6.58,0.0,10.182370820668691,29.700854700854695,29.700854700854695,False,-9.986320109439117,2.8608333333333333,2,8,2,25.0,28.001184790255095,29.777777777777775,2015-06-30; 2015-08-26,20.0,0.0,历史2/8次成功; 当前距低点0.00%; 最新日涨幅-9.99%; 状态bottom_area; 底部未确认
712,57.13097971539964,47.609149762833034,000545,金浦钛业,bottom_area,2024-02-05,1.97,2024-01-26,2.91,2024-02-05,1.97,0.0,11.67512690355331,32.302405498281786,32.302405498281786,False,-10.045662100456621,1.7995477739123265,4,23,4,17.391304347826086,44.35728016483401,94.35975609756099,1995-01-23; 2008-04-23; 2020-02-04; 2022-04-27,20.0,0.0,历史4/23次成功; 当前距低点0.00%; 最新日涨幅-10.05%; 状态bottom_area; 底部未确认
713,57.1269943289225,47.60582860743542,605162,新中港,bottom_area,2024-02-05,6.27,2024-01-26,8.75,2024-02-05,6.27,0.0,11.483253588516758,28.34285714285715,28.34285714285715,False,-10.04304160688666,1.1634962575632681,1,3,1,33.33333333333333,26.46502835538753,26.46502835538753,2021-08-20,20.0,0.0,历史1/3次成功; 当前距低点0.00%; 最新日涨幅-10.04%; 状态bottom_area; 底部未确认
714,57.123078495260344,47.602565412716956,600657,信达地产,bottom_area,2024-02-05,3.07,2024-01-29,4.26,2024-02-05,3.07,0.0,9.446254071661238,27.93427230046948,27.93427230046948,False,-9.970674486803532,1.9748805940645269,5,24,5,20.833333333333336,36.86415096442806,87.82870022539443,1993-06-01; 1995-04-27; 1997-05-26; 1997-07-08; 2006-05-08,20.0,0.0,历史5/24次成功; 当前距低点0.00%; 最新日涨幅-9.97%; 状态bottom_area; 底部未确认
715,57.09786151547952,47.5815512628996,600984,建设机械,bottom_area,2024-02-05,2.39,2024-01-26,3.4,2024-02-05,2.39,0.0,11.71548117154811,29.70588235294117,29.70588235294117,False,-10.15037593984962,1.767153867064856,4,15,4,26.666666666666668,24.112282775445877,35.42372881355932,2008-04-22; 2010-05-21; 2022-04-26; 2023-06-12,20.0,0.0,历史4/15次成功; 当前距低点0.00%; 最新日涨幅-10.15%; 状态bottom_area; 底部未确认
716,57.09771038361714,51.142871967529345,300458,全志科技,bottom_area,2024-02-05,13.69,2024-01-29,18.66,2024-02-05,13.17,3.9483675018982507,15.337889141989367,29.421221864951768,26.634512325830656,False,-9.337748344370866,2.531040792848764,4,12,4,33.33333333333333,25.117293217871094,29.36660268714012,2015-06-30; 2015-08-26; 2015-09-02; 2018-06-26,16.05163249810175,3.9483675018982507,历史4/12次成功; 当前距低点3.95%; 最新日涨幅-9.34%; 状态bottom_area; 底部未确认
717,57.09163482901892,47.57636235751577,600746,江苏索普,bottom_area,2024-02-05,5.0,2024-01-26,6.9,2024-02-05,5.0,0.0,10.600000000000005,27.536231884057976,27.536231884057976,False,-9.909909909909908,0.8201188770241394,5,21,5,23.809523809523807,30.27486162514878,38.663745892661545,1999-07-13; 2008-03-18; 2008-09-18; 2011-08-09; 2016-08-01,20.0,0.0,历史5/21次成功; 当前距低点0.00%; 最新日涨幅-9.91%; 状态bottom_area; 底部未确认
718,57.0881325955921,47.573443829660086,600386,北巴传媒,bottom_area,2024-02-05,3.1,2024-01-26,4.27,2024-02-05,3.1,0.0,10.000000000000002,27.400468384074934,27.400468384074934,False,-9.883720930232553,2.0442584325396824,3,11,3,27.27272727272727,22.75556311156447,25.49019607843137,2008-04-03; 2015-06-30; 2020-02-04,20.0,0.0,历史3/11次成功; 当前距低点0.00%; 最新日涨幅-9.88%; 状态bottom_area; 底部未确认
719,57.06235047846891,47.55195873205742,600455,博通股份,bottom_area,2024-02-05,16.12,2024-01-26,23.58,2024-02-05,16.12,0.0,10.66997518610421,31.636980491942314,31.636980491942314,False,-9.994416527079842,4.456594971089165,2,8,2,25.0,27.564294258373213,31.279904306220104,2005-04-27; 2015-08-25,20.0,0.0,历史2/8次成功; 当前距低点0.00%; 最新日涨幅-9.99%; 状态bottom_area; 底部未确认
720,57.06030060120241,47.550250501002004,603269,海鸥股份,bottom_area,2024-02-05,8.55,2024-01-26,12.49,2024-02-05,8.55,0.0,11.461988304093552,31.545236188951158,31.545236188951158,False,-9.999999999999998,1.3309396225679861,1,4,1,25.0,27.55511022044088,27.55511022044088,2022-04-27,20.0,0.0,历史1/4次成功; 当前距低点0.00%; 最新日涨幅-10.00%; 状态bottom_area; 底部未确认
721,57.04549132947977,47.53790944123315,603530,神马电力,bottom_area,2024-02-05,14.62,2024-01-29,20.08,2024-02-05,14.62,0.0,12.448700410396732,27.191235059760956,27.191235059760956,False,-9.97536945812808,1.6539139415626232,1,4,1,25.0,27.48876043673732,27.48876043673732,2020-02-04,20.0,0.0,历史1/4次成功; 当前距低点0.00%; 最新日涨幅-9.98%; 状态bottom_area; 底部未确认
722,57.01595623352586,47.513296861271556,002235,安妮股份,bottom_area,2024-02-05,4.55,2024-01-26,6.43,2024-02-05,4.55,0.0,9.890109890109894,29.237947122861584,29.237947122861584,False,-9.9009900990099,5.0043690184964245,3,15,3,20.0,38.18976807135244,46.16438356164384,2015-06-30; 2021-04-14; 2023-01-20,20.0,0.0,历史3/15次成功; 当前距低点0.00%; 最新日涨幅-9.90%; 状态bottom_area; 底部未确认
723,56.98901726844585,47.490847723704874,603110,东方材料,bottom_area,2024-02-05,15.12,2024-01-26,21.22,2024-02-05,15.12,0.0,10.648148148148156,28.746465598491987,28.746465598491987,False,-10.000000000000009,2.21496452374581,1,5,1,20.0,38.06907378335949,38.06907378335949,2020-02-04,20.0,0.0,历史1/5次成功; 当前距低点0.00%; 最新日涨幅-10.00%; 状态bottom_area; 底部未确认
724,56.95362719852605,50.59589518748312,002459,晶澳科技,bottom_area,2024-02-05,15.98,2024-01-26,21.56,2024-02-05,15.44,3.4974093264248767,7.8367875647668335,28.385899814471244,25.881261595547304,False,-4.482964734010764,1.9646081880101627,3,11,3,27.27272727272727,29.779996563563156,34.7408829174664,2012-01-06; 2012-12-04; 2015-07-16,16.502590673575124,3.4974093264248767,历史3/11次成功; 当前距低点3.50%; 最新日涨幅-4.48%; 状态bottom_area; 底部未确认
725,56.9442112017009,50.66433553754144,300307,慈星股份,bottom_area,2024-02-05,4.05,2024-01-26,5.66,2024-02-05,3.91,3.5805626598465388,15.08951406649616,30.918727915194346,28.4452296819788,False,-10.398230088495575,2.7726157067780055,3,10,3,30.0,25.258163451567466,28.017241379310363,2015-06-30; 2016-03-01; 2017-01-16,16.41943734015346,3.5805626598465388,历史3/10次成功; 当前距低点3.58%; 最新日涨幅-10.40%; 状态bottom_area; 底部未确认
726,56.94251189043938,47.45209324203282,000530,冰山冷热,bottom_area,2024-02-05,3.4,2024-01-26,4.88,2024-02-05,3.4,0.0,10.588235294117645,30.327868852459016,30.327868852459016,False,-10.052910052910047,4.108484104784824,4,22,4,18.181818181818183,41.80011029440907,82.11920529801324,1995-05-17; 1996-12-18; 2015-08-26; 2022-04-27,20.0,0.0,历史4/22次成功; 当前距低点0.00%; 最新日涨幅-10.05%; 状态bottom_area; 底部未确认
727,56.91290698593987,48.22245700119257,000547,航天发展,bottom_area,2024-02-05,5.56,2024-01-29,7.56,2024-02-05,5.51,0.907441016333935,10.889292196007268,27.116402116402117,26.45502645502646,False,-9.150326797385633,2.3428485183683003,5,19,5,26.31578947368421,27.18365247601727,39.79591836734692,1995-02-21; 2006-11-14; 2007-06-26; 2008-03-19; 2011-06-20,19.092558983666066,0.907441016333935,历史5/19次成功; 当前距低点0.91%; 最新日涨幅-9.15%; 状态bottom_area; 底部未确认
728,56.908560311284056,47.42380025940338,002301,齐心集团,bottom_area,2024-02-05,4.81,2024-01-26,6.62,2024-02-05,4.81,0.0,10.187110187110191,27.341389728096683,27.341389728096683,False,-9.925093632958804,1.8146068534401854,1,3,1,33.33333333333333,25.486381322957207,25.486381322957207,2022-04-28,20.0,0.0,历史1/3次成功; 当前距低点0.00%; 最新日涨幅-9.93%; 状态bottom_area; 底部未确认
729,56.88547057218255,47.404558810152125,000663,永安林业,bottom_area,2024-02-05,5.54,2024-01-26,8.1,2024-02-05,5.54,0.0,10.108303249097466,31.604938271604933,31.604938271604933,False,-10.064935064935066,4.916435333098977,5,22,5,22.727272727272727,31.696063984200062,50.39215686274511,1997-09-23; 2008-01-22; 2008-04-03; 2019-01-31; 2022-04-28,20.0,0.0,历史5/22次成功; 当前距低点0.00%; 最新日涨幅-10.06%; 状态bottom_area; 底部未确认
730,56.869959588331554,49.654138828719404,301120,新特电气,confirmed_rebound,2024-02-05,6.84,2024-01-26,9.85,2024-02-05,6.67,2.548725637181408,20.539730134932523,32.28426395939086,30.558375634517766,False,-12.307692307692308,3.25955152960448,1,4,1,25.0,28.227060653188175,28.227060653188175,2022-04-27,17.45127436281859,2.548725637181408,历史1/4次成功; 当前距低点2.55%; 最新日涨幅-12.31%; 状态confirmed_rebound; 底部未确认
731,56.850336080703194,47.93684049908431,000601,韶能股份,bottom_area,2024-02-05,3.13,2024-01-26,4.27,2024-02-05,3.11,0.6430868167202578,12.218649517684899,27.166276346604214,26.69789227166276,False,-9.275362318840585,2.1069178630896928,4,17,4,23.52941176470588,28.444760752849614,32.73273273273273,2015-06-30; 2015-11-30; 2017-05-24; 2018-10-19,19.35691318327974,0.6430868167202578,历史4/17次成功; 当前距低点0.64%; 最新日涨幅-9.28%; 状态bottom_area; 底部未确认
732,56.82518810794555,48.38144536796209,300473,德尔股份,bottom_area,2024-02-05,12.09,2024-01-26,16.84,2024-02-05,11.95,1.1715481171548165,17.489539748953973,29.038004750593828,28.20665083135392,False,-13.766048502139794,3.8224215246636772,1,8,1,12.5,21.37137137137137,21.37137137137137,2021-09-27,18.828451882845183,1.1715481171548165,历史1/8次成功; 当前距低点1.17%; 最新日涨幅-13.77%; 状态bottom_area; 底部未确认
733,56.81689928769089,47.34741607307574,002524,光正眼科,bottom_area,2024-02-05,4.07,2024-01-26,5.78,2024-02-05,4.07,0.0,11.793611793611781,29.58477508650519,29.58477508650519,False,-9.955752212389369,2.7918628018738425,3,12,3,25.0,26.464602543417964,35.25452250736222,2011-01-20; 2012-05-28; 2017-07-17,20.0,0.0,历史3/12次成功; 当前距低点0.00%; 最新日涨幅-9.96%; 状态bottom_area; 底部未确认
734,56.814053260512416,47.345044383760346,600743,华远控股,bottom_area,2024-02-05,1.17,2024-01-26,1.63,2024-02-05,1.17,0.0,10.256410256410266,28.22085889570552,28.22085889570552,False,-10.000000000000009,2.468329434355379,6,23,6,26.08695652173913,24.096779061825146,26.7605633802817,1997-05-26; 2001-02-26; 2008-11-04; 2009-04-28; 2011-04-29; 2018-10-19,20.0,0.0,历史6/23次成功; 当前距低点0.00%; 最新日涨幅-10.00%; 状态bottom_area; 底部未确认
735,56.800000000000004,47.333333333333336,603768,常青股份,bottom_area,2024-02-05,11.02,2024-01-26,15.71,2024-02-05,11.02,0.0,9.709618874773144,29.853596435391477,29.853596435391477,False,-9.967320261437917,1.3069228459645965,1,3,1,33.33333333333333,24.99999999999999,24.99999999999999,2020-02-04,20.0,0.0,历史1/3次成功; 当前距低点0.00%; 最新日涨幅-9.97%; 状态bottom_area; 底部未确认
736,56.79668317368516,47.330569311404304,002492,恒基达鑫,bottom_area,2024-02-05,4.15,2024-01-26,5.82,2024-02-05,4.15,0.0,10.120481927710841,28.694158075601372,28.694158075601372,False,-9.97830802603037,2.7086124811577674,2,8,2,25.0,26.374028555937095,26.838966202783293,2019-11-01; 2020-02-04,20.0,0.0,历史2/8次成功; 当前距低点0.00%; 最新日涨幅-9.98%; 状态bottom_area; 底部未确认
737,56.78570102516795,49.946485772655876,002389,航天彩虹,bottom_area,2024-02-05,11.86,2024-01-26,16.13,2024-02-05,11.52,2.951388888888888,11.111111111111121,28.580285182889025,26.472411655300682,False,-7.343750000000004,1.9755145263251093,2,9,2,22.22222222222222,30.538155289069802,37.60932944606413,2015-06-30; 2018-02-07,17.04861111111111,2.951388888888888,历史2/9次成功; 当前距低点2.95%; 最新日涨幅-7.34%; 状态bottom_area; 底部未确认
738,56.771875438661304,47.309896198884424,600278,东方创业,bottom_area,2024-02-05,5.46,2024-01-26,8.1,2024-02-05,5.46,0.0,10.07326007326007,32.59259259259259,32.59259259259259,False,-10.049423393739708,2.096909758004779,2,11,2,18.181818181818183,41.035610062428425,54.2056074766355,2012-12-04; 2013-10-08,20.0,0.0,历史2/11次成功; 当前距低点0.00%; 最新日涨幅-10.05%; 状态bottom_area; 底部未确认
739,56.745294117647056,47.28774509803922,603577,汇金通,bottom_area,2024-02-05,6.26,2024-01-26,8.79,2024-02-05,6.26,0.0,10.383386581469654,28.78270762229806,28.78270762229806,False,-10.057471264367823,1.9407965550639998,1,4,1,25.0,26.143790849673206,26.143790849673206,2018-10-12,20.0,0.0,历史1/4次成功; 当前距低点0.00%; 最新日涨幅-10.06%; 状态bottom_area; 底部未确认
740,56.739205731832136,47.28267144319345,002988,豪美新材,bottom_area,2024-02-05,15.44,2024-01-26,21.2,2024-02-05,15.44,0.0,12.111398963730565,27.169811320754718,27.169811320754718,False,-10.023310023310028,2.808319484596334,1,5,1,20.0,36.949846468782,36.949846468782,2022-04-27,20.0,0.0,历史1/5次成功; 当前距低点0.00%; 最新日涨幅-10.02%; 状态bottom_area; 底部未确认
741,56.73595014923207,49.593842841778354,300603,立昂技术,bottom_area,2024-02-05,6.68,2024-01-31,9.08,2024-02-05,6.51,2.6113671274961585,13.978494623655916,28.303964757709256,26.431718061674015,False,-10.575635876840694,3.9099437469646565,2,13,2,15.384615384615385,39.28903167994405,43.21083172147002,2020-02-04; 2022-04-26,17.38863287250384,2.6113671274961585,历史2/13次成功; 当前距低点2.61%; 最新日涨幅-10.58%; 状态bottom_area; 底部未确认
742,56.734125,47.2784375,605169,洪通燃气,bottom_area,2024-02-05,7.61,2024-01-26,10.58,2024-02-05,7.61,0.0,9.067017082785812,28.07183364839319,28.07183364839319,False,-9.940828402366853,1.4512867647058825,1,4,1,25.0,26.09375,26.09375,2021-07-28,20.0,0.0,历史1/4次成功; 当前距低点0.00%; 最新日涨幅-9.94%; 状态bottom_area; 底部未确认
743,56.686380090497735,47.23865007541478,301512,智信精密,bottom_area,2024-02-05,35.7,2024-01-26,51.5,2024-02-05,35.7,0.0,15.826330532212879,30.679611650485434,30.679611650485434,False,-13.768115942028981,6.1100048614812374,1,3,1,33.33333333333333,24.490950226244347,24.490950226244347,2023-08-29,20.0,0.0,历史1/3次成功; 当前距低点0.00%; 最新日涨幅-13.77%; 状态bottom_area; 底部未确认
744,56.662937928825876,47.21911494068823,600506,统一股份,bottom_area,2024-02-05,9.07,2024-01-26,13.27,2024-02-05,9.07,0.0,10.584343991179702,31.650339110776184,31.650339110776184,False,-10.019841269841267,3.2593741540031202,5,19,5,26.31578947368421,22.923934316094016,26.011560693641616,2008-04-03; 2008-06-11; 2015-06-30; 2020-02-04; 2022-04-28,20.0,0.0,历史5/19次成功; 当前距低点0.00%; 最新日涨幅-10.02%; 状态bottom_area; 底部未确认
745,56.64527612045808,47.2043967670484,002628,成都路桥,bottom_area,2024-02-05,2.42,2024-01-26,3.34,2024-02-05,2.42,0.0,10.743801652892571,27.54491017964072,27.54491017964072,False,-10.03717472118959,3.5300527701614093,2,8,2,25.0,25.695681543270965,30.7070707070707,2015-06-30; 2015-09-07,20.0,0.0,历史2/8次成功; 当前距低点0.00%; 最新日涨幅-10.04%; 状态bottom_area; 底部未确认
746,56.63700009296516,47.942950737877446,002810,山东赫达,bottom_area,2024-02-05,12.97,2024-01-25,17.77,2024-02-05,12.86,0.8553654743390452,10.264385692068432,27.63083849184018,27.01181767023072,False,-9.237228831350585,1.6660007475821428,1,4,1,25.0,27.893462469733667,27.893462469733667,2017-12-06,19.144634525660955,0.8553654743390452,历史1/4次成功; 当前距低点0.86%; 最新日涨幅-9.24%; 状态bottom_area; 底部未确认
747,56.62784479992533,49.704691360436016,002153,石基信息,bottom_area,2024-02-05,6.16,2024-01-25,8.23,2024-02-05,5.99,2.8380634390651074,11.853088480801334,27.21749696233293,25.15188335358445,False,-7.36842105263158,2.0857517242780377,2,11,2,18.181818181818183,36.60324340984799,50.86913742210562,2011-01-25; 2020-02-04,17.161936560934894,2.8380634390651074,历史2/11次成功; 当前距低点2.84%; 最新日涨幅-7.37%; 状态bottom_area; 底部未确认
748,56.62555932203391,47.187966101694926,603633,徕木股份,bottom_area,2024-02-05,5.73,2024-01-26,8.06,2024-02-05,5.73,0.0,10.820244328097717,28.90818858560794,28.90818858560794,False,-10.047095761381474,2.3064553269177757,1,5,1,20.0,36.44067796610171,36.44067796610171,2020-02-04,20.0,0.0,历史1/5次成功; 当前距低点0.00%; 最新日涨幅-10.05%; 状态bottom_area; 底部未确认
749,56.60390812290432,47.1699234357536,600152,维科技术,bottom_area,2024-02-05,4.46,2024-01-26,6.31,2024-02-05,4.46,0.0,10.313901345291479,29.318541996830422,29.318541996830422,False,-10.080645161290324,2.298804239350588,4,17,4,23.52941176470588,28.696615562242634,35.98673300165836,2011-01-25; 2012-12-04; 2022-01-28; 2022-10-10,20.0,0.0,历史4/17次成功; 当前距低点0.00%; 最新日涨幅-10.08%; 状态bottom_area; 底部未确认
750,56.59266233766233,47.160551948051946,603829,洛凯股份,bottom_area,2024-02-05,9.8,2024-01-26,14.57,2024-02-05,9.8,0.0,11.122448979591834,32.73850377487989,32.73850377487989,False,-10.009182736455458,1.8076280910562619,1,7,1,14.285714285714285,48.67424242424241,48.67424242424241,2023-04-25,20.0,0.0,历史1/7次成功; 当前距低点0.00%; 最新日涨幅-10.01%; 状态bottom_area; 底部未确认
751,56.58638713535397,50.229349054700954,300485,赛升药业,bottom_area,2024-02-05,6.89,2024-01-26,9.54,2024-02-05,6.66,3.4534534534534465,15.91591591591591,30.188679245283012,27.777777777777775,False,-10.866752910737398,2.6355538712278186,2,9,2,22.22222222222222,38.2132654463401,47.71365960555149,2015-07-08; 2020-07-03,16.546546546546555,3.4534534534534465,历史2/9次成功; 当前距低点3.45%; 最新日涨幅-10.87%; 状态bottom_area; 底部未确认
752,56.58525606469002,47.154380053908355,002434,万里扬,bottom_area,2024-02-05,4.6,2024-01-26,6.32,2024-02-05,4.6,0.0,11.304347826086968,27.215189873417728,27.215189873417728,False,-9.98043052837575,2.578584322813958,1,4,1,25.0,25.426774483378257,25.426774483378257,2015-08-26,20.0,0.0,历史1/4次成功; 当前距低点0.00%; 最新日涨幅-9.98%; 状态bottom_area; 底部未确认
753,56.56134882422621,47.13445735352184,000573,粤宏远A,bottom_area,2024-02-05,2.54,2024-01-29,3.68,2024-02-05,2.54,0.0,10.236220472440936,30.978260869565222,30.978260869565222,False,-9.92907801418439,3.616741378109059,3,20,3,15.0,46.986329857644265,87.66917293233082,1995-01-25; 1995-04-27; 2008-04-22,20.0,0.0,历史3/20次成功; 当前距低点0.00%; 最新日涨幅-9.93%; 状态bottom_area; 底部未确认
754,56.51056171968072,47.092134766400605,000856,冀东装备,bottom_area,2024-02-05,6.19,2024-01-26,8.85,2024-02-05,6.19,0.0,10.177705977382873,30.056497175141235,30.056497175141235,False,-10.029069767441856,5.227577092511013,4,18,4,22.22222222222222,31.11064091852178,42.43448858833475,2012-11-30; 2019-01-31; 2020-02-04; 2022-10-12,20.0,0.0,历史4/18次成功; 当前距低点0.00%; 最新日涨幅-10.03%; 状态bottom_area; 底部未确认
755,56.50306235369227,47.08588529474356,002115,三维通信,bottom_area,2024-02-05,4.62,2024-01-26,6.76,2024-02-05,4.62,0.0,10.173160173160166,31.656804733727807,31.656804733727807,False,-9.941520467836252,3.823447653545839,2,8,2,25.0,25.05852309001914,29.396325459317573,2015-09-02; 2022-04-27,20.0,0.0,历史2/8次成功; 当前距低点0.00%; 最新日涨幅-9.94%; 状态bottom_area; 底部未确认
756,56.489728499836815,47.074773749864015,002707,众信旅游,bottom_area,2024-02-05,5.3,2024-01-25,7.33,2024-02-05,5.3,0.0,9.24528301886793,27.69440654843111,27.69440654843111,False,-10.016977928692693,2.871600893979278,3,13,3,23.076923076923077,29.165450268086072,33.4065934065934,2015-08-26; 2015-09-02; 2023-10-23,20.0,0.0,历史3/13次成功; 当前距低点0.00%; 最新日涨幅-10.02%; 状态bottom_area; 底部未确认
757,56.4831196054254,47.0692663378545,002923,润都股份,bottom_area,2024-02-05,7.73,2024-01-26,10.69,2024-02-05,7.73,0.0,11.901681759379041,27.689429373246018,27.689429373246018,False,-10.011641443538988,2.170371869348299,1,4,1,25.0,24.969173859432807,24.969173859432807,2022-05-27,20.0,0.0,历史1/4次成功; 当前距低点0.00%; 最新日涨幅-10.01%; 状态bottom_area; 底部未确认
758,56.467288623284055,47.370734528955616,600475,华光环能,bottom_area,2024-02-05,8.28,2024-01-25,11.4,2024-02-05,8.25,0.3636363636363559,11.636363636363646,27.631578947368425,27.368421052631586,False,-9.705561613958569,1.784224741582461,3,14,3,21.428571428571427,26.527479313614084,37.37864077669902,2005-06-03; 2012-01-06; 2017-01-16,19.636363636363647,0.3636363636363559,历史3/14次成功; 当前距低点0.36%; 最新日涨幅-9.71%; 状态bottom_area; 底部未确认
759,56.454670391061455,47.04555865921788,002890,弘宇股份,bottom_area,2024-02-05,9.72,2024-01-26,13.76,2024-02-05,9.72,0.0,7.201646090534972,29.360465116279066,29.360465116279066,False,-9.999999999999998,1.4658461632247397,1,4,1,25.0,24.841713221601495,24.841713221601495,2020-03-02,20.0,0.0,历史1/4次成功; 当前距低点0.00%; 最新日涨幅-10.00%; 状态bottom_area; 底部未确认
760,56.33174502942876,47.68238260365033,300320,海达股份,bottom_area,2024-02-05,4.73,2024-01-26,6.78,2024-02-05,4.69,0.852878464818764,13.646055437100205,30.82595870206489,30.23598820058997,False,-11.423220973782765,2.6118538319399236,2,8,2,25.0,26.462072599124216,30.313588850174234,2015-07-17; 2016-01-29,19.14712153518124,0.852878464818764,历史2/8次成功; 当前距低点0.85%; 最新日涨幅-11.42%; 状态bottom_area; 底部未确认
761,56.33022461490565,46.941853845754714,600358,国旅联合,bottom_area,2024-02-05,3.56,2024-01-26,5.04,2024-02-05,3.56,0.0,10.674157303370784,29.365079365079367,29.365079365079367,False,-10.1010101010101,2.1985334328404624,3,13,3,23.076923076923077,28.45082712771349,35.99088838268793,2009-08-19; 2015-07-29; 2016-03-01,20.0,0.0,历史3/13次成功; 当前距低点0.00%; 最新日涨幅-10.10%; 状态bottom_area; 底部未确认
762,56.322048169739475,49.498045746443395,688225,亚信安全,bottom_area,2024-02-05,11.33,2024-01-26,16.05,2024-02-05,11.01,2.906448683015443,15.349682107175292,31.401869158878508,29.40809968847352,False,-11.828793774319069,0.3886152846178846,1,4,1,25.0,21.557788944723633,21.557788944723633,2023-04-28,17.093551316984556,2.906448683015443,历史1/4次成功; 当前距低点2.91%; 最新日涨幅-11.83%; 状态bottom_area; 底部未确认
763,56.312266666666666,46.92688888888889,601566,九牧王,bottom_area,2024-02-05,8.24,2024-01-30,12.1,2024-02-05,8.24,0.0,2.9126213592233037,31.900826446280988,31.900826446280988,False,-9.945355191256834,0.5398711550972047,1,3,1,33.33333333333333,22.814814814814802,22.814814814814802,2015-08-26,20.0,0.0,历史1/3次成功; 当前距低点0.00%; 最新日涨幅-9.95%; 状态bottom_area; 底部未确认
764,56.28263349625482,49.796210665987815,300722,新余国科,bottom_area,2024-02-05,17.35,2024-01-29,23.06,2024-02-05,16.8,3.273809523809528,11.785714285714288,27.14657415437987,24.76149176062445,False,-8.539799683711113,0.9286141296504365,3,15,3,20.0,38.497292367062045,45.90377113133938,2020-02-04; 2020-09-11; 2022-04-27,16.72619047619047,3.273809523809528,历史3/15次成功; 当前距低点3.27%; 最新日涨幅-8.54%; 状态bottom_area; 底部未确认
765,56.22410161662817,46.85341801385681,002823,凯中精密,bottom_area,2024-02-05,7.97,2024-01-26,11.43,2024-02-05,7.97,0.0,11.919698870765373,30.271216097987754,30.271216097987754,False,-10.045146726862297,2.50474337654314,1,5,1,20.0,34.64203233256351,34.64203233256351,2021-10-28,20.0,0.0,历史1/5次成功; 当前距低点0.00%; 最新日涨幅-10.05%; 状态bottom_area; 底部未确认
766,56.21568259872588,46.8464021656049,600230,沧州大化,bottom_area,2024-02-05,8.87,2024-01-26,12.44,2024-02-05,8.87,0.0,10.597519729425043,28.69774919614148,28.69774919614148,False,-9.949238578680209,2.1257074139491925,3,14,3,21.428571428571427,31.5090746230678,35.416666666666664,2008-04-03; 2016-01-29; 2017-05-11,20.0,0.0,历史3/14次成功; 当前距低点0.00%; 最新日涨幅-9.95%; 状态bottom_area; 底部未确认
767,56.202395234676246,46.835329362230205,002912,中新赛克,bottom_area,2024-02-05,18.28,2024-01-29,25.76,2024-02-05,18.28,0.0,11.050328227571113,29.037267080745345,29.037267080745345,False,-9.995076317085172,3.5985321495912896,2,9,2,22.22222222222222,29.72996670255188,35.94145792288206,2021-02-08; 2023-04-27,20.0,0.0,历史2/9次成功; 当前距低点0.00%; 最新日涨幅-10.00%; 状态bottom_area; 底部未确认
768,56.17946863638276,47.279750832599355,300290,荣科科技,bottom_area,2024-02-05,3.74,2024-01-26,5.43,2024-02-05,3.72,0.5376344086021511,17.20430107526882,31.491712707182312,31.12338858195211,False,-13.824884792626724,5.505857702967355,2,8,2,25.0,20.43310367856052,20.54748225751944,2015-07-29; 2022-03-16,19.46236559139785,0.5376344086021511,历史2/8次成功; 当前距低点0.54%; 最新日涨幅-13.82%; 状态bottom_area; 底部未确认
769,56.17367346938776,46.811394557823135,603836,海程邦达,bottom_area,2024-02-05,10.36,2024-01-26,14.54,2024-02-05,10.36,0.0,10.617760617760633,28.74828060522696,28.74828060522696,False,-9.991311902693312,1.6230643787099184,1,3,1,33.33333333333333,22.19387755102041,22.19387755102041,2022-10-11,20.0,0.0,历史1/3次成功; 当前距低点0.00%; 最新日涨幅-9.99%; 状态bottom_area; 底部未确认
770,56.114663677130046,46.76221973094171,603015,弘讯科技,bottom_area,2024-02-05,5.85,2024-01-26,8.3,2024-02-05,5.85,0.0,10.085470085470098,29.51807228915664,29.51807228915664,False,-10.000000000000009,2.3966217259634366,1,4,1,25.0,23.318385650224208,23.318385650224208,2021-10-29,20.0,0.0,历史1/4次成功; 当前距低点0.00%; 最新日涨幅-10.00%; 状态bottom_area; 底部未确认
771,56.10745580231689,46.75621316859741,002277,友阿股份,bottom_area,2024-02-05,2.65,2024-01-26,3.73,2024-02-05,2.65,0.0,10.18867924528302,28.9544235924933,28.9544235924933,False,-9.863945578231291,2.6116991863230727,2,8,2,25.0,23.28609230428717,26.255380200860845,2013-06-25; 2015-06-30,20.0,0.0,历史2/8次成功; 当前距低点0.00%; 最新日涨幅-9.86%; 状态bottom_area; 底部未确认
772,56.106242447245634,46.85714598831747,300781,因赛集团,bottom_area,2024-02-05,25.28,2024-01-26,36.58,2024-02-05,25.25,0.11881188118812332,15.643564356435641,30.973209404045924,30.891197375615082,False,-14.33412402575398,6.7560416881642755,1,5,1,20.0,23.860414394765534,23.860414394765534,2020-11-05,19.881188118811878,0.11881188118812332,历史1/5次成功; 当前距低点0.12%; 最新日涨幅-14.33%; 状态bottom_area; 底部未确认
773,56.103916652005196,46.753263876671,002136,安纳达,bottom_area,2024-02-05,7.52,2024-01-26,10.94,2024-02-05,7.52,0.0,11.569148936170226,31.26142595978062,31.26142595978062,False,-9.940119760479039,2.323882115496373,3,17,3,17.647058823529413,39.20160844510023,41.552734374999986,2007-06-05; 2011-05-30; 2015-07-29,20.0,0.0,历史3/17次成功; 当前距低点0.00%; 最新日涨幅-9.94%; 状态bottom_area; 底部未确认
774,56.093317535545026,46.744431279620855,002310,东方新能,bottom_area,2024-02-05,1.34,2024-01-26,1.86,2024-02-05,1.34,0.0,11.194029850746261,27.956989247311824,27.956989247311824,False,-10.067114093959727,1.5072529823831076,1,4,1,25.0,23.22274881516587,23.22274881516587,2011-01-25,20.0,0.0,历史1/4次成功; 当前距低点0.00%; 最新日涨幅-10.07%; 状态bottom_area; 底部未确认
775,56.08126463700235,46.73438719750196,002574,明牌珠宝,bottom_area,2024-02-05,4.15,2024-01-26,5.92,2024-02-05,4.15,0.0,8.674698795180708,29.89864864864864,29.89864864864864,False,-9.97830802603037,2.3293560606060604,1,3,1,33.33333333333333,21.779859484777532,21.779859484777532,2021-11-05,20.0,0.0,历史1/3次成功; 当前距低点0.00%; 最新日涨幅-9.98%; 状态bottom_area; 底部未确认
776,56.07639686684073,46.73033072236728,603967,中创物流,bottom_area,2024-02-05,7.05,2024-01-26,9.8,2024-02-05,7.05,0.0,10.212765957446805,28.061224489795926,28.061224489795926,False,-9.961685823754795,3.04427838878029,1,3,1,33.33333333333333,21.75805047867711,21.75805047867711,2021-02-08,20.0,0.0,历史1/3次成功; 当前距低点0.00%; 最新日涨幅-9.96%; 状态bottom_area; 底部未确认
777,56.072418400830344,48.979977250568766,603313,梦百合,bottom_area,2024-02-05,8.37,2024-01-19,11.4,2024-02-05,8.16,2.5735294117646945,10.294117647058822,28.421052631578945,26.578947368421062,False,-7.717750826901881,1.263435915253106,1,5,1,20.0,25.52486187845302,25.52486187845302,2022-04-27,17.426470588235308,2.5735294117646945,历史1/5次成功; 当前距低点2.57%; 最新日涨幅-7.72%; 状态bottom_area; 底部未确认
778,56.05521039720236,46.71267533100197,002272,川润股份,bottom_area,2024-02-05,4.1,2024-01-26,5.88,2024-02-05,4.1,0.0,9.512195121951233,30.27210884353742,30.27210884353742,False,-9.8901098901099,3.013257298596783,2,12,2,16.666666666666664,41.10757346416826,48.337595907928375,2012-12-04; 2022-04-27,20.0,0.0,历史2/12次成功; 当前距低点0.00%; 最新日涨幅-9.89%; 状态bottom_area; 底部未确认
779,56.025000000000006,46.68750000000001,002614,奥佳华,bottom_area,2024-02-05,5.53,2024-01-25,8.17,2024-02-05,5.53,0.0,9.945750452079562,32.31334149326805,32.31334149326805,False,-9.934853420195433,4.538918613679553,1,8,1,12.5,53.68421052631578,53.68421052631578,2020-02-04,20.0,0.0,历史1/8次成功; 当前距低点0.00%; 最新日涨幅-9.93%; 状态bottom_area; 底部未确认
780,56.025000000000006,46.68750000000001,002685,华东重机,bottom_area,2024-02-05,2.25,2024-01-26,3.22,2024-02-05,2.25,0.0,9.333333333333332,30.124223602484477,30.124223602484477,False,-9.999999999999998,2.299158777703771,1,8,1,12.5,109.52380952380952,109.52380952380952,2022-04-27,20.0,0.0,历史1/8次成功; 当前距低点0.00%; 最新日涨幅-10.00%; 状态bottom_area; 底部未确认
781,55.96935403390895,49.53230486351317,301277,新天地,bottom_area,2024-02-05,13.82,2024-01-26,19.0,2024-02-05,13.38,3.288490284005975,16.218236173393123,29.578947368421048,27.26315789473684,False,-11.239563262684648,1.0121700190102685,1,3,1,33.33333333333333,25.036179450072364,25.036179450072364,2022-12-29,16.711509715994026,3.288490284005975,历史1/3次成功; 当前距低点3.29%; 最新日涨幅-11.24%; 状态bottom_area; 底部未确认
782,55.940771704180065,46.61730975348339,002664,信质集团,bottom_area,2024-02-05,10.2,2024-01-25,14.01,2024-02-05,10.2,0.0,10.588235294117649,27.1948608137045,27.1948608137045,False,-9.973521624007065,2.8807224721102807,1,6,1,16.666666666666664,40.59485530546623,40.59485530546623,2020-02-04,20.0,0.0,历史1/6次成功; 当前距低点0.00%; 最新日涨幅-9.97%; 状态bottom_area; 底部未确认
783,55.92286642760015,46.795759597092804,603050,科林电气,bottom_area,2024-02-05,13.31,2024-01-24,18.23,2024-02-05,13.28,0.2259036144578399,8.734939759036147,27.153044432254532,26.988480526604498,False,-9.762711864406782,1.9961855586630162,1,8,1,12.5,41.09311740890686,41.09311740890686,2022-04-27,19.774096385542162,0.2259036144578399,历史1/8次成功; 当前距低点0.23%; 最新日涨幅-9.76%; 状态bottom_area; 底部未确认
784,55.89162790697675,46.576356589147295,002743,富煌钢构,bottom_area,2024-02-05,3.91,2024-01-26,5.55,2024-02-05,3.91,0.0,10.48593350383632,29.549549549549546,29.549549549549546,False,-9.907834101382484,3.873889282695992,1,3,1,33.33333333333333,20.930232558139547,20.930232558139547,2021-01-13,20.0,0.0,历史1/3次成功; 当前距低点0.00%; 最新日涨幅-9.91%; 状态bottom_area; 底部未确认
785,55.88416798089543,49.43525874351553,301018,申菱环境,bottom_area,2024-02-05,15.5,2024-01-26,21.65,2024-02-05,15.01,3.2644903397734857,15.456362425049958,30.669745958429555,28.40646651270207,False,-10.611303344867363,1.9774212715389186,1,3,1,33.33333333333333,24.22023325196637,24.22023325196637,2022-09-01,16.735509660226516,3.2644903397734857,历史1/3次成功; 当前距低点3.26%; 最新日涨幅-10.61%; 状态bottom_area; 底部未确认
786,55.877494505494504,46.564578754578754,603776,永安行,bottom_area,2024-02-05,8.49,2024-01-26,12.5,2024-02-05,8.49,0.0,11.307420494699635,32.08,32.08,False,-9.968186638388122,2.6338452959430865,1,5,1,20.0,33.0891330891331,33.0891330891331,2020-02-04,20.0,0.0,历史1/5次成功; 当前距低点0.00%; 最新日涨幅-9.97%; 状态bottom_area; 底部未确认
787,55.835793103448275,46.5298275862069,603101,汇嘉时代,bottom_area,2024-02-05,5.2,2024-01-26,7.3,2024-02-05,5.2,0.0,10.576923076923073,28.767123287671232,28.767123287671232,False,-10.034602076124566,1.7495748299319727,1,4,1,25.0,22.068965517241384,22.068965517241384,2019-01-29,20.0,0.0,历史1/4次成功; 当前距低点0.00%; 最新日涨幅-10.03%; 状态bottom_area; 底部未确认
788,55.833283948432744,48.74334312958413,300247,融捷健康,bottom_area,2024-02-05,2.42,2024-01-26,3.51,2024-02-05,2.36,2.5423728813559343,19.0677966101695,32.763532763532766,31.05413105413105,False,-14.7887323943662,4.161189882727904,2,10,2,20.0,23.87071666169711,25.97864768683274,2016-09-27; 2022-04-27,17.457627118644066,2.5423728813559343,历史2/10次成功; 当前距低点2.54%; 最新日涨幅-14.79%; 状态bottom_area; 底部未确认
789,55.823722166040106,46.51976847170009,000533,顺钠股份,bottom_area,2024-02-05,3.03,2024-01-26,4.42,2024-02-05,3.03,0.0,9.90099009900991,31.447963800904983,31.447963800904983,False,-10.089020771513358,3.364012049617926,6,24,6,25.0,22.014884256452074,23.9819004524887,1994-10-07; 1996-09-11; 1998-08-18; 2007-06-26; 2011-08-09; 2015-06-23,20.0,0.0,历史6/24次成功; 当前距低点0.00%; 最新日涨幅-10.09%; 状态bottom_area; 底部未确认
790,55.8026883308715,46.50224027572625,603696,安记食品,bottom_area,2024-02-05,6.82,2024-01-26,9.38,2024-02-05,6.82,0.0,9.384164222873896,27.292110874200432,27.292110874200432,False,-10.026385224274403,2.7720663265306125,1,3,1,33.33333333333333,20.5317577548006,20.5317577548006,2020-02-04,20.0,0.0,历史1/3次成功; 当前距低点0.00%; 最新日涨幅-10.03%; 状态bottom_area; 底部未确认
791,55.797933959633234,50.12603906100498,000661,长春高新,bottom_area,2024-02-05,110.7,2023-12-28,148.0,2024-02-05,106.33,4.109846703658427,5.868522524217055,28.15540540540541,25.2027027027027,False,-0.5390835579514808,1.8261594618408712,3,14,3,21.428571428571427,37.20846913780596,44.403632282420155,1997-07-08; 2008-09-18; 2015-07-09,15.890153296341575,4.109846703658427,历史3/14次成功; 当前距低点4.11%; 最新日涨幅-0.54%; 状态bottom_area; 底部未确认
792,55.7956,46.49633333333333,002910,庄园牧场,bottom_area,2024-02-05,7.39,2024-01-26,10.13,2024-02-05,7.39,0.0,11.096075778078502,27.048371174728537,27.048371174728537,False,-9.98781973203412,2.0449896293535765,1,3,1,33.33333333333333,20.500000000000007,20.500000000000007,2018-06-22,20.0,0.0,历史1/3次成功; 当前距低点0.00%; 最新日涨幅-9.99%; 状态bottom_area; 底部未确认
793,55.77372238896008,46.47810199080007,000837,秦川机床,bottom_area,2024-02-05,6.24,2024-01-26,8.55,2024-02-05,6.24,0.0,11.0576923076923,27.01754385964913,27.01754385964913,False,-9.956709956709952,2.6164294282547553,3,12,3,25.0,21.790870918279914,21.915584415584412,2010-05-21; 2015-06-30; 2022-04-27,20.0,0.0,历史3/12次成功; 当前距低点0.00%; 最新日涨幅-9.96%; 状态bottom_area; 底部未确认
794,55.75758241758242,46.46465201465202,605228,神通科技,bottom_area,2024-02-05,7.51,2024-01-26,10.38,2024-02-05,7.51,0.0,11.051930758988018,27.649325626204245,27.649325626204245,False,-9.95203836930456,1.08193626938899,1,3,1,33.33333333333333,20.32967032967033,20.32967032967033,2021-02-10,20.0,0.0,历史1/3次成功; 当前距低点0.00%; 最新日涨幅-9.95%; 状态bottom_area; 底部未确认
795,55.69178959742221,46.40982466451851,000560,我爱我家,bottom_area,2024-02-05,1.58,2024-01-29,2.2,2024-02-05,1.58,0.0,10.126582278481006,28.181818181818187,28.181818181818187,False,-10.227272727272718,2.5323119242613523,5,25,5,20.0,32.257121852250066,44.13265306122448,1998-08-18; 2007-06-06; 2011-01-25; 2015-08-04; 2016-01-29,20.0,0.0,历史5/25次成功; 当前距低点0.00%; 最新日涨幅-10.23%; 状态bottom_area; 底部未确认
796,55.643810727916424,46.369842273263686,002316,亚联发展,bottom_area,2024-02-05,3.31,2024-01-26,4.89,2024-02-05,3.31,0.0,11.178247734138976,32.31083844580777,32.31083844580777,False,-10.054347826086962,2.899173844776733,3,15,3,20.0,32.04216275948217,48.849797023004065,2019-05-08; 2020-02-04; 2021-12-31,20.0,0.0,历史3/15次成功; 当前距低点0.00%; 最新日涨幅-10.05%; 状态bottom_area; 底部未确认
797,55.62509409553945,46.35424507961621,002331,皖通科技,bottom_area,2024-02-05,5.4,2024-01-26,7.79,2024-02-05,5.4,0.0,11.111111111111104,30.680359435173294,30.680359435173294,False,-9.999999999999998,3.3970695839467617,2,9,2,22.22222222222222,27.143492064842256,33.03909205548551,2018-02-07; 2022-10-11,20.0,0.0,历史2/9次成功; 当前距低点0.00%; 最新日涨幅-10.00%; 状态bottom_area; 底部未确认
798,55.62167272867142,46.35139394055952,600658,电子城,bottom_area,2024-02-05,3.31,2024-01-26,4.56,2024-02-05,3.31,0.0,10.57401812688822,27.412280701754376,27.412280701754376,False,-10.054347826086962,1.7176073931010358,4,20,4,20.0,31.942978175051174,46.57210401891252,1993-06-07; 2007-10-26; 2022-11-01; 2023-10-24,20.0,0.0,历史4/20次成功; 当前距低点0.00%; 最新日涨幅-10.05%; 状态bottom_area; 底部未确认
799,55.61849805807889,46.91001725224778,000628,高新发展,bottom_area,2024-02-05,33.71,2024-01-25,48.12,2024-02-05,33.49,0.6569125111973689,9.495371752762019,30.403158769742305,29.94596841230257,False,-7.415545179895622,13.522310735276069,1,9,1,11.11111111111111,99.77973568281939,99.77973568281939,2022-04-27,19.34308748880263,0.6569125111973689,历史1/9次成功; 当前距低点0.66%; 最新日涨幅-7.42%; 状态bottom_area; 底部未确认
800,55.59539792387544,46.3294982698962,002782,可立克,bottom_area,2024-02-05,8.48,2024-01-26,11.94,2024-02-05,8.48,0.0,10.023584905660373,28.978224455611386,28.978224455611386,False,-9.97876857749469,2.427660966606985,1,4,1,25.0,20.991926182237588,20.991926182237588,2016-03-01,20.0,0.0,历史1/4次成功; 当前距低点0.00%; 最新日涨幅-9.98%; 状态bottom_area; 底部未确认
801,55.58315784124403,46.319298201036695,603068,博通集成,bottom_area,2024-02-05,17.57,2024-01-26,25.15,2024-02-05,17.57,0.0,10.643141718838937,30.139165009940356,30.139165009940356,False,-9.989754098360649,2.101361511469457,1,4,1,25.0,20.937087102347792,20.937087102347792,2019-10-08,20.0,0.0,历史1/4次成功; 当前距低点0.00%; 最新日涨幅-9.99%; 状态bottom_area; 底部未确认
802,55.581260946927095,46.31771745577258,603385,惠达卫浴,bottom_area,2024-02-05,5.35,2024-01-29,7.84,2024-02-05,5.35,0.0,11.028037383177585,31.760204081632654,31.760204081632654,False,-9.932659932659949,1.084523137141581,2,8,2,25.0,20.928588471895548,21.372328458942615,2018-02-07; 2020-02-04,20.0,0.0,历史2/8次成功; 当前距低点0.00%; 最新日涨幅-9.93%; 状态bottom_area; 底部未确认
803,55.56588850653821,46.30490708878184,002905,金逸影视,bottom_area,2024-02-05,7.44,2024-01-26,10.81,2024-02-05,7.44,0.0,10.08064516129031,31.174838112858467,31.174838112858467,False,-10.036275695284147,2.1912488553113554,1,5,1,20.0,31.69304886441846,31.69304886441846,2018-02-07,20.0,0.0,历史1/5次成功; 当前距低点0.00%; 最新日涨幅-10.04%; 状态bottom_area; 底部未确认
804,55.56579558294812,46.30482965245677,002285,世联行,bottom_area,2024-02-05,1.73,2024-01-29,2.45,2024-02-05,1.73,0.0,10.404624277456644,29.387755102040824,29.387755102040824,False,-9.895833333333325,1.8202815071534877,2,10,2,20.0,31.69263254009016,33.08223477715003,2015-07-07; 2020-02-04,20.0,0.0,历史2/10次成功; 当前距低点0.00%; 最新日涨幅-9.90%; 状态bottom_area; 底部未确认
805,55.51800000000001,46.26500000000001,601616,广电电气,bottom_area,2024-02-05,2.38,2024-01-26,3.31,2024-02-05,2.38,0.0,9.663865546218489,28.096676737160127,28.096676737160127,False,-9.848484848484862,2.560247400852417,1,4,1,25.0,20.645161290322584,20.645161290322584,2021-10-28,20.0,0.0,历史1/4次成功; 当前距低点0.00%; 最新日涨幅-9.85%; 状态bottom_area; 底部未确认
806,55.50800437409789,46.25667031174824,000428,华天酒店,bottom_area,2024-02-05,2.76,2024-01-26,4.06,2024-02-05,2.76,0.0,10.869565217391315,32.01970443349754,32.01970443349754,False,-10.097719869706845,2.8207347304181263,3,13,3,23.076923076923077,24.76704468681846,28.045977011494273,2015-06-30; 2022-11-23; 2023-10-23,20.0,0.0,历史3/13次成功; 当前距低点0.00%; 最新日涨幅-10.10%; 状态bottom_area; 底部未确认
807,55.50685714285715,46.25571428571429,603081,大丰实业,bottom_area,2024-02-05,8.45,2024-01-26,12.24,2024-02-05,8.45,0.0,10.295857988165693,30.964052287581705,30.964052287581705,False,-10.010649627263057,1.5051866327008647,1,5,1,20.0,31.428571428571434,31.428571428571434,2020-02-04,20.0,0.0,历史1/5次成功; 当前距低点0.00%; 最新日涨幅-10.01%; 状态bottom_area; 底部未确认
808,55.489848214427575,46.24154017868965,603335,迪生力,bottom_area,2024-02-05,4.25,2024-01-26,6.14,2024-02-05,4.25,0.0,10.117647058823524,30.78175895765472,30.78175895765472,False,-9.957627118644064,0.7314818244638795,3,12,3,25.0,20.519033218761532,20.887728459530024,2018-02-07; 2020-02-04; 2023-04-25,20.0,0.0,历史3/12次成功; 当前距低点0.00%; 最新日涨幅-9.96%; 状态bottom_area; 底部未确认
809,55.481290310987184,49.18729846686448,301069,凯盛新材,bottom_area,2024-02-05,11.91,2024-01-26,16.86,2024-02-05,11.52,3.385416666666672,13.628472222222227,31.672597864768683,29.3594306049822,False,-10.045317220543804,1.0917248032569915,1,3,1,33.33333333333333,24.369436201780413,24.369436201780413,2022-12-23,16.61458333333333,3.385416666666672,历史1/3次成功; 当前距低点3.39%; 最新日涨幅-10.05%; 状态bottom_area; 底部未确认
810,55.460961038961045,46.21746753246754,603898,好莱客,bottom_area,2024-02-05,7.58,2024-01-29,10.56,2024-02-05,7.58,0.0,9.762532981530345,28.219696969696972,28.219696969696972,False,-9.97624703087886,0.9853053807794292,1,4,1,25.0,20.389610389610382,20.389610389610382,2022-04-27,20.0,0.0,历史1/4次成功; 当前距低点0.00%; 最新日涨幅-9.98%; 状态bottom_area; 底部未确认
811,55.41875657225778,46.18229714354815,600834,申通地铁,bottom_area,2024-02-05,6.4,2024-01-30,8.95,2024-02-05,6.4,0.0,10.93749999999999,28.491620111731837,28.491620111731837,False,-9.985935302391002,1.9496549252977076,4,17,4,23.52941176470588,23.386796786944497,26.358148893360173,1996-01-23; 1999-12-28; 2010-05-12; 2011-01-18,20.0,0.0,历史4/17次成功; 当前距低点0.00%; 最新日涨幅-9.99%; 状态bottom_area; 底部未确认
812,55.37802894979982,46.148357458166515,002551,尚荣医疗,bottom_area,2024-02-05,2.63,2024-01-26,3.84,2024-02-05,2.63,0.0,11.02661596958175,31.510416666666668,31.510416666666668,False,-9.931506849315074,3.4245919489933287,2,12,2,16.666666666666664,38.07360640591316,52.61780104712043,2018-02-07; 2022-04-27,20.0,0.0,历史2/12次成功; 当前距低点0.00%; 最新日涨幅-9.93%; 状态bottom_area; 底部未确认
813,55.37593791048148,46.14661492540124,600444,国机通用,bottom_area,2024-02-05,10.65,2024-01-26,14.81,2024-02-05,10.65,0.0,10.798122065727704,28.089128966914245,28.089128966914245,False,-9.974640743871511,3.7591370132982713,3,15,3,20.0,30.842015727963663,39.108910891089124,2004-03-01; 2008-03-19; 2010-10-18,20.0,0.0,历史3/15次成功; 当前距低点0.00%; 最新日涨幅-9.97%; 状态bottom_area; 底部未确认
814,55.26941995359629,46.05784996133024,603722,阿科力,bottom_area,2024-02-05,30.8,2024-01-26,43.41,2024-02-05,30.8,0.0,11.071428571428571,29.04860631190969,29.04860631190969,False,-9.994155464640553,2.767917760663858,1,6,1,16.666666666666664,37.587006960556835,37.587006960556835,2019-05-06,20.0,0.0,历史1/6次成功; 当前距低点0.00%; 最新日涨幅-9.99%; 状态bottom_area; 底部未确认
815,55.25593082235076,49.43114087967208,300792,壹网壹创,bottom_area,2024-02-05,15.53,2024-01-26,20.91,2024-02-05,14.95,3.8795986622073584,13.043478260869563,28.503108560497374,25.729316116690583,False,-9.02167545401289,2.093126962866641,1,3,1,33.33333333333333,31.738131699846843,31.738131699846843,2022-04-27,16.120401337792643,3.8795986622073584,历史1/3次成功; 当前距低点3.88%; 最新日涨幅-9.02%; 状态bottom_area; 底部未确认
816,55.246250792605345,49.00877086440798,300303,聚飞光电,bottom_area,2024-02-05,3.63,2024-01-26,4.97,2024-02-05,3.51,3.4188034188034218,13.960113960113969,29.376257545271628,26.961770623742453,False,-10.148514851485146,3.7619104683466102,1,4,1,25.0,25.20775623268697,25.20775623268697,2022-04-27,16.58119658119658,3.4188034188034218,历史1/4次成功; 当前距低点3.42%; 最新日涨幅-10.15%; 状态bottom_area; 底部未确认
817,55.13732293945545,49.005252123945986,603000,人民网,bottom_area,2024-02-05,19.1,2024-01-25,25.3,2024-02-05,18.45,3.523035230352315,11.219512195121952,27.075098814229253,24.505928853754938,False,-6.829268292682922,4.117234936351317,3,12,3,25.0,26.46651854381324,32.573599240265914,2012-12-04; 2015-06-30; 2022-04-27,16.476964769647687,3.523035230352315,历史3/12次成功; 当前距低点3.52%; 最新日涨幅-6.83%; 状态bottom_area; 底部未确认
818,55.111223860951334,48.71710396548183,301048,金鹰重工,bottom_area,2024-02-05,7.68,2024-01-29,10.91,2024-02-05,7.44,3.225806451612894,16.935483870967726,31.805682859761685,29.60586617781852,False,-12.826333711691273,1.985718507602721,1,4,1,25.0,21.273885350318473,21.273885350318473,2022-10-11,16.774193548387107,3.225806451612894,历史1/4次成功; 当前距低点3.23%; 最新日涨幅-12.83%; 状态bottom_area; 底部未确认
819,55.09215534646742,46.30934797239291,000153,丰原药业,bottom_area,2024-02-05,6.38,2024-01-26,8.73,2024-02-05,6.35,0.47244094488189375,10.866141732283472,27.262313860252014,26.91867124856816,False,-9.631728045325772,2.669043436836907,2,12,2,16.666666666666664,32.47229387127396,39.18305597579423,2003-12-16; 2022-04-27,19.527559055118108,0.47244094488189375,历史2/12次成功; 当前距低点0.47%; 最新日涨幅-9.63%; 状态bottom_area; 底部未确认
820,54.96751939112193,45.806266159268276,603528,多伦科技,bottom_area,2024-02-05,5.43,2024-01-26,7.91,2024-02-05,5.43,0.0,10.313075506445681,31.352718078381802,31.352718078381802,False,-9.950248756218915,1.8642210460997442,2,9,2,22.22222222222222,24.197368837165172,26.407766990291247,2018-10-12; 2021-11-02,20.0,0.0,历史2/9次成功; 当前距低点0.00%; 最新日涨幅-9.95%; 状态bottom_area; 底部未确认
821,54.96216271668812,49.292999505651785,300540,蜀道装备,bottom_area,2024-02-05,15.79,2024-01-29,21.96,2024-02-05,15.18,4.018445322793145,16.600790513833992,30.87431693989072,28.096539162112936,False,-10.079726651480636,1.470875577369142,3,11,3,27.27272727272727,29.162073928554072,31.539888682745833,2018-02-09; 2020-02-04; 2021-01-14,15.981554677206855,4.018445322793145,历史3/11次成功; 当前距低点4.02%; 最新日涨幅-10.08%; 状态bottom_area; 底部未确认
822,54.92407704654896,45.770064205457466,002578,闽发铝业,bottom_area,2024-02-05,2.58,2024-01-26,3.7,2024-02-05,2.58,0.0,10.465116279069768,30.270270270270274,30.270270270270274,False,-10.104529616724744,3.9011565125306173,1,7,1,14.285714285714285,41.19850187265918,41.19850187265918,2020-02-04,20.0,0.0,历史1/7次成功; 当前距低点0.00%; 最新日涨幅-10.10%; 状态bottom_area; 底部未确认
823,54.92115957920752,48.58442212889218,300389,艾比森,bottom_area,2024-02-05,11.7,2024-01-26,16.05,2024-02-05,11.33,3.265666372462482,15.35745807590468,29.40809968847352,27.102803738317764,False,-10.8910891089109,3.4865523918365455,1,5,1,20.0,31.882480957562564,31.882480957562564,2020-02-04,16.734333627537517,3.265666372462482,历史1/5次成功; 当前距低点3.27%; 最新日涨幅-10.89%; 状态bottom_area; 底部未确认
824,54.84866703479356,48.11151243417664,688115,思林杰,bottom_area,2024-02-05,18.71,2024-01-26,26.96,2024-02-05,18.2,2.802197802197811,16.42857142857144,32.492581602373896,30.600890207715132,False,-11.952941176470588,2.6824658767061647,1,5,1,20.0,23.658728081654015,23.658728081654015,2022-12-23,17.19780219780219,2.802197802197811,历史1/5次成功; 当前距低点2.80%; 最新日涨幅-11.95%; 状态bottom_area; 底部未确认
825,54.83154953760968,45.7609442238674,002190,成飞集成,bottom_area,2024-02-05,12.34,2024-01-26,16.91,2024-02-05,12.33,0.08110300081102828,10.543390105433907,27.08456534594914,27.0254287403903,False,-9.927007299270073,1.9038589988315961,1,6,1,16.666666666666664,24.72684085510688,24.72684085510688,2015-06-30,19.918896999188973,0.08110300081102828,历史1/6次成功; 当前距低点0.08%; 最新日涨幅-9.93%; 状态bottom_area; 底部未确认
826,54.81216959711755,47.910941597293245,300483,首华燃气,bottom_area,2024-02-05,7.47,2024-01-26,10.79,2024-02-05,7.28,2.609890109890103,18.54395604395605,32.5301204819277,30.769230769230766,False,-13.341067285382824,1.768485801390501,1,5,1,20.0,20.223070149691814,20.223070149691814,2015-08-25,17.390109890109898,2.609890109890103,历史1/5次成功; 当前距低点2.61%; 最新日涨幅-13.34%; 状态bottom_area; 底部未确认
827,54.81079563468219,45.67566302890182,002369,卓翼科技,bottom_area,2024-02-05,3.38,2024-01-26,4.92,2024-02-05,3.38,0.0,10.35502958579882,31.300813008130085,31.300813008130085,False,-9.866666666666667,3.092774862174806,2,9,2,22.22222222222222,23.49520146960359,25.02274795268426,2012-07-11; 2018-11-14,20.0,0.0,历史2/9次成功; 当前距低点0.00%; 最新日涨幅-9.87%; 状态bottom_area; 底部未确认
828,54.77087213114754,45.642393442622954,002176,江特电机,bottom_area,2024-02-05,7.97,2024-01-26,11.21,2024-02-05,7.97,0.0,11.041405269761604,28.902765388046397,28.902765388046397,False,-10.045146726862297,4.970949002196147,2,13,2,15.384615384615385,38.13114754098362,44.26229508196723,2018-02-07; 2019-02-01,20.0,0.0,历史2/13次成功; 当前距低点0.00%; 最新日涨幅-10.05%; 状态bottom_area; 底部未确认
829,54.766671713940234,46.034190594197796,002059,云南旅游,bottom_area,2024-02-05,4.27,2024-01-26,5.93,2024-02-05,4.25,0.47058823529410765,9.176470588235286,28.330522765598648,27.993254637436767,False,-8.95522388059703,1.375276305552178,2,13,2,15.384615384615385,33.748020272410514,42.5609756097561,2011-01-21; 2020-02-04,19.52941176470589,0.47058823529410765,历史2/13次成功; 当前距低点0.47%; 最新日涨幅-8.96%; 状态bottom_area; 底部未确认
830,54.74153258445873,48.15869005847952,603989,艾华集团,bottom_area,2024-02-05,13.9,2024-01-26,18.51,2024-02-05,13.5,2.9629629629629655,11.11111111111111,27.066450567260947,24.905456509994604,False,-7.333333333333336,1.5668797483103485,1,6,1,16.666666666666664,33.10526315789473,33.10526315789473,2015-07-07,17.037037037037038,2.9629629629629655,历史1/6次成功; 当前距低点2.96%; 最新日涨幅-7.33%; 状态bottom_area; 底部未确认
831,54.687244620717664,45.57270385059805,002355,兴民智通,bottom_area,2024-02-05,3.39,2024-01-26,4.73,2024-02-05,3.39,0.0,11.504424778761052,28.329809725158565,28.329809725158565,False,-10.07957559681697,3.104939663754936,2,11,2,18.181818181818183,31.6958662544372,42.253521126760575,2020-02-04; 2023-07-26,20.0,0.0,历史2/11次成功; 当前距低点0.00%; 最新日涨幅-10.08%; 状态bottom_area; 底部未确认
832,54.65036496350365,45.54197080291971,002640,跨境通,bottom_area,2024-02-05,2.32,2024-01-25,3.39,2024-02-05,2.32,0.0,9.482758620689664,31.56342182890856,31.56342182890856,False,-10.077519379844968,4.053164046743137,1,6,1,16.666666666666664,34.81346309813462,34.81346309813462,2015-08-26,20.0,0.0,历史1/6次成功; 当前距低点0.00%; 最新日涨幅-10.08%; 状态bottom_area; 底部未确认
833,54.643508379888274,45.53625698324023,002376,新北洋,bottom_area,2024-02-05,4.73,2024-01-26,6.61,2024-02-05,4.73,0.0,11.416490486257908,28.441754916792732,28.441754916792732,False,-9.904761904761894,2.547598544878231,1,5,1,20.0,27.56052141527001,27.56052141527001,2016-01-28,20.0,0.0,历史1/5次成功; 当前距低点0.00%; 最新日涨幅-9.90%; 状态bottom_area; 底部未确认
834,54.577552953957316,46.312266478272534,002518,科士达,bottom_area,2024-02-05,17.37,2024-01-26,25.08,2024-02-05,17.2,0.9883720930232657,11.104651162790699,31.419457735247207,30.741626794258366,False,-9.105180533751955,2.4253613549604864,2,9,2,22.22222222222222,26.77526502586035,27.48557855446217,2011-01-25; 2011-06-20,19.011627906976734,0.9883720930232657,历史2/9次成功; 当前距低点0.99%; 最新日涨幅-9.11%; 状态bottom_area; 底部未确认
835,54.52890398207206,45.440753318393384,603738,泰晶科技,bottom_area,2024-02-05,9.77,2024-01-26,13.87,2024-02-05,9.77,0.0,10.54247697031731,29.560201874549385,29.560201874549385,False,-10.036832412523022,3.2675844643840497,1,5,1,20.0,27.047060851577324,27.047060851577324,2017-01-17,20.0,0.0,历史1/5次成功; 当前距低点0.00%; 最新日涨幅-10.04%; 状态bottom_area; 底部未确认
836,54.41533690727116,48.305718979754644,002793,罗欣药业,bottom_area,2024-02-05,3.89,2024-01-26,5.2,2024-02-05,3.76,3.4574468085106473,13.563829787234038,27.6923076923077,25.192307692307693,False,-6.2650602409638605,2.3507514775233003,2,8,2,25.0,21.90160055461779,23.383620689655174,2018-10-19; 2022-12-26,16.542553191489354,3.4574468085106473,历史2/8次成功; 当前距低点3.46%; 最新日涨幅-6.27%; 状态bottom_area; 底部未确认
837,54.34753515914138,45.28961263261782,603788,宁波高发,bottom_area,2024-02-05,9.66,2024-01-26,13.41,2024-02-05,9.66,0.0,10.041407867494831,27.96420581655481,27.96420581655481,False,-9.972041006523769,3.625712890531798,1,6,1,16.666666666666664,33.456698741672845,33.456698741672845,2020-02-04,20.0,0.0,历史1/6次成功; 当前距低点0.00%; 最新日涨幅-9.97%; 状态bottom_area; 底部未确认
838,54.28329625640805,45.236080213673375,000688,国城矿业,bottom_area,2024-02-05,7.49,2024-01-29,10.32,2024-02-05,7.49,0.0,11.214953271028035,27.42248062015504,27.42248062015504,False,-9.975961538461542,0.860004593635942,2,10,2,20.0,25.946667815448233,30.935251798561143,2003-12-22; 2022-03-16,20.0,0.0,历史2/10次成功; 当前距低点0.00%; 最新日涨幅-9.98%; 状态bottom_area; 底部未确认
839,54.246710828767576,47.569751704043405,300534,陇神戎发,bottom_area,2024-02-05,6.64,2024-01-25,9.09,2024-02-05,6.46,2.786377708978324,14.70588235294118,28.93289328932893,26.952695269526956,False,-10.391363022941979,3.8950310949789513,2,11,2,18.181818181818183,24.491506200221796,26.86762778505898,2022-03-09; 2022-04-27,17.213622291021675,2.786377708978324,历史2/11次成功; 当前距低点2.79%; 最新日涨幅-10.39%; 状态bottom_area; 底部未确认
840,54.236117647058826,45.19676470588236,002380,科远智慧,bottom_area,2024-02-05,10.94,2024-01-26,15.72,2024-02-05,10.94,0.0,10.05484460694698,30.40712468193385,30.40712468193385,False,-10.032894736842113,4.67912282159557,1,5,1,20.0,25.735294117647072,25.735294117647072,2022-10-25,20.0,0.0,历史1/5次成功; 当前距低点0.00%; 最新日涨幅-10.03%; 状态bottom_area; 底部未确认
841,54.17442545397391,48.2708021673229,688007,光峰科技,bottom_area,2024-02-05,15.29,2024-01-25,20.57,2024-02-05,14.75,3.6610169491525366,10.16949152542373,28.293631502187655,25.668449197860966,False,-6.768292682926824,2.7555418892435504,1,3,1,33.33333333333333,22.820362785254527,22.820362785254527,2021-01-13,16.338983050847464,3.6610169491525366,历史1/3次成功; 当前距低点3.66%; 最新日涨幅-6.77%; 状态bottom_area; 底部未确认
842,54.16707101021253,45.139225841843775,600408,安泰集团,bottom_area,2024-02-05,1.69,2024-01-29,2.38,2024-02-05,1.69,0.0,10.059171597633146,28.99159663865546,28.99159663865546,False,-10.106382978723405,2.1650278108859755,3,14,3,21.428571428571427,22.33070729101875,23.141993957703917,2008-03-20; 2012-12-04; 2022-11-01,20.0,0.0,历史3/14次成功; 当前距低点0.00%; 最新日涨幅-10.11%; 状态bottom_area; 底部未确认
843,54.123866142208776,45.10322178517398,002769,普路通,bottom_area,2024-02-05,5.31,2024-01-26,7.89,2024-02-05,5.31,0.0,11.111111111111125,32.69961977186312,32.69961977186312,False,-10.000000000000009,0.8387974482517182,2,10,2,20.0,25.232375189107408,25.264750378214814,2015-09-02; 2020-02-04,20.0,0.0,历史2/10次成功; 当前距低点0.00%; 最新日涨幅-10.00%; 状态bottom_area; 底部未确认
844,54.10561556119794,45.49621720029401,603421,鼎信通讯,bottom_area,2024-02-05,6.13,2024-01-26,8.54,2024-02-05,6.1,0.4918032786885287,11.475409836065577,28.57142857142857,28.220140515222475,False,-9.58702064896756,0.7391705249083362,1,5,1,20.0,21.11574556830032,21.11574556830032,2018-02-07,19.50819672131147,0.4918032786885287,历史1/5次成功; 当前距低点0.49%; 最新日涨幅-9.59%; 状态bottom_area; 底部未确认
845,54.00726233766233,45.00605194805195,002365,永安药业,bottom_area,2024-02-05,6.2,2024-01-26,8.97,2024-02-05,6.2,0.0,10.000000000000002,30.880713489409146,30.880713489409146,False,-10.01451378809869,2.7064457182952055,1,7,1,14.285714285714285,37.09090909090909,37.09090909090909,2015-09-07,20.0,0.0,历史1/7次成功; 当前距低点0.00%; 最新日涨幅-10.01%; 状态bottom_area; 底部未确认
846,53.994982698961934,44.995818915801614,603258,电魂网络,bottom_area,2024-02-05,15.51,2024-01-26,22.1,2024-02-05,15.51,0.0,11.99226305609285,29.819004524886882,29.819004524886882,False,-9.982588508415557,2.3546321320258077,1,6,1,16.666666666666664,31.87716262975777,31.87716262975777,2018-02-07,20.0,0.0,历史1/6次成功; 当前距低点0.00%; 最新日涨幅-9.98%; 状态bottom_area; 底部未确认
847,53.97736222856098,44.981135190467484,600833,第一医药,bottom_area,2024-02-05,8.51,2024-01-26,12.3,2024-02-05,8.51,0.0,10.458284371327856,30.813008130081304,30.813008130081304,False,-9.947089947089937,2.5242248327550496,4,19,4,21.052631578947366,22.29529389328864,25.739320920043806,1997-07-08; 2011-07-15; 2013-06-25; 2023-01-13,20.0,0.0,历史4/19次成功; 当前距低点0.00%; 最新日涨幅-9.95%; 状态bottom_area; 底部未确认
848,53.9390162059104,44.949180171592,603926,铁流股份,bottom_area,2024-02-05,7.67,2024-01-26,10.54,2024-02-05,7.67,0.0,8.735332464146023,27.22960151802656,27.22960151802656,False,-9.976525821596239,1.5004856613150286,1,5,1,20.0,24.404194470924693,24.404194470924693,2022-04-27,20.0,0.0,历史1/5次成功; 当前距低点0.00%; 最新日涨幅-9.98%; 状态bottom_area; 底部未确认
849,53.89995594132572,48.06365497952611,300370,安控科技,bottom_area,2024-02-05,1.68,2024-01-26,2.32,2024-02-05,1.62,3.703703703703693,14.814814814814813,30.172413793103438,27.586206896551722,False,-9.677419354838722,1.873170606746907,2,8,2,25.0,23.618814107368465,24.103299856527986,2015-08-04; 2023-06-28,16.29629629629631,3.703703703703693,历史2/8次成功; 当前距低点3.70%; 最新日涨幅-9.68%; 状态bottom_area; 底部未确认
850,53.84458149990171,44.870484583251425,600533,栖霞建设,bottom_area,2024-02-05,2.25,2024-01-29,3.1,2024-02-05,2.25,0.0,10.222222222222221,27.41935483870968,27.41935483870968,False,-9.999999999999998,2.3049333333333335,2,12,2,16.666666666666664,31.203322132176105,38.905066977285955,2007-06-05; 2015-06-30,20.0,0.0,历史2/12次成功; 当前距低点0.00%; 最新日涨幅-10.00%; 状态bottom_area; 底部未确认
851,53.794495005920666,48.49947326937881,603605,珀莱雅,bottom_area,2024-02-05,78.24,2023-12-11,104.69,2024-02-05,75.01,4.306092520997186,7.492334355419264,28.350367752411877,25.265068296876496,False,-0.33121019108280914,0.9100801934460216,1,4,1,25.0,23.130990415335457,23.130990415335457,2018-10-18,15.693907479002814,4.306092520997186,历史1/4次成功; 当前距低点4.31%; 最新日涨幅-0.33%; 状态bottom_area; 底部未确认
852,53.75374904942966,44.794790874524715,603991,领先股份,bottom_area,2024-02-05,30.15,2024-01-26,41.99,2024-02-05,30.15,0.0,11.608623548922056,28.197189807096933,28.197189807096933,False,-10.000000000000009,2.568055276044811,1,5,1,20.0,23.574144486692013,23.574144486692013,2020-03-19,20.0,0.0,历史1/5次成功; 当前距低点0.00%; 最新日涨幅-10.00%; 状态bottom_area; 底部未确认
853,53.727833914127395,44.773194928439494,002724,海洋王,bottom_area,2024-02-05,4.9,2024-01-26,6.92,2024-02-05,4.9,0.0,10.20408163265306,29.1907514450867,29.1907514450867,False,-9.926470588235292,1.871357105720293,2,10,2,20.0,23.45803724967472,25.204081632653047,2015-06-30; 2022-04-27,20.0,0.0,历史2/10次成功; 当前距低点0.00%; 最新日涨幅-9.93%; 状态bottom_area; 底部未确认
854,53.6053273381295,44.67110611510792,605081,退市太和,bottom_area,2024-02-05,9.43,2024-01-26,13.36,2024-02-05,9.43,0.0,8.907741251325556,29.416167664670656,29.416167664670656,False,-10.019083969465658,3.5532918846310824,1,5,1,20.0,22.909172661870517,22.909172661870517,2021-03-10,20.0,0.0,历史1/5次成功; 当前距低点0.00%; 最新日涨幅-10.02%; 状态bottom_area; 底部未确认
855,53.59227576688385,48.884169297643574,300725,药石科技,bottom_area,2024-02-05,24.4,2024-01-26,32.99,2024-02-05,23.25,4.946236559139779,13.677419354838708,29.52409821157927,26.038193391936957,False,-7.680665909950813,2.973459103571988,1,3,1,33.33333333333333,41.87234042553193,41.87234042553193,2019-07-22,15.053763440860223,4.946236559139779,历史1/3次成功; 当前距低点4.95%; 最新日涨幅-7.68%; 状态bottom_area; 底部未确认
856,53.58342857142858,44.65285714285715,002787,华源控股,bottom_area,2024-02-05,5.65,2024-01-26,7.97,2024-02-05,5.65,0.0,9.73451327433628,29.10915934755332,29.10915934755332,False,-10.031847133757966,1.5600814368919198,1,5,1,20.0,22.811059907834107,22.811059907834107,2018-02-07,20.0,0.0,历史1/5次成功; 当前距低点0.00%; 最新日涨幅-10.03%; 状态bottom_area; 底部未确认
857,53.57353600459446,48.02350197753522,002880,卫光生物,bottom_area,2024-02-05,22.93,2024-01-26,31.08,2024-02-05,22.05,3.9909297052154145,12.56235827664399,29.054054054054046,26.222651222651223,False,-6.369946917109015,1.4381834215167548,1,3,1,33.33333333333333,25.534883720930225,25.534883720930225,2022-04-27,16.009070294784586,3.9909297052154145,历史1/3次成功; 当前距低点3.99%; 最新日涨幅-6.37%; 状态bottom_area; 底部未确认
858,53.570188737998016,48.67737424595991,300438,鹏辉能源,bottom_area,2024-02-05,17.47,2024-01-26,24.39,2024-02-05,16.68,4.7362110311750545,13.788968824940055,31.611316113161138,28.37228372283723,False,-8.820459290187898,4.657562230080517,2,6,2,33.33333333333333,21.519365933901604,22.22222222222222,2015-06-30; 2018-02-07,15.263788968824946,4.7362110311750545,历史2/6次成功; 当前距低点4.74%; 最新日涨幅-8.82%; 状态bottom_area; 底部未确认
859,53.545806451612904,44.62150537634409,002212,天融信,bottom_area,2024-02-05,5.75,2024-01-26,8.4,2024-02-05,5.75,0.0,11.47826086956522,31.54761904761905,31.54761904761905,False,-10.015649452269171,3.8601221430512145,1,6,1,16.666666666666664,29.864724245577534,29.864724245577534,2015-11-05,20.0,0.0,历史1/6次成功; 当前距低点0.00%; 最新日涨幅-10.02%; 状态bottom_area; 底部未确认
860,53.44015496043652,44.53346246703044,600203,福日电子,bottom_area,2024-02-05,4.46,2024-01-26,6.48,2024-02-05,4.46,0.0,10.538116591928246,31.172839506172846,31.172839506172846,False,-10.080645161290324,2.66015462605139,2,10,2,20.0,22.169153048550736,24.045801526717554,2009-09-29; 2021-09-29,20.0,0.0,历史2/10次成功; 当前距低点0.00%; 最新日涨幅-10.08%; 状态bottom_area; 底部未确认
861,53.43555635766589,47.979108701425346,300359,全通教育,bottom_area,2024-02-05,3.57,2024-01-26,4.99,2024-02-05,3.43,4.081632653061215,17.78425655976676,31.262525050100198,28.456913827655317,False,-12.5,3.037462149631976,3,13,3,23.076923076923077,31.96360833551027,36.66015624999999,2014-07-23; 2015-09-02; 2017-07-24,15.918367346938785,4.081632653061215,历史3/13次成功; 当前距低点4.08%; 最新日涨幅-12.50%; 状态bottom_area; 底部未确认
862,53.41796057706651,44.514967147555424,000850,华茂股份,bottom_area,2024-02-05,3.0,2024-01-30,4.25,2024-02-05,3.0,0.0,9.666666666666668,29.411764705882355,29.411764705882355,False,-9.909909909909908,3.4150138237818735,2,15,2,13.333333333333334,36.5141602915166,52.66903914590747,2018-10-19; 2021-02-08,20.0,0.0,历史2/15次成功; 当前距低点0.00%; 最新日涨幅-9.91%; 状态bottom_area; 底部未确认
863,53.36705338078291,44.472544483985764,002900,哈三联,bottom_area,2024-02-05,8.52,2024-01-26,12.18,2024-02-05,8.52,0.0,12.089201877934286,30.049261083743843,30.049261083743843,False,-10.031678986272452,2.8690609950921675,1,5,1,20.0,21.841637010676155,21.841637010676155,2018-02-07,20.0,0.0,历史1/5次成功; 当前距低点0.00%; 最新日涨幅-10.03%; 状态bottom_area; 底部未确认
864,53.31293457943926,44.42744548286605,603982,泉峰汽车,bottom_area,2024-02-05,8.54,2024-01-29,12.09,2024-02-05,8.54,0.0,10.304449648711953,29.363110008271303,29.363110008271303,False,-10.010537407797692,2.198180239404402,1,5,1,20.0,21.599169262720665,21.599169262720665,2022-04-15,20.0,0.0,历史1/5次成功; 当前距低点0.00%; 最新日涨幅-10.01%; 状态bottom_area; 底部未确认
865,53.29244117647059,44.41036764705883,603860,中公高科,bottom_area,2024-02-05,25.11,2024-01-31,35.4,2024-02-05,25.11,0.0,5.535643170051775,29.067796610169488,29.067796610169488,False,-9.999999999999998,6.469106178764247,1,5,1,20.0,21.507352941176464,21.507352941176464,2018-02-07,20.0,0.0,历史1/5次成功; 当前距低点0.00%; 最新日涨幅-10.00%; 状态bottom_area; 底部未确认
866,53.270857521916895,46.15525561465723,000155,川能动力,bottom_area,2024-02-05,8.64,2024-01-26,12.03,2024-02-05,8.46,2.1276595744680815,10.165484633569733,29.67581047381545,28.179551122194507,False,-8.085106382978724,1.5322221862054322,1,9,1,11.11111111111111,24.131944444444457,24.131944444444457,2011-08-09,17.872340425531917,2.1276595744680815,历史1/9次成功; 当前距低点2.13%; 最新日涨幅-8.09%; 状态bottom_area; 底部未确认
867,53.16971027834352,47.038809291973884,300577,开润股份,bottom_area,2024-02-05,9.79,2024-01-25,13.8,2024-02-05,9.48,3.2700421940928135,15.92827004219409,31.30434782608696,29.05797101449276,False,-11.242067089755214,3.6926157719130446,1,5,1,20.0,23.626373626373624,23.626373626373624,2022-04-28,16.729957805907187,3.2700421940928135,历史1/5次成功; 当前距低点3.27%; 最新日涨幅-11.24%; 状态bottom_area; 底部未确认
868,53.092763004504825,44.77563146108556,002144,宏达高科,bottom_area,2024-02-05,7.72,2024-01-26,10.76,2024-02-05,7.67,0.6518904823989546,9.2568448500652,28.71747211895911,28.25278810408922,False,-9.38967136150235,5.9536463488266005,2,12,2,16.666666666666664,26.4262101843468,30.081300813008134,2015-06-23; 2018-10-19,19.34810951760105,0.6518904823989546,历史2/12次成功; 当前距低点0.65%; 最新日涨幅-9.39%; 状态bottom_area; 底部未确认
869,53.04125347245006,47.54307475884243,300747,锐科激光,bottom_area,2024-02-05,16.17,2024-01-25,21.74,2024-02-05,15.55,3.9871382636656008,12.79742765273311,28.472861085556566,25.62097516099355,False,-7.9157175398633095,2.5980337803446147,1,4,1,25.0,24.294354838709676,24.294354838709676,2020-02-04,16.0128617363344,3.9871382636656008,历史1/4次成功; 当前距低点3.99%; 最新日涨幅-7.92%; 状态bottom_area; 底部未确认
870,53.01560926959559,47.49853773584906,300801,泰和科技,bottom_area,2024-02-05,11.02,2024-01-26,14.79,2024-02-05,10.6,3.9622641509433953,15.28301886792454,28.32995267072346,25.49019607843137,False,-9.449465899753495,1.7383915514704826,1,4,1,25.0,23.75,23.75,2022-01-27,16.037735849056606,3.9622641509433953,历史1/4次成功; 当前距低点3.96%; 最新日涨幅-9.45%; 状态bottom_area; 底部未确认
871,52.98198835647111,44.15165696372593,603321,梅轮电梯,bottom_area,2024-02-05,5.69,2024-01-29,8.07,2024-02-05,5.69,0.0,10.01757469244287,29.49194547707559,29.49194547707559,False,-9.968354430379744,2.0091449226384164,1,7,1,14.285714285714285,32.497387669801455,32.497387669801455,2018-02-07,20.0,0.0,历史1/7次成功; 当前距低点0.00%; 最新日涨幅-9.97%; 状态bottom_area; 底部未确认
872,52.915232625305414,47.481265566076644,605358,立昂微,bottom_area,2024-02-05,18.0,2024-01-25,24.33,2024-02-05,17.3,4.04624277456647,12.023121387283227,28.894369091656387,26.017262638717625,False,-6.347554630593121,1.8788228870759711,1,3,1,33.33333333333333,23.29766536964981,23.29766536964981,2020-12-28,15.953757225433533,4.04624277456647,历史1/3次成功; 当前距低点4.05%; 最新日涨幅-6.35%; 状态bottom_area; 底部未确认
873,52.83777420673701,44.031478505614174,600684,珠江股份,bottom_area,2024-02-05,2.75,2024-01-29,3.98,2024-02-05,2.75,0.0,9.454545454545448,30.90452261306533,30.90452261306533,False,-9.836065573770492,3.748104614878193,3,16,3,18.75,22.178647879646064,25.101214574898773,2008-12-29; 2015-06-30; 2021-01-13,20.0,0.0,历史3/16次成功; 当前距低点0.00%; 最新日涨幅-9.84%; 状态bottom_area; 底部未确认
874,52.824705882352944,44.02058823529412,600793,宜宾纸业,bottom_area,2024-02-05,7.88,2024-01-29,11.16,2024-02-05,7.88,0.0,10.78680203045686,29.39068100358423,29.39068100358423,False,-10.045662100456621,2.4115904138952478,1,17,1,5.88235294117647,55.33869115958666,55.33869115958666,2022-04-27,20.0,0.0,历史1/17次成功; 当前距低点0.00%; 最新日涨幅-10.05%; 状态bottom_area; 底部未确认
875,52.79288453775543,48.038368404123496,300763,锦浪科技,bottom_area,2024-02-05,53.57,2024-01-26,73.28,2024-02-05,51.11,4.813148111915478,11.504597926041876,30.25382096069869,26.896834061135372,False,-6.4442892071253866,3.118181512310668,1,3,1,33.33333333333333,35.693617021276594,35.693617021276594,2021-08-03,15.186851888084524,4.813148111915478,历史1/3次成功; 当前距低点4.81%; 最新日涨幅-6.44%; 状态bottom_area; 底部未确认
876,52.766084817089755,47.61715309753239,300218,安利股份,bottom_area,2024-02-05,9.1,2024-01-26,12.25,2024-02-05,8.72,4.357798165137603,13.99082568807338,28.81632653061224,25.71428571428572,False,-10.344827586206906,3.596000199397617,2,8,2,25.0,29.23619846261356,31.50943396226415,2018-10-19; 2020-04-29,15.642201834862398,4.357798165137603,历史2/8次成功; 当前距低点4.36%; 最新日涨幅-10.34%; 状态bottom_area; 底部未确认
877,52.68790979212802,43.90659149344002,600128,苏豪弘业,bottom_area,2024-02-05,6.54,2024-01-26,9.17,2024-02-05,6.54,0.0,8.409785932721709,28.680479825517992,28.680479825517992,False,-10.04126547455295,4.193704600484262,2,11,2,18.181818181818183,22.738272936383265,24.812895797351747,2008-04-03; 2008-06-24,20.0,0.0,历史2/11次成功; 当前距低点0.00%; 最新日涨幅-10.04%; 状态bottom_area; 底部未确认
878,52.67073498246592,46.67128137646556,002606,大连电瓷,bottom_area,2024-02-05,5.85,2024-01-25,8.22,2024-02-05,5.66,3.356890459363949,11.130742049469962,31.143552311435528,28.832116788321176,False,-6.9952305246422934,3.6403151474812074,2,11,2,18.181818181818183,26.654402669584005,33.25930038867295,2011-09-09; 2015-07-29,16.643109540636054,3.356890459363949,历史2/11次成功; 当前距低点3.36%; 最新日涨幅-7.00%; 状态bottom_area; 底部未确认
879,52.66331983805668,43.886099865047235,002889,东方嘉盛,bottom_area,2024-02-05,16.65,2024-01-26,23.38,2024-02-05,16.65,0.0,10.570570570570581,28.785286569717712,28.785286569717712,False,-10.000000000000009,1.5435083841964088,1,6,1,16.666666666666664,25.910931174089058,25.910931174089058,2018-02-07,20.0,0.0,历史1/6次成功; 当前距低点0.00%; 最新日涨幅-10.00%; 状态bottom_area; 底部未确认
880,52.59115384615385,43.82596153846154,002693,双成药业,bottom_area,2024-02-05,4.52,2024-01-26,6.58,2024-02-05,4.52,0.0,11.061946902654867,31.306990881458972,31.306990881458972,False,-9.960159362549803,2.490354789870935,1,8,1,12.5,34.61538461538462,34.61538461538462,2022-09-23,20.0,0.0,历史1/8次成功; 当前距低点0.00%; 最新日涨幅-9.96%; 状态bottom_area; 底部未确认
881,52.57527275076173,47.54869628621861,002407,多氟多,bottom_area,2024-02-05,10.5,2024-01-19,14.31,2024-02-05,10.05,4.4776119402985,10.248756218905465,29.769392033542974,26.624737945492665,False,-5.913978494623661,2.130515147461791,2,9,2,22.22222222222222,36.35535459432061,46.16915422885571,2018-02-07; 2020-02-04,15.5223880597015,4.4776119402985,历史2/9次成功; 当前距低点4.48%; 最新日涨幅-5.91%; 状态bottom_area; 底部未确认
882,52.559502147940556,43.7995851232838,002451,摩恩电气,bottom_area,2024-02-05,4.73,2024-01-25,6.88,2024-02-05,4.73,0.0,9.725158562367863,31.249999999999993,31.249999999999993,False,-9.904761904761894,3.957950631432563,2,11,2,18.181818181818183,22.162969871027233,23.464566929133863,2020-02-04; 2022-07-07,20.0,0.0,历史2/11次成功; 当前距低点0.00%; 最新日涨幅-9.90%; 状态bottom_area; 底部未确认
883,52.50954248192836,47.89135869470958,688097,博众精工,bottom_area,2024-02-05,19.33,2024-01-19,27.15,2024-02-05,18.42,4.940282301845801,12.214983713355048,32.154696132596676,28.802946593001842,False,-5.707317073170737,1.073754073501884,1,3,1,33.33333333333333,36.461661341853045,36.461661341853045,2023-03-20,15.059717698154202,4.940282301845801,历史1/3次成功; 当前距低点4.94%; 最新日涨幅-5.71%; 状态bottom_area; 底部未确认
884,52.3901401531655,46.98193076019166,601515,衢州东峰,bottom_area,2024-02-05,3.11,2024-01-26,4.12,2024-02-05,2.99,4.013377926421393,9.030100334448147,27.427184466019416,24.51456310679612,False,-5.471124620060797,1.2690554837645287,1,5,1,20.0,32.43243243243243,32.43243243243243,2015-08-26,15.986622073578607,4.013377926421393,历史1/5次成功; 当前距低点4.01%; 最新日涨幅-5.47%; 状态bottom_area; 底部未确认
885,52.30057142857143,43.58380952380953,600865,百大集团,bottom_area,2024-02-05,5.86,2024-01-26,8.23,2024-02-05,5.86,0.0,11.604095563139927,28.797083839611176,28.797083839611176,False,-9.984639016897079,1.332738633635916,1,6,1,16.666666666666664,24.285714285714274,24.285714285714274,1997-09-23,20.0,0.0,历史1/6次成功; 当前距低点0.00%; 最新日涨幅-9.98%; 状态bottom_area; 底部未确认
886,52.17407919123841,43.47839932603201,603933,睿能科技,bottom_area,2024-02-05,9.32,2024-01-29,13.4,2024-02-05,9.32,0.0,8.369098712446345,30.447761194029848,30.447761194029848,False,-9.951690821256031,1.12390295610394,1,10,1,10.0,38.16343723673125,38.16343723673125,2020-02-04,20.0,0.0,历史1/10次成功; 当前距低点0.00%; 最新日涨幅-9.95%; 状态bottom_area; 底部未确认
887,52.133440993788824,43.44453416149069,601007,金陵饭店,bottom_area,2024-02-05,5.86,2024-01-26,8.06,2024-02-05,5.86,0.0,11.604095563139927,27.29528535980149,27.29528535980149,False,-9.984639016897079,2.943974358974359,1,7,1,14.285714285714285,28.69565217391305,28.69565217391305,2020-02-04,20.0,0.0,历史1/7次成功; 当前距低点0.00%; 最新日涨幅-9.98%; 状态bottom_area; 底部未确认
888,52.012406417112295,43.34367201426025,603969,银龙股份,bottom_area,2024-02-05,4.1,2024-01-24,6.05,2024-02-05,4.1,0.0,4.390243902439039,32.231404958677686,32.231404958677686,False,-9.8901098901099,3.785221601132215,1,6,1,16.666666666666664,22.994652406417096,22.994652406417096,2022-04-27,20.0,0.0,历史1/6次成功; 当前距低点0.00%; 最新日涨幅-9.89%; 状态bottom_area; 底部未确认
889,51.82046322067594,43.18371935056329,000809,和展能源,bottom_area,2024-02-05,2.17,2024-01-29,3.14,2024-02-05,2.17,0.0,11.52073732718894,30.891719745222936,30.891719745222936,False,-9.958506224066399,1.6275631838318194,2,12,2,16.666666666666664,22.134691848906563,22.500000000000007,2011-08-09; 2018-10-19,20.0,0.0,历史2/12次成功; 当前距低点0.00%; 最新日涨幅-9.96%; 状态bottom_area; 底部未确认
890,51.79740599688351,46.01376936499831,002873,新天药业,bottom_area,2024-02-05,8.29,2024-01-26,11.05,2024-02-05,8.01,3.4956304619225884,9.612983770287135,27.51131221719458,24.97737556561087,False,-6.853932584269673,3.4731037436459813,1,5,1,20.0,20.880681818181817,20.880681818181817,2018-10-12,16.504369538077412,3.4956304619225884,历史1/5次成功; 当前距低点3.50%; 最新日涨幅-6.85%; 状态bottom_area; 底部未确认
891,51.70980793854033,43.09150661545028,002403,爱仕达,bottom_area,2024-02-05,5.98,2024-01-26,8.45,2024-02-05,5.98,0.0,10.367892976588616,29.230769230769223,29.230769230769223,False,-9.939759036144569,3.286463112166,1,6,1,16.666666666666664,21.63892445582587,21.63892445582587,2023-04-25,20.0,0.0,历史1/6次成功; 当前距低点0.00%; 最新日涨幅-9.94%; 状态bottom_area; 底部未确认
892,51.68053508031182,43.36487387317176,002562,兄弟科技,bottom_area,2024-02-05,2.67,2024-01-26,3.68,2024-02-05,2.66,0.3759398496240521,10.902255639097746,27.717391304347828,27.44565217391305,False,-8.87372013651878,1.2591465303095242,1,9,1,11.11111111111111,27.49590834697217,27.49590834697217,2015-08-26,19.62406015037595,0.3759398496240521,历史1/9次成功; 当前距低点0.38%; 最新日涨幅-8.87%; 状态bottom_area; 底部未确认
893,51.65563613715424,46.692572742107394,300674,宇信科技,bottom_area,2024-02-05,10.33,2024-01-26,13.96,2024-02-05,9.89,4.448938321536901,13.34681496461072,29.154727793696278,26.002865329512897,False,-8.177777777777774,3.1198328086934857,1,4,1,25.0,25.382538253825388,25.382538253825388,2019-11-28,15.5510616784631,4.448938321536901,历史1/4次成功; 当前距低点4.45%; 最新日涨幅-8.18%; 状态bottom_area; 底部未确认
894,51.614469401948604,46.09526814184688,300638,广和通,bottom_area,2024-02-05,12.06,2024-01-25,15.92,2024-02-05,11.62,3.7865748709122315,12.478485370051645,27.010050251256285,24.24623115577889,False,-8.079268292682917,4.250420358294831,1,5,1,20.0,24.88526262111167,24.88526262111167,2018-10-12,16.21342512908777,3.7865748709122315,历史1/5次成功; 当前距低点3.79%; 最新日涨幅-8.08%; 状态bottom_area; 底部未确认
895,51.54705796038151,42.95588163365126,002827,高争民爆,bottom_area,2024-02-05,11.1,2024-01-26,15.87,2024-02-05,11.1,0.0,10.720720720720717,30.056710775047257,30.056710775047257,False,-9.97566909975669,2.4351202412432182,1,6,1,16.666666666666664,20.909757887013935,20.909757887013935,2018-10-19,20.0,0.0,历史1/6次成功; 当前距低点0.00%; 最新日涨幅-9.98%; 状态bottom_area; 底部未确认
896,51.512452830188685,42.92704402515724,002290,禾盛新材,bottom_area,2024-02-05,8.37,2024-01-26,12.29,2024-02-05,8.37,0.0,13.500597371565123,31.895850284784377,31.895850284784377,False,-10.00000000000002,1.5019250278909393,1,6,1,16.666666666666664,20.754716981132066,20.754716981132066,2013-06-25,20.0,0.0,历史1/6次成功; 当前距低点0.00%; 最新日涨幅-10.00%; 状态bottom_area; 底部未确认
897,51.45757659326039,45.521842567235446,300298,三诺生物,bottom_area,2024-02-05,20.86,2024-01-25,27.93,2024-02-05,20.2,3.267326732673268,9.60396039603961,27.676333691371287,25.31328320802005,False,-6.289308176100638,1.1380682500391133,1,6,1,16.666666666666664,22.659574468085093,22.659574468085093,2016-03-11,16.732673267326735,3.267326732673268,历史1/6次成功; 当前距低点3.27%; 最新日涨幅-6.29%; 状态bottom_area; 底部未确认
898,51.40811490125673,42.84009575104728,002449,国星光电,bottom_area,2024-02-05,5.58,2024-01-26,7.7,2024-02-05,5.58,0.0,10.931899641577067,27.532467532467532,27.532467532467532,False,-9.999999999999998,3.3568255094291573,1,6,1,16.666666666666664,20.287253141831236,20.287253141831236,2012-12-04,20.0,0.0,历史1/6次成功; 当前距低点0.00%; 最新日涨幅-10.00%; 状态bottom_area; 底部未确认
899,51.366495304003955,42.80541275333663,002632,道明光学,bottom_area,2024-02-05,5.27,2024-01-26,7.3,2024-02-05,5.27,0.0,9.677419354838722,27.808219178082194,27.808219178082194,False,-10.068259385665545,3.231766945491346,1,7,1,14.285714285714285,25.259515570934255,25.259515570934255,2021-02-04,20.0,0.0,历史1/7次成功; 当前距低点0.00%; 最新日涨幅-10.07%; 状态bottom_area; 底部未确认
900,51.344,42.78666666666667,002678,珠江钢琴,bottom_area,2024-02-05,3.84,2024-01-26,5.48,2024-02-05,3.84,0.0,10.677083333333337,29.92700729927008,29.92700729927008,False,-10.070257611241207,0.8338843313833173,1,6,1,16.666666666666664,20.000000000000004,20.000000000000004,2015-06-30,20.0,0.0,历史1/6次成功; 当前距低点0.00%; 最新日涨幅-10.07%; 状态bottom_area; 底部未确认
901,51.225320718886366,43.40685676026103,600488,津药药业,bottom_area,2024-02-05,3.32,2024-01-26,4.51,2024-02-05,3.29,0.9118541033434591,10.334346504559267,27.050997782705092,26.38580931263858,False,-9.289617486338809,1.9848212848316598,1,7,1,14.285714285714285,27.412587412587396,27.412587412587396,2008-04-03,19.088145896656542,0.9118541033434591,历史1/7次成功; 当前距低点0.91%; 最新日涨幅-9.29%; 状态bottom_area; 底部未确认
902,51.1312721888711,43.31847568194828,002121,科陆电子,bottom_area,2024-02-05,3.36,2024-01-26,4.91,2024-02-05,3.33,0.900900900900895,11.111111111111114,32.17922606924644,31.56822810590632,False,-9.189189189189195,2.38539873062042,1,9,1,11.11111111111111,33.68146214099216,33.68146214099216,2011-08-09,19.099099099099107,0.900900900900895,历史1/9次成功; 当前距低点0.90%; 最新日涨幅-9.19%; 状态bottom_area; 底部未确认
903,51.124800813344336,46.164214649432026,300788,中信出版,bottom_area,2024-02-05,24.01,2024-02-02,32.0,2024-02-05,23.0,4.391304347826094,19.17391304347826,28.125,24.968749999999996,False,-16.486956521739128,7.850687316867091,1,3,1,33.33333333333333,20.446533490011753,20.446533490011753,2022-04-27,15.608695652173907,4.391304347826094,历史1/3次成功; 当前距低点4.39%; 最新日涨幅-16.49%; 状态bottom_area; 底部未确认
904,51.02797262617622,42.52331052181352,000571,新大洲A,bottom_area,2024-02-05,2.31,2024-01-26,3.27,2024-02-05,2.31,0.0,11.255411255411246,29.35779816513761,29.35779816513761,False,-10.116731517509725,2.4505272048449482,2,14,2,14.285714285714285,23.7428369068315,24.73118279569891,1995-01-25; 1999-05-17,20.0,0.0,历史2/14次成功; 当前距低点0.00%; 最新日涨幅-10.12%; 状态bottom_area; 底部未确认
905,51.022619852110644,46.354935386144696,300238,冠昊生物,bottom_area,2024-02-05,8.64,2024-01-26,12.11,2024-02-05,8.25,4.727272727272734,17.69696969696971,31.874483897605284,28.65400495458298,False,-12.72727272727272,4.655832624793497,2,8,2,25.0,26.979124754443685,32.574850299401206,2015-06-30; 2015-08-26,15.272727272727268,4.727272727272734,历史2/8次成功; 当前距低点4.73%; 最新日涨幅-12.73%; 状态bottom_area; 底部未确认
906,50.91229064039409,42.42690886699508,601068,中铝国际,bottom_area,2024-02-05,3.93,2024-01-29,5.67,2024-02-05,3.93,0.0,10.687022900763345,30.687830687830687,30.687830687830687,False,-10.068649885583525,1.6904656384260666,1,8,1,12.5,27.093596059113317,27.093596059113317,2020-02-04,20.0,0.0,历史1/8次成功; 当前距低点0.00%; 最新日涨幅-10.07%; 状态bottom_area; 底部未确认
907,50.78396721311476,42.31997267759563,000590,古汉医药,bottom_area,2024-02-05,6.13,2024-01-26,9.03,2024-02-05,6.13,0.0,11.092985318107662,32.115171650055366,32.115171650055366,False,-9.985315712187958,3.477963028619385,2,15,2,13.333333333333334,24.713114754098363,25.0,1996-08-28; 2002-01-23,20.0,0.0,历史2/15次成功; 当前距低点0.00%; 最新日涨幅-9.99%; 状态bottom_area; 底部未确认
908,50.72497509829619,42.270812581913496,603080,新疆火炬,bottom_area,2024-02-05,11.54,2024-01-26,16.44,2024-02-05,11.54,0.0,9.185441941074528,29.805352798053537,29.805352798053537,False,-9.98439937597505,4.103604240282686,1,7,1,14.285714285714285,22.385321100917427,22.385321100917427,2022-04-27,20.0,0.0,历史1/7次成功; 当前距低点0.00%; 最新日涨幅-9.98%; 状态bottom_area; 底部未确认
909,50.63954259664486,45.86968816953287,300726,宏达电子,bottom_area,2024-02-05,18.56,2024-01-25,24.98,2024-02-05,17.75,4.563380281690134,12.676056338028168,28.943154523618897,25.700560448358694,False,-8.20969337289812,2.9615498186305325,1,3,1,33.33333333333333,20.972375690607738,20.972375690607738,2022-04-27,15.436619718309869,4.563380281690134,历史1/3次成功; 当前距低点4.56%; 最新日涨幅-8.21%; 状态bottom_area; 底部未确认
910,50.590246900718824,42.158539083932354,000788,北大医药,bottom_area,2024-02-05,4.47,2024-01-26,6.22,2024-02-05,4.47,0.0,9.619686800894868,28.135048231511256,28.135048231511256,False,-10.060362173038229,2.4511592730472156,3,21,3,14.285714285714285,21.78170014402955,23.809523809523807,2001-02-26; 2008-03-18; 2018-02-09,20.0,0.0,历史3/21次成功; 当前距低点0.00%; 最新日涨幅-10.06%; 状态bottom_area; 底部未确认
911,50.58408965046391,42.15340804205326,600159,大龙地产,bottom_area,2024-02-05,2.57,2024-01-26,3.69,2024-02-05,2.57,0.0,8.171206225680933,30.352303523035236,30.352303523035236,False,-9.824561403508781,3.447275852945221,3,23,3,13.043478260869565,24.445625284531292,28.770949720670398,2008-04-18; 2017-12-06; 2018-10-19,20.0,0.0,历史3/23次成功; 当前距低点0.00%; 最新日涨幅-9.82%; 状态bottom_area; 底部未确认
912,50.540934782608694,42.11744565217391,000691,亚太实业,bottom_area,2024-02-05,3.32,2024-01-26,4.92,2024-02-05,3.32,0.0,10.843373493975914,32.520325203252035,32.520325203252035,False,-10.027100271002709,2.5210814489436078,2,16,2,12.5,25.429815334268348,28.83064516129032,2018-02-09; 2019-08-06,20.0,0.0,历史2/16次成功; 当前距低点0.00%; 最新日涨幅-10.03%; 状态bottom_area; 底部未确认
913,50.522308962984134,45.38968761178746,300434,金石亚药,bottom_area,2024-02-05,7.34,2024-01-26,10.0,2024-02-05,7.05,4.113475177304965,14.042553191489352,29.500000000000004,26.6,False,-9.270704573547594,1.9242645733167072,2,10,2,20.0,25.098983957219247,26.7379679144385,2015-06-30; 2022-04-27,15.886524822695037,4.113475177304965,历史2/10次成功; 当前距低点4.11%; 最新日涨幅-9.27%; 状态bottom_area; 底部未确认
914,50.517063082018296,44.88714942528734,688589,力合微,bottom_area,2024-02-05,23.01,2024-01-25,32.89,2024-02-05,22.23,3.508771929824567,16.014394961763376,32.41106719367589,30.039525691699602,False,-11.568024596464255,2.343311939183039,1,6,1,16.666666666666664,22.20689655172413,22.20689655172413,2022-04-27,16.491228070175435,3.508771929824567,历史1/6次成功; 当前距低点3.51%; 最新日涨幅-11.57%; 状态bottom_area; 底部未确认
915,50.49317060401806,42.077642170015054,603192,汇得科技,bottom_area,2024-02-05,12.82,2024-01-26,18.31,2024-02-05,12.82,0.0,10.530421216848671,29.983615510649912,29.983615510649912,False,-9.97191011235955,1.1095608573902789,1,7,1,14.285714285714285,21.346770499312875,21.346770499312875,2020-02-04,20.0,0.0,历史1/7次成功; 当前距低点0.00%; 最新日涨幅-9.97%; 状态bottom_area; 底部未确认
916,50.36273740609733,41.968947838414444,600513,联环药业,bottom_area,2024-02-05,7.26,2024-01-26,10.26,2024-02-05,7.26,0.0,10.192837465564741,29.239766081871345,29.239766081871345,False,-10.0371747211896,4.368934798266728,2,14,2,14.285714285714285,20.76239237242789,20.901639344262303,2005-04-28; 2012-06-28,20.0,0.0,历史2/14次成功; 当前距低点0.00%; 最新日涨幅-10.04%; 状态bottom_area; 底部未确认
917,50.35839246119733,41.96532705099778,002357,富临运业,bottom_area,2024-02-05,5.02,2024-01-29,7.14,2024-02-05,5.02,0.0,10.756972111553786,29.691876750700285,29.691876750700285,False,-10.035842293906816,5.6968309719407335,1,8,1,12.5,24.611973392461206,24.611973392461206,2022-04-28,20.0,0.0,历史1/8次成功; 当前距低点0.00%; 最新日涨幅-10.04%; 状态bottom_area; 底部未确认
918,50.350170194343306,45.491085549964076,300075,数字政通,bottom_area,2024-02-05,10.86,2024-01-26,14.98,2024-02-05,10.4,4.4230769230769145,15.57692307692307,30.574098798397863,27.503337783711622,False,-10.76417419884963,5.062136260493,1,5,1,20.0,29.43925233644859,29.43925233644859,2022-04-15,15.576923076923087,4.4230769230769145,历史1/5次成功; 当前距低点4.42%; 最新日涨幅-10.76%; 状态bottom_area; 底部未确认
919,50.34360902255639,41.953007518796994,002576,通达动力,bottom_area,2024-02-05,10.62,2024-01-26,14.95,2024-02-05,10.62,0.0,10.075329566854995,28.96321070234114,28.96321070234114,False,-10.000000000000009,3.388373387876511,1,7,1,14.285714285714285,20.676691729323313,20.676691729323313,2020-02-04,20.0,0.0,历史1/7次成功; 当前距低点0.00%; 最新日涨幅-10.00%; 状态bottom_area; 底部未确认
920,50.32382722138658,45.641244572152054,688165,埃夫特,bottom_area,2024-02-05,6.55,2024-01-26,9.31,2024-02-05,6.26,4.632587859424921,18.530351437699682,32.76047261009668,29.64554242749732,False,-11.725067385444742,1.7546858829391696,1,4,1,25.0,21.98142414860681,21.98142414860681,2022-04-27,15.367412140575082,4.632587859424921,历史1/4次成功; 当前距低点4.63%; 最新日涨幅-11.73%; 状态bottom_area; 底部未确认
921,50.29149277688604,41.9095773140717,002734,利民股份,bottom_area,2024-02-05,5.49,2024-01-26,7.58,2024-02-05,5.49,0.0,10.382513661202173,27.572559366754618,27.572559366754618,False,-9.999999999999986,1.7212323274982886,1,7,1,14.285714285714285,20.443196004993773,20.443196004993773,2015-06-30,20.0,0.0,历史1/7次成功; 当前距低点0.00%; 最新日涨幅-10.00%; 状态bottom_area; 底部未确认
922,50.15343243243243,41.79452702702703,002777,久远银海,bottom_area,2024-02-05,15.3,2024-01-26,21.1,2024-02-05,15.3,0.0,11.111111111111107,27.488151658767773,27.488151658767773,False,-9.999999999999998,3.5443740298627957,1,8,1,12.5,23.693693693693703,23.693693693693703,2019-06-05,20.0,0.0,历史1/8次成功; 当前距低点0.00%; 最新日涨幅-10.00%; 状态bottom_area; 底部未确认
923,50.03548098434005,41.69623415361671,002927,泰永长征,bottom_area,2024-02-05,9.28,2024-01-26,13.38,2024-02-05,9.28,0.0,10.775862068965518,30.642750373692085,30.642750373692085,False,-9.99030067895248,2.397799438390965,1,9,1,11.11111111111111,26.174496644295303,26.174496644295303,2020-02-04,20.0,0.0,历史1/9次成功; 当前距低点0.00%; 最新日涨幅-9.99%; 状态bottom_area; 底部未确认
924,50.02112903225807,41.68427419354839,002799,环球印务,bottom_area,2024-02-05,6.4,2024-01-26,9.43,2024-02-05,6.4,0.0,10.781249999999993,32.13149522799576,32.13149522799576,False,-9.985935302391002,3.0837935448954736,1,8,1,12.5,23.1009365244537,23.1009365244537,2017-12-26,20.0,0.0,历史1/8次成功; 当前距低点0.00%; 最新日涨幅-9.99%; 状态bottom_area; 底部未确认
925,50.01347603758719,43.99439899493775,300158,振东制药,bottom_area,2024-02-05,3.83,2024-01-26,5.35,2024-02-05,3.72,2.9569892473118244,13.709677419354843,30.467289719626162,28.411214953271024,False,-9.456264775413715,3.9356185854734917,1,9,1,11.11111111111111,22.680412371134032,22.680412371134032,2018-01-22,17.043010752688176,2.9569892473118244,历史1/9次成功; 当前距低点2.96%; 最新日涨幅-9.46%; 状态bottom_area; 底部未确认
926,49.76050471793828,44.52841585497834,300115,长盈精密,bottom_area,2024-02-05,7.2,2024-01-25,10.05,2024-02-05,6.93,3.896103896103903,14.862914862914867,31.044776119402997,28.358208955223883,False,-9.887359198998746,3.2304840421019088,2,12,2,16.666666666666664,25.026161674347165,28.85416666666667,2011-01-25; 2013-02-05,16.103896103896098,3.896103896103903,历史2/12次成功; 当前距低点3.90%; 最新日涨幅-9.89%; 状态bottom_area; 底部未确认
927,49.743038379530915,41.45253198294243,002112,三变科技,bottom_area,2024-02-05,6.77,2024-01-30,9.35,2024-02-05,6.77,0.0,10.782865583456433,27.593582887700535,27.593582887700535,False,-9.973404255319151,4.737301016896405,1,8,1,12.5,21.8550106609808,21.8550106609808,2023-04-25,20.0,0.0,历史1/8次成功; 当前距低点0.00%; 最新日涨幅-9.97%; 状态bottom_area; 底部未确认
928,49.70719999999999,41.422666666666665,000965,天保基建,bottom_area,2024-02-05,2.47,2024-01-26,3.45,2024-02-05,2.47,0.0,10.121457489878543,28.405797101449277,28.405797101449277,False,-9.85401459854015,2.125972452448416,1,10,1,10.0,27.111111111111107,27.111111111111107,2006-08-08,20.0,0.0,历史1/10次成功; 当前距低点0.00%; 最新日涨幅-9.85%; 状态bottom_area; 底部未确认
929,49.603196424137074,41.33599702011423,002876,三利谱,bottom_area,2024-02-05,18.99,2024-01-26,28.06,2024-02-05,18.99,0.0,10.321221695629285,32.323592302209555,32.323592302209555,False,-10.000000000000009,3.55427895528475,1,10,1,10.0,26.64514526943133,26.64514526943133,2018-07-02,20.0,0.0,历史1/10次成功; 当前距低点0.00%; 最新日涨幅-10.00%; 状态bottom_area; 底部未确认
930,49.53526774595269,41.279389788293905,002177,御银股份,bottom_area,2024-02-05,2.88,2024-01-26,4.16,2024-02-05,2.88,0.0,10.763888888888891,30.769230769230777,30.769230769230777,False,-10.000000000000009,5.301406661887544,1,11,1,9.090909090909092,28.310502283105027,28.310502283105027,2020-02-04,20.0,0.0,历史1/11次成功; 当前距低点0.00%; 最新日涨幅-10.00%; 状态bottom_area; 底部未确认
931,49.52188888888889,41.268240740740744,002637,赞宇科技,bottom_area,2024-02-05,7.38,2024-01-26,10.37,2024-02-05,7.38,0.0,10.569105691056913,28.83317261330761,28.83317261330761,False,-9.999999999999998,1.0611332103987534,1,8,1,12.5,20.864197530864192,20.864197530864192,2013-06-25,20.0,0.0,历史1/8次成功; 当前距低点0.00%; 最新日涨幅-10.00%; 状态bottom_area; 底部未确认
932,49.51362629246677,41.261355243722306,600192,长城电工,bottom_area,2024-02-05,3.81,2024-01-26,5.59,2024-02-05,3.81,0.0,10.761154855643037,31.84257602862254,31.84257602862254,False,-9.9290780141844,2.142262066299287,1,8,1,12.5,20.82717872968981,20.82717872968981,2009-03-02,20.0,0.0,历史1/8次成功; 当前距低点0.00%; 最新日涨幅-9.93%; 状态bottom_area; 底部未确认
933,49.44074418604651,41.200620155038756,000833,粤桂股份,bottom_area,2024-02-05,4.29,2024-01-29,5.92,2024-02-05,4.29,0.0,10.95571095571095,27.533783783783782,27.533783783783782,False,-10.062893081760993,1.9542783925744207,1,15,1,6.666666666666667,33.13953488372093,33.13953488372093,2012-12-04,20.0,0.0,历史1/15次成功; 当前距低点0.00%; 最新日涨幅-10.06%; 状态bottom_area; 底部未确认
934,49.14169014084507,40.95140845070423,000158,常山北明,bottom_area,2024-02-05,6.35,2024-01-26,9.45,2024-02-05,6.35,0.0,10.551181102362204,32.804232804232804,32.804232804232804,False,-10.056657223796039,5.545674084100638,1,13,1,7.6923076923076925,29.57746478873239,29.57746478873239,2005-07-18,20.0,0.0,历史1/13次成功; 当前距低点0.00%; 最新日涨幅-10.06%; 状态bottom_area; 底部未确认
935,49.13961038732291,40.949675322769096,000892,欢瑞世纪,bottom_area,2024-02-05,2.74,2024-01-26,3.77,2024-02-05,2.74,0.0,9.85401459854013,27.3209549071618,27.3209549071618,False,-9.868421052631572,2.5530062678136574,2,17,2,11.76470588235294,20.744617484843314,21.45922746781116,2005-02-02; 2016-03-01,20.0,0.0,历史2/17次成功; 当前距低点0.00%; 最新日涨幅-9.87%; 状态bottom_area; 底部未确认
936,49.13547273921846,44.327672478699334,300358,楚天科技,bottom_area,2024-02-05,7.21,2024-01-29,9.57,2024-02-05,6.91,4.341534008683065,11.143270622286535,27.79519331243469,24.66039707419018,False,-6.2418725617685356,1.6851837184159562,2,10,2,20.0,22.18478504568129,23.815789473684205,2015-06-30; 2021-01-14,15.658465991316936,4.341534008683065,历史2/10次成功; 当前距低点4.34%; 最新日涨幅-6.24%; 状态bottom_area; 底部未确认
937,48.98949397590361,40.824578313253014,600439,瑞贝卡,bottom_area,2024-02-05,1.97,2024-01-26,2.82,2024-02-05,1.97,0.0,10.15228426395939,30.141843971631204,30.141843971631204,False,-10.045662100456621,2.8921749354390727,1,10,1,10.0,23.895582329317257,23.895582329317257,2015-08-26,20.0,0.0,历史1/10次成功; 当前距低点0.00%; 最新日涨幅-10.05%; 状态bottom_area; 底部未确认
938,48.93218683651805,40.77682236376504,002425,凯撒文化,bottom_area,2024-02-05,2.92,2024-01-26,4.32,2024-02-05,2.92,0.0,11.3013698630137,32.40740740740741,32.40740740740741,False,-9.876543209876553,3.2421925595879912,1,9,1,11.11111111111111,21.231422505307858,21.231422505307858,2022-04-28,20.0,0.0,历史1/9次成功; 当前距低点0.00%; 最新日涨幅-9.88%; 状态bottom_area; 底部未确认
939,48.90828571428572,40.756904761904764,600493,凤竹纺织,bottom_area,2024-02-05,5.0,2024-01-30,6.9,2024-02-05,5.0,0.0,9.600000000000009,27.536231884057976,27.536231884057976,False,-10.071942446043158,3.4973897058823527,1,12,1,8.333333333333332,27.142857142857135,27.142857142857135,2018-10-19,20.0,0.0,历史1/12次成功; 当前距低点0.00%; 最新日涨幅-10.07%; 状态bottom_area; 底部未确认
940,48.86640547736781,40.72200456447318,600769,祥龙电业,bottom_area,2024-02-05,5.87,2024-01-26,8.23,2024-02-05,5.87,0.0,8.177172061328783,28.675577156743625,28.675577156743625,False,-9.969325153374232,2.5069791745664527,1,11,1,9.090909090909092,25.31380753138075,25.31380753138075,2019-05-20,20.0,0.0,历史1/11次成功; 当前距低点0.00%; 最新日涨幅-9.97%; 状态bottom_area; 底部未确认
941,48.83227162009765,43.531145461655996,300143,盈康生命,bottom_area,2024-02-05,6.75,2024-01-26,9.18,2024-02-05,6.51,3.6866359447004644,13.517665130568354,29.08496732026144,26.47058823529412,False,-9.2741935483871,1.253030520423218,1,9,1,11.11111111111111,29.13385826771654,29.13385826771654,2016-01-12,16.313364055299537,3.6866359447004644,历史1/9次成功; 当前距低点3.69%; 最新日涨幅-9.27%; 状态bottom_area; 底部未确认
942,48.72913472070098,40.60761226725082,002052,同洲电子,bottom_area,2024-02-05,1.84,2024-01-26,2.58,2024-02-05,1.84,0.0,0.0,28.68217054263566,28.68217054263566,False,-5.154639175257724,0.12202141485259327,1,11,1,9.090909090909092,24.698795180722875,24.698795180722875,2011-10-24,20.0,0.0,历史1/11次成功; 当前距低点0.00%; 最新日涨幅-5.15%; 状态bottom_area; 底部未确认
943,48.31504577754906,42.88182900715869,300939,秋田微,confirmed_rebound,2024-02-05,20.71,2024-01-26,29.49,2024-02-05,20.02,3.4465534465534535,20.42957042957043,32.11258053577484,29.772804340454385,False,-13.851913477537437,3.2616666666666667,1,7,1,14.285714285714285,26.03670972127803,26.03670972127803,2023-05-15,16.55344655344655,3.4465534465534535,历史1/7次成功; 当前距低点3.45%; 最新日涨幅-13.85%; 状态confirmed_rebound; 底部未确认
944,47.75749185667753,39.79790988056461,600545,卓郎智能,bottom_area,2024-02-05,1.83,2024-01-26,2.56,2024-02-05,1.83,0.0,10.382513661202182,28.515625,28.515625,False,-9.85221674876846,1.347090767006699,1,12,1,8.333333333333332,21.986970684039097,21.986970684039097,2019-08-26,20.0,0.0,历史1/12次成功; 当前距低点0.00%; 最新日涨幅-9.85%; 状态bottom_area; 底部未确认
945,46.57738956322928,41.54142180479619,300239,东宝生物,bottom_area,2024-02-05,3.91,2024-01-26,5.61,2024-02-05,3.77,3.713527851458889,16.97612732095491,32.79857397504456,30.303030303030305,False,-11.936936936936938,2.6545457363353244,1,10,1,10.0,21.1734693877551,21.1734693877551,2019-06-06,16.28647214854111,3.713527851458889,历史1/10次成功; 当前距低点3.71%; 最新日涨幅-11.94%; 状态bottom_area; 底部未确认
946,44.63764171561771,40.48538471607892,688185,康希诺,bottom_area,2024-02-05,46.06,2024-01-26,60.4,2024-02-05,44.02,4.634257155838253,13.38028169014083,27.119205298013238,23.741721854304632,False,-7.713884992987364,1.8025248926615371,1,8,1,12.5,21.36554317951687,21.36554317951687,2023-08-29,15.365742844161748,4.634257155838253,历史1/8次成功; 当前距低点4.63%; 最新日涨幅-7.71%; 状态bottom_area; 底部未确认
947,44.073938005879576,39.918041887083824,002049,紫光国微,bottom_area,2024-02-05,48.41,2023-12-29,68.08,2024-02-05,46.3,4.557235421166306,8.207343412527008,31.991774383078734,28.892479435957704,False,-3.565737051792839,1.852881783768781,1,9,1,11.11111111111111,20.380434782608685,20.380434782608685,2005-11-07,15.442764578833696,4.557235421166306,历史1/9次成功; 当前距低点4.56%; 最新日涨幅-3.57%; 状态bottom_area; 底部未确认
