code,name,latest_date,latest_close,current_stage,current_top_price,current_low_date,current_low_price,current_low_to_latest_pct,current_low_to_high_pct,current_drawdown_pct,close_drawdown_pct,current_is_bottom_confirmed,historical_valid_event_count
002809,红墙股份,2024-02-05,6.99,bottom_area,10.11,2024-02-05,6.98,0.14326647564469608,10.458452722063031,30.959446092977245,30.860534124629073,False,5
300962,中金辐照,2024-02-05,11.18,bottom_area,16.5,2024-02-05,11.06,1.0849909584086728,17.088607594936697,32.96969696969697,32.24242424242424,False,3
605133,嵘泰股份,2024-02-05,16.67,bottom_area,22.56,2024-02-05,16.43,1.4607425441266098,9.86001217285454,27.171985815602834,26.108156028368786,False,2
300785,值得买,2024-02-05,13.51,bottom_area,19.66,2024-02-05,13.24,2.0392749244712958,14.199395770392742,32.65513733468973,31.28179043743642,False,3
003020,立方制药,2024-02-05,17.4,bottom_area,23.88,2024-02-05,17.21,1.1040092969203819,10.865775711795452,27.931323283082072,27.1356783919598,False,2
603171,税友股份,2024-02-05,21.89,bottom_area,30.03,2024-02-05,21.6,1.3425925925925886,11.0648148148148,28.07192807192807,27.10622710622711,False,2
300510,金冠股份,2024-02-05,3.77,bottom_area,5.23,2024-02-05,3.69,2.168021680216804,13.008130081300811,29.445506692160617,27.91586998087955,False,2
001210,金房能源,2024-02-05,13.82,bottom_area,19.2,2024-02-05,13.82,0.0,10.926193921852386,28.02083333333333,28.02083333333333,False,2
301153,中科江南,2024-02-05,48.01,bottom_area,65.84,2024-02-05,47.51,1.0524100189433803,13.660282045885081,27.84021871202917,27.08080194410693,False,1
603613,国联股份,2024-02-05,15.55,bottom_area,21.46,2024-02-05,15.08,3.1167108753315693,11.206896551724133,29.72972972972973,27.539608574091336,False,3
301058,中粮科工,2024-02-05,8.75,bottom_area,12.59,2024-02-05,8.56,2.219626168224293,17.87383177570093,32.00953137410643,30.500397140587765,False,1
603929,亚翔集成,2024-02-05,14.58,bottom_area,21.28,2024-02-05,14.58,0.0,11.042524005486976,31.484962406015043,31.484962406015043,False,5
603662,柯力传感,2024-02-05,20.3,bottom_area,27.98,2024-02-05,20.27,0.1480019733596504,9.817464232856448,27.555396711937103,27.448177269478197,False,4
001234,泰慕士,2024-02-05,15.53,bottom_area,21.92,2024-02-05,15.53,0.0,10.753380553766902,29.151459854014604,29.151459854014604,False,2
300667,必创科技,2024-02-05,9.99,bottom_area,14.29,2024-02-05,9.83,1.6276703967446606,17.395727365208536,31.21063680895731,30.090972708187536,False,5
003025,思进智能,2024-02-05,9.29,bottom_area,12.99,2024-02-05,9.28,0.10775862068965288,11.961206896551738,28.560431100846813,28.483448806774447,False,1
001218,丽臣实业,2024-02-05,14.44,bottom_area,20.13,2024-02-05,14.44,0.0,10.595567867036019,28.26626924987581,28.26626924987581,False,2
605028,世茂能源,2024-02-05,13.06,bottom_area,17.93,2024-02-05,13.06,0.0,11.179173047473192,27.1611823759063,27.1611823759063,False,2
301381,赛维时代,2024-02-05,21.66,bottom_area,29.69,2024-02-05,21.0,3.1428571428571437,12.142857142857148,29.26911417985854,27.046143482654095,False,1
002388,新亚制程,2024-02-05,3.52,bottom_area,5.05,2024-02-05,3.52,0.0,10.51136363636364,30.297029702970296,30.297029702970296,False,7
603309,维力医疗,2024-02-05,9.24,bottom_area,12.88,2024-02-05,9.24,0.0,10.822510822510822,28.260869565217394,28.260869565217394,False,3
603220,中贝通信,2024-02-05,20.43,bottom_area,28.84,2024-02-05,20.43,0.0,10.52373959862946,29.160887656033285,29.160887656033285,False,1
002963,豪尔赛,2024-02-05,9.78,bottom_area,14.28,2024-02-05,9.78,0.0,10.020449897750517,31.512605042016805,31.512605042016805,False,2
600448,华纺股份,2024-02-05,2.39,bottom_area,3.41,2024-02-05,2.39,0.0,9.623430962343095,29.91202346041056,29.91202346041056,False,11
301255,通力科技,2024-02-05,25.67,bottom_area,35.42,2024-02-05,24.97,2.8033640368442243,14.857829395274333,29.503105590062116,27.526821005081874,False,1
603681,永冠新材,2024-02-05,10.0,bottom_area,13.65,2024-02-05,9.93,0.7049345417925507,11.077542799597177,27.252747252747255,26.73992673992674,False,2
603017,中衡设计,2024-02-05,6.86,bottom_area,9.82,2024-02-05,6.86,0.0,9.03790087463557,30.14256619144603,30.14256619144603,False,4
002972,科安达,2024-02-05,7.27,bottom_area,10.59,2024-02-05,7.27,0.0,12.242090784044025,31.350330500472147,31.350330500472147,False,1
301311,昆船智能,2024-02-05,16.75,bottom_area,23.17,2024-02-05,16.63,0.7215874924834697,15.754660252555631,28.226154510142436,27.708243418213215,False,1
300569,天能重工,2024-02-05,4.14,bottom_area,5.76,2024-02-05,4.05,2.2222222222222188,13.827160493827172,29.6875,28.125000000000007,False,3
003003,天元股份,2024-02-05,7.74,bottom_area,11.37,2024-02-05,7.74,0.0,10.59431524547804,31.92612137203166,31.92612137203166,False,4
002412,汉森制药,2024-02-05,4.49,bottom_area,6.19,2024-02-05,4.48,0.22321428571428092,10.937499999999984,27.62520193861066,27.463651050080777,False,3
300691,联合光电,2024-02-05,13.17,bottom_area,19.16,2024-02-05,13.12,0.3810975609756152,12.804878048780498,31.524008350730693,31.26304801670146,False,1
603048,浙江黎明,2024-02-05,12.34,bottom_area,17.32,2024-02-05,12.34,0.0,11.021069692058342,28.752886836027713,28.752886836027713,False,1
688300,联瑞新材,2024-02-05,30.61,bottom_area,42.79,2024-02-05,29.8,2.7181208053691233,12.416107382550333,30.357560177611585,28.46459453143258,False,3
688501,青达环保,2024-02-05,10.8,bottom_area,15.64,2024-02-05,10.7,0.9345794392523498,13.084112149532714,31.58567774936062,30.946291560102303,False,1
300047,天源迪科,2024-02-05,5.29,bottom_area,7.57,2024-02-05,5.15,2.7184466019417415,14.174757281553388,31.96829590488771,30.118890356671074,False,3
002760,凤形股份,2024-02-05,13.56,bottom_area,19.86,2024-02-05,13.56,0.0,13.20058997050147,31.722054380664648,31.722054380664648,False,1
002631,德尔未来,2024-02-05,4.12,bottom_area,5.71,2024-02-05,4.12,0.0,10.436893203883487,27.845884413309978,27.845884413309978,False,5
603890,春秋电子,2024-02-05,6.44,bottom_area,9.32,2024-02-05,6.44,0.0,9.937888198757758,30.901287553648064,30.901287553648064,False,3
001367,海森药业,2024-02-05,29.48,bottom_area,42.72,2024-02-05,29.48,0.0,10.651289009497955,30.992509363295877,30.992509363295877,False,1
001331,胜通能源,2024-02-05,11.7,bottom_area,16.57,2024-02-05,11.7,0.0,10.256410256410266,29.390464695232353,29.390464695232353,False,1
002917,金奥博,2024-02-05,6.39,bottom_area,8.95,2024-02-05,6.39,0.0,9.859154929577464,28.60335195530726,28.60335195530726,False,3
603086,先达股份,2024-02-05,3.71,bottom_area,5.34,2024-02-05,3.71,0.0,10.242587601078164,30.524344569288388,30.524344569288388,False,1
688101,三达膜,2024-02-05,9.1,bottom_area,12.65,2024-02-05,8.97,1.4492753623188293,14.827201783723524,29.09090909090909,28.06324110671937,False,3
301088,戎美股份,2024-02-05,10.07,bottom_area,14.19,2024-02-05,9.71,3.7075180226570486,15.859938208032945,31.571529245947843,29.03453136011275,False,1
603725,天安新材,2024-02-05,7.37,bottom_area,10.98,2024-02-05,7.37,0.0,12.618724559023075,32.87795992714025,32.87795992714025,False,3
605287,德才股份,2024-02-05,11.04,bottom_area,15.96,2024-02-05,11.04,0.0,9.601449275362324,30.82706766917294,30.82706766917294,False,1
603153,上海建科,2024-02-05,16.12,bottom_area,24.0,2024-02-05,16.12,0.0,11.104218362282872,32.83333333333333,32.83333333333333,False,1
300170,汉得信息,2024-02-05,4.95,bottom_area,7.26,2024-02-05,4.9,1.0204081632653024,16.122448979591837,32.5068870523416,31.818181818181813,False,6
605011,杭州热电,2024-02-05,19.72,bottom_area,28.02,2024-02-05,19.72,0.0,9.026369168357004,29.621698786581018,29.621698786581018,False,3
003037,三和管桩,2024-02-05,7.85,bottom_area,10.81,2024-02-05,7.85,0.0,9.808917197452224,27.38205365402406,27.38205365402406,False,1
002766,索菱股份,2024-02-05,3.46,bottom_area,4.87,2024-02-05,3.46,0.0,10.98265895953757,28.952772073921974,28.952772073921974,False,7
002682,龙洲股份,2024-02-05,3.98,bottom_area,5.81,2024-02-05,3.98,0.0,12.060301507537687,31.497418244406195,31.497418244406195,False,5
300133,华策影视,2024-02-05,4.01,bottom_area,5.4,2024-02-05,3.92,2.295918367346935,15.81632653061225,27.407407407407412,25.740740740740748,False,6
301386,未来电器,2024-02-05,15.78,bottom_area,22.57,2024-02-05,15.15,4.1584158415841515,14.257425742574245,32.87549844926894,30.08418254319894,False,2
300267,尔康制药,2024-02-05,2.13,bottom_area,3.01,2024-02-05,2.1,1.428571428571419,12.38095238095237,30.232558139534877,29.235880398671092,False,3
000799,酒鬼酒,2024-02-05,52.76,bottom_area,72.26,2024-02-05,52.16,1.1503067484662604,8.32055214723927,27.816219208414072,26.985884306670364,False,6
300188,国投智能,2024-02-05,9.5,bottom_area,13.96,2024-02-05,9.49,0.10537407797681546,14.646996838777666,32.02005730659026,31.94842406876791,False,4
300738,奥飞数据,2024-02-05,6.9,bottom_area,9.79,2024-02-05,6.66,3.603603603603607,13.063063063063066,31.97139938712972,29.51991828396322,False,3
601238,广汽集团,2024-02-05,8.03,bottom_area,10.62,2024-02-05,7.72,4.015544041450772,5.440414507772032,27.306967984934083,24.3879472693032,False,1
002079,苏州固锝,2024-02-05,7.08,bottom_area,9.83,2024-02-05,7.08,0.0,10.59322033898305,27.97558494404883,27.97558494404883,False,9
300131,英唐智控,2024-02-05,3.6,bottom_area,5.17,2024-02-05,3.52,2.2727272727272747,15.625000000000009,31.914893617021274,30.367504835589937,False,4
688151,华强科技,2024-02-05,12.98,bottom_area,17.51,2024-02-05,12.48,4.006410256410256,13.060897435897429,28.726442033123934,25.8709308966305,False,1
002860,星帅尔,2024-02-05,7.88,bottom_area,11.17,2024-02-05,7.88,0.0,10.406091370558368,29.45389435989257,29.45389435989257,False,4
002519,银河电子,2024-02-05,3.8,bottom_area,5.24,2024-02-05,3.8,0.0,10.789473684210531,27.48091603053436,27.48091603053436,False,4
301215,中汽股份,2024-02-05,4.48,bottom_area,6.18,2024-02-05,4.33,3.464203233256359,18.244803695150118,29.935275080906145,27.508090614886722,False,3
300489,光智科技,2024-02-05,12.18,bottom_area,17.93,2024-02-05,12.09,0.7444168734491304,17.45244003308519,32.57110987172337,32.069157836029,False,5
603105,芯能科技,2024-02-05,7.52,bottom_area,10.47,2024-02-05,7.52,0.0,9.574468085106393,28.17574021012417,28.17574021012417,False,3
002427,尤夫股份,2024-02-05,3.41,bottom_area,4.74,2024-02-05,3.41,0.0,10.263929618768318,28.059071729957807,28.059071729957807,False,4
301307,美利信,2024-02-05,17.42,bottom_area,24.2,2024-02-05,16.78,3.8140643623361177,14.302741358760422,30.661157024793383,28.016528925619827,False,1
002955,鸿合科技,2024-02-05,20.15,bottom_area,27.35,2024-02-05,19.86,1.4602215508559877,11.12789526686808,27.385740402193793,26.32541133455211,False,2
002855,捷荣技术,2024-02-05,21.74,bottom_area,31.95,2024-02-05,21.6,0.6481481481481343,11.111111111111104,32.394366197183096,31.956181533646326,False,4
002642,荣联科技,2024-02-05,4.73,bottom_area,6.94,2024-02-05,4.73,0.0,10.14799154334037,31.84438040345821,31.84438040345821,False,6
300339,润和软件,2024-02-05,17.67,bottom_area,23.87,2024-02-05,17.1,3.333333333333335,12.163742690058468,28.361960620025133,25.97402597402597,False,5
002654,万润科技,2024-02-05,7.85,bottom_area,10.77,2024-02-05,7.85,0.0,10.573248407643314,27.112349117920147,27.112349117920147,False,6
603118,共进股份,2024-02-05,5.55,bottom_area,7.91,2024-02-05,5.55,0.0,11.351351351351349,29.83565107458913,29.83565107458913,False,4
300337,银邦股份,2024-02-05,4.84,bottom_area,6.82,2024-02-05,4.75,1.8947368421052602,16.84210526315789,30.35190615835777,29.032258064516135,False,5
688322,奥比中光,2024-02-05,19.86,bottom_area,28.94,2024-02-05,19.46,2.055498458376149,15.00513874614593,32.757429163787144,31.3752591568763,False,3
688248,南网科技,2024-02-05,17.43,bottom_area,24.38,2024-02-05,17.13,1.7513134851138394,13.076474022183316,29.73748974569319,28.506972928630027,False,2
002870,香山股份,2024-02-05,23.08,bottom_area,31.5,2024-02-05,22.55,2.3503325942350224,10.776053215077603,28.41269841269841,26.730158730158738,False,3
002658,雪迪龙,2024-02-05,5.18,bottom_area,7.25,2024-02-05,5.18,0.0,12.934362934362934,28.55172413793104,28.55172413793104,False,7
600604,市北高新,2024-02-05,3.67,bottom_area,5.05,2024-02-05,3.63,1.1019283746556485,9.917355371900834,28.118811881188115,27.326732673267323,False,11
300481,濮阳惠成,2024-02-05,10.76,bottom_area,14.99,2024-02-05,10.5,2.476190476190474,14.761904761904768,29.953302201467647,28.218812541694465,False,4
002137,实益达,2024-02-05,4.28,bottom_area,6.16,2024-02-05,4.28,0.0,9.345794392523352,30.519480519480517,30.519480519480517,False,10
002446,盛路通信,2024-02-05,4.84,bottom_area,6.91,2024-02-05,4.84,0.0,11.36363636363636,29.956584659913172,29.956584659913172,False,6
002949,华阳国际,2024-02-05,8.96,bottom_area,13.16,2024-02-05,8.96,0.0,11.272321428571425,31.914893617021274,31.914893617021274,False,3
603998,方盛制药,2024-02-05,7.46,bottom_area,10.08,2024-02-05,7.26,2.754820936639121,10.055096418732788,27.976190476190478,25.992063492063494,False,6
002871,伟隆股份,2024-02-05,7.35,bottom_area,10.56,2024-02-05,7.32,0.40983606557376173,11.06557377049181,30.681818181818183,30.39772727272728,False,3
603677,奇精机械,2024-02-05,9.45,bottom_area,13.45,2024-02-05,9.45,0.0,11.957671957671966,29.739776951672862,29.739776951672862,False,3
688302,海创药业,2024-02-05,29.25,bottom_area,42.15,2024-02-05,28.7,1.9163763066202117,19.721254355400696,31.909845788849346,30.60498220640569,False,2
603800,洪田股份,2024-02-05,18.24,bottom_area,26.37,2024-02-05,18.24,0.0,9.26535087719299,30.830489192263943,30.830489192263943,False,3
002761,浙江建投,2024-02-05,7.72,bottom_area,10.58,2024-02-05,7.72,0.0,9.974093264248712,27.032136105860115,27.032136105860115,False,4
002862,实丰文化,2024-02-05,10.4,bottom_area,15.5,2024-02-05,10.4,0.0,11.05769230769231,32.90322580645161,32.90322580645161,False,3
002381,双箭股份,2024-02-05,5.91,bottom_area,8.11,2024-02-05,5.85,1.0256410256410342,10.427350427350433,27.866831072749694,27.12700369913686,False,3
300180,华峰超纤,2024-02-05,2.74,bottom_area,3.84,2024-02-05,2.71,1.1070110701107103,12.915129151291517,29.427083333333332,28.645833333333325,False,2
002537,海联金汇,2024-02-05,4.33,bottom_area,5.91,2024-02-05,4.29,0.9324009324009332,10.256410256410266,27.411167512690355,26.73434856175973,False,5
002756,永兴材料,2024-02-05,40.43,bottom_area,54.99,2024-02-05,39.5,2.3544303797468347,8.810126582278473,28.168757955992003,26.4775413711584,False,2
001296,长江材料,2024-02-05,16.75,bottom_area,23.88,2024-02-05,16.74,0.0597371565113594,10.095579450418168,29.899497487437188,29.857621440536008,False,2
002976,瑞玛精密,2024-02-05,19.11,bottom_area,26.83,2024-02-05,19.11,0.0,10.151753008895872,28.77376071561684,28.77376071561684,False,3
300187,永清环保,2024-02-05,3.73,bottom_area,5.22,2024-02-05,3.64,2.4725274725274686,18.40659340659339,30.26819923371647,28.54406130268199,False,6
603007,顺景科技,2024-02-05,5.19,bottom_area,7.38,2024-02-05,5.19,0.0,1.156069364161842,29.674796747967473,29.674796747967473,False,2
002961,瑞达期货,2024-02-05,10.57,bottom_area,14.84,2024-02-05,10.43,1.3422818791946365,11.121764141898371,29.71698113207547,28.77358490566038,False,2
002686,亿利达,2024-02-05,4.34,bottom_area,6.13,2024-02-05,4.34,0.0,10.829493087557598,29.200652528548126,29.200652528548126,False,2
300036,超图软件,2024-02-05,12.6,bottom_area,16.88,2024-02-05,12.3,2.4390243902438935,12.76422764227641,27.13270142180094,25.35545023696682,False,4
601086,国芳集团,2024-02-05,3.75,bottom_area,5.27,2024-02-05,3.75,0.0,10.399999999999991,28.842504743833015,28.842504743833015,False,2
688167,炬光科技,2024-02-05,63.99,bottom_area,91.96,2024-02-05,62.8,1.894904458598734,17.484076433121025,31.70943888647238,30.41539799913005,False,2
603045,福达合金,2024-02-05,9.92,bottom_area,14.27,2024-02-05,9.92,0.0,9.576612903225799,30.483531885073578,30.483531885073578,False,3
002755,奥赛康,2024-02-05,7.45,bottom_area,10.22,2024-02-05,7.42,0.4043126684636152,10.916442048517528,27.397260273972606,27.10371819960861,False,7
300278,华昌达,2024-02-05,2.42,bottom_area,3.41,2024-02-05,2.39,1.2552301255230043,12.97071129707113,29.91202346041056,29.032258064516135,False,5
001332,锡装股份,2024-02-05,21.95,bottom_area,30.88,2024-02-05,21.95,0.0,12.072892938496594,28.91839378238342,28.91839378238342,False,2
002879,长缆科技,2024-02-05,10.75,bottom_area,15.43,2024-02-05,10.75,0.0,8.837209302325574,30.33052495139339,30.33052495139339,False,2
002436,兴森科技,2024-02-05,8.72,bottom_area,12.32,2024-02-05,8.72,0.0,11.009174311926593,29.22077922077922,29.22077922077922,False,4
002585,双星新材,2024-02-05,5.04,bottom_area,7.14,2024-02-05,5.04,0.0,12.896825396825404,29.411764705882348,29.411764705882348,False,6
300703,创源股份,2024-02-05,7.12,bottom_area,10.43,2024-02-05,7.01,1.569186875891588,18.116975748930095,32.79002876318312,31.735378715244483,False,2
000790,华神科技,2024-02-05,3.32,bottom_area,4.68,2024-02-05,3.32,0.0,9.939759036144581,29.059829059829056,29.059829059829056,False,7
002169,智光电气,2024-02-05,4.45,bottom_area,6.2,2024-02-05,4.45,0.0,10.561797752808982,28.2258064516129,28.2258064516129,False,7
600748,上实发展,2024-02-05,3.04,bottom_area,4.25,2024-02-05,3.04,0.0,10.52631578947368,28.470588235294116,28.470588235294116,False,11
688317,之江生物,2024-02-05,13.26,bottom_area,18.77,2024-02-05,12.83,3.351519875292282,14.341387373343725,31.646244006393175,29.355354288758654,False,2
600173,卧龙新能,2024-02-05,3.57,bottom_area,4.96,2024-02-05,3.57,0.0,10.644257703081243,28.0241935483871,28.0241935483871,False,6
600773,西藏城投,2024-02-05,7.65,bottom_area,10.84,2024-02-05,7.52,1.7287234042553297,10.106382978723403,30.627306273062732,29.4280442804428,False,9
300261,雅本化学,2024-02-05,4.74,bottom_area,6.56,2024-02-05,4.59,3.2679738562091583,13.943355119825721,30.03048780487805,27.74390243902438,False,8
002688,金河生物,2024-02-05,3.21,bottom_area,4.42,2024-02-05,3.21,0.0,9.968847352024918,27.375565610859727,27.375565610859727,False,4
002641,公元股份,2024-02-05,3.96,bottom_area,5.44,2024-02-05,3.95,0.2531645569620199,11.392405063291143,27.389705882352942,27.20588235294118,False,3
600602,云赛智联,2024-02-05,8.15,bottom_area,11.69,2024-02-05,8.15,0.0,9.69325153374232,30.282292557741652,30.282292557741652,False,10
603618,杭电股份,2024-02-05,4.03,bottom_area,5.81,2024-02-05,4.03,0.0,10.66997518610421,30.63683304647159,30.63683304647159,False,4
603607,京华激光,2024-02-05,10.81,bottom_area,15.24,2024-02-05,10.81,0.0,10.730804810360778,29.068241469816268,29.068241469816268,False,3
603608,天创时尚,2024-02-05,4.01,bottom_area,5.82,2024-02-05,4.01,0.0,10.972568578553627,31.099656357388323,31.099656357388323,False,3
301089,拓新药业,2024-02-05,33.61,bottom_area,47.69,2024-02-05,32.6,3.098159509202448,14.509202453987719,31.641853638079255,29.52400922625288,False,2
002869,金溢科技,2024-02-05,12.42,bottom_area,18.44,2024-02-05,12.42,0.0,11.111111111111118,32.646420824295014,32.646420824295014,False,2
002466,天齐锂业,2024-02-05,41.89,bottom_area,60.98,2024-02-05,41.06,2.02143205065757,7.890891378470519,32.66644801574286,31.30534601508691,False,4
300940,南极光,2024-02-05,12.9,bottom_area,16.92,2024-02-05,12.3,4.878048780487801,18.373983739837396,27.30496453900709,23.758865248226957,False,1
300127,银河磁体,2024-02-05,11.61,bottom_area,16.2,2024-02-05,11.33,2.47131509267431,14.298323036187108,30.061728395061728,28.333333333333332,False,5
002375,亚厦股份,2024-02-05,3.2,bottom_area,4.45,2024-02-05,3.2,0.0,9.999999999999995,28.089887640449433,28.089887640449433,False,6
002579,中京电子,2024-02-05,5.36,bottom_area,7.63,2024-02-05,5.36,0.0,11.194029850746261,29.75098296199213,29.75098296199213,False,2
002313,日海智能,2024-02-05,6.35,bottom_area,9.17,2024-02-05,6.35,0.0,10.866141732283472,30.752453653217017,30.752453653217017,False,5
002442,龙星科技,2024-02-05,3.75,bottom_area,5.47,2024-02-05,3.75,0.0,10.133333333333331,31.444241316270567,31.444241316270567,False,5
002565,顺灏股份,2024-02-05,2.36,bottom_area,3.3,2024-02-05,2.36,0.0,10.169491525423737,28.484848484848484,28.484848484848484,False,4
301371,敷尔佳,2024-02-05,25.94,bottom_area,35.15,2024-02-05,25.21,2.8956763189210646,11.463704879016264,28.278805120910377,26.201991465149355,False,2
002753,永东股份,2024-02-05,5.19,bottom_area,7.58,2024-02-05,5.19,0.0,11.56069364161849,31.53034300791556,31.53034300791556,False,4
002730,电光科技,2024-02-05,5.94,bottom_area,8.72,2024-02-05,5.94,0.0,11.111111111111098,31.88073394495413,31.88073394495413,False,4
002474,榕基软件,2024-02-05,4.18,bottom_area,5.99,2024-02-05,4.18,0.0,10.765550239234454,30.217028380634396,30.217028380634396,False,5
603787,新日股份,2024-02-05,8.14,bottom_area,11.5,2024-02-05,8.14,0.0,9.213759213759214,29.217391304347824,29.217391304347824,False,2
002779,中坚科技,2024-02-05,21.13,bottom_area,29.48,2024-02-05,20.7,2.0772946859903367,12.657004830917879,29.782903663500683,28.324287652645868,False,3
300079,数码视讯,2024-02-05,3.45,bottom_area,4.84,2024-02-05,3.36,2.6785714285714377,16.964285714285722,30.57851239669421,28.719008264462804,False,6
002090,金智科技,2024-02-05,6.66,bottom_area,9.5,2024-02-05,6.66,0.0,10.960960960960954,29.894736842105264,29.894736842105264,False,5
688189,南新制药,2024-02-05,5.89,bottom_area,8.42,2024-02-05,5.76,2.256944444444443,16.666666666666664,31.59144893111639,30.047505938242285,False,2
300441,鲍斯股份,2024-02-05,4.71,bottom_area,6.78,2024-02-05,4.56,3.2894736842105345,15.789473684210542,32.74336283185841,30.530973451327437,False,6
603169,兰石重装,2024-02-05,4.07,bottom_area,5.56,2024-02-05,4.03,0.9925558312655095,10.421836228287837,27.51798561151078,26.798561151079127,False,5
603399,永杉锂业,2024-02-05,5.8,bottom_area,8.33,2024-02-05,5.8,0.0,9.137931034482763,30.372148859543817,30.372148859543817,False,5
603236,移远通信,2024-02-05,30.7,bottom_area,43.3,2024-02-05,30.29,1.3535820402773198,10.927698910531536,30.046189376443415,29.099307159353344,False,2
002660,茂硕电源,2024-02-05,6.39,bottom_area,9.09,2024-02-05,6.39,0.0,10.641627543036005,29.702970297029708,29.702970297029708,False,5
300310,宜通世纪,2024-02-05,2.94,bottom_area,4.14,2024-02-05,2.82,4.255319148936175,18.794326241134762,31.88405797101449,28.985507246376805,False,7
300351,永贵电器,2024-02-05,12.33,bottom_area,17.23,2024-02-05,12.0,2.750000000000001,14.916666666666659,30.354033662217066,28.438769587928032,False,3
603185,弘元绿能,2024-02-05,22.28,bottom_area,30.6,2024-02-05,21.49,3.676128431828771,10.516519311307594,29.77124183006537,27.18954248366013,False,3
300479,神思电子,2024-02-05,12.19,bottom_area,17.85,2024-02-05,12.1,0.7438016528925608,16.942148760330586,32.21288515406163,31.708683473389364,False,5
603178,圣龙股份,2024-02-05,25.1,bottom_area,34.49,2024-02-05,24.97,0.5206247496996499,11.81417701241491,27.602203537257186,27.225282690634966,False,4
600249,两面针,2024-02-05,4.06,bottom_area,5.72,2024-02-05,4.06,0.0,10.591133004926125,29.020979020979027,29.020979020979027,False,6
002995,天地在线,2024-02-05,14.14,bottom_area,20.4,2024-02-05,14.14,0.0,10.749646393210746,30.686274509803912,30.686274509803912,False,3
300900,广联航空,2024-02-05,15.68,bottom_area,21.35,2024-02-05,15.37,2.016916070266757,11.255692908262864,28.009367681498837,26.557377049180335,False,2
603188,亚邦股份,2024-02-05,2.52,bottom_area,3.64,2024-02-05,2.52,0.0,9.920634920634921,30.76923076923077,30.76923076923077,False,2
300098,高新兴,2024-02-05,2.55,bottom_area,3.59,2024-02-05,2.53,0.7905138339920956,14.62450592885376,29.52646239554318,28.969359331476323,False,5
600653,申华控股,2024-02-05,1.37,bottom_area,1.93,2024-02-05,1.36,0.7352941176470594,11.029411764705875,29.53367875647668,29.01554404145077,False,9
000811,冰轮环境,2024-02-05,9.06,bottom_area,12.47,2024-02-05,8.83,2.6047565118912845,11.438278595696486,29.190056134723342,27.34562951082598,False,9
002696,百洋股份,2024-02-05,4.46,bottom_area,6.41,2024-02-05,4.46,0.0,10.313901345291479,30.42121684867395,30.42121684867395,False,3
300607,拓斯达,2024-02-05,9.23,bottom_area,12.62,2024-02-05,8.9,3.707865168539327,15.168539325842692,29.477020602218694,26.862123613312193,False,3
300102,乾照光电,2024-02-05,5.03,bottom_area,6.74,2024-02-05,4.85,3.7113402061855796,15.463917525773196,28.04154302670624,25.370919881305635,False,5
300057,万顺新材,2024-02-05,3.79,bottom_area,5.39,2024-02-05,3.76,0.7978723404255386,12.500000000000016,30.241187384044526,29.684601113172537,False,2
002942,新农股份,2024-02-05,11.19,bottom_area,15.98,2024-02-05,11.19,0.0,10.545129579982126,29.974968710888618,29.974968710888618,False,2
300444,双杰电气,2024-02-05,4.65,bottom_area,6.21,2024-02-05,4.51,3.104212860310434,10.421286031042143,27.37520128824477,25.120772946859898,False,5
603011,合锻智能,2024-02-05,4.77,bottom_area,6.75,2024-02-05,4.77,0.0,9.853249475891,29.33333333333334,29.33333333333334,False,4
002718,友邦吊顶,2024-02-05,10.88,bottom_area,16.23,2024-02-05,10.88,0.0,10.477941176470576,32.963647566235366,32.963647566235366,False,2
300263,隆华科技,2024-02-05,4.6,bottom_area,6.35,2024-02-05,4.52,1.7699115044247804,13.274336283185853,28.818897637795278,27.559055118110237,False,3
603306,华懋科技,2024-02-05,15.53,bottom_area,21.57,2024-02-05,15.4,0.8441558441558377,12.207792207792213,28.60454334724154,28.001854427445533,False,3
300872,天阳科技,2024-02-05,9.09,bottom_area,12.88,2024-02-05,8.78,3.530751708428252,17.425968109339422,31.83229813664597,29.425465838509325,False,2
603028,赛福天,2024-02-05,6.53,bottom_area,9.49,2024-02-05,6.53,0.0,11.179173047473192,31.190727081138036,31.190727081138036,False,3
600130,波导股份,2024-02-05,2.97,bottom_area,4.23,2024-02-05,2.97,0.0,10.437710437710424,29.787234042553195,29.787234042553195,False,12
002877,智能自控,2024-02-05,6.26,bottom_area,9.08,2024-02-05,6.26,0.0,10.702875399361021,31.05726872246696,31.05726872246696,False,3
002172,澳洋健康,2024-02-05,2.76,bottom_area,3.91,2024-02-05,2.76,0.0,10.869565217391315,29.41176470588236,29.41176470588236,False,10
300001,特锐德,2024-02-05,15.8,bottom_area,21.42,2024-02-05,15.1,4.63576158940398,10.066225165562923,29.505135387488334,26.23716153127918,False,5
300137,先河环保,2024-02-05,3.86,bottom_area,5.34,2024-02-05,3.79,1.8469656992084391,17.150395778364125,29.026217228464418,27.715355805243448,False,3
300409,道氏技术,2024-02-05,6.95,bottom_area,9.95,2024-02-05,6.83,1.756954612005858,17.276720351390917,31.356783919597987,30.15075376884421,False,4
601226,华电科工,2024-02-05,5.54,bottom_area,7.67,2024-02-05,5.54,0.0,9.927797833935015,27.770534550195563,27.770534550195563,False,2
000890,法尔胜,2024-02-05,3.06,bottom_area,4.42,2024-02-05,3.06,0.0,11.111111111111107,30.769230769230766,30.769230769230766,False,9
300925,法本信息,2024-02-05,7.38,bottom_area,10.45,2024-02-05,7.2,2.499999999999996,13.194444444444448,31.100478468899517,29.37799043062201,False,2
002953,日丰股份,2024-02-05,8.44,bottom_area,12.07,2024-02-05,8.44,0.0,9.952606635071088,30.074565037282525,30.074565037282525,False,2
600076,康欣新材,2024-02-05,1.8,bottom_area,2.56,2024-02-05,1.8,0.0,11.111111111111107,29.6875,29.6875,False,7
002108,沧州明珠,2024-02-05,3.03,bottom_area,4.33,2024-02-05,2.96,2.3648648648648596,8.783783783783791,31.639722863741344,30.023094688221715,False,5
000151,中成股份,2024-02-05,9.67,bottom_area,14.11,2024-02-05,9.67,0.0,7.032057911065147,31.46704464918497,31.46704464918497,False,9
600193,退市创兴,2024-02-05,3.38,bottom_area,4.88,2024-02-05,3.38,0.0,10.059171597633146,30.737704918032787,30.737704918032787,False,9
002134,天津普林,2024-02-05,6.29,bottom_area,9.25,2024-02-05,6.29,0.0,12.877583465818754,32.0,32.0,False,4
688318,财富趋势,2024-02-05,90.86,bottom_area,121.99,2024-02-05,88.5,2.666666666666666,8.47457627118644,27.45306992376424,25.51848512173129,False,3
002676,顺威股份,2024-02-05,3.19,bottom_area,4.37,2024-02-05,3.19,0.0,10.344827586206899,27.002288329519452,27.002288329519452,False,3
002712,思美传媒,2024-02-05,3.77,bottom_area,5.31,2024-02-05,3.77,0.0,8.753315649867364,29.001883239171367,29.001883239171367,False,4
002361,神剑股份,2024-02-05,2.66,bottom_area,3.68,2024-02-05,2.66,0.0,9.398496240601503,27.717391304347828,27.717391304347828,False,3
002495,佳隆股份,2024-02-05,2.09,bottom_area,2.88,2024-02-05,2.09,0.0,11.004784688995215,27.430555555555557,27.430555555555557,False,5
002657,中科金财,2024-02-05,11.42,bottom_area,17.01,2024-02-05,11.42,0.0,11.208406304728541,32.86302175191065,32.86302175191065,False,4
300507,苏奥传感,2024-02-05,3.99,bottom_area,5.74,2024-02-05,3.93,1.5267175572519098,16.28498727735369,31.53310104529617,30.48780487804878,False,4
000815,美利云,2024-02-05,6.8,bottom_area,9.4,2024-02-05,6.8,0.0,0.0,27.65957446808511,27.65957446808511,False,7
600237,铜峰电子,2024-02-05,4.42,bottom_area,6.48,2024-02-05,4.42,0.0,10.633484162895922,31.79012345679013,31.79012345679013,False,4
002669,康达新材,2024-02-05,7.47,bottom_area,10.35,2024-02-05,7.47,0.0,7.362784471218204,27.82608695652174,27.82608695652174,False,2
002362,汉王科技,2024-02-05,14.73,bottom_area,21.07,2024-02-05,14.73,0.0,10.658520027155467,30.09017560512577,30.09017560512577,False,6
600470,六国化工,2024-02-05,3.94,bottom_area,5.45,2024-02-05,3.94,0.0,10.406091370558368,27.706422018348626,27.706422018348626,False,5
300451,创业慧康,2024-02-05,3.59,bottom_area,5.08,2024-02-05,3.5,2.571428571428567,15.714285714285708,31.10236220472441,29.330708661417326,False,3
300593,新雷能,2024-02-05,8.17,bottom_area,11.7,2024-02-05,7.9,3.4177215189873364,15.822784810126581,32.47863247863248,30.17094017094017,False,2
002488,金固股份,2024-02-05,4.68,bottom_area,6.67,2024-02-05,4.68,0.0,7.6923076923077,29.835082458770618,29.835082458770618,False,5
603917,合力科技,2024-02-05,11.08,bottom_area,15.55,2024-02-05,11.08,0.0,10.01805054151624,28.745980707395503,28.745980707395503,False,4
300013,新宁物流,2024-02-05,2.05,confirmed_rebound,2.91,2024-02-05,2.05,0.0,23.902439024390258,29.55326460481101,29.55326460481101,False,7
603198,迎驾贡酒,2024-02-05,49.22,bottom_area,67.51,2024-02-05,48.26,1.9892250310816428,6.299212598425195,28.51429417864021,27.092282624796333,False,1
002350,北京科锐,2024-02-05,4.17,bottom_area,5.99,2024-02-05,4.17,0.0,12.230215827338125,30.383973288814698,30.383973288814698,False,7
002342,巨力索具,2024-02-05,2.93,bottom_area,3.97,2024-02-05,2.89,1.3840830449827002,10.03460207612457,27.204030226700255,26.19647355163728,False,3
002106,莱宝高科,2024-02-05,6.89,bottom_area,9.32,2024-02-05,6.76,1.9230769230769214,10.94674556213018,27.467811158798288,26.072961373390562,False,5
300589,江龙船艇,2024-02-05,8.94,bottom_area,12.28,2024-02-05,8.82,1.360544217687066,12.925170068027217,28.17589576547231,27.19869706840391,False,3
688056,莱伯泰科,2024-02-05,19.72,bottom_area,28.88,2024-02-05,19.53,0.9728622631848322,15.616999487967215,32.37534626038781,31.71745152354571,False,2
002845,同兴达,2024-02-05,11.04,bottom_area,15.57,2024-02-05,11.04,0.0,10.507246376811597,29.09441233140656,29.09441233140656,False,3
300471,厚普股份,2024-02-05,7.62,bottom_area,11.14,2024-02-05,7.5,1.6000000000000014,15.99999999999999,32.675044883303414,31.59784560143627,False,3
002250,联化科技,2024-02-05,5.13,bottom_area,7.4,2024-02-05,5.13,0.0,11.111111111111118,30.675675675675677,30.675675675675677,False,2
000518,四环生物,2024-02-05,2.21,bottom_area,3.12,2024-02-05,2.21,0.0,11.312217194570136,29.166666666666668,29.166666666666668,False,7
002197,证通电子,2024-02-05,6.93,bottom_area,9.94,2024-02-05,6.92,0.14450867052022812,9.68208092485549,30.38229376257545,30.28169014084507,False,4
002201,九鼎新材,2024-02-05,4.53,bottom_area,6.32,2024-02-05,4.43,2.2573363431151363,11.286681715575622,29.90506329113925,28.322784810126585,False,4
300088,长信科技,2024-02-05,3.94,bottom_area,5.53,2024-02-05,3.9,1.0256410256410264,11.538461538461533,29.475587703435806,28.75226039783002,False,3
601020,华钰矿业,2024-02-05,6.64,bottom_area,9.58,2024-02-05,6.64,0.0,10.692771084337348,30.688935281837164,30.688935281837164,False,3
600626,申达股份,2024-02-05,2.69,bottom_area,3.99,2024-02-05,2.69,0.0,11.152416356877334,32.581453634085214,32.581453634085214,False,8
603006,联明股份,2024-02-05,8.16,bottom_area,11.81,2024-02-05,8.16,0.0,13.3578431372549,30.906011854360717,30.906011854360717,False,4
603121,华培动力,2024-02-05,5.97,bottom_area,8.44,2024-02-05,5.97,0.0,9.212730318257954,29.265402843601894,29.265402843601894,False,3
300319,麦捷科技,2024-02-05,5.95,bottom_area,8.33,2024-02-05,5.8,2.5862068965517304,12.586206896551733,30.372148859543817,28.57142857142857,False,4
300166,东方国信,2024-02-05,5.96,bottom_area,8.32,2024-02-05,5.81,2.5817555938037926,15.146299483648896,30.16826923076924,28.36538461538462,False,3
603797,联泰环保,2024-02-05,4.0,bottom_area,5.49,2024-02-05,4.0,0.0,9.749999999999993,27.140255009107474,27.140255009107474,False,3
000712,锦龙股份,2024-02-05,10.02,bottom_area,14.37,2024-02-05,9.99,0.30030030030029387,10.210210210210207,30.480167014613773,30.271398747390393,False,7
603488,展鹏科技,2024-02-05,6.97,bottom_area,9.81,2024-02-05,6.97,0.0,9.612625538020085,28.950050968399598,28.950050968399598,False,2
300112,万讯自控,2024-02-05,6.76,bottom_area,9.32,2024-02-05,6.65,1.6541353383458561,10.827067669172928,28.648068669527895,27.467811158798288,False,3
605266,健之佳,2024-02-05,44.19,bottom_area,63.37,2024-02-05,42.88,3.0550373134328246,8.302238805970138,32.333911945715634,30.266687707116937,False,2
002636,金安国纪,2024-02-05,5.4,bottom_area,7.71,2024-02-05,5.4,0.0,11.296296296296285,29.961089494163417,29.961089494163417,False,3
600609,金杯汽车,2024-02-05,3.2,bottom_area,4.57,2024-02-05,3.2,0.0,11.249999999999996,29.978118161925604,29.978118161925604,False,11
300148,天舟文化,2024-02-05,2.48,bottom_area,3.58,2024-02-05,2.4,3.3333333333333366,17.5,32.960893854748605,30.726256983240223,False,4
300025,华星创业,2024-02-05,6.1,bottom_area,8.74,2024-02-05,6.02,1.328903654485051,14.617940199335564,31.1212814645309,30.20594965675058,False,4
600343,航天动力,2024-02-05,6.73,bottom_area,9.53,2024-02-05,6.72,0.14880952380953386,11.160714285714286,29.48583420776495,29.380902413431258,False,9
600405,动力源,2024-02-05,3.54,bottom_area,4.92,2024-02-05,3.54,0.0,10.169491525423725,28.048780487804876,28.048780487804876,False,7
000695,滨海能源,2024-02-05,6.98,bottom_area,10.3,2024-02-05,6.98,0.0,12.60744985673352,32.23300970873787,32.23300970873787,False,10
300113,顺网科技,2024-02-05,9.0,bottom_area,12.96,2024-02-05,8.84,1.8099547511312233,17.760180995475118,31.79012345679013,30.555555555555557,False,4
603988,中电电机,2024-02-05,7.26,bottom_area,10.58,2024-02-05,7.26,0.0,9.917355371900834,31.379962192816635,31.379962192816635,False,3
002527,新时达,2024-02-05,6.48,bottom_area,8.95,2024-02-05,6.48,0.0,10.95679012345679,27.59776536312848,27.59776536312848,False,3
603669,灵康药业,2024-02-05,3.58,bottom_area,5.17,2024-02-05,3.58,0.0,9.776536312849164,30.754352030947775,30.754352030947775,False,2
002534,西子洁能,2024-02-05,7.87,bottom_area,11.29,2024-02-05,7.87,0.0,10.419313850063524,30.292294065544723,30.292294065544723,False,5
002460,赣锋锂业,2024-02-05,31.62,bottom_area,45.62,2024-02-05,30.8,2.6623376623376633,8.051948051948052,32.485751863217885,30.688294607628226,False,2
603700,宁水集团,2024-02-05,9.27,bottom_area,13.17,2024-02-05,9.27,0.0,9.600862998921258,29.612756264236907,29.612756264236907,False,2
600416,湘电股份,2024-02-05,9.83,bottom_area,13.29,2024-02-05,9.59,2.5026068821689282,10.531803962460895,27.840481565086527,26.034612490594427,False,8
300511,雪榕生物,2024-02-05,3.38,confirmed_rebound,4.89,2024-02-05,3.31,2.1148036253776388,20.845921450151057,32.31083844580777,30.87934560327198,False,3
300265,通光线缆,2024-02-05,5.09,bottom_area,7.43,2024-02-05,5.0,1.7999999999999972,18.000000000000007,32.70524899057873,31.493943472409153,False,3
603636,南威软件,2024-02-05,7.89,bottom_area,10.94,2024-02-05,7.89,0.0,10.89987325728771,27.879341864716633,27.879341864716633,False,2
301289,国缆检测,2024-02-05,34.8,bottom_area,50.77,2024-02-05,34.1,2.052785923753653,15.2199413489736,32.8343509946819,31.455584006302946,False,1
600826,兰生股份,2024-02-05,6.8,bottom_area,9.96,2024-02-05,6.8,0.0,9.41176470588236,31.726907630522096,31.726907630522096,False,7
002068,黑猫股份,2024-02-05,6.44,bottom_area,9.53,2024-02-05,6.44,0.0,10.403726708074533,32.42392444910807,32.42392444910807,False,8
002679,福建金森,2024-02-05,8.66,bottom_area,12.28,2024-02-05,8.66,0.0,12.240184757505778,29.478827361563514,29.478827361563514,False,4
300375,鹏翎股份,2024-02-05,3.22,bottom_area,4.58,2024-02-05,3.15,2.222222222222231,15.873015873015872,31.222707423580786,29.6943231441048,False,3
600338,西藏珠峰,2024-02-05,7.74,bottom_area,10.69,2024-02-05,7.74,0.0,8.785529715762271,27.595884003741812,27.595884003741812,False,8
002255,海陆重工,2024-02-05,3.76,bottom_area,5.19,2024-02-05,3.73,0.8042895442359197,10.455764075067027,28.131021194605015,27.552986512524097,False,4
600110,诺德股份,2024-02-05,3.72,bottom_area,4.96,2024-02-05,3.62,2.7624309392265216,9.944751381215466,27.016129032258064,24.999999999999993,False,5
600137,浪莎股份,2024-02-05,11.6,bottom_area,16.99,2024-02-05,11.6,0.0,9.482758620689651,31.724543849323126,31.724543849323126,False,10
688098,申联生物,2024-02-05,4.66,bottom_area,6.75,2024-02-05,4.58,1.746724890829696,15.283842794759828,32.148148148148145,30.96296296296296,False,1
600935,华塑股份,2024-02-05,2.49,bottom_area,3.42,2024-02-05,2.45,1.632653061224491,10.20408163265306,28.3625730994152,27.192982456140342,False,1
688277,天智航,2024-02-05,7.93,bottom_area,11.33,2024-02-05,7.64,3.7958115183246077,16.492146596858646,32.568402471315096,30.008826125330984,False,2
002054,德美化工,2024-02-05,4.69,bottom_area,6.41,2024-02-05,4.59,2.1786492374727784,10.239651416122,28.39313572542902,26.833073322932915,False,7
601908,京运通,2024-02-05,3.04,bottom_area,4.3,2024-02-05,3.02,0.6622516556291397,10.596026490066219,29.76744186046511,29.302325581395344,False,4
603758,秦安股份,2024-02-05,7.29,bottom_area,9.59,2024-02-05,7.0,4.142857142857143,8.285714285714286,27.00729927007299,23.983315954118872,False,2
600335,国机汽车,2024-02-05,6.13,bottom_area,8.6,2024-02-05,6.13,0.0,10.929853181076671,28.72093023255814,28.72093023255814,False,4
600255,鑫科材料,2024-02-05,1.46,bottom_area,2.0,2024-02-05,1.46,0.0,9.58904109589042,27.0,27.0,False,8
600228,返利科技,2024-02-05,5.04,bottom_area,6.92,2024-02-05,5.01,0.5988023952095858,10.978043912175647,27.601156069364162,27.167630057803464,False,7
603912,佳力图,2024-02-05,5.45,bottom_area,7.66,2024-02-05,5.45,0.0,10.275229357798157,28.851174934725847,28.851174934725847,False,5
688266,泽璟制药,2024-02-05,34.8,bottom_area,46.23,2024-02-05,33.2,4.819277108433717,13.765060240963855,28.18516115076789,24.72420506164828,False,2
603616,韩建河山,2024-02-05,3.72,bottom_area,5.27,2024-02-05,3.72,0.0,9.408602150537636,29.411764705882344,29.411764705882344,False,3
605155,西大门,2024-02-05,10.67,bottom_area,15.47,2024-02-05,10.67,0.0,12.089971883786326,31.027795733678087,31.027795733678087,False,1
605299,舒华体育,2024-02-05,6.53,bottom_area,9.51,2024-02-05,6.53,0.0,11.33231240428789,31.335436382754988,31.335436382754988,False,1
000430,张家界,2024-02-05,4.67,bottom_area,6.73,2024-02-05,4.66,0.214592274678107,10.515021459227473,30.75780089153046,30.609212481426457,False,6
605258,协和电子,2024-02-05,16.75,bottom_area,24.31,2024-02-05,16.75,0.0,8.89552238805969,31.098313451254622,31.098313451254622,False,1
002186,全聚德,2024-02-05,8.65,bottom_area,12.81,2024-02-05,8.65,0.0,10.982658959537565,32.47462919594067,32.47462919594067,False,3
002208,合肥城建,2024-02-05,4.84,bottom_area,6.69,2024-02-05,4.84,0.0,10.743801652892571,27.653213751868467,27.653213751868467,False,6
600185,珠免集团,2024-02-05,5.09,bottom_area,6.94,2024-02-05,5.01,1.5968063872255505,10.379241516966077,27.809798270893378,26.657060518731996,False,4
000952,广济药业,2024-02-05,5.04,bottom_area,7.31,2024-02-05,5.04,0.0,9.920634920634921,31.05335157318741,31.05335157318741,False,7
300256,星星科技,2024-02-05,1.85,bottom_area,2.59,2024-02-05,1.82,1.6483516483516498,13.186813186813188,29.729729729729726,28.571428571428566,False,3
600796,钱江生化,2024-02-05,4.11,bottom_area,5.72,2024-02-05,4.11,0.0,10.705596107055948,28.14685314685314,28.14685314685314,False,8
603115,海星股份,2024-02-05,9.39,bottom_area,12.65,2024-02-05,9.13,2.847754654983568,11.391018619934272,27.826086956521735,25.77075098814229,False,1
600676,交运股份,2024-02-05,3.19,bottom_area,4.38,2024-02-05,3.19,0.0,9.717868338557995,27.168949771689498,27.168949771689498,False,7
600172,黄河旋风,2024-02-05,2.34,bottom_area,3.31,2024-02-05,2.34,0.0,10.256410256410266,29.305135951661637,29.305135951661637,False,4
000829,天音控股,2024-02-05,6.23,bottom_area,8.85,2024-02-05,6.22,0.16077170418007516,12.700964630225082,29.717514124293785,29.60451977401129,False,5
603535,嘉诚国际,2024-02-05,12.94,bottom_area,17.02,2024-02-05,12.39,4.439063761097651,10.330912025827274,27.203290246768503,23.971797884841365,False,2
002297,博云新材,2024-02-05,4.91,bottom_area,7.02,2024-02-05,4.91,0.0,11.405295315682274,30.05698005698005,30.05698005698005,False,3
300346,南大光电,2024-02-05,17.55,bottom_area,24.07,2024-02-05,16.96,3.47877358490566,13.679245283018867,29.538845035313667,27.087660988782712,False,4
300327,中颖电子,2024-02-05,14.13,bottom_area,19.58,2024-02-05,13.7,3.1386861313868724,13.357664233576644,30.030643513789578,27.83452502553625,False,5
000779,甘咨询,2024-02-05,7.16,bottom_area,9.82,2024-02-05,7.16,0.0,9.776536312849164,27.08757637474542,27.08757637474542,False,8
600613,神奇制药,2024-02-05,5.09,bottom_area,7.1,2024-02-05,5.09,0.0,11.00196463654225,28.30985915492958,28.30985915492958,False,11
000565,渝三峡A,2024-02-05,4.0,bottom_area,5.89,2024-02-05,4.0,0.0,11.00000000000001,32.088285229202036,32.088285229202036,False,10
603976,正川股份,2024-02-05,12.81,bottom_area,18.1,2024-02-05,12.81,0.0,9.289617486338795,29.226519337016576,29.226519337016576,False,2
300657,弘信电子,2024-02-05,11.72,bottom_area,16.34,2024-02-05,11.5,1.913043478260875,12.78260869565218,29.620563035495717,28.274173806609543,False,2
300213,佳讯飞鸿,2024-02-05,4.57,bottom_area,6.48,2024-02-05,4.4,3.8636363636363615,14.545454545454536,32.098765432098766,29.475308641975307,False,5
600807,济高发展,2024-02-05,2.41,bottom_area,3.31,2024-02-05,2.41,0.0,9.543568464730289,27.190332326283983,27.190332326283983,False,10
000957,中通客车,2024-02-05,6.02,bottom_area,8.48,2024-02-05,6.02,0.0,11.129568106312307,29.009433962264158,29.009433962264158,False,6
002957,科瑞技术,2024-02-05,10.76,bottom_area,15.2,2024-02-05,10.76,0.0,11.05947955390334,29.21052631578947,29.21052631578947,False,2
603089,正裕工业,2024-02-05,7.27,bottom_area,10.53,2024-02-05,7.27,0.0,10.31636863823934,30.959164292497626,30.959164292497626,False,3
600768,宁波富邦,2024-02-05,7.46,bottom_area,11.0,2024-02-05,7.46,0.0,9.785522788203748,32.18181818181819,32.18181818181819,False,6
000576,甘化科工,2024-02-05,5.65,bottom_area,8.2,2024-02-05,5.65,0.0,11.327433628318579,31.097560975609746,31.097560975609746,False,10
000931,中关村,2024-02-05,3.79,bottom_area,5.46,2024-02-05,3.79,0.0,11.873350923482855,30.586080586080584,30.586080586080584,False,5
600805,悦达投资,2024-02-05,3.37,bottom_area,4.79,2024-02-05,3.37,0.0,10.979228486646887,29.645093945720248,29.645093945720248,False,6
002037,保利联合,2024-02-05,5.27,bottom_area,7.7,2024-02-05,5.27,0.0,10.436432637571173,31.558441558441565,31.558441558441565,False,5
300182,捷成股份,2024-02-05,3.25,bottom_area,4.62,2024-02-05,3.22,0.9316770186335344,15.217391304347819,30.303030303030297,29.653679653679653,False,4
600844,金煤科技,2024-02-05,2.34,bottom_area,3.43,2024-02-05,2.34,0.0,11.965811965811977,31.778425655976683,31.778425655976683,False,10
603108,润达医疗,2024-02-05,13.1,bottom_area,18.47,2024-02-05,12.79,2.4237685691946873,12.040656763096177,30.75257173795344,29.074174336762315,False,2
002903,宇环数控,2024-02-05,13.95,bottom_area,19.33,2024-02-05,13.95,0.0,11.111111111111118,27.832384893947232,27.832384893947232,False,3
600287,苏豪时尚,2024-02-05,4.36,bottom_area,6.07,2024-02-05,4.36,0.0,12.155963302752278,28.171334431630967,28.171334431630967,False,6
603005,晶方科技,2024-02-05,13.73,bottom_area,18.96,2024-02-05,13.53,1.4781966001478277,11.01256467110126,28.639240506329124,27.584388185654007,False,3
603256,宏和科技,2024-02-05,5.45,bottom_area,7.5,2024-02-05,5.45,0.0,9.357798165137611,27.333333333333332,27.333333333333332,False,2
600356,恒丰纸业,2024-02-05,5.65,bottom_area,7.79,2024-02-05,5.57,1.4362657091561952,10.592459605026928,28.49807445442875,27.47111681643132,False,3
603166,福达股份,2024-02-05,4.58,bottom_area,6.35,2024-02-05,4.58,0.0,9.606986899563308,27.87401574803149,27.87401574803149,False,3
600749,西藏旅游,2024-02-05,8.6,bottom_area,12.04,2024-02-05,8.6,0.0,10.465116279069772,28.57142857142857,28.57142857142857,False,7
688055,龙腾光电,2024-02-05,3.07,bottom_area,4.22,2024-02-05,2.98,3.020134228187915,16.10738255033557,29.383886255924168,27.251184834123222,False,1
600802,福建水泥,2024-02-05,3.53,bottom_area,5.11,2024-02-05,3.53,0.0,8.498583569405108,30.919765166340518,30.919765166340518,False,9
600610,中毅达,2024-02-05,5.06,bottom_area,7.49,2024-02-05,5.06,0.0,10.276679841897243,32.44325767690254,32.44325767690254,False,10
000973,佛塑科技,2024-02-05,3.32,bottom_area,4.61,2024-02-05,3.32,0.0,10.240963855421697,27.982646420824302,27.982646420824302,False,7
002486,嘉麟杰,2024-02-05,2.04,bottom_area,2.93,2024-02-05,2.04,0.0,11.274509803921568,30.37542662116041,30.37542662116041,False,3
600478,科力远,2024-02-05,3.17,bottom_area,4.51,2024-02-05,3.17,0.0,11.041009463722402,29.711751662971174,29.711751662971174,False,5
002209,达意隆,2024-02-05,6.85,bottom_area,9.77,2024-02-05,6.85,0.0,7.445255474452566,29.887410440122824,29.887410440122824,False,3
600629,华建集团,2024-02-05,5.21,bottom_area,7.2,2024-02-05,5.21,0.0,3.4548944337811847,27.63888888888889,27.63888888888889,False,10
688235,百济神州,2024-02-05,103.19,bottom_area,137.53,2024-02-05,98.5,4.761421319796952,7.380710659898473,28.37926270631862,24.96909765142151,False,1
603612,索通发展,2024-02-05,9.41,bottom_area,13.0,2024-02-05,9.41,0.0,9.776833156216789,27.615384615384613,27.615384615384613,False,2
002566,益盛药业,2024-02-05,5.81,bottom_area,8.21,2024-02-05,5.76,0.8680555555555525,10.763888888888891,29.841656516443372,29.23264311814861,False,3
301181,标榜股份,2024-02-05,16.57,bottom_area,23.79,2024-02-05,16.14,2.6641883519206924,16.91449814126394,32.15636822194199,30.348886086590998,False,2
300765,新诺威,2024-02-05,24.8,bottom_area,34.56,2024-02-05,23.63,4.951333051206102,14.261531950909864,31.626157407407412,28.240740740740744,False,2
002806,华锋股份,2024-02-05,7.56,bottom_area,11.25,2024-02-05,7.56,0.0,11.50793650793651,32.800000000000004,32.800000000000004,False,4
600241,时代万恒,2024-02-05,5.41,bottom_area,7.9,2024-02-05,5.41,0.0,10.905730129390015,31.518987341772153,31.518987341772153,False,5
002940,昂利康,2024-02-05,12.91,bottom_area,18.3,2024-02-05,12.74,1.3343799058084767,11.695447409733125,30.382513661202186,29.453551912568308,False,1
603327,福蓉科技,2024-02-05,8.2,bottom_area,11.28,2024-02-05,8.2,0.0,10.975609756097567,27.30496453900709,27.30496453900709,False,2
603117,万林物流,2024-02-05,2.61,bottom_area,3.66,2024-02-05,2.61,0.0,3.065134099616861,28.68852459016394,28.68852459016394,False,3
002161,远望谷,2024-02-05,3.65,bottom_area,5.03,2024-02-05,3.65,0.0,10.410958904109599,27.435387673956267,27.435387673956267,False,3
688663,新风光,2024-02-05,17.02,bottom_area,24.5,2024-02-05,16.75,1.61194029850746,13.253731343283576,31.63265306122449,30.53061224489796,False,1
002647,仁东控股,2024-02-05,4.23,bottom_area,6.16,2024-02-05,4.23,0.0,10.165484633569733,31.331168831168828,31.331168831168828,False,2
300259,新天科技,2024-02-05,2.45,bottom_area,3.39,2024-02-05,2.42,1.2396694214876136,14.049586776859499,28.613569321533927,27.72861356932153,False,2
603311,金海高科,2024-02-05,7.09,bottom_area,10.04,2024-02-05,7.09,0.0,11.283497884344145,29.38247011952191,29.38247011952191,False,2
002094,青岛金王,2024-02-05,2.48,bottom_area,3.63,2024-02-05,2.48,0.0,8.467741935483868,31.68044077134986,31.68044077134986,False,4
603701,德宏股份,2024-02-05,9.23,bottom_area,13.13,2024-02-05,9.23,0.0,9.967497291440953,29.7029702970297,29.7029702970297,False,4
300864,南大环境,2024-02-05,14.67,bottom_area,20.79,2024-02-05,14.05,4.41281138790035,14.875444839857648,32.41943241943241,29.437229437229433,False,2
600648,外高桥,2024-02-05,8.95,bottom_area,12.58,2024-02-05,8.95,0.0,7.039106145251406,28.85532591414945,28.85532591414945,False,7
002050,三花智控,2024-02-05,20.3,bottom_area,29.45,2024-02-05,19.77,2.680829539706632,6.170966110268077,32.869269949066215,31.06960950764006,False,4
600601,方正科技,2024-02-05,2.01,bottom_area,2.69,2024-02-05,1.95,3.076923076923068,9.743589743589752,27.509293680297397,25.278810408921938,False,8
603326,我乐家居,2024-02-05,6.49,bottom_area,9.04,2024-02-05,6.49,0.0,8.936825885978429,28.207964601769902,28.207964601769902,False,2
002947,恒铭达,2024-02-05,20.25,bottom_area,28.18,2024-02-05,20.25,0.0,12.543209876543205,28.140525195173883,28.140525195173883,False,2
603109,神驰机电,2024-02-05,11.26,bottom_area,15.78,2024-02-05,11.26,0.0,10.923623445825935,28.643852978453737,28.643852978453737,False,2
000715,中兴商业,2024-02-05,5.52,bottom_area,7.84,2024-02-05,5.52,0.0,10.507246376811597,29.59183673469388,29.59183673469388,False,6
688068,热景生物,2024-02-05,24.56,bottom_area,34.63,2024-02-05,24.56,0.0,12.540716612377858,29.078833381461173,29.078833381461173,False,2
002347,泰尔股份,2024-02-05,3.44,bottom_area,4.95,2024-02-05,3.44,0.0,9.883720930232553,30.50505050505051,30.50505050505051,False,4
002738,中矿资源,2024-02-05,27.01,bottom_area,38.5,2024-02-05,26.57,1.65600301091457,10.011290929619872,30.987012987012985,29.84415584415584,False,2
000561,烽火电子,2024-02-05,5.47,bottom_area,7.66,2024-02-05,5.45,0.3669724770642124,11.0091743119266,28.851174934725847,28.590078328981726,False,8
002580,圣阳股份,2024-02-05,5.42,bottom_area,7.79,2024-02-05,5.42,0.0,11.070110701107003,30.42362002567394,30.42362002567394,False,3
600189,泉阳泉,2024-02-05,6.95,bottom_area,9.71,2024-02-05,6.84,1.6081871345029288,9.649122807017546,29.55715756951597,28.424304840370755,False,5
600616,金枫酒业,2024-02-05,4.5,bottom_area,6.28,2024-02-05,4.5,0.0,10.000000000000004,28.34394904458599,28.34394904458599,False,9
300195,长荣股份,2024-02-05,4.02,bottom_area,5.9,2024-02-05,3.96,1.5151515151515054,17.424242424242433,32.88135593220339,31.86440677966103,False,1
603076,乐惠国际,2024-02-05,17.91,bottom_area,24.65,2024-02-05,17.91,0.0,10.55276381909548,27.34279918864097,27.34279918864097,False,3
300402,宝色股份,2024-02-05,13.26,bottom_area,18.3,2024-02-05,12.71,4.327301337529495,15.814319433516912,30.546448087431692,27.54098360655738,False,5
000546,金圆股份,2024-02-05,4.93,bottom_area,7.27,2024-02-05,4.93,0.0,12.170385395537537,32.18707015130674,32.18707015130674,False,8
000868,安凯客车,2024-02-05,3.4,bottom_area,4.72,2024-02-05,3.4,0.0,12.05882352941177,27.966101694915253,27.966101694915253,False,5
603123,翠微股份,2024-02-05,6.62,bottom_area,9.19,2024-02-05,6.62,0.0,11.027190332326278,27.965179542981495,27.965179542981495,False,3
002326,永太科技,2024-02-05,8.16,bottom_area,11.85,2024-02-05,8.16,0.0,10.294117647058822,31.139240506329113,31.139240506329113,False,4
002125,湘潭电化,2024-02-05,6.7,bottom_area,9.55,2024-02-05,6.7,0.0,10.746268656716413,29.84293193717278,29.84293193717278,False,6
300475,香农芯创,2024-02-05,20.8,bottom_area,30.64,2024-02-05,20.71,0.43457267020762846,15.789473684210522,32.40861618798955,32.114882506527415,False,3
600105,永鼎股份,2024-02-05,3.56,bottom_area,5.01,2024-02-05,3.56,0.0,10.674157303370784,28.94211576846307,28.94211576846307,False,6
300404,博济医药,2024-02-05,5.5,bottom_area,7.94,2024-02-05,5.35,2.8037383177570163,17.757009345794398,32.619647355163735,30.730478589420656,False,2
600854,春兰股份,2024-02-05,3.64,bottom_area,5.15,2024-02-05,3.64,0.0,10.439560439560424,29.320388349514566,29.320388349514566,False,5
002817,黄山胶囊,2024-02-05,5.5,bottom_area,7.97,2024-02-05,5.5,0.0,10.181818181818175,30.99121706398996,30.99121706398996,False,2
688327,云从科技,2024-02-05,10.15,bottom_area,14.57,2024-02-05,9.95,2.0100502512562923,16.78391959798995,31.708991077556632,30.3363074811256,False,2
603033,三维股份,2024-02-05,10.3,bottom_area,14.45,2024-02-05,10.17,1.2782694198623479,11.799410029498517,29.619377162629757,28.719723183390993,False,2
600851,海欣股份,2024-02-05,4.58,bottom_area,6.29,2024-02-05,4.58,0.0,11.135371179039296,27.186009538950717,27.186009538950717,False,8
002980,华盛昌,2024-02-05,17.59,bottom_area,24.29,2024-02-05,17.59,0.0,9.835133598635592,27.583367641004525,27.583367641004525,False,2
600815,厦工股份,2024-02-05,2.09,bottom_area,3.1,2024-02-05,2.09,0.0,9.569377990430631,32.58064516129033,32.58064516129033,False,6
002358,森源电气,2024-02-05,2.93,bottom_area,4.18,2024-02-05,2.93,0.0,10.921501706484635,29.904306220095684,29.904306220095684,False,3
000572,海马汽车,2024-02-05,3.08,bottom_area,4.59,2024-02-05,3.08,0.0,12.012987012987015,32.89760348583878,32.89760348583878,False,7
603496,恒为科技,2024-02-05,18.76,bottom_area,26.97,2024-02-05,18.76,0.0,10.767590618336884,30.441230997404517,30.441230997404517,False,2
000810,创维数字,2024-02-05,8.7,bottom_area,12.48,2024-02-05,8.65,0.5780346820809125,11.32947976878613,30.689102564102566,30.288461538461547,False,8
688320,禾川科技,2024-02-05,22.88,bottom_area,31.59,2024-02-05,22.1,3.529411764705871,13.936651583710399,30.04115226337448,27.572016460905353,False,2
600698,湖南天雁,2024-02-05,3.76,bottom_area,5.16,2024-02-05,3.76,0.0,8.51063829787235,27.13178294573644,27.13178294573644,False,8
300232,洲明科技,2024-02-05,4.78,bottom_area,7.01,2024-02-05,4.7,1.7021276595744694,13.829787234042543,32.95292439372325,31.811697574893007,False,3
600696,退市岩石,2024-02-05,11.06,bottom_area,16.02,2024-02-05,11.06,0.0,10.397830018083186,30.961298377028708,30.961298377028708,False,8
605007,五洲特纸,2024-02-05,10.03,bottom_area,13.47,2024-02-05,9.79,2.4514811031664987,11.031664964249236,27.319970304380114,25.538233110616193,False,1
603022,新通联,2024-02-05,6.7,bottom_area,9.84,2024-02-05,6.7,0.0,10.0,31.910569105691057,31.910569105691057,False,5
002295,精艺股份,2024-02-05,5.02,bottom_area,7.3,2024-02-05,5.02,0.0,11.553784860557771,31.23287671232877,31.23287671232877,False,2
002364,中恒电气,2024-02-05,4.95,bottom_area,6.85,2024-02-05,4.95,0.0,9.696969696969687,27.737226277372258,27.737226277372258,False,2
002387,维信诺,2024-02-05,6.53,bottom_area,9.27,2024-02-05,6.53,0.0,11.6385911179173,29.55771305285868,29.55771305285868,False,2
600148,长春一东,2024-02-05,11.45,bottom_area,16.09,2024-02-05,11.45,0.0,9.08296943231442,28.837787445618403,28.837787445618403,False,9
300446,航天智造,2024-02-05,10.01,bottom_area,14.35,2024-02-05,9.8,2.142857142857133,17.14285714285714,31.707317073170728,30.24390243902439,False,3
688529,豪森智能,2024-02-05,14.8,bottom_area,20.45,2024-02-05,14.45,2.422145328719733,19.515570934256058,29.3398533007335,27.628361858190704,False,2
600292,电投水电,2024-02-05,4.49,bottom_area,6.18,2024-02-05,4.49,0.0,10.244988864142538,27.346278317152095,27.346278317152095,False,5
002722,物产金轮,2024-02-05,10.22,bottom_area,14.23,2024-02-05,10.22,0.0,10.567514677103718,28.17990161630358,28.17990161630358,False,5
002149,西部材料,2024-02-05,10.6,bottom_area,14.08,2024-02-05,10.26,3.3138401559454174,10.428849902534116,27.130681818181817,24.715909090909093,False,4
000710,贝瑞基因,2024-02-05,7.0,bottom_area,10.2,2024-02-05,7.0,0.0,11.285714285714286,31.37254901960784,31.37254901960784,False,9
600149,廊坊发展,2024-02-05,3.91,bottom_area,5.49,2024-02-05,3.91,0.0,8.95140664961636,28.77959927140255,28.77959927140255,False,7
301155,海力风电,2024-02-05,34.56,bottom_area,48.81,2024-02-05,33.77,2.3393544566182976,12.970091797453346,30.813357918459328,29.194837123540257,False,1
000889,中嘉博创,2024-02-05,1.62,bottom_area,2.38,2024-02-05,1.62,0.0,0.0,31.93277310924369,31.93277310924369,False,5
300398,飞凯材料,2024-02-05,9.26,bottom_area,13.35,2024-02-05,9.04,2.433628318584078,16.03982300884957,32.28464419475656,30.63670411985019,False,1
600067,冠城新材,2024-02-05,1.84,bottom_area,2.65,2024-02-05,1.84,0.0,9.239130434782593,30.56603773584905,30.56603773584905,False,5
000762,西藏矿业,2024-02-05,18.25,bottom_area,26.23,2024-02-05,18.14,0.6063947078280013,10.363836824696797,30.84254670224933,30.42317956538315,False,6
601208,东材科技,2024-02-05,8.1,bottom_area,10.65,2024-02-05,7.72,4.922279792746113,10.880829015544052,27.511737089201883,23.94366197183099,False,2
300382,斯莱克,2024-02-05,5.9,bottom_area,8.22,2024-02-05,5.79,1.8998272884283303,13.298791018998266,29.56204379562044,28.223844282238442,False,2
688669,聚石化学,2024-02-05,11.5,bottom_area,16.83,2024-02-05,11.37,1.1433597185576148,17.854001759014963,32.44206773618538,31.669637551990487,False,1
300384,三联虹普,2024-02-05,10.06,bottom_area,14.07,2024-02-05,9.8,2.6530612244897935,14.081632653061213,30.348258706467657,28.50035536602701,False,1
600593,大连圣亚,2024-02-05,17.42,bottom_area,25.1,2024-02-05,17.42,0.0,14.40872560275544,30.597609561752986,30.597609561752986,False,4
000767,晋控电力,2024-02-05,2.32,bottom_area,3.12,2024-02-05,2.27,2.2026431718061596,11.453744493392062,27.243589743589748,25.64102564102565,False,5
300455,航天智装,2024-02-05,7.57,bottom_area,10.66,2024-02-05,7.38,2.574525745257458,14.769647696476977,30.76923076923077,28.986866791744838,False,3
002864,盘龙药业,2024-02-05,24.13,bottom_area,33.79,2024-02-05,23.99,0.5835764902042542,9.629012088370164,29.00266350991418,28.58833974548683,False,3
300545,联得装备,2024-02-05,20.38,bottom_area,28.07,2024-02-05,20.21,0.8411677387431873,13.458683819891137,28.001425008906306,27.395796223726403,False,4
002575,群兴玩具,2024-02-05,4.89,bottom_area,7.09,2024-02-05,4.89,0.0,10.224948875255624,31.029619181946405,31.029619181946405,False,3
600665,天地源,2024-02-05,2.64,bottom_area,3.89,2024-02-05,2.64,0.0,9.469696969696969,32.13367609254499,32.13367609254499,False,6
603208,江山欧派,2024-02-05,22.7,bottom_area,30.08,2024-02-05,21.71,4.560110548134492,13.403961308152926,27.82579787234042,24.534574468085104,False,2
000702,正虹科技,2024-02-05,4.02,bottom_area,5.99,2024-02-05,4.02,0.0,10.945273631840807,32.88814691151921,32.88814691151921,False,5
003010,若羽臣,2024-02-05,13.22,bottom_area,18.27,2024-02-05,13.2,0.15151515151516176,13.636363636363644,27.750410509031205,27.640941434044876,False,1
000818,航锦科技,2024-02-05,19.85,bottom_area,27.7,2024-02-05,19.85,0.0,12.695214105793449,28.339350180505406,28.339350180505406,False,5
000605,渤海股份,2024-02-05,4.55,bottom_area,6.5,2024-02-05,4.55,0.0,12.307692307692319,30.000000000000004,30.000000000000004,False,7
002490,山东墨龙,2024-02-05,2.99,bottom_area,4.16,2024-02-05,2.99,0.0,10.70234113712374,28.125,28.125,False,2
002990,盛视科技,2024-02-05,18.4,bottom_area,26.11,2024-02-05,18.4,0.0,12.608695652173916,29.528916124090394,29.528916124090394,False,1
000599,青岛双星,2024-02-05,3.22,bottom_area,4.48,2024-02-05,3.22,0.0,9.627329192546572,28.125,28.125,False,4
000510,新金路,2024-02-05,3.66,bottom_area,5.08,2024-02-05,3.66,0.0,9.836065573770476,27.95275590551181,27.95275590551181,False,11
002965,祥鑫科技,2024-02-05,25.66,bottom_area,35.43,2024-02-05,25.14,2.068416865552902,10.540970564836908,29.043183742591022,27.575500987863393,False,1
300040,九洲集团,2024-02-05,3.57,bottom_area,5.14,2024-02-05,3.46,3.1791907514450832,16.763005780346823,32.68482490272373,30.54474708171206,False,2
300439,美康生物,2024-02-05,7.69,bottom_area,10.58,2024-02-05,7.56,1.71957671957673,12.830687830687829,28.54442344045369,27.3156899810964,False,2
002480,新筑股份,2024-02-05,3.38,bottom_area,4.66,2024-02-05,3.38,0.0,11.242603550295856,27.467811158798288,27.467811158798288,False,2
600113,浙江东日,2024-02-05,5.71,bottom_area,8.0,2024-02-05,5.62,1.6014234875444813,15.658362989323841,29.75,28.625,False,4
300194,福安药业,2024-02-05,2.99,bottom_area,4.0,2024-02-05,2.92,2.3972602739726128,11.643835616438352,27.0,25.249999999999993,False,3
600895,张江高科,2024-02-05,14.63,bottom_area,19.84,2024-02-05,14.18,3.1734837799717988,9.661495063469683,28.528225806451612,26.26008064516129,False,6
600800,渤海化学,2024-02-05,2.39,bottom_area,3.53,2024-02-05,2.39,0.0,12.97071129707113,32.29461756373937,32.29461756373937,False,6
600858,银座股份,2024-02-05,3.87,bottom_area,5.32,2024-02-05,3.87,0.0,10.852713178294572,27.25563909774436,27.25563909774436,False,6
688070,纵横股份,2024-02-05,21.09,bottom_area,30.93,2024-02-05,20.78,1.4918190567853644,18.76804619826756,32.81603621079857,31.81377303588749,False,1
600608,退市沪科,2024-02-05,3.42,bottom_area,4.76,2024-02-05,3.42,0.0,4.970760233918127,28.15126050420168,28.15126050420168,False,8
600501,航天晨光,2024-02-05,9.42,bottom_area,13.21,2024-02-05,9.42,0.0,10.828025477707003,28.69038607115822,28.69038607115822,False,6
300625,三雄极光,2024-02-05,9.55,bottom_area,13.78,2024-02-05,9.4,1.5957446808510676,16.59574468085107,31.785195936139328,30.69666182873729,False,1
002467,二六三,2024-02-05,2.86,bottom_area,4.19,2024-02-05,2.86,0.0,13.2867132867133,31.742243436754187,31.742243436754187,False,5
000536,华映科技,2024-02-05,2.19,bottom_area,3.1,2024-02-05,2.18,0.45871559633026543,11.009174311926593,29.677419354838708,29.354838709677423,False,8
600099,林海股份,2024-02-05,6.87,bottom_area,9.81,2024-02-05,6.87,0.0,10.043668122270736,29.96941896024465,29.96941896024465,False,4
603200,上海洗霸,2024-02-05,14.1,bottom_area,20.16,2024-02-05,13.84,1.8786127167630042,10.549132947976885,31.349206349206348,30.059523809523814,False,1
000503,国新健康,2024-02-05,8.14,bottom_area,11.63,2024-02-05,8.13,0.12300123001229749,11.070110701106993,30.094582975064487,30.00859845227859,False,8
600468,百利电气,2024-02-05,3.91,bottom_area,5.52,2024-02-05,3.91,0.0,9.974424552429658,29.166666666666657,29.166666666666657,False,5
002114,罗平锌电,2024-02-05,4.91,bottom_area,6.98,2024-02-05,4.91,0.0,10.590631364562109,29.656160458452725,29.656160458452725,False,3
603222,济民健康,2024-02-05,5.22,bottom_area,7.22,2024-02-05,5.22,0.0,9.578544061302683,27.70083102493075,27.70083102493075,False,3
603331,百达精工,2024-02-05,8.19,bottom_area,11.78,2024-02-05,8.19,0.0,10.500610500610517,30.475382003395584,30.475382003395584,False,1
688166,博瑞医药,2024-02-05,20.3,bottom_area,28.23,2024-02-05,19.66,3.2553407934893213,13.4791454730417,30.357775416223877,28.090683669854766,False,1
600539,狮头股份,2024-02-05,4.61,bottom_area,6.83,2024-02-05,4.61,0.0,9.327548806941424,32.50366032210834,32.50366032210834,False,4
002340,格林美,2024-02-05,4.14,bottom_area,5.5,2024-02-05,3.95,4.8101265822784685,10.886075949367081,28.18181818181818,24.727272727272734,False,3
002969,嘉美包装,2024-02-05,3.12,bottom_area,4.28,2024-02-05,3.12,0.0,9.294871794871796,27.10280373831776,27.10280373831776,False,1
603273,天元智能,2024-02-05,15.23,bottom_area,21.7,2024-02-05,15.23,0.0,11.030860144451736,29.81566820276497,29.81566820276497,False,1
000859,国风新材,2024-02-05,3.38,bottom_area,4.87,2024-02-05,3.38,0.0,10.94674556213018,30.595482546201236,30.595482546201236,False,3
002472,双环传动,2024-02-05,18.91,bottom_area,25.53,2024-02-05,18.09,4.532891100055281,8.347153123272536,29.142185663924796,25.930278104191153,False,4
002363,隆基机械,2024-02-05,5.19,bottom_area,7.16,2024-02-05,5.19,0.0,10.789980732177256,27.51396648044692,27.51396648044692,False,3
688025,杰普特,2024-02-05,44.04,bottom_area,63.88,2024-02-05,43.39,1.4980410232772496,12.860106015210873,32.07576706324358,31.058234189104578,False,1
603811,诚意药业,2024-02-05,6.3,bottom_area,8.69,2024-02-05,6.26,0.6389776357827481,10.702875399361021,27.963176064441885,27.502876869965476,False,1
600281,华阳新材,2024-02-05,3.03,bottom_area,4.42,2024-02-05,3.03,0.0,9.90099009900991,31.447963800904983,31.447963800904983,False,4
688236,春立医疗,2024-02-05,15.62,bottom_area,21.66,2024-02-05,15.18,2.898550724637678,17.127799736495398,29.91689750692521,27.885503231763625,False,1
603879,永悦科技,2024-02-05,4.05,bottom_area,6.03,2024-02-05,4.05,0.0,7.901234567901241,32.835820895522396,32.835820895522396,False,3
600599,退市熊猫,2024-02-05,9.49,bottom_area,13.25,2024-02-05,9.49,0.0,2.1074815595363465,28.377358490566035,28.377358490566035,False,8
002132,恒星科技,2024-02-05,2.17,bottom_area,2.98,2024-02-05,2.16,0.46296296296295303,10.648148148148147,27.516778523489926,27.181208053691275,False,4
603023,威帝股份,2024-02-05,2.93,bottom_area,4.03,2024-02-05,2.93,0.0,12.627986348122855,27.29528535980149,27.29528535980149,False,4
002968,新大正,2024-02-05,8.42,bottom_area,12.46,2024-02-05,8.42,0.0,10.332541567695953,32.42375601926164,32.42375601926164,False,1
300095,华伍股份,2024-02-05,5.17,bottom_area,7.38,2024-02-05,5.02,2.988047808764948,16.53386454183267,31.97831978319784,29.945799457994582,False,5
002611,东方精工,2024-02-05,3.72,bottom_area,5.1,2024-02-05,3.62,2.7624309392265216,9.944751381215466,29.019607843137248,27.058823529411757,False,2
002836,新宏泽,2024-02-05,5.49,bottom_area,8.19,2024-02-05,5.49,0.0,10.01821493624772,32.967032967032964,32.967032967032964,False,2
002405,四维图新,2024-02-05,5.64,bottom_area,7.74,2024-02-05,5.6,0.714285714285715,11.607142857142865,27.648578811369518,27.13178294573644,False,3
000626,远大控股,2024-02-05,4.98,bottom_area,7.19,2024-02-05,4.98,0.0,11.445783132530106,30.73713490959666,30.73713490959666,False,6
300793,佳禾智能,2024-02-05,11.04,bottom_area,15.63,2024-02-05,10.88,1.4705882352941024,18.01470588235293,30.390275111964172,29.366602687140126,False,1
600962,国投中鲁,2024-02-05,9.23,bottom_area,12.75,2024-02-05,9.23,0.0,8.450704225352105,27.6078431372549,27.6078431372549,False,4
002426,胜利精密,2024-02-05,1.45,bottom_area,2.12,2024-02-05,1.45,0.0,11.0344827586207,31.603773584905664,31.603773584905664,False,1
002887,绿茵生态,2024-02-05,5.81,bottom_area,8.18,2024-02-05,5.81,0.0,10.671256454388987,28.97310513447433,28.97310513447433,False,1
002933,新兴装备,2024-02-05,21.48,bottom_area,31.2,2024-02-05,21.48,0.0,9.86964618249535,31.15384615384615,31.15384615384615,False,2
002973,侨银股份,2024-02-05,7.79,bottom_area,11.26,2024-02-05,7.79,0.0,10.397946084724,30.817051509769094,30.817051509769094,False,1
300066,三川智慧,2024-02-05,2.96,bottom_area,4.26,2024-02-05,2.87,3.1358885017421554,19.163763066202083,32.62910798122065,30.516431924882625,False,4
002066,瑞泰科技,2024-02-05,7.88,bottom_area,11.38,2024-02-05,7.88,0.0,9.010152284263958,30.75571177504394,30.75571177504394,False,6
002796,世嘉科技,2024-02-05,7.24,bottom_area,10.28,2024-02-05,7.24,0.0,11.049723756906062,29.57198443579766,29.57198443579766,False,2
300533,冰川网络,2024-02-05,19.95,bottom_area,28.5,2024-02-05,19.59,1.8376722817764135,15.109749872383874,31.263157894736842,30.000000000000004,False,1
603680,今创集团,2024-02-05,6.5,bottom_area,8.99,2024-02-05,6.5,0.0,11.076923076923073,27.697441601779754,27.697441601779754,False,2
002692,远程股份,2024-02-05,3.13,bottom_area,4.39,2024-02-05,3.13,0.0,11.182108626198087,28.701594533029613,28.701594533029613,False,1
000514,渝开发,2024-02-05,3.16,bottom_area,4.49,2024-02-05,3.16,0.0,10.759493670886071,29.621380846325167,29.621380846325167,False,8
002194,武汉凡谷,2024-02-05,6.41,bottom_area,8.98,2024-02-05,6.41,0.0,10.296411856474261,28.619153674832965,28.619153674832965,False,4
002790,瑞尔特,2024-02-05,7.88,bottom_area,11.24,2024-02-05,7.88,0.0,11.040609137055839,29.893238434163706,29.893238434163706,False,1
600081,东风科技,2024-02-05,7.45,bottom_area,10.74,2024-02-05,7.44,0.13440860215053477,9.946236559139775,30.72625698324022,30.63314711359404,False,4
000524,岭南控股,2024-02-05,6.48,bottom_area,9.0,2024-02-05,6.48,0.0,11.111111111111107,27.999999999999996,27.999999999999996,False,6
600218,全柴动力,2024-02-05,6.05,bottom_area,8.63,2024-02-05,6.05,0.0,10.247933884297522,29.895712630359224,29.895712630359224,False,6
001319,铭科精技,2024-02-05,15.75,bottom_area,21.99,2024-02-05,15.75,0.0,10.920634920634914,28.37653478854024,28.37653478854024,False,1
600883,博闻科技,2024-02-05,5.8,bottom_area,8.17,2024-02-05,5.8,0.0,8.620689655172415,29.008567931456554,29.008567931456554,False,5
688380,中微半导,2024-02-05,13.37,bottom_area,18.94,2024-02-05,13.0,2.8461538461538405,17.230769230769234,31.362196409714894,29.408658922914476,False,1
300598,诚迈科技,2024-02-05,29.5,bottom_area,41.99,2024-02-05,28.63,3.0387705204331157,17.84841075794622,31.817099309359374,29.745177423196,False,2
002148,北纬科技,2024-02-05,3.91,bottom_area,5.56,2024-02-05,3.91,0.0,10.74168797953964,29.67625899280575,29.67625899280575,False,4
002016,世荣兆业,2024-02-05,4.65,bottom_area,6.51,2024-02-05,4.65,0.0,10.537634408602136,28.571428571428566,28.571428571428566,False,6
600212,绿能慧充,2024-02-05,4.7,bottom_area,6.55,2024-02-05,4.7,0.0,10.425531914893622,28.244274809160302,28.244274809160302,False,5
002286,保龄宝,2024-02-05,5.6,bottom_area,7.66,2024-02-05,5.59,0.17889087656529135,9.66010733452594,27.023498694516974,26.892950391644916,False,2
301230,泓博医药,2024-02-05,23.25,bottom_area,30.98,2024-02-05,22.44,3.6096256684491923,15.240641711229937,27.5661717236927,24.951581665590705,False,1
000042,中洲控股,2024-02-05,4.01,bottom_area,5.97,2024-02-05,4.01,0.0,13.216957605985044,32.83082077051927,32.83082077051927,False,5
002248,华东数控,2024-02-05,5.11,bottom_area,7.22,2024-02-05,5.11,0.0,9.980430528375729,29.22437673130193,29.22437673130193,False,4
000823,超声电子,2024-02-05,6.07,bottom_area,8.38,2024-02-05,6.07,0.0,11.367380560131787,27.565632458233896,27.565632458233896,False,4
002006,精工科技,2024-02-05,8.96,bottom_area,12.73,2024-02-05,8.9,0.674157303370792,11.011235955056184,30.086410054988217,29.61508248232521,False,8
002133,广宇集团,2024-02-05,2.6,bottom_area,3.81,2024-02-05,2.6,0.0,8.846153846153845,31.758530183727036,31.758530183727036,False,1
300937,药易购,2024-02-05,19.49,bottom_area,27.58,2024-02-05,18.81,3.615098351940456,16.427432216905903,31.798404641044236,29.332849891225525,False,1
000757,浩物股份,2024-02-05,3.13,bottom_area,4.55,2024-02-05,3.13,0.0,8.945686900958474,31.208791208791208,31.208791208791208,False,6
002291,遥望科技,2024-02-05,5.28,bottom_area,7.5,2024-02-05,5.28,0.0,12.31060606060605,29.599999999999998,29.599999999999998,False,5
605208,永茂泰,2024-02-05,5.9,bottom_area,8.67,2024-02-05,5.9,0.0,11.016949152542363,31.949250288350626,31.949250288350626,False,1
002374,中锐股份,2024-02-05,2.59,bottom_area,3.6,2024-02-05,2.59,0.0,10.810810810810821,28.05555555555556,28.05555555555556,False,3
300660,江苏雷利,2024-02-05,18.88,bottom_area,25.29,2024-02-05,18.3,3.169398907103816,14.371584699453546,27.639383155397386,25.345986555950972,False,1
300164,通源石油,2024-02-05,3.21,bottom_area,4.44,2024-02-05,3.12,2.8846153846153797,16.025641025641026,29.72972972972973,27.70270270270271,False,3
002304,洋河股份,2024-02-05,92.17,bottom_area,127.68,2024-02-02,88.3,4.382785956964898,5.232163080407706,30.84273182957394,27.81171679197995,False,2
600051,宁波联合,2024-02-05,5.05,bottom_area,7.17,2024-02-05,5.05,0.0,10.099009900990096,29.567642956764296,29.567642956764296,False,3
300094,国联水产,2024-02-05,3.05,bottom_area,4.39,2024-02-05,3.0,1.6666666666666607,16.0,31.6628701594533,30.52391799544419,False,2
603367,辰欣药业,2024-02-05,11.72,bottom_area,15.73,2024-02-05,11.38,2.987697715289981,8.084358523725834,27.65416401780038,25.492689129052764,False,1
001322,箭牌家居,2024-02-05,8.35,bottom_area,11.6,2024-02-05,8.35,0.0,10.658682634730546,28.01724137931035,28.01724137931035,False,1
000619,海螺新材,2024-02-05,4.46,bottom_area,6.49,2024-02-05,4.46,0.0,11.659192825112118,31.278890600924502,31.278890600924502,False,3
002300,太阳电缆,2024-02-05,5.49,bottom_area,7.48,2024-02-05,5.45,0.733944954128441,11.192660550458704,27.13903743315508,26.60427807486631,False,2
600232,金鹰股份,2024-02-05,4.07,bottom_area,5.76,2024-02-05,4.07,0.0,9.582309582309573,29.340277777777768,29.340277777777768,False,5
688160,步科股份,2024-02-05,30.74,bottom_area,45.46,2024-02-05,30.74,0.0,16.460637605725438,32.380114386273654,32.380114386273654,False,1
002813,路畅科技,2024-02-05,21.92,bottom_area,31.45,2024-02-05,21.92,0.0,9.990875912408747,30.302066772655,30.302066772655,False,3
603036,如通股份,2024-02-05,9.28,bottom_area,13.0,2024-02-05,9.28,0.0,10.452586206896559,28.61538461538462,28.61538461538462,False,1
002095,生意宝,2024-02-05,12.27,bottom_area,16.86,2024-02-05,12.27,0.0,10.10594947025265,27.22419928825623,27.22419928825623,False,7
688102,斯瑞新材,2024-02-05,8.1,bottom_area,11.33,2024-02-05,7.89,2.6615969581749046,14.321926489226868,30.361871138570173,28.508384819064435,False,1
002165,红宝丽,2024-02-05,2.84,bottom_area,4.03,2024-02-05,2.84,0.0,10.915492957746482,29.52853598014889,29.52853598014889,False,3
600319,亚星化学,2024-02-05,3.58,bottom_area,5.16,2024-02-05,3.58,0.0,10.614525139664801,30.620155038759687,30.620155038759687,False,5
600288,大恒科技,2024-02-05,6.87,bottom_area,9.99,2024-02-05,6.87,0.0,11.935953420669582,31.23123123123123,31.23123123123123,False,6
000735,罗牛山,2024-02-05,4.21,bottom_area,5.87,2024-02-05,4.21,0.0,12.589073634204281,28.279386712095402,28.279386712095402,False,5
300859,西域旅游,2024-02-05,19.74,bottom_area,27.46,2024-02-05,19.48,1.334702258726889,14.065708418891163,29.060451565914057,28.113619810633654,False,1
002778,中晟高科,2024-02-05,10.1,bottom_area,14.5,2024-02-05,10.1,0.0,9.900990099009901,30.3448275862069,30.3448275862069,False,3
600135,乐凯胶片,2024-02-05,5.24,bottom_area,7.39,2024-02-05,5.24,0.0,10.305343511450381,29.093369418132603,29.093369418132603,False,6
600336,澳柯玛,2024-02-05,3.87,bottom_area,5.41,2024-02-05,3.87,0.0,10.077519379844952,28.465804066543438,28.465804066543438,False,4
300348,长亮科技,2024-02-05,6.25,bottom_area,8.85,2024-02-05,6.09,2.627257799671595,16.91297208538588,31.186440677966097,29.378531073446325,False,2
300083,创世纪,2024-02-05,3.66,bottom_area,5.02,2024-02-05,3.57,2.5210084033613533,12.044817927170874,28.88446215139442,27.091633466135452,False,3
002733,雄韬股份,2024-02-05,10.06,bottom_area,14.0,2024-02-05,10.0,0.600000000000005,11.400000000000006,28.57142857142857,28.142857142857142,False,1
300034,钢研高纳,2024-02-05,12.82,bottom_area,16.96,2024-02-05,12.32,4.058441558441558,13.636363636363633,27.358490566037734,24.410377358490567,False,4
002229,鸿博股份,2024-02-05,16.44,bottom_area,24.46,2024-02-05,16.43,0.06086427267195109,9.92087644552647,32.82910874897792,32.788225674570725,False,2
002497,雅化集团,2024-02-05,8.58,bottom_area,11.93,2024-02-05,8.36,2.631578947368429,12.20095693779906,29.924559932942163,28.08046940486169,False,2
600523,贵航股份,2024-02-05,8.74,bottom_area,12.12,2024-02-05,8.74,0.0,8.695652173913041,27.88778877887788,27.88778877887788,False,4
300179,四方达,2024-02-05,5.42,bottom_area,7.73,2024-02-05,5.3,2.264150943396228,16.415094339622645,31.435963777490304,29.883570504527817,False,3
600744,华银电力,2024-02-05,2.51,bottom_area,3.5,2024-02-05,2.51,0.0,9.561752988047818,28.285714285714292,28.285714285714292,False,6
603078,江化微,2024-02-05,9.95,bottom_area,13.78,2024-02-05,9.95,0.0,10.452261306532673,27.793904208998548,27.793904208998548,False,2
600980,北矿科技,2024-02-05,11.24,bottom_area,15.53,2024-02-05,11.24,0.0,9.786476868327398,27.623953638119765,27.623953638119765,False,6
600379,宝光股份,2024-02-05,6.68,bottom_area,9.43,2024-02-05,6.66,0.30030030030029387,10.360360360360353,29.374337221633084,29.162248144220577,False,5
600353,旭光电子,2024-02-05,5.61,bottom_area,7.83,2024-02-05,5.43,3.3149171270718343,9.94475138121547,30.651340996168585,28.352490421455933,False,6
603516,淳中科技,2024-02-05,12.63,bottom_area,18.18,2024-02-05,12.63,0.0,11.08471892319872,30.52805280528052,30.52805280528052,False,1
002228,合兴包装,2024-02-05,2.34,bottom_area,3.32,2024-02-05,2.34,0.0,10.683760683760685,29.518072289156628,29.518072289156628,False,2
003030,祖名股份,2024-02-05,14.42,bottom_area,19.98,2024-02-05,14.42,0.0,11.44244105409154,27.82782782782783,27.82782782782783,False,1
002334,英威腾,2024-02-05,5.46,bottom_area,7.57,2024-02-05,5.46,0.0,10.256410256410248,27.87318361955086,27.87318361955086,False,2
002908,德生科技,2024-02-05,7.66,bottom_area,10.71,2024-02-05,7.66,0.0,10.704960835509143,28.4780578898226,28.4780578898226,False,2
002346,柘中股份,2024-02-05,7.7,bottom_area,10.59,2024-02-05,7.7,0.0,10.000000000000005,27.289896128423035,27.289896128423035,False,3
600246,万通发展,2024-02-05,4.34,bottom_area,6.46,2024-02-05,4.34,0.0,11.290322580645167,32.81733746130031,32.81733746130031,False,4
002599,盛通股份,2024-02-05,4.33,bottom_area,5.99,2024-02-05,4.33,0.0,10.161662817551951,27.712854757929883,27.712854757929883,False,3
002296,辉煌科技,2024-02-05,5.35,bottom_area,7.73,2024-02-05,5.35,0.0,10.093457943925236,30.789133247089275,30.789133247089275,False,3
688027,国盾量子,2024-02-05,74.41,bottom_area,102.96,2024-02-05,71.69,3.7941135444273946,13.390988980331997,30.37101787101787,27.729215229215225,False,2
600326,西藏天路,2024-02-05,3.03,bottom_area,4.34,2024-02-05,3.03,0.0,11.221122112211232,30.184331797235025,30.184331797235025,False,5
601188,龙江交通,2024-02-05,3.02,bottom_area,4.36,2024-02-05,3.02,0.0,10.264900662251657,30.733944954128447,30.733944954128447,False,1
002613,北玻股份,2024-02-05,3.07,bottom_area,4.48,2024-02-05,3.07,0.0,9.771986970684047,31.473214285714295,31.473214285714295,False,2
002577,雷柏科技,2024-02-05,10.77,bottom_area,15.58,2024-02-05,10.77,0.0,10.956360259981428,30.872913992297825,30.872913992297825,False,2
600280,中央商场,2024-02-05,2.48,bottom_area,3.53,2024-02-05,2.48,0.0,10.080645161290324,29.745042492917843,29.745042492917843,False,3
603711,香飘飘,2024-02-05,11.57,bottom_area,15.98,2024-02-05,11.57,0.0,11.06309420916162,27.59699624530663,27.59699624530663,False,1
002184,海得控制,2024-02-05,9.67,bottom_area,13.59,2024-02-05,9.61,0.624349635796051,10.197710718002085,29.286239882266372,28.844738778513612,False,6
002886,沃特股份,2024-02-05,11.48,bottom_area,16.78,2024-02-05,11.48,0.0,9.059233449477343,31.585220500595952,31.585220500595952,False,3
002213,大为股份,2024-02-05,8.27,bottom_area,11.96,2024-02-05,8.27,0.0,9.915356711003632,30.852842809364557,30.852842809364557,False,6
300542,新晨科技,2024-02-05,8.49,bottom_area,11.48,2024-02-05,8.26,2.784503631961264,11.380145278450357,28.04878048780488,26.04529616724739,False,3
002009,天奇股份,2024-02-05,8.1,bottom_area,11.44,2024-02-05,8.1,0.0,9.876543209876552,29.195804195804197,29.195804195804197,False,4
603229,奥翔药业,2024-02-05,8.42,bottom_area,11.4,2024-02-05,8.29,1.5681544028950638,11.09770808202656,27.280701754385973,26.140350877192986,False,1
002786,银宝山新,2024-02-05,9.58,bottom_area,13.47,2024-02-05,9.58,0.0,11.064718162839252,28.878990348923537,28.878990348923537,False,4
600250,南京商旅,2024-02-05,7.54,bottom_area,10.37,2024-02-05,7.54,0.0,11.140583554376668,27.290260366441654,27.290260366441654,False,5
002520,日发精机,2024-02-05,3.73,bottom_area,5.44,2024-02-05,3.73,0.0,11.26005361930296,31.433823529411768,31.433823529411768,False,3
000659,珠海中富,2024-02-05,1.65,bottom_area,2.31,2024-02-05,1.65,0.0,12.121212121212132,28.571428571428577,28.571428571428577,False,3
002117,东港股份,2024-02-05,5.76,bottom_area,7.93,2024-02-05,5.74,0.34843205574912145,10.2787456445993,27.61664564943253,27.364438839848678,False,3
600301,华锡有色,2024-02-05,9.54,bottom_area,13.16,2024-02-05,9.54,0.0,8.490566037735855,27.50759878419454,27.50759878419454,False,3
000419,通程控股,2024-02-05,4.02,bottom_area,5.61,2024-02-05,4.02,0.0,10.69651741293534,28.342245989304825,28.342245989304825,False,6
000717,中南股份,2024-02-05,2.03,bottom_area,2.85,2024-02-05,2.03,0.0,11.330049261083744,28.771929824561415,28.771929824561415,False,6
000803,山高环能,2024-02-05,3.92,bottom_area,5.59,2024-02-05,3.92,0.0,10.204081632653072,29.874776386404296,29.874776386404296,False,4
600714,金瑞矿业,2024-02-05,6.09,bottom_area,8.81,2024-02-05,6.09,0.0,10.016420361247953,30.874006810442683,30.874006810442683,False,7
300393,中来股份,2024-02-05,7.41,bottom_area,10.28,2024-02-05,7.12,4.073033707865169,13.904494382022461,30.73929961089494,27.918287937743187,False,3
300503,昊志机电,2024-02-05,10.82,bottom_area,15.29,2024-02-05,10.54,2.6565464895635786,18.59582542694498,31.06605624591236,29.234793982995416,False,1
605177,东亚药业,2024-02-05,16.55,bottom_area,23.48,2024-02-05,16.55,0.0,11.419939577039278,29.514480408858603,29.514480408858603,False,1
002494,华斯股份,2024-02-05,3.45,bottom_area,5.1,2024-02-05,3.45,0.0,11.014492753623186,32.35294117647058,32.35294117647058,False,3
603601,再升科技,2024-02-05,2.72,bottom_area,3.9,2024-02-05,2.72,0.0,9.926470588235293,30.25641025641025,30.25641025641025,False,2
603009,北特科技,2024-02-05,8.82,bottom_area,12.44,2024-02-05,8.82,0.0,11.111111111111116,29.099678456591633,29.099678456591633,False,2
603823,百合花,2024-02-05,6.39,bottom_area,8.86,2024-02-05,6.38,0.15673981191222236,9.561128526645774,27.990970654627535,27.878103837471784,False,2
603038,华立股份,2024-02-05,8.89,bottom_area,13.0,2024-02-05,8.89,0.0,12.260967379077613,31.615384615384613,31.615384615384613,False,2
000509,华塑控股,2024-02-05,2.75,bottom_area,3.77,2024-02-05,2.75,0.0,12.000000000000002,27.055702917771885,27.055702917771885,False,7
002205,国统股份,2024-02-05,7.11,bottom_area,10.3,2024-02-05,7.11,0.0,8.720112517580873,30.970873786407772,30.970873786407772,False,5
605398,新炬网络,2024-02-05,18.15,bottom_area,26.2,2024-02-05,18.15,0.0,9.531680440771353,30.725190839694662,30.725190839694662,False,1
300226,上海钢联,2024-02-05,18.18,bottom_area,24.0,2024-02-05,17.42,4.362801377726739,12.973593570608482,27.41666666666666,24.250000000000004,False,4
603726,朗迪集团,2024-02-05,9.96,bottom_area,13.73,2024-02-05,9.96,0.0,9.337349397590359,27.45812090313182,27.45812090313182,False,2
603617,君禾股份,2024-02-05,5.59,bottom_area,7.99,2024-02-05,5.59,0.0,11.091234347048303,30.037546933667088,30.037546933667088,False,1
600215,派斯林,2024-02-05,6.51,bottom_area,9.25,2024-02-05,6.4,1.7187499999999911,9.374999999999995,30.810810810810807,29.621621621621625,False,2
600828,茂业商业,2024-02-05,3.04,bottom_area,4.32,2024-02-05,3.04,0.0,10.52631578947368,29.629629629629633,29.629629629629633,False,7
000678,襄阳轴承,2024-02-05,4.87,bottom_area,6.65,2024-02-01,4.83,0.828157349896481,12.836438923395447,27.368421052631582,26.766917293233085,True,3
000953,中哲精化,2024-02-05,3.45,bottom_area,4.98,2024-02-05,3.45,0.0,10.434782608695647,30.722891566265066,30.722891566265066,False,5
002084,海鸥住工,2024-02-05,2.62,bottom_area,3.86,2024-02-05,2.62,0.0,9.923664122137396,32.12435233160622,32.12435233160622,False,5
002725,跃岭股份,2024-02-05,7.05,bottom_area,10.31,2024-02-05,7.05,0.0,11.063829787234045,31.619786614936963,31.619786614936963,False,2
300634,彩讯股份,2024-02-05,13.13,bottom_area,17.74,2024-02-05,12.8,2.5781250000000004,12.812499999999991,27.846674182638097,25.98647125140923,False,1
300293,蓝英装备,2024-02-05,8.9,bottom_area,12.98,2024-02-05,8.85,0.5649717514124375,15.254237288135588,31.818181818181824,31.432973805855163,False,3
002107,沃华医药,2024-02-05,4.1,bottom_area,5.77,2024-02-05,4.1,0.0,10.731707317073182,28.942807625649912,28.942807625649912,False,3
003018,金富科技,2024-02-05,6.98,bottom_area,9.96,2024-02-05,6.98,0.0,11.174785100286524,29.919678714859437,29.919678714859437,False,1
002759,天际股份,2024-02-05,6.92,bottom_area,9.62,2024-02-05,6.92,0.0,10.549132947976885,28.06652806652806,28.06652806652806,False,3
600643,爱建集团,2024-02-05,4.0,bottom_area,5.58,2024-02-05,3.95,1.265822784810122,10.126582278481,29.211469534050178,28.31541218637993,False,4
000554,泰山石油,2024-02-05,4.66,bottom_area,6.59,2024-02-05,4.66,0.0,8.798283261802577,29.286798179059176,29.286798179059176,False,4
300420,五洋自控,2024-02-05,2.05,bottom_area,2.79,2024-02-05,2.03,0.9852216748768483,12.315270935960593,27.240143369175634,26.523297491039433,False,3
300863,卡倍亿,2024-02-05,30.35,bottom_area,40.25,2024-02-05,29.22,3.8672142368241023,9.753593429158117,27.403726708074537,24.596273291925463,False,2
002338,奥普光电,2024-02-05,19.52,bottom_area,27.2,2024-02-05,19.48,0.20533880903490323,12.88501026694044,28.38235294117647,28.235294117647058,False,3
000880,潍柴重机,2024-02-05,6.78,bottom_area,9.36,2024-02-05,6.78,0.0,9.882005899705014,27.564102564102555,27.564102564102555,False,3
002878,元隆雅图,2024-02-05,11.85,bottom_area,16.26,2024-02-05,11.85,0.0,9.704641350210974,27.121771217712187,27.121771217712187,False,2
301177,迪阿股份,2024-02-05,19.89,bottom_area,26.95,2024-02-05,19.49,2.052334530528487,11.493073370959477,27.6808905380334,26.19666048237476,False,1
300111,向日葵,2024-02-05,2.02,bottom_area,2.88,2024-02-05,1.95,3.589743589743593,16.410256410256412,32.291666666666664,29.86111111111111,False,4
600722,金牛化工,2024-02-05,3.36,bottom_area,4.65,2024-02-05,3.36,0.0,10.41666666666667,27.74193548387098,27.74193548387098,False,5
300215,电科院,2024-02-05,3.29,bottom_area,4.71,2024-02-05,3.2,2.8124999999999956,19.062499999999996,32.05944798301486,30.148619957537154,False,3
300732,设研院,2024-02-05,6.05,bottom_area,8.78,2024-02-05,5.91,2.3688663282571856,15.228426395939076,32.6879271070615,31.093394077448743,False,1
600829,人民同泰,2024-02-05,5.43,bottom_area,7.63,2024-02-05,5.43,0.0,9.760589318600374,28.83355176933159,28.83355176933159,False,4
002413,雷科防务,2024-02-05,3.27,bottom_area,4.83,2024-02-05,3.27,0.0,10.397553516819567,32.298136645962735,32.298136645962735,False,2
002189,中光学,2024-02-05,12.11,bottom_area,17.12,2024-02-05,12.11,0.0,9.909165978530151,29.264018691588795,29.264018691588795,False,3
600855,航天长峰,2024-02-05,7.11,bottom_area,10.08,2024-02-05,7.11,0.0,9.704641350210963,29.464285714285708,29.464285714285708,False,9
688128,中国电研,2024-02-05,14.78,bottom_area,19.94,2024-02-05,14.41,2.567661346287295,11.589174184594018,27.733199598796393,25.877632898696096,False,1
002219,新里程,2024-02-05,2.03,bottom_area,2.76,2024-02-05,2.01,0.9950248756218916,11.9402985074627,27.173913043478265,26.44927536231884,False,2
002841,视源股份,2024-02-05,32.53,bottom_area,46.1,2024-02-05,31.13,4.497269514937367,7.420494699646639,32.47288503253796,29.436008676789587,False,1
002802,洪汇新材,2024-02-05,7.88,bottom_area,11.26,2024-02-05,7.88,0.0,9.51776649746194,30.017761989342805,30.017761989342805,False,2
688105,诺唯赞,2024-02-05,18.52,bottom_area,26.73,2024-02-05,17.91,3.405918481295363,13.735343383584594,32.996632996633,30.714552936775164,False,1
002582,好想你,2024-02-05,5.21,bottom_area,7.18,2024-02-05,5.21,0.0,10.172744721689064,27.437325905292475,27.437325905292475,False,1
603058,永吉股份,2024-02-05,6.31,bottom_area,8.7,2024-02-05,6.31,0.0,12.044374009508727,27.47126436781609,27.47126436781609,False,1
603366,日出东方,2024-02-05,4.11,bottom_area,5.74,2024-02-05,4.11,0.0,10.705596107055948,28.397212543554005,28.397212543554005,False,1
300077,国民技术,2024-02-05,6.5,bottom_area,9.52,2024-02-05,6.45,0.7751937984496096,13.953488372093014,32.24789915966386,31.72268907563025,False,3
000566,海南海药,2024-02-05,3.1,bottom_area,4.49,2024-02-05,3.1,0.0,10.645161290322584,30.957683741648108,30.957683741648108,False,8
600367,红星发展,2024-02-05,8.16,bottom_area,11.62,2024-02-05,8.16,0.0,10.906862745098046,29.776247848537,29.776247848537,False,3
300342,天银机电,2024-02-05,8.84,bottom_area,12.76,2024-02-05,8.68,1.8433179723502322,16.244239631336406,31.974921630094045,30.721003134796238,False,2
603655,朗博科技,2024-02-05,12.97,bottom_area,18.93,2024-02-05,12.97,0.0,11.102544333076326,31.48441627047015,31.48441627047015,False,2
002774,快意电梯,2024-02-05,5.45,bottom_area,7.82,2024-02-05,5.45,0.0,10.458715596330263,30.30690537084399,30.30690537084399,False,2
600784,鲁银投资,2024-02-05,4.39,bottom_area,6.1,2024-02-05,4.39,0.0,10.706150341685666,28.0327868852459,28.0327868852459,False,4
000852,石化机械,2024-02-05,5.46,bottom_area,7.61,2024-02-05,5.46,0.0,10.439560439560445,28.25229960578187,28.25229960578187,False,5
002196,方正电机,2024-02-05,4.37,bottom_area,6.21,2024-02-05,4.37,0.0,10.068649885583513,29.629629629629626,29.629629629629626,False,4
003022,联泓新科,2024-02-05,12.96,bottom_area,17.48,2024-02-05,12.57,3.10262529832936,10.66030230708035,28.08924485125858,25.858123569794046,False,1
300011,鼎汉技术,2024-02-05,4.8,bottom_area,6.92,2024-02-05,4.68,2.5641025641025665,16.452991452991466,32.369942196531795,30.63583815028902,False,2
603721,中广天择,2024-02-05,21.29,bottom_area,29.21,2024-02-05,21.29,0.0,4.274307186472523,27.114002054091067,27.114002054091067,False,3
002026,山东威达,2024-02-05,6.3,bottom_area,8.75,2024-02-05,6.21,1.4492753623188384,9.82286634460548,29.028571428571432,28.000000000000004,False,2
300894,火星人,2024-02-05,10.95,bottom_area,15.02,2024-02-05,10.56,3.693181818181807,13.63636363636363,29.693741677762976,27.097203728362185,False,1
300629,新劲刚,2024-02-05,13.27,bottom_area,18.28,2024-02-05,13.24,0.2265861027190284,14.803625377643497,27.5711159737418,27.407002188183817,False,2
603016,新宏泰,2024-02-05,15.2,bottom_area,20.39,2024-02-05,14.85,2.3569023569023546,7.609427609427614,27.170181461500743,25.453653751839145,False,1
300718,长盛轴承,2024-02-05,12.04,bottom_area,16.22,2024-02-05,11.69,2.9940119760479016,11.12061591103508,27.928483353884094,25.770653514180026,False,1
002907,华森制药,2024-02-05,10.53,bottom_area,15.08,2024-02-05,10.46,0.6692160611854541,10.994263862332682,30.636604774535805,30.172413793103452,False,2
600235,民丰特纸,2024-02-05,4.22,bottom_area,5.88,2024-02-05,4.22,0.0,10.189573459715655,28.231292517006807,28.231292517006807,False,4
600791,京能置业,2024-02-05,3.65,bottom_area,5.22,2024-02-05,3.65,0.0,9.589041095890414,30.07662835249042,30.07662835249042,False,6
300201,海伦哲,2024-02-05,3.2,bottom_area,4.34,2024-02-05,3.1,3.2258064516129057,15.161290322580637,28.571428571428566,26.267281105990776,False,2
600857,宁波中百,2024-02-05,6.53,bottom_area,9.19,2024-02-05,6.53,0.0,10.7197549770291,28.94450489662676,28.94450489662676,False,5
600262,北方股份,2024-02-05,13.14,bottom_area,18.17,2024-02-05,13.14,0.0,10.273972602739722,27.682993946064943,27.682993946064943,False,6
000159,国际实业,2024-02-05,4.32,bottom_area,6.06,2024-02-05,4.32,0.0,9.953703703703697,28.712871287128706,28.712871287128706,False,6
000980,众泰汽车,2024-02-05,1.95,bottom_area,2.71,2024-02-05,1.95,0.0,10.256410256410255,28.044280442804432,28.044280442804432,False,4
601116,三江购物,2024-02-05,7.72,bottom_area,11.44,2024-02-05,7.7,0.25974025974025416,11.038961038961045,32.692307692307686,32.51748251748251,False,2
002098,浔兴股份,2024-02-05,4.64,bottom_area,6.46,2024-02-05,4.64,0.0,9.051724137931034,28.173374613003098,28.173374613003098,False,4
002264,新华都,2024-02-05,3.66,bottom_area,5.07,2024-02-05,3.66,0.0,11.475409836065571,27.810650887573967,27.810650887573967,False,3
000593,德龙汇能,2024-02-05,4.74,bottom_area,6.99,2024-02-05,4.74,0.0,10.759493670886071,32.18884120171674,32.18884120171674,False,5
600691,潞化科技,2024-02-05,2.17,bottom_area,3.02,2024-02-05,2.17,0.0,10.138248847926276,28.145695364238417,28.145695364238417,False,5
002279,久其软件,2024-02-05,4.31,bottom_area,5.94,2024-02-05,4.31,0.0,13.689095127610226,27.441077441077454,27.441077441077454,False,3
002970,锐明技术,2024-02-05,20.57,bottom_area,28.97,2024-02-05,20.57,0.0,11.084103062712694,28.99551259924059,28.99551259924059,False,1
603818,曲美家居,2024-02-05,3.43,bottom_area,4.98,2024-02-05,3.43,0.0,10.49562682215743,31.124497991967875,31.124497991967875,False,2
603390,通达电气,2024-02-05,6.17,bottom_area,8.53,2024-02-05,6.17,0.0,9.886547811993522,27.66705744431418,27.66705744431418,False,1
002763,汇洁股份,2024-02-05,6.38,bottom_area,8.8,2024-02-05,6.19,3.0694668820678435,11.147011308562188,29.659090909090914,27.500000000000007,False,1
603332,苏州龙杰,2024-02-05,7.11,bottom_area,10.16,2024-02-05,7.11,0.0,8.860759493670885,30.019685039370074,30.019685039370074,False,1
002298,中电鑫龙,2024-02-05,3.5,bottom_area,4.97,2024-02-05,3.5,0.0,9.71428571428571,29.57746478873239,29.57746478873239,False,3
000035,中国天楹,2024-02-05,3.29,bottom_area,4.52,2024-02-05,3.29,0.0,11.246200607902738,27.212389380530965,27.212389380530965,False,5
002164,宁波东力,2024-02-05,3.77,bottom_area,5.32,2024-02-05,3.77,0.0,10.610079575596815,29.135338345864664,29.135338345864664,False,3
603439,三力制药,2024-02-05,12.66,bottom_area,17.33,2024-02-05,12.39,2.1791767554479384,10.815173527037931,28.50548182342757,26.947489901904202,False,1
002858,力盛体育,2024-02-05,11.17,bottom_area,16.16,2024-02-05,11.17,0.0,10.653536257833478,30.878712871287128,30.878712871287128,False,3
600151,航天机电,2024-02-05,4.29,bottom_area,6.06,2024-02-05,4.29,0.0,10.023310023310017,29.2079207920792,29.2079207920792,False,4
300055,万邦达,2024-02-05,4.01,bottom_area,5.81,2024-02-05,3.9,2.8205128205128176,17.948717948717942,32.87435456110155,30.98106712564544,False,3
600774,汉商集团,2024-02-05,6.09,bottom_area,9.08,2024-02-05,6.09,0.0,10.180623973727423,32.929515418502206,32.929515418502206,False,7
002254,泰和新材,2024-02-05,9.51,bottom_area,12.9,2024-02-05,9.29,2.368137782561902,11.194833153928966,27.984496124031015,26.279069767441865,False,2
600770,综艺股份,2024-02-05,3.06,bottom_area,4.35,2024-02-05,3.06,0.0,13.398692810457522,29.655172413793096,29.655172413793096,False,5
600651,飞乐音响,2024-02-05,2.51,bottom_area,3.72,2024-02-05,2.51,0.0,9.9601593625498,32.52688172043012,32.52688172043012,False,8
000753,漳州发展,2024-02-05,2.84,bottom_area,4.02,2024-02-05,2.84,0.0,10.915492957746482,29.353233830845767,29.353233830845767,False,3
002278,神开股份,2024-02-05,3.92,bottom_area,5.58,2024-02-05,3.92,0.0,10.459183673469392,29.749103942652333,29.749103942652333,False,1
603956,威派格,2024-02-05,5.54,bottom_area,7.7,2024-02-05,5.54,0.0,10.108303249097466,28.051948051948056,28.051948051948056,False,2
300504,天邑股份,2024-02-05,11.08,bottom_area,15.71,2024-02-05,10.65,4.037558685446006,18.873239436619716,32.20878421387651,29.471674092934443,False,2
002329,皇氏集团,2024-02-05,3.63,bottom_area,5.32,2024-02-05,3.63,0.0,10.468319559228648,31.76691729323309,31.76691729323309,False,3
002140,东华科技,2024-02-05,6.17,bottom_area,8.57,2024-02-05,6.17,0.0,10.85899513776337,28.0046674445741,28.0046674445741,False,2
000766,通化金马,2024-02-05,13.23,bottom_area,17.87,2024-02-05,12.94,2.2411128284389563,13.137557959814538,27.58813654168999,25.965304980414107,False,3
600202,哈空调,2024-02-05,4.14,bottom_area,5.92,2024-02-05,4.14,0.0,9.66183574879228,30.067567567567572,30.067567567567572,False,3
688357,建龙微纳,2024-02-05,34.88,bottom_area,47.12,2024-02-05,33.98,2.6486168334314475,12.095350206003552,27.88624787775892,25.97623089983021,False,1
300292,吴通控股,2024-02-05,2.36,bottom_area,3.4,2024-02-05,2.31,2.164502164502157,16.450216450216445,32.05882352941176,30.58823529411765,False,1
003041,真爱美家,2024-02-05,11.05,bottom_area,15.59,2024-02-05,11.05,0.0,8.597285067873296,29.121231558691463,29.121231558691463,False,1
600463,空港股份,2024-02-05,6.92,bottom_area,9.75,2024-02-05,6.92,0.0,10.260115606936415,29.025641025641026,29.025641025641026,False,3
600876,凯盛新能,2024-02-05,10.36,bottom_area,13.93,2024-02-05,9.92,4.435483870967737,10.383064516129025,28.786791098348885,25.628140703517587,False,7
002167,东方锆业,2024-02-05,4.14,bottom_area,5.83,2024-02-05,4.14,0.0,9.66183574879228,28.98799313893654,28.98799313893654,False,3
002292,奥飞娱乐,2024-02-05,5.45,bottom_area,7.51,2024-02-05,5.45,0.0,10.825688073394492,27.43009320905459,27.43009320905459,False,1
002928,华夏航空,2024-02-05,4.9,bottom_area,6.52,2024-02-05,4.71,4.0339702760085006,11.040339702760095,27.760736196319012,24.846625766871156,False,2
300780,德恩精工,2024-02-05,12.21,bottom_area,17.28,2024-02-05,12.2,0.08196721311476692,16.475409836065587,29.398148148148156,29.34027777777778,False,1
002324,普利特,2024-02-05,7.45,bottom_area,10.0,2024-02-05,7.25,2.758620689655175,11.586206896551722,27.500000000000004,25.5,False,1
300468,四方精创,2024-02-05,6.67,bottom_area,9.49,2024-02-05,6.5,2.615384615384614,14.615384615384619,31.506849315068497,29.715489989462597,False,2
600196,复星医药,2024-02-05,21.19,bottom_area,29.04,2024-02-05,20.38,3.9744847890088435,6.280667320902852,29.820936639118457,27.031680440771343,False,4
600963,岳阳林纸,2024-02-05,4.1,bottom_area,5.64,2024-02-05,4.06,0.9852216748768483,10.591133004926125,28.01418439716312,27.30496453900709,False,3
002383,合众思壮,2024-02-05,5.1,bottom_area,7.15,2024-02-05,5.09,0.1964636542239644,11.198428290766214,28.811188811188813,28.671328671328677,False,2
300160,秀强股份,2024-02-05,3.88,bottom_area,5.48,2024-02-05,3.79,2.374670184696566,13.984168865435361,30.839416058394164,29.197080291970813,False,1
605286,同力天启,2024-02-05,17.99,bottom_area,25.04,2024-02-05,17.46,3.0355097365406505,10.080183276059552,30.271565495207664,28.15495207667732,False,1
688456,有研粉材,2024-02-05,17.75,bottom_area,25.71,2024-02-05,17.6,0.8522727272727191,19.034090909090896,31.54414624659665,30.9607156748347,False,1
002240,盛新锂能,2024-02-05,17.66,bottom_area,24.08,2024-02-05,17.25,2.3768115942028993,8.927536231884053,28.363787375415278,26.661129568106308,False,2
002218,拓日新能,2024-02-05,3.0,bottom_area,4.08,2024-02-05,2.93,2.3890784982935096,10.921501706484635,28.186274509803923,26.47058823529412,False,2
300541,先进数通,2024-02-05,10.13,bottom_area,13.74,2024-02-05,9.8,3.367346938775511,17.346938775510196,28.675400291120813,26.27365356622998,False,2
002728,特一药业,2024-02-05,12.06,bottom_area,16.54,2024-02-05,11.88,1.5151515151515127,9.932659932659929,28.17412333736396,27.085852478839172,False,1
603196,璞源材料,2024-02-05,9.01,bottom_area,12.66,2024-02-05,9.01,0.0,9.43396226415094,28.83096366508689,28.83096366508689,False,2
002629,仁智股份,2024-02-05,2.79,bottom_area,3.86,2024-02-05,2.79,0.0,12.186379928315407,27.72020725388601,27.72020725388601,False,2
600619,海立股份,2024-02-05,4.65,bottom_area,6.45,2024-02-05,4.64,0.2155172413793249,10.129310344827601,28.062015503875976,27.90697674418604,False,3
600721,百花医药,2024-02-05,4.95,bottom_area,7.04,2024-02-05,4.95,0.0,8.484848484848483,29.6875,29.6875,False,5
603520,司太立,2024-02-05,8.56,bottom_area,12.09,2024-02-05,8.56,0.0,10.280373831775687,29.197684036393706,29.197684036393706,False,1
002587,奥拓电子,2024-02-05,4.45,bottom_area,6.32,2024-02-05,4.45,0.0,11.235955056179774,29.58860759493671,29.58860759493671,False,3
300231,银信科技,2024-02-05,6.26,bottom_area,9.11,2024-02-05,6.11,2.4549918166939353,17.184942716857606,32.93084522502743,31.284302963776067,False,1
000670,盈方微,2024-02-05,4.17,bottom_area,6.18,2024-02-05,4.17,0.0,10.551558752997611,32.52427184466019,32.52427184466019,False,3
603333,尚纬股份,2024-02-05,3.86,bottom_area,5.71,2024-02-05,3.86,0.0,10.62176165803108,32.39929947460596,32.39929947460596,False,1
603155,新亚强,2024-02-05,15.19,bottom_area,21.44,2024-02-05,15.1,0.5960264900662242,11.854304635761597,29.570895522388064,29.15111940298508,False,1
301168,通灵股份,2024-02-05,35.77,bottom_area,48.86,2024-02-05,35.05,2.054208273894454,8.416547788873046,28.264428980761362,26.79083094555873,False,1
002602,世纪华通,2024-02-05,3.81,bottom_area,5.13,2024-02-05,3.72,2.4193548387096735,9.677419354838705,27.485380116959057,25.730994152046783,False,1
000631,顺发恒能,2024-02-05,2.48,bottom_area,3.45,2024-02-05,2.48,0.0,10.88709677419355,28.115942028985515,28.115942028985515,False,4
001317,三羊马,2024-02-05,23.67,bottom_area,32.88,2024-02-05,23.67,0.0,11.068863540346419,28.01094890510949,28.01094890510949,False,1
000633,合金投资,2024-02-05,4.66,bottom_area,6.65,2024-02-05,4.66,0.0,10.944206008583686,29.924812030075188,29.924812030075188,False,4
002584,西陇科学,2024-02-05,6.16,bottom_area,8.98,2024-02-05,6.16,0.0,11.038961038961034,31.40311804008909,31.40311804008909,False,2
603183,建研院,2024-02-05,3.23,bottom_area,4.48,2024-02-05,3.23,0.0,9.597523219814242,27.901785714285722,27.901785714285722,False,2
000025,特力A,2024-02-05,12.79,bottom_area,18.14,2024-02-05,12.79,0.0,8.91321344800626,29.492833517089313,29.492833517089313,False,6
002748,世龙实业,2024-02-05,6.58,bottom_area,9.36,2024-02-05,6.58,0.0,10.182370820668691,29.700854700854695,29.700854700854695,False,2
000545,金浦钛业,2024-02-05,1.97,bottom_area,2.91,2024-02-05,1.97,0.0,11.67512690355331,32.302405498281786,32.302405498281786,False,4
605162,新中港,2024-02-05,6.27,bottom_area,8.75,2024-02-05,6.27,0.0,11.483253588516758,28.34285714285715,28.34285714285715,False,1
600657,信达地产,2024-02-05,3.07,bottom_area,4.26,2024-02-05,3.07,0.0,9.446254071661238,27.93427230046948,27.93427230046948,False,5
600984,建设机械,2024-02-05,2.39,bottom_area,3.4,2024-02-05,2.39,0.0,11.71548117154811,29.70588235294117,29.70588235294117,False,4
300458,全志科技,2024-02-05,13.69,bottom_area,18.66,2024-02-05,13.17,3.9483675018982507,15.337889141989367,29.421221864951768,26.634512325830656,False,4
600746,江苏索普,2024-02-05,5.0,bottom_area,6.9,2024-02-05,5.0,0.0,10.600000000000005,27.536231884057976,27.536231884057976,False,5
600386,北巴传媒,2024-02-05,3.1,bottom_area,4.27,2024-02-05,3.1,0.0,10.000000000000002,27.400468384074934,27.400468384074934,False,3
600455,博通股份,2024-02-05,16.12,bottom_area,23.58,2024-02-05,16.12,0.0,10.66997518610421,31.636980491942314,31.636980491942314,False,2
603269,海鸥股份,2024-02-05,8.55,bottom_area,12.49,2024-02-05,8.55,0.0,11.461988304093552,31.545236188951158,31.545236188951158,False,1
603530,神马电力,2024-02-05,14.62,bottom_area,20.08,2024-02-05,14.62,0.0,12.448700410396732,27.191235059760956,27.191235059760956,False,1
002235,安妮股份,2024-02-05,4.55,bottom_area,6.43,2024-02-05,4.55,0.0,9.890109890109894,29.237947122861584,29.237947122861584,False,3
603110,东方材料,2024-02-05,15.12,bottom_area,21.22,2024-02-05,15.12,0.0,10.648148148148156,28.746465598491987,28.746465598491987,False,1
002459,晶澳科技,2024-02-05,15.98,bottom_area,21.56,2024-02-05,15.44,3.4974093264248767,7.8367875647668335,28.385899814471244,25.881261595547304,False,3
300307,慈星股份,2024-02-05,4.05,bottom_area,5.66,2024-02-05,3.91,3.5805626598465388,15.08951406649616,30.918727915194346,28.4452296819788,False,3
000530,冰山冷热,2024-02-05,3.4,bottom_area,4.88,2024-02-05,3.4,0.0,10.588235294117645,30.327868852459016,30.327868852459016,False,4
000547,航天发展,2024-02-05,5.56,bottom_area,7.56,2024-02-05,5.51,0.907441016333935,10.889292196007268,27.116402116402117,26.45502645502646,False,5
002301,齐心集团,2024-02-05,4.81,bottom_area,6.62,2024-02-05,4.81,0.0,10.187110187110191,27.341389728096683,27.341389728096683,False,1
000663,永安林业,2024-02-05,5.54,bottom_area,8.1,2024-02-05,5.54,0.0,10.108303249097466,31.604938271604933,31.604938271604933,False,5
301120,新特电气,2024-02-05,6.84,confirmed_rebound,9.85,2024-02-05,6.67,2.548725637181408,20.539730134932523,32.28426395939086,30.558375634517766,False,1
000601,韶能股份,2024-02-05,3.13,bottom_area,4.27,2024-02-05,3.11,0.6430868167202578,12.218649517684899,27.166276346604214,26.69789227166276,False,4
300473,德尔股份,2024-02-05,12.09,bottom_area,16.84,2024-02-05,11.95,1.1715481171548165,17.489539748953973,29.038004750593828,28.20665083135392,False,1
002524,光正眼科,2024-02-05,4.07,bottom_area,5.78,2024-02-05,4.07,0.0,11.793611793611781,29.58477508650519,29.58477508650519,False,3
600743,华远控股,2024-02-05,1.17,bottom_area,1.63,2024-02-05,1.17,0.0,10.256410256410266,28.22085889570552,28.22085889570552,False,6
603768,常青股份,2024-02-05,11.02,bottom_area,15.71,2024-02-05,11.02,0.0,9.709618874773144,29.853596435391477,29.853596435391477,False,1
002492,恒基达鑫,2024-02-05,4.15,bottom_area,5.82,2024-02-05,4.15,0.0,10.120481927710841,28.694158075601372,28.694158075601372,False,2
002389,航天彩虹,2024-02-05,11.86,bottom_area,16.13,2024-02-05,11.52,2.951388888888888,11.111111111111121,28.580285182889025,26.472411655300682,False,2
600278,东方创业,2024-02-05,5.46,bottom_area,8.1,2024-02-05,5.46,0.0,10.07326007326007,32.59259259259259,32.59259259259259,False,2
603577,汇金通,2024-02-05,6.26,bottom_area,8.79,2024-02-05,6.26,0.0,10.383386581469654,28.78270762229806,28.78270762229806,False,1
002988,豪美新材,2024-02-05,15.44,bottom_area,21.2,2024-02-05,15.44,0.0,12.111398963730565,27.169811320754718,27.169811320754718,False,1
300603,立昂技术,2024-02-05,6.68,bottom_area,9.08,2024-02-05,6.51,2.6113671274961585,13.978494623655916,28.303964757709256,26.431718061674015,False,2
605169,洪通燃气,2024-02-05,7.61,bottom_area,10.58,2024-02-05,7.61,0.0,9.067017082785812,28.07183364839319,28.07183364839319,False,1
301512,智信精密,2024-02-05,35.7,bottom_area,51.5,2024-02-05,35.7,0.0,15.826330532212879,30.679611650485434,30.679611650485434,False,1
600506,统一股份,2024-02-05,9.07,bottom_area,13.27,2024-02-05,9.07,0.0,10.584343991179702,31.650339110776184,31.650339110776184,False,5
002628,成都路桥,2024-02-05,2.42,bottom_area,3.34,2024-02-05,2.42,0.0,10.743801652892571,27.54491017964072,27.54491017964072,False,2
002810,山东赫达,2024-02-05,12.97,bottom_area,17.77,2024-02-05,12.86,0.8553654743390452,10.264385692068432,27.63083849184018,27.01181767023072,False,1
002153,石基信息,2024-02-05,6.16,bottom_area,8.23,2024-02-05,5.99,2.8380634390651074,11.853088480801334,27.21749696233293,25.15188335358445,False,2
603633,徕木股份,2024-02-05,5.73,bottom_area,8.06,2024-02-05,5.73,0.0,10.820244328097717,28.90818858560794,28.90818858560794,False,1
600152,维科技术,2024-02-05,4.46,bottom_area,6.31,2024-02-05,4.46,0.0,10.313901345291479,29.318541996830422,29.318541996830422,False,4
603829,洛凯股份,2024-02-05,9.8,bottom_area,14.57,2024-02-05,9.8,0.0,11.122448979591834,32.73850377487989,32.73850377487989,False,1
300485,赛升药业,2024-02-05,6.89,bottom_area,9.54,2024-02-05,6.66,3.4534534534534465,15.91591591591591,30.188679245283012,27.777777777777775,False,2
002434,万里扬,2024-02-05,4.6,bottom_area,6.32,2024-02-05,4.6,0.0,11.304347826086968,27.215189873417728,27.215189873417728,False,1
000573,粤宏远A,2024-02-05,2.54,bottom_area,3.68,2024-02-05,2.54,0.0,10.236220472440936,30.978260869565222,30.978260869565222,False,3
000856,冀东装备,2024-02-05,6.19,bottom_area,8.85,2024-02-05,6.19,0.0,10.177705977382873,30.056497175141235,30.056497175141235,False,4
002115,三维通信,2024-02-05,4.62,bottom_area,6.76,2024-02-05,4.62,0.0,10.173160173160166,31.656804733727807,31.656804733727807,False,2
002707,众信旅游,2024-02-05,5.3,bottom_area,7.33,2024-02-05,5.3,0.0,9.24528301886793,27.69440654843111,27.69440654843111,False,3
002923,润都股份,2024-02-05,7.73,bottom_area,10.69,2024-02-05,7.73,0.0,11.901681759379041,27.689429373246018,27.689429373246018,False,1
600475,华光环能,2024-02-05,8.28,bottom_area,11.4,2024-02-05,8.25,0.3636363636363559,11.636363636363646,27.631578947368425,27.368421052631586,False,3
002890,弘宇股份,2024-02-05,9.72,bottom_area,13.76,2024-02-05,9.72,0.0,7.201646090534972,29.360465116279066,29.360465116279066,False,1
300320,海达股份,2024-02-05,4.73,bottom_area,6.78,2024-02-05,4.69,0.852878464818764,13.646055437100205,30.82595870206489,30.23598820058997,False,2
600358,国旅联合,2024-02-05,3.56,bottom_area,5.04,2024-02-05,3.56,0.0,10.674157303370784,29.365079365079367,29.365079365079367,False,3
688225,亚信安全,2024-02-05,11.33,bottom_area,16.05,2024-02-05,11.01,2.906448683015443,15.349682107175292,31.401869158878508,29.40809968847352,False,1
601566,九牧王,2024-02-05,8.24,bottom_area,12.1,2024-02-05,8.24,0.0,2.9126213592233037,31.900826446280988,31.900826446280988,False,1
300722,新余国科,2024-02-05,17.35,bottom_area,23.06,2024-02-05,16.8,3.273809523809528,11.785714285714288,27.14657415437987,24.76149176062445,False,3
002823,凯中精密,2024-02-05,7.97,bottom_area,11.43,2024-02-05,7.97,0.0,11.919698870765373,30.271216097987754,30.271216097987754,False,1
600230,沧州大化,2024-02-05,8.87,bottom_area,12.44,2024-02-05,8.87,0.0,10.597519729425043,28.69774919614148,28.69774919614148,False,3
002912,中新赛克,2024-02-05,18.28,bottom_area,25.76,2024-02-05,18.28,0.0,11.050328227571113,29.037267080745345,29.037267080745345,False,2
300290,荣科科技,2024-02-05,3.74,bottom_area,5.43,2024-02-05,3.72,0.5376344086021511,17.20430107526882,31.491712707182312,31.12338858195211,False,2
603836,海程邦达,2024-02-05,10.36,bottom_area,14.54,2024-02-05,10.36,0.0,10.617760617760633,28.74828060522696,28.74828060522696,False,1
603015,弘讯科技,2024-02-05,5.85,bottom_area,8.3,2024-02-05,5.85,0.0,10.085470085470098,29.51807228915664,29.51807228915664,False,1
002277,友阿股份,2024-02-05,2.65,bottom_area,3.73,2024-02-05,2.65,0.0,10.18867924528302,28.9544235924933,28.9544235924933,False,2
300781,因赛集团,2024-02-05,25.28,bottom_area,36.58,2024-02-05,25.25,0.11881188118812332,15.643564356435641,30.973209404045924,30.891197375615082,False,1
002136,安纳达,2024-02-05,7.52,bottom_area,10.94,2024-02-05,7.52,0.0,11.569148936170226,31.26142595978062,31.26142595978062,False,3
002310,东方新能,2024-02-05,1.34,bottom_area,1.86,2024-02-05,1.34,0.0,11.194029850746261,27.956989247311824,27.956989247311824,False,1
002574,明牌珠宝,2024-02-05,4.15,bottom_area,5.92,2024-02-05,4.15,0.0,8.674698795180708,29.89864864864864,29.89864864864864,False,1
603967,中创物流,2024-02-05,7.05,bottom_area,9.8,2024-02-05,7.05,0.0,10.212765957446805,28.061224489795926,28.061224489795926,False,1
603313,梦百合,2024-02-05,8.37,bottom_area,11.4,2024-02-05,8.16,2.5735294117646945,10.294117647058822,28.421052631578945,26.578947368421062,False,1
002272,川润股份,2024-02-05,4.1,bottom_area,5.88,2024-02-05,4.1,0.0,9.512195121951233,30.27210884353742,30.27210884353742,False,2
002614,奥佳华,2024-02-05,5.53,bottom_area,8.17,2024-02-05,5.53,0.0,9.945750452079562,32.31334149326805,32.31334149326805,False,1
002685,华东重机,2024-02-05,2.25,bottom_area,3.22,2024-02-05,2.25,0.0,9.333333333333332,30.124223602484477,30.124223602484477,False,1
301277,新天地,2024-02-05,13.82,bottom_area,19.0,2024-02-05,13.38,3.288490284005975,16.218236173393123,29.578947368421048,27.26315789473684,False,1
002664,信质集团,2024-02-05,10.2,bottom_area,14.01,2024-02-05,10.2,0.0,10.588235294117649,27.1948608137045,27.1948608137045,False,1
603050,科林电气,2024-02-05,13.31,bottom_area,18.23,2024-02-05,13.28,0.2259036144578399,8.734939759036147,27.153044432254532,26.988480526604498,False,1
002743,富煌钢构,2024-02-05,3.91,bottom_area,5.55,2024-02-05,3.91,0.0,10.48593350383632,29.549549549549546,29.549549549549546,False,1
301018,申菱环境,2024-02-05,15.5,bottom_area,21.65,2024-02-05,15.01,3.2644903397734857,15.456362425049958,30.669745958429555,28.40646651270207,False,1
603776,永安行,2024-02-05,8.49,bottom_area,12.5,2024-02-05,8.49,0.0,11.307420494699635,32.08,32.08,False,1
603101,汇嘉时代,2024-02-05,5.2,bottom_area,7.3,2024-02-05,5.2,0.0,10.576923076923073,28.767123287671232,28.767123287671232,False,1
300247,融捷健康,2024-02-05,2.42,bottom_area,3.51,2024-02-05,2.36,2.5423728813559343,19.0677966101695,32.763532763532766,31.05413105413105,False,2
000533,顺钠股份,2024-02-05,3.03,bottom_area,4.42,2024-02-05,3.03,0.0,9.90099009900991,31.447963800904983,31.447963800904983,False,6
603696,安记食品,2024-02-05,6.82,bottom_area,9.38,2024-02-05,6.82,0.0,9.384164222873896,27.292110874200432,27.292110874200432,False,1
000661,长春高新,2024-02-05,110.7,bottom_area,148.0,2024-02-05,106.33,4.109846703658427,5.868522524217055,28.15540540540541,25.2027027027027,False,3
002910,庄园牧场,2024-02-05,7.39,bottom_area,10.13,2024-02-05,7.39,0.0,11.096075778078502,27.048371174728537,27.048371174728537,False,1
000837,秦川机床,2024-02-05,6.24,bottom_area,8.55,2024-02-05,6.24,0.0,11.0576923076923,27.01754385964913,27.01754385964913,False,3
605228,神通科技,2024-02-05,7.51,bottom_area,10.38,2024-02-05,7.51,0.0,11.051930758988018,27.649325626204245,27.649325626204245,False,1
000560,我爱我家,2024-02-05,1.58,bottom_area,2.2,2024-02-05,1.58,0.0,10.126582278481006,28.181818181818187,28.181818181818187,False,5
002316,亚联发展,2024-02-05,3.31,bottom_area,4.89,2024-02-05,3.31,0.0,11.178247734138976,32.31083844580777,32.31083844580777,False,3
002331,皖通科技,2024-02-05,5.4,bottom_area,7.79,2024-02-05,5.4,0.0,11.111111111111104,30.680359435173294,30.680359435173294,False,2
600658,电子城,2024-02-05,3.31,bottom_area,4.56,2024-02-05,3.31,0.0,10.57401812688822,27.412280701754376,27.412280701754376,False,4
000628,高新发展,2024-02-05,33.71,bottom_area,48.12,2024-02-05,33.49,0.6569125111973689,9.495371752762019,30.403158769742305,29.94596841230257,False,1
002782,可立克,2024-02-05,8.48,bottom_area,11.94,2024-02-05,8.48,0.0,10.023584905660373,28.978224455611386,28.978224455611386,False,1
603068,博通集成,2024-02-05,17.57,bottom_area,25.15,2024-02-05,17.57,0.0,10.643141718838937,30.139165009940356,30.139165009940356,False,1
603385,惠达卫浴,2024-02-05,5.35,bottom_area,7.84,2024-02-05,5.35,0.0,11.028037383177585,31.760204081632654,31.760204081632654,False,2
002905,金逸影视,2024-02-05,7.44,bottom_area,10.81,2024-02-05,7.44,0.0,10.08064516129031,31.174838112858467,31.174838112858467,False,1
002285,世联行,2024-02-05,1.73,bottom_area,2.45,2024-02-05,1.73,0.0,10.404624277456644,29.387755102040824,29.387755102040824,False,2
601616,广电电气,2024-02-05,2.38,bottom_area,3.31,2024-02-05,2.38,0.0,9.663865546218489,28.096676737160127,28.096676737160127,False,1
000428,华天酒店,2024-02-05,2.76,bottom_area,4.06,2024-02-05,2.76,0.0,10.869565217391315,32.01970443349754,32.01970443349754,False,3
603081,大丰实业,2024-02-05,8.45,bottom_area,12.24,2024-02-05,8.45,0.0,10.295857988165693,30.964052287581705,30.964052287581705,False,1
603335,迪生力,2024-02-05,4.25,bottom_area,6.14,2024-02-05,4.25,0.0,10.117647058823524,30.78175895765472,30.78175895765472,False,3
301069,凯盛新材,2024-02-05,11.91,bottom_area,16.86,2024-02-05,11.52,3.385416666666672,13.628472222222227,31.672597864768683,29.3594306049822,False,1
603898,好莱客,2024-02-05,7.58,bottom_area,10.56,2024-02-05,7.58,0.0,9.762532981530345,28.219696969696972,28.219696969696972,False,1
600834,申通地铁,2024-02-05,6.4,bottom_area,8.95,2024-02-05,6.4,0.0,10.93749999999999,28.491620111731837,28.491620111731837,False,4
002551,尚荣医疗,2024-02-05,2.63,bottom_area,3.84,2024-02-05,2.63,0.0,11.02661596958175,31.510416666666668,31.510416666666668,False,2
600444,国机通用,2024-02-05,10.65,bottom_area,14.81,2024-02-05,10.65,0.0,10.798122065727704,28.089128966914245,28.089128966914245,False,3
603722,阿科力,2024-02-05,30.8,bottom_area,43.41,2024-02-05,30.8,0.0,11.071428571428571,29.04860631190969,29.04860631190969,False,1
300792,壹网壹创,2024-02-05,15.53,bottom_area,20.91,2024-02-05,14.95,3.8795986622073584,13.043478260869563,28.503108560497374,25.729316116690583,False,1
300303,聚飞光电,2024-02-05,3.63,bottom_area,4.97,2024-02-05,3.51,3.4188034188034218,13.960113960113969,29.376257545271628,26.961770623742453,False,1
603000,人民网,2024-02-05,19.1,bottom_area,25.3,2024-02-05,18.45,3.523035230352315,11.219512195121952,27.075098814229253,24.505928853754938,False,3
301048,金鹰重工,2024-02-05,7.68,bottom_area,10.91,2024-02-05,7.44,3.225806451612894,16.935483870967726,31.805682859761685,29.60586617781852,False,1
000153,丰原药业,2024-02-05,6.38,bottom_area,8.73,2024-02-05,6.35,0.47244094488189375,10.866141732283472,27.262313860252014,26.91867124856816,False,2
603528,多伦科技,2024-02-05,5.43,bottom_area,7.91,2024-02-05,5.43,0.0,10.313075506445681,31.352718078381802,31.352718078381802,False,2
300540,蜀道装备,2024-02-05,15.79,bottom_area,21.96,2024-02-05,15.18,4.018445322793145,16.600790513833992,30.87431693989072,28.096539162112936,False,3
002578,闽发铝业,2024-02-05,2.58,bottom_area,3.7,2024-02-05,2.58,0.0,10.465116279069768,30.270270270270274,30.270270270270274,False,1
300389,艾比森,2024-02-05,11.7,bottom_area,16.05,2024-02-05,11.33,3.265666372462482,15.35745807590468,29.40809968847352,27.102803738317764,False,1
688115,思林杰,2024-02-05,18.71,bottom_area,26.96,2024-02-05,18.2,2.802197802197811,16.42857142857144,32.492581602373896,30.600890207715132,False,1
002190,成飞集成,2024-02-05,12.34,bottom_area,16.91,2024-02-05,12.33,0.08110300081102828,10.543390105433907,27.08456534594914,27.0254287403903,False,1
300483,首华燃气,2024-02-05,7.47,bottom_area,10.79,2024-02-05,7.28,2.609890109890103,18.54395604395605,32.5301204819277,30.769230769230766,False,1
002369,卓翼科技,2024-02-05,3.38,bottom_area,4.92,2024-02-05,3.38,0.0,10.35502958579882,31.300813008130085,31.300813008130085,False,2
002176,江特电机,2024-02-05,7.97,bottom_area,11.21,2024-02-05,7.97,0.0,11.041405269761604,28.902765388046397,28.902765388046397,False,2
002059,云南旅游,2024-02-05,4.27,bottom_area,5.93,2024-02-05,4.25,0.47058823529410765,9.176470588235286,28.330522765598648,27.993254637436767,False,2
603989,艾华集团,2024-02-05,13.9,bottom_area,18.51,2024-02-05,13.5,2.9629629629629655,11.11111111111111,27.066450567260947,24.905456509994604,False,1
002355,兴民智通,2024-02-05,3.39,bottom_area,4.73,2024-02-05,3.39,0.0,11.504424778761052,28.329809725158565,28.329809725158565,False,2
002640,跨境通,2024-02-05,2.32,bottom_area,3.39,2024-02-05,2.32,0.0,9.482758620689664,31.56342182890856,31.56342182890856,False,1
002376,新北洋,2024-02-05,4.73,bottom_area,6.61,2024-02-05,4.73,0.0,11.416490486257908,28.441754916792732,28.441754916792732,False,1
002518,科士达,2024-02-05,17.37,bottom_area,25.08,2024-02-05,17.2,0.9883720930232657,11.104651162790699,31.419457735247207,30.741626794258366,False,2
603738,泰晶科技,2024-02-05,9.77,bottom_area,13.87,2024-02-05,9.77,0.0,10.54247697031731,29.560201874549385,29.560201874549385,False,1
002793,罗欣药业,2024-02-05,3.89,bottom_area,5.2,2024-02-05,3.76,3.4574468085106473,13.563829787234038,27.6923076923077,25.192307692307693,False,2
603788,宁波高发,2024-02-05,9.66,bottom_area,13.41,2024-02-05,9.66,0.0,10.041407867494831,27.96420581655481,27.96420581655481,False,1
000688,国城矿业,2024-02-05,7.49,bottom_area,10.32,2024-02-05,7.49,0.0,11.214953271028035,27.42248062015504,27.42248062015504,False,2
300534,陇神戎发,2024-02-05,6.64,bottom_area,9.09,2024-02-05,6.46,2.786377708978324,14.70588235294118,28.93289328932893,26.952695269526956,False,2
002380,科远智慧,2024-02-05,10.94,bottom_area,15.72,2024-02-05,10.94,0.0,10.05484460694698,30.40712468193385,30.40712468193385,False,1
688007,光峰科技,2024-02-05,15.29,bottom_area,20.57,2024-02-05,14.75,3.6610169491525366,10.16949152542373,28.293631502187655,25.668449197860966,False,1
600408,安泰集团,2024-02-05,1.69,bottom_area,2.38,2024-02-05,1.69,0.0,10.059171597633146,28.99159663865546,28.99159663865546,False,3
002769,普路通,2024-02-05,5.31,bottom_area,7.89,2024-02-05,5.31,0.0,11.111111111111125,32.69961977186312,32.69961977186312,False,2
603421,鼎信通讯,2024-02-05,6.13,bottom_area,8.54,2024-02-05,6.1,0.4918032786885287,11.475409836065577,28.57142857142857,28.220140515222475,False,1
002365,永安药业,2024-02-05,6.2,bottom_area,8.97,2024-02-05,6.2,0.0,10.000000000000002,30.880713489409146,30.880713489409146,False,1
603258,电魂网络,2024-02-05,15.51,bottom_area,22.1,2024-02-05,15.51,0.0,11.99226305609285,29.819004524886882,29.819004524886882,False,1
600833,第一医药,2024-02-05,8.51,bottom_area,12.3,2024-02-05,8.51,0.0,10.458284371327856,30.813008130081304,30.813008130081304,False,4
603926,铁流股份,2024-02-05,7.67,bottom_area,10.54,2024-02-05,7.67,0.0,8.735332464146023,27.22960151802656,27.22960151802656,False,1
300370,安控科技,2024-02-05,1.68,bottom_area,2.32,2024-02-05,1.62,3.703703703703693,14.814814814814813,30.172413793103438,27.586206896551722,False,2
600533,栖霞建设,2024-02-05,2.25,bottom_area,3.1,2024-02-05,2.25,0.0,10.222222222222221,27.41935483870968,27.41935483870968,False,2
603605,珀莱雅,2024-02-05,78.24,bottom_area,104.69,2024-02-05,75.01,4.306092520997186,7.492334355419264,28.350367752411877,25.265068296876496,False,1
603991,领先股份,2024-02-05,30.15,bottom_area,41.99,2024-02-05,30.15,0.0,11.608623548922056,28.197189807096933,28.197189807096933,False,1
002724,海洋王,2024-02-05,4.9,bottom_area,6.92,2024-02-05,4.9,0.0,10.20408163265306,29.1907514450867,29.1907514450867,False,2
605081,退市太和,2024-02-05,9.43,bottom_area,13.36,2024-02-05,9.43,0.0,8.907741251325556,29.416167664670656,29.416167664670656,False,1
300725,药石科技,2024-02-05,24.4,bottom_area,32.99,2024-02-05,23.25,4.946236559139779,13.677419354838708,29.52409821157927,26.038193391936957,False,1
002787,华源控股,2024-02-05,5.65,bottom_area,7.97,2024-02-05,5.65,0.0,9.73451327433628,29.10915934755332,29.10915934755332,False,1
002880,卫光生物,2024-02-05,22.93,bottom_area,31.08,2024-02-05,22.05,3.9909297052154145,12.56235827664399,29.054054054054046,26.222651222651223,False,1
300438,鹏辉能源,2024-02-05,17.47,bottom_area,24.39,2024-02-05,16.68,4.7362110311750545,13.788968824940055,31.611316113161138,28.37228372283723,False,2
002212,天融信,2024-02-05,5.75,bottom_area,8.4,2024-02-05,5.75,0.0,11.47826086956522,31.54761904761905,31.54761904761905,False,1
600203,福日电子,2024-02-05,4.46,bottom_area,6.48,2024-02-05,4.46,0.0,10.538116591928246,31.172839506172846,31.172839506172846,False,2
300359,全通教育,2024-02-05,3.57,bottom_area,4.99,2024-02-05,3.43,4.081632653061215,17.78425655976676,31.262525050100198,28.456913827655317,False,3
000850,华茂股份,2024-02-05,3.0,bottom_area,4.25,2024-02-05,3.0,0.0,9.666666666666668,29.411764705882355,29.411764705882355,False,2
002900,哈三联,2024-02-05,8.52,bottom_area,12.18,2024-02-05,8.52,0.0,12.089201877934286,30.049261083743843,30.049261083743843,False,1
603982,泉峰汽车,2024-02-05,8.54,bottom_area,12.09,2024-02-05,8.54,0.0,10.304449648711953,29.363110008271303,29.363110008271303,False,1
603860,中公高科,2024-02-05,25.11,bottom_area,35.4,2024-02-05,25.11,0.0,5.535643170051775,29.067796610169488,29.067796610169488,False,1
000155,川能动力,2024-02-05,8.64,bottom_area,12.03,2024-02-05,8.46,2.1276595744680815,10.165484633569733,29.67581047381545,28.179551122194507,False,1
300577,开润股份,2024-02-05,9.79,bottom_area,13.8,2024-02-05,9.48,3.2700421940928135,15.92827004219409,31.30434782608696,29.05797101449276,False,1
002144,宏达高科,2024-02-05,7.72,bottom_area,10.76,2024-02-05,7.67,0.6518904823989546,9.2568448500652,28.71747211895911,28.25278810408922,False,2
300747,锐科激光,2024-02-05,16.17,bottom_area,21.74,2024-02-05,15.55,3.9871382636656008,12.79742765273311,28.472861085556566,25.62097516099355,False,1
300801,泰和科技,2024-02-05,11.02,bottom_area,14.79,2024-02-05,10.6,3.9622641509433953,15.28301886792454,28.32995267072346,25.49019607843137,False,1
603321,梅轮电梯,2024-02-05,5.69,bottom_area,8.07,2024-02-05,5.69,0.0,10.01757469244287,29.49194547707559,29.49194547707559,False,1
605358,立昂微,2024-02-05,18.0,bottom_area,24.33,2024-02-05,17.3,4.04624277456647,12.023121387283227,28.894369091656387,26.017262638717625,False,1
600684,珠江股份,2024-02-05,2.75,bottom_area,3.98,2024-02-05,2.75,0.0,9.454545454545448,30.90452261306533,30.90452261306533,False,3
600793,宜宾纸业,2024-02-05,7.88,bottom_area,11.16,2024-02-05,7.88,0.0,10.78680203045686,29.39068100358423,29.39068100358423,False,1
300763,锦浪科技,2024-02-05,53.57,bottom_area,73.28,2024-02-05,51.11,4.813148111915478,11.504597926041876,30.25382096069869,26.896834061135372,False,1
300218,安利股份,2024-02-05,9.1,bottom_area,12.25,2024-02-05,8.72,4.357798165137603,13.99082568807338,28.81632653061224,25.71428571428572,False,2
600128,苏豪弘业,2024-02-05,6.54,bottom_area,9.17,2024-02-05,6.54,0.0,8.409785932721709,28.680479825517992,28.680479825517992,False,2
002606,大连电瓷,2024-02-05,5.85,bottom_area,8.22,2024-02-05,5.66,3.356890459363949,11.130742049469962,31.143552311435528,28.832116788321176,False,2
002889,东方嘉盛,2024-02-05,16.65,bottom_area,23.38,2024-02-05,16.65,0.0,10.570570570570581,28.785286569717712,28.785286569717712,False,1
002693,双成药业,2024-02-05,4.52,bottom_area,6.58,2024-02-05,4.52,0.0,11.061946902654867,31.306990881458972,31.306990881458972,False,1
002407,多氟多,2024-02-05,10.5,bottom_area,14.31,2024-02-05,10.05,4.4776119402985,10.248756218905465,29.769392033542974,26.624737945492665,False,2
002451,摩恩电气,2024-02-05,4.73,bottom_area,6.88,2024-02-05,4.73,0.0,9.725158562367863,31.249999999999993,31.249999999999993,False,2
688097,博众精工,2024-02-05,19.33,bottom_area,27.15,2024-02-05,18.42,4.940282301845801,12.214983713355048,32.154696132596676,28.802946593001842,False,1
601515,衢州东峰,2024-02-05,3.11,bottom_area,4.12,2024-02-05,2.99,4.013377926421393,9.030100334448147,27.427184466019416,24.51456310679612,False,1
600865,百大集团,2024-02-05,5.86,bottom_area,8.23,2024-02-05,5.86,0.0,11.604095563139927,28.797083839611176,28.797083839611176,False,1
603933,睿能科技,2024-02-05,9.32,bottom_area,13.4,2024-02-05,9.32,0.0,8.369098712446345,30.447761194029848,30.447761194029848,False,1
601007,金陵饭店,2024-02-05,5.86,bottom_area,8.06,2024-02-05,5.86,0.0,11.604095563139927,27.29528535980149,27.29528535980149,False,1
603969,银龙股份,2024-02-05,4.1,bottom_area,6.05,2024-02-05,4.1,0.0,4.390243902439039,32.231404958677686,32.231404958677686,False,1
000809,和展能源,2024-02-05,2.17,bottom_area,3.14,2024-02-05,2.17,0.0,11.52073732718894,30.891719745222936,30.891719745222936,False,2
002873,新天药业,2024-02-05,8.29,bottom_area,11.05,2024-02-05,8.01,3.4956304619225884,9.612983770287135,27.51131221719458,24.97737556561087,False,1
002403,爱仕达,2024-02-05,5.98,bottom_area,8.45,2024-02-05,5.98,0.0,10.367892976588616,29.230769230769223,29.230769230769223,False,1
002562,兄弟科技,2024-02-05,2.67,bottom_area,3.68,2024-02-05,2.66,0.3759398496240521,10.902255639097746,27.717391304347828,27.44565217391305,False,1
300674,宇信科技,2024-02-05,10.33,bottom_area,13.96,2024-02-05,9.89,4.448938321536901,13.34681496461072,29.154727793696278,26.002865329512897,False,1
300638,广和通,2024-02-05,12.06,bottom_area,15.92,2024-02-05,11.62,3.7865748709122315,12.478485370051645,27.010050251256285,24.24623115577889,False,1
002827,高争民爆,2024-02-05,11.1,bottom_area,15.87,2024-02-05,11.1,0.0,10.720720720720717,30.056710775047257,30.056710775047257,False,1
002290,禾盛新材,2024-02-05,8.37,bottom_area,12.29,2024-02-05,8.37,0.0,13.500597371565123,31.895850284784377,31.895850284784377,False,1
300298,三诺生物,2024-02-05,20.86,bottom_area,27.93,2024-02-05,20.2,3.267326732673268,9.60396039603961,27.676333691371287,25.31328320802005,False,1
002449,国星光电,2024-02-05,5.58,bottom_area,7.7,2024-02-05,5.58,0.0,10.931899641577067,27.532467532467532,27.532467532467532,False,1
002632,道明光学,2024-02-05,5.27,bottom_area,7.3,2024-02-05,5.27,0.0,9.677419354838722,27.808219178082194,27.808219178082194,False,1
002678,珠江钢琴,2024-02-05,3.84,bottom_area,5.48,2024-02-05,3.84,0.0,10.677083333333337,29.92700729927008,29.92700729927008,False,1
600488,津药药业,2024-02-05,3.32,bottom_area,4.51,2024-02-05,3.29,0.9118541033434591,10.334346504559267,27.050997782705092,26.38580931263858,False,1
002121,科陆电子,2024-02-05,3.36,bottom_area,4.91,2024-02-05,3.33,0.900900900900895,11.111111111111114,32.17922606924644,31.56822810590632,False,1
300788,中信出版,2024-02-05,24.01,bottom_area,32.0,2024-02-05,23.0,4.391304347826094,19.17391304347826,28.125,24.968749999999996,False,1
000571,新大洲A,2024-02-05,2.31,bottom_area,3.27,2024-02-05,2.31,0.0,11.255411255411246,29.35779816513761,29.35779816513761,False,2
300238,冠昊生物,2024-02-05,8.64,bottom_area,12.11,2024-02-05,8.25,4.727272727272734,17.69696969696971,31.874483897605284,28.65400495458298,False,2
601068,中铝国际,2024-02-05,3.93,bottom_area,5.67,2024-02-05,3.93,0.0,10.687022900763345,30.687830687830687,30.687830687830687,False,1
000590,古汉医药,2024-02-05,6.13,bottom_area,9.03,2024-02-05,6.13,0.0,11.092985318107662,32.115171650055366,32.115171650055366,False,2
603080,新疆火炬,2024-02-05,11.54,bottom_area,16.44,2024-02-05,11.54,0.0,9.185441941074528,29.805352798053537,29.805352798053537,False,1
300726,宏达电子,2024-02-05,18.56,bottom_area,24.98,2024-02-05,17.75,4.563380281690134,12.676056338028168,28.943154523618897,25.700560448358694,False,1
000788,北大医药,2024-02-05,4.47,bottom_area,6.22,2024-02-05,4.47,0.0,9.619686800894868,28.135048231511256,28.135048231511256,False,3
600159,大龙地产,2024-02-05,2.57,bottom_area,3.69,2024-02-05,2.57,0.0,8.171206225680933,30.352303523035236,30.352303523035236,False,3
000691,亚太实业,2024-02-05,3.32,bottom_area,4.92,2024-02-05,3.32,0.0,10.843373493975914,32.520325203252035,32.520325203252035,False,2
300434,金石亚药,2024-02-05,7.34,bottom_area,10.0,2024-02-05,7.05,4.113475177304965,14.042553191489352,29.500000000000004,26.6,False,2
688589,力合微,2024-02-05,23.01,bottom_area,32.89,2024-02-05,22.23,3.508771929824567,16.014394961763376,32.41106719367589,30.039525691699602,False,1
603192,汇得科技,2024-02-05,12.82,bottom_area,18.31,2024-02-05,12.82,0.0,10.530421216848671,29.983615510649912,29.983615510649912,False,1
600513,联环药业,2024-02-05,7.26,bottom_area,10.26,2024-02-05,7.26,0.0,10.192837465564741,29.239766081871345,29.239766081871345,False,2
002357,富临运业,2024-02-05,5.02,bottom_area,7.14,2024-02-05,5.02,0.0,10.756972111553786,29.691876750700285,29.691876750700285,False,1
300075,数字政通,2024-02-05,10.86,bottom_area,14.98,2024-02-05,10.4,4.4230769230769145,15.57692307692307,30.574098798397863,27.503337783711622,False,1
002576,通达动力,2024-02-05,10.62,bottom_area,14.95,2024-02-05,10.62,0.0,10.075329566854995,28.96321070234114,28.96321070234114,False,1
688165,埃夫特,2024-02-05,6.55,bottom_area,9.31,2024-02-05,6.26,4.632587859424921,18.530351437699682,32.76047261009668,29.64554242749732,False,1
002734,利民股份,2024-02-05,5.49,bottom_area,7.58,2024-02-05,5.49,0.0,10.382513661202173,27.572559366754618,27.572559366754618,False,1
002777,久远银海,2024-02-05,15.3,bottom_area,21.1,2024-02-05,15.3,0.0,11.111111111111107,27.488151658767773,27.488151658767773,False,1
002927,泰永长征,2024-02-05,9.28,bottom_area,13.38,2024-02-05,9.28,0.0,10.775862068965518,30.642750373692085,30.642750373692085,False,1
002799,环球印务,2024-02-05,6.4,bottom_area,9.43,2024-02-05,6.4,0.0,10.781249999999993,32.13149522799576,32.13149522799576,False,1
300158,振东制药,2024-02-05,3.83,bottom_area,5.35,2024-02-05,3.72,2.9569892473118244,13.709677419354843,30.467289719626162,28.411214953271024,False,1
300115,长盈精密,2024-02-05,7.2,bottom_area,10.05,2024-02-05,6.93,3.896103896103903,14.862914862914867,31.044776119402997,28.358208955223883,False,2
002112,三变科技,2024-02-05,6.77,bottom_area,9.35,2024-02-05,6.77,0.0,10.782865583456433,27.593582887700535,27.593582887700535,False,1
000965,天保基建,2024-02-05,2.47,bottom_area,3.45,2024-02-05,2.47,0.0,10.121457489878543,28.405797101449277,28.405797101449277,False,1
002876,三利谱,2024-02-05,18.99,bottom_area,28.06,2024-02-05,18.99,0.0,10.321221695629285,32.323592302209555,32.323592302209555,False,1
002177,御银股份,2024-02-05,2.88,bottom_area,4.16,2024-02-05,2.88,0.0,10.763888888888891,30.769230769230777,30.769230769230777,False,1
002637,赞宇科技,2024-02-05,7.38,bottom_area,10.37,2024-02-05,7.38,0.0,10.569105691056913,28.83317261330761,28.83317261330761,False,1
600192,长城电工,2024-02-05,3.81,bottom_area,5.59,2024-02-05,3.81,0.0,10.761154855643037,31.84257602862254,31.84257602862254,False,1
000833,粤桂股份,2024-02-05,4.29,bottom_area,5.92,2024-02-05,4.29,0.0,10.95571095571095,27.533783783783782,27.533783783783782,False,1
000158,常山北明,2024-02-05,6.35,bottom_area,9.45,2024-02-05,6.35,0.0,10.551181102362204,32.804232804232804,32.804232804232804,False,1
000892,欢瑞世纪,2024-02-05,2.74,bottom_area,3.77,2024-02-05,2.74,0.0,9.85401459854013,27.3209549071618,27.3209549071618,False,2
300358,楚天科技,2024-02-05,7.21,bottom_area,9.57,2024-02-05,6.91,4.341534008683065,11.143270622286535,27.79519331243469,24.66039707419018,False,2
600439,瑞贝卡,2024-02-05,1.97,bottom_area,2.82,2024-02-05,1.97,0.0,10.15228426395939,30.141843971631204,30.141843971631204,False,1
002425,凯撒文化,2024-02-05,2.92,bottom_area,4.32,2024-02-05,2.92,0.0,11.3013698630137,32.40740740740741,32.40740740740741,False,1
600493,凤竹纺织,2024-02-05,5.0,bottom_area,6.9,2024-02-05,5.0,0.0,9.600000000000009,27.536231884057976,27.536231884057976,False,1
600769,祥龙电业,2024-02-05,5.87,bottom_area,8.23,2024-02-05,5.87,0.0,8.177172061328783,28.675577156743625,28.675577156743625,False,1
300143,盈康生命,2024-02-05,6.75,bottom_area,9.18,2024-02-05,6.51,3.6866359447004644,13.517665130568354,29.08496732026144,26.47058823529412,False,1
002052,同洲电子,2024-02-05,1.84,bottom_area,2.58,2024-02-05,1.84,0.0,0.0,28.68217054263566,28.68217054263566,False,1
300939,秋田微,2024-02-05,20.71,confirmed_rebound,29.49,2024-02-05,20.02,3.4465534465534535,20.42957042957043,32.11258053577484,29.772804340454385,False,1
600545,卓郎智能,2024-02-05,1.83,bottom_area,2.56,2024-02-05,1.83,0.0,10.382513661202182,28.515625,28.515625,False,1
300239,东宝生物,2024-02-05,3.91,bottom_area,5.61,2024-02-05,3.77,3.713527851458889,16.97612732095491,32.79857397504456,30.303030303030305,False,1
688185,康希诺,2024-02-05,46.06,bottom_area,60.4,2024-02-05,44.02,4.634257155838253,13.38028169014083,27.119205298013238,23.741721854304632,False,1
002049,紫光国微,2024-02-05,48.41,bottom_area,68.08,2024-02-05,46.3,4.557235421166306,8.207343412527008,31.991774383078734,28.892479435957704,False,1
