rank,rank_score,probability_score,code,name,current_stage,latest_date,latest_close,current_top_date,current_top_price,current_low_date,current_low_price,current_low_to_latest_pct,current_low_to_high_pct,current_drawdown_pct,close_drawdown_pct,current_is_bottom_confirmed,latest_pct_chg,latest_turn,historical_valid_event_count,history_sample_count,history_success_count,history_success_rate_pct,history_avg_rebound_pct,history_max_rebound_pct,history_success_dates,upside_to_20pct_target_pct,risk_back_to_low_pct,reason
1,97.2223255251308,83.38769882929334,688155,先惠技术,bottom_area,2026-06-10,75.5,2026-05-21,102.04,2026-06-10,74.33,1.5740616171128774,5.986815552266922,27.156017248137992,26.009408075264606,False,-2.580645161290318,1.8190231192505224,3,3,3,100.0,31.379351162960756,38.11460912628228,2021-01-13; 2022-04-27; 2024-01-24,18.425938382887125,1.5740616171128774,历史3/3次成功; 当前距低点1.57%; 最新日涨幅-2.58%; 状态bottom_area; 底部未确认
2,95.46661467878087,81.86857998885174,603086,先达股份,bottom_area,2026-06-10,5.84,2026-04-21,7.9,2026-06-08,5.75,1.5652173913043455,4.695652173913036,27.21518987341772,26.07594936708861,False,-0.17094017094017033,1.2339095058356164,2,2,2,100.0,39.770299145299134,56.97115384615385,2020-06-23; 2025-01-24,18.434782608695656,1.5652173913043455,历史2/2次成功; 当前距低点1.57%; 最新日涨幅-0.17%; 状态bottom_area; 底部未确认
3,91.91889168708607,77.8746233097231,605005,合兴股份,bottom_area,2026-06-10,15.67,2026-04-10,21.78,2026-06-10,15.53,0.9014810045074086,2.44687701223439,28.69605142332416,28.053259871441693,False,-1.3224181360201537,0.3676059850374065,2,2,2,100.0,63.943952110840584,96.96521095484826,2021-03-26; 2025-04-09,19.09851899549259,0.9014810045074086,历史2/2次成功; 当前距低点0.90%; 最新日涨幅-1.32%; 状态bottom_area; 底部未确认
4,91.47175558086508,78.13873815856745,688317,之江生物,bottom_area,2026-06-10,17.23,2026-05-27,24.5,2026-06-10,17.0,1.3529411764705908,5.000000000000009,30.612244897959183,29.6734693877551,False,-1.655251141552505,1.8279227808332374,3,4,3,75.0,37.948623875916084,40.461049284578706,2021-01-20; 2022-04-28; 2024-02-06,18.64705882352941,1.3529411764705908,历史3/4次成功; 当前距低点1.35%; 最新日涨幅-1.66%; 状态bottom_area; 底部未确认
5,91.10171647673498,77.92715656924672,605158,华达新材,bottom_area,2026-06-10,6.4,2026-05-14,9.04,2026-06-08,6.31,1.4263074484944651,5.863708399366088,30.199115044247787,29.20353982300884,False,-1.9908116385911168,0.6762543506315748,3,4,3,75.0,37.710416945237164,50.9433962264151,2022-04-27; 2024-02-07; 2025-04-09,18.573692551505534,1.4263074484944651,历史3/4次成功; 当前距低点1.43%; 最新日涨幅-1.99%; 状态bottom_area; 底部未确认
6,91.09764363688049,80.99503688556295,001338,永顺泰,bottom_area,2026-06-10,10.23,2026-05-06,13.72,2026-06-09,9.88,3.542510121457486,7.085020242914972,27.98833819241982,25.437317784256557,True,2.505010020040088,1.8132832068492908,2,2,2,100.0,27.64494603487102,31.442663378545017,2022-12-09; 2024-02-06,16.457489878542514,3.542510121457486,历史2/2次成功; 当前距低点3.54%; 最新日涨幅2.51%; 状态bottom_area; 底部已确认
7,89.34187408627977,76.37401990552478,301439,泓淋电力,bottom_area,2026-06-10,17.48,2026-06-02,25.35,2026-06-10,17.24,1.3921113689095246,4.5243619489559235,31.992110453648927,31.04536489151874,False,-4.061470911086706,9.591922441557406,1,1,1,100.0,34.98942917547567,34.98942917547567,2024-02-06,18.60788863109048,1.3921113689095246,历史1/1次成功; 当前距低点1.39%; 最新日涨幅-4.06%; 状态bottom_area; 底部未确认
8,88.88481988204144,77.4276241468048,688349,三一重能,bottom_area,2026-06-10,17.76,2026-04-23,25.88,2026-06-10,17.34,2.4221453287197328,2.883506343713956,32.9984544049459,31.375579598145276,False,-0.615556799104644,0.6107268919998019,2,2,2,100.0,26.398470410138575,28.790581519800213,2022-10-28; 2024-10-16,17.577854671280267,2.4221453287197328,历史2/2次成功; 当前距低点2.42%; 最新日涨幅-0.62%; 状态bottom_area; 底部未确认
9,88.62248096496648,76.68122627441338,603613,国联股份,bottom_area,2026-06-10,20.87,2026-05-11,29.09,2026-06-10,20.45,2.053789731051353,3.6674816625916873,29.700928154004814,28.25713303540735,False,-2.202436738519209,1.569397164704663,4,5,4,80.0,27.870251941991754,31.835457187569872,2022-05-26; 2022-11-30; 2023-06-01; 2025-04-09,17.946210268948647,2.053789731051353,历史4/5次成功; 当前距低点2.05%; 最新日涨幅-2.20%; 状态bottom_area; 底部未确认
10,88.43785164074622,75.33241593513475,301616,浙江华业,bottom_area,2026-06-10,36.34,2026-04-20,52.37,2026-06-10,35.91,1.197438039543322,5.569479253689781,31.43020813442811,30.60912736299407,False,-4.569327731092421,2.610045904985285,1,1,1,100.0,27.003089598352215,27.003089598352215,2025-04-01,18.80256196045668,1.197438039543322,历史1/1次成功; 当前距低点1.20%; 最新日涨幅-4.57%; 状态bottom_area; 底部未确认
11,88.36419563153866,74.78263471085296,002959,小熊电器,bottom_area,2026-06-10,34.7,2026-03-26,47.25,2026-06-10,34.41,0.8427782621331191,2.0052310374891165,27.174603174603178,26.560846560846556,False,-0.2873563218390607,0.40486718630276314,4,5,4,80.0,42.6568233791208,54.51934124856377,2020-02-04; 2020-06-12; 2021-07-30; 2024-09-18,19.15722173786688,0.8427782621331191,历史4/5次成功; 当前距低点0.84%; 最新日涨幅-0.29%; 状态bottom_area; 底部未确认
12,88.17577500956534,74.17450777018657,001206,依依股份,bottom_area,2026-06-10,15.66,2026-04-16,21.94,2026-06-10,15.58,0.5134788189987168,1.7329910141206648,28.988149498632637,28.62351868732908,False,-0.8860759493670933,1.6728660755693747,1,1,1,100.0,42.01741654571844,42.01741654571844,2025-04-09,19.486521181001283,0.5134788189987168,历史1/1次成功; 当前距低点0.51%; 最新日涨幅-0.89%; 状态bottom_area; 底部未确认
13,87.92985381990127,74.63870840324387,603122,合富中国,bottom_area,2026-06-10,12.04,2026-05-11,16.4,2026-06-10,11.92,1.0067114093959666,3.020134228187915,27.317073170731703,26.585365853658537,False,-1.1494252873563315,1.9936560287108713,2,3,2,66.66666666666666,49.609375,72.1590909090909,2022-03-16; 2022-04-13,18.993288590604035,1.0067114093959666,历史2/3次成功; 当前距低点1.01%; 最新日涨幅-1.15%; 状态bottom_area; 底部未确认
14,87.22359377841138,74.64121716978968,002519,银河电子,bottom_area,2026-06-10,6.3,2026-05-08,9.11,2026-06-10,6.21,1.4492753623188384,4.669887278582931,31.833150384193193,30.845225027442368,False,-1.869158878504673,2.679391427172151,5,7,5,71.42857142857143,28.063713495496533,43.16109422492401,2015-07-29; 2015-09-07; 2020-02-04; 2022-06-14; 2025-04-09,18.550724637681164,1.4492753623188384,历史5/7次成功; 当前距低点1.45%; 最新日涨幅-1.87%; 状态bottom_area; 底部未确认
15,86.9799871552984,75.11907981593954,002242,九阳股份,bottom_area,2026-06-10,8.36,2026-05-11,11.44,2026-06-10,8.2,1.9512195121951237,2.4390243902439157,28.321678321678323,26.923076923076927,False,1.0882708585247869,0.9617746493001696,2,3,2,66.66666666666666,41.296739984289076,58.526315789473685,2013-06-25; 2015-07-09,18.048780487804876,1.9512195121951237,历史2/3次成功; 当前距低点1.95%; 最新日涨幅1.09%; 状态bottom_area; 底部未确认
16,85.95106785102354,74.71909992657683,601800,中国交建,bottom_area,2026-06-10,6.2,2026-03-13,8.55,2026-06-09,6.06,2.31023102310232,2.640264026402643,29.122807017543874,27.485380116959067,False,0.8130081300812941,0.33457908334425057,2,3,2,66.66666666666666,43.54709673431968,49.64925954793452,2015-07-03; 2024-01-23,17.68976897689768,2.31023102310232,历史2/3次成功; 当前距低点2.31%; 最新日涨幅0.81%; 状态bottom_area; 底部未确认
17,84.91914249000533,71.551447002174,002252,上海莱士,bottom_area,2026-06-10,5.01,2025-08-26,7.26,2026-06-10,4.98,0.6024096385542039,2.0080321285140488,31.40495867768594,30.991735537190085,False,-0.9881422924901129,0.6492538474528354,1,1,1,100.0,29.005059021922442,29.005059021922442,2024-02-05,19.397590361445797,0.6024096385542039,历史1/1次成功; 当前距低点0.60%; 最新日涨幅-0.99%; 状态bottom_area; 底部未确认
18,84.89432427720098,73.96001547017879,688566,吉贝尔,bottom_area,2026-06-10,23.62,2026-04-03,33.6,2026-06-10,23.06,2.4284475281873474,2.688638334778842,31.369047619047624,29.702380952380953,False,-0.33755274261603185,0.3799310969044533,1,1,1,100.0,24.499332443257664,24.499332443257664,2022-04-27,17.571552471812655,2.4284475281873474,历史1/1次成功; 当前距低点2.43%; 最新日涨幅-0.34%; 状态bottom_area; 底部未确认
19,84.26612505228987,72.69489621195407,603230,内蒙新华,bottom_area,2026-06-10,9.7,2026-04-10,13.4,2026-06-08,9.52,1.8907563025210055,3.4663865546218497,28.95522388059702,27.61194029850747,False,0.5181347150258864,0.33791294303356534,2,3,2,66.66666666666666,27.522332876533863,31.521142229544196,2022-01-07; 2022-04-27,18.109243697479,1.8907563025210055,历史2/3次成功; 当前距低点1.89%; 最新日涨幅0.52%; 状态bottom_area; 底部未确认
20,84.17379301197782,72.65816009177237,301325,曼恩斯特,bottom_area,2026-06-10,38.69,2026-05-29,52.31,2026-06-10,37.96,1.923076923076915,10.405690200210737,27.43261326706175,26.037086599120634,False,-8.295804693055231,3.5687009607039535,1,1,1,100.0,21.520298260149133,21.520298260149133,2024-11-19,18.076923076923084,1.923076923076915,历史1/1次成功; 当前距低点1.92%; 最新日涨幅-8.30%; 状态bottom_area; 底部未确认
21,83.5033417174668,71.58815985659027,002537,海联金汇,bottom_area,2026-06-10,5.9,2026-04-10,8.2,2026-06-10,5.81,1.5490533562822848,2.4096385542168774,29.146341463414632,28.04878048780487,False,-0.16920473773265332,1.5661310015925023,7,11,7,63.63636363636363,29.755628835802867,39.33649289099527,2016-03-01; 2019-06-06; 2019-10-24; 2020-02-04; 2022-03-09; 2024-02-06; 2025-01-13,18.450946643717717,1.5490533562822848,历史7/11次成功; 当前距低点1.55%; 最新日涨幅-0.17%; 状态bottom_area; 底部未确认
22,83.32395992203959,70.53247683501202,603890,春秋电子,bottom_area,2026-06-10,23.6,2026-06-03,32.58,2026-06-10,23.4,0.854700854700867,8.67521367521368,28.176795580110497,27.56292203806015,False,-7.196224931183637,18.406055098246725,4,5,4,80.0,30.167713891021446,36.76748582230624,2018-02-07; 2020-12-28; 2022-04-28; 2025-01-13,19.145299145299134,0.854700854700867,历史4/5次成功; 当前距低点0.85%; 最新日涨幅-7.20%; 状态bottom_area; 底部未确认
23,83.25989006425365,75.51678111676794,603062,麦加芯彩,bottom_area,2026-06-10,42.21,2026-05-08,58.5,2026-06-08,40.34,4.635597421913727,6.569162121963308,31.042735042735035,27.846153846153843,False,2.7257240204429323,2.9517358481073144,1,1,1,100.0,37.45130773511408,37.45130773511408,2024-02-06,15.364402578086276,4.635597421913727,历史1/1次成功; 当前距低点4.64%; 最新日涨幅2.73%; 状态bottom_area; 底部未确认
24,82.75243787497747,73.83117133826987,002388,新亚制程,bottom_area,2026-06-10,5.28,2026-05-27,6.99,2026-06-05,5.09,3.7328094302554105,11.00196463654225,27.181688125894137,24.46351931330472,True,-3.119266055045866,6.279355218579894,7,9,7,77.77777777777779,38.96522792907397,77.99607072691553,2014-12-30; 2018-06-29; 2019-05-08; 2019-05-27; 2020-02-04; 2021-02-08; 2022-04-27,16.267190569744592,3.7328094302554105,历史7/9次成功; 当前距低点3.73%; 最新日涨幅-3.12%; 状态bottom_area; 底部已确认
25,82.68519240072948,70.50337256391313,000930,中粮科技,bottom_area,2026-06-10,4.85,2026-04-13,7.03,2026-06-10,4.79,1.2526096033402843,1.670146137787058,31.863442389758177,31.009957325746807,False,0.41407867494822614,0.7005313187148019,5,10,5,50.0,27.36194870714509,40.599769319492495,2004-09-13; 2008-04-03; 2015-05-08; 2015-06-23; 2015-08-04,18.747390396659718,1.2526096033402843,历史5/10次成功; 当前距低点1.25%; 最新日涨幅0.41%; 状态bottom_area; 底部未确认
26,82.67685617016164,71.41522459881071,603105,芯能科技,bottom_area,2026-06-10,7.8,2026-05-14,10.68,2026-06-10,7.65,1.9607843137254832,5.359477124183008,28.37078651685393,26.96629213483146,False,-3.345724907063208,2.3861264985699147,4,6,4,66.66666666666666,37.52229122278574,51.81159420289858,2018-08-08; 2020-02-04; 2020-03-17; 2026-04-07,18.039215686274517,1.9607843137254832,历史4/6次成功; 当前距低点1.96%; 最新日涨幅-3.35%; 状态bottom_area; 底部未确认
27,82.41710371086631,70.15443071515648,000919,金陵药业,bottom_area,2026-06-10,6.11,2026-04-16,8.83,2026-06-10,6.04,1.1589403973509982,1.4900662251655605,31.596828992072478,30.804077010192522,False,0.49342105263159297,1.2582050090631358,7,14,7,50.0,24.33771409202549,31.2267657992565,2008-03-18; 2013-06-25; 2015-06-30; 2015-08-25; 2022-04-27; 2022-12-29; 2024-02-06,18.841059602649,1.1589403973509982,历史7/14次成功; 当前距低点1.16%; 最新日涨幅0.49%; 状态bottom_area; 底部未确认
28,82.39062461255726,71.30209956925097,605055,迎丰股份,bottom_area,2026-06-10,10.88,2026-05-28,15.38,2026-06-10,10.66,2.0637898686679232,4.971857410881795,30.689206762028608,29.258777633289984,False,0.18416206261511192,1.2832045454545455,2,3,2,66.66666666666666,22.1552355007912,24.200278164116817,2021-03-09; 2022-02-07,17.93621013133208,2.0637898686679232,历史2/3次成功; 当前距低点2.06%; 最新日涨幅0.18%; 状态bottom_area; 底部未确认
29,82.11942124620803,73.69564744190197,301602,超研股份,bottom_area,2026-06-10,14.89,2026-03-31,20.79,2026-06-10,14.31,4.053109713487072,4.612159329140462,31.16883116883116,28.379028379028377,False,0.4045853000674393,1.4263350772245385,1,1,1,100.0,20.520094562647756,20.520094562647756,2025-12-17,15.94689028651293,4.053109713487072,历史1/1次成功; 当前距低点4.05%; 最新日涨幅0.40%; 状态bottom_area; 底部未确认
30,81.65254566597532,70.00377985503383,603178,圣龙股份,bottom_area,2026-06-10,16.37,2026-05-20,24.0,2026-06-10,16.12,1.5508684863523572,4.83870967741934,32.83333333333333,31.791666666666664,False,-2.6753864447086717,2.7745219896848137,7,12,7,58.333333333333336,32.7496057558273,47.51869476546566,2019-01-31; 2021-02-04; 2023-11-27; 2023-12-08; 2025-01-08; 2025-04-09; 2026-04-27,18.449131513647643,1.5508684863523572,历史7/12次成功; 当前距低点1.55%; 最新日涨幅-2.68%; 状态bottom_area; 底部未确认
31,81.27631291691985,69.2487438267977,688251,井松智能,bottom_area,2026-06-10,23.41,2026-05-08,32.99,2026-06-10,23.13,1.2105490704712543,5.663640293990499,29.887844801454992,29.039102758411644,False,-2.863070539419088,2.499917400595771,2,4,2,50.0,42.57417047028053,45.35104364326376,2025-01-06; 2025-04-07,18.789450929528748,1.2105490704712543,历史2/4次成功; 当前距低点1.21%; 最新日涨幅-2.86%; 状态bottom_area; 底部未确认
32,81.09601587790046,70.61112493616035,603758,秦安股份,bottom_area,2026-06-10,10.25,2026-05-11,13.77,2026-06-10,10.01,2.3976023976024,5.5944055944055995,27.30573710965868,25.562817719680464,False,-2.9356060606060663,0.9534477388150112,4,6,4,66.66666666666666,28.33866524745786,46.304675716440414,2018-06-22; 2022-07-06; 2024-02-06; 2025-04-09,17.602397602397602,2.3976023976024,历史4/6次成功; 当前距低点2.40%; 最新日涨幅-2.94%; 状态bottom_area; 底部未确认
33,80.60948633289158,69.69993179159798,603759,海天股份,bottom_area,2026-06-10,7.59,2026-03-31,10.36,2026-06-10,7.44,2.016129032258057,2.9569892473118244,28.185328185328178,26.737451737451735,False,-1.171875,0.822873354123354,2,3,2,66.66666666666666,35.430318916557454,39.90825688073395,2024-02-06; 2025-01-13,17.983870967741943,2.016129032258057,历史2/3次成功; 当前距低点2.02%; 最新日涨幅-1.17%; 状态bottom_area; 底部未确认
34,80.46779815279939,71.85794017306534,600602,云赛智联,bottom_area,2026-06-10,17.56,2026-05-14,24.24,2026-06-08,16.92,3.7825059101654666,7.742316784869968,30.198019801980188,27.557755775577558,True,1.0356731875719172,2.955265034494023,11,19,11,57.89473684210527,39.357390864915004,104.50751252086809,1991-05-17; 1992-06-03; 1992-10-07; 1992-12-10; 1993-03-10; 1994-08-10; 1999-12-23; 2005-07-21; 2008-06-20; 2015-09-02; 2025-01-13,16.217494089834535,3.7825059101654666,历史11/19次成功; 当前距低点3.78%; 最新日涨幅1.04%; 状态bottom_area; 底部已确认
35,80.43950741985228,68.74971482042089,601969,海南矿业,bottom_area,2026-06-10,8.81,2026-04-30,12.75,2026-06-10,8.69,1.3808975834292405,2.6467203682393605,31.843137254901965,30.90196078431372,False,-1.4541387024608388,0.7751828483386606,6,11,6,54.54545454545454,32.13087703667406,52.7415143603133,2015-06-30; 2015-07-06; 2015-08-26; 2018-10-19; 2022-04-26; 2024-02-06,18.619102416570758,1.3808975834292405,历史6/11次成功; 当前距低点1.38%; 最新日涨幅-1.45%; 状态bottom_area; 底部未确认
36,80.22425468667572,68.3283141250205,002879,长缆科技,bottom_area,2026-06-10,14.44,2026-05-13,19.89,2026-06-10,14.27,1.1913104414856337,4.274702172389637,28.255404725992967,27.40070387129211,False,-3.152246814218651,3.1474431004441263,2,3,2,66.66666666666666,28.160404650220833,28.340444644060174,2017-08-11; 2018-01-16,18.80868955851437,1.1913104414856337,历史2/3次成功; 当前距低点1.19%; 最新日涨幅-3.15%; 状态bottom_area; 底部未确认
37,79.9435436510665,69.08369441265666,300141,和顺电气,bottom_area,2026-06-10,10.28,2026-05-20,13.85,2026-06-10,10.08,1.984126984126977,4.9603174603174605,27.220216606498195,25.77617328519856,False,-3.2015065913371,2.1454424479363032,9,14,9,64.28571428571429,30.432048813566137,45.07299270072992,2012-12-04; 2015-06-30; 2018-10-19; 2020-02-04; 2021-01-14; 2022-04-27; 2024-06-06; 2025-04-07; 2025-10-23,18.015873015873023,1.984126984126977,历史9/14次成功; 当前距低点1.98%; 最新日涨幅-3.20%; 状态bottom_area; 底部未确认
38,79.40440843240809,67.84922716755356,688580,伟思医疗,bottom_area,2026-06-10,48.9,2026-05-11,66.5,2026-06-10,48.24,1.3681592039800925,3.834991708126039,27.458646616541348,26.466165413533837,False,-2.3367285799880233,1.1247628602523039,2,4,2,50.0,36.98188254101169,52.645935624659046,2024-02-06; 2024-10-16,18.631840796019908,1.3681592039800925,历史2/4次成功; 当前距低点1.37%; 最新日涨幅-2.34%; 状态bottom_area; 底部未确认
39,79.28670396074318,68.10240633499589,002408,齐翔腾达,bottom_area,2026-06-10,4.92,2026-04-30,6.79,2026-06-10,4.84,1.6528925619834725,2.6859504132231384,28.71870397643594,27.540500736377027,False,-0.4048582995951455,0.9083940382870014,5,9,5,55.55555555555556,29.7963036958565,50.143678160919535,2012-06-26; 2015-06-30; 2020-09-28; 2021-02-08; 2022-04-27,18.34710743801653,1.6528925619834725,历史5/9次成功; 当前距低点1.65%; 最新日涨幅-0.40%; 状态bottom_area; 底部未确认
40,78.93368764544125,69.46423949734395,603668,天马科技,bottom_area,2026-06-10,10.71,2026-04-23,14.61,2026-06-09,10.4,2.9807692307692353,5.288461538461528,28.815879534565358,26.69404517453798,False,1.0377358490566202,0.89243362652795,4,7,4,57.14285714285714,27.48291352110962,30.718414533443443,2017-04-19; 2020-02-04; 2024-04-16; 2024-06-14,17.019230769230763,2.9807692307692353,历史4/7次成功; 当前距低点2.98%; 最新日涨幅1.04%; 状态bottom_area; 底部未确认
41,78.91851926610751,67.07360588620348,600227,赤天化,bottom_area,2026-06-10,2.82,2026-05-11,4.05,2026-06-10,2.79,1.0752688172042941,7.526881720430106,31.111111111111107,30.37037037037037,False,-1.0526315789473717,5.817236508621483,8,16,8,50.0,29.22160639478099,44.72049689440993,2001-10-22; 2008-03-18; 2015-01-14; 2015-07-16; 2018-10-19; 2019-08-06; 2024-04-22; 2026-03-24,18.924731182795707,1.0752688172042941,历史8/16次成功; 当前距低点1.08%; 最新日涨幅-1.05%; 状态bottom_area; 底部未确认
42,78.64475146636624,67.62310908183933,301063,海锅股份,bottom_area,2026-06-10,19.02,2026-04-20,26.24,2026-06-10,18.7,1.7112299465240657,3.155080213903743,28.734756097560975,27.515243902439025,False,-0.7824726134585402,1.7621805445136978,2,3,2,66.66666666666666,20.52713275939531,20.8467556373677,2021-09-28; 2025-03-31,18.288770053475936,1.7112299465240657,历史2/3次成功; 当前距低点1.71%; 最新日涨幅-0.78%; 状态bottom_area; 底部未确认
43,78.25490075950029,67.88632529458516,603300,海南华铁,bottom_area,2026-06-10,5.12,2026-04-20,7.22,2026-06-09,5.01,2.1956087824351362,4.191616766467066,30.60941828254848,29.08587257617728,False,0.0,1.80729800180568,4,9,4,44.44444444444444,36.88818391089332,61.26900198281559,2015-07-09; 2015-08-25; 2016-12-13; 2025-04-09,17.804391217564863,2.1956087824351362,历史4/9次成功; 当前距低点2.20%; 最新日涨幅0.00%; 状态bottom_area; 底部未确认
44,78.21845560477243,67.3433199159401,603123,翠微股份,bottom_area,2026-06-10,9.14,2026-04-13,13.39,2026-06-10,8.98,1.7817371937639215,3.1180400890868527,32.935026138909635,31.74010455563854,False,0.3293084522502765,2.101549364745303,5,12,5,41.66666666666667,34.91405403793104,45.93749999999999,2012-12-04; 2014-01-10; 2020-02-04; 2024-09-18; 2025-04-09,18.21826280623608,1.7817371937639215,历史5/12次成功; 当前距低点1.78%; 最新日涨幅0.33%; 状态bottom_area; 底部未确认
45,78.15446428530375,67.75888318437799,301062,上海艾录,bottom_area,2026-06-10,6.14,2026-05-11,8.45,2026-06-10,6.01,2.1630615640598987,5.32445923460899,28.87573964497041,27.337278106508872,False,-2.5396825396825418,2.2217866472894294,3,6,3,50.0,46.24012661523953,91.6354556803995,2021-09-17; 2021-09-29; 2024-09-10,17.8369384359401,2.1630615640598987,历史3/6次成功; 当前距低点2.16%; 最新日涨幅-2.54%; 状态bottom_area; 底部未确认
46,77.85157106073936,66.47044041919666,600199,金种子酒,bottom_area,2026-06-10,6.88,2026-05-27,9.4,2026-06-09,6.79,1.3254786450662719,4.27098674521355,27.765957446808514,26.80851063829788,False,0.0,1.5523943029993947,7,17,7,41.17647058823529,25.690398295101822,33.667781493868446,2003-11-07; 2007-07-17; 2013-10-29; 2015-08-26; 2020-12-03; 2022-03-29; 2023-05-17,18.67452135493373,1.3254786450662719,历史7/17次成功; 当前距低点1.33%; 最新日涨幅0.00%; 状态bottom_area; 底部未确认
47,77.73529105183135,66.4481996110502,002423,中粮资本,bottom_area,2026-06-10,8.76,2026-03-19,11.99,2026-06-08,8.64,1.3888888888888797,4.050925925925922,27.939949958298577,26.93911592994162,False,0.4587155963302614,0.4333568692190489,3,8,3,37.5,34.313797192025966,50.0,2015-06-30; 2016-03-01; 2024-02-06,18.61111111111112,1.3888888888888797,历史3/8次成功; 当前距低点1.39%; 最新日涨幅0.46%; 状态bottom_area; 底部未确认
48,77.7099560235828,66.61093976447118,002579,中京电子,bottom_area,2026-06-10,15.82,2026-06-03,21.88,2026-06-10,15.58,1.5404364569961502,10.975609756097555,28.79341864716636,27.696526508226686,False,-5.495818399044195,22.309657527161242,2,4,2,50.0,42.65126283022806,58.76494023904383,2012-12-04; 2019-05-10,18.459563543003853,1.5404364569961502,历史2/4次成功; 当前距低点1.54%; 最新日涨幅-5.50%; 状态bottom_area; 底部未确认
49,77.67848478006236,68.3398921832884,301027,华蓝集团,bottom_area,2026-06-10,19.1,2026-05-14,25.77,2026-06-08,18.55,2.9649595687331574,7.277628032345001,28.01707411719053,25.882809468374074,True,-2.051282051282044,3.193937568930911,3,6,3,50.0,53.94333033873914,77.33537519142419,2024-06-06; 2024-06-26; 2024-09-18,17.035040431266843,2.9649595687331574,历史3/6次成功; 当前距低点2.96%; 最新日涨幅-2.05%; 状态bottom_area; 底部已确认
50,77.67588156643382,67.01271041581,002686,亿利达,bottom_area,2026-06-10,5.92,2026-05-13,8.25,2026-06-10,5.81,1.8932874354561158,5.335628227194501,29.57575757575758,28.242424242424242,False,-3.7398373983739908,1.906800997768621,2,4,2,50.0,49.136590154032014,75.68181818181817,2018-02-09; 2022-04-28,18.106712564543887,1.8932874354561158,历史2/4次成功; 当前距低点1.89%; 最新日涨幅-3.74%; 状态bottom_area; 底部未确认
51,77.44127551218702,66.93700460829494,300933,中辰股份,bottom_area,2026-06-10,6.64,2026-05-18,9.16,2026-06-10,6.51,1.996927803379415,5.837173579109062,28.930131004366817,27.51091703056769,False,-3.488372093023262,1.842291148552388,2,4,2,50.0,60.565909290545484,99.89795918367346,2021-01-27; 2024-01-24,18.003072196620586,1.996927803379415,历史2/4次成功; 当前距低点2.00%; 最新日涨幅-3.49%; 状态bottom_area; 底部未确认
52,77.39124129403967,69.1701936840501,300261,雅本化学,bottom_area,2026-06-10,4.88,2026-04-02,6.58,2026-06-09,4.7,3.8297872340425467,5.319148936170213,28.57142857142857,25.835866261398177,False,1.455301455301461,1.0459674699603836,9,16,9,56.25,38.24386332079092,81.5282392026578,2015-08-26; 2016-03-01; 2016-06-15; 2020-02-04; 2020-09-11; 2022-01-07; 2022-04-27; 2022-06-02; 2024-02-05,16.170212765957455,3.8297872340425467,历史9/16次成功; 当前距低点3.83%; 最新日涨幅1.46%; 状态bottom_area; 底部未确认
53,77.19813652894834,66.70427219127356,002104,恒宝股份,bottom_area,2026-06-10,11.34,2026-05-06,15.65,2026-06-08,11.12,1.978417266187056,6.834532374100734,28.945686900958474,27.539936102236425,False,0.08826125330978485,3.662004560731734,8,18,8,44.44444444444444,27.870712081015792,43.85245901639344,2009-08-19; 2016-01-14; 2018-10-19; 2019-05-08; 2020-02-04; 2021-02-04; 2022-04-27; 2024-02-06,18.021582733812945,1.978417266187056,历史8/18次成功; 当前距低点1.98%; 最新日涨幅0.09%; 状态bottom_area; 底部未确认
54,77.03091077516434,67.02539127126887,600452,涪陵电力,bottom_area,2026-06-10,10.41,2026-05-28,14.08,2026-06-10,10.17,2.359882005899707,6.1946902654867335,27.769886363636363,26.065340909090907,False,-4.670329670329664,3.251587600279727,7,12,7,58.333333333333336,36.8687575881014,79.2298716452742,2005-04-01; 2005-07-18; 2008-04-22; 2008-08-18; 2014-05-09; 2015-06-30; 2016-03-14,17.640117994100294,2.359882005899707,历史7/12次成功; 当前距低点2.36%; 最新日涨幅-4.67%; 状态bottom_area; 底部未确认
55,76.84000846022961,65.45947268605306,688015,交控科技,bottom_area,2026-06-10,16.83,2026-04-27,23.28,2026-06-08,16.63,1.2026458208057684,5.65243535778714,28.56529209621994,27.706185567010323,False,-1.6939252336448773,0.48817922805268327,2,4,2,50.0,22.104866438119394,23.111997720148185,2019-08-12; 2021-01-08,18.797354179194233,1.2026458208057684,历史2/4次成功; 当前距低点1.20%; 最新日涨幅-1.69%; 状态bottom_area; 底部未确认
56,76.83139521915996,66.7967676767677,600429,三元股份,bottom_area,2026-06-10,4.42,2026-04-30,6.11,2026-06-09,4.32,2.3148148148148064,3.009259259259257,29.296235679214398,27.65957446808511,False,0.4545454545454408,0.7237585201236013,4,11,4,36.36363636363637,66.24257752712204,150.82508250825083,2006-06-14; 2008-04-23; 2008-09-16; 2021-02-08,17.685185185185194,2.3148148148148064,历史4/11次成功; 当前距低点2.31%; 最新日涨幅0.45%; 状态bottom_area; 底部未确认
57,76.59617087947566,67.3633966248402,688670,金迪克,bottom_area,2026-06-10,15.03,2026-05-19,21.2,2026-06-10,14.6,2.945205479452053,4.863013698630143,31.132075471698112,29.103773584905664,False,-0.7265521796565477,1.1698863636363637,3,5,3,60.0,32.034758698875706,48.272552783109404,2022-08-02; 2022-10-12; 2025-11-21,17.054794520547947,2.945205479452053,历史3/5次成功; 当前距低点2.95%; 最新日涨幅-0.73%; 状态bottom_area; 底部未确认
58,76.34885585051948,68.25891085973595,002340,格林美,bottom_area,2026-06-10,7.02,2026-04-29,9.69,2026-06-08,6.76,3.8461538461538427,4.881656804733729,30.237358101135193,27.55417956656347,False,0.0,1.8458812956261788,4,7,4,57.14285714285714,31.610592475243443,42.337375964718845,2011-01-25; 2012-12-04; 2015-05-15; 2024-02-05,16.153846153846157,3.8461538461538427,历史4/7次成功; 当前距低点3.85%; 最新日涨幅0.00%; 状态bottom_area; 底部未确认
59,76.07112503385362,65.98294091903722,600615,鑫源智造,bottom_area,2026-06-10,9.34,2026-05-21,12.98,2026-06-10,9.14,2.1881838074398168,4.157549234135656,29.583975346687208,28.043143297380592,False,-1.3727560718057141,1.1654217269437601,11,25,11,44.0,66.65194781298148,272.25130890052355,1993-02-24; 1993-03-05; 1994-07-29; 1994-08-10; 1997-05-23; 2005-07-20; 2012-04-10; 2016-01-14; 2019-11-11; 2023-04-25; 2025-04-09,17.811816192560183,2.1881838074398168,历史11/25次成功; 当前距低点2.19%; 最新日涨幅-1.37%; 状态bottom_area; 底部未确认
60,76.0646591295924,66.1762534427454,600251,冠农股份,bottom_area,2026-06-10,9.57,2026-05-07,13.21,2026-06-08,9.35,2.352941176470595,4.5989304812834195,29.220287660862994,27.554882664647995,False,0.10460251046024993,0.7652315344459686,5,12,5,41.66666666666667,35.64135837866504,41.95979899497488,2011-01-25; 2013-06-25; 2015-06-30; 2015-07-07; 2022-04-27,17.647058823529406,2.352941176470595,历史5/12次成功; 当前距低点2.35%; 最新日涨幅0.10%; 状态bottom_area; 底部未确认
61,76.0335932661303,67.07928827336076,000422,湖北宜化,bottom_area,2026-06-10,12.9,2026-04-28,17.4,2026-06-09,12.51,3.1175059952038415,4.316546762589935,28.103448275862064,25.86206896551723,False,1.018010963195004,2.197452602793709,9,18,9,50.0,31.812913668954458,56.559513466550825,2005-02-01; 2005-06-03; 2007-06-05; 2008-02-01; 2008-09-18; 2012-12-04; 2017-06-02; 2019-08-07; 2021-11-09,16.882494004796158,3.1175059952038415,历史9/18次成功; 当前距低点3.12%; 最新日涨幅1.02%; 状态bottom_area; 底部未确认
62,75.98039534963755,64.69891469091162,600470,六国化工,bottom_area,2026-06-10,5.15,2026-04-30,7.19,2026-06-10,5.09,1.1787819253438212,3.929273084479375,29.207232267037558,28.372739916550767,False,-1.5296367112810683,2.9200345092024538,5,11,5,45.45454545454545,27.571804637170537,37.76908023483365,2008-03-18; 2008-04-22; 2008-09-18; 2015-06-30; 2023-06-26,18.82121807465618,1.1787819253438212,历史5/11次成功; 当前距低点1.18%; 最新日涨幅-1.53%; 状态bottom_area; 底部未确认
63,75.66942404390636,65.28418661895631,600877,电科芯片,bottom_area,2026-06-10,13.44,2026-05-11,18.14,2026-06-08,13.19,1.8953752843062925,5.610310841546628,27.287761852260207,25.90959206174201,False,-2.2545454545454535,1.1995089457205026,8,16,8,50.0,29.653990683734705,55.348837209302324,1996-12-18; 1997-07-08; 2005-07-19; 2008-04-22; 2008-09-18; 2009-08-19; 2015-09-08; 2022-04-27,18.10462471569371,1.8953752843062925,历史8/16次成功; 当前距低点1.90%; 最新日涨幅-2.25%; 状态bottom_area; 底部未确认
64,75.49603063323023,64.59197328708562,002840,华统股份,bottom_area,2026-06-10,7.76,2026-05-15,11.2,2026-06-10,7.65,1.4379084967320186,2.7450980392156854,31.696428571428566,30.71428571428571,False,-0.38510911424903815,1.7908744803411019,2,5,2,40.0,41.991422901261416,49.690082644628106,2020-02-04; 2024-09-18,18.562091503267983,1.4379084967320186,历史2/5次成功; 当前距低点1.44%; 最新日涨幅-0.39%; 状态bottom_area; 底部未确认
65,75.44258647309465,64.68017327214517,300736,百邦科技,bottom_area,2026-06-10,28.15,2026-05-19,40.88,2026-06-10,27.72,1.5512265512265504,3.1385281385281427,32.19178082191782,31.139921722113513,False,-2.931034482758621,4.532445923460898,3,7,3,42.857142857142854,37.66420020168355,39.179548156956,2019-01-31; 2020-02-04; 2021-02-08,18.44877344877345,1.5512265512265504,历史3/7次成功; 当前距低点1.55%; 最新日涨幅-2.93%; 状态bottom_area; 底部未确认
66,75.41237418443401,64.1357574839579,300287,飞利信,bottom_area,2026-06-10,3.64,2026-05-13,5.15,2026-06-10,3.6,1.111111111111112,5.277777777777777,30.09708737864078,29.320388349514566,False,-3.1914893617021156,1.9049748420427324,4,10,4,40.0,45.747800092963665,108.78787878787878,2014-03-12; 2019-02-01; 2021-02-04; 2024-10-11,18.88888888888889,1.111111111111112,历史4/10次成功; 当前距低点1.11%; 最新日涨幅-3.19%; 状态bottom_area; 底部未确认
67,75.38494490986662,65.14248028093567,603079,圣达生物,bottom_area,2026-06-10,12.86,2026-04-24,18.25,2026-06-10,12.61,1.9825535289452818,3.7272006344171347,30.904109589041102,29.534246575342472,False,-1.304681504221028,1.0185176842748263,4,8,4,50.0,29.960765198553307,39.7635135135135,2019-04-22; 2020-02-04; 2022-04-27; 2024-09-18,18.01744647105472,1.9825535289452818,历史4/8次成功; 当前距低点1.98%; 最新日涨幅-1.30%; 状态bottom_area; 底部未确认
68,75.18689515432999,64.04809587220703,300589,江龙船艇,bottom_area,2026-06-10,12.65,2026-05-11,17.17,2026-06-10,12.5,1.2000000000000028,5.840000000000003,27.1986022131625,26.32498543972045,False,-1.0172143974960801,4.811273155538434,5,12,5,41.66666666666667,32.53994196527084,44.07616361071933,2020-09-11; 2021-02-09; 2022-04-27; 2024-02-06; 2025-04-07,18.799999999999997,1.2000000000000028,历史5/12次成功; 当前距低点1.20%; 最新日涨幅-1.02%; 状态bottom_area; 底部未确认
69,74.99753515021638,64.30234859773583,002358,森源电气,bottom_area,2026-06-10,5.88,2026-05-13,8.03,2026-06-10,5.79,1.5544041450777177,3.9723661485319437,27.895392278953917,26.774595267745948,False,-2.809917355371905,2.0923023042091113,4,9,4,44.44444444444444,32.232682459150055,42.73127753303966,2010-05-12; 2020-02-04; 2022-04-27; 2025-02-05,18.445595854922285,1.5544041450777177,历史4/9次成功; 当前距低点1.55%; 最新日涨幅-2.81%; 状态bottom_area; 底部未确认
70,74.94470069597241,65.00022224928667,600346,恒力石化,bottom_area,2026-06-10,16.38,2026-05-14,23.23,2026-06-10,16.03,2.183406113537105,3.680598877105426,30.994403788204906,29.487731381833843,False,0.42918454935623185,0.40553195721043883,5,13,5,38.46153846153847,34.18488273199603,56.495468277945605,2008-04-22; 2009-03-02; 2009-08-20; 2010-07-02; 2022-03-09,17.816593886462893,2.183406113537105,历史5/13次成功; 当前距低点2.18%; 最新日涨幅0.43%; 状态bottom_area; 底部未确认
71,74.92550661252977,64.04639324021865,603887,城地香江,bottom_area,2026-06-10,10.95,2026-05-18,15.7,2026-06-10,10.8,1.3888888888888755,5.833333333333323,31.21019108280254,30.254777070063692,False,0.4587155963302614,2.748320864980577,2,7,2,28.57142857142857,40.746097809675085,61.28277153558054,2020-02-04; 2022-03-16,18.611111111111125,1.3888888888888755,历史2/7次成功; 当前距低点1.39%; 最新日涨幅0.46%; 状态bottom_area; 底部未确认
72,74.81132431545788,63.828730117468126,002469,三维化学,bottom_area,2026-06-10,6.3,2026-04-16,8.96,2026-05-29,6.22,1.2861736334405156,6.430868167202579,30.58035714285715,29.68750000000001,False,-2.021772939346811,1.252460820505157,4,9,4,44.44444444444444,26.3983596268892,36.5,2015-06-30; 2018-02-07; 2018-06-22; 2024-02-06,18.713826366559484,1.2861736334405156,历史4/9次成功; 当前距低点1.29%; 最新日涨幅-2.02%; 状态bottom_area; 底部未确认
73,74.6196460190386,65.62029172528518,688089,嘉必优,bottom_area,2026-06-10,12.25,2026-05-12,17.33,2026-06-08,11.9,2.941176470588232,6.302521008403361,31.33294864396999,29.31332948643969,False,-1.2892828364222453,1.1990438908323668,3,6,3,50.0,44.28050579691581,58.830478440637926,2020-02-04; 2021-10-28; 2025-01-13,17.05882352941177,2.941176470588232,历史3/6次成功; 当前距低点2.94%; 最新日涨幅-1.29%; 状态bottom_area; 底部未确认
74,74.54942283889557,63.16485350907375,000901,航天科技,bottom_area,2026-06-10,17.81,2026-05-11,25.09,2026-06-10,17.65,0.9065155807365447,3.9093484419263533,29.65324830609805,29.01554404145078,False,-2.3574561403508776,1.9380890988595731,12,21,12,57.14285714285714,30.500739809578704,49.78354978354978,2005-11-01; 2006-05-24; 2008-04-03; 2008-09-18; 2009-09-02; 2010-07-02; 2013-06-25; 2014-10-27; 2015-06-30; 2018-02-09; 2022-04-27; 2024-02-06,19.093484419263458,0.9065155807365447,历史12/21次成功; 当前距低点0.91%; 最新日涨幅-2.36%; 状态bottom_area; 底部未确认
75,74.31890956354675,63.67044413756246,688079,美迪凯,bottom_area,2026-06-10,24.85,2026-06-04,33.85,2026-06-10,24.48,1.511437908496736,10.294117647058822,27.680945347119646,26.587887740029544,False,-11.123032904148777,9.70812476320621,3,6,3,50.0,26.486680478145285,30.064655172413808,2021-10-28; 2023-05-05; 2025-04-09,18.488562091503265,1.511437908496736,历史3/6次成功; 当前距低点1.51%; 最新日涨幅-11.12%; 状态bottom_area; 底部未确认
76,74.27612946484703,63.714837358029655,600864,哈投股份,bottom_area,2026-06-10,5.14,2026-04-23,7.49,2026-06-10,5.06,1.5810276679841913,1.778656126482228,32.44325767690254,31.375166889185586,False,0.390625,1.0612281742740177,8,23,8,34.78260869565217,27.861231917665535,39.03281519861832,1999-12-28; 2001-02-21; 2007-06-26; 2008-01-23; 2015-06-30; 2020-02-04; 2022-04-28; 2024-02-06,18.41897233201581,1.5810276679841913,历史8/23次成功; 当前距低点1.58%; 最新日涨幅0.39%; 状态bottom_area; 底部未确认
77,74.23716118832004,63.58314838861857,600138,中青旅,bottom_area,2026-06-10,7.46,2026-01-15,10.59,2026-06-10,7.35,1.4965986394557869,2.7210884353741522,30.59490084985836,29.556185080264402,False,0.5390835579514919,1.289290450928382,5,14,5,35.714285714285715,24.099656686670006,26.73160173160174,2005-03-31; 2011-06-20; 2015-06-30; 2015-08-25; 2020-02-04,18.503401360544213,1.4965986394557869,历史5/14次成功; 当前距低点1.50%; 最新日涨幅0.54%; 状态bottom_area; 底部未确认
78,74.2209673519266,63.96193378283097,600676,交运股份,bottom_area,2026-06-10,6.11,2026-05-19,8.35,2026-06-08,6.0,1.8333333333333386,6.499999999999995,28.143712574850294,26.826347305389213,False,-1.6103059581320411,0.9253733656115478,8,18,8,44.44444444444444,33.82162726731113,70.60367454068242,1993-12-20; 1994-03-10; 1994-04-20; 1994-08-10; 2005-01-31; 2015-07-09; 2020-02-04; 2024-06-24,18.16666666666666,1.8333333333333386,历史8/18次成功; 当前距低点1.83%; 最新日涨幅-1.61%; 状态bottom_area; 底部未确认
79,74.21123989393513,63.445489508783325,002540,亚太科技,bottom_area,2026-06-10,5.08,2026-04-20,6.95,2026-06-10,5.01,1.397205588822361,2.594810379241515,27.91366906474821,26.906474820143885,False,-1.5503875968992276,0.9626530784093729,3,7,3,42.857142857142854,29.138116558439492,37.79527559055118,2015-06-30; 2022-04-27; 2024-02-06,18.60279441117764,1.397205588822361,历史3/7次成功; 当前距低点1.40%; 最新日涨幅-1.55%; 状态bottom_area; 底部未确认
80,74.15022376201199,63.67644754670623,603680,今创集团,bottom_area,2026-06-10,11.15,2026-05-15,15.3,2026-06-10,10.97,1.6408386508659956,4.193254329990875,28.30065359477124,27.12418300653595,False,-2.1071115013169495,0.4269515902795576,3,7,3,42.857142857142854,33.36629623253827,39.99999999999999,2021-01-13; 2021-10-29; 2025-04-09,18.359161349134006,1.6408386508659956,历史3/7次成功; 当前距低点1.64%; 最新日涨幅-2.11%; 状态bottom_area; 底部未确认
81,74.09690545284928,63.38293692666659,688171,纬德信息,bottom_area,2026-06-10,43.34,2026-06-01,59.7,2026-06-10,42.73,1.4275684530774786,8.822841095249247,28.425460636515922,27.4036850921273,False,-6.795698924731175,3.577985441567398,2,4,2,50.0,23.91286558969486,27.317073170731714,2022-10-10; 2025-11-21,18.572431546922523,1.4275684530774786,历史2/4次成功; 当前距低点1.43%; 最新日涨幅-6.80%; 状态bottom_area; 底部未确认
82,74.07919631506104,63.59417372307217,600216,浙江医药,bottom_area,2026-06-10,11.9,2026-03-30,16.87,2026-06-10,11.71,1.6225448334756574,1.8787361229718091,30.586840545346767,29.460580912863072,False,0.16835016835017313,1.0129815058336549,3,11,3,27.27272727272727,43.99283254025576,63.98144242935471,2000-10-23; 2010-07-02; 2025-04-09,18.377455166524342,1.6225448334756574,历史3/11次成功; 当前距低点1.62%; 最新日涨幅0.17%; 状态bottom_area; 底部未确认
83,73.79292763914434,63.14692787987969,603191,望变电气,bottom_area,2026-06-10,16.11,2026-05-29,22.72,2026-06-10,15.88,1.448362720403014,5.79345088161209,30.105633802816893,29.09330985915493,False,-3.4751348112642355,2.837758878970685,2,5,2,40.0,44.5655638838632,54.24528301886794,2024-02-06; 2025-04-09,18.551637279596985,1.448362720403014,历史2/5次成功; 当前距低点1.45%; 最新日涨幅-3.48%; 状态bottom_area; 底部未确认
84,73.78042807806953,64.59256031072115,600604,市北高新,bottom_area,2026-06-10,4.19,2026-05-21,5.94,2026-06-08,4.08,2.6960784313725568,7.107843137254903,31.313131313131315,29.46127946127946,True,-1.6431924882629012,0.713315957849891,12,27,12,44.44444444444444,38.594129156663875,125.68218298555377,1992-09-08; 1993-02-24; 1993-03-10; 1993-07-26; 1994-03-10; 1994-08-10; 1994-10-14; 2007-10-26; 2008-04-23; 2019-02-01; 2020-02-04; 2024-02-06,17.303921568627445,2.6960784313725568,历史12/27次成功; 当前距低点2.70%; 最新日涨幅-1.64%; 状态bottom_area; 底部已确认
85,73.75931509256499,63.000257785707845,002322,理工能科,bottom_area,2026-06-10,10.54,2026-04-20,14.57,2026-06-10,10.4,1.3461538461538345,3.0769230769230793,28.62045298558682,27.65957446808511,False,-1.9534883720930263,0.7479232604610668,4,10,4,40.0,32.30907825235801,40.487804878048784,2012-12-04; 2022-04-27; 2022-10-11; 2024-02-06,18.653846153846164,1.3461538461538345,历史4/10次成功; 当前距低点1.35%; 最新日涨幅-1.95%; 状态bottom_area; 底部未确认
86,73.7459622675363,63.44162396512607,601990,南京证券,bottom_area,2026-06-10,6.44,2025-08-25,9.05,2026-06-10,6.33,1.7377567140600365,1.7377567140600365,30.055248618784535,28.839779005524864,False,0.9404388714733702,0.4793616333180885,1,3,1,33.33333333333333,48.12030075187968,48.12030075187968,2018-10-19,18.262243285939963,1.7377567140600365,历史1/3次成功; 当前距低点1.74%; 最新日涨幅0.94%; 状态bottom_area; 底部未确认
87,73.73928458462638,62.66731993228009,600844,金煤科技,bottom_area,2026-06-10,2.83,2026-04-30,3.84,2026-06-10,2.8,1.0714285714285805,4.28571428571429,27.083333333333336,26.302083333333332,False,-1.3937282229965153,2.531533331459492,10,27,10,37.03703703703704,33.571242737695286,83.48623853211008,1994-08-10; 1995-02-17; 1995-05-10; 1999-12-29; 2010-05-13; 2012-01-05; 2014-01-30; 2015-06-30; 2015-07-07; 2020-02-04,18.92857142857142,1.0714285714285805,历史10/27次成功; 当前距低点1.07%; 最新日涨幅-1.39%; 状态bottom_area; 底部未确认
88,73.69728825046593,64.27253888766599,688517,金冠电气,bottom_area,2026-06-10,18.14,2026-05-29,24.5,2026-06-10,17.7,2.4858757062146966,5.819209039548029,27.755102040816332,25.95918367346939,False,-3.6131774707757636,2.381248609640928,2,3,2,66.66666666666666,22.22402597402597,22.85714285714285,2021-06-21; 2021-07-28,17.514124293785304,2.4858757062146966,历史2/3次成功; 当前距低点2.49%; 最新日涨幅-3.61%; 状态bottom_area; 底部未确认
89,73.69535932129831,63.73824106532253,300101,振芯科技,bottom_area,2026-06-10,16.08,2026-05-11,22.01,2026-06-08,15.76,2.0304568527918687,6.408629441624364,28.39618355293049,26.942298955020462,False,-2.3086269744836074,1.2948537317322544,7,15,7,46.666666666666664,30.220516252802838,44.650929181315924,2012-01-19; 2012-12-04; 2015-08-03; 2015-09-08; 2016-01-12; 2022-03-09; 2023-10-26,17.969543147208135,2.0304568527918687,历史7/15次成功; 当前距低点2.03%; 最新日涨幅-2.31%; 状态bottom_area; 底部未确认
90,73.69194607620325,63.308787124496476,000715,中兴商业,bottom_area,2026-06-10,4.89,2026-04-27,6.68,2026-06-10,4.81,1.6632016632016646,3.3264033264033293,27.994011976047904,26.796407185628745,False,-1.6096579476861161,1.257769845294625,7,16,7,43.75,29.72923073438855,49.785407725321896,1997-05-23; 1997-07-08; 2015-07-16; 2020-02-04; 2021-02-04; 2023-01-19; 2025-06-23,18.33679833679834,1.6632016632016646,历史7/16次成功; 当前距低点1.66%; 最新日涨幅-1.61%; 状态bottom_area; 底部未确认
91,73.61935223956493,63.45812066765644,300940,南极光,bottom_area,2026-06-10,16.0,2026-05-21,21.99,2026-06-10,15.71,1.8459579885423243,5.792488860598346,28.55843565256934,27.239654388358343,False,-3.961584633853543,3.3617094398070777,2,4,2,50.0,29.445725169531865,35.40630182421225,2021-03-10; 2025-04-09,18.154042011457676,1.8459579885423243,历史2/4次成功; 当前距低点1.85%; 最新日涨幅-3.96%; 状态bottom_area; 底部未确认
92,73.52764559086496,61.776025617698124,601177,杭齿前进,bottom_area,2026-06-10,13.51,2026-05-28,18.68,2026-06-10,13.45,0.4460966542750967,5.873605947955397,27.997858672376875,27.67665952890792,False,-6.180555555555555,3.2423886417037444,5,9,5,55.55555555555556,31.044285486862684,40.789473684210535,2011-01-20; 2015-06-30; 2016-01-08; 2024-02-06; 2025-04-09,19.553903345724905,0.4460966542750967,历史5/9次成功; 当前距低点0.45%; 最新日涨幅-6.18%; 状态bottom_area; 底部未确认
93,73.4766237413413,63.129408190509615,300542,新晨科技,bottom_area,2026-06-10,12.19,2026-05-13,16.52,2026-06-08,11.99,1.6680567139282676,6.255212677231025,27.421307506053267,26.210653753026637,False,-2.5579536370903266,1.5443368745107957,6,14,6,42.857142857142854,30.758865198051076,61.233480176211465,2017-01-17; 2021-09-29; 2022-12-29; 2024-04-16; 2024-10-10; 2024-10-30,18.331943286071734,1.6680567139282676,历史6/14次成功; 当前距低点1.67%; 最新日涨幅-2.56%; 状态bottom_area; 底部未确认
94,73.43442621486807,64.93696102881208,601019,山东出版,bottom_area,2026-06-10,7.0,2026-04-10,9.43,2026-06-08,6.78,3.244837758112091,3.982300884955746,28.101802757158,25.768822905620357,False,1.1560693641618602,0.3324021275576214,2,4,2,50.0,21.855866222084103,22.896281800391385,2023-05-25; 2024-11-25,16.75516224188791,3.244837758112091,历史2/4次成功; 当前距低点3.24%; 最新日涨幅1.16%; 状态bottom_area; 底部未确认
95,73.38736905846405,63.9924356489098,600620,天宸股份,bottom_area,2026-06-10,4.55,2026-04-09,6.54,2026-06-09,4.44,2.477477477477464,3.6036036036035863,32.11009174311926,30.428134556574925,False,0.22026431718060735,0.8385309370864011,10,27,10,37.03703703703704,35.45784070770147,82.32044198895026,1993-02-24; 1993-12-20; 1995-05-04; 1998-08-18; 2005-07-12; 2009-08-19; 2015-08-26; 2018-02-06; 2024-04-17; 2025-04-09,17.52252252252254,2.477477477477464,历史10/27次成功; 当前距低点2.48%; 最新日涨幅0.22%; 状态bottom_area; 底部未确认
96,73.31096637252082,62.754187214877824,000020,深华发A,bottom_area,2026-06-10,11.77,2026-04-30,16.22,2026-06-10,11.6,1.4655172413793098,3.103448275862079,28.48335388409371,27.435265104808877,False,-1.834862385321101,1.6158163487524566,9,21,9,42.857142857142854,26.25880620319397,42.08242950108458,1992-06-17; 1992-10-26; 1999-01-18; 2010-07-02; 2016-01-05; 2016-02-29; 2022-08-31; 2022-09-30; 2025-04-09,18.53448275862069,1.4655172413793098,历史9/21次成功; 当前距低点1.47%; 最新日涨幅-1.83%; 状态bottom_area; 底部未确认
97,73.29558173718895,62.977606718629865,002162,悦心健康,bottom_area,2026-06-10,3.65,2026-03-26,4.95,2026-06-10,3.59,1.6713091922005585,2.7855153203342646,27.47474747474748,26.262626262626267,False,-0.815217391304357,1.0080631305115269,7,16,7,43.75,28.04807353143622,43.23432343234324,2009-08-18; 2010-07-02; 2012-07-31; 2015-08-26; 2018-02-06; 2024-02-06; 2025-04-09,18.32869080779944,1.6713091922005585,历史7/16次成功; 当前距低点1.67%; 最新日涨幅-0.82%; 状态bottom_area; 底部未确认
98,73.23780304448948,61.031502537074566,002015,协鑫能科,bottom_area,2026-06-10,18.48,2026-06-03,25.57,2026-06-10,18.48,0.0,7.4134199134199195,27.727806022682834,27.727806022682834,False,-9.985387238188025,7.141239266097221,5,9,5,55.55555555555556,33.831256173041226,65.95380667236954,2006-08-07; 2009-08-19; 2013-06-25; 2017-05-24; 2022-04-27,20.0,0.0,历史5/9次成功; 当前距低点0.00%; 最新日涨幅-9.99%; 状态bottom_area; 底部未确认
99,73.11235484297835,63.25607786777447,300763,锦浪科技,bottom_area,2026-06-10,90.62,2026-06-01,124.8,2026-06-10,88.8,2.049549549549558,5.157657657657656,28.84615384615385,27.38782051282051,False,-3.3077251387110485,3.491570991661544,3,6,3,50.0,30.855112047029355,36.020348268440614,2021-08-03; 2024-02-05; 2024-06-28,17.950450450450443,2.049549549549558,历史3/6次成功; 当前距低点2.05%; 最新日涨幅-3.31%; 状态bottom_area; 底部未确认
100,73.0900563948221,63.105076013015804,601186,中国铁建,bottom_area,2026-06-10,6.32,2025-07-23,8.93,2026-05-28,6.2,1.9354838709677438,4.838709677419352,30.571108622620375,29.22732362821948,False,0.797448165869219,0.34242163841594264,3,8,3,37.5,23.040210961409922,24.590163934426215,2012-01-06; 2015-05-08; 2025-04-07,18.064516129032256,1.9354838709677438,历史3/8次成功; 当前距低点1.94%; 最新日涨幅0.80%; 状态bottom_area; 底部未确认
101,73.07165075889856,62.3091595618515,600699,均胜电子,bottom_area,2026-06-10,24.2,2026-05-27,33.13,2026-06-10,23.9,1.2552301255230156,6.610878661087874,27.85994566857834,26.954421974041665,False,-6.237892289810154,3.3426943560696345,11,25,11,44.0,29.027334666903105,61.01694915254237,1993-12-20; 1994-08-10; 1995-05-24; 1996-06-25; 1996-12-25; 1997-07-07; 2004-10-22; 2005-05-10; 2014-03-12; 2018-02-07; 2026-03-24,18.744769874476987,1.2552301255230156,历史11/25次成功; 当前距低点1.26%; 最新日涨幅-6.24%; 状态bottom_area; 底部未确认
102,73.00001841485346,62.2108020250089,002312,川发龙蟒,bottom_area,2026-06-10,8.28,2026-04-24,11.76,2026-06-08,8.18,1.222493887530558,5.134474327628361,30.4421768707483,29.59183673469388,False,-0.48076923076924016,0.9415553161077441,6,16,6,37.5,31.96552735794936,46.05263157894737,2010-02-03; 2014-06-25; 2015-09-02; 2020-02-04; 2023-10-23; 2025-04-09,18.777506112469446,1.222493887530558,历史6/16次成功; 当前距低点1.22%; 最新日涨幅-0.48%; 状态bottom_area; 底部未确认
103,72.99942661067058,63.124504175323025,000576,甘化科工,bottom_area,2026-06-10,7.07,2026-04-15,9.95,2026-06-08,6.93,2.0202020202020283,6.493506493506496,30.351758793969847,28.944723618090446,False,-0.7022471910112293,1.777254001378755,11,26,11,42.30769230769231,36.2395955988368,90.05145797598628,1995-05-03; 1996-12-25; 1997-07-08; 1997-09-23; 2006-11-14; 2015-08-26; 2017-01-17; 2018-10-19; 2020-02-04; 2021-10-28; 2025-04-09,17.979797979797972,2.0202020202020283,历史11/26次成功; 当前距低点2.02%; 最新日涨幅-0.70%; 状态bottom_area; 底部未确认
104,72.81329455702803,62.6168947962821,002107,沃华医药,bottom_area,2026-06-10,5.92,2026-04-21,8.33,2026-06-10,5.82,1.7182130584192379,3.2646048109965546,30.132052821128447,28.931572629051622,False,-1.3333333333333308,1.7357550606432213,4,11,4,36.36363636363637,42.68750061791668,80.27777777777779,2008-09-18; 2008-11-06; 2015-05-29; 2025-04-09,18.281786941580762,1.7182130584192379,历史4/11次成功; 当前距低点1.72%; 最新日涨幅-1.33%; 状态bottom_area; 底部未确认
105,72.77347639294092,63.068813085049925,300171,东富龙,bottom_area,2026-06-10,10.97,2026-04-15,15.15,2026-06-08,10.74,2.1415270018622015,5.214152700186224,29.108910891089106,27.590759075907588,False,0.36596523330283404,0.8623721685609171,4,11,4,36.36363636363637,27.833060186829478,32.678485864877814,2015-06-30; 2015-07-06; 2019-08-06; 2022-09-26,17.8584729981378,2.1415270018622015,历史4/11次成功; 当前距低点2.14%; 最新日涨幅0.37%; 状态bottom_area; 底部未确认
106,72.72234787807706,61.89527541879355,300409,道氏技术,bottom_area,2026-06-10,20.18,2026-05-08,28.54,2026-06-10,19.95,1.1528822055137866,3.8596491228070158,30.098107918710582,29.292221443587945,False,-2.8406355320173327,2.7119856407540763,5,14,5,35.714285714285715,33.28489088445076,50.03460207612457,2015-07-03; 2020-02-04; 2021-04-26; 2022-04-27; 2024-02-06,18.847117794486216,1.1528822055137866,历史5/14次成功; 当前距低点1.15%; 最新日涨幅-2.84%; 状态bottom_area; 底部未确认
107,72.66965433566739,61.35725163614389,002788,鹭燕医药,bottom_area,2026-06-10,11.26,2026-05-12,15.64,2026-06-10,11.18,0.7155635062611813,1.6994633273702997,28.516624040920718,28.00511508951407,False,-0.7054673721340388,2.433329674249836,3,6,3,50.0,33.91793779795371,37.636080870917574,2021-02-04; 2024-02-06; 2026-03-23,19.28443649373882,0.7155635062611813,历史3/6次成功; 当前距低点0.72%; 最新日涨幅-0.71%; 状态bottom_area; 底部未确认
108,72.61849338006577,62.56283759419355,001229,魅视科技,bottom_area,2026-06-10,26.89,2026-06-05,38.71,2026-06-10,26.41,1.8174933737220764,4.468004543733433,31.774735210539912,30.534745543787135,False,-2.57246376811594,3.5164173041143534,2,5,2,40.0,35.73506713053703,42.18749999999999,2024-09-18; 2025-04-09,18.182506626277924,1.8174933737220764,历史2/5次成功; 当前距低点1.82%; 最新日涨幅-2.57%; 状态bottom_area; 底部未确认
109,72.60278008645587,61.958608826515956,002416,爱施德,bottom_area,2026-06-10,10.14,2026-05-07,14.16,2026-06-08,10.01,1.2987012987013067,5.094905094905093,29.30790960451978,28.389830508474574,False,-2.123552123552108,1.1941293152836003,4,13,4,30.76923076923077,46.127138642768465,59.16988416988417,2012-12-04; 2014-12-31; 2016-03-01; 2020-02-04,18.701298701298693,1.2987012987013067,历史4/13次成功; 当前距低点1.30%; 最新日涨幅-2.12%; 状态bottom_area; 底部未确认
110,72.54722058881634,62.429358963669834,000931,中关村,bottom_area,2026-06-10,4.06,2026-04-09,5.51,2026-06-08,3.99,1.7543859649122653,5.012531328320806,27.58620689655172,26.315789473684216,False,-0.4901960784313819,0.5196466766765371,5,12,5,41.66666666666667,30.63275428496302,45.10582010582012,2003-05-13; 2005-05-11; 2007-06-26; 2014-01-14; 2020-02-04,18.245614035087737,1.7543859649122653,历史5/12次成功; 当前距低点1.75%; 最新日涨幅-0.49%; 状态bottom_area; 底部未确认
111,72.52524387522814,61.93698868632245,002074,国轩高科,bottom_area,2026-06-10,28.78,2026-05-06,39.39,2026-06-08,28.4,1.3380281690140936,5.211267605633805,27.900482355927902,26.93577050012693,False,-3.032345013477089,1.3193297070719296,4,9,4,44.44444444444444,27.078396777222913,34.1,2013-06-25; 2016-01-11; 2016-01-29; 2018-10-19,18.66197183098591,1.3380281690140936,历史4/9次成功; 当前距低点1.34%; 最新日涨幅-3.03%; 状态bottom_area; 底部未确认
112,72.4759949884817,61.95944998007173,002150,正泰电源,bottom_area,2026-06-10,25.44,2026-05-27,36.3,2026-06-08,25.09,1.3949780789159083,7.174172977281788,30.881542699724513,29.91735537190082,True,-3.782148260211804,2.887531551130263,6,20,6,30.0,52.318815625789874,164.87025948103792,2008-04-22; 2012-12-04; 2016-01-18; 2022-04-28; 2024-04-16; 2026-04-07,18.60502192108409,1.3949780789159083,历史6/20次成功; 当前距低点1.39%; 最新日涨幅-3.78%; 状态bottom_area; 底部已确认
113,72.40260297003874,63.92873144408675,002318,久立特材,bottom_area,2026-06-10,22.18,2026-04-30,30.98,2026-06-10,21.5,3.1627906976744176,4.511627906976739,30.600387346675273,28.405422853453842,False,0.2259376412110381,1.3260551110526277,3,7,3,42.857142857142854,30.90572937288087,42.95774647887324,2010-02-03; 2015-09-07; 2018-02-09,16.837209302325583,3.1627906976744176,历史3/7次成功; 当前距低点3.16%; 最新日涨幅0.23%; 状态bottom_area; 底部未确认
114,72.2828505419264,61.799613219378614,603275,众辰科技,bottom_area,2026-06-10,40.57,2026-05-12,55.6,2026-06-08,40.01,1.3996500874781361,4.923769057735564,28.039568345323744,27.032374100719426,False,-2.6397888168946504,3.5797861253879795,1,2,1,50.0,38.17642698295033,38.17642698295033,2024-02-06,18.600349912521867,1.3996500874781361,历史1/2次成功; 当前距低点1.40%; 最新日涨幅-2.64%; 状态bottom_area; 底部未确认
115,72.12457142857146,62.44000000000002,688591,泰凌微,bottom_area,2026-06-10,29.4,2026-05-21,42.78,2026-06-10,28.8,2.083333333333326,4.72222222222222,32.678821879382895,31.276297335203374,False,-2.809917355371905,2.493592717931308,1,2,1,50.0,59.4516129032258,59.4516129032258,2023-08-29,17.916666666666675,2.083333333333326,历史1/2次成功; 当前距低点2.08%; 最新日涨幅-2.81%; 状态bottom_area; 底部未确认
116,71.96257550844884,61.26927017784395,601226,华电科工,bottom_area,2026-06-10,6.91,2026-05-13,9.45,2026-06-10,6.83,1.1713030746705722,4.245973645680821,27.724867724867718,26.878306878306873,False,-3.356643356643363,1.0936449073949903,2,5,2,40.0,31.07441498974651,39.54659949622166,2015-06-30; 2022-04-26,18.82869692532943,1.1713030746705722,历史2/5次成功; 当前距低点1.17%; 最新日涨幅-3.36%; 状态bottom_area; 底部未确认
117,71.9336427380668,62.66144276182393,600708,光明地产,bottom_area,2026-06-10,2.96,2026-05-11,4.16,2026-06-09,2.89,2.4221453287197177,5.536332179930785,30.52884615384615,28.84615384615385,False,-2.631578947368418,1.2150977216468337,9,20,9,45.0,32.843731781209016,48.909657320872284,1997-05-23; 1997-07-08; 2004-08-30; 2005-07-18; 2007-05-21; 2015-06-30; 2025-01-06; 2025-04-09; 2025-12-17,17.57785467128028,2.4221453287197177,历史9/20次成功; 当前距低点2.42%; 最新日涨幅-2.63%; 状态bottom_area; 底部未确认
118,71.90773949400591,62.37236577104321,603012,创力集团,bottom_area,2026-06-10,7.47,2026-06-01,10.03,2026-06-10,7.31,2.1887824897400843,7.1135430916552735,27.11864406779661,25.523429710867397,False,-5.08259212198221,4.553936581593194,3,6,3,50.0,27.810698105648328,35.13513513513512,2020-02-04; 2024-02-06; 2025-04-09,17.811217510259915,2.1887824897400843,历史3/6次成功; 当前距低点2.19%; 最新日涨幅-5.08%; 状态bottom_area; 底部未确认
119,71.90665658886502,63.75735677813606,600126,杭钢股份,bottom_area,2026-06-10,7.01,2026-05-14,9.78,2026-06-08,6.78,3.392330383480819,6.342182890855453,30.674846625766865,28.323108384458074,False,-0.5673758865248235,1.4461997565467952,6,11,6,54.54545454545454,29.946515433624405,55.84045584045584,2006-01-25; 2008-03-18; 2008-09-18; 2009-09-02; 2024-02-06; 2025-03-26,16.607669616519182,3.392330383480819,历史6/11次成功; 当前距低点3.39%; 最新日涨幅-0.57%; 状态bottom_area; 底部未确认
120,71.76707872605127,62.655150605389764,603590,康辰药业,bottom_area,2026-06-10,29.43,2026-05-22,39.64,2026-06-10,28.7,2.5435540069686424,3.7979094076655047,27.598385469223008,25.756811301715445,False,-0.1357312521207965,1.507108652552517,2,5,2,40.0,45.13147172730253,46.18369987063388,2022-04-27; 2024-02-06,17.45644599303136,2.5435540069686424,历史2/5次成功; 当前距低点2.54%; 最新日涨幅-0.14%; 状态bottom_area; 底部未确认
121,71.7496707770936,61.76278329350788,301277,新天地,bottom_area,2026-06-10,9.19,2026-04-02,12.58,2026-06-10,9.03,1.7718715393134015,3.1007751937984622,28.219395866454693,26.94753577106519,False,-0.969827586206895,0.5837352960838608,2,5,2,40.0,30.8744645330239,36.71274961597543,2022-12-29; 2024-02-06,18.228128460686598,1.7718715393134015,历史2/5次成功; 当前距低点1.77%; 最新日涨幅-0.97%; 状态bottom_area; 底部未确认
122,71.657954437106,62.260126702565735,688651,盛邦安全,bottom_area,2026-06-10,32.29,2026-05-20,44.1,2026-06-10,31.57,2.280646183085204,6.081723154893892,28.41269841269841,26.780045351473923,False,-3.294399520814617,4.0789539288975325,2,5,2,40.0,62.18217806259432,94.06392694063929,2023-08-25; 2024-04-16,17.719353816914797,2.280646183085204,历史2/5次成功; 当前距低点2.28%; 最新日涨幅-3.29%; 状态bottom_area; 底部未确认
123,71.45475347173658,61.29563298768244,000997,新大陆,bottom_area,2026-06-10,17.98,2026-05-25,25.78,2026-06-09,17.7,1.5819209039548088,4.915254237288141,31.3421256788208,30.256012412723045,False,-0.7726269315673329,1.9235003595129485,4,12,4,33.33333333333333,40.478921050355204,51.26676602086439,2008-04-22; 2008-09-18; 2012-12-03; 2018-10-16,18.418079096045194,1.5819209039548088,历史4/12次成功; 当前距低点1.58%; 最新日涨幅-0.77%; 状态bottom_area; 底部未确认
124,71.4285072726959,61.044940666177204,002274,华昌化工,bottom_area,2026-06-10,5.15,2026-04-28,7.06,2026-06-10,5.08,1.3779527559055174,2.9527559055118178,28.045325779036823,27.05382436260622,False,-0.9615384615384581,1.5107974797383774,4,11,4,36.36363636363637,30.065201586539388,43.47014925373134,2009-08-19; 2010-02-05; 2012-12-04; 2021-09-29,18.62204724409448,1.3779527559055174,历史4/11次成功; 当前距低点1.38%; 最新日涨幅-0.96%; 状态bottom_area; 底部未确认
125,71.37613631828737,61.125414310016964,300062,中能电气,bottom_area,2026-06-10,6.13,2026-05-20,8.96,2026-06-10,6.04,1.4900662251655605,4.801324503311259,32.58928571428572,31.584821428571434,False,-3.767660910518056,3.687836256612212,6,14,6,42.857142857142854,28.017939419171313,34.482758620689665,2012-12-04; 2015-06-30; 2016-01-29; 2020-09-11; 2021-02-09; 2021-07-28,18.50993377483444,1.4900662251655605,历史6/14次成功; 当前距低点1.49%; 最新日涨幅-3.77%; 状态bottom_area; 底部未确认
126,71.29670249936636,62.856532838365695,002673,西部证券,bottom_area,2026-06-10,6.36,2025-09-12,9.04,2026-06-08,6.17,3.0794165316045445,3.565640194489461,31.747787610619465,29.646017699115035,False,1.5974440894568787,0.7188100172408477,2,6,2,33.33333333333333,44.75413546822973,44.83091787439614,2012-12-04; 2015-07-09,16.920583468395456,3.0794165316045445,历史2/6次成功; 当前距低点3.08%; 最新日涨幅1.60%; 状态bottom_area; 底部未确认
127,71.16209061465712,60.38848797474545,603978,深圳新星,bottom_area,2026-06-10,24.45,2026-05-26,33.8,2026-06-08,24.21,0.991325898389089,8.219743907476243,28.37278106508875,27.66272189349112,False,-2.9761904761904767,3.060575342698964,4,8,4,50.0,32.0898442100676,38.88888888888889,2020-02-04; 2021-01-14; 2024-08-23; 2025-12-16,19.00867410161091,0.991325898389089,历史4/8次成功; 当前距低点0.99%; 最新日涨幅-2.98%; 状态bottom_area; 底部未确认
128,71.11817850010218,61.35158546779253,300423,昇辉科技,bottom_area,2026-06-10,5.93,2026-05-13,8.31,2026-06-10,5.82,1.8900343642611586,4.810996563573871,29.96389891696751,28.640192539109517,False,-3.104575163398704,2.6333054072298827,5,11,5,45.45454545454545,28.509043011430897,45.50084889643465,2015-06-30; 2016-01-14; 2017-08-11; 2023-04-25; 2025-04-09,18.109965635738842,1.8900343642611586,历史5/11次成功; 当前距低点1.89%; 最新日涨幅-3.10%; 状态bottom_area; 底部未确认
129,71.07268878317731,64.81341696184239,003015,日久光电,bottom_area,2026-06-10,12.55,2026-04-15,16.95,2026-06-08,11.96,4.933110367892976,8.695652173913036,29.43952802359881,25.958702064896748,True,1.046698872785834,3.598621027864129,2,4,2,50.0,32.69305699267948,37.847866419294995,2022-04-27; 2024-09-24,15.066889632107024,4.933110367892976,历史2/4次成功; 当前距低点4.93%; 最新日涨幅1.05%; 状态bottom_area; 底部已确认
130,70.97474751191031,64.31993652711839,002755,奥赛康,bottom_area,2026-06-10,12.99,2026-05-21,17.77,2026-06-09,12.42,4.589371980676331,4.750402576489532,30.106921778277997,26.899268429938093,False,1.0894941634241206,0.7781281422748837,7,14,7,50.0,35.01991743580865,57.03937007874016,2015-06-29; 2015-07-29; 2015-09-02; 2016-01-14; 2016-12-13; 2022-10-12; 2023-08-24,15.410628019323669,4.589371980676331,历史7/14次成功; 当前距低点4.59%; 最新日涨幅1.09%; 状态bottom_area; 底部未确认
131,70.93320198728262,60.65327162337613,600326,西藏天路,bottom_area,2026-06-10,7.21,2026-05-11,9.79,2026-06-10,7.11,1.4064697609001355,2.390998593530238,27.374872318692532,26.353421859039834,False,-0.5517241379310311,1.2531336828531756,6,17,6,35.294117647058826,30.62630788421362,51.7747858017136,2003-11-07; 2007-02-01; 2009-08-19; 2015-09-02; 2017-07-05; 2024-06-06,18.593530239099863,1.4064697609001355,历史6/17次成功; 当前距低点1.41%; 最新日涨幅-0.55%; 状态bottom_area; 底部未确认
132,70.91763129675753,60.32690753032304,000839,国安股份,bottom_area,2026-06-10,2.7,2026-05-19,3.71,2026-06-10,2.67,1.123595505617987,4.494382022471914,28.03234501347709,27.223719676549862,False,-3.5714285714285587,1.2638799997831538,7,19,7,36.84210526315789,32.26525194666353,51.898734177215175,2001-02-16; 2009-08-20; 2011-08-09; 2017-01-17; 2020-02-04; 2020-05-25; 2021-11-02,18.876404494382015,1.123595505617987,历史7/19次成功; 当前距低点1.12%; 最新日涨幅-3.57%; 状态bottom_area; 底部未确认
133,70.90140317430307,60.49871051086788,002073,软控股份,bottom_area,2026-06-10,5.49,2026-04-17,7.52,2026-06-10,5.42,1.2915129151291564,2.7675276752767592,27.925531914893615,26.994680851063823,False,-1.7889087656529412,1.6017085614522772,3,9,3,33.33333333333333,32.63455174209148,42.93628808864266,2015-06-29; 2020-02-04; 2022-10-10,18.708487084870846,1.2915129151291564,历史3/9次成功; 当前距低点1.29%; 最新日涨幅-1.79%; 状态bottom_area; 底部未确认
134,70.8778360812087,60.71388242996938,600583,海油工程,bottom_area,2026-06-10,5.4,2026-04-16,7.33,2026-06-10,5.32,1.5037593984962419,2.2556390977443628,27.421555252387446,26.33015006821282,False,-0.917431192660545,0.9437084999754388,2,5,2,40.0,21.948676658821576,22.909698996655504,2011-08-09; 2017-05-11,18.49624060150376,1.5037593984962419,历史2/5次成功; 当前距低点1.50%; 最新日涨幅-0.92%; 状态bottom_area; 底部未确认
135,70.87333271660069,61.200233137117756,605369,拱东医疗,bottom_area,2026-06-10,16.26,2026-05-08,22.68,2026-06-10,15.95,1.9435736677116133,3.1347962382445145,29.67372134038801,28.306878306878296,False,-1.1550151975683765,0.7953997949905556,2,5,2,40.0,29.954737094087246,39.201877934272304,2022-09-23; 2024-02-06,18.05642633228839,1.9435736677116133,历史2/5次成功; 当前距低点1.94%; 最新日涨幅-1.16%; 状态bottom_area; 底部未确认
136,70.81077694183358,61.248355610112334,002075,沙钢股份,bottom_area,2026-06-10,3.51,2026-05-08,4.82,2026-06-09,3.44,2.0348837209302277,3.197674418604648,28.630705394190876,27.178423236514533,False,-0.28409090909091717,1.1843076366443834,4,10,4,40.0,31.33274459050137,37.25055432372507,2019-05-20; 2020-02-04; 2021-02-08; 2025-04-09,17.965116279069772,2.0348837209302277,历史4/10次成功; 当前距低点2.03%; 最新日涨幅-0.28%; 状态bottom_area; 底部未确认
137,70.80303549627041,60.00257245446645,600871,石化油服,bottom_area,2026-06-10,2.2,2026-03-30,3.07,2026-06-10,2.18,0.9174311926605512,3.2110091743119193,28.990228013029306,28.338762214983703,False,-1.7857142857142905,0.7537853825705114,7,16,7,43.75,42.650890181357546,106.80851063829789,1996-08-27; 1997-07-08; 1997-09-23; 1998-08-18; 2001-07-31; 2014-04-29; 2015-07-16,19.08256880733945,0.9174311926605512,历史7/16次成功; 当前距低点0.92%; 最新日涨幅-1.79%; 状态bottom_area; 底部未确认
138,70.74554593154154,62.96266139766368,002019,亿帆医药,bottom_area,2026-06-10,10.08,2026-04-02,13.57,2026-06-10,9.73,3.5971223021582697,5.858170606372048,28.297715549005158,25.71849668386146,False,2.4390243902439046,1.341442702374596,7,17,7,41.17647058823529,34.67732580390166,54.60251046025103,2005-06-02; 2006-04-26; 2008-11-04; 2012-12-04; 2014-02-28; 2014-12-11; 2015-06-30,16.40287769784173,3.5971223021582697,历史7/17次成功; 当前距低点3.60%; 最新日涨幅2.44%; 状态bottom_area; 底部未确认
139,70.73045138335986,62.544628386301724,300759,康龙化成,bottom_area,2026-06-10,22.28,2026-04-28,31.45,2026-06-09,21.58,3.2437442075996428,4.494902687673783,31.383147853736094,29.157392686804446,False,0.3603603603603789,1.471882291387573,2,5,2,40.0,30.647124621660748,32.829977628635355,2024-04-23; 2024-10-16,16.75625579240036,3.2437442075996428,历史2/5次成功; 当前距低点3.24%; 最新日涨幅0.36%; 状态bottom_area; 底部未确认
140,70.7097178194375,60.86889326388293,600067,冠城新材,bottom_area,2026-06-10,2.87,2026-04-22,4.2,2026-06-10,2.82,1.7730496453900804,2.8368794326241162,32.85714285714286,31.666666666666664,False,-0.692041522491349,1.3166135978838356,6,16,6,37.5,31.4997121256576,46.91642651296828,1997-05-23; 1998-08-18; 2007-06-05; 2015-06-30; 2015-07-06; 2025-04-09,18.226950354609922,1.7730496453900804,历史6/16次成功; 当前距低点1.77%; 最新日涨幅-0.69%; 状态bottom_area; 底部未确认
141,70.63073046191539,60.241036363306435,600501,航天晨光,bottom_area,2026-06-10,17.58,2026-05-11,25.42,2026-06-10,17.36,1.267281105990777,4.723502304147467,31.70731707317074,30.84185680566484,False,-2.333333333333343,1.073595135268391,6,18,6,33.33333333333333,30.95217178296812,38.62745098039217,2008-09-18; 2014-01-10; 2015-09-08; 2018-02-09; 2022-04-27; 2024-01-23,18.732718894009224,1.267281105990777,历史6/18次成功; 当前距低点1.27%; 最新日涨幅-2.33%; 状态bottom_area; 底部未确认
142,70.53106629688665,63.77229332871512,002108,沧州明珠,bottom_area,2026-06-10,4.68,2026-05-11,6.44,2026-06-08,4.48,4.4642857142856975,5.8035714285714235,30.43478260869565,27.329192546583858,False,0.0,1.8793767709734903,6,12,6,50.0,30.542283641325348,43.3497536945813,2009-06-24; 2018-02-07; 2018-06-20; 2020-02-04; 2022-04-27; 2024-02-05,15.535714285714302,4.4642857142856975,历史6/12次成功; 当前距低点4.46%; 最新日涨幅0.00%; 状态bottom_area; 底部未确认
143,70.45229169617541,60.17025666088831,600192,长城电工,bottom_area,2026-06-10,6.8,2026-05-14,9.88,2026-06-10,6.71,1.3412816691505194,4.321907600596125,32.085020242914986,31.174089068825918,False,-2.9957203994293913,1.075681138559181,3,10,3,30.0,38.70096164812636,60.875706214689274,2009-03-02; 2024-04-17; 2025-06-23,18.65871833084948,1.3412816691505194,历史3/10次成功; 当前距低点1.34%; 最新日涨幅-3.00%; 状态bottom_area; 底部未确认
144,70.38213610075191,61.69815667218448,603912,佳力图,bottom_area,2026-06-10,8.54,2026-05-20,11.6,2026-06-08,8.31,2.767749699157625,7.701564380264727,28.362068965517235,26.379310344827587,True,-1.3856812933025542,2.8885826423984304,6,15,6,40.0,33.540999926149844,73.20034692107545,2017-11-21; 2020-02-04; 2022-04-27; 2022-10-11; 2023-01-17; 2025-04-09,17.232250300842377,2.767749699157625,历史6/15次成功; 当前距低点2.77%; 最新日涨幅-1.39%; 状态bottom_area; 底部已确认
145,70.35730642387603,59.92715387162728,300981,中红医疗,bottom_area,2026-06-10,11.02,2026-05-25,15.8,2026-06-08,10.89,1.1937557392102756,6.060606060606061,31.075949367088608,30.25316455696203,False,-0.9883198562443907,0.9545101733641077,2,6,2,33.33333333333333,28.3633528155558,31.785714285714278,2021-04-28; 2026-03-30,18.806244260789725,1.1937557392102756,历史2/6次成功; 当前距低点1.19%; 最新日涨幅-0.99%; 状态bottom_area; 底部未确认
146,70.27564808414701,61.361447718998896,002548,金新农,bottom_area,2026-06-10,4.02,2026-04-30,5.48,2026-06-08,3.92,2.5510204081632564,8.92857142857142,28.467153284671536,26.64233576642337,False,-0.24813895781639062,2.789707334056181,3,8,3,37.5,43.684270159199585,59.57142857142858,2012-12-04; 2013-06-25; 2020-06-15,17.448979591836743,2.5510204081632564,历史3/8次成功; 当前距低点2.55%; 最新日涨幅-0.25%; 状态bottom_area; 底部未确认
147,70.2518873924331,60.37662208282062,603721,中广天择,bottom_area,2026-06-10,19.32,2026-06-02,27.2,2026-06-09,19.0,1.6842105263157907,6.315789473684206,30.14705882352941,28.970588235294116,False,0.15552099533437946,3.6056923076923075,3,11,3,27.27272727272727,27.45006984898672,38.971583220568334,2019-11-29; 2021-02-09; 2023-05-26,18.31578947368421,1.6842105263157907,历史3/11次成功; 当前距低点1.68%; 最新日涨幅0.16%; 状态bottom_area; 底部未确认
148,70.20850122632112,59.599746372089236,000035,中国天楹,bottom_area,2026-06-10,5.0,2026-04-20,7.35,2026-06-10,4.95,1.0101010101010066,2.626262626262624,32.65306122448979,31.972789115646254,False,-1.7681728880157177,1.3680176095097296,6,23,6,26.08695652173913,40.052329015369196,109.14127423822715,1995-02-28; 2003-11-07; 2007-01-19; 2007-07-06; 2009-08-20; 2024-02-06,18.989898989898997,1.0101010101010066,历史6/23次成功; 当前距低点1.01%; 最新日涨幅-1.77%; 状态bottom_area; 底部未确认
149,70.15110618305977,60.108735855156816,301239,普瑞眼科,bottom_area,2026-06-10,31.4,2026-05-25,43.44,2026-06-10,30.93,1.5195602974458418,2.9421273844164246,28.79834254143646,27.716390423572747,False,-1.3819095477387022,1.6764511681973773,1,3,1,33.33333333333333,93.1179775280899,93.1179775280899,2024-09-18,18.48043970255416,1.5195602974458418,历史1/3次成功; 当前距低点1.52%; 最新日涨幅-1.38%; 状态bottom_area; 底部未确认
150,70.0580735818588,61.04077983324147,300653,正海生物,bottom_area,2026-06-10,14.73,2026-04-01,20.17,2026-06-10,14.38,2.433936022253127,2.990264255910985,28.705999008428364,26.970748636588997,False,0.06793478260869179,1.0123333333333333,2,6,2,33.33333333333333,27.079680809920802,29.647513278609367,2019-06-17; 2022-10-12,17.566063977746875,2.433936022253127,历史2/6次成功; 当前距低点2.43%; 最新日涨幅0.07%; 状态bottom_area; 底部未确认
151,70.01846361137382,59.12214908138898,600416,湘电股份,bottom_area,2026-06-10,9.81,2026-05-25,13.38,2026-06-10,9.74,0.7186858316221795,3.696098562628331,27.204783258594922,26.681614349775785,False,-2.3880597014925398,1.697194718860452,10,21,10,47.61904761904761,27.09826122049123,35.943517329910144,2005-12-08; 2007-11-12; 2009-02-27; 2015-09-08; 2016-02-01; 2018-02-09; 2019-11-15; 2022-02-11; 2024-02-05; 2025-04-09,19.281314168377822,0.7186858316221795,历史10/21次成功; 当前距低点0.72%; 最新日涨幅-2.39%; 状态bottom_area; 底部未确认
152,69.97165196321738,61.28767015706808,000888,峨眉山A,bottom_area,2026-06-10,9.81,2026-04-08,13.3,2026-06-10,9.55,2.722513089005233,3.6649214659685825,28.195488721804512,26.240601503759397,False,1.763485477178417,1.8374187808932851,2,8,2,25.0,68.86736133724087,115.66265060240966,2015-08-26; 2024-02-06,17.277486910994767,2.722513089005233,历史2/8次成功; 当前距低点2.72%; 最新日涨幅1.76%; 状态bottom_area; 底部未确认
153,69.92145917609822,61.240896031453005,000565,渝三峡A,bottom_area,2026-06-10,6.42,2026-05-13,8.78,2026-06-08,6.25,2.719999999999999,5.439999999999998,28.81548974943052,26.87927107061503,False,-1.6845329249617236,2.040973120623858,11,27,11,40.74074074074074,38.085900607174686,57.568807339449535,1994-08-15; 1995-03-20; 1996-05-02; 1996-08-27; 2007-06-26; 2008-04-03; 2009-09-29; 2018-02-09; 2018-07-06; 2022-04-27; 2025-05-26,17.28,2.719999999999999,历史11/27次成功; 当前距低点2.72%; 最新日涨幅-1.68%; 状态bottom_area; 底部未确认
154,69.89838062477314,61.22189950313658,000822,山东海化,bottom_area,2026-06-10,4.53,2026-04-29,6.15,2026-06-10,4.41,2.721088435374152,3.1746031746031673,28.292682926829272,26.34146341463415,False,0.44345898004436446,1.5427463900796514,5,15,5,33.33333333333333,31.573375282023164,38.70192307692306,1998-08-18; 2007-06-04; 2008-04-22; 2015-06-30; 2022-08-02,17.278911564625847,2.721088435374152,历史5/15次成功; 当前距低点2.72%; 最新日涨幅0.44%; 状态bottom_area; 底部未确认
155,69.86294811409022,60.591990130513274,002190,成飞集成,bottom_area,2026-06-10,25.28,2026-05-13,36.38,2026-06-08,24.74,2.182700080840755,5.497170573969293,31.995601979109413,30.511269928532165,False,0.4370282081843424,1.353639092848346,2,7,2,28.57142857142857,31.904626884647758,39.08241291418863,2015-06-30; 2024-02-06,17.817299919159247,2.182700080840755,历史2/7次成功; 当前距低点2.18%; 最新日涨幅0.44%; 状态bottom_area; 底部未确认
156,69.77344210296853,60.42347658491002,688567,孚能科技,bottom_area,2026-06-10,11.18,2026-05-21,15.5,2026-06-10,10.95,2.1004566210045703,5.9360730593607345,29.354838709677423,27.870967741935488,False,-4.116638078902235,1.1283164982519258,2,5,2,40.0,37.91676172473357,52.88270377733598,2021-03-25; 2024-02-05,17.899543378995432,2.1004566210045703,历史2/5次成功; 当前距低点2.10%; 最新日涨幅-4.12%; 状态bottom_area; 底部未确认
157,69.73652183673994,59.40779947293128,000017,深中华A,bottom_area,2026-06-10,5.05,2026-03-31,7.11,2026-06-10,4.99,1.2024048096192306,3.0060120240480854,29.817158931082982,28.973277074542903,False,-1.3671875,1.5719723885854933,8,25,8,32.0,28.56603461754367,46.874999999999986,1992-06-04; 1996-06-17; 1997-05-26; 2000-05-16; 2005-10-11; 2016-03-01; 2020-02-04; 2022-04-27,18.79759519038077,1.2024048096192306,历史8/25次成功; 当前距低点1.20%; 最新日涨幅-1.37%; 状态bottom_area; 底部未确认
158,69.72428910574845,60.01560375841552,600587,新华医疗,bottom_area,2026-06-10,12.66,2026-01-14,17.27,2026-06-10,12.44,1.7684887459807126,2.0900321543408342,27.96757382744644,26.693688477127964,False,-0.4716981132075526,0.8145297721540603,5,13,5,38.46153846153847,24.77289300672874,30.013736263736256,2008-04-22; 2015-07-16; 2019-06-06; 2021-07-28; 2021-11-08,18.23151125401929,1.7684887459807126,历史5/13次成功; 当前距低点1.77%; 最新日涨幅-0.47%; 状态bottom_area; 底部未确认
159,69.67123574876447,60.55118128379744,688355,明志科技,bottom_area,2026-06-10,17.82,2026-05-25,24.07,2026-06-10,17.42,2.2962112514351234,5.33869115958668,27.6277523888658,25.965932696302453,False,-2.4096385542168752,1.227934693678182,2,5,2,40.0,30.787865253061884,35.08474576271185,2021-05-25; 2025-04-07,17.70378874856488,2.2962112514351234,历史2/5次成功; 当前距低点2.30%; 最新日涨幅-2.41%; 状态bottom_area; 底部未确认
160,69.49534849085748,58.989964393659875,000753,漳州发展,bottom_area,2026-06-10,5.02,2026-05-07,6.93,2026-06-09,4.97,1.0060362173038195,3.018108651911476,28.28282828282828,27.561327561327566,False,-0.7905138339920903,1.5491772961505348,4,14,4,28.57142857142857,31.34108201519824,43.344709897610926,2011-01-21; 2020-02-04; 2022-04-27; 2025-11-28,18.993963782696184,1.0060362173038195,历史4/14次成功; 当前距低点1.01%; 最新日涨幅-0.79%; 状态bottom_area; 底部未确认
161,69.41628816045059,59.61690951193079,000927,中国铁物,bottom_area,2026-06-10,2.47,2026-04-10,3.33,2026-06-10,2.43,1.646090534979425,2.0576131687242727,27.027027027027025,25.82582582582582,False,-0.8032128514056214,0.824082819167195,3,9,3,33.33333333333333,32.24012149650835,40.51094890510949,2007-06-26; 2008-04-22; 2012-12-04,18.353909465020575,1.646090534979425,历史3/9次成功; 当前距低点1.65%; 最新日涨幅-0.80%; 状态bottom_area; 底部未确认
162,69.40361066510204,58.94586395867578,601002,晋亿实业,bottom_area,2026-06-10,4.87,2026-04-20,6.81,2026-06-10,4.82,1.0373443983402453,3.3195020746887995,29.221732745961816,28.487518355359757,False,-1.814516129032251,1.549294780868475,3,10,3,30.0,28.39252251016957,35.164835164835154,2007-06-05; 2008-04-02; 2025-04-09,18.962655601659755,1.0373443983402453,历史3/10次成功; 当前距低点1.04%; 最新日涨幅-1.81%; 状态bottom_area; 底部未确认
163,69.37303212876472,58.65537466398432,600316,洪都航空,bottom_area,2026-06-10,26.74,2026-05-08,38.1,2026-06-10,26.53,0.7915567282321798,4.221635883905003,30.367454068241468,29.81627296587927,False,-1.4011799410029613,0.9096315463904497,7,16,7,43.75,33.86491400190153,84.28727670433831,2006-07-04; 2007-10-29; 2015-06-30; 2018-02-09; 2020-02-04; 2022-04-27; 2025-01-08,19.208443271767823,0.7915567282321798,历史7/16次成功; 当前距低点0.79%; 最新日涨幅-1.40%; 状态bottom_area; 底部未确认
164,69.31406108721865,59.147998794426584,600528,中铁工业,bottom_area,2026-06-10,7.04,2026-04-01,9.6,2026-06-10,6.95,1.2949640287769764,1.8705035971223007,27.604166666666664,26.666666666666668,False,-0.5649717514124353,0.5639256910112794,6,20,6,30.0,32.63718698945215,53.020134228187906,2005-12-06; 2008-04-22; 2008-09-18; 2010-02-03; 2012-07-10; 2015-06-30,18.705035971223026,1.2949640287769764,历史6/20次成功; 当前距低点1.29%; 最新日涨幅-0.56%; 状态bottom_area; 底部未确认
165,69.2739615371289,59.25010345502718,002580,圣阳股份,bottom_area,2026-06-10,20.7,2026-06-02,28.49,2026-06-09,20.41,1.42087212150906,6.124448799608035,28.360828360828354,27.342927342927343,False,-3.1805425631431183,9.414778449774984,4,11,4,36.36363636363637,31.15670127700203,44.10526315789473,2015-09-07; 2018-06-20; 2022-09-02; 2025-04-09,18.579127878490944,1.42087212150906,历史4/11次成功; 当前距低点1.42%; 最新日涨幅-3.18%; 状态bottom_area; 底部未确认
166,69.07964865149921,60.78935060813687,600328,中盐化工,bottom_area,2026-06-10,6.57,2026-04-22,9.07,2026-06-09,6.38,2.9780564263322944,3.2915360501567394,29.65821389195149,27.563395810363833,False,1.2326656394453073,1.2422547635267578,5,14,5,35.714285714285715,27.239043641491183,37.26315789473683,2008-04-03; 2011-04-28; 2015-06-30; 2020-11-02; 2022-04-27,17.02194357366771,2.9780564263322944,历史5/14次成功; 当前距低点2.98%; 最新日涨幅1.23%; 状态bottom_area; 底部未确认
167,69.04479996609152,61.603140583593415,603028,赛福天,bottom_area,2026-06-10,7.5,2026-05-19,10.08,2026-06-10,7.23,3.73443983402489,5.809128630705393,28.27380952380952,25.595238095238095,False,-2.088772845953002,1.4991730884267567,3,6,3,50.0,32.40679250091491,43.67816091954023,2017-01-17; 2022-04-27; 2022-10-11,16.265560165975113,3.73443983402489,历史3/6次成功; 当前距低点3.73%; 最新日涨幅-2.09%; 状态bottom_area; 底部未确认
168,69.04414264357462,59.3533889832107,002790,瑞尔特,bottom_area,2026-06-10,5.99,2026-04-02,8.16,2026-06-10,5.89,1.6977928692699582,3.5653650254668925,27.818627450980397,26.59313725490196,False,-0.8278145695364225,1.4633051717028356,1,4,1,25.0,49.512670565302145,49.512670565302145,2022-04-27,18.302207130730043,1.6977928692699582,历史1/4次成功; 当前距低点1.70%; 最新日涨幅-0.83%; 状态bottom_area; 底部未确认
169,69.04179031070242,58.1320725799455,688687,凯因科技,bottom_area,2026-06-10,16.06,2026-04-15,21.98,2026-06-10,15.97,0.5635566687539015,2.5673137132122625,27.34303912647861,26.933575978161972,False,-2.073170731707319,1.0816382748730542,2,5,2,40.0,36.38162249841081,48.75675675675675,2024-02-06; 2024-10-14,19.4364433312461,0.5635566687539015,历史2/5次成功; 当前距低点0.56%; 最新日涨幅-2.07%; 状态bottom_area; 底部未确认
170,68.93025006346973,59.57757006934368,605090,九丰能源,bottom_area,2026-06-10,35.8,2026-05-12,48.1,2026-06-10,35.1,1.9943019943019822,4.558404558404562,27.027027027027028,25.57172557172558,False,0.30820958251611685,1.8945050236495096,1,3,1,33.33333333333333,30.490566037735846,30.490566037735846,2021-07-28,18.00569800569802,1.9943019943019822,历史1/3次成功; 当前距低点1.99%; 最新日涨幅0.31%; 状态bottom_area; 底部未确认
171,68.87677039948079,59.60419597116386,300546,雄帝科技,bottom_area,2026-06-10,16.34,2026-05-11,23.58,2026-06-08,16.01,2.0612117426608263,5.933791380387253,32.10347752332484,30.703986429177267,False,-1.8028846153846145,1.8298982972633437,3,8,3,37.5,28.232573894787905,33.791666666666664,2018-02-07; 2022-01-20; 2022-04-27,17.938788257339176,2.0612117426608263,历史3/8次成功; 当前距低点2.06%; 最新日涨幅-1.80%; 状态bottom_area; 底部未确认
172,68.8678715544668,58.9333864158029,600754,锦江酒店,bottom_area,2026-06-10,19.6,2026-04-30,27.42,2026-06-09,19.32,1.4492753623188466,2.432712215320905,29.540481400437642,28.519328956965715,False,0.7194244604316502,1.1582770015669077,2,10,2,20.0,32.56846366607461,36.62477558348294,2008-04-22; 2009-09-02,18.550724637681153,1.4492753623188466,历史2/10次成功; 当前距低点1.45%; 最新日涨幅0.72%; 状态bottom_area; 底部未确认
173,68.8549992511543,58.57230560117096,688339,亿华通,bottom_area,2026-06-10,19.8,2026-05-14,28.94,2026-06-10,19.58,1.12359550561799,5.873340143003076,32.342778161713895,31.582584657912925,False,-4.807692307692313,2.2890679648454255,2,8,2,25.0,48.48980297838693,76.30996309963099,2024-02-06; 2024-10-17,18.876404494382008,1.12359550561799,历史2/8次成功; 当前距低点1.12%; 最新日涨幅-4.81%; 状态bottom_area; 底部未确认
174,68.80112231447588,60.88938107876388,002652,扬子新材,bottom_area,2026-06-10,4.71,2026-05-25,6.71,2026-06-10,4.56,3.2894736842105345,5.263157894736848,32.04172876304025,29.806259314456035,False,-2.079002079002068,3.7133054813859165,4,8,4,50.0,23.114952036365093,25.60483870967742,2015-06-23; 2015-06-30; 2022-06-14; 2023-10-24,16.71052631578947,3.2894736842105345,历史4/8次成功; 当前距低点3.29%; 最新日涨幅-2.08%; 状态bottom_area; 底部未确认
175,68.71990959428481,59.78357554606326,002564,天沃科技,bottom_area,2026-06-10,4.79,2026-04-27,6.57,2026-06-08,4.68,2.350427350427357,8.11965811965812,28.767123287671243,27.092846270928465,False,-1.440329218107006,1.2618981045805258,4,10,4,40.0,27.32553712385828,29.903536977491967,2011-10-21; 2012-12-04; 2022-08-15; 2024-02-08,17.649572649572644,2.350427350427357,历史4/10次成功; 当前距低点2.35%; 最新日涨幅-1.44%; 状态bottom_area; 底部未确认
176,68.61271908510955,59.02233039504247,605162,新中港,bottom_area,2026-06-10,9.97,2026-06-05,13.5,2026-06-10,9.8,1.7346938775510197,7.44897959183672,27.4074074074074,26.14814814814814,False,-5.497630331753555,5.230189474779844,2,5,2,40.0,25.900174386337582,26.46502835538753,2021-08-20; 2025-02-05,18.265306122448983,1.7346938775510197,历史2/5次成功; 当前距低点1.73%; 最新日涨幅-5.50%; 状态bottom_area; 底部未确认
177,68.48015401632875,58.174469129071824,002685,华东重机,bottom_area,2026-06-10,6.74,2026-05-21,9.78,2026-06-10,6.67,1.0494752623688197,5.5472263868065985,31.799591002044984,31.083844580777086,False,-2.460202604920403,2.688258943560024,2,11,2,18.181818181818183,67.4891774891775,109.52380952380952,2022-04-27; 2024-08-28,18.95052473763118,1.0494752623688197,历史2/11次成功; 当前距低点1.05%; 最新日涨幅-2.46%; 状态bottom_area; 底部未确认
178,68.44954321261328,59.76725597830191,688639,华恒生物,bottom_area,2026-06-10,20.5,2026-05-18,27.88,2026-06-10,19.99,2.5512756378189176,2.8014007003501864,28.299856527977045,26.470588235294112,False,0.09765625,1.5673546086951633,1,3,1,33.33333333333333,38.33780160857908,38.33780160857908,2025-01-13,17.448724362181085,2.5512756378189176,历史1/3次成功; 当前距低点2.55%; 最新日涨幅0.10%; 状态bottom_area; 底部未确认
179,68.32105473849779,57.968891145834235,300253,卫宁健康,bottom_area,2026-06-10,7.19,2026-05-08,10.13,2026-06-10,7.12,0.9831460674157343,3.9325842696629247,29.71372161895361,29.022704837117473,False,-2.706359945872794,1.984666325513949,5,12,5,41.66666666666667,37.036545768147555,72.9818780889621,2015-07-03; 2015-09-02; 2020-06-22; 2022-04-27; 2025-01-13,19.016853932584265,0.9831460674157343,历史5/12次成功; 当前距低点0.98%; 最新日涨幅-2.71%; 状态bottom_area; 底部未确认
180,68.198025094284,61.06138015884246,600009,上海机场,bottom_area,2026-06-10,23.82,2025-12-25,34.16,2026-06-08,22.92,3.926701570680622,4.493891797556708,32.90398126463699,30.26932084309133,False,0.4215851602023646,0.5536926811303655,5,12,5,41.66666666666667,27.433296093159143,39.633347883020505,2006-03-31; 2015-07-09; 2015-08-25; 2021-05-10; 2021-08-02,16.07329842931938,3.926701570680622,历史5/12次成功; 当前距低点3.93%; 最新日涨幅0.42%; 状态bottom_area; 底部未确认
181,68.18166585578139,60.786299982535255,300267,尔康制药,bottom_area,2026-06-10,3.37,2026-05-25,4.52,2026-06-08,3.25,3.6923076923076956,7.384615384615391,28.097345132743357,25.442477876106185,False,-0.8823529411764675,2.379968841650685,4,8,4,50.0,27.498717854821514,33.65384615384614,2015-06-30; 2015-07-03; 2015-08-25; 2024-02-06,16.307692307692307,3.6923076923076956,历史4/8次成功; 当前距低点3.69%; 最新日涨幅-0.88%; 状态bottom_area; 底部未确认
182,68.17871800287837,57.99970515970517,601390,中国中铁,bottom_area,2026-06-10,4.49,2026-02-25,6.47,2026-06-10,4.44,1.1261261261261222,1.8018018018017834,31.375579598145276,30.602782071097366,False,-0.6637168141592764,0.567914699238836,1,5,1,20.0,46.06060606060606,46.06060606060606,2024-09-18,18.87387387387388,1.1261261261261222,历史1/5次成功; 当前距低点1.13%; 最新日涨幅-0.66%; 状态bottom_area; 底部未确认
183,68.06022418783675,58.93078318606164,600241,时代万恒,bottom_area,2026-06-10,7.32,2026-05-07,10.04,2026-06-10,7.17,2.092050209205026,4.8814504881450445,28.585657370517925,27.091633466135452,False,-2.5299600532623145,1.4784127810840635,5,15,5,33.33333333333333,34.01787274040733,54.53639082751746,2011-04-29; 2015-07-09; 2016-01-14; 2018-10-19; 2022-03-16,17.907949790794973,2.092050209205026,历史5/15次成功; 当前距低点2.09%; 最新日涨幅-2.53%; 状态bottom_area; 底部未确认
184,68.03055950583364,57.7413728358767,002518,科士达,bottom_area,2026-06-10,46.41,2026-05-20,65.58,2026-06-10,45.95,1.0010881392818143,5.244831338411309,29.932906373894475,29.231473010064047,False,-4.994882292732861,2.55110090954258,3,10,3,30.0,31.687385986232485,41.51162790697675,2011-01-25; 2011-06-20; 2024-02-05,18.998911860718188,1.0010881392818143,历史3/10次成功; 当前距低点1.00%; 最新日涨幅-4.99%; 状态bottom_area; 底部未确认
185,68.01779760663929,58.8587008970591,600059,古越龙山,bottom_area,2026-06-10,7.93,2026-01-29,10.89,2026-06-09,7.77,2.059202059202061,2.3166023166023244,28.650137741046837,27.18089990817264,False,1.2771392081736943,1.0943868064286297,1,6,1,16.666666666666664,46.86567164179104,46.86567164179104,2020-12-28,17.94079794079794,2.059202059202061,历史1/6次成功; 当前距低点2.06%; 最新日涨幅1.28%; 状态bottom_area; 底部未确认
186,68.01565389450163,57.70348305225919,002703,浙江世宝,bottom_area,2026-06-10,15.5,2026-05-26,22.58,2026-06-10,15.35,0.9771986970684062,6.775244299674273,32.019486271036314,31.35518157661647,False,-5.832320777642774,5.852574357466268,4,8,4,50.0,27.696215492339505,34.06504065040649,2015-09-16; 2018-02-07; 2019-11-13; 2023-07-24,19.022801302931594,0.9771986970684062,历史4/8次成功; 当前距低点0.98%; 最新日涨幅-5.83%; 状态bottom_area; 底部未确认
187,67.98069985153597,58.713613211599224,600547,山东黄金,bottom_area,2026-06-10,26.61,2026-05-08,36.95,2026-06-10,26.1,1.9540229885057394,2.796934865900371,29.364005412719894,27.98376184032477,False,-2.5274725274725296,1.5056342958749094,4,12,4,33.33333333333333,31.158345656231077,51.09848484848486,2005-07-19; 2008-04-03; 2008-09-11; 2017-05-24,18.045977011494262,1.9540229885057394,历史4/12次成功; 当前距低点1.95%; 最新日涨幅-2.53%; 状态bottom_area; 底部未确认
188,67.93304063863442,59.49049512574056,300535,达威股份,bottom_area,2026-06-10,15.15,2026-05-06,20.29,2026-06-10,14.75,2.7118644067796636,5.423728813559327,27.304090685066534,25.332676195170027,False,-1.1096605744125299,2.5740195104336947,3,7,3,42.857142857142854,23.989878504137753,26.329787234042563,2018-02-06; 2022-04-27; 2024-04-16,17.28813559322034,2.7118644067796636,历史3/7次成功; 当前距低点2.71%; 最新日涨幅-1.11%; 状态bottom_area; 底部未确认
189,67.9174053854952,61.78480471907242,300631,久吾高科,bottom_area,2026-06-10,24.24,2026-05-07,32.58,2026-06-08,23.13,4.798962386511022,7.4362300043234,29.005524861878452,25.59852670349908,True,-2.2186365469947567,2.1206347839871666,4,8,4,50.0,37.23891914149222,50.86505190311419,2018-02-07; 2021-09-06; 2025-04-07; 2026-03-23,15.20103761348898,4.798962386511022,历史4/8次成功; 当前距低点4.80%; 最新日涨幅-2.22%; 状态bottom_area; 底部已确认
190,67.75799052587939,58.49810147692532,600850,电科数字,bottom_area,2026-06-10,18.99,2026-06-02,25.8,2026-06-10,18.63,1.9323671497584511,5.582393988191105,27.790697674418613,26.39534883720931,False,-2.914110429447858,2.5293339665734225,8,24,8,33.33333333333333,29.734221747533645,33.97129186602872,1994-08-10; 1995-01-03; 1996-12-25; 1998-05-12; 2006-04-25; 2008-04-22; 2008-09-18; 2018-08-20,18.067632850241548,1.9323671497584511,历史8/24次成功; 当前距低点1.93%; 最新日涨幅-2.91%; 状态bottom_area; 底部未确认
191,67.74863897073253,60.432615614026666,600692,亚通股份,bottom_area,2026-06-10,6.41,2026-05-11,8.47,2026-06-10,6.18,3.721682847896447,4.854368932038847,27.0365997638725,24.321133412042506,False,0.15624999999999112,2.1912430385451334,11,31,11,35.483870967741936,34.93576616790628,129.8850574712644,1993-12-20; 1994-07-29; 2005-06-23; 2005-12-07; 2008-03-18; 2008-09-08; 2008-09-18; 2009-03-03; 2014-01-13; 2015-01-19; 2015-07-16,16.278317152103554,3.721682847896447,历史11/31次成功; 当前距低点3.72%; 最新日涨幅0.16%; 状态bottom_area; 底部未确认
192,67.73416750771175,60.1699457555815,002742,三圣股份,bottom_area,2026-06-10,3.85,2026-05-13,5.25,2026-06-10,3.72,3.4946236559139754,6.720430107526881,29.14285714285714,26.666666666666668,False,-3.2663316582914548,2.0399644265624644,5,10,5,50.0,31.97681554336218,49.6881496881497,2015-06-30; 2019-01-31; 2020-02-04; 2020-03-24; 2024-02-08,16.505376344086027,3.4946236559139754,历史5/10次成功; 当前距低点3.49%; 最新日涨幅-3.27%; 状态bottom_area; 底部未确认
193,67.5302801327676,56.66243681946992,600585,海螺水泥,bottom_area,2026-06-10,18.78,2026-03-13,25.97,2026-06-10,18.71,0.3741314804917171,1.603420630678785,27.95533307662687,27.68579129765113,False,-1.1578947368421022,0.5608092101850075,4,10,4,40.0,26.158368790274366,30.065359477124165,2006-03-10; 2008-03-18; 2008-09-18; 2015-08-25,19.625868519508284,0.3741314804917171,历史4/10次成功; 当前距低点0.37%; 最新日涨幅-1.16%; 状态bottom_area; 底部未确认
194,67.49825832946684,58.01132363548669,002321,华英农业,bottom_area,2026-06-10,1.81,2026-04-14,2.44,2026-06-09,1.78,1.6853932584269677,3.9325842696629247,27.04918032786885,25.819672131147538,False,-0.5494505494505475,0.8730588079241989,3,9,3,33.33333333333333,24.089714684767927,25.609756097560986,2015-06-30; 2020-02-04; 2024-02-07,18.314606741573034,1.6853932584269677,历史3/9次成功; 当前距低点1.69%; 最新日涨幅-0.55%; 状态bottom_area; 底部未确认
195,67.48789484688038,56.837920140497374,600273,嘉化能源,bottom_area,2026-06-10,6.97,2026-04-09,9.51,2026-06-10,6.93,0.5772005772005777,1.8759018759018746,27.12933753943218,26.708727655099896,False,-0.4285714285714337,1.1896661470682088,5,12,5,41.66666666666667,25.979950483053894,40.27777777777777,2009-08-19; 2010-07-02; 2012-01-20; 2012-11-30; 2018-08-07,19.42279942279942,0.5772005772005777,历史5/12次成功; 当前距低点0.58%; 最新日涨幅-0.43%; 状态bottom_area; 底部未确认
196,67.31502223725582,57.4955564214565,300207,欣旺达,bottom_area,2026-06-10,19.58,2026-05-06,28.28,2026-06-10,19.32,1.3457556935817703,4.296066252587983,31.683168316831683,30.76379066478077,False,-2.635504724017912,2.2990819572173247,3,10,3,30.0,24.375695714101777,27.828571428571436,2015-07-29; 2015-08-26; 2018-10-16,18.65424430641823,1.3457556935817703,历史3/10次成功; 当前距低点1.35%; 最新日涨幅-2.64%; 状态bottom_area; 底部未确认
197,67.28520409266974,57.19762326270224,300233,金城医药,bottom_area,2026-06-10,12.1,2026-04-21,16.48,2026-06-10,11.97,1.0860484544694988,2.5898078529657367,27.366504854368927,26.577669902912625,False,-0.6568144499178974,1.6349247074314672,2,7,2,28.57142857142857,22.685634540897702,23.37878787878789,2015-06-30; 2021-09-16,18.9139515455305,1.0860484544694988,历史2/7次成功; 当前距低点1.09%; 最新日涨幅-0.66%; 状态bottom_area; 底部未确认
198,67.24465901577673,57.76659076831029,600988,赤峰黄金,bottom_area,2026-06-10,28.17,2026-05-26,38.43,2026-06-10,27.71,1.6600505232767984,3.8975099242150786,27.894873796513135,26.69789227166276,False,-4.085801838610825,3.679937511697071,4,11,4,36.36363636363637,26.112690896967415,34.892086330935264,2013-06-21; 2015-06-30; 2015-07-06; 2020-08-13,18.339949476723202,1.6600505232767984,历史4/11次成功; 当前距低点1.66%; 最新日涨幅-4.09%; 状态bottom_area; 底部未确认
199,67.22742351734485,56.657408809865295,300436,广生堂,bottom_area,2026-06-10,85.12,2026-05-29,119.78,2026-06-09,84.6,0.6146572104019035,5.200945626477548,29.370512606445153,28.936383369510764,False,-3.0634324108871347,3.532935395179529,5,13,5,38.46153846153847,42.62810349237441,95.87945879458793,2015-07-08; 2015-08-26; 2025-04-09; 2025-06-20; 2025-08-22,19.3853427895981,0.6146572104019035,历史5/13次成功; 当前距低点0.61%; 最新日涨幅-3.06%; 状态bottom_area; 底部未确认
200,67.14787027950392,59.4291799723395,600072,中船科技,bottom_area,2026-06-10,10.04,2026-05-20,13.52,2026-06-09,9.72,3.292181069958832,7.818930041152261,28.10650887573964,25.739644970414204,True,1.2096774193548265,3.593765416861107,7,25,7,28.000000000000004,31.297595762610925,47.71937948599213,2005-07-18; 2007-10-08; 2007-10-22; 2008-09-18; 2009-03-02; 2014-01-20; 2018-02-09,16.707818930041167,3.292181069958832,历史7/25次成功; 当前距低点3.29%; 最新日涨幅1.21%; 状态bottom_area; 底部已确认
201,67.02885125331008,57.04899181309041,300584,海辰药业,bottom_area,2026-06-10,30.72,2026-04-29,44.31,2026-06-10,30.37,1.1524530786960747,3.984194929206445,31.460167005190705,30.670277589708878,False,-2.5380710659898553,2.4161519419356727,2,10,2,20.0,41.271961465147655,54.23197492163009,2022-01-24; 2022-03-09,18.847546921303927,1.1524530786960747,历史2/10次成功; 当前距低点1.15%; 最新日涨幅-2.54%; 状态bottom_area; 底部未确认
202,67.02036262460504,56.564666517471906,603239,浙江仙通,bottom_area,2026-06-10,17.42,2026-05-19,24.35,2026-06-10,17.3,0.6936416184971156,5.953757225433512,28.952772073921974,28.459958932238187,False,-5.274605764002171,1.5765735815602837,2,5,2,40.0,39.76435165400716,40.42081949058694,2022-04-27; 2024-02-06,19.306358381502886,0.6936416184971156,历史2/5次成功; 当前距低点0.69%; 最新日涨幅-5.27%; 状态bottom_area; 底部未确认
203,66.93871059344194,56.77837059265165,000572,海马汽车,bottom_area,2026-06-10,4.18,2026-04-15,5.92,2026-06-10,4.14,0.966183574879228,3.864734299516912,30.067567567567572,29.3918918918919,False,-2.7906976744186074,1.912585795810253,9,24,9,37.5,39.45574808266819,95.5116696588869,1995-04-27; 1999-01-18; 2000-07-03; 2001-10-22; 2015-06-30; 2018-02-09; 2023-05-26; 2025-04-09; 2025-10-23,19.033816425120772,0.966183574879228,历史9/24次成功; 当前距低点0.97%; 最新日涨幅-2.79%; 状态bottom_area; 底部未确认
204,66.84606804918866,57.129166545313346,601311,骆驼股份,bottom_area,2026-06-10,8.09,2026-04-22,11.28,2026-06-10,7.98,1.3784461152882133,1.8796992481203052,29.25531914893616,28.280141843971627,False,-0.85784313725491,0.9918713502088068,2,7,2,28.57142857142857,25.90181706389658,31.35802469135804,2012-07-31; 2020-02-04,18.62155388471179,1.3784461152882133,历史2/7次成功; 当前距低点1.38%; 最新日涨幅-0.86%; 状态bottom_area; 底部未确认
205,66.83073013207769,59.339737083361754,688302,海创药业,bottom_area,2026-06-10,34.3,2026-05-08,47.07,2026-06-10,33.15,3.469079939668171,5.55052790346909,29.572976418100705,27.129806670915663,False,-1.2096774193548487,1.1775922688946667,2,5,2,40.0,38.6518244398128,40.24920312952768,2023-04-03; 2023-10-23,16.53092006033183,3.469079939668171,历史2/5次成功; 当前距低点3.47%; 最新日涨幅-1.21%; 状态bottom_area; 底部未确认
206,66.7835916219476,57.601379151966256,002437,誉衡药业,bottom_area,2026-06-10,2.71,2026-04-27,3.79,2026-06-09,2.66,1.879699248120294,3.3834586466165355,29.815303430079155,28.49604221635884,False,-0.3676470588235392,1.7559474993834157,3,10,3,30.0,31.48974966494909,32.934131736526965,2011-01-25; 2015-06-30; 2024-02-06,18.120300751879707,1.879699248120294,历史3/10次成功; 当前距低点1.88%; 最新日涨幅-0.37%; 状态bottom_area; 底部未确认
207,66.73773748601029,57.62871696482716,002957,科瑞技术,bottom_area,2026-06-10,53.51,2026-06-03,72.4,2026-06-10,52.49,1.9432272813869234,4.172223280624877,27.500000000000004,26.091160220994485,False,-4.069558981713883,4.616523242063131,2,6,2,33.33333333333333,35.40828942503236,43.38602329450915,2020-02-04; 2023-08-25,18.05677271861308,1.9432272813869234,历史2/6次成功; 当前距低点1.94%; 最新日涨幅-4.07%; 状态bottom_area; 底部未确认
208,66.73324775437149,58.56841379706832,600866,星湖科技,bottom_area,2026-06-10,4.72,2026-05-11,6.33,2026-06-08,4.59,2.8322440087145946,5.446623093681917,27.488151658767773,25.43443917851501,False,1.070663811563155,1.3018951841460231,6,21,6,28.57142857142857,28.98733560565523,38.64864864864864,1994-10-18; 2000-07-25; 2005-12-06; 2012-12-04; 2018-10-19; 2022-01-10,17.167755991285404,2.8322440087145946,历史6/21次成功; 当前距低点2.83%; 最新日涨幅1.07%; 状态bottom_area; 底部未确认
209,66.73192476346514,58.90030523132253,600963,岳阳林纸,bottom_area,2026-06-10,3.61,2026-05-08,4.81,2026-06-10,3.5,3.1428571428571397,4.0000000000000036,27.23492723492723,24.948024948024944,False,1.1204481792717047,1.474122353387147,4,14,4,28.57142857142857,34.57921399328539,40.707964601769895,2005-12-06; 2015-06-30; 2020-06-12; 2024-02-06,16.85714285714286,3.1428571428571397,历史4/14次成功; 当前距低点3.14%; 最新日涨幅1.12%; 状态bottom_area; 底部未确认
210,66.7258083560863,57.15168065638431,300222,科大智能,bottom_area,2026-06-10,12.87,2026-06-01,17.66,2026-06-10,12.68,1.49842271293375,5.520504731861207,28.19932049830125,27.123442808607027,False,-4.878048780487809,6.453135552532855,4,12,4,33.33333333333333,27.391134992150107,31.02595797280593,2018-06-21; 2020-02-04; 2022-04-27; 2024-04-16,18.50157728706625,1.49842271293375,历史4/12次成功; 当前距低点1.50%; 最新日涨幅-4.88%; 状态bottom_area; 底部未确认
211,66.56805577774881,57.429172051850585,002248,华东数控,bottom_area,2026-06-10,9.69,2026-05-07,14.05,2026-06-10,9.51,1.892744479495265,5.362776025236591,32.31316725978648,31.032028469750895,False,-3.5820895522388208,3.9806097330532224,5,14,5,35.714285714285715,28.557915710981952,47.360000000000014,2012-12-03; 2016-03-01; 2018-09-18; 2022-01-28; 2025-04-09,18.107255520504737,1.892744479495265,历史5/14次成功; 当前距低点1.89%; 最新日涨幅-3.58%; 状态bottom_area; 底部未确认
212,66.53912362800729,57.361313472420086,000566,海南海药,bottom_area,2026-06-10,3.85,2026-04-16,5.57,2026-06-10,3.78,1.8518518518518594,3.439153439153448,32.136445242369845,30.879712746858175,False,-1.2820512820512775,1.4907741892261193,9,31,9,29.03225806451613,31.95449298194798,38.29787234042554,1995-01-03; 1996-12-25; 1997-05-26; 1997-06-11; 2001-02-23; 2003-11-10; 2014-01-13; 2022-04-27; 2025-04-09,18.14814814814814,1.8518518518518594,历史9/31次成功; 当前距低点1.85%; 最新日涨幅-1.28%; 状态bottom_area; 底部未确认
213,66.46429068466185,56.65092549712705,300269,联建光电,bottom_area,2026-06-10,4.93,2026-05-21,6.8,2026-06-10,4.87,1.2320328542094374,5.133470225872689,28.38235294117647,27.500000000000004,False,-4.271844660194191,4.239439289601963,3,10,3,30.0,28.655701100669656,37.731481481481474,2019-02-01; 2021-02-08; 2024-01-16,18.767967145790564,1.2320328542094374,历史3/10次成功; 当前距低点1.23%; 最新日涨幅-4.27%; 状态bottom_area; 底部未确认
214,66.46147706899708,56.69699465601647,600550,保变电气,bottom_area,2026-06-10,11.88,2026-05-13,17.32,2026-06-10,11.73,1.278772378516627,3.4953111679454403,32.274826789838336,31.408775981524244,False,-3.0995106035888953,2.121542041079667,5,19,5,26.31578947368421,37.45877699537444,56.0234541577825,2007-11-12; 2015-06-30; 2017-04-24; 2024-02-06; 2025-04-09,18.721227621483376,1.278772378516627,历史5/19次成功; 当前距低点1.28%; 最新日涨幅-3.10%; 状态bottom_area; 底部未确认
215,66.4337591419532,57.3286246402642,601515,衢州东峰,bottom_area,2026-06-10,3.74,2026-05-11,5.2,2026-06-10,3.67,1.9073569482288906,2.9972752043596698,29.42307692307693,28.076923076923077,False,-0.7957559681697535,0.9257506853345708,2,7,2,28.57142857142857,33.45759552656104,34.48275862068966,2015-08-26; 2024-02-06,18.09264305177111,1.9073569482288906,历史2/7次成功; 当前距低点1.91%; 最新日涨幅-0.80%; 状态bottom_area; 底部未确认
216,66.35688913326747,56.94913809422197,688626,翔宇医疗,bottom_area,2026-06-10,48.04,2026-05-19,66.01,2026-06-10,47.28,1.6074450084602325,3.595600676818942,28.37448871383124,27.2231480078776,False,-1.8590398365679328,0.6536875,1,3,1,33.33333333333333,34.09021172138692,34.09021172138692,2024-02-05,18.392554991539768,1.6074450084602325,历史1/3次成功; 当前距低点1.61%; 最新日涨幅-1.86%; 状态bottom_area; 底部未确认
217,66.21384306714207,57.79655334616207,688558,国盛智科,bottom_area,2026-06-10,31.97,2026-05-15,46.01,2026-06-10,31.18,2.53367543296985,5.420141116100057,32.2321234514236,30.515105411866983,False,-2.7972027972028024,1.5259848484848486,1,3,1,33.33333333333333,52.00752823086575,52.00752823086575,2024-02-06,17.46632456703015,2.53367543296985,历史1/3次成功; 当前距低点2.53%; 最新日涨幅-2.80%; 状态bottom_area; 底部未确认
218,66.16062867292874,57.548707629325115,601595,上海电影,bottom_area,2026-06-10,18.35,2026-04-21,25.9,2026-06-10,17.93,2.342442833240389,2.9001673173452294,30.77220077220077,29.15057915057914,False,1.1019283746556585,1.1853190539937528,2,8,2,25.0,25.239125210286,27.67123287671234,2020-02-04; 2020-07-31,17.657557166759613,2.342442833240389,历史2/8次成功; 当前距低点2.34%; 最新日涨幅1.10%; 状态bottom_area; 底部未确认
219,66.05249161806933,57.522320916905414,688158,优刻得,bottom_area,2026-06-10,35.74,2026-05-20,48.69,2026-06-08,34.9,2.4068767908309554,7.249283667621779,28.32203737933867,26.59683713288149,True,-1.024646912212679,5.785751799668132,1,5,1,20.0,174.03218790778604,174.03218790778604,2020-02-03,17.593123209169047,2.4068767908309554,历史1/5次成功; 当前距低点2.41%; 最新日涨幅-1.02%; 状态bottom_area; 底部已确认
220,66.04292221083013,57.461500721500734,600654,中安科,bottom_area,2026-06-10,3.04,2026-05-19,4.09,2026-06-10,2.97,2.3569023569023515,4.040404040404029,27.38386308068459,25.672371638141804,False,-0.3278688524590123,2.7156181236179813,5,21,5,23.809523809523807,73.34541849495714,157.57575757575756,1992-09-08; 1992-10-27; 1993-02-24; 1993-12-20; 1994-10-14,17.64309764309765,2.3569023569023515,历史5/21次成功; 当前距低点2.36%; 最新日涨幅-0.33%; 状态bottom_area; 底部未确认
221,65.96229755722145,56.704256398336625,300349,金卡智能,bottom_area,2026-06-10,11.38,2026-05-25,16.15,2026-06-10,11.19,1.6979445933869641,4.647006255585357,30.71207430340557,29.535603715170268,False,-3.2312925170067897,2.2305552074830355,1,4,1,25.0,45.48693586698337,45.48693586698337,2024-02-06,18.30205540661304,1.6979445933869641,历史1/4次成功; 当前距低点1.70%; 最新日涨幅-3.23%; 状态bottom_area; 底部未确认
222,65.96120958839523,58.89589928265843,603599,广信股份,bottom_area,2026-06-10,10.72,2026-04-29,15.35,2026-06-10,10.33,3.775411423039696,5.711519845111325,32.70358306188925,30.162866449511395,False,1.611374407582944,1.7862954029404756,2,7,2,28.57142857142857,42.30941727367327,53.36666666666666,2015-07-09; 2021-10-15,16.224588576960304,3.775411423039696,历史2/7次成功; 当前距低点3.78%; 最新日涨幅1.61%; 状态bottom_area; 底部未确认
223,65.87812033497886,56.5959255864453,688298,东方生物,bottom_area,2026-06-10,19.56,2026-05-11,26.88,2026-06-10,19.24,1.6632016632016646,3.4303534303534313,28.42261904761905,27.23214285714286,False,-0.6602336211274928,0.5743551587301587,3,11,3,27.27272727272727,29.339334879763456,43.41065934979629,2020-03-24; 2020-09-10; 2024-10-18,18.33679833679834,1.6632016632016646,历史3/11次成功; 当前距低点1.66%; 最新日涨幅-0.66%; 状态bottom_area; 底部未确认
224,65.82266879783496,57.55793908330862,002858,力盛体育,bottom_area,2026-06-10,12.48,2026-04-30,17.45,2026-06-09,12.16,2.6315789473684235,4.851973684210525,30.315186246418335,28.481375358166183,False,0.9708737864077666,4.0531867773697705,3,11,3,27.27272727272727,23.908763399997493,27.574525745257443,2018-06-22; 2020-02-04; 2023-12-28,17.36842105263158,2.6315789473684235,历史3/11次成功; 当前距低点2.63%; 最新日涨幅0.97%; 状态bottom_area; 底部未确认
225,65.81706076559016,55.84519107952616,603232,格尔软件,bottom_area,2026-06-10,16.42,2026-06-03,24.22,2026-06-10,16.26,0.9840098400984018,5.658056580565794,32.86540049545829,32.204789430222945,False,-5.141536683997671,4.937959360138349,5,12,5,41.66666666666667,35.84444542088083,48.01488833746897,2017-08-11; 2018-02-07; 2022-11-28; 2024-02-07; 2025-01-06,19.015990159901598,0.9840098400984018,历史5/12次成功; 当前距低点0.98%; 最新日涨幅-5.14%; 状态bottom_area; 底部未确认
226,65.79713565467965,56.80215058909371,300937,药易购,bottom_area,2026-06-10,21.66,2026-04-15,31.64,2026-06-10,21.25,1.929411764705883,3.7647058823529442,32.83817951959545,31.542351453855876,False,-1.1861313868613221,2.2366155612035747,1,4,1,25.0,38.63553447646844,38.63553447646844,2023-01-12,18.070588235294117,1.929411764705883,历史1/4次成功; 当前距低点1.93%; 最新日涨幅-1.19%; 状态bottom_area; 底部未确认
227,65.7776911350741,57.19215972927244,605108,同庆楼,bottom_area,2026-06-10,12.79,2026-04-23,17.8,2026-06-09,12.5,2.319999999999993,3.1200000000000045,29.775280898876407,28.146067415730347,False,1.186708860759489,0.8283846153846154,1,3,1,33.33333333333333,21.658206429780034,21.658206429780034,2024-10-18,17.680000000000007,2.319999999999993,历史1/3次成功; 当前距低点2.32%; 最新日涨幅1.19%; 状态bottom_area; 底部未确认
228,65.77750053241256,56.623103337739636,002045,国光电器,bottom_area,2026-06-10,8.61,2026-04-29,11.93,2026-06-10,8.46,1.7730496453900542,3.9007092198581352,29.086336965632846,27.829002514668904,False,-1.6000000000000014,2.4445240757802575,5,19,5,26.31578947368421,32.90534070609789,40.89958158995815,2014-05-21; 2021-02-08; 2022-04-27; 2022-10-11; 2024-02-06,18.226950354609947,1.7730496453900542,历史5/19次成功; 当前距低点1.77%; 最新日涨幅-1.60%; 状态bottom_area; 底部未确认
229,65.74106494563766,56.396958777331164,600468,百利电气,bottom_area,2026-06-10,5.77,2026-05-14,8.07,2026-06-10,5.68,1.5845070422535186,5.809859154929579,29.615861214374235,28.500619578686504,False,-4.785478547854782,2.1787929221062226,5,16,5,31.25,28.902606632630025,36.741214057507996,2001-10-22; 2005-12-08; 2008-01-23; 2008-04-03; 2020-02-04,18.415492957746483,1.5845070422535186,历史5/16次成功; 当前距低点1.58%; 最新日涨幅-4.79%; 状态bottom_area; 底部未确认
230,65.68777723326573,56.78415843356217,603421,鼎信通讯,bottom_area,2026-06-10,6.62,2026-05-12,9.07,2026-06-10,6.49,2.0030816640986115,6.009244992295835,28.44542447629548,27.012127894156563,False,-3.9187227866473107,1.3814368489076805,2,6,2,33.33333333333333,31.601351045019722,42.086956521739125,2018-02-07; 2024-02-06,17.99691833590139,2.0030816640986115,历史2/6次成功; 当前距低点2.00%; 最新日涨幅-3.92%; 状态bottom_area; 底部未确认
231,65.62832143608206,56.091045851411046,300650,太龙股份,bottom_area,2026-06-10,12.48,2026-05-11,17.39,2026-06-10,12.31,1.3809910641754666,5.280259951259141,29.212190914318576,28.234617596319723,False,-3.852080123266566,3.9145783741868967,2,7,2,28.57142857142857,30.5667729217494,39.52308472856417,2018-02-07; 2020-09-29,18.619008935824535,1.3809910641754666,历史2/7次成功; 当前距低点1.38%; 最新日涨幅-3.85%; 状态bottom_area; 底部未确认
232,65.56578817320565,56.61488574183352,000661,长春高新,bottom_area,2026-06-10,66.16,2026-05-11,90.0,2026-06-10,64.9,1.9414483821263342,2.5423728813559188,27.888888888888886,26.488888888888894,False,-0.0755172934602033,1.694457570154995,4,15,4,26.666666666666668,34.165168744166095,44.403632282420155,1997-07-08; 2008-09-18; 2015-07-09; 2024-02-05,18.05855161787367,1.9414483821263342,历史4/15次成功; 当前距低点1.94%; 最新日涨幅-0.08%; 状态bottom_area; 底部未确认
233,65.55141495752392,56.19256044584214,300231,银信科技,bottom_area,2026-06-10,8.55,2026-05-19,11.63,2026-06-10,8.42,1.5439429928741186,4.988123515439429,27.601031814273437,26.48323301805675,False,-2.5085518814139007,1.9919459560833828,2,8,2,25.0,30.63306704083404,37.33451015004414,2015-09-02; 2024-10-14,18.45605700712588,1.5439429928741186,历史2/8次成功; 当前距低点1.54%; 最新日涨幅-2.51%; 状态bottom_area; 底部未确认
234,65.46741200332298,56.08076972974394,600577,精达股份,bottom_area,2026-06-10,10.79,2026-05-26,15.23,2026-06-10,10.63,1.5051740357478678,10.065851364063954,30.203545633617857,29.152987524622464,False,-8.636748518204918,4.971415077475411,2,6,2,33.33333333333333,21.716307515676057,22.57462686567164,2015-06-30; 2025-04-09,18.494825964252133,1.5051740357478678,历史2/6次成功; 当前距低点1.51%; 最新日涨幅-8.64%; 状态bottom_area; 底部未确认
235,65.46558697003218,55.364508998497755,300002,神州泰岳,bottom_area,2026-06-10,7.52,2026-05-08,10.23,2026-06-08,7.46,0.8042895442359197,4.55764075067024,27.077223851417404,26.49071358748779,False,-1.5706806282722474,1.765812590306472,4,11,4,36.36363636363637,32.33195540220536,50.374064837905244,2012-12-04; 2013-06-25; 2018-10-16; 2022-04-27,19.195710455764083,0.8042895442359197,历史4/11次成功; 当前距低点0.80%; 最新日涨幅-1.57%; 状态bottom_area; 底部未确认
236,65.45119132912221,56.2185512114667,002021,中捷资源,bottom_area,2026-06-10,2.46,2026-05-11,3.4,2026-06-10,2.42,1.6528925619834725,5.371900826446277,28.823529411764703,27.647058823529413,False,-3.149606299212604,2.676768090667613,5,17,5,29.411764705882355,32.76454342106684,50.76923076923077,2012-11-28; 2013-06-25; 2020-12-25; 2022-04-27; 2025-04-09,18.34710743801653,1.6528925619834725,历史5/17次成功; 当前距低点1.65%; 最新日涨幅-3.15%; 状态bottom_area; 底部未确认
237,65.32150224718443,58.46541149150504,300841,康华生物,bottom_area,2026-06-10,44.94,2026-05-11,62.0,2026-06-10,43.25,3.9075144508670467,4.208092485549134,30.241935483870968,27.516129032258068,False,1.4446952595936757,1.6389431637600493,1,4,1,25.0,49.35238945958015,49.35238945958015,2024-02-05,16.092485549132952,3.9075144508670467,历史1/4次成功; 当前距低点3.91%; 最新日涨幅1.44%; 状态bottom_area; 底部未确认
238,65.25211644967119,56.114545232721305,002550,千红制药,bottom_area,2026-06-10,5.92,2026-04-15,8.08,2026-06-10,5.82,1.7182130584192379,2.0618556701030943,27.970297029702966,26.732673267326735,False,0.8517887563884052,0.9217094300862184,1,5,1,20.0,20.71005917159764,20.71005917159764,2021-02-04,18.281786941580762,1.7182130584192379,历史1/5次成功; 当前距低点1.72%; 最新日涨幅0.85%; 状态bottom_area; 底部未确认
239,65.20092060259357,57.14385586728314,600742,富维股份,bottom_area,2026-06-10,7.83,2026-04-17,10.54,2026-06-08,7.62,2.755905511811023,3.6745406824147016,27.70398481973434,25.711574952561662,False,0.256081946222797,0.6055113681944154,4,16,4,25.0,28.130755022646614,32.21153846153846,1998-08-18; 2008-04-03; 2008-04-22; 2020-06-29,17.244094488188978,2.755905511811023,历史4/16次成功; 当前距低点2.76%; 最新日涨幅0.26%; 状态bottom_area; 底部未确认
240,65.15893926154406,55.24210669947767,002131,利欧股份,bottom_area,2026-06-10,5.37,2026-05-19,7.59,2026-06-08,5.32,0.939849624060147,6.015037593984951,29.907773386034254,29.249011857707508,False,-3.2432432432432434,4.2266901146687585,4,11,4,36.36363636363637,43.550636493491076,90.33101045296168,2015-09-02; 2017-12-29; 2019-01-04; 2026-01-23,19.060150375939855,0.939849624060147,历史4/11次成功; 当前距低点0.94%; 最新日涨幅-3.24%; 状态bottom_area; 底部未确认
241,65.15851151518041,55.6593207703705,002177,御银股份,bottom_area,2026-06-10,6.0,2026-05-21,8.28,2026-06-10,5.92,1.3513513513513526,4.3918918918918886,28.502415458937193,27.536231884057965,False,-3.3816425120772986,4.3660499529862555,4,15,4,26.666666666666668,32.00932895045652,48.84393063583816,2020-02-04; 2024-04-17; 2025-04-09; 2026-01-30,18.64864864864865,1.3513513513513526,历史4/15次成功; 当前距低点1.35%; 最新日涨幅-3.38%; 状态bottom_area; 底部未确认
242,65.07039499044556,56.70412251096839,300753,爱朋医疗,bottom_area,2026-06-10,20.55,2026-05-19,29.2,2026-06-10,20.06,2.4426719840478666,4.586241276171495,31.3013698630137,29.623287671232873,False,-2.375296912114011,3.584544860830906,2,6,2,33.33333333333333,26.344523125076314,28.044496487119456,2022-12-27; 2025-03-31,17.557328015952134,2.4426719840478666,历史2/6次成功; 当前距低点2.44%; 最新日涨幅-2.38%; 状态bottom_area; 底部未确认
243,65.0637722891622,55.38241825783139,600354,敦煌种业,bottom_area,2026-06-10,5.24,2026-03-30,7.15,2026-06-10,5.18,1.158301158301168,2.895752895752903,27.55244755244756,26.713286713286717,False,-0.7575757575757569,2.023902483574647,2,12,2,16.666666666666664,39.60579694672788,52.58620689655174,2005-07-18; 2017-04-24,18.841698841698832,1.158301158301168,历史2/12次成功; 当前距低点1.16%; 最新日涨幅-0.76%; 状态bottom_area; 底部未确认
244,65.05080802382047,58.562825856725055,000830,鲁西化工,bottom_area,2026-06-10,12.33,2026-04-30,17.35,2026-06-09,11.83,4.22654268808115,7.269653423499572,31.815561959654183,28.93371757925073,True,-0.5645161290322553,1.3063706681563747,3,7,3,42.857142857142854,28.375885022158663,36.31813125695217,1998-08-18; 2008-03-18; 2018-02-12,15.77345731191885,4.22654268808115,历史3/7次成功; 当前距低点4.23%; 最新日涨幅-0.56%; 状态bottom_area; 底部已确认
245,65.0266684907461,56.88348080439896,300986,志特新材,bottom_area,2026-06-10,18.19,2026-05-11,25.4,2026-06-10,17.72,2.652370203160285,6.659142212189615,30.236220472440944,28.385826771653534,False,-0.8178844056706547,4.805068366522795,2,8,2,25.0,47.93486487959358,54.76987447698747,2025-04-09; 2026-01-19,17.347629796839716,2.652370203160285,历史2/8次成功; 当前距低点2.65%; 最新日涨幅-0.82%; 状态bottom_area; 底部未确认
246,65.01057969432048,57.115772706135445,300615,欣天科技,bottom_area,2026-06-10,11.04,2026-05-20,15.98,2026-06-10,10.73,2.8890959925442563,4.380242311276783,32.85356695869837,30.913642052565717,False,-2.214348981399472,2.999138308282524,3,8,3,37.5,25.0022127372922,28.90625000000001,2019-05-07; 2020-02-04; 2024-04-16,17.110904007455748,2.8890959925442563,历史3/8次成功; 当前距低点2.89%; 最新日涨幅-2.21%; 状态bottom_area; 底部未确认
247,64.9509944389798,55.62695473934056,300238,冠昊生物,bottom_area,2026-06-10,10.87,2026-04-08,15.85,2026-06-10,10.71,1.4939309056955963,3.5480859010270676,32.42902208201892,31.41955835962145,False,-1.7179023508137492,1.2570242682321873,2,8,2,25.0,26.979124754443685,32.574850299401206,2015-06-30; 2015-08-26,18.506069094304404,1.4939309056955963,历史2/8次成功; 当前距低点1.49%; 最新日涨幅-1.72%; 状态bottom_area; 底部未确认
248,64.93949644403372,57.9411975885271,000935,四川双马,bottom_area,2026-06-10,25.55,2026-05-13,34.13,2026-06-08,24.63,3.735282176207884,8.729192042224938,27.834749487254623,25.139173747436278,False,-0.9305932531989081,1.0498921616743941,6,15,6,40.0,34.3959190875327,53.142857142857146,2004-08-19; 2007-10-29; 2015-07-06; 2016-10-17; 2020-02-04; 2022-04-26,16.264717823792118,3.735282176207884,历史6/15次成功; 当前距低点3.74%; 最新日涨幅-0.93%; 状态bottom_area; 底部未确认
249,64.85147568284292,58.70970405896252,688429,时创能源,bottom_area,2026-06-10,10.84,2026-05-14,15.25,2026-06-10,10.37,4.532304725168763,5.400192864030863,32.00000000000001,28.918032786885245,False,-0.6416131989000928,2.8793103616891367,3,6,3,50.0,26.63096146423276,34.1723874904653,2024-02-06; 2024-07-10; 2025-04-07,15.46769527483124,4.532304725168763,历史3/6次成功; 当前距低点4.53%; 最新日涨幅-0.64%; 状态bottom_area; 底部未确认
250,64.84458551817993,55.55157167003313,002589,瑞康医药,bottom_area,2026-06-10,2.69,2026-04-16,3.95,2026-06-10,2.65,1.5094339622641524,2.641509433962275,32.911392405063296,31.898734177215193,False,-1.465201465201471,1.8664804836182487,2,9,2,22.22222222222222,32.78239542171958,37.073170731707336,2022-02-24; 2024-02-06,18.49056603773585,1.5094339622641524,历史2/9次成功; 当前距低点1.51%; 最新日涨幅-1.47%; 状态bottom_area; 底部未确认
251,64.83545224369682,55.59062228024286,600121,郑州煤电,bottom_area,2026-06-10,4.57,2026-06-04,6.25,2026-06-10,4.5,1.555555555555562,9.333333333333332,28.000000000000004,26.879999999999992,False,-5.77319587628865,12.255386205174588,7,23,7,30.434782608695656,25.978879331210734,34.4549125168237,1999-09-08; 2015-06-30; 2016-05-26; 2018-10-19; 2021-01-29; 2022-04-27; 2024-02-06,18.44444444444444,1.555555555555562,历史7/23次成功; 当前距低点1.56%; 最新日涨幅-5.77%; 状态bottom_area; 底部未确认
252,64.83179752938852,58.611772674170425,002467,二六三,bottom_area,2026-06-10,5.39,2026-05-11,7.17,2026-06-08,5.16,4.457364341085262,7.558139534883715,28.033472803347276,24.82566248256625,True,0.5597014925373012,3.393569144183486,5,15,5,33.33333333333333,29.63026902425535,43.69942196531791,2011-09-30; 2015-07-29; 2016-03-01; 2018-02-07; 2019-05-06,15.542635658914739,4.457364341085262,历史5/15次成功; 当前距低点4.46%; 最新日涨幅0.56%; 状态bottom_area; 底部已确认
253,64.82017447777122,56.430414080999114,300795,米奥会展,bottom_area,2026-06-10,9.43,2026-05-27,12.99,2026-06-08,9.21,2.3887079261671973,5.754614549402816,29.099307159353344,27.40569668976136,False,-2.2797927461139955,2.4313562958055206,2,6,2,33.33333333333333,24.211477523263383,26.767850983097624,2020-09-11; 2024-01-09,17.611292073832804,2.3887079261671973,历史2/6次成功; 当前距低点2.39%; 最新日涨幅-2.28%; 状态bottom_area; 底部未确认
254,64.81089271008474,56.2812251655629,603657,春光科技,bottom_area,2026-06-10,23.16,2026-05-27,31.03,2026-06-10,22.65,2.25165562913908,7.1523178807947065,27.00612310667097,25.362552368675477,False,-4.49484536082474,1.801020785561062,1,4,1,25.0,120.64323111443534,120.64323111443534,2025-04-09,17.74834437086092,2.25165562913908,历史1/4次成功; 当前距低点2.25%; 最新日涨幅-4.49%; 状态bottom_area; 底部未确认
255,64.74361652445215,56.914084376448784,002998,优彩资源,bottom_area,2026-06-10,7.4,2026-05-08,10.45,2026-06-10,7.19,2.9207232267037546,4.311543810848395,31.196172248803823,29.186602870813388,False,-0.26954177897573484,2.5808698876995453,1,3,1,33.33333333333333,56.29770992366411,56.29770992366411,2025-04-09,17.079276773296247,2.9207232267037546,历史1/3次成功; 当前距低点2.92%; 最新日涨幅-0.27%; 状态bottom_area; 底部未确认
256,64.66182850544823,55.956073588476265,600983,惠而浦,bottom_area,2026-06-10,8.42,2026-04-13,11.47,2026-06-10,8.25,2.0606060606060597,2.1818181818181785,28.073234524847436,26.59110723626853,False,-0.23696682464454666,0.2747250652596999,3,12,3,25.0,35.69492154117244,48.23874755381604,2010-07-02; 2011-01-25; 2024-02-08,17.93939393939394,2.0606060606060597,历史3/12次成功; 当前距低点2.06%; 最新日涨幅-0.24%; 状态bottom_area; 底部未确认
257,64.539939558907,54.687325564820675,301186,超达装备,bottom_area,2026-06-10,56.56,2026-05-11,80.39,2026-06-10,56.05,0.9099018733273954,4.710080285459412,30.277397686279393,29.642990421694236,False,-3.1672658791302766,1.4774317067831133,2,6,2,33.33333333333333,46.76649732620321,52.372994652406426,2022-04-27; 2025-04-09,19.090098126672604,0.9099018733273954,历史2/6次成功; 当前距低点0.91%; 最新日涨幅-3.17%; 状态bottom_area; 底部未确认
258,64.52894918687312,54.99626351153959,300015,爱尔眼科,bottom_area,2026-06-10,8.25,2026-04-24,11.29,2026-06-09,8.15,1.2269938650306704,3.5582822085889463,27.81222320637732,26.92648361381753,False,0.0,0.8079787105750189,1,7,1,14.285714285714285,21.05734767025089,21.05734767025089,2015-08-26,18.773006134969332,1.2269938650306704,历史1/7次成功; 当前距低点1.23%; 最新日涨幅0.00%; 状态bottom_area; 底部未确认
259,64.4064835367117,55.17434128250961,000721,西安饮食,bottom_area,2026-06-10,6.06,2026-04-16,8.38,2026-06-10,5.97,1.5075376884422087,3.1825795644891186,28.758949880668265,27.684964200477342,False,-0.8183306055646544,1.7389520192393901,8,33,8,24.242424242424242,26.353926034735903,39.05429071803854,2005-07-18; 2008-04-03; 2009-08-19; 2015-08-04; 2015-08-27; 2015-09-16; 2022-04-28; 2023-10-23,18.49246231155779,1.5075376884422087,历史8/33次成功; 当前距低点1.51%; 最新日涨幅-0.82%; 状态bottom_area; 底部未确认
260,64.34444686794276,54.02968820972291,002558,巨人网络,bottom_area,2026-06-10,24.2,2026-05-14,33.15,2026-06-10,24.1,0.41493775933609073,2.1991701244813178,27.300150829562586,26.998491704374057,False,-2.182700080840738,1.7510872811718443,2,6,2,33.33333333333333,26.948456815461654,31.38435081685295,2024-04-22; 2025-04-09,19.585062240663913,0.41493775933609073,历史2/6次成功; 当前距低点0.41%; 最新日涨幅-2.18%; 状态bottom_area; 底部未确认
261,64.33530721074669,55.02068437237906,688161,威高骨科,bottom_area,2026-06-10,22.21,2026-04-23,32.18,2026-06-10,21.9,1.4155251141552616,2.7397260273972672,31.945307644499692,30.981976382846486,False,-1.6386182462355903,0.423125,1,5,1,20.0,33.591836734693864,33.591836734693864,2024-02-06,18.58447488584474,1.4155251141552616,历史1/5次成功; 当前距低点1.42%; 最新日涨幅-1.64%; 状态bottom_area; 底部未确认
262,64.25048192496119,55.71536255485563,600108,亚盛集团,bottom_area,2026-06-10,3.29,2026-05-08,4.49,2026-06-09,3.22,2.1739130434782554,5.279503105590059,28.285077951002226,26.7260579064588,False,0.3048780487804992,3.7363826444350225,2,12,2,16.666666666666664,31.37213778128701,35.906040268456366,2008-09-18; 2022-04-27,17.82608695652175,2.1739130434782554,历史2/12次成功; 当前距低点2.17%; 最新日涨幅0.30%; 状态bottom_area; 底部未确认
263,64.23119957610427,54.63363253382694,605066,天正电气,bottom_area,2026-06-10,6.33,2026-05-28,8.7,2026-06-10,6.26,1.1182108626198128,3.993610223642172,28.04597701149425,27.241379310344822,False,-3.65296803652968,2.339236871327782,1,3,1,33.33333333333333,25.859247135842878,25.859247135842878,2025-04-09,18.88178913738019,1.1182108626198128,历史1/3次成功; 当前距低点1.12%; 最新日涨幅-3.65%; 状态bottom_area; 底部未确认
264,64.14629708571873,55.9350920902674,688185,康希诺,bottom_area,2026-06-10,50.45,2026-05-19,68.48,2026-06-10,49.23,2.478163721308158,3.2500507820434725,28.110397196261687,26.328855140186917,False,0.1389440254069063,1.1573545791696143,2,10,2,20.0,29.060781585215047,36.75601999091322,2023-08-29; 2024-02-05,17.521836278691843,2.478163721308158,历史2/10次成功; 当前距低点2.48%; 最新日涨幅0.14%; 状态bottom_area; 底部未确认
265,64.0415151273794,55.81932612312812,688395,正弦电气,bottom_area,2026-06-10,24.63,2026-05-19,33.28,2026-06-10,24.04,2.4542429284525786,6.405990016638932,27.764423076923084,25.99158653846154,False,-3.3359497645211955,1.735265580195056,1,4,1,25.0,67.22759781236853,67.22759781236853,2021-10-28,17.54575707154742,2.4542429284525786,历史1/4次成功; 当前距低点2.45%; 最新日涨幅-3.34%; 状态bottom_area; 底部未确认
266,64.03217412377099,54.14303526295693,002402,和而泰,bottom_area,2026-06-10,24.09,2026-05-11,33.92,2026-06-10,23.9,0.7949790794979132,4.1841004184100425,29.540094339622648,28.979952830188683,False,-2.862903225806457,2.9169974856168923,4,12,4,33.33333333333333,32.21642059612279,50.57692307692307,2015-06-30; 2015-09-07; 2016-02-01; 2020-02-04,19.20502092050209,0.7949790794979132,历史4/12次成功; 当前距低点0.79%; 最新日涨幅-2.86%; 状态bottom_area; 底部未确认
267,64.00770966654625,54.26085277854785,000959,首钢股份,bottom_area,2026-06-10,3.24,2026-04-29,4.73,2026-06-10,3.21,0.9345794392523442,3.4267912772585634,32.135306553911214,31.501057082452434,False,-2.9940119760478945,0.5572019191832098,5,13,5,38.46153846153847,23.449967204533266,25.423728813559325,2005-07-18; 2008-03-18; 2008-09-18; 2017-04-24; 2022-03-16,19.065420560747658,0.9345794392523442,历史5/13次成功; 当前距低点0.93%; 最新日涨幅-2.99%; 状态bottom_area; 底部未确认
268,63.9864038989011,54.39546963953068,002163,海南发展,bottom_area,2026-06-10,9.29,2026-05-13,13.15,2026-06-10,9.19,1.0881392818280702,3.155603917301425,30.114068441064646,29.35361216730039,False,-1.588983050847459,1.953322302838988,3,15,3,20.0,26.217350548917622,32.54716981132074,2015-09-08; 2016-03-01; 2024-02-06,18.91186071817193,1.0881392818280702,历史3/15次成功; 当前距低点1.09%; 最新日涨幅-1.59%; 状态bottom_area; 底部未确认
269,63.83684326025233,54.92992619544288,000707,双环科技,bottom_area,2026-06-10,4.65,2026-04-22,6.48,2026-06-10,4.57,1.7505470459518613,3.9387308533916783,29.475308641975307,28.240740740740737,False,-1.6913319238900604,1.3938351024243703,4,19,4,21.052631578947366,34.92990824675987,62.17564870259482,2008-04-03; 2008-04-22; 2021-01-14; 2024-02-06,18.249452954048138,1.7505470459518613,历史4/19次成功; 当前距低点1.75%; 最新日涨幅-1.69%; 状态bottom_area; 底部未确认
270,63.75056053850724,55.04236541340186,001236,弘业期货,bottom_area,2026-06-10,7.37,2026-05-14,10.15,2026-06-10,7.23,1.936376210235127,3.73443983402489,28.768472906403943,27.38916256157636,False,-1.8641810918774926,1.5090139575876322,1,4,1,25.0,29.259694477085784,29.259694477085784,2025-01-13,18.063623789764875,1.936376210235127,历史1/4次成功; 当前距低点1.94%; 最新日涨幅-1.86%; 状态bottom_area; 底部未确认
271,63.68437019583893,54.79489754664133,000545,金浦钛业,bottom_area,2026-06-10,2.33,2026-05-08,3.15,2026-06-10,2.29,1.746724890829696,5.676855895196502,27.3015873015873,26.031746031746028,False,-2.9166666666666563,2.894125183538463,5,27,5,18.51851851851852,39.64767384284986,94.35975609756099,1995-01-23; 2008-04-23; 2020-02-04; 2022-04-27; 2025-04-09,18.253275109170307,1.746724890829696,历史5/27次成功; 当前距低点1.75%; 最新日涨幅-2.92%; 状态bottom_area; 底部未确认
272,63.624924143288695,54.144524399394676,001258,立新能源,bottom_area,2026-06-10,7.95,2026-06-03,11.59,2026-06-10,7.86,1.1450381679389294,7.506361323155203,32.18291630716134,31.406384814495254,False,-7.879490150637314,4.179118610222105,1,3,1,33.33333333333333,23.55848434925864,23.55848434925864,2025-01-13,18.854961832061072,1.1450381679389294,历史1/3次成功; 当前距低点1.15%; 最新日涨幅-7.88%; 状态bottom_area; 底部未确认
273,63.32532645671222,55.25795115839376,002451,摩恩电气,bottom_area,2026-06-10,7.74,2026-05-13,10.48,2026-06-10,7.55,2.516556291390734,3.5761589403973573,27.95801526717558,26.14503816793893,False,-2.0253164556962022,2.1393878465576264,4,13,4,30.76923076923077,25.030642487981847,35.29411764705884,2020-02-04; 2022-07-07; 2025-04-09; 2025-11-24,17.48344370860927,2.516556291390734,历史4/13次成功; 当前距低点2.52%; 最新日涨幅-2.03%; 状态bottom_area; 底部未确认
274,63.25292023894725,56.93576189532328,002020,京新药业,bottom_area,2026-06-10,12.6,2026-04-02,17.18,2026-06-08,12.09,4.21836228287841,5.624483043837881,29.627473806752036,26.658905704307333,False,3.109656301145658,1.6177777087139935,3,9,3,33.33333333333333,26.883304123401725,32.730732635585156,2008-09-18; 2015-08-25; 2018-10-18,15.78163771712159,4.21836228287841,历史3/9次成功; 当前距低点4.22%; 最新日涨幅3.11%; 状态bottom_area; 底部未确认
275,63.21473085132884,53.628112509010194,603897,长城科技,bottom_area,2026-06-10,37.29,2026-05-29,51.59,2026-06-10,36.93,0.9748172217709165,8.231789872732193,28.416359759643345,27.71855010660981,False,-6.961077844311381,6.320369879089925,2,5,2,40.0,27.42309556262304,31.712857791912754,2020-02-04; 2025-06-23,19.025182778229084,0.9748172217709165,历史2/5次成功; 当前距低点0.97%; 最新日涨幅-6.96%; 状态bottom_area; 底部未确认
276,63.21230538597022,54.260107309906125,000932,华菱钢铁,bottom_area,2026-06-10,3.77,2026-03-25,5.29,2026-06-09,3.71,1.617250673854449,3.7735849056603805,29.867674858223065,28.733459357277884,False,-1.5665796344647487,1.3605226111403732,2,12,2,16.666666666666664,39.197699890470965,55.72289156626506,2008-03-18; 2024-09-12,18.382749326145554,1.617250673854449,历史2/12次成功; 当前距低点1.62%; 最新日涨幅-1.57%; 状态bottom_area; 底部未确认
277,63.19984529439595,55.15118443748817,300618,寒锐钴业,bottom_area,2026-06-10,34.59,2026-05-07,50.11,2026-06-08,33.74,2.519264967397752,6.283343212803786,32.66813011374975,30.97186190381161,False,-1.424907381020235,1.842260847339679,2,7,2,28.57142857142857,29.25173574660932,32.46899661781286,2018-02-05; 2024-02-05,17.480735032602247,2.519264967397752,历史2/7次成功; 当前距低点2.52%; 最新日涨幅-1.42%; 状态bottom_area; 底部未确认
278,63.1974454487294,56.176497046981375,600686,金龙汽车,bottom_area,2026-06-10,12.61,2026-04-27,17.65,2026-06-10,12.18,3.5303776683087005,4.43349753694582,30.991501416430587,28.55524079320113,False,1.77562550443906,1.799420736533835,5,21,5,23.809523809523807,35.00279588971569,54.365079365079374,1994-03-11; 2000-09-22; 2007-05-24; 2008-09-18; 2024-02-06,16.4696223316913,3.5303776683087005,历史5/21次成功; 当前距低点3.53%; 最新日涨幅1.78%; 状态bottom_area; 底部未确认
279,63.16275485191508,54.24153793022365,300805,电声股份,bottom_area,2026-06-10,8.05,2026-05-08,10.98,2026-06-10,7.92,1.6414141414141512,5.176767676767679,27.868852459016395,26.684881602914384,False,-2.6602176541716926,2.2891520874974356,1,4,1,25.0,21.338506304558674,21.338506304558674,2020-04-28,18.358585858585847,1.6414141414141512,历史1/4次成功; 当前距低点1.64%; 最新日涨幅-2.66%; 状态bottom_area; 底部未确认
280,63.15993957107528,56.65078105963832,600839,四川长虹,bottom_area,2026-06-10,6.98,2026-04-20,9.88,2026-06-09,6.71,4.0238450074515715,6.557377049180333,32.085020242914986,29.352226720647774,False,0.5763688760807018,1.5305575591547813,4,16,4,25.0,41.022299336709146,89.25233644859811,1996-12-17; 1999-12-27; 2018-10-19; 2020-02-04,15.97615499254843,4.0238450074515715,历史4/16次成功; 当前距低点4.02%; 最新日涨幅0.58%; 状态bottom_area; 底部未确认
281,63.10898293958848,53.1423708831389,000880,潍柴重机,bottom_area,2026-06-10,24.73,2026-05-25,35.68,2026-06-10,24.59,0.5693371289141951,6.344042293615286,31.081838565022423,30.68946188340807,False,-5.646699732926363,7.93998781118556,4,13,4,30.76923076923077,39.84118030679173,51.803885291396846,2008-04-07; 2008-10-17; 2015-07-16; 2025-03-31,19.430662871085804,0.5693371289141951,历史4/13次成功; 当前距低点0.57%; 最新日涨幅-5.65%; 状态bottom_area; 底部未确认
282,63.048325272563744,55.438175699296636,688338,赛科希德,bottom_area,2026-06-10,24.2,2026-04-24,32.99,2026-06-08,23.51,2.934921310080807,5.8273075287111755,28.735980600181872,26.64443770839649,False,-1.0224948875255602,0.6896395633004084,1,3,1,33.33333333333333,42.23904813412657,42.23904813412657,2024-02-06,17.065078689919194,2.934921310080807,历史1/3次成功; 当前距低点2.93%; 最新日涨幅-1.02%; 状态bottom_area; 底部未确认
283,63.02994063456445,55.286778711484594,002969,嘉美包装,bottom_area,2026-06-10,14.68,2026-05-27,21.1,2026-06-10,14.28,2.801120448179274,9.523809523809533,32.32227488151659,30.426540284360193,False,-7.498424700693129,8.55850432781675,1,3,1,33.33333333333333,52.20588235294118,52.20588235294118,2020-04-28,17.198879551820728,2.801120448179274,历史1/3次成功; 当前距低点2.80%; 最新日涨幅-7.50%; 状态bottom_area; 底部未确认
284,63.02954609615063,52.83015894362704,000981,山子高科,bottom_area,2026-06-10,3.17,2026-05-14,4.58,2026-06-10,3.16,0.3164556962025249,4.746835443037972,31.004366812227076,30.78602620087337,False,-5.3731343283582085,2.7630606180652597,7,23,7,30.434782608695656,35.78742225626044,65.60376372190278,2003-05-13; 2007-10-29; 2008-04-07; 2008-04-23; 2015-07-06; 2016-09-26; 2024-11-18,19.683544303797476,0.3164556962025249,历史7/23次成功; 当前距低点0.32%; 最新日涨幅-5.37%; 状态bottom_area; 底部未确认
285,63.02423029348266,54.34057094912139,300011,鼎汉技术,bottom_area,2026-06-10,6.02,2026-03-31,8.22,2026-06-10,5.91,1.8612521150592118,4.90693739424704,28.102189781021902,26.763990267639915,False,-1.6339869281045805,1.651552616813779,2,9,2,22.22222222222222,30.584248472585113,40.183486238532105,2019-01-31; 2021-02-10,18.13874788494079,1.8612521150592118,历史2/9次成功; 当前距低点1.86%; 最新日涨幅-1.63%; 状态bottom_area; 底部未确认
286,62.99356872468802,54.28793577981653,300195,长荣股份,bottom_area,2026-06-10,5.55,2026-04-08,7.75,2026-06-10,5.45,1.8348623853210944,4.954128440366964,29.677419354838708,28.387096774193548,False,-3.310104529616731,3.262389880999793,1,4,1,25.0,34.17431192660549,34.17431192660549,2022-04-27,18.165137614678905,1.8348623853210944,历史1/4次成功; 当前距低点1.83%; 最新日涨幅-3.31%; 状态bottom_area; 底部未确认
287,62.88839375325531,54.29200640207168,300380,安硕信息,bottom_area,2026-06-10,29.57,2026-04-30,40.95,2026-06-10,29.01,1.930368838331605,4.308859014133057,29.15750915750916,27.789987789987798,False,-2.215608465608465,1.6685837472388727,2,13,2,15.384615384615385,45.98520082509536,65.51724137931036,2014-12-11; 2015-09-02,18.069631161668394,1.930368838331605,历史2/13次成功; 当前距低点1.93%; 最新日涨幅-2.22%; 状态bottom_area; 底部未确认
288,62.867908981985636,55.17679428092781,600233,圆通速递,bottom_area,2026-06-10,17.06,2026-04-23,22.86,2026-06-09,16.59,2.8330319469559906,3.3755274261603296,27.42782152230971,25.371828521434825,False,0.7678676904902426,0.4079533967875569,3,13,3,23.076923076923077,22.66724258057775,26.027397260273965,2009-08-19; 2015-08-26; 2016-12-26,17.16696805304401,2.8330319469559906,历史3/13次成功; 当前距低点2.83%; 最新日涨幅0.77%; 状态bottom_area; 底部未确认
289,62.838181738270315,55.08221119353098,300039,上海凯宝,bottom_area,2026-06-10,4.46,2026-04-09,6.16,2026-06-10,4.34,2.7649769585253483,10.829493087557598,29.545454545454547,27.5974025974026,False,-10.799999999999999,4.508257504671049,3,9,3,33.33333333333333,31.790458739975485,49.888971132494454,2015-05-04; 2022-01-25; 2024-01-22,17.235023041474655,2.7649769585253483,历史3/9次成功; 当前距低点2.76%; 最新日涨幅-10.80%; 状态bottom_area; 底部未确认
290,62.677813027060274,55.418335199727544,300505,川金诺,bottom_area,2026-06-10,18.81,2026-05-12,26.68,2026-06-09,18.22,3.238199780461031,5.543358946212962,31.709145427286362,29.497751124437787,False,0.4271222637479921,4.813968828705605,2,9,2,22.22222222222222,30.784274965715763,39.35656836461126,2017-01-17; 2021-09-06,16.76180021953897,3.238199780461031,历史2/9次成功; 当前距低点3.24%; 最新日涨幅0.43%; 状态bottom_area; 底部未确认
291,62.66340755717693,53.80278791086168,002121,科陆电子,bottom_area,2026-06-10,6.23,2026-05-28,8.78,2026-06-10,6.13,1.6313213703099598,7.177814029363791,30.182232346241456,29.043280182232333,False,-5.4628224582701,2.7688060543590907,2,11,2,18.181818181818183,43.84369842954653,54.0059347181009,2011-08-09; 2025-04-09,18.36867862969004,1.6313213703099598,历史2/11次成功; 当前距低点1.63%; 最新日涨幅-5.46%; 状态bottom_area; 底部未确认
292,62.63144997946641,57.115196006216436,603077,和邦生物,bottom_area,2026-06-10,2.34,2026-04-30,3.07,2026-06-09,2.23,4.932735426008963,7.623318385650221,27.361563517915304,23.778501628664493,True,1.298701298701288,1.7809130744930193,2,6,2,33.33333333333333,27.411287334320132,34.63241806908769,2012-12-04; 2015-06-30,15.067264573991038,4.932735426008963,历史2/6次成功; 当前距低点4.93%; 最新日涨幅1.30%; 状态bottom_area; 底部已确认
293,62.47303057464568,52.74866742010078,300507,苏奥传感,bottom_area,2026-06-10,7.03,2026-05-11,9.58,2026-06-10,6.98,0.7163323782234932,4.154727793696263,27.13987473903966,26.61795407098121,False,-3.9617486338797803,1.3756536865522326,4,12,4,33.33333333333333,33.97081671568287,48.92221180880975,2018-02-09; 2019-05-06; 2020-02-04; 2022-04-27,19.283667621776505,0.7163323782234932,历史4/12次成功; 当前距低点0.72%; 最新日涨幅-3.96%; 状态bottom_area; 底部未确认
294,62.442526320471465,53.78586619857124,002663,普邦股份,bottom_area,2026-06-10,1.69,2026-05-19,2.34,2026-06-10,1.66,1.8072289156626522,6.626506024096392,29.059829059829056,27.777777777777775,False,-4.519774011299438,3.6863628941497097,2,11,2,18.181818181818183,45.90900752155568,66.45569620253163,2022-04-27; 2025-04-09,18.192771084337352,1.8072289156626522,历史2/11次成功; 当前距低点1.81%; 最新日涨幅-4.52%; 状态bottom_area; 底部未确认
295,62.42290173191584,55.74655441745855,300601,康泰生物,bottom_area,2026-06-10,11.79,2026-05-11,15.89,2026-06-09,11.36,3.7852112676056313,4.137323943661977,28.508495909376975,25.80239144115797,False,2.0779220779220564,1.399229677737211,2,7,2,28.57142857142857,25.49758275975091,26.157407407407412,2020-11-30; 2024-10-16,16.214788732394368,3.7852112676056313,历史2/7次成功; 当前距低点3.79%; 最新日涨幅2.08%; 状态bottom_area; 底部未确认
296,62.37414252531438,53.0544080192738,601789,宁波建工,bottom_area,2026-06-10,4.52,2026-05-18,6.45,2026-06-10,4.47,1.1185682326621884,2.684563758389264,30.69767441860466,29.922480620155046,False,-0.8771929824561431,2.6656088963125786,1,6,1,16.666666666666664,26.602564102564102,26.602564102564102,2020-02-04,18.881431767337816,1.1185682326621884,历史1/6次成功; 当前距低点1.12%; 最新日涨幅-0.88%; 状态bottom_area; 底部未确认
297,62.35138215812287,54.64283882402003,688176,亚虹医药,bottom_area,2026-06-10,10.08,2026-04-15,14.59,2026-06-10,9.81,2.752293577981647,3.058103975535157,32.76216586703221,30.911583276216586,False,0.09930486593843213,1.7477958380818177,1,5,1,20.0,25.473484848484844,25.473484848484844,2022-04-27,17.247706422018354,2.752293577981647,历史1/5次成功; 当前距低点2.75%; 最新日涨幅0.10%; 状态bottom_area; 底部未确认
298,62.310635025496296,56.291242469954724,000712,锦龙股份,bottom_area,2026-06-10,8.51,2026-05-29,11.7,2026-06-09,8.15,4.417177914110422,6.380368098159504,30.341880341880334,27.264957264957264,False,-0.7001166861143604,2.2959158148571577,7,18,7,38.88888888888889,36.29132199948531,59.41515285777579,1997-05-23; 2007-07-17; 2008-04-22; 2015-06-30; 2018-02-09; 2020-02-04; 2022-04-27,15.58282208588958,4.417177914110422,历史7/18次成功; 当前距低点4.42%; 最新日涨幅-0.70%; 状态bottom_area; 底部未确认
299,62.23520454730566,53.268615835276776,002052,同洲电子,bottom_area,2026-06-10,9.03,2026-05-14,12.23,2026-06-08,8.9,1.4606741573033595,7.415730337078654,27.22812755519215,26.16516762060508,True,-2.903225806451626,1.8365586465153156,2,12,2,16.666666666666664,22.75422713581599,24.698795180722875,2011-10-24; 2025-09-09,18.53932584269664,1.4606741573033595,历史2/12次成功; 当前距低点1.46%; 最新日涨幅-2.90%; 状态bottom_area; 底部已确认
300,62.21877510241142,53.14562472209874,300067,安诺其,bottom_area,2026-06-10,5.26,2026-05-20,7.37,2026-06-08,5.19,1.3487475915221463,5.5876685934489405,29.57937584803256,28.629579375848035,False,-1.4981273408239737,4.392243211309518,2,10,2,20.0,22.692307692307693,24.444444444444436,2012-07-17; 2024-10-11,18.651252408477855,1.3487475915221463,历史2/10次成功; 当前距低点1.35%; 最新日涨幅-1.50%; 状态bottom_area; 底部未确认
301,62.17909064987985,55.786200025804725,300132,青松股份,bottom_area,2026-06-10,6.44,2026-05-26,8.48,2026-06-08,6.19,4.038772213247173,5.331179321486255,27.004716981132077,24.056603773584907,False,-0.3095975232198067,2.2233253306461402,2,5,2,40.0,26.530111139829415,27.16981132075473,2011-01-26; 2015-08-26,15.96122778675283,4.038772213247173,历史2/5次成功; 当前距低点4.04%; 最新日涨幅-0.31%; 状态bottom_area; 底部未确认
302,62.170226051963155,53.723058346507926,603727,博迈科,bottom_area,2026-06-10,13.89,2026-05-20,19.48,2026-06-10,13.62,1.9823788546255605,2.7165932452276143,30.082135523613967,28.696098562628336,False,-0.9978617248752597,0.8106650929962144,2,9,2,22.22222222222222,28.749067631713114,36.00944510035418,2017-01-16; 2024-02-06,18.01762114537444,1.9823788546255605,历史2/9次成功; 当前距低点1.98%; 最新日涨幅-1.00%; 状态bottom_area; 底部未确认
303,62.140941933377505,53.22986777288048,605388,均瑶健康,bottom_area,2026-06-10,5.4,2026-05-07,7.31,2026-06-10,5.32,1.5037593984962419,3.3834586466165355,27.22298221614226,26.12859097127222,False,-1.098901098901095,1.2323725848745706,1,5,1,20.0,25.045372050816695,25.045372050816695,2025-04-09,18.49624060150376,1.5037593984962419,历史1/5次成功; 当前距低点1.50%; 最新日涨幅-1.10%; 状态bottom_area; 底部未确认
304,62.0594414788066,55.140407530805625,603320,迪贝电气,bottom_area,2026-06-10,19.78,2026-05-25,26.2,2026-06-10,19.11,3.5060177917320865,5.494505494505499,27.061068702290076,24.503816793893122,False,-1.4940239043824577,1.6190154231399547,2,6,2,33.33333333333333,30.972014852803454,38.22861468584406,2024-04-17; 2025-04-09,16.493982208267916,3.5060177917320865,历史2/6次成功; 当前距低点3.51%; 最新日涨幅-1.49%; 状态bottom_area; 底部未确认
305,61.893691947070934,55.55586924769376,603050,科林电气,bottom_area,2026-06-10,19.46,2026-05-29,27.38,2026-06-08,18.7,4.064171122994661,9.625668449197864,31.70197224251278,28.926223520818112,True,-2.845731402895657,1.695951911540293,3,10,3,30.0,38.076233376997756,41.09311740890686,2022-04-27; 2024-02-06; 2024-04-16,15.93582887700534,4.064171122994661,历史3/10次成功; 当前距低点4.06%; 最新日涨幅-2.85%; 状态bottom_area; 底部已确认
306,61.715547370477296,52.12461771155177,000852,石化机械,bottom_area,2026-06-10,5.5,2026-05-12,7.55,2026-06-10,5.46,0.7326007326007333,3.296703296703291,27.68211920529801,27.1523178807947,False,-1.9607843137254943,1.037864516200108,5,16,5,31.25,25.113964418717398,33.53115727002968,2007-06-05; 2007-06-26; 2007-10-30; 2008-04-22; 2017-07-18,19.26739926739927,0.7326007326007333,历史5/16次成功; 当前距低点0.73%; 最新日涨幅-1.96%; 状态bottom_area; 底部未确认
307,61.666240476839484,52.679702919913126,000850,华茂股份,bottom_area,2026-06-10,3.74,2026-04-21,5.18,2026-06-10,3.69,1.3550135501355085,3.2520325203252063,28.764478764478763,27.799227799227793,False,-1.319261213720313,0.9977470361786818,2,16,2,12.5,36.5141602915166,52.66903914590747,2018-10-19; 2021-02-08,18.644986449864493,1.3550135501355085,历史2/16次成功; 当前距低点1.36%; 最新日涨幅-1.32%; 状态bottom_area; 底部未确认
308,61.64348491693755,52.84612325039972,000905,厦门港务,bottom_area,2026-06-10,8.53,2026-05-14,11.86,2026-06-10,8.4,1.5476190476190357,3.0952380952380927,29.173693086003365,28.077571669477237,False,-1.501154734411092,1.5174824755029865,1,11,1,9.090909090909092,47.156227501799854,47.156227501799854,2008-03-18,18.452380952380963,1.5476190476190357,历史1/11次成功; 当前距低点1.55%; 最新日涨幅-1.50%; 状态bottom_area; 底部未确认
309,61.62912393860549,55.35507936507935,688148,芳源股份,bottom_area,2026-06-10,7.87,2026-05-13,11.14,2026-06-08,7.56,4.100529100529108,6.746031746031756,32.136445242369845,29.353680430879713,False,-0.631313131313127,2.597256185076309,2,5,2,40.0,24.96927803379417,26.66666666666668,2022-04-28; 2024-10-18,15.899470899470893,4.100529100529108,历史2/5次成功; 当前距低点4.10%; 最新日涨幅-0.63%; 状态bottom_area; 底部未确认
310,61.57386048704705,55.46427055009401,000526,学大教育,bottom_area,2026-06-10,26.69,2026-05-08,36.26,2026-06-08,25.6,4.257812499999999,5.937499999999998,29.39878654164368,26.3927192498621,False,1.9091256204658347,1.9011463825549535,7,24,7,29.166666666666668,28.483421416275988,40.679442508710785,2001-02-26; 2007-10-25; 2008-03-20; 2010-02-03; 2017-07-12; 2019-05-06; 2020-02-04,15.742187500000002,4.257812499999999,历史7/24次成功; 当前距低点4.26%; 最新日涨幅1.91%; 状态bottom_area; 底部未确认
311,61.50875027795726,53.30047684398376,603196,璞源材料,bottom_area,2026-06-10,22.0,2026-05-11,30.09,2026-06-10,21.54,2.1355617455896048,3.528319405756739,28.4147557328016,26.886008640744436,False,-1.3452914798206317,0.9976019880332634,2,8,2,25.0,22.33633131144113,22.85714285714286,2021-04-23; 2021-07-28,17.8644382544104,2.1355617455896048,历史2/8次成功; 当前距低点2.14%; 最新日涨幅-1.35%; 状态bottom_area; 底部未确认
312,61.46167781753476,53.38877792906697,300810,中科海讯,bottom_area,2026-06-10,24.8,2026-05-11,34.32,2026-06-10,24.25,2.268041237113405,5.5670103092783565,29.34149184149184,27.73892773892774,False,-1.7821782178217838,2.2041234836789014,1,6,1,16.666666666666664,42.490566037735846,42.490566037735846,2024-04-16,17.731958762886595,2.268041237113405,历史1/6次成功; 当前距低点2.27%; 最新日涨幅-1.78%; 状态bottom_area; 底部未确认
313,61.42005643656764,52.88937281762078,002988,豪美新材,bottom_area,2026-06-10,24.44,2026-05-20,35.05,2026-06-10,24.01,1.7909204498125768,8.371511870054135,31.497860199714683,30.271041369472172,False,-6.072252113758636,1.6187077769894,1,5,1,20.0,36.949846468782,36.949846468782,2022-04-27,18.209079550187425,1.7909204498125768,历史1/5次成功; 当前距低点1.79%; 最新日涨幅-6.07%; 状态bottom_area; 底部未确认
314,61.352196790685134,52.091487841147746,600375,汉马科技,bottom_area,2026-06-10,3.96,2026-05-06,5.42,2026-06-10,3.92,1.020408163265307,3.3163265306122423,27.67527675276753,26.937269372693727,False,-2.463054187192115,1.2707992542400328,2,14,2,14.285714285714285,25.38105159274082,28.688524590163926,2020-02-04; 2022-04-27,18.979591836734695,1.020408163265307,历史2/14次成功; 当前距低点1.02%; 最新日涨幅-2.46%; 状态bottom_area; 底部未确认
315,61.288401038331784,52.24689915484281,603390,通达电气,bottom_area,2026-06-10,11.43,2026-05-19,15.68,2026-06-10,11.29,1.2400354295837075,4.6944198405668836,27.997448979591844,27.10459183673469,False,-3.46283783783784,2.0232578147532485,1,6,1,16.666666666666664,33.96512509476878,33.96512509476878,2020-02-04,18.759964570416294,1.2400354295837075,历史1/6次成功; 当前距低点1.24%; 最新日涨幅-3.46%; 状态bottom_area; 底部未确认
316,61.12804160940663,52.44987739978559,001299,美能能源,bottom_area,2026-06-10,10.19,2026-06-02,13.83,2026-06-10,10.03,1.5952143569292139,4.586241276171495,27.476500361532903,26.31959508315257,False,-3.8679245283018915,3.159236675006206,1,4,1,25.0,21.35465663217309,21.35465663217309,2026-05-06,18.404785643070788,1.5952143569292139,历史1/4次成功; 当前距低点1.60%; 最新日涨幅-3.87%; 状态bottom_area; 底部未确认
317,60.875278445790876,52.37872890902202,002724,海洋王,bottom_area,2026-06-10,5.24,2026-04-28,7.32,2026-06-10,5.15,1.7475728155339778,5.825242718446598,29.6448087431694,28.415300546448087,False,-1.3182674199623268,1.8777152568451294,2,10,2,20.0,23.45803724967472,25.204081632653047,2015-06-30; 2022-04-27,18.252427184466026,1.7475728155339778,历史2/10次成功; 当前距低点1.75%; 最新日涨幅-1.32%; 状态bottom_area; 底部未确认
318,60.81968244194478,54.127169123043515,600390,五矿资本,bottom_area,2026-06-10,4.61,2026-01-23,6.4,2026-06-09,4.45,3.595505617977531,3.595505617977531,30.46875,27.968749999999996,False,1.7660044150110465,0.7691706899820611,3,14,3,21.428571428571427,29.941976593107544,38.6578449905482,2009-03-02; 2009-04-28; 2015-09-02,16.40449438202247,3.595505617977531,历史3/14次成功; 当前距低点3.60%; 最新日涨幅1.77%; 状态bottom_area; 底部未确认
319,60.64704642935708,51.66521050025842,600562,国睿科技,bottom_area,2026-06-10,21.03,2026-04-23,30.78,2026-06-10,20.78,1.2030798845043311,6.256015399422507,32.48862897985705,31.676413255360625,False,-2.2769516728624484,0.6846677545864375,2,13,2,15.384615384615385,22.947487295313383,24.155844155844157,2006-04-25; 2008-03-18,18.79692011549567,1.2030798845043311,历史2/13次成功; 当前距低点1.20%; 最新日涨幅-2.28%; 状态bottom_area; 底部未确认
320,60.639402204764394,54.90969490982602,000032,深桑达A,bottom_area,2026-06-10,15.64,2026-05-20,21.35,2026-06-08,14.96,4.545454545454543,10.561497326203197,29.929742388758783,26.74473067915691,True,0.6435006435006496,1.981766976216607,5,20,5,25.0,28.861996093883818,51.40324963072379,2005-04-21; 2008-07-03; 2020-02-04; 2023-08-28; 2024-02-06,15.454545454545457,4.545454545454543,历史5/20次成功; 当前距低点4.55%; 最新日涨幅0.64%; 状态bottom_area; 底部已确认
321,60.54252022928764,52.39817927269592,301315,威士顿,bottom_area,2026-06-10,39.49,2026-05-11,53.5,2026-06-10,38.69,2.0677177565262452,5.737916774360297,27.68224299065421,26.186915887850464,False,-3.659429129055869,3.92027027027027,1,4,1,25.0,26.868686868686865,26.868686868686865,2024-01-31,17.932282243473757,2.0677177565262452,历史1/4次成功; 当前距低点2.07%; 最新日涨幅-3.66%; 状态bottom_area; 底部未确认
322,60.51573778337199,52.46772269241655,000560,我爱我家,bottom_area,2026-06-10,2.36,2026-05-12,3.42,2026-06-10,2.31,2.164502164502157,3.0303030303030236,32.45614035087719,30.99415204678363,False,-0.42194092827004814,2.625801751063344,5,27,5,18.51851851851852,32.257121852250066,44.13265306122448,1998-08-18; 2007-06-06; 2011-01-25; 2015-08-04; 2016-01-29,17.835497835497844,2.164502164502157,历史5/27次成功; 当前距低点2.16%; 最新日涨幅-0.42%; 状态bottom_area; 底部未确认
323,60.451291650354705,53.67731712499582,603456,九洲药业,bottom_area,2026-06-10,12.52,2026-04-15,17.79,2026-06-09,12.1,3.4710743801652884,3.719008264462819,31.98426082068578,29.623383923552556,False,1.3765182186234792,1.0305740695863268,1,5,1,20.0,29.09336941813261,29.09336941813261,2015-06-30,16.528925619834713,3.4710743801652884,历史1/5次成功; 当前距低点3.47%; 最新日涨幅1.38%; 状态bottom_area; 底部未确认
324,60.42405436669832,50.995154391460865,688122,西部超导,bottom_area,2026-06-10,53.9,2026-05-25,73.88,2026-06-10,53.53,0.6912011955912525,4.427423874462913,27.54466702761234,27.043854899837573,False,-4.500354358610914,2.566617107832883,1,2,1,50.0,21.457489878542514,21.457489878542514,2024-07-09,19.30879880440875,0.6912011955912525,历史1/2次成功; 当前距低点0.69%; 最新日涨幅-4.50%; 状态bottom_area; 底部未确认
325,60.28255123728528,54.11158424302569,002617,露笑科技,bottom_area,2026-06-10,8.19,2026-05-27,10.87,2026-06-09,7.87,4.066073697585761,9.275730622617528,27.598896044158227,24.65501379944802,True,-3.98593200468933,5.530075111635563,4,13,4,30.76923076923077,38.88296921247969,43.64820846905539,2012-12-04; 2015-09-02; 2019-01-30; 2022-04-27,15.933926302414239,4.066073697585761,历史4/13次成功; 当前距低点4.07%; 最新日涨幅-3.99%; 状态bottom_area; 底部已确认
326,60.237844911580304,50.847827910657486,603686,福龙马,bottom_area,2026-06-10,14.35,2026-05-08,20.28,2026-06-10,14.25,0.7017543859649098,2.947368421052631,29.73372781065089,29.24063116370809,False,-2.0477815699658786,2.098305804465963,3,11,3,27.27272727272727,26.488810858862294,29.942693409742116,2015-02-10; 2019-05-24; 2024-02-06,19.298245614035093,0.7017543859649098,历史3/11次成功; 当前距低点0.70%; 最新日涨幅-2.05%; 状态bottom_area; 底部未确认
327,60.196048491933574,51.73289010989009,600399,抚顺特钢,bottom_area,2026-06-10,4.23,2026-04-20,6.09,2026-06-10,4.16,1.6826923076923146,3.1249999999999973,31.691297208538582,30.541871921182256,False,-1.6279069767441756,1.800106485472339,1,10,1,10.0,40.85714285714285,40.85714285714285,2014-07-24,18.317307692307686,1.6826923076923146,历史1/10次成功; 当前距低点1.68%; 最新日涨幅-1.63%; 状态bottom_area; 底部未确认
328,60.14957971254201,51.285431123325296,002355,兴民智通,bottom_area,2026-06-10,4.86,2026-05-15,6.77,2026-06-10,4.8,1.2500000000000104,5.000000000000004,29.098966026587885,28.212703101920226,False,-3.7623762376237546,2.8045190335711103,2,13,2,15.384615384615385,31.6958662544372,42.253521126760575,2020-02-04; 2023-07-26,18.749999999999993,1.2500000000000104,历史2/13次成功; 当前距低点1.25%; 最新日涨幅-3.76%; 状态bottom_area; 底部未确认
329,59.98712518539383,50.83991714607411,600838,上海九百,bottom_area,2026-06-10,7.67,2026-04-20,10.55,2026-06-10,7.6,0.9210526315789511,3.289473684210526,27.962085308056878,27.298578199052137,False,-1.1597938144329856,1.3541640946198805,5,19,5,26.31578947368421,31.207817140749334,41.49484536082475,1996-07-15; 1997-07-08; 2006-11-14; 2008-04-22; 2018-02-07,19.07894736842105,0.9210526315789511,历史5/19次成功; 当前距低点0.92%; 最新日涨幅-1.16%; 状态bottom_area; 底部未确认
330,59.977264407137525,50.65822030692764,002985,北摩高科,bottom_area,2026-06-10,27.43,2026-04-23,40.22,2026-06-10,27.23,0.7344840249724542,3.8927653323540166,32.29736449527598,31.80009945300845,False,-2.2800142500890686,1.1157326602495665,1,4,1,25.0,30.794859590671102,30.794859590671102,2024-02-06,19.265515975027547,0.7344840249724542,历史1/4次成功; 当前距低点0.73%; 最新日涨幅-2.28%; 状态bottom_area; 底部未确认
331,59.94951097370249,53.618021232426585,002386,天原股份,bottom_area,2026-06-10,5.64,2026-04-30,7.44,2026-06-10,5.43,3.867403314917127,4.972375690607744,27.016129032258075,24.193548387096783,False,1.8050541516245522,1.6781407683453538,2,12,2,16.666666666666664,40.855022170811644,48.85290148448042,2022-04-27; 2024-02-06,16.132596685082873,3.867403314917127,历史2/12次成功; 当前距低点3.87%; 最新日涨幅1.81%; 状态bottom_area; 底部未确认
332,59.882628024499745,51.78393797982837,300577,开润股份,bottom_area,2026-06-10,15.64,2026-05-07,22.36,2026-06-10,15.33,2.022178734507505,2.8049575994781457,31.440071556350624,30.053667262969586,False,-0.5089058524173073,1.5269602098576724,1,5,1,20.0,23.626373626373624,23.626373626373624,2022-04-28,17.977821265492498,2.022178734507505,历史1/5次成功; 当前距低点2.02%; 最新日涨幅-0.51%; 状态bottom_area; 底部未确认
333,59.838112150433055,51.778966550270034,300950,德固特,bottom_area,2026-06-10,17.36,2026-05-11,23.66,2026-06-10,17.01,2.057613168724267,4.05643738977071,28.10650887573964,26.627218934911244,False,-1.6987542468856254,1.9640280847946139,1,5,1,20.0,24.03400309119012,24.03400309119012,2025-04-09,17.942386831275734,2.057613168724267,历史1/5次成功; 当前距低点2.06%; 最新日涨幅-1.70%; 状态bottom_area; 底部未确认
334,59.79559483222739,52.51406640791909,688560,明冠新材,bottom_area,2026-06-10,13.27,2026-05-07,18.48,2026-06-10,12.9,2.8682170542635594,5.736434108527133,30.1948051948052,28.192640692640698,False,-2.783882783882785,2.4391225981421525,2,8,2,25.0,27.089254256129024,30.203498750446258,2021-08-20; 2023-04-26,17.13178294573644,2.8682170542635594,历史2/8次成功; 当前距低点2.87%; 最新日涨幅-2.78%; 状态bottom_area; 底部未确认
335,59.75708789080176,53.53974685932709,603829,洛凯股份,bottom_area,2026-06-10,19.41,2026-05-26,26.6,2026-06-09,18.67,3.9635779325120426,9.266202463845724,29.812030075187966,27.030075187969928,True,-1.671732522796343,2.1355995792731526,2,8,2,25.0,36.837121212121204,48.67424242424241,2023-04-25; 2026-01-06,16.03642206748796,3.9635779325120426,历史2/8次成功; 当前距低点3.96%; 最新日涨幅-1.67%; 状态bottom_area; 底部已确认
336,59.64999573661129,50.338032230703966,000858,五粮液,bottom_area,2026-06-10,79.14,2026-01-30,110.78,2026-06-10,78.6,0.6870229007633667,1.463104325699753,29.048564722874172,28.56111211410002,False,0.03792188092528459,0.5944202015917921,1,6,1,16.666666666666664,24.074074074074055,24.074074074074055,2006-03-31,19.312977099236633,0.6870229007633667,历史1/6次成功; 当前距低点0.69%; 最新日涨幅0.04%; 状态bottom_area; 底部未确认
337,59.45958405354506,52.5389377682147,600619,海立股份,bottom_area,2026-06-10,14.5,2026-05-21,19.79,2026-06-08,14.05,3.2028469750889625,5.12455516014234,29.004547751389588,26.730672056594234,False,-0.13774104683195176,2.2349422166370982,4,20,4,20.0,42.15821973880395,56.345177664974635,1994-03-10; 1994-10-14; 2008-09-18; 2025-09-11,16.797153024911037,3.2028469750889625,历史4/20次成功; 当前距低点3.20%; 最新日涨幅-0.14%; 状态bottom_area; 底部未确认
338,59.228309343703906,52.2099258665598,601007,金陵饭店,bottom_area,2026-06-10,6.71,2026-04-22,9.08,2026-06-09,6.51,3.0721966205837203,3.379416282642099,28.303964757709256,26.101321585903086,False,0.9022556390977376,1.3957179487179487,1,7,1,14.285714285714285,28.69565217391305,28.69565217391305,2020-02-04,16.927803379416282,3.0721966205837203,历史1/7次成功; 当前距低点3.07%; 最新日涨幅0.90%; 状态bottom_area; 底部未确认
339,59.09889661181322,50.10221418796763,600339,中油工程,bottom_area,2026-06-10,3.23,2026-05-20,4.4,2026-06-10,3.2,0.9374999999999939,2.8124999999999956,27.272727272727277,26.590909090909097,False,-2.1212121212121127,1.0068657509048435,4,16,4,25.0,30.294162300901174,36.60565723793679,2004-09-13; 2007-10-26; 2008-03-18; 2008-04-22,19.062500000000007,0.9374999999999939,历史4/16次成功; 当前距低点0.94%; 最新日涨幅-2.12%; 状态bottom_area; 底部未确认
340,59.07100489436382,50.63779102743704,300639,凯普生物,bottom_area,2026-06-10,5.26,2026-05-11,7.55,2026-06-10,5.18,1.5444015444015458,3.4749034749034866,31.390728476821195,30.33112582781457,False,-1.6822429906542036,1.4107056065515517,1,10,1,10.0,33.27433628318583,33.27433628318583,2024-02-05,18.455598455598455,1.5444015444015458,历史1/10次成功; 当前距低点1.54%; 最新日涨幅-1.68%; 状态bottom_area; 底部未确认
341,59.07067655271272,53.2030550921344,300746,汉嘉数智,bottom_area,2026-06-10,10.79,2026-05-11,14.6,2026-06-05,10.35,4.251207729468595,13.429951690821262,29.10958904109589,26.095890410958912,True,-6.173913043478263,3.047971591339986,2,6,2,33.33333333333333,30.712233236502485,36.90896259703598,2020-02-04; 2022-03-09,15.748792270531405,4.251207729468595,历史2/6次成功; 当前距低点4.25%; 最新日涨幅-6.17%; 状态bottom_area; 底部已确认
342,58.99804286143264,51.782877881653214,300865,大宏立,bottom_area,2026-06-10,24.66,2026-05-11,33.5,2026-06-10,23.98,2.835696413678064,5.296080066722267,28.41791044776119,26.388059701492537,False,-1.9483101391649993,3.399660985418805,1,3,1,33.33333333333333,21.370604147880982,21.370604147880982,2024-04-16,17.16430358632194,2.835696413678064,历史1/3次成功; 当前距低点2.84%; 最新日涨幅-1.95%; 状态bottom_area; 底部未确认
343,58.94747538654583,52.9385926449788,603896,寿仙谷,bottom_area,2026-06-10,15.77,2026-03-04,22.35,2026-05-29,15.15,4.092409240924087,5.610561056105609,32.214765100671144,29.44071588366891,False,0.5739795918367374,0.9314788206762346,1,4,1,25.0,21.90476190476191,21.90476190476191,2022-04-27,15.907590759075916,4.092409240924087,历史1/4次成功; 当前距低点4.09%; 最新日涨幅0.57%; 状态bottom_area; 底部未确认
344,58.92689336093295,50.537064762975305,688499,利元亨,bottom_area,2026-06-10,43.37,2026-05-29,61.88,2026-06-10,42.7,1.5690866510538515,8.079625292740037,30.995475113122172,29.912734324499034,False,-7.487201365187723,4.995066153684631,1,5,1,20.0,21.583775953645574,21.583775953645574,2024-10-18,18.43091334894615,1.5690866510538515,历史1/5次成功; 当前距低点1.57%; 最新日涨幅-7.49%; 状态bottom_area; 底部未确认
345,58.884674637272006,51.971263069055986,603958,哈森股份,bottom_area,2026-06-10,19.38,2026-05-25,26.8,2026-06-10,18.79,3.13996806812134,4.843001596593934,29.88805970149254,27.68656716417911,False,-1.8237082066869248,2.110548869438366,2,8,2,25.0,27.502098195551827,30.00419639110366,2017-01-17; 2023-10-23,16.86003193187866,3.13996806812134,历史2/8次成功; 当前距低点3.14%; 最新日涨幅-1.82%; 状态bottom_area; 底部未确认
346,58.821309216664,49.624788735420864,002043,兔宝宝,bottom_area,2026-06-10,11.99,2026-05-12,16.39,2026-06-10,11.91,0.6717044500419821,2.5188916876574368,27.33374008541794,26.845637583892618,False,-1.882160392798693,1.155867380010255,3,12,3,25.0,24.46921979309993,29.499999999999993,2016-02-29; 2017-11-23; 2020-02-04,19.328295549958018,0.6717044500419821,历史3/12次成功; 当前距低点0.67%; 最新日涨幅-1.88%; 状态bottom_area; 底部未确认
347,58.34335195326556,50.838605436455474,603289,泰瑞机器,bottom_area,2026-06-10,9.24,2026-05-26,12.7,2026-06-10,9.02,2.43902439024391,8.98004434589801,28.976377952755904,27.24409448818897,False,-3.1446540880503027,2.8952530270366994,2,10,2,20.0,33.86871530221285,40.702947845804985,2022-04-25; 2022-12-23,17.560975609756092,2.43902439024391,历史2/10次成功; 当前距低点2.44%; 最新日涨幅-3.14%; 状态bottom_area; 底部未确认
348,58.21430605835337,51.173423654786944,000736,中交地产,bottom_area,2026-06-10,4.23,2026-05-12,5.73,2026-06-10,4.11,2.9197080291970825,6.812652068126504,28.272251308900525,26.17801047120419,False,-2.5345622119815503,3.3277274790177835,4,19,4,21.052631578947366,29.065308790540286,34.31952662721894,1997-07-08; 1997-08-19; 2003-11-19; 2025-04-28,17.080291970802918,2.9197080291970825,历史4/19次成功; 当前距低点2.92%; 最新日涨幅-2.53%; 状态bottom_area; 底部未确认
349,58.155881649817935,49.30700739224303,300803,指南针,bottom_area,2026-06-10,80.35,2026-05-21,109.3,2026-06-10,79.6,0.942211055276382,3.98241206030151,27.172918572735593,26.486733760292775,False,-3.2859894077997165,2.5196285863478924,2,7,2,28.57142857142857,28.553563892405755,33.696275071633224,2020-03-02; 2020-11-02,19.05778894472362,0.942211055276382,历史2/7次成功; 当前距低点0.94%; 最新日涨幅-3.29%; 状态bottom_area; 底部未确认
350,58.057639156857,51.09269433321173,603396,金辰股份,bottom_area,2026-06-10,29.02,2026-05-14,39.14,2026-06-10,28.18,2.980837473385379,3.7260468417317267,28.002043944813494,25.85590189064895,False,-1.46010186757215,2.099655303098663,1,5,1,20.0,31.661310605002114,31.661310605002114,2022-12-23,17.019162526614622,2.980837473385379,历史1/5次成功; 当前距低点2.98%; 最新日涨幅-1.46%; 状态bottom_area; 底部未确认
351,57.90469188240614,52.0042585027423,300769,德方纳米,bottom_area,2026-06-10,60.25,2026-05-21,79.69,2026-06-09,57.88,4.094678645473389,7.377332411886655,27.36855314343079,24.394528799096495,True,-1.936848958333326,5.166797414178326,3,12,3,25.0,30.188848464632436,41.300000000000004,2020-12-29; 2022-04-27; 2024-04-24,15.905321354526613,4.094678645473389,历史3/12次成功; 当前距低点4.09%; 最新日涨幅-1.94%; 状态bottom_area; 底部已确认
352,57.86331404629049,51.84069936776379,300713,英可瑞,bottom_area,2026-06-10,13.91,2026-05-13,18.98,2026-06-10,13.38,3.9611360239162883,6.278026905829595,29.50474183350895,26.71232876712329,False,-2.3859649122807025,4.933569447840956,3,10,3,30.0,26.03273925963939,34.12103746397693,2019-01-31; 2020-10-26; 2023-11-02,16.03886397608371,3.9611360239162883,历史3/10次成功; 当前距低点3.96%; 最新日涨幅-2.39%; 状态bottom_area; 底部未确认
353,57.708264844625155,49.6851727472987,000788,北大医药,bottom_area,2026-06-10,5.14,2026-04-16,6.99,2026-06-08,5.05,1.7821782178217795,9.504950495049513,27.753934191702434,26.466380543633772,False,-0.9633911368015502,1.6792134009233757,3,21,3,14.285714285714285,21.78170014402955,23.809523809523807,2001-02-26; 2008-03-18; 2018-02-09,18.217821782178223,1.7821782178217795,历史3/21次成功; 当前距低点1.78%; 最新日涨幅-0.96%; 状态bottom_area; 底部未确认
354,57.65538843519709,50.29746970010818,688515,裕太微,bottom_area,2026-06-10,190.87,2026-06-03,260.0,2026-06-10,186.21,2.5025508834112005,5.8482358627356135,28.380769230769225,26.588461538461537,False,-4.555455545554543,8.814036402776317,1,5,1,20.0,31.738095238095234,31.738095238095234,2025-04-07,17.4974491165888,2.5025508834112005,历史1/5次成功; 当前距低点2.50%; 最新日涨幅-4.56%; 状态bottom_area; 底部未确认
355,57.547690567365095,49.7780495348134,300712,永福股份,bottom_area,2026-06-10,20.54,2026-04-21,29.33,2026-06-10,20.13,2.0367610531544966,3.775459513164439,31.367200818274803,29.969314694851683,False,-2.4691358024691357,1.3749091628675791,1,7,1,14.285714285714285,25.401730531520393,25.401730531520393,2024-08-09,17.963238946845507,2.0367610531544966,历史1/7次成功; 当前距低点2.04%; 最新日涨幅-2.47%; 状态bottom_area; 底部未确认
356,57.46513184892225,50.12168334069034,002487,大金重工,bottom_area,2026-06-10,59.64,2026-05-26,79.81,2026-06-08,58.19,2.4918370854098693,9.125279257604403,27.08933717579251,25.27252224032076,False,-2.818966921948829,2.6758371327599315,1,9,1,11.11111111111111,39.70588235294118,39.70588235294118,2024-02-05,17.50816291459013,2.4918370854098693,历史1/9次成功; 当前距低点2.49%; 最新日涨幅-2.82%; 状态bottom_area; 底部未确认
357,57.39002710890017,48.37588672530328,002922,伊戈尔,bottom_area,2026-06-10,33.81,2026-05-29,48.77,2026-06-10,33.6,0.6250000000000026,8.51190476190476,31.1051876153373,30.674595037933155,False,-7.874659400544958,7.581485411140583,2,10,2,20.0,38.230573791953134,52.203721841332005,2018-06-22; 2022-04-27,19.374999999999996,0.6250000000000026,历史2/10次成功; 当前距低点0.63%; 最新日涨幅-7.87%; 状态bottom_area; 底部未确认
358,57.35202818977242,50.395965364775265,300902,国安达,bottom_area,2026-06-10,14.2,2026-05-25,19.0,2026-06-10,13.8,2.898550724637671,5.434782608695652,27.368421052631575,25.26315789473685,False,-2.00138026224983,2.4468850538095595,1,5,1,20.0,26.906779661016937,26.906779661016937,2025-04-09,17.10144927536233,2.898550724637671,历史1/5次成功; 当前距低点2.90%; 最新日涨幅-2.00%; 状态bottom_area; 底部未确认
359,57.24776123709981,48.58716729305523,000601,韶能股份,bottom_area,2026-06-10,7.08,2026-06-03,9.89,2026-06-10,7.01,0.9985734664764663,6.847360912981461,29.120323559150663,28.41253791708797,False,-7.329842931937169,9.127821067728698,5,18,5,27.77777777777778,27.093926624608244,32.73273273273273,2015-06-30; 2015-11-30; 2017-05-24; 2018-10-19; 2026-04-07,19.001426533523535,0.9985734664764663,历史5/18次成功; 当前距低点1.00%; 最新日涨幅-7.33%; 状态bottom_area; 底部未确认
360,57.095130313750936,49.335557234197545,300963,中洲特材,bottom_area,2026-06-10,13.39,2026-05-14,18.4,2026-06-10,13.13,1.9801980198019784,6.397562833206397,28.64130434782608,27.228260869565208,False,-4.083094555873923,2.71478166285937,1,5,1,20.0,20.163487738419626,20.163487738419626,2025-06-09,18.01980198019802,1.9801980198019784,历史1/5次成功; 当前距低点1.98%; 最新日涨幅-4.08%; 状态bottom_area; 底部未确认
361,56.895188315055535,51.05978438530625,688239,航宇科技,bottom_area,2026-06-10,53.9,2026-05-25,71.23,2026-06-08,51.8,4.054054054054057,7.683397683397692,27.27783237399973,24.329636389161877,False,-0.48005908419497256,2.8682547674066203,1,4,1,25.0,33.80660015349194,33.80660015349194,2024-02-06,15.945945945945944,4.054054054054057,历史1/4次成功; 当前距低点4.05%; 最新日涨幅-0.48%; 状态bottom_area; 底部未确认
362,56.868852383975984,50.14525623025623,002328,新朋股份,bottom_area,2026-06-10,8.01,2026-06-02,10.66,2026-06-10,7.77,3.0888030888030915,4.633204633204649,27.11069418386492,24.85928705440901,False,-3.4939759036144658,7.98214813524675,1,4,1,25.0,27.27272727272727,27.27272727272727,2010-02-03,16.91119691119691,3.0888030888030915,历史1/4次成功; 当前距低点3.09%; 最新日涨幅-3.49%; 状态bottom_area; 底部未确认
363,56.60222067069545,51.168749752193335,002324,普利特,bottom_area,2026-06-10,11.96,2026-05-11,16.2,2026-06-08,11.45,4.454148471615735,6.375545851528389,29.32098765432099,26.172839506172828,False,-0.2502085070892335,2.9857810709223482,2,7,2,28.57142857142857,31.55872340425533,37.16,2015-07-07; 2024-02-06,15.545851528384267,4.454148471615735,历史2/7次成功; 当前距低点4.45%; 最新日涨幅-0.25%; 状态bottom_area; 底部未确认
364,56.53589371980677,49.06888888888889,603716,塞力医疗,bottom_area,2026-06-10,15.64,2026-05-19,22.0,2026-06-10,15.3,2.2222222222222214,4.313725490196079,30.45454545454545,28.909090909090907,False,-2.0050125313283207,2.70383026185138,1,9,1,11.11111111111111,30.740740740740748,30.740740740740748,2025-04-09,17.777777777777782,2.2222222222222214,历史1/9次成功; 当前距低点2.22%; 最新日涨幅-2.01%; 状态bottom_area; 底部未确认
365,55.402305667945186,48.68538896307041,002923,润都股份,bottom_area,2026-06-10,9.93,2026-04-28,13.79,2026-06-10,9.65,2.9015544041450707,4.145077720207258,30.021754894851334,27.99129804205946,False,-0.1006036217303774,2.1561517373089725,1,6,1,16.666666666666664,24.969173859432807,24.969173859432807,2022-05-27,17.09844559585493,2.9015544041450707,历史1/6次成功; 当前距低点2.90%; 最新日涨幅-0.10%; 状态bottom_area; 底部未确认
366,55.23473943463824,46.87648626274121,002556,辉隆股份,bottom_area,2026-06-10,5.07,2026-04-24,6.89,2026-06-09,5.02,0.9960159362549943,2.3904382470119545,27.140783744557336,26.415094339622634,False,-0.5882352941176339,0.6926983695227815,1,7,1,14.285714285714285,36.88311688311687,36.88311688311687,2024-02-06,19.00398406374501,0.9960159362549943,历史1/7次成功; 当前距低点1.00%; 最新日涨幅-0.59%; 状态bottom_area; 底部未确认
367,54.72502840909092,47.21375000000001,300365,恒华科技,bottom_area,2026-06-10,4.84,2026-05-19,6.59,2026-06-10,4.75,1.8947368421052602,5.6842105263157805,27.92109256449165,26.555386949924127,False,-3.7773359840954313,2.871270939645729,1,7,1,14.285714285714285,20.0892857142857,20.0892857142857,2024-04-16,18.10526315789474,1.8947368421052602,历史1/7次成功; 当前距低点1.89%; 最新日涨幅-3.78%; 状态bottom_area; 底部未确认
368,54.48308921532185,47.38810966735963,003007,直真科技,bottom_area,2026-06-10,39.38,2026-05-22,54.34,2026-06-08,38.48,2.338877338877354,7.32848232848233,29.186602870813406,27.530364372469634,False,-1.7465069860279292,3.44920695002496,1,8,1,12.5,20.124999999999993,20.124999999999993,2025-04-09,17.661122661122647,2.338877338877354,历史1/8次成功; 当前距低点2.34%; 最新日涨幅-1.75%; 状态bottom_area; 底部未确认
369,53.89151385618609,45.692487976322596,002380,科远智慧,bottom_area,2026-06-10,37.45,2026-05-22,51.06,2026-06-05,37.1,0.9433962264150981,7.493261455525609,27.34038386212299,26.654915785350564,True,-3.7275064267352054,6.40537520026865,1,6,1,16.666666666666664,25.735294117647072,25.735294117647072,2022-10-25,19.056603773584904,0.9433962264150981,历史1/6次成功; 当前距低点0.94%; 最新日涨幅-3.73%; 状态bottom_area; 底部已确认
370,53.273569440815244,45.111134047556824,002029,七匹狼,bottom_area,2026-06-10,8.08,2026-05-11,11.8,2026-06-08,8.01,0.8739076154806527,10.112359550561804,32.118644067796616,31.52542372881356,False,-2.2974607013301007,2.4766836409541355,1,6,1,16.666666666666664,20.73643410852714,20.73643410852714,2005-10-28,19.12609238451935,0.8739076154806527,历史1/6次成功; 当前距低点0.87%; 最新日涨幅-2.30%; 状态bottom_area; 底部未确认
371,51.510240524333156,43.57099777124025,600513,联环药业,bottom_area,2026-06-10,16.08,2026-05-14,21.88,2026-06-10,15.95,0.8150470219435675,2.9467084639498586,27.10237659963437,26.508226691042054,False,-2.1897810218978297,2.30742842309151,2,16,2,12.5,20.76239237242789,20.901639344262303,2005-04-28; 2012-06-28,19.184952978056433,0.8150470219435675,历史2/16次成功; 当前距低点0.82%; 最新日涨幅-2.19%; 状态bottom_area; 底部未确认
372,48.88021034157316,43.980382493323674,688408,中信博,bottom_area,2026-06-10,29.8,2026-05-20,40.62,2026-06-10,28.6,4.195804195804193,5.7342657342657235,29.591334318069904,26.63712456917774,False,-1.0952538997676675,2.267308620568832,1,7,1,14.285714285714285,20.697167755991288,20.697167755991288,2022-04-27,15.804195804195809,4.195804195804193,历史1/7次成功; 当前距低点4.20%; 最新日涨幅-1.10%; 状态bottom_area; 底部未确认
373,47.40042422168481,42.83283172048017,002531,天顺风能,bottom_area,2026-06-10,9.19,2026-05-26,12.79,2026-06-10,8.8,4.431818181818168,7.272727272727258,31.196247068021883,28.146989835809226,False,-2.441613588110403,2.306052087609154,1,8,1,12.5,21.28966223132037,21.28966223132037,2015-08-25,15.568181818181834,4.431818181818168,历史1/8次成功; 当前距低点4.43%; 最新日涨幅-2.44%; 状态bottom_area; 底部未确认
