rank,rank_score,probability_score,code,name,current_stage,latest_date,latest_close,current_top_date,current_top_price,current_low_date,current_low_price,current_low_to_latest_pct,current_low_to_high_pct,current_drawdown_pct,close_drawdown_pct,current_is_bottom_confirmed,latest_pct_chg,latest_turn,historical_valid_event_count,history_sample_count,history_success_count,history_success_rate_pct,history_avg_rebound_pct,history_max_rebound_pct,history_success_dates,upside_to_20pct_target_pct,risk_back_to_low_pct,reason
1,94.70001288150421,82.0738663467161,301456,盘古智能,bottom_area,2025-01-10,20.97,2024-11-29,28.8,2025-01-06,20.53,2.143205065757417,7.598636142230875,28.715277777777775,27.187500000000004,True,-4.333941605839431,1.7279885221875086,2,2,2,100.0,48.98050482066129,55.619596541786734,2024-02-06; 2024-09-24,17.856794934242583,2.143205065757417,历史2/2次成功; 当前距低点2.14%; 最新日涨幅-4.33%; 状态bottom_area; 底部已确认
2,92.24184062775538,78.31854392922628,002489,浙江永强,bottom_area,2025-01-10,2.97,2024-12-16,4.06,2025-01-06,2.94,1.0204081632653146,7.142857142857142,27.58620689655172,26.84729064039408,True,-2.6229508196721207,1.129893263576752,5,7,5,71.42857142857143,33.38365728901569,49.82935153583616,2014-06-23; 2015-06-30; 2015-09-02; 2020-03-31; 2022-04-28,18.979591836734684,1.0204081632653146,历史5/7次成功; 当前距低点1.02%; 最新日涨幅-2.62%; 状态bottom_area; 底部已确认
3,90.85678985525809,78.88763191025402,300190,维尔利,bottom_area,2025-01-10,3.19,2024-12-10,4.33,2025-01-06,3.12,2.2435897435897383,7.051282051282043,27.9445727482679,26.32794457274827,True,-3.625377643504535,0.6010538219662407,2,2,2,100.0,33.080734008809706,43.92220421393843,2013-06-25; 2021-02-04,17.756410256410263,2.2435897435897383,历史2/2次成功; 当前距低点2.24%; 最新日涨幅-3.63%; 状态bottom_area; 底部已确认
4,87.46354303196898,75.41865839459105,688590,新致软件,bottom_area,2025-01-10,13.65,2024-12-26,18.44,2025-01-08,13.4,1.8656716417910446,9.328358208955223,27.331887201735363,25.97613882863341,True,-5.339805825242716,3.398762051137388,3,4,3,75.0,30.63112762298194,42.12368728121353,2021-07-28; 2021-08-20; 2022-10-11,18.134328358208958,1.8656716417910446,历史3/4次成功; 当前距低点1.87%; 最新日涨幅-5.34%; 状态bottom_area; 底部已确认
5,85.20857142857142,71.00714285714285,603759,海天股份,bottom_area,2025-01-10,6.85,2024-12-31,9.7,2025-01-10,6.85,0.0,3.7956204379562144,29.381443298969074,29.381443298969074,False,-2.4216524216524205,2.3735057172557172,1,1,1,100.0,30.95238095238096,30.95238095238096,2024-02-06,20.0,0.0,历史1/1次成功; 当前距低点0.00%; 最新日涨幅-2.42%; 状态bottom_area; 底部未确认
6,84.66582643275954,70.55485536063296,001212,中旗新材,bottom_area,2025-01-10,19.74,2024-12-24,27.28,2025-01-10,19.74,0.0,5.623100303951383,27.639296187683293,27.639296187683293,False,-5.232837253960632,1.18022171084702,3,4,3,75.0,42.90244817544601,82.06521739130437,2021-08-26; 2022-04-28; 2022-06-15,20.0,0.0,历史3/4次成功; 当前距低点0.00%; 最新日涨幅-5.23%; 状态bottom_area; 底部未确认
7,84.60374332857884,72.59864325583447,300706,阿石创,bottom_area,2025-01-10,20.96,2024-12-26,28.88,2025-01-06,20.63,1.5996122152205619,9.112942317014069,28.566481994459835,27.423822714681435,True,-4.292237442922364,4.366974805303549,3,5,3,60.0,44.70838229321157,83.79357175192396,2019-05-08; 2020-02-04; 2023-05-05,18.40038778477944,1.5996122152205619,历史3/5次成功; 当前距低点1.60%; 最新日涨幅-4.29%; 状态bottom_area; 底部已确认
8,84.60169756758226,76.37266477257879,301555,惠柏新材,bottom_area,2025-01-10,21.94,2024-12-13,30.27,2025-01-06,21.02,4.376784015223604,11.084681255946727,30.558308556326395,27.518995705318794,True,-3.898379325448953,1.658296245384943,3,3,3,100.0,29.04157165208921,35.105551211884304,2023-11-01; 2024-01-10; 2024-04-16,15.623215984776396,4.376784015223604,历史3/3次成功; 当前距低点4.38%; 最新日涨幅-3.90%; 状态bottom_area; 底部已确认
9,82.69008206481139,70.31823444734644,300046,台基股份,bottom_area,2025-01-10,31.09,2024-12-25,43.11,2025-01-08,30.75,1.1056910569105687,8.780487804878058,28.670842032011134,27.88216191138947,True,-2.9650436953807757,10.112610574309306,5,9,5,55.55555555555556,25.808178323729226,31.41524105754278,2010-02-03; 2013-05-02; 2020-09-11; 2021-02-05; 2024-11-04,18.894308943089435,1.1056910569105687,历史5/9次成功; 当前距低点1.11%; 最新日涨幅-2.97%; 状态bottom_area; 底部已确认
10,82.50273370726708,69.0126137379205,300425,中建环能,bottom_area,2025-01-10,4.86,2024-12-27,6.81,2025-01-10,4.85,0.2061855670103232,4.948453608247427,28.781204111600587,28.634361233480167,False,-4.518664047151266,3.900264556458221,3,4,3,75.0,24.880198014537847,25.531028738025817,2015-09-07; 2019-06-10; 2020-09-11,19.793814432989677,0.2061855670103232,历史3/4次成功; 当前距低点0.21%; 最新日涨幅-4.52%; 状态bottom_area; 底部未确认
11,82.34179611972927,68.61816343310772,300872,天阳科技,bottom_area,2025-01-10,13.51,2024-12-27,18.53,2025-01-10,13.51,0.0,6.5877128053293905,27.091203453858615,27.091203453858615,False,-5.059732958538299,3.041073768255286,3,4,3,75.0,32.49012598445017,45.905420991926185,2020-08-25; 2022-02-08; 2024-02-06,20.0,0.0,历史3/4次成功; 当前距低点0.00%; 最新日涨幅-5.06%; 状态bottom_area; 底部未确认
12,81.87814101397008,68.2317841783084,603215,比依股份,bottom_area,2025-01-10,16.15,2025-01-07,23.6,2025-01-10,16.15,0.0,6.439628482972154,31.567796610169502,31.567796610169502,False,-7.924743443557592,12.754635621140373,3,4,3,75.0,30.412818162948412,36.01562499999999,2022-03-16; 2022-04-27; 2024-02-06,20.0,0.0,历史3/4次成功; 当前距低点0.00%; 最新日涨幅-7.92%; 状态bottom_area; 底部未确认
13,81.17201258061627,72.83630241530872,688509,正元地信,bottom_area,2025-01-10,3.6,2024-12-20,4.8,2025-01-06,3.46,4.046242774566478,9.537572254335263,27.916666666666668,24.999999999999993,True,-2.96495956873315,2.8652608753913436,1,1,1,100.0,29.095354523227396,29.095354523227396,2022-04-27,15.953757225433524,4.046242774566478,历史1/1次成功; 当前距低点4.05%; 最新日涨幅-2.96%; 状态bottom_area; 底部已确认
14,80.89098583823974,69.66753264240954,300663,科蓝软件,bottom_area,2025-01-10,15.27,2024-12-20,21.29,2025-01-06,15.0,1.7999999999999972,7.999999999999995,29.544387036167212,28.27618600281822,True,-3.9622641509434064,3.0645669810597607,5,9,5,55.55555555555556,41.035719104949756,76.77304964539006,2018-04-23; 2018-10-12; 2020-02-04; 2021-07-01; 2024-10-10,18.200000000000006,1.7999999999999972,历史5/9次成功; 当前距低点1.80%; 最新日涨幅-3.96%; 状态bottom_area; 底部已确认
15,80.53426308887117,69.49192054890268,001287,中电港,bottom_area,2025-01-10,18.2,2024-12-10,25.51,2025-01-06,17.86,1.9036954087346019,6.382978723404259,29.988239905919258,28.655429243433954,False,-2.9850746268656803,1.294038556261663,2,3,2,66.66666666666666,32.93376029113394,42.36351071181756,2024-01-23; 2024-02-06,18.0963045912654,1.9036954087346019,历史2/3次成功; 当前距低点1.90%; 最新日涨幅-2.99%; 状态bottom_area; 底部未确认
16,80.24310332576667,67.23538606190834,605266,健之佳,bottom_area,2025-01-10,20.2,2024-12-16,28.58,2025-01-10,20.14,0.29791459781528656,5.3128103277060585,29.531140657802652,29.321203638908326,False,-4.672015101462968,1.8548247721212625,4,6,4,66.66666666666666,34.50518644226089,55.413271245634455,2022-06-14; 2022-12-27; 2024-02-05; 2024-09-18,19.702085402184714,0.29791459781528656,历史4/6次成功; 当前距低点0.30%; 最新日涨幅-4.67%; 状态bottom_area; 底部未确认
17,80.21415974061067,72.26985552306304,688528,秦川物联,bottom_area,2025-01-10,8.06,2024-12-10,11.36,2025-01-06,7.73,4.2690815006468315,11.125485122897793,31.95422535211267,29.04929577464788,True,-2.8915662650602414,0.5517857142857143,1,1,1,100.0,28.78151260504202,28.78151260504202,2024-10-11,15.73091849935317,4.2690815006468315,历史1/1次成功; 当前距低点4.27%; 最新日涨幅-2.89%; 状态bottom_area; 底部已确认
18,80.15555359339793,69.15788475753168,300489,光智科技,bottom_area,2025-01-10,49.93,2024-12-02,71.8,2025-01-06,49.0,1.8979591836734688,8.12244897959183,31.75487465181058,30.45961002785515,True,-4.073006724303552,2.2879472608935068,5,9,5,55.55555555555556,39.49646670654996,88.77805486284291,2015-08-25; 2015-09-02; 2018-10-19; 2020-02-04; 2023-08-28,18.102040816326532,1.8979591836734688,历史5/9次成功; 当前距低点1.90%; 最新日涨幅-4.07%; 状态bottom_area; 底部已确认
19,80.14685807937823,69.96208292477284,605399,晨光新材,bottom_area,2025-01-10,10.51,2024-12-10,14.77,2025-01-06,10.25,2.536585365853657,7.902439024390248,30.60257278266757,28.842247799593775,True,-3.6663611365719606,0.6218716532547119,2,3,2,66.66666666666666,44.24102630243285,52.857533497402244,2021-11-17; 2022-06-08,17.463414634146346,2.536585365853657,历史2/3次成功; 当前距低点2.54%; 最新日涨幅-3.67%; 状态bottom_area; 底部已确认
20,79.45405102278525,68.26787248797064,002077,大港股份,bottom_area,2025-01-10,14.0,2024-12-24,19.73,2025-01-06,13.77,1.6702977487291242,7.915758896151052,30.207805372529144,29.04206791687785,True,-3.314917127071826,5.329625073080414,10,19,10,52.63157894736842,38.25604859829874,117.23446893787575,2008-09-18; 2016-01-29; 2017-05-11; 2019-05-06; 2019-05-27; 2020-02-04; 2020-05-07; 2021-10-28; 2023-04-27; 2024-07-18,18.329702251270877,1.6702977487291242,历史10/19次成功; 当前距低点1.67%; 最新日涨幅-3.31%; 状态bottom_area; 底部已确认
21,78.7701107032043,67.20369199621854,603383,顶点软件,bottom_area,2025-01-10,33.13,2024-12-12,44.87,2025-01-08,32.71,1.2840110058086263,5.716906144909806,27.10051259193224,26.16447515043458,False,-2.357795461243728,1.4702759947626651,3,6,3,50.0,32.47976929818393,51.21780269844051,2018-10-12; 2020-02-04; 2024-05-30,18.715988994191374,1.2840110058086263,历史3/6次成功; 当前距低点1.28%; 最新日涨幅-2.36%; 状态bottom_area; 底部未确认
22,78.66170990255557,68.70770124795442,002616,长青集团,bottom_area,2025-01-10,4.39,2024-12-24,6.03,2025-01-06,4.28,2.5700934579439116,7.9439252336448565,29.021558872305143,27.197346600331684,True,-3.938730853391703,1.7391731744202066,5,8,5,62.5,30.268894258422286,35.606354126307636,2015-06-23; 2015-06-30; 2015-07-07; 2015-08-26; 2021-09-01,17.429906542056088,2.5700934579439116,历史5/8次成功; 当前距低点2.57%; 最新日涨幅-3.94%; 状态bottom_area; 底部已确认
23,77.76595276217606,67.05845241698005,300079,数码视讯,bottom_area,2025-01-10,4.91,2024-12-09,7.13,2025-01-06,4.82,1.867219917012445,7.46887966804978,32.39831697054698,31.136044880785413,True,-3.725490196078418,2.1385980805879923,7,13,7,53.84615384615385,31.53609584821734,60.89552238805969,2015-01-05; 2016-01-14; 2019-08-06; 2021-06-28; 2021-07-28; 2022-10-11; 2024-02-06,18.13278008298756,1.867219917012445,历史7/13次成功; 当前距低点1.87%; 最新日涨幅-3.73%; 状态bottom_area; 底部已确认
24,77.7309248090117,67.88727057555607,300671,富满微,bottom_area,2025-01-10,32.0,2024-12-24,45.6,2025-01-06,31.2,2.5641025641025665,9.551282051282053,31.578947368421055,29.824561403508774,True,-3.8461538461538547,3.470682903121087,3,5,3,60.0,31.201206568332946,51.13636363636363,2017-12-05; 2020-11-02; 2023-08-28,17.435897435897434,2.5641025641025665,历史3/5次成功; 当前距低点2.56%; 最新日涨幅-3.85%; 状态bottom_area; 底部已确认
25,77.56890679615587,65.30219595397308,300183,东软载波,bottom_area,2025-01-10,14.48,2025-01-02,20.59,2025-01-08,14.4,0.555555555555556,8.194444444444441,30.063137445361825,29.674599320058277,True,-3.5309793471019257,3.8716112769997117,2,3,2,66.66666666666666,34.74298899985529,35.88835659237659,2012-01-19; 2022-04-27,19.444444444444446,0.555555555555556,历史2/3次成功; 当前距低点0.56%; 最新日涨幅-3.53%; 状态bottom_area; 底部已确认
26,77.5135701158497,64.9220800394271,605168,三人行,bottom_area,2025-01-10,29.08,2024-12-30,42.0,2025-01-10,29.0,0.27586206896551135,7.5862068965517215,30.952380952380953,30.761904761904766,False,-5.950840879689534,2.7698431418690124,2,3,2,66.66666666666666,38.46440263441825,47.67726161369193,2020-09-11; 2024-02-06,19.72413793103449,0.27586206896551135,历史2/3次成功; 当前距低点0.28%; 最新日涨幅-5.95%; 状态bottom_area; 底部未确认
27,77.02547578428944,64.18789648690787,300798,锦鸡股份,bottom_area,2025-01-10,5.55,2024-12-26,8.1,2025-01-10,5.55,0.0,8.10810810810811,31.48148148148148,31.48148148148148,False,-7.345575959933226,3.7663210864766956,4,6,4,66.66666666666666,26.72704204430763,30.99999999999999,2020-02-04; 2022-04-27; 2023-12-26; 2024-10-11,20.0,0.0,历史4/6次成功; 当前距低点0.00%; 最新日涨幅-7.35%; 状态bottom_area; 底部未确认
28,76.57351094948909,63.90242990654207,605577,龙版传媒,bottom_area,2025-01-10,12.85,2024-12-16,19.0,2025-01-10,12.84,0.07788161993769305,4.984423676012466,32.42105263157895,32.36842105263158,False,-4.175988068605518,1.1005198817800907,2,4,2,50.0,50.62209104325122,80.80939947780678,2023-11-30; 2023-12-25,19.922118380062308,0.07788161993769305,历史2/4次成功; 当前距低点0.08%; 最新日涨幅-4.18%; 状态bottom_area; 底部未确认
29,76.19581670049855,67.19207821913454,300925,法本信息,bottom_area,2025-01-10,20.0,2024-12-20,27.57,2025-01-06,19.4,3.0927835051546464,9.278350515463922,29.633659775117888,27.457381211461733,True,-3.799903799903792,3.5199062294851853,4,7,4,57.14285714285714,40.13469452857911,60.35353535353535,2021-07-28; 2022-10-11; 2024-10-11; 2024-11-04,16.907216494845358,3.0927835051546464,历史4/7次成功; 当前距低点3.09%; 最新日涨幅-3.80%; 状态bottom_area; 底部已确认
30,76.12586480898185,66.20092270760605,688329,艾隆科技,bottom_area,2025-01-10,12.74,2024-12-10,18.1,2025-01-06,12.45,2.329317269076313,7.871485943775104,31.21546961325968,29.61325966850829,True,-3.264996203492787,1.563860103626943,2,3,2,66.66666666666666,21.479029109856874,21.72890326374596,2021-07-28; 2021-09-29,17.670682730923687,2.329317269076313,历史2/3次成功; 当前距低点2.33%; 最新日涨幅-3.26%; 状态bottom_area; 底部已确认
31,75.98608473406554,64.24291123841738,688277,天智航,bottom_area,2025-01-10,8.95,2024-12-10,13.19,2025-01-06,8.88,0.7882882882882714,7.319819819819803,32.67626990144048,32.145564821834725,True,-3.7634408602150726,0.5658652003123342,3,5,3,60.0,29.678540514594815,47.4169978207922,2020-07-08; 2021-03-17; 2024-04-16,19.21171171171173,0.7882882882882714,历史3/5次成功; 当前距低点0.79%; 最新日涨幅-3.76%; 状态bottom_area; 底部已确认
32,75.4227970387327,62.946401977866074,300347,泰格医药,bottom_area,2025-01-10,49.07,2024-12-09,69.1,2025-01-10,49.03,0.08158270446665133,3.93636549051601,29.04486251808972,28.986975397973946,False,-2.348258706467665,1.5073395589237912,4,8,4,50.0,34.6903792690862,72.41951543312315,2015-07-08; 2015-07-16; 2022-02-11; 2024-10-18,19.91841729553335,0.08158270446665133,历史4/8次成功; 当前距低点0.08%; 最新日涨幅-2.35%; 状态bottom_area; 底部未确认
33,75.41894236220425,66.859571096049,002803,吉宏股份,bottom_area,2025-01-10,11.92,2024-12-20,16.36,2025-01-06,11.53,3.382480485689511,9.106678230702522,29.52322738386308,27.139364303178482,True,-4.487179487179493,1.977315725791502,3,5,3,60.0,35.707669910866066,44.71615720524019,2017-01-17; 2018-08-20; 2022-04-27,16.61751951431049,3.382480485689511,历史3/5次成功; 当前距低点3.38%; 最新日涨幅-4.49%; 状态bottom_area; 底部已确认
34,75.37375851073739,65.82861005304575,002565,顺灏股份,bottom_area,2025-01-10,2.8,2024-12-12,3.8,2025-01-06,2.73,2.564102564102558,8.058608058608066,28.157894736842103,26.31578947368421,True,-3.114186851211087,1.7448189697280112,4,8,4,50.0,41.799805909675186,90.81081081081082,2012-01-06; 2018-10-19; 2019-02-01; 2020-02-04,17.435897435897445,2.564102564102558,历史4/8次成功; 当前距低点2.56%; 最新日涨幅-3.11%; 状态bottom_area; 底部已确认
35,75.22514293877529,63.870404381979014,002037,保利联合,bottom_area,2025-01-10,6.93,2024-12-24,9.52,2025-01-06,6.86,1.0204081632652973,7.725947521865879,27.941176470588232,27.205882352941174,True,-3.4818941504178302,1.6057787658769946,5,12,5,41.66666666666667,30.404668427727078,43.83654170888215,2007-06-05; 2008-04-03; 2008-07-03; 2008-08-12; 2015-06-29,18.979591836734706,1.0204081632652973,历史5/12次成功; 当前距低点1.02%; 最新日涨幅-3.48%; 状态bottom_area; 底部已确认
36,75.20747096573355,63.190405899895154,688135,利扬芯片,bottom_area,2025-01-10,15.67,2024-12-31,21.66,2025-01-08,15.6,0.44871794871795057,7.435897435897449,27.97783933518006,27.654662973222532,True,-2.610316967060289,1.839737509761272,2,4,2,50.0,31.309047435333802,40.41850220264317,2021-09-29; 2022-09-01,19.55128205128205,0.44871794871795057,历史2/4次成功; 当前距低点0.45%; 最新日涨幅-2.61%; 状态bottom_area; 底部已确认
37,74.64616801979405,63.2793261078317,600227,赤天化,bottom_area,2025-01-10,2.16,2024-12-20,3.0,2025-01-06,2.14,0.9345794392523372,7.476635514018677,28.666666666666664,27.999999999999996,True,-4.424778761061932,1.6513074413158906,7,12,7,58.333333333333336,29.902332774159646,44.72049689440993,2001-10-22; 2008-03-18; 2015-01-14; 2015-07-16; 2018-10-19; 2019-08-06; 2024-04-22,19.065420560747665,0.9345794392523372,历史7/12次成功; 当前距低点0.93%; 最新日涨幅-4.42%; 状态bottom_area; 底部已确认
38,74.55453461700974,62.48205699034739,603848,好太太,bottom_area,2025-01-10,12.97,2024-12-12,18.0,2025-01-10,12.93,0.3093580819798989,3.712296983758704,28.166666666666668,27.94444444444444,False,-2.260738507912574,0.48080736149295555,3,6,3,50.0,34.98598611430946,51.487889273356416,2019-06-28; 2022-03-16; 2024-02-06,19.690641918020102,0.3093580819798989,历史3/6次成功; 当前距低点0.31%; 最新日涨幅-2.26%; 状态bottom_area; 底部未确认
39,74.24609864210343,64.05813008130082,300586,美联新材,bottom_area,2025-01-10,7.52,2024-12-06,10.62,2025-01-08,7.38,1.8970189701896976,9.756097560975606,30.508474576271183,29.19020715630885,True,-2.9677419354838808,1.7171455982790758,2,6,2,33.33333333333333,76.02782971158857,124.33414043583537,2020-02-04; 2022-04-27,18.1029810298103,1.8970189701896976,历史2/6次成功; 当前距低点1.90%; 最新日涨幅-2.97%; 状态bottom_area; 底部已确认
40,74.16688307186597,61.805735893221645,002761,浙江建投,bottom_area,2025-01-10,7.94,2024-12-10,11.2,2025-01-10,7.94,0.0,4.408060453400488,29.107142857142847,29.107142857142847,False,-3.170731707317065,1.3613838998452938,5,9,5,55.55555555555556,37.99380109856322,60.40955631399317,2019-01-31; 2019-08-15; 2022-05-25; 2024-01-23; 2024-02-06,20.0,0.0,历史5/9次成功; 当前距低点0.00%; 最新日涨幅-3.17%; 状态bottom_area; 底部未确认
41,73.83190094078122,62.12540948034236,002332,仙琚制药,bottom_area,2025-01-10,9.51,2024-11-07,13.3,2025-01-08,9.46,0.5285412262156336,3.5940803382663833,28.872180451127814,28.496240601503764,False,-1.6546018614270963,1.2711895890869662,3,6,3,50.0,35.75528750598931,57.23114956736713,2011-01-25; 2012-12-04; 2015-08-26,19.471458773784367,0.5285412262156336,历史3/6次成功; 当前距低点0.53%; 最新日涨幅-1.65%; 状态bottom_area; 底部未确认
42,73.59523364187102,64.07396256859398,600604,市北高新,bottom_area,2025-01-10,4.28,2024-12-19,5.95,2025-01-06,4.18,2.3923444976076684,7.177033492822985,29.74789915966387,28.067226890756302,True,-3.386004514672669,1.0291982058483005,12,26,12,46.15384615384615,38.594129156663875,125.68218298555377,1992-09-08; 1993-02-24; 1993-03-10; 1993-07-26; 1994-03-10; 1994-08-10; 1994-10-14; 2007-10-26; 2008-04-23; 2019-02-01; 2020-02-04; 2024-02-06,17.607655502392333,2.3923444976076684,历史12/26次成功; 当前距低点2.39%; 最新日涨幅-3.39%; 状态bottom_area; 底部已确认
43,73.3878013373499,61.52033102914676,600748,上实发展,bottom_area,2025-01-10,3.1,2024-12-16,4.46,2025-01-10,3.09,0.32362459546926314,5.177993527508096,30.717488789237674,30.493273542600896,False,-3.7267080745341685,0.6647590896996858,11,20,11,55.00000000000001,29.372016703315417,40.124740124740136,2003-11-13; 2007-02-02; 2007-06-05; 2007-10-19; 2008-07-18; 2008-12-31; 2009-02-27; 2014-01-13; 2015-06-30; 2019-05-07; 2020-02-04,19.676375404530738,0.32362459546926314,历史11/20次成功; 当前距低点0.32%; 最新日涨幅-3.73%; 状态bottom_area; 底部未确认
44,73.28478969906867,65.96147405394096,300927,江天化学,bottom_area,2025-01-10,15.33,2024-12-10,20.91,2025-01-06,14.71,4.214819850441871,8.837525492862003,29.650884744141553,26.6857962697274,True,-2.913236225459148,0.9466862484103469,3,5,3,60.0,30.867007058862473,36.25441696113075,2021-02-10; 2024-08-29; 2024-10-11,15.785180149558132,4.214819850441871,历史3/5次成功; 当前距低点4.21%; 最新日涨幅-2.91%; 状态bottom_area; 底部已确认
45,73.00640249645177,63.60222090406216,603665,康隆达,bottom_area,2025-01-10,13.08,2024-12-10,17.81,2025-01-06,12.77,2.427564604541899,7.517619420516844,28.29870859067939,26.558113419427283,True,-3.325942350332589,0.8469872762751345,3,6,3,50.0,28.15628065815961,42.40780911062906,2019-02-12; 2020-07-17; 2021-10-22,17.572435395458104,2.427564604541899,历史3/6次成功; 当前距低点2.43%; 最新日涨幅-3.33%; 状态bottom_area; 底部已确认
46,72.93724040404042,63.36246753246755,688148,芳源股份,bottom_area,2025-01-10,4.5,2024-12-09,6.39,2025-01-06,4.4,2.2727272727272645,9.09090909090908,31.142410015649443,29.57746478873239,True,-4.255319148936176,0.9708079267534013,2,4,2,50.0,24.96927803379417,26.66666666666668,2022-04-28; 2024-10-18,17.727272727272737,2.2727272727272645,历史2/4次成功; 当前距低点2.27%; 最新日涨幅-4.26%; 状态bottom_area; 底部已确认
47,72.91111931444705,60.759266095372546,688318,财富趋势,bottom_area,2025-01-10,149.0,2024-12-27,209.87,2025-01-10,149.0,0.0,5.020134228187913,29.003668937913947,29.003668937913947,False,-3.209042484084712,0.7789890387341202,4,7,4,57.14285714285714,28.928465950543657,36.949152542372886,2020-04-29; 2023-06-13; 2023-07-19; 2024-02-05,20.0,0.0,历史4/7次成功; 当前距低点0.00%; 最新日涨幅-3.21%; 状态bottom_area; 底部未确认
48,72.8886640193414,60.92335665638523,603126,中材节能,bottom_area,2025-01-10,6.11,2024-12-31,8.96,2025-01-10,6.1,0.1639344262295193,6.229508196721325,31.919642857142865,31.808035714285715,False,-6.431852986217457,6.301359541359542,2,4,2,50.0,35.03831800101362,47.651006711409394,2015-06-30; 2018-02-07,19.83606557377048,0.1639344262295193,历史2/4次成功; 当前距低点0.16%; 最新日涨幅-6.43%; 状态bottom_area; 底部未确认
49,72.1855796467244,60.37156534132295,002952,亚世光电,bottom_area,2025-01-10,20.41,2025-01-03,28.16,2025-01-10,20.37,0.1963672066764808,6.529209621993118,27.66335227272727,27.521306818181817,False,-6.675811614083226,7.163355995290364,4,9,4,44.44444444444444,44.50629817975384,87.62420957542908,2019-11-12; 2020-02-04; 2020-04-01; 2024-02-08,19.80363279332352,0.1963672066764808,历史4/9次成功; 当前距低点0.20%; 最新日涨幅-6.68%; 状态bottom_area; 底部未确认
50,72.12987751288078,61.886581298033796,000917,电广传媒,bottom_area,2025-01-10,6.38,2024-12-12,9.01,2025-01-06,6.28,1.5923566878980837,8.280254777070056,30.299667036625966,29.189789123196448,True,-4.20420420420421,3.1043499923939617,7,18,7,38.88888888888889,32.76845335601726,47.2972972972973,2001-10-22; 2003-11-06; 2012-11-28; 2018-10-19; 2019-08-15; 2020-02-04; 2024-02-06,18.407643312101918,1.5923566878980837,历史7/18次成功; 当前距低点1.59%; 最新日涨幅-4.20%; 状态bottom_area; 底部已确认
51,72.02643626200232,62.43370493629592,300409,道氏技术,bottom_area,2025-01-10,12.34,2024-12-05,16.84,2025-01-08,12.08,2.1523178807947003,7.0364238410596,28.26603325415677,26.72209026128266,True,-2.8346456692913358,2.374061992714694,5,13,5,38.46153846153847,33.28489088445076,50.03460207612457,2015-07-03; 2020-02-04; 2021-04-26; 2022-04-27; 2024-02-06,17.8476821192053,2.1523178807947003,历史5/13次成功; 当前距低点2.15%; 最新日涨幅-2.83%; 状态bottom_area; 底部已确认
52,71.93511807293257,63.078241673562474,603026,石大胜华,bottom_area,2025-01-10,32.12,2024-12-10,42.84,2025-01-08,31.25,2.783999999999992,5.920000000000004,27.05415499533147,25.023342670401505,False,-1.290719114935468,1.119333412286136,5,12,5,41.66666666666667,46.74244627363328,67.24014336917563,2015-07-09; 2020-02-04; 2020-09-28; 2021-01-13; 2022-04-27,17.216000000000008,2.783999999999992,历史5/12次成功; 当前距低点2.78%; 最新日涨幅-1.29%; 状态bottom_area; 底部未确认
53,71.90201693985685,61.317714375461804,600067,冠城新材,bottom_area,2025-01-10,2.41,2024-12-09,3.35,2025-01-06,2.38,1.2605042016806827,7.14285714285714,28.95522388059702,28.059701492537307,True,-3.599999999999992,0.8973830877498687,5,14,5,35.714285714285715,32.52046673353023,46.91642651296828,1997-05-23; 1998-08-18; 2007-06-05; 2015-06-30; 2015-07-06,18.739495798319318,1.2605042016806827,历史5/14次成功; 当前距低点1.26%; 最新日涨幅-3.60%; 状态bottom_area; 底部已确认
54,71.82676121632832,60.80298971070478,002375,亚厦股份,bottom_area,2025-01-10,3.53,2024-12-09,4.94,2025-01-06,3.5,0.8571428571428517,5.999999999999999,29.149797570850204,28.542510121457497,False,-3.551912568306015,0.6632368682891404,6,11,6,54.54545454545454,33.040092705227394,40.40816326530611,2012-11-27; 2014-07-17; 2018-07-11; 2021-01-07; 2022-02-07; 2022-04-28,19.14285714285715,0.8571428571428517,历史6/11次成功; 当前距低点0.86%; 最新日涨幅-3.55%; 状态bottom_area; 底部未确认
55,71.80191245896896,60.91039142420706,600602,云赛智联,bottom_area,2025-01-10,12.46,2025-01-02,17.39,2025-01-08,12.34,0.9724473257698621,8.103727714748784,29.039677975848193,28.349626221966645,False,-4.0800615858352485,3.57559283715793,10,18,10,55.55555555555556,32.8423786993197,41.85351270553064,1991-05-17; 1992-06-03; 1992-10-07; 1992-12-10; 1993-03-10; 1994-08-10; 1999-12-23; 2005-07-21; 2008-06-20; 2015-09-02,19.02755267423014,0.9724473257698621,历史10/18次成功; 当前距低点0.97%; 最新日涨幅-4.08%; 状态bottom_area; 底部未确认
56,71.5533853814116,59.905865251499755,600429,三元股份,bottom_area,2025-01-10,3.95,2024-12-13,5.85,2025-01-10,3.94,0.25380710659899064,3.807106598984769,32.64957264957265,32.47863247863248,False,-2.9484029484029506,0.6842675489922757,4,11,4,36.36363636363637,66.24257752712204,150.82508250825083,2006-06-14; 2008-04-23; 2008-09-16; 2021-02-08,19.74619289340101,0.25380710659899064,历史4/11次成功; 当前距低点0.25%; 最新日涨幅-2.95%; 状态bottom_area; 底部未确认
57,71.53288840907699,62.140300261064155,300562,乐心医疗,bottom_area,2025-01-10,12.16,2024-12-27,16.38,2025-01-08,11.89,2.270815811606388,10.008410428931871,27.411477411477403,25.76312576312576,True,-1.3787510137875048,9.485537324053475,3,7,3,42.857142857142854,23.63619215106529,27.370129870129855,2017-05-09; 2022-02-18; 2022-04-27,17.729184188393614,2.270815811606388,历史3/7次成功; 当前距低点2.27%; 最新日涨幅-1.38%; 状态bottom_area; 底部已确认
58,71.3951859326928,62.14790787049886,601020,华钰矿业,bottom_area,2025-01-10,12.03,2024-12-09,16.1,2025-01-06,11.75,2.38297872340425,7.4042553191489295,27.018633540372676,25.279503105590074,True,-2.7485852869846394,2.6420528018165417,3,7,3,42.857142857142854,25.051993486193474,26.324110671936758,2016-07-28; 2021-05-18; 2021-09-30,17.61702127659575,2.38297872340425,历史3/7次成功; 当前距低点2.38%; 最新日涨幅-2.75%; 状态bottom_area; 底部已确认
59,71.32509982554757,61.10974025974024,603533,掌阅科技,bottom_area,2025-01-10,18.76,2024-12-20,26.05,2025-01-06,18.48,1.5151515151515214,8.116883116883116,29.059500959692897,27.984644913627637,True,-4.285714285714281,3.765600505101659,2,7,2,28.57142857142857,63.836134707766924,73.8197424892704,2020-02-04; 2024-02-06,18.484848484848477,1.5151515151515214,历史2/7次成功; 当前距低点1.52%; 最新日涨幅-4.29%; 状态bottom_area; 底部已确认
60,71.31146354504979,63.40000938275705,002855,捷荣技术,bottom_area,2025-01-10,17.55,2024-12-10,25.2,2025-01-06,16.95,3.5398230088495657,8.495575221238946,32.73809523809524,30.357142857142854,True,-3.8356164383561597,1.3991548868776162,4,7,4,57.14285714285714,25.2270667438851,38.2059800664452,2018-02-07; 2019-05-08; 2022-04-28; 2023-11-28,16.460176991150437,3.5398230088495657,历史4/7次成功; 当前距低点3.54%; 最新日涨幅-3.84%; 状态bottom_area; 底部已确认
61,71.30216942145627,59.89532511590795,300863,卡倍亿,bottom_area,2025-01-10,41.45,2024-12-27,59.92,2025-01-06,41.27,0.4361521686455045,7.947661739762523,31.124833110814414,30.824432576769023,True,-1.3330159485836601,2.920632145372934,3,7,3,42.857142857142854,28.91571768274797,40.089934278796264,2021-01-14; 2022-04-27; 2024-02-06,19.563847831354497,0.4361521686455045,历史3/7次成功; 当前距低点0.44%; 最新日涨幅-1.33%; 状态bottom_area; 底部已确认
62,71.05129887754126,63.38129242372982,300899,上海凯鑫,bottom_area,2025-01-10,18.94,2024-12-11,26.48,2025-01-06,18.26,3.7239868565169756,9.967141292442479,31.042296072507547,28.474320241691842,True,-4.536290322580639,3.076013511196441,2,3,2,66.66666666666666,23.41567628990246,26.796326310102632,2021-11-02; 2022-04-27,16.276013143483027,3.7239868565169756,历史2/3次成功; 当前距低点3.72%; 最新日涨幅-4.54%; 状态bottom_area; 底部已确认
63,70.99756842212224,59.289580079906266,600830,香溢融通,bottom_area,2025-01-10,8.7,2024-12-31,12.85,2025-01-10,8.69,0.11507479861909997,7.019562715765263,32.37354085603113,32.295719844357976,False,-2.2471910112359716,4.474110628794013,8,19,8,42.10526315789473,32.5458578931518,63.375796178343954,1994-08-10; 2008-04-03; 2008-04-22; 2008-09-18; 2013-06-24; 2018-07-06; 2018-10-12; 2022-04-28,19.884925201380902,0.11507479861909997,历史8/19次成功; 当前距低点0.12%; 最新日涨幅-2.25%; 状态bottom_area; 底部未确认
64,70.80409574960481,59.19861238613575,300393,中来股份,bottom_area,2025-01-10,5.56,2024-12-03,7.63,2025-01-10,5.55,0.18018018018017634,5.0450450450450495,27.260812581913502,27.129750982961998,False,-4.302925989672978,1.4188827037545881,4,8,4,50.0,25.96464084379865,36.516853932584276,2015-09-16; 2021-07-28; 2022-04-15; 2024-02-05,19.819819819819827,0.18018018018017634,历史4/8次成功; 当前距低点0.18%; 最新日涨幅-4.30%; 状态bottom_area; 底部未确认
65,70.73766672723029,59.01636158007626,300456,赛微电子,bottom_area,2025-01-10,15.84,2024-12-04,22.3,2025-01-08,15.83,0.06317119393556403,4.801010739102968,29.01345291479821,28.968609865470857,False,-2.8816676885346393,2.1026902666624476,2,5,2,40.0,35.002107001340555,37.08529508376219,2015-06-29; 2023-08-25,19.936828806064437,0.06317119393556403,历史2/5次成功; 当前距低点0.06%; 最新日涨幅-2.88%; 状态bottom_area; 底部未确认
66,70.72972438585451,60.135462415229256,600939,重庆建工,bottom_area,2025-01-10,2.77,2024-12-09,3.8,2025-01-06,2.74,1.0948905109488978,6.934306569343063,27.894736842105257,27.105263157894733,False,-3.819444444444442,0.5148451359413396,2,6,2,33.33333333333333,38.48644863902908,45.695364238410576,2018-06-22; 2024-02-06,18.905109489051103,1.0948905109488978,历史2/6次成功; 当前距低点1.09%; 最新日涨幅-3.82%; 状态bottom_area; 底部未确认
67,70.59058677824942,62.00412943914071,603488,展鹏科技,bottom_area,2025-01-10,7.51,2024-12-06,10.33,2025-01-06,7.3,2.876712328767123,6.301369863013698,29.33204259438529,27.299128751210073,False,-2.08604954367666,1.043390501132181,2,4,2,50.0,24.04856746628898,25.734265734265733,2021-02-08; 2023-11-29,17.12328767123288,2.876712328767123,历史2/4次成功; 当前距低点2.88%; 最新日涨幅-2.09%; 状态bottom_area; 底部未确认
68,70.49189639395006,60.331611885771785,000676,智度股份,bottom_area,2025-01-10,7.66,2024-12-13,11.0,2025-01-06,7.55,1.4569536423841103,7.284768211920528,31.363636363636367,30.363636363636363,True,-4.249999999999998,2.609615238435637,4,12,4,33.33333333333333,34.785660521904404,58.65580448065173,2000-02-21; 2016-03-01; 2020-12-28; 2022-01-27,18.543046357615893,1.4569536423841103,历史4/12次成功; 当前距低点1.46%; 最新日涨幅-4.25%; 状态bottom_area; 底部已确认
69,70.16808713761665,61.290689320846084,603386,骏亚科技,bottom_area,2025-01-10,10.37,2024-12-23,14.06,2025-01-06,10.11,2.5717111770524212,9.49554896142434,28.09388335704126,26.244665718349935,True,-4.247460757156052,1.8787543504597306,3,7,3,42.857142857142854,32.971839962887266,41.30434782608695,2018-06-01; 2018-10-30; 2024-02-06,17.42828882294758,2.5717111770524212,历史3/7次成功; 当前距低点2.57%; 最新日涨幅-4.25%; 状态bottom_area; 底部已确认
70,70.00165255188291,58.495977565974044,300525,博思软件,bottom_area,2025-01-10,13.3,2024-11-28,18.66,2025-01-10,13.28,0.1506024096385644,4.442771084337348,28.831725616291536,28.724544480171488,False,-2.848794740686622,1.7700609087101284,2,5,2,40.0,33.27608096747295,34.975181366933946,2020-02-04; 2020-05-28,19.849397590361438,0.1506024096385644,历史2/5次成功; 当前距低点0.15%; 最新日涨幅-2.85%; 状态bottom_area; 底部未确认
71,69.91699150622965,58.68195995063279,002186,全聚德,bottom_area,2025-01-10,10.3,2024-12-13,15.15,2025-01-06,10.26,0.38986354775829357,7.0175438596491295,32.27722772277228,32.01320132013201,True,-4.717853839037922,2.0396894827568866,3,7,3,42.857142857142854,32.039893914479194,48.62227324913891,2007-11-28; 2008-03-18; 2022-04-28,19.610136452241708,0.38986354775829357,历史3/7次成功; 当前距低点0.39%; 最新日涨幅-4.72%; 状态bottom_area; 底部已确认
72,69.91169650677075,60.44484232806532,300077,国民技术,bottom_area,2025-01-10,21.3,2024-12-20,30.55,2025-01-06,20.88,2.0114942528735713,8.764367816091962,31.653027823240592,30.27823240589198,True,-3.9242219215155694,7.178904152240233,5,13,5,38.46153846153847,31.080909809769135,62.7906976744186,2012-12-04; 2013-06-25; 2019-05-08; 2024-02-05; 2024-11-04,17.98850574712643,2.0114942528735713,历史5/13次成功; 当前距低点2.01%; 最新日涨幅-3.92%; 状态bottom_area; 底部已确认
73,69.79326871524361,61.15191486099756,300588,熙菱信息,bottom_area,2025-01-10,12.37,2024-12-30,16.98,2025-01-06,12.04,2.740863787375416,11.461794019933562,29.093050647820974,27.14958775029447,True,-3.735408560311293,3.2690503757420233,4,9,4,44.44444444444444,30.86007088764733,50.26548672566371,2018-02-07; 2019-05-07; 2020-02-04; 2021-02-09,17.259136212624586,2.740863787375416,历史4/9次成功; 当前距低点2.74%; 最新日涨幅-3.74%; 状态bottom_area; 底部已确认
74,69.76822201054595,59.624041238710944,000718,苏宁环球,bottom_area,2025-01-10,2.21,2024-12-13,3.06,2025-01-08,2.18,1.3761467889908165,5.045871559633022,28.75816993464052,27.77777777777778,False,-1.7777777777777781,1.2246574860321462,6,21,6,28.57142857142857,39.28693657701235,58.30174374526156,2007-06-05; 2007-11-28; 2008-04-22; 2015-07-07; 2017-12-28; 2024-04-24,18.623853211009184,1.3761467889908165,历史6/21次成功; 当前距低点1.38%; 最新日涨幅-1.78%; 状态bottom_area; 底部未确认
75,69.57659488483023,59.99243722982206,300424,航新科技,bottom_area,2025-01-10,14.76,2024-12-30,19.96,2025-01-08,14.49,1.8633540372670776,8.005521048999311,27.404809619238478,26.052104208416836,True,-4.34219053791316,4.6668318087944,2,6,2,33.33333333333333,37.94382312611646,52.29885057471265,2015-07-29; 2024-04-16,18.13664596273292,1.8633540372670776,历史2/6次成功; 当前距低点1.86%; 最新日涨幅-4.34%; 状态bottom_area; 底部已确认
76,69.57333530036553,60.07565959324326,300369,绿盟科技,bottom_area,2025-01-10,6.3,2024-12-10,9.17,2025-01-06,6.18,1.9417475728155358,8.414239482200655,32.60632497273719,31.297709923664126,True,-4.400606980273136,2.032145754399751,2,5,2,40.0,24.90776375947682,26.689189189189182,2016-03-01; 2024-06-06,18.058252427184467,1.9417475728155358,历史2/5次成功; 当前距低点1.94%; 最新日涨幅-4.40%; 状态bottom_area; 底部已确认
77,69.4049327143481,58.567882370890764,300013,新宁物流,bottom_area,2025-01-10,2.94,2024-12-23,4.21,2025-01-10,2.92,0.6849315068493157,5.13698630136986,30.641330166270787,30.16627078384798,False,-4.234527687296419,2.2051412919103357,7,14,7,50.0,28.760893583372077,34.43396226415094,2016-01-14; 2017-01-16; 2018-01-22; 2018-12-25; 2020-09-11; 2022-04-25; 2022-10-11,19.315068493150687,0.6849315068493157,历史7/14次成功; 当前距低点0.68%; 最新日涨幅-4.23%; 状态bottom_area; 底部未确认
78,69.39482298819028,59.43133454907985,002075,沙钢股份,bottom_area,2025-01-10,5.44,2024-12-24,7.64,2025-01-08,5.36,1.492537313432837,8.395522388059689,29.842931937172768,28.795811518324598,False,-1.805054151624541,3.2808953552803826,3,9,3,33.33333333333333,29.360141346093467,33.83977900552485,2019-05-20; 2020-02-04; 2021-02-08,18.507462686567163,1.492537313432837,历史3/9次成功; 当前距低点1.49%; 最新日涨幅-1.81%; 状态bottom_area; 底部未确认
79,69.35969424283779,59.64620366478306,300427,红相股份,bottom_area,2025-01-10,5.33,2024-12-10,7.55,2025-01-06,5.24,1.7175572519083944,8.015267175572518,30.59602649006622,29.403973509933774,True,-4.821428571428566,2.4294595177031786,3,8,3,37.5,25.267388167388177,31.168831168831172,2016-01-07; 2019-05-07; 2021-02-08,18.282442748091608,1.7175572519083944,历史3/8次成功; 当前距低点1.72%; 最新日涨幅-4.82%; 状态bottom_area; 底部已确认
80,69.32179992843867,57.76816660703222,600158,中体产业,bottom_area,2025-01-10,7.3,2024-12-17,10.89,2025-01-10,7.3,0.0,4.520547945205481,32.96602387511479,32.96602387511479,False,-3.693931398416894,1.9013812834408343,10,20,10,50.0,28.323476381893663,47.27085478887744,2001-06-07; 2003-05-13; 2005-03-31; 2008-04-03; 2008-07-18; 2009-03-02; 2014-08-28; 2015-06-23; 2019-05-08; 2023-01-12,20.0,0.0,历史10/20次成功; 当前距低点0.00%; 最新日涨幅-3.69%; 状态bottom_area; 底部未确认
81,69.15034136477276,60.86999884303124,600990,四创电子,bottom_area,2025-01-10,19.26,2024-12-10,25.66,2025-01-06,18.7,2.9946524064171247,7.593582887700544,27.123928293063138,24.941543257989082,True,-2.825428859737633,1.5304482174037732,6,15,6,40.0,31.86992650356071,50.260869565217405,2005-07-19; 2008-09-18; 2010-07-02; 2015-06-30; 2020-02-04; 2024-05-15,17.005347593582876,2.9946524064171247,历史6/15次成功; 当前距低点2.99%; 最新日涨幅-2.83%; 状态bottom_area; 底部已确认
82,68.93891364351884,59.59126433592306,300520,科大国创,bottom_area,2025-01-10,20.4,2024-12-19,29.13,2025-01-06,20.0,1.9999999999999927,8.499999999999996,31.342258839684174,29.96910401647786,True,-4.583723105706272,4.816787815156146,3,8,3,37.5,28.434216859801335,32.59013282732449,2017-10-30; 2022-10-11; 2024-11-18,18.000000000000007,1.9999999999999927,历史3/8次成功; 当前距低点2.00%; 最新日涨幅-4.58%; 状态bottom_area; 底部已确认
83,68.93239073476663,60.876094862884436,600843,上工申贝,bottom_area,2025-01-10,10.73,2024-12-25,15.0,2025-01-06,10.4,3.173076923076924,9.519230769230772,30.666666666666664,28.46666666666666,True,-3.5938903863432237,7.286540131489071,13,27,13,48.148148148148145,26.650572816108152,38.28425096030731,1994-08-10; 1995-08-04; 1997-07-07; 1997-09-23; 1999-12-29; 2002-01-18; 2005-03-30; 2005-08-22; 2008-04-03; 2008-04-22; 2013-06-25; 2015-06-30; 2024-07-09,16.826923076923077,3.173076923076924,历史13/27次成功; 当前距低点3.17%; 最新日涨幅-3.59%; 状态bottom_area; 底部已确认
84,68.92010914229385,61.63228914863444,001696,宗申动力,bottom_area,2025-01-10,20.99,2024-12-25,27.98,2025-01-08,20.21,3.859475507174654,8.411677387431961,27.769835596854897,24.982130092923523,True,-1.7781937295273886,6.080525838957262,7,15,7,46.666666666666664,32.12487439960207,65.16853932584267,2000-05-15; 2006-04-25; 2011-01-25; 2015-09-08; 2020-02-04; 2024-02-06; 2024-11-05,16.14052449282535,3.859475507174654,历史7/15次成功; 当前距低点3.86%; 最新日涨幅-1.78%; 状态bottom_area; 底部已确认
85,68.89421530457328,61.346614354799144,300746,汉嘉数智,bottom_area,2025-01-10,10.29,2024-12-13,14.58,2025-01-06,9.93,3.625377643504526,9.969788519637465,31.893004115226343,29.423868312757207,True,-4.545454545454552,1.4743314504429854,2,4,2,50.0,30.712233236502485,36.90896259703598,2020-02-04; 2022-03-09,16.374622356495475,3.625377643504526,历史2/4次成功; 当前距低点3.63%; 最新日涨幅-4.55%; 状态bottom_area; 底部已确认
86,68.80878966266893,60.47870401528114,300334,津膜科技,bottom_area,2025-01-10,5.3,2024-12-12,7.45,2025-01-06,5.15,2.9126213592232904,8.932038834951456,30.872483221476504,28.859060402684566,True,-4.159132007233279,1.1643883965818254,4,9,4,44.44444444444444,29.346073135479205,44.22535211267606,2012-12-04; 2015-07-29; 2019-08-06; 2023-10-23,17.08737864077671,2.9126213592232904,历史4/9次成功; 当前距低点2.91%; 最新日涨幅-4.16%; 状态bottom_area; 底部已确认
87,68.76241397877698,62.71917365002414,002869,金溢科技,bottom_area,2025-01-10,24.41,2024-12-10,32.7,2025-01-06,23.26,4.94411006018916,10.189165950128965,28.868501529051986,25.35168195718655,True,-1.7706237424547355,4.162466139454887,2,4,2,50.0,44.04163756588939,63.36238198983298,2020-02-04; 2021-02-08,15.05588993981084,4.94411006018916,历史2/4次成功; 当前距低点4.94%; 最新日涨幅-1.77%; 状态bottom_area; 底部已确认
88,68.52324692965861,57.10270577471551,000926,福星股份,bottom_area,2025-01-10,2.31,2024-12-12,3.2,2025-01-10,2.31,0.0,5.194805194805199,27.8125,27.8125,False,-4.149377593361003,2.098207892922697,6,12,6,50.0,24.745729971588734,30.090497737556564,2005-06-01; 2008-09-18; 2011-10-24; 2013-06-25; 2015-07-06; 2024-02-06,20.0,0.0,历史6/12次成功; 当前距低点0.00%; 最新日涨幅-4.15%; 状态bottom_area; 底部未确认
89,68.39884230442445,61.411001235012286,002469,三维化学,bottom_area,2025-01-10,6.89,2024-12-17,9.07,2025-01-06,6.62,4.0785498489425915,8.459214501510568,27.012127894156563,24.03528114663727,True,-2.8208744710860434,3.078582273986496,4,8,4,50.0,26.3983596268892,36.5,2015-06-30; 2018-02-07; 2018-06-22; 2024-02-06,15.921450151057408,4.0785498489425915,历史4/8次成功; 当前距低点4.08%; 最新日涨幅-2.82%; 状态bottom_area; 底部已确认
90,68.30667282809611,56.92222735674677,601005,重庆钢铁,bottom_area,2025-01-10,1.31,2024-12-09,1.8,2025-01-10,1.31,0.0,4.580152671755729,27.22222222222222,27.22222222222222,False,-3.676470588235292,1.397834687120611,2,4,2,50.0,23.77541589648799,25.000000000000018,2009-08-18; 2015-06-30,20.0,0.0,历史2/4次成功; 当前距低点0.00%; 最新日涨幅-3.68%; 状态bottom_area; 底部未确认
91,68.12468559277094,60.32286600360498,688107,安路科技,bottom_area,2025-01-10,25.84,2024-12-27,36.1,2025-01-08,25.01,3.3186725309875977,9.83606557377048,30.720221606648195,28.421052631578952,True,-1.6368481157213566,1.018312577441751,2,6,2,33.33333333333333,47.34465613399662,67.95615731785945,2022-04-27; 2023-08-29,16.681327469012402,3.3186725309875977,历史2/6次成功; 当前距低点3.32%; 最新日涨幅-1.64%; 状态bottom_area; 底部已确认
92,68.08450041967892,59.36106767154361,002819,东方中科,bottom_area,2025-01-10,24.47,2024-12-19,33.2,2025-01-06,23.88,2.4706867671691786,6.616415410385268,28.072289156626518,26.295180722891576,False,-2.393298763462315,1.5044442035818613,3,8,3,37.5,31.94480376714694,51.677148846960186,2020-02-04; 2021-08-16; 2024-02-06,17.529313232830823,2.4706867671691786,历史3/8次成功; 当前距低点2.47%; 最新日涨幅-2.39%; 状态bottom_area; 底部未确认
93,67.9597893514658,56.9088059060394,603976,正川股份,bottom_area,2025-01-10,15.14,2024-11-29,21.21,2025-01-06,15.1,0.26490066225166176,5.629139072847679,28.80716643092881,28.618576143328617,False,-3.1349968010236706,0.5299470027937898,2,5,2,40.0,36.35902911813539,43.93577041339256,2020-02-04; 2021-07-28,19.735099337748338,0.26490066225166176,历史2/5次成功; 当前距低点0.26%; 最新日涨幅-3.13%; 状态bottom_area; 底部未确认
94,67.93600426964821,56.6815681509117,000818,航锦科技,bottom_area,2025-01-10,15.23,2024-12-27,21.41,2025-01-10,15.22,0.06570302233902618,4.73061760840998,28.91172349369453,28.865016347501165,False,-4.032766225582851,2.3502935155949376,6,16,6,37.5,38.11220990239073,55.25902668759812,2005-07-18; 2008-03-20; 2008-04-22; 2011-03-11; 2020-02-04; 2024-02-06,19.934296977660974,0.06570302233902618,历史6/16次成功; 当前距低点0.07%; 最新日涨幅-4.03%; 状态bottom_area; 底部未确认
95,67.91022856848141,58.85435610188141,300880,迦南智能,bottom_area,2025-01-10,20.03,2024-12-10,27.16,2025-01-06,19.61,2.141764405915358,6.884242733299345,27.798232695139912,26.251840942562588,False,-2.9083858458555434,1.3929113865764295,1,2,1,50.0,31.438596491228072,31.438596491228072,2022-04-26,17.858235594084643,2.141764405915358,历史1/2次成功; 当前距低点2.14%; 最新日涨幅-2.91%; 状态bottom_area; 底部未确认
96,67.84074738624729,56.53395615520608,002495,佳隆股份,bottom_area,2025-01-10,2.16,2025-01-03,3.07,2025-01-10,2.16,0.0,9.259259259259247,29.64169381107491,29.64169381107491,False,-4.8458149779735615,9.636193386896172,6,13,6,46.15384615384615,30.021269651645564,38.07339449541283,2011-08-09; 2012-12-04; 2015-06-23; 2015-07-16; 2022-04-27; 2024-12-25,20.0,0.0,历史6/13次成功; 当前距低点0.00%; 最新日涨幅-4.85%; 状态bottom_area; 底部未确认
97,67.81253027324631,56.728935694315005,603108,润达医疗,bottom_area,2025-01-10,14.28,2024-12-10,21.21,2025-01-08,14.25,0.2105263157894692,5.122807017543863,32.814710042432814,32.67326732673268,False,-2.9891304347826164,2.3306312398466056,2,5,2,40.0,24.510406958682818,28.21621621621621,2015-07-03; 2016-01-14,19.78947368421053,0.2105263157894692,历史2/5次成功; 当前距低点0.21%; 最新日涨幅-2.99%; 状态bottom_area; 底部未确认
98,67.80292369763865,56.50243641469888,600325,华发股份,bottom_area,2025-01-10,5.3,2024-11-08,7.38,2025-01-10,5.3,0.0,3.7735849056603805,28.184281842818432,28.184281842818432,False,-3.1078610603290646,0.9572072401973593,6,13,6,46.15384615384615,29.851808681176756,47.383112351709705,2008-04-22; 2008-08-11; 2015-06-30; 2015-08-26; 2021-11-10; 2024-01-23,20.0,0.0,历史6/13次成功; 当前距低点0.00%; 最新日涨幅-3.11%; 状态bottom_area; 底部未确认
99,67.6715910182852,57.16357999060116,300451,创业慧康,bottom_area,2025-01-10,4.08,2024-12-16,5.92,2025-01-08,4.05,0.7407407407407469,6.913580246913586,31.58783783783784,31.08108108108108,False,-4.0000000000000036,2.085159515456194,3,6,3,50.0,21.894993975752964,23.89380530973452,2015-09-02; 2016-04-22; 2023-04-26,19.259259259259252,0.7407407407407469,历史3/6次成功; 当前距低点0.74%; 最新日涨幅-4.00%; 状态bottom_area; 底部未确认
100,67.66575319148936,56.38812765957447,300725,药石科技,bottom_area,2025-01-10,29.11,2024-12-09,40.43,2025-01-10,29.11,0.0,4.946753692889047,27.999010635666583,27.999010635666583,False,-3.4494195688225537,1.8596205426264723,2,5,2,40.0,42.5705788149165,43.26881720430109,2019-07-22; 2024-02-05,20.0,0.0,历史2/5次成功; 当前距低点0.00%; 最新日涨幅-3.45%; 状态bottom_area; 底部未确认
101,67.61996820309115,61.34876147457867,603178,圣龙股份,bottom_area,2025-01-10,17.1,2024-12-17,23.5,2025-01-08,16.34,4.6511627906976845,8.690330477356193,30.46808510638298,27.234042553191486,True,-0.696864111498241,2.108692546914569,4,8,4,50.0,33.08286364177094,44.66270354096666,2019-01-31; 2021-02-04; 2023-11-27; 2023-12-08,15.348837209302316,4.6511627906976845,历史4/8次成功; 当前距低点4.65%; 最新日涨幅-0.70%; 状态bottom_area; 底部已确认
102,67.59461787984192,59.889867374381,002657,中科金财,bottom_area,2025-01-10,16.65,2024-12-23,22.07,2025-01-06,16.11,3.351955307262565,9.062693978895101,27.004984141368375,24.558223833257824,True,-4.31034482758621,4.3915791318418735,4,10,4,40.0,41.1952982523637,56.540447504302946,2012-12-04; 2014-12-10; 2015-09-02; 2022-01-27,16.648044692737436,3.351955307262565,历史4/10次成功; 当前距低点3.35%; 最新日涨幅-4.31%; 状态bottom_area; 底部已确认
103,67.5921825366415,58.53178321678325,300285,国瓷材料,bottom_area,2025-01-10,16.06,2024-11-12,22.04,2025-01-08,15.73,2.097902097902087,6.16656071201525,28.62976406533575,27.13248638838476,False,-2.073170731707319,1.1001155502793951,2,8,2,25.0,52.39310963977106,70.57569296375266,2015-06-30; 2024-09-18,17.902097902097914,2.097902097902087,历史2/8次成功; 当前距低点2.10%; 最新日涨幅-2.07%; 状态bottom_area; 底部未确认
104,67.58566685867274,57.141241646429684,600199,金种子酒,bottom_area,2025-01-10,11.5,2024-12-12,15.68,2025-01-08,11.41,0.7887817703768611,4.645048203330406,27.232142857142854,26.658163265306122,False,-2.127659574468088,1.2624871448831498,7,16,7,43.75,25.690398295101822,33.667781493868446,2003-11-07; 2007-07-17; 2013-10-29; 2015-08-26; 2020-12-03; 2022-03-29; 2023-05-17,19.21121822962314,0.7887817703768611,历史7/16次成功; 当前距低点0.79%; 最新日涨幅-2.13%; 状态bottom_area; 底部未确认
105,67.52578202785259,57.68607997808714,300983,尤安设计,bottom_area,2025-01-10,15.7,2024-12-12,21.58,2025-01-06,15.49,1.355713363460291,6.197546804389923,28.220574606116767,27.247451343836882,False,-3.205918618988901,0.30776742287268644,1,2,1,50.0,25.73713143428285,25.73713143428285,2024-02-06,18.64428663653971,1.355713363460291,历史1/2次成功; 当前距低点1.36%; 最新日涨幅-3.21%; 状态bottom_area; 底部未确认
106,67.47980193490233,56.23316827908528,002466,天齐锂业,bottom_area,2025-01-10,31.0,2024-11-20,43.07,2025-01-10,31.0,0.0,4.000000000000006,28.024146737868588,28.024146737868588,False,-3.336451512316807,1.0516464693073335,5,11,5,45.45454545454545,29.919282047868055,50.224215246636774,2012-12-04; 2015-06-30; 2016-02-29; 2020-02-04; 2024-02-05,20.0,0.0,历史5/11次成功; 当前距低点0.00%; 最新日涨幅-3.34%; 状态bottom_area; 底部未确认
107,67.36644813718874,61.32504424730563,603079,圣达生物,bottom_area,2025-01-10,12.79,2024-12-13,18.06,2025-01-06,12.2,4.83606557377049,10.491803278688534,32.44739756367663,29.18050941306755,True,-3.834586466165424,1.3386791669129217,4,7,4,57.14285714285714,29.960765198553307,39.7635135135135,2019-04-22; 2020-02-04; 2022-04-27; 2024-09-18,15.163934426229511,4.83606557377049,历史4/7次成功; 当前距低点4.84%; 最新日涨幅-3.83%; 状态bottom_area; 底部已确认
108,67.3531587955415,56.60512958841589,003022,联泓新科,bottom_area,2025-01-10,13.04,2024-11-12,17.98,2025-01-08,12.98,0.46224961479197785,3.6979969183359045,27.808676307007786,27.474972191323698,False,-2.322097378277155,0.22985062463379782,2,6,2,33.33333333333333,41.37486761724877,42.72076372315036,2021-10-12; 2024-02-05,19.53775038520802,0.46224961479197785,历史2/6次成功; 当前距低点0.46%; 最新日涨幅-2.32%; 状态bottom_area; 底部未确认
109,67.26687998315201,56.65966384477055,600569,安阳钢铁,bottom_area,2025-01-10,1.72,2024-12-19,2.45,2025-01-06,1.71,0.5847953216374274,4.093567251461992,30.204081632653068,29.795918367346946,False,-2.824858757062154,0.8259965351530525,7,17,7,41.17647058823529,26.17677167228526,32.721202003338895,2006-05-25; 2007-06-26; 2008-03-18; 2008-04-22; 2017-05-11; 2020-02-04; 2021-02-04,19.415204678362574,0.5847953216374274,历史7/17次成功; 当前距低点0.58%; 最新日涨幅-2.82%; 状态bottom_area; 底部未确认
110,67.26047664617984,59.347479393688104,603232,格尔软件,bottom_area,2025-01-10,11.88,2024-12-19,16.3,2025-01-06,11.52,3.12500000000001,6.33680555555556,29.32515337423314,27.116564417177912,False,-2.06100577081616,2.5845654993514917,4,10,4,40.0,34.47569566498993,48.01488833746897,2017-08-11; 2018-02-07; 2022-11-28; 2024-02-07,16.87499999999999,3.12500000000001,历史4/10次成功; 当前距低点3.13%; 最新日涨幅-2.06%; 状态bottom_area; 底部未确认
111,67.20806244601732,56.585347088254224,002416,爱施德,bottom_area,2025-01-10,12.55,2025-01-02,17.41,2025-01-10,12.48,0.5608974358974381,8.253205128205122,28.31705916140149,27.914991384261917,False,-6.968124536693843,7.013301629805997,4,11,4,36.36363636363637,46.127138642768465,59.16988416988417,2012-12-04; 2014-12-31; 2016-03-01; 2020-02-04,19.439102564102562,0.5608974358974381,历史4/11次成功; 当前距低点0.56%; 最新日涨幅-6.97%; 状态bottom_area; 底部未确认
112,67.12540497990717,56.27315966980411,002246,北化股份,bottom_area,2025-01-10,9.23,2024-12-13,12.67,2025-01-06,9.2,0.3260869565217515,4.347826086956526,27.38752959747435,27.1507498026835,False,-2.73972602739726,1.2181012829972713,6,16,6,37.5,28.89321468104135,41.44838212634822,2012-05-28; 2012-12-04; 2015-08-04; 2022-04-27; 2024-02-06; 2024-07-25,19.67391304347825,0.3260869565217515,历史6/16次成功; 当前距低点0.33%; 最新日涨幅-2.74%; 状态bottom_area; 底部未确认
113,67.02856058168105,60.30560265596097,301085,亚康股份,bottom_area,2025-01-10,59.4,2024-12-26,79.52,2025-01-06,57.01,4.192246974215051,10.506928609015965,28.30734406438632,25.301810865191143,True,-3.7745018629515625,7.5012265112080145,2,4,2,50.0,32.064116974039145,42.41158451684769,2023-04-26; 2024-10-14,15.807753025784951,4.192246974215051,历史2/4次成功; 当前距低点4.19%; 最新日涨幅-3.77%; 状态bottom_area; 底部已确认
114,66.99905890560147,57.85918869191169,002605,姚记科技,bottom_area,2025-01-10,24.6,2024-12-11,35.72,2025-01-08,24.13,1.9477828429341169,7.210940737670958,32.4468085106383,31.131019036954083,True,-2.7283511269276306,2.4122283227911514,3,10,3,30.0,24.516847170975655,28.730703259005143,2016-12-14; 2017-06-02; 2024-07-25,18.052217157065883,1.9477828429341169,历史3/10次成功; 当前距低点1.95%; 最新日涨幅-2.73%; 状态bottom_area; 底部已确认
115,66.93952814868302,56.497273466583465,600307,酒钢宏兴,bottom_area,2025-01-10,1.45,2024-12-09,2.02,2025-01-10,1.44,0.6944444444444451,3.472222222222225,28.712871287128717,28.21782178217822,False,-2.684563758389269,0.602047703647764,3,7,3,42.857142857142854,23.006334561764707,25.20325203252033,2008-03-18; 2015-06-30; 2016-02-01,19.305555555555557,0.6944444444444451,历史3/7次成功; 当前距低点0.69%; 最新日涨幅-2.68%; 状态bottom_area; 底部未确认
116,66.84430401289177,60.5569684869267,603032,德新科技,bottom_area,2025-01-10,12.81,2024-12-12,17.39,2025-01-06,12.25,4.571428571428576,9.142857142857135,29.557216791259343,26.336975273145484,True,-2.8072837632776904,1.375118240532016,4,8,4,50.0,27.848524891311023,33.94088669950739,2018-10-09; 2018-10-19; 2020-02-06; 2023-12-21,15.428571428571425,4.571428571428576,历史4/8次成功; 当前距低点4.57%; 最新日涨幅-2.81%; 状态bottom_area; 底部已确认
117,66.7681618399911,58.33239945698148,300490,华自科技,bottom_area,2025-01-10,7.15,2024-12-10,10.12,2025-01-06,6.97,2.582496413199435,9.03873744619799,31.126482213438734,29.347826086956513,True,-4.411764705882348,1.2619369288606332,4,11,4,36.36363636363637,31.26852593833726,36.93693693693693,2019-05-08; 2020-02-04; 2021-02-08; 2021-07-28,17.417503586800564,2.582496413199435,历史4/11次成功; 当前距低点2.58%; 最新日涨幅-4.41%; 状态bottom_area; 底部已确认
118,66.74433220441215,56.81059404558428,000620,盈新发展,bottom_area,2025-01-10,1.75,2024-12-25,2.45,2025-01-10,1.73,1.1560693641618507,8.670520231213867,29.387755102040824,28.571428571428577,False,-7.4074074074074066,3.430306477847294,7,24,7,29.166666666666668,30.38852435057329,58.4192439862543,1997-05-23; 1997-07-08; 2015-06-23; 2015-06-30; 2021-08-18; 2022-01-20; 2022-02-18,18.84393063583815,1.1560693641618507,历史7/24次成功; 当前距低点1.16%; 最新日涨幅-7.41%; 状态bottom_area; 底部未确认
119,66.64272049389633,57.41892679256686,000155,川能动力,bottom_area,2025-01-10,10.62,2024-12-04,14.4,2025-01-02,10.43,1.82166826462128,6.711409395973164,27.569444444444446,26.250000000000007,False,-2.925045703839124,1.0877014952506785,3,11,3,27.27272727272727,35.70656637093704,45.280898876404486,2011-08-09; 2024-02-05; 2024-08-23,18.178331735378723,1.82166826462128,历史3/11次成功; 当前距低点1.82%; 最新日涨幅-2.93%; 状态bottom_area; 底部未确认
120,66.55950339927288,56.681648811133776,603569,长久物流,bottom_area,2025-01-10,6.84,2024-12-10,9.66,2025-01-06,6.76,1.1834319526627228,7.248520710059175,30.020703933747416,29.192546583850937,True,-3.2531824611032545,0.799874328364527,2,7,2,28.57142857142857,22.126816929672454,22.779682143970067,2017-01-16; 2022-10-12,18.816568047337277,1.1834319526627228,历史2/7次成功; 当前距低点1.18%; 最新日涨幅-3.25%; 状态bottom_area; 底部已确认
121,66.54722369771459,55.456019748095486,000829,天音控股,bottom_area,2025-01-10,9.98,2024-12-30,13.88,2025-01-10,9.98,0.0,5.811623246492986,28.097982708933717,28.097982708933717,False,-4.680038204393511,2.5804349119603076,6,16,6,37.5,42.97591262416927,60.86956521739128,2001-02-23; 2012-12-04; 2013-06-25; 2020-02-04; 2022-04-27; 2024-02-06,20.0,0.0,历史6/16次成功; 当前距低点0.00%; 最新日涨幅-4.68%; 状态bottom_area; 底部未确认
122,66.53070253515067,57.75526642326605,000042,中洲控股,bottom_area,2025-01-10,4.12,2024-12-12,5.97,2025-01-06,4.03,2.233250620347391,7.692307692307682,32.495812395309876,30.98827470686767,True,-3.9627039627039617,1.3999127096820492,5,14,5,35.714285714285715,25.2915091118331,29.558745348219045,1996-12-18; 2007-06-05; 2008-03-18; 2022-04-27; 2024-01-23,17.76674937965261,2.233250620347391,历史5/14次成功; 当前距低点2.23%; 最新日涨幅-3.96%; 状态bottom_area; 底部已确认
123,66.52187721353295,58.02972267563511,600815,厦工股份,bottom_area,2025-01-10,2.46,2024-12-12,3.53,2025-01-06,2.4,2.500000000000002,7.916666666666665,32.01133144475921,30.311614730878183,True,-3.529411764705881,0.7400451198476687,6,16,6,37.5,26.167863847500605,32.48502994011976,2008-07-03; 2008-09-18; 2009-03-03; 2015-06-30; 2015-09-02; 2022-04-27,17.5,2.500000000000002,历史6/16次成功; 当前距低点2.50%; 最新日涨幅-3.53%; 状态bottom_area; 底部已确认
124,66.46284270482647,57.608649828578905,300648,星云股份,bottom_area,2025-01-10,20.43,2024-12-13,29.6,2025-01-06,20.0,2.1499999999999986,7.750000000000004,32.432432432432435,30.979729729729733,True,-4.219409282700415,1.5567474506590386,3,9,3,33.33333333333333,28.641486533578338,37.63644992880873,2018-06-20; 2021-01-11; 2022-02-14,17.85,2.1499999999999986,历史3/9次成功; 当前距低点2.15%; 最新日涨幅-4.22%; 状态bottom_area; 底部已确认
125,66.45261095186798,55.37717579322332,000567,海德股份,bottom_area,2025-01-10,6.03,2024-12-03,9.0,2025-01-08,6.03,0.0,5.472636815920398,32.99999999999999,32.99999999999999,False,-2.898550724637672,0.6535201238427332,9,25,9,36.0,35.58696663023292,65.85365853658539,1995-05-11; 1995-10-09; 2001-02-23; 2007-06-05; 2007-06-26; 2008-04-03; 2018-06-01; 2018-06-19; 2024-02-06,20.0,0.0,历史9/25次成功; 当前距低点0.00%; 最新日涨幅-2.90%; 状态bottom_area; 底部未确认
126,66.41841475454088,56.092602125052494,688561,奇安信,bottom_area,2025-01-10,23.5,2024-12-12,32.8,2025-01-08,23.33,0.7286755250750181,4.457779682811842,28.871951219512194,28.353658536585357,False,-2.083333333333337,0.5119363872098809,2,6,2,33.33333333333333,41.88520961768929,62.03128880059596,2022-04-28; 2022-10-12,19.271324474924985,0.7286755250750181,历史2/6次成功; 当前距低点0.73%; 最新日涨幅-2.08%; 状态bottom_area; 底部未确认
127,66.33415743452174,58.33405804543369,300083,创世纪,bottom_area,2025-01-10,5.95,2024-12-10,8.2,2025-01-08,5.78,2.9411764705882337,6.920415224913485,29.512195121951212,27.439024390243894,False,-2.4590163934426146,2.3113991795661843,4,11,4,36.36363636363637,34.65266098833016,57.703081232493005,2014-07-24; 2020-02-04; 2022-10-10; 2024-02-05,17.058823529411768,2.9411764705882337,历史4/11次成功; 当前距低点2.94%; 最新日涨幅-2.46%; 状态bottom_area; 底部未确认
128,66.31558096156745,57.47444958149971,300996,普联软件,bottom_area,2025-01-10,16.2,2024-12-20,21.95,2025-01-06,15.86,2.1437578814627987,8.764186633039097,27.744874715261957,26.195899772209568,True,-3.857566765578646,1.1838829391882186,1,2,1,50.0,25.065685759327373,25.065685759327373,2023-04-26,17.856242118537203,2.1437578814627987,历史1/2次成功; 当前距低点2.14%; 最新日涨幅-3.86%; 状态bottom_area; 底部已确认
129,66.14745011571107,55.12287509642589,000501,武商集团,bottom_area,2025-01-10,8.17,2024-12-31,11.8,2025-01-10,8.17,0.0,6.854345165238684,30.762711864406782,30.762711864406782,False,-5.875576036866359,3.5101758059867634,7,16,7,43.75,27.643145679709058,40.62500000000001,1995-06-15; 1997-07-08; 1998-08-17; 2006-04-03; 2007-06-05; 2008-09-18; 2020-02-04,20.0,0.0,历史7/16次成功; 当前距低点0.00%; 最新日涨幅-5.88%; 状态bottom_area; 底部未确认
130,66.11670642981049,55.468394249136786,000839,国安股份,bottom_area,2025-01-10,2.74,2024-12-11,3.8,2025-01-08,2.73,0.36630036630037477,5.860805860805867,28.157894736842103,27.894736842105257,False,-3.5211267605633645,0.8865316415491631,7,18,7,38.88888888888889,32.26525194666353,51.898734177215175,2001-02-16; 2009-08-20; 2011-08-09; 2017-01-17; 2020-02-04; 2020-05-25; 2021-11-02,19.633699633699624,0.36630036630037477,历史7/18次成功; 当前距低点0.37%; 最新日涨幅-3.52%; 状态bottom_area; 底部未确认
131,66.09086421054297,57.23940918234525,600651,飞乐音响,bottom_area,2025-01-10,3.88,2024-12-11,5.27,2025-01-08,3.8,2.105263157894739,7.368421052631585,27.893738140417458,26.37571157495256,True,-2.267002518891692,0.856583981817614,8,30,8,26.666666666666668,30.33732535311065,45.98540145985401,1992-04-27; 1993-02-24; 1993-07-27; 1993-12-20; 1998-10-08; 2008-02-01; 2012-12-04; 2015-06-30,17.894736842105264,2.105263157894739,历史8/30次成功; 当前距低点2.11%; 最新日涨幅-2.27%; 状态bottom_area; 底部已确认
132,66.03100670344195,55.02583891953496,601588,北辰实业,bottom_area,2025-01-10,1.71,2024-12-16,2.45,2025-01-10,1.71,0.0,5.263157894736847,30.204081632653068,30.204081632653068,False,-4.469273743016766,0.837296992481203,5,12,5,41.66666666666667,31.63533469284026,42.83837056504598,2006-12-14; 2007-06-05; 2008-03-18; 2008-04-22; 2013-06-25,20.0,0.0,历史5/12次成功; 当前距低点0.00%; 最新日涨幅-4.47%; 状态bottom_area; 底部未确认
133,66.01877012782917,57.57076901371268,002457,青龙管业,bottom_area,2025-01-10,10.74,2024-12-09,14.5,2025-01-06,10.48,2.480916030534349,6.393129770992366,27.72413793103448,25.93103448275862,False,-2.893309222423146,2.065259979169504,2,6,2,33.33333333333333,31.472710913965862,42.51290877796902,2015-06-30; 2024-02-06,17.51908396946565,2.480916030534349,历史2/6次成功; 当前距低点2.48%; 最新日涨幅-2.89%; 状态bottom_area; 底部未确认
134,65.98427206578076,54.986893388150634,688609,九联科技,bottom_area,2025-01-10,9.15,2024-12-23,12.89,2025-01-10,9.15,0.0,7.103825136612025,29.014740108611324,29.014740108611324,False,-4.488517745302712,2.46898,3,7,3,42.857142857142854,28.846585036140166,30.853994490358133,2021-06-16; 2022-04-27; 2024-10-14,20.0,0.0,历史3/7次成功; 当前距低点0.00%; 最新日涨幅-4.49%; 状态bottom_area; 底部未确认
135,65.8786971304146,56.207447443338545,002624,完美世界,bottom_area,2025-01-10,9.45,2024-12-10,13.63,2025-01-08,9.33,1.286173633440506,6.109324758842447,31.54805575935437,30.66764490095379,False,-2.4767801857585203,1.3934420637724791,1,3,1,33.33333333333333,26.164462334675104,26.164462334675104,2014-10-27,18.713826366559495,1.286173633440506,历史1/3次成功; 当前距低点1.29%; 最新日涨幅-2.48%; 状态bottom_area; 底部未确认
136,65.79817859315638,56.18039005089233,300732,设研院,bottom_area,2025-01-10,6.11,2024-12-06,8.33,2025-01-06,6.03,1.3266998341625218,7.462686567164181,27.611044417767104,26.650660264105642,True,-4.381846635367747,1.4237486320459527,1,3,1,33.33333333333333,27.537270642201822,27.537270642201822,2018-02-07,18.673300165837478,1.3266998341625218,历史1/3次成功; 当前距低点1.33%; 最新日涨幅-4.38%; 状态bottom_area; 底部已确认
137,65.57830137462271,55.481180641272445,300917,特发服务,bottom_area,2025-01-10,43.98,2024-12-12,61.6,2025-01-06,43.62,0.8253094910591459,7.496561210453928,29.188311688311696,28.60389610389611,True,-4.224738675958195,2.2919526627218936,3,8,3,37.5,31.776270327351053,47.40277400054392,2020-12-23; 2022-04-27; 2024-08-28,19.174690508940856,0.8253094910591459,历史3/8次成功; 当前距低点0.83%; 最新日涨幅-4.22%; 状态bottom_area; 底部已确认
138,65.45777037409971,55.27019921278777,002312,川发龙蟒,bottom_area,2025-01-10,12.63,2024-12-18,18.19,2025-01-08,12.54,0.7177033492823097,7.416267942583745,31.061022539857074,30.566245189664652,True,-4.751131221719451,3.626420163890793,5,14,5,35.714285714285715,33.19196616287256,46.05263157894737,2010-02-03; 2014-06-25; 2015-09-02; 2020-02-04; 2023-10-23,19.282296650717694,0.7177033492823097,历史5/14次成功; 当前距低点0.72%; 最新日涨幅-4.75%; 状态bottom_area; 底部已确认
139,65.24651929252714,54.85874960857993,300253,卫宁健康,bottom_area,2025-01-10,6.2,2024-12-10,8.48,2025-01-10,6.17,0.4862236628849311,5.186385737439227,27.240566037735853,26.88679245283019,False,-3.4267912772585674,1.343041301776763,4,10,4,40.0,28.050212687943915,31.17713426100039,2015-07-03; 2015-09-02; 2020-06-22; 2022-04-27,19.513776337115072,0.4862236628849311,历史4/10次成功; 当前距低点0.49%; 最新日涨幅-3.43%; 状态bottom_area; 底部未确认
140,65.04010192040663,56.951012063275506,300120,经纬辉开,bottom_area,2025-01-10,8.35,2024-12-20,11.35,2025-01-06,8.13,2.7060270602705887,9.348093480934807,28.370044052863424,26.431718061674008,True,-3.912543153049486,3.5692686239279228,3,8,3,37.5,22.89383742307766,24.448419797257014,2015-07-16; 2015-07-29; 2015-09-07,17.293972939729414,2.7060270602705887,历史3/8次成功; 当前距低点2.71%; 最新日涨幅-3.91%; 状态bottom_area; 底部已确认
141,64.93147161765981,55.39960086751816,000062,深圳华强,bottom_area,2025-01-10,20.47,2024-12-03,27.82,2025-01-08,20.21,1.2864918357248787,5.78921326076199,27.35442127965492,26.41984184040259,False,-2.662862577270575,1.1116086832764585,4,18,4,22.22222222222222,29.23250912588886,37.385512073272274,2015-07-29; 2018-02-09; 2020-02-04; 2024-10-14,18.713508164275122,1.2864918357248787,历史4/18次成功; 当前距低点1.29%; 最新日涨幅-2.66%; 状态bottom_area; 底部未确认
142,64.82346577550352,56.36030085714854,002777,久远银海,bottom_area,2025-01-10,15.45,2024-11-28,21.47,2025-01-08,15.1,2.3178807947019844,8.145695364238401,29.66930600838379,28.039124359571492,True,-2.9522613065326664,2.210715973569199,2,9,2,22.22222222222222,37.84684684684685,51.99999999999999,2019-06-05; 2024-02-06,17.682119205298015,2.3178807947019844,历史2/9次成功; 当前距低点2.32%; 最新日涨幅-2.95%; 状态bottom_area; 底部已确认
143,64.69443821119144,53.91203184265954,688599,天合光能,bottom_area,2025-01-10,17.35,2024-12-03,25.66,2025-01-10,17.35,0.0,3.804034582132566,32.3850350740452,32.3850350740452,False,-3.2887402452619785,0.6887698614360991,2,5,2,40.0,29.258235713223325,32.80865715691098,2023-06-09; 2024-02-05,20.0,0.0,历史2/5次成功; 当前距低点0.00%; 最新日涨幅-3.29%; 状态bottom_area; 底部未确认
144,64.5850407173926,53.82086726449384,600575,淮河能源,bottom_area,2025-01-10,3.2,2024-12-31,4.76,2025-01-10,3.2,0.0,4.0624999999999964,32.773109243697476,32.773109243697476,False,-3.0303030303030165,1.4662088036902439,3,9,3,33.33333333333333,43.212548016991946,49.508196721311464,2008-03-18; 2008-04-22; 2022-04-27,20.0,0.0,历史3/9次成功; 当前距低点0.00%; 最新日涨幅-3.03%; 状态bottom_area; 底部未确认
145,64.5709252331383,54.08036932335483,300601,康泰生物,bottom_area,2025-01-10,14.62,2024-12-10,20.33,2025-01-10,14.58,0.2743484224965648,3.5665294924554156,28.283325135268072,28.086571569109687,False,-2.338009352037418,1.30466897132242,2,6,2,33.33333333333333,25.49758275975091,26.157407407407412,2020-11-30; 2024-10-16,19.725651577503438,0.2743484224965648,历史2/6次成功; 当前距低点0.27%; 最新日涨幅-2.34%; 状态bottom_area; 底部未确认
146,64.54285818725491,57.94508929028679,000695,滨海能源,bottom_area,2025-01-10,9.45,2024-12-10,12.54,2025-01-06,9.08,4.074889867841401,8.590308370044045,27.591706539074956,24.641148325358852,True,-3.3742331288343586,1.5064614092802922,10,22,10,45.45454545454545,27.783098767652483,43.43434343434343,1997-05-26; 2007-10-26; 2008-03-18; 2012-12-04; 2013-06-25; 2015-06-30; 2015-07-16; 2020-02-04; 2021-08-20; 2022-04-27,15.925110132158599,4.074889867841401,历史10/22次成功; 当前距低点4.07%; 最新日涨幅-3.37%; 状态bottom_area; 底部已确认
147,64.46687784192403,57.70475001672368,300507,苏奥传感,bottom_area,2025-01-10,6.11,2024-12-10,8.5,2025-01-06,5.88,3.9115646258503474,8.843537414965995,30.823529411764707,28.117647058823525,True,-2.551834130781483,2.759371977033621,4,11,4,36.36363636363637,33.97081671568287,48.92221180880975,2018-02-09; 2019-05-06; 2020-02-04; 2022-04-27,16.088435374149654,3.9115646258503474,历史4/11次成功; 当前距低点3.91%; 最新日涨幅-2.55%; 状态bottom_area; 底部已确认
148,64.44044133936043,54.17559227645346,002210,飞马国际,bottom_area,2025-01-10,2.09,2024-12-25,3.04,2025-01-06,2.08,0.48076923076922046,7.692307692307699,31.57894736842105,31.250000000000007,True,-4.128440366972486,3.4634020556071494,5,15,5,33.33333333333333,29.56135908211798,32.558139534883715,2008-09-18; 2015-06-30; 2015-12-02; 2020-04-21; 2024-02-06,19.51923076923078,0.48076923076922046,历史5/15次成功; 当前距低点0.48%; 最新日涨幅-4.13%; 状态bottom_area; 底部已确认
149,64.38822092008483,56.87287652247242,600719,大连热电,bottom_area,2025-01-10,6.16,2024-12-18,8.46,2025-01-06,5.97,3.1825795644891186,9.882747068676714,29.432624113475185,27.186761229314428,True,-4.643962848297212,2.096517100721682,6,19,6,31.57894736842105,41.14431258082753,102.49480249480251,1999-05-17; 2000-05-15; 2003-11-07; 2018-02-09; 2023-06-20; 2024-02-06,16.817420435510883,3.1825795644891186,历史6/19次成功; 当前距低点3.18%; 最新日涨幅-4.64%; 状态bottom_area; 底部已确认
150,64.24392657672534,56.52174260463867,688003,天准科技,bottom_area,2025-01-10,39.92,2024-12-20,54.53,2025-01-07,38.77,2.9662109878772207,11.632705700283719,28.90152209792774,26.792591234183018,True,0.20080321285140812,2.589587716009613,1,5,1,20.0,29.003783102143764,29.003783102143764,2019-11-27,17.03378901212278,2.9662109878772207,历史1/5次成功; 当前距低点2.97%; 最新日涨幅0.20%; 状态bottom_area; 底部已确认
151,64.23851963888828,57.90322554936906,000607,华媒控股,bottom_area,2025-01-10,3.4,2024-12-19,4.77,2025-01-06,3.26,4.2944785276073665,11.656441717791424,31.656184486373164,28.721174004192868,True,-3.409090909090917,1.8349589192781204,5,13,5,38.46153846153847,45.40127200168742,59.82721382289418,1996-12-25; 2008-04-22; 2018-10-19; 2020-02-04; 2022-01-28,15.705521472392636,4.2944785276073665,历史5/13次成功; 当前距低点4.29%; 最新日涨幅-3.41%; 状态bottom_area; 底部已确认
152,64.23281640630545,57.42669016457771,300721,怡达股份,bottom_area,2025-01-10,11.34,2024-12-04,14.96,2025-01-06,10.92,3.846153846153846,8.791208791208799,27.00534759358289,24.19786096256685,True,-3.489361702127658,1.465395807531389,5,11,5,45.45454545454545,22.192145782939,24.82705611068408,2018-02-07; 2019-11-15; 2020-07-24; 2022-04-27; 2023-10-23,16.153846153846153,3.846153846153846,历史5/11次成功; 当前距低点3.85%; 最新日涨幅-3.49%; 状态bottom_area; 底部已确认
153,64.0168374116159,54.7216525883836,300055,万邦达,bottom_area,2025-01-10,4.38,2024-12-04,6.05,2025-01-06,4.32,1.3888888888888797,6.712962962962964,28.595041322314042,27.603305785123965,False,-3.736263736263734,0.9704680135266208,3,13,3,23.076923076923077,35.20601750027006,41.555977229601524,2015-07-07; 2018-10-12; 2020-02-04,18.61111111111112,1.3888888888888797,历史3/13次成功; 当前距低点1.39%; 最新日涨幅-3.74%; 状态bottom_area; 底部未确认
154,63.95294301269438,53.294119177245314,600606,绿地控股,bottom_area,2025-01-10,1.89,2024-12-11,2.69,2025-01-10,1.89,0.0,5.820105820105825,29.739776951672862,29.739776951672862,False,-4.060913705583758,0.6506565866565867,8,27,8,29.629629629629626,48.40526041131491,100.0,1992-05-28; 1992-09-08; 1993-06-01; 1994-08-10; 1994-10-14; 1995-04-27; 1998-08-18; 2011-08-09,20.0,0.0,历史8/27次成功; 当前距低点0.00%; 最新日涨幅-4.06%; 状态bottom_area; 底部未确认
155,63.83136521312256,53.466225301178596,688488,艾迪药业,bottom_area,2025-01-10,7.17,2024-12-13,9.96,2025-01-10,7.15,0.27972027972027375,3.4965034965034962,28.21285140562249,28.01204819277109,False,-3.369272237196763,1.0039621093126279,1,2,1,50.0,29.698857736240907,29.698857736240907,2023-08-25,19.720279720279727,0.27972027972027375,历史1/2次成功; 当前距低点0.28%; 最新日涨幅-3.37%; 状态bottom_area; 底部未确认
156,63.78009364543275,53.754680786998634,600231,凌钢股份,bottom_area,2025-01-10,1.63,2024-12-13,2.27,2025-01-10,1.62,0.6172839506172707,4.938271604938262,28.63436123348017,28.193832599118945,False,-3.5502958579881727,0.3450943857092664,6,16,6,37.5,29.137570937666673,43.83561643835616,2009-09-29; 2016-01-18; 2019-05-06; 2020-02-04; 2022-04-27; 2024-06-25,19.38271604938273,0.6172839506172707,历史6/16次成功; 当前距低点0.62%; 最新日涨幅-3.55%; 状态bottom_area; 底部未确认
157,63.766622776401526,53.71885566299355,688369,致远互联,bottom_area,2025-01-10,16.98,2024-12-23,23.7,2025-01-06,16.88,0.5924170616113829,8.767772511848344,28.77637130801688,28.35443037974683,True,-4.49943757030371,1.561560264488212,1,2,1,50.0,25.696594427244595,25.696594427244595,2024-04-22,19.407582938388618,0.5924170616113829,历史1/2次成功; 当前距低点0.59%; 最新日涨幅-4.50%; 状态bottom_area; 底部已确认
158,63.68582633817475,55.2257165663139,002551,尚荣医疗,bottom_area,2025-01-10,2.82,2024-12-09,4.0,2025-01-06,2.76,2.173913043478263,9.420289855072472,31.000000000000007,29.500000000000004,True,-4.406779661016957,1.9432008925835151,3,13,3,23.076923076923077,38.345367233571736,52.61780104712043,2018-02-07; 2022-04-27; 2024-04-16,17.82608695652174,2.173913043478263,历史3/13次成功; 当前距低点2.17%; 最新日涨幅-4.41%; 状态bottom_area; 底部已确认
159,63.61044406795323,57.94626983432891,300302,同有科技,bottom_area,2025-01-10,13.77,2024-12-27,18.66,2025-01-06,13.13,4.874333587204864,11.88118811881187,29.63558413719185,26.205787781350487,True,-4.242002781641174,4.209304404448551,9,18,9,50.0,27.740593619118243,33.686067019400355,2015-07-29; 2015-09-02; 2016-01-29; 2018-02-09; 2018-06-21; 2020-02-04; 2021-02-09; 2022-04-27; 2022-10-11,15.125666412795136,4.874333587204864,历史9/18次成功; 当前距低点4.87%; 最新日涨幅-4.24%; 状态bottom_area; 底部已确认
160,63.57361754711155,56.34934282584887,300217,东方电热,bottom_area,2025-01-10,4.29,2024-12-10,5.94,2025-01-06,4.15,3.3734939759036062,7.951807228915664,30.13468013468013,27.777777777777786,True,-3.3783783783783883,1.7328232021195316,3,11,3,27.27272727272727,52.92426277365531,91.35135135135134,2011-10-10; 2020-02-04; 2024-02-05,16.626506024096393,3.3734939759036062,历史3/11次成功; 当前距低点3.37%; 最新日涨幅-3.38%; 状态bottom_area; 底部已确认
161,63.56931502184002,55.92694228084497,600791,京能置业,bottom_area,2025-01-10,3.82,2024-12-03,5.17,2025-01-06,3.71,2.9649595687331503,8.086253369272232,28.239845261121854,26.11218568665377,True,-3.2911392405063356,1.1472347343273488,7,21,7,33.33333333333333,29.589875076468942,47.21311475409838,1999-01-05; 2008-01-23; 2008-03-18; 2008-04-22; 2008-06-11; 2009-08-19; 2024-04-16,17.03504043126685,2.9649595687331503,历史7/21次成功; 当前距低点2.96%; 最新日涨幅-3.29%; 状态bottom_area; 底部已确认
162,63.54762445594911,53.724560050126534,605186,健麾信息,bottom_area,2025-01-10,17.95,2024-12-12,25.97,2025-01-06,17.81,0.7860752386299864,5.109489051094892,31.42087023488641,30.881786676934926,False,-3.286637931034475,1.3503676470588235,1,2,1,50.0,37.29468599033817,37.29468599033817,2021-09-29,19.213924761370016,0.7860752386299864,历史1/2次成功; 当前距低点0.79%; 最新日涨幅-3.29%; 状态bottom_area; 底部未确认
163,63.502563535420904,56.02613479177854,600962,国投中鲁,bottom_area,2025-01-10,11.9,2024-12-13,16.25,2025-01-06,11.54,3.119584055459283,9.185441941074528,28.98461538461539,26.769230769230766,True,-3.8772213247172838,1.1095686663361428,4,11,4,36.36363636363637,25.452908514409955,35.07340946166394,2008-03-18; 2010-07-05; 2012-12-04; 2018-10-19,16.880415944540715,3.119584055459283,历史4/11次成功; 当前距低点3.12%; 最新日涨幅-3.88%; 状态bottom_area; 底部已确认
164,63.29443750244494,54.63000174224947,000036,华联控股,bottom_area,2025-01-10,3.72,2024-12-10,5.21,2025-01-06,3.65,1.9178082191780899,6.301369863013698,29.94241842610365,28.598848368522066,False,-2.8720626631853707,1.004567951282314,3,11,3,27.27272727272727,21.89083543584095,23.333333333333336,2005-06-06; 2013-06-25; 2024-02-06,18.08219178082191,1.9178082191780899,历史3/11次成功; 当前距低点1.92%; 最新日涨幅-2.87%; 状态bottom_area; 底部未确认
165,63.250077166112526,55.60986076986079,688310,迈得医疗,bottom_area,2025-01-10,10.19,2024-12-10,13.68,2025-01-06,9.9,2.9292929292929206,6.3636363636363535,27.631578947368418,25.511695906432752,False,-1.6409266409266432,0.5960762686279777,1,2,1,50.0,23.648648648648653,23.648648648648653,2023-06-09,17.07070707070708,2.9292929292929206,历史1/2次成功; 当前距低点2.93%; 最新日涨幅-1.64%; 状态bottom_area; 底部未确认
166,63.17595571983747,52.64662976653123,600162,香江控股,bottom_area,2025-01-10,1.75,2024-12-16,2.42,2025-01-10,1.75,0.0,5.142857142857148,27.685950413223136,27.685950413223136,False,-4.371584699453557,0.8974959561151247,6,16,6,37.5,27.871665411458217,36.342592592592574,2007-12-18; 2009-02-27; 2011-10-12; 2014-06-20; 2022-04-27; 2024-02-06,20.0,0.0,历史6/16次成功; 当前距低点0.00%; 最新日涨幅-4.37%; 状态bottom_area; 底部未确认
167,63.142762271867554,52.81590923840571,300363,博腾股份,bottom_area,2025-01-10,14.75,2024-12-09,21.01,2025-01-08,14.72,0.20380434782608262,5.095108695652174,29.93812470252261,29.795335554497864,False,-3.151674326986209,1.1387450448085674,3,10,3,30.0,35.27195242714612,46.29503738953092,2020-03-24; 2022-01-07; 2024-02-05,19.796195652173918,0.20380434782608262,历史3/10次成功; 当前距低点0.20%; 最新日涨幅-3.15%; 状态bottom_area; 底部未确认
168,63.114545422732846,56.891984606407064,002455,百川股份,bottom_area,2025-01-10,7.04,2024-12-03,9.32,2025-01-06,6.75,4.296296296296297,7.4074074074074066,27.57510729613734,24.463519313304722,True,-2.3578363384188616,1.6356239730615527,4,11,4,36.36363636363637,34.31717584632884,57.692307692307686,2012-12-04; 2020-02-04; 2021-01-14; 2024-06-06,15.703703703703702,4.296296296296297,历史4/11次成功; 当前距低点4.30%; 最新日涨幅-2.36%; 状态bottom_area; 底部已确认
169,62.96668386225906,56.747752122776674,300106,西部牧业,bottom_area,2025-01-10,8.03,2024-12-24,11.36,2025-01-06,7.7,4.285714285714275,11.168831168831172,32.21830985915493,29.313380281690144,True,-4.290822407628148,4.162543920111007,6,15,6,40.0,35.7482833021786,65.3910149750416,2011-01-25; 2015-07-16; 2020-02-04; 2020-09-04; 2020-09-30; 2022-04-27,15.714285714285726,4.285714285714275,历史6/15次成功; 当前距低点4.29%; 最新日涨幅-4.29%; 状态bottom_area; 底部已确认
170,62.75864901222896,53.74432044807714,002183,怡亚通,bottom_area,2025-01-10,4.09,2024-12-02,5.59,2025-01-06,4.03,1.4888337468982533,5.707196029776663,27.90697674418604,26.833631484794275,False,-2.619047619047632,1.0150966604298888,2,10,2,20.0,27.628287048414848,31.948881789137378,2009-08-19; 2024-02-06,18.51116625310175,1.4888337468982533,历史2/10次成功; 当前距低点1.49%; 最新日涨幅-2.62%; 状态bottom_area; 底部未确认
171,62.64140298507462,54.87799999999999,603273,天元智能,bottom_area,2025-01-10,15.41,2024-12-17,22.2,2025-01-06,15.0,2.7333333333333343,8.933333333333332,32.43243243243243,30.585585585585584,True,-3.687499999999999,4.555784808671203,1,5,1,20.0,201.34228187919464,201.34228187919464,2023-10-24,17.266666666666666,2.7333333333333343,历史1/5次成功; 当前距低点2.73%; 最新日涨幅-3.69%; 状态bottom_area; 底部已确认
172,62.61132691856295,52.82609122800612,603222,济民健康,bottom_area,2025-01-10,5.96,2024-12-16,8.27,2025-01-10,5.92,0.6756756756756763,6.4189189189189175,28.415961305925023,27.9322853688029,False,-5.095541401273884,2.2778736317743986,3,10,3,30.0,41.11092348681001,68.46504559270518,2021-03-16; 2021-03-25; 2022-04-27,19.324324324324323,0.6756756756756763,历史3/10次成功; 当前距低点0.68%; 最新日涨幅-5.10%; 状态bottom_area; 底部未确认
173,62.51951702511843,52.09959752093203,000555,神州信息,bottom_area,2025-01-10,9.8,2024-12-19,13.95,2025-01-10,9.8,0.0,4.897959183673455,29.749103942652322,29.749103942652322,False,-3.543307086614167,1.408275755485807,7,21,7,33.33333333333333,33.95840961074568,43.359941944847606,1997-05-26; 2010-05-21; 2015-06-29; 2015-07-07; 2015-09-07; 2018-02-07; 2019-01-31,20.0,0.0,历史7/21次成功; 当前距低点0.00%; 最新日涨幅-3.54%; 状态bottom_area; 底部未确认
174,62.384968201890814,53.191393940559536,600658,电子城,bottom_area,2025-01-10,4.05,2024-12-04,5.6,2025-01-06,4.0,1.2499999999999956,6.749999999999989,28.571428571428566,27.678571428571423,False,-3.8004750593824244,0.7912227843084969,4,20,4,20.0,31.942978175051174,46.57210401891252,1993-06-07; 2007-10-26; 2022-11-01; 2023-10-24,18.750000000000007,1.2499999999999956,历史4/20次成功; 当前距低点1.25%; 最新日涨幅-3.80%; 状态bottom_area; 底部未确认
175,62.313067832264174,55.03508796134178,002194,武汉凡谷,bottom_area,2025-01-10,10.39,2024-12-10,14.18,2025-01-06,10.07,3.177755710029794,7.845084409136039,28.98448519040902,26.72778561354019,True,-3.438661710037172,2.652624689375693,4,15,4,26.666666666666668,41.847872653457244,79.4335805799056,2009-08-19; 2011-06-21; 2012-12-04; 2020-02-04,16.822244289970207,3.177755710029794,历史4/15次成功; 当前距低点3.18%; 最新日涨幅-3.44%; 状态bottom_area; 底部已确认
176,62.13501020258465,53.81335705045278,601996,丰林集团,bottom_area,2025-01-10,1.94,2024-12-12,2.77,2025-01-06,1.9,2.105263157894739,7.368421052631585,31.40794223826715,29.963898916967512,True,-4.433497536945808,1.3923184654048528,1,4,1,25.0,25.74385510996119,25.74385510996119,2015-07-16,17.894736842105264,2.105263157894739,历史1/4次成功; 当前距低点2.11%; 最新日涨幅-4.43%; 状态bottom_area; 底部已确认
177,62.11720986693774,51.95109385394924,600736,苏州高新,bottom_area,2025-01-10,5.1,2024-12-25,7.03,2025-01-10,5.09,0.1964636542239644,4.322200392927304,27.596017069701283,27.453769559032725,False,-3.409090909090917,1.8588579999292913,3,10,3,30.0,30.532424653655287,36.23595505617976,2005-07-19; 2008-09-18; 2011-08-09,19.80353634577604,0.1964636542239644,历史3/10次成功; 当前距低点0.20%; 最新日涨幅-3.41%; 状态bottom_area; 底部未确认
178,61.992926376562686,53.284860267937205,603155,新亚强,bottom_area,2025-01-10,12.03,2024-12-25,16.24,2025-01-06,11.83,1.6906170752324539,6.593406593406588,27.155172413793093,25.923645320197043,False,-4.143426294820729,1.028953721990534,1,3,1,33.33333333333333,25.624375624375624,25.624375624375624,2021-10-14,18.309382924767547,1.6906170752324539,历史1/3次成功; 当前距低点1.69%; 最新日涨幅-4.14%; 状态bottom_area; 底部未确认
179,61.97645799626316,51.74267491356089,000014,沙河股份,bottom_area,2025-01-10,9.92,2024-12-12,13.88,2025-01-10,9.91,0.10090817356205638,4.339051463168514,28.602305475504323,28.530259365994244,False,-3.40798442064264,1.4354698083922353,8,29,8,27.586206896551722,33.47045252673141,51.45833333333333,1992-06-17; 1992-12-10; 1995-08-11; 1996-08-27; 1997-05-05; 1997-07-04; 2006-03-10; 2022-05-27,19.899091826437946,0.10090817356205638,历史8/29次成功; 当前距低点0.10%; 最新日涨幅-3.41%; 状态bottom_area; 底部未确认
180,61.91928971525915,54.25604465090195,300768,迪普科技,bottom_area,2025-01-10,16.1,2024-12-12,22.88,2025-01-06,15.67,2.7440970006381717,6.892150606253988,31.51223776223776,29.632867132867126,False,-2.30582524271844,1.0017883585925016,1,5,1,20.0,45.76659038901602,45.76659038901602,2024-02-05,17.25590299936183,2.7440970006381717,历史1/5次成功; 当前距低点2.74%; 最新日涨幅-2.31%; 状态bottom_area; 底部未确认
181,61.89167824896973,56.04364565851589,300201,海伦哲,bottom_area,2025-01-10,4.83,2024-12-16,6.88,2025-01-06,4.62,4.545454545454545,9.956709956709956,32.848837209302324,29.796511627906973,True,-3.78486055776891,2.2184854221231327,3,8,3,37.5,40.56334420511972,56.0655737704918,2015-06-30; 2019-12-03; 2024-02-06,15.454545454545457,4.545454545454545,历史3/8次成功; 当前距低点4.55%; 最新日涨幅-3.78%; 状态bottom_area; 底部已确认
182,61.85750143679048,51.54791786399207,600479,千金药业,bottom_area,2025-01-10,9.9,2024-11-25,13.89,2025-01-10,9.9,0.0,2.9292929292929206,28.725701943844495,28.725701943844495,False,-2.463054187192115,1.4293425048222934,3,10,3,30.0,27.999558408559487,38.22916666666667,2008-04-30; 2012-12-04; 2018-10-19,20.0,0.0,历史3/10次成功; 当前距低点0.00%; 最新日涨幅-2.46%; 状态bottom_area; 底部未确认
183,61.85589039409476,51.75696951342621,601865,福莱特,bottom_area,2025-01-10,18.04,2024-12-03,26.82,2025-01-10,18.0,0.2222222222222175,6.88888888888888,32.88590604026846,32.736763609246836,False,-6.041666666666668,1.037708433984884,1,3,1,33.33333333333333,39.24894003634159,39.24894003634159,2022-04-26,19.777777777777782,0.2222222222222175,历史1/3次成功; 当前距低点0.22%; 最新日涨幅-6.04%; 状态bottom_area; 底部未确认
184,61.44080078877237,54.342062849033745,002256,兆新股份,bottom_area,2025-01-10,2.22,2024-12-20,3.16,2025-01-06,2.15,3.2558139534883854,8.83720930232558,31.9620253164557,29.746835443037973,True,-3.4782608695651973,1.6265321731144244,5,17,5,29.411764705882355,33.13106175546598,45.45454545454546,2015-07-03; 2019-05-06; 2020-02-04; 2021-08-20; 2022-04-27,16.744186046511615,3.2558139534883854,历史5/17次成功; 当前距低点3.26%; 最新日涨幅-3.48%; 状态bottom_area; 底部已确认
185,61.43429130798224,54.166684664224526,688308,欧科亿,bottom_area,2025-01-10,16.71,2024-12-10,22.62,2025-01-06,16.21,3.084515731030228,7.279457125231337,28.337754199823166,26.127320954907162,True,-2.622377622377614,0.8259138215880366,1,5,1,20.0,40.26548672566372,40.26548672566372,2024-02-05,16.91548426896977,3.084515731030228,历史1/5次成功; 当前距低点3.08%; 最新日涨幅-2.62%; 状态bottom_area; 底部已确认
186,61.41413515531042,51.17844596275869,002459,晶澳科技,bottom_area,2025-01-10,12.5,2024-12-03,17.68,2025-01-10,12.5,0.0,7.040000000000006,29.298642533936654,29.298642533936654,False,-5.87349397590361,1.6359685293518205,4,12,4,33.33333333333333,29.005981878630916,34.7408829174664,2012-01-06; 2012-12-04; 2015-07-16; 2024-02-05,20.0,0.0,历史4/12次成功; 当前距低点0.00%; 最新日涨幅-5.87%; 状态bottom_area; 底部未确认
187,61.3082357123507,52.26264182479596,002866,传艺科技,bottom_area,2025-01-10,14.71,2024-12-10,20.06,2025-01-06,14.53,1.2388162422574087,7.570543702684112,27.56729810568295,26.669990029910263,True,-4.789644012944971,2.8590742912326688,1,7,1,14.285714285714285,29.999999999999982,29.999999999999982,2022-12-23,18.761183757742593,1.2388162422574087,历史1/7次成功; 当前距低点1.24%; 最新日涨幅-4.79%; 状态bottom_area; 底部已确认
188,61.26982985570158,54.8821241898944,300422,博世科,bottom_area,2025-01-10,4.21,2024-12-10,5.59,2025-01-06,4.05,3.9506172839506206,8.14814814814815,27.549194991055458,24.68694096601073,True,-2.3201856148491795,0.8174178490964045,3,9,3,33.33333333333333,25.839775612733767,27.613727055067844,2015-08-26; 2016-05-20; 2018-02-09,16.049382716049383,3.9506172839506206,历史3/9次成功; 当前距低点3.95%; 最新日涨幅-2.32%; 状态bottom_area; 底部已确认
189,61.1676095702634,52.89103450108294,300654,世纪天鸿,bottom_area,2025-01-10,9.1,2024-12-20,12.72,2025-01-06,8.92,2.0179372197309386,8.96860986547086,29.874213836477992,28.45911949685535,True,-4.911180773249746,3.7391216981820747,2,9,2,22.22222222222222,25.733203260827565,29.61325966850828,2017-11-07; 2023-10-23,17.98206278026906,2.0179372197309386,历史2/9次成功; 当前距低点2.02%; 最新日涨幅-4.91%; 状态bottom_area; 底部已确认
190,61.06676335663151,55.10215133531155,300855,图南股份,bottom_area,2025-01-10,21.1,2024-12-12,28.9,2025-01-08,20.22,4.352126607319499,9.74282888229477,30.034602076124568,26.989619377162622,True,-2.088167053364265,2.4805423594299274,1,4,1,25.0,65.52083333333336,65.52083333333336,2024-09-23,15.647873392680504,4.352126607319499,历史1/4次成功; 当前距低点4.35%; 最新日涨幅-2.09%; 状态bottom_area; 底部已确认
191,61.03003560996111,51.776986970684035,300384,三联虹普,bottom_area,2025-01-10,15.5,2024-12-30,21.08,2025-01-08,15.35,0.9771986970684062,6.579804560260586,27.182163187855785,26.470588235294112,False,-3.366583541147128,3.3807104662181113,1,4,1,25.0,52.20293724966623,52.20293724966623,2020-02-04,19.022801302931594,0.9771986970684062,历史1/4次成功; 当前距低点0.98%; 最新日涨幅-3.37%; 状态bottom_area; 底部未确认
192,61.001333964966165,53.79306346116945,000925,众合科技,bottom_area,2025-01-10,7.0,2024-12-30,9.56,2025-01-08,6.79,3.0927835051546384,8.247422680412365,28.97489539748954,26.77824267782427,True,-1.9607843137254832,3.5330562932962093,2,12,2,16.666666666666664,45.58033971105037,68.08375634517766,2009-05-04; 2015-06-30,16.90721649484536,3.0927835051546384,历史2/12次成功; 当前距低点3.09%; 最新日涨幅-1.96%; 状态bottom_area; 底部已确认
193,60.93823799230174,51.684289088785796,600728,佳都科技,bottom_area,2025-01-10,4.2,2024-12-16,5.84,2025-01-08,4.16,0.9615384615384623,4.56730769230768,28.767123287671232,28.082191780821912,False,-2.0979020979020935,1.3822803525773824,5,20,5,25.0,39.09460634996497,82.51968503937009,2002-01-22; 2005-03-22; 2005-11-01; 2015-07-03; 2018-02-07,19.038461538461537,0.9615384615384623,历史5/20次成功; 当前距低点0.96%; 最新日涨幅-2.10%; 状态bottom_area; 底部未确认
194,60.785273840054735,51.109250657352135,300268,佳沃食品,bottom_area,2025-01-10,6.18,2024-12-12,8.63,2025-01-10,6.15,0.4878048780487701,3.9024390243902327,28.7369640787949,28.389339513325616,False,-3.2863849765258246,1.0846811136248902,4,13,4,30.76923076923077,27.91099881345877,38.596491228070185,2012-12-04; 2018-04-23; 2022-02-08; 2023-02-01,19.51219512195123,0.4878048780487701,历史4/13次成功; 当前距低点0.49%; 最新日涨幅-3.29%; 状态bottom_area; 底部未确认
195,60.76317127414651,51.05263387229378,300851,交大思诺,bottom_area,2025-01-10,24.71,2024-12-02,33.74,2025-01-06,24.6,0.4471544715447131,4.512195121951217,27.089508002371073,26.763485477178424,False,-2.1773555027711833,1.0423718288176334,1,4,1,25.0,29.39325842696629,29.39325842696629,2023-08-28,19.552845528455286,0.4471544715447131,历史1/4次成功; 当前距低点0.45%; 最新日涨幅-2.18%; 状态bottom_area; 底部未确认
196,60.7443940624342,50.78323757560143,688560,明冠新材,bottom_area,2025-01-10,11.43,2024-12-10,16.3,2025-01-06,11.41,0.17528483786152124,6.660823838737947,30.000000000000004,29.87730061349694,False,-4.590984974958268,0.9636769711071204,2,7,2,28.57142857142857,27.089254256129024,30.203498750446258,2021-08-20; 2023-04-26,19.824715162138478,0.17528483786152124,历史2/7次成功; 当前距低点0.18%; 最新日涨幅-4.59%; 状态bottom_area; 底部未确认
197,60.7336854662143,51.134396993043275,603617,君禾股份,bottom_area,2025-01-10,7.17,2025-01-07,10.5,2025-01-10,7.13,0.5610098176718098,5.890603085553996,32.0952380952381,31.714285714285715,False,-3.1081081081081097,16.667705770988505,1,2,1,50.0,20.610211706102135,20.610211706102135,2019-01-04,19.43899018232819,0.5610098176718098,历史1/2次成功; 当前距低点0.56%; 最新日涨幅-3.11%; 状态bottom_area; 底部未确认
198,60.647844251240464,51.429371925051925,002153,石基信息,bottom_area,2025-01-10,6.36,2024-12-10,8.67,2025-01-08,6.3,0.9523809523809603,5.71428571428572,27.33564013840831,26.643598615916954,False,-2.6033690658499253,0.5678400951390479,3,12,3,25.0,37.6118306262393,50.86913742210562,2011-01-25; 2020-02-04; 2024-02-06,19.04761904761904,0.9523809523809603,历史3/12次成功; 当前距低点0.95%; 最新日涨幅-2.60%; 状态bottom_area; 底部未确认
199,60.62730467018933,51.48056296070035,001219,青岛食品,bottom_area,2025-01-10,12.81,2024-12-12,17.55,2025-01-06,12.68,1.025236593059943,6.0725552050473155,27.749287749287753,27.00854700854701,False,-3.3207547169811336,1.5028236376046151,1,6,1,16.666666666666664,27.212020033388985,27.212020033388985,2024-01-24,18.97476340694006,1.025236593059943,历史1/6次成功; 当前距低点1.03%; 最新日涨幅-3.32%; 状态bottom_area; 底部未确认
200,60.60643275381475,53.150879518226425,300011,鼎汉技术,bottom_area,2025-01-10,6.63,2024-12-03,9.3,2025-01-06,6.45,2.7906976744186003,7.906976744186044,30.645161290322587,28.709677419354847,True,-3.3527696793002937,1.7857846375343318,2,8,2,25.0,30.584248472585113,40.183486238532105,2019-01-31; 2021-02-10,17.209302325581397,2.7906976744186003,历史2/8次成功; 当前距低点2.79%; 最新日涨幅-3.35%; 状态bottom_area; 底部已确认
201,60.57937097036728,54.15496057845716,600356,恒丰纸业,bottom_area,2025-01-10,7.3,2024-12-03,10.01,2025-01-06,7.03,3.840682788051203,7.112375533428164,29.77022977022977,27.072927072927072,True,-2.406417112299475,1.1097929212121467,3,10,3,30.0,27.804931909752145,34.261501210653755,2005-11-29; 2011-10-24; 2015-07-03,16.1593172119488,3.840682788051203,历史3/10次成功; 当前距低点3.84%; 最新日涨幅-2.41%; 状态bottom_area; 底部已确认
202,60.528661985980705,50.45161759172514,300896,爱美客,bottom_area,2025-01-10,167.17,2024-12-10,237.04,2025-01-10,167.15,0.0119653006281674,2.6562967394555774,29.484475194060067,29.47603779952751,False,-2.285480476969848,0.9567070093381609,1,4,1,25.0,20.82741116751269,20.82741116751269,2024-10-16,19.988034699371834,0.0119653006281674,历史1/4次成功; 当前距低点0.01%; 最新日涨幅-2.29%; 状态bottom_area; 底部未确认
203,60.443578144510866,52.640411293887524,002574,明牌珠宝,bottom_area,2025-01-10,4.25,2024-12-13,5.77,2025-01-06,4.15,2.4096385542168584,8.91566265060239,28.07625649913344,26.343154246100514,True,-3.8461538461538436,0.9197348484848485,1,3,1,33.33333333333333,21.779859484777532,21.779859484777532,2021-11-05,17.59036144578314,2.4096385542168584,历史1/3次成功; 当前距低点2.41%; 最新日涨幅-3.85%; 状态bottom_area; 底部已确认
204,60.396573088301125,51.68772914175982,603883,老百姓,bottom_area,2025-01-10,15.36,2024-12-12,20.97,2025-01-03,15.14,1.4531043593130704,6.53896961690884,27.80162136385312,26.75250357653791,False,-2.0408163265306145,1.5841026087126606,1,7,1,14.285714285714285,28.5143237841439,28.5143237841439,2015-06-30,18.54689564068693,1.4531043593130704,历史1/7次成功; 当前距低点1.45%; 最新日涨幅-2.04%; 状态bottom_area; 底部未确认
205,60.38273721053454,50.31894767544546,000877,天山股份,bottom_area,2025-01-10,4.94,2024-12-10,6.88,2025-01-10,4.94,0.0,6.6801619433198205,28.197674418604645,28.197674418604645,False,-4.633204633204624,0.30261486901746576,4,12,4,33.33333333333333,24.385023344688832,26.455906821963392,2008-03-18; 2008-09-18; 2017-11-20; 2020-11-02,20.0,0.0,历史4/12次成功; 当前距低点0.00%; 最新日涨幅-4.63%; 状态bottom_area; 底部未确认
206,60.319999999999986,50.26666666666666,688121,卓然股份,bottom_area,2025-01-10,10.0,2024-12-10,13.88,2025-01-10,10.0,0.0,3.100000000000005,27.953890489913547,27.953890489913547,False,-2.534113060428844,0.6067597709640067,1,6,1,16.666666666666664,55.206611570247944,55.206611570247944,2024-02-06,20.0,0.0,历史1/6次成功; 当前距低点0.00%; 最新日涨幅-2.53%; 状态bottom_area; 底部未确认
207,60.293777639330415,50.24481469944202,000402,金融街,bottom_area,2025-01-10,3.0,2024-12-10,4.42,2025-01-10,3.0,0.0,5.666666666666664,32.126696832579185,32.126696832579185,False,-4.458598726114649,0.8809918929852726,4,12,4,33.33333333333333,23.986458957573564,27.201565557729936,1997-07-08; 1998-08-18; 2013-06-25; 2022-04-27,20.0,0.0,历史4/12次成功; 当前距低点0.00%; 最新日涨幅-4.46%; 状态bottom_area; 底部未确认
208,60.07433131932546,50.06194276610455,301201,诚达药业,bottom_area,2025-01-10,18.51,2024-12-09,25.5,2025-01-10,18.51,0.0,4.267963263101022,27.411764705882348,27.411764705882348,False,-3.5937499999999845,0.9516851918895439,1,3,1,33.33333333333333,39.66994318694201,39.66994318694201,2022-03-08,20.0,0.0,历史1/3次成功; 当前距低点0.00%; 最新日涨幅-3.59%; 状态bottom_area; 底部未确认
209,60.073477576693136,50.32184349775053,600853,龙建股份,bottom_area,2025-01-10,3.54,2024-12-16,5.1,2025-01-10,3.53,0.2832861189801765,4.8158640226629,30.784313725490197,30.588235294117645,False,-4.0650406504065035,1.7841837909216653,4,15,4,26.666666666666668,30.059511733111087,36.082474226804116,1994-04-20; 1994-08-09; 2008-09-18; 2024-02-06,19.716713881019825,0.2832861189801765,历史4/15次成功; 当前距低点0.28%; 最新日涨幅-4.07%; 状态bottom_area; 底部未确认
210,59.9543391825294,50.16248257518059,301129,瑞纳智能,bottom_area,2025-01-10,22.93,2024-12-27,31.83,2025-01-10,22.88,0.21853146853147162,7.736013986013984,28.118127552623314,27.96104304115614,False,-5.287071458075177,3.4908158261984688,1,3,1,33.33333333333333,30.631188118811874,30.631188118811874,2024-06-11,19.78146853146853,0.21853146853147162,历史1/3次成功; 当前距低点0.22%; 最新日涨幅-5.29%; 状态bottom_area; 底部未确认
211,59.93289874868973,50.20782924458167,300682,朗新科技,bottom_area,2025-01-10,10.47,2024-12-12,14.39,2025-01-10,10.44,0.2873563218390914,4.5977011494252915,27.44961779013204,27.241139680333564,False,-2.695167286245348,0.9419248658676181,1,3,1,33.33333333333333,21.503593145384194,21.503593145384194,2022-04-27,19.71264367816091,0.2873563218390914,历史1/3次成功; 当前距低点0.29%; 最新日涨幅-2.70%; 状态bottom_area; 底部未确认
212,59.66924210880002,53.874353649068304,002516,旷达科技,bottom_area,2025-01-10,4.76,2024-12-16,6.29,2025-01-06,4.56,4.3859649122807065,8.55263157894738,27.5039745627981,24.32432432432433,True,-2.2587268993839893,1.0609849709634176,2,7,2,28.57142857142857,36.07563405797101,39.687499999999986,2022-04-27; 2024-02-06,15.614035087719294,4.3859649122807065,历史2/7次成功; 当前距低点4.39%; 最新日涨幅-2.26%; 状态bottom_area; 底部已确认
213,59.643430194529174,50.752247062523224,002576,通达动力,bottom_area,2025-01-10,13.3,2024-12-27,18.27,2025-01-08,13.15,1.1406844106463905,8.669201520912537,28.024083196496985,27.203065134099614,True,-4.17867435158501,7.441263201087104,1,7,1,14.285714285714285,20.676691729323313,20.676691729323313,2020-02-04,18.859315589353614,1.1406844106463905,历史1/7次成功; 当前距低点1.14%; 最新日涨幅-4.18%; 状态bottom_area; 底部已确认
214,59.624684234023924,50.52969885217852,600702,舍得酒业,bottom_area,2025-01-10,56.08,2024-12-10,80.96,2025-01-08,55.57,0.9177613820406658,4.876732049667088,31.361166007905133,30.731225296442684,False,-2.975778546712804,1.431157372762842,4,15,4,26.666666666666668,28.739398583680494,32.20338983050847,1996-12-18; 1997-09-23; 2002-01-23; 2021-06-25,19.082238617959334,0.9177613820406658,历史4/15次成功; 当前距低点0.92%; 最新日涨幅-2.98%; 状态bottom_area; 底部未确认
215,59.45999957965235,53.30896514037797,600336,澳柯玛,bottom_area,2025-01-10,6.24,2024-12-20,8.27,2025-01-06,6.0,4.0000000000000036,10.333333333333334,27.448609431680772,24.546553808947998,True,-4.8780487804877986,1.7592656934116486,4,12,4,33.33333333333333,28.202321543250807,43.69747899159665,2005-12-12; 2006-04-26; 2007-10-15; 2009-08-19,15.999999999999998,4.0000000000000036,历史4/12次成功; 当前距低点4.00%; 最新日涨幅-4.88%; 状态bottom_area; 底部已确认
216,59.34107767138333,49.70261480111237,300807,天迈科技,bottom_area,2025-01-10,36.2,2025-01-09,49.72,2025-01-10,36.1,0.27700831024931144,19.11357340720221,27.39340305711987,27.192276749798864,False,-18.39495040577096,32.225452445128994,3,14,3,21.428571428571427,38.00257775680917,58.314634754425335,2020-11-02; 2022-04-27; 2023-06-28,19.722991689750693,0.27700831024931144,历史3/14次成功; 当前距低点0.28%; 最新日涨幅-18.39%; 状态bottom_area; 底部未确认
217,59.28147396059574,49.92257161163056,300773,拉卡拉,bottom_area,2025-01-10,15.8,2024-12-10,21.58,2025-01-08,15.71,0.5728835136855497,4.710375556970073,27.20111214087117,26.784059314179785,False,-2.829028290282909,1.2912120502755644,1,3,1,33.33333333333333,23.46996069623807,23.46996069623807,2024-10-10,19.427116486314453,0.5728835136855497,历史1/3次成功; 当前距低点0.57%; 最新日涨幅-2.83%; 状态bottom_area; 底部未确认
218,59.08563853018524,51.256941591756785,300315,掌趣科技,bottom_area,2025-01-10,5.12,2024-12-06,7.23,2025-01-06,5.01,2.1956087824351362,6.986027944111788,30.705394190871377,29.18395573997234,False,-2.6615969581748944,3.0193745376709633,2,11,2,18.181818181818183,26.858370367936384,32.55813953488373,2013-10-25; 2013-12-05,17.804391217564863,2.1956087824351362,历史2/11次成功; 当前距低点2.20%; 最新日涨幅-2.66%; 状态bottom_area; 底部未确认
219,59.073318442153465,50.17611111111109,600787,中储股份,bottom_area,2025-01-10,5.82,2024-12-12,8.14,2025-01-08,5.76,1.0416666666666752,5.729166666666668,29.238329238329246,28.501228501228503,False,-2.9999999999999916,1.3722169888790798,1,9,1,11.11111111111111,22.22222222222223,22.22222222222223,2009-03-02,18.95833333333333,1.0416666666666752,历史1/9次成功; 当前距低点1.04%; 最新日涨幅-3.00%; 状态bottom_area; 底部未确认
220,58.861137337345816,53.12869747642601,002796,世嘉科技,bottom_area,2025-01-10,10.51,2024-12-27,14.51,2025-01-06,10.07,4.369414101290959,12.115193644488569,30.599586492074426,27.567195037904895,True,-5.739910313901353,5.883450756776508,2,6,2,33.33333333333333,31.7614424410541,36.33841886269071,2021-10-28; 2022-04-27,15.630585898709043,4.369414101290959,历史2/6次成功; 当前距低点4.37%; 最新日涨幅-5.74%; 状态bottom_area; 底部已确认
221,58.77273797305256,52.70070071657732,000503,国新健康,bottom_area,2025-01-10,10.12,2024-11-29,14.5,2025-01-08,9.73,4.008221993833492,6.269270298047271,32.89655172413793,30.206896551724142,False,-0.3937007874015852,1.9187826217104638,8,25,8,32.0,26.900251949019747,34.695019585898144,1994-02-01; 2001-08-07; 2008-09-18; 2015-07-03; 2016-03-01; 2018-08-20; 2020-02-04; 2022-04-27,15.99177800616651,4.008221993833492,历史8/25次成功; 当前距低点4.01%; 最新日涨幅-0.39%; 状态bottom_area; 底部未确认
222,58.71620221912608,50.730275049969585,000068,华控赛格,bottom_area,2025-01-10,3.1,2024-12-12,4.49,2025-01-06,3.04,1.9736842105263175,6.907894736842104,32.29398663697105,30.957683741648108,False,-4.024767801857587,1.135832312474705,2,10,2,20.0,27.582123924567654,30.4054054054054,2006-04-24; 2020-02-04,18.026315789473685,1.9736842105263175,历史2/10次成功; 当前距低点1.97%; 最新日涨幅-4.02%; 状态bottom_area; 底部未确认
223,58.70644639889501,48.922038665745845,300603,立昂技术,bottom_area,2025-01-10,8.61,2024-12-31,11.8,2025-01-10,8.61,0.0,6.968641114982595,27.03389830508475,27.03389830508475,False,-5.9016393442623,5.790476795374818,3,14,3,21.428571428571427,42.66841064533096,49.427168576104755,2020-02-04; 2022-04-26; 2024-02-06,20.0,0.0,历史3/14次成功; 当前距低点0.00%; 最新日涨幅-5.90%; 状态bottom_area; 底部未确认
224,58.66833087789743,48.95157665863549,301268,铭利达,bottom_area,2025-01-10,14.64,2024-12-10,21.2,2025-01-10,14.63,0.06835269993164585,5.468215994531776,30.990566037735846,30.94339622641509,False,-3.8739330269205507,0.4656542460651676,1,5,1,20.0,34.50226244343892,34.50226244343892,2024-02-05,19.931647300068356,0.06835269993164585,历史1/5次成功; 当前距低点0.07%; 最新日涨幅-3.87%; 状态bottom_area; 底部未确认
225,58.62422246813607,49.339363694724526,605218,伟时电子,bottom_area,2025-01-10,20.48,2025-01-03,28.5,2025-01-10,20.37,0.540009818360331,7.51104565537554,28.52631578947368,28.140350877192983,False,-5.839080459770118,3.727702709213252,1,5,1,20.0,42.36874236874236,42.36874236874236,2023-11-30,19.459990181639668,0.540009818360331,历史1/5次成功; 当前距低点0.54%; 最新日涨幅-5.84%; 状态bottom_area; 底部未确认
226,58.423380320971184,52.63644907737658,300637,扬帆新材,bottom_area,2025-01-10,8.55,2024-12-12,11.68,2025-01-06,8.2,4.268292682926847,10.975609756097567,29.794520547945208,26.797945205479444,True,-4.469273743016744,2.5458883970887354,3,9,3,33.33333333333333,27.8753928017014,31.810193321616865,2022-04-27; 2024-04-16; 2024-10-11,15.731707317073154,4.268292682926847,历史3/9次成功; 当前距低点4.27%; 最新日涨幅-4.47%; 状态bottom_area; 底部已确认
227,58.21683791726165,51.08709981167608,002663,普邦股份,bottom_area,2025-01-10,1.82,2024-12-20,2.45,2025-01-06,1.77,2.8248587570621493,8.474576271186436,27.755102040816332,25.71428571428572,True,-3.703703703703698,1.5477211935625357,1,9,1,11.11111111111111,66.45569620253163,66.45569620253163,2022-04-27,17.17514124293785,2.8248587570621493,历史1/9次成功; 当前距低点2.82%; 最新日涨幅-3.70%; 状态bottom_area; 底部已确认
228,58.09423205063701,49.580544300714344,688011,新光光电,bottom_area,2025-01-10,14.0,2024-12-12,19.7,2025-01-06,13.82,1.3024602026049183,8.827785817655563,29.847715736040602,28.934010152284262,True,-4.502046384720327,0.8900037626991095,1,8,1,12.5,20.22932022932022,20.22932022932022,2019-11-26,18.697539797395084,1.3024602026049183,历史1/8次成功; 当前距低点1.30%; 最新日涨幅-4.50%; 状态bottom_area; 底部已确认
229,57.90626371006092,49.07136362892803,688518,联赢激光,bottom_area,2025-01-10,14.33,2024-12-17,20.58,2025-01-08,14.2,0.9154929577464844,5.422535211267616,31.000971817298346,30.369290573372197,False,-2.583276682528901,1.6608798223559533,1,7,1,14.285714285714285,47.69647696476966,47.69647696476966,2024-02-06,19.084507042253517,0.9154929577464844,历史1/7次成功; 当前距低点0.92%; 最新日涨幅-2.58%; 状态bottom_area; 底部未确认
230,57.781760642855815,48.24756047872712,688598,金博股份,bottom_area,2025-01-10,18.41,2024-12-10,27.17,2025-01-10,18.39,0.10875475802066108,6.7427949972811225,32.315053367684946,32.24144276775856,False,-4.95611770779556,2.6319951192887396,1,4,1,25.0,20.379146919431278,20.379146919431278,2022-03-09,19.89124524197934,0.10875475802066108,历史1/4次成功; 当前距低点0.11%; 最新日涨幅-4.96%; 状态bottom_area; 底部未确认
231,57.562404706634474,51.224256680085254,000058,深赛格,bottom_area,2025-01-10,7.5,2024-12-12,10.23,2025-01-06,7.24,3.5911602209944724,6.767955801104975,29.227761485826004,26.68621700879766,False,-1.7038007863695914,1.488322735139945,6,22,6,27.27272727272727,24.092434908836292,34.82352941176472,2002-01-23; 2006-11-14; 2010-05-18; 2020-02-04; 2022-04-27; 2024-01-09,16.40883977900553,3.5911602209944724,历史6/22次成功; 当前距低点3.59%; 最新日涨幅-1.70%; 状态bottom_area; 底部未确认
232,57.55475099538397,48.269564026414045,600300,维维股份,bottom_area,2025-01-10,2.88,2024-12-13,4.22,2025-01-10,2.87,0.34843205574912145,4.878048780487793,31.99052132701421,31.753554502369667,False,-4.0000000000000036,2.5521256151138534,3,13,3,23.076923076923077,27.602092008183003,30.56994818652849,2009-08-20; 2012-04-05; 2020-10-30,19.651567944250882,0.34843205574912145,历史3/13次成功; 当前距低点0.35%; 最新日涨幅-4.00%; 状态bottom_area; 底部未确认
233,57.55454046435413,49.65017581283811,601727,上海电气,bottom_area,2025-01-10,7.01,2024-12-03,10.2,2025-01-08,6.88,1.8895348837209287,6.395348837209308,32.549019607843135,31.274509803921568,False,-1.9580419580419672,1.7359769302231198,1,8,1,12.5,26.778577138289368,26.778577138289368,2015-06-30,18.110465116279073,1.8895348837209287,历史1/8次成功; 当前距低点1.89%; 最新日涨幅-1.96%; 状态bottom_area; 底部未确认
234,57.41637697076486,48.47280338792276,000560,我爱我家,bottom_area,2025-01-10,2.84,2024-12-12,3.96,2025-01-06,2.82,0.7092198581560291,7.446808510638298,28.78787878787879,28.282828282828287,True,-5.016722408026764,4.328824444113026,5,26,5,19.230769230769234,32.257121852250066,44.13265306122448,1998-08-18; 2007-06-06; 2011-01-25; 2015-08-04; 2016-01-29,19.29078014184397,0.7092198581560291,历史5/26次成功; 当前距低点0.71%; 最新日涨幅-5.02%; 状态bottom_area; 底部已确认
235,57.326910542354724,48.01122245276731,301010,晶雪节能,bottom_area,2025-01-10,18.43,2025-01-02,25.2,2025-01-10,18.38,0.2720348204570224,10.282916213275303,27.063492063492067,26.865079365079364,False,-8.217131474103578,8.032407407407408,1,4,1,25.0,21.11000991080278,21.11000991080278,2024-04-16,19.727965179542977,0.2720348204570224,历史1/4次成功; 当前距低点0.27%; 最新日涨幅-8.22%; 状态bottom_area; 底部未确认
236,57.23442843362859,48.313682222258656,600825,新华传媒,bottom_area,2025-01-10,5.73,2024-12-18,7.96,2025-01-08,5.69,0.7029876977152906,7.381370826010543,28.517587939698487,28.01507537688442,True,-4.658901830282847,2.208476328648919,3,15,3,20.0,29.6585708228469,34.22818791946308,1994-08-09; 2020-02-04; 2024-01-23,19.29701230228471,0.7029876977152906,历史3/15次成功; 当前距低点0.70%; 最新日涨幅-4.66%; 状态bottom_area; 底部已确认
237,57.179953448763875,50.704954556980454,300405,科隆股份,bottom_area,2025-01-10,4.26,2025-01-02,5.75,2025-01-06,4.12,3.3980582524271767,10.194174757281552,28.347826086956516,25.91304347826087,True,-4.484304932735428,6.572788880302484,2,10,2,20.0,35.712512755453815,45.682451253481894,2015-07-09; 2020-02-04,16.601941747572823,3.3980582524271767,历史2/10次成功; 当前距低点3.40%; 最新日涨幅-4.48%; 状态bottom_area; 底部已确认
238,57.12619634289192,48.41703462653372,000420,吉林化纤,bottom_area,2025-01-10,3.28,2024-12-12,4.66,2025-01-08,3.25,0.9230769230769171,5.230769230769228,30.257510729613735,29.613733905579405,False,-3.244837758112107,1.389284176871928,4,17,4,23.52941176470588,34.45858639770222,53.9249146757679,1997-07-08; 2012-01-06; 2015-11-30; 2022-04-27,19.076923076923084,0.9230769230769171,历史4/17次成功; 当前距低点0.92%; 最新日涨幅-3.24%; 状态bottom_area; 底部未确认
239,57.06876090480261,47.82835272721151,300858,科拓生物,bottom_area,2025-01-10,12.94,2024-12-10,18.0,2025-01-10,12.9,0.3100775193798383,4.341085271317833,28.333333333333332,28.111111111111114,False,-3.43283582089553,2.21078761727569,1,5,1,20.0,31.42650253439535,31.42650253439535,2024-04-18,19.68992248062016,0.3100775193798383,历史1/5次成功; 当前距低点0.31%; 最新日涨幅-3.43%; 状态bottom_area; 底部未确认
240,56.91396476709923,51.86085574572126,603058,永吉股份,bottom_area,2025-01-10,8.58,2024-12-13,12.12,2025-01-06,8.18,4.889975550122254,9.168704156479219,32.508250825082506,29.2079207920792,True,-1.830663615560646,1.7280521816050234,1,5,1,20.0,81.15942028985508,81.15942028985508,2021-01-14,15.110024449877745,4.889975550122254,历史1/5次成功; 当前距低点4.89%; 最新日涨幅-1.83%; 状态bottom_area; 底部已确认
241,56.859499462294465,50.164197319989434,300342,天银机电,bottom_area,2025-01-10,14.88,2024-12-12,20.32,2025-01-06,14.43,3.118503118503126,9.078309078309083,28.986220472440948,26.77165354330708,True,-4.061895551257244,2.9514881284387307,2,10,2,20.0,29.37841091492776,32.07142857142856,2015-07-29; 2022-04-27,16.881496881496876,3.118503118503126,历史2/10次成功; 当前距低点3.12%; 最新日涨幅-4.06%; 状态bottom_area; 底部已确认
242,56.67270135558662,47.227251129655514,603001,奥康国际,bottom_area,2025-01-10,5.16,2024-12-23,7.37,2025-01-10,5.16,0.0,3.6821705426356495,29.98643147896879,29.98643147896879,False,-9.947643979057597,10.218664272532296,2,8,2,25.0,25.818554460513464,25.899843505477314,2015-08-04; 2024-02-08,20.0,0.0,历史2/8次成功; 当前距低点0.00%; 最新日涨幅-9.95%; 状态bottom_area; 底部未确认
243,56.642250650824955,47.28039068388836,600703,三安光电,bottom_area,2025-01-10,11.04,2024-11-11,15.34,2025-01-10,11.03,0.09066183136899172,4.533091568449683,28.09647979139505,28.031290743155157,False,-3.242769500438225,0.7962848405811263,4,20,4,20.0,25.79085838392293,35.35108958837772,1997-03-03; 2011-08-09; 2015-06-29; 2015-07-07,19.90933816863101,0.09066183136899172,历史4/20次成功; 当前距低点0.09%; 最新日涨幅-3.24%; 状态bottom_area; 底部未确认
244,56.63750310447102,49.409872864521276,301025,读客文化,bottom_area,2025-01-10,8.6,2024-12-20,12.07,2025-01-06,8.39,2.502979737783064,9.415971394517271,30.48881524440762,28.748964374482195,True,-4.972375690607745,1.4552371523953715,1,6,1,16.666666666666664,24.999999999999993,24.999999999999993,2021-08-02,17.497020262216935,2.502979737783064,历史1/6次成功; 当前距低点2.50%; 最新日涨幅-4.97%; 状态bottom_area; 底部已确认
245,56.47881697385341,47.06568081154451,603882,金域医学,bottom_area,2025-01-10,25.3,2024-12-06,35.21,2025-01-10,25.3,0.0,3.359683794466395,28.145413234876454,28.145413234876454,False,-2.504816955683997,0.8682024604552709,1,6,1,16.666666666666664,32.79039862837549,32.79039862837549,2020-02-03,20.0,0.0,历史1/6次成功; 当前距低点0.00%; 最新日涨幅-2.50%; 状态bottom_area; 底部未确认
246,56.47507204838883,50.06030885358297,688335,复洁科技,bottom_area,2025-01-10,7.96,2024-12-10,10.58,2025-01-06,7.7,3.3766233766233738,8.831168831168839,27.22117202268431,24.763705103969755,True,-3.6319612590798966,0.3774117682449,1,4,1,25.0,21.15059221658205,21.15059221658205,2021-10-28,16.62337662337663,3.3766233766233738,历史1/4次成功; 当前距低点3.38%; 最新日涨幅-3.63%; 状态bottom_area; 底部已确认
247,56.409748905051295,51.129093214760424,603038,华立股份,bottom_area,2025-01-10,15.24,2024-12-04,21.36,2025-01-06,14.57,4.598490048043925,10.020590253946471,31.788389513108612,28.651685393258425,True,-4.030226700251893,1.8461937496419814,2,6,2,33.33333333333333,23.818909628856108,26.50306748466258,2021-01-06; 2022-04-28,15.401509951956077,4.598490048043925,历史2/6次成功; 当前距低点4.60%; 最新日涨幅-4.03%; 状态bottom_area; 底部已确认
248,56.354171157335685,47.54816560002217,002945,华林证券,bottom_area,2025-01-10,13.38,2024-12-24,19.05,2025-01-08,13.29,0.6772009029345496,5.568096313017308,30.23622047244095,29.763779527559052,False,-3.3935018050541443,0.8053814814814814,1,3,1,33.33333333333333,22.19812002892262,22.19812002892262,2022-04-06,19.322799097065452,0.6772009029345496,历史1/3次成功; 当前距低点0.68%; 最新日涨幅-3.39%; 状态bottom_area; 底部未确认
249,55.98,46.65,002135,东南网架,bottom_area,2025-01-10,3.91,2024-12-06,5.38,2025-01-10,3.91,0.0,3.5805626598465388,27.323420074349436,27.323420074349436,False,-2.736318407960181,0.7074908826160532,1,13,1,7.6923076923076925,54.01809473124004,54.01809473124004,2007-06-05,20.0,0.0,历史1/13次成功; 当前距低点0.00%; 最新日涨幅-2.74%; 状态bottom_area; 底部未确认
250,55.938659595450865,49.29911286050253,300496,中科创达,bottom_area,2025-01-10,51.53,2024-12-27,69.88,2025-01-08,50.0,3.0600000000000023,8.540000000000006,28.44876931883228,26.259301659988544,True,-2.8469079939668185,4.469799479183457,1,6,1,16.666666666666664,21.017452655031576,21.017452655031576,2024-10-10,16.939999999999998,3.0600000000000023,历史1/6次成功; 当前距低点3.06%; 最新日涨幅-2.85%; 状态bottom_area; 底部已确认
251,55.890511431270234,49.301699604743085,300948,冠中生态,bottom_area,2025-01-10,8.62,2024-12-10,12.15,2025-01-06,8.36,3.1100478468899495,9.928229665071772,31.193415637860088,29.05349794238684,True,-4.434589800443467,1.274866523866358,1,5,1,20.0,24.637681159420286,24.637681159420286,2021-03-11,16.889952153110052,3.1100478468899495,历史1/5次成功; 当前距低点3.11%; 最新日涨幅-4.43%; 状态bottom_area; 底部已确认
252,55.83911318719038,46.90404464018349,002419,天虹股份,bottom_area,2025-01-10,4.63,2024-12-26,6.4,2025-01-10,4.61,0.43383947939261547,6.507592190889366,27.968749999999996,27.656250000000004,False,-5.122950819672134,2.2721989688600437,2,11,2,18.181818181818183,31.913580246913575,41.11111111111111,2012-11-28; 2024-02-06,19.566160520607387,0.43383947939261547,历史2/11次成功; 当前距低点0.43%; 最新日涨幅-5.12%; 状态bottom_area; 底部未确认
253,55.64355861195437,46.80786739441916,300683,海特生物,bottom_area,2025-01-10,21.54,2024-11-29,30.93,2025-01-08,21.43,0.5132991133924378,6.812879141390578,30.714516650501132,30.358874878758492,False,-3.103913630229427,0.8252228075146923,1,5,1,20.0,28.431125661042557,28.431125661042557,2018-02-14,19.486700886607565,0.5132991133924378,历史1/5次成功; 当前距低点0.51%; 最新日涨幅-3.10%; 状态bottom_area; 底部未确认
254,55.52419535151786,48.27963968805606,002889,东方嘉盛,bottom_area,2025-01-10,18.5,2024-12-12,25.22,2025-01-08,18.08,2.3230088495575316,6.747787610619484,28.310864393338626,26.645519429024578,False,-3.039832285115296,1.5233289424535623,1,6,1,16.666666666666664,25.910931174089058,25.910931174089058,2018-02-07,17.67699115044247,2.3230088495575316,历史1/6次成功; 当前距低点2.32%; 最新日涨幅-3.04%; 状态bottom_area; 底部未确认
255,55.43939681661258,46.291946768828765,600505,西昌电力,bottom_area,2025-01-10,9.18,2024-12-27,12.8,2025-01-10,9.17,0.10905125408941971,5.125408942202842,28.359375000000004,28.281250000000007,False,-4.672897196261694,2.2448243466573405,3,18,3,16.666666666666664,27.924284739171917,32.275862068965516,2018-07-06; 2020-02-04; 2023-10-23,19.89094874591058,0.10905125408941971,历史3/18次成功; 当前距低点0.11%; 最新日涨幅-4.67%; 状态bottom_area; 底部未确认
256,54.70907247468306,45.89029661309236,688499,利元亨,bottom_area,2025-01-10,19.67,2024-12-10,28.98,2025-01-10,19.6,0.35714285714285854,5.969387755102031,32.3671497584541,32.125603864734295,False,-4.4217687074829755,2.344654336160198,1,5,1,20.0,21.583775953645574,21.583775953645574,2024-10-18,19.642857142857142,0.35714285714285854,历史1/5次成功; 当前距低点0.36%; 最新日涨幅-4.42%; 状态bottom_area; 底部未确认
257,54.698940477188515,46.26370984653513,601216,君正集团,bottom_area,2025-01-10,4.98,2024-12-18,7.24,2025-01-06,4.94,0.8097165991902842,5.465587044534404,31.767955801104968,31.215469613259668,False,-2.161100196463639,0.9233199623015714,1,6,1,16.666666666666664,26.146220570012385,26.146220570012385,2020-08-25,19.190283400809715,0.8097165991902842,历史1/6次成功; 当前距低点0.81%; 最新日涨幅-2.16%; 状态bottom_area; 底部未确认
258,54.29454520491076,48.54600314456919,300517,海波重科,bottom_area,2025-01-10,7.82,2024-12-10,10.39,2025-01-06,7.53,3.851261620185923,9.030544488711827,27.526467757459095,24.73532242540905,True,-3.4567901234567877,1.3789159085093394,1,6,1,16.666666666666664,36.88286544046467,36.88286544046467,2022-04-27,16.14873837981408,3.851261620185923,历史1/6次成功; 当前距低点3.85%; 最新日涨幅-3.46%; 状态bottom_area; 底部已确认
259,53.97736222856098,44.981135190467484,600833,第一医药,bottom_area,2025-01-10,12.06,2024-12-13,17.66,2025-01-10,12.06,0.0,4.311774461028189,31.710079275198183,31.710079275198183,False,-3.8277511961722355,2.3316536244599138,4,19,4,21.052631578947366,22.29529389328864,25.739320920043806,1997-07-08; 2011-07-15; 2013-06-25; 2023-01-13,20.0,0.0,历史4/19次成功; 当前距低点0.00%; 最新日涨幅-3.83%; 状态bottom_area; 底部未确认
260,53.60735054679255,44.813232451948615,002029,七匹狼,bottom_area,2025-01-10,5.85,2024-12-03,8.66,2025-01-10,5.84,0.17123287671232512,4.452054794520544,32.5635103926097,32.44803695150116,False,-3.782894736842113,1.4495061520246804,1,6,1,16.666666666666664,20.73643410852714,20.73643410852714,2005-10-28,19.828767123287676,0.17123287671232512,历史1/6次成功; 当前距低点0.17%; 最新日涨幅-3.78%; 状态bottom_area; 底部未确认
261,53.27190294840295,44.39325245700246,002314,南山控股,bottom_area,2025-01-10,2.2,2024-12-12,3.11,2025-01-10,2.2,0.0,4.999999999999994,29.260450160771693,29.260450160771693,False,-3.9301310043668103,1.57091250087271,2,11,2,18.181818181818183,25.354729729729726,26.12612612612611,2015-09-08; 2024-02-06,20.0,0.0,历史2/11次成功; 当前距低点0.00%; 最新日涨幅-3.93%; 状态bottom_area; 底部未确认
262,53.01137731309868,48.34728617610929,002622,皓宸医疗,bottom_area,2025-01-10,2.55,2024-12-20,3.53,2025-01-06,2.43,4.938271604938257,11.934156378600825,31.161473087818685,27.762039660056658,True,-4.49438202247191,2.0407625485237983,5,17,5,29.411764705882355,21.52475408009641,22.769230769230774,2015-06-30; 2019-09-30; 2021-01-14; 2023-04-25; 2024-07-02,15.061728395061744,4.938271604938257,历史5/17次成功; 当前距低点4.94%; 最新日涨幅-4.49%; 状态bottom_area; 底部已确认
263,52.8137810102125,47.275643221526266,300397,天和防务,bottom_area,2025-01-10,10.09,2024-12-06,14.21,2025-01-06,9.71,3.9134912461379914,8.856848609680736,31.667839549612946,28.99366643209008,True,-3.073967339097028,2.3713136431575106,2,14,2,14.285714285714285,35.974518309559286,45.75260804769001,2015-09-07; 2024-04-16,16.08650875386201,3.9134912461379914,历史2/14次成功; 当前距低点3.91%; 最新日涨幅-3.07%; 状态bottom_area; 底部已确认
264,52.556843469679485,44.1893720520766,601858,中国科传,bottom_area,2025-01-10,18.6,2024-12-10,25.58,2025-01-06,18.51,0.48622366288492624,4.700162074554281,27.6387802971071,27.28694292415949,False,-3.2258064516128893,0.5987729285262492,1,6,1,16.666666666666664,21.243523316062173,21.243523316062173,2021-07-30,19.513776337115075,0.48622366288492624,历史1/6次成功; 当前距低点0.49%; 最新日涨幅-3.23%; 状态bottom_area; 底部未确认
265,52.32298549992879,46.48972224770943,603982,泉峰汽车,bottom_area,2025-01-10,7.38,2024-12-20,10.38,2025-01-06,7.13,3.506311360448808,8.274894810659186,31.310211946050103,28.901734104046252,True,-3.2765399737876844,1.3143727771251132,1,6,1,16.666666666666664,21.599169262720665,21.599169262720665,2022-04-15,16.493688639551195,3.506311360448808,历史1/6次成功; 当前距低点3.51%; 最新日涨幅-3.28%; 状态bottom_area; 底部已确认
266,52.3122700797057,43.59355839975475,000886,海南高速,bottom_area,2025-01-10,5.75,2024-12-31,8.58,2025-01-10,5.75,0.0,7.652173913043485,32.98368298368298,32.98368298368298,False,-4.643449419568824,2.630892855216781,2,14,2,14.285714285714285,29.496857755977924,38.39285714285713,2016-01-28; 2020-06-29,20.0,0.0,历史2/14次成功; 当前距低点0.00%; 最新日涨幅-4.64%; 状态bottom_area; 底部未确认
267,52.27375401289903,47.5126887111245,300658,延江股份,bottom_area,2025-01-10,4.85,2024-12-16,6.39,2025-01-06,4.63,4.751619870410362,10.367170626349901,27.54303599374022,24.100156494522693,True,-4.150197628458496,2.050407492282799,3,12,3,25.0,24.308505460538264,26.72018348623853,2020-03-13; 2020-03-24; 2021-05-10,15.24838012958964,4.751619870410362,历史3/12次成功; 当前距低点4.75%; 最新日涨幅-4.15%; 状态bottom_area; 底部已确认
268,52.04041420940026,46.23270574487712,603489,八方股份,bottom_area,2025-01-10,21.0,2024-12-24,29.0,2025-01-08,20.29,3.4992607195662933,9.413504189255791,30.034482758620694,27.586206896551722,True,-4.545454545454541,1.3621290325480864,1,6,1,16.666666666666664,20.13093289689035,20.13093289689035,2023-06-27,16.500739280433706,3.4992607195662933,历史1/6次成功; 当前距低点3.50%; 最新日涨幅-4.55%; 状态bottom_area; 底部已确认
269,50.529618065114704,42.86651095862396,300045,华力创通,bottom_area,2025-01-10,18.65,2024-12-13,25.5,2025-01-08,18.47,0.9745533297238752,5.522468868435299,27.568627450980397,26.86274509803922,False,-3.5677352637021764,2.5757040338130515,1,7,1,14.285714285714285,25.276073619631905,25.276073619631905,2019-05-08,19.025446670276125,0.9745533297238752,历史1/7次成功; 当前距低点0.97%; 最新日涨幅-3.57%; 状态bottom_area; 底部未确认
270,49.84887715049529,45.216556190887516,600171,上海贝岭,bottom_area,2025-01-10,34.73,2024-12-24,47.47,2025-01-08,33.19,4.639951792708645,11.117806568243461,30.082157151885404,26.8380029492311,True,-1.837196156020371,9.758333775979374,2,17,2,11.76470588235294,29.056289288575233,31.741821396993807,2012-12-04; 2024-01-23,15.360048207291355,4.639951792708645,历史2/17次成功; 当前距低点4.64%; 最新日涨幅-1.84%; 状态bottom_area; 底部已确认
271,49.830740594596605,44.756039996561306,600819,耀皮玻璃,bottom_area,2025-01-10,5.08,2024-12-13,6.86,2025-01-06,4.88,4.098360655737709,7.9918032786885185,28.86297376093295,25.947521865889218,True,-3.053435114503822,0.8310096681002863,2,13,2,15.384615384615385,22.31345318087785,22.83464566929134,1994-08-03; 2021-10-28,15.901639344262291,4.098360655737709,历史2/13次成功; 当前距低点4.10%; 最新日涨幅-3.05%; 状态bottom_area; 底部已确认
272,49.26756363636364,41.056303030303035,000965,天保基建,bottom_area,2025-01-10,2.8,2024-12-12,3.84,2025-01-06,2.8,0.0,5.000000000000004,27.083333333333336,27.083333333333336,False,-3.7800687285223455,1.699258811660222,1,11,1,9.090909090909092,27.111111111111107,27.111111111111107,2006-08-08,20.0,0.0,历史1/11次成功; 当前距低点0.00%; 最新日涨幅-3.78%; 状态bottom_area; 底部未确认
273,48.81691083852598,41.36517065308008,600779,水井坊,bottom_area,2025-01-10,45.43,2024-12-10,62.0,2025-01-08,45.02,0.9107063527321114,4.820079964460228,27.38709677419354,26.725806451612904,False,-2.4898046791156925,0.6465598543342904,1,14,1,7.142857142857142,21.682847896440126,21.682847896440126,2015-07-09,19.08929364726789,0.9107063527321114,历史1/14次成功; 当前距低点0.91%; 最新日涨幅-2.49%; 状态bottom_area; 底部未确认
