rank,rank_score,probability_score,code,name,current_stage,latest_date,latest_close,current_top_date,current_top_price,current_low_date,current_low_price,current_low_to_latest_pct,current_low_to_high_pct,current_drawdown_pct,close_drawdown_pct,current_is_bottom_confirmed,latest_pct_chg,latest_turn,historical_valid_event_count,history_sample_count,history_success_count,history_success_rate_pct,history_avg_rebound_pct,history_max_rebound_pct,history_success_dates,upside_to_20pct_target_pct,risk_back_to_low_pct,reason
1,90.44974563804541,80.38511463768778,003036,泰坦股份,bottom_area,2024-02-02,8.53,2024-01-26,11.73,2024-02-02,8.24,3.5194174757281447,12.378640776699024,29.75277067348679,27.280477408354653,False,-6.8777292576419296,2.3450452973238805,4,4,4,100.0,32.63111012015024,38.58007705008254,2021-04-16; 2022-04-27; 2022-10-10; 2023-04-24,16.480582524271856,3.5194174757281447,历史4/4次成功; 当前距低点3.52%; 最新日涨幅-6.88%; 状态bottom_area; 底部未确认
2,86.6221767168496,76.20898148653012,688367,工大高科,bottom_area,2024-02-02,12.5,2024-01-26,16.65,2024-02-02,12.14,2.9654036243822026,11.696869851729817,27.087087087087074,24.92492492492492,False,-6.015037593984962,1.8097657587816636,2,2,2,100.0,36.72097715119105,44.1419543023821,2021-07-02; 2021-07-28,17.0345963756178,2.9654036243822026,历史2/2次成功; 当前距低点2.97%; 最新日涨幅-6.02%; 状态bottom_area; 底部未确认
3,85.44600886268339,74.28438690598539,301356,天振股份,bottom_area,2024-02-02,13.71,2024-01-25,18.56,2024-02-02,13.4,2.3134328358208993,12.761194029850738,27.80172413793103,26.13146551724137,False,-1.3669064748201398,1.5652242546222301,1,1,1,100.0,24.83340737450022,24.83340737450022,2023-01-03,17.686567164179102,2.3134328358208993,历史1/1次成功; 当前距低点2.31%; 最新日涨幅-1.37%; 状态bottom_area; 底部未确认
4,82.52817068510107,73.70454497632826,603004,鼎龙科技,bottom_area,2024-02-02,19.73,2024-01-29,27.07,2024-02-02,19.01,3.7874802735402358,11.415044713308774,29.774658293313628,27.114887329146658,False,-5.8233890214797075,15.85360054347826,1,1,1,100.0,55.7168784029038,55.7168784029038,2023-12-28,16.212519726459764,3.7874802735402358,历史1/1次成功; 当前距低点3.79%; 最新日涨幅-5.82%; 状态bottom_area; 底部未确认
5,82.18580622235575,73.24906242088363,603213,镇洋发展,bottom_area,2024-02-02,8.18,2024-01-26,11.22,2024-02-02,7.89,3.6755386565272503,12.420785804816218,29.679144385026746,27.09447415329769,False,-4.99419279907084,1.1825401602246182,2,2,2,100.0,29.512314826697573,33.04209690230342,2021-12-27; 2022-04-27,16.324461343472752,3.6755386565272503,历史2/2次成功; 当前距低点3.68%; 最新日涨幅-4.99%; 状态bottom_area; 底部未确认
6,81.10392546428005,70.70677973516975,002188,中天服务,bottom_area,2024-02-02,4.57,2024-01-26,6.43,2024-02-02,4.46,2.4663677130044914,14.79820627802691,30.637636080870916,28.926905132192836,False,-7.86290322580645,5.039807433960998,5,7,5,71.42857142857143,29.59346147906282,47.89569990850869,2012-12-04; 2015-08-25; 2016-01-14; 2016-03-01; 2018-10-19,17.53363228699551,2.4663677130044914,历史5/7次成功; 当前距低点2.47%; 最新日涨幅-7.86%; 状态bottom_area; 底部未确认
7,81.06254304589346,71.90776581249636,688616,西力科技,bottom_area,2024-02-02,9.08,2024-01-26,12.23,2024-02-02,8.78,3.4168564920273434,14.92027334851937,28.20932134096485,25.756336876533116,False,-8.651911468812868,1.5645147644822301,1,1,1,100.0,35.79676674364896,35.79676674364896,2022-04-27,16.583143507972657,3.4168564920273434,历史1/1次成功; 当前距低点3.42%; 最新日涨幅-8.65%; 状态bottom_area; 底部未确认
8,80.33618297661131,69.366394399151,603826,坤彩科技,bottom_area,2024-02-02,44.15,2023-12-14,61.06,2024-02-02,43.31,1.939505887785722,6.9268067420918955,29.069767441860467,27.69407140517524,False,-2.5601412491723763,0.1980769230769231,3,5,3,60.0,30.47563345861535,32.10673552829783,2018-05-02; 2021-08-20; 2022-11-10,18.06049411221428,1.939505887785722,历史3/5次成功; 当前距低点1.94%; 最新日涨幅-2.56%; 状态bottom_area; 底部未确认
9,80.31316548982822,70.72250397514944,688566,吉贝尔,bottom_area,2024-02-02,20.5,2024-01-25,27.75,2024-02-02,19.9,3.01507537688443,12.21105527638191,28.288288288288292,26.126126126126124,False,-5.268022181146026,1.088146328879971,1,1,1,100.0,24.499332443257664,24.499332443257664,2022-04-27,16.98492462311557,3.01507537688443,历史1/1次成功; 当前距低点3.02%; 最新日涨幅-5.27%; 状态bottom_area; 底部未确认
10,79.84603587774794,70.33708869578582,688653,康希通信,bottom_area,2024-02-02,12.56,2024-01-29,18.07,2024-02-02,12.19,3.035274815422486,14.684167350287128,32.54012174875485,30.49252905368013,False,-8.919506889050021,1.4300992686913814,1,1,1,100.0,22.674813306177867,22.674813306177867,2024-01-24,16.964725184577514,3.035274815422486,历史1/1次成功; 当前距低点3.04%; 最新日涨幅-8.92%; 状态bottom_area; 底部未确认
11,79.74640228078842,70.82217327206618,300172,中电环保,bottom_area,2024-02-02,4.46,2024-01-25,5.93,2024-02-02,4.31,3.480278422273791,12.761020881670552,27.318718381112987,24.78920741989882,False,-5.708245243128973,8.850208490915994,4,5,4,80.0,24.07101115510979,32.687651331719145,2012-01-06; 2015-06-30; 2018-06-21; 2022-04-27,16.51972157772621,3.480278422273791,历史4/5次成功; 当前距低点3.48%; 最新日涨幅-5.71%; 状态bottom_area; 底部未确认
12,79.37654192575847,70.02037158469948,301136,招标股份,bottom_area,2024-02-02,9.28,2024-01-26,12.38,2024-02-02,9.0,3.111111111111104,13.555555555555562,27.30210016155089,25.04038772213248,False,-7.477567298105681,1.2758946487260654,1,1,1,100.0,21.901639344262293,21.901639344262293,2023-09-11,16.888888888888896,3.111111111111104,历史1/1次成功; 当前距低点3.11%; 最新日涨幅-7.48%; 状态bottom_area; 底部未确认
13,79.07185749034512,69.99858162560444,002938,鹏鼎控股,bottom_area,2024-02-02,16.88,2024-01-02,22.45,2024-02-02,16.34,3.3047735618115004,9.547123623011009,27.216035634743875,24.810690423162583,False,-4.362606232294619,0.4634442010307273,1,1,1,100.0,24.158415841584162,24.158415841584162,2022-10-10,16.695226438188502,3.3047735618115004,历史1/1次成功; 当前距低点3.30%; 最新日涨幅-4.36%; 状态bottom_area; 底部未确认
14,78.92197957480964,70.8404853563559,603093,南华期货,bottom_area,2024-02-02,9.73,2024-01-26,13.9,2024-02-02,9.35,4.064171122994661,12.192513368983963,32.73381294964029,30.0,False,-5.990338164251197,2.808729359219454,2,2,2,100.0,21.3268576171168,21.672504378283712,2020-02-04; 2020-07-27,15.93582887700534,4.064171122994661,历史2/2次成功; 当前距低点4.06%; 最新日涨幅-5.99%; 状态bottom_area; 底部未确认
15,78.76455608341634,71.67030352279366,301113,雅艺科技,bottom_area,2024-02-02,22.65,2024-01-29,30.47,2024-02-02,21.61,4.812586765386392,14.252660805182796,29.077781424351823,25.66458811946177,False,-6.016597510373456,1.4819114865964225,2,2,2,100.0,34.96237283803563,40.21840873634946,2022-04-18; 2022-04-29,15.187413234613608,4.812586765386392,历史2/2次成功; 当前距低点4.81%; 最新日涨幅-6.02%; 状态bottom_area; 底部未确认
16,78.58170245724436,69.70338907566696,003011,海象新材,bottom_area,2024-02-02,14.54,2024-01-26,19.63,2024-02-02,14.06,3.41394025604551,13.726884779516357,28.374936321956184,25.929699439633215,False,-6.854580397181298,3.942867004416606,1,1,1,100.0,23.90953150242327,23.90953150242327,2022-04-29,16.58605974395449,3.41394025604551,历史1/1次成功; 当前距低点3.41%; 最新日涨幅-6.85%; 状态bottom_area; 底部未确认
17,78.50507430230837,68.72194959949778,002798,帝欧水华,bottom_area,2024-02-02,4.58,2024-01-29,6.36,2024-02-02,4.46,2.690582959641258,15.246636771300443,29.874213836477992,27.987421383647803,False,-7.661290322580639,2.096879192823585,4,6,4,66.66666666666666,31.988236993619257,40.623683101559195,2016-08-01; 2017-01-24; 2020-02-04; 2022-04-27,17.309417040358742,2.690582959641258,历史4/6次成功; 当前距低点2.69%; 最新日涨幅-7.66%; 状态bottom_area; 底部未确认
18,78.23347104372553,70.45515166786251,688329,艾隆科技,bottom_area,2024-02-02,15.96,2024-01-26,21.89,2024-02-02,15.31,4.2455911169170495,14.108425865447408,30.05938784833257,27.089995431703972,False,-7.20930232558139,2.2634715025906735,2,2,2,100.0,21.479029109856874,21.72890326374596,2021-07-28; 2021-09-29,15.754408883082952,4.2455911169170495,历史2/2次成功; 当前距低点4.25%; 最新日涨幅-7.21%; 状态bottom_area; 底部未确认
19,78.194751135527,69.23956917006278,300943,春晖智控,bottom_area,2024-02-02,9.34,2024-01-26,12.4,2024-02-02,9.04,3.318584070796468,13.384955752212399,27.096774193548395,24.67741935483871,False,-6.972111553784854,2.7679096956907965,1,1,1,100.0,20.246993825154373,20.246993825154373,2022-01-25,16.68141592920353,3.318584070796468,历史1/1次成功; 当前距低点3.32%; 最新日涨幅-6.97%; 状态bottom_area; 底部未确认
20,77.81836987532998,69.6576419483291,002652,扬子新材,bottom_area,2024-02-02,2.39,2024-01-29,3.21,2024-02-02,2.3,3.913043478260883,13.47826086956522,28.348909657320874,25.54517133956386,False,-6.274509803921557,5.530851781065568,4,5,4,80.0,23.114952036365093,25.60483870967742,2015-06-23; 2015-06-30; 2022-06-14; 2023-10-24,16.08695652173912,3.913043478260883,历史4/5次成功; 当前距低点3.91%; 最新日涨幅-6.27%; 状态bottom_area; 底部未确认
21,77.81123570251366,69.48724304596568,301228,实朴检测,bottom_area,2024-02-02,11.52,2024-01-26,16.1,2024-02-02,11.1,3.7837837837837833,16.75675675675677,31.05590062111802,28.447204968944106,False,-7.469879518072286,2.6392263983208792,1,1,1,100.0,27.281021897810216,27.281021897810216,2022-02-28,16.216216216216218,3.7837837837837833,历史1/1次成功; 当前距低点3.78%; 最新日涨幅-7.47%; 状态bottom_area; 底部未确认
22,77.79738696701912,65.07046544137422,603315,福鞍股份,bottom_area,2024-02-02,9.97,2024-01-25,14.18,2024-02-02,9.95,0.20100502512564172,12.864321608040214,29.83074753173484,29.68970380818053,False,-9.855334538878846,3.086560519863889,3,5,3,60.0,36.12234891753053,42.96419650291423,2015-06-30; 2015-07-29; 2022-04-27,19.798994974874358,0.20100502512564172,历史3/5次成功; 当前距低点0.20%; 最新日涨幅-9.86%; 状态bottom_area; 底部未确认
23,77.51205025584584,68.91268905724894,603725,天安新材,bottom_area,2024-02-02,8.19,2024-01-26,10.98,2024-02-02,7.91,3.5398230088495493,12.515802781289509,27.959927140255008,25.409836065573778,False,-6.825938566552903,2.401958891246188,3,4,3,75.0,25.368201706590938,29.090909090909083,2018-02-07; 2020-02-04; 2022-04-27,16.46017699115045,3.5398230088495493,历史3/4次成功; 当前距低点3.54%; 最新日涨幅-6.83%; 状态bottom_area; 底部未确认
24,77.33501011592409,69.15930093478583,688590,新致软件,bottom_area,2024-02-02,13.45,2024-01-26,18.76,2024-02-02,12.95,3.861003861003861,15.59845559845561,30.970149253731353,28.30490405117272,False,-8.191126279863493,3.759663614034472,3,4,3,75.0,30.63112762298194,42.12368728121353,2021-07-28; 2021-08-20; 2022-10-11,16.138996138996138,3.861003861003861,历史3/4次成功; 当前距低点3.86%; 最新日涨幅-8.19%; 状态bottom_area; 底部未确认
25,76.86190643221707,69.51335207048054,605277,新亚电子,bottom_area,2024-02-02,11.2,2024-01-26,15.26,2024-02-02,10.72,4.477611940298495,10.727611940298495,29.75098296199213,26.605504587155966,False,-2.9462738301559765,1.5947013420878113,1,1,1,100.0,25.711329539575807,25.711329539575807,2022-04-28,15.522388059701505,4.477611940298495,历史1/1次成功; 当前距低点4.48%; 最新日涨幅-2.95%; 状态bottom_area; 底部未确认
26,76.71011173000097,69.08770497255946,603153,上海建科,bottom_area,2024-02-02,17.91,2024-01-26,24.0,2024-02-02,17.18,4.249126891734577,12.68917345750873,28.416666666666668,25.374999999999996,False,-2.077638053581188,3.9701550957924687,1,1,1,100.0,20.622119815668214,20.622119815668214,2023-03-31,15.750873108265424,4.249126891734577,历史1/1次成功; 当前距低点4.25%; 最新日涨幅-2.08%; 状态bottom_area; 底部未确认
27,76.48471507098151,66.92412568710881,603161,科华控股,bottom_area,2024-02-02,12.32,2024-01-24,16.56,2024-02-02,12.0,2.6666666666666687,12.166666666666675,27.536231884057965,25.60386473429951,False,-5.954198473282435,2.0848885134951796,2,3,2,66.66666666666666,38.69601623893628,39.40435280641466,2020-12-25; 2022-04-27,17.333333333333336,2.6666666666666687,历史2/3次成功; 当前距低点2.67%; 最新日涨幅-5.95%; 状态bottom_area; 底部未确认
28,76.47466231945901,69.73074946080808,688328,深科达,bottom_area,2024-02-02,21.3,2024-01-25,29.78,2024-02-02,20.3,4.926108374384236,17.290640394088662,31.83344526527871,28.475486903962395,False,-8.387096774193548,6.797323290935736,2,2,2,100.0,25.92621803443088,29.170984455958543,2022-10-11; 2023-05-15,15.073891625615765,4.926108374384236,历史2/2次成功; 当前距低点4.93%; 最新日涨幅-8.39%; 状态bottom_area; 底部未确认
29,75.92482526496195,67.33835320840431,300933,中辰股份,bottom_area,2024-02-02,6.07,2024-01-26,8.45,2024-02-02,5.87,3.4071550255536653,12.43611584327086,30.53254437869822,28.165680473372774,False,-6.037151702786369,1.7778411178966118,2,3,2,66.66666666666666,60.565909290545484,99.89795918367346,2021-01-27; 2024-01-24,16.592844974446336,3.4071550255536653,历史2/3次成功; 当前距低点3.41%; 最新日涨幅-6.04%; 状态bottom_area; 底部未确认
30,75.79547972046876,68.18970493883003,301041,金百泽,bottom_area,2024-02-02,17.16,2024-01-26,22.96,2024-02-02,16.47,4.189435336976328,15.786278081360058,28.266550522648092,25.26132404181185,False,-6.789788158609456,4.094145655419461,1,1,1,100.0,25.277513479226126,25.277513479226126,2023-06-07,15.810564663023674,4.189435336976328,历史1/1次成功; 当前距低点4.19%; 最新日涨幅-6.79%; 状态bottom_area; 底部未确认
31,75.48890837196159,68.55392293245433,688109,品茗科技,bottom_area,2024-02-02,19.81,2024-01-29,25.99,2024-02-02,18.92,4.704016913319223,15.80338266384777,27.202770296267786,23.778376298576376,False,-5.033557046979864,1.2739354413660626,1,1,1,100.0,33.54344889689329,33.54344889689329,2023-10-23,15.295983086680778,4.704016913319223,历史1/1次成功; 当前距低点4.70%; 最新日涨幅-5.03%; 状态bottom_area; 底部未确认
32,75.48415222299502,64.59855587922488,002715,登云股份,bottom_area,2024-02-02,10.48,2024-01-26,14.3,2024-02-02,10.33,1.4520813165537305,14.23039690222653,27.762237762237767,26.713286713286717,False,-8.710801393728218,2.9355797101449275,3,6,3,50.0,30.74893161810415,36.66369313113291,2014-07-24; 2020-02-04; 2022-02-14,18.54791868344627,1.4520813165537305,历史3/6次成功; 当前距低点1.45%; 最新日涨幅-8.71%; 状态bottom_area; 底部未确认
33,75.39043892465055,66.91459076152417,300649,杭州园林,bottom_area,2024-02-02,12.0,2024-01-26,16.44,2024-02-02,11.6,3.448275862068969,15.086206896551724,29.4403892944039,27.007299270073,False,-6.469212782540923,3.3896562824806824,2,3,2,66.66666666666666,48.22576914179969,71.60305343511452,2021-05-20; 2022-02-28,16.551724137931032,3.448275862068969,历史2/3次成功; 当前距低点3.45%; 最新日涨幅-6.47%; 状态bottom_area; 底部未确认
34,75.18498972176359,66.89152792605368,603116,红蜻蜓,bottom_area,2024-02-02,4.92,2024-01-26,6.75,2024-02-02,4.75,3.578947368421051,10.315789473684216,29.629629629629626,27.111111111111114,False,-2.5742574257425765,2.1759776119706538,3,5,3,60.0,37.266279172331565,62.727272727272734,2015-07-09; 2015-08-25; 2022-04-28,16.42105263157895,3.578947368421051,历史3/5次成功; 当前距低点3.58%; 最新日涨幅-2.57%; 状态bottom_area; 底部未确认
35,74.85247542641736,66.41128060724547,300836,佰奥智能,bottom_area,2024-02-02,18.41,2024-01-26,24.68,2024-02-02,17.8,3.426966292134828,15.730337078651688,27.87682333873581,25.405186385737437,False,-9.310344827586214,3.60712461112961,4,6,4,66.66666666666666,28.591919820678562,33.28951692408808,2021-10-28; 2022-01-27; 2022-04-27; 2022-06-13,16.57303370786517,3.426966292134828,历史4/6次成功; 当前距低点3.43%; 最新日涨幅-9.31%; 状态bottom_area; 底部未确认
36,74.54278446286966,65.55269990453361,002862,实丰文化,bottom_area,2024-02-02,11.55,2024-01-26,15.5,2024-02-02,11.22,2.9411764705882355,12.121212121212116,27.612903225806445,25.48387096774193,False,-4.624277456647386,4.564986809418628,3,5,3,60.0,32.46549600792899,42.990110529377525,2018-10-12; 2020-02-04; 2022-06-14,17.058823529411764,2.9411764705882355,历史3/5次成功; 当前距低点2.94%; 最新日涨幅-4.62%; 状态bottom_area; 底部未确认
37,74.08204771428967,65.04543280685688,601689,拓普集团,bottom_area,2024-02-02,47.19,2024-01-12,65.88,2024-02-02,45.88,2.855274629468167,9.590235396687007,30.358227079538548,28.36976320582878,False,-4.608853850818684,0.8322593801125466,7,12,7,58.333333333333336,32.29637434790839,55.4418103448276,2015-06-30; 2015-07-09; 2015-08-26; 2018-02-02; 2018-09-18; 2021-05-12; 2021-12-17,17.144725370531834,2.855274629468167,历史7/12次成功; 当前距低点2.86%; 最新日涨幅-4.61%; 状态bottom_area; 底部未确认
38,74.06997710936044,66.25826403092401,003021,兆威机电,bottom_area,2024-02-02,52.52,2024-01-19,74.55,2024-02-02,50.56,3.8765822784810138,11.906645569620245,32.17974513749161,29.550637156270952,False,-2.3065476190476053,1.8094777877094066,2,3,2,66.66666666666666,39.73228472684972,58.60861955808356,2022-10-12; 2022-12-23,16.123417721518987,3.8765822784810138,历史2/3次成功; 当前距低点3.88%; 最新日涨幅-2.31%; 状态bottom_area; 底部未确认
39,73.9969656539489,66.84362428880692,688226,威腾电气,bottom_area,2024-02-02,11.83,2024-01-26,16.9,2024-02-02,11.33,4.41306266548985,14.386584289496918,32.958579881656796,29.999999999999993,False,-7.578125000000002,2.740238953634784,1,1,1,100.0,20.78175895765472,20.78175895765472,2023-08-25,15.58693733451015,4.41306266548985,历史1/1次成功; 当前距低点4.41%; 最新日涨幅-7.58%; 状态bottom_area; 底部未确认
40,73.91995770665262,66.7951425060114,300926,博俊科技,bottom_area,2024-02-02,21.45,2024-01-12,29.45,2024-02-02,20.54,4.4303797468354436,11.148977604673803,30.254668930390494,27.164685908319186,False,-3.811659192825123,1.356033234484225,3,4,3,75.0,24.90004477847425,33.10896087505259,2021-01-08; 2021-01-29; 2022-09-01,15.569620253164556,4.4303797468354436,历史3/4次成功; 当前距低点4.43%; 最新日涨幅-3.81%; 状态bottom_area; 底部未确认
41,73.85205896570248,67.0332806830851,300579,数字认证,bottom_area,2024-02-02,18.58,2024-01-26,24.51,2024-02-02,17.75,4.676056338028159,12.732394366197191,27.58057935536516,24.19420644634844,False,-5.589430894308956,1.3817922947207055,3,4,3,75.0,29.191877063383338,41.75654853620954,2020-02-04; 2022-02-08; 2022-10-11,15.323943661971843,4.676056338028159,历史3/4次成功; 当前距低点4.68%; 最新日涨幅-5.59%; 状态bottom_area; 底部未确认
42,72.9584607634376,66.32152646407651,300457,赢合科技,bottom_area,2024-02-02,13.87,2024-01-26,18.68,2024-02-02,13.24,4.75830815709969,11.706948640483375,29.1220556745182,25.749464668094223,False,-3.9473684210526327,3.3749114343315756,3,4,3,75.0,26.37348958206355,30.438877378037287,2015-07-29; 2015-08-25; 2020-03-24,15.241691842900313,4.75830815709969,历史3/4次成功; 当前距低点4.76%; 最新日涨幅-3.95%; 状态bottom_area; 底部未确认
43,72.9081564698542,65.1154368471705,300304,云意电气,bottom_area,2024-02-02,4.93,2024-01-02,6.92,2024-02-02,4.75,3.7894736842105203,8.842105263157892,31.358381502890172,28.757225433526013,False,-2.7613412228796985,1.5127169106615426,5,8,5,62.5,24.881380898766096,28.9002557544757,2013-12-23; 2015-07-29; 2016-03-01; 2020-09-10; 2022-04-27,16.21052631578948,3.7894736842105203,历史5/8次成功; 当前距低点3.79%; 最新日涨幅-2.76%; 状态bottom_area; 底部未确认
44,72.71397120572222,66.13561903708249,300895,铜牛信息,bottom_area,2024-02-02,22.54,2024-01-26,30.42,2024-02-02,21.51,4.788470478847037,14.737331473733137,29.289940828402365,25.904010519395143,False,-4.491525423728826,2.7381029856573442,3,4,3,75.0,25.743718972331887,28.930627082702227,2020-09-30; 2021-09-29; 2022-10-11,15.211529521152963,4.788470478847037,历史3/4次成功; 当前距低点4.79%; 最新日涨幅-4.49%; 状态bottom_area; 底部未确认
45,72.6991167861342,66.06253908881817,301192,泰祥股份,bottom_area,2024-02-02,15.25,2024-01-26,20.19,2024-02-02,14.56,4.7390109890109855,16.758241758241756,27.885091629519565,24.467558197127296,False,-7.068860450944547,2.7652466092737993,1,1,1,100.0,20.577871740662438,20.577871740662438,2022-08-17,15.260989010989015,4.7390109890109855,历史1/1次成功; 当前距低点4.74%; 最新日涨幅-7.07%; 状态bottom_area; 底部未确认
46,72.47584771633036,66.15720609767506,301248,杰创智能,bottom_area,2024-02-02,11.58,2024-01-26,15.37,2024-02-02,11.03,4.986400725294658,16.13780598368088,28.23682498373455,24.658425504229015,False,-6.688154713940375,3.715969254921926,1,1,1,100.0,24.1193535018649,24.1193535018649,2022-10-11,15.013599274705344,4.986400725294658,历史1/1次成功; 当前距低点4.99%; 最新日涨幅-6.69%; 状态bottom_area; 底部未确认
47,72.38993406593406,60.324945054945054,002951,金时科技,bottom_area,2024-02-02,5.85,2023-12-20,8.58,2024-02-02,5.85,0.0,3.5897435897435894,31.818181818181824,31.818181818181824,False,-5.032467532467544,0.2689439889918817,2,4,2,50.0,42.06959706959707,54.61538461538462,2020-02-04; 2022-10-12,20.0,0.0,历史2/4次成功; 当前距低点0.00%; 最新日涨幅-5.03%; 状态bottom_area; 底部未确认
48,72.18653843634549,64.09557791108085,300270,中威电子,bottom_area,2024-02-02,5.07,2024-01-26,6.94,2024-02-02,4.9,3.4693877551020393,15.91836734693876,29.394812680115272,26.945244956772335,False,-9.139784946236551,3.2159930165735866,6,10,6,60.0,31.10635479953488,48.681055155875306,2012-01-19; 2013-10-29; 2016-03-01; 2021-02-09; 2022-04-27; 2022-10-11,16.530612244897963,3.4693877551020393,历史6/10次成功; 当前距低点3.47%; 最新日涨幅-9.14%; 状态bottom_area; 底部未确认
49,72.13090313805502,65.3378418072964,300333,兆日科技,bottom_area,2024-02-02,5.04,2024-01-26,6.75,2024-02-02,4.82,4.56431535269709,14.730290456431533,28.592592592592585,25.333333333333336,False,-6.145251396648044,3.4105370700988327,7,10,7,70.0,29.54021941637506,43.377885783718106,2016-01-14; 2016-03-01; 2018-06-22; 2019-05-07; 2020-02-04; 2022-04-27; 2022-10-11,15.43568464730291,4.56431535269709,历史7/10次成功; 当前距低点4.56%; 最新日涨幅-6.15%; 状态bottom_area; 底部未确认
50,72.09741832553534,65.71101120842775,301110,青木科技,bottom_area,2024-02-02,29.53,2024-01-24,39.0,2024-02-02,28.15,4.902309058614574,14.4227353463588,27.82051282051282,24.282051282051277,False,-5.2310654685494224,0.7245510278404216,1,1,1,100.0,20.689655172413794,20.689655172413794,2022-03-15,15.097690941385428,4.902309058614574,历史1/1次成功; 当前距低点4.90%; 最新日涨幅-5.23%; 状态bottom_area; 底部未确认
51,72.08402047673533,61.44884131980071,600276,恒瑞医药,bottom_area,2024-02-02,35.95,2023-11-08,49.74,2024-02-02,35.51,1.2390875809631225,6.0827935792734555,28.608765581021316,27.724165661439482,False,-3.256189451022584,0.5650961886282377,3,7,3,42.857142857142854,26.680281897677748,28.595505617977523,2006-09-18; 2007-04-02; 2010-03-18,18.760912419036877,1.2390875809631225,历史3/7次成功; 当前距低点1.24%; 最新日涨幅-3.26%; 状态bottom_area; 底部未确认
52,72.06229712540419,64.96621267967252,002675,东诚药业,bottom_area,2024-02-02,13.33,2024-01-10,18.45,2024-02-02,12.78,4.303599374021915,11.971830985915503,30.73170731707317,27.750677506775062,False,-5.861581920903958,1.4351533291330871,5,8,5,62.5,40.5963400668951,61.02853745541022,2012-12-04; 2015-06-30; 2015-07-07; 2015-08-26; 2022-04-27,15.696400625978086,4.303599374021915,历史5/8次成功; 当前距低点4.30%; 最新日涨幅-5.86%; 状态bottom_area; 底部未确认
53,71.86785994749268,65.19282651583703,002775,文科股份,bottom_area,2024-02-02,2.93,2024-01-26,3.95,2024-02-02,2.8,4.642857142857156,12.142857142857153,29.113924050632917,25.82278481012658,False,-2.980132450331119,3.5230082250774375,3,5,3,60.0,41.174950545974895,64.16346489696123,2015-07-09; 2015-08-25; 2017-01-16,15.357142857142847,4.642857142857156,历史3/5次成功; 当前距低点4.64%; 最新日涨幅-2.98%; 状态bottom_area; 底部未确认
54,71.62958548616652,62.78459779581451,605266,健之佳,bottom_area,2024-02-02,45.77,2024-01-08,63.37,2024-02-02,44.54,2.761562640323314,6.421194431971261,29.714375887643996,27.773394350639098,False,-2.1799529814062746,0.4917728333550182,2,4,2,50.0,26.833121590062774,33.154615273148806,2022-06-14; 2022-12-27,17.238437359676688,2.761562640323314,历史2/4次成功; 当前距低点2.76%; 最新日涨幅-2.18%; 状态bottom_area; 底部未确认
55,71.62550741185527,63.30500366027743,300765,新诺威,bottom_area,2024-02-02,25.99,2024-01-26,34.56,2024-02-02,25.18,3.216838760921361,10.881652104845124,27.14120370370371,24.797453703703713,False,-5.111354508944876,1.676015794166348,2,3,2,66.66666666666666,25.982415959739026,28.947368421052634,2021-05-11; 2023-12-08,16.78316123907864,3.216838760921361,历史2/3次成功; 当前距低点3.22%; 最新日涨幅-5.11%; 状态bottom_area; 底部未确认
56,71.33664339915707,63.04890988269294,002869,金溢科技,bottom_area,2024-02-02,13.8,2024-01-26,18.44,2024-02-02,13.37,3.216155572176526,14.809274495138375,27.494577006507605,25.16268980477224,False,-7.13324360699864,4.45767200146363,2,4,2,50.0,44.04163756588939,63.36238198983298,2020-02-04; 2021-02-08,16.783844427823475,3.216155572176526,历史2/4次成功; 当前距低点3.22%; 最新日涨幅-7.13%; 状态bottom_area; 底部未确认
57,71.25160748871707,62.846795128198906,605055,迎丰股份,bottom_area,2024-02-02,4.98,2024-01-26,6.83,2024-02-02,4.83,3.1055900621118084,13.664596273291929,29.282576866764277,27.086383601756946,False,-6.915887850467273,1.393659090909091,2,3,2,66.66666666666666,22.1552355007912,24.200278164116817,2021-03-09; 2022-02-07,16.894409937888195,3.1055900621118084,历史2/3次成功; 当前距低点3.11%; 最新日涨幅-6.92%; 状态bottom_area; 底部未确认
58,70.89713976797738,60.63571164366485,002072,凯瑞德,bottom_area,2024-02-02,4.29,2024-01-26,5.84,2024-02-02,4.23,1.4184397163120472,14.657210401891232,27.568493150684926,26.541095890410954,False,-8.723404255319156,3.4139631201126943,3,7,3,42.857142857142854,24.507127018428733,26.599326599326584,2008-09-18; 2018-07-24; 2021-12-24,18.581560283687953,1.4184397163120472,历史3/7次成功; 当前距低点1.42%; 最新日涨幅-8.72%; 状态bottom_area; 底部未确认
59,70.84332812816712,63.56829044401834,300354,东华测试,bottom_area,2024-02-02,36.0,2024-01-12,51.33,2024-02-02,34.6,4.04624277456647,9.219653179190743,32.59302552113773,29.865575686732903,False,-3.3816425120772875,2.3874356139108843,5,8,5,62.5,29.925935322741342,39.34343434343434,2015-08-26; 2015-09-02; 2016-02-01; 2021-07-28; 2022-04-27,15.953757225433533,4.04624277456647,历史5/8次成功; 当前距低点4.05%; 最新日涨幅-3.38%; 状态bottom_area; 底部未确认
60,70.69707962330354,62.6119013285025,600267,海正药业,bottom_area,2024-02-02,7.14,2024-01-03,9.84,2024-02-02,6.91,3.328509406657012,8.972503617945009,29.77642276422764,27.439024390243905,False,-3.382949932341006,1.6674714254161993,5,9,5,55.55555555555556,31.032332724685986,57.21649484536082,2005-12-08; 2007-06-05; 2015-06-30; 2017-06-02; 2020-05-26,16.671490593342988,3.328509406657012,历史5/9次成功; 当前距低点3.33%; 最新日涨幅-3.38%; 状态bottom_area; 底部未确认
61,70.58515884306833,63.68585760276842,002855,捷荣技术,bottom_area,2024-02-02,24.0,2024-01-26,31.95,2024-02-02,23.0,4.3478260869565215,10.434782608695645,28.012519561815335,24.88262910798122,False,-3.653151344841432,4.780340946850014,4,6,4,66.66666666666666,25.2270667438851,38.2059800664452,2018-02-07; 2019-05-08; 2022-04-28; 2023-11-28,15.65217391304348,4.3478260869565215,历史4/6次成功; 当前距低点4.35%; 最新日涨幅-3.65%; 状态bottom_area; 底部未确认
62,70.35712716123943,62.796323578608934,300721,怡达股份,bottom_area,2024-02-02,9.95,2024-01-26,13.21,2024-02-02,9.59,3.753910323253383,16.37122002085506,27.40348221044664,24.678274034822113,False,-7.613741875580315,2.979435759211374,5,8,5,62.5,22.192145782939,24.82705611068408,2018-02-07; 2019-11-15; 2020-07-24; 2022-04-27; 2023-10-23,16.246089676746617,3.753910323253383,历史5/8次成功; 当前距低点3.75%; 最新日涨幅-7.61%; 状态bottom_area; 底部未确认
63,70.34109319397795,61.01814860088186,600191,华资实业,bottom_area,2024-02-02,4.66,2024-01-25,6.43,2024-02-02,4.56,2.192982456140363,12.938596491228088,29.082426127527217,27.52721617418351,False,-8.08678500986193,2.577536685838438,9,21,9,42.857142857142854,36.0576345669533,48.84233737596471,2005-07-19; 2007-05-16; 2007-10-26; 2008-04-02; 2008-04-22; 2018-02-07; 2018-10-19; 2020-02-04; 2022-06-13,17.807017543859637,2.192982456140363,历史9/21次成功; 当前距低点2.19%; 最新日涨幅-8.09%; 状态bottom_area; 底部未确认
64,70.05500492142538,63.344097416223775,300846,首都在线,bottom_area,2024-02-02,9.59,2024-01-26,12.65,2024-02-02,9.18,4.466230936819174,14.705882352941174,27.430830039525695,24.189723320158105,False,-5.888125613346418,4.489645176737723,4,6,4,66.66666666666666,24.84106067475709,37.797863599013965,2020-09-11; 2022-01-27; 2022-03-09; 2022-10-11,15.533769063180827,4.466230936819174,历史4/6次成功; 当前距低点4.47%; 最新日涨幅-5.89%; 状态bottom_area; 底部未确认
65,69.75965265750298,62.45639871200328,603168,莎普爱思,bottom_area,2024-02-02,8.74,2024-01-25,11.88,2024-02-02,8.41,3.923900118906065,11.890606420927467,29.20875420875421,26.430976430976433,False,-4.689203925845142,5.082117932233668,4,7,4,57.14285714285714,34.055481476009085,45.833333333333336,2015-06-30; 2015-08-26; 2019-01-31; 2023-12-25,16.076099881093935,3.923900118906065,历史4/7次成功; 当前距低点3.92%; 最新日涨幅-4.69%; 状态bottom_area; 底部未确认
66,69.73727794986586,63.19118012382064,688136,科兴制药,bottom_area,2024-02-02,13.92,2024-01-29,18.34,2024-02-02,13.31,4.58302028549962,14.274981217129978,27.426390403489638,24.10032715376227,False,-6.702412868632712,1.2599300355024166,2,3,2,66.66666666666666,42.117202731683314,60.65012831479899,2021-01-14; 2022-04-27,15.416979714500382,4.58302028549962,历史2/3次成功; 当前距低点4.58%; 最新日涨幅-6.70%; 状态bottom_area; 底部未确认
67,69.7275588845881,62.46625329815305,300641,正丹股份,bottom_area,2024-02-02,3.94,2024-01-26,5.25,2024-02-02,3.79,3.9577836411609475,14.24802110817942,27.809523809523807,24.952380952380953,False,-6.855791962174951,1.4745840755876325,3,6,3,50.0,68.2676703331615,118.80952380952378,2020-02-04; 2021-01-14; 2022-04-27,16.042216358839053,3.9577836411609475,历史3/6次成功; 当前距低点3.96%; 最新日涨幅-6.86%; 状态bottom_area; 底部未确认
68,69.6649385887975,62.17408497709885,688565,力源科技,bottom_area,2024-02-02,5.81,2024-01-26,7.83,2024-02-02,5.6,3.75,15.000000000000014,28.480204342273314,25.79821200510856,False,-5.528455284552858,2.823549054965605,3,5,3,60.0,24.21551062956371,29.944751381215458,2021-11-02; 2022-05-31; 2023-01-16,16.25,3.75,历史3/5次成功; 当前距低点3.75%; 最新日涨幅-5.53%; 状态bottom_area; 底部未确认
69,69.39526049862177,60.96648522170518,002466,天齐锂业,bottom_area,2024-02-02,44.18,2024-01-11,60.98,2024-02-02,42.94,2.887750349324644,9.641360037261297,29.58346999016071,27.55001639881928,False,-5.05050505050505,2.445755335781143,4,8,4,50.0,28.820193646050374,50.224215246636774,2012-12-04; 2015-06-30; 2016-02-29; 2020-02-04,17.112249650675356,2.887750349324644,历史4/8次成功; 当前距低点2.89%; 最新日涨幅-5.05%; 状态bottom_area; 底部未确认
70,69.37959953295231,61.212991717232335,603198,迎驾贡酒,bottom_area,2024-02-02,50.22,2023-12-29,67.51,2024-02-02,48.7,3.121149897330587,6.981519507186855,27.86253888312843,25.6110205895423,False,0.43999999999999595,0.743925,1,2,1,50.0,33.65168539325842,33.65168539325842,2021-05-14,16.878850102669414,3.121149897330587,历史1/2次成功; 当前距低点3.12%; 最新日涨幅0.44%; 状态bottom_area; 底部未确认
71,69.21987969215026,61.21111945241775,688005,容百科技,bottom_area,2024-02-02,26.72,2024-01-19,36.6,2024-02-02,25.88,3.2457496136012365,10.43276661514683,29.289617486338805,26.99453551912569,False,-4.911032028469764,0.8996964181407462,3,7,3,42.857142857142854,55.918525622177015,101.54241645244217,2020-02-03; 2021-12-24; 2022-03-08,16.754250386398763,3.2457496136012365,历史3/7次成功; 当前距低点3.25%; 最新日涨幅-4.91%; 状态bottom_area; 底部未确认
72,69.1088659908809,62.799056071332714,300647,超频三,bottom_area,2024-02-02,4.2,2024-01-26,5.5,2024-02-02,4.01,4.738154613466344,16.209476309226943,27.090909090909093,23.636363636363633,False,-6.25,3.1337670587554975,4,7,4,57.14285714285714,45.878909470239556,87.33286418015481,2018-02-07; 2018-07-09; 2019-05-06; 2022-04-27,15.261845386533658,4.738154613466344,历史4/7次成功; 当前距低点4.74%; 最新日涨幅-6.25%; 状态bottom_area; 底部未确认
73,68.99620617970345,61.70926147375951,300334,津膜科技,bottom_area,2024-02-02,5.64,2024-01-26,7.56,2024-02-02,5.43,3.867403314917127,15.28545119705341,28.174603174603174,25.396825396825395,False,-7.692307692307699,2.750589468676971,4,7,4,57.14285714285714,29.346073135479205,44.22535211267606,2012-12-04; 2015-07-29; 2019-08-06; 2023-10-23,16.132596685082873,3.867403314917127,历史4/7次成功; 当前距低点3.87%; 最新日涨幅-7.69%; 状态bottom_area; 底部未确认
74,68.94077803953347,62.69510589348998,002642,荣联科技,bottom_area,2024-02-02,5.26,2024-01-26,6.94,2024-02-02,5.02,4.780876494023909,14.741035856573712,27.665706051873208,24.207492795389058,False,-5.565529622980259,3.67956838195665,6,10,6,60.0,39.6532489240026,79.60000000000001,2013-05-28; 2016-03-01; 2018-02-07; 2019-02-01; 2021-02-09; 2022-04-27,15.219123505976093,4.780876494023909,历史6/10次成功; 当前距低点4.78%; 最新日涨幅-5.57%; 状态bottom_area; 底部未确认
75,68.8963652147818,62.34092747979321,301178,天亿马,bottom_area,2024-02-02,21.34,2024-01-26,28.39,2024-02-02,20.42,4.505386875612135,16.013712047012728,28.073265234237404,24.832687566044385,False,-8.254514187446272,3.6067774717731997,2,3,2,66.66666666666666,36.594316610334445,46.57308009909167,2022-10-11; 2023-04-27,15.494613124387865,4.505386875612135,历史2/3次成功; 当前距低点4.51%; 最新日涨幅-8.25%; 状态bottom_area; 底部未确认
76,68.60110897666681,62.49579845512257,300418,昆仑万维,bottom_area,2024-02-02,29.89,2024-01-26,39.15,2024-02-01,28.5,4.877192982456142,12.280701754385964,27.203065134099614,23.652618135376752,True,-3.2372936225315674,6.343093563230936,5,8,5,62.5,25.15214223184178,32.568306010928964,2015-02-10; 2015-08-19; 2015-09-02; 2016-03-01; 2023-10-26,15.12280701754386,4.877192982456142,历史5/8次成功; 当前距低点4.88%; 最新日涨幅-3.24%; 状态bottom_area; 底部已确认
77,68.59697963440476,60.38011397160259,603637,镇海股份,bottom_area,2024-02-02,6.54,2024-01-29,8.81,2024-02-02,6.35,2.9921259842519747,13.070866141732285,27.922814982973904,25.76617480136209,False,-7.234042553191489,3.884561283551425,2,4,2,50.0,26.947103310199434,33.858267716535444,2018-06-22; 2018-10-12,17.007874015748026,2.9921259842519747,历史2/4次成功; 当前距低点2.99%; 最新日涨幅-7.23%; 状态bottom_area; 底部未确认
78,68.46387194344474,57.05322661953729,002116,中国海诚,bottom_area,2024-02-02,10.33,2024-01-31,14.5,2024-02-02,10.33,0.0,4.54985479186835,28.758620689655174,28.758620689655174,False,-10.017421602787458,10.46306279102194,4,9,4,44.44444444444444,36.51675004530207,60.989888238424705,2007-06-05; 2018-02-09; 2020-02-04; 2022-12-30,20.0,0.0,历史4/9次成功; 当前距低点0.00%; 最新日涨幅-10.02%; 状态bottom_area; 底部未确认
79,68.33394921519276,60.61138223950011,002012,凯恩股份,bottom_area,2024-02-02,3.94,2024-01-26,5.44,2024-02-02,3.81,3.4120734908136456,13.648293963254593,29.963235294117652,27.573529411764714,False,-6.855791962174951,5.764869441384094,4,8,4,50.0,33.33822472341515,49.07407407407406,2015-07-16; 2016-01-14; 2019-01-31; 2021-10-28,16.587926509186357,3.4120734908136456,历史4/8次成功; 当前距低点3.41%; 最新日涨幅-6.86%; 状态bottom_area; 底部未确认
80,68.24704624344749,61.07987066795868,300141,和顺电气,bottom_area,2024-02-02,6.92,2024-01-29,9.2,2024-02-02,6.66,3.9039039039039007,14.864864864864868,27.608695652173903,24.78260869565217,False,-6.989247311827961,2.456495666814431,6,11,6,54.54545454545454,32.03738380129777,45.07299270072992,2012-12-04; 2015-06-30; 2018-10-19; 2020-02-04; 2021-01-14; 2022-04-27,16.0960960960961,3.9039039039039007,历史6/11次成功; 当前距低点3.90%; 最新日涨幅-6.99%; 状态bottom_area; 底部未确认
81,68.23667185055693,61.5965753674111,300730,科创信息,bottom_area,2024-02-02,8.59,2024-01-26,11.67,2024-02-02,8.23,4.37424058323207,14.094775212636696,29.47729220222793,26.392459297343617,False,-6.017505470459527,4.171741289998107,5,8,5,62.5,23.34593493107647,26.302083333333343,2018-01-22; 2018-06-01; 2019-05-08; 2020-02-04; 2021-07-28,15.62575941676793,4.37424058323207,历史5/8次成功; 当前距低点4.37%; 最新日涨幅-6.02%; 状态bottom_area; 底部未确认
82,67.89334674711016,59.49676152857097,002729,好利科技,bottom_area,2024-02-02,14.2,2024-01-26,19.55,2024-02-02,13.82,2.749638205499269,14.109985528219966,29.309462915601024,27.36572890025576,False,-7.5520833333333375,2.8553338480485793,4,9,4,44.44444444444444,31.26250282794728,37.43330525133389,2015-06-23; 2016-09-27; 2017-10-19; 2018-06-22,17.250361794500733,2.749638205499269,历史4/9次成功; 当前距低点2.75%; 最新日涨幅-7.55%; 状态bottom_area; 底部未确认
83,67.79969213777078,61.49168865239585,300078,思创智联,bottom_area,2024-02-02,2.71,2024-01-26,3.75,2024-02-02,2.59,4.633204633204638,15.444015444015458,30.933333333333334,27.73333333333333,False,-6.228373702422152,2.2742723210329254,5,8,5,62.5,25.95642589302377,31.703356189101395,2015-06-30; 2015-07-03; 2015-08-26; 2018-02-07; 2022-10-11,15.366795366795364,4.633204633204638,历史5/8次成功; 当前距低点4.63%; 最新日涨幅-6.23%; 状态bottom_area; 底部未确认
84,67.71691355594318,60.43036422357043,300242,佳云科技,bottom_area,2024-02-02,2.77,2024-01-26,3.66,2024-02-02,2.67,3.745318352059929,15.3558052434457,27.049180327868854,24.316939890710383,False,-6.418918918918914,5.970500113730066,5,11,5,45.45454545454545,46.29843144131856,73.15436241610739,2015-09-08; 2017-07-18; 2019-01-31; 2020-02-04; 2020-09-10,16.25468164794007,3.745318352059929,历史5/11次成功; 当前距低点3.75%; 最新日涨幅-6.42%; 状态bottom_area; 底部未确认
85,67.69663950619943,59.70883543467149,600626,申达股份,bottom_area,2024-02-02,2.99,2024-01-29,3.99,2024-02-02,2.9,3.103448275862079,11.0344827586207,27.318295739348375,25.062656641604008,False,-5.379746835443033,1.8749007112966904,8,18,8,44.44444444444444,36.73971178777376,58.98617511520739,1993-03-10; 1994-03-10; 1994-10-05; 2005-07-22; 2012-07-17; 2015-05-07; 2018-02-09; 2024-01-23,16.89655172413792,3.103448275862079,历史8/18次成功; 当前距低点3.10%; 最新日涨幅-5.38%; 状态bottom_area; 底部未确认
86,67.64128910688187,60.20194238090413,002718,友邦吊顶,bottom_area,2024-02-02,12.09,2024-01-26,16.23,2024-02-02,11.67,3.598971722365038,14.652956298200523,28.09611829944547,25.508317929759706,False,-6.784888203546657,2.916446739350229,2,4,2,50.0,33.42794574137858,46.07517965726922,2015-07-07; 2019-05-08,16.401028277634964,3.598971722365038,历史2/4次成功; 当前距低点3.60%; 最新日涨幅-6.78%; 状态bottom_area; 底部未确认
87,67.56851339190872,61.16115436336565,300798,锦鸡股份,bottom_area,2024-02-02,6.93,2024-01-26,9.26,2024-02-02,6.63,4.5248868778280515,14.932126696832581,28.401727861771057,25.16198704103672,False,-5.97014925373135,3.427674838041782,3,5,3,60.0,28.26826045598712,30.99999999999999,2020-02-04; 2022-04-27; 2023-12-26,15.47511312217195,4.5248868778280515,历史3/5次成功; 当前距低点4.52%; 最新日涨幅-5.97%; 状态bottom_area; 底部未确认
88,67.56119897056715,59.50986437821976,600843,上工申贝,bottom_area,2024-02-02,4.42,2024-01-30,6.07,2024-02-02,4.29,3.030303030303028,13.98601398601398,29.324546952224058,27.18286655683691,False,-6.553911205074003,4.273407957525499,12,25,12,48.0,27.069652082315365,38.28425096030731,1994-08-10; 1995-08-04; 1997-07-07; 1997-09-23; 1999-12-29; 2002-01-18; 2005-03-30; 2005-08-22; 2008-04-03; 2008-04-22; 2013-06-25; 2015-06-30,16.969696969696972,3.030303030303028,历史12/25次成功; 当前距低点3.03%; 最新日涨幅-6.55%; 状态bottom_area; 底部未确认
89,67.2574099801052,59.57084883952174,002186,全聚德,bottom_area,2024-02-02,9.61,2024-01-25,12.81,2024-02-02,9.3,3.3333333333333193,9.35483870967741,27.400468384074937,24.98048399687745,False,-2.7327935222672184,3.9989035055609663,3,7,3,42.857142857142854,32.039893914479194,48.62227324913891,2007-11-28; 2008-03-18; 2022-04-28,16.666666666666682,3.3333333333333193,历史3/7次成功; 当前距低点3.33%; 最新日涨幅-2.73%; 状态bottom_area; 底部未确认
90,67.23646038545093,59.215573423017695,000586,汇源通信,bottom_area,2024-02-02,8.18,2024-01-26,11.24,2024-02-02,7.94,3.022670025188908,15.61712846347606,29.359430604982208,27.22419928825623,False,-7.256235827664403,3.181024112139756,10,22,10,45.45454545454545,30.909028291755842,56.2753036437247,1996-08-27; 1997-05-23; 2004-07-14; 2007-06-26; 2008-04-22; 2014-01-13; 2016-02-29; 2018-09-12; 2019-05-07; 2022-04-27,16.97732997481109,3.022670025188908,历史10/22次成功; 当前距低点3.02%; 最新日涨幅-7.26%; 状态bottom_area; 底部未确认
91,67.05834738775236,58.99497513985486,600621,华鑫股份,bottom_area,2024-02-02,13.55,2024-01-26,18.7,2024-02-02,13.16,2.9635258358662657,10.030395136778116,29.625668449197857,27.54010695187165,False,-5.443126308443825,9.265601390212062,9,21,9,42.857142857142854,34.62572835592135,51.666666666666686,1993-02-24; 1993-03-10; 1993-03-25; 2001-08-10; 2003-11-10; 2015-06-30; 2018-02-12; 2020-02-04; 2022-04-27,17.036474164133736,2.9635258358662657,历史9/21次成功; 当前距低点2.96%; 最新日涨幅-5.44%; 状态bottom_area; 底部未确认
92,66.85624727469646,57.44913780572738,002129,TCL中环,bottom_area,2024-02-02,11.53,2024-01-26,15.76,2024-02-02,11.34,1.675485008818338,10.934744268077603,28.045685279187815,26.84010152284264,False,-8.492063492063496,5.022828364325251,4,12,4,33.33333333333333,31.160808024192793,40.71618037135278,2008-09-18; 2015-09-16; 2018-02-22; 2022-12-23,18.324514991181662,1.675485008818338,历史4/12次成功; 当前距低点1.68%; 最新日涨幅-8.49%; 状态bottom_area; 底部未确认
93,66.77108360196986,60.80695131631239,002825,纳尔股份,bottom_area,2024-02-02,6.26,2024-01-26,8.42,2024-02-02,5.97,4.857621440536014,13.23283082077052,29.097387173396676,25.653206650831358,False,-5.151515151515151,2.4261661268614754,3,5,3,60.0,30.442624735131762,48.181409968567586,2016-12-26; 2017-02-13; 2022-02-15,15.142378559463987,4.857621440536014,历史3/5次成功; 当前距低点4.86%; 最新日涨幅-5.15%; 状态bottom_area; 底部未确认
94,66.66802369363674,60.192362611026475,300936,中英科技,bottom_area,2024-02-02,28.09,2024-01-25,36.95,2024-02-02,26.91,4.384986993682645,13.452248234856935,27.171853856562926,23.978349120433023,False,-5.76987588057698,4.953269723148867,2,4,2,50.0,43.011467508725275,61.79159049360147,2021-02-01; 2022-04-27,15.615013006317358,4.384986993682645,历史2/4次成功; 当前距低点4.38%; 最新日涨幅-5.77%; 状态bottom_area; 底部未确认
95,66.63658305852263,56.9838379968612,000532,华金资本,bottom_area,2024-02-02,12.22,2024-01-25,17.27,2024-02-02,12.05,1.410788381742738,9.875518672199165,30.225825130283724,29.241459177764906,False,-8.737864077669899,11.909689191610747,8,25,8,32.0,28.30341670556253,32.044198895027606,1996-08-27; 1997-05-26; 2009-02-27; 2013-11-12; 2018-01-17; 2020-02-04; 2021-07-28; 2022-04-27,18.589211618257263,1.410788381742738,历史8/25次成功; 当前距低点1.41%; 最新日涨幅-8.74%; 状态bottom_area; 底部未确认
96,66.58939197915886,59.657731721942675,300030,阳普医疗,bottom_area,2024-02-02,5.25,2024-01-26,7.1,2024-02-02,5.05,3.960396039603964,15.643564356435643,28.87323943661972,26.056338028169012,False,-8.37696335078535,3.8209939365275765,4,8,4,50.0,34.93244458193392,48.36016696481813,2012-12-04; 2015-07-29; 2020-03-24; 2021-10-29,16.039603960396036,3.960396039603964,历史4/8次成功; 当前距低点3.96%; 最新日涨幅-8.38%; 状态bottom_area; 底部未确认
97,66.56561663678922,59.58231325525888,300032,金龙机电,bottom_area,2024-02-02,3.72,2024-01-26,4.91,2024-02-02,3.58,3.9106145251396685,12.011173184357533,27.08757637474542,24.236252545824847,False,-4.370179948586117,2.912261585470301,4,8,4,50.0,33.916743938587715,52.14007782101169,2015-06-30; 2015-09-16; 2019-01-31; 2020-09-10,16.089385474860332,3.9106145251396685,历史4/8次成功; 当前距低点3.91%; 最新日涨幅-4.37%; 状态bottom_area; 底部未确认
98,66.54524409220852,59.62629004885795,603186,华正新材,bottom_area,2024-02-02,20.7,2024-01-25,27.97,2024-02-02,19.91,3.9678553490708146,13.761928679055742,28.81658920271719,25.992134429746155,False,-6.419529837251359,2.955982701588449,2,4,2,50.0,34.85484002548066,36.187845303867384,2017-04-18; 2018-02-12,16.032144650929187,3.9678553490708146,历史2/4次成功; 当前距低点3.97%; 最新日涨幅-6.42%; 状态bottom_area; 底部未确认
99,66.40270760984069,59.385591737176505,603218,日月股份,bottom_area,2024-02-02,9.14,2024-01-02,12.56,2024-02-02,8.8,3.8636363636363615,9.999999999999988,29.936305732484076,27.229299363057326,False,-4.592901878914402,1.4693326779235871,3,6,3,50.0,32.28324003369571,47.95361527967258,2018-02-06; 2020-02-04; 2022-04-27,16.13636363636364,3.8636363636363615,历史3/6次成功; 当前距低点3.86%; 最新日涨幅-4.59%; 状态bottom_area; 底部未确认
100,66.35465021955098,58.07717733901248,002723,小崧股份,bottom_area,2024-02-02,6.89,2024-01-25,9.7,2024-02-02,6.71,2.6825633383010388,16.840536512667658,30.824742268041234,28.96907216494845,False,-7.640750670241292,4.812461567367608,3,7,3,42.857142857142854,26.24727515543154,32.220367278798015,2017-04-25; 2020-02-04; 2022-06-14,17.317436661698963,2.6825633383010388,历史3/7次成功; 当前距低点2.68%; 最新日涨幅-7.64%; 状态bottom_area; 底部未确认
101,66.25900471287001,58.824000883703064,603063,禾望电气,bottom_area,2024-02-02,18.83,2024-01-19,25.4,2024-02-02,18.2,3.4615384615384563,11.263736263736268,28.346456692913385,25.866141732283467,False,-5.85000000000001,1.6744816733881867,3,6,3,50.0,24.334992344143735,28.846153846153843,2018-10-19; 2021-09-01; 2022-04-27,16.538461538461547,3.4615384615384563,历史3/6次成功; 当前距低点3.46%; 最新日涨幅-5.85%; 状态bottom_area; 底部未确认
102,66.04945312097468,58.637963331822405,300417,南华仪器,bottom_area,2024-02-02,8.07,2024-01-26,11.34,2024-02-02,7.8,3.4615384615384674,18.71794871794872,31.216931216931215,28.835978835978832,False,-7.347876004592424,6.038253168322048,5,10,5,50.0,23.334790452312447,25.514403292181065,2015-07-03; 2018-02-09; 2021-04-30; 2021-10-28; 2022-04-27,16.538461538461537,3.4615384615384674,历史5/10次成功; 当前距低点3.46%; 最新日涨幅-7.35%; 状态bottom_area; 底部未确认
103,66.02674223692335,59.849076379666364,603159,上海亚虹,bottom_area,2024-02-02,12.73,2024-01-29,16.8,2024-02-01,12.17,4.601479046836488,14.050944946589983,27.55952380952381,24.226190476190474,True,-3.0464584920030457,2.156428571428571,3,6,3,50.0,34.626067776632055,44.26769061985738,2018-02-07; 2019-12-02; 2022-04-27,15.398520953163514,4.601479046836488,历史3/6次成功; 当前距低点4.60%; 最新日涨幅-3.05%; 状态bottom_area; 底部已确认
104,65.9702993996683,59.699685003606064,002442,龙星科技,bottom_area,2024-02-02,4.17,2024-01-26,5.47,2024-02-02,3.99,4.511278195488715,11.779448621553879,27.056672760511873,23.76599634369287,False,-4.794520547945202,3.7421531742753227,5,9,5,55.55555555555556,29.873711830276534,35.84905660377359,2012-12-04; 2015-06-30; 2015-11-30; 2016-01-14; 2022-04-27,15.488721804511286,4.511278195488715,历史5/9次成功; 当前距低点4.51%; 最新日涨幅-4.79%; 状态bottom_area; 底部未确认
105,65.79917228075769,58.78346723044399,600237,铜峰电子,bottom_area,2024-02-02,4.91,2024-01-26,6.48,2024-02-02,4.73,3.8054968287526365,13.742071881606751,27.00617283950617,24.228395061728396,False,-6.653992395437259,3.2021765380267517,4,10,4,40.0,54.68734708844916,149.81549815498155,2009-08-19; 2013-06-25; 2019-05-06; 2020-02-04,16.194503171247366,3.8054968287526365,历史4/10次成功; 当前距低点3.81%; 最新日涨幅-6.65%; 状态bottom_area; 底部未确认
106,65.78676581523386,59.75631228217077,002975,博杰股份,bottom_area,2024-02-02,23.98,2024-01-25,32.48,2024-02-02,22.9,4.716157205240183,12.882096069869009,29.495073891625612,26.16995073891625,False,-4.652087475149102,1.4086957387282661,2,3,2,66.66666666666666,25.282172276622116,27.427597955706972,2023-10-23; 2024-01-15,15.283842794759817,4.716157205240183,历史2/3次成功; 当前距低点4.72%; 最新日涨幅-4.65%; 状态bottom_area; 底部未确认
107,65.74341290343227,56.82077550060317,002645,华宏科技,bottom_area,2024-02-02,7.68,2024-01-26,10.67,2024-02-02,7.53,1.9920318725099533,14.873837981407704,29.428303655107772,28.022492970946583,False,-8.24372759856631,2.1094846942016026,3,10,3,30.0,38.88499016089175,73.10664605873261,2016-08-01; 2018-10-12; 2019-06-17,18.00796812749005,1.9920318725099533,历史3/10次成功; 当前距低点1.99%; 最新日涨幅-8.24%; 状态bottom_area; 底部未确认
108,65.60019806903658,57.779436435827016,002050,三花智控,bottom_area,2024-02-02,21.1,2023-12-29,29.45,2024-02-02,20.48,3.027343750000005,5.908203125000004,30.458404074702884,28.353140916808144,False,-2.314814814814814,1.1725782887589495,4,11,4,36.36363636363637,32.72706844775037,59.978991596638664,2007-06-05; 2008-09-18; 2014-06-09; 2015-07-03,16.972656249999996,3.027343750000005,历史4/11次成功; 当前距低点3.03%; 最新日涨幅-2.31%; 状态bottom_area; 底部未确认
109,65.53599253535963,58.45043113349938,301166,优宁维,bottom_area,2024-02-02,26.81,2024-01-29,35.86,2024-02-02,25.85,3.7137330754351923,12.147001934235965,27.914110429447845,25.237032905744567,False,-5.631819781766989,1.972864541314789,2,5,2,40.0,47.08463734135277,61.69565217391303,2022-04-27; 2022-10-11,16.286266924564806,3.7137330754351923,历史2/5次成功; 当前距低点3.71%; 最新日涨幅-5.63%; 状态bottom_area; 底部未确认
110,65.52850116961814,58.5516464789382,301068,大地海洋,bottom_area,2024-02-02,20.41,2024-01-26,27.86,2024-02-02,19.66,3.814852492370295,14.292980671414032,29.43287867910983,26.740847092605886,False,-6.204044117647067,0.5970803633085114,2,4,2,50.0,27.20166753517456,31.947194719471934,2022-01-27; 2023-06-19,16.185147507629704,3.814852492370295,历史2/4次成功; 当前距低点3.81%; 最新日涨幅-6.20%; 状态bottom_area; 底部未确认
111,65.49353071949244,58.75071283047433,300281,金明精机,bottom_area,2024-02-02,4.13,2024-01-26,5.49,2024-02-02,3.97,4.030226700251881,13.853904282115852,27.686703096539162,24.772313296903466,False,-6.772009029345371,2.3446244094922473,5,10,5,50.0,30.91198767230437,46.616541353383454,2015-06-30; 2015-07-06; 2015-09-02; 2022-04-27; 2022-10-11,15.96977329974812,4.030226700251881,历史5/10次成功; 当前距低点4.03%; 最新日涨幅-6.77%; 状态bottom_area; 底部未确认
112,65.23669485974041,57.32982948771359,002842,翔鹭钨业,bottom_area,2024-02-02,5.67,2024-01-26,7.69,2024-02-02,5.51,2.9038112522686053,15.970961887477314,28.348504551365416,26.267880364109235,False,-7.352941176470596,3.4628685129981034,3,7,3,42.857142857142854,24.94134715837335,29.70588235294118,2019-05-06; 2020-02-04; 2022-04-27,17.096188747731393,2.9038112522686053,历史3/7次成功; 当前距低点2.90%; 最新日涨幅-7.35%; 状态bottom_area; 底部未确认
113,65.20250830257197,59.167191244654035,002513,蓝丰生化,bottom_area,2024-02-02,4.49,2024-01-26,6.07,2024-02-02,4.29,4.662004662004666,14.452214452214454,29.324546952224058,26.02965403624382,False,-5.672268907563016,2.699129767283615,5,9,5,55.55555555555556,28.858456909332176,47.45011086474503,2011-06-13; 2012-01-05; 2013-06-25; 2018-02-07; 2019-01-31,15.337995337995336,4.662004662004666,历史5/9次成功; 当前距低点4.66%; 最新日涨幅-5.67%; 状态bottom_area; 底部未确认
114,65.1033943538323,57.671530984204125,001239,永达股份,bottom_area,2024-02-02,17.01,2024-01-30,23.49,2024-02-02,16.46,3.341433778857841,12.089914945321983,29.92762877820348,27.58620689655171,False,-6.998359759431372,9.068157894736842,1,2,1,50.0,62.04678362573098,62.04678362573098,2023-12-18,16.65856622114216,3.341433778857841,历史1/2次成功; 当前距低点3.34%; 最新日涨幅-7.00%; 状态bottom_area; 底部未确认
115,64.94353607040158,58.07374012691506,600557,康缘药业,bottom_area,2024-02-02,14.54,2024-01-17,20.4,2024-02-02,14.0,3.8571428571428514,11.142857142857146,31.37254901960784,28.72549019607843,False,-5.338541666666674,2.5356137319304675,5,11,5,45.45454545454545,34.999161414080326,47.400000000000006,2005-07-19; 2015-06-30; 2015-07-09; 2018-02-09; 2022-04-26,16.14285714285715,3.8571428571428514,历史5/11次成功; 当前距低点3.86%; 最新日涨幅-5.34%; 状态bottom_area; 底部未确认
116,64.86,54.05,600689,上海三毛,bottom_area,2024-02-02,9.5,2024-01-29,13.97,2024-02-02,9.5,0.0,7.789473684210528,31.99713672154617,31.99713672154617,False,-9.952606635071092,17.668840539725515,4,13,4,30.76923076923077,65.14346933129481,174.09638554216866,1994-07-29; 1994-08-10; 2008-03-18; 2022-04-28,20.0,0.0,历史4/13次成功; 当前距低点0.00%; 最新日涨幅-9.95%; 状态bottom_area; 底部未确认
117,64.81066576042494,58.950750230549275,300565,科信技术,bottom_area,2024-02-02,10.06,2024-01-26,13.53,2024-02-02,9.6,4.791666666666676,16.35416666666667,29.046563192904657,25.646711012564666,False,-5.539906103286385,3.2729768426342774,4,7,4,57.14285714285714,25.845047322461674,41.92799070847853,2016-12-26; 2020-02-04; 2020-03-30; 2020-04-28,15.208333333333323,4.791666666666676,历史4/7次成功; 当前距低点4.79%; 最新日涨幅-5.54%; 状态bottom_area; 底部未确认
118,64.76279853019423,57.05547178569059,688235,百济神州,bottom_area,2024-02-02,102.01,2024-01-15,137.53,2024-02-02,99.0,3.0404040404040455,8.080808080808081,28.015705664218714,25.82709227077728,False,-4.395501405810687,2.6391656254299583,1,2,1,50.0,42.997811816192545,42.997811816192545,2022-10-12,16.959595959595955,3.0404040404040455,历史1/2次成功; 当前距低点3.04%; 最新日涨幅-4.40%; 状态bottom_area; 底部未确认
119,64.69482583227013,58.746886681930064,300467,迅游科技,bottom_area,2024-02-02,12.03,2024-01-26,16.1,2024-02-02,11.49,4.699738903394248,16.013925152306353,28.63354037267081,25.279503105590074,False,-4.52380952380953,5.633356113049198,2,4,2,50.0,39.098340761661,44.5920303605313,2015-07-16; 2020-02-03,15.300261096605752,4.699738903394248,历史2/4次成功; 当前距低点4.70%; 最新日涨幅-4.52%; 状态bottom_area; 底部未确认
120,64.63662288075464,58.21409011286762,300746,汉嘉数智,bottom_area,2024-02-02,7.36,2024-01-26,9.83,2024-02-02,7.06,4.24929178470256,15.722379603399439,28.17904374364192,25.127161749745675,False,-7.769423558897248,1.9697565616043442,2,4,2,50.0,30.712233236502485,36.90896259703598,2020-02-04; 2022-03-09,15.75070821529744,4.24929178470256,历史2/4次成功; 当前距低点4.25%; 最新日涨幅-7.77%; 状态bottom_area; 底部未确认
121,64.61112567659077,57.08981880078636,600605,汇通能源,bottom_area,2024-02-02,18.05,2024-01-26,25.38,2024-02-02,17.49,3.20182961692397,14.23670668953689,31.08747044917258,28.881008668242703,False,-7.054582904222451,2.6393429289849255,8,23,8,34.78260869565217,44.79891947863001,103.12499999999997,1994-03-10; 1994-08-03; 1996-07-09; 1997-04-29; 2003-11-13; 2008-11-04; 2015-06-30; 2022-04-27,16.79817038307603,3.20182961692397,历史8/23次成功; 当前距低点3.20%; 最新日涨幅-7.05%; 状态bottom_area; 底部未确认
122,64.48527376640597,57.12623959710476,300672,国科微,bottom_area,2024-02-02,43.58,2024-01-25,58.49,2024-02-02,42.17,3.343609200853679,11.92791083708798,27.902205505214567,25.491537014874343,False,-5.955977557186031,2.8994802814298803,2,5,2,40.0,35.42832567231795,37.77477172810281,2021-07-28; 2022-04-28,16.656390799146322,3.343609200853679,历史2/5次成功; 当前距低点3.34%; 最新日涨幅-5.96%; 状态bottom_area; 底部未确认
123,64.4435633225928,56.82659471836722,603628,清源股份,bottom_area,2024-02-02,17.01,2024-01-25,23.99,2024-02-02,16.5,3.0909090909091006,7.878787878787883,31.22134222592747,29.095456440183398,False,-5.761772853185587,15.568966597362637,3,7,3,42.857142857142854,24.52924125920102,31.91489361702129,2018-02-07; 2019-01-31; 2020-02-04,16.909090909090903,3.0909090909091006,历史3/7次成功; 当前距低点3.09%; 最新日涨幅-5.76%; 状态bottom_area; 底部未确认
124,64.41174877156554,57.32095940274577,002460,赣锋锂业,bottom_area,2024-02-02,33.16,2024-01-11,45.62,2024-02-02,32.01,3.5926273039675056,9.653233364573582,29.833406400701445,27.31258220078913,False,-4.272517321016178,2.262078396036015,2,5,2,40.0,39.527686321460635,40.92307692307691,2012-12-04; 2016-01-29,16.407372696032496,3.5926273039675056,历史2/5次成功; 当前距低点3.59%; 最新日涨幅-4.27%; 状态bottom_area; 底部未确认
125,64.38225473635947,57.97403430820651,603887,城地香江,bottom_area,2024-02-02,5.41,2024-01-26,7.4,2024-02-02,5.19,4.238921001926777,13.294797687861262,29.864864864864867,26.891891891891895,False,-2.3465703971119134,3.1124725075400894,2,5,2,40.0,40.746097809675085,61.28277153558054,2020-02-04; 2022-03-16,15.761078998073225,4.238921001926777,历史2/5次成功; 当前距低点4.24%; 最新日涨幅-2.35%; 状态bottom_area; 底部未确认
126,64.35793524463517,57.30893610386036,002377,国创高新,bottom_area,2024-02-02,2.0,2024-01-29,2.78,2024-02-01,1.93,3.6269430051813503,10.362694300518132,30.575539568345324,28.05755395683453,True,3.0927835051546504,10.825669286078432,2,7,2,28.57142857142857,22.763873340796412,24.852071005917157,2016-05-12; 2020-02-04,16.37305699481865,3.6269430051813503,历史2/7次成功; 当前距低点3.63%; 最新日涨幅3.09%; 状态bottom_area; 底部已确认
127,64.32559826698422,58.187266230175716,688023,安恒信息,bottom_area,2024-02-02,60.99,2024-01-25,80.66,2024-02-02,58.37,4.488607161212959,11.272914168237119,27.63451524919415,24.386312918423002,False,-5.675842870399006,2.3698533747884154,2,4,2,50.0,33.50156213839389,39.261744966442954,2023-01-11; 2023-10-30,15.511392838787042,4.488607161212959,历史2/4次成功; 当前距低点4.49%; 最新日涨幅-5.68%; 状态bottom_area; 底部未确认
128,64.32478214779476,57.54672693876959,000695,滨海能源,bottom_area,2024-02-02,7.76,2024-01-26,10.3,2024-02-02,7.47,3.882195448460509,14.190093708165993,27.475728155339812,24.660194174757287,False,-6.393244873341364,1.3616084837074183,10,21,10,47.61904761904761,27.783098767652483,43.43434343434343,1997-05-26; 2007-10-26; 2008-03-18; 2012-12-04; 2013-06-25; 2015-06-30; 2015-07-16; 2020-02-04; 2021-08-20; 2022-04-27,16.117804551539493,3.882195448460509,历史10/21次成功; 当前距低点3.88%; 最新日涨幅-6.39%; 状态bottom_area; 底部未确认
129,64.32054551613912,57.5591956832424,603876,鼎胜新材,bottom_area,2024-02-02,8.53,2024-01-12,11.88,2024-02-02,8.21,3.897685749086462,11.571254567600478,30.89225589225589,28.198653198653208,False,-5.745856353591172,1.6942597577728418,3,6,3,50.0,22.88128597397597,25.35564853556486,2020-02-04; 2021-12-08; 2022-04-26,16.10231425091354,3.897685749086462,历史3/6次成功; 当前距低点3.90%; 最新日涨幅-5.75%; 状态bottom_area; 底部未确认
130,64.27281346474423,55.61482749881197,603955,大千生态,bottom_area,2024-02-02,10.92,2024-01-26,15.86,2024-02-02,10.7,2.0560747663551466,12.336448598130845,32.53467843631778,31.147540983606554,False,-8.158116063919262,3.6253315649867375,1,2,1,50.0,23.186440677966115,23.186440677966115,2018-02-07,17.943925233644855,2.0560747663551466,历史1/2次成功; 当前距低点2.06%; 最新日涨幅-8.16%; 状态bottom_area; 底部未确认
131,64.09626329104134,57.058572089794026,301489,思泉新材,bottom_area,2024-02-02,44.77,2024-01-26,59.89,2024-02-02,43.21,3.61027539921315,12.126822494792876,27.85106027717482,25.24628485556854,False,-5.3087986463620895,1.626885559364015,1,2,1,50.0,71.56118143459918,71.56118143459918,2023-10-26,16.389724600786852,3.61027539921315,历史1/2次成功; 当前距低点3.61%; 最新日涨幅-5.31%; 状态bottom_area; 底部未确认
132,64.05235488370822,57.78496980875079,688079,美迪凯,bottom_area,2024-02-02,7.21,2024-01-25,9.48,2024-02-02,6.91,4.341534008683065,14.47178002894356,27.109704641350213,23.9451476793249,False,-6.967741935483874,1.6221836633006286,2,4,2,50.0,29.53584595993638,30.064655172413808,2021-10-28; 2023-05-05,15.658465991316936,4.341534008683065,历史2/4次成功; 当前距低点4.34%; 最新日涨幅-6.97%; 状态bottom_area; 底部未确认
133,64.04462150404645,57.43332551256759,002245,蔚蓝锂芯,bottom_area,2024-02-02,6.22,2024-01-12,8.59,2024-02-02,5.98,4.013377926421393,12.374581939799318,30.38416763678696,27.590221187427243,False,-3.565891472868221,1.616388961235871,5,10,5,50.0,23.622726800044994,25.653923541247494,2015-06-30; 2019-05-08; 2019-08-06; 2021-01-14; 2022-04-27,15.986622073578607,4.013377926421393,历史5/10次成功; 当前距低点4.01%; 最新日涨幅-3.57%; 状态bottom_area; 底部未确认
134,64.00400829989928,55.22560922206375,002826,易明医药,bottom_area,2024-02-02,8.04,2024-01-26,10.9,2024-02-02,7.89,1.9011406844106398,14.068441064638787,27.614678899082573,26.238532110091757,False,-8.323831242873435,3.6163104640947212,2,6,2,33.33333333333333,21.972455103154193,22.972265829408688,2017-05-24; 2018-02-07,18.098859315589362,1.9011406844106398,历史2/6次成功; 当前距低点1.90%; 最新日涨幅-8.32%; 状态bottom_area; 底部未确认
135,63.82684324038898,56.19181224874355,000042,中洲控股,bottom_area,2024-02-02,4.46,2024-01-29,5.97,2024-02-02,4.33,3.0023094688221685,14.780600461893755,27.470686767169173,25.293132328308204,False,-2.6200873362445476,2.4004075116730212,5,14,5,35.714285714285715,25.2915091118331,29.558745348219045,1996-12-18; 2007-06-05; 2008-03-18; 2022-04-27; 2024-01-23,16.997690531177835,3.0023094688221685,历史5/14次成功; 当前距低点3.00%; 最新日涨幅-2.62%; 状态bottom_area; 底部未确认
136,63.79208530927548,56.87243157224701,300921,南凌科技,bottom_area,2024-02-02,16.29,2024-01-26,21.58,2024-02-02,15.71,3.6919159770846486,15.340547422024189,27.20111214087117,24.513438368860054,False,-7.914075749010752,1.731168230900933,1,2,1,50.0,74.94845360824742,74.94845360824742,2022-01-27,16.308084022915352,3.6919159770846486,历史1/2次成功; 当前距低点3.69%; 最新日涨幅-7.91%; 状态bottom_area; 底部未确认
137,63.66269955773814,57.47806027242519,300411,金盾股份,bottom_area,2024-02-02,5.0,2024-01-26,6.7,2024-02-02,4.79,4.384133611691022,12.317327766179538,28.507462686567166,25.37313432835821,False,-4.214559386973171,3.548673464371695,3,6,3,50.0,28.407983371401706,33.550488599348526,2020-04-28; 2021-02-05; 2022-04-27,15.61586638830898,4.384133611691022,历史3/6次成功; 当前距低点4.38%; 最新日涨幅-4.21%; 状态bottom_area; 底部未确认
138,63.61748250078239,56.33426660410837,002806,华锋股份,bottom_area,2024-02-02,8.4,2024-01-26,11.25,2024-02-02,8.13,3.321033210332098,14.637146371463707,27.733333333333327,25.33333333333333,False,-5.829596412556048,3.7709407067233656,4,10,4,40.0,30.89366840680406,46.32152588555858,2017-11-13; 2020-02-04; 2021-02-04; 2023-04-25,16.678966789667903,3.321033210332098,历史4/10次成功; 当前距低点3.32%; 最新日涨幅-5.83%; 状态bottom_area; 底部未确认
139,63.50470610641486,56.406375683342524,002262,恩华药业,bottom_area,2024-02-02,21.36,2024-01-12,28.76,2024-02-02,20.64,3.48837209302325,8.430232558139528,28.2336578581363,25.730180806675946,False,-1.7027151403589569,1.534425571119783,2,6,2,33.33333333333333,37.56199312958175,45.30580444098167,2015-06-30; 2015-07-08,16.51162790697675,3.48837209302325,历史2/6次成功; 当前距低点3.49%; 最新日涨幅-1.70%; 状态bottom_area; 底部未确认
140,63.50052580834372,56.455634647235655,000045,深纺织A,bottom_area,2024-02-02,8.19,2024-01-26,11.5,2024-02-02,7.91,3.5398230088495493,12.136536030341329,31.217391304347824,28.78260869565218,False,-6.2929061784897105,2.14427409524197,8,18,8,44.44444444444444,24.598494603771602,27.915194346289752,1998-08-18; 2003-05-13; 2008-09-18; 2012-08-01; 2014-06-20; 2015-06-30; 2016-02-29; 2017-04-27,16.46017699115045,3.5398230088495493,历史8/18次成功; 当前距低点3.54%; 最新日涨幅-6.29%; 状态bottom_area; 底部未确认
141,63.39498957274105,52.82915797728421,000889,中嘉博创,bottom_area,2024-02-02,1.7,2024-01-19,2.38,2024-02-02,1.7,0.0,0.0,28.57142857142857,28.57142857142857,False,-5.027932960893855,0.25549372603010645,5,16,5,31.25,42.39466654453878,90.64906490649062,2001-02-23; 2003-11-13; 2014-12-31; 2022-03-08; 2023-05-29,20.0,0.0,历史5/16次成功; 当前距低点0.00%; 最新日涨幅-5.03%; 状态bottom_area; 底部未确认
142,63.3810185614452,57.86962564305866,688288,鸿泉技术,bottom_area,2024-02-02,14.7,2024-01-26,19.94,2024-02-02,14.0,4.999999999999995,15.357142857142847,29.789368104312942,26.278836509528592,False,-7.138344914718897,1.8725886106372194,2,4,2,50.0,38.062503457304594,41.992882562277565,2020-02-03; 2021-10-28,15.000000000000007,4.999999999999995,历史2/4次成功; 当前距低点5.00%; 最新日涨幅-7.14%; 状态bottom_area; 底部未确认
143,63.30573982080763,56.77716817402951,002805,丰元股份,bottom_area,2024-02-02,10.61,2024-01-24,15.17,2024-02-02,10.2,4.019607843137257,13.52941176470589,32.76203032300594,30.059327620303232,False,-4.843049327354265,3.321984207314668,3,7,3,42.857142857142854,35.647556370719805,50.09389671361502,2021-02-08; 2022-04-27; 2022-07-13,15.980392156862743,4.019607843137257,历史3/7次成功; 当前距低点4.02%; 最新日涨幅-4.84%; 状态bottom_area; 底部未确认
144,63.21437119287944,56.30029934365825,600234,科新发展,bottom_area,2024-02-02,5.7,2024-01-26,7.9,2024-02-02,5.5,3.63636363636364,15.999999999999998,30.37974683544304,27.848101265822784,False,-6.25,1.821835232672982,7,18,7,38.88888888888889,36.9837968405652,52.05479452054795,2001-07-31; 2010-07-05; 2012-12-04; 2014-08-29; 2015-07-16; 2015-07-29; 2019-05-24,16.36363636363636,3.63636363636364,历史7/18次成功; 当前距低点3.64%; 最新日涨幅-6.25%; 状态bottom_area; 底部未确认
145,63.14014707810152,54.36992327365731,600650,锦江在线,bottom_area,2024-02-02,7.96,2024-01-29,10.89,2024-02-02,7.82,1.7902813299232694,10.74168797953964,28.191000918273645,26.905417814508723,False,-8.400460299194467,3.6248708910550045,3,17,3,17.647058823529413,67.6778587745075,131.21387283236993,1995-04-27; 1996-09-19; 2022-04-27,18.209718670076732,1.7902813299232694,历史3/17次成功; 当前距低点1.79%; 最新日涨幅-8.40%; 状态bottom_area; 底部未确认
146,63.090011679188926,55.94641170206103,300621,维业股份,bottom_area,2024-02-02,7.91,2024-01-30,10.81,2024-02-02,7.65,3.398692810457513,13.46405228758169,29.23219241443108,26.827012025901947,False,-7.485380116959073,2.7908101511309384,1,2,1,50.0,41.427050053248124,41.427050053248124,2020-03-23,16.60130718954249,3.398692810457513,历史1/2次成功; 当前距低点3.40%; 最新日涨幅-7.49%; 状态bottom_area; 底部未确认
147,63.08345227245392,57.13513667356247,603026,石大胜华,bottom_area,2024-02-02,32.12,2024-01-24,44.21,2024-02-02,30.72,4.5572916666666625,11.979166666666666,30.513458493553497,27.346754128025342,False,-5.723510419724109,1.7349302614817783,5,12,5,41.66666666666667,46.74244627363328,67.24014336917563,2015-07-09; 2020-02-04; 2020-09-28; 2021-01-13; 2022-04-27,15.442708333333337,4.5572916666666625,历史5/12次成功; 当前距低点4.56%; 最新日涨幅-5.72%; 状态bottom_area; 底部未确认
148,62.88619728920964,55.1340199400616,002304,洋河股份,bottom_area,2024-02-02,90.75,2023-11-01,127.68,2024-02-02,88.3,2.774631936579845,5.141562853907142,30.84273182957394,28.92387218045113,False,-0.49342105263158187,0.49167240689549374,2,6,2,33.33333333333333,21.972297968442533,23.46981848881384,2015-08-25; 2021-01-20,17.225368063420156,2.774631936579845,历史2/6次成功; 当前距低点2.77%; 最新日涨幅-0.49%; 状态bottom_area; 底部未确认
149,62.86787526430475,54.198874527186504,600847,万里股份,bottom_area,2024-02-02,7.69,2024-01-26,10.74,2024-02-02,7.55,1.8543046357615969,12.847682119205295,29.70204841713222,28.398510242085656,False,-8.343265792610255,3.34345805437218,4,15,4,26.666666666666668,30.322701236861704,42.275449101796426,1994-10-07; 1999-01-05; 2000-02-25; 2021-01-14,18.145695364238403,1.8543046357615969,历史4/15次成功; 当前距低点1.85%; 最新日涨幅-8.34%; 状态bottom_area; 底部未确认
150,62.85701570449016,56.13696969696969,300636,同和药业,bottom_area,2024-02-02,6.85,2024-01-26,9.2,2024-02-02,6.6,3.787878787878788,12.27272727272728,28.26086956521739,25.543478260869563,False,-4.195804195804209,3.401044856123603,2,6,2,33.33333333333333,78.42120189867751,122.63187748156552,2021-01-13; 2022-04-27,16.212121212121215,3.787878787878788,历史2/6次成功; 当前距低点3.79%; 最新日涨幅-4.20%; 状态bottom_area; 底部未确认
151,62.843391073549036,57.012137621723305,300053,航宇微,bottom_area,2024-02-02,8.33,2024-01-26,10.93,2024-02-02,7.96,4.648241206030153,13.944723618090457,27.17291857273559,23.78774016468435,False,-6.823266219239366,4.310384921304673,6,12,6,50.0,29.14047081436583,42.54901960784314,2012-12-04; 2013-06-13; 2015-06-19; 2015-09-02; 2021-10-29; 2022-04-27,15.35175879396985,4.648241206030153,历史6/12次成功; 当前距低点4.65%; 最新日涨幅-6.82%; 状态bottom_area; 底部未确认
152,62.83906023034034,55.253782231074425,600638,新黄浦,bottom_area,2024-02-02,4.56,2024-01-26,6.25,2024-02-02,4.43,2.934537246049659,9.932279909706555,29.120000000000008,27.04000000000001,False,-1.935483870967758,4.082273650182337,6,21,6,28.57142857142857,34.89377117087062,44.92882562277579,1993-06-01; 2007-06-26; 2007-10-26; 2008-04-22; 2008-11-04; 2020-02-04,17.065462753950342,2.934537246049659,历史6/21次成功; 当前距低点2.93%; 最新日涨幅-1.94%; 状态bottom_area; 底部未确认
153,62.781281532501104,55.86704347826088,300631,久吾高科,bottom_area,2024-02-02,20.2,2024-01-26,28.16,2024-02-02,19.5,3.589743589743586,14.307692307692305,30.75284090909091,28.26704545454546,False,-6.481481481481488,1.9060878570667956,2,5,2,40.0,31.67558528428093,40.30769230769231,2018-02-07; 2021-09-06,16.410256410256416,3.589743589743586,历史2/5次成功; 当前距低点3.59%; 最新日涨幅-6.48%; 状态bottom_area; 底部未确认
154,62.622977711247025,56.853331665517025,301169,零点有数,bottom_area,2024-02-02,34.39,2024-01-26,45.2,2024-02-02,32.85,4.687975646879754,13.729071537290707,27.323008849557525,23.915929203539825,False,-4.179437169127887,3.0103181955000604,2,4,2,50.0,28.773742690337933,36.13845665290568,2022-04-28; 2022-12-30,15.312024353120247,4.687975646879754,历史2/4次成功; 当前距低点4.69%; 最新日涨幅-4.18%; 状态bottom_area; 底部未确认
155,62.61373637134467,55.65417607641786,300329,海伦钢琴,bottom_area,2024-02-02,4.99,2024-01-26,6.81,2024-02-02,4.82,3.526970954356845,15.35269709543567,29.221732745961816,26.725403817914824,False,-7.421150278293121,3.076500349972439,4,10,4,40.0,29.761665872857346,42.65267175572518,2015-06-23; 2015-11-03; 2016-03-01; 2021-08-13,16.473029045643155,3.526970954356845,历史4/10次成功; 当前距低点3.53%; 最新日涨幅-7.42%; 状态bottom_area; 底部未确认
156,62.545083645119554,55.522012812087084,002765,蓝黛科技,bottom_area,2024-02-02,4.19,2024-01-26,5.67,2024-02-02,4.05,3.4567901234568046,15.061728395061738,28.571428571428577,26.10229276895943,False,-6.888888888888878,3.9529910179093104,4,10,4,40.0,28.19082953531505,30.79960513326751,2015-09-07; 2018-06-19; 2020-02-04; 2022-09-01,16.543209876543198,3.4567901234568046,历史4/10次成功; 当前距低点3.46%; 最新日涨幅-6.89%; 状态bottom_area; 底部未确认
157,62.5429015660654,55.14606421083907,000720,新能泰山,bottom_area,2024-02-02,3.34,2024-01-29,4.65,2024-02-02,3.24,3.0864197530864086,11.41975308641974,30.32258064516129,28.172043010752695,False,-7.22222222222223,1.1751475602110075,6,16,6,37.5,27.046243268151,34.09961685823755,1997-05-26; 1997-09-29; 2008-03-18; 2012-08-03; 2016-01-29; 2018-10-19,16.913580246913593,3.0864197530864086,历史6/16次成功; 当前距低点3.09%; 最新日涨幅-7.22%; 状态bottom_area; 底部未确认
158,62.46641686018103,54.7639983826248,603978,深圳新星,bottom_area,2024-02-02,11.12,2024-01-26,15.4,2024-02-02,10.82,2.7726432532347403,13.493530499075776,29.740259740259738,27.7922077922078,False,-7.487520798668889,1.4013168729762728,2,6,2,33.33333333333333,30.173611111111104,38.88888888888889,2020-02-04; 2021-01-14,17.22735674676526,2.7726432532347403,历史2/6次成功; 当前距低点2.77%; 最新日涨幅-7.49%; 状态bottom_area; 底部未确认
159,62.335936592117996,54.91228528524352,688227,品高股份,bottom_area,2024-02-02,12.56,2024-01-29,16.78,2024-02-02,12.19,3.035274815422486,15.422477440525029,27.35399284862933,25.148986889153758,False,-6.338553318419082,1.9624908751187604,1,2,1,50.0,31.412429378531087,31.412429378531087,2022-04-27,16.964725184577514,3.035274815422486,历史1/2次成功; 当前距低点3.04%; 最新日涨幅-6.34%; 状态bottom_area; 底部未确认
160,62.33161621555693,56.693535677710535,002657,中科金财,bottom_area,2024-02-02,12.69,2024-01-26,17.01,2024-02-02,12.11,4.789430222956235,14.533443435177537,28.806584362139926,25.396825396825406,False,-5.227781926811059,4.619052417000112,4,9,4,44.44444444444444,41.1952982523637,56.540447504302946,2012-12-04; 2014-12-10; 2015-09-02; 2022-01-27,15.210569777043768,4.789430222956235,历史4/9次成功; 当前距低点4.79%; 最新日涨幅-5.23%; 状态bottom_area; 底部未确认
161,62.327285371727214,55.860546437317105,000565,渝三峡A,bottom_area,2024-02-02,4.44,2024-01-26,5.89,2024-02-02,4.27,3.9812646370023614,14.051522248243572,27.504244482173178,24.617996604414248,False,-6.329113924050633,2.049875495046829,10,26,10,38.46153846153847,39.77327854668003,57.568807339449535,1994-08-15; 1995-03-20; 1996-05-02; 1996-08-27; 2007-06-26; 2008-04-03; 2009-09-29; 2018-02-09; 2018-07-06; 2022-04-27,16.01873536299764,3.9812646370023614,历史10/26次成功; 当前距低点3.98%; 最新日涨幅-6.33%; 状态bottom_area; 底部未确认
162,62.314607146240604,56.047204336651156,000570,苏常柴A,bottom_area,2024-02-02,4.99,2024-01-30,6.8,2024-02-02,4.79,4.175365344467644,9.81210855949895,29.55882352941176,26.617647058823522,False,-3.6679536679536606,5.776180171587704,7,15,7,46.666666666666664,25.378336856831723,33.754305396096434,1996-12-18; 2000-03-17; 2008-04-03; 2010-07-02; 2015-06-30; 2015-07-16; 2019-05-08,15.824634655532357,4.175365344467644,历史7/15次成功; 当前距低点4.18%; 最新日涨幅-3.67%; 状态bottom_area; 底部未确认
163,62.280531221661825,54.80297037494684,603879,永悦科技,bottom_area,2024-02-02,4.5,2024-01-26,6.03,2024-02-02,4.37,2.9748283752860387,14.874141876430194,27.52902155887231,25.37313432835821,False,-7.407407407407418,2.2103859034120177,3,9,3,33.33333333333333,32.861536221858394,47.3002159827214,2019-05-06; 2022-04-27; 2023-04-27,17.025171624713963,2.9748283752860387,历史3/9次成功; 当前距低点2.97%; 最新日涨幅-7.41%; 状态bottom_area; 底部未确认
164,62.26812257158765,54.178759414733435,300827,上能电气,bottom_area,2024-02-02,21.7,2024-01-12,30.07,2024-02-02,21.2,2.358490566037736,11.79245283018868,29.497838377120054,27.835051546391753,False,-7.8947368421052655,2.3977240914074556,1,3,1,33.33333333333333,38.61712135465661,38.61712135465661,2022-04-27,17.641509433962266,2.358490566037736,历史1/3次成功; 当前距低点2.36%; 最新日涨幅-7.89%; 状态bottom_area; 底部未确认
165,62.2005378669727,52.65892134902899,600630,龙头股份,bottom_area,2024-02-02,12.87,2024-01-29,17.67,2024-02-01,12.76,0.8620689655172369,14.890282131661445,27.78720996038484,27.164685908319196,True,-10.000000000000009,20.419849588887264,6,21,6,28.57142857142857,36.3986713770031,52.17391304347828,1993-03-05; 1994-03-16; 1994-10-14; 1996-08-30; 2001-10-22; 2009-02-27,19.137931034482765,0.8620689655172369,历史6/21次成功; 当前距低点0.86%; 最新日涨幅-10.00%; 状态bottom_area; 底部已确认
166,62.146469996768,56.42778016807518,002596,海南瑞泽,bottom_area,2024-02-02,2.23,2024-01-29,3.08,2024-02-02,2.13,4.694835680751178,15.492957746478877,30.84415584415585,27.5974025974026,False,-3.463203463203468,2.9848797892926884,3,6,3,50.0,26.569922151547686,38.38268792710707,2012-09-27; 2018-02-02; 2020-06-29,15.305164319248824,4.694835680751178,历史3/6次成功; 当前距低点4.69%; 最新日涨幅-3.46%; 状态bottom_area; 底部未确认
167,62.04834072135757,55.71414634146341,688178,万德斯,bottom_area,2024-02-02,12.49,2024-01-26,17.38,2024-02-02,12.0,4.083333333333336,15.333333333333332,30.955120828538547,28.135788262370536,False,-8.832116788321166,2.48465246401705,1,2,1,50.0,48.570679255179634,48.570679255179634,2020-02-03,15.916666666666664,4.083333333333336,历史1/2次成功; 当前距低点4.08%; 最新日涨幅-8.83%; 状态bottom_area; 底部未确认
168,61.958056015007735,55.23303016630678,300466,赛摩智能,bottom_area,2024-02-02,4.78,2024-01-26,6.35,2024-02-02,4.61,3.6876355748373086,13.665943600867674,27.401574803149597,24.72440944881889,False,-6.090373280943018,2.896281530635031,4,11,4,36.36363636363637,37.34566571177631,61.10154905335629,2015-06-30; 2017-11-15; 2019-02-01; 2020-09-11,16.31236442516269,3.6876355748373086,历史4/11次成功; 当前距低点3.69%; 最新日涨幅-6.09%; 状态bottom_area; 底部未确认
169,61.937412871546535,54.33020483138782,300122,智飞生物,bottom_area,2024-02-02,44.38,2023-12-29,61.68,2024-02-02,43.17,2.8028723650683363,7.69052582812138,30.009727626459142,28.047989623865107,False,-2.739425816348895,1.1441444984707603,1,4,1,25.0,36.052439912600136,36.052439912600136,2017-01-19,17.197127634931665,2.8028723650683363,历史1/4次成功; 当前距低点2.80%; 最新日涨幅-2.74%; 状态bottom_area; 底部未确认
170,61.80501661516992,54.42667270090499,002455,百川股份,bottom_area,2024-02-02,4.78,2024-01-26,6.52,2024-02-02,4.64,3.0172413793103576,12.500000000000004,28.834355828220858,26.687116564417167,False,-7.36434108527132,2.011873175924413,3,10,3,30.0,38.58055400931508,57.692307692307686,2012-12-04; 2020-02-04; 2021-01-14,16.98275862068964,3.0172413793103576,历史3/10次成功; 当前距低点3.02%; 最新日涨幅-7.36%; 状态bottom_area; 底部未确认
171,61.53796879219231,56.106740597858085,002795,永和智控,bottom_area,2024-02-02,4.69,2024-01-24,6.31,2024-02-02,4.47,4.921700223713661,15.21252796420583,29.160063391442154,25.67353407290015,False,-5.633802816901401,3.855176246113342,4,8,4,50.0,27.62482316088834,31.302270011947446,2017-06-02; 2022-04-28; 2022-12-29; 2023-04-25,15.078299776286341,4.921700223713661,历史4/8次成功; 当前距低点4.92%; 最新日涨幅-5.63%; 状态bottom_area; 底部未确认
172,61.42908350981675,54.33258288774405,601798,蓝科高新,bottom_area,2024-02-02,5.39,2024-01-25,7.46,2024-02-02,5.22,3.256704980842911,12.260536398467444,30.026809651474533,27.74798927613941,False,-5.604203152364273,2.450214093951006,3,8,3,37.5,24.760055075623036,29.675810473815474,2017-05-11; 2020-09-11; 2021-05-17,16.743295019157088,3.256704980842911,历史3/8次成功; 当前距低点3.26%; 最新日涨幅-5.60%; 状态bottom_area; 底部未确认
173,61.41988512804995,54.298739026247056,002708,光洋股份,bottom_area,2024-02-02,6.71,2024-01-26,9.12,2024-02-02,6.5,3.23076923076923,12.61538461538462,28.728070175438592,26.425438596491226,False,-5.758426966292141,5.161358612152399,4,11,4,36.36363636363637,26.722297945459367,35.522388059701484,2015-06-30; 2015-07-06; 2020-02-04; 2022-09-15,16.76923076923077,3.23076923076923,历史4/11次成功; 当前距低点3.23%; 最新日涨幅-5.76%; 状态bottom_area; 底部未确认
174,61.41113550433918,55.405652193976316,605289,罗曼股份,bottom_area,2024-02-02,31.7,2024-01-26,44.0,2024-02-02,30.38,4.344963791968402,13.166556945358801,30.954545454545457,27.954545454545453,False,-4.604273247065893,2.533089386671941,2,5,2,40.0,38.45252494443158,53.38199513381995,2022-12-28; 2023-08-29,15.6550362080316,4.344963791968402,历史2/5次成功; 当前距低点4.34%; 最新日涨幅-4.60%; 状态bottom_area; 底部未确认
175,61.39650493688476,54.68126220941299,000572,海马汽车,bottom_area,2024-02-02,3.42,2024-01-26,4.59,2024-02-02,3.3,3.63636363636364,13.030303030303036,28.104575163398692,25.49019607843137,False,-6.811989100817439,3.407611113542561,7,19,7,36.84210526315789,32.71399397456698,86.15384615384615,1995-04-27; 1999-01-18; 2000-07-03; 2001-10-22; 2015-06-30; 2018-02-09; 2023-05-26,16.36363636363636,3.63636363636364,历史7/19次成功; 当前距低点3.64%; 最新日涨幅-6.81%; 状态bottom_area; 底部未确认
176,61.34960736035965,55.529670717819016,002549,凯美特气,bottom_area,2024-02-02,6.24,2024-01-26,8.4,2024-02-02,5.97,4.522613065326641,13.400335008375208,28.928571428571438,25.71428571428572,False,-5.740181268882171,1.538622568070554,4,9,4,44.44444444444444,31.66729782608946,36.6,2013-06-25; 2017-07-17; 2018-02-07; 2019-08-15,15.47738693467336,4.522613065326641,历史4/9次成功; 当前距低点4.52%; 最新日涨幅-5.74%; 状态bottom_area; 底部未确认
177,61.34639954284617,54.46981198347108,002841,视源股份,bottom_area,2024-02-02,33.11,2023-12-29,46.1,2024-02-02,32.0,3.4687499999999982,9.65625000000001,30.585683297180044,28.177874186550977,False,-3.384884738838645,0.9312463327251103,1,2,1,50.0,34.347107438016536,34.347107438016536,2018-02-06,16.531250000000004,3.4687499999999982,历史1/2次成功; 当前距低点3.47%; 最新日涨幅-3.38%; 状态bottom_area; 底部未确认
178,61.34594051566932,55.56857300484782,600826,兰生股份,bottom_area,2024-02-02,7.56,2024-01-29,9.96,2024-02-02,7.23,4.564315352697084,13.554633471645925,27.40963855421687,24.096385542168687,False,-5.38172715894869,1.920469930999278,7,18,7,38.88888888888889,44.42467627298357,155.2204176334107,1994-07-29; 1995-02-07; 1996-11-26; 2008-03-20; 2008-04-03; 2008-11-04; 2012-12-04,15.435684647302917,4.564315352697084,历史7/18次成功; 当前距低点4.56%; 最新日涨幅-5.38%; 状态bottom_area; 底部未确认
179,61.3003324482612,54.59214621583563,300615,欣天科技,bottom_area,2024-02-02,10.84,2024-01-29,14.55,2024-02-02,10.46,3.632887189292533,15.583173996175898,28.10996563573883,25.498281786941586,False,-7.191780821917804,2.6264098177229855,2,5,2,40.0,25.350155953885036,28.90625000000001,2019-05-07; 2020-02-04,16.367112810707468,3.632887189292533,历史2/5次成功; 当前距低点3.63%; 最新日涨幅-7.19%; 状态bottom_area; 底部未确认
180,61.236792717091184,54.3759363220893,000702,正虹科技,bottom_area,2024-02-02,4.47,2024-01-26,5.99,2024-02-02,4.32,3.47222222222221,13.888888888888879,27.879799666110184,25.37562604340568,False,-6.874999999999998,4.115557251071881,5,15,5,33.33333333333333,36.66274008291722,65.67901234567903,1998-08-18; 2005-02-02; 2008-04-23; 2020-02-04; 2022-04-28,16.527777777777793,3.47222222222221,历史5/15次成功; 当前距低点3.47%; 最新日涨幅-6.87%; 状态bottom_area; 底部未确认
181,61.1089277629724,53.77157184401777,300357,我武生物,bottom_area,2024-02-02,20.08,2024-01-02,29.1,2024-02-02,19.5,2.9743589743589656,9.230769230769234,32.98969072164949,30.996563573883172,False,-4.380952380952385,0.9882949941734895,2,7,2,28.57142857142857,37.628089200379,50.18502704241388,2015-06-30; 2015-07-09,17.025641025641036,2.9743589743589656,历史2/7次成功; 当前距低点2.97%; 最新日涨幅-4.38%; 状态bottom_area; 底部未确认
182,60.86515442252278,53.612549461936474,688279,峰岹科技,bottom_area,2024-02-02,80.9,2024-01-09,114.33,2024-02-02,78.52,3.0310748853795335,8.787570045848199,31.321612875010935,29.239919531181663,False,-3.6904761904761885,0.9649619236209452,1,2,1,50.0,24.37311935807422,24.37311935807422,2022-04-27,16.96892511462047,3.0310748853795335,历史1/2次成功; 当前距低点3.03%; 最新日涨幅-3.69%; 状态bottom_area; 底部未确认
183,60.76958307192222,53.92378948496391,600539,狮头股份,bottom_area,2024-02-02,5.12,2024-01-26,6.83,2024-02-02,4.95,3.434343434343433,14.54545454545454,27.52562225475842,25.036603221083453,False,-5.7090239410681365,3.6708695652173913,4,12,4,33.33333333333333,33.767522483514014,61.57112526539279,2007-06-26; 2008-04-22; 2016-01-14; 2021-02-05,16.565656565656568,3.434343434343433,历史4/12次成功; 当前距低点3.43%; 最新日涨幅-5.71%; 状态bottom_area; 底部未确认
184,60.74116021703742,53.20136422721955,601113,华鼎股份,bottom_area,2024-02-02,3.02,2024-01-26,4.23,2024-02-02,2.94,2.721088435374152,7.142857142857142,30.49645390070923,28.605200945626486,False,-1.3071895424836666,3.9698331893220113,1,4,1,25.0,28.980891719745212,28.980891719745212,2013-06-25,17.278911564625847,2.721088435374152,历史1/4次成功; 当前距低点2.72%; 最新日涨幅-1.31%; 状态bottom_area; 底部未确认
185,60.64166466003092,52.8233956572799,002192,融捷股份,bottom_area,2024-02-02,36.39,2024-01-26,51.95,2024-02-02,35.53,2.4204897269912733,12.440191387559812,31.607314725697787,29.951876804619832,False,-7.826747720364735,6.72312247104168,4,16,4,25.0,33.47909803666668,49.644128113879006,2008-09-18; 2012-12-04; 2015-08-04; 2022-03-09,17.57951027300873,2.4204897269912733,历史4/16次成功; 当前距低点2.42%; 最新日涨幅-7.83%; 状态bottom_area; 底部未确认
186,60.60961593449058,53.73817691866169,002836,新宏泽,bottom_area,2024-02-02,6.1,2024-01-26,8.19,2024-02-02,5.9,3.3898305084745637,14.406779661016941,27.96092796092795,25.518925518925517,False,-6.870229007633588,2.957378472222222,2,7,2,28.57142857142857,42.54142346074187,59.30851063829788,2020-02-04; 2022-04-27,16.610169491525436,3.3898305084745637,历史2/7次成功; 当前距低点3.39%; 最新日涨幅-6.87%; 状态bottom_area; 底部未确认
187,60.530042728020305,55.171222594989445,688004,博汇科技,bottom_area,2024-02-02,18.82,2024-01-26,25.46,2024-02-02,17.94,4.905239687848377,16.220735785953178,29.53652788688138,26.080125687352712,False,-6.368159203980106,2.2093198021561,2,4,2,50.0,22.393382168192115,22.909631230582185,2020-07-27; 2021-10-28,15.094760312151623,4.905239687848377,历史2/4次成功; 当前距低点4.91%; 最新日涨幅-6.37%; 状态bottom_area; 底部未确认
188,60.48524814215136,54.66043010752688,300508,维宏股份,bottom_area,2024-02-02,18.13,2024-01-26,24.12,2024-02-02,17.36,4.435483870967739,14.170506912442402,28.026533996683256,24.83416252072969,False,-6.110823407560851,3.0278011284717463,3,9,3,33.33333333333333,55.003410251403395,92.9530201342282,2018-02-06; 2018-10-12; 2021-08-18,15.564516129032263,4.435483870967739,历史3/9次成功; 当前距低点4.44%; 最新日涨幅-6.11%; 状态bottom_area; 底部未确认
189,60.44275154785378,53.69806682577567,603798,康普顿,bottom_area,2024-02-02,8.28,2024-01-24,11.31,2024-02-02,8.0,3.499999999999992,12.00000000000001,29.26613616268789,26.790450928381972,False,-1.7793594306049876,4.847735986144939,1,2,1,50.0,20.36595067621321,20.36595067621321,2018-02-07,16.50000000000001,3.499999999999992,历史1/2次成功; 当前距低点3.50%; 最新日涨幅-1.78%; 状态bottom_area; 底部未确认
190,60.336767998038944,54.32515217373708,300490,华自科技,bottom_area,2024-02-02,7.88,2024-01-24,10.96,2024-02-02,7.56,4.232804232804237,12.830687830687829,31.021897810218984,28.102189781021902,False,-6.078665077473189,3.8706926120068137,4,10,4,40.0,31.26852593833726,36.93693693693693,2019-05-08; 2020-02-04; 2021-02-08; 2021-07-28,15.767195767195762,4.232804232804237,历史4/10次成功; 当前距低点4.23%; 最新日涨幅-6.08%; 状态bottom_area; 底部未确认
191,60.32493313371699,53.13493963190552,688776,国光电气,bottom_area,2024-02-02,59.86,2024-01-25,81.7,2024-02-02,58.1,3.029259896729773,17.624784853700522,28.886168910648713,26.731946144430847,False,-10.589992531740112,1.0965701547782305,1,2,1,50.0,21.783076324996763,21.783076324996763,2023-09-25,16.97074010327023,3.029259896729773,历史1/2次成功; 当前距低点3.03%; 最新日涨幅-10.59%; 状态bottom_area; 底部未确认
192,60.30651229239094,54.8937996457563,002068,黑猫股份,bottom_area,2024-02-02,7.16,2024-01-24,9.53,2024-02-02,6.83,4.831625183016106,13.616398243045383,28.331584470094434,24.86883525708289,False,-5.66534914361001,2.905047814378275,8,17,8,47.05882352941176,26.372038605806924,36.779324055665995,2009-03-02; 2010-07-05; 2012-12-04; 2015-06-30; 2019-01-31; 2019-11-12; 2020-02-04; 2023-10-23,15.168374816983896,4.831625183016106,历史8/17次成功; 当前距低点4.83%; 最新日涨幅-5.67%; 状态bottom_area; 底部未确认
193,60.29114757135259,50.24262297612716,600078,澄星股份,bottom_area,2024-02-02,5.95,2024-01-03,8.53,2024-02-02,5.95,0.0,6.386554621848737,30.24618991793669,30.24618991793669,False,-4.9520766773162865,0.915823766088,6,19,6,31.57894736842105,27.77584508953479,33.229813664596264,2008-03-19; 2012-12-04; 2019-01-31; 2019-08-15; 2020-02-04; 2023-10-24,20.0,0.0,历史6/19次成功; 当前距低点0.00%; 最新日涨幅-4.95%; 状态bottom_area; 底部未确认
194,60.246935030829185,53.95247913208583,600816,建元信托,bottom_area,2024-02-02,2.64,2024-01-26,3.76,2024-02-02,2.54,3.9370078740157513,7.480314960629919,32.44680851063829,29.787234042553184,False,-2.583025830258301,1.287104080956083,6,18,6,33.33333333333333,29.868407266174206,58.28092243186583,1998-08-18; 2008-03-20; 2008-09-18; 2015-07-07; 2015-08-04; 2018-10-17,16.06299212598425,3.9370078740157513,历史6/18次成功; 当前距低点3.94%; 最新日涨幅-2.58%; 状态bottom_area; 底部未确认
195,60.14110653892961,52.96559936269816,301016,雷尔伟,bottom_area,2024-02-02,14.32,2024-01-26,19.41,2024-02-02,13.9,3.021582733812949,15.395683453237401,28.387429160226684,26.223596084492527,False,-7.850707850707838,0.6750918936708203,1,2,1,50.0,20.778537611783264,20.778537611783264,2022-10-31,16.97841726618705,3.021582733812949,历史1/2次成功; 当前距低点3.02%; 最新日涨幅-7.85%; 状态bottom_area; 底部未确认
196,60.117574777706295,51.92041881717447,002811,郑中设计,bottom_area,2024-02-02,6.79,2024-01-29,9.74,2024-02-02,6.66,1.9519519519519504,14.114114114114107,31.622176591375773,30.287474332648873,False,-8.243243243243247,2.308280345640246,1,3,1,33.33333333333333,21.492128678987,21.492128678987,2018-02-07,18.048048048048052,1.9519519519519504,历史1/3次成功; 当前距低点1.95%; 最新日涨幅-8.24%; 状态bottom_area; 底部未确认
197,60.09626705632712,54.19953321056678,603679,华体科技,bottom_area,2024-02-02,9.89,2024-01-26,13.57,2024-02-02,9.48,4.324894514767934,13.291139240506325,30.14001473839351,27.11864406779661,False,-4.444444444444439,3.9865787791041813,2,6,2,33.33333333333333,46.16644823066842,63.76146788990826,2017-07-18; 2017-08-11,15.675105485232066,4.324894514767934,历史2/6次成功; 当前距低点4.32%; 最新日涨幅-4.44%; 状态bottom_area; 底部未确认
198,60.0521429725315,53.4535223427838,688651,盛邦安全,bottom_area,2024-02-02,29.6,2024-01-29,39.18,2024-02-02,28.57,3.6051802590129545,15.47077353867694,27.08014293006636,24.451250638080648,False,-6.742281033396336,3.343152298575179,1,3,1,33.33333333333333,94.06392694063929,94.06392694063929,2023-08-25,16.394819740987046,3.6051802590129545,历史1/3次成功; 当前距低点3.61%; 最新日涨幅-6.74%; 状态bottom_area; 底部未确认
199,59.96564484541408,53.54075432626259,300162,雷曼光电,bottom_area,2024-02-02,4.95,2024-01-26,6.62,2024-02-02,4.77,3.7735849056603903,12.788259958071288,27.945619335347438,25.226586102719033,False,-4.990403071017269,3.181214296690322,4,11,4,36.36363636363637,29.300980949585043,35.84142394822006,2012-01-05; 2012-01-19; 2015-09-08; 2022-04-27,16.22641509433961,3.7735849056603903,历史4/11次成功; 当前距低点3.77%; 最新日涨幅-4.99%; 状态bottom_area; 底部未确认
200,59.80294746807205,52.48593042706331,300548,长芯博创,bottom_area,2024-02-02,19.97,2024-01-25,26.97,2024-02-02,19.42,2.8321318228630132,12.564366632337784,27.99406748238783,25.954764553207266,False,-6.111894687353081,4.860514566573968,2,7,2,28.57142857142857,28.97260897260897,31.91919191919192,2018-08-06; 2022-04-27,17.167868177136988,2.8321318228630132,历史2/7次成功; 当前距低点2.83%; 最新日涨幅-6.11%; 状态bottom_area; 底部未确认
201,59.75768121698275,53.63053658074206,603022,新通联,bottom_area,2024-02-02,7.44,2024-01-26,9.84,2024-02-02,7.15,4.055944055944057,14.545454545454534,27.337398373983735,24.390243902439018,False,-6.297229219143574,2.29215,5,13,5,38.46153846153847,28.699403377927464,45.17732847199203,2015-06-10; 2015-07-29; 2015-09-15; 2018-02-09; 2022-04-27,15.944055944055947,4.055944055944057,历史5/13次成功; 当前距低点4.06%; 最新日涨幅-6.30%; 状态bottom_area; 底部未确认
202,59.73255858794565,53.44199090813405,688195,腾景科技,bottom_area,2024-02-02,21.12,2024-01-25,28.8,2024-02-02,20.33,3.8858829316281494,15.100836202656176,29.40972222222223,26.666666666666668,False,-8.213820078226863,2.972499861947098,3,8,3,37.5,27.684430065839933,38.77410468319559,2021-05-07; 2022-04-27; 2022-10-12,16.114117068371854,3.8858829316281494,历史3/8次成功; 当前距低点3.89%; 最新日涨幅-8.21%; 状态bottom_area; 底部未确认
203,59.72251681941878,54.00120008209629,688662,富信科技,bottom_area,2024-02-02,21.52,2024-01-25,29.92,2024-02-02,20.6,4.466019417475719,16.50485436893203,31.14973262032085,28.074866310160434,False,-7.718696397941683,3.071622846781505,3,7,3,42.857142857142854,26.195138615657836,28.351648351648358,2021-04-02; 2022-04-27; 2023-08-28,15.533980582524281,4.466019417475719,历史3/7次成功; 当前距低点4.47%; 最新日涨幅-7.72%; 状态bottom_area; 底部未确认
204,59.66205477231466,53.15801525835164,002968,新大正,bottom_area,2024-02-02,9.35,2024-01-26,12.46,2024-02-02,9.02,3.6585365853658547,13.525498891352559,27.608346709470315,24.959871589085083,False,-5.2684903748733465,1.906516749342965,1,2,1,50.0,29.620853080568722,29.620853080568722,2023-08-25,16.34146341463415,3.6585365853658547,历史1/2次成功; 当前距低点3.66%; 最新日涨幅-5.27%; 状态bottom_area; 底部未确认
205,59.62723599855603,53.937237302808995,300651,金陵体育,bottom_area,2024-02-02,14.2,2024-01-26,19.5,2024-02-02,13.59,4.488594554819716,13.46578366445916,30.307692307692307,27.179487179487182,False,-6.084656084656082,2.4661118876204013,2,5,2,40.0,32.31845638601044,38.91645167692002,2019-04-30; 2021-08-27,15.511405445180285,4.488594554819716,历史2/5次成功; 当前距低点4.49%; 最新日涨幅-6.08%; 状态bottom_area; 底部未确认
206,59.61419713068522,53.57221769176442,002241,歌尔股份,bottom_area,2024-02-02,14.63,2024-01-16,19.25,2024-02-02,14.05,4.128113879003559,10.106761565836297,27.01298701298701,23.999999999999996,False,-3.8132807363576604,2.122574890942856,2,5,2,40.0,25.937189977916862,28.142920158800173,2008-09-18; 2018-02-09,15.871886120996443,4.128113879003559,历史2/5次成功; 当前距低点4.13%; 最新日涨幅-3.81%; 状态bottom_area; 底部未确认
207,59.567738941162276,53.78599075737167,300153,科泰电源,bottom_area,2024-02-02,5.47,2024-01-26,7.2,2024-02-02,5.24,4.389312977099228,14.69465648854961,27.22222222222222,24.027777777777786,False,-6.174957118353353,2.200451685710238,7,17,7,41.17647058823529,27.739283323113316,34.24657534246575,2016-09-29; 2018-02-07; 2019-05-08; 2019-08-06; 2020-02-04; 2021-02-09; 2022-04-27,15.610687022900773,4.389312977099228,历史7/17次成功; 当前距低点4.39%; 最新日涨幅-6.17%; 状态bottom_area; 底部未确认
208,59.46005411931003,53.703879982116256,002709,天赐材料,bottom_area,2024-02-02,17.54,2024-01-19,24.65,2024-02-02,16.8,4.404761904761895,9.821428571428562,31.845841784989855,28.843813387423932,False,-4.2053522665210235,1.8013916605773794,3,7,3,42.857142857142854,23.845744911531167,29.287749287749286,2015-06-30; 2021-03-24; 2023-12-21,15.595238095238106,4.404761904761895,历史3/7次成功; 当前距低点4.40%; 最新日涨幅-4.21%; 状态bottom_area; 底部未确认
209,59.37620751328084,53.693474070771195,600990,四创电子,bottom_area,2024-02-02,12.85,2024-01-26,17.4,2024-02-02,12.3,4.471544715447146,13.170731707317065,29.3103448275862,26.14942528735632,False,-5.514705882352944,2.939117795468819,5,13,5,38.46153846153847,34.1322366773693,50.260869565217405,2005-07-19; 2008-09-18; 2010-07-02; 2015-06-30; 2020-02-04,15.528455284552855,4.471544715447146,历史5/13次成功; 当前距低点4.47%; 最新日涨幅-5.51%; 状态bottom_area; 底部未确认
210,59.33150904892894,53.355673605151935,300535,达威股份,bottom_area,2024-02-02,12.0,2024-01-26,16.17,2024-02-02,11.52,4.1666666666666705,15.017361111111116,28.756957328385912,25.788497217068652,False,-7.120743034055732,5.588398301432705,2,5,2,40.0,25.245557016945884,26.329787234042563,2018-02-06; 2022-04-27,15.83333333333333,4.1666666666666705,历史2/5次成功; 当前距低点4.17%; 最新日涨幅-7.12%; 状态bottom_area; 底部未确认
211,59.25110022841554,52.575534444212614,600246,万通发展,bottom_area,2024-02-02,4.82,2024-01-26,6.46,2024-02-02,4.66,3.433476394849788,13.30472103004292,27.86377708978328,25.386996904024763,False,-6.949806949806936,1.555284891524998,4,15,4,26.666666666666668,40.9526556871154,70.25761124121782,2007-06-05; 2008-04-21; 2015-07-09; 2019-05-09,16.566523605150213,3.433476394849788,历史4/15次成功; 当前距低点3.43%; 最新日涨幅-6.95%; 状态bottom_area; 底部未确认
212,59.184188206808166,53.29811909571912,688021,奥福科技,bottom_area,2024-02-02,13.51,2024-01-26,18.59,2024-02-02,12.96,4.243827160493819,17.97839506172838,30.28509951586874,27.326519634211945,False,-7.655502392344504,2.9318040686983107,2,5,2,40.0,25.881962481962482,26.79999999999999,2019-12-06; 2021-02-10,15.756172839506183,4.243827160493819,历史2/5次成功; 当前距低点4.24%; 最新日涨幅-7.66%; 状态bottom_area; 底部未确认
213,59.162918610077526,53.16519210033841,688680,海优新材,bottom_area,2024-02-02,41.13,2024-01-26,55.3,2024-02-02,39.5,4.126582278481019,11.594936708860756,28.57142857142857,25.623869801084982,False,-5.208573404010131,3.320453956303853,3,9,3,33.33333333333333,38.174550333020434,52.34309623430964,2021-08-04; 2022-07-13; 2022-10-31,15.873417721518981,4.126582278481019,历史3/9次成功; 当前距低点4.13%; 最新日涨幅-5.21%; 状态bottom_area; 底部未确认
214,58.98943994638769,52.390279713273436,002011,盾安环境,bottom_area,2024-02-02,10.4,2024-01-02,13.94,2024-02-02,10.05,3.482587064676613,9.25373134328358,27.905308464849348,25.394548063127687,False,-4.587155963302747,0.9126719031696477,3,9,3,33.33333333333333,26.114219824746144,29.833333333333336,2008-02-01; 2008-09-18; 2019-01-31,16.51741293532339,3.482587064676613,历史3/9次成功; 当前距低点3.48%; 最新日涨幅-4.59%; 状态bottom_area; 底部未确认
215,58.881654818072775,51.13763349805785,603663,三祥新材,bottom_area,2024-02-02,9.06,2024-01-24,13.2,2024-02-02,8.86,2.2573363431151363,13.092550790067722,32.87878787878788,31.363636363636356,False,-7.926829268292678,5.031268583959238,1,3,1,33.33333333333333,21.027027027027028,21.027027027027028,2021-10-13,17.742663656884865,2.2573363431151363,历史1/3次成功; 当前距低点2.26%; 最新日涨幅-7.93%; 状态bottom_area; 底部未确认
216,58.78619601360794,53.310122233191656,002348,高乐股份,bottom_area,2024-02-02,2.94,2024-01-24,4.1,2024-02-02,2.81,4.62633451957295,13.879003558718866,31.463414634146336,28.292682926829265,False,-5.466237942122188,1.9630606312615528,4,10,4,40.0,30.63529536461278,49.73333333333334,2012-12-04; 2015-11-02; 2020-02-17; 2022-04-27,15.373665480427052,4.62633451957295,历史4/10次成功; 当前距低点4.63%; 最新日涨幅-5.47%; 状态bottom_area; 底部未确认
217,58.779459430053905,52.10329106788847,301172,君逸数码,bottom_area,2024-02-02,30.0,2024-01-26,41.39,2024-02-02,29.02,3.376981392143351,14.403859407305319,29.886446001449627,27.5187243295482,False,-7.378820623649274,3.7340746154034017,1,2,1,50.0,20.49897119341563,20.49897119341563,2023-08-02,16.62301860785665,3.376981392143351,历史1/2次成功; 当前距低点3.38%; 最新日涨幅-7.38%; 状态bottom_area; 底部未确认
218,58.703034413482534,52.84576781353321,002885,京泉华,bottom_area,2024-02-02,11.35,2024-01-26,15.5,2024-02-02,10.89,4.224058769513307,12.855831037649207,29.74193548387096,26.7741935483871,False,-5.730897009966773,3.5076486950356935,2,6,2,33.33333333333333,37.65208857360333,50.26099925428783,2020-02-04; 2021-05-10,15.775941230486696,4.224058769513307,历史2/6次成功; 当前距低点4.22%; 最新日涨幅-5.73%; 状态bottom_area; 底部未确认
219,58.670145045534916,51.72141410876385,603267,鸿远电子,bottom_area,2024-02-02,31.5,2024-01-11,45.42,2024-02-02,30.56,3.0759162303664964,12.500000000000014,32.716864817261126,30.647291941875825,False,-7.243816254416968,2.820873574612246,1,3,1,33.33333333333333,34.19983753046304,34.19983753046304,2020-06-12,16.924083769633505,3.0759162303664964,历史1/3次成功; 当前距低点3.08%; 最新日涨幅-7.24%; 状态bottom_area; 底部未确认
220,58.66742416485187,51.65329600809765,300844,山水比德,bottom_area,2024-02-02,24.67,2024-01-26,34.65,2024-02-02,23.95,3.0062630480167116,14.697286012526096,30.88023088023088,28.802308802308797,False,-7.741211667913229,1.4613098175232144,1,3,1,33.33333333333333,32.979797979797965,32.979797979797965,2022-04-28,16.99373695198329,3.0062630480167116,历史1/3次成功; 当前距低点3.01%; 最新日涨幅-7.74%; 状态bottom_area; 底部未确认
221,58.57173052404434,51.782991635230445,301012,扬电科技,bottom_area,2024-02-02,13.73,2024-01-24,19.26,2024-02-02,13.3,3.233082706766915,13.909774436090222,30.944963655244027,28.712357217030117,False,-7.104194857916091,3.5972750680707417,1,5,1,20.0,48.67967853042481,48.67967853042481,2021-07-28,16.766917293233085,3.233082706766915,历史1/5次成功; 当前距低点3.23%; 最新日涨幅-7.10%; 状态bottom_area; 底部未确认
222,58.43244092168089,51.642772792561274,600196,复星医药,bottom_area,2024-02-02,21.51,2023-11-09,29.04,2024-02-02,20.84,3.21497120921306,8.061420345489442,28.23691460055096,25.929752066115697,False,-3.41266277503367,0.7315309085309044,4,14,4,28.57142857142857,29.132373307964166,48.807157057654074,2002-01-21; 2008-03-18; 2015-07-09; 2019-06-05,16.785028790786942,3.21497120921306,历史4/14次成功; 当前距低点3.21%; 最新日涨幅-3.41%; 状态bottom_area; 底部未确认
223,58.360164092268235,52.6757325248395,688028,沃尔德,bottom_area,2024-02-02,15.29,2024-01-26,20.63,2024-02-02,14.65,4.368600682593849,13.242320819112624,28.986912263693643,25.884634028114395,False,-6.4259485924112685,2.8975348540335113,2,5,2,40.0,24.06528000620145,27.40163062743707,2020-02-03; 2022-10-12,15.631399317406153,4.368600682593849,历史2/5次成功; 当前距低点4.37%; 最新日涨幅-6.43%; 状态bottom_area; 底部未确认
224,58.19061764835143,51.90712372388153,000955,欣龙控股,bottom_area,2024-02-02,4.18,2024-01-26,5.73,2024-02-02,4.03,3.7220843672456443,14.392059553349876,29.668411867364746,27.050610820244337,False,-6.067415730337089,4.4570547014290165,6,19,6,31.57894736842105,30.25354995552642,39.47368421052633,2008-04-22; 2008-05-21; 2008-06-18; 2008-09-17; 2009-08-20; 2022-10-31,16.277915632754357,3.7220843672456443,历史6/19次成功; 当前距低点3.72%; 最新日涨幅-6.07%; 状态bottom_area; 底部未确认
225,58.133028506540455,51.98180860222954,688599,天合光能,bottom_area,2024-02-02,22.09,2024-01-19,29.25,2024-02-02,21.27,3.8551951104842517,10.014104372355426,27.282051282051285,24.478632478632477,False,-4.372294372294383,1.0274836645926648,1,2,1,50.0,25.707814269535668,25.707814269535668,2023-06-09,16.144804889515747,3.8551951104842517,历史1/2次成功; 当前距低点3.86%; 最新日涨幅-4.37%; 状态bottom_area; 底部未确认
226,58.10849951982289,52.061152260316604,605208,永茂泰,bottom_area,2024-02-02,6.56,2024-01-26,8.67,2024-02-02,6.31,3.961965134706815,13.62916006339145,27.22029988465975,24.336793540945795,False,-6.419400855920121,2.648390616475723,1,3,1,33.33333333333333,46.887631366208595,46.887631366208595,2022-06-10,16.038034865293184,3.961965134706815,历史1/3次成功; 当前距低点3.96%; 最新日涨幅-6.42%; 状态bottom_area; 底部未确认
227,58.08590550034895,51.659530869809124,002084,海鸥住工,bottom_area,2024-02-02,2.91,2024-01-29,3.86,2024-02-02,2.81,3.5587188612099676,13.167259786476873,27.2020725388601,24.61139896373056,False,-6.430868167202563,2.1009515185127117,5,17,5,29.411764705882355,31.61542310159816,43.81720430107525,2008-08-13; 2014-12-10; 2015-08-04; 2020-02-04; 2023-06-26,16.441281138790035,3.5587188612099676,历史5/17次成功; 当前距低点3.56%; 最新日涨幅-6.43%; 状态bottom_area; 底部未确认
228,58.075902976140284,52.01809903758598,002174,游族网络,bottom_area,2024-02-02,9.48,2024-01-26,12.76,2024-02-02,9.12,3.947368421052645,12.609649122807024,28.526645768025084,25.70532915360501,False,-3.2653061224489854,5.535235983583251,4,12,4,33.33333333333333,29.810568302433783,39.48948948948951,2008-04-22; 2009-03-02; 2011-12-13; 2015-07-06,16.052631578947356,3.947368421052645,历史4/12次成功; 当前距低点3.95%; 最新日涨幅-3.27%; 状态bottom_area; 底部未确认
229,58.03850489175337,52.475825053516836,600860,京城股份,bottom_area,2024-02-02,8.66,2024-01-26,11.82,2024-02-02,8.29,4.46320868516286,13.751507840772023,29.864636209813884,26.73434856175973,False,-4.625550660792954,3.45258828633772,9,24,9,37.5,29.56688632090399,36.49122807017544,1997-07-07; 2007-07-06; 2008-03-18; 2009-08-20; 2013-02-04; 2015-12-15; 2018-02-07; 2018-10-19; 2019-11-18,15.536791314837142,4.46320868516286,历史9/24次成功; 当前距低点4.46%; 最新日涨幅-4.63%; 状态bottom_area; 底部未确认
230,57.93291274196014,51.703567285835405,300157,新锦动力,bottom_area,2024-02-02,2.49,2024-01-26,3.31,2024-02-02,2.4,3.750000000000013,14.999999999999996,27.49244712990937,24.77341389728096,False,-7.777777777777772,2.7817343080775108,3,9,3,33.33333333333333,25.700182540333877,33.766233766233775,2020-02-04; 2021-05-31; 2022-04-27,16.249999999999986,3.750000000000013,历史3/9次成功; 当前距低点3.75%; 最新日涨幅-7.78%; 状态bottom_area; 底部未确认
231,57.80604517655389,51.884638480123435,300410,正业科技,bottom_area,2024-02-02,5.38,2024-01-26,7.38,2024-02-02,5.17,4.061895551257252,15.473887814313342,29.945799457994582,27.10027100271003,False,-6.434782608695655,2.7204568904545887,3,9,3,33.33333333333333,30.496919374498056,39.77474807350324,2015-06-30; 2019-02-11; 2023-08-29,15.938104448742749,4.061895551257252,历史3/9次成功; 当前距低点4.06%; 最新日涨幅-6.43%; 状态bottom_area; 底部未确认
232,57.75146067331089,51.47391341844406,603042,华脉科技,bottom_area,2024-02-02,10.43,2024-01-25,14.25,2024-02-02,10.06,3.6779324055665925,14.910536779324055,29.403508771929822,26.80701754385965,False,-6.708407871198574,4.450905220234298,1,4,1,25.0,41.63763066202091,41.63763066202091,2019-01-31,16.32206759443341,3.6779324055665925,历史1/4次成功; 当前距低点3.68%; 最新日涨幅-6.71%; 状态bottom_area; 底部未确认
233,57.61577587774909,50.8729689191304,688081,兴图新科,bottom_area,2024-02-02,10.11,2024-01-26,13.75,2024-02-02,9.8,3.1632653061224354,15.204081632653043,28.727272727272723,26.472727272727276,False,-7.671232876712331,1.972534937888199,1,3,1,33.33333333333333,30.70903485890442,30.70903485890442,2020-02-04,16.836734693877563,3.1632653061224354,历史1/3次成功; 当前距低点3.16%; 最新日涨幅-7.67%; 状态bottom_area; 底部未确认
234,57.57520010093593,51.15728603475729,301167,建研设计,bottom_area,2024-02-02,12.1,2024-01-26,16.17,2024-02-02,11.69,3.507271171941832,14.200171086398633,27.705627705627716,25.170068027210895,False,-6.563706563706562,2.744656547960239,1,3,1,33.33333333333333,36.454467599200676,36.454467599200676,2021-12-13,16.49272882805817,3.507271171941832,历史1/3次成功; 当前距低点3.51%; 最新日涨幅-6.56%; 状态bottom_area; 底部未确认
235,57.55752621943442,50.87958118845032,300150,世纪瑞尔,bottom_area,2024-02-02,3.2,2024-01-26,4.34,2024-02-02,3.1,3.2258064516129057,15.483870967741934,28.571428571428566,26.267281105990776,False,-7.246376811594201,2.9843213579900145,2,7,2,28.57142857142857,25.162011741086182,28.44036697247706,2015-06-30; 2019-08-15,16.774193548387096,3.2258064516129057,历史2/7次成功; 当前距低点3.23%; 最新日涨幅-7.25%; 状态bottom_area; 底部未确认
236,57.549496141488696,50.75067018328552,300305,裕兴股份,bottom_area,2024-02-02,6.33,2024-01-26,8.62,2024-02-02,6.14,3.094462540716619,13.517915309446257,28.770301624129928,26.566125290023194,False,-6.222222222222218,1.463811135724964,1,4,1,25.0,30.597014925373152,30.597014925373152,2021-01-07,16.90553745928338,3.094462540716619,历史1/4次成功; 当前距低点3.09%; 最新日涨幅-6.22%; 状态bottom_area; 底部未确认
237,57.54527468913547,51.174509669231185,300609,汇纳科技,bottom_area,2024-02-02,17.19,2024-01-26,23.98,2024-02-02,16.6,3.5542168674698784,14.578313253012034,30.775646371976645,28.315262718932438,False,-6.829268292682922,5.245511552633186,2,10,2,20.0,49.34475337130381,49.87035436473638,2020-02-04; 2022-04-27,16.445783132530124,3.5542168674698784,历史2/10次成功; 当前距低点3.55%; 最新日涨幅-6.83%; 状态bottom_area; 底部未确认
238,57.51961591830038,52.45581225957867,300562,乐心医疗,bottom_area,2024-02-02,8.08,2024-01-26,10.68,2024-02-02,7.7,4.935064935064934,17.142857142857135,27.902621722846437,24.34456928838951,False,-7.8677309007981755,5.491035819685875,3,7,3,42.857142857142854,23.63619215106529,27.370129870129855,2017-05-09; 2022-02-18; 2022-04-27,15.064935064935067,4.935064935064934,历史3/7次成功; 当前距低点4.94%; 最新日涨幅-7.87%; 状态bottom_area; 底部未确认
239,57.51380961273058,51.94858587287814,300069,金利华电,bottom_area,2024-02-02,10.66,2024-01-29,14.99,2024-02-02,10.21,4.407443682664047,18.217433888344754,31.887925283522346,28.885923949299535,False,-10.042194092826994,2.384102564102564,3,8,3,37.5,26.04869607178583,28.95,2015-06-30; 2020-04-30; 2021-11-05,15.592556317335953,4.407443682664047,历史3/8次成功; 当前距低点4.41%; 最新日涨幅-10.04%; 状态bottom_area; 底部未确认
240,57.45981673071711,51.32255085789331,002494,华斯股份,bottom_area,2024-02-02,3.83,2024-01-29,5.1,2024-02-02,3.69,3.794037940379407,17.615176151761517,27.64705882352941,24.90196078431372,False,-3.5264483627204024,8.723843471244006,3,10,3,30.0,31.41374925784061,38.285714285714285,2012-12-04; 2022-04-28; 2024-01-24,16.205962059620592,3.794037940379407,历史3/10次成功; 当前距低点3.79%; 最新日涨幅-3.53%; 状态bottom_area; 底部未确认
241,57.388042625228536,50.829409182345266,600651,飞乐音响,bottom_area,2024-02-02,2.79,2024-01-26,3.72,2024-02-02,2.7,3.3333333333333277,13.333333333333327,27.419354838709676,25.000000000000007,False,-6.375838926174493,1.3536067576031106,8,30,8,26.666666666666668,30.33732535311065,45.98540145985401,1992-04-27; 1993-02-24; 1993-07-27; 1993-12-20; 1998-10-08; 2008-02-01; 2012-12-04; 2015-06-30,16.666666666666675,3.3333333333333277,历史8/30次成功; 当前距低点3.33%; 最新日涨幅-6.38%; 状态bottom_area; 底部未确认
242,57.2536088497212,50.57064197636094,603139,康惠股份,bottom_area,2024-02-02,12.97,2024-01-26,17.67,2024-02-02,12.57,3.1821797931583164,14.240254574383446,28.86247877758914,26.59875495189587,False,-7.09169054441261,2.5200240288346016,1,3,1,33.33333333333333,29.315476190476186,29.315476190476186,2022-04-27,16.817820206841684,3.1821797931583164,历史1/3次成功; 当前距低点3.18%; 最新日涨幅-7.09%; 状态bottom_area; 底部未确认
243,57.13481052705656,51.096944655213036,002829,星网宇达,bottom_area,2024-02-02,16.13,2024-01-25,22.71,2024-02-02,15.53,3.8634900193174477,13.972955569864778,31.61602818141788,28.974020255394105,False,-5.395894428152504,5.097345132743363,2,7,2,28.57142857142857,34.14739884393063,46.666666666666664,2019-01-31; 2022-04-27,16.136509980682554,3.8634900193174477,历史2/7次成功; 当前距低点3.86%; 最新日涨幅-5.40%; 状态bottom_area; 底部未确认
244,57.08483141220088,51.05340579710145,300749,顶固集创,bottom_area,2024-02-02,6.45,2024-01-26,8.69,2024-02-02,6.21,3.8647342995169116,15.780998389694048,28.538550057537392,25.776754890678934,False,-6.386066763425246,4.466961078924528,1,2,1,50.0,20.833333333333336,20.833333333333336,2022-04-28,16.13526570048309,3.8647342995169116,历史1/2次成功; 当前距低点3.86%; 最新日涨幅-6.39%; 状态bottom_area; 底部未确认
245,57.03740749436964,51.56910744164712,300134,大富科技,bottom_area,2024-02-02,6.79,2024-01-26,8.97,2024-02-02,6.5,4.461538461538462,13.538461538461538,27.536231884057976,24.30323299888518,False,-5.694444444444446,1.378739805296716,3,9,3,33.33333333333333,33.69936451947035,54.73251028806585,2016-03-01; 2017-09-06; 2020-02-04,15.53846153846154,4.461538461538462,历史3/9次成功; 当前距低点4.46%; 最新日涨幅-5.69%; 状态bottom_area; 底部未确认
246,56.9992364129223,50.96943104286458,301180,万祥科技,bottom_area,2024-02-02,11.31,2024-01-26,15.13,2024-02-02,10.89,3.8567493112947653,15.7943067033976,28.02379378717779,25.247851949768673,False,-8.272506082725062,1.7661966528262112,1,2,1,50.0,20.28397565922921,20.28397565922921,2023-04-25,16.143250688705237,3.8567493112947653,历史1/2次成功; 当前距低点3.86%; 最新日涨幅-8.27%; 状态bottom_area; 底部未确认
247,56.974898846045065,50.223144736518975,300619,金银河,bottom_area,2024-02-02,36.91,2024-01-26,49.67,2024-02-02,35.81,3.0717676626640444,12.985199664898067,27.904167505536538,25.689551036843174,False,-6.792929292929307,0.7377471447414965,2,8,2,25.0,27.482661330069874,27.745405647691623,2019-01-31; 2020-11-02,16.928232337335956,3.0717676626640444,历史2/8次成功; 当前距低点3.07%; 最新日涨幅-6.79%; 状态bottom_area; 底部未确认
248,56.962116144309675,50.941729885154984,301063,海锅股份,bottom_area,2024-02-02,14.52,2024-01-26,19.56,2024-02-02,13.98,3.8626609442060027,14.306151645207438,28.52760736196318,25.76687116564417,False,-6.503541532517709,2.95973075426072,1,2,1,50.0,20.207509881422926,20.207509881422926,2021-09-28,16.137339055793998,3.8626609442060027,历史1/2次成功; 当前距低点3.86%; 最新日涨幅-6.50%; 状态bottom_area; 底部未确认
249,56.93505279235694,50.714908641698855,603938,三孚股份,bottom_area,2024-02-02,12.23,2024-01-19,17.35,2024-02-02,11.8,3.644067796610167,11.864406779661005,31.988472622478387,29.510086455331415,False,-5.120248254460824,0.8319383795327236,2,7,2,28.57142857142857,29.40375001980816,34.084661902144035,2021-01-14; 2022-05-12,16.355932203389834,3.644067796610167,历史2/7次成功; 当前距低点3.64%; 最新日涨幅-5.12%; 状态bottom_area; 底部未确认
250,56.74766753762604,50.95469458406075,600486,扬农化工,bottom_area,2024-02-02,46.9,2023-12-29,63.88,2024-02-02,45.06,4.083444296493556,10.430537061695507,29.461490294301818,26.581089542892926,False,-4.848853722864677,0.9489869137935185,3,9,3,33.33333333333333,25.761366917917904,30.303030303030308,2008-03-18; 2015-06-30; 2015-08-25,15.916555703506447,4.083444296493556,历史3/9次成功; 当前距低点4.08%; 最新日涨幅-4.85%; 状态bottom_area; 底部未确认
251,56.72622389117148,50.122580044323605,688268,华特气体,bottom_area,2024-02-02,41.26,2024-01-29,55.49,2024-02-02,39.98,3.2016008004002035,11.45572786393198,27.950982158947568,25.644260227067946,False,-6.862302483069971,1.2935061851063765,1,5,1,20.0,39.36682725395734,39.36682725395734,2020-02-03,16.798399199599796,3.2016008004002035,历史1/5次成功; 当前距低点3.20%; 最新日涨幅-6.86%; 状态bottom_area; 底部未确认
252,56.717731151131986,51.68785244115792,300901,中胤时尚,bottom_area,2024-02-02,7.07,2024-01-26,9.35,2024-02-02,6.74,4.896142433234423,16.023738872403563,27.914438502673793,24.38502673796791,False,-6.8511198945981455,1.7428333333333335,2,5,2,40.0,25.220737574905407,29.246139872842875,2020-10-30; 2021-10-27,15.103857566765576,4.896142433234423,历史2/5次成功; 当前距低点4.90%; 最新日涨幅-6.85%; 状态bottom_area; 底部未确认
253,56.70183395041709,49.78697615158574,000679,大连友谊,bottom_area,2024-02-02,4.32,2024-01-26,5.83,2024-02-02,4.2,2.8571428571428594,14.285714285714276,27.958833619210978,25.900514579759857,False,-7.494646680942174,2.9124859708193043,4,18,4,22.22222222222222,28.525302743633894,35.63829787234042,2011-12-28; 2016-05-12; 2018-02-07; 2022-10-12,17.142857142857142,2.8571428571428594,历史4/18次成功; 当前距低点2.86%; 最新日涨幅-7.49%; 状态bottom_area; 底部未确认
254,56.500317667167536,50.56755256347808,600641,先导基电,bottom_area,2024-02-02,10.91,2024-01-26,15.22,2024-02-02,10.5,3.904761904761906,13.333333333333336,31.011826544021027,28.318002628120897,False,-6.351931330472105,2.4458594619588565,4,14,4,28.57142857142857,31.8071182368253,47.54878629224178,1993-04-19; 1993-06-01; 2005-07-19; 2014-01-13,16.095238095238095,3.904761904761906,历史4/14次成功; 当前距低点3.90%; 最新日涨幅-6.35%; 状态bottom_area; 底部未确认
255,56.491454082301466,50.82302831431627,300520,科大国创,bottom_area,2024-02-02,13.18,2024-01-26,18.37,2024-02-02,12.65,4.189723320158097,14.545454545454545,31.137724550898206,28.252585737615682,False,-6.392045454545459,3.263775117177797,2,6,2,33.33333333333333,26.35625887603976,29.056603773584914,2017-10-30; 2022-10-11,15.810276679841904,4.189723320158097,历史2/6次成功; 当前距低点4.19%; 最新日涨幅-6.39%; 状态bottom_area; 底部未确认
256,56.41322290298651,50.85521481838262,300390,天华新能,bottom_area,2024-02-02,18.19,2024-01-19,25.75,2024-02-02,17.44,4.3004587155963305,11.410550458715587,32.27184466019417,29.35922330097087,False,-4.414083026799787,2.705351349937972,3,10,3,30.0,35.108928440549775,46.4482885535517,2015-04-24; 2016-01-14; 2022-03-09,15.69954128440367,4.3004587155963305,历史3/10次成功; 当前距低点4.30%; 最新日涨幅-4.41%; 状态bottom_area; 底部未确认
257,56.39037279820972,50.04288985675862,300449,汉邦高科,bottom_area,2024-02-02,4.21,2024-01-26,5.71,2024-02-02,4.07,3.4398034398034314,14.496314496314492,28.72154115586689,26.26970227670753,False,-6.651884700665189,2.503911450943393,3,12,3,25.0,31.024955373712032,44.316996871741395,2015-07-29; 2016-01-14; 2020-02-04,16.56019656019657,3.4398034398034314,历史3/12次成功; 当前距低点3.44%; 最新日涨幅-6.65%; 状态bottom_area; 底部未确认
258,56.34025069495616,51.204346458073836,300074,华平股份,bottom_area,2024-02-02,3.31,2024-01-26,4.33,2024-02-02,3.16,4.746835443037972,15.189873417721516,27.020785219399535,23.556581986143186,False,-6.232294617563728,3.668037996356319,4,11,4,36.36363636363637,28.66981620244599,43.04761904761906,2012-01-19; 2013-06-13; 2017-01-16; 2022-04-27,15.253164556962028,4.746835443037972,历史4/11次成功; 当前距低点4.75%; 最新日涨幅-6.23%; 状态bottom_area; 底部未确认
259,56.34001449589375,50.27292184107011,000593,德龙汇能,bottom_area,2024-02-02,5.27,2024-01-26,6.99,2024-02-02,5.08,3.7401574803149504,12.795275590551189,27.32474964234621,24.606580829756805,False,-5.892857142857144,2.7482180236390956,5,18,5,27.77777777777778,29.92492715991259,45.41910331384016,2001-08-07; 2008-09-18; 2013-06-25; 2015-09-08; 2019-02-01,16.25984251968505,3.7401574803149504,历史5/18次成功; 当前距低点3.74%; 最新日涨幅-5.89%; 状态bottom_area; 底部未确认
260,56.31127324781825,50.686005576860325,002771,真视通,bottom_area,2024-02-02,17.3,2024-01-26,23.66,2024-02-02,16.6,4.216867469879514,11.566265060240951,29.83939137785291,26.88081149619611,False,-4.735682819383258,10.875937589394153,5,15,5,33.33333333333333,25.952312230388618,35.85548738922972,2015-08-25; 2015-09-02; 2016-01-05; 2016-01-29; 2020-09-11,15.783132530120486,4.216867469879514,历史5/15次成功; 当前距低点4.22%; 最新日涨幅-4.74%; 状态bottom_area; 底部未确认
261,56.23666760154904,50.5802738655468,300807,天迈科技,bottom_area,2024-02-02,20.71,2024-01-29,27.9,2024-02-02,19.88,4.175050301810875,15.995975855130784,28.745519713261647,25.770609318996407,False,-8.118899733806561,4.100308047747401,3,11,3,27.27272727272727,38.00257775680917,58.314634754425335,2020-11-02; 2022-04-27; 2023-06-28,15.824949698189128,4.175050301810875,历史3/11次成功; 当前距低点4.18%; 最新日涨幅-8.12%; 状态bottom_area; 底部未确认
262,56.21907233709818,50.413842041419564,002413,雷科防务,bottom_area,2024-02-02,3.63,2024-01-26,4.83,2024-02-02,3.49,4.011461318051566,12.034383954154725,27.74327122153209,24.84472049689441,False,-4.221635883905018,3.086827194869466,2,7,2,28.57142857142857,32.288645872534474,35.68281938325991,2020-02-04; 2022-04-27,15.988538681948436,4.011461318051566,历史2/7次成功; 当前距低点4.01%; 最新日涨幅-4.22%; 状态bottom_area; 底部未确认
263,56.192551469170915,50.53642810957603,300756,金马游乐,bottom_area,2024-02-02,11.24,2024-01-26,14.82,2024-02-02,10.79,4.170528266913819,13.901760889712698,27.192982456140356,24.156545209176787,False,-5.625524769101597,1.8233192729137113,1,4,1,25.0,42.635658914728666,42.635658914728666,2020-09-11,15.829471733086182,4.170528266913819,历史1/4次成功; 当前距低点4.17%; 最新日涨幅-5.63%; 状态bottom_area; 底部未确认
264,56.16025804601244,50.133810374099895,300582,英飞特,bottom_area,2024-02-02,7.72,2024-01-26,10.21,2024-02-02,7.44,3.763440860215045,15.591397849462355,27.13026444662096,24.387855044074445,False,-6.537530266343827,2.770568827447694,1,4,1,25.0,35.48094373865699,35.48094373865699,2022-10-11,16.236559139784955,3.763440860215045,历史1/4次成功; 当前距低点3.76%; 最新日涨幅-6.54%; 状态bottom_area; 底部未确认
265,56.15498577357726,49.807030860042445,300851,交大思诺,bottom_area,2024-02-02,22.44,2024-01-26,29.82,2024-02-02,21.7,3.4101382488479355,14.05529953917051,27.23004694835681,24.74849094567404,False,-7.1192052980132425,3.3101335228951174,1,4,1,25.0,29.39325842696629,29.39325842696629,2023-08-28,16.589861751152064,3.4101382488479355,历史1/4次成功; 当前距低点3.41%; 最新日涨幅-7.12%; 状态bottom_area; 底部未确认
266,56.14586525852725,50.08985144651545,688560,明冠新材,bottom_area,2024-02-02,11.96,2024-01-26,16.49,2024-02-02,11.53,3.7294015611448526,12.92281006071119,30.07883565797453,27.471194663432367,False,-6.196078431372543,3.1208350098387867,2,7,2,28.57142857142857,27.089254256129024,30.203498750446258,2021-08-20; 2023-04-26,16.27059843885515,3.7294015611448526,历史2/7次成功; 当前距低点3.73%; 最新日涨幅-6.20%; 状态bottom_area; 底部未确认
267,56.09454438326233,50.53286294855401,688058,宝兰德,bottom_area,2024-02-02,31.31,2024-01-29,41.44,2024-02-02,30.03,4.262404262404254,13.78621378621379,27.53378378378378,24.444980694980696,False,-7.064410804392995,1.3105826518874932,2,6,2,33.33333333333333,25.687157707002008,27.0987328405491,2020-12-23; 2022-06-02,15.737595737595747,4.262404262404254,历史2/6次成功; 当前距低点4.26%; 最新日涨幅-7.06%; 状态bottom_area; 底部未确认
268,56.076535990266656,50.534087665647284,002613,北玻股份,bottom_area,2024-02-02,3.41,2024-01-26,4.48,2024-02-02,3.27,4.281345565749239,12.538226299694195,27.008928571428577,23.883928571428577,False,-5.277777777777781,2.824181192733274,2,9,2,22.22222222222222,132.46296296296293,237.33333333333331,2015-08-26; 2020-02-04,15.718654434250762,4.281345565749239,历史2/9次成功; 当前距低点4.28%; 最新日涨幅-5.28%; 状态bottom_area; 底部未确认
269,56.0554798809215,50.368878525087844,002725,跃岭股份,bottom_area,2024-02-02,7.83,2024-01-26,10.31,2024-02-02,7.52,4.122340425531921,13.297872340425531,27.061105722599425,24.05431619786615,False,-5.5488540410132625,3.59340607675708,2,6,2,33.33333333333333,23.0886094729424,25.818181818181827,2014-03-28; 2019-05-08,15.877659574468082,4.122340425531921,历史2/6次成功; 当前距低点4.12%; 最新日涨幅-5.55%; 状态bottom_area; 底部未确认
270,55.93556114997597,51.00074086107222,301163,宏德股份,bottom_area,2024-02-02,17.9,2024-01-26,23.75,2024-02-02,17.06,4.9237983587338805,14.302461899179375,28.168421052631587,24.631578947368425,False,-5.987394957983194,2.309339662733187,1,2,1,50.0,33.53226408056695,33.53226408056695,2022-04-21,15.07620164126612,4.9237983587338805,历史1/2次成功; 当前距低点4.92%; 最新日涨幅-5.99%; 状态bottom_area; 底部未确认
271,55.88733519360753,50.10588672530329,002922,伊戈尔,bottom_area,2024-02-02,11.7,2024-01-16,16.78,2024-02-02,11.25,3.999999999999994,10.84444444444445,32.95589988081049,30.27413587604292,False,-6.400000000000006,2.9112732095490714,2,8,2,25.0,38.230573791953134,52.203721841332005,2018-06-22; 2022-04-27,16.000000000000007,3.999999999999994,历史2/8次成功; 当前距低点4.00%; 最新日涨幅-6.40%; 状态bottom_area; 底部未确认
272,55.873629314950534,50.12121830381096,002735,王子新材,bottom_area,2024-02-02,8.26,2024-01-24,11.65,2024-02-02,7.94,4.030226700251881,12.468513853904273,31.84549356223176,29.09871244635194,False,-5.600000000000005,2.6717949856375824,3,9,3,33.33333333333333,20.62796691963402,21.043478260869563,2015-06-30; 2015-08-26; 2021-05-21,15.96977329974812,4.030226700251881,历史3/9次成功; 当前距低点4.03%; 最新日涨幅-5.60%; 状态bottom_area; 底部未确认
273,55.85430796834357,49.387934251259985,605303,园林股份,bottom_area,2024-02-02,8.6,2024-01-26,11.96,2024-02-02,8.33,3.241296518607438,15.006002400960384,30.351170568561876,28.093645484949842,False,-7.127429805615549,2.6495713388461186,1,3,1,33.33333333333333,23.681489141675293,23.681489141675293,2024-01-23,16.758703481392562,3.241296518607438,历史1/3次成功; 当前距低点3.24%; 最新日涨幅-7.13%; 状态bottom_area; 底部未确认
274,55.7870443032875,50.215513517747,002583,海能达,bottom_area,2024-02-02,4.2,2024-01-25,5.85,2024-02-02,4.03,4.21836228287841,10.421836228287837,31.1111111111111,28.2051282051282,False,-4.977375565610853,3.079399333496885,1,3,1,33.33333333333333,40.1077752117013,40.1077752117013,2015-08-25,15.78163771712159,4.21836228287841,历史1/3次成功; 当前距低点4.22%; 最新日涨幅-4.98%; 状态bottom_area; 底部未确认
275,55.77469617531895,50.29782220219143,603098,森特股份,bottom_area,2024-02-02,9.9,2024-01-26,13.41,2024-02-02,9.49,4.320337197049527,11.696522655426758,29.231916480238628,26.174496644295296,False,-4.532304725168745,1.639105419450631,2,7,2,28.57142857142857,35.45110374827221,37.11734693877551,2018-10-19; 2022-04-27,15.679662802950473,4.320337197049527,历史2/7次成功; 当前距低点4.32%; 最新日涨幅-4.53%; 状态bottom_area; 底部未确认
276,55.648933679592446,50.65052646286259,300640,德艺文创,bottom_area,2024-02-02,4.56,2024-01-26,5.96,2024-02-02,4.35,4.827586206896551,14.712643678160934,27.013422818791955,23.489932885906047,False,-5.97938144329897,4.5647297899181005,1,2,1,50.0,30.47001620745544,30.47001620745544,2020-02-04,15.17241379310345,4.827586206896551,历史1/2次成功; 当前距低点4.83%; 最新日涨幅-5.98%; 状态bottom_area; 底部未确认
277,55.56950798722045,46.307923322683706,000668,荣丰控股,bottom_area,2024-02-02,7.63,2024-01-26,11.22,2024-02-02,7.63,0.0,14.4167758846658,31.99643493761141,31.99643493761141,False,-10.023584905660387,4.22808463955076,3,15,3,20.0,31.709265175718855,43.902439024390226,1996-12-25; 2004-07-01; 2007-06-06,20.0,0.0,历史3/15次成功; 当前距低点0.00%; 最新日涨幅-10.02%; 状态bottom_area; 底部未确认
278,55.56669219318987,50.252202261879944,688630,芯碁微装,bottom_area,2024-02-02,52.29,2024-01-25,68.99,2024-02-02,50.05,4.475524475524479,13.42657342657344,27.453254094796346,24.206406725612403,False,-6.558255897069342,1.3711024437801291,1,2,1,50.0,24.012892828364237,24.012892828364237,2022-04-27,15.524475524475523,4.475524475524479,历史1/2次成功; 当前距低点4.48%; 最新日涨幅-6.56%; 状态bottom_area; 底部未确认
279,55.54142262062313,49.358509536440565,300564,筑博设计,bottom_area,2024-02-02,9.42,2024-01-29,12.66,2024-02-02,9.1,3.51648351648352,14.395604395604403,28.120063191153243,25.59241706161138,False,-6.732673267326728,3.5130667950440135,1,3,1,33.33333333333333,26.89655172413793,26.89655172413793,2020-02-04,16.483516483516482,3.51648351648352,历史1/3次成功; 当前距低点3.52%; 最新日涨幅-6.73%; 状态bottom_area; 底部未确认
280,55.50921783802593,49.231582740622066,600278,东方创业,bottom_area,2024-02-02,6.07,2024-01-26,8.1,2024-02-02,5.87,3.4071550255536653,11.584327086882448,27.530864197530857,25.06172839506172,False,-5.451713395638624,1.9835014111674474,2,11,2,18.181818181818183,41.035610062428425,54.2056074766355,2012-12-04; 2013-10-08,16.592844974446336,3.4071550255536653,历史2/11次成功; 当前距低点3.41%; 最新日涨幅-5.45%; 状态bottom_area; 底部未确认
281,55.410063153386886,49.91805615697527,300126,锐奇股份,bottom_area,2024-02-02,4.89,2024-01-26,6.46,2024-02-02,4.69,4.2643923240938015,14.712153518123655,27.399380804953555,24.303405572755423,False,-6.142034548944341,3.7534738518852993,3,10,3,30.0,29.628336859726538,34.06593406593407,2015-06-09; 2020-02-04; 2021-02-09,15.735607675906198,4.2643923240938015,历史3/10次成功; 当前距低点4.26%; 最新日涨幅-6.14%; 状态bottom_area; 底部未确认
282,55.377974509854376,50.00729326851627,300340,科恒股份,bottom_area,2024-02-02,7.84,2024-01-26,10.53,2024-02-02,7.51,4.394141145139815,14.38082556591212,28.679962013295345,25.54605887939221,False,-6.10778443113772,2.664783604906712,3,10,3,30.0,31.69857569588738,42.54473161033797,2015-06-30; 2020-02-04; 2021-01-14,15.605858854860186,4.394141145139815,历史3/10次成功; 当前距低点4.39%; 最新日涨幅-6.11%; 状态bottom_area; 底部未确认
283,55.29799336370813,48.26508148952081,002848,高斯贝尔,bottom_area,2024-02-02,7.7,2024-01-26,10.61,2024-02-02,7.51,2.529960053262322,14.913448735019989,29.217719132893492,27.42695570216776,False,-5.405405405405405,5.494740033348492,1,5,1,20.0,21.14726027397261,21.14726027397261,2018-06-21,17.47003994673768,2.529960053262322,历史1/5次成功; 当前距低点2.53%; 最新日涨幅-5.41%; 状态bottom_area; 底部未确认
284,55.163084547127674,49.66694541034804,002335,科华数据,bottom_area,2024-02-02,19.7,2024-01-11,27.28,2024-02-02,18.9,4.232804232804237,10.899470899470911,30.71847507331379,27.785923753665692,False,-4.78492025132915,1.522521127100809,2,7,2,28.57142857142857,30.986308316430023,39.558823529411775,2012-12-04; 2018-02-07,15.767195767195762,4.232804232804237,历史2/7次成功; 当前距低点4.23%; 最新日涨幅-4.78%; 状态bottom_area; 底部未确认
285,55.152832512226475,49.798854993926945,688171,纬德信息,bottom_area,2024-02-02,14.51,2024-01-26,19.58,2024-02-02,13.9,4.388489208633089,14.67625899280575,29.009193054136865,25.89376915219611,False,-6.927517639512503,2.124898873868728,1,2,1,50.0,20.508658008658003,20.508658008658003,2022-10-10,15.61151079136691,4.388489208633089,历史1/2次成功; 当前距低点4.39%; 最新日涨幅-6.93%; 状态bottom_area; 底部未确认
286,55.13631052762899,48.74560551932969,301151,冠龙节能,bottom_area,2024-02-02,14.05,2024-01-26,19.16,2024-02-02,13.61,3.232916972814117,12.490815576781786,28.96659707724426,26.670146137787054,False,-6.082887700534756,1.7771454132615863,1,3,1,33.33333333333333,20.125391849529787,20.125391849529787,2024-01-23,16.767083027185883,3.232916972814117,历史1/3次成功; 当前距低点3.23%; 最新日涨幅-6.08%; 状态bottom_area; 底部未确认
287,55.10383915582294,50.05127017597347,300648,星云股份,bottom_area,2024-02-02,16.88,2024-01-26,22.16,2024-02-02,16.12,4.7146401985111535,14.950372208436724,27.25631768953068,23.826714801444048,False,-7.405375754251242,2.4869824324311396,3,9,3,33.33333333333333,28.641486533578338,37.63644992880873,2018-06-20; 2021-01-11; 2022-02-14,15.285359801488848,4.7146401985111535,历史3/9次成功; 当前距低点4.71%; 最新日涨幅-7.41%; 状态bottom_area; 底部未确认
288,55.101392189870786,48.81537939115671,001209,洪兴股份,bottom_area,2024-02-02,13.59,2024-01-26,19.45,2024-02-02,13.15,3.3460076045627343,13.992395437262356,32.390745501285345,30.128534704370182,False,-5.16399162595953,3.7696187035744706,1,3,1,33.33333333333333,21.88679245283018,21.88679245283018,2023-01-03,16.653992395437268,3.3460076045627343,历史1/3次成功; 当前距低点3.35%; 最新日涨幅-5.16%; 状态bottom_area; 底部未确认
289,55.06790961065779,50.114101842335025,000757,浩物股份,bottom_area,2024-02-02,3.48,2024-01-26,4.55,2024-02-02,3.32,4.81927710843374,12.95180722891567,27.032967032967033,23.516483516483515,False,-5.691056910569103,3.1638428419453026,6,18,6,33.33333333333333,30.26193718403551,52.941176470588246,1998-08-18; 2014-12-23; 2015-06-30; 2015-07-16; 2018-06-22; 2022-05-06,15.180722891566262,4.81927710843374,历史6/18次成功; 当前距低点4.82%; 最新日涨幅-5.69%; 状态bottom_area; 底部未确认
290,55.03682024296926,48.66370713307309,300260,新莱应材,bottom_area,2024-02-02,19.12,2024-01-19,26.45,2024-02-02,18.52,3.239740820734349,11.71706263498921,29.98109640831758,27.712665406427217,False,-6.1825318940137315,3.784214233788329,2,9,2,22.22222222222222,27.176132520386304,31.90034196384954,2016-01-14; 2023-03-29,16.760259179265653,3.239740820734349,历史2/9次成功; 当前距低点3.24%; 最新日涨幅-6.18%; 状态bottom_area; 底部未确认
291,55.02279762623145,49.37521053534639,688386,泛亚微透,bottom_area,2024-02-02,26.98,2024-01-25,35.74,2024-02-02,25.93,4.049363671423064,12.726571538758197,27.448237269166203,24.510352546166764,False,-6.804835924006902,1.4752747252747251,1,4,1,25.0,34.90731024833858,34.90731024833858,2022-04-27,15.950636328576936,4.049363671423064,历史1/4次成功; 当前距低点4.05%; 最新日涨幅-6.80%; 状态bottom_area; 底部未确认
292,54.9481412601728,49.83042222123514,688030,山石网科,bottom_area,2024-02-02,12.21,2024-01-26,16.41,2024-02-02,11.67,4.627249357326487,15.509854327335052,28.884826325411332,25.594149908592318,False,-6.935975609756085,1.1857238311162952,1,4,1,25.0,44.43844492440605,44.43844492440605,2020-02-03,15.372750642673516,4.627249357326487,历史1/4次成功; 当前距低点4.63%; 最新日涨幅-6.94%; 状态bottom_area; 底部未确认
293,54.9419745779244,49.5784616979189,688118,普元信息,bottom_area,2024-02-02,18.21,2024-01-26,25.6,2024-02-02,17.45,4.355300859598863,18.62464183381089,31.835937500000007,28.867187500000004,False,-8.949999999999992,4.456758581066868,1,3,1,33.33333333333333,38.36136733586544,38.36136733586544,2020-02-03,15.644699140401139,4.355300859598863,历史1/3次成功; 当前距低点4.36%; 最新日涨幅-8.95%; 状态bottom_area; 底部未确认
294,54.93829071171268,49.62284048813445,603906,龙蟠科技,bottom_area,2024-02-02,8.29,2024-01-24,11.52,2024-02-02,7.94,4.408060453400488,12.972292191435772,31.076388888888886,28.038194444444446,False,-6.009070294784591,2.2580602815154123,2,6,2,33.33333333333333,22.580026820184003,23.915050784856877,2017-08-11; 2019-05-09,15.591939546599514,4.408060453400488,历史2/6次成功; 当前距低点4.41%; 最新日涨幅-6.01%; 状态bottom_area; 底部未确认
295,54.9158627504928,49.82285935024547,301360,荣旗科技,bottom_area,2024-02-02,46.8,2024-01-25,62.8,2024-02-02,44.72,4.651162790697671,14.847942754919503,28.78980891719745,25.477707006369428,False,-6.1183550651955905,3.7479920926267396,1,2,1,50.0,23.857583403420236,23.857583403420236,2023-08-28,15.34883720930233,4.651162790697671,历史1/2次成功; 当前距低点4.65%; 最新日涨幅-6.12%; 状态bottom_area; 底部未确认
296,54.889509446892504,48.56796481958183,002398,垒知集团,bottom_area,2024-02-02,3.78,2024-01-29,5.18,2024-02-02,3.66,3.2786885245901543,10.109289617486342,29.343629343629335,27.027027027027028,False,-4.7858942065491235,2.8165888108023025,1,4,1,25.0,21.120293847566565,21.120293847566565,2017-05-24,16.72131147540985,3.2786885245901543,历史1/4次成功; 当前距低点3.28%; 最新日涨幅-4.79%; 状态bottom_area; 底部未确认
297,54.81975649186614,49.077034479713475,300690,双一科技,bottom_area,2024-02-02,12.46,2024-01-26,16.68,2024-02-02,11.99,3.919933277731448,12.343619683069228,28.117505995203835,25.299760191846516,False,-5.606060606060592,4.01469326009197,1,4,1,25.0,31.717647058823523,31.717647058823523,2018-02-07,16.080066722268555,3.919933277731448,历史1/4次成功; 当前距低点3.92%; 最新日涨幅-5.61%; 状态bottom_area; 底部未确认
298,54.814036824036215,49.43110809676663,688199,久日新材,bottom_area,2024-02-02,17.87,2024-01-26,23.68,2024-02-02,17.13,4.319906596614139,14.127262113251614,27.660472972972975,24.53547297297297,False,-6.046267087276547,1.283405440542867,1,3,1,33.33333333333333,37.135278514588855,37.135278514588855,2022-04-27,15.680093403385861,4.319906596614139,历史1/3次成功; 当前距低点4.32%; 最新日涨幅-6.05%; 状态bottom_area; 底部未确认
299,54.70184993323726,49.27708555790604,300717,华信新材,bottom_area,2024-02-02,11.5,2024-01-26,15.2,2024-02-02,11.03,4.261106074342708,14.777878513145973,27.434210526315788,24.34210526315789,False,-6.957928802588997,2.819149919442274,1,4,1,25.0,36.975308641975325,36.975308641975325,2020-09-11,15.738893925657294,4.261106074342708,历史1/4次成功; 当前距低点4.26%; 最新日涨幅-6.96%; 状态bottom_area; 底部未确认
300,54.66115093183662,48.56763750498205,300478,杭州高新,bottom_area,2024-02-02,9.15,2024-01-26,12.2,2024-02-02,8.84,3.506787330316748,15.837104072398194,27.540983606557372,24.999999999999993,False,-7.012195121951215,3.5342180804336336,2,8,2,25.0,23.91458396830234,27.500000000000004,2015-08-26; 2017-08-14,16.493212669683256,3.506787330316748,历史2/8次成功; 当前距低点3.51%; 最新日涨幅-7.01%; 状态bottom_area; 底部未确认
301,54.58957627118648,49.002923728813585,002614,奥佳华,bottom_area,2024-02-02,6.14,2024-01-25,8.17,2024-02-02,5.9,4.06779661016948,11.186440677966088,27.784577723378206,24.847001223990212,False,-2.694136291600635,3.8728576263231305,1,8,1,12.5,53.68421052631578,53.68421052631578,2020-02-04,15.932203389830521,4.06779661016948,历史1/8次成功; 当前距低点4.07%; 最新日涨幅-2.69%; 状态bottom_area; 底部未确认
302,54.53844051691851,48.982950271461185,300493,润欣科技,bottom_area,2024-02-02,5.59,2024-01-26,7.37,2024-02-02,5.37,4.096834264432025,14.525139664804474,27.137042062415194,24.15196743554953,False,-5.414551607445017,2.4309367489204656,1,4,1,25.0,33.38028169014085,33.38028169014085,2017-01-16,15.903165735567976,4.096834264432025,历史1/4次成功; 当前距低点4.10%; 最新日涨幅-5.41%; 状态bottom_area; 底部未确认
303,54.49963493032076,48.89049308770082,000701,厦门信达,bottom_area,2024-02-02,3.87,2024-01-26,5.36,2024-02-02,3.72,4.032258064516126,13.978494623655912,30.597014925373134,27.798507462686565,False,-4.914004914004922,3.9864226182369897,4,16,4,25.0,32.09162083224506,48.08558558558558,1997-08-20; 1999-04-27; 2018-02-07; 2023-10-27,15.967741935483875,4.032258064516126,历史4/16次成功; 当前距低点4.03%; 最新日涨幅-4.91%; 状态bottom_area; 底部未确认
304,54.4784615250744,49.626384701317335,300916,朗特智能,bottom_area,2024-02-02,15.71,2024-01-26,20.67,2024-02-02,14.98,4.873164218958614,13.751668891855799,27.52781809385583,23.99612965650702,False,-6.040669856459324,2.230671880530784,1,3,1,33.33333333333333,44.96702036134213,44.96702036134213,2022-04-27,15.126835781041386,4.873164218958614,历史1/3次成功; 当前距低点4.87%; 最新日涨幅-6.04%; 状态bottom_area; 底部未确认
305,54.45825553632697,48.944417888358096,002329,皇氏集团,bottom_area,2024-02-02,4.03,2024-01-26,5.32,2024-02-02,3.87,4.134366925064603,12.403100775193785,27.25563909774436,24.24812030075188,False,-6.279069767441847,7.276752199447771,3,11,3,27.27272727272727,28.708953691377975,33.95138030490317,2015-09-02; 2017-12-28; 2022-02-07,15.865633074935397,4.134366925064603,历史3/11次成功; 当前距低点4.13%; 最新日涨幅-6.28%; 状态bottom_area; 底部未确认
306,54.457711110627876,48.67348380141551,688262,国芯科技,bottom_area,2024-02-02,17.89,2024-01-25,23.9,2024-02-02,17.23,3.830528148578062,13.232733604178765,27.907949790794973,25.146443514644346,False,-7.161390762843789,1.903155425672698,1,3,1,33.33333333333333,27.063197026022312,27.063197026022312,2022-04-27,16.16947185142194,3.830528148578062,历史1/3次成功; 当前距低点3.83%; 最新日涨幅-7.16%; 状态bottom_area; 底部未确认
307,54.43532341750256,48.63841807909603,688148,芳源股份,bottom_area,2024-02-02,4.9,2024-01-26,6.5,2024-02-02,4.72,3.8135593220339112,12.711864406779675,27.38461538461539,24.61538461538461,False,-5.950095969289815,2.2290477594572122,1,3,1,33.33333333333333,26.66666666666668,26.66666666666668,2022-04-28,16.18644067796609,3.8135593220339112,历史1/3次成功; 当前距低点3.81%; 最新日涨幅-5.95%; 状态bottom_area; 底部未确认
308,54.30569291266402,48.67347636218286,300960,通业科技,bottom_area,2024-02-02,15.4,2024-01-26,20.6,2024-02-02,14.81,3.9837947332883177,15.530047265361235,28.106796116504857,25.24271844660195,False,-6.040268456375841,1.7901363220752105,1,3,1,33.33333333333333,28.94190871369294,28.94190871369294,2023-08-25,16.016205266711683,3.9837947332883177,历史1/3次成功; 当前距低点3.98%; 最新日涨幅-6.04%; 状态bottom_area; 底部未确认
309,54.05940102886204,48.369509630205854,003038,鑫铂股份,bottom_area,2024-02-02,26.71,2024-01-24,36.15,2024-02-02,25.71,3.8895371450797356,12.718786464410734,28.879668049792528,26.113416320885197,False,-6.379249912372941,1.472866906157876,1,5,1,20.0,38.3744855967078,38.3744855967078,2022-12-23,16.110462854920264,3.8895371450797356,历史1/5次成功; 当前距低点3.89%; 最新日涨幅-6.38%; 状态bottom_area; 底部未确认
310,54.05564645118536,48.24321134890736,002247,聚力文化,bottom_area,2024-02-02,1.66,2024-01-26,2.23,2024-02-02,1.6,3.7499999999999893,15.0,28.251121076233176,25.56053811659193,False,-5.681818181818188,3.5997878436447963,3,14,3,21.428571428571427,32.88976915695186,39.83050847457628,2008-09-18; 2019-01-31; 2023-06-26,16.25000000000001,3.7499999999999893,历史3/14次成功; 当前距低点3.75%; 最新日涨幅-5.68%; 状态bottom_area; 底部未确认
311,53.72604557902463,48.10043748238437,301021,英诺激光,bottom_area,2024-02-02,16.16,2024-01-26,21.75,2024-02-02,15.55,3.922829581993565,15.305466237942115,28.505747126436777,25.701149425287355,False,-7.657142857142851,2.0965264605250535,1,3,1,33.33333333333333,25.11373976342129,25.11373976342129,2021-07-12,16.077170418006435,3.922829581993565,历史1/3次成功; 当前距低点3.92%; 最新日涨幅-7.66%; 状态bottom_area; 底部未确认
312,53.72064029153158,48.685814587815976,688097,博众精工,bottom_area,2024-02-02,20.5,2024-01-19,27.15,2024-02-02,19.6,4.59183673469387,13.622448979591825,27.808471454880284,24.493554327808468,False,-6.987295825771323,1.1462470237376807,1,3,1,33.33333333333333,36.461661341853045,36.461661341853045,2023-03-20,15.40816326530613,4.59183673469387,历史1/3次成功; 当前距低点4.59%; 最新日涨幅-6.99%; 状态bottom_area; 底部未确认
313,53.64827627072115,48.0458212964428,301183,东田微,bottom_area,2024-02-02,27.7,2024-01-25,37.78,2024-02-02,26.65,3.939962476547845,17.03564727954973,29.460031762837485,26.680783483324515,False,-5.718175629680056,6.109984939552329,1,3,1,33.33333333333333,25.030120481927693,25.030120481927693,2022-05-30,16.060037523452156,3.939962476547845,历史1/3次成功; 当前距低点3.94%; 最新日涨幅-5.72%; 状态bottom_area; 底部未确认
314,53.573407761047875,47.79829270423766,300826,测绘股份,bottom_area,2024-02-02,11.67,2024-01-26,15.56,2024-02-02,11.25,3.733333333333333,14.577777777777785,27.699228791773784,25.000000000000007,False,-6.265060240963849,2.7108211989298905,1,3,1,33.33333333333333,21.166448230668404,21.166448230668404,2023-06-28,16.26666666666667,3.733333333333333,历史1/3次成功; 当前距低点3.73%; 最新日涨幅-6.27%; 状态bottom_area; 底部未确认
315,53.563955730944436,47.87876209259034,600421,退市华嵘,bottom_area,2024-02-02,7.31,2024-01-26,9.95,2024-02-02,7.04,3.8352272727272667,15.056818181818176,29.24623115577889,26.532663316582912,False,-6.521739130434789,1.7532208588957054,4,18,4,22.22222222222222,30.255509241144917,44.900662251655625,2005-07-21; 2009-08-18; 2019-07-01; 2022-04-28,16.164772727272737,3.8352272727272667,历史4/18次成功; 当前距低点3.84%; 最新日涨幅-6.52%; 状态bottom_area; 底部未确认
316,53.509089771863124,47.6654018097961,002633,申科股份,bottom_area,2024-02-02,7.39,2024-01-26,10.35,2024-02-02,7.13,3.646563814866757,15.568022440392712,31.11111111111111,28.599033816425123,False,-6.691919191919194,4.164693048880786,1,5,1,20.0,31.61057692307691,31.61057692307691,2018-02-09,16.353436185133244,3.646563814866757,历史1/5次成功; 当前距低点3.65%; 最新日涨幅-6.69%; 状态bottom_area; 底部未确认
317,53.50528046065066,48.37623396769069,002229,鸿博股份,bottom_area,2024-02-02,18.26,2024-01-26,24.46,2024-02-02,17.48,4.4622425629290685,11.212814645308928,28.536385936222402,25.347506132461156,False,-4.247509176717346,9.231436001476142,2,8,2,25.0,34.597564576177206,36.422764227642276,2015-09-02; 2019-01-31,15.537757437070931,4.4622425629290685,历史2/8次成功; 当前距低点4.46%; 最新日涨幅-4.25%; 状态bottom_area; 底部未确认
318,53.48610034275543,47.72652594929823,603776,永安行,bottom_area,2024-02-02,9.43,2024-01-26,12.5,2024-02-02,9.09,3.740374037403739,11.881188118811883,27.279999999999998,24.560000000000002,False,-4.457953394123604,1.5361841782607415,1,5,1,20.0,33.0891330891331,33.0891330891331,2020-02-04,16.259625962596264,3.740374037403739,历史1/5次成功; 当前距低点3.74%; 最新日涨幅-4.46%; 状态bottom_area; 底部未确认
319,53.335015494939334,47.51685321000142,688689,银河微电,bottom_area,2024-02-02,17.02,2024-01-26,22.64,2024-02-02,16.42,3.654080389768562,13.032886723507897,27.473498233215544,24.823321554770324,False,-6.943685073810824,1.0253375080560183,1,4,1,25.0,20.070733863837305,20.070733863837305,2023-05-10,16.34591961023144,3.654080389768562,历史1/4次成功; 当前距低点3.65%; 最新日涨幅-6.94%; 状态bottom_area; 底部未确认
320,53.14194415889013,48.0068798918513,300813,泰林生物,bottom_area,2024-02-02,16.08,2024-01-26,21.51,2024-02-02,15.4,4.4155844155844015,15.714285714285714,28.40539284053929,25.24407252440727,False,-8.11428571428573,2.2959563127818368,2,7,2,28.57142857142857,24.301756156440984,25.741595253790372,2022-04-28; 2022-12-07,15.5844155844156,4.4155844155844015,历史2/7次成功; 当前距低点4.42%; 最新日涨幅-8.11%; 状态bottom_area; 底部未确认
321,53.02945729262948,47.56986503443956,688619,罗普特,bottom_area,2024-02-02,8.26,2024-01-26,11.75,2024-02-02,7.94,4.030226700251881,17.128463476070532,32.42553191489361,29.70212765957447,False,-9.03083700440529,2.660349977976552,1,3,1,33.33333333333333,23.577680525164105,23.577680525164105,2021-10-29,15.96977329974812,4.030226700251881,历史1/3次成功; 当前距低点4.03%; 最新日涨幅-9.03%; 状态bottom_area; 底部未确认
322,53.018554485907664,47.790707711532455,688733,壹石通,bottom_area,2024-02-02,18.21,2024-01-25,24.61,2024-02-02,17.46,4.29553264604811,14.719358533791524,29.053230394148716,26.005688744412836,False,-6.854219948849105,2.042395700636164,1,3,1,33.33333333333333,28.01714414617641,28.01714414617641,2022-04-27,15.70446735395189,4.29553264604811,历史1/3次成功; 当前距低点4.30%; 最新日涨幅-6.85%; 状态bottom_area; 底部未确认
323,52.997159874289686,46.86823662352148,603330,天洋新材,bottom_area,2024-02-02,5.72,2024-01-25,7.71,2024-02-02,5.54,3.2490974729241824,13.718411552346566,28.14526588845655,25.810635538262,False,-7.142857142857151,4.244489696267467,1,6,1,16.666666666666664,29.67479674796747,29.67479674796747,2020-02-04,16.750902527075816,3.2490974729241824,历史1/6次成功; 当前距低点3.25%; 最新日涨幅-7.14%; 状态bottom_area; 底部未确认
324,52.99120872032794,48.34358508941429,000608,阳光股份,bottom_area,2024-02-02,2.33,2024-01-29,3.25,2024-02-02,2.22,4.954954954954949,18.01801801801801,31.692307692307686,28.307692307692307,False,-4.508196721311474,4.282964695283422,3,12,3,25.0,40.461733261890174,50.81521739130434,2007-06-05; 2008-04-22; 2021-01-14,15.045045045045052,4.954954954954949,历史3/12次成功; 当前距低点4.95%; 最新日涨幅-4.51%; 状态bottom_area; 底部未确认
325,52.8682425602709,47.95257263304313,600774,汉商集团,bottom_area,2024-02-02,6.77,2024-01-26,9.08,2024-02-02,6.47,4.636785162287478,14.374034003091198,28.744493392070485,25.440528634361236,False,-5.710306406685239,2.0964446233659775,7,25,7,28.000000000000004,27.959369908917083,35.972461273666106,2006-11-13; 2011-01-17; 2013-04-08; 2015-07-17; 2015-08-26; 2016-12-13; 2022-12-29,15.363214837712524,4.636785162287478,历史7/25次成功; 当前距低点4.64%; 最新日涨幅-5.71%; 状态bottom_area; 底部未确认
326,52.75835266411909,47.121040919421205,300103,达刚控股,bottom_area,2024-02-02,4.38,2024-01-29,5.96,2024-02-02,4.22,3.7914691943128,15.639810426540288,29.194630872483224,26.51006711409396,False,-7.203389830508467,3.3121224150909025,2,9,2,22.22222222222222,25.645350144617368,27.053140096618367,2012-07-31; 2015-06-30,16.2085308056872,3.7914691943128,历史2/9次成功; 当前距低点3.79%; 最新日涨幅-7.20%; 状态bottom_area; 底部未确认
327,52.74806952415594,47.240201606649926,688039,当虹科技,bottom_area,2024-02-02,20.31,2024-01-25,27.18,2024-02-02,19.54,3.9406345957011237,13.86898669396111,28.10890360559235,25.275938189845476,False,-6.920256645279565,2.3364985272722825,1,7,1,14.285714285714285,45.31024531024532,45.31024531024532,2019-12-16,16.059365404298877,3.9406345957011237,历史1/7次成功; 当前距低点3.94%; 最新日涨幅-6.92%; 状态bottom_area; 底部未确认
328,52.70326930060896,47.4498887593907,000663,永安林业,bottom_area,2024-02-02,6.16,2024-01-26,8.1,2024-02-02,5.91,4.230118443316413,12.690355329949238,27.03703703703703,23.950617283950614,False,-5.230769230769228,3.1329293744967757,5,22,5,22.727272727272727,31.696063984200062,50.39215686274511,1997-09-23; 2008-01-22; 2008-04-03; 2019-01-31; 2022-04-28,15.769881556683588,4.230118443316413,历史5/22次成功; 当前距低点4.23%; 最新日涨幅-5.23%; 状态bottom_area; 底部未确认
329,52.5853368391896,47.40979966666067,688418,震有科技,bottom_area,2024-02-02,12.11,2024-01-26,16.19,2024-02-02,11.61,4.3066322136089585,15.934539190353156,28.28906732550958,25.20074119827055,False,-7.274119448698324,4.410644869819803,1,4,1,25.0,27.494199535962892,27.494199535962892,2022-10-10,15.693367786391043,4.3066322136089585,历史1/4次成功; 当前距低点4.31%; 最新日涨幅-7.27%; 状态bottom_area; 底部未确认
330,52.562968283941835,46.40083835616437,300210,森远股份,bottom_area,2024-02-02,7.53,2024-01-29,10.87,2024-02-02,7.3,3.1506849315068552,16.438356164383563,32.842686292548294,30.72677092916283,False,-11.097992916174737,10.737185576803931,1,10,1,10.0,40.39999999999999,40.39999999999999,2020-02-04,16.849315068493144,3.1506849315068552,历史1/10次成功; 当前距低点3.15%; 最新日涨幅-11.10%; 状态bottom_area; 底部未确认
331,52.51649579615866,46.453138739618936,603316,诚邦股份,bottom_area,2024-02-02,4.75,2024-01-29,6.65,2024-02-02,4.6,3.2608695652173996,16.304347826086957,30.82706766917294,28.571428571428577,False,-7.045009784735823,3.6987633031805536,1,5,1,20.0,20.365168539325847,20.365168539325847,2018-10-19,16.739130434782602,3.2608695652173996,历史1/5次成功; 当前距低点3.26%; 最新日涨幅-7.05%; 状态bottom_area; 底部未确认
332,52.43770042780938,47.06197726751355,688168,安博通,bottom_area,2024-02-02,24.11,2024-01-26,33.69,2024-02-02,23.17,4.056970220112204,17.091066033664205,31.22588305135054,28.435737607598693,False,-7.8716087122659655,1.6814887555102724,1,6,1,16.666666666666664,40.61936936936938,40.61936936936938,2020-02-03,15.943029779887796,4.056970220112204,历史1/6次成功; 当前距低点4.06%; 最新日涨幅-7.87%; 状态bottom_area; 底部未确认
333,52.371118829697686,47.075162992986705,603339,四方科技,bottom_area,2024-02-02,8.8,2024-01-29,12.0,2024-02-02,8.45,4.142011834319543,12.189349112426049,29.58333333333334,26.66666666666666,False,-5.579399141630892,2.041486452172575,1,3,1,33.33333333333333,22.288261515601782,22.288261515601782,2018-10-19,15.857988165680458,4.142011834319543,历史1/3次成功; 当前距低点4.14%; 最新日涨幅-5.58%; 状态bottom_area; 底部未确认
334,52.236156190846216,47.246385576698955,301191,菲菱科思,bottom_area,2024-02-02,64.33,2024-01-26,85.0,2024-02-02,61.57,4.482702614909855,12.863407503654367,27.564705882352943,24.317647058823532,False,-6.005260081823494,2.3423951143069237,1,3,1,33.33333333333333,27.385022609462883,27.385022609462883,2023-06-29,15.517297385090146,4.482702614909855,历史1/3次成功; 当前距低点4.48%; 最新日涨幅-6.01%; 状态bottom_area; 底部未确认
335,52.1651871879313,47.13816864459383,600455,博通股份,bottom_area,2024-02-02,17.91,2024-01-26,23.58,2024-02-02,17.15,4.431486880466482,13.702623906705549,27.26887192536048,24.04580152671755,False,-5.98425196850394,4.299369310531969,2,8,2,25.0,27.564294258373213,31.279904306220104,2005-04-27; 2015-08-25,15.56851311953352,4.431486880466482,历史2/8次成功; 当前距低点4.43%; 最新日涨幅-5.98%; 状态bottom_area; 底部未确认
336,52.15036403754664,46.91081863647951,603290,斯达半导,bottom_area,2024-02-02,125.56,2024-01-15,177.95,2024-02-02,120.52,4.181878526385668,10.429804181878533,32.27311042427648,29.440854172520364,False,-4.90040142391881,1.1602536586814027,1,4,1,25.0,23.2822670787034,23.2822670787034,2022-10-12,15.818121473614333,4.181878526385668,历史1/4次成功; 当前距低点4.18%; 最新日涨幅-4.90%; 状态bottom_area; 底部未确认
337,52.126501803566335,46.906902452476004,002962,五方光电,bottom_area,2024-02-02,12.15,2024-01-22,16.94,2024-02-02,11.66,4.2024013722126945,10.548885077186968,31.168831168831172,28.276269185360096,False,-4.104183109707971,7.159486251497518,1,3,1,33.33333333333333,22.123893805309734,22.123893805309734,2023-08-25,15.797598627787307,4.2024013722126945,历史1/3次成功; 当前距低点4.20%; 最新日涨幅-4.10%; 状态bottom_area; 底部未确认
338,52.01507917503512,47.11345333530398,000058,深赛格,bottom_area,2024-02-02,6.19,2024-01-25,8.83,2024-02-02,5.92,4.5608108108108185,12.331081081081088,32.955832389580976,29.898074745186857,False,-4.031007751937976,3.0678574216655043,6,22,6,27.27272727272727,24.092434908836292,34.82352941176472,2002-01-23; 2006-11-14; 2010-05-18; 2020-02-04; 2022-04-27; 2024-01-09,15.439189189189184,4.5608108108108185,历史6/22次成功; 当前距低点4.56%; 最新日涨幅-4.03%; 状态bottom_area; 底部未确认
339,51.98623047043594,46.63263492063495,000628,高新发展,bottom_area,2024-02-02,36.41,2024-01-25,48.12,2024-02-02,35.0,4.028571428571419,10.657142857142848,27.265170407315043,24.334995843724027,False,-5.428571428571438,15.43347744136315,1,9,1,11.11111111111111,99.77973568281939,99.77973568281939,2022-04-27,15.97142857142858,4.028571428571419,历史1/9次成功; 当前距低点4.03%; 最新日涨幅-5.43%; 状态bottom_area; 底部未确认
340,51.96547698272544,46.74351533436819,688435,英方软件,bottom_area,2024-02-02,30.9,2024-01-29,40.8,2024-02-02,29.66,4.1807147673634475,14.5650708024275,27.303921568627445,24.26470588235294,False,-6.193078324225865,2.4553909688516535,1,3,1,33.33333333333333,20.97963263776083,20.97963263776083,2023-06-15,15.819285232636554,4.1807147673634475,历史1/3次成功; 当前距低点4.18%; 最新日涨幅-6.19%; 状态bottom_area; 底部未确认
341,51.92137280637576,47.13512129242293,300414,中光防雷,bottom_area,2024-02-02,6.48,2024-01-26,8.56,2024-02-02,6.19,4.684975767366721,14.701130856219697,27.686915887850468,24.299065420560748,False,-6.358381502890165,2.660842379587221,2,10,2,20.0,41.488527107629295,48.535564853556465,2018-02-09; 2020-02-04,15.315024232633279,4.684975767366721,历史2/10次成功; 当前距低点4.68%; 最新日涨幅-6.36%; 状态bottom_area; 底部未确认
342,51.83080956921674,46.63667726697115,688259,创耀科技,bottom_area,2024-02-02,42.2,2024-01-25,56.09,2024-02-02,40.5,4.197530864197538,14.296296296296292,27.794615796042077,24.76377250846853,False,-6.013363028953222,1.4826320501342882,1,4,1,25.0,22.000256114739393,22.000256114739393,2023-09-19,15.802469135802463,4.197530864197538,历史1/4次成功; 当前距低点4.20%; 最新日涨幅-6.01%; 状态bottom_area; 底部未确认
343,51.817983859238424,46.27746664899398,300556,丝路视觉,bottom_area,2024-02-02,20.28,2024-01-26,27.49,2024-02-02,19.54,3.787103377686807,13.715455475946776,28.919607129865405,26.227719170607482,False,-5.805852299117509,7.839990870362934,1,6,1,16.666666666666664,33.09352517985611,33.09352517985611,2020-02-04,16.212896622313195,3.787103377686807,历史1/6次成功; 当前距低点3.79%; 最新日涨幅-5.81%; 状态bottom_area; 底部未确认
344,51.81447032403206,46.91060081122188,300550,和仁科技,bottom_area,2024-02-02,10.14,2024-01-26,13.82,2024-02-02,9.7,4.536082474226818,15.773195876288673,29.81186685962374,26.62807525325615,False,-7.650273224043714,1.095613178194657,1,4,1,25.0,27.62295081967214,27.62295081967214,2023-02-23,15.463917525773182,4.536082474226818,历史1/4次成功; 当前距低点4.54%; 最新日涨幅-7.65%; 状态bottom_area; 底部未确认
345,51.789285530203166,46.19681045862967,300948,冠中生态,bottom_area,2024-02-02,10.59,2024-01-26,14.0,2024-02-02,10.21,3.721841332027414,13.418217433888335,27.071428571428562,24.357142857142858,False,-6.117021276595736,1.9796723602361739,1,5,1,20.0,24.637681159420286,24.637681159420286,2021-03-11,16.278158667972587,3.721841332027414,历史1/5次成功; 当前距低点3.72%; 最新日涨幅-6.12%; 状态bottom_area; 底部未确认
346,51.763794840902264,47.211637710667475,300985,致远新能,bottom_area,2024-02-02,25.7,2024-01-29,34.34,2024-02-02,24.49,4.940792160065337,14.944875459371174,28.68375072801399,25.160163075131052,False,-6.647293861242288,1.1440520072381208,1,4,1,25.0,34.20238621299161,34.20238621299161,2022-04-27,15.059207839934663,4.940792160065337,历史1/4次成功; 当前距低点4.94%; 最新日涨幅-6.65%; 状态bottom_area; 底部未确认
347,51.68432969234427,46.52903932191603,300890,翔丰华,bottom_area,2024-02-02,21.95,2024-01-26,29.26,2024-02-02,21.06,4.226020892687562,13.437796771130115,28.024606971975402,24.982911825017094,False,-6.595744680851068,2.0006660009040242,1,3,1,33.33333333333333,20.381901203819012,20.381901203819012,2021-01-14,15.773979107312439,4.226020892687562,历史1/3次成功; 当前距低点4.23%; 最新日涨幅-6.60%; 状态bottom_area; 底部未确认
348,51.639418249583485,46.60171397894784,688202,美迪西,bottom_area,2024-02-02,39.5,2024-01-25,54.46,2024-02-02,37.85,4.35931307793923,13.579920739762219,30.499449136981273,27.469702533969887,False,-6.464598626568785,2.2406779057347306,1,4,1,25.0,23.795418261555337,23.795418261555337,2021-11-08,15.64068692206077,4.35931307793923,历史1/4次成功; 当前距低点4.36%; 最新日涨幅-6.46%; 状态bottom_area; 底部未确认
349,51.6354694361181,46.71302196069049,300517,海波重科,bottom_area,2024-02-02,8.37,2024-01-26,11.17,2024-02-02,8.01,4.494382022471903,14.481897627965045,28.290062667860344,25.067144136078788,False,-7.1032186459489495,3.1806634530264257,1,5,1,20.0,36.88286544046467,36.88286544046467,2022-04-27,15.505617977528097,4.494382022471903,历史1/5次成功; 当前距低点4.49%; 最新日涨幅-7.10%; 状态bottom_area; 底部未确认
350,51.63242563054487,46.952472359529835,000428,华天酒店,bottom_area,2024-02-02,3.07,2024-01-26,4.06,2024-02-02,2.93,4.778156996587019,10.921501706484635,27.832512315270925,24.384236453201968,False,-2.2292993630573354,2.543167963387921,3,13,3,23.076923076923077,24.76704468681846,28.045977011494273,2015-06-30; 2022-11-23; 2023-10-23,15.221843003412982,4.778156996587019,历史3/13次成功; 当前距低点4.78%; 最新日涨幅-2.23%; 状态bottom_area; 底部未确认
351,51.5836040717589,46.82072430029719,300605,恒锋信息,bottom_area,2024-02-02,9.85,2024-01-26,13.26,2024-02-02,9.41,4.675876726886285,15.302869287991495,29.034690799396678,25.71644042232278,False,-6.81173131504258,4.035603077151797,1,5,1,20.0,39.68668407310706,39.68668407310706,2018-02-07,15.324123273113715,4.675876726886285,历史1/5次成功; 当前距低点4.68%; 最新日涨幅-6.81%; 状态bottom_area; 底部未确认
352,51.531156706849615,46.55638201566013,300658,延江股份,bottom_area,2024-02-02,4.96,2024-01-26,6.53,2024-02-02,4.75,4.421052631578946,13.052631578947372,27.25880551301685,24.04287901990812,False,-5.162523900573623,4.1908333162350955,3,12,3,25.0,24.308505460538264,26.72018348623853,2020-03-13; 2020-03-24; 2021-05-10,15.578947368421057,4.421052631578946,历史3/12次成功; 当前距低点4.42%; 最新日涨幅-5.16%; 状态bottom_area; 底部未确认
353,51.4792039571415,46.55999934769673,002115,三维通信,bottom_area,2024-02-02,5.13,2024-01-26,6.76,2024-02-02,4.91,4.480651731160891,14.663951120162928,27.366863905325438,24.112426035502956,False,-6.043956043956045,4.266670211844453,2,8,2,25.0,25.05852309001914,29.396325459317573,2015-09-02; 2022-04-27,15.519348268839112,4.480651731160891,历史2/8次成功; 当前距低点4.48%; 最新日涨幅-6.04%; 状态bottom_area; 底部未确认
354,51.399700520492736,46.602395138580086,300903,科翔股份,bottom_area,2024-02-02,6.12,2024-01-26,8.33,2024-02-02,5.85,4.615384615384623,16.068376068376075,29.771908763505404,26.53061224489796,False,-7.2727272727272645,4.158495676833731,1,3,1,33.33333333333333,25.549132947976865,25.549132947976865,2023-08-29,15.384615384615378,4.615384615384623,历史1/3次成功; 当前距低点4.62%; 最新日涨幅-7.27%; 状态bottom_area; 底部未确认
355,51.39257852088539,46.64979726462831,688519,南亚新材,bottom_area,2024-02-02,14.99,2024-01-25,20.31,2024-02-02,14.32,4.678770949720669,15.15363128491619,29.492860659773505,26.193993106843916,False,-7.240099009900991,1.0625460708518628,1,3,1,33.33333333333333,26.580976863753225,26.580976863753225,2023-05-10,15.321229050279332,4.678770949720669,历史1/3次成功; 当前距低点4.68%; 最新日涨幅-7.24%; 状态bottom_area; 底部未确认
356,51.35338472636657,46.321050867849976,300331,苏大维格,bottom_area,2024-02-02,14.93,2024-01-26,19.83,2024-02-02,14.31,4.332634521313761,13.906359189378058,27.836611195158838,24.71003530005042,False,-6.15964802011314,3.954471855819044,2,10,2,20.0,32.79278266906102,36.25632377740304,2012-12-04; 2022-04-27,15.667365478686241,4.332634521313761,历史2/10次成功; 当前距低点4.33%; 最新日涨幅-6.16%; 状态bottom_area; 底部未确认
357,51.33382467953351,46.11024115588834,300246,宝莱特,bottom_area,2024-02-02,6.85,2024-01-26,9.28,2024-02-02,6.58,4.103343465045587,15.19756838905775,29.09482758620689,26.185344827586203,False,-7.432432432432446,3.577772967729402,3,15,3,20.0,28.848732560173502,31.498829039812666,2015-05-29; 2015-09-02; 2018-02-07,15.896656534954415,4.103343465045587,历史3/15次成功; 当前距低点4.10%; 最新日涨幅-7.43%; 状态bottom_area; 底部未确认
358,51.294033473447605,46.52001251680499,300369,绿盟科技,bottom_area,2024-02-02,6.1,2024-01-26,8.18,2024-02-02,5.83,4.631217838765001,15.437392795883367,28.72860635696821,25.4278728606357,False,-4.687500000000011,3.1154772741407757,1,4,1,25.0,26.689189189189182,26.689189189189182,2016-03-01,15.368782161235,4.631217838765001,历史1/4次成功; 当前距低点4.63%; 最新日涨幅-4.69%; 状态bottom_area; 底部未确认
359,51.276127823837285,46.456872336124846,301117,佳缘科技,bottom_area,2024-02-02,29.71,2024-01-26,39.77,2024-02-02,28.41,4.575853572685676,14.220344948961644,28.56424440533066,25.295448830776973,False,-6.188822229239033,2.2176859004790472,1,3,1,33.33333333333333,24.28217821782179,24.28217821782179,2022-04-28,15.424146427314325,4.575853572685676,历史1/3次成功; 当前距低点4.58%; 最新日涨幅-6.19%; 状态bottom_area; 底部未确认
360,51.25854680161454,46.659638699823546,300592,华凯易佰,bottom_area,2024-02-02,16.7,2024-01-24,23.07,2024-02-02,15.93,4.8336472065285605,12.366603892027614,30.949284785435633,27.611616818378852,False,-5.059693007390564,1.5130895082166187,1,4,1,25.0,29.92125984251969,29.92125984251969,2019-08-13,15.166352793471441,4.8336472065285605,历史1/4次成功; 当前距低点4.83%; 最新日涨幅-5.06%; 状态bottom_area; 底部未确认
361,51.24344125382933,45.14254413291797,002105,信隆健康,bottom_area,2024-02-02,4.41,2024-01-26,6.0,2024-02-02,4.28,3.037383177570091,15.420560747663552,28.666666666666664,26.499999999999996,False,-7.157894736842108,2.853944361573676,1,9,1,11.11111111111111,29.838709677419363,29.838709677419363,2018-02-07,16.96261682242991,3.037383177570091,历史1/9次成功; 当前距低点3.04%; 最新日涨幅-7.16%; 状态bottom_area; 底部未确认
362,51.242387920102246,46.41814412066225,002622,皓宸医疗,bottom_area,2024-02-02,2.29,2024-01-26,3.12,2024-02-02,2.19,4.566210045662104,15.068493150684937,29.807692307692314,26.602564102564102,False,-5.76131687242799,2.5922907139282287,4,15,4,26.666666666666668,21.733528807017066,22.769230769230774,2015-06-30; 2019-09-30; 2021-01-14; 2023-04-25,15.433789954337895,4.566210045662104,历史4/15次成功; 当前距低点4.57%; 最新日涨幅-5.76%; 状态bottom_area; 底部未确认
363,51.17582133174961,46.53335782874195,601116,三江购物,bottom_area,2024-02-02,8.56,2024-01-25,11.44,2024-02-02,8.17,4.773561811505514,11.627906976744178,28.583916083916083,25.174825174825166,False,-4.250559284116317,1.6443774349496707,2,9,2,22.22222222222222,34.5243182979514,38.660287081339725,2018-10-19; 2020-02-04,15.226438188494487,4.773561811505514,历史2/9次成功; 当前距低点4.77%; 最新日涨幅-4.25%; 状态bottom_area; 底部未确认
364,51.13714764953353,46.48121425522832,300845,捷安高科,bottom_area,2024-02-02,11.9,2024-01-26,16.53,2024-02-02,11.36,4.753521126760572,16.72535211267606,31.27646702964308,28.0096793708409,False,-7.248636009353071,2.3122520293899442,1,3,1,33.33333333333333,26.590909090909086,26.590909090909086,2021-07-28,15.24647887323943,4.753521126760572,历史1/3次成功; 当前距低点4.75%; 最新日涨幅-7.25%; 状态bottom_area; 底部未确认
365,51.11856835699215,45.71441119691119,002909,集泰股份,bottom_area,2024-02-02,5.38,2024-01-26,7.35,2024-02-02,5.18,3.8610038610038644,14.092664092664101,29.523809523809526,26.802721088435373,False,-6.597222222222221,2.9466599330181333,1,5,1,20.0,23.750000000000014,23.750000000000014,2020-02-04,16.138996138996138,3.8610038610038644,历史1/5次成功; 当前距低点3.86%; 最新日涨幅-6.60%; 状态bottom_area; 底部未确认
366,51.11495947597982,46.146157333499225,300935,盈建科,bottom_area,2024-02-02,18.11,2024-01-26,24.53,2024-02-02,17.35,4.3804034582132445,15.158501440922183,29.27028128821851,26.172034243783127,False,-8.627648839556013,3.3101833492610817,1,3,1,33.33333333333333,20.2158273381295,20.2158273381295,2023-04-27,15.619596541786757,4.3804034582132445,历史1/3次成功; 当前距低点4.38%; 最新日涨幅-8.63%; 状态bottom_area; 底部未确认
367,51.08958522673946,46.06215263793797,300543,朗科智能,bottom_area,2024-02-02,6.78,2024-01-26,9.15,2024-02-02,6.5,4.307692307692312,16.0,28.961748633879786,25.901639344262296,False,-8.25439783491203,3.8616091156883914,1,4,1,25.0,20.261780104712027,20.261780104712027,2018-02-07,15.692307692307688,4.307692307692312,历史1/4次成功; 当前距低点4.31%; 最新日涨幅-8.25%; 状态bottom_area; 底部未确认
368,51.088616148390535,46.34332115159994,300622,博士眼镜,bottom_area,2024-02-02,14.2,2024-01-26,18.96,2024-02-02,13.57,4.642593957258652,11.274871039056737,28.428270042194093,25.10548523206752,False,-4.505716207128452,1.956240218997727,1,3,1,33.33333333333333,24.489795918367346,24.489795918367346,2018-02-09,15.357406042741351,4.642593957258652,历史1/3次成功; 当前距低点4.64%; 最新日涨幅-4.51%; 状态bottom_area; 底部未确认
369,51.08665983562784,46.16116002083099,300620,光库科技,bottom_area,2024-02-02,33.72,2024-01-24,46.0,2024-02-02,32.29,4.428615670486217,12.9451842675751,29.804347826086957,26.695652173913047,False,-5.227655986509272,4.315484326039126,2,8,2,25.0,22.27636424483637,22.444343480236245,2022-04-27; 2023-10-26,15.571384329513782,4.428615670486217,历史2/8次成功; 当前距低点4.43%; 最新日涨幅-5.23%; 状态bottom_area; 底部未确认
370,51.068494058207115,45.78554639701327,300155,安居宝,bottom_area,2024-02-02,3.9,2024-01-26,5.27,2024-02-02,3.75,3.9999999999999973,14.400000000000002,28.842504743833015,25.99620493358633,False,-6.024096385542177,3.6881015861753483,2,11,2,18.181818181818183,29.775664891078147,37.10407239819004,2016-03-01; 2018-02-07,16.000000000000004,3.9999999999999973,历史2/11次成功; 当前距低点4.00%; 最新日涨幅-6.02%; 状态bottom_area; 底部未确认
371,51.00788206384064,46.39005885374212,000545,金浦钛业,bottom_area,2024-02-02,2.19,2024-01-26,2.91,2024-02-02,2.09,4.7846889952153155,14.354066985645947,28.17869415807561,24.74226804123712,False,-5.603448275862066,1.6169017121799771,4,23,4,17.391304347826086,44.35728016483401,94.35975609756099,1995-01-23; 2008-04-23; 2020-02-04; 2022-04-27,15.215311004784684,4.7846889952153155,历史4/23次成功; 当前距低点4.78%; 最新日涨幅-5.60%; 状态bottom_area; 底部未确认
372,50.867662815335926,45.5572024856691,300240,飞力达,bottom_area,2024-02-02,5.01,2024-01-26,6.69,2024-02-02,4.82,3.9419087136929356,14.10788381742738,27.95216741405082,25.11210762331839,False,-6.8773234200743545,1.7972069794015781,2,10,2,20.0,23.896528778973064,25.352112676056354,2015-07-29; 2020-02-04,16.058091286307068,3.9419087136929356,历史2/10次成功; 当前距低点3.94%; 最新日涨幅-6.88%; 状态bottom_area; 底部未确认
373,50.84222352845058,46.275556744458015,002591,恒大高新,bottom_area,2024-02-02,4.56,2024-01-26,6.23,2024-02-02,4.35,4.827586206896551,16.55172413793105,30.17656500802569,26.80577849117176,False,-5.590062111801252,9.2768413399698,2,9,2,22.22222222222222,33.800525487239746,38.445378151260506,2018-10-19; 2020-02-04,15.17241379310345,4.827586206896551,历史2/9次成功; 当前距低点4.83%; 最新日涨幅-5.59%; 状态bottom_area; 底部未确认
374,50.752288946129774,45.83305460975049,300257,开山股份,bottom_area,2024-02-02,11.87,2024-01-02,16.68,2024-02-02,11.37,4.397537379067722,9.762532981530354,31.83453237410072,28.836930455635496,False,-4.196933010492343,0.6391287749994169,1,5,1,20.0,30.964730290456423,30.964730290456423,2015-07-03,15.602462620932279,4.397537379067722,历史1/5次成功; 当前距低点4.40%; 最新日涨幅-4.20%; 状态bottom_area; 底部未确认
375,50.742384902210915,45.9012386394558,300739,明阳电路,bottom_area,2024-02-02,10.24,2024-01-26,13.51,2024-02-02,9.8,4.489795918367342,16.122448979591837,27.461139896373048,24.204293116210213,False,-7.830783078307824,1.3558760821186475,1,3,1,33.33333333333333,20.239999999999995,20.239999999999995,2022-10-11,15.510204081632658,4.489795918367342,历史1/3次成功; 当前距低点4.49%; 最新日涨幅-7.83%; 状态bottom_area; 底部未确认
376,50.594911599971816,45.60180281115544,002607,中公教育,bottom_area,2024-02-02,3.16,2024-01-25,4.34,2024-02-02,3.03,4.290429042904302,15.181518151815196,30.184331797235025,27.188940092165893,False,-4.53172205438066,4.694195301112666,2,11,2,18.181818181818183,32.347894095185524,41.550387596899235,2012-12-04; 2015-09-08,15.709570957095698,4.290429042904302,历史2/11次成功; 当前距低点4.29%; 最新日涨幅-4.53%; 状态bottom_area; 底部未确认
377,50.58649760899944,46.1781316896032,000670,盈方微,bottom_area,2024-02-02,4.63,2024-01-25,6.18,2024-02-02,4.41,4.988662131519268,13.605442176870739,28.640776699029118,25.08090614886731,False,-5.316973415132919,2.6423142166068034,3,11,3,27.27272727272727,24.30845300300019,29.447852760736197,2001-10-22; 2020-02-04; 2023-08-25,15.011337868480734,4.988662131519268,历史3/11次成功; 当前距低点4.99%; 最新日涨幅-5.32%; 状态bottom_area; 底部未确认
378,50.32695230144447,45.430275861303926,600775,南京熊猫,bottom_area,2024-02-02,8.35,2024-01-25,11.75,2024-02-02,8.0,4.374999999999996,15.874999999999995,31.914893617021278,28.936170212765962,False,-6.0742407199100175,10.201737233870723,3,18,3,16.666666666666664,35.74521072385616,44.15584415584415,1997-07-08; 2020-02-04; 2022-04-27,15.625000000000005,4.374999999999996,历史3/18次成功; 当前距低点4.37%; 最新日涨幅-6.07%; 状态bottom_area; 底部未确认
379,50.29269261749453,45.811661269295655,300448,浩云科技,bottom_area,2024-02-02,3.66,2024-01-26,4.9,2024-02-02,3.49,4.871060171919769,14.899713467048697,28.775510204081634,25.306122448979597,False,-5.670103092783496,2.0619480528480794,2,8,2,25.0,25.820851942326513,27.957493358337228,2016-01-14; 2020-07-27,15.128939828080231,4.871060171919769,历史2/8次成功; 当前距低点4.87%; 最新日涨幅-5.67%; 状态bottom_area; 底部未确认
380,49.9865649520759,44.393282833592664,300500,启迪设计,bottom_area,2024-02-02,9.81,2024-01-26,13.47,2024-02-02,9.48,3.4810126582278484,14.662447257383954,29.621380846325167,27.171492204899778,False,-5.944391179290498,2.207307016934599,1,8,1,12.5,28.239202657807304,28.239202657807304,2019-06-10,16.518987341772153,3.4810126582278484,历史1/8次成功; 当前距低点3.48%; 最新日涨幅-5.94%; 状态bottom_area; 底部未确认
381,49.98550109478632,45.000797384502924,300386,飞天诚信,bottom_area,2024-02-02,7.15,2024-01-26,9.44,2024-02-02,6.86,4.227405247813412,15.014577259475208,27.330508474576266,24.258474576271176,False,-6.65796344647519,2.7921775207235195,2,10,2,20.0,24.404738438266115,27.651792245793704,2015-07-17; 2020-02-04,15.772594752186588,4.227405247813412,历史2/10次成功; 当前距低点4.23%; 最新日涨幅-6.66%; 状态bottom_area; 底部未确认
382,49.91647772015093,45.37216111404901,002212,天融信,bottom_area,2024-02-02,6.39,2024-01-26,8.4,2024-02-02,6.1,4.754098360655738,14.426229508196736,27.38095238095239,23.928571428571434,False,-1.5408320493066285,3.526709937771507,1,6,1,16.666666666666664,29.864724245577534,29.864724245577534,2015-11-05,15.245901639344261,4.754098360655738,历史1/6次成功; 当前距低点4.75%; 最新日涨幅-1.54%; 状态bottom_area; 底部未确认
383,49.90000890417478,44.7217060933642,600645,中源协和,bottom_area,2024-02-02,14.63,2023-12-29,20.6,2024-02-02,14.07,3.9800995024875654,12.011371712864246,31.699029126213595,28.980582524271846,False,-6.037251123956322,2.349722173439699,4,22,4,18.181818181818183,23.812151783672668,30.337078651685385,1993-12-20; 1994-04-21; 2021-01-08; 2021-02-08,16.019900497512435,3.9800995024875654,历史4/22次成功; 当前距低点3.98%; 最新日涨幅-6.04%; 状态bottom_area; 底部未确认
384,49.83572601855187,43.76755504078559,002049,紫光国微,bottom_area,2024-02-02,50.2,2023-12-29,68.08,2024-02-02,48.8,2.8688524590164053,9.159836065573783,28.319623971797885,26.263219741480604,False,-5.229375117991308,1.7243024646613425,1,9,1,11.11111111111111,20.380434782608685,20.380434782608685,2005-11-07,17.131147540983598,2.8688524590164053,历史1/9次成功; 当前距低点2.87%; 最新日涨幅-5.23%; 状态bottom_area; 底部未确认
385,49.81405624964724,44.143580105955415,000691,亚太实业,bottom_area,2024-02-02,3.69,2024-01-26,4.92,2024-02-02,3.57,3.361344537815129,14.285714285714294,27.439024390243905,25.0,False,-4.404145077720201,4.576978995885792,2,16,2,12.5,25.429815334268348,28.83064516129032,2018-02-09; 2019-08-06,16.63865546218487,3.361344537815129,历史2/16次成功; 当前距低点3.36%; 最新日涨幅-4.40%; 状态bottom_area; 底部未确认
386,49.06219495758138,44.374676559078246,000995,皇台酒业,bottom_area,2024-02-02,11.89,2024-01-26,16.33,2024-02-02,11.38,4.481546572934971,12.565905096660805,30.312308634415174,27.18922229026331,False,-4.035512510088779,3.2914523261945834,3,16,3,18.75,26.862111534247195,35.25641025641026,2001-10-22; 2008-04-22; 2023-08-29,15.51845342706503,4.481546572934971,历史3/16次成功; 当前距低点4.48%; 最新日涨幅-4.04%; 状态bottom_area; 底部未确认
387,48.650899484351555,43.30771069280637,002623,亚玛顿,bottom_area,2024-02-02,18.95,2024-01-12,27.19,2024-02-02,18.29,3.608529250956808,11.645708037178801,32.73262228760574,30.305259286502395,False,-6.742125984251979,1.916268049849324,1,7,1,14.285714285714285,20.096852300242134,20.096852300242134,2018-02-07,16.391470749043194,3.608529250956808,历史1/7次成功; 当前距低点3.61%; 最新日涨幅-6.74%; 状态bottom_area; 底部未确认
388,48.4239513281891,43.43583597146593,002290,禾盛新材,bottom_area,2024-02-02,9.3,2024-01-26,12.29,2024-02-02,8.94,4.026845637583906,13.646532438478756,27.257933279088686,24.3287225386493,False,-6.3444108761329225,1.9699744951977016,1,6,1,16.666666666666664,20.754716981132066,20.754716981132066,2013-06-25,15.973154362416095,4.026845637583906,历史1/6次成功; 当前距低点4.03%; 最新日涨幅-6.34%; 状态bottom_area; 底部未确认
389,48.321898142885885,43.570770226693476,300234,开尔新材,bottom_area,2024-02-02,3.87,2024-01-26,5.1,2024-02-02,3.71,4.312668463611864,14.824797843665763,27.254901960784313,24.117647058823522,False,-6.295399515738498,2.428987197122166,2,11,2,18.181818181818183,21.70097632503118,21.719709659408153,2015-06-30; 2022-04-27,15.687331536388138,4.312668463611864,历史2/11次成功; 当前距低点4.31%; 最新日涨幅-6.30%; 状态bottom_area; 底部未确认
390,48.12506710547897,43.36062277197954,000812,陕西金叶,bottom_area,2024-02-02,4.15,2024-01-26,5.92,2024-02-02,3.98,4.271356783919607,12.562814070351768,32.77027027027027,29.89864864864864,False,-4.597701149425271,3.9135251683427366,1,9,1,11.11111111111111,35.38461538461538,35.38461538461538,2020-02-04,15.728643216080393,4.271356783919607,历史1/9次成功; 当前距低点4.27%; 最新日涨幅-4.60%; 状态bottom_area; 底部未确认
391,47.9300723344607,43.14872691910089,002121,科陆电子,bottom_area,2024-02-02,3.7,2024-01-26,4.91,2024-02-02,3.55,4.225352112676067,11.549295774647891,27.698574338085546,24.643584521384927,False,-4.639175257731953,2.026971386222103,1,9,1,11.11111111111111,33.68146214099216,33.68146214099216,2011-08-09,15.774647887323933,4.225352112676067,历史1/9次成功; 当前距低点4.23%; 最新日涨幅-4.64%; 状态bottom_area; 底部未确认
392,47.50527036684453,42.90555371227704,300249,依米康,bottom_area,2024-02-02,5.69,2024-01-26,7.53,2024-02-02,5.45,4.403669724770646,15.045871559633017,27.622841965471444,24.435590969455507,False,-5.481727574750817,3.292510989113109,2,15,2,13.333333333333334,29.74509328720848,37.64501160092809,2016-01-13; 2022-04-26,15.596330275229356,4.403669724770646,历史2/15次成功; 当前距低点4.40%; 最新日涨幅-5.48%; 状态bottom_area; 底部未确认
393,46.91185764813847,41.9237613918807,000158,常山北明,bottom_area,2024-02-02,7.06,2024-01-26,9.45,2024-02-02,6.8,3.8235294117647025,12.205882352941178,28.04232804232804,25.29100529100529,False,-5.6149732620320965,5.702231921369991,1,13,1,7.6923076923076925,29.57746478873239,29.57746478873239,2005-07-18,16.176470588235297,3.8235294117647025,历史1/13次成功; 当前距低点3.82%; 最新日涨幅-5.61%; 状态bottom_area; 底部未确认
394,46.15196307074394,41.85015630624186,600819,耀皮玻璃,bottom_area,2024-02-02,4.3,2024-01-29,5.87,2024-02-02,4.11,4.622871046228698,13.138686131386862,29.982964224872227,26.746166950596255,False,-5.286343612334809,3.6158975202693107,2,13,2,15.384615384615385,22.31345318087785,22.83464566929134,1994-08-03; 2021-10-28,15.377128953771301,4.622871046228698,历史2/13次成功; 当前距低点4.62%; 最新日涨幅-5.29%; 状态bottom_area; 底部未确认
395,46.098117039787006,42.0895851232838,002451,摩恩电气,bottom_area,2024-02-02,5.25,2024-01-25,6.88,2024-02-02,5.0,5.0,12.400000000000002,27.325581395348834,23.691860465116278,False,-4.545454545454541,3.700930795304199,2,11,2,18.181818181818183,22.162969871027233,23.464566929133863,2020-02-04; 2022-07-07,15.000000000000002,5.0,历史2/11次成功; 当前距低点5.00%; 最新日涨幅-4.55%; 状态bottom_area; 底部未确认
396,45.759704966335235,41.330221330112245,002799,环球印务,bottom_area,2024-02-02,7.11,2024-01-26,9.43,2024-02-02,6.81,4.405286343612345,14.243759177679893,27.78366914103924,24.602332979851532,False,-4.048582995951411,2.8908455335092462,1,8,1,12.5,23.1009365244537,23.1009365244537,2017-12-26,15.594713656387658,4.405286343612345,历史1/8次成功; 当前距低点4.41%; 最新日涨幅-4.05%; 状态bottom_area; 底部未确认
397,44.03087691025886,40.191818891706546,688011,新光光电,bottom_area,2024-02-02,14.95,2024-01-26,20.18,2024-02-02,14.24,4.985955056179769,14.606741573033707,29.435084241823585,25.91674925668979,False,-5.737704918032794,1.133124294493917,1,7,1,14.285714285714285,20.22932022932022,20.22932022932022,2019-11-26,15.014044943820231,4.985955056179769,历史1/7次成功; 当前距低点4.99%; 最新日涨幅-5.74%; 状态bottom_area; 底部未确认
398,43.48172202308675,39.68271343802468,002876,三利谱,bottom_area,2024-02-02,21.1,2024-01-26,28.06,2024-02-02,20.1,4.975124378109452,13.383084577114415,28.36778332145402,24.80399144689949,False,-5.508284818629628,3.6357874114356377,1,10,1,10.0,26.64514526943133,26.64514526943133,2018-07-02,15.02487562189055,4.975124378109452,历史1/10次成功; 当前距低点4.98%; 最新日涨幅-5.51%; 状态bottom_area; 底部未确认
399,43.26578646451642,39.398861198716475,002425,凯撒文化,bottom_area,2024-02-02,3.24,2024-01-26,4.32,2024-02-02,3.09,4.854368932038847,15.210355987055024,28.472222222222232,25.0,False,-4.142011834319515,3.618605614694041,1,9,1,11.11111111111111,21.231422505307858,21.231422505307858,2022-04-28,15.145631067961155,4.854368932038847,历史1/9次成功; 当前距低点4.85%; 最新日涨幅-4.14%; 状态bottom_area; 底部未确认
